"id","dataelement","categoryoptioncombo"
1,FlRxDBHWGid,zh2zAaHyYQx
2,FlRxDBHWGid,wDiX34aiw6i
3,FlRxDBHWGid,V2OuNTRI6ua
4,FlRxDBHWGid,huBy3W5qiD2
5,FlRxDBHWGid,F1rms8f9I9a
6,FlRxDBHWGid,Crc5reUlspd
7,FlRxDBHWGid,c7gvocRdg0f
8,FlRxDBHWGid,u3CkZqMHfHP
9,FlRxDBHWGid,dCKzhhINakS
10,FlRxDBHWGid,XVHTeecEOM3
11,liAAi8rBTCq,zh2zAaHyYQx
12,liAAi8rBTCq,wDiX34aiw6i
13,liAAi8rBTCq,V2OuNTRI6ua
14,liAAi8rBTCq,huBy3W5qiD2
15,liAAi8rBTCq,F1rms8f9I9a
16,liAAi8rBTCq,Crc5reUlspd
17,liAAi8rBTCq,c7gvocRdg0f
18,liAAi8rBTCq,u3CkZqMHfHP
19,liAAi8rBTCq,dCKzhhINakS
20,liAAi8rBTCq,XVHTeecEOM3
21,XSSf5XNwMAM,zh2zAaHyYQx
22,XSSf5XNwMAM,wDiX34aiw6i
23,XSSf5XNwMAM,V2OuNTRI6ua
24,XSSf5XNwMAM,huBy3W5qiD2
25,XSSf5XNwMAM,F1rms8f9I9a
26,XSSf5XNwMAM,Crc5reUlspd
27,XSSf5XNwMAM,c7gvocRdg0f
28,XSSf5XNwMAM,u3CkZqMHfHP
29,XSSf5XNwMAM,dCKzhhINakS
30,XSSf5XNwMAM,XVHTeecEOM3
31,bWKt8wPieZ9,zh2zAaHyYQx
32,bWKt8wPieZ9,wDiX34aiw6i
33,bWKt8wPieZ9,V2OuNTRI6ua
34,bWKt8wPieZ9,huBy3W5qiD2
35,bWKt8wPieZ9,F1rms8f9I9a
36,bWKt8wPieZ9,Crc5reUlspd
37,bWKt8wPieZ9,c7gvocRdg0f
38,bWKt8wPieZ9,u3CkZqMHfHP
39,bWKt8wPieZ9,dCKzhhINakS
40,bWKt8wPieZ9,XVHTeecEOM3
41,mKI86reDKfe,WalQ4zu7RLz
42,mKI86reDKfe,r01f3QfmLJS
43,mKI86reDKfe,bmT820wlIV5
44,mKI86reDKfe,vrSTfWaEZfP
45,mKI86reDKfe,RKbp3GCvRrF
46,mKI86reDKfe,I28asEo67Mt
47,YklCFloHRjd,fbr68sqTEKR
48,YklCFloHRjd,yWIozWpVGde
49,YklCFloHRjd,eObZc3y09Bh
50,YklCFloHRjd,ml6TgIWWdH3
51,YklCFloHRjd,vGnxttOzglN
52,YklCFloHRjd,BSvMtDCiZAJ
53,YklCFloHRjd,rC7np2aSgzQ
54,YklCFloHRjd,btAQJ4dvcuc
55,YklCFloHRjd,ATVgV0shmyv
56,YklCFloHRjd,iz3jhBFrFop
57,YklCFloHRjd,YJbmxtwZ2Dp
58,YklCFloHRjd,AnF164KvhgZ
59,YklCFloHRjd,tJ9I0GJyrsJ
60,YklCFloHRjd,WqJhXlm3j9S
61,YklCFloHRjd,UOY7hA2xpUA
62,YklCFloHRjd,GMBwC7m2Tea
63,YklCFloHRjd,wmdKsYtMiVy
64,YklCFloHRjd,AW05HSHAq0i
65,YklCFloHRjd,lLNRDZPsnOs
66,YklCFloHRjd,ZTykIzgbe7T
67,oCig5lw6NFd,HllvX50cXC0
68,kD2mEeYrgzr,SgtJVRGlRIo
69,kD2mEeYrgzr,nusEBjg8bes
70,kD2mEeYrgzr,sHKK94BX2Rp
71,kD2mEeYrgzr,kkV0Rfqo4Ru
72,kD2mEeYrgzr,UKCxMVgAc2s
73,kD2mEeYrgzr,WyNau0T37h4
74,kD2mEeYrgzr,OhmzAkCmkjU
75,kD2mEeYrgzr,oIxEDq59GUL
76,kD2mEeYrgzr,DHWRwZkFHqc
77,kD2mEeYrgzr,mJNtXTVt6T1
78,EhwUaA1SHiU,zh2zAaHyYQx
79,EhwUaA1SHiU,wDiX34aiw6i
80,EhwUaA1SHiU,V2OuNTRI6ua
81,EhwUaA1SHiU,huBy3W5qiD2
82,EhwUaA1SHiU,F1rms8f9I9a
83,EhwUaA1SHiU,Crc5reUlspd
84,EhwUaA1SHiU,c7gvocRdg0f
85,EhwUaA1SHiU,u3CkZqMHfHP
86,EhwUaA1SHiU,dCKzhhINakS
87,EhwUaA1SHiU,XVHTeecEOM3
88,gvdCqFYHQZy,zh2zAaHyYQx
89,gvdCqFYHQZy,wDiX34aiw6i
90,gvdCqFYHQZy,V2OuNTRI6ua
91,gvdCqFYHQZy,huBy3W5qiD2
92,gvdCqFYHQZy,F1rms8f9I9a
93,gvdCqFYHQZy,Crc5reUlspd
94,gvdCqFYHQZy,c7gvocRdg0f
95,gvdCqFYHQZy,u3CkZqMHfHP
96,gvdCqFYHQZy,dCKzhhINakS
97,gvdCqFYHQZy,XVHTeecEOM3
98,Nk4mdKDEFar,yabsZCXTQRM
99,Nk4mdKDEFar,yWdrn6SiVZ9
100,Nk4mdKDEFar,zLX9lB6eIHI
101,Nk4mdKDEFar,C9j1R3XeUB3
102,Nk4mdKDEFar,sBvVzuUN7ty
103,Nk4mdKDEFar,JqdVRiI92bd
104,Nk4mdKDEFar,tD3pn44uScE
105,Nk4mdKDEFar,Mv9SNsGCT5e
106,Nk4mdKDEFar,rU0HnmI7P8S
107,Nk4mdKDEFar,pfXBcPz6khi
108,Kz1EDWfsQvI,zh2zAaHyYQx
109,Kz1EDWfsQvI,wDiX34aiw6i
110,Kz1EDWfsQvI,V2OuNTRI6ua
111,Kz1EDWfsQvI,huBy3W5qiD2
112,Kz1EDWfsQvI,F1rms8f9I9a
113,Kz1EDWfsQvI,Crc5reUlspd
114,Kz1EDWfsQvI,c7gvocRdg0f
115,Kz1EDWfsQvI,u3CkZqMHfHP
116,Kz1EDWfsQvI,dCKzhhINakS
117,Kz1EDWfsQvI,XVHTeecEOM3
118,n70bdRjQRgx,TfZvUi36x3E
119,n70bdRjQRgx,vljv8U8YSeI
120,n70bdRjQRgx,X9hXliD051v
121,n70bdRjQRgx,ylbw1HJrKHS
122,n70bdRjQRgx,CzqywsnGzCt
123,n70bdRjQRgx,nSxUK4RG8F5
124,n70bdRjQRgx,kiUTrpAv4xi
125,n70bdRjQRgx,ESvFJsCsLAM
126,JiZnvlVM99d,SM9d5ybWcr0
127,JiZnvlVM99d,H5MiomGgbbi
128,JiZnvlVM99d,OUPWAOZojRb
129,YzcV7QwkV0A,zh2zAaHyYQx
130,YzcV7QwkV0A,wDiX34aiw6i
131,YzcV7QwkV0A,V2OuNTRI6ua
132,YzcV7QwkV0A,huBy3W5qiD2
133,YzcV7QwkV0A,F1rms8f9I9a
134,YzcV7QwkV0A,Crc5reUlspd
135,YzcV7QwkV0A,c7gvocRdg0f
136,YzcV7QwkV0A,u3CkZqMHfHP
137,YzcV7QwkV0A,dCKzhhINakS
138,YzcV7QwkV0A,XVHTeecEOM3
139,Ob79Zy3kbRf,WalQ4zu7RLz
140,Ob79Zy3kbRf,r01f3QfmLJS
141,Ob79Zy3kbRf,bmT820wlIV5
142,Ob79Zy3kbRf,vrSTfWaEZfP
143,Ob79Zy3kbRf,RKbp3GCvRrF
144,Ob79Zy3kbRf,I28asEo67Mt
145,gHhyWoPMWS8,pvlQCJPgNBf
146,gHhyWoPMWS8,slbcw6naLWL
147,gHhyWoPMWS8,TBB5Bs0EJPq
148,gHhyWoPMWS8,RxuzjTrDPzp
149,gHhyWoPMWS8,cunGU4fGzfD
150,gHhyWoPMWS8,zS2FhRuKp1b
151,gHhyWoPMWS8,rEAkXQROSUS
152,gHhyWoPMWS8,Up5qCxYh4pN
153,gHhyWoPMWS8,A4exOip3pCg
154,gHhyWoPMWS8,QUzLjdveSOz
155,gHhyWoPMWS8,iTdW73TXhq2
156,gHhyWoPMWS8,dNlKeKmJDy0
157,Cu0nRLA8g8H,SM9d5ybWcr0
158,Cu0nRLA8g8H,H5MiomGgbbi
159,Cu0nRLA8g8H,OUPWAOZojRb
160,VsTu0MTG34p,zh2zAaHyYQx
161,VsTu0MTG34p,wDiX34aiw6i
162,VsTu0MTG34p,V2OuNTRI6ua
163,VsTu0MTG34p,huBy3W5qiD2
164,VsTu0MTG34p,F1rms8f9I9a
165,VsTu0MTG34p,Crc5reUlspd
166,VsTu0MTG34p,c7gvocRdg0f
167,VsTu0MTG34p,u3CkZqMHfHP
168,VsTu0MTG34p,dCKzhhINakS
169,VsTu0MTG34p,XVHTeecEOM3
170,LYvYpOkbyQE,zh2zAaHyYQx
171,LYvYpOkbyQE,wDiX34aiw6i
172,LYvYpOkbyQE,V2OuNTRI6ua
173,LYvYpOkbyQE,huBy3W5qiD2
174,LYvYpOkbyQE,F1rms8f9I9a
175,LYvYpOkbyQE,Crc5reUlspd
176,LYvYpOkbyQE,c7gvocRdg0f
177,LYvYpOkbyQE,u3CkZqMHfHP
178,LYvYpOkbyQE,dCKzhhINakS
179,LYvYpOkbyQE,XVHTeecEOM3
180,urup7lP3i2I,zh2zAaHyYQx
181,urup7lP3i2I,wDiX34aiw6i
182,urup7lP3i2I,V2OuNTRI6ua
183,urup7lP3i2I,huBy3W5qiD2
184,urup7lP3i2I,F1rms8f9I9a
185,urup7lP3i2I,Crc5reUlspd
186,urup7lP3i2I,c7gvocRdg0f
187,urup7lP3i2I,u3CkZqMHfHP
188,urup7lP3i2I,dCKzhhINakS
189,urup7lP3i2I,XVHTeecEOM3
190,BZh4mVCAnRo,zh2zAaHyYQx
191,BZh4mVCAnRo,wDiX34aiw6i
192,BZh4mVCAnRo,V2OuNTRI6ua
193,BZh4mVCAnRo,huBy3W5qiD2
194,BZh4mVCAnRo,F1rms8f9I9a
195,BZh4mVCAnRo,Crc5reUlspd
196,BZh4mVCAnRo,c7gvocRdg0f
197,BZh4mVCAnRo,u3CkZqMHfHP
198,BZh4mVCAnRo,dCKzhhINakS
199,BZh4mVCAnRo,XVHTeecEOM3
200,z8zOu5NSR9Q,SgtJVRGlRIo
201,z8zOu5NSR9Q,nusEBjg8bes
202,z8zOu5NSR9Q,sHKK94BX2Rp
203,z8zOu5NSR9Q,kkV0Rfqo4Ru
204,z8zOu5NSR9Q,UKCxMVgAc2s
205,z8zOu5NSR9Q,WyNau0T37h4
206,z8zOu5NSR9Q,OhmzAkCmkjU
207,z8zOu5NSR9Q,oIxEDq59GUL
208,z8zOu5NSR9Q,DHWRwZkFHqc
209,z8zOu5NSR9Q,mJNtXTVt6T1
210,JHOU1uXweoP,zh2zAaHyYQx
211,JHOU1uXweoP,wDiX34aiw6i
212,JHOU1uXweoP,V2OuNTRI6ua
213,JHOU1uXweoP,huBy3W5qiD2
214,JHOU1uXweoP,F1rms8f9I9a
215,JHOU1uXweoP,Crc5reUlspd
216,JHOU1uXweoP,c7gvocRdg0f
217,JHOU1uXweoP,u3CkZqMHfHP
218,JHOU1uXweoP,dCKzhhINakS
219,JHOU1uXweoP,XVHTeecEOM3
220,Fg238FCRDff,zh2zAaHyYQx
221,Fg238FCRDff,wDiX34aiw6i
222,Fg238FCRDff,V2OuNTRI6ua
223,Fg238FCRDff,huBy3W5qiD2
224,Fg238FCRDff,F1rms8f9I9a
225,Fg238FCRDff,Crc5reUlspd
226,Fg238FCRDff,c7gvocRdg0f
227,Fg238FCRDff,u3CkZqMHfHP
228,Fg238FCRDff,dCKzhhINakS
229,Fg238FCRDff,XVHTeecEOM3
230,Uo3DcCS7GQJ,zh2zAaHyYQx
231,Uo3DcCS7GQJ,wDiX34aiw6i
232,Uo3DcCS7GQJ,V2OuNTRI6ua
233,Uo3DcCS7GQJ,huBy3W5qiD2
234,Uo3DcCS7GQJ,F1rms8f9I9a
235,Uo3DcCS7GQJ,Crc5reUlspd
236,Uo3DcCS7GQJ,c7gvocRdg0f
237,Uo3DcCS7GQJ,u3CkZqMHfHP
238,Uo3DcCS7GQJ,dCKzhhINakS
239,Uo3DcCS7GQJ,XVHTeecEOM3
240,rRlDbbcm4dp,zh2zAaHyYQx
241,rRlDbbcm4dp,wDiX34aiw6i
242,rRlDbbcm4dp,V2OuNTRI6ua
243,rRlDbbcm4dp,huBy3W5qiD2
244,rRlDbbcm4dp,F1rms8f9I9a
245,rRlDbbcm4dp,Crc5reUlspd
246,rRlDbbcm4dp,c7gvocRdg0f
247,rRlDbbcm4dp,u3CkZqMHfHP
248,rRlDbbcm4dp,dCKzhhINakS
249,rRlDbbcm4dp,XVHTeecEOM3
250,QrOH2kSY98j,zh2zAaHyYQx
251,QrOH2kSY98j,wDiX34aiw6i
252,QrOH2kSY98j,V2OuNTRI6ua
253,QrOH2kSY98j,huBy3W5qiD2
254,QrOH2kSY98j,F1rms8f9I9a
255,QrOH2kSY98j,Crc5reUlspd
256,QrOH2kSY98j,c7gvocRdg0f
257,QrOH2kSY98j,u3CkZqMHfHP
258,QrOH2kSY98j,dCKzhhINakS
259,QrOH2kSY98j,XVHTeecEOM3
260,tC1EFeEOCs4,zh2zAaHyYQx
261,tC1EFeEOCs4,wDiX34aiw6i
262,tC1EFeEOCs4,V2OuNTRI6ua
263,tC1EFeEOCs4,huBy3W5qiD2
264,tC1EFeEOCs4,F1rms8f9I9a
265,tC1EFeEOCs4,Crc5reUlspd
266,tC1EFeEOCs4,c7gvocRdg0f
267,tC1EFeEOCs4,u3CkZqMHfHP
268,tC1EFeEOCs4,dCKzhhINakS
269,tC1EFeEOCs4,XVHTeecEOM3
270,w39yVsi1vfw,SgtJVRGlRIo
271,w39yVsi1vfw,nusEBjg8bes
272,w39yVsi1vfw,sHKK94BX2Rp
273,w39yVsi1vfw,kkV0Rfqo4Ru
274,w39yVsi1vfw,UKCxMVgAc2s
275,w39yVsi1vfw,WyNau0T37h4
276,w39yVsi1vfw,OhmzAkCmkjU
277,w39yVsi1vfw,oIxEDq59GUL
278,w39yVsi1vfw,DHWRwZkFHqc
279,w39yVsi1vfw,mJNtXTVt6T1
280,FmnoZ2tPyX1,zh2zAaHyYQx
281,FmnoZ2tPyX1,wDiX34aiw6i
282,FmnoZ2tPyX1,V2OuNTRI6ua
283,FmnoZ2tPyX1,huBy3W5qiD2
284,FmnoZ2tPyX1,F1rms8f9I9a
285,FmnoZ2tPyX1,Crc5reUlspd
286,FmnoZ2tPyX1,c7gvocRdg0f
287,FmnoZ2tPyX1,u3CkZqMHfHP
288,FmnoZ2tPyX1,dCKzhhINakS
289,FmnoZ2tPyX1,XVHTeecEOM3
290,skBQWWv6gl1,WalQ4zu7RLz
291,skBQWWv6gl1,r01f3QfmLJS
292,skBQWWv6gl1,bmT820wlIV5
293,skBQWWv6gl1,vrSTfWaEZfP
294,skBQWWv6gl1,RKbp3GCvRrF
295,skBQWWv6gl1,I28asEo67Mt
296,Rw3b8mGkyfh,zh2zAaHyYQx
297,Rw3b8mGkyfh,wDiX34aiw6i
298,Rw3b8mGkyfh,V2OuNTRI6ua
299,Rw3b8mGkyfh,huBy3W5qiD2
300,Rw3b8mGkyfh,F1rms8f9I9a
301,Rw3b8mGkyfh,Crc5reUlspd
302,Rw3b8mGkyfh,c7gvocRdg0f
303,Rw3b8mGkyfh,u3CkZqMHfHP
304,Rw3b8mGkyfh,dCKzhhINakS
305,Rw3b8mGkyfh,XVHTeecEOM3
306,Yue3pPKDaMH,zh2zAaHyYQx
307,Yue3pPKDaMH,wDiX34aiw6i
308,Yue3pPKDaMH,V2OuNTRI6ua
309,Yue3pPKDaMH,huBy3W5qiD2
310,Yue3pPKDaMH,F1rms8f9I9a
311,Yue3pPKDaMH,Crc5reUlspd
312,Yue3pPKDaMH,c7gvocRdg0f
313,Yue3pPKDaMH,u3CkZqMHfHP
314,Yue3pPKDaMH,dCKzhhINakS
315,Yue3pPKDaMH,XVHTeecEOM3
316,LRqjAIMysFS,zh2zAaHyYQx
317,LRqjAIMysFS,wDiX34aiw6i
318,LRqjAIMysFS,V2OuNTRI6ua
319,LRqjAIMysFS,huBy3W5qiD2
320,LRqjAIMysFS,F1rms8f9I9a
321,LRqjAIMysFS,Crc5reUlspd
322,LRqjAIMysFS,c7gvocRdg0f
323,LRqjAIMysFS,u3CkZqMHfHP
324,LRqjAIMysFS,dCKzhhINakS
325,LRqjAIMysFS,XVHTeecEOM3
326,rAlHZtS3O0K,zh2zAaHyYQx
327,rAlHZtS3O0K,wDiX34aiw6i
328,rAlHZtS3O0K,V2OuNTRI6ua
329,rAlHZtS3O0K,huBy3W5qiD2
330,rAlHZtS3O0K,F1rms8f9I9a
331,rAlHZtS3O0K,Crc5reUlspd
332,rAlHZtS3O0K,c7gvocRdg0f
333,rAlHZtS3O0K,u3CkZqMHfHP
334,rAlHZtS3O0K,dCKzhhINakS
335,rAlHZtS3O0K,XVHTeecEOM3
336,o0Dy8oCqoOf,SM9d5ybWcr0
337,o0Dy8oCqoOf,H5MiomGgbbi
338,o0Dy8oCqoOf,OUPWAOZojRb
339,DM0iRlEZHKC,zh2zAaHyYQx
340,DM0iRlEZHKC,wDiX34aiw6i
341,DM0iRlEZHKC,V2OuNTRI6ua
342,DM0iRlEZHKC,huBy3W5qiD2
343,DM0iRlEZHKC,F1rms8f9I9a
344,DM0iRlEZHKC,Crc5reUlspd
345,DM0iRlEZHKC,c7gvocRdg0f
346,DM0iRlEZHKC,u3CkZqMHfHP
347,DM0iRlEZHKC,dCKzhhINakS
348,DM0iRlEZHKC,XVHTeecEOM3
349,HA9BKh9eolX,zh2zAaHyYQx
350,HA9BKh9eolX,wDiX34aiw6i
351,HA9BKh9eolX,V2OuNTRI6ua
352,HA9BKh9eolX,huBy3W5qiD2
353,HA9BKh9eolX,F1rms8f9I9a
354,HA9BKh9eolX,Crc5reUlspd
355,HA9BKh9eolX,c7gvocRdg0f
356,HA9BKh9eolX,u3CkZqMHfHP
357,HA9BKh9eolX,dCKzhhINakS
358,HA9BKh9eolX,XVHTeecEOM3
359,wEyMlJ9Vce9,zh2zAaHyYQx
360,wEyMlJ9Vce9,wDiX34aiw6i
361,wEyMlJ9Vce9,V2OuNTRI6ua
362,wEyMlJ9Vce9,huBy3W5qiD2
363,wEyMlJ9Vce9,F1rms8f9I9a
364,wEyMlJ9Vce9,Crc5reUlspd
365,wEyMlJ9Vce9,c7gvocRdg0f
366,wEyMlJ9Vce9,u3CkZqMHfHP
367,wEyMlJ9Vce9,dCKzhhINakS
368,wEyMlJ9Vce9,XVHTeecEOM3
369,WeT4t43xsmT,zh2zAaHyYQx
370,WeT4t43xsmT,wDiX34aiw6i
371,WeT4t43xsmT,V2OuNTRI6ua
372,WeT4t43xsmT,huBy3W5qiD2
373,WeT4t43xsmT,F1rms8f9I9a
374,WeT4t43xsmT,Crc5reUlspd
375,WeT4t43xsmT,c7gvocRdg0f
376,WeT4t43xsmT,u3CkZqMHfHP
377,WeT4t43xsmT,dCKzhhINakS
378,WeT4t43xsmT,XVHTeecEOM3
379,SPADxEItrIQ,zh2zAaHyYQx
380,SPADxEItrIQ,wDiX34aiw6i
381,SPADxEItrIQ,V2OuNTRI6ua
382,SPADxEItrIQ,huBy3W5qiD2
383,SPADxEItrIQ,F1rms8f9I9a
384,SPADxEItrIQ,Crc5reUlspd
385,SPADxEItrIQ,c7gvocRdg0f
386,SPADxEItrIQ,u3CkZqMHfHP
387,SPADxEItrIQ,dCKzhhINakS
388,SPADxEItrIQ,XVHTeecEOM3
389,PDlBRSON8kH,zh2zAaHyYQx
390,PDlBRSON8kH,wDiX34aiw6i
391,PDlBRSON8kH,V2OuNTRI6ua
392,PDlBRSON8kH,huBy3W5qiD2
393,PDlBRSON8kH,F1rms8f9I9a
394,PDlBRSON8kH,Crc5reUlspd
395,PDlBRSON8kH,c7gvocRdg0f
396,PDlBRSON8kH,u3CkZqMHfHP
397,PDlBRSON8kH,dCKzhhINakS
398,PDlBRSON8kH,XVHTeecEOM3
399,ntskkEwDG7O,zh2zAaHyYQx
400,ntskkEwDG7O,wDiX34aiw6i
401,ntskkEwDG7O,V2OuNTRI6ua
402,ntskkEwDG7O,huBy3W5qiD2
403,ntskkEwDG7O,F1rms8f9I9a
404,ntskkEwDG7O,Crc5reUlspd
405,ntskkEwDG7O,c7gvocRdg0f
406,ntskkEwDG7O,u3CkZqMHfHP
407,ntskkEwDG7O,dCKzhhINakS
408,ntskkEwDG7O,XVHTeecEOM3
409,NoWHScNhjYI,zh2zAaHyYQx
410,NoWHScNhjYI,wDiX34aiw6i
411,NoWHScNhjYI,V2OuNTRI6ua
412,NoWHScNhjYI,huBy3W5qiD2
413,NoWHScNhjYI,F1rms8f9I9a
414,NoWHScNhjYI,Crc5reUlspd
415,NoWHScNhjYI,c7gvocRdg0f
416,NoWHScNhjYI,u3CkZqMHfHP
417,NoWHScNhjYI,dCKzhhINakS
418,NoWHScNhjYI,XVHTeecEOM3
419,D94T0VqYF0u,zh2zAaHyYQx
420,D94T0VqYF0u,wDiX34aiw6i
421,D94T0VqYF0u,V2OuNTRI6ua
422,D94T0VqYF0u,huBy3W5qiD2
423,D94T0VqYF0u,F1rms8f9I9a
424,D94T0VqYF0u,Crc5reUlspd
425,D94T0VqYF0u,c7gvocRdg0f
426,D94T0VqYF0u,u3CkZqMHfHP
427,D94T0VqYF0u,dCKzhhINakS
428,D94T0VqYF0u,XVHTeecEOM3
429,CEuNYF0BfGX,WalQ4zu7RLz
430,CEuNYF0BfGX,r01f3QfmLJS
431,CEuNYF0BfGX,bmT820wlIV5
432,CEuNYF0BfGX,vrSTfWaEZfP
433,CEuNYF0BfGX,RKbp3GCvRrF
434,CEuNYF0BfGX,I28asEo67Mt
435,SYLEs2c2hKy,zh2zAaHyYQx
436,SYLEs2c2hKy,wDiX34aiw6i
437,SYLEs2c2hKy,V2OuNTRI6ua
438,SYLEs2c2hKy,huBy3W5qiD2
439,SYLEs2c2hKy,F1rms8f9I9a
440,SYLEs2c2hKy,Crc5reUlspd
441,SYLEs2c2hKy,c7gvocRdg0f
442,SYLEs2c2hKy,u3CkZqMHfHP
443,SYLEs2c2hKy,dCKzhhINakS
444,SYLEs2c2hKy,XVHTeecEOM3
445,quyNKwVmKl2,yabsZCXTQRM
446,quyNKwVmKl2,yWdrn6SiVZ9
447,quyNKwVmKl2,zLX9lB6eIHI
448,quyNKwVmKl2,C9j1R3XeUB3
449,quyNKwVmKl2,sBvVzuUN7ty
450,quyNKwVmKl2,JqdVRiI92bd
451,quyNKwVmKl2,tD3pn44uScE
452,quyNKwVmKl2,Mv9SNsGCT5e
453,quyNKwVmKl2,rU0HnmI7P8S
454,quyNKwVmKl2,pfXBcPz6khi
455,OaRxaiaFBsA,zh2zAaHyYQx
456,OaRxaiaFBsA,wDiX34aiw6i
457,OaRxaiaFBsA,V2OuNTRI6ua
458,OaRxaiaFBsA,huBy3W5qiD2
459,OaRxaiaFBsA,F1rms8f9I9a
460,OaRxaiaFBsA,Crc5reUlspd
461,OaRxaiaFBsA,c7gvocRdg0f
462,OaRxaiaFBsA,u3CkZqMHfHP
463,OaRxaiaFBsA,dCKzhhINakS
464,OaRxaiaFBsA,XVHTeecEOM3
465,K61p0h1VBGN,zh2zAaHyYQx
466,K61p0h1VBGN,wDiX34aiw6i
467,K61p0h1VBGN,V2OuNTRI6ua
468,K61p0h1VBGN,huBy3W5qiD2
469,K61p0h1VBGN,F1rms8f9I9a
470,K61p0h1VBGN,Crc5reUlspd
471,K61p0h1VBGN,c7gvocRdg0f
472,K61p0h1VBGN,u3CkZqMHfHP
473,K61p0h1VBGN,dCKzhhINakS
474,K61p0h1VBGN,XVHTeecEOM3
475,Bv5ThUANT2Q,zh2zAaHyYQx
476,Bv5ThUANT2Q,wDiX34aiw6i
477,Bv5ThUANT2Q,V2OuNTRI6ua
478,Bv5ThUANT2Q,huBy3W5qiD2
479,Bv5ThUANT2Q,F1rms8f9I9a
480,Bv5ThUANT2Q,Crc5reUlspd
481,Bv5ThUANT2Q,c7gvocRdg0f
482,Bv5ThUANT2Q,u3CkZqMHfHP
483,Bv5ThUANT2Q,dCKzhhINakS
484,Bv5ThUANT2Q,XVHTeecEOM3
485,AbJ0YUCaLgd,zh2zAaHyYQx
486,AbJ0YUCaLgd,wDiX34aiw6i
487,AbJ0YUCaLgd,V2OuNTRI6ua
488,AbJ0YUCaLgd,huBy3W5qiD2
489,AbJ0YUCaLgd,F1rms8f9I9a
490,AbJ0YUCaLgd,Crc5reUlspd
491,AbJ0YUCaLgd,c7gvocRdg0f
492,AbJ0YUCaLgd,u3CkZqMHfHP
493,AbJ0YUCaLgd,dCKzhhINakS
494,AbJ0YUCaLgd,XVHTeecEOM3
495,wUDxFVBapIc,zh2zAaHyYQx
496,wUDxFVBapIc,wDiX34aiw6i
497,wUDxFVBapIc,V2OuNTRI6ua
498,wUDxFVBapIc,huBy3W5qiD2
499,wUDxFVBapIc,F1rms8f9I9a
500,wUDxFVBapIc,Crc5reUlspd
501,wUDxFVBapIc,c7gvocRdg0f
502,wUDxFVBapIc,u3CkZqMHfHP
503,wUDxFVBapIc,dCKzhhINakS
504,wUDxFVBapIc,XVHTeecEOM3
505,iQjz3Uuiwxi,yabsZCXTQRM
506,iQjz3Uuiwxi,yWdrn6SiVZ9
507,iQjz3Uuiwxi,zLX9lB6eIHI
508,iQjz3Uuiwxi,C9j1R3XeUB3
509,iQjz3Uuiwxi,sBvVzuUN7ty
510,iQjz3Uuiwxi,JqdVRiI92bd
511,iQjz3Uuiwxi,tD3pn44uScE
512,iQjz3Uuiwxi,Mv9SNsGCT5e
513,iQjz3Uuiwxi,rU0HnmI7P8S
514,iQjz3Uuiwxi,pfXBcPz6khi
515,uxwJFKQu4TE,zh2zAaHyYQx
516,uxwJFKQu4TE,wDiX34aiw6i
517,uxwJFKQu4TE,V2OuNTRI6ua
518,uxwJFKQu4TE,huBy3W5qiD2
519,uxwJFKQu4TE,F1rms8f9I9a
520,uxwJFKQu4TE,Crc5reUlspd
521,uxwJFKQu4TE,c7gvocRdg0f
522,uxwJFKQu4TE,u3CkZqMHfHP
523,uxwJFKQu4TE,dCKzhhINakS
524,uxwJFKQu4TE,XVHTeecEOM3
525,WIcLelJiOWf,zh2zAaHyYQx
526,WIcLelJiOWf,wDiX34aiw6i
527,WIcLelJiOWf,V2OuNTRI6ua
528,WIcLelJiOWf,huBy3W5qiD2
529,WIcLelJiOWf,F1rms8f9I9a
530,WIcLelJiOWf,Crc5reUlspd
531,WIcLelJiOWf,c7gvocRdg0f
532,WIcLelJiOWf,u3CkZqMHfHP
533,WIcLelJiOWf,dCKzhhINakS
534,WIcLelJiOWf,XVHTeecEOM3
535,nkTDxxXrZZN,zh2zAaHyYQx
536,nkTDxxXrZZN,wDiX34aiw6i
537,nkTDxxXrZZN,V2OuNTRI6ua
538,nkTDxxXrZZN,huBy3W5qiD2
539,nkTDxxXrZZN,F1rms8f9I9a
540,nkTDxxXrZZN,Crc5reUlspd
541,nkTDxxXrZZN,c7gvocRdg0f
542,nkTDxxXrZZN,u3CkZqMHfHP
543,nkTDxxXrZZN,dCKzhhINakS
544,nkTDxxXrZZN,XVHTeecEOM3
545,SRlnvF6zIry,zh2zAaHyYQx
546,SRlnvF6zIry,wDiX34aiw6i
547,SRlnvF6zIry,V2OuNTRI6ua
548,SRlnvF6zIry,huBy3W5qiD2
549,SRlnvF6zIry,F1rms8f9I9a
550,SRlnvF6zIry,Crc5reUlspd
551,SRlnvF6zIry,c7gvocRdg0f
552,SRlnvF6zIry,u3CkZqMHfHP
553,SRlnvF6zIry,dCKzhhINakS
554,SRlnvF6zIry,XVHTeecEOM3
555,Wlg7KSfmRhh,SgtJVRGlRIo
556,Wlg7KSfmRhh,nusEBjg8bes
557,Wlg7KSfmRhh,sHKK94BX2Rp
558,Wlg7KSfmRhh,kkV0Rfqo4Ru
559,Wlg7KSfmRhh,UKCxMVgAc2s
560,Wlg7KSfmRhh,WyNau0T37h4
561,Wlg7KSfmRhh,OhmzAkCmkjU
562,Wlg7KSfmRhh,oIxEDq59GUL
563,Wlg7KSfmRhh,DHWRwZkFHqc
564,Wlg7KSfmRhh,mJNtXTVt6T1
565,tDNmCcw68t1,zh2zAaHyYQx
566,tDNmCcw68t1,wDiX34aiw6i
567,tDNmCcw68t1,V2OuNTRI6ua
568,tDNmCcw68t1,huBy3W5qiD2
569,tDNmCcw68t1,F1rms8f9I9a
570,tDNmCcw68t1,Crc5reUlspd
571,tDNmCcw68t1,c7gvocRdg0f
572,tDNmCcw68t1,u3CkZqMHfHP
573,tDNmCcw68t1,dCKzhhINakS
574,tDNmCcw68t1,XVHTeecEOM3
575,Aa3WFdlinZz,zh2zAaHyYQx
576,Aa3WFdlinZz,wDiX34aiw6i
577,Aa3WFdlinZz,V2OuNTRI6ua
578,Aa3WFdlinZz,huBy3W5qiD2
579,Aa3WFdlinZz,F1rms8f9I9a
580,Aa3WFdlinZz,Crc5reUlspd
581,Aa3WFdlinZz,c7gvocRdg0f
582,Aa3WFdlinZz,u3CkZqMHfHP
583,Aa3WFdlinZz,dCKzhhINakS
584,Aa3WFdlinZz,XVHTeecEOM3
585,Gvc5u8fMe5n,SM9d5ybWcr0
586,Gvc5u8fMe5n,H5MiomGgbbi
587,Gvc5u8fMe5n,OUPWAOZojRb
588,PNXE7N7CH7u,WalQ4zu7RLz
589,PNXE7N7CH7u,r01f3QfmLJS
590,PNXE7N7CH7u,bmT820wlIV5
591,PNXE7N7CH7u,vrSTfWaEZfP
592,PNXE7N7CH7u,RKbp3GCvRrF
593,PNXE7N7CH7u,I28asEo67Mt
594,pCyTcI5ZasL,zh2zAaHyYQx
595,pCyTcI5ZasL,wDiX34aiw6i
596,pCyTcI5ZasL,V2OuNTRI6ua
597,pCyTcI5ZasL,huBy3W5qiD2
598,pCyTcI5ZasL,F1rms8f9I9a
599,pCyTcI5ZasL,Crc5reUlspd
600,pCyTcI5ZasL,c7gvocRdg0f
601,pCyTcI5ZasL,u3CkZqMHfHP
602,pCyTcI5ZasL,dCKzhhINakS
603,pCyTcI5ZasL,XVHTeecEOM3
604,Bg5Mod7g9Vw,zh2zAaHyYQx
605,Bg5Mod7g9Vw,wDiX34aiw6i
606,Bg5Mod7g9Vw,V2OuNTRI6ua
607,Bg5Mod7g9Vw,huBy3W5qiD2
608,Bg5Mod7g9Vw,F1rms8f9I9a
609,Bg5Mod7g9Vw,Crc5reUlspd
610,Bg5Mod7g9Vw,c7gvocRdg0f
611,Bg5Mod7g9Vw,u3CkZqMHfHP
612,Bg5Mod7g9Vw,dCKzhhINakS
613,Bg5Mod7g9Vw,XVHTeecEOM3
614,DjJLhOIqbF1,zh2zAaHyYQx
615,DjJLhOIqbF1,wDiX34aiw6i
616,DjJLhOIqbF1,V2OuNTRI6ua
617,DjJLhOIqbF1,huBy3W5qiD2
618,DjJLhOIqbF1,F1rms8f9I9a
619,DjJLhOIqbF1,Crc5reUlspd
620,DjJLhOIqbF1,c7gvocRdg0f
621,DjJLhOIqbF1,u3CkZqMHfHP
622,DjJLhOIqbF1,dCKzhhINakS
623,DjJLhOIqbF1,XVHTeecEOM3
624,prfdp8CFx7y,zh2zAaHyYQx
625,prfdp8CFx7y,wDiX34aiw6i
626,prfdp8CFx7y,V2OuNTRI6ua
627,prfdp8CFx7y,huBy3W5qiD2
628,prfdp8CFx7y,F1rms8f9I9a
629,prfdp8CFx7y,Crc5reUlspd
630,prfdp8CFx7y,c7gvocRdg0f
631,prfdp8CFx7y,u3CkZqMHfHP
632,prfdp8CFx7y,dCKzhhINakS
633,prfdp8CFx7y,XVHTeecEOM3
634,HrHAQ04IZfY,SM9d5ybWcr0
635,HrHAQ04IZfY,H5MiomGgbbi
636,HrHAQ04IZfY,OUPWAOZojRb
637,Hcaqv0iF3E8,fbr68sqTEKR
638,Hcaqv0iF3E8,yWIozWpVGde
639,Hcaqv0iF3E8,eObZc3y09Bh
640,Hcaqv0iF3E8,ml6TgIWWdH3
641,Hcaqv0iF3E8,vGnxttOzglN
642,Hcaqv0iF3E8,BSvMtDCiZAJ
643,Hcaqv0iF3E8,rC7np2aSgzQ
644,Hcaqv0iF3E8,btAQJ4dvcuc
645,Hcaqv0iF3E8,ATVgV0shmyv
646,Hcaqv0iF3E8,iz3jhBFrFop
647,Hcaqv0iF3E8,YJbmxtwZ2Dp
648,Hcaqv0iF3E8,AnF164KvhgZ
649,Hcaqv0iF3E8,tJ9I0GJyrsJ
650,Hcaqv0iF3E8,WqJhXlm3j9S
651,Hcaqv0iF3E8,UOY7hA2xpUA
652,Hcaqv0iF3E8,GMBwC7m2Tea
653,Hcaqv0iF3E8,wmdKsYtMiVy
654,Hcaqv0iF3E8,AW05HSHAq0i
655,Hcaqv0iF3E8,lLNRDZPsnOs
656,Hcaqv0iF3E8,ZTykIzgbe7T
657,fub7g4kEdpC,zh2zAaHyYQx
658,fub7g4kEdpC,wDiX34aiw6i
659,fub7g4kEdpC,V2OuNTRI6ua
660,fub7g4kEdpC,huBy3W5qiD2
661,fub7g4kEdpC,F1rms8f9I9a
662,fub7g4kEdpC,Crc5reUlspd
663,fub7g4kEdpC,c7gvocRdg0f
664,fub7g4kEdpC,u3CkZqMHfHP
665,fub7g4kEdpC,dCKzhhINakS
666,fub7g4kEdpC,XVHTeecEOM3
667,Su9aYEFKCTj,zh2zAaHyYQx
668,Su9aYEFKCTj,wDiX34aiw6i
669,Su9aYEFKCTj,V2OuNTRI6ua
670,Su9aYEFKCTj,huBy3W5qiD2
671,Su9aYEFKCTj,F1rms8f9I9a
672,Su9aYEFKCTj,Crc5reUlspd
673,Su9aYEFKCTj,c7gvocRdg0f
674,Su9aYEFKCTj,u3CkZqMHfHP
675,Su9aYEFKCTj,dCKzhhINakS
676,Su9aYEFKCTj,XVHTeecEOM3
677,t2dHPUGZW95,SgtJVRGlRIo
678,t2dHPUGZW95,nusEBjg8bes
679,t2dHPUGZW95,sHKK94BX2Rp
680,t2dHPUGZW95,kkV0Rfqo4Ru
681,t2dHPUGZW95,UKCxMVgAc2s
682,t2dHPUGZW95,WyNau0T37h4
683,t2dHPUGZW95,OhmzAkCmkjU
684,t2dHPUGZW95,oIxEDq59GUL
685,t2dHPUGZW95,DHWRwZkFHqc
686,t2dHPUGZW95,mJNtXTVt6T1
687,jipSinNApZk,zh2zAaHyYQx
688,jipSinNApZk,wDiX34aiw6i
689,jipSinNApZk,V2OuNTRI6ua
690,jipSinNApZk,huBy3W5qiD2
691,jipSinNApZk,F1rms8f9I9a
692,jipSinNApZk,Crc5reUlspd
693,jipSinNApZk,c7gvocRdg0f
694,jipSinNApZk,u3CkZqMHfHP
695,jipSinNApZk,dCKzhhINakS
696,jipSinNApZk,XVHTeecEOM3
697,JadBi8s2DMg,zh2zAaHyYQx
698,JadBi8s2DMg,wDiX34aiw6i
699,JadBi8s2DMg,V2OuNTRI6ua
700,JadBi8s2DMg,huBy3W5qiD2
701,JadBi8s2DMg,F1rms8f9I9a
702,JadBi8s2DMg,Crc5reUlspd
703,JadBi8s2DMg,c7gvocRdg0f
704,JadBi8s2DMg,u3CkZqMHfHP
705,JadBi8s2DMg,dCKzhhINakS
706,JadBi8s2DMg,XVHTeecEOM3
707,ftpuURXTWEA,zh2zAaHyYQx
708,ftpuURXTWEA,wDiX34aiw6i
709,ftpuURXTWEA,V2OuNTRI6ua
710,ftpuURXTWEA,huBy3W5qiD2
711,ftpuURXTWEA,F1rms8f9I9a
712,ftpuURXTWEA,Crc5reUlspd
713,ftpuURXTWEA,c7gvocRdg0f
714,ftpuURXTWEA,u3CkZqMHfHP
715,ftpuURXTWEA,dCKzhhINakS
716,ftpuURXTWEA,XVHTeecEOM3
717,cHhpnSRdmKj,WalQ4zu7RLz
718,cHhpnSRdmKj,r01f3QfmLJS
719,cHhpnSRdmKj,bmT820wlIV5
720,cHhpnSRdmKj,vrSTfWaEZfP
721,cHhpnSRdmKj,RKbp3GCvRrF
722,cHhpnSRdmKj,I28asEo67Mt
723,VM11wAgPmwD,zh2zAaHyYQx
724,VM11wAgPmwD,wDiX34aiw6i
725,VM11wAgPmwD,V2OuNTRI6ua
726,VM11wAgPmwD,huBy3W5qiD2
727,VM11wAgPmwD,F1rms8f9I9a
728,VM11wAgPmwD,Crc5reUlspd
729,VM11wAgPmwD,c7gvocRdg0f
730,VM11wAgPmwD,u3CkZqMHfHP
731,VM11wAgPmwD,dCKzhhINakS
732,VM11wAgPmwD,XVHTeecEOM3
733,ra5tr3bNVSv,HllvX50cXC0
734,PuW4NHBBp2X,zh2zAaHyYQx
735,PuW4NHBBp2X,wDiX34aiw6i
736,PuW4NHBBp2X,V2OuNTRI6ua
737,PuW4NHBBp2X,huBy3W5qiD2
738,PuW4NHBBp2X,F1rms8f9I9a
739,PuW4NHBBp2X,Crc5reUlspd
740,PuW4NHBBp2X,c7gvocRdg0f
741,PuW4NHBBp2X,u3CkZqMHfHP
742,PuW4NHBBp2X,dCKzhhINakS
743,PuW4NHBBp2X,XVHTeecEOM3
744,YWulguQA8BP,zh2zAaHyYQx
745,YWulguQA8BP,wDiX34aiw6i
746,YWulguQA8BP,V2OuNTRI6ua
747,YWulguQA8BP,huBy3W5qiD2
748,YWulguQA8BP,F1rms8f9I9a
749,YWulguQA8BP,Crc5reUlspd
750,YWulguQA8BP,c7gvocRdg0f
751,YWulguQA8BP,u3CkZqMHfHP
752,YWulguQA8BP,dCKzhhINakS
753,YWulguQA8BP,XVHTeecEOM3
754,M0s2mBmpD1u,zh2zAaHyYQx
755,M0s2mBmpD1u,wDiX34aiw6i
756,M0s2mBmpD1u,V2OuNTRI6ua
757,M0s2mBmpD1u,huBy3W5qiD2
758,M0s2mBmpD1u,F1rms8f9I9a
759,M0s2mBmpD1u,Crc5reUlspd
760,M0s2mBmpD1u,c7gvocRdg0f
761,M0s2mBmpD1u,u3CkZqMHfHP
762,M0s2mBmpD1u,dCKzhhINakS
763,M0s2mBmpD1u,XVHTeecEOM3
764,OJ9H32c74P6,WalQ4zu7RLz
765,OJ9H32c74P6,r01f3QfmLJS
766,OJ9H32c74P6,bmT820wlIV5
767,OJ9H32c74P6,vrSTfWaEZfP
768,OJ9H32c74P6,RKbp3GCvRrF
769,OJ9H32c74P6,I28asEo67Mt
770,DH62JAC1Vb5,zh2zAaHyYQx
771,DH62JAC1Vb5,wDiX34aiw6i
772,DH62JAC1Vb5,V2OuNTRI6ua
773,DH62JAC1Vb5,huBy3W5qiD2
774,DH62JAC1Vb5,F1rms8f9I9a
775,DH62JAC1Vb5,Crc5reUlspd
776,DH62JAC1Vb5,c7gvocRdg0f
777,DH62JAC1Vb5,u3CkZqMHfHP
778,DH62JAC1Vb5,dCKzhhINakS
779,DH62JAC1Vb5,XVHTeecEOM3
780,P42z999QMx3,zh2zAaHyYQx
781,P42z999QMx3,wDiX34aiw6i
782,P42z999QMx3,V2OuNTRI6ua
783,P42z999QMx3,huBy3W5qiD2
784,P42z999QMx3,F1rms8f9I9a
785,P42z999QMx3,Crc5reUlspd
786,P42z999QMx3,c7gvocRdg0f
787,P42z999QMx3,u3CkZqMHfHP
788,P42z999QMx3,dCKzhhINakS
789,P42z999QMx3,XVHTeecEOM3
790,e2JNzGWZoWY,zh2zAaHyYQx
791,e2JNzGWZoWY,wDiX34aiw6i
792,e2JNzGWZoWY,V2OuNTRI6ua
793,e2JNzGWZoWY,huBy3W5qiD2
794,e2JNzGWZoWY,F1rms8f9I9a
795,e2JNzGWZoWY,Crc5reUlspd
796,e2JNzGWZoWY,c7gvocRdg0f
797,e2JNzGWZoWY,u3CkZqMHfHP
798,e2JNzGWZoWY,dCKzhhINakS
799,e2JNzGWZoWY,XVHTeecEOM3
800,EeU4Ufn8MS2,zh2zAaHyYQx
801,EeU4Ufn8MS2,wDiX34aiw6i
802,EeU4Ufn8MS2,V2OuNTRI6ua
803,EeU4Ufn8MS2,huBy3W5qiD2
804,EeU4Ufn8MS2,F1rms8f9I9a
805,EeU4Ufn8MS2,Crc5reUlspd
806,EeU4Ufn8MS2,c7gvocRdg0f
807,EeU4Ufn8MS2,u3CkZqMHfHP
808,EeU4Ufn8MS2,dCKzhhINakS
809,EeU4Ufn8MS2,XVHTeecEOM3
810,EeU4Ufn8MS2,wcbqTyLOCYU
811,EeU4Ufn8MS2,fkeMwVLKUyi
812,EeU4Ufn8MS2,FqUuiCGELpZ
813,EeU4Ufn8MS2,ITt4hJUPzgc
814,EeU4Ufn8MS2,EVJwOnx0wy9
815,EeU4Ufn8MS2,bdbxoGD7oAY
816,EeU4Ufn8MS2,QzcaaLV5dVM
817,EeU4Ufn8MS2,Q29KLru4s67
818,EeU4Ufn8MS2,XfXgs4Xao0Y
819,EeU4Ufn8MS2,ddHDso5Uizg
820,EeU4Ufn8MS2,MJzZmZ3OMxI
821,EeU4Ufn8MS2,n5YvcIzcYaF
822,EeU4Ufn8MS2,UShugsidUxz
823,EeU4Ufn8MS2,SPvm3s5w8ZJ
824,EeU4Ufn8MS2,zBEtAxHIaIx
825,EeU4Ufn8MS2,EJn0qutf2Uh
826,ncGw1Vl2Eot,WalQ4zu7RLz
827,ncGw1Vl2Eot,r01f3QfmLJS
828,ncGw1Vl2Eot,bmT820wlIV5
829,ncGw1Vl2Eot,vrSTfWaEZfP
830,ncGw1Vl2Eot,RKbp3GCvRrF
831,ncGw1Vl2Eot,I28asEo67Mt
832,aZCnbqAFy4S,zh2zAaHyYQx
833,aZCnbqAFy4S,wDiX34aiw6i
834,aZCnbqAFy4S,V2OuNTRI6ua
835,aZCnbqAFy4S,huBy3W5qiD2
836,aZCnbqAFy4S,F1rms8f9I9a
837,aZCnbqAFy4S,Crc5reUlspd
838,aZCnbqAFy4S,c7gvocRdg0f
839,aZCnbqAFy4S,u3CkZqMHfHP
840,aZCnbqAFy4S,dCKzhhINakS
841,aZCnbqAFy4S,XVHTeecEOM3
842,VozjcVb9Fu8,zh2zAaHyYQx
843,VozjcVb9Fu8,wDiX34aiw6i
844,VozjcVb9Fu8,V2OuNTRI6ua
845,VozjcVb9Fu8,huBy3W5qiD2
846,VozjcVb9Fu8,F1rms8f9I9a
847,VozjcVb9Fu8,Crc5reUlspd
848,VozjcVb9Fu8,c7gvocRdg0f
849,VozjcVb9Fu8,u3CkZqMHfHP
850,VozjcVb9Fu8,dCKzhhINakS
851,VozjcVb9Fu8,XVHTeecEOM3
852,GPU7Y66HN6F,zh2zAaHyYQx
853,GPU7Y66HN6F,wDiX34aiw6i
854,GPU7Y66HN6F,V2OuNTRI6ua
855,GPU7Y66HN6F,huBy3W5qiD2
856,GPU7Y66HN6F,F1rms8f9I9a
857,GPU7Y66HN6F,Crc5reUlspd
858,GPU7Y66HN6F,c7gvocRdg0f
859,GPU7Y66HN6F,u3CkZqMHfHP
860,GPU7Y66HN6F,dCKzhhINakS
861,GPU7Y66HN6F,XVHTeecEOM3
862,LX6uCvQ7a7W,SgtJVRGlRIo
863,LX6uCvQ7a7W,nusEBjg8bes
864,LX6uCvQ7a7W,sHKK94BX2Rp
865,LX6uCvQ7a7W,kkV0Rfqo4Ru
866,LX6uCvQ7a7W,UKCxMVgAc2s
867,LX6uCvQ7a7W,WyNau0T37h4
868,LX6uCvQ7a7W,OhmzAkCmkjU
869,LX6uCvQ7a7W,oIxEDq59GUL
870,LX6uCvQ7a7W,DHWRwZkFHqc
871,LX6uCvQ7a7W,mJNtXTVt6T1
872,rCMRgiY6hwX,zh2zAaHyYQx
873,rCMRgiY6hwX,wDiX34aiw6i
874,rCMRgiY6hwX,V2OuNTRI6ua
875,rCMRgiY6hwX,huBy3W5qiD2
876,rCMRgiY6hwX,F1rms8f9I9a
877,rCMRgiY6hwX,Crc5reUlspd
878,rCMRgiY6hwX,c7gvocRdg0f
879,rCMRgiY6hwX,u3CkZqMHfHP
880,rCMRgiY6hwX,dCKzhhINakS
881,rCMRgiY6hwX,XVHTeecEOM3
882,zQJv7RMmAt0,zh2zAaHyYQx
883,zQJv7RMmAt0,wDiX34aiw6i
884,zQJv7RMmAt0,V2OuNTRI6ua
885,zQJv7RMmAt0,huBy3W5qiD2
886,zQJv7RMmAt0,F1rms8f9I9a
887,zQJv7RMmAt0,Crc5reUlspd
888,zQJv7RMmAt0,c7gvocRdg0f
889,zQJv7RMmAt0,u3CkZqMHfHP
890,zQJv7RMmAt0,dCKzhhINakS
891,zQJv7RMmAt0,XVHTeecEOM3
892,oOw5p1KWSmT,zh2zAaHyYQx
893,oOw5p1KWSmT,wDiX34aiw6i
894,oOw5p1KWSmT,V2OuNTRI6ua
895,oOw5p1KWSmT,huBy3W5qiD2
896,oOw5p1KWSmT,F1rms8f9I9a
897,oOw5p1KWSmT,Crc5reUlspd
898,oOw5p1KWSmT,c7gvocRdg0f
899,oOw5p1KWSmT,u3CkZqMHfHP
900,oOw5p1KWSmT,dCKzhhINakS
901,oOw5p1KWSmT,XVHTeecEOM3
902,fluUvY1i586,zh2zAaHyYQx
903,fluUvY1i586,wDiX34aiw6i
904,fluUvY1i586,V2OuNTRI6ua
905,fluUvY1i586,huBy3W5qiD2
906,fluUvY1i586,F1rms8f9I9a
907,fluUvY1i586,Crc5reUlspd
908,fluUvY1i586,c7gvocRdg0f
909,fluUvY1i586,u3CkZqMHfHP
910,fluUvY1i586,dCKzhhINakS
911,fluUvY1i586,XVHTeecEOM3
912,BDKWuSKjkoQ,zh2zAaHyYQx
913,BDKWuSKjkoQ,wDiX34aiw6i
914,BDKWuSKjkoQ,V2OuNTRI6ua
915,BDKWuSKjkoQ,huBy3W5qiD2
916,BDKWuSKjkoQ,F1rms8f9I9a
917,BDKWuSKjkoQ,Crc5reUlspd
918,BDKWuSKjkoQ,c7gvocRdg0f
919,BDKWuSKjkoQ,u3CkZqMHfHP
920,BDKWuSKjkoQ,dCKzhhINakS
921,BDKWuSKjkoQ,XVHTeecEOM3
922,jh5fxa7BcvV,zh2zAaHyYQx
923,jh5fxa7BcvV,wDiX34aiw6i
924,jh5fxa7BcvV,V2OuNTRI6ua
925,jh5fxa7BcvV,huBy3W5qiD2
926,jh5fxa7BcvV,F1rms8f9I9a
927,jh5fxa7BcvV,Crc5reUlspd
928,jh5fxa7BcvV,c7gvocRdg0f
929,jh5fxa7BcvV,u3CkZqMHfHP
930,jh5fxa7BcvV,dCKzhhINakS
931,jh5fxa7BcvV,XVHTeecEOM3
932,LR8778hLH8U,zh2zAaHyYQx
933,LR8778hLH8U,wDiX34aiw6i
934,LR8778hLH8U,V2OuNTRI6ua
935,LR8778hLH8U,huBy3W5qiD2
936,LR8778hLH8U,F1rms8f9I9a
937,LR8778hLH8U,Crc5reUlspd
938,LR8778hLH8U,c7gvocRdg0f
939,LR8778hLH8U,u3CkZqMHfHP
940,LR8778hLH8U,dCKzhhINakS
941,LR8778hLH8U,XVHTeecEOM3
942,UiiALat4U3P,SgtJVRGlRIo
943,UiiALat4U3P,nusEBjg8bes
944,UiiALat4U3P,sHKK94BX2Rp
945,UiiALat4U3P,kkV0Rfqo4Ru
946,UiiALat4U3P,UKCxMVgAc2s
947,UiiALat4U3P,WyNau0T37h4
948,UiiALat4U3P,OhmzAkCmkjU
949,UiiALat4U3P,oIxEDq59GUL
950,UiiALat4U3P,DHWRwZkFHqc
951,UiiALat4U3P,mJNtXTVt6T1
952,DPgscLhQ05c,HllvX50cXC0
953,QgHSEKZAkiI,zh2zAaHyYQx
954,QgHSEKZAkiI,wDiX34aiw6i
955,QgHSEKZAkiI,V2OuNTRI6ua
956,QgHSEKZAkiI,huBy3W5qiD2
957,QgHSEKZAkiI,F1rms8f9I9a
958,QgHSEKZAkiI,Crc5reUlspd
959,QgHSEKZAkiI,c7gvocRdg0f
960,QgHSEKZAkiI,u3CkZqMHfHP
961,QgHSEKZAkiI,dCKzhhINakS
962,QgHSEKZAkiI,XVHTeecEOM3
963,ki5Ur2f6I2g,zh2zAaHyYQx
964,ki5Ur2f6I2g,wDiX34aiw6i
965,ki5Ur2f6I2g,V2OuNTRI6ua
966,ki5Ur2f6I2g,huBy3W5qiD2
967,ki5Ur2f6I2g,F1rms8f9I9a
968,ki5Ur2f6I2g,Crc5reUlspd
969,ki5Ur2f6I2g,c7gvocRdg0f
970,ki5Ur2f6I2g,u3CkZqMHfHP
971,ki5Ur2f6I2g,dCKzhhINakS
972,ki5Ur2f6I2g,XVHTeecEOM3
973,a351pGnPAmp,SM9d5ybWcr0
974,a351pGnPAmp,H5MiomGgbbi
975,a351pGnPAmp,OUPWAOZojRb
976,IyDesEz8gUE,SgtJVRGlRIo
977,IyDesEz8gUE,nusEBjg8bes
978,IyDesEz8gUE,sHKK94BX2Rp
979,IyDesEz8gUE,kkV0Rfqo4Ru
980,IyDesEz8gUE,UKCxMVgAc2s
981,IyDesEz8gUE,WyNau0T37h4
982,IyDesEz8gUE,OhmzAkCmkjU
983,IyDesEz8gUE,oIxEDq59GUL
984,IyDesEz8gUE,DHWRwZkFHqc
985,IyDesEz8gUE,mJNtXTVt6T1
986,m8Vi9AE8uD1,zh2zAaHyYQx
987,m8Vi9AE8uD1,wDiX34aiw6i
988,m8Vi9AE8uD1,V2OuNTRI6ua
989,m8Vi9AE8uD1,huBy3W5qiD2
990,m8Vi9AE8uD1,F1rms8f9I9a
991,m8Vi9AE8uD1,Crc5reUlspd
992,m8Vi9AE8uD1,c7gvocRdg0f
993,m8Vi9AE8uD1,u3CkZqMHfHP
994,m8Vi9AE8uD1,dCKzhhINakS
995,m8Vi9AE8uD1,XVHTeecEOM3
996,yTBwoDPg0Yt,SgtJVRGlRIo
997,yTBwoDPg0Yt,nusEBjg8bes
998,yTBwoDPg0Yt,sHKK94BX2Rp
999,yTBwoDPg0Yt,kkV0Rfqo4Ru
1000,yTBwoDPg0Yt,UKCxMVgAc2s
1001,yTBwoDPg0Yt,WyNau0T37h4
1002,yTBwoDPg0Yt,OhmzAkCmkjU
1003,yTBwoDPg0Yt,oIxEDq59GUL
1004,yTBwoDPg0Yt,DHWRwZkFHqc
1005,yTBwoDPg0Yt,mJNtXTVt6T1
1006,FGXvdN7yYCG,r6izn2XFqEc
1007,FGXvdN7yYCG,NYHvlXEt4Ak
1008,FGXvdN7yYCG,A8rYH97KrsT
1009,FGXvdN7yYCG,GNNdPRsjO2n
1010,FGXvdN7yYCG,mtJPFOZgbxi
1011,FGXvdN7yYCG,VSQdmcsGlPJ
1012,FGXvdN7yYCG,cYqRrSx1FDh
1013,FGXvdN7yYCG,tNGX99SZlLN
1014,FGXvdN7yYCG,u5FiIkNknnZ
1015,FGXvdN7yYCG,J0tZbSIQgJh
1016,FGXvdN7yYCG,Yx9LGiAEzJI
1017,FGXvdN7yYCG,wgxsjUMb8Rw
1018,ouIMjIdzCvF,yabsZCXTQRM
1019,ouIMjIdzCvF,yWdrn6SiVZ9
1020,ouIMjIdzCvF,zLX9lB6eIHI
1021,ouIMjIdzCvF,C9j1R3XeUB3
1022,ouIMjIdzCvF,sBvVzuUN7ty
1023,ouIMjIdzCvF,JqdVRiI92bd
1024,ouIMjIdzCvF,tD3pn44uScE
1025,ouIMjIdzCvF,Mv9SNsGCT5e
1026,ouIMjIdzCvF,rU0HnmI7P8S
1027,ouIMjIdzCvF,pfXBcPz6khi
1028,ULi5iBGONAu,SgtJVRGlRIo
1029,ULi5iBGONAu,nusEBjg8bes
1030,ULi5iBGONAu,sHKK94BX2Rp
1031,ULi5iBGONAu,kkV0Rfqo4Ru
1032,ULi5iBGONAu,UKCxMVgAc2s
1033,ULi5iBGONAu,WyNau0T37h4
1034,ULi5iBGONAu,OhmzAkCmkjU
1035,ULi5iBGONAu,oIxEDq59GUL
1036,ULi5iBGONAu,DHWRwZkFHqc
1037,ULi5iBGONAu,mJNtXTVt6T1
1038,bLurSIHHlHZ,zh2zAaHyYQx
1039,bLurSIHHlHZ,wDiX34aiw6i
1040,bLurSIHHlHZ,V2OuNTRI6ua
1041,bLurSIHHlHZ,huBy3W5qiD2
1042,bLurSIHHlHZ,F1rms8f9I9a
1043,bLurSIHHlHZ,Crc5reUlspd
1044,bLurSIHHlHZ,c7gvocRdg0f
1045,bLurSIHHlHZ,u3CkZqMHfHP
1046,bLurSIHHlHZ,dCKzhhINakS
1047,bLurSIHHlHZ,XVHTeecEOM3
1048,Dc0fnDD0lpj,SM9d5ybWcr0
1049,Dc0fnDD0lpj,H5MiomGgbbi
1050,Dc0fnDD0lpj,OUPWAOZojRb
1051,dKN174dcsmp,zh2zAaHyYQx
1052,dKN174dcsmp,wDiX34aiw6i
1053,dKN174dcsmp,V2OuNTRI6ua
1054,dKN174dcsmp,huBy3W5qiD2
1055,dKN174dcsmp,F1rms8f9I9a
1056,dKN174dcsmp,Crc5reUlspd
1057,dKN174dcsmp,c7gvocRdg0f
1058,dKN174dcsmp,u3CkZqMHfHP
1059,dKN174dcsmp,dCKzhhINakS
1060,dKN174dcsmp,XVHTeecEOM3
1061,YkbQK1GlbAh,zh2zAaHyYQx
1062,YkbQK1GlbAh,wDiX34aiw6i
1063,YkbQK1GlbAh,V2OuNTRI6ua
1064,YkbQK1GlbAh,huBy3W5qiD2
1065,YkbQK1GlbAh,F1rms8f9I9a
1066,YkbQK1GlbAh,Crc5reUlspd
1067,YkbQK1GlbAh,c7gvocRdg0f
1068,YkbQK1GlbAh,u3CkZqMHfHP
1069,YkbQK1GlbAh,dCKzhhINakS
1070,YkbQK1GlbAh,XVHTeecEOM3
1071,R86U0YHv8Jx,zh2zAaHyYQx
1072,R86U0YHv8Jx,wDiX34aiw6i
1073,R86U0YHv8Jx,V2OuNTRI6ua
1074,R86U0YHv8Jx,huBy3W5qiD2
1075,R86U0YHv8Jx,F1rms8f9I9a
1076,R86U0YHv8Jx,Crc5reUlspd
1077,R86U0YHv8Jx,c7gvocRdg0f
1078,R86U0YHv8Jx,u3CkZqMHfHP
1079,R86U0YHv8Jx,dCKzhhINakS
1080,R86U0YHv8Jx,XVHTeecEOM3
1081,P6HSldZtd8j,vgwBZ1EnvS1
1082,P6HSldZtd8j,lKtUo70yy5S
1083,P6HSldZtd8j,ubHnOQDfKvn
1084,P6HSldZtd8j,kieAJGAdQQz
1085,P6HSldZtd8j,Uu9EzmgMiUx
1086,P6HSldZtd8j,NBLm9T4PdXT
1087,P6HSldZtd8j,vv7DH53AEaT
1088,P6HSldZtd8j,De2rXs4jApk
1089,P6HSldZtd8j,BVbGW2Vr7UU
1090,P6HSldZtd8j,bMRP4hxhZ1i
1091,P6HSldZtd8j,Io3bQxY6Nr3
1092,P6HSldZtd8j,aUatqtCxzVw
1093,P6HSldZtd8j,OGomkW4FRgT
1094,P6HSldZtd8j,MM1oF4N8Vku
1095,P6HSldZtd8j,xBLq8rFuTSS
1096,P6HSldZtd8j,G4cHMKNJ898
1097,P6HSldZtd8j,keJQ8icaJd5
1098,P6HSldZtd8j,nq6KPmpdIMQ
1099,P6HSldZtd8j,gnq6kfPFRUy
1100,P6HSldZtd8j,lUs3TRrwSp3
1101,P6HSldZtd8j,zh2zAaHyYQx
1102,P6HSldZtd8j,wDiX34aiw6i
1103,P6HSldZtd8j,V2OuNTRI6ua
1104,P6HSldZtd8j,huBy3W5qiD2
1105,P6HSldZtd8j,F1rms8f9I9a
1106,P6HSldZtd8j,Crc5reUlspd
1107,P6HSldZtd8j,c7gvocRdg0f
1108,P6HSldZtd8j,u3CkZqMHfHP
1109,P6HSldZtd8j,dCKzhhINakS
1110,P6HSldZtd8j,XVHTeecEOM3
1111,qxGuwG2xQ82,SM9d5ybWcr0
1112,qxGuwG2xQ82,H5MiomGgbbi
1113,qxGuwG2xQ82,OUPWAOZojRb
1114,tfQukLqcJz9,WalQ4zu7RLz
1115,tfQukLqcJz9,r01f3QfmLJS
1116,tfQukLqcJz9,bmT820wlIV5
1117,tfQukLqcJz9,vrSTfWaEZfP
1118,tfQukLqcJz9,RKbp3GCvRrF
1119,tfQukLqcJz9,I28asEo67Mt
1120,CHTinApRsaB,yabsZCXTQRM
1121,CHTinApRsaB,yWdrn6SiVZ9
1122,CHTinApRsaB,zLX9lB6eIHI
1123,CHTinApRsaB,C9j1R3XeUB3
1124,CHTinApRsaB,sBvVzuUN7ty
1125,CHTinApRsaB,JqdVRiI92bd
1126,CHTinApRsaB,tD3pn44uScE
1127,CHTinApRsaB,Mv9SNsGCT5e
1128,CHTinApRsaB,rU0HnmI7P8S
1129,CHTinApRsaB,pfXBcPz6khi
1130,F7JX3F7iUSN,zh2zAaHyYQx
1131,F7JX3F7iUSN,wDiX34aiw6i
1132,F7JX3F7iUSN,V2OuNTRI6ua
1133,F7JX3F7iUSN,huBy3W5qiD2
1134,F7JX3F7iUSN,F1rms8f9I9a
1135,F7JX3F7iUSN,Crc5reUlspd
1136,F7JX3F7iUSN,c7gvocRdg0f
1137,F7JX3F7iUSN,u3CkZqMHfHP
1138,F7JX3F7iUSN,dCKzhhINakS
1139,F7JX3F7iUSN,XVHTeecEOM3
1140,tBAURKVnCEX,SM9d5ybWcr0
1141,tBAURKVnCEX,H5MiomGgbbi
1142,tBAURKVnCEX,OUPWAOZojRb
1143,zxLsBKzgdx2,SM9d5ybWcr0
1144,zxLsBKzgdx2,H5MiomGgbbi
1145,zxLsBKzgdx2,OUPWAOZojRb
1146,qSiLNVnbwpg,zh2zAaHyYQx
1147,qSiLNVnbwpg,wDiX34aiw6i
1148,qSiLNVnbwpg,V2OuNTRI6ua
1149,qSiLNVnbwpg,huBy3W5qiD2
1150,qSiLNVnbwpg,F1rms8f9I9a
1151,qSiLNVnbwpg,Crc5reUlspd
1152,qSiLNVnbwpg,c7gvocRdg0f
1153,qSiLNVnbwpg,u3CkZqMHfHP
1154,qSiLNVnbwpg,dCKzhhINakS
1155,qSiLNVnbwpg,XVHTeecEOM3
1156,IU4nrWWRJpJ,zh2zAaHyYQx
1157,IU4nrWWRJpJ,wDiX34aiw6i
1158,IU4nrWWRJpJ,V2OuNTRI6ua
1159,IU4nrWWRJpJ,huBy3W5qiD2
1160,IU4nrWWRJpJ,F1rms8f9I9a
1161,IU4nrWWRJpJ,Crc5reUlspd
1162,IU4nrWWRJpJ,c7gvocRdg0f
1163,IU4nrWWRJpJ,u3CkZqMHfHP
1164,IU4nrWWRJpJ,dCKzhhINakS
1165,IU4nrWWRJpJ,XVHTeecEOM3
1166,dkgtRrKg1CT,zh2zAaHyYQx
1167,dkgtRrKg1CT,wDiX34aiw6i
1168,dkgtRrKg1CT,V2OuNTRI6ua
1169,dkgtRrKg1CT,huBy3W5qiD2
1170,dkgtRrKg1CT,F1rms8f9I9a
1171,dkgtRrKg1CT,Crc5reUlspd
1172,dkgtRrKg1CT,c7gvocRdg0f
1173,dkgtRrKg1CT,u3CkZqMHfHP
1174,dkgtRrKg1CT,dCKzhhINakS
1175,dkgtRrKg1CT,XVHTeecEOM3
1176,s4nxv0qjmgn,zh2zAaHyYQx
1177,s4nxv0qjmgn,wDiX34aiw6i
1178,s4nxv0qjmgn,V2OuNTRI6ua
1179,s4nxv0qjmgn,huBy3W5qiD2
1180,s4nxv0qjmgn,F1rms8f9I9a
1181,s4nxv0qjmgn,Crc5reUlspd
1182,s4nxv0qjmgn,c7gvocRdg0f
1183,s4nxv0qjmgn,u3CkZqMHfHP
1184,s4nxv0qjmgn,dCKzhhINakS
1185,s4nxv0qjmgn,XVHTeecEOM3
1186,kJfM1cmI05C,zh2zAaHyYQx
1187,kJfM1cmI05C,wDiX34aiw6i
1188,kJfM1cmI05C,V2OuNTRI6ua
1189,kJfM1cmI05C,huBy3W5qiD2
1190,kJfM1cmI05C,F1rms8f9I9a
1191,kJfM1cmI05C,Crc5reUlspd
1192,kJfM1cmI05C,c7gvocRdg0f
1193,kJfM1cmI05C,u3CkZqMHfHP
1194,kJfM1cmI05C,dCKzhhINakS
1195,kJfM1cmI05C,XVHTeecEOM3
1196,XsqNjdapoPL,r6izn2XFqEc
1197,XsqNjdapoPL,NYHvlXEt4Ak
1198,XsqNjdapoPL,A8rYH97KrsT
1199,XsqNjdapoPL,GNNdPRsjO2n
1200,XsqNjdapoPL,mtJPFOZgbxi
1201,XsqNjdapoPL,VSQdmcsGlPJ
1202,XsqNjdapoPL,cYqRrSx1FDh
1203,XsqNjdapoPL,tNGX99SZlLN
1204,XsqNjdapoPL,u5FiIkNknnZ
1205,XsqNjdapoPL,J0tZbSIQgJh
1206,XsqNjdapoPL,Yx9LGiAEzJI
1207,XsqNjdapoPL,wgxsjUMb8Rw
1208,E5KEHIRuQ4a,zh2zAaHyYQx
1209,E5KEHIRuQ4a,wDiX34aiw6i
1210,E5KEHIRuQ4a,V2OuNTRI6ua
1211,E5KEHIRuQ4a,huBy3W5qiD2
1212,E5KEHIRuQ4a,F1rms8f9I9a
1213,E5KEHIRuQ4a,Crc5reUlspd
1214,E5KEHIRuQ4a,c7gvocRdg0f
1215,E5KEHIRuQ4a,u3CkZqMHfHP
1216,E5KEHIRuQ4a,dCKzhhINakS
1217,E5KEHIRuQ4a,XVHTeecEOM3
1218,ziVCnB8pm8c,zh2zAaHyYQx
1219,ziVCnB8pm8c,wDiX34aiw6i
1220,ziVCnB8pm8c,V2OuNTRI6ua
1221,ziVCnB8pm8c,huBy3W5qiD2
1222,ziVCnB8pm8c,F1rms8f9I9a
1223,ziVCnB8pm8c,Crc5reUlspd
1224,ziVCnB8pm8c,c7gvocRdg0f
1225,ziVCnB8pm8c,u3CkZqMHfHP
1226,ziVCnB8pm8c,dCKzhhINakS
1227,ziVCnB8pm8c,XVHTeecEOM3
1228,Q0nQmQ8PMMm,zh2zAaHyYQx
1229,Q0nQmQ8PMMm,wDiX34aiw6i
1230,Q0nQmQ8PMMm,V2OuNTRI6ua
1231,Q0nQmQ8PMMm,huBy3W5qiD2
1232,Q0nQmQ8PMMm,F1rms8f9I9a
1233,Q0nQmQ8PMMm,Crc5reUlspd
1234,Q0nQmQ8PMMm,c7gvocRdg0f
1235,Q0nQmQ8PMMm,u3CkZqMHfHP
1236,Q0nQmQ8PMMm,dCKzhhINakS
1237,Q0nQmQ8PMMm,XVHTeecEOM3
1238,rdz78LtNT4G,zh2zAaHyYQx
1239,rdz78LtNT4G,wDiX34aiw6i
1240,rdz78LtNT4G,V2OuNTRI6ua
1241,rdz78LtNT4G,huBy3W5qiD2
1242,rdz78LtNT4G,F1rms8f9I9a
1243,rdz78LtNT4G,Crc5reUlspd
1244,rdz78LtNT4G,c7gvocRdg0f
1245,rdz78LtNT4G,u3CkZqMHfHP
1246,rdz78LtNT4G,dCKzhhINakS
1247,rdz78LtNT4G,XVHTeecEOM3
1248,JhvC7ZR9hUe,zh2zAaHyYQx
1249,JhvC7ZR9hUe,wDiX34aiw6i
1250,JhvC7ZR9hUe,V2OuNTRI6ua
1251,JhvC7ZR9hUe,huBy3W5qiD2
1252,JhvC7ZR9hUe,F1rms8f9I9a
1253,JhvC7ZR9hUe,Crc5reUlspd
1254,JhvC7ZR9hUe,c7gvocRdg0f
1255,JhvC7ZR9hUe,u3CkZqMHfHP
1256,JhvC7ZR9hUe,dCKzhhINakS
1257,JhvC7ZR9hUe,XVHTeecEOM3
1258,NwQLr6lkdQ9,zh2zAaHyYQx
1259,NwQLr6lkdQ9,wDiX34aiw6i
1260,NwQLr6lkdQ9,V2OuNTRI6ua
1261,NwQLr6lkdQ9,huBy3W5qiD2
1262,NwQLr6lkdQ9,F1rms8f9I9a
1263,NwQLr6lkdQ9,Crc5reUlspd
1264,NwQLr6lkdQ9,c7gvocRdg0f
1265,NwQLr6lkdQ9,u3CkZqMHfHP
1266,NwQLr6lkdQ9,dCKzhhINakS
1267,NwQLr6lkdQ9,XVHTeecEOM3
1268,LwMHVYBkzx9,zh2zAaHyYQx
1269,LwMHVYBkzx9,wDiX34aiw6i
1270,LwMHVYBkzx9,V2OuNTRI6ua
1271,LwMHVYBkzx9,huBy3W5qiD2
1272,LwMHVYBkzx9,F1rms8f9I9a
1273,LwMHVYBkzx9,Crc5reUlspd
1274,LwMHVYBkzx9,c7gvocRdg0f
1275,LwMHVYBkzx9,u3CkZqMHfHP
1276,LwMHVYBkzx9,dCKzhhINakS
1277,LwMHVYBkzx9,XVHTeecEOM3
1278,LwMHVYBkzx9,wcbqTyLOCYU
1279,LwMHVYBkzx9,fkeMwVLKUyi
1280,LwMHVYBkzx9,FqUuiCGELpZ
1281,LwMHVYBkzx9,ITt4hJUPzgc
1282,LwMHVYBkzx9,EVJwOnx0wy9
1283,LwMHVYBkzx9,bdbxoGD7oAY
1284,LwMHVYBkzx9,QzcaaLV5dVM
1285,LwMHVYBkzx9,Q29KLru4s67
1286,LwMHVYBkzx9,XfXgs4Xao0Y
1287,LwMHVYBkzx9,ddHDso5Uizg
1288,LwMHVYBkzx9,MJzZmZ3OMxI
1289,LwMHVYBkzx9,n5YvcIzcYaF
1290,LwMHVYBkzx9,UShugsidUxz
1291,LwMHVYBkzx9,SPvm3s5w8ZJ
1292,LwMHVYBkzx9,zBEtAxHIaIx
1293,LwMHVYBkzx9,EJn0qutf2Uh
1294,TFfHVzlaZTw,zh2zAaHyYQx
1295,TFfHVzlaZTw,wDiX34aiw6i
1296,TFfHVzlaZTw,V2OuNTRI6ua
1297,TFfHVzlaZTw,huBy3W5qiD2
1298,TFfHVzlaZTw,F1rms8f9I9a
1299,TFfHVzlaZTw,Crc5reUlspd
1300,TFfHVzlaZTw,c7gvocRdg0f
1301,TFfHVzlaZTw,u3CkZqMHfHP
1302,TFfHVzlaZTw,dCKzhhINakS
1303,TFfHVzlaZTw,XVHTeecEOM3
1304,ywfVj7F30Ts,zh2zAaHyYQx
1305,ywfVj7F30Ts,wDiX34aiw6i
1306,ywfVj7F30Ts,V2OuNTRI6ua
1307,ywfVj7F30Ts,huBy3W5qiD2
1308,ywfVj7F30Ts,F1rms8f9I9a
1309,ywfVj7F30Ts,Crc5reUlspd
1310,ywfVj7F30Ts,c7gvocRdg0f
1311,ywfVj7F30Ts,u3CkZqMHfHP
1312,ywfVj7F30Ts,dCKzhhINakS
1313,ywfVj7F30Ts,XVHTeecEOM3
1314,d4LbA3iyebD,zh2zAaHyYQx
1315,d4LbA3iyebD,wDiX34aiw6i
1316,d4LbA3iyebD,V2OuNTRI6ua
1317,d4LbA3iyebD,huBy3W5qiD2
1318,d4LbA3iyebD,F1rms8f9I9a
1319,d4LbA3iyebD,Crc5reUlspd
1320,d4LbA3iyebD,c7gvocRdg0f
1321,d4LbA3iyebD,u3CkZqMHfHP
1322,d4LbA3iyebD,dCKzhhINakS
1323,d4LbA3iyebD,XVHTeecEOM3
1324,USDfyVr5d8d,vgwBZ1EnvS1
1325,USDfyVr5d8d,lKtUo70yy5S
1326,USDfyVr5d8d,ubHnOQDfKvn
1327,USDfyVr5d8d,kieAJGAdQQz
1328,USDfyVr5d8d,Uu9EzmgMiUx
1329,USDfyVr5d8d,NBLm9T4PdXT
1330,USDfyVr5d8d,vv7DH53AEaT
1331,USDfyVr5d8d,De2rXs4jApk
1332,USDfyVr5d8d,BVbGW2Vr7UU
1333,USDfyVr5d8d,bMRP4hxhZ1i
1334,USDfyVr5d8d,Io3bQxY6Nr3
1335,USDfyVr5d8d,aUatqtCxzVw
1336,USDfyVr5d8d,OGomkW4FRgT
1337,USDfyVr5d8d,MM1oF4N8Vku
1338,USDfyVr5d8d,xBLq8rFuTSS
1339,USDfyVr5d8d,G4cHMKNJ898
1340,USDfyVr5d8d,keJQ8icaJd5
1341,USDfyVr5d8d,nq6KPmpdIMQ
1342,USDfyVr5d8d,gnq6kfPFRUy
1343,USDfyVr5d8d,lUs3TRrwSp3
1344,USDfyVr5d8d,zh2zAaHyYQx
1345,USDfyVr5d8d,wDiX34aiw6i
1346,USDfyVr5d8d,V2OuNTRI6ua
1347,USDfyVr5d8d,huBy3W5qiD2
1348,USDfyVr5d8d,F1rms8f9I9a
1349,USDfyVr5d8d,Crc5reUlspd
1350,USDfyVr5d8d,c7gvocRdg0f
1351,USDfyVr5d8d,u3CkZqMHfHP
1352,USDfyVr5d8d,dCKzhhINakS
1353,USDfyVr5d8d,XVHTeecEOM3
1354,fvsym3Qyfm8,zh2zAaHyYQx
1355,fvsym3Qyfm8,wDiX34aiw6i
1356,fvsym3Qyfm8,V2OuNTRI6ua
1357,fvsym3Qyfm8,huBy3W5qiD2
1358,fvsym3Qyfm8,F1rms8f9I9a
1359,fvsym3Qyfm8,Crc5reUlspd
1360,fvsym3Qyfm8,c7gvocRdg0f
1361,fvsym3Qyfm8,u3CkZqMHfHP
1362,fvsym3Qyfm8,dCKzhhINakS
1363,fvsym3Qyfm8,XVHTeecEOM3
1364,AsewPyxdNdf,zh2zAaHyYQx
1365,AsewPyxdNdf,wDiX34aiw6i
1366,AsewPyxdNdf,V2OuNTRI6ua
1367,AsewPyxdNdf,huBy3W5qiD2
1368,AsewPyxdNdf,F1rms8f9I9a
1369,AsewPyxdNdf,Crc5reUlspd
1370,AsewPyxdNdf,c7gvocRdg0f
1371,AsewPyxdNdf,u3CkZqMHfHP
1372,AsewPyxdNdf,dCKzhhINakS
1373,AsewPyxdNdf,XVHTeecEOM3
1374,QFdXTBo8jQy,jzDuAwu9Hzv
1375,QFdXTBo8jQy,mb8nEYtKRnr
1376,QFdXTBo8jQy,b3FnsN8LGNC
1377,QFdXTBo8jQy,iMFilf4jkyz
1378,QFdXTBo8jQy,O4PnMHql0no
1379,QFdXTBo8jQy,MZUydbfacnk
1380,QFdXTBo8jQy,jJC9sso9bq8
1381,QFdXTBo8jQy,L1R9gTyweV0
1382,QFdXTBo8jQy,IBl1GhSPmsy
1383,QFdXTBo8jQy,jMGqJJGUWXD
1384,QFdXTBo8jQy,XP18dJJs8s0
1385,QFdXTBo8jQy,PqAMMg9RhbG
1386,QFdXTBo8jQy,yZqC2tLTV1X
1387,QFdXTBo8jQy,PGJkZc8T5pn
1388,QFdXTBo8jQy,LLvYnabZbcb
1389,QFdXTBo8jQy,mZICFwZl79Z
1390,QFdXTBo8jQy,b9k3fkQHUre
1391,QFdXTBo8jQy,HNZzZDcI4kr
1392,QFdXTBo8jQy,EAlRASNNc8w
1393,QFdXTBo8jQy,q9Ai2bqKbJA
1394,QFdXTBo8jQy,N0umXMSyJqE
1395,QFdXTBo8jQy,jUYXbq7Mpyn
1396,QFdXTBo8jQy,uirM8SynUBT
1397,QFdXTBo8jQy,yap0wJRNNzm
1398,QFdXTBo8jQy,j9rCyehleRC
1399,QFdXTBo8jQy,oAWJYNMK6nJ
1400,QFdXTBo8jQy,SklkojkmqFe
1401,QFdXTBo8jQy,EHrRv7BSSuK
1402,QFdXTBo8jQy,HniK4N7CIC3
1403,QFdXTBo8jQy,bvJOZFazPlH
1404,QFdXTBo8jQy,m5UmdGJ7ULk
1405,QFdXTBo8jQy,NWZdnFNgt9s
1406,QFdXTBo8jQy,S92VmrZzv4u
1407,QFdXTBo8jQy,RalFi0bUKL5
1408,QFdXTBo8jQy,rxUlz1qxofM
1409,QFdXTBo8jQy,LQHqiZM0KQY
1410,QFdXTBo8jQy,ZP7aUpBzfbj
1411,QFdXTBo8jQy,VRQ1VLN1Uak
1412,QFdXTBo8jQy,V3G6VUcBjlS
1413,QFdXTBo8jQy,wiYjZ1ib9k5
1414,QFdXTBo8jQy,Fye18CRITtO
1415,QFdXTBo8jQy,MDXF3XrKYj4
1416,QFdXTBo8jQy,eop2Um7CVnz
1417,QFdXTBo8jQy,u8pu50lRlXz
1418,QFdXTBo8jQy,NVTN5eOaHPP
1419,QFdXTBo8jQy,LsvkdkOs4B9
1420,QFdXTBo8jQy,P5A2apGgYmB
1421,QFdXTBo8jQy,WGPvbPDt3sh
1422,QFdXTBo8jQy,Ymumitwms9M
1423,QFdXTBo8jQy,eCuqrcbztab
1424,QFdXTBo8jQy,ymwgiKZEv24
1425,QFdXTBo8jQy,CxSmpJ3AuBw
1426,QFdXTBo8jQy,NxuA74gaC70
1427,QFdXTBo8jQy,kT4oXdnAr2n
1428,QFdXTBo8jQy,qqjWrMfqusu
1429,QFdXTBo8jQy,d1kU2EHySzn
1430,QFdXTBo8jQy,vJxhpdIL9G5
1431,QFdXTBo8jQy,YGG5dvPvNfw
1432,QFdXTBo8jQy,ANhnA6mFVVL
1433,QFdXTBo8jQy,FfypgEf8hjL
1434,QFdXTBo8jQy,BWLpTuub6xY
1435,QFdXTBo8jQy,m27NuRVJik4
1436,QFdXTBo8jQy,xaDJcSkWnnY
1437,QFdXTBo8jQy,uAMFrSYXzBl
1438,QFdXTBo8jQy,SpOR3uMRM2O
1439,QFdXTBo8jQy,Si8u9OKmyAX
1440,QFdXTBo8jQy,Pom4XORACDe
1441,QFdXTBo8jQy,eL2CocJauLU
1442,QFdXTBo8jQy,oufk0kTEw4r
1443,QFdXTBo8jQy,hyMGAZQmcHY
1444,nIcdxDJCdHx,SgtJVRGlRIo
1445,nIcdxDJCdHx,nusEBjg8bes
1446,nIcdxDJCdHx,sHKK94BX2Rp
1447,nIcdxDJCdHx,kkV0Rfqo4Ru
1448,nIcdxDJCdHx,UKCxMVgAc2s
1449,nIcdxDJCdHx,WyNau0T37h4
1450,nIcdxDJCdHx,OhmzAkCmkjU
1451,nIcdxDJCdHx,oIxEDq59GUL
1452,nIcdxDJCdHx,DHWRwZkFHqc
1453,nIcdxDJCdHx,mJNtXTVt6T1
1454,gmexXUfZPCF,fbr68sqTEKR
1455,gmexXUfZPCF,yWIozWpVGde
1456,gmexXUfZPCF,eObZc3y09Bh
1457,gmexXUfZPCF,ml6TgIWWdH3
1458,gmexXUfZPCF,vGnxttOzglN
1459,gmexXUfZPCF,BSvMtDCiZAJ
1460,gmexXUfZPCF,rC7np2aSgzQ
1461,gmexXUfZPCF,btAQJ4dvcuc
1462,gmexXUfZPCF,ATVgV0shmyv
1463,gmexXUfZPCF,iz3jhBFrFop
1464,gmexXUfZPCF,YJbmxtwZ2Dp
1465,gmexXUfZPCF,AnF164KvhgZ
1466,gmexXUfZPCF,tJ9I0GJyrsJ
1467,gmexXUfZPCF,WqJhXlm3j9S
1468,gmexXUfZPCF,UOY7hA2xpUA
1469,gmexXUfZPCF,GMBwC7m2Tea
1470,gmexXUfZPCF,wmdKsYtMiVy
1471,gmexXUfZPCF,AW05HSHAq0i
1472,gmexXUfZPCF,lLNRDZPsnOs
1473,gmexXUfZPCF,ZTykIzgbe7T
1474,qda4MTbAAgb,SgtJVRGlRIo
1475,qda4MTbAAgb,nusEBjg8bes
1476,qda4MTbAAgb,sHKK94BX2Rp
1477,qda4MTbAAgb,kkV0Rfqo4Ru
1478,qda4MTbAAgb,UKCxMVgAc2s
1479,qda4MTbAAgb,WyNau0T37h4
1480,qda4MTbAAgb,OhmzAkCmkjU
1481,qda4MTbAAgb,oIxEDq59GUL
1482,qda4MTbAAgb,DHWRwZkFHqc
1483,qda4MTbAAgb,mJNtXTVt6T1
1484,HvDw9u4ZXCr,zh2zAaHyYQx
1485,HvDw9u4ZXCr,wDiX34aiw6i
1486,HvDw9u4ZXCr,V2OuNTRI6ua
1487,HvDw9u4ZXCr,huBy3W5qiD2
1488,HvDw9u4ZXCr,F1rms8f9I9a
1489,HvDw9u4ZXCr,Crc5reUlspd
1490,HvDw9u4ZXCr,c7gvocRdg0f
1491,HvDw9u4ZXCr,u3CkZqMHfHP
1492,HvDw9u4ZXCr,dCKzhhINakS
1493,HvDw9u4ZXCr,XVHTeecEOM3
1494,KapNMOhkRD7,zh2zAaHyYQx
1495,KapNMOhkRD7,wDiX34aiw6i
1496,KapNMOhkRD7,V2OuNTRI6ua
1497,KapNMOhkRD7,huBy3W5qiD2
1498,KapNMOhkRD7,F1rms8f9I9a
1499,KapNMOhkRD7,Crc5reUlspd
1500,KapNMOhkRD7,c7gvocRdg0f
1501,KapNMOhkRD7,u3CkZqMHfHP
1502,KapNMOhkRD7,dCKzhhINakS
1503,KapNMOhkRD7,XVHTeecEOM3
1504,uyiwwAM4EdK,SM9d5ybWcr0
1505,uyiwwAM4EdK,H5MiomGgbbi
1506,uyiwwAM4EdK,OUPWAOZojRb
1507,FCtLzpQfwvm,WalQ4zu7RLz
1508,FCtLzpQfwvm,r01f3QfmLJS
1509,FCtLzpQfwvm,bmT820wlIV5
1510,FCtLzpQfwvm,vrSTfWaEZfP
1511,FCtLzpQfwvm,RKbp3GCvRrF
1512,FCtLzpQfwvm,I28asEo67Mt
1513,H7Gfj93xbfp,zh2zAaHyYQx
1514,H7Gfj93xbfp,wDiX34aiw6i
1515,H7Gfj93xbfp,V2OuNTRI6ua
1516,H7Gfj93xbfp,huBy3W5qiD2
1517,H7Gfj93xbfp,F1rms8f9I9a
1518,H7Gfj93xbfp,Crc5reUlspd
1519,H7Gfj93xbfp,c7gvocRdg0f
1520,H7Gfj93xbfp,u3CkZqMHfHP
1521,H7Gfj93xbfp,dCKzhhINakS
1522,H7Gfj93xbfp,XVHTeecEOM3
1523,QLsASU3mH3C,zh2zAaHyYQx
1524,QLsASU3mH3C,wDiX34aiw6i
1525,QLsASU3mH3C,V2OuNTRI6ua
1526,QLsASU3mH3C,huBy3W5qiD2
1527,QLsASU3mH3C,F1rms8f9I9a
1528,QLsASU3mH3C,Crc5reUlspd
1529,QLsASU3mH3C,c7gvocRdg0f
1530,QLsASU3mH3C,u3CkZqMHfHP
1531,QLsASU3mH3C,dCKzhhINakS
1532,QLsASU3mH3C,XVHTeecEOM3
1533,Mo3s0kMNW8Y,zh2zAaHyYQx
1534,Mo3s0kMNW8Y,wDiX34aiw6i
1535,Mo3s0kMNW8Y,V2OuNTRI6ua
1536,Mo3s0kMNW8Y,huBy3W5qiD2
1537,Mo3s0kMNW8Y,F1rms8f9I9a
1538,Mo3s0kMNW8Y,Crc5reUlspd
1539,Mo3s0kMNW8Y,c7gvocRdg0f
1540,Mo3s0kMNW8Y,u3CkZqMHfHP
1541,Mo3s0kMNW8Y,dCKzhhINakS
1542,Mo3s0kMNW8Y,XVHTeecEOM3
1543,HvQF1slqwdM,SgtJVRGlRIo
1544,HvQF1slqwdM,nusEBjg8bes
1545,HvQF1slqwdM,sHKK94BX2Rp
1546,HvQF1slqwdM,kkV0Rfqo4Ru
1547,HvQF1slqwdM,UKCxMVgAc2s
1548,HvQF1slqwdM,WyNau0T37h4
1549,HvQF1slqwdM,OhmzAkCmkjU
1550,HvQF1slqwdM,oIxEDq59GUL
1551,HvQF1slqwdM,DHWRwZkFHqc
1552,HvQF1slqwdM,mJNtXTVt6T1
1553,DuZYoeTALr9,SM9d5ybWcr0
1554,DuZYoeTALr9,H5MiomGgbbi
1555,DuZYoeTALr9,OUPWAOZojRb
1556,o8vzaxdU5SJ,yabsZCXTQRM
1557,o8vzaxdU5SJ,yWdrn6SiVZ9
1558,o8vzaxdU5SJ,zLX9lB6eIHI
1559,o8vzaxdU5SJ,C9j1R3XeUB3
1560,o8vzaxdU5SJ,sBvVzuUN7ty
1561,o8vzaxdU5SJ,JqdVRiI92bd
1562,o8vzaxdU5SJ,tD3pn44uScE
1563,o8vzaxdU5SJ,Mv9SNsGCT5e
1564,o8vzaxdU5SJ,rU0HnmI7P8S
1565,o8vzaxdU5SJ,pfXBcPz6khi
1566,o8vzaxdU5SJ,zh2zAaHyYQx
1567,o8vzaxdU5SJ,wDiX34aiw6i
1568,o8vzaxdU5SJ,V2OuNTRI6ua
1569,o8vzaxdU5SJ,huBy3W5qiD2
1570,o8vzaxdU5SJ,F1rms8f9I9a
1571,o8vzaxdU5SJ,Crc5reUlspd
1572,o8vzaxdU5SJ,c7gvocRdg0f
1573,o8vzaxdU5SJ,u3CkZqMHfHP
1574,o8vzaxdU5SJ,dCKzhhINakS
1575,o8vzaxdU5SJ,XVHTeecEOM3
1576,h5JApA8gFwD,zh2zAaHyYQx
1577,h5JApA8gFwD,wDiX34aiw6i
1578,h5JApA8gFwD,V2OuNTRI6ua
1579,h5JApA8gFwD,huBy3W5qiD2
1580,h5JApA8gFwD,F1rms8f9I9a
1581,h5JApA8gFwD,Crc5reUlspd
1582,h5JApA8gFwD,c7gvocRdg0f
1583,h5JApA8gFwD,u3CkZqMHfHP
1584,h5JApA8gFwD,dCKzhhINakS
1585,h5JApA8gFwD,XVHTeecEOM3
1586,Oxh7nQrH5xh,WalQ4zu7RLz
1587,Oxh7nQrH5xh,r01f3QfmLJS
1588,Oxh7nQrH5xh,bmT820wlIV5
1589,Oxh7nQrH5xh,vrSTfWaEZfP
1590,Oxh7nQrH5xh,RKbp3GCvRrF
1591,Oxh7nQrH5xh,I28asEo67Mt
1592,OtErOMtbCtC,zh2zAaHyYQx
1593,OtErOMtbCtC,wDiX34aiw6i
1594,OtErOMtbCtC,V2OuNTRI6ua
1595,OtErOMtbCtC,huBy3W5qiD2
1596,OtErOMtbCtC,F1rms8f9I9a
1597,OtErOMtbCtC,Crc5reUlspd
1598,OtErOMtbCtC,c7gvocRdg0f
1599,OtErOMtbCtC,u3CkZqMHfHP
1600,OtErOMtbCtC,dCKzhhINakS
1601,OtErOMtbCtC,XVHTeecEOM3
1602,YAxwayzKLFN,zh2zAaHyYQx
1603,YAxwayzKLFN,wDiX34aiw6i
1604,YAxwayzKLFN,V2OuNTRI6ua
1605,YAxwayzKLFN,huBy3W5qiD2
1606,YAxwayzKLFN,F1rms8f9I9a
1607,YAxwayzKLFN,Crc5reUlspd
1608,YAxwayzKLFN,c7gvocRdg0f
1609,YAxwayzKLFN,u3CkZqMHfHP
1610,YAxwayzKLFN,dCKzhhINakS
1611,YAxwayzKLFN,XVHTeecEOM3
1612,m5DzTPTi7WH,zh2zAaHyYQx
1613,m5DzTPTi7WH,wDiX34aiw6i
1614,m5DzTPTi7WH,V2OuNTRI6ua
1615,m5DzTPTi7WH,huBy3W5qiD2
1616,m5DzTPTi7WH,F1rms8f9I9a
1617,m5DzTPTi7WH,Crc5reUlspd
1618,m5DzTPTi7WH,c7gvocRdg0f
1619,m5DzTPTi7WH,u3CkZqMHfHP
1620,m5DzTPTi7WH,dCKzhhINakS
1621,m5DzTPTi7WH,XVHTeecEOM3
1622,bGpHNehxb25,r6izn2XFqEc
1623,bGpHNehxb25,NYHvlXEt4Ak
1624,bGpHNehxb25,A8rYH97KrsT
1625,bGpHNehxb25,GNNdPRsjO2n
1626,bGpHNehxb25,mtJPFOZgbxi
1627,bGpHNehxb25,VSQdmcsGlPJ
1628,bGpHNehxb25,cYqRrSx1FDh
1629,bGpHNehxb25,tNGX99SZlLN
1630,bGpHNehxb25,u5FiIkNknnZ
1631,bGpHNehxb25,J0tZbSIQgJh
1632,bGpHNehxb25,Yx9LGiAEzJI
1633,bGpHNehxb25,wgxsjUMb8Rw
1634,FvoFQ8MKWYz,zh2zAaHyYQx
1635,FvoFQ8MKWYz,wDiX34aiw6i
1636,FvoFQ8MKWYz,V2OuNTRI6ua
1637,FvoFQ8MKWYz,huBy3W5qiD2
1638,FvoFQ8MKWYz,F1rms8f9I9a
1639,FvoFQ8MKWYz,Crc5reUlspd
1640,FvoFQ8MKWYz,c7gvocRdg0f
1641,FvoFQ8MKWYz,u3CkZqMHfHP
1642,FvoFQ8MKWYz,dCKzhhINakS
1643,FvoFQ8MKWYz,XVHTeecEOM3
1644,WHf6QK827ub,zh2zAaHyYQx
1645,WHf6QK827ub,wDiX34aiw6i
1646,WHf6QK827ub,V2OuNTRI6ua
1647,WHf6QK827ub,huBy3W5qiD2
1648,WHf6QK827ub,F1rms8f9I9a
1649,WHf6QK827ub,Crc5reUlspd
1650,WHf6QK827ub,c7gvocRdg0f
1651,WHf6QK827ub,u3CkZqMHfHP
1652,WHf6QK827ub,dCKzhhINakS
1653,WHf6QK827ub,XVHTeecEOM3
1654,Y8SKtWPykiZ,yabsZCXTQRM
1655,Y8SKtWPykiZ,yWdrn6SiVZ9
1656,Y8SKtWPykiZ,zLX9lB6eIHI
1657,Y8SKtWPykiZ,C9j1R3XeUB3
1658,Y8SKtWPykiZ,sBvVzuUN7ty
1659,Y8SKtWPykiZ,JqdVRiI92bd
1660,Y8SKtWPykiZ,tD3pn44uScE
1661,Y8SKtWPykiZ,Mv9SNsGCT5e
1662,Y8SKtWPykiZ,rU0HnmI7P8S
1663,Y8SKtWPykiZ,pfXBcPz6khi
1664,rr9sLKsqflQ,zh2zAaHyYQx
1665,rr9sLKsqflQ,wDiX34aiw6i
1666,rr9sLKsqflQ,V2OuNTRI6ua
1667,rr9sLKsqflQ,huBy3W5qiD2
1668,rr9sLKsqflQ,F1rms8f9I9a
1669,rr9sLKsqflQ,Crc5reUlspd
1670,rr9sLKsqflQ,c7gvocRdg0f
1671,rr9sLKsqflQ,u3CkZqMHfHP
1672,rr9sLKsqflQ,dCKzhhINakS
1673,rr9sLKsqflQ,XVHTeecEOM3
1674,rTpsj8MTACX,WalQ4zu7RLz
1675,rTpsj8MTACX,r01f3QfmLJS
1676,rTpsj8MTACX,bmT820wlIV5
1677,rTpsj8MTACX,vrSTfWaEZfP
1678,rTpsj8MTACX,RKbp3GCvRrF
1679,rTpsj8MTACX,I28asEo67Mt
1680,m2SYBC5Swuc,zh2zAaHyYQx
1681,m2SYBC5Swuc,wDiX34aiw6i
1682,m2SYBC5Swuc,V2OuNTRI6ua
1683,m2SYBC5Swuc,huBy3W5qiD2
1684,m2SYBC5Swuc,F1rms8f9I9a
1685,m2SYBC5Swuc,Crc5reUlspd
1686,m2SYBC5Swuc,c7gvocRdg0f
1687,m2SYBC5Swuc,u3CkZqMHfHP
1688,m2SYBC5Swuc,dCKzhhINakS
1689,m2SYBC5Swuc,XVHTeecEOM3
1690,sjh8UmoEarI,zh2zAaHyYQx
1691,sjh8UmoEarI,wDiX34aiw6i
1692,sjh8UmoEarI,V2OuNTRI6ua
1693,sjh8UmoEarI,huBy3W5qiD2
1694,sjh8UmoEarI,F1rms8f9I9a
1695,sjh8UmoEarI,Crc5reUlspd
1696,sjh8UmoEarI,c7gvocRdg0f
1697,sjh8UmoEarI,u3CkZqMHfHP
1698,sjh8UmoEarI,dCKzhhINakS
1699,sjh8UmoEarI,XVHTeecEOM3
1700,oAEDBaHndIM,IxedmiLHz9Z
1701,oAEDBaHndIM,De5hrS515Zn
1702,oAEDBaHndIM,CmRTyoslzWh
1703,oAEDBaHndIM,p2GPXD5Cnfx
1704,oAEDBaHndIM,PAJnQXEcGM5
1705,oAEDBaHndIM,tWyPsl8Q80x
1706,oAEDBaHndIM,X7lGMvzhhHO
1707,oAEDBaHndIM,q1bn6nbNWWs
1708,oAEDBaHndIM,oKckGvbfBoE
1709,oAEDBaHndIM,kqoB83Pywcn
1710,oAEDBaHndIM,l5Gk9wbUabk
1711,oAEDBaHndIM,bt5fCDEC6xg
1712,oAEDBaHndIM,BqF8ApJDM1b
1713,oAEDBaHndIM,CJNOHEHlmTO
1714,oAEDBaHndIM,Ci9eCUwUwQP
1715,oAEDBaHndIM,OWFLGCyCYh9
1716,oAEDBaHndIM,yRZWB4ePZQB
1717,oAEDBaHndIM,FUI0aox8rli
1718,oAEDBaHndIM,PHFpYNuhfMH
1719,oAEDBaHndIM,PoUru59Widt
1720,oAEDBaHndIM,WQwFNS8stqH
1721,oAEDBaHndIM,Z5sztcD02uR
1722,oAEDBaHndIM,pfTxuYyotnV
1723,oAEDBaHndIM,QrqE7OWhVeB
1724,oAEDBaHndIM,DmQ8Y9AnCxD
1725,oAEDBaHndIM,MXSoFC86Ahc
1726,oAEDBaHndIM,QM4GJFRQLmV
1727,oAEDBaHndIM,LCjg0P31aHC
1728,oAEDBaHndIM,BgseGQCGxCU
1729,oAEDBaHndIM,r5ly5kAR64j
1730,oAEDBaHndIM,w2x7wisZ9gU
1731,oAEDBaHndIM,VsIEv29Z2WQ
1732,oAEDBaHndIM,HC2p8FsYUxv
1733,oAEDBaHndIM,Ad0b5RlyTyD
1734,oAEDBaHndIM,RdWtoSsZ2Et
1735,oAEDBaHndIM,EkGOmoO5HJW
1736,oAEDBaHndIM,ALtnybrdfBS
1737,oAEDBaHndIM,Yds4K321ZsD
1738,oAEDBaHndIM,H05GbJDKjmS
1739,oAEDBaHndIM,oPlJS6QJzd4
1740,oAEDBaHndIM,aUYhzD1F7AL
1741,oAEDBaHndIM,gZj5EmCN3bW
1742,oAEDBaHndIM,qijpicKfOuI
1743,oAEDBaHndIM,JpLTizFWhl5
1744,oAEDBaHndIM,gOoWu5QD5Sh
1745,oAEDBaHndIM,agkv6HbPChy
1746,oAEDBaHndIM,Ayn4HI0Ujih
1747,oAEDBaHndIM,OeKkFirtg64
1748,oAEDBaHndIM,iC9oTtswCjr
1749,oAEDBaHndIM,k9X5VFixGwT
1750,oAEDBaHndIM,mB81kX8i1nT
1751,oAEDBaHndIM,Nreu6qZSYRm
1752,oAEDBaHndIM,WeM511kONAT
1753,oAEDBaHndIM,hRfuxjPXadc
1754,oAEDBaHndIM,BqoNkhsUtD0
1755,oAEDBaHndIM,YQGY58YcNXd
1756,oAEDBaHndIM,TGJ6Pdu0Ing
1757,oAEDBaHndIM,wTHAaf23XNU
1758,oAEDBaHndIM,jp66dqnPk7y
1759,oAEDBaHndIM,zpaxraQng1p
1760,oAEDBaHndIM,mufD9pb9Uez
1761,oAEDBaHndIM,fgInS7gwlWa
1762,oAEDBaHndIM,Vhleslo54uW
1763,oAEDBaHndIM,G5ci7PXGFdx
1764,oAEDBaHndIM,rjGeqiQxgWg
1765,oAEDBaHndIM,z37NEYRcci4
1766,oAEDBaHndIM,MRSXKs0LoBz
1767,oAEDBaHndIM,OasbOagtHFu
1768,oAEDBaHndIM,onsWC7ah5F4
1769,oAEDBaHndIM,kCD248o8ZcE
1770,zm2QCkywpqX,SgtJVRGlRIo
1771,zm2QCkywpqX,nusEBjg8bes
1772,zm2QCkywpqX,sHKK94BX2Rp
1773,zm2QCkywpqX,kkV0Rfqo4Ru
1774,zm2QCkywpqX,UKCxMVgAc2s
1775,zm2QCkywpqX,WyNau0T37h4
1776,zm2QCkywpqX,OhmzAkCmkjU
1777,zm2QCkywpqX,oIxEDq59GUL
1778,zm2QCkywpqX,DHWRwZkFHqc
1779,zm2QCkywpqX,mJNtXTVt6T1
1780,N2cNTWGuWCJ,zh2zAaHyYQx
1781,N2cNTWGuWCJ,wDiX34aiw6i
1782,N2cNTWGuWCJ,V2OuNTRI6ua
1783,N2cNTWGuWCJ,huBy3W5qiD2
1784,N2cNTWGuWCJ,F1rms8f9I9a
1785,N2cNTWGuWCJ,Crc5reUlspd
1786,N2cNTWGuWCJ,c7gvocRdg0f
1787,N2cNTWGuWCJ,u3CkZqMHfHP
1788,N2cNTWGuWCJ,dCKzhhINakS
1789,N2cNTWGuWCJ,XVHTeecEOM3
1790,uLacgIRcyEn,WalQ4zu7RLz
1791,uLacgIRcyEn,r01f3QfmLJS
1792,uLacgIRcyEn,bmT820wlIV5
1793,uLacgIRcyEn,vrSTfWaEZfP
1794,uLacgIRcyEn,RKbp3GCvRrF
1795,uLacgIRcyEn,I28asEo67Mt
1796,VBXpvg74Qim,SgtJVRGlRIo
1797,VBXpvg74Qim,nusEBjg8bes
1798,VBXpvg74Qim,sHKK94BX2Rp
1799,VBXpvg74Qim,kkV0Rfqo4Ru
1800,VBXpvg74Qim,UKCxMVgAc2s
1801,VBXpvg74Qim,WyNau0T37h4
1802,VBXpvg74Qim,OhmzAkCmkjU
1803,VBXpvg74Qim,oIxEDq59GUL
1804,VBXpvg74Qim,DHWRwZkFHqc
1805,VBXpvg74Qim,mJNtXTVt6T1
1806,YO1ZNqszppx,WalQ4zu7RLz
1807,YO1ZNqszppx,r01f3QfmLJS
1808,YO1ZNqszppx,bmT820wlIV5
1809,YO1ZNqszppx,vrSTfWaEZfP
1810,YO1ZNqszppx,RKbp3GCvRrF
1811,YO1ZNqszppx,I28asEo67Mt
1812,rTJubNqd2ua,zh2zAaHyYQx
1813,rTJubNqd2ua,wDiX34aiw6i
1814,rTJubNqd2ua,V2OuNTRI6ua
1815,rTJubNqd2ua,huBy3W5qiD2
1816,rTJubNqd2ua,F1rms8f9I9a
1817,rTJubNqd2ua,Crc5reUlspd
1818,rTJubNqd2ua,c7gvocRdg0f
1819,rTJubNqd2ua,u3CkZqMHfHP
1820,rTJubNqd2ua,dCKzhhINakS
1821,rTJubNqd2ua,XVHTeecEOM3
1822,GIEjVKNT68L,HllvX50cXC0
1823,d0vEAAaAZ86,zh2zAaHyYQx
1824,d0vEAAaAZ86,wDiX34aiw6i
1825,d0vEAAaAZ86,V2OuNTRI6ua
1826,d0vEAAaAZ86,huBy3W5qiD2
1827,d0vEAAaAZ86,F1rms8f9I9a
1828,d0vEAAaAZ86,Crc5reUlspd
1829,d0vEAAaAZ86,c7gvocRdg0f
1830,d0vEAAaAZ86,u3CkZqMHfHP
1831,d0vEAAaAZ86,dCKzhhINakS
1832,d0vEAAaAZ86,XVHTeecEOM3
1833,zvJyAAeman2,SgtJVRGlRIo
1834,zvJyAAeman2,nusEBjg8bes
1835,zvJyAAeman2,sHKK94BX2Rp
1836,zvJyAAeman2,kkV0Rfqo4Ru
1837,zvJyAAeman2,UKCxMVgAc2s
1838,zvJyAAeman2,WyNau0T37h4
1839,zvJyAAeman2,OhmzAkCmkjU
1840,zvJyAAeman2,oIxEDq59GUL
1841,zvJyAAeman2,DHWRwZkFHqc
1842,zvJyAAeman2,mJNtXTVt6T1
1843,aEsU83q3XeA,zh2zAaHyYQx
1844,aEsU83q3XeA,wDiX34aiw6i
1845,aEsU83q3XeA,V2OuNTRI6ua
1846,aEsU83q3XeA,huBy3W5qiD2
1847,aEsU83q3XeA,F1rms8f9I9a
1848,aEsU83q3XeA,Crc5reUlspd
1849,aEsU83q3XeA,c7gvocRdg0f
1850,aEsU83q3XeA,u3CkZqMHfHP
1851,aEsU83q3XeA,dCKzhhINakS
1852,aEsU83q3XeA,XVHTeecEOM3
1853,DooOYRmCx8m,zh2zAaHyYQx
1854,DooOYRmCx8m,wDiX34aiw6i
1855,DooOYRmCx8m,V2OuNTRI6ua
1856,DooOYRmCx8m,huBy3W5qiD2
1857,DooOYRmCx8m,F1rms8f9I9a
1858,DooOYRmCx8m,Crc5reUlspd
1859,DooOYRmCx8m,c7gvocRdg0f
1860,DooOYRmCx8m,u3CkZqMHfHP
1861,DooOYRmCx8m,dCKzhhINakS
1862,DooOYRmCx8m,XVHTeecEOM3
1863,y69tjlYisfZ,zh2zAaHyYQx
1864,y69tjlYisfZ,wDiX34aiw6i
1865,y69tjlYisfZ,V2OuNTRI6ua
1866,y69tjlYisfZ,huBy3W5qiD2
1867,y69tjlYisfZ,F1rms8f9I9a
1868,y69tjlYisfZ,Crc5reUlspd
1869,y69tjlYisfZ,c7gvocRdg0f
1870,y69tjlYisfZ,u3CkZqMHfHP
1871,y69tjlYisfZ,dCKzhhINakS
1872,y69tjlYisfZ,XVHTeecEOM3
1873,IMTydO4X7Gl,zh2zAaHyYQx
1874,IMTydO4X7Gl,wDiX34aiw6i
1875,IMTydO4X7Gl,V2OuNTRI6ua
1876,IMTydO4X7Gl,huBy3W5qiD2
1877,IMTydO4X7Gl,F1rms8f9I9a
1878,IMTydO4X7Gl,Crc5reUlspd
1879,IMTydO4X7Gl,c7gvocRdg0f
1880,IMTydO4X7Gl,u3CkZqMHfHP
1881,IMTydO4X7Gl,dCKzhhINakS
1882,IMTydO4X7Gl,XVHTeecEOM3
1883,DfKTKgBdOJ7,zh2zAaHyYQx
1884,DfKTKgBdOJ7,wDiX34aiw6i
1885,DfKTKgBdOJ7,V2OuNTRI6ua
1886,DfKTKgBdOJ7,huBy3W5qiD2
1887,DfKTKgBdOJ7,F1rms8f9I9a
1888,DfKTKgBdOJ7,Crc5reUlspd
1889,DfKTKgBdOJ7,c7gvocRdg0f
1890,DfKTKgBdOJ7,u3CkZqMHfHP
1891,DfKTKgBdOJ7,dCKzhhINakS
1892,DfKTKgBdOJ7,XVHTeecEOM3
1893,B0avY8vCdEW,zh2zAaHyYQx
1894,B0avY8vCdEW,wDiX34aiw6i
1895,B0avY8vCdEW,V2OuNTRI6ua
1896,B0avY8vCdEW,huBy3W5qiD2
1897,B0avY8vCdEW,F1rms8f9I9a
1898,B0avY8vCdEW,Crc5reUlspd
1899,B0avY8vCdEW,c7gvocRdg0f
1900,B0avY8vCdEW,u3CkZqMHfHP
1901,B0avY8vCdEW,dCKzhhINakS
1902,B0avY8vCdEW,XVHTeecEOM3
1903,dDZOL6421KG,zh2zAaHyYQx
1904,dDZOL6421KG,wDiX34aiw6i
1905,dDZOL6421KG,V2OuNTRI6ua
1906,dDZOL6421KG,huBy3W5qiD2
1907,dDZOL6421KG,F1rms8f9I9a
1908,dDZOL6421KG,Crc5reUlspd
1909,dDZOL6421KG,c7gvocRdg0f
1910,dDZOL6421KG,u3CkZqMHfHP
1911,dDZOL6421KG,dCKzhhINakS
1912,dDZOL6421KG,XVHTeecEOM3
1913,JImV5qeJFBm,zh2zAaHyYQx
1914,JImV5qeJFBm,wDiX34aiw6i
1915,JImV5qeJFBm,V2OuNTRI6ua
1916,JImV5qeJFBm,huBy3W5qiD2
1917,JImV5qeJFBm,F1rms8f9I9a
1918,JImV5qeJFBm,Crc5reUlspd
1919,JImV5qeJFBm,c7gvocRdg0f
1920,JImV5qeJFBm,u3CkZqMHfHP
1921,JImV5qeJFBm,dCKzhhINakS
1922,JImV5qeJFBm,XVHTeecEOM3
1923,EW9CtYKcLtW,zh2zAaHyYQx
1924,EW9CtYKcLtW,wDiX34aiw6i
1925,EW9CtYKcLtW,V2OuNTRI6ua
1926,EW9CtYKcLtW,huBy3W5qiD2
1927,EW9CtYKcLtW,F1rms8f9I9a
1928,EW9CtYKcLtW,Crc5reUlspd
1929,EW9CtYKcLtW,c7gvocRdg0f
1930,EW9CtYKcLtW,u3CkZqMHfHP
1931,EW9CtYKcLtW,dCKzhhINakS
1932,EW9CtYKcLtW,XVHTeecEOM3
1933,x7org9a9fBl,zh2zAaHyYQx
1934,x7org9a9fBl,wDiX34aiw6i
1935,x7org9a9fBl,V2OuNTRI6ua
1936,x7org9a9fBl,huBy3W5qiD2
1937,x7org9a9fBl,F1rms8f9I9a
1938,x7org9a9fBl,Crc5reUlspd
1939,x7org9a9fBl,c7gvocRdg0f
1940,x7org9a9fBl,u3CkZqMHfHP
1941,x7org9a9fBl,dCKzhhINakS
1942,x7org9a9fBl,XVHTeecEOM3
1943,wG9C2Nxm6Ax,zh2zAaHyYQx
1944,wG9C2Nxm6Ax,wDiX34aiw6i
1945,wG9C2Nxm6Ax,V2OuNTRI6ua
1946,wG9C2Nxm6Ax,huBy3W5qiD2
1947,wG9C2Nxm6Ax,F1rms8f9I9a
1948,wG9C2Nxm6Ax,Crc5reUlspd
1949,wG9C2Nxm6Ax,c7gvocRdg0f
1950,wG9C2Nxm6Ax,u3CkZqMHfHP
1951,wG9C2Nxm6Ax,dCKzhhINakS
1952,wG9C2Nxm6Ax,XVHTeecEOM3
1953,wQhGJkLlk9L,zh2zAaHyYQx
1954,wQhGJkLlk9L,wDiX34aiw6i
1955,wQhGJkLlk9L,V2OuNTRI6ua
1956,wQhGJkLlk9L,huBy3W5qiD2
1957,wQhGJkLlk9L,F1rms8f9I9a
1958,wQhGJkLlk9L,Crc5reUlspd
1959,wQhGJkLlk9L,c7gvocRdg0f
1960,wQhGJkLlk9L,u3CkZqMHfHP
1961,wQhGJkLlk9L,dCKzhhINakS
1962,wQhGJkLlk9L,XVHTeecEOM3
1963,bGQnqBeCS7o,zh2zAaHyYQx
1964,bGQnqBeCS7o,wDiX34aiw6i
1965,bGQnqBeCS7o,V2OuNTRI6ua
1966,bGQnqBeCS7o,huBy3W5qiD2
1967,bGQnqBeCS7o,F1rms8f9I9a
1968,bGQnqBeCS7o,Crc5reUlspd
1969,bGQnqBeCS7o,c7gvocRdg0f
1970,bGQnqBeCS7o,u3CkZqMHfHP
1971,bGQnqBeCS7o,dCKzhhINakS
1972,bGQnqBeCS7o,XVHTeecEOM3
1973,NwPVFdIUZTR,zh2zAaHyYQx
1974,NwPVFdIUZTR,wDiX34aiw6i
1975,NwPVFdIUZTR,V2OuNTRI6ua
1976,NwPVFdIUZTR,huBy3W5qiD2
1977,NwPVFdIUZTR,F1rms8f9I9a
1978,NwPVFdIUZTR,Crc5reUlspd
1979,NwPVFdIUZTR,c7gvocRdg0f
1980,NwPVFdIUZTR,u3CkZqMHfHP
1981,NwPVFdIUZTR,dCKzhhINakS
1982,NwPVFdIUZTR,XVHTeecEOM3
1983,ors2q2LHiMG,WalQ4zu7RLz
1984,ors2q2LHiMG,r01f3QfmLJS
1985,ors2q2LHiMG,bmT820wlIV5
1986,ors2q2LHiMG,vrSTfWaEZfP
1987,ors2q2LHiMG,RKbp3GCvRrF
1988,ors2q2LHiMG,I28asEo67Mt
1989,PbKh13x7qOw,SgtJVRGlRIo
1990,PbKh13x7qOw,nusEBjg8bes
1991,PbKh13x7qOw,sHKK94BX2Rp
1992,PbKh13x7qOw,kkV0Rfqo4Ru
1993,PbKh13x7qOw,UKCxMVgAc2s
1994,PbKh13x7qOw,WyNau0T37h4
1995,PbKh13x7qOw,OhmzAkCmkjU
1996,PbKh13x7qOw,oIxEDq59GUL
1997,PbKh13x7qOw,DHWRwZkFHqc
1998,PbKh13x7qOw,mJNtXTVt6T1
1999,DXRJOWn9mDZ,zh2zAaHyYQx
2000,DXRJOWn9mDZ,wDiX34aiw6i
2001,DXRJOWn9mDZ,V2OuNTRI6ua
2002,DXRJOWn9mDZ,huBy3W5qiD2
2003,DXRJOWn9mDZ,F1rms8f9I9a
2004,DXRJOWn9mDZ,Crc5reUlspd
2005,DXRJOWn9mDZ,c7gvocRdg0f
2006,DXRJOWn9mDZ,u3CkZqMHfHP
2007,DXRJOWn9mDZ,dCKzhhINakS
2008,DXRJOWn9mDZ,XVHTeecEOM3
2009,OcI82XeloG0,SM9d5ybWcr0
2010,OcI82XeloG0,H5MiomGgbbi
2011,OcI82XeloG0,OUPWAOZojRb
2012,APakVS7PrGw,WalQ4zu7RLz
2013,APakVS7PrGw,r01f3QfmLJS
2014,APakVS7PrGw,bmT820wlIV5
2015,APakVS7PrGw,vrSTfWaEZfP
2016,APakVS7PrGw,RKbp3GCvRrF
2017,APakVS7PrGw,I28asEo67Mt
2018,EQK28HH3I2m,WalQ4zu7RLz
2019,EQK28HH3I2m,r01f3QfmLJS
2020,EQK28HH3I2m,bmT820wlIV5
2021,EQK28HH3I2m,vrSTfWaEZfP
2022,EQK28HH3I2m,RKbp3GCvRrF
2023,EQK28HH3I2m,I28asEo67Mt
2024,TDUjUDLnV9v,zh2zAaHyYQx
2025,TDUjUDLnV9v,wDiX34aiw6i
2026,TDUjUDLnV9v,V2OuNTRI6ua
2027,TDUjUDLnV9v,huBy3W5qiD2
2028,TDUjUDLnV9v,F1rms8f9I9a
2029,TDUjUDLnV9v,Crc5reUlspd
2030,TDUjUDLnV9v,c7gvocRdg0f
2031,TDUjUDLnV9v,u3CkZqMHfHP
2032,TDUjUDLnV9v,dCKzhhINakS
2033,TDUjUDLnV9v,XVHTeecEOM3
2034,qYT9nuouno5,SgtJVRGlRIo
2035,qYT9nuouno5,nusEBjg8bes
2036,qYT9nuouno5,sHKK94BX2Rp
2037,qYT9nuouno5,kkV0Rfqo4Ru
2038,qYT9nuouno5,UKCxMVgAc2s
2039,qYT9nuouno5,WyNau0T37h4
2040,qYT9nuouno5,OhmzAkCmkjU
2041,qYT9nuouno5,oIxEDq59GUL
2042,qYT9nuouno5,DHWRwZkFHqc
2043,qYT9nuouno5,mJNtXTVt6T1
2044,i8cNouFCF3G,zh2zAaHyYQx
2045,i8cNouFCF3G,wDiX34aiw6i
2046,i8cNouFCF3G,V2OuNTRI6ua
2047,i8cNouFCF3G,huBy3W5qiD2
2048,i8cNouFCF3G,F1rms8f9I9a
2049,i8cNouFCF3G,Crc5reUlspd
2050,i8cNouFCF3G,c7gvocRdg0f
2051,i8cNouFCF3G,u3CkZqMHfHP
2052,i8cNouFCF3G,dCKzhhINakS
2053,i8cNouFCF3G,XVHTeecEOM3
2054,tWPk74YvWxJ,SM9d5ybWcr0
2055,tWPk74YvWxJ,H5MiomGgbbi
2056,tWPk74YvWxJ,OUPWAOZojRb
2057,hIM0TcKs9jn,zh2zAaHyYQx
2058,hIM0TcKs9jn,wDiX34aiw6i
2059,hIM0TcKs9jn,V2OuNTRI6ua
2060,hIM0TcKs9jn,huBy3W5qiD2
2061,hIM0TcKs9jn,F1rms8f9I9a
2062,hIM0TcKs9jn,Crc5reUlspd
2063,hIM0TcKs9jn,c7gvocRdg0f
2064,hIM0TcKs9jn,u3CkZqMHfHP
2065,hIM0TcKs9jn,dCKzhhINakS
2066,hIM0TcKs9jn,XVHTeecEOM3
2067,RuSkTA940Cg,zh2zAaHyYQx
2068,RuSkTA940Cg,wDiX34aiw6i
2069,RuSkTA940Cg,V2OuNTRI6ua
2070,RuSkTA940Cg,huBy3W5qiD2
2071,RuSkTA940Cg,F1rms8f9I9a
2072,RuSkTA940Cg,Crc5reUlspd
2073,RuSkTA940Cg,c7gvocRdg0f
2074,RuSkTA940Cg,u3CkZqMHfHP
2075,RuSkTA940Cg,dCKzhhINakS
2076,RuSkTA940Cg,XVHTeecEOM3
2077,I6o8nztRnRA,WalQ4zu7RLz
2078,I6o8nztRnRA,r01f3QfmLJS
2079,I6o8nztRnRA,bmT820wlIV5
2080,I6o8nztRnRA,vrSTfWaEZfP
2081,I6o8nztRnRA,RKbp3GCvRrF
2082,I6o8nztRnRA,I28asEo67Mt
2083,ULdlyFHRD2i,SM9d5ybWcr0
2084,ULdlyFHRD2i,H5MiomGgbbi
2085,ULdlyFHRD2i,OUPWAOZojRb
2086,MIzh6JUSxX9,zh2zAaHyYQx
2087,MIzh6JUSxX9,wDiX34aiw6i
2088,MIzh6JUSxX9,V2OuNTRI6ua
2089,MIzh6JUSxX9,huBy3W5qiD2
2090,MIzh6JUSxX9,F1rms8f9I9a
2091,MIzh6JUSxX9,Crc5reUlspd
2092,MIzh6JUSxX9,c7gvocRdg0f
2093,MIzh6JUSxX9,u3CkZqMHfHP
2094,MIzh6JUSxX9,dCKzhhINakS
2095,MIzh6JUSxX9,XVHTeecEOM3
2096,noF1xcq2d7b,zh2zAaHyYQx
2097,noF1xcq2d7b,wDiX34aiw6i
2098,noF1xcq2d7b,V2OuNTRI6ua
2099,noF1xcq2d7b,huBy3W5qiD2
2100,noF1xcq2d7b,F1rms8f9I9a
2101,noF1xcq2d7b,Crc5reUlspd
2102,noF1xcq2d7b,c7gvocRdg0f
2103,noF1xcq2d7b,u3CkZqMHfHP
2104,noF1xcq2d7b,dCKzhhINakS
2105,noF1xcq2d7b,XVHTeecEOM3
2106,pvsPMH1Nuxd,WalQ4zu7RLz
2107,pvsPMH1Nuxd,r01f3QfmLJS
2108,pvsPMH1Nuxd,bmT820wlIV5
2109,pvsPMH1Nuxd,vrSTfWaEZfP
2110,pvsPMH1Nuxd,RKbp3GCvRrF
2111,pvsPMH1Nuxd,I28asEo67Mt
2112,U1BNNFWrGfC,zh2zAaHyYQx
2113,U1BNNFWrGfC,wDiX34aiw6i
2114,U1BNNFWrGfC,V2OuNTRI6ua
2115,U1BNNFWrGfC,huBy3W5qiD2
2116,U1BNNFWrGfC,F1rms8f9I9a
2117,U1BNNFWrGfC,Crc5reUlspd
2118,U1BNNFWrGfC,c7gvocRdg0f
2119,U1BNNFWrGfC,u3CkZqMHfHP
2120,U1BNNFWrGfC,dCKzhhINakS
2121,U1BNNFWrGfC,XVHTeecEOM3
2122,llcQzAlLAWc,zh2zAaHyYQx
2123,llcQzAlLAWc,wDiX34aiw6i
2124,llcQzAlLAWc,V2OuNTRI6ua
2125,llcQzAlLAWc,huBy3W5qiD2
2126,llcQzAlLAWc,F1rms8f9I9a
2127,llcQzAlLAWc,Crc5reUlspd
2128,llcQzAlLAWc,c7gvocRdg0f
2129,llcQzAlLAWc,u3CkZqMHfHP
2130,llcQzAlLAWc,dCKzhhINakS
2131,llcQzAlLAWc,XVHTeecEOM3
2132,NULShPZ7cv4,zh2zAaHyYQx
2133,NULShPZ7cv4,wDiX34aiw6i
2134,NULShPZ7cv4,V2OuNTRI6ua
2135,NULShPZ7cv4,huBy3W5qiD2
2136,NULShPZ7cv4,F1rms8f9I9a
2137,NULShPZ7cv4,Crc5reUlspd
2138,NULShPZ7cv4,c7gvocRdg0f
2139,NULShPZ7cv4,u3CkZqMHfHP
2140,NULShPZ7cv4,dCKzhhINakS
2141,NULShPZ7cv4,XVHTeecEOM3
2142,G609zXjR0MT,zh2zAaHyYQx
2143,G609zXjR0MT,wDiX34aiw6i
2144,G609zXjR0MT,V2OuNTRI6ua
2145,G609zXjR0MT,huBy3W5qiD2
2146,G609zXjR0MT,F1rms8f9I9a
2147,G609zXjR0MT,Crc5reUlspd
2148,G609zXjR0MT,c7gvocRdg0f
2149,G609zXjR0MT,u3CkZqMHfHP
2150,G609zXjR0MT,dCKzhhINakS
2151,G609zXjR0MT,XVHTeecEOM3
2152,ISjf8MupQtT,zh2zAaHyYQx
2153,ISjf8MupQtT,wDiX34aiw6i
2154,ISjf8MupQtT,V2OuNTRI6ua
2155,ISjf8MupQtT,huBy3W5qiD2
2156,ISjf8MupQtT,F1rms8f9I9a
2157,ISjf8MupQtT,Crc5reUlspd
2158,ISjf8MupQtT,c7gvocRdg0f
2159,ISjf8MupQtT,u3CkZqMHfHP
2160,ISjf8MupQtT,dCKzhhINakS
2161,ISjf8MupQtT,XVHTeecEOM3
2162,f4EMPCsGIJS,zh2zAaHyYQx
2163,f4EMPCsGIJS,wDiX34aiw6i
2164,f4EMPCsGIJS,V2OuNTRI6ua
2165,f4EMPCsGIJS,huBy3W5qiD2
2166,f4EMPCsGIJS,F1rms8f9I9a
2167,f4EMPCsGIJS,Crc5reUlspd
2168,f4EMPCsGIJS,c7gvocRdg0f
2169,f4EMPCsGIJS,u3CkZqMHfHP
2170,f4EMPCsGIJS,dCKzhhINakS
2171,f4EMPCsGIJS,XVHTeecEOM3
2172,KX2JjBGDgUL,yabsZCXTQRM
2173,KX2JjBGDgUL,yWdrn6SiVZ9
2174,KX2JjBGDgUL,zLX9lB6eIHI
2175,KX2JjBGDgUL,C9j1R3XeUB3
2176,KX2JjBGDgUL,sBvVzuUN7ty
2177,KX2JjBGDgUL,JqdVRiI92bd
2178,KX2JjBGDgUL,tD3pn44uScE
2179,KX2JjBGDgUL,Mv9SNsGCT5e
2180,KX2JjBGDgUL,rU0HnmI7P8S
2181,KX2JjBGDgUL,pfXBcPz6khi
2182,fDaXpAMKWNP,zh2zAaHyYQx
2183,fDaXpAMKWNP,wDiX34aiw6i
2184,fDaXpAMKWNP,V2OuNTRI6ua
2185,fDaXpAMKWNP,huBy3W5qiD2
2186,fDaXpAMKWNP,F1rms8f9I9a
2187,fDaXpAMKWNP,Crc5reUlspd
2188,fDaXpAMKWNP,c7gvocRdg0f
2189,fDaXpAMKWNP,u3CkZqMHfHP
2190,fDaXpAMKWNP,dCKzhhINakS
2191,fDaXpAMKWNP,XVHTeecEOM3
2192,gJcasU4LiKU,zh2zAaHyYQx
2193,gJcasU4LiKU,wDiX34aiw6i
2194,gJcasU4LiKU,V2OuNTRI6ua
2195,gJcasU4LiKU,huBy3W5qiD2
2196,gJcasU4LiKU,F1rms8f9I9a
2197,gJcasU4LiKU,Crc5reUlspd
2198,gJcasU4LiKU,c7gvocRdg0f
2199,gJcasU4LiKU,u3CkZqMHfHP
2200,gJcasU4LiKU,dCKzhhINakS
2201,gJcasU4LiKU,XVHTeecEOM3
2202,dgnUFBzt87d,SgtJVRGlRIo
2203,dgnUFBzt87d,nusEBjg8bes
2204,dgnUFBzt87d,sHKK94BX2Rp
2205,dgnUFBzt87d,kkV0Rfqo4Ru
2206,dgnUFBzt87d,UKCxMVgAc2s
2207,dgnUFBzt87d,WyNau0T37h4
2208,dgnUFBzt87d,OhmzAkCmkjU
2209,dgnUFBzt87d,oIxEDq59GUL
2210,dgnUFBzt87d,DHWRwZkFHqc
2211,dgnUFBzt87d,mJNtXTVt6T1
2212,zRqFF1DW2sc,zh2zAaHyYQx
2213,zRqFF1DW2sc,wDiX34aiw6i
2214,zRqFF1DW2sc,V2OuNTRI6ua
2215,zRqFF1DW2sc,huBy3W5qiD2
2216,zRqFF1DW2sc,F1rms8f9I9a
2217,zRqFF1DW2sc,Crc5reUlspd
2218,zRqFF1DW2sc,c7gvocRdg0f
2219,zRqFF1DW2sc,u3CkZqMHfHP
2220,zRqFF1DW2sc,dCKzhhINakS
2221,zRqFF1DW2sc,XVHTeecEOM3
2222,i0m5sElYwRw,zh2zAaHyYQx
2223,i0m5sElYwRw,wDiX34aiw6i
2224,i0m5sElYwRw,V2OuNTRI6ua
2225,i0m5sElYwRw,huBy3W5qiD2
2226,i0m5sElYwRw,F1rms8f9I9a
2227,i0m5sElYwRw,Crc5reUlspd
2228,i0m5sElYwRw,c7gvocRdg0f
2229,i0m5sElYwRw,u3CkZqMHfHP
2230,i0m5sElYwRw,dCKzhhINakS
2231,i0m5sElYwRw,XVHTeecEOM3
2232,IrOzlHtz5Wn,SM9d5ybWcr0
2233,IrOzlHtz5Wn,H5MiomGgbbi
2234,IrOzlHtz5Wn,OUPWAOZojRb
2235,ZictGmIEizv,pvlQCJPgNBf
2236,ZictGmIEizv,slbcw6naLWL
2237,ZictGmIEizv,TBB5Bs0EJPq
2238,ZictGmIEizv,RxuzjTrDPzp
2239,ZictGmIEizv,cunGU4fGzfD
2240,ZictGmIEizv,zS2FhRuKp1b
2241,ZictGmIEizv,rEAkXQROSUS
2242,ZictGmIEizv,Up5qCxYh4pN
2243,ZictGmIEizv,A4exOip3pCg
2244,ZictGmIEizv,QUzLjdveSOz
2245,ZictGmIEizv,iTdW73TXhq2
2246,ZictGmIEizv,dNlKeKmJDy0
2247,BrCt0LZfKOA,zh2zAaHyYQx
2248,BrCt0LZfKOA,wDiX34aiw6i
2249,BrCt0LZfKOA,V2OuNTRI6ua
2250,BrCt0LZfKOA,huBy3W5qiD2
2251,BrCt0LZfKOA,F1rms8f9I9a
2252,BrCt0LZfKOA,Crc5reUlspd
2253,BrCt0LZfKOA,c7gvocRdg0f
2254,BrCt0LZfKOA,u3CkZqMHfHP
2255,BrCt0LZfKOA,dCKzhhINakS
2256,BrCt0LZfKOA,XVHTeecEOM3
2257,Uc7qNoswtZh,yabsZCXTQRM
2258,Uc7qNoswtZh,yWdrn6SiVZ9
2259,Uc7qNoswtZh,zLX9lB6eIHI
2260,Uc7qNoswtZh,C9j1R3XeUB3
2261,Uc7qNoswtZh,sBvVzuUN7ty
2262,Uc7qNoswtZh,JqdVRiI92bd
2263,Uc7qNoswtZh,tD3pn44uScE
2264,Uc7qNoswtZh,Mv9SNsGCT5e
2265,Uc7qNoswtZh,rU0HnmI7P8S
2266,Uc7qNoswtZh,pfXBcPz6khi
2267,heRf8NdGtgO,DLDsKwcRbg6
2268,heRf8NdGtgO,aLAvdKNngLj
2269,heRf8NdGtgO,GGq56A6VDOH
2270,heRf8NdGtgO,ilrKcsh5Koe
2271,heRf8NdGtgO,IIR6adEa1OB
2272,heRf8NdGtgO,gz1FXw5EIqg
2273,heRf8NdGtgO,lzOXcTsAuej
2274,heRf8NdGtgO,jw6yxMmxVwq
2275,heRf8NdGtgO,yfyKbnNkovA
2276,heRf8NdGtgO,unLXOoWw1SX
2277,heRf8NdGtgO,pv6BQPGpVw9
2278,heRf8NdGtgO,D8qHM3UQCxx
2279,heRf8NdGtgO,GR1qONt4eXO
2280,heRf8NdGtgO,k24dFdMXmcp
2281,heRf8NdGtgO,iQUxynZSNwO
2282,heRf8NdGtgO,rpgymI2hHEl
2283,heRf8NdGtgO,N0SRC0ylR07
2284,heRf8NdGtgO,VtvpWI0gxSw
2285,heRf8NdGtgO,xMMwtEuJhd5
2286,heRf8NdGtgO,xJwbtyfWyl3
2287,DXLXok80AIj,zh2zAaHyYQx
2288,DXLXok80AIj,wDiX34aiw6i
2289,DXLXok80AIj,V2OuNTRI6ua
2290,DXLXok80AIj,huBy3W5qiD2
2291,DXLXok80AIj,F1rms8f9I9a
2292,DXLXok80AIj,Crc5reUlspd
2293,DXLXok80AIj,c7gvocRdg0f
2294,DXLXok80AIj,u3CkZqMHfHP
2295,DXLXok80AIj,dCKzhhINakS
2296,DXLXok80AIj,XVHTeecEOM3
2297,DJEFIxEK7x7,WalQ4zu7RLz
2298,DJEFIxEK7x7,r01f3QfmLJS
2299,DJEFIxEK7x7,bmT820wlIV5
2300,DJEFIxEK7x7,vrSTfWaEZfP
2301,DJEFIxEK7x7,RKbp3GCvRrF
2302,DJEFIxEK7x7,I28asEo67Mt
2303,DqwDo93s94G,SgtJVRGlRIo
2304,DqwDo93s94G,nusEBjg8bes
2305,DqwDo93s94G,sHKK94BX2Rp
2306,DqwDo93s94G,kkV0Rfqo4Ru
2307,DqwDo93s94G,UKCxMVgAc2s
2308,DqwDo93s94G,WyNau0T37h4
2309,DqwDo93s94G,OhmzAkCmkjU
2310,DqwDo93s94G,oIxEDq59GUL
2311,DqwDo93s94G,DHWRwZkFHqc
2312,DqwDo93s94G,mJNtXTVt6T1
2313,KplTNE1bpfW,HllvX50cXC0
2314,sT8ZD8ZDzVG,WalQ4zu7RLz
2315,sT8ZD8ZDzVG,r01f3QfmLJS
2316,sT8ZD8ZDzVG,bmT820wlIV5
2317,sT8ZD8ZDzVG,vrSTfWaEZfP
2318,sT8ZD8ZDzVG,RKbp3GCvRrF
2319,sT8ZD8ZDzVG,I28asEo67Mt
2320,rEWDIpmHS51,SM9d5ybWcr0
2321,rEWDIpmHS51,H5MiomGgbbi
2322,rEWDIpmHS51,OUPWAOZojRb
2323,ZYFrtLX1nRw,zh2zAaHyYQx
2324,ZYFrtLX1nRw,wDiX34aiw6i
2325,ZYFrtLX1nRw,V2OuNTRI6ua
2326,ZYFrtLX1nRw,huBy3W5qiD2
2327,ZYFrtLX1nRw,F1rms8f9I9a
2328,ZYFrtLX1nRw,Crc5reUlspd
2329,ZYFrtLX1nRw,c7gvocRdg0f
2330,ZYFrtLX1nRw,u3CkZqMHfHP
2331,ZYFrtLX1nRw,dCKzhhINakS
2332,ZYFrtLX1nRw,XVHTeecEOM3
2333,Zo6Mv0tIdmo,SM9d5ybWcr0
2334,Zo6Mv0tIdmo,H5MiomGgbbi
2335,Zo6Mv0tIdmo,OUPWAOZojRb
2336,wcEQfD9THHr,zh2zAaHyYQx
2337,wcEQfD9THHr,wDiX34aiw6i
2338,wcEQfD9THHr,V2OuNTRI6ua
2339,wcEQfD9THHr,huBy3W5qiD2
2340,wcEQfD9THHr,F1rms8f9I9a
2341,wcEQfD9THHr,Crc5reUlspd
2342,wcEQfD9THHr,c7gvocRdg0f
2343,wcEQfD9THHr,u3CkZqMHfHP
2344,wcEQfD9THHr,dCKzhhINakS
2345,wcEQfD9THHr,XVHTeecEOM3
2346,M9vLTGyGuMm,zh2zAaHyYQx
2347,M9vLTGyGuMm,wDiX34aiw6i
2348,M9vLTGyGuMm,V2OuNTRI6ua
2349,M9vLTGyGuMm,huBy3W5qiD2
2350,M9vLTGyGuMm,F1rms8f9I9a
2351,M9vLTGyGuMm,Crc5reUlspd
2352,M9vLTGyGuMm,c7gvocRdg0f
2353,M9vLTGyGuMm,u3CkZqMHfHP
2354,M9vLTGyGuMm,dCKzhhINakS
2355,M9vLTGyGuMm,XVHTeecEOM3
2356,Pqm6ZFmsEId,zh2zAaHyYQx
2357,Pqm6ZFmsEId,wDiX34aiw6i
2358,Pqm6ZFmsEId,V2OuNTRI6ua
2359,Pqm6ZFmsEId,huBy3W5qiD2
2360,Pqm6ZFmsEId,F1rms8f9I9a
2361,Pqm6ZFmsEId,Crc5reUlspd
2362,Pqm6ZFmsEId,c7gvocRdg0f
2363,Pqm6ZFmsEId,u3CkZqMHfHP
2364,Pqm6ZFmsEId,dCKzhhINakS
2365,Pqm6ZFmsEId,XVHTeecEOM3
2366,oNhhWyhf7Ue,zh2zAaHyYQx
2367,oNhhWyhf7Ue,wDiX34aiw6i
2368,oNhhWyhf7Ue,V2OuNTRI6ua
2369,oNhhWyhf7Ue,huBy3W5qiD2
2370,oNhhWyhf7Ue,F1rms8f9I9a
2371,oNhhWyhf7Ue,Crc5reUlspd
2372,oNhhWyhf7Ue,c7gvocRdg0f
2373,oNhhWyhf7Ue,u3CkZqMHfHP
2374,oNhhWyhf7Ue,dCKzhhINakS
2375,oNhhWyhf7Ue,XVHTeecEOM3
2376,gN26QajXn26,zh2zAaHyYQx
2377,gN26QajXn26,wDiX34aiw6i
2378,gN26QajXn26,V2OuNTRI6ua
2379,gN26QajXn26,huBy3W5qiD2
2380,gN26QajXn26,F1rms8f9I9a
2381,gN26QajXn26,Crc5reUlspd
2382,gN26QajXn26,c7gvocRdg0f
2383,gN26QajXn26,u3CkZqMHfHP
2384,gN26QajXn26,dCKzhhINakS
2385,gN26QajXn26,XVHTeecEOM3
2386,I7sHmCQnXcV,zh2zAaHyYQx
2387,I7sHmCQnXcV,wDiX34aiw6i
2388,I7sHmCQnXcV,V2OuNTRI6ua
2389,I7sHmCQnXcV,huBy3W5qiD2
2390,I7sHmCQnXcV,F1rms8f9I9a
2391,I7sHmCQnXcV,Crc5reUlspd
2392,I7sHmCQnXcV,c7gvocRdg0f
2393,I7sHmCQnXcV,u3CkZqMHfHP
2394,I7sHmCQnXcV,dCKzhhINakS
2395,I7sHmCQnXcV,XVHTeecEOM3
2396,Cw3RNymXWjr,zh2zAaHyYQx
2397,Cw3RNymXWjr,wDiX34aiw6i
2398,Cw3RNymXWjr,V2OuNTRI6ua
2399,Cw3RNymXWjr,huBy3W5qiD2
2400,Cw3RNymXWjr,F1rms8f9I9a
2401,Cw3RNymXWjr,Crc5reUlspd
2402,Cw3RNymXWjr,c7gvocRdg0f
2403,Cw3RNymXWjr,u3CkZqMHfHP
2404,Cw3RNymXWjr,dCKzhhINakS
2405,Cw3RNymXWjr,XVHTeecEOM3
2406,emAC75vtXFj,SM9d5ybWcr0
2407,emAC75vtXFj,H5MiomGgbbi
2408,emAC75vtXFj,OUPWAOZojRb
2409,PzFwdjFeUr1,d0tWwN5O6NO
2410,PzFwdjFeUr1,Ve34gUv8xMH
2411,PzFwdjFeUr1,OE9AdLE48yj
2412,PzFwdjFeUr1,NFNV30tIn8T
2413,PzFwdjFeUr1,AmyeUte6IfQ
2414,PzFwdjFeUr1,KLjBWPSSfqG
2415,PzFwdjFeUr1,QwmgfRLXySv
2416,PzFwdjFeUr1,VyCuYZXDXiO
2417,PzFwdjFeUr1,Zacetp7r5HC
2418,PzFwdjFeUr1,a9NFxaXN9KD
2419,PzFwdjFeUr1,sBkrGKNQ0uz
2420,PzFwdjFeUr1,A2ZsKFXp6Vn
2421,PzFwdjFeUr1,eDQHbmqfA0E
2422,PzFwdjFeUr1,lvYG6LfU4Jo
2423,PzFwdjFeUr1,Z2df6EDsYk1
2424,PzFwdjFeUr1,rkbc2xbaa8g
2425,PzFwdjFeUr1,dBzKnHTWCkK
2426,PzFwdjFeUr1,GMPyv2RPvxm
2427,PzFwdjFeUr1,gp5AoqZCBjE
2428,PzFwdjFeUr1,rsV4LLJt5Lw
2429,dCNNhoMn3rv,WalQ4zu7RLz
2430,dCNNhoMn3rv,r01f3QfmLJS
2431,dCNNhoMn3rv,bmT820wlIV5
2432,dCNNhoMn3rv,vrSTfWaEZfP
2433,dCNNhoMn3rv,RKbp3GCvRrF
2434,dCNNhoMn3rv,I28asEo67Mt
2435,ou6tD32JxCB,zh2zAaHyYQx
2436,ou6tD32JxCB,wDiX34aiw6i
2437,ou6tD32JxCB,V2OuNTRI6ua
2438,ou6tD32JxCB,huBy3W5qiD2
2439,ou6tD32JxCB,F1rms8f9I9a
2440,ou6tD32JxCB,Crc5reUlspd
2441,ou6tD32JxCB,c7gvocRdg0f
2442,ou6tD32JxCB,u3CkZqMHfHP
2443,ou6tD32JxCB,dCKzhhINakS
2444,ou6tD32JxCB,XVHTeecEOM3
2445,bTrQT7XJULv,zh2zAaHyYQx
2446,bTrQT7XJULv,wDiX34aiw6i
2447,bTrQT7XJULv,V2OuNTRI6ua
2448,bTrQT7XJULv,huBy3W5qiD2
2449,bTrQT7XJULv,F1rms8f9I9a
2450,bTrQT7XJULv,Crc5reUlspd
2451,bTrQT7XJULv,c7gvocRdg0f
2452,bTrQT7XJULv,u3CkZqMHfHP
2453,bTrQT7XJULv,dCKzhhINakS
2454,bTrQT7XJULv,XVHTeecEOM3
2455,nKq5QkCVG2t,zh2zAaHyYQx
2456,nKq5QkCVG2t,wDiX34aiw6i
2457,nKq5QkCVG2t,V2OuNTRI6ua
2458,nKq5QkCVG2t,huBy3W5qiD2
2459,nKq5QkCVG2t,F1rms8f9I9a
2460,nKq5QkCVG2t,Crc5reUlspd
2461,nKq5QkCVG2t,c7gvocRdg0f
2462,nKq5QkCVG2t,u3CkZqMHfHP
2463,nKq5QkCVG2t,dCKzhhINakS
2464,nKq5QkCVG2t,XVHTeecEOM3
2465,fYuyFJVdxi4,zh2zAaHyYQx
2466,fYuyFJVdxi4,wDiX34aiw6i
2467,fYuyFJVdxi4,V2OuNTRI6ua
2468,fYuyFJVdxi4,huBy3W5qiD2
2469,fYuyFJVdxi4,F1rms8f9I9a
2470,fYuyFJVdxi4,Crc5reUlspd
2471,fYuyFJVdxi4,c7gvocRdg0f
2472,fYuyFJVdxi4,u3CkZqMHfHP
2473,fYuyFJVdxi4,dCKzhhINakS
2474,fYuyFJVdxi4,XVHTeecEOM3
2475,tei6iz8HFfo,SgtJVRGlRIo
2476,tei6iz8HFfo,nusEBjg8bes
2477,tei6iz8HFfo,sHKK94BX2Rp
2478,tei6iz8HFfo,kkV0Rfqo4Ru
2479,tei6iz8HFfo,UKCxMVgAc2s
2480,tei6iz8HFfo,WyNau0T37h4
2481,tei6iz8HFfo,OhmzAkCmkjU
2482,tei6iz8HFfo,oIxEDq59GUL
2483,tei6iz8HFfo,DHWRwZkFHqc
2484,tei6iz8HFfo,mJNtXTVt6T1
2485,rHrUVCg2JFi,wcbqTyLOCYU
2486,rHrUVCg2JFi,fkeMwVLKUyi
2487,rHrUVCg2JFi,FqUuiCGELpZ
2488,rHrUVCg2JFi,ITt4hJUPzgc
2489,rHrUVCg2JFi,EVJwOnx0wy9
2490,rHrUVCg2JFi,bdbxoGD7oAY
2491,rHrUVCg2JFi,QzcaaLV5dVM
2492,rHrUVCg2JFi,Q29KLru4s67
2493,rHrUVCg2JFi,XfXgs4Xao0Y
2494,rHrUVCg2JFi,ddHDso5Uizg
2495,rHrUVCg2JFi,MJzZmZ3OMxI
2496,rHrUVCg2JFi,n5YvcIzcYaF
2497,rHrUVCg2JFi,UShugsidUxz
2498,rHrUVCg2JFi,SPvm3s5w8ZJ
2499,rHrUVCg2JFi,zBEtAxHIaIx
2500,rHrUVCg2JFi,EJn0qutf2Uh
2501,hCRvkCwYdvt,zh2zAaHyYQx
2502,hCRvkCwYdvt,wDiX34aiw6i
2503,hCRvkCwYdvt,V2OuNTRI6ua
2504,hCRvkCwYdvt,huBy3W5qiD2
2505,hCRvkCwYdvt,F1rms8f9I9a
2506,hCRvkCwYdvt,Crc5reUlspd
2507,hCRvkCwYdvt,c7gvocRdg0f
2508,hCRvkCwYdvt,u3CkZqMHfHP
2509,hCRvkCwYdvt,dCKzhhINakS
2510,hCRvkCwYdvt,XVHTeecEOM3
2511,B6UIq3bT4xe,zh2zAaHyYQx
2512,B6UIq3bT4xe,wDiX34aiw6i
2513,B6UIq3bT4xe,V2OuNTRI6ua
2514,B6UIq3bT4xe,huBy3W5qiD2
2515,B6UIq3bT4xe,F1rms8f9I9a
2516,B6UIq3bT4xe,Crc5reUlspd
2517,B6UIq3bT4xe,c7gvocRdg0f
2518,B6UIq3bT4xe,u3CkZqMHfHP
2519,B6UIq3bT4xe,dCKzhhINakS
2520,B6UIq3bT4xe,XVHTeecEOM3
2521,XzmwRedvq4X,zh2zAaHyYQx
2522,XzmwRedvq4X,wDiX34aiw6i
2523,XzmwRedvq4X,V2OuNTRI6ua
2524,XzmwRedvq4X,huBy3W5qiD2
2525,XzmwRedvq4X,F1rms8f9I9a
2526,XzmwRedvq4X,Crc5reUlspd
2527,XzmwRedvq4X,c7gvocRdg0f
2528,XzmwRedvq4X,u3CkZqMHfHP
2529,XzmwRedvq4X,dCKzhhINakS
2530,XzmwRedvq4X,XVHTeecEOM3
2531,KzWysud4d7g,zh2zAaHyYQx
2532,KzWysud4d7g,wDiX34aiw6i
2533,KzWysud4d7g,V2OuNTRI6ua
2534,KzWysud4d7g,huBy3W5qiD2
2535,KzWysud4d7g,F1rms8f9I9a
2536,KzWysud4d7g,Crc5reUlspd
2537,KzWysud4d7g,c7gvocRdg0f
2538,KzWysud4d7g,u3CkZqMHfHP
2539,KzWysud4d7g,dCKzhhINakS
2540,KzWysud4d7g,XVHTeecEOM3
2541,HZta0QpakWG,SM9d5ybWcr0
2542,HZta0QpakWG,H5MiomGgbbi
2543,HZta0QpakWG,OUPWAOZojRb
2544,Ljm2E50atSw,zh2zAaHyYQx
2545,Ljm2E50atSw,wDiX34aiw6i
2546,Ljm2E50atSw,V2OuNTRI6ua
2547,Ljm2E50atSw,huBy3W5qiD2
2548,Ljm2E50atSw,F1rms8f9I9a
2549,Ljm2E50atSw,Crc5reUlspd
2550,Ljm2E50atSw,c7gvocRdg0f
2551,Ljm2E50atSw,u3CkZqMHfHP
2552,Ljm2E50atSw,dCKzhhINakS
2553,Ljm2E50atSw,XVHTeecEOM3
2554,PgLUhukgbZu,zh2zAaHyYQx
2555,PgLUhukgbZu,wDiX34aiw6i
2556,PgLUhukgbZu,V2OuNTRI6ua
2557,PgLUhukgbZu,huBy3W5qiD2
2558,PgLUhukgbZu,F1rms8f9I9a
2559,PgLUhukgbZu,Crc5reUlspd
2560,PgLUhukgbZu,c7gvocRdg0f
2561,PgLUhukgbZu,u3CkZqMHfHP
2562,PgLUhukgbZu,dCKzhhINakS
2563,PgLUhukgbZu,XVHTeecEOM3
2564,JQN4hw2IJmW,zh2zAaHyYQx
2565,JQN4hw2IJmW,wDiX34aiw6i
2566,JQN4hw2IJmW,V2OuNTRI6ua
2567,JQN4hw2IJmW,huBy3W5qiD2
2568,JQN4hw2IJmW,F1rms8f9I9a
2569,JQN4hw2IJmW,Crc5reUlspd
2570,JQN4hw2IJmW,c7gvocRdg0f
2571,JQN4hw2IJmW,u3CkZqMHfHP
2572,JQN4hw2IJmW,dCKzhhINakS
2573,JQN4hw2IJmW,XVHTeecEOM3
2574,LPbrf3PMYFv,zh2zAaHyYQx
2575,LPbrf3PMYFv,wDiX34aiw6i
2576,LPbrf3PMYFv,V2OuNTRI6ua
2577,LPbrf3PMYFv,huBy3W5qiD2
2578,LPbrf3PMYFv,F1rms8f9I9a
2579,LPbrf3PMYFv,Crc5reUlspd
2580,LPbrf3PMYFv,c7gvocRdg0f
2581,LPbrf3PMYFv,u3CkZqMHfHP
2582,LPbrf3PMYFv,dCKzhhINakS
2583,LPbrf3PMYFv,XVHTeecEOM3
2584,LlqbDNxuUpK,zh2zAaHyYQx
2585,LlqbDNxuUpK,wDiX34aiw6i
2586,LlqbDNxuUpK,V2OuNTRI6ua
2587,LlqbDNxuUpK,huBy3W5qiD2
2588,LlqbDNxuUpK,F1rms8f9I9a
2589,LlqbDNxuUpK,Crc5reUlspd
2590,LlqbDNxuUpK,c7gvocRdg0f
2591,LlqbDNxuUpK,u3CkZqMHfHP
2592,LlqbDNxuUpK,dCKzhhINakS
2593,LlqbDNxuUpK,XVHTeecEOM3
2594,Oq2D5NlAaZH,fbr68sqTEKR
2595,Oq2D5NlAaZH,yWIozWpVGde
2596,Oq2D5NlAaZH,eObZc3y09Bh
2597,Oq2D5NlAaZH,ml6TgIWWdH3
2598,Oq2D5NlAaZH,vGnxttOzglN
2599,Oq2D5NlAaZH,BSvMtDCiZAJ
2600,Oq2D5NlAaZH,rC7np2aSgzQ
2601,Oq2D5NlAaZH,btAQJ4dvcuc
2602,Oq2D5NlAaZH,ATVgV0shmyv
2603,Oq2D5NlAaZH,iz3jhBFrFop
2604,Oq2D5NlAaZH,YJbmxtwZ2Dp
2605,Oq2D5NlAaZH,AnF164KvhgZ
2606,Oq2D5NlAaZH,tJ9I0GJyrsJ
2607,Oq2D5NlAaZH,WqJhXlm3j9S
2608,Oq2D5NlAaZH,UOY7hA2xpUA
2609,Oq2D5NlAaZH,GMBwC7m2Tea
2610,Oq2D5NlAaZH,wmdKsYtMiVy
2611,Oq2D5NlAaZH,AW05HSHAq0i
2612,Oq2D5NlAaZH,lLNRDZPsnOs
2613,Oq2D5NlAaZH,ZTykIzgbe7T
2614,usPOInLIOoW,SM9d5ybWcr0
2615,usPOInLIOoW,H5MiomGgbbi
2616,usPOInLIOoW,OUPWAOZojRb
2617,Zaet28EvzQJ,WalQ4zu7RLz
2618,Zaet28EvzQJ,r01f3QfmLJS
2619,Zaet28EvzQJ,bmT820wlIV5
2620,Zaet28EvzQJ,vrSTfWaEZfP
2621,Zaet28EvzQJ,RKbp3GCvRrF
2622,Zaet28EvzQJ,I28asEo67Mt
2623,dOncxW7a20x,zh2zAaHyYQx
2624,dOncxW7a20x,wDiX34aiw6i
2625,dOncxW7a20x,V2OuNTRI6ua
2626,dOncxW7a20x,huBy3W5qiD2
2627,dOncxW7a20x,F1rms8f9I9a
2628,dOncxW7a20x,Crc5reUlspd
2629,dOncxW7a20x,c7gvocRdg0f
2630,dOncxW7a20x,u3CkZqMHfHP
2631,dOncxW7a20x,dCKzhhINakS
2632,dOncxW7a20x,XVHTeecEOM3
2633,Sqp9021uSu2,zh2zAaHyYQx
2634,Sqp9021uSu2,wDiX34aiw6i
2635,Sqp9021uSu2,V2OuNTRI6ua
2636,Sqp9021uSu2,huBy3W5qiD2
2637,Sqp9021uSu2,F1rms8f9I9a
2638,Sqp9021uSu2,Crc5reUlspd
2639,Sqp9021uSu2,c7gvocRdg0f
2640,Sqp9021uSu2,u3CkZqMHfHP
2641,Sqp9021uSu2,dCKzhhINakS
2642,Sqp9021uSu2,XVHTeecEOM3
2643,sQ4EexvvhVe,zh2zAaHyYQx
2644,sQ4EexvvhVe,wDiX34aiw6i
2645,sQ4EexvvhVe,V2OuNTRI6ua
2646,sQ4EexvvhVe,huBy3W5qiD2
2647,sQ4EexvvhVe,F1rms8f9I9a
2648,sQ4EexvvhVe,Crc5reUlspd
2649,sQ4EexvvhVe,c7gvocRdg0f
2650,sQ4EexvvhVe,u3CkZqMHfHP
2651,sQ4EexvvhVe,dCKzhhINakS
2652,sQ4EexvvhVe,XVHTeecEOM3
2653,cq15vx01pBd,SgtJVRGlRIo
2654,cq15vx01pBd,nusEBjg8bes
2655,cq15vx01pBd,sHKK94BX2Rp
2656,cq15vx01pBd,kkV0Rfqo4Ru
2657,cq15vx01pBd,UKCxMVgAc2s
2658,cq15vx01pBd,WyNau0T37h4
2659,cq15vx01pBd,OhmzAkCmkjU
2660,cq15vx01pBd,oIxEDq59GUL
2661,cq15vx01pBd,DHWRwZkFHqc
2662,cq15vx01pBd,mJNtXTVt6T1
2663,MmTOEDrGLc9,zh2zAaHyYQx
2664,MmTOEDrGLc9,wDiX34aiw6i
2665,MmTOEDrGLc9,V2OuNTRI6ua
2666,MmTOEDrGLc9,huBy3W5qiD2
2667,MmTOEDrGLc9,F1rms8f9I9a
2668,MmTOEDrGLc9,Crc5reUlspd
2669,MmTOEDrGLc9,c7gvocRdg0f
2670,MmTOEDrGLc9,u3CkZqMHfHP
2671,MmTOEDrGLc9,dCKzhhINakS
2672,MmTOEDrGLc9,XVHTeecEOM3
2673,CprWHgiXQbu,zh2zAaHyYQx
2674,CprWHgiXQbu,wDiX34aiw6i
2675,CprWHgiXQbu,V2OuNTRI6ua
2676,CprWHgiXQbu,huBy3W5qiD2
2677,CprWHgiXQbu,F1rms8f9I9a
2678,CprWHgiXQbu,Crc5reUlspd
2679,CprWHgiXQbu,c7gvocRdg0f
2680,CprWHgiXQbu,u3CkZqMHfHP
2681,CprWHgiXQbu,dCKzhhINakS
2682,CprWHgiXQbu,XVHTeecEOM3
2683,D1KYqc99vWs,zh2zAaHyYQx
2684,D1KYqc99vWs,wDiX34aiw6i
2685,D1KYqc99vWs,V2OuNTRI6ua
2686,D1KYqc99vWs,huBy3W5qiD2
2687,D1KYqc99vWs,F1rms8f9I9a
2688,D1KYqc99vWs,Crc5reUlspd
2689,D1KYqc99vWs,c7gvocRdg0f
2690,D1KYqc99vWs,u3CkZqMHfHP
2691,D1KYqc99vWs,dCKzhhINakS
2692,D1KYqc99vWs,XVHTeecEOM3
2693,Dem2BmAhrEl,zh2zAaHyYQx
2694,Dem2BmAhrEl,wDiX34aiw6i
2695,Dem2BmAhrEl,V2OuNTRI6ua
2696,Dem2BmAhrEl,huBy3W5qiD2
2697,Dem2BmAhrEl,F1rms8f9I9a
2698,Dem2BmAhrEl,Crc5reUlspd
2699,Dem2BmAhrEl,c7gvocRdg0f
2700,Dem2BmAhrEl,u3CkZqMHfHP
2701,Dem2BmAhrEl,dCKzhhINakS
2702,Dem2BmAhrEl,XVHTeecEOM3
2703,m9omjHwZD5V,SM9d5ybWcr0
2704,m9omjHwZD5V,H5MiomGgbbi
2705,m9omjHwZD5V,OUPWAOZojRb
2706,NcwKTZiSNbS,d0tWwN5O6NO
2707,NcwKTZiSNbS,Ve34gUv8xMH
2708,NcwKTZiSNbS,OE9AdLE48yj
2709,NcwKTZiSNbS,NFNV30tIn8T
2710,NcwKTZiSNbS,AmyeUte6IfQ
2711,NcwKTZiSNbS,KLjBWPSSfqG
2712,NcwKTZiSNbS,QwmgfRLXySv
2713,NcwKTZiSNbS,VyCuYZXDXiO
2714,NcwKTZiSNbS,Zacetp7r5HC
2715,NcwKTZiSNbS,a9NFxaXN9KD
2716,NcwKTZiSNbS,sBkrGKNQ0uz
2717,NcwKTZiSNbS,A2ZsKFXp6Vn
2718,NcwKTZiSNbS,eDQHbmqfA0E
2719,NcwKTZiSNbS,lvYG6LfU4Jo
2720,NcwKTZiSNbS,Z2df6EDsYk1
2721,NcwKTZiSNbS,rkbc2xbaa8g
2722,NcwKTZiSNbS,dBzKnHTWCkK
2723,NcwKTZiSNbS,GMPyv2RPvxm
2724,NcwKTZiSNbS,gp5AoqZCBjE
2725,NcwKTZiSNbS,rsV4LLJt5Lw
2726,NcwKTZiSNbS,zh2zAaHyYQx
2727,NcwKTZiSNbS,wDiX34aiw6i
2728,NcwKTZiSNbS,V2OuNTRI6ua
2729,NcwKTZiSNbS,huBy3W5qiD2
2730,NcwKTZiSNbS,F1rms8f9I9a
2731,NcwKTZiSNbS,Crc5reUlspd
2732,NcwKTZiSNbS,c7gvocRdg0f
2733,NcwKTZiSNbS,u3CkZqMHfHP
2734,NcwKTZiSNbS,dCKzhhINakS
2735,NcwKTZiSNbS,XVHTeecEOM3
2736,HjrQ7xEhXf4,zh2zAaHyYQx
2737,HjrQ7xEhXf4,wDiX34aiw6i
2738,HjrQ7xEhXf4,V2OuNTRI6ua
2739,HjrQ7xEhXf4,huBy3W5qiD2
2740,HjrQ7xEhXf4,F1rms8f9I9a
2741,HjrQ7xEhXf4,Crc5reUlspd
2742,HjrQ7xEhXf4,c7gvocRdg0f
2743,HjrQ7xEhXf4,u3CkZqMHfHP
2744,HjrQ7xEhXf4,dCKzhhINakS
2745,HjrQ7xEhXf4,XVHTeecEOM3
2746,Wkf7dUTz6p3,SgtJVRGlRIo
2747,Wkf7dUTz6p3,nusEBjg8bes
2748,Wkf7dUTz6p3,sHKK94BX2Rp
2749,Wkf7dUTz6p3,kkV0Rfqo4Ru
2750,Wkf7dUTz6p3,UKCxMVgAc2s
2751,Wkf7dUTz6p3,WyNau0T37h4
2752,Wkf7dUTz6p3,OhmzAkCmkjU
2753,Wkf7dUTz6p3,oIxEDq59GUL
2754,Wkf7dUTz6p3,DHWRwZkFHqc
2755,Wkf7dUTz6p3,mJNtXTVt6T1
2756,yTdjlNMcPQA,SM9d5ybWcr0
2757,yTdjlNMcPQA,H5MiomGgbbi
2758,yTdjlNMcPQA,OUPWAOZojRb
2759,ZC2KCP3lhtd,zh2zAaHyYQx
2760,ZC2KCP3lhtd,wDiX34aiw6i
2761,ZC2KCP3lhtd,V2OuNTRI6ua
2762,ZC2KCP3lhtd,huBy3W5qiD2
2763,ZC2KCP3lhtd,F1rms8f9I9a
2764,ZC2KCP3lhtd,Crc5reUlspd
2765,ZC2KCP3lhtd,c7gvocRdg0f
2766,ZC2KCP3lhtd,u3CkZqMHfHP
2767,ZC2KCP3lhtd,dCKzhhINakS
2768,ZC2KCP3lhtd,XVHTeecEOM3
2769,r4fQVHDftNs,zh2zAaHyYQx
2770,r4fQVHDftNs,wDiX34aiw6i
2771,r4fQVHDftNs,V2OuNTRI6ua
2772,r4fQVHDftNs,huBy3W5qiD2
2773,r4fQVHDftNs,F1rms8f9I9a
2774,r4fQVHDftNs,Crc5reUlspd
2775,r4fQVHDftNs,c7gvocRdg0f
2776,r4fQVHDftNs,u3CkZqMHfHP
2777,r4fQVHDftNs,dCKzhhINakS
2778,r4fQVHDftNs,XVHTeecEOM3
2779,vIR0IRugrwQ,r6izn2XFqEc
2780,vIR0IRugrwQ,NYHvlXEt4Ak
2781,vIR0IRugrwQ,A8rYH97KrsT
2782,vIR0IRugrwQ,GNNdPRsjO2n
2783,vIR0IRugrwQ,mtJPFOZgbxi
2784,vIR0IRugrwQ,VSQdmcsGlPJ
2785,vIR0IRugrwQ,cYqRrSx1FDh
2786,vIR0IRugrwQ,tNGX99SZlLN
2787,vIR0IRugrwQ,u5FiIkNknnZ
2788,vIR0IRugrwQ,J0tZbSIQgJh
2789,vIR0IRugrwQ,Yx9LGiAEzJI
2790,vIR0IRugrwQ,wgxsjUMb8Rw
2791,KB5ytDWXMMj,zh2zAaHyYQx
2792,KB5ytDWXMMj,wDiX34aiw6i
2793,KB5ytDWXMMj,V2OuNTRI6ua
2794,KB5ytDWXMMj,huBy3W5qiD2
2795,KB5ytDWXMMj,F1rms8f9I9a
2796,KB5ytDWXMMj,Crc5reUlspd
2797,KB5ytDWXMMj,c7gvocRdg0f
2798,KB5ytDWXMMj,u3CkZqMHfHP
2799,KB5ytDWXMMj,dCKzhhINakS
2800,KB5ytDWXMMj,XVHTeecEOM3
2801,hbi0hXfneIq,zh2zAaHyYQx
2802,hbi0hXfneIq,wDiX34aiw6i
2803,hbi0hXfneIq,V2OuNTRI6ua
2804,hbi0hXfneIq,huBy3W5qiD2
2805,hbi0hXfneIq,F1rms8f9I9a
2806,hbi0hXfneIq,Crc5reUlspd
2807,hbi0hXfneIq,c7gvocRdg0f
2808,hbi0hXfneIq,u3CkZqMHfHP
2809,hbi0hXfneIq,dCKzhhINakS
2810,hbi0hXfneIq,XVHTeecEOM3
2811,xUP8yvdtf0j,SgtJVRGlRIo
2812,xUP8yvdtf0j,nusEBjg8bes
2813,xUP8yvdtf0j,sHKK94BX2Rp
2814,xUP8yvdtf0j,kkV0Rfqo4Ru
2815,xUP8yvdtf0j,UKCxMVgAc2s
2816,xUP8yvdtf0j,WyNau0T37h4
2817,xUP8yvdtf0j,OhmzAkCmkjU
2818,xUP8yvdtf0j,oIxEDq59GUL
2819,xUP8yvdtf0j,DHWRwZkFHqc
2820,xUP8yvdtf0j,mJNtXTVt6T1
2821,GqvGVF75ihM,CAYeUFk6h2C
2822,GqvGVF75ihM,o4fk3rHHseQ
2823,GqvGVF75ihM,nAZQLi9ChTO
2824,GqvGVF75ihM,xiPkaXwl9ms
2825,GqvGVF75ihM,oE6bFATemdI
2826,GqvGVF75ihM,CUIwMsXbjaQ
2827,GqvGVF75ihM,MHhAUffOozk
2828,GqvGVF75ihM,lIpLLko3oYh
2829,GqvGVF75ihM,aYOggKgf2qf
2830,GqvGVF75ihM,yLZc30LWI7w
2831,GqvGVF75ihM,jigBnz63OTq
2832,GqvGVF75ihM,rPm7S0XR6y5
2833,GqvGVF75ihM,NU7k532q8MD
2834,GqvGVF75ihM,s2cbiJ3pwIp
2835,GqvGVF75ihM,Kd643OnOxjv
2836,GqvGVF75ihM,NpxZsPKqz0j
2837,GqvGVF75ihM,V1M6lik0C2W
2838,GqvGVF75ihM,P8I8GM4Qq1o
2839,GqvGVF75ihM,r66wwmHMTrj
2840,GqvGVF75ihM,vAE8T78HzS4
2841,GqvGVF75ihM,OSvXVZYVJbV
2842,GqvGVF75ihM,fNrWbvglBZl
2843,GqvGVF75ihM,OAG9CWUMahe
2844,GqvGVF75ihM,aJocuQ3ooR0
2845,GqvGVF75ihM,XupciJhZFGQ
2846,GqvGVF75ihM,pPvOfV50SS8
2847,GqvGVF75ihM,mD3cFhm1D2B
2848,GqvGVF75ihM,HEPVxich0tL
2849,GqvGVF75ihM,ZicGh3OOtlU
2850,GqvGVF75ihM,SKxBAYeZfhQ
2851,GqvGVF75ihM,G2Qg9jeXaiJ
2852,GqvGVF75ihM,gmPQKX476R7
2853,GqvGVF75ihM,KpwNTwpV2o6
2854,GqvGVF75ihM,gOnaCOYx8FU
2855,GqvGVF75ihM,U7uWw9S9uAc
2856,GqvGVF75ihM,QFWm8lEHf51
2857,GqvGVF75ihM,y6goT3JcMAq
2858,GqvGVF75ihM,Dm8dwa1hHkc
2859,GqvGVF75ihM,b3iP3N7B43A
2860,GqvGVF75ihM,oaz5VQX2pZQ
2861,GqvGVF75ihM,hLGAYD8AJv6
2862,GqvGVF75ihM,iF7zy9VJ1Aq
2863,GqvGVF75ihM,Pb7kTaZspjK
2864,GqvGVF75ihM,kPR68Nlpyit
2865,GqvGVF75ihM,mDmgfeOsFP1
2866,GqvGVF75ihM,mnSvbYexyx4
2867,GqvGVF75ihM,DgTKaqKQsMK
2868,GqvGVF75ihM,rHgz2LSVGK9
2869,GqvGVF75ihM,lg2mFPlfTeG
2870,GqvGVF75ihM,mobl8rGVSY8
2871,GqvGVF75ihM,GukNWCaMyrP
2872,GqvGVF75ihM,VmhkTWk4Is6
2873,GqvGVF75ihM,MAiV2DxBxGn
2874,GqvGVF75ihM,WyeQ6J6bXAn
2875,GqvGVF75ihM,LNk8BeoP08l
2876,GqvGVF75ihM,RtPVWq2YFJE
2877,GqvGVF75ihM,KzDMJdBpwQR
2878,GqvGVF75ihM,rWWzr6gb5NA
2879,GqvGVF75ihM,flSniuHFXqT
2880,GqvGVF75ihM,Ld51G0dzsjd
2881,GqvGVF75ihM,zh2zAaHyYQx
2882,GqvGVF75ihM,wDiX34aiw6i
2883,GqvGVF75ihM,V2OuNTRI6ua
2884,GqvGVF75ihM,huBy3W5qiD2
2885,GqvGVF75ihM,F1rms8f9I9a
2886,GqvGVF75ihM,Crc5reUlspd
2887,GqvGVF75ihM,c7gvocRdg0f
2888,GqvGVF75ihM,u3CkZqMHfHP
2889,GqvGVF75ihM,dCKzhhINakS
2890,GqvGVF75ihM,XVHTeecEOM3
2891,Ctn2NVTrFfL,WalQ4zu7RLz
2892,Ctn2NVTrFfL,r01f3QfmLJS
2893,Ctn2NVTrFfL,bmT820wlIV5
2894,Ctn2NVTrFfL,vrSTfWaEZfP
2895,Ctn2NVTrFfL,RKbp3GCvRrF
2896,Ctn2NVTrFfL,I28asEo67Mt
2897,uPqlb2EjAa7,zh2zAaHyYQx
2898,uPqlb2EjAa7,wDiX34aiw6i
2899,uPqlb2EjAa7,V2OuNTRI6ua
2900,uPqlb2EjAa7,huBy3W5qiD2
2901,uPqlb2EjAa7,F1rms8f9I9a
2902,uPqlb2EjAa7,Crc5reUlspd
2903,uPqlb2EjAa7,c7gvocRdg0f
2904,uPqlb2EjAa7,u3CkZqMHfHP
2905,uPqlb2EjAa7,dCKzhhINakS
2906,uPqlb2EjAa7,XVHTeecEOM3
2907,P2wDiYT9Ldr,zh2zAaHyYQx
2908,P2wDiYT9Ldr,wDiX34aiw6i
2909,P2wDiYT9Ldr,V2OuNTRI6ua
2910,P2wDiYT9Ldr,huBy3W5qiD2
2911,P2wDiYT9Ldr,F1rms8f9I9a
2912,P2wDiYT9Ldr,Crc5reUlspd
2913,P2wDiYT9Ldr,c7gvocRdg0f
2914,P2wDiYT9Ldr,u3CkZqMHfHP
2915,P2wDiYT9Ldr,dCKzhhINakS
2916,P2wDiYT9Ldr,XVHTeecEOM3
2917,okHaHXA8o7u,HllvX50cXC0
2918,JHvqNwXb3ze,zh2zAaHyYQx
2919,JHvqNwXb3ze,wDiX34aiw6i
2920,JHvqNwXb3ze,V2OuNTRI6ua
2921,JHvqNwXb3ze,huBy3W5qiD2
2922,JHvqNwXb3ze,F1rms8f9I9a
2923,JHvqNwXb3ze,Crc5reUlspd
2924,JHvqNwXb3ze,c7gvocRdg0f
2925,JHvqNwXb3ze,u3CkZqMHfHP
2926,JHvqNwXb3ze,dCKzhhINakS
2927,JHvqNwXb3ze,XVHTeecEOM3
2928,dd8gF1ulWk0,zh2zAaHyYQx
2929,dd8gF1ulWk0,wDiX34aiw6i
2930,dd8gF1ulWk0,V2OuNTRI6ua
2931,dd8gF1ulWk0,huBy3W5qiD2
2932,dd8gF1ulWk0,F1rms8f9I9a
2933,dd8gF1ulWk0,Crc5reUlspd
2934,dd8gF1ulWk0,c7gvocRdg0f
2935,dd8gF1ulWk0,u3CkZqMHfHP
2936,dd8gF1ulWk0,dCKzhhINakS
2937,dd8gF1ulWk0,XVHTeecEOM3
2938,kY9yLRb9w5e,zh2zAaHyYQx
2939,kY9yLRb9w5e,wDiX34aiw6i
2940,kY9yLRb9w5e,V2OuNTRI6ua
2941,kY9yLRb9w5e,huBy3W5qiD2
2942,kY9yLRb9w5e,F1rms8f9I9a
2943,kY9yLRb9w5e,Crc5reUlspd
2944,kY9yLRb9w5e,c7gvocRdg0f
2945,kY9yLRb9w5e,u3CkZqMHfHP
2946,kY9yLRb9w5e,dCKzhhINakS
2947,kY9yLRb9w5e,XVHTeecEOM3
2948,FPXwKGEV96K,zh2zAaHyYQx
2949,FPXwKGEV96K,wDiX34aiw6i
2950,FPXwKGEV96K,V2OuNTRI6ua
2951,FPXwKGEV96K,huBy3W5qiD2
2952,FPXwKGEV96K,F1rms8f9I9a
2953,FPXwKGEV96K,Crc5reUlspd
2954,FPXwKGEV96K,c7gvocRdg0f
2955,FPXwKGEV96K,u3CkZqMHfHP
2956,FPXwKGEV96K,dCKzhhINakS
2957,FPXwKGEV96K,XVHTeecEOM3
2958,IO3dIFqk938,SM9d5ybWcr0
2959,IO3dIFqk938,H5MiomGgbbi
2960,IO3dIFqk938,OUPWAOZojRb
2961,PclIBbufY8I,zh2zAaHyYQx
2962,PclIBbufY8I,wDiX34aiw6i
2963,PclIBbufY8I,V2OuNTRI6ua
2964,PclIBbufY8I,huBy3W5qiD2
2965,PclIBbufY8I,F1rms8f9I9a
2966,PclIBbufY8I,Crc5reUlspd
2967,PclIBbufY8I,c7gvocRdg0f
2968,PclIBbufY8I,u3CkZqMHfHP
2969,PclIBbufY8I,dCKzhhINakS
2970,PclIBbufY8I,XVHTeecEOM3
2971,BnXSeyr1Er2,zh2zAaHyYQx
2972,BnXSeyr1Er2,wDiX34aiw6i
2973,BnXSeyr1Er2,V2OuNTRI6ua
2974,BnXSeyr1Er2,huBy3W5qiD2
2975,BnXSeyr1Er2,F1rms8f9I9a
2976,BnXSeyr1Er2,Crc5reUlspd
2977,BnXSeyr1Er2,c7gvocRdg0f
2978,BnXSeyr1Er2,u3CkZqMHfHP
2979,BnXSeyr1Er2,dCKzhhINakS
2980,BnXSeyr1Er2,XVHTeecEOM3
2981,A1ai9kREPra,zh2zAaHyYQx
2982,A1ai9kREPra,wDiX34aiw6i
2983,A1ai9kREPra,V2OuNTRI6ua
2984,A1ai9kREPra,huBy3W5qiD2
2985,A1ai9kREPra,F1rms8f9I9a
2986,A1ai9kREPra,Crc5reUlspd
2987,A1ai9kREPra,c7gvocRdg0f
2988,A1ai9kREPra,u3CkZqMHfHP
2989,A1ai9kREPra,dCKzhhINakS
2990,A1ai9kREPra,XVHTeecEOM3
2991,PbLpJq9pGZC,WalQ4zu7RLz
2992,PbLpJq9pGZC,r01f3QfmLJS
2993,PbLpJq9pGZC,bmT820wlIV5
2994,PbLpJq9pGZC,vrSTfWaEZfP
2995,PbLpJq9pGZC,RKbp3GCvRrF
2996,PbLpJq9pGZC,I28asEo67Mt
2997,D9A0afrTYPw,zh2zAaHyYQx
2998,D9A0afrTYPw,wDiX34aiw6i
2999,D9A0afrTYPw,V2OuNTRI6ua
3000,D9A0afrTYPw,huBy3W5qiD2
3001,D9A0afrTYPw,F1rms8f9I9a
3002,D9A0afrTYPw,Crc5reUlspd
3003,D9A0afrTYPw,c7gvocRdg0f
3004,D9A0afrTYPw,u3CkZqMHfHP
3005,D9A0afrTYPw,dCKzhhINakS
3006,D9A0afrTYPw,XVHTeecEOM3
3007,BfUGncAgsIa,HllvX50cXC0
3008,F4xWVmlaoxi,zh2zAaHyYQx
3009,F4xWVmlaoxi,wDiX34aiw6i
3010,F4xWVmlaoxi,V2OuNTRI6ua
3011,F4xWVmlaoxi,huBy3W5qiD2
3012,F4xWVmlaoxi,F1rms8f9I9a
3013,F4xWVmlaoxi,Crc5reUlspd
3014,F4xWVmlaoxi,c7gvocRdg0f
3015,F4xWVmlaoxi,u3CkZqMHfHP
3016,F4xWVmlaoxi,dCKzhhINakS
3017,F4xWVmlaoxi,XVHTeecEOM3
3018,TU4hCLREQB2,HllvX50cXC0
3019,O7du4F9jOVw,zh2zAaHyYQx
3020,O7du4F9jOVw,wDiX34aiw6i
3021,O7du4F9jOVw,V2OuNTRI6ua
3022,O7du4F9jOVw,huBy3W5qiD2
3023,O7du4F9jOVw,F1rms8f9I9a
3024,O7du4F9jOVw,Crc5reUlspd
3025,O7du4F9jOVw,c7gvocRdg0f
3026,O7du4F9jOVw,u3CkZqMHfHP
3027,O7du4F9jOVw,dCKzhhINakS
3028,O7du4F9jOVw,XVHTeecEOM3
3029,thtRpquJ4lf,zh2zAaHyYQx
3030,thtRpquJ4lf,wDiX34aiw6i
3031,thtRpquJ4lf,V2OuNTRI6ua
3032,thtRpquJ4lf,huBy3W5qiD2
3033,thtRpquJ4lf,F1rms8f9I9a
3034,thtRpquJ4lf,Crc5reUlspd
3035,thtRpquJ4lf,c7gvocRdg0f
3036,thtRpquJ4lf,u3CkZqMHfHP
3037,thtRpquJ4lf,dCKzhhINakS
3038,thtRpquJ4lf,XVHTeecEOM3
3039,a2xhxsTVET3,zh2zAaHyYQx
3040,a2xhxsTVET3,wDiX34aiw6i
3041,a2xhxsTVET3,V2OuNTRI6ua
3042,a2xhxsTVET3,huBy3W5qiD2
3043,a2xhxsTVET3,F1rms8f9I9a
3044,a2xhxsTVET3,Crc5reUlspd
3045,a2xhxsTVET3,c7gvocRdg0f
3046,a2xhxsTVET3,u3CkZqMHfHP
3047,a2xhxsTVET3,dCKzhhINakS
3048,a2xhxsTVET3,XVHTeecEOM3
3049,NZRxZRuC7nG,SgtJVRGlRIo
3050,NZRxZRuC7nG,nusEBjg8bes
3051,NZRxZRuC7nG,sHKK94BX2Rp
3052,NZRxZRuC7nG,kkV0Rfqo4Ru
3053,NZRxZRuC7nG,UKCxMVgAc2s
3054,NZRxZRuC7nG,WyNau0T37h4
3055,NZRxZRuC7nG,OhmzAkCmkjU
3056,NZRxZRuC7nG,oIxEDq59GUL
3057,NZRxZRuC7nG,DHWRwZkFHqc
3058,NZRxZRuC7nG,mJNtXTVt6T1
3059,JXs3K173KDL,WalQ4zu7RLz
3060,JXs3K173KDL,r01f3QfmLJS
3061,JXs3K173KDL,bmT820wlIV5
3062,JXs3K173KDL,vrSTfWaEZfP
3063,JXs3K173KDL,RKbp3GCvRrF
3064,JXs3K173KDL,I28asEo67Mt
3065,ylFKqwOUQAr,zh2zAaHyYQx
3066,ylFKqwOUQAr,wDiX34aiw6i
3067,ylFKqwOUQAr,V2OuNTRI6ua
3068,ylFKqwOUQAr,huBy3W5qiD2
3069,ylFKqwOUQAr,F1rms8f9I9a
3070,ylFKqwOUQAr,Crc5reUlspd
3071,ylFKqwOUQAr,c7gvocRdg0f
3072,ylFKqwOUQAr,u3CkZqMHfHP
3073,ylFKqwOUQAr,dCKzhhINakS
3074,ylFKqwOUQAr,XVHTeecEOM3
3075,E7D5X0ekx24,zh2zAaHyYQx
3076,E7D5X0ekx24,wDiX34aiw6i
3077,E7D5X0ekx24,V2OuNTRI6ua
3078,E7D5X0ekx24,huBy3W5qiD2
3079,E7D5X0ekx24,F1rms8f9I9a
3080,E7D5X0ekx24,Crc5reUlspd
3081,E7D5X0ekx24,c7gvocRdg0f
3082,E7D5X0ekx24,u3CkZqMHfHP
3083,E7D5X0ekx24,dCKzhhINakS
3084,E7D5X0ekx24,XVHTeecEOM3
3085,PofgNd6qUuh,r6izn2XFqEc
3086,PofgNd6qUuh,NYHvlXEt4Ak
3087,PofgNd6qUuh,A8rYH97KrsT
3088,PofgNd6qUuh,GNNdPRsjO2n
3089,PofgNd6qUuh,mtJPFOZgbxi
3090,PofgNd6qUuh,VSQdmcsGlPJ
3091,PofgNd6qUuh,cYqRrSx1FDh
3092,PofgNd6qUuh,tNGX99SZlLN
3093,PofgNd6qUuh,u5FiIkNknnZ
3094,PofgNd6qUuh,J0tZbSIQgJh
3095,PofgNd6qUuh,Yx9LGiAEzJI
3096,PofgNd6qUuh,wgxsjUMb8Rw
3097,rw7ri7jcMHc,d0tWwN5O6NO
3098,rw7ri7jcMHc,Ve34gUv8xMH
3099,rw7ri7jcMHc,OE9AdLE48yj
3100,rw7ri7jcMHc,NFNV30tIn8T
3101,rw7ri7jcMHc,AmyeUte6IfQ
3102,rw7ri7jcMHc,KLjBWPSSfqG
3103,rw7ri7jcMHc,QwmgfRLXySv
3104,rw7ri7jcMHc,VyCuYZXDXiO
3105,rw7ri7jcMHc,Zacetp7r5HC
3106,rw7ri7jcMHc,a9NFxaXN9KD
3107,rw7ri7jcMHc,sBkrGKNQ0uz
3108,rw7ri7jcMHc,A2ZsKFXp6Vn
3109,rw7ri7jcMHc,eDQHbmqfA0E
3110,rw7ri7jcMHc,lvYG6LfU4Jo
3111,rw7ri7jcMHc,Z2df6EDsYk1
3112,rw7ri7jcMHc,rkbc2xbaa8g
3113,rw7ri7jcMHc,dBzKnHTWCkK
3114,rw7ri7jcMHc,GMPyv2RPvxm
3115,rw7ri7jcMHc,gp5AoqZCBjE
3116,rw7ri7jcMHc,rsV4LLJt5Lw
3117,rw7ri7jcMHc,zh2zAaHyYQx
3118,rw7ri7jcMHc,wDiX34aiw6i
3119,rw7ri7jcMHc,V2OuNTRI6ua
3120,rw7ri7jcMHc,huBy3W5qiD2
3121,rw7ri7jcMHc,F1rms8f9I9a
3122,rw7ri7jcMHc,Crc5reUlspd
3123,rw7ri7jcMHc,c7gvocRdg0f
3124,rw7ri7jcMHc,u3CkZqMHfHP
3125,rw7ri7jcMHc,dCKzhhINakS
3126,rw7ri7jcMHc,XVHTeecEOM3
3127,Nv9r51u568q,zh2zAaHyYQx
3128,Nv9r51u568q,wDiX34aiw6i
3129,Nv9r51u568q,V2OuNTRI6ua
3130,Nv9r51u568q,huBy3W5qiD2
3131,Nv9r51u568q,F1rms8f9I9a
3132,Nv9r51u568q,Crc5reUlspd
3133,Nv9r51u568q,c7gvocRdg0f
3134,Nv9r51u568q,u3CkZqMHfHP
3135,Nv9r51u568q,dCKzhhINakS
3136,Nv9r51u568q,XVHTeecEOM3
3137,cQFHqwol7ql,zh2zAaHyYQx
3138,cQFHqwol7ql,wDiX34aiw6i
3139,cQFHqwol7ql,V2OuNTRI6ua
3140,cQFHqwol7ql,huBy3W5qiD2
3141,cQFHqwol7ql,F1rms8f9I9a
3142,cQFHqwol7ql,Crc5reUlspd
3143,cQFHqwol7ql,c7gvocRdg0f
3144,cQFHqwol7ql,u3CkZqMHfHP
3145,cQFHqwol7ql,dCKzhhINakS
3146,cQFHqwol7ql,XVHTeecEOM3
3147,z07394519Gs,d0tWwN5O6NO
3148,z07394519Gs,Ve34gUv8xMH
3149,z07394519Gs,OE9AdLE48yj
3150,z07394519Gs,NFNV30tIn8T
3151,z07394519Gs,AmyeUte6IfQ
3152,z07394519Gs,KLjBWPSSfqG
3153,z07394519Gs,QwmgfRLXySv
3154,z07394519Gs,VyCuYZXDXiO
3155,z07394519Gs,Zacetp7r5HC
3156,z07394519Gs,a9NFxaXN9KD
3157,z07394519Gs,sBkrGKNQ0uz
3158,z07394519Gs,A2ZsKFXp6Vn
3159,z07394519Gs,eDQHbmqfA0E
3160,z07394519Gs,lvYG6LfU4Jo
3161,z07394519Gs,Z2df6EDsYk1
3162,z07394519Gs,rkbc2xbaa8g
3163,z07394519Gs,dBzKnHTWCkK
3164,z07394519Gs,GMPyv2RPvxm
3165,z07394519Gs,gp5AoqZCBjE
3166,z07394519Gs,rsV4LLJt5Lw
3167,z07394519Gs,zh2zAaHyYQx
3168,z07394519Gs,wDiX34aiw6i
3169,z07394519Gs,V2OuNTRI6ua
3170,z07394519Gs,huBy3W5qiD2
3171,z07394519Gs,F1rms8f9I9a
3172,z07394519Gs,Crc5reUlspd
3173,z07394519Gs,c7gvocRdg0f
3174,z07394519Gs,u3CkZqMHfHP
3175,z07394519Gs,dCKzhhINakS
3176,z07394519Gs,XVHTeecEOM3
3177,awqjtCY5VEb,zh2zAaHyYQx
3178,awqjtCY5VEb,wDiX34aiw6i
3179,awqjtCY5VEb,V2OuNTRI6ua
3180,awqjtCY5VEb,huBy3W5qiD2
3181,awqjtCY5VEb,F1rms8f9I9a
3182,awqjtCY5VEb,Crc5reUlspd
3183,awqjtCY5VEb,c7gvocRdg0f
3184,awqjtCY5VEb,u3CkZqMHfHP
3185,awqjtCY5VEb,dCKzhhINakS
3186,awqjtCY5VEb,XVHTeecEOM3
3187,nagh0sRw25x,zh2zAaHyYQx
3188,nagh0sRw25x,wDiX34aiw6i
3189,nagh0sRw25x,V2OuNTRI6ua
3190,nagh0sRw25x,huBy3W5qiD2
3191,nagh0sRw25x,F1rms8f9I9a
3192,nagh0sRw25x,Crc5reUlspd
3193,nagh0sRw25x,c7gvocRdg0f
3194,nagh0sRw25x,u3CkZqMHfHP
3195,nagh0sRw25x,dCKzhhINakS
3196,nagh0sRw25x,XVHTeecEOM3
3197,JqoI2S2ntMh,zh2zAaHyYQx
3198,JqoI2S2ntMh,wDiX34aiw6i
3199,JqoI2S2ntMh,V2OuNTRI6ua
3200,JqoI2S2ntMh,huBy3W5qiD2
3201,JqoI2S2ntMh,F1rms8f9I9a
3202,JqoI2S2ntMh,Crc5reUlspd
3203,JqoI2S2ntMh,c7gvocRdg0f
3204,JqoI2S2ntMh,u3CkZqMHfHP
3205,JqoI2S2ntMh,dCKzhhINakS
3206,JqoI2S2ntMh,XVHTeecEOM3
3207,SOTF4MkHVN2,SM9d5ybWcr0
3208,SOTF4MkHVN2,H5MiomGgbbi
3209,SOTF4MkHVN2,OUPWAOZojRb
3210,V69eTQCM24s,WalQ4zu7RLz
3211,V69eTQCM24s,r01f3QfmLJS
3212,V69eTQCM24s,bmT820wlIV5
3213,V69eTQCM24s,vrSTfWaEZfP
3214,V69eTQCM24s,RKbp3GCvRrF
3215,V69eTQCM24s,I28asEo67Mt
3216,Z9v6RRvF29P,WalQ4zu7RLz
3217,Z9v6RRvF29P,r01f3QfmLJS
3218,Z9v6RRvF29P,bmT820wlIV5
3219,Z9v6RRvF29P,vrSTfWaEZfP
3220,Z9v6RRvF29P,RKbp3GCvRrF
3221,Z9v6RRvF29P,I28asEo67Mt
3222,iZkAtSQFGPh,zh2zAaHyYQx
3223,iZkAtSQFGPh,wDiX34aiw6i
3224,iZkAtSQFGPh,V2OuNTRI6ua
3225,iZkAtSQFGPh,huBy3W5qiD2
3226,iZkAtSQFGPh,F1rms8f9I9a
3227,iZkAtSQFGPh,Crc5reUlspd
3228,iZkAtSQFGPh,c7gvocRdg0f
3229,iZkAtSQFGPh,u3CkZqMHfHP
3230,iZkAtSQFGPh,dCKzhhINakS
3231,iZkAtSQFGPh,XVHTeecEOM3
3232,qwjm9g7nTXK,zh2zAaHyYQx
3233,qwjm9g7nTXK,wDiX34aiw6i
3234,qwjm9g7nTXK,V2OuNTRI6ua
3235,qwjm9g7nTXK,huBy3W5qiD2
3236,qwjm9g7nTXK,F1rms8f9I9a
3237,qwjm9g7nTXK,Crc5reUlspd
3238,qwjm9g7nTXK,c7gvocRdg0f
3239,qwjm9g7nTXK,u3CkZqMHfHP
3240,qwjm9g7nTXK,dCKzhhINakS
3241,qwjm9g7nTXK,XVHTeecEOM3
3242,lGDzC4DI6GY,yabsZCXTQRM
3243,lGDzC4DI6GY,yWdrn6SiVZ9
3244,lGDzC4DI6GY,zLX9lB6eIHI
3245,lGDzC4DI6GY,C9j1R3XeUB3
3246,lGDzC4DI6GY,sBvVzuUN7ty
3247,lGDzC4DI6GY,JqdVRiI92bd
3248,lGDzC4DI6GY,tD3pn44uScE
3249,lGDzC4DI6GY,Mv9SNsGCT5e
3250,lGDzC4DI6GY,rU0HnmI7P8S
3251,lGDzC4DI6GY,pfXBcPz6khi
3252,xXH2F95AnL4,zh2zAaHyYQx
3253,xXH2F95AnL4,wDiX34aiw6i
3254,xXH2F95AnL4,V2OuNTRI6ua
3255,xXH2F95AnL4,huBy3W5qiD2
3256,xXH2F95AnL4,F1rms8f9I9a
3257,xXH2F95AnL4,Crc5reUlspd
3258,xXH2F95AnL4,c7gvocRdg0f
3259,xXH2F95AnL4,u3CkZqMHfHP
3260,xXH2F95AnL4,dCKzhhINakS
3261,xXH2F95AnL4,XVHTeecEOM3
3262,XaX3Uqpvlzs,zh2zAaHyYQx
3263,XaX3Uqpvlzs,wDiX34aiw6i
3264,XaX3Uqpvlzs,V2OuNTRI6ua
3265,XaX3Uqpvlzs,huBy3W5qiD2
3266,XaX3Uqpvlzs,F1rms8f9I9a
3267,XaX3Uqpvlzs,Crc5reUlspd
3268,XaX3Uqpvlzs,c7gvocRdg0f
3269,XaX3Uqpvlzs,u3CkZqMHfHP
3270,XaX3Uqpvlzs,dCKzhhINakS
3271,XaX3Uqpvlzs,XVHTeecEOM3
3272,Sjc5r8ZdgkD,zh2zAaHyYQx
3273,Sjc5r8ZdgkD,wDiX34aiw6i
3274,Sjc5r8ZdgkD,V2OuNTRI6ua
3275,Sjc5r8ZdgkD,huBy3W5qiD2
3276,Sjc5r8ZdgkD,F1rms8f9I9a
3277,Sjc5r8ZdgkD,Crc5reUlspd
3278,Sjc5r8ZdgkD,c7gvocRdg0f
3279,Sjc5r8ZdgkD,u3CkZqMHfHP
3280,Sjc5r8ZdgkD,dCKzhhINakS
3281,Sjc5r8ZdgkD,XVHTeecEOM3
3282,QZRNFkshLLg,zh2zAaHyYQx
3283,QZRNFkshLLg,wDiX34aiw6i
3284,QZRNFkshLLg,V2OuNTRI6ua
3285,QZRNFkshLLg,huBy3W5qiD2
3286,QZRNFkshLLg,F1rms8f9I9a
3287,QZRNFkshLLg,Crc5reUlspd
3288,QZRNFkshLLg,c7gvocRdg0f
3289,QZRNFkshLLg,u3CkZqMHfHP
3290,QZRNFkshLLg,dCKzhhINakS
3291,QZRNFkshLLg,XVHTeecEOM3
3292,QfjsXd7x1bg,zh2zAaHyYQx
3293,QfjsXd7x1bg,wDiX34aiw6i
3294,QfjsXd7x1bg,V2OuNTRI6ua
3295,QfjsXd7x1bg,huBy3W5qiD2
3296,QfjsXd7x1bg,F1rms8f9I9a
3297,QfjsXd7x1bg,Crc5reUlspd
3298,QfjsXd7x1bg,c7gvocRdg0f
3299,QfjsXd7x1bg,u3CkZqMHfHP
3300,QfjsXd7x1bg,dCKzhhINakS
3301,QfjsXd7x1bg,XVHTeecEOM3
3302,csLlRkTlgEa,SM9d5ybWcr0
3303,csLlRkTlgEa,H5MiomGgbbi
3304,csLlRkTlgEa,OUPWAOZojRb
3305,r9Iduim4vLd,SgtJVRGlRIo
3306,r9Iduim4vLd,nusEBjg8bes
3307,r9Iduim4vLd,sHKK94BX2Rp
3308,r9Iduim4vLd,kkV0Rfqo4Ru
3309,r9Iduim4vLd,UKCxMVgAc2s
3310,r9Iduim4vLd,WyNau0T37h4
3311,r9Iduim4vLd,OhmzAkCmkjU
3312,r9Iduim4vLd,oIxEDq59GUL
3313,r9Iduim4vLd,DHWRwZkFHqc
3314,r9Iduim4vLd,mJNtXTVt6T1
3315,lRQrFjozpk1,zh2zAaHyYQx
3316,lRQrFjozpk1,wDiX34aiw6i
3317,lRQrFjozpk1,V2OuNTRI6ua
3318,lRQrFjozpk1,huBy3W5qiD2
3319,lRQrFjozpk1,F1rms8f9I9a
3320,lRQrFjozpk1,Crc5reUlspd
3321,lRQrFjozpk1,c7gvocRdg0f
3322,lRQrFjozpk1,u3CkZqMHfHP
3323,lRQrFjozpk1,dCKzhhINakS
3324,lRQrFjozpk1,XVHTeecEOM3
3325,ch5q99o2gIh,zh2zAaHyYQx
3326,ch5q99o2gIh,wDiX34aiw6i
3327,ch5q99o2gIh,V2OuNTRI6ua
3328,ch5q99o2gIh,huBy3W5qiD2
3329,ch5q99o2gIh,F1rms8f9I9a
3330,ch5q99o2gIh,Crc5reUlspd
3331,ch5q99o2gIh,c7gvocRdg0f
3332,ch5q99o2gIh,u3CkZqMHfHP
3333,ch5q99o2gIh,dCKzhhINakS
3334,ch5q99o2gIh,XVHTeecEOM3
3335,kT3cmirJBJA,zh2zAaHyYQx
3336,kT3cmirJBJA,wDiX34aiw6i
3337,kT3cmirJBJA,V2OuNTRI6ua
3338,kT3cmirJBJA,huBy3W5qiD2
3339,kT3cmirJBJA,F1rms8f9I9a
3340,kT3cmirJBJA,Crc5reUlspd
3341,kT3cmirJBJA,c7gvocRdg0f
3342,kT3cmirJBJA,u3CkZqMHfHP
3343,kT3cmirJBJA,dCKzhhINakS
3344,kT3cmirJBJA,XVHTeecEOM3
3345,vSaFiVhebVQ,wcbqTyLOCYU
3346,vSaFiVhebVQ,fkeMwVLKUyi
3347,vSaFiVhebVQ,FqUuiCGELpZ
3348,vSaFiVhebVQ,ITt4hJUPzgc
3349,vSaFiVhebVQ,EVJwOnx0wy9
3350,vSaFiVhebVQ,bdbxoGD7oAY
3351,vSaFiVhebVQ,QzcaaLV5dVM
3352,vSaFiVhebVQ,Q29KLru4s67
3353,vSaFiVhebVQ,XfXgs4Xao0Y
3354,vSaFiVhebVQ,ddHDso5Uizg
3355,vSaFiVhebVQ,MJzZmZ3OMxI
3356,vSaFiVhebVQ,n5YvcIzcYaF
3357,vSaFiVhebVQ,UShugsidUxz
3358,vSaFiVhebVQ,SPvm3s5w8ZJ
3359,vSaFiVhebVQ,zBEtAxHIaIx
3360,vSaFiVhebVQ,EJn0qutf2Uh
3361,rAwWCMFRDAG,zh2zAaHyYQx
3362,rAwWCMFRDAG,wDiX34aiw6i
3363,rAwWCMFRDAG,V2OuNTRI6ua
3364,rAwWCMFRDAG,huBy3W5qiD2
3365,rAwWCMFRDAG,F1rms8f9I9a
3366,rAwWCMFRDAG,Crc5reUlspd
3367,rAwWCMFRDAG,c7gvocRdg0f
3368,rAwWCMFRDAG,u3CkZqMHfHP
3369,rAwWCMFRDAG,dCKzhhINakS
3370,rAwWCMFRDAG,XVHTeecEOM3
3371,zbnbrXwvNIP,zh2zAaHyYQx
3372,zbnbrXwvNIP,wDiX34aiw6i
3373,zbnbrXwvNIP,V2OuNTRI6ua
3374,zbnbrXwvNIP,huBy3W5qiD2
3375,zbnbrXwvNIP,F1rms8f9I9a
3376,zbnbrXwvNIP,Crc5reUlspd
3377,zbnbrXwvNIP,c7gvocRdg0f
3378,zbnbrXwvNIP,u3CkZqMHfHP
3379,zbnbrXwvNIP,dCKzhhINakS
3380,zbnbrXwvNIP,XVHTeecEOM3
3381,a7mnin8b8hz,zh2zAaHyYQx
3382,a7mnin8b8hz,wDiX34aiw6i
3383,a7mnin8b8hz,V2OuNTRI6ua
3384,a7mnin8b8hz,huBy3W5qiD2
3385,a7mnin8b8hz,F1rms8f9I9a
3386,a7mnin8b8hz,Crc5reUlspd
3387,a7mnin8b8hz,c7gvocRdg0f
3388,a7mnin8b8hz,u3CkZqMHfHP
3389,a7mnin8b8hz,dCKzhhINakS
3390,a7mnin8b8hz,XVHTeecEOM3
3391,ugoF2uP5OgR,zh2zAaHyYQx
3392,ugoF2uP5OgR,wDiX34aiw6i
3393,ugoF2uP5OgR,V2OuNTRI6ua
3394,ugoF2uP5OgR,huBy3W5qiD2
3395,ugoF2uP5OgR,F1rms8f9I9a
3396,ugoF2uP5OgR,Crc5reUlspd
3397,ugoF2uP5OgR,c7gvocRdg0f
3398,ugoF2uP5OgR,u3CkZqMHfHP
3399,ugoF2uP5OgR,dCKzhhINakS
3400,ugoF2uP5OgR,XVHTeecEOM3
3401,MdQHojF7YNI,zh2zAaHyYQx
3402,MdQHojF7YNI,wDiX34aiw6i
3403,MdQHojF7YNI,V2OuNTRI6ua
3404,MdQHojF7YNI,huBy3W5qiD2
3405,MdQHojF7YNI,F1rms8f9I9a
3406,MdQHojF7YNI,Crc5reUlspd
3407,MdQHojF7YNI,c7gvocRdg0f
3408,MdQHojF7YNI,u3CkZqMHfHP
3409,MdQHojF7YNI,dCKzhhINakS
3410,MdQHojF7YNI,XVHTeecEOM3
3411,MaioShphNoy,fbr68sqTEKR
3412,MaioShphNoy,yWIozWpVGde
3413,MaioShphNoy,eObZc3y09Bh
3414,MaioShphNoy,ml6TgIWWdH3
3415,MaioShphNoy,vGnxttOzglN
3416,MaioShphNoy,BSvMtDCiZAJ
3417,MaioShphNoy,rC7np2aSgzQ
3418,MaioShphNoy,btAQJ4dvcuc
3419,MaioShphNoy,ATVgV0shmyv
3420,MaioShphNoy,iz3jhBFrFop
3421,MaioShphNoy,YJbmxtwZ2Dp
3422,MaioShphNoy,AnF164KvhgZ
3423,MaioShphNoy,tJ9I0GJyrsJ
3424,MaioShphNoy,WqJhXlm3j9S
3425,MaioShphNoy,UOY7hA2xpUA
3426,MaioShphNoy,GMBwC7m2Tea
3427,MaioShphNoy,wmdKsYtMiVy
3428,MaioShphNoy,AW05HSHAq0i
3429,MaioShphNoy,lLNRDZPsnOs
3430,MaioShphNoy,ZTykIzgbe7T
3431,Okhx7eMyzty,fbr68sqTEKR
3432,Okhx7eMyzty,yWIozWpVGde
3433,Okhx7eMyzty,eObZc3y09Bh
3434,Okhx7eMyzty,ml6TgIWWdH3
3435,Okhx7eMyzty,vGnxttOzglN
3436,Okhx7eMyzty,BSvMtDCiZAJ
3437,Okhx7eMyzty,rC7np2aSgzQ
3438,Okhx7eMyzty,btAQJ4dvcuc
3439,Okhx7eMyzty,ATVgV0shmyv
3440,Okhx7eMyzty,iz3jhBFrFop
3441,Okhx7eMyzty,YJbmxtwZ2Dp
3442,Okhx7eMyzty,AnF164KvhgZ
3443,Okhx7eMyzty,tJ9I0GJyrsJ
3444,Okhx7eMyzty,WqJhXlm3j9S
3445,Okhx7eMyzty,UOY7hA2xpUA
3446,Okhx7eMyzty,GMBwC7m2Tea
3447,Okhx7eMyzty,wmdKsYtMiVy
3448,Okhx7eMyzty,AW05HSHAq0i
3449,Okhx7eMyzty,lLNRDZPsnOs
3450,Okhx7eMyzty,ZTykIzgbe7T
3451,fHQ3TvkzU1C,zh2zAaHyYQx
3452,fHQ3TvkzU1C,wDiX34aiw6i
3453,fHQ3TvkzU1C,V2OuNTRI6ua
3454,fHQ3TvkzU1C,huBy3W5qiD2
3455,fHQ3TvkzU1C,F1rms8f9I9a
3456,fHQ3TvkzU1C,Crc5reUlspd
3457,fHQ3TvkzU1C,c7gvocRdg0f
3458,fHQ3TvkzU1C,u3CkZqMHfHP
3459,fHQ3TvkzU1C,dCKzhhINakS
3460,fHQ3TvkzU1C,XVHTeecEOM3
3461,V7E2rNwJaxs,SM9d5ybWcr0
3462,V7E2rNwJaxs,H5MiomGgbbi
3463,V7E2rNwJaxs,OUPWAOZojRb
3464,dZMr4ggXHaf,SM9d5ybWcr0
3465,dZMr4ggXHaf,H5MiomGgbbi
3466,dZMr4ggXHaf,OUPWAOZojRb
3467,Pi2pu2wVCOi,yabsZCXTQRM
3468,Pi2pu2wVCOi,yWdrn6SiVZ9
3469,Pi2pu2wVCOi,zLX9lB6eIHI
3470,Pi2pu2wVCOi,C9j1R3XeUB3
3471,Pi2pu2wVCOi,sBvVzuUN7ty
3472,Pi2pu2wVCOi,JqdVRiI92bd
3473,Pi2pu2wVCOi,tD3pn44uScE
3474,Pi2pu2wVCOi,Mv9SNsGCT5e
3475,Pi2pu2wVCOi,rU0HnmI7P8S
3476,Pi2pu2wVCOi,pfXBcPz6khi
3477,IozXKsvniRh,SM9d5ybWcr0
3478,IozXKsvniRh,H5MiomGgbbi
3479,IozXKsvniRh,OUPWAOZojRb
3480,dAkwczlydO6,zh2zAaHyYQx
3481,dAkwczlydO6,wDiX34aiw6i
3482,dAkwczlydO6,V2OuNTRI6ua
3483,dAkwczlydO6,huBy3W5qiD2
3484,dAkwczlydO6,F1rms8f9I9a
3485,dAkwczlydO6,Crc5reUlspd
3486,dAkwczlydO6,c7gvocRdg0f
3487,dAkwczlydO6,u3CkZqMHfHP
3488,dAkwczlydO6,dCKzhhINakS
3489,dAkwczlydO6,XVHTeecEOM3
3490,gvBqUITG8XY,zh2zAaHyYQx
3491,gvBqUITG8XY,wDiX34aiw6i
3492,gvBqUITG8XY,V2OuNTRI6ua
3493,gvBqUITG8XY,huBy3W5qiD2
3494,gvBqUITG8XY,F1rms8f9I9a
3495,gvBqUITG8XY,Crc5reUlspd
3496,gvBqUITG8XY,c7gvocRdg0f
3497,gvBqUITG8XY,u3CkZqMHfHP
3498,gvBqUITG8XY,dCKzhhINakS
3499,gvBqUITG8XY,XVHTeecEOM3
3500,hTBgki6DhH4,vgwBZ1EnvS1
3501,hTBgki6DhH4,lKtUo70yy5S
3502,hTBgki6DhH4,ubHnOQDfKvn
3503,hTBgki6DhH4,kieAJGAdQQz
3504,hTBgki6DhH4,Uu9EzmgMiUx
3505,hTBgki6DhH4,NBLm9T4PdXT
3506,hTBgki6DhH4,vv7DH53AEaT
3507,hTBgki6DhH4,De2rXs4jApk
3508,hTBgki6DhH4,BVbGW2Vr7UU
3509,hTBgki6DhH4,bMRP4hxhZ1i
3510,hTBgki6DhH4,Io3bQxY6Nr3
3511,hTBgki6DhH4,aUatqtCxzVw
3512,hTBgki6DhH4,OGomkW4FRgT
3513,hTBgki6DhH4,MM1oF4N8Vku
3514,hTBgki6DhH4,xBLq8rFuTSS
3515,hTBgki6DhH4,G4cHMKNJ898
3516,hTBgki6DhH4,keJQ8icaJd5
3517,hTBgki6DhH4,nq6KPmpdIMQ
3518,hTBgki6DhH4,gnq6kfPFRUy
3519,hTBgki6DhH4,lUs3TRrwSp3
3520,hTBgki6DhH4,zh2zAaHyYQx
3521,hTBgki6DhH4,wDiX34aiw6i
3522,hTBgki6DhH4,V2OuNTRI6ua
3523,hTBgki6DhH4,huBy3W5qiD2
3524,hTBgki6DhH4,F1rms8f9I9a
3525,hTBgki6DhH4,Crc5reUlspd
3526,hTBgki6DhH4,c7gvocRdg0f
3527,hTBgki6DhH4,u3CkZqMHfHP
3528,hTBgki6DhH4,dCKzhhINakS
3529,hTBgki6DhH4,XVHTeecEOM3
3530,GMdWrlWwh1w,zh2zAaHyYQx
3531,GMdWrlWwh1w,wDiX34aiw6i
3532,GMdWrlWwh1w,V2OuNTRI6ua
3533,GMdWrlWwh1w,huBy3W5qiD2
3534,GMdWrlWwh1w,F1rms8f9I9a
3535,GMdWrlWwh1w,Crc5reUlspd
3536,GMdWrlWwh1w,c7gvocRdg0f
3537,GMdWrlWwh1w,u3CkZqMHfHP
3538,GMdWrlWwh1w,dCKzhhINakS
3539,GMdWrlWwh1w,XVHTeecEOM3
3540,jAJQPlf99VV,zh2zAaHyYQx
3541,jAJQPlf99VV,wDiX34aiw6i
3542,jAJQPlf99VV,V2OuNTRI6ua
3543,jAJQPlf99VV,huBy3W5qiD2
3544,jAJQPlf99VV,F1rms8f9I9a
3545,jAJQPlf99VV,Crc5reUlspd
3546,jAJQPlf99VV,c7gvocRdg0f
3547,jAJQPlf99VV,u3CkZqMHfHP
3548,jAJQPlf99VV,dCKzhhINakS
3549,jAJQPlf99VV,XVHTeecEOM3
3550,czdNkXDkNYZ,zh2zAaHyYQx
3551,czdNkXDkNYZ,wDiX34aiw6i
3552,czdNkXDkNYZ,V2OuNTRI6ua
3553,czdNkXDkNYZ,huBy3W5qiD2
3554,czdNkXDkNYZ,F1rms8f9I9a
3555,czdNkXDkNYZ,Crc5reUlspd
3556,czdNkXDkNYZ,c7gvocRdg0f
3557,czdNkXDkNYZ,u3CkZqMHfHP
3558,czdNkXDkNYZ,dCKzhhINakS
3559,czdNkXDkNYZ,XVHTeecEOM3
3560,zpt63M6KY10,WalQ4zu7RLz
3561,zpt63M6KY10,r01f3QfmLJS
3562,zpt63M6KY10,bmT820wlIV5
3563,zpt63M6KY10,vrSTfWaEZfP
3564,zpt63M6KY10,RKbp3GCvRrF
3565,zpt63M6KY10,I28asEo67Mt
3566,AC1VLiho4oT,zh2zAaHyYQx
3567,AC1VLiho4oT,wDiX34aiw6i
3568,AC1VLiho4oT,V2OuNTRI6ua
3569,AC1VLiho4oT,huBy3W5qiD2
3570,AC1VLiho4oT,F1rms8f9I9a
3571,AC1VLiho4oT,Crc5reUlspd
3572,AC1VLiho4oT,c7gvocRdg0f
3573,AC1VLiho4oT,u3CkZqMHfHP
3574,AC1VLiho4oT,dCKzhhINakS
3575,AC1VLiho4oT,XVHTeecEOM3
3576,bmIbiG4FGXU,zh2zAaHyYQx
3577,bmIbiG4FGXU,wDiX34aiw6i
3578,bmIbiG4FGXU,V2OuNTRI6ua
3579,bmIbiG4FGXU,huBy3W5qiD2
3580,bmIbiG4FGXU,F1rms8f9I9a
3581,bmIbiG4FGXU,Crc5reUlspd
3582,bmIbiG4FGXU,c7gvocRdg0f
3583,bmIbiG4FGXU,u3CkZqMHfHP
3584,bmIbiG4FGXU,dCKzhhINakS
3585,bmIbiG4FGXU,XVHTeecEOM3
3586,ICxY6HZhLaM,SM9d5ybWcr0
3587,ICxY6HZhLaM,H5MiomGgbbi
3588,ICxY6HZhLaM,OUPWAOZojRb
3589,NPJww2cAxe0,zh2zAaHyYQx
3590,NPJww2cAxe0,wDiX34aiw6i
3591,NPJww2cAxe0,V2OuNTRI6ua
3592,NPJww2cAxe0,huBy3W5qiD2
3593,NPJww2cAxe0,F1rms8f9I9a
3594,NPJww2cAxe0,Crc5reUlspd
3595,NPJww2cAxe0,c7gvocRdg0f
3596,NPJww2cAxe0,u3CkZqMHfHP
3597,NPJww2cAxe0,dCKzhhINakS
3598,NPJww2cAxe0,XVHTeecEOM3
3599,K7mLqvbNoFn,zh2zAaHyYQx
3600,K7mLqvbNoFn,wDiX34aiw6i
3601,K7mLqvbNoFn,V2OuNTRI6ua
3602,K7mLqvbNoFn,huBy3W5qiD2
3603,K7mLqvbNoFn,F1rms8f9I9a
3604,K7mLqvbNoFn,Crc5reUlspd
3605,K7mLqvbNoFn,c7gvocRdg0f
3606,K7mLqvbNoFn,u3CkZqMHfHP
3607,K7mLqvbNoFn,dCKzhhINakS
3608,K7mLqvbNoFn,XVHTeecEOM3
3609,ZcXsmDho5wX,jzDuAwu9Hzv
3610,ZcXsmDho5wX,mb8nEYtKRnr
3611,ZcXsmDho5wX,b3FnsN8LGNC
3612,ZcXsmDho5wX,iMFilf4jkyz
3613,ZcXsmDho5wX,O4PnMHql0no
3614,ZcXsmDho5wX,MZUydbfacnk
3615,ZcXsmDho5wX,jJC9sso9bq8
3616,ZcXsmDho5wX,L1R9gTyweV0
3617,ZcXsmDho5wX,IBl1GhSPmsy
3618,ZcXsmDho5wX,jMGqJJGUWXD
3619,ZcXsmDho5wX,XP18dJJs8s0
3620,ZcXsmDho5wX,PqAMMg9RhbG
3621,ZcXsmDho5wX,yZqC2tLTV1X
3622,ZcXsmDho5wX,PGJkZc8T5pn
3623,ZcXsmDho5wX,LLvYnabZbcb
3624,ZcXsmDho5wX,mZICFwZl79Z
3625,ZcXsmDho5wX,b9k3fkQHUre
3626,ZcXsmDho5wX,HNZzZDcI4kr
3627,ZcXsmDho5wX,EAlRASNNc8w
3628,ZcXsmDho5wX,q9Ai2bqKbJA
3629,ZcXsmDho5wX,N0umXMSyJqE
3630,ZcXsmDho5wX,jUYXbq7Mpyn
3631,ZcXsmDho5wX,uirM8SynUBT
3632,ZcXsmDho5wX,yap0wJRNNzm
3633,ZcXsmDho5wX,j9rCyehleRC
3634,ZcXsmDho5wX,oAWJYNMK6nJ
3635,ZcXsmDho5wX,SklkojkmqFe
3636,ZcXsmDho5wX,EHrRv7BSSuK
3637,ZcXsmDho5wX,HniK4N7CIC3
3638,ZcXsmDho5wX,bvJOZFazPlH
3639,ZcXsmDho5wX,m5UmdGJ7ULk
3640,ZcXsmDho5wX,NWZdnFNgt9s
3641,ZcXsmDho5wX,S92VmrZzv4u
3642,ZcXsmDho5wX,RalFi0bUKL5
3643,ZcXsmDho5wX,rxUlz1qxofM
3644,ZcXsmDho5wX,LQHqiZM0KQY
3645,ZcXsmDho5wX,ZP7aUpBzfbj
3646,ZcXsmDho5wX,VRQ1VLN1Uak
3647,ZcXsmDho5wX,V3G6VUcBjlS
3648,ZcXsmDho5wX,wiYjZ1ib9k5
3649,ZcXsmDho5wX,Fye18CRITtO
3650,ZcXsmDho5wX,MDXF3XrKYj4
3651,ZcXsmDho5wX,eop2Um7CVnz
3652,ZcXsmDho5wX,u8pu50lRlXz
3653,ZcXsmDho5wX,NVTN5eOaHPP
3654,ZcXsmDho5wX,LsvkdkOs4B9
3655,ZcXsmDho5wX,P5A2apGgYmB
3656,ZcXsmDho5wX,WGPvbPDt3sh
3657,ZcXsmDho5wX,Ymumitwms9M
3658,ZcXsmDho5wX,eCuqrcbztab
3659,ZcXsmDho5wX,ymwgiKZEv24
3660,ZcXsmDho5wX,CxSmpJ3AuBw
3661,ZcXsmDho5wX,NxuA74gaC70
3662,ZcXsmDho5wX,kT4oXdnAr2n
3663,ZcXsmDho5wX,qqjWrMfqusu
3664,ZcXsmDho5wX,d1kU2EHySzn
3665,ZcXsmDho5wX,vJxhpdIL9G5
3666,ZcXsmDho5wX,YGG5dvPvNfw
3667,ZcXsmDho5wX,ANhnA6mFVVL
3668,ZcXsmDho5wX,FfypgEf8hjL
3669,ZcXsmDho5wX,BWLpTuub6xY
3670,ZcXsmDho5wX,m27NuRVJik4
3671,ZcXsmDho5wX,xaDJcSkWnnY
3672,ZcXsmDho5wX,uAMFrSYXzBl
3673,ZcXsmDho5wX,SpOR3uMRM2O
3674,ZcXsmDho5wX,Si8u9OKmyAX
3675,ZcXsmDho5wX,Pom4XORACDe
3676,ZcXsmDho5wX,eL2CocJauLU
3677,ZcXsmDho5wX,oufk0kTEw4r
3678,ZcXsmDho5wX,hyMGAZQmcHY
3679,Y4q6bk13zcO,zh2zAaHyYQx
3680,Y4q6bk13zcO,wDiX34aiw6i
3681,Y4q6bk13zcO,V2OuNTRI6ua
3682,Y4q6bk13zcO,huBy3W5qiD2
3683,Y4q6bk13zcO,F1rms8f9I9a
3684,Y4q6bk13zcO,Crc5reUlspd
3685,Y4q6bk13zcO,c7gvocRdg0f
3686,Y4q6bk13zcO,u3CkZqMHfHP
3687,Y4q6bk13zcO,dCKzhhINakS
3688,Y4q6bk13zcO,XVHTeecEOM3
3689,Vs3KkAbmI8v,zh2zAaHyYQx
3690,Vs3KkAbmI8v,wDiX34aiw6i
3691,Vs3KkAbmI8v,V2OuNTRI6ua
3692,Vs3KkAbmI8v,huBy3W5qiD2
3693,Vs3KkAbmI8v,F1rms8f9I9a
3694,Vs3KkAbmI8v,Crc5reUlspd
3695,Vs3KkAbmI8v,c7gvocRdg0f
3696,Vs3KkAbmI8v,u3CkZqMHfHP
3697,Vs3KkAbmI8v,dCKzhhINakS
3698,Vs3KkAbmI8v,XVHTeecEOM3
3699,Y1FMw4huvrl,SM9d5ybWcr0
3700,Y1FMw4huvrl,H5MiomGgbbi
3701,Y1FMw4huvrl,OUPWAOZojRb
3702,gyKuxbw1ONZ,zh2zAaHyYQx
3703,gyKuxbw1ONZ,wDiX34aiw6i
3704,gyKuxbw1ONZ,V2OuNTRI6ua
3705,gyKuxbw1ONZ,huBy3W5qiD2
3706,gyKuxbw1ONZ,F1rms8f9I9a
3707,gyKuxbw1ONZ,Crc5reUlspd
3708,gyKuxbw1ONZ,c7gvocRdg0f
3709,gyKuxbw1ONZ,u3CkZqMHfHP
3710,gyKuxbw1ONZ,dCKzhhINakS
3711,gyKuxbw1ONZ,XVHTeecEOM3
3712,bRYoCXTmJCB,zh2zAaHyYQx
3713,bRYoCXTmJCB,wDiX34aiw6i
3714,bRYoCXTmJCB,V2OuNTRI6ua
3715,bRYoCXTmJCB,huBy3W5qiD2
3716,bRYoCXTmJCB,F1rms8f9I9a
3717,bRYoCXTmJCB,Crc5reUlspd
3718,bRYoCXTmJCB,c7gvocRdg0f
3719,bRYoCXTmJCB,u3CkZqMHfHP
3720,bRYoCXTmJCB,dCKzhhINakS
3721,bRYoCXTmJCB,XVHTeecEOM3
3722,rYDKdnYdbAA,yabsZCXTQRM
3723,rYDKdnYdbAA,yWdrn6SiVZ9
3724,rYDKdnYdbAA,zLX9lB6eIHI
3725,rYDKdnYdbAA,C9j1R3XeUB3
3726,rYDKdnYdbAA,sBvVzuUN7ty
3727,rYDKdnYdbAA,JqdVRiI92bd
3728,rYDKdnYdbAA,tD3pn44uScE
3729,rYDKdnYdbAA,Mv9SNsGCT5e
3730,rYDKdnYdbAA,rU0HnmI7P8S
3731,rYDKdnYdbAA,pfXBcPz6khi
3732,bVhNiXj1ye3,zh2zAaHyYQx
3733,bVhNiXj1ye3,wDiX34aiw6i
3734,bVhNiXj1ye3,V2OuNTRI6ua
3735,bVhNiXj1ye3,huBy3W5qiD2
3736,bVhNiXj1ye3,F1rms8f9I9a
3737,bVhNiXj1ye3,Crc5reUlspd
3738,bVhNiXj1ye3,c7gvocRdg0f
3739,bVhNiXj1ye3,u3CkZqMHfHP
3740,bVhNiXj1ye3,dCKzhhINakS
3741,bVhNiXj1ye3,XVHTeecEOM3
3742,Ltid4SErX2z,zh2zAaHyYQx
3743,Ltid4SErX2z,wDiX34aiw6i
3744,Ltid4SErX2z,V2OuNTRI6ua
3745,Ltid4SErX2z,huBy3W5qiD2
3746,Ltid4SErX2z,F1rms8f9I9a
3747,Ltid4SErX2z,Crc5reUlspd
3748,Ltid4SErX2z,c7gvocRdg0f
3749,Ltid4SErX2z,u3CkZqMHfHP
3750,Ltid4SErX2z,dCKzhhINakS
3751,Ltid4SErX2z,XVHTeecEOM3
3752,ci2tX2QsAVc,WalQ4zu7RLz
3753,ci2tX2QsAVc,r01f3QfmLJS
3754,ci2tX2QsAVc,bmT820wlIV5
3755,ci2tX2QsAVc,vrSTfWaEZfP
3756,ci2tX2QsAVc,RKbp3GCvRrF
3757,ci2tX2QsAVc,I28asEo67Mt
3758,wVlW6KD9LTM,yabsZCXTQRM
3759,wVlW6KD9LTM,yWdrn6SiVZ9
3760,wVlW6KD9LTM,zLX9lB6eIHI
3761,wVlW6KD9LTM,C9j1R3XeUB3
3762,wVlW6KD9LTM,sBvVzuUN7ty
3763,wVlW6KD9LTM,JqdVRiI92bd
3764,wVlW6KD9LTM,tD3pn44uScE
3765,wVlW6KD9LTM,Mv9SNsGCT5e
3766,wVlW6KD9LTM,rU0HnmI7P8S
3767,wVlW6KD9LTM,pfXBcPz6khi
3768,wVlW6KD9LTM,zh2zAaHyYQx
3769,wVlW6KD9LTM,wDiX34aiw6i
3770,wVlW6KD9LTM,V2OuNTRI6ua
3771,wVlW6KD9LTM,huBy3W5qiD2
3772,wVlW6KD9LTM,F1rms8f9I9a
3773,wVlW6KD9LTM,Crc5reUlspd
3774,wVlW6KD9LTM,c7gvocRdg0f
3775,wVlW6KD9LTM,u3CkZqMHfHP
3776,wVlW6KD9LTM,dCKzhhINakS
3777,wVlW6KD9LTM,XVHTeecEOM3
3778,uqferbMcOHI,zh2zAaHyYQx
3779,uqferbMcOHI,wDiX34aiw6i
3780,uqferbMcOHI,V2OuNTRI6ua
3781,uqferbMcOHI,huBy3W5qiD2
3782,uqferbMcOHI,F1rms8f9I9a
3783,uqferbMcOHI,Crc5reUlspd
3784,uqferbMcOHI,c7gvocRdg0f
3785,uqferbMcOHI,u3CkZqMHfHP
3786,uqferbMcOHI,dCKzhhINakS
3787,uqferbMcOHI,XVHTeecEOM3
3788,er70FiTVpcu,zh2zAaHyYQx
3789,er70FiTVpcu,wDiX34aiw6i
3790,er70FiTVpcu,V2OuNTRI6ua
3791,er70FiTVpcu,huBy3W5qiD2
3792,er70FiTVpcu,F1rms8f9I9a
3793,er70FiTVpcu,Crc5reUlspd
3794,er70FiTVpcu,c7gvocRdg0f
3795,er70FiTVpcu,u3CkZqMHfHP
3796,er70FiTVpcu,dCKzhhINakS
3797,er70FiTVpcu,XVHTeecEOM3
3798,MxD5pnf5rVM,zh2zAaHyYQx
3799,MxD5pnf5rVM,wDiX34aiw6i
3800,MxD5pnf5rVM,V2OuNTRI6ua
3801,MxD5pnf5rVM,huBy3W5qiD2
3802,MxD5pnf5rVM,F1rms8f9I9a
3803,MxD5pnf5rVM,Crc5reUlspd
3804,MxD5pnf5rVM,c7gvocRdg0f
3805,MxD5pnf5rVM,u3CkZqMHfHP
3806,MxD5pnf5rVM,dCKzhhINakS
3807,MxD5pnf5rVM,XVHTeecEOM3
3808,JdHWyZqXrVY,WalQ4zu7RLz
3809,JdHWyZqXrVY,r01f3QfmLJS
3810,JdHWyZqXrVY,bmT820wlIV5
3811,JdHWyZqXrVY,vrSTfWaEZfP
3812,JdHWyZqXrVY,RKbp3GCvRrF
3813,JdHWyZqXrVY,I28asEo67Mt
3814,a3dXGbUg8HC,zh2zAaHyYQx
3815,a3dXGbUg8HC,wDiX34aiw6i
3816,a3dXGbUg8HC,V2OuNTRI6ua
3817,a3dXGbUg8HC,huBy3W5qiD2
3818,a3dXGbUg8HC,F1rms8f9I9a
3819,a3dXGbUg8HC,Crc5reUlspd
3820,a3dXGbUg8HC,c7gvocRdg0f
3821,a3dXGbUg8HC,u3CkZqMHfHP
3822,a3dXGbUg8HC,dCKzhhINakS
3823,a3dXGbUg8HC,XVHTeecEOM3
3824,a3dXGbUg8HC,wcbqTyLOCYU
3825,a3dXGbUg8HC,fkeMwVLKUyi
3826,a3dXGbUg8HC,FqUuiCGELpZ
3827,a3dXGbUg8HC,ITt4hJUPzgc
3828,a3dXGbUg8HC,EVJwOnx0wy9
3829,a3dXGbUg8HC,bdbxoGD7oAY
3830,a3dXGbUg8HC,QzcaaLV5dVM
3831,a3dXGbUg8HC,Q29KLru4s67
3832,a3dXGbUg8HC,XfXgs4Xao0Y
3833,a3dXGbUg8HC,ddHDso5Uizg
3834,a3dXGbUg8HC,MJzZmZ3OMxI
3835,a3dXGbUg8HC,n5YvcIzcYaF
3836,a3dXGbUg8HC,UShugsidUxz
3837,a3dXGbUg8HC,SPvm3s5w8ZJ
3838,a3dXGbUg8HC,zBEtAxHIaIx
3839,a3dXGbUg8HC,EJn0qutf2Uh
3840,A5Kr6LUrerV,IxedmiLHz9Z
3841,A5Kr6LUrerV,De5hrS515Zn
3842,A5Kr6LUrerV,CmRTyoslzWh
3843,A5Kr6LUrerV,p2GPXD5Cnfx
3844,A5Kr6LUrerV,PAJnQXEcGM5
3845,A5Kr6LUrerV,tWyPsl8Q80x
3846,A5Kr6LUrerV,X7lGMvzhhHO
3847,A5Kr6LUrerV,q1bn6nbNWWs
3848,A5Kr6LUrerV,oKckGvbfBoE
3849,A5Kr6LUrerV,kqoB83Pywcn
3850,A5Kr6LUrerV,l5Gk9wbUabk
3851,A5Kr6LUrerV,bt5fCDEC6xg
3852,A5Kr6LUrerV,BqF8ApJDM1b
3853,A5Kr6LUrerV,CJNOHEHlmTO
3854,A5Kr6LUrerV,Ci9eCUwUwQP
3855,A5Kr6LUrerV,OWFLGCyCYh9
3856,A5Kr6LUrerV,yRZWB4ePZQB
3857,A5Kr6LUrerV,FUI0aox8rli
3858,A5Kr6LUrerV,PHFpYNuhfMH
3859,A5Kr6LUrerV,PoUru59Widt
3860,A5Kr6LUrerV,WQwFNS8stqH
3861,A5Kr6LUrerV,Z5sztcD02uR
3862,A5Kr6LUrerV,pfTxuYyotnV
3863,A5Kr6LUrerV,QrqE7OWhVeB
3864,A5Kr6LUrerV,DmQ8Y9AnCxD
3865,A5Kr6LUrerV,MXSoFC86Ahc
3866,A5Kr6LUrerV,QM4GJFRQLmV
3867,A5Kr6LUrerV,LCjg0P31aHC
3868,A5Kr6LUrerV,BgseGQCGxCU
3869,A5Kr6LUrerV,r5ly5kAR64j
3870,A5Kr6LUrerV,w2x7wisZ9gU
3871,A5Kr6LUrerV,VsIEv29Z2WQ
3872,A5Kr6LUrerV,HC2p8FsYUxv
3873,A5Kr6LUrerV,Ad0b5RlyTyD
3874,A5Kr6LUrerV,RdWtoSsZ2Et
3875,A5Kr6LUrerV,EkGOmoO5HJW
3876,A5Kr6LUrerV,ALtnybrdfBS
3877,A5Kr6LUrerV,Yds4K321ZsD
3878,A5Kr6LUrerV,H05GbJDKjmS
3879,A5Kr6LUrerV,oPlJS6QJzd4
3880,A5Kr6LUrerV,aUYhzD1F7AL
3881,A5Kr6LUrerV,gZj5EmCN3bW
3882,A5Kr6LUrerV,qijpicKfOuI
3883,A5Kr6LUrerV,JpLTizFWhl5
3884,A5Kr6LUrerV,gOoWu5QD5Sh
3885,A5Kr6LUrerV,agkv6HbPChy
3886,A5Kr6LUrerV,Ayn4HI0Ujih
3887,A5Kr6LUrerV,OeKkFirtg64
3888,A5Kr6LUrerV,iC9oTtswCjr
3889,A5Kr6LUrerV,k9X5VFixGwT
3890,A5Kr6LUrerV,mB81kX8i1nT
3891,A5Kr6LUrerV,Nreu6qZSYRm
3892,A5Kr6LUrerV,WeM511kONAT
3893,A5Kr6LUrerV,hRfuxjPXadc
3894,A5Kr6LUrerV,BqoNkhsUtD0
3895,A5Kr6LUrerV,YQGY58YcNXd
3896,A5Kr6LUrerV,TGJ6Pdu0Ing
3897,A5Kr6LUrerV,wTHAaf23XNU
3898,A5Kr6LUrerV,jp66dqnPk7y
3899,A5Kr6LUrerV,zpaxraQng1p
3900,A5Kr6LUrerV,mufD9pb9Uez
3901,A5Kr6LUrerV,fgInS7gwlWa
3902,A5Kr6LUrerV,Vhleslo54uW
3903,A5Kr6LUrerV,G5ci7PXGFdx
3904,A5Kr6LUrerV,rjGeqiQxgWg
3905,A5Kr6LUrerV,z37NEYRcci4
3906,A5Kr6LUrerV,MRSXKs0LoBz
3907,A5Kr6LUrerV,OasbOagtHFu
3908,A5Kr6LUrerV,onsWC7ah5F4
3909,A5Kr6LUrerV,kCD248o8ZcE
3910,J42h8FOaMEK,zh2zAaHyYQx
3911,J42h8FOaMEK,wDiX34aiw6i
3912,J42h8FOaMEK,V2OuNTRI6ua
3913,J42h8FOaMEK,huBy3W5qiD2
3914,J42h8FOaMEK,F1rms8f9I9a
3915,J42h8FOaMEK,Crc5reUlspd
3916,J42h8FOaMEK,c7gvocRdg0f
3917,J42h8FOaMEK,u3CkZqMHfHP
3918,J42h8FOaMEK,dCKzhhINakS
3919,J42h8FOaMEK,XVHTeecEOM3
3920,HsvF0OV9dTI,SgtJVRGlRIo
3921,HsvF0OV9dTI,nusEBjg8bes
3922,HsvF0OV9dTI,sHKK94BX2Rp
3923,HsvF0OV9dTI,kkV0Rfqo4Ru
3924,HsvF0OV9dTI,UKCxMVgAc2s
3925,HsvF0OV9dTI,WyNau0T37h4
3926,HsvF0OV9dTI,OhmzAkCmkjU
3927,HsvF0OV9dTI,oIxEDq59GUL
3928,HsvF0OV9dTI,DHWRwZkFHqc
3929,HsvF0OV9dTI,mJNtXTVt6T1
3930,u5YKdUK8DpL,zh2zAaHyYQx
3931,u5YKdUK8DpL,wDiX34aiw6i
3932,u5YKdUK8DpL,V2OuNTRI6ua
3933,u5YKdUK8DpL,huBy3W5qiD2
3934,u5YKdUK8DpL,F1rms8f9I9a
3935,u5YKdUK8DpL,Crc5reUlspd
3936,u5YKdUK8DpL,c7gvocRdg0f
3937,u5YKdUK8DpL,u3CkZqMHfHP
3938,u5YKdUK8DpL,dCKzhhINakS
3939,u5YKdUK8DpL,XVHTeecEOM3
3940,FzBaYcoHAnl,zh2zAaHyYQx
3941,FzBaYcoHAnl,wDiX34aiw6i
3942,FzBaYcoHAnl,V2OuNTRI6ua
3943,FzBaYcoHAnl,huBy3W5qiD2
3944,FzBaYcoHAnl,F1rms8f9I9a
3945,FzBaYcoHAnl,Crc5reUlspd
3946,FzBaYcoHAnl,c7gvocRdg0f
3947,FzBaYcoHAnl,u3CkZqMHfHP
3948,FzBaYcoHAnl,dCKzhhINakS
3949,FzBaYcoHAnl,XVHTeecEOM3
3950,OXGKBH0qPZE,zh2zAaHyYQx
3951,OXGKBH0qPZE,wDiX34aiw6i
3952,OXGKBH0qPZE,V2OuNTRI6ua
3953,OXGKBH0qPZE,huBy3W5qiD2
3954,OXGKBH0qPZE,F1rms8f9I9a
3955,OXGKBH0qPZE,Crc5reUlspd
3956,OXGKBH0qPZE,c7gvocRdg0f
3957,OXGKBH0qPZE,u3CkZqMHfHP
3958,OXGKBH0qPZE,dCKzhhINakS
3959,OXGKBH0qPZE,XVHTeecEOM3
3960,wuPvBoMWGWK,zh2zAaHyYQx
3961,wuPvBoMWGWK,wDiX34aiw6i
3962,wuPvBoMWGWK,V2OuNTRI6ua
3963,wuPvBoMWGWK,huBy3W5qiD2
3964,wuPvBoMWGWK,F1rms8f9I9a
3965,wuPvBoMWGWK,Crc5reUlspd
3966,wuPvBoMWGWK,c7gvocRdg0f
3967,wuPvBoMWGWK,u3CkZqMHfHP
3968,wuPvBoMWGWK,dCKzhhINakS
3969,wuPvBoMWGWK,XVHTeecEOM3
3970,obLrAOXhCgl,zh2zAaHyYQx
3971,obLrAOXhCgl,wDiX34aiw6i
3972,obLrAOXhCgl,V2OuNTRI6ua
3973,obLrAOXhCgl,huBy3W5qiD2
3974,obLrAOXhCgl,F1rms8f9I9a
3975,obLrAOXhCgl,Crc5reUlspd
3976,obLrAOXhCgl,c7gvocRdg0f
3977,obLrAOXhCgl,u3CkZqMHfHP
3978,obLrAOXhCgl,dCKzhhINakS
3979,obLrAOXhCgl,XVHTeecEOM3
3980,rOaKXQCkllx,WalQ4zu7RLz
3981,rOaKXQCkllx,r01f3QfmLJS
3982,rOaKXQCkllx,bmT820wlIV5
3983,rOaKXQCkllx,vrSTfWaEZfP
3984,rOaKXQCkllx,RKbp3GCvRrF
3985,rOaKXQCkllx,I28asEo67Mt
3986,MAdd47BztzL,zh2zAaHyYQx
3987,MAdd47BztzL,wDiX34aiw6i
3988,MAdd47BztzL,V2OuNTRI6ua
3989,MAdd47BztzL,huBy3W5qiD2
3990,MAdd47BztzL,F1rms8f9I9a
3991,MAdd47BztzL,Crc5reUlspd
3992,MAdd47BztzL,c7gvocRdg0f
3993,MAdd47BztzL,u3CkZqMHfHP
3994,MAdd47BztzL,dCKzhhINakS
3995,MAdd47BztzL,XVHTeecEOM3
3996,rrBvaJRsH44,zh2zAaHyYQx
3997,rrBvaJRsH44,wDiX34aiw6i
3998,rrBvaJRsH44,V2OuNTRI6ua
3999,rrBvaJRsH44,huBy3W5qiD2
4000,rrBvaJRsH44,F1rms8f9I9a
4001,rrBvaJRsH44,Crc5reUlspd
4002,rrBvaJRsH44,c7gvocRdg0f
4003,rrBvaJRsH44,u3CkZqMHfHP
4004,rrBvaJRsH44,dCKzhhINakS
4005,rrBvaJRsH44,XVHTeecEOM3
4006,Wr2VomTVWh9,SgtJVRGlRIo
4007,Wr2VomTVWh9,nusEBjg8bes
4008,Wr2VomTVWh9,sHKK94BX2Rp
4009,Wr2VomTVWh9,kkV0Rfqo4Ru
4010,Wr2VomTVWh9,UKCxMVgAc2s
4011,Wr2VomTVWh9,WyNau0T37h4
4012,Wr2VomTVWh9,OhmzAkCmkjU
4013,Wr2VomTVWh9,oIxEDq59GUL
4014,Wr2VomTVWh9,DHWRwZkFHqc
4015,Wr2VomTVWh9,mJNtXTVt6T1
4016,AmxcGY2ULMQ,zh2zAaHyYQx
4017,AmxcGY2ULMQ,wDiX34aiw6i
4018,AmxcGY2ULMQ,V2OuNTRI6ua
4019,AmxcGY2ULMQ,huBy3W5qiD2
4020,AmxcGY2ULMQ,F1rms8f9I9a
4021,AmxcGY2ULMQ,Crc5reUlspd
4022,AmxcGY2ULMQ,c7gvocRdg0f
4023,AmxcGY2ULMQ,u3CkZqMHfHP
4024,AmxcGY2ULMQ,dCKzhhINakS
4025,AmxcGY2ULMQ,XVHTeecEOM3
4026,WUJaFYImiHS,fbr68sqTEKR
4027,WUJaFYImiHS,yWIozWpVGde
4028,WUJaFYImiHS,eObZc3y09Bh
4029,WUJaFYImiHS,ml6TgIWWdH3
4030,WUJaFYImiHS,vGnxttOzglN
4031,WUJaFYImiHS,BSvMtDCiZAJ
4032,WUJaFYImiHS,rC7np2aSgzQ
4033,WUJaFYImiHS,btAQJ4dvcuc
4034,WUJaFYImiHS,ATVgV0shmyv
4035,WUJaFYImiHS,iz3jhBFrFop
4036,WUJaFYImiHS,YJbmxtwZ2Dp
4037,WUJaFYImiHS,AnF164KvhgZ
4038,WUJaFYImiHS,tJ9I0GJyrsJ
4039,WUJaFYImiHS,WqJhXlm3j9S
4040,WUJaFYImiHS,UOY7hA2xpUA
4041,WUJaFYImiHS,GMBwC7m2Tea
4042,WUJaFYImiHS,wmdKsYtMiVy
4043,WUJaFYImiHS,AW05HSHAq0i
4044,WUJaFYImiHS,lLNRDZPsnOs
4045,WUJaFYImiHS,ZTykIzgbe7T
4046,T4UBVxKALGr,wcbqTyLOCYU
4047,T4UBVxKALGr,fkeMwVLKUyi
4048,T4UBVxKALGr,FqUuiCGELpZ
4049,T4UBVxKALGr,ITt4hJUPzgc
4050,T4UBVxKALGr,EVJwOnx0wy9
4051,T4UBVxKALGr,bdbxoGD7oAY
4052,T4UBVxKALGr,QzcaaLV5dVM
4053,T4UBVxKALGr,Q29KLru4s67
4054,T4UBVxKALGr,XfXgs4Xao0Y
4055,T4UBVxKALGr,ddHDso5Uizg
4056,T4UBVxKALGr,MJzZmZ3OMxI
4057,T4UBVxKALGr,n5YvcIzcYaF
4058,T4UBVxKALGr,UShugsidUxz
4059,T4UBVxKALGr,SPvm3s5w8ZJ
4060,T4UBVxKALGr,zBEtAxHIaIx
4061,T4UBVxKALGr,EJn0qutf2Uh
4062,Vi1nAmj1Y0D,zh2zAaHyYQx
4063,Vi1nAmj1Y0D,wDiX34aiw6i
4064,Vi1nAmj1Y0D,V2OuNTRI6ua
4065,Vi1nAmj1Y0D,huBy3W5qiD2
4066,Vi1nAmj1Y0D,F1rms8f9I9a
4067,Vi1nAmj1Y0D,Crc5reUlspd
4068,Vi1nAmj1Y0D,c7gvocRdg0f
4069,Vi1nAmj1Y0D,u3CkZqMHfHP
4070,Vi1nAmj1Y0D,dCKzhhINakS
4071,Vi1nAmj1Y0D,XVHTeecEOM3
4072,mPDuv5MQg4A,zh2zAaHyYQx
4073,mPDuv5MQg4A,wDiX34aiw6i
4074,mPDuv5MQg4A,V2OuNTRI6ua
4075,mPDuv5MQg4A,huBy3W5qiD2
4076,mPDuv5MQg4A,F1rms8f9I9a
4077,mPDuv5MQg4A,Crc5reUlspd
4078,mPDuv5MQg4A,c7gvocRdg0f
4079,mPDuv5MQg4A,u3CkZqMHfHP
4080,mPDuv5MQg4A,dCKzhhINakS
4081,mPDuv5MQg4A,XVHTeecEOM3
4082,x2N6fqqX0eL,zh2zAaHyYQx
4083,x2N6fqqX0eL,wDiX34aiw6i
4084,x2N6fqqX0eL,V2OuNTRI6ua
4085,x2N6fqqX0eL,huBy3W5qiD2
4086,x2N6fqqX0eL,F1rms8f9I9a
4087,x2N6fqqX0eL,Crc5reUlspd
4088,x2N6fqqX0eL,c7gvocRdg0f
4089,x2N6fqqX0eL,u3CkZqMHfHP
4090,x2N6fqqX0eL,dCKzhhINakS
4091,x2N6fqqX0eL,XVHTeecEOM3
4092,O5so9Lqzz7l,zh2zAaHyYQx
4093,O5so9Lqzz7l,wDiX34aiw6i
4094,O5so9Lqzz7l,V2OuNTRI6ua
4095,O5so9Lqzz7l,huBy3W5qiD2
4096,O5so9Lqzz7l,F1rms8f9I9a
4097,O5so9Lqzz7l,Crc5reUlspd
4098,O5so9Lqzz7l,c7gvocRdg0f
4099,O5so9Lqzz7l,u3CkZqMHfHP
4100,O5so9Lqzz7l,dCKzhhINakS
4101,O5so9Lqzz7l,XVHTeecEOM3
4102,y6ofkvr4JP8,zh2zAaHyYQx
4103,y6ofkvr4JP8,wDiX34aiw6i
4104,y6ofkvr4JP8,V2OuNTRI6ua
4105,y6ofkvr4JP8,huBy3W5qiD2
4106,y6ofkvr4JP8,F1rms8f9I9a
4107,y6ofkvr4JP8,Crc5reUlspd
4108,y6ofkvr4JP8,c7gvocRdg0f
4109,y6ofkvr4JP8,u3CkZqMHfHP
4110,y6ofkvr4JP8,dCKzhhINakS
4111,y6ofkvr4JP8,XVHTeecEOM3
4112,HcstM0RIqmC,zh2zAaHyYQx
4113,HcstM0RIqmC,wDiX34aiw6i
4114,HcstM0RIqmC,V2OuNTRI6ua
4115,HcstM0RIqmC,huBy3W5qiD2
4116,HcstM0RIqmC,F1rms8f9I9a
4117,HcstM0RIqmC,Crc5reUlspd
4118,HcstM0RIqmC,c7gvocRdg0f
4119,HcstM0RIqmC,u3CkZqMHfHP
4120,HcstM0RIqmC,dCKzhhINakS
4121,HcstM0RIqmC,XVHTeecEOM3
4122,pWZcOnKaoCa,zh2zAaHyYQx
4123,pWZcOnKaoCa,wDiX34aiw6i
4124,pWZcOnKaoCa,V2OuNTRI6ua
4125,pWZcOnKaoCa,huBy3W5qiD2
4126,pWZcOnKaoCa,F1rms8f9I9a
4127,pWZcOnKaoCa,Crc5reUlspd
4128,pWZcOnKaoCa,c7gvocRdg0f
4129,pWZcOnKaoCa,u3CkZqMHfHP
4130,pWZcOnKaoCa,dCKzhhINakS
4131,pWZcOnKaoCa,XVHTeecEOM3
4132,KzSFtYtzc5B,zh2zAaHyYQx
4133,KzSFtYtzc5B,wDiX34aiw6i
4134,KzSFtYtzc5B,V2OuNTRI6ua
4135,KzSFtYtzc5B,huBy3W5qiD2
4136,KzSFtYtzc5B,F1rms8f9I9a
4137,KzSFtYtzc5B,Crc5reUlspd
4138,KzSFtYtzc5B,c7gvocRdg0f
4139,KzSFtYtzc5B,u3CkZqMHfHP
4140,KzSFtYtzc5B,dCKzhhINakS
4141,KzSFtYtzc5B,XVHTeecEOM3
4142,rra35FpIwIN,zh2zAaHyYQx
4143,rra35FpIwIN,wDiX34aiw6i
4144,rra35FpIwIN,V2OuNTRI6ua
4145,rra35FpIwIN,huBy3W5qiD2
4146,rra35FpIwIN,F1rms8f9I9a
4147,rra35FpIwIN,Crc5reUlspd
4148,rra35FpIwIN,c7gvocRdg0f
4149,rra35FpIwIN,u3CkZqMHfHP
4150,rra35FpIwIN,dCKzhhINakS
4151,rra35FpIwIN,XVHTeecEOM3
4152,giA2dZVsarE,r6izn2XFqEc
4153,giA2dZVsarE,NYHvlXEt4Ak
4154,giA2dZVsarE,A8rYH97KrsT
4155,giA2dZVsarE,GNNdPRsjO2n
4156,giA2dZVsarE,mtJPFOZgbxi
4157,giA2dZVsarE,VSQdmcsGlPJ
4158,giA2dZVsarE,cYqRrSx1FDh
4159,giA2dZVsarE,tNGX99SZlLN
4160,giA2dZVsarE,u5FiIkNknnZ
4161,giA2dZVsarE,J0tZbSIQgJh
4162,giA2dZVsarE,Yx9LGiAEzJI
4163,giA2dZVsarE,wgxsjUMb8Rw
4164,Ku2eyPEWbtF,zh2zAaHyYQx
4165,Ku2eyPEWbtF,wDiX34aiw6i
4166,Ku2eyPEWbtF,V2OuNTRI6ua
4167,Ku2eyPEWbtF,huBy3W5qiD2
4168,Ku2eyPEWbtF,F1rms8f9I9a
4169,Ku2eyPEWbtF,Crc5reUlspd
4170,Ku2eyPEWbtF,c7gvocRdg0f
4171,Ku2eyPEWbtF,u3CkZqMHfHP
4172,Ku2eyPEWbtF,dCKzhhINakS
4173,Ku2eyPEWbtF,XVHTeecEOM3
4174,bDaL1MMAy8X,WalQ4zu7RLz
4175,bDaL1MMAy8X,r01f3QfmLJS
4176,bDaL1MMAy8X,bmT820wlIV5
4177,bDaL1MMAy8X,vrSTfWaEZfP
4178,bDaL1MMAy8X,RKbp3GCvRrF
4179,bDaL1MMAy8X,I28asEo67Mt
4180,WIJ0fbjLIJh,zh2zAaHyYQx
4181,WIJ0fbjLIJh,wDiX34aiw6i
4182,WIJ0fbjLIJh,V2OuNTRI6ua
4183,WIJ0fbjLIJh,huBy3W5qiD2
4184,WIJ0fbjLIJh,F1rms8f9I9a
4185,WIJ0fbjLIJh,Crc5reUlspd
4186,WIJ0fbjLIJh,c7gvocRdg0f
4187,WIJ0fbjLIJh,u3CkZqMHfHP
4188,WIJ0fbjLIJh,dCKzhhINakS
4189,WIJ0fbjLIJh,XVHTeecEOM3
4190,zOlCSx2DbR0,WalQ4zu7RLz
4191,zOlCSx2DbR0,r01f3QfmLJS
4192,zOlCSx2DbR0,bmT820wlIV5
4193,zOlCSx2DbR0,vrSTfWaEZfP
4194,zOlCSx2DbR0,RKbp3GCvRrF
4195,zOlCSx2DbR0,I28asEo67Mt
4196,tFMoZhEGgfK,pvlQCJPgNBf
4197,tFMoZhEGgfK,slbcw6naLWL
4198,tFMoZhEGgfK,TBB5Bs0EJPq
4199,tFMoZhEGgfK,RxuzjTrDPzp
4200,tFMoZhEGgfK,cunGU4fGzfD
4201,tFMoZhEGgfK,zS2FhRuKp1b
4202,tFMoZhEGgfK,rEAkXQROSUS
4203,tFMoZhEGgfK,Up5qCxYh4pN
4204,tFMoZhEGgfK,A4exOip3pCg
4205,tFMoZhEGgfK,QUzLjdveSOz
4206,tFMoZhEGgfK,iTdW73TXhq2
4207,tFMoZhEGgfK,dNlKeKmJDy0
4208,EeUWzpLdAcO,vgwBZ1EnvS1
4209,EeUWzpLdAcO,lKtUo70yy5S
4210,EeUWzpLdAcO,ubHnOQDfKvn
4211,EeUWzpLdAcO,kieAJGAdQQz
4212,EeUWzpLdAcO,Uu9EzmgMiUx
4213,EeUWzpLdAcO,NBLm9T4PdXT
4214,EeUWzpLdAcO,vv7DH53AEaT
4215,EeUWzpLdAcO,De2rXs4jApk
4216,EeUWzpLdAcO,BVbGW2Vr7UU
4217,EeUWzpLdAcO,bMRP4hxhZ1i
4218,EeUWzpLdAcO,Io3bQxY6Nr3
4219,EeUWzpLdAcO,aUatqtCxzVw
4220,EeUWzpLdAcO,OGomkW4FRgT
4221,EeUWzpLdAcO,MM1oF4N8Vku
4222,EeUWzpLdAcO,xBLq8rFuTSS
4223,EeUWzpLdAcO,G4cHMKNJ898
4224,EeUWzpLdAcO,keJQ8icaJd5
4225,EeUWzpLdAcO,nq6KPmpdIMQ
4226,EeUWzpLdAcO,gnq6kfPFRUy
4227,EeUWzpLdAcO,lUs3TRrwSp3
4228,EeUWzpLdAcO,zh2zAaHyYQx
4229,EeUWzpLdAcO,wDiX34aiw6i
4230,EeUWzpLdAcO,V2OuNTRI6ua
4231,EeUWzpLdAcO,huBy3W5qiD2
4232,EeUWzpLdAcO,F1rms8f9I9a
4233,EeUWzpLdAcO,Crc5reUlspd
4234,EeUWzpLdAcO,c7gvocRdg0f
4235,EeUWzpLdAcO,u3CkZqMHfHP
4236,EeUWzpLdAcO,dCKzhhINakS
4237,EeUWzpLdAcO,XVHTeecEOM3
4238,p9EPi77rptk,zh2zAaHyYQx
4239,p9EPi77rptk,wDiX34aiw6i
4240,p9EPi77rptk,V2OuNTRI6ua
4241,p9EPi77rptk,huBy3W5qiD2
4242,p9EPi77rptk,F1rms8f9I9a
4243,p9EPi77rptk,Crc5reUlspd
4244,p9EPi77rptk,c7gvocRdg0f
4245,p9EPi77rptk,u3CkZqMHfHP
4246,p9EPi77rptk,dCKzhhINakS
4247,p9EPi77rptk,XVHTeecEOM3
4248,D7olRuBhSSo,zh2zAaHyYQx
4249,D7olRuBhSSo,wDiX34aiw6i
4250,D7olRuBhSSo,V2OuNTRI6ua
4251,D7olRuBhSSo,huBy3W5qiD2
4252,D7olRuBhSSo,F1rms8f9I9a
4253,D7olRuBhSSo,Crc5reUlspd
4254,D7olRuBhSSo,c7gvocRdg0f
4255,D7olRuBhSSo,u3CkZqMHfHP
4256,D7olRuBhSSo,dCKzhhINakS
4257,D7olRuBhSSo,XVHTeecEOM3
4258,QpISR251PpC,SgtJVRGlRIo
4259,QpISR251PpC,nusEBjg8bes
4260,QpISR251PpC,sHKK94BX2Rp
4261,QpISR251PpC,kkV0Rfqo4Ru
4262,QpISR251PpC,UKCxMVgAc2s
4263,QpISR251PpC,WyNau0T37h4
4264,QpISR251PpC,OhmzAkCmkjU
4265,QpISR251PpC,oIxEDq59GUL
4266,QpISR251PpC,DHWRwZkFHqc
4267,QpISR251PpC,mJNtXTVt6T1
4268,mHv9ym4S7GV,WalQ4zu7RLz
4269,mHv9ym4S7GV,r01f3QfmLJS
4270,mHv9ym4S7GV,bmT820wlIV5
4271,mHv9ym4S7GV,vrSTfWaEZfP
4272,mHv9ym4S7GV,RKbp3GCvRrF
4273,mHv9ym4S7GV,I28asEo67Mt
4274,KOwVEU2EA7Z,SM9d5ybWcr0
4275,KOwVEU2EA7Z,H5MiomGgbbi
4276,KOwVEU2EA7Z,OUPWAOZojRb
4277,KaqDbaq0Yce,zh2zAaHyYQx
4278,KaqDbaq0Yce,wDiX34aiw6i
4279,KaqDbaq0Yce,V2OuNTRI6ua
4280,KaqDbaq0Yce,huBy3W5qiD2
4281,KaqDbaq0Yce,F1rms8f9I9a
4282,KaqDbaq0Yce,Crc5reUlspd
4283,KaqDbaq0Yce,c7gvocRdg0f
4284,KaqDbaq0Yce,u3CkZqMHfHP
4285,KaqDbaq0Yce,dCKzhhINakS
4286,KaqDbaq0Yce,XVHTeecEOM3
4287,HSsqCydf68P,yabsZCXTQRM
4288,HSsqCydf68P,yWdrn6SiVZ9
4289,HSsqCydf68P,zLX9lB6eIHI
4290,HSsqCydf68P,C9j1R3XeUB3
4291,HSsqCydf68P,sBvVzuUN7ty
4292,HSsqCydf68P,JqdVRiI92bd
4293,HSsqCydf68P,tD3pn44uScE
4294,HSsqCydf68P,Mv9SNsGCT5e
4295,HSsqCydf68P,rU0HnmI7P8S
4296,HSsqCydf68P,pfXBcPz6khi
4297,HSsqCydf68P,zh2zAaHyYQx
4298,HSsqCydf68P,wDiX34aiw6i
4299,HSsqCydf68P,V2OuNTRI6ua
4300,HSsqCydf68P,huBy3W5qiD2
4301,HSsqCydf68P,F1rms8f9I9a
4302,HSsqCydf68P,Crc5reUlspd
4303,HSsqCydf68P,c7gvocRdg0f
4304,HSsqCydf68P,u3CkZqMHfHP
4305,HSsqCydf68P,dCKzhhINakS
4306,HSsqCydf68P,XVHTeecEOM3
4307,nhk5V6yA2lZ,WalQ4zu7RLz
4308,nhk5V6yA2lZ,r01f3QfmLJS
4309,nhk5V6yA2lZ,bmT820wlIV5
4310,nhk5V6yA2lZ,vrSTfWaEZfP
4311,nhk5V6yA2lZ,RKbp3GCvRrF
4312,nhk5V6yA2lZ,I28asEo67Mt
4313,lwdpc4V1UVw,zh2zAaHyYQx
4314,lwdpc4V1UVw,wDiX34aiw6i
4315,lwdpc4V1UVw,V2OuNTRI6ua
4316,lwdpc4V1UVw,huBy3W5qiD2
4317,lwdpc4V1UVw,F1rms8f9I9a
4318,lwdpc4V1UVw,Crc5reUlspd
4319,lwdpc4V1UVw,c7gvocRdg0f
4320,lwdpc4V1UVw,u3CkZqMHfHP
4321,lwdpc4V1UVw,dCKzhhINakS
4322,lwdpc4V1UVw,XVHTeecEOM3
4323,TjtPAy0wjAg,SgtJVRGlRIo
4324,TjtPAy0wjAg,nusEBjg8bes
4325,TjtPAy0wjAg,sHKK94BX2Rp
4326,TjtPAy0wjAg,kkV0Rfqo4Ru
4327,TjtPAy0wjAg,UKCxMVgAc2s
4328,TjtPAy0wjAg,WyNau0T37h4
4329,TjtPAy0wjAg,OhmzAkCmkjU
4330,TjtPAy0wjAg,oIxEDq59GUL
4331,TjtPAy0wjAg,DHWRwZkFHqc
4332,TjtPAy0wjAg,mJNtXTVt6T1
4333,vj1YkrDXVUv,zh2zAaHyYQx
4334,vj1YkrDXVUv,wDiX34aiw6i
4335,vj1YkrDXVUv,V2OuNTRI6ua
4336,vj1YkrDXVUv,huBy3W5qiD2
4337,vj1YkrDXVUv,F1rms8f9I9a
4338,vj1YkrDXVUv,Crc5reUlspd
4339,vj1YkrDXVUv,c7gvocRdg0f
4340,vj1YkrDXVUv,u3CkZqMHfHP
4341,vj1YkrDXVUv,dCKzhhINakS
4342,vj1YkrDXVUv,XVHTeecEOM3
4343,JJyUQfJ8Olm,zh2zAaHyYQx
4344,JJyUQfJ8Olm,wDiX34aiw6i
4345,JJyUQfJ8Olm,V2OuNTRI6ua
4346,JJyUQfJ8Olm,huBy3W5qiD2
4347,JJyUQfJ8Olm,F1rms8f9I9a
4348,JJyUQfJ8Olm,Crc5reUlspd
4349,JJyUQfJ8Olm,c7gvocRdg0f
4350,JJyUQfJ8Olm,u3CkZqMHfHP
4351,JJyUQfJ8Olm,dCKzhhINakS
4352,JJyUQfJ8Olm,XVHTeecEOM3
4353,Mtr5SSKpZw3,zh2zAaHyYQx
4354,Mtr5SSKpZw3,wDiX34aiw6i
4355,Mtr5SSKpZw3,V2OuNTRI6ua
4356,Mtr5SSKpZw3,huBy3W5qiD2
4357,Mtr5SSKpZw3,F1rms8f9I9a
4358,Mtr5SSKpZw3,Crc5reUlspd
4359,Mtr5SSKpZw3,c7gvocRdg0f
4360,Mtr5SSKpZw3,u3CkZqMHfHP
4361,Mtr5SSKpZw3,dCKzhhINakS
4362,Mtr5SSKpZw3,XVHTeecEOM3
4363,N61ugaqri3E,zh2zAaHyYQx
4364,N61ugaqri3E,wDiX34aiw6i
4365,N61ugaqri3E,V2OuNTRI6ua
4366,N61ugaqri3E,huBy3W5qiD2
4367,N61ugaqri3E,F1rms8f9I9a
4368,N61ugaqri3E,Crc5reUlspd
4369,N61ugaqri3E,c7gvocRdg0f
4370,N61ugaqri3E,u3CkZqMHfHP
4371,N61ugaqri3E,dCKzhhINakS
4372,N61ugaqri3E,XVHTeecEOM3
4373,aZx1kuR75my,zh2zAaHyYQx
4374,aZx1kuR75my,wDiX34aiw6i
4375,aZx1kuR75my,V2OuNTRI6ua
4376,aZx1kuR75my,huBy3W5qiD2
4377,aZx1kuR75my,F1rms8f9I9a
4378,aZx1kuR75my,Crc5reUlspd
4379,aZx1kuR75my,c7gvocRdg0f
4380,aZx1kuR75my,u3CkZqMHfHP
4381,aZx1kuR75my,dCKzhhINakS
4382,aZx1kuR75my,XVHTeecEOM3
4383,hSSzEOTc8OA,SM9d5ybWcr0
4384,hSSzEOTc8OA,H5MiomGgbbi
4385,hSSzEOTc8OA,OUPWAOZojRb
4386,mGqgcAlNgjG,zh2zAaHyYQx
4387,mGqgcAlNgjG,wDiX34aiw6i
4388,mGqgcAlNgjG,V2OuNTRI6ua
4389,mGqgcAlNgjG,huBy3W5qiD2
4390,mGqgcAlNgjG,F1rms8f9I9a
4391,mGqgcAlNgjG,Crc5reUlspd
4392,mGqgcAlNgjG,c7gvocRdg0f
4393,mGqgcAlNgjG,u3CkZqMHfHP
4394,mGqgcAlNgjG,dCKzhhINakS
4395,mGqgcAlNgjG,XVHTeecEOM3
4396,qBb4twhIc4E,SgtJVRGlRIo
4397,qBb4twhIc4E,nusEBjg8bes
4398,qBb4twhIc4E,sHKK94BX2Rp
4399,qBb4twhIc4E,kkV0Rfqo4Ru
4400,qBb4twhIc4E,UKCxMVgAc2s
4401,qBb4twhIc4E,WyNau0T37h4
4402,qBb4twhIc4E,OhmzAkCmkjU
4403,qBb4twhIc4E,oIxEDq59GUL
4404,qBb4twhIc4E,DHWRwZkFHqc
4405,qBb4twhIc4E,mJNtXTVt6T1
4406,BXF51ZBLyng,zh2zAaHyYQx
4407,BXF51ZBLyng,wDiX34aiw6i
4408,BXF51ZBLyng,V2OuNTRI6ua
4409,BXF51ZBLyng,huBy3W5qiD2
4410,BXF51ZBLyng,F1rms8f9I9a
4411,BXF51ZBLyng,Crc5reUlspd
4412,BXF51ZBLyng,c7gvocRdg0f
4413,BXF51ZBLyng,u3CkZqMHfHP
4414,BXF51ZBLyng,dCKzhhINakS
4415,BXF51ZBLyng,XVHTeecEOM3
4416,NFLxn05NzYo,zh2zAaHyYQx
4417,NFLxn05NzYo,wDiX34aiw6i
4418,NFLxn05NzYo,V2OuNTRI6ua
4419,NFLxn05NzYo,huBy3W5qiD2
4420,NFLxn05NzYo,F1rms8f9I9a
4421,NFLxn05NzYo,Crc5reUlspd
4422,NFLxn05NzYo,c7gvocRdg0f
4423,NFLxn05NzYo,u3CkZqMHfHP
4424,NFLxn05NzYo,dCKzhhINakS
4425,NFLxn05NzYo,XVHTeecEOM3
4426,S6KF4zBstGa,zh2zAaHyYQx
4427,S6KF4zBstGa,wDiX34aiw6i
4428,S6KF4zBstGa,V2OuNTRI6ua
4429,S6KF4zBstGa,huBy3W5qiD2
4430,S6KF4zBstGa,F1rms8f9I9a
4431,S6KF4zBstGa,Crc5reUlspd
4432,S6KF4zBstGa,c7gvocRdg0f
4433,S6KF4zBstGa,u3CkZqMHfHP
4434,S6KF4zBstGa,dCKzhhINakS
4435,S6KF4zBstGa,XVHTeecEOM3
4436,LFH8bUaself,zh2zAaHyYQx
4437,LFH8bUaself,wDiX34aiw6i
4438,LFH8bUaself,V2OuNTRI6ua
4439,LFH8bUaself,huBy3W5qiD2
4440,LFH8bUaself,F1rms8f9I9a
4441,LFH8bUaself,Crc5reUlspd
4442,LFH8bUaself,c7gvocRdg0f
4443,LFH8bUaself,u3CkZqMHfHP
4444,LFH8bUaself,dCKzhhINakS
4445,LFH8bUaself,XVHTeecEOM3
4446,eJ6uwSt5TEp,zh2zAaHyYQx
4447,eJ6uwSt5TEp,wDiX34aiw6i
4448,eJ6uwSt5TEp,V2OuNTRI6ua
4449,eJ6uwSt5TEp,huBy3W5qiD2
4450,eJ6uwSt5TEp,F1rms8f9I9a
4451,eJ6uwSt5TEp,Crc5reUlspd
4452,eJ6uwSt5TEp,c7gvocRdg0f
4453,eJ6uwSt5TEp,u3CkZqMHfHP
4454,eJ6uwSt5TEp,dCKzhhINakS
4455,eJ6uwSt5TEp,XVHTeecEOM3
4456,ShYudJcDTwp,SM9d5ybWcr0
4457,ShYudJcDTwp,H5MiomGgbbi
4458,ShYudJcDTwp,OUPWAOZojRb
4459,Cz4UmsI3KTp,yabsZCXTQRM
4460,Cz4UmsI3KTp,yWdrn6SiVZ9
4461,Cz4UmsI3KTp,zLX9lB6eIHI
4462,Cz4UmsI3KTp,C9j1R3XeUB3
4463,Cz4UmsI3KTp,sBvVzuUN7ty
4464,Cz4UmsI3KTp,JqdVRiI92bd
4465,Cz4UmsI3KTp,tD3pn44uScE
4466,Cz4UmsI3KTp,Mv9SNsGCT5e
4467,Cz4UmsI3KTp,rU0HnmI7P8S
4468,Cz4UmsI3KTp,pfXBcPz6khi
4469,HmuIHZ6mB5C,SM9d5ybWcr0
4470,HmuIHZ6mB5C,H5MiomGgbbi
4471,HmuIHZ6mB5C,OUPWAOZojRb
4472,Dh6hEHXCp2K,WalQ4zu7RLz
4473,Dh6hEHXCp2K,r01f3QfmLJS
4474,Dh6hEHXCp2K,bmT820wlIV5
4475,Dh6hEHXCp2K,vrSTfWaEZfP
4476,Dh6hEHXCp2K,RKbp3GCvRrF
4477,Dh6hEHXCp2K,I28asEo67Mt
4478,BV7XJhKZIp5,SgtJVRGlRIo
4479,BV7XJhKZIp5,nusEBjg8bes
4480,BV7XJhKZIp5,sHKK94BX2Rp
4481,BV7XJhKZIp5,kkV0Rfqo4Ru
4482,BV7XJhKZIp5,UKCxMVgAc2s
4483,BV7XJhKZIp5,WyNau0T37h4
4484,BV7XJhKZIp5,OhmzAkCmkjU
4485,BV7XJhKZIp5,oIxEDq59GUL
4486,BV7XJhKZIp5,DHWRwZkFHqc
4487,BV7XJhKZIp5,mJNtXTVt6T1
4488,imZQ4a2hYci,zh2zAaHyYQx
4489,imZQ4a2hYci,wDiX34aiw6i
4490,imZQ4a2hYci,V2OuNTRI6ua
4491,imZQ4a2hYci,huBy3W5qiD2
4492,imZQ4a2hYci,F1rms8f9I9a
4493,imZQ4a2hYci,Crc5reUlspd
4494,imZQ4a2hYci,c7gvocRdg0f
4495,imZQ4a2hYci,u3CkZqMHfHP
4496,imZQ4a2hYci,dCKzhhINakS
4497,imZQ4a2hYci,XVHTeecEOM3
4498,sRChk3UcSS3,zh2zAaHyYQx
4499,sRChk3UcSS3,wDiX34aiw6i
4500,sRChk3UcSS3,V2OuNTRI6ua
4501,sRChk3UcSS3,huBy3W5qiD2
4502,sRChk3UcSS3,F1rms8f9I9a
4503,sRChk3UcSS3,Crc5reUlspd
4504,sRChk3UcSS3,c7gvocRdg0f
4505,sRChk3UcSS3,u3CkZqMHfHP
4506,sRChk3UcSS3,dCKzhhINakS
4507,sRChk3UcSS3,XVHTeecEOM3
4508,SvcoAGvOhgX,zh2zAaHyYQx
4509,SvcoAGvOhgX,wDiX34aiw6i
4510,SvcoAGvOhgX,V2OuNTRI6ua
4511,SvcoAGvOhgX,huBy3W5qiD2
4512,SvcoAGvOhgX,F1rms8f9I9a
4513,SvcoAGvOhgX,Crc5reUlspd
4514,SvcoAGvOhgX,c7gvocRdg0f
4515,SvcoAGvOhgX,u3CkZqMHfHP
4516,SvcoAGvOhgX,dCKzhhINakS
4517,SvcoAGvOhgX,XVHTeecEOM3
4518,ghMTXAc480f,SM9d5ybWcr0
4519,ghMTXAc480f,H5MiomGgbbi
4520,ghMTXAc480f,OUPWAOZojRb
4521,wPvAkvR4dzH,zh2zAaHyYQx
4522,wPvAkvR4dzH,wDiX34aiw6i
4523,wPvAkvR4dzH,V2OuNTRI6ua
4524,wPvAkvR4dzH,huBy3W5qiD2
4525,wPvAkvR4dzH,F1rms8f9I9a
4526,wPvAkvR4dzH,Crc5reUlspd
4527,wPvAkvR4dzH,c7gvocRdg0f
4528,wPvAkvR4dzH,u3CkZqMHfHP
4529,wPvAkvR4dzH,dCKzhhINakS
4530,wPvAkvR4dzH,XVHTeecEOM3
4531,BvM8ByKmr33,zh2zAaHyYQx
4532,BvM8ByKmr33,wDiX34aiw6i
4533,BvM8ByKmr33,V2OuNTRI6ua
4534,BvM8ByKmr33,huBy3W5qiD2
4535,BvM8ByKmr33,F1rms8f9I9a
4536,BvM8ByKmr33,Crc5reUlspd
4537,BvM8ByKmr33,c7gvocRdg0f
4538,BvM8ByKmr33,u3CkZqMHfHP
4539,BvM8ByKmr33,dCKzhhINakS
4540,BvM8ByKmr33,XVHTeecEOM3
4541,ObjH0eovFZK,WalQ4zu7RLz
4542,ObjH0eovFZK,r01f3QfmLJS
4543,ObjH0eovFZK,bmT820wlIV5
4544,ObjH0eovFZK,vrSTfWaEZfP
4545,ObjH0eovFZK,RKbp3GCvRrF
4546,ObjH0eovFZK,I28asEo67Mt
4547,QLLmzQw9djL,yabsZCXTQRM
4548,QLLmzQw9djL,yWdrn6SiVZ9
4549,QLLmzQw9djL,zLX9lB6eIHI
4550,QLLmzQw9djL,C9j1R3XeUB3
4551,QLLmzQw9djL,sBvVzuUN7ty
4552,QLLmzQw9djL,JqdVRiI92bd
4553,QLLmzQw9djL,tD3pn44uScE
4554,QLLmzQw9djL,Mv9SNsGCT5e
4555,QLLmzQw9djL,rU0HnmI7P8S
4556,QLLmzQw9djL,pfXBcPz6khi
4557,NF20WeqeY8B,zh2zAaHyYQx
4558,NF20WeqeY8B,wDiX34aiw6i
4559,NF20WeqeY8B,V2OuNTRI6ua
4560,NF20WeqeY8B,huBy3W5qiD2
4561,NF20WeqeY8B,F1rms8f9I9a
4562,NF20WeqeY8B,Crc5reUlspd
4563,NF20WeqeY8B,c7gvocRdg0f
4564,NF20WeqeY8B,u3CkZqMHfHP
4565,NF20WeqeY8B,dCKzhhINakS
4566,NF20WeqeY8B,XVHTeecEOM3
4567,MvVq34jGsmP,zh2zAaHyYQx
4568,MvVq34jGsmP,wDiX34aiw6i
4569,MvVq34jGsmP,V2OuNTRI6ua
4570,MvVq34jGsmP,huBy3W5qiD2
4571,MvVq34jGsmP,F1rms8f9I9a
4572,MvVq34jGsmP,Crc5reUlspd
4573,MvVq34jGsmP,c7gvocRdg0f
4574,MvVq34jGsmP,u3CkZqMHfHP
4575,MvVq34jGsmP,dCKzhhINakS
4576,MvVq34jGsmP,XVHTeecEOM3
4577,RATdMBh0f2K,SgtJVRGlRIo
4578,RATdMBh0f2K,nusEBjg8bes
4579,RATdMBh0f2K,sHKK94BX2Rp
4580,RATdMBh0f2K,kkV0Rfqo4Ru
4581,RATdMBh0f2K,UKCxMVgAc2s
4582,RATdMBh0f2K,WyNau0T37h4
4583,RATdMBh0f2K,OhmzAkCmkjU
4584,RATdMBh0f2K,oIxEDq59GUL
4585,RATdMBh0f2K,DHWRwZkFHqc
4586,RATdMBh0f2K,mJNtXTVt6T1
4587,fiplKj9UQlD,r6izn2XFqEc
4588,fiplKj9UQlD,NYHvlXEt4Ak
4589,fiplKj9UQlD,A8rYH97KrsT
4590,fiplKj9UQlD,GNNdPRsjO2n
4591,fiplKj9UQlD,mtJPFOZgbxi
4592,fiplKj9UQlD,VSQdmcsGlPJ
4593,fiplKj9UQlD,cYqRrSx1FDh
4594,fiplKj9UQlD,tNGX99SZlLN
4595,fiplKj9UQlD,u5FiIkNknnZ
4596,fiplKj9UQlD,J0tZbSIQgJh
4597,fiplKj9UQlD,Yx9LGiAEzJI
4598,fiplKj9UQlD,wgxsjUMb8Rw
4599,QCG09rjelqA,zh2zAaHyYQx
4600,QCG09rjelqA,wDiX34aiw6i
4601,QCG09rjelqA,V2OuNTRI6ua
4602,QCG09rjelqA,huBy3W5qiD2
4603,QCG09rjelqA,F1rms8f9I9a
4604,QCG09rjelqA,Crc5reUlspd
4605,QCG09rjelqA,c7gvocRdg0f
4606,QCG09rjelqA,u3CkZqMHfHP
4607,QCG09rjelqA,dCKzhhINakS
4608,QCG09rjelqA,XVHTeecEOM3
4609,ElQNRzyzE1N,zh2zAaHyYQx
4610,ElQNRzyzE1N,wDiX34aiw6i
4611,ElQNRzyzE1N,V2OuNTRI6ua
4612,ElQNRzyzE1N,huBy3W5qiD2
4613,ElQNRzyzE1N,F1rms8f9I9a
4614,ElQNRzyzE1N,Crc5reUlspd
4615,ElQNRzyzE1N,c7gvocRdg0f
4616,ElQNRzyzE1N,u3CkZqMHfHP
4617,ElQNRzyzE1N,dCKzhhINakS
4618,ElQNRzyzE1N,XVHTeecEOM3
4619,WLzQBop4xf5,zh2zAaHyYQx
4620,WLzQBop4xf5,wDiX34aiw6i
4621,WLzQBop4xf5,V2OuNTRI6ua
4622,WLzQBop4xf5,huBy3W5qiD2
4623,WLzQBop4xf5,F1rms8f9I9a
4624,WLzQBop4xf5,Crc5reUlspd
4625,WLzQBop4xf5,c7gvocRdg0f
4626,WLzQBop4xf5,u3CkZqMHfHP
4627,WLzQBop4xf5,dCKzhhINakS
4628,WLzQBop4xf5,XVHTeecEOM3
4629,JyN3EpzKxs7,pvlQCJPgNBf
4630,JyN3EpzKxs7,slbcw6naLWL
4631,JyN3EpzKxs7,TBB5Bs0EJPq
4632,JyN3EpzKxs7,RxuzjTrDPzp
4633,JyN3EpzKxs7,cunGU4fGzfD
4634,JyN3EpzKxs7,zS2FhRuKp1b
4635,JyN3EpzKxs7,rEAkXQROSUS
4636,JyN3EpzKxs7,Up5qCxYh4pN
4637,JyN3EpzKxs7,A4exOip3pCg
4638,JyN3EpzKxs7,QUzLjdveSOz
4639,JyN3EpzKxs7,iTdW73TXhq2
4640,JyN3EpzKxs7,dNlKeKmJDy0
4641,UzSXA0b0oAd,r6izn2XFqEc
4642,UzSXA0b0oAd,NYHvlXEt4Ak
4643,UzSXA0b0oAd,A8rYH97KrsT
4644,UzSXA0b0oAd,GNNdPRsjO2n
4645,UzSXA0b0oAd,mtJPFOZgbxi
4646,UzSXA0b0oAd,VSQdmcsGlPJ
4647,UzSXA0b0oAd,cYqRrSx1FDh
4648,UzSXA0b0oAd,tNGX99SZlLN
4649,UzSXA0b0oAd,u5FiIkNknnZ
4650,UzSXA0b0oAd,J0tZbSIQgJh
4651,UzSXA0b0oAd,Yx9LGiAEzJI
4652,UzSXA0b0oAd,wgxsjUMb8Rw
4653,sv6SeKroHPV,zh2zAaHyYQx
4654,sv6SeKroHPV,wDiX34aiw6i
4655,sv6SeKroHPV,V2OuNTRI6ua
4656,sv6SeKroHPV,huBy3W5qiD2
4657,sv6SeKroHPV,F1rms8f9I9a
4658,sv6SeKroHPV,Crc5reUlspd
4659,sv6SeKroHPV,c7gvocRdg0f
4660,sv6SeKroHPV,u3CkZqMHfHP
4661,sv6SeKroHPV,dCKzhhINakS
4662,sv6SeKroHPV,XVHTeecEOM3
4663,v9LT1agbs2e,zh2zAaHyYQx
4664,v9LT1agbs2e,wDiX34aiw6i
4665,v9LT1agbs2e,V2OuNTRI6ua
4666,v9LT1agbs2e,huBy3W5qiD2
4667,v9LT1agbs2e,F1rms8f9I9a
4668,v9LT1agbs2e,Crc5reUlspd
4669,v9LT1agbs2e,c7gvocRdg0f
4670,v9LT1agbs2e,u3CkZqMHfHP
4671,v9LT1agbs2e,dCKzhhINakS
4672,v9LT1agbs2e,XVHTeecEOM3
4673,yCiHlfP1BXq,zh2zAaHyYQx
4674,yCiHlfP1BXq,wDiX34aiw6i
4675,yCiHlfP1BXq,V2OuNTRI6ua
4676,yCiHlfP1BXq,huBy3W5qiD2
4677,yCiHlfP1BXq,F1rms8f9I9a
4678,yCiHlfP1BXq,Crc5reUlspd
4679,yCiHlfP1BXq,c7gvocRdg0f
4680,yCiHlfP1BXq,u3CkZqMHfHP
4681,yCiHlfP1BXq,dCKzhhINakS
4682,yCiHlfP1BXq,XVHTeecEOM3
4683,Tf0xH5TZftt,SM9d5ybWcr0
4684,Tf0xH5TZftt,H5MiomGgbbi
4685,Tf0xH5TZftt,OUPWAOZojRb
4686,bAq38iUTsvR,zh2zAaHyYQx
4687,bAq38iUTsvR,wDiX34aiw6i
4688,bAq38iUTsvR,V2OuNTRI6ua
4689,bAq38iUTsvR,huBy3W5qiD2
4690,bAq38iUTsvR,F1rms8f9I9a
4691,bAq38iUTsvR,Crc5reUlspd
4692,bAq38iUTsvR,c7gvocRdg0f
4693,bAq38iUTsvR,u3CkZqMHfHP
4694,bAq38iUTsvR,dCKzhhINakS
4695,bAq38iUTsvR,XVHTeecEOM3
4696,jK9hv9WZd2W,yabsZCXTQRM
4697,jK9hv9WZd2W,yWdrn6SiVZ9
4698,jK9hv9WZd2W,zLX9lB6eIHI
4699,jK9hv9WZd2W,C9j1R3XeUB3
4700,jK9hv9WZd2W,sBvVzuUN7ty
4701,jK9hv9WZd2W,JqdVRiI92bd
4702,jK9hv9WZd2W,tD3pn44uScE
4703,jK9hv9WZd2W,Mv9SNsGCT5e
4704,jK9hv9WZd2W,rU0HnmI7P8S
4705,jK9hv9WZd2W,pfXBcPz6khi
4706,jK9hv9WZd2W,zh2zAaHyYQx
4707,jK9hv9WZd2W,wDiX34aiw6i
4708,jK9hv9WZd2W,V2OuNTRI6ua
4709,jK9hv9WZd2W,huBy3W5qiD2
4710,jK9hv9WZd2W,F1rms8f9I9a
4711,jK9hv9WZd2W,Crc5reUlspd
4712,jK9hv9WZd2W,c7gvocRdg0f
4713,jK9hv9WZd2W,u3CkZqMHfHP
4714,jK9hv9WZd2W,dCKzhhINakS
4715,jK9hv9WZd2W,XVHTeecEOM3
4716,Z6yO7olyecs,zh2zAaHyYQx
4717,Z6yO7olyecs,wDiX34aiw6i
4718,Z6yO7olyecs,V2OuNTRI6ua
4719,Z6yO7olyecs,huBy3W5qiD2
4720,Z6yO7olyecs,F1rms8f9I9a
4721,Z6yO7olyecs,Crc5reUlspd
4722,Z6yO7olyecs,c7gvocRdg0f
4723,Z6yO7olyecs,u3CkZqMHfHP
4724,Z6yO7olyecs,dCKzhhINakS
4725,Z6yO7olyecs,XVHTeecEOM3
4726,EKXt5xHkOeM,zh2zAaHyYQx
4727,EKXt5xHkOeM,wDiX34aiw6i
4728,EKXt5xHkOeM,V2OuNTRI6ua
4729,EKXt5xHkOeM,huBy3W5qiD2
4730,EKXt5xHkOeM,F1rms8f9I9a
4731,EKXt5xHkOeM,Crc5reUlspd
4732,EKXt5xHkOeM,c7gvocRdg0f
4733,EKXt5xHkOeM,u3CkZqMHfHP
4734,EKXt5xHkOeM,dCKzhhINakS
4735,EKXt5xHkOeM,XVHTeecEOM3
4736,QQxE1VhHaGo,zh2zAaHyYQx
4737,QQxE1VhHaGo,wDiX34aiw6i
4738,QQxE1VhHaGo,V2OuNTRI6ua
4739,QQxE1VhHaGo,huBy3W5qiD2
4740,QQxE1VhHaGo,F1rms8f9I9a
4741,QQxE1VhHaGo,Crc5reUlspd
4742,QQxE1VhHaGo,c7gvocRdg0f
4743,QQxE1VhHaGo,u3CkZqMHfHP
4744,QQxE1VhHaGo,dCKzhhINakS
4745,QQxE1VhHaGo,XVHTeecEOM3
4746,YHG0ynD9n3i,zh2zAaHyYQx
4747,YHG0ynD9n3i,wDiX34aiw6i
4748,YHG0ynD9n3i,V2OuNTRI6ua
4749,YHG0ynD9n3i,huBy3W5qiD2
4750,YHG0ynD9n3i,F1rms8f9I9a
4751,YHG0ynD9n3i,Crc5reUlspd
4752,YHG0ynD9n3i,c7gvocRdg0f
4753,YHG0ynD9n3i,u3CkZqMHfHP
4754,YHG0ynD9n3i,dCKzhhINakS
4755,YHG0ynD9n3i,XVHTeecEOM3
4756,UP2LU6chOM1,NdimbHlmGB1
4757,UP2LU6chOM1,VOOkKOAttyR
4758,UP2LU6chOM1,q33Jr73momc
4759,UP2LU6chOM1,NThAKEjWS24
4760,UP2LU6chOM1,LHh04IA7nsJ
4761,UP2LU6chOM1,jYSOZj8kVzc
4762,UP2LU6chOM1,Bnt7abK0gqb
4763,UP2LU6chOM1,OptiiLdMwqD
4764,UP2LU6chOM1,e8VpasQuKOf
4765,UP2LU6chOM1,icfcJwOA3HY
4766,UP2LU6chOM1,dVLQmjChiB5
4767,UP2LU6chOM1,inLYcBvHZSR
4768,UP2LU6chOM1,Y6uGpgGb7R5
4769,UP2LU6chOM1,tjG9Nt0wdwM
4770,jJv1Vd5ztKH,zh2zAaHyYQx
4771,jJv1Vd5ztKH,wDiX34aiw6i
4772,jJv1Vd5ztKH,V2OuNTRI6ua
4773,jJv1Vd5ztKH,huBy3W5qiD2
4774,jJv1Vd5ztKH,F1rms8f9I9a
4775,jJv1Vd5ztKH,Crc5reUlspd
4776,jJv1Vd5ztKH,c7gvocRdg0f
4777,jJv1Vd5ztKH,u3CkZqMHfHP
4778,jJv1Vd5ztKH,dCKzhhINakS
4779,jJv1Vd5ztKH,XVHTeecEOM3
4780,yIgDtgE9Otw,WalQ4zu7RLz
4781,yIgDtgE9Otw,r01f3QfmLJS
4782,yIgDtgE9Otw,bmT820wlIV5
4783,yIgDtgE9Otw,vrSTfWaEZfP
4784,yIgDtgE9Otw,RKbp3GCvRrF
4785,yIgDtgE9Otw,I28asEo67Mt
4786,EzhJ8l2crAe,zh2zAaHyYQx
4787,EzhJ8l2crAe,wDiX34aiw6i
4788,EzhJ8l2crAe,V2OuNTRI6ua
4789,EzhJ8l2crAe,huBy3W5qiD2
4790,EzhJ8l2crAe,F1rms8f9I9a
4791,EzhJ8l2crAe,Crc5reUlspd
4792,EzhJ8l2crAe,c7gvocRdg0f
4793,EzhJ8l2crAe,u3CkZqMHfHP
4794,EzhJ8l2crAe,dCKzhhINakS
4795,EzhJ8l2crAe,XVHTeecEOM3
4796,QHnwKs2OUZv,zh2zAaHyYQx
4797,QHnwKs2OUZv,wDiX34aiw6i
4798,QHnwKs2OUZv,V2OuNTRI6ua
4799,QHnwKs2OUZv,huBy3W5qiD2
4800,QHnwKs2OUZv,F1rms8f9I9a
4801,QHnwKs2OUZv,Crc5reUlspd
4802,QHnwKs2OUZv,c7gvocRdg0f
4803,QHnwKs2OUZv,u3CkZqMHfHP
4804,QHnwKs2OUZv,dCKzhhINakS
4805,QHnwKs2OUZv,XVHTeecEOM3
4806,P46Ty7bOVDn,SgtJVRGlRIo
4807,P46Ty7bOVDn,nusEBjg8bes
4808,P46Ty7bOVDn,sHKK94BX2Rp
4809,P46Ty7bOVDn,kkV0Rfqo4Ru
4810,P46Ty7bOVDn,UKCxMVgAc2s
4811,P46Ty7bOVDn,WyNau0T37h4
4812,P46Ty7bOVDn,OhmzAkCmkjU
4813,P46Ty7bOVDn,oIxEDq59GUL
4814,P46Ty7bOVDn,DHWRwZkFHqc
4815,P46Ty7bOVDn,mJNtXTVt6T1
4816,IfoTV8gVfxQ,zh2zAaHyYQx
4817,IfoTV8gVfxQ,wDiX34aiw6i
4818,IfoTV8gVfxQ,V2OuNTRI6ua
4819,IfoTV8gVfxQ,huBy3W5qiD2
4820,IfoTV8gVfxQ,F1rms8f9I9a
4821,IfoTV8gVfxQ,Crc5reUlspd
4822,IfoTV8gVfxQ,c7gvocRdg0f
4823,IfoTV8gVfxQ,u3CkZqMHfHP
4824,IfoTV8gVfxQ,dCKzhhINakS
4825,IfoTV8gVfxQ,XVHTeecEOM3
4826,zQVbj2bhhi4,zh2zAaHyYQx
4827,zQVbj2bhhi4,wDiX34aiw6i
4828,zQVbj2bhhi4,V2OuNTRI6ua
4829,zQVbj2bhhi4,huBy3W5qiD2
4830,zQVbj2bhhi4,F1rms8f9I9a
4831,zQVbj2bhhi4,Crc5reUlspd
4832,zQVbj2bhhi4,c7gvocRdg0f
4833,zQVbj2bhhi4,u3CkZqMHfHP
4834,zQVbj2bhhi4,dCKzhhINakS
4835,zQVbj2bhhi4,XVHTeecEOM3
4836,qZWIcBDEYTx,zh2zAaHyYQx
4837,qZWIcBDEYTx,wDiX34aiw6i
4838,qZWIcBDEYTx,V2OuNTRI6ua
4839,qZWIcBDEYTx,huBy3W5qiD2
4840,qZWIcBDEYTx,F1rms8f9I9a
4841,qZWIcBDEYTx,Crc5reUlspd
4842,qZWIcBDEYTx,c7gvocRdg0f
4843,qZWIcBDEYTx,u3CkZqMHfHP
4844,qZWIcBDEYTx,dCKzhhINakS
4845,qZWIcBDEYTx,XVHTeecEOM3
4846,i9JiX86LCcs,zh2zAaHyYQx
4847,i9JiX86LCcs,wDiX34aiw6i
4848,i9JiX86LCcs,V2OuNTRI6ua
4849,i9JiX86LCcs,huBy3W5qiD2
4850,i9JiX86LCcs,F1rms8f9I9a
4851,i9JiX86LCcs,Crc5reUlspd
4852,i9JiX86LCcs,c7gvocRdg0f
4853,i9JiX86LCcs,u3CkZqMHfHP
4854,i9JiX86LCcs,dCKzhhINakS
4855,i9JiX86LCcs,XVHTeecEOM3
4856,pHy5MU4wWO9,zh2zAaHyYQx
4857,pHy5MU4wWO9,wDiX34aiw6i
4858,pHy5MU4wWO9,V2OuNTRI6ua
4859,pHy5MU4wWO9,huBy3W5qiD2
4860,pHy5MU4wWO9,F1rms8f9I9a
4861,pHy5MU4wWO9,Crc5reUlspd
4862,pHy5MU4wWO9,c7gvocRdg0f
4863,pHy5MU4wWO9,u3CkZqMHfHP
4864,pHy5MU4wWO9,dCKzhhINakS
4865,pHy5MU4wWO9,XVHTeecEOM3
4866,m7gI5QcfjBy,zh2zAaHyYQx
4867,m7gI5QcfjBy,wDiX34aiw6i
4868,m7gI5QcfjBy,V2OuNTRI6ua
4869,m7gI5QcfjBy,huBy3W5qiD2
4870,m7gI5QcfjBy,F1rms8f9I9a
4871,m7gI5QcfjBy,Crc5reUlspd
4872,m7gI5QcfjBy,c7gvocRdg0f
4873,m7gI5QcfjBy,u3CkZqMHfHP
4874,m7gI5QcfjBy,dCKzhhINakS
4875,m7gI5QcfjBy,XVHTeecEOM3
4876,npIzs2n622e,zh2zAaHyYQx
4877,npIzs2n622e,wDiX34aiw6i
4878,npIzs2n622e,V2OuNTRI6ua
4879,npIzs2n622e,huBy3W5qiD2
4880,npIzs2n622e,F1rms8f9I9a
4881,npIzs2n622e,Crc5reUlspd
4882,npIzs2n622e,c7gvocRdg0f
4883,npIzs2n622e,u3CkZqMHfHP
4884,npIzs2n622e,dCKzhhINakS
4885,npIzs2n622e,XVHTeecEOM3
4886,lK3JqDK80k7,zh2zAaHyYQx
4887,lK3JqDK80k7,wDiX34aiw6i
4888,lK3JqDK80k7,V2OuNTRI6ua
4889,lK3JqDK80k7,huBy3W5qiD2
4890,lK3JqDK80k7,F1rms8f9I9a
4891,lK3JqDK80k7,Crc5reUlspd
4892,lK3JqDK80k7,c7gvocRdg0f
4893,lK3JqDK80k7,u3CkZqMHfHP
4894,lK3JqDK80k7,dCKzhhINakS
4895,lK3JqDK80k7,XVHTeecEOM3
4896,z2NqFc0ycDI,pvlQCJPgNBf
4897,z2NqFc0ycDI,slbcw6naLWL
4898,z2NqFc0ycDI,TBB5Bs0EJPq
4899,z2NqFc0ycDI,RxuzjTrDPzp
4900,z2NqFc0ycDI,cunGU4fGzfD
4901,z2NqFc0ycDI,zS2FhRuKp1b
4902,z2NqFc0ycDI,rEAkXQROSUS
4903,z2NqFc0ycDI,Up5qCxYh4pN
4904,z2NqFc0ycDI,A4exOip3pCg
4905,z2NqFc0ycDI,QUzLjdveSOz
4906,z2NqFc0ycDI,iTdW73TXhq2
4907,z2NqFc0ycDI,dNlKeKmJDy0
4908,Kl7nvNSOvvF,zh2zAaHyYQx
4909,Kl7nvNSOvvF,wDiX34aiw6i
4910,Kl7nvNSOvvF,V2OuNTRI6ua
4911,Kl7nvNSOvvF,huBy3W5qiD2
4912,Kl7nvNSOvvF,F1rms8f9I9a
4913,Kl7nvNSOvvF,Crc5reUlspd
4914,Kl7nvNSOvvF,c7gvocRdg0f
4915,Kl7nvNSOvvF,u3CkZqMHfHP
4916,Kl7nvNSOvvF,dCKzhhINakS
4917,Kl7nvNSOvvF,XVHTeecEOM3
4918,NfQ2PINQwqs,SgtJVRGlRIo
4919,NfQ2PINQwqs,nusEBjg8bes
4920,NfQ2PINQwqs,sHKK94BX2Rp
4921,NfQ2PINQwqs,kkV0Rfqo4Ru
4922,NfQ2PINQwqs,UKCxMVgAc2s
4923,NfQ2PINQwqs,WyNau0T37h4
4924,NfQ2PINQwqs,OhmzAkCmkjU
4925,NfQ2PINQwqs,oIxEDq59GUL
4926,NfQ2PINQwqs,DHWRwZkFHqc
4927,NfQ2PINQwqs,mJNtXTVt6T1
4928,dQDmbr6WzZv,zh2zAaHyYQx
4929,dQDmbr6WzZv,wDiX34aiw6i
4930,dQDmbr6WzZv,V2OuNTRI6ua
4931,dQDmbr6WzZv,huBy3W5qiD2
4932,dQDmbr6WzZv,F1rms8f9I9a
4933,dQDmbr6WzZv,Crc5reUlspd
4934,dQDmbr6WzZv,c7gvocRdg0f
4935,dQDmbr6WzZv,u3CkZqMHfHP
4936,dQDmbr6WzZv,dCKzhhINakS
4937,dQDmbr6WzZv,XVHTeecEOM3
4938,wqY7FcAiYzl,zh2zAaHyYQx
4939,wqY7FcAiYzl,wDiX34aiw6i
4940,wqY7FcAiYzl,V2OuNTRI6ua
4941,wqY7FcAiYzl,huBy3W5qiD2
4942,wqY7FcAiYzl,F1rms8f9I9a
4943,wqY7FcAiYzl,Crc5reUlspd
4944,wqY7FcAiYzl,c7gvocRdg0f
4945,wqY7FcAiYzl,u3CkZqMHfHP
4946,wqY7FcAiYzl,dCKzhhINakS
4947,wqY7FcAiYzl,XVHTeecEOM3
4948,hCED8FhuM7S,zh2zAaHyYQx
4949,hCED8FhuM7S,wDiX34aiw6i
4950,hCED8FhuM7S,V2OuNTRI6ua
4951,hCED8FhuM7S,huBy3W5qiD2
4952,hCED8FhuM7S,F1rms8f9I9a
4953,hCED8FhuM7S,Crc5reUlspd
4954,hCED8FhuM7S,c7gvocRdg0f
4955,hCED8FhuM7S,u3CkZqMHfHP
4956,hCED8FhuM7S,dCKzhhINakS
4957,hCED8FhuM7S,XVHTeecEOM3
4958,aU0n2RXwQJC,zh2zAaHyYQx
4959,aU0n2RXwQJC,wDiX34aiw6i
4960,aU0n2RXwQJC,V2OuNTRI6ua
4961,aU0n2RXwQJC,huBy3W5qiD2
4962,aU0n2RXwQJC,F1rms8f9I9a
4963,aU0n2RXwQJC,Crc5reUlspd
4964,aU0n2RXwQJC,c7gvocRdg0f
4965,aU0n2RXwQJC,u3CkZqMHfHP
4966,aU0n2RXwQJC,dCKzhhINakS
4967,aU0n2RXwQJC,XVHTeecEOM3
4968,ZKUeHDVwJm9,zh2zAaHyYQx
4969,ZKUeHDVwJm9,wDiX34aiw6i
4970,ZKUeHDVwJm9,V2OuNTRI6ua
4971,ZKUeHDVwJm9,huBy3W5qiD2
4972,ZKUeHDVwJm9,F1rms8f9I9a
4973,ZKUeHDVwJm9,Crc5reUlspd
4974,ZKUeHDVwJm9,c7gvocRdg0f
4975,ZKUeHDVwJm9,u3CkZqMHfHP
4976,ZKUeHDVwJm9,dCKzhhINakS
4977,ZKUeHDVwJm9,XVHTeecEOM3
4978,DlFrdhAlE2r,SgtJVRGlRIo
4979,DlFrdhAlE2r,nusEBjg8bes
4980,DlFrdhAlE2r,sHKK94BX2Rp
4981,DlFrdhAlE2r,kkV0Rfqo4Ru
4982,DlFrdhAlE2r,UKCxMVgAc2s
4983,DlFrdhAlE2r,WyNau0T37h4
4984,DlFrdhAlE2r,OhmzAkCmkjU
4985,DlFrdhAlE2r,oIxEDq59GUL
4986,DlFrdhAlE2r,DHWRwZkFHqc
4987,DlFrdhAlE2r,mJNtXTVt6T1
4988,eniuevNt9Cj,zh2zAaHyYQx
4989,eniuevNt9Cj,wDiX34aiw6i
4990,eniuevNt9Cj,V2OuNTRI6ua
4991,eniuevNt9Cj,huBy3W5qiD2
4992,eniuevNt9Cj,F1rms8f9I9a
4993,eniuevNt9Cj,Crc5reUlspd
4994,eniuevNt9Cj,c7gvocRdg0f
4995,eniuevNt9Cj,u3CkZqMHfHP
4996,eniuevNt9Cj,dCKzhhINakS
4997,eniuevNt9Cj,XVHTeecEOM3
4998,o3jfx77SIZA,zh2zAaHyYQx
4999,o3jfx77SIZA,wDiX34aiw6i
5000,o3jfx77SIZA,V2OuNTRI6ua
5001,o3jfx77SIZA,huBy3W5qiD2
5002,o3jfx77SIZA,F1rms8f9I9a
5003,o3jfx77SIZA,Crc5reUlspd
5004,o3jfx77SIZA,c7gvocRdg0f
5005,o3jfx77SIZA,u3CkZqMHfHP
5006,o3jfx77SIZA,dCKzhhINakS
5007,o3jfx77SIZA,XVHTeecEOM3
5008,sKro4s812ET,SM9d5ybWcr0
5009,sKro4s812ET,H5MiomGgbbi
5010,sKro4s812ET,OUPWAOZojRb
5011,eIoBNrydyLJ,zh2zAaHyYQx
5012,eIoBNrydyLJ,wDiX34aiw6i
5013,eIoBNrydyLJ,V2OuNTRI6ua
5014,eIoBNrydyLJ,huBy3W5qiD2
5015,eIoBNrydyLJ,F1rms8f9I9a
5016,eIoBNrydyLJ,Crc5reUlspd
5017,eIoBNrydyLJ,c7gvocRdg0f
5018,eIoBNrydyLJ,u3CkZqMHfHP
5019,eIoBNrydyLJ,dCKzhhINakS
5020,eIoBNrydyLJ,XVHTeecEOM3
5021,NPLC90wxFZi,r6izn2XFqEc
5022,NPLC90wxFZi,NYHvlXEt4Ak
5023,NPLC90wxFZi,A8rYH97KrsT
5024,NPLC90wxFZi,GNNdPRsjO2n
5025,NPLC90wxFZi,mtJPFOZgbxi
5026,NPLC90wxFZi,VSQdmcsGlPJ
5027,NPLC90wxFZi,cYqRrSx1FDh
5028,NPLC90wxFZi,tNGX99SZlLN
5029,NPLC90wxFZi,u5FiIkNknnZ
5030,NPLC90wxFZi,J0tZbSIQgJh
5031,NPLC90wxFZi,Yx9LGiAEzJI
5032,NPLC90wxFZi,wgxsjUMb8Rw
5033,nqB3N8FFfCT,zh2zAaHyYQx
5034,nqB3N8FFfCT,wDiX34aiw6i
5035,nqB3N8FFfCT,V2OuNTRI6ua
5036,nqB3N8FFfCT,huBy3W5qiD2
5037,nqB3N8FFfCT,F1rms8f9I9a
5038,nqB3N8FFfCT,Crc5reUlspd
5039,nqB3N8FFfCT,c7gvocRdg0f
5040,nqB3N8FFfCT,u3CkZqMHfHP
5041,nqB3N8FFfCT,dCKzhhINakS
5042,nqB3N8FFfCT,XVHTeecEOM3
5043,TDvR6wooe0z,zh2zAaHyYQx
5044,TDvR6wooe0z,wDiX34aiw6i
5045,TDvR6wooe0z,V2OuNTRI6ua
5046,TDvR6wooe0z,huBy3W5qiD2
5047,TDvR6wooe0z,F1rms8f9I9a
5048,TDvR6wooe0z,Crc5reUlspd
5049,TDvR6wooe0z,c7gvocRdg0f
5050,TDvR6wooe0z,u3CkZqMHfHP
5051,TDvR6wooe0z,dCKzhhINakS
5052,TDvR6wooe0z,XVHTeecEOM3
5053,BzUZJxAUTUz,zh2zAaHyYQx
5054,BzUZJxAUTUz,wDiX34aiw6i
5055,BzUZJxAUTUz,V2OuNTRI6ua
5056,BzUZJxAUTUz,huBy3W5qiD2
5057,BzUZJxAUTUz,F1rms8f9I9a
5058,BzUZJxAUTUz,Crc5reUlspd
5059,BzUZJxAUTUz,c7gvocRdg0f
5060,BzUZJxAUTUz,u3CkZqMHfHP
5061,BzUZJxAUTUz,dCKzhhINakS
5062,BzUZJxAUTUz,XVHTeecEOM3
5063,j20CsJPZIDy,WalQ4zu7RLz
5064,j20CsJPZIDy,r01f3QfmLJS
5065,j20CsJPZIDy,bmT820wlIV5
5066,j20CsJPZIDy,vrSTfWaEZfP
5067,j20CsJPZIDy,RKbp3GCvRrF
5068,j20CsJPZIDy,I28asEo67Mt
5069,GKWo3mIIrmP,zh2zAaHyYQx
5070,GKWo3mIIrmP,wDiX34aiw6i
5071,GKWo3mIIrmP,V2OuNTRI6ua
5072,GKWo3mIIrmP,huBy3W5qiD2
5073,GKWo3mIIrmP,F1rms8f9I9a
5074,GKWo3mIIrmP,Crc5reUlspd
5075,GKWo3mIIrmP,c7gvocRdg0f
5076,GKWo3mIIrmP,u3CkZqMHfHP
5077,GKWo3mIIrmP,dCKzhhINakS
5078,GKWo3mIIrmP,XVHTeecEOM3
5079,aN0BNF9yjGq,zh2zAaHyYQx
5080,aN0BNF9yjGq,wDiX34aiw6i
5081,aN0BNF9yjGq,V2OuNTRI6ua
5082,aN0BNF9yjGq,huBy3W5qiD2
5083,aN0BNF9yjGq,F1rms8f9I9a
5084,aN0BNF9yjGq,Crc5reUlspd
5085,aN0BNF9yjGq,c7gvocRdg0f
5086,aN0BNF9yjGq,u3CkZqMHfHP
5087,aN0BNF9yjGq,dCKzhhINakS
5088,aN0BNF9yjGq,XVHTeecEOM3
5089,ZZIj7wAHfV3,SM9d5ybWcr0
5090,ZZIj7wAHfV3,H5MiomGgbbi
5091,ZZIj7wAHfV3,OUPWAOZojRb
5092,Q4hbKx3qler,zh2zAaHyYQx
5093,Q4hbKx3qler,wDiX34aiw6i
5094,Q4hbKx3qler,V2OuNTRI6ua
5095,Q4hbKx3qler,huBy3W5qiD2
5096,Q4hbKx3qler,F1rms8f9I9a
5097,Q4hbKx3qler,Crc5reUlspd
5098,Q4hbKx3qler,c7gvocRdg0f
5099,Q4hbKx3qler,u3CkZqMHfHP
5100,Q4hbKx3qler,dCKzhhINakS
5101,Q4hbKx3qler,XVHTeecEOM3
5102,cFzcjbaStNo,SM9d5ybWcr0
5103,cFzcjbaStNo,H5MiomGgbbi
5104,cFzcjbaStNo,OUPWAOZojRb
5105,zWFDhtAHBa5,zh2zAaHyYQx
5106,zWFDhtAHBa5,wDiX34aiw6i
5107,zWFDhtAHBa5,V2OuNTRI6ua
5108,zWFDhtAHBa5,huBy3W5qiD2
5109,zWFDhtAHBa5,F1rms8f9I9a
5110,zWFDhtAHBa5,Crc5reUlspd
5111,zWFDhtAHBa5,c7gvocRdg0f
5112,zWFDhtAHBa5,u3CkZqMHfHP
5113,zWFDhtAHBa5,dCKzhhINakS
5114,zWFDhtAHBa5,XVHTeecEOM3
5115,XpKR3JrblRR,fbr68sqTEKR
5116,XpKR3JrblRR,yWIozWpVGde
5117,XpKR3JrblRR,eObZc3y09Bh
5118,XpKR3JrblRR,ml6TgIWWdH3
5119,XpKR3JrblRR,vGnxttOzglN
5120,XpKR3JrblRR,BSvMtDCiZAJ
5121,XpKR3JrblRR,rC7np2aSgzQ
5122,XpKR3JrblRR,btAQJ4dvcuc
5123,XpKR3JrblRR,ATVgV0shmyv
5124,XpKR3JrblRR,iz3jhBFrFop
5125,XpKR3JrblRR,YJbmxtwZ2Dp
5126,XpKR3JrblRR,AnF164KvhgZ
5127,XpKR3JrblRR,tJ9I0GJyrsJ
5128,XpKR3JrblRR,WqJhXlm3j9S
5129,XpKR3JrblRR,UOY7hA2xpUA
5130,XpKR3JrblRR,GMBwC7m2Tea
5131,XpKR3JrblRR,wmdKsYtMiVy
5132,XpKR3JrblRR,AW05HSHAq0i
5133,XpKR3JrblRR,lLNRDZPsnOs
5134,XpKR3JrblRR,ZTykIzgbe7T
5135,evVr0CuA9am,pvlQCJPgNBf
5136,evVr0CuA9am,slbcw6naLWL
5137,evVr0CuA9am,TBB5Bs0EJPq
5138,evVr0CuA9am,RxuzjTrDPzp
5139,evVr0CuA9am,cunGU4fGzfD
5140,evVr0CuA9am,zS2FhRuKp1b
5141,evVr0CuA9am,rEAkXQROSUS
5142,evVr0CuA9am,Up5qCxYh4pN
5143,evVr0CuA9am,A4exOip3pCg
5144,evVr0CuA9am,QUzLjdveSOz
5145,evVr0CuA9am,iTdW73TXhq2
5146,evVr0CuA9am,dNlKeKmJDy0
5147,PbWaDKchm2a,zh2zAaHyYQx
5148,PbWaDKchm2a,wDiX34aiw6i
5149,PbWaDKchm2a,V2OuNTRI6ua
5150,PbWaDKchm2a,huBy3W5qiD2
5151,PbWaDKchm2a,F1rms8f9I9a
5152,PbWaDKchm2a,Crc5reUlspd
5153,PbWaDKchm2a,c7gvocRdg0f
5154,PbWaDKchm2a,u3CkZqMHfHP
5155,PbWaDKchm2a,dCKzhhINakS
5156,PbWaDKchm2a,XVHTeecEOM3
5157,O4mGMl95zBT,WalQ4zu7RLz
5158,O4mGMl95zBT,r01f3QfmLJS
5159,O4mGMl95zBT,bmT820wlIV5
5160,O4mGMl95zBT,vrSTfWaEZfP
5161,O4mGMl95zBT,RKbp3GCvRrF
5162,O4mGMl95zBT,I28asEo67Mt
5163,FoUL2ZIS1mZ,zh2zAaHyYQx
5164,FoUL2ZIS1mZ,wDiX34aiw6i
5165,FoUL2ZIS1mZ,V2OuNTRI6ua
5166,FoUL2ZIS1mZ,huBy3W5qiD2
5167,FoUL2ZIS1mZ,F1rms8f9I9a
5168,FoUL2ZIS1mZ,Crc5reUlspd
5169,FoUL2ZIS1mZ,c7gvocRdg0f
5170,FoUL2ZIS1mZ,u3CkZqMHfHP
5171,FoUL2ZIS1mZ,dCKzhhINakS
5172,FoUL2ZIS1mZ,XVHTeecEOM3
5173,cp3KxMvJ3pt,zh2zAaHyYQx
5174,cp3KxMvJ3pt,wDiX34aiw6i
5175,cp3KxMvJ3pt,V2OuNTRI6ua
5176,cp3KxMvJ3pt,huBy3W5qiD2
5177,cp3KxMvJ3pt,F1rms8f9I9a
5178,cp3KxMvJ3pt,Crc5reUlspd
5179,cp3KxMvJ3pt,c7gvocRdg0f
5180,cp3KxMvJ3pt,u3CkZqMHfHP
5181,cp3KxMvJ3pt,dCKzhhINakS
5182,cp3KxMvJ3pt,XVHTeecEOM3
5183,HXG9NbDUL3v,zh2zAaHyYQx
5184,HXG9NbDUL3v,wDiX34aiw6i
5185,HXG9NbDUL3v,V2OuNTRI6ua
5186,HXG9NbDUL3v,huBy3W5qiD2
5187,HXG9NbDUL3v,F1rms8f9I9a
5188,HXG9NbDUL3v,Crc5reUlspd
5189,HXG9NbDUL3v,c7gvocRdg0f
5190,HXG9NbDUL3v,u3CkZqMHfHP
5191,HXG9NbDUL3v,dCKzhhINakS
5192,HXG9NbDUL3v,XVHTeecEOM3
5193,yKHRRtO8Tjp,wcbqTyLOCYU
5194,yKHRRtO8Tjp,fkeMwVLKUyi
5195,yKHRRtO8Tjp,FqUuiCGELpZ
5196,yKHRRtO8Tjp,ITt4hJUPzgc
5197,yKHRRtO8Tjp,EVJwOnx0wy9
5198,yKHRRtO8Tjp,bdbxoGD7oAY
5199,yKHRRtO8Tjp,QzcaaLV5dVM
5200,yKHRRtO8Tjp,Q29KLru4s67
5201,yKHRRtO8Tjp,XfXgs4Xao0Y
5202,yKHRRtO8Tjp,ddHDso5Uizg
5203,yKHRRtO8Tjp,MJzZmZ3OMxI
5204,yKHRRtO8Tjp,n5YvcIzcYaF
5205,yKHRRtO8Tjp,UShugsidUxz
5206,yKHRRtO8Tjp,SPvm3s5w8ZJ
5207,yKHRRtO8Tjp,zBEtAxHIaIx
5208,yKHRRtO8Tjp,EJn0qutf2Uh
5209,tbCJrTyWu2S,zh2zAaHyYQx
5210,tbCJrTyWu2S,wDiX34aiw6i
5211,tbCJrTyWu2S,V2OuNTRI6ua
5212,tbCJrTyWu2S,huBy3W5qiD2
5213,tbCJrTyWu2S,F1rms8f9I9a
5214,tbCJrTyWu2S,Crc5reUlspd
5215,tbCJrTyWu2S,c7gvocRdg0f
5216,tbCJrTyWu2S,u3CkZqMHfHP
5217,tbCJrTyWu2S,dCKzhhINakS
5218,tbCJrTyWu2S,XVHTeecEOM3
5219,QTY3T2iXogb,zh2zAaHyYQx
5220,QTY3T2iXogb,wDiX34aiw6i
5221,QTY3T2iXogb,V2OuNTRI6ua
5222,QTY3T2iXogb,huBy3W5qiD2
5223,QTY3T2iXogb,F1rms8f9I9a
5224,QTY3T2iXogb,Crc5reUlspd
5225,QTY3T2iXogb,c7gvocRdg0f
5226,QTY3T2iXogb,u3CkZqMHfHP
5227,QTY3T2iXogb,dCKzhhINakS
5228,QTY3T2iXogb,XVHTeecEOM3
5229,dngw1XUXALc,zh2zAaHyYQx
5230,dngw1XUXALc,wDiX34aiw6i
5231,dngw1XUXALc,V2OuNTRI6ua
5232,dngw1XUXALc,huBy3W5qiD2
5233,dngw1XUXALc,F1rms8f9I9a
5234,dngw1XUXALc,Crc5reUlspd
5235,dngw1XUXALc,c7gvocRdg0f
5236,dngw1XUXALc,u3CkZqMHfHP
5237,dngw1XUXALc,dCKzhhINakS
5238,dngw1XUXALc,XVHTeecEOM3
5239,GPK9oqFKqge,wcbqTyLOCYU
5240,GPK9oqFKqge,fkeMwVLKUyi
5241,GPK9oqFKqge,FqUuiCGELpZ
5242,GPK9oqFKqge,ITt4hJUPzgc
5243,GPK9oqFKqge,EVJwOnx0wy9
5244,GPK9oqFKqge,bdbxoGD7oAY
5245,GPK9oqFKqge,QzcaaLV5dVM
5246,GPK9oqFKqge,Q29KLru4s67
5247,GPK9oqFKqge,XfXgs4Xao0Y
5248,GPK9oqFKqge,ddHDso5Uizg
5249,GPK9oqFKqge,MJzZmZ3OMxI
5250,GPK9oqFKqge,n5YvcIzcYaF
5251,GPK9oqFKqge,UShugsidUxz
5252,GPK9oqFKqge,SPvm3s5w8ZJ
5253,GPK9oqFKqge,zBEtAxHIaIx
5254,GPK9oqFKqge,EJn0qutf2Uh
5255,m68a9ZrLHQO,zh2zAaHyYQx
5256,m68a9ZrLHQO,wDiX34aiw6i
5257,m68a9ZrLHQO,V2OuNTRI6ua
5258,m68a9ZrLHQO,huBy3W5qiD2
5259,m68a9ZrLHQO,F1rms8f9I9a
5260,m68a9ZrLHQO,Crc5reUlspd
5261,m68a9ZrLHQO,c7gvocRdg0f
5262,m68a9ZrLHQO,u3CkZqMHfHP
5263,m68a9ZrLHQO,dCKzhhINakS
5264,m68a9ZrLHQO,XVHTeecEOM3
5265,DEeTNMW13sw,zh2zAaHyYQx
5266,DEeTNMW13sw,wDiX34aiw6i
5267,DEeTNMW13sw,V2OuNTRI6ua
5268,DEeTNMW13sw,huBy3W5qiD2
5269,DEeTNMW13sw,F1rms8f9I9a
5270,DEeTNMW13sw,Crc5reUlspd
5271,DEeTNMW13sw,c7gvocRdg0f
5272,DEeTNMW13sw,u3CkZqMHfHP
5273,DEeTNMW13sw,dCKzhhINakS
5274,DEeTNMW13sw,XVHTeecEOM3
5275,h3AlZsYufnB,pvlQCJPgNBf
5276,h3AlZsYufnB,slbcw6naLWL
5277,h3AlZsYufnB,TBB5Bs0EJPq
5278,h3AlZsYufnB,RxuzjTrDPzp
5279,h3AlZsYufnB,cunGU4fGzfD
5280,h3AlZsYufnB,zS2FhRuKp1b
5281,h3AlZsYufnB,rEAkXQROSUS
5282,h3AlZsYufnB,Up5qCxYh4pN
5283,h3AlZsYufnB,A4exOip3pCg
5284,h3AlZsYufnB,QUzLjdveSOz
5285,h3AlZsYufnB,iTdW73TXhq2
5286,h3AlZsYufnB,dNlKeKmJDy0
5287,iivetmgqm0X,zh2zAaHyYQx
5288,iivetmgqm0X,wDiX34aiw6i
5289,iivetmgqm0X,V2OuNTRI6ua
5290,iivetmgqm0X,huBy3W5qiD2
5291,iivetmgqm0X,F1rms8f9I9a
5292,iivetmgqm0X,Crc5reUlspd
5293,iivetmgqm0X,c7gvocRdg0f
5294,iivetmgqm0X,u3CkZqMHfHP
5295,iivetmgqm0X,dCKzhhINakS
5296,iivetmgqm0X,XVHTeecEOM3
5297,WI1Hvx0U8r4,zh2zAaHyYQx
5298,WI1Hvx0U8r4,wDiX34aiw6i
5299,WI1Hvx0U8r4,V2OuNTRI6ua
5300,WI1Hvx0U8r4,huBy3W5qiD2
5301,WI1Hvx0U8r4,F1rms8f9I9a
5302,WI1Hvx0U8r4,Crc5reUlspd
5303,WI1Hvx0U8r4,c7gvocRdg0f
5304,WI1Hvx0U8r4,u3CkZqMHfHP
5305,WI1Hvx0U8r4,dCKzhhINakS
5306,WI1Hvx0U8r4,XVHTeecEOM3
5307,p05w7Z3Jwbe,zh2zAaHyYQx
5308,p05w7Z3Jwbe,wDiX34aiw6i
5309,p05w7Z3Jwbe,V2OuNTRI6ua
5310,p05w7Z3Jwbe,huBy3W5qiD2
5311,p05w7Z3Jwbe,F1rms8f9I9a
5312,p05w7Z3Jwbe,Crc5reUlspd
5313,p05w7Z3Jwbe,c7gvocRdg0f
5314,p05w7Z3Jwbe,u3CkZqMHfHP
5315,p05w7Z3Jwbe,dCKzhhINakS
5316,p05w7Z3Jwbe,XVHTeecEOM3
5317,rtuO5Gs04mL,vgwBZ1EnvS1
5318,rtuO5Gs04mL,lKtUo70yy5S
5319,rtuO5Gs04mL,ubHnOQDfKvn
5320,rtuO5Gs04mL,kieAJGAdQQz
5321,rtuO5Gs04mL,Uu9EzmgMiUx
5322,rtuO5Gs04mL,NBLm9T4PdXT
5323,rtuO5Gs04mL,vv7DH53AEaT
5324,rtuO5Gs04mL,De2rXs4jApk
5325,rtuO5Gs04mL,BVbGW2Vr7UU
5326,rtuO5Gs04mL,bMRP4hxhZ1i
5327,rtuO5Gs04mL,Io3bQxY6Nr3
5328,rtuO5Gs04mL,aUatqtCxzVw
5329,rtuO5Gs04mL,OGomkW4FRgT
5330,rtuO5Gs04mL,MM1oF4N8Vku
5331,rtuO5Gs04mL,xBLq8rFuTSS
5332,rtuO5Gs04mL,G4cHMKNJ898
5333,rtuO5Gs04mL,keJQ8icaJd5
5334,rtuO5Gs04mL,nq6KPmpdIMQ
5335,rtuO5Gs04mL,gnq6kfPFRUy
5336,rtuO5Gs04mL,lUs3TRrwSp3
5337,rtuO5Gs04mL,zh2zAaHyYQx
5338,rtuO5Gs04mL,wDiX34aiw6i
5339,rtuO5Gs04mL,V2OuNTRI6ua
5340,rtuO5Gs04mL,huBy3W5qiD2
5341,rtuO5Gs04mL,F1rms8f9I9a
5342,rtuO5Gs04mL,Crc5reUlspd
5343,rtuO5Gs04mL,c7gvocRdg0f
5344,rtuO5Gs04mL,u3CkZqMHfHP
5345,rtuO5Gs04mL,dCKzhhINakS
5346,rtuO5Gs04mL,XVHTeecEOM3
5347,v8512yD1cSF,r6izn2XFqEc
5348,v8512yD1cSF,NYHvlXEt4Ak
5349,v8512yD1cSF,A8rYH97KrsT
5350,v8512yD1cSF,GNNdPRsjO2n
5351,v8512yD1cSF,mtJPFOZgbxi
5352,v8512yD1cSF,VSQdmcsGlPJ
5353,v8512yD1cSF,cYqRrSx1FDh
5354,v8512yD1cSF,tNGX99SZlLN
5355,v8512yD1cSF,u5FiIkNknnZ
5356,v8512yD1cSF,J0tZbSIQgJh
5357,v8512yD1cSF,Yx9LGiAEzJI
5358,v8512yD1cSF,wgxsjUMb8Rw
5359,M5Hpfrj54Ji,zh2zAaHyYQx
5360,M5Hpfrj54Ji,wDiX34aiw6i
5361,M5Hpfrj54Ji,V2OuNTRI6ua
5362,M5Hpfrj54Ji,huBy3W5qiD2
5363,M5Hpfrj54Ji,F1rms8f9I9a
5364,M5Hpfrj54Ji,Crc5reUlspd
5365,M5Hpfrj54Ji,c7gvocRdg0f
5366,M5Hpfrj54Ji,u3CkZqMHfHP
5367,M5Hpfrj54Ji,dCKzhhINakS
5368,M5Hpfrj54Ji,XVHTeecEOM3
5369,YhGqBI5c7Zt,zh2zAaHyYQx
5370,YhGqBI5c7Zt,wDiX34aiw6i
5371,YhGqBI5c7Zt,V2OuNTRI6ua
5372,YhGqBI5c7Zt,huBy3W5qiD2
5373,YhGqBI5c7Zt,F1rms8f9I9a
5374,YhGqBI5c7Zt,Crc5reUlspd
5375,YhGqBI5c7Zt,c7gvocRdg0f
5376,YhGqBI5c7Zt,u3CkZqMHfHP
5377,YhGqBI5c7Zt,dCKzhhINakS
5378,YhGqBI5c7Zt,XVHTeecEOM3
5379,A1ePKMtnnyY,SgtJVRGlRIo
5380,A1ePKMtnnyY,nusEBjg8bes
5381,A1ePKMtnnyY,sHKK94BX2Rp
5382,A1ePKMtnnyY,kkV0Rfqo4Ru
5383,A1ePKMtnnyY,UKCxMVgAc2s
5384,A1ePKMtnnyY,WyNau0T37h4
5385,A1ePKMtnnyY,OhmzAkCmkjU
5386,A1ePKMtnnyY,oIxEDq59GUL
5387,A1ePKMtnnyY,DHWRwZkFHqc
5388,A1ePKMtnnyY,mJNtXTVt6T1
5389,h1fX0U3mJYq,r6izn2XFqEc
5390,h1fX0U3mJYq,NYHvlXEt4Ak
5391,h1fX0U3mJYq,A8rYH97KrsT
5392,h1fX0U3mJYq,GNNdPRsjO2n
5393,h1fX0U3mJYq,mtJPFOZgbxi
5394,h1fX0U3mJYq,VSQdmcsGlPJ
5395,h1fX0U3mJYq,cYqRrSx1FDh
5396,h1fX0U3mJYq,tNGX99SZlLN
5397,h1fX0U3mJYq,u5FiIkNknnZ
5398,h1fX0U3mJYq,J0tZbSIQgJh
5399,h1fX0U3mJYq,Yx9LGiAEzJI
5400,h1fX0U3mJYq,wgxsjUMb8Rw
5401,JoY62zOw8hH,SgtJVRGlRIo
5402,JoY62zOw8hH,nusEBjg8bes
5403,JoY62zOw8hH,sHKK94BX2Rp
5404,JoY62zOw8hH,kkV0Rfqo4Ru
5405,JoY62zOw8hH,UKCxMVgAc2s
5406,JoY62zOw8hH,WyNau0T37h4
5407,JoY62zOw8hH,OhmzAkCmkjU
5408,JoY62zOw8hH,oIxEDq59GUL
5409,JoY62zOw8hH,DHWRwZkFHqc
5410,JoY62zOw8hH,mJNtXTVt6T1
5411,SLArYIbP3aI,zh2zAaHyYQx
5412,SLArYIbP3aI,wDiX34aiw6i
5413,SLArYIbP3aI,V2OuNTRI6ua
5414,SLArYIbP3aI,huBy3W5qiD2
5415,SLArYIbP3aI,F1rms8f9I9a
5416,SLArYIbP3aI,Crc5reUlspd
5417,SLArYIbP3aI,c7gvocRdg0f
5418,SLArYIbP3aI,u3CkZqMHfHP
5419,SLArYIbP3aI,dCKzhhINakS
5420,SLArYIbP3aI,XVHTeecEOM3
5421,sYJTvmD4xA8,zh2zAaHyYQx
5422,sYJTvmD4xA8,wDiX34aiw6i
5423,sYJTvmD4xA8,V2OuNTRI6ua
5424,sYJTvmD4xA8,huBy3W5qiD2
5425,sYJTvmD4xA8,F1rms8f9I9a
5426,sYJTvmD4xA8,Crc5reUlspd
5427,sYJTvmD4xA8,c7gvocRdg0f
5428,sYJTvmD4xA8,u3CkZqMHfHP
5429,sYJTvmD4xA8,dCKzhhINakS
5430,sYJTvmD4xA8,XVHTeecEOM3
5431,ZJQwEArEIbG,zh2zAaHyYQx
5432,ZJQwEArEIbG,wDiX34aiw6i
5433,ZJQwEArEIbG,V2OuNTRI6ua
5434,ZJQwEArEIbG,huBy3W5qiD2
5435,ZJQwEArEIbG,F1rms8f9I9a
5436,ZJQwEArEIbG,Crc5reUlspd
5437,ZJQwEArEIbG,c7gvocRdg0f
5438,ZJQwEArEIbG,u3CkZqMHfHP
5439,ZJQwEArEIbG,dCKzhhINakS
5440,ZJQwEArEIbG,XVHTeecEOM3
5441,UqF107LDITO,zh2zAaHyYQx
5442,UqF107LDITO,wDiX34aiw6i
5443,UqF107LDITO,V2OuNTRI6ua
5444,UqF107LDITO,huBy3W5qiD2
5445,UqF107LDITO,F1rms8f9I9a
5446,UqF107LDITO,Crc5reUlspd
5447,UqF107LDITO,c7gvocRdg0f
5448,UqF107LDITO,u3CkZqMHfHP
5449,UqF107LDITO,dCKzhhINakS
5450,UqF107LDITO,XVHTeecEOM3
5451,TvqHbq8AKc7,zh2zAaHyYQx
5452,TvqHbq8AKc7,wDiX34aiw6i
5453,TvqHbq8AKc7,V2OuNTRI6ua
5454,TvqHbq8AKc7,huBy3W5qiD2
5455,TvqHbq8AKc7,F1rms8f9I9a
5456,TvqHbq8AKc7,Crc5reUlspd
5457,TvqHbq8AKc7,c7gvocRdg0f
5458,TvqHbq8AKc7,u3CkZqMHfHP
5459,TvqHbq8AKc7,dCKzhhINakS
5460,TvqHbq8AKc7,XVHTeecEOM3
5461,RClYoEhRCZc,SM9d5ybWcr0
5462,RClYoEhRCZc,H5MiomGgbbi
5463,RClYoEhRCZc,OUPWAOZojRb
5464,digmXKUwuDb,pvlQCJPgNBf
5465,digmXKUwuDb,slbcw6naLWL
5466,digmXKUwuDb,TBB5Bs0EJPq
5467,digmXKUwuDb,RxuzjTrDPzp
5468,digmXKUwuDb,cunGU4fGzfD
5469,digmXKUwuDb,zS2FhRuKp1b
5470,digmXKUwuDb,rEAkXQROSUS
5471,digmXKUwuDb,Up5qCxYh4pN
5472,digmXKUwuDb,A4exOip3pCg
5473,digmXKUwuDb,QUzLjdveSOz
5474,digmXKUwuDb,iTdW73TXhq2
5475,digmXKUwuDb,dNlKeKmJDy0
5476,WZbsgGbvL0R,zh2zAaHyYQx
5477,WZbsgGbvL0R,wDiX34aiw6i
5478,WZbsgGbvL0R,V2OuNTRI6ua
5479,WZbsgGbvL0R,huBy3W5qiD2
5480,WZbsgGbvL0R,F1rms8f9I9a
5481,WZbsgGbvL0R,Crc5reUlspd
5482,WZbsgGbvL0R,c7gvocRdg0f
5483,WZbsgGbvL0R,u3CkZqMHfHP
5484,WZbsgGbvL0R,dCKzhhINakS
5485,WZbsgGbvL0R,XVHTeecEOM3
5486,LiSyn6bblsc,zh2zAaHyYQx
5487,LiSyn6bblsc,wDiX34aiw6i
5488,LiSyn6bblsc,V2OuNTRI6ua
5489,LiSyn6bblsc,huBy3W5qiD2
5490,LiSyn6bblsc,F1rms8f9I9a
5491,LiSyn6bblsc,Crc5reUlspd
5492,LiSyn6bblsc,c7gvocRdg0f
5493,LiSyn6bblsc,u3CkZqMHfHP
5494,LiSyn6bblsc,dCKzhhINakS
5495,LiSyn6bblsc,XVHTeecEOM3
5496,gokNVJCupgp,yabsZCXTQRM
5497,gokNVJCupgp,yWdrn6SiVZ9
5498,gokNVJCupgp,zLX9lB6eIHI
5499,gokNVJCupgp,C9j1R3XeUB3
5500,gokNVJCupgp,sBvVzuUN7ty
5501,gokNVJCupgp,JqdVRiI92bd
5502,gokNVJCupgp,tD3pn44uScE
5503,gokNVJCupgp,Mv9SNsGCT5e
5504,gokNVJCupgp,rU0HnmI7P8S
5505,gokNVJCupgp,pfXBcPz6khi
5506,Fl8O8mnzymG,zh2zAaHyYQx
5507,Fl8O8mnzymG,wDiX34aiw6i
5508,Fl8O8mnzymG,V2OuNTRI6ua
5509,Fl8O8mnzymG,huBy3W5qiD2
5510,Fl8O8mnzymG,F1rms8f9I9a
5511,Fl8O8mnzymG,Crc5reUlspd
5512,Fl8O8mnzymG,c7gvocRdg0f
5513,Fl8O8mnzymG,u3CkZqMHfHP
5514,Fl8O8mnzymG,dCKzhhINakS
5515,Fl8O8mnzymG,XVHTeecEOM3
5516,CGWRNOSVEsk,zh2zAaHyYQx
5517,CGWRNOSVEsk,wDiX34aiw6i
5518,CGWRNOSVEsk,V2OuNTRI6ua
5519,CGWRNOSVEsk,huBy3W5qiD2
5520,CGWRNOSVEsk,F1rms8f9I9a
5521,CGWRNOSVEsk,Crc5reUlspd
5522,CGWRNOSVEsk,c7gvocRdg0f
5523,CGWRNOSVEsk,u3CkZqMHfHP
5524,CGWRNOSVEsk,dCKzhhINakS
5525,CGWRNOSVEsk,XVHTeecEOM3
5526,ubBoPfBZF8D,HllvX50cXC0
5527,ERqNKL8zyjQ,HllvX50cXC0
5528,UVHk2irHexb,zh2zAaHyYQx
5529,UVHk2irHexb,wDiX34aiw6i
5530,UVHk2irHexb,V2OuNTRI6ua
5531,UVHk2irHexb,huBy3W5qiD2
5532,UVHk2irHexb,F1rms8f9I9a
5533,UVHk2irHexb,Crc5reUlspd
5534,UVHk2irHexb,c7gvocRdg0f
5535,UVHk2irHexb,u3CkZqMHfHP
5536,UVHk2irHexb,dCKzhhINakS
5537,UVHk2irHexb,XVHTeecEOM3
5538,X66BIwvM6ff,zh2zAaHyYQx
5539,X66BIwvM6ff,wDiX34aiw6i
5540,X66BIwvM6ff,V2OuNTRI6ua
5541,X66BIwvM6ff,huBy3W5qiD2
5542,X66BIwvM6ff,F1rms8f9I9a
5543,X66BIwvM6ff,Crc5reUlspd
5544,X66BIwvM6ff,c7gvocRdg0f
5545,X66BIwvM6ff,u3CkZqMHfHP
5546,X66BIwvM6ff,dCKzhhINakS
5547,X66BIwvM6ff,XVHTeecEOM3
5548,P2hp9UJuCEK,SgtJVRGlRIo
5549,P2hp9UJuCEK,nusEBjg8bes
5550,P2hp9UJuCEK,sHKK94BX2Rp
5551,P2hp9UJuCEK,kkV0Rfqo4Ru
5552,P2hp9UJuCEK,UKCxMVgAc2s
5553,P2hp9UJuCEK,WyNau0T37h4
5554,P2hp9UJuCEK,OhmzAkCmkjU
5555,P2hp9UJuCEK,oIxEDq59GUL
5556,P2hp9UJuCEK,DHWRwZkFHqc
5557,P2hp9UJuCEK,mJNtXTVt6T1
5558,Cd993CsXVlM,zh2zAaHyYQx
5559,Cd993CsXVlM,wDiX34aiw6i
5560,Cd993CsXVlM,V2OuNTRI6ua
5561,Cd993CsXVlM,huBy3W5qiD2
5562,Cd993CsXVlM,F1rms8f9I9a
5563,Cd993CsXVlM,Crc5reUlspd
5564,Cd993CsXVlM,c7gvocRdg0f
5565,Cd993CsXVlM,u3CkZqMHfHP
5566,Cd993CsXVlM,dCKzhhINakS
5567,Cd993CsXVlM,XVHTeecEOM3
5568,HImppwnkzUk,zh2zAaHyYQx
5569,HImppwnkzUk,wDiX34aiw6i
5570,HImppwnkzUk,V2OuNTRI6ua
5571,HImppwnkzUk,huBy3W5qiD2
5572,HImppwnkzUk,F1rms8f9I9a
5573,HImppwnkzUk,Crc5reUlspd
5574,HImppwnkzUk,c7gvocRdg0f
5575,HImppwnkzUk,u3CkZqMHfHP
5576,HImppwnkzUk,dCKzhhINakS
5577,HImppwnkzUk,XVHTeecEOM3
5578,Qq2kwuGkiFH,zh2zAaHyYQx
5579,Qq2kwuGkiFH,wDiX34aiw6i
5580,Qq2kwuGkiFH,V2OuNTRI6ua
5581,Qq2kwuGkiFH,huBy3W5qiD2
5582,Qq2kwuGkiFH,F1rms8f9I9a
5583,Qq2kwuGkiFH,Crc5reUlspd
5584,Qq2kwuGkiFH,c7gvocRdg0f
5585,Qq2kwuGkiFH,u3CkZqMHfHP
5586,Qq2kwuGkiFH,dCKzhhINakS
5587,Qq2kwuGkiFH,XVHTeecEOM3
5588,YUMYaALzPui,SM9d5ybWcr0
5589,YUMYaALzPui,H5MiomGgbbi
5590,YUMYaALzPui,OUPWAOZojRb
5591,WIYUYqtiWNW,zh2zAaHyYQx
5592,WIYUYqtiWNW,wDiX34aiw6i
5593,WIYUYqtiWNW,V2OuNTRI6ua
5594,WIYUYqtiWNW,huBy3W5qiD2
5595,WIYUYqtiWNW,F1rms8f9I9a
5596,WIYUYqtiWNW,Crc5reUlspd
5597,WIYUYqtiWNW,c7gvocRdg0f
5598,WIYUYqtiWNW,u3CkZqMHfHP
5599,WIYUYqtiWNW,dCKzhhINakS
5600,WIYUYqtiWNW,XVHTeecEOM3
5601,kUeF5RT3BTR,yabsZCXTQRM
5602,kUeF5RT3BTR,yWdrn6SiVZ9
5603,kUeF5RT3BTR,zLX9lB6eIHI
5604,kUeF5RT3BTR,C9j1R3XeUB3
5605,kUeF5RT3BTR,sBvVzuUN7ty
5606,kUeF5RT3BTR,JqdVRiI92bd
5607,kUeF5RT3BTR,tD3pn44uScE
5608,kUeF5RT3BTR,Mv9SNsGCT5e
5609,kUeF5RT3BTR,rU0HnmI7P8S
5610,kUeF5RT3BTR,pfXBcPz6khi
5611,ISC087IHQS4,zh2zAaHyYQx
5612,ISC087IHQS4,wDiX34aiw6i
5613,ISC087IHQS4,V2OuNTRI6ua
5614,ISC087IHQS4,huBy3W5qiD2
5615,ISC087IHQS4,F1rms8f9I9a
5616,ISC087IHQS4,Crc5reUlspd
5617,ISC087IHQS4,c7gvocRdg0f
5618,ISC087IHQS4,u3CkZqMHfHP
5619,ISC087IHQS4,dCKzhhINakS
5620,ISC087IHQS4,XVHTeecEOM3
5621,NBMEojZWyQC,SgtJVRGlRIo
5622,NBMEojZWyQC,nusEBjg8bes
5623,NBMEojZWyQC,sHKK94BX2Rp
5624,NBMEojZWyQC,kkV0Rfqo4Ru
5625,NBMEojZWyQC,UKCxMVgAc2s
5626,NBMEojZWyQC,WyNau0T37h4
5627,NBMEojZWyQC,OhmzAkCmkjU
5628,NBMEojZWyQC,oIxEDq59GUL
5629,NBMEojZWyQC,DHWRwZkFHqc
5630,NBMEojZWyQC,mJNtXTVt6T1
5631,wofIcse7qas,zh2zAaHyYQx
5632,wofIcse7qas,wDiX34aiw6i
5633,wofIcse7qas,V2OuNTRI6ua
5634,wofIcse7qas,huBy3W5qiD2
5635,wofIcse7qas,F1rms8f9I9a
5636,wofIcse7qas,Crc5reUlspd
5637,wofIcse7qas,c7gvocRdg0f
5638,wofIcse7qas,u3CkZqMHfHP
5639,wofIcse7qas,dCKzhhINakS
5640,wofIcse7qas,XVHTeecEOM3
5641,Kn8xMo3kffA,zh2zAaHyYQx
5642,Kn8xMo3kffA,wDiX34aiw6i
5643,Kn8xMo3kffA,V2OuNTRI6ua
5644,Kn8xMo3kffA,huBy3W5qiD2
5645,Kn8xMo3kffA,F1rms8f9I9a
5646,Kn8xMo3kffA,Crc5reUlspd
5647,Kn8xMo3kffA,c7gvocRdg0f
5648,Kn8xMo3kffA,u3CkZqMHfHP
5649,Kn8xMo3kffA,dCKzhhINakS
5650,Kn8xMo3kffA,XVHTeecEOM3
5651,vC9pW0FEvd2,zh2zAaHyYQx
5652,vC9pW0FEvd2,wDiX34aiw6i
5653,vC9pW0FEvd2,V2OuNTRI6ua
5654,vC9pW0FEvd2,huBy3W5qiD2
5655,vC9pW0FEvd2,F1rms8f9I9a
5656,vC9pW0FEvd2,Crc5reUlspd
5657,vC9pW0FEvd2,c7gvocRdg0f
5658,vC9pW0FEvd2,u3CkZqMHfHP
5659,vC9pW0FEvd2,dCKzhhINakS
5660,vC9pW0FEvd2,XVHTeecEOM3
5661,zZrI8KMlwOY,SM9d5ybWcr0
5662,zZrI8KMlwOY,H5MiomGgbbi
5663,zZrI8KMlwOY,OUPWAOZojRb
5664,fPHRZNRMyk0,zh2zAaHyYQx
5665,fPHRZNRMyk0,wDiX34aiw6i
5666,fPHRZNRMyk0,V2OuNTRI6ua
5667,fPHRZNRMyk0,huBy3W5qiD2
5668,fPHRZNRMyk0,F1rms8f9I9a
5669,fPHRZNRMyk0,Crc5reUlspd
5670,fPHRZNRMyk0,c7gvocRdg0f
5671,fPHRZNRMyk0,u3CkZqMHfHP
5672,fPHRZNRMyk0,dCKzhhINakS
5673,fPHRZNRMyk0,XVHTeecEOM3
5674,Ei8XaEssNrQ,zh2zAaHyYQx
5675,Ei8XaEssNrQ,wDiX34aiw6i
5676,Ei8XaEssNrQ,V2OuNTRI6ua
5677,Ei8XaEssNrQ,huBy3W5qiD2
5678,Ei8XaEssNrQ,F1rms8f9I9a
5679,Ei8XaEssNrQ,Crc5reUlspd
5680,Ei8XaEssNrQ,c7gvocRdg0f
5681,Ei8XaEssNrQ,u3CkZqMHfHP
5682,Ei8XaEssNrQ,dCKzhhINakS
5683,Ei8XaEssNrQ,XVHTeecEOM3
5684,vNEARHwRi3J,zh2zAaHyYQx
5685,vNEARHwRi3J,wDiX34aiw6i
5686,vNEARHwRi3J,V2OuNTRI6ua
5687,vNEARHwRi3J,huBy3W5qiD2
5688,vNEARHwRi3J,F1rms8f9I9a
5689,vNEARHwRi3J,Crc5reUlspd
5690,vNEARHwRi3J,c7gvocRdg0f
5691,vNEARHwRi3J,u3CkZqMHfHP
5692,vNEARHwRi3J,dCKzhhINakS
5693,vNEARHwRi3J,XVHTeecEOM3
5694,FgrVH0Z6KPm,zh2zAaHyYQx
5695,FgrVH0Z6KPm,wDiX34aiw6i
5696,FgrVH0Z6KPm,V2OuNTRI6ua
5697,FgrVH0Z6KPm,huBy3W5qiD2
5698,FgrVH0Z6KPm,F1rms8f9I9a
5699,FgrVH0Z6KPm,Crc5reUlspd
5700,FgrVH0Z6KPm,c7gvocRdg0f
5701,FgrVH0Z6KPm,u3CkZqMHfHP
5702,FgrVH0Z6KPm,dCKzhhINakS
5703,FgrVH0Z6KPm,XVHTeecEOM3
5704,bPvsis0k7xb,zh2zAaHyYQx
5705,bPvsis0k7xb,wDiX34aiw6i
5706,bPvsis0k7xb,V2OuNTRI6ua
5707,bPvsis0k7xb,huBy3W5qiD2
5708,bPvsis0k7xb,F1rms8f9I9a
5709,bPvsis0k7xb,Crc5reUlspd
5710,bPvsis0k7xb,c7gvocRdg0f
5711,bPvsis0k7xb,u3CkZqMHfHP
5712,bPvsis0k7xb,dCKzhhINakS
5713,bPvsis0k7xb,XVHTeecEOM3
5714,Tt6Pc5jQbFa,zh2zAaHyYQx
5715,Tt6Pc5jQbFa,wDiX34aiw6i
5716,Tt6Pc5jQbFa,V2OuNTRI6ua
5717,Tt6Pc5jQbFa,huBy3W5qiD2
5718,Tt6Pc5jQbFa,F1rms8f9I9a
5719,Tt6Pc5jQbFa,Crc5reUlspd
5720,Tt6Pc5jQbFa,c7gvocRdg0f
5721,Tt6Pc5jQbFa,u3CkZqMHfHP
5722,Tt6Pc5jQbFa,dCKzhhINakS
5723,Tt6Pc5jQbFa,XVHTeecEOM3
5724,BaWaAB6mW2p,r6izn2XFqEc
5725,BaWaAB6mW2p,NYHvlXEt4Ak
5726,BaWaAB6mW2p,A8rYH97KrsT
5727,BaWaAB6mW2p,GNNdPRsjO2n
5728,BaWaAB6mW2p,mtJPFOZgbxi
5729,BaWaAB6mW2p,VSQdmcsGlPJ
5730,BaWaAB6mW2p,cYqRrSx1FDh
5731,BaWaAB6mW2p,tNGX99SZlLN
5732,BaWaAB6mW2p,u5FiIkNknnZ
5733,BaWaAB6mW2p,J0tZbSIQgJh
5734,BaWaAB6mW2p,Yx9LGiAEzJI
5735,BaWaAB6mW2p,wgxsjUMb8Rw
5736,jf4ky3Z3Yba,SgtJVRGlRIo
5737,jf4ky3Z3Yba,nusEBjg8bes
5738,jf4ky3Z3Yba,sHKK94BX2Rp
5739,jf4ky3Z3Yba,kkV0Rfqo4Ru
5740,jf4ky3Z3Yba,UKCxMVgAc2s
5741,jf4ky3Z3Yba,WyNau0T37h4
5742,jf4ky3Z3Yba,OhmzAkCmkjU
5743,jf4ky3Z3Yba,oIxEDq59GUL
5744,jf4ky3Z3Yba,DHWRwZkFHqc
5745,jf4ky3Z3Yba,mJNtXTVt6T1
5746,wH5AisRhyZX,zh2zAaHyYQx
5747,wH5AisRhyZX,wDiX34aiw6i
5748,wH5AisRhyZX,V2OuNTRI6ua
5749,wH5AisRhyZX,huBy3W5qiD2
5750,wH5AisRhyZX,F1rms8f9I9a
5751,wH5AisRhyZX,Crc5reUlspd
5752,wH5AisRhyZX,c7gvocRdg0f
5753,wH5AisRhyZX,u3CkZqMHfHP
5754,wH5AisRhyZX,dCKzhhINakS
5755,wH5AisRhyZX,XVHTeecEOM3
5756,KLsoCQISl22,yabsZCXTQRM
5757,KLsoCQISl22,yWdrn6SiVZ9
5758,KLsoCQISl22,zLX9lB6eIHI
5759,KLsoCQISl22,C9j1R3XeUB3
5760,KLsoCQISl22,sBvVzuUN7ty
5761,KLsoCQISl22,JqdVRiI92bd
5762,KLsoCQISl22,tD3pn44uScE
5763,KLsoCQISl22,Mv9SNsGCT5e
5764,KLsoCQISl22,rU0HnmI7P8S
5765,KLsoCQISl22,pfXBcPz6khi
5766,kERJYVPjUmY,zh2zAaHyYQx
5767,kERJYVPjUmY,wDiX34aiw6i
5768,kERJYVPjUmY,V2OuNTRI6ua
5769,kERJYVPjUmY,huBy3W5qiD2
5770,kERJYVPjUmY,F1rms8f9I9a
5771,kERJYVPjUmY,Crc5reUlspd
5772,kERJYVPjUmY,c7gvocRdg0f
5773,kERJYVPjUmY,u3CkZqMHfHP
5774,kERJYVPjUmY,dCKzhhINakS
5775,kERJYVPjUmY,XVHTeecEOM3
5776,BVfYfrc4SHe,zh2zAaHyYQx
5777,BVfYfrc4SHe,wDiX34aiw6i
5778,BVfYfrc4SHe,V2OuNTRI6ua
5779,BVfYfrc4SHe,huBy3W5qiD2
5780,BVfYfrc4SHe,F1rms8f9I9a
5781,BVfYfrc4SHe,Crc5reUlspd
5782,BVfYfrc4SHe,c7gvocRdg0f
5783,BVfYfrc4SHe,u3CkZqMHfHP
5784,BVfYfrc4SHe,dCKzhhINakS
5785,BVfYfrc4SHe,XVHTeecEOM3
5786,EVKwVPzGSeU,zh2zAaHyYQx
5787,EVKwVPzGSeU,wDiX34aiw6i
5788,EVKwVPzGSeU,V2OuNTRI6ua
5789,EVKwVPzGSeU,huBy3W5qiD2
5790,EVKwVPzGSeU,F1rms8f9I9a
5791,EVKwVPzGSeU,Crc5reUlspd
5792,EVKwVPzGSeU,c7gvocRdg0f
5793,EVKwVPzGSeU,u3CkZqMHfHP
5794,EVKwVPzGSeU,dCKzhhINakS
5795,EVKwVPzGSeU,XVHTeecEOM3
5796,Hj3q6S6GXpD,SgtJVRGlRIo
5797,Hj3q6S6GXpD,nusEBjg8bes
5798,Hj3q6S6GXpD,sHKK94BX2Rp
5799,Hj3q6S6GXpD,kkV0Rfqo4Ru
5800,Hj3q6S6GXpD,UKCxMVgAc2s
5801,Hj3q6S6GXpD,WyNau0T37h4
5802,Hj3q6S6GXpD,OhmzAkCmkjU
5803,Hj3q6S6GXpD,oIxEDq59GUL
5804,Hj3q6S6GXpD,DHWRwZkFHqc
5805,Hj3q6S6GXpD,mJNtXTVt6T1
5806,a1XttVMZIqe,r6izn2XFqEc
5807,a1XttVMZIqe,NYHvlXEt4Ak
5808,a1XttVMZIqe,A8rYH97KrsT
5809,a1XttVMZIqe,GNNdPRsjO2n
5810,a1XttVMZIqe,mtJPFOZgbxi
5811,a1XttVMZIqe,VSQdmcsGlPJ
5812,a1XttVMZIqe,cYqRrSx1FDh
5813,a1XttVMZIqe,tNGX99SZlLN
5814,a1XttVMZIqe,u5FiIkNknnZ
5815,a1XttVMZIqe,J0tZbSIQgJh
5816,a1XttVMZIqe,Yx9LGiAEzJI
5817,a1XttVMZIqe,wgxsjUMb8Rw
5818,ffA4XzZ1TDX,WalQ4zu7RLz
5819,ffA4XzZ1TDX,r01f3QfmLJS
5820,ffA4XzZ1TDX,bmT820wlIV5
5821,ffA4XzZ1TDX,vrSTfWaEZfP
5822,ffA4XzZ1TDX,RKbp3GCvRrF
5823,ffA4XzZ1TDX,I28asEo67Mt
5824,Jut3HPICqMe,zh2zAaHyYQx
5825,Jut3HPICqMe,wDiX34aiw6i
5826,Jut3HPICqMe,V2OuNTRI6ua
5827,Jut3HPICqMe,huBy3W5qiD2
5828,Jut3HPICqMe,F1rms8f9I9a
5829,Jut3HPICqMe,Crc5reUlspd
5830,Jut3HPICqMe,c7gvocRdg0f
5831,Jut3HPICqMe,u3CkZqMHfHP
5832,Jut3HPICqMe,dCKzhhINakS
5833,Jut3HPICqMe,XVHTeecEOM3
5834,tHd97dX4naD,zh2zAaHyYQx
5835,tHd97dX4naD,wDiX34aiw6i
5836,tHd97dX4naD,V2OuNTRI6ua
5837,tHd97dX4naD,huBy3W5qiD2
5838,tHd97dX4naD,F1rms8f9I9a
5839,tHd97dX4naD,Crc5reUlspd
5840,tHd97dX4naD,c7gvocRdg0f
5841,tHd97dX4naD,u3CkZqMHfHP
5842,tHd97dX4naD,dCKzhhINakS
5843,tHd97dX4naD,XVHTeecEOM3
5844,fFBi8TFWlMA,yabsZCXTQRM
5845,fFBi8TFWlMA,yWdrn6SiVZ9
5846,fFBi8TFWlMA,zLX9lB6eIHI
5847,fFBi8TFWlMA,C9j1R3XeUB3
5848,fFBi8TFWlMA,sBvVzuUN7ty
5849,fFBi8TFWlMA,JqdVRiI92bd
5850,fFBi8TFWlMA,tD3pn44uScE
5851,fFBi8TFWlMA,Mv9SNsGCT5e
5852,fFBi8TFWlMA,rU0HnmI7P8S
5853,fFBi8TFWlMA,pfXBcPz6khi
5854,fFBi8TFWlMA,zh2zAaHyYQx
5855,fFBi8TFWlMA,wDiX34aiw6i
5856,fFBi8TFWlMA,V2OuNTRI6ua
5857,fFBi8TFWlMA,huBy3W5qiD2
5858,fFBi8TFWlMA,F1rms8f9I9a
5859,fFBi8TFWlMA,Crc5reUlspd
5860,fFBi8TFWlMA,c7gvocRdg0f
5861,fFBi8TFWlMA,u3CkZqMHfHP
5862,fFBi8TFWlMA,dCKzhhINakS
5863,fFBi8TFWlMA,XVHTeecEOM3
5864,rhIiDgJMh43,zh2zAaHyYQx
5865,rhIiDgJMh43,wDiX34aiw6i
5866,rhIiDgJMh43,V2OuNTRI6ua
5867,rhIiDgJMh43,huBy3W5qiD2
5868,rhIiDgJMh43,F1rms8f9I9a
5869,rhIiDgJMh43,Crc5reUlspd
5870,rhIiDgJMh43,c7gvocRdg0f
5871,rhIiDgJMh43,u3CkZqMHfHP
5872,rhIiDgJMh43,dCKzhhINakS
5873,rhIiDgJMh43,XVHTeecEOM3
5874,AznZaLI0xuH,zh2zAaHyYQx
5875,AznZaLI0xuH,wDiX34aiw6i
5876,AznZaLI0xuH,V2OuNTRI6ua
5877,AznZaLI0xuH,huBy3W5qiD2
5878,AznZaLI0xuH,F1rms8f9I9a
5879,AznZaLI0xuH,Crc5reUlspd
5880,AznZaLI0xuH,c7gvocRdg0f
5881,AznZaLI0xuH,u3CkZqMHfHP
5882,AznZaLI0xuH,dCKzhhINakS
5883,AznZaLI0xuH,XVHTeecEOM3
5884,yRkbB2NH8xI,SgtJVRGlRIo
5885,yRkbB2NH8xI,nusEBjg8bes
5886,yRkbB2NH8xI,sHKK94BX2Rp
5887,yRkbB2NH8xI,kkV0Rfqo4Ru
5888,yRkbB2NH8xI,UKCxMVgAc2s
5889,yRkbB2NH8xI,WyNau0T37h4
5890,yRkbB2NH8xI,OhmzAkCmkjU
5891,yRkbB2NH8xI,oIxEDq59GUL
5892,yRkbB2NH8xI,DHWRwZkFHqc
5893,yRkbB2NH8xI,mJNtXTVt6T1
5894,B2ImFoxuABx,SgtJVRGlRIo
5895,B2ImFoxuABx,nusEBjg8bes
5896,B2ImFoxuABx,sHKK94BX2Rp
5897,B2ImFoxuABx,kkV0Rfqo4Ru
5898,B2ImFoxuABx,UKCxMVgAc2s
5899,B2ImFoxuABx,WyNau0T37h4
5900,B2ImFoxuABx,OhmzAkCmkjU
5901,B2ImFoxuABx,oIxEDq59GUL
5902,B2ImFoxuABx,DHWRwZkFHqc
5903,B2ImFoxuABx,mJNtXTVt6T1
5904,D4Qa3thOT0Z,zh2zAaHyYQx
5905,D4Qa3thOT0Z,wDiX34aiw6i
5906,D4Qa3thOT0Z,V2OuNTRI6ua
5907,D4Qa3thOT0Z,huBy3W5qiD2
5908,D4Qa3thOT0Z,F1rms8f9I9a
5909,D4Qa3thOT0Z,Crc5reUlspd
5910,D4Qa3thOT0Z,c7gvocRdg0f
5911,D4Qa3thOT0Z,u3CkZqMHfHP
5912,D4Qa3thOT0Z,dCKzhhINakS
5913,D4Qa3thOT0Z,XVHTeecEOM3
5914,bDBHlO3lNUW,zh2zAaHyYQx
5915,bDBHlO3lNUW,wDiX34aiw6i
5916,bDBHlO3lNUW,V2OuNTRI6ua
5917,bDBHlO3lNUW,huBy3W5qiD2
5918,bDBHlO3lNUW,F1rms8f9I9a
5919,bDBHlO3lNUW,Crc5reUlspd
5920,bDBHlO3lNUW,c7gvocRdg0f
5921,bDBHlO3lNUW,u3CkZqMHfHP
5922,bDBHlO3lNUW,dCKzhhINakS
5923,bDBHlO3lNUW,XVHTeecEOM3
5924,OrdnvR6Vq9V,r6izn2XFqEc
5925,OrdnvR6Vq9V,NYHvlXEt4Ak
5926,OrdnvR6Vq9V,A8rYH97KrsT
5927,OrdnvR6Vq9V,GNNdPRsjO2n
5928,OrdnvR6Vq9V,mtJPFOZgbxi
5929,OrdnvR6Vq9V,VSQdmcsGlPJ
5930,OrdnvR6Vq9V,cYqRrSx1FDh
5931,OrdnvR6Vq9V,tNGX99SZlLN
5932,OrdnvR6Vq9V,u5FiIkNknnZ
5933,OrdnvR6Vq9V,J0tZbSIQgJh
5934,OrdnvR6Vq9V,Yx9LGiAEzJI
5935,OrdnvR6Vq9V,wgxsjUMb8Rw
5936,nNiopNOmDZL,zh2zAaHyYQx
5937,nNiopNOmDZL,wDiX34aiw6i
5938,nNiopNOmDZL,V2OuNTRI6ua
5939,nNiopNOmDZL,huBy3W5qiD2
5940,nNiopNOmDZL,F1rms8f9I9a
5941,nNiopNOmDZL,Crc5reUlspd
5942,nNiopNOmDZL,c7gvocRdg0f
5943,nNiopNOmDZL,u3CkZqMHfHP
5944,nNiopNOmDZL,dCKzhhINakS
5945,nNiopNOmDZL,XVHTeecEOM3
5946,MflJ96PU8is,zh2zAaHyYQx
5947,MflJ96PU8is,wDiX34aiw6i
5948,MflJ96PU8is,V2OuNTRI6ua
5949,MflJ96PU8is,huBy3W5qiD2
5950,MflJ96PU8is,F1rms8f9I9a
5951,MflJ96PU8is,Crc5reUlspd
5952,MflJ96PU8is,c7gvocRdg0f
5953,MflJ96PU8is,u3CkZqMHfHP
5954,MflJ96PU8is,dCKzhhINakS
5955,MflJ96PU8is,XVHTeecEOM3
5956,ZNmWekAIPTs,SM9d5ybWcr0
5957,ZNmWekAIPTs,H5MiomGgbbi
5958,ZNmWekAIPTs,OUPWAOZojRb
5959,tnjg6ygBlhw,zh2zAaHyYQx
5960,tnjg6ygBlhw,wDiX34aiw6i
5961,tnjg6ygBlhw,V2OuNTRI6ua
5962,tnjg6ygBlhw,huBy3W5qiD2
5963,tnjg6ygBlhw,F1rms8f9I9a
5964,tnjg6ygBlhw,Crc5reUlspd
5965,tnjg6ygBlhw,c7gvocRdg0f
5966,tnjg6ygBlhw,u3CkZqMHfHP
5967,tnjg6ygBlhw,dCKzhhINakS
5968,tnjg6ygBlhw,XVHTeecEOM3
5969,pJfmRStn4K0,zh2zAaHyYQx
5970,pJfmRStn4K0,wDiX34aiw6i
5971,pJfmRStn4K0,V2OuNTRI6ua
5972,pJfmRStn4K0,huBy3W5qiD2
5973,pJfmRStn4K0,F1rms8f9I9a
5974,pJfmRStn4K0,Crc5reUlspd
5975,pJfmRStn4K0,c7gvocRdg0f
5976,pJfmRStn4K0,u3CkZqMHfHP
5977,pJfmRStn4K0,dCKzhhINakS
5978,pJfmRStn4K0,XVHTeecEOM3
5979,z8PH9fxnA8H,zh2zAaHyYQx
5980,z8PH9fxnA8H,wDiX34aiw6i
5981,z8PH9fxnA8H,V2OuNTRI6ua
5982,z8PH9fxnA8H,huBy3W5qiD2
5983,z8PH9fxnA8H,F1rms8f9I9a
5984,z8PH9fxnA8H,Crc5reUlspd
5985,z8PH9fxnA8H,c7gvocRdg0f
5986,z8PH9fxnA8H,u3CkZqMHfHP
5987,z8PH9fxnA8H,dCKzhhINakS
5988,z8PH9fxnA8H,XVHTeecEOM3
5989,QSg7yh1zDvS,SgtJVRGlRIo
5990,QSg7yh1zDvS,nusEBjg8bes
5991,QSg7yh1zDvS,sHKK94BX2Rp
5992,QSg7yh1zDvS,kkV0Rfqo4Ru
5993,QSg7yh1zDvS,UKCxMVgAc2s
5994,QSg7yh1zDvS,WyNau0T37h4
5995,QSg7yh1zDvS,OhmzAkCmkjU
5996,QSg7yh1zDvS,oIxEDq59GUL
5997,QSg7yh1zDvS,DHWRwZkFHqc
5998,QSg7yh1zDvS,mJNtXTVt6T1
5999,FP3RqnpmLG6,zh2zAaHyYQx
6000,FP3RqnpmLG6,wDiX34aiw6i
6001,FP3RqnpmLG6,V2OuNTRI6ua
6002,FP3RqnpmLG6,huBy3W5qiD2
6003,FP3RqnpmLG6,F1rms8f9I9a
6004,FP3RqnpmLG6,Crc5reUlspd
6005,FP3RqnpmLG6,c7gvocRdg0f
6006,FP3RqnpmLG6,u3CkZqMHfHP
6007,FP3RqnpmLG6,dCKzhhINakS
6008,FP3RqnpmLG6,XVHTeecEOM3
6009,Fm32XKs7PMe,yabsZCXTQRM
6010,Fm32XKs7PMe,yWdrn6SiVZ9
6011,Fm32XKs7PMe,zLX9lB6eIHI
6012,Fm32XKs7PMe,C9j1R3XeUB3
6013,Fm32XKs7PMe,sBvVzuUN7ty
6014,Fm32XKs7PMe,JqdVRiI92bd
6015,Fm32XKs7PMe,tD3pn44uScE
6016,Fm32XKs7PMe,Mv9SNsGCT5e
6017,Fm32XKs7PMe,rU0HnmI7P8S
6018,Fm32XKs7PMe,pfXBcPz6khi
6019,yIHGXKS9toz,zh2zAaHyYQx
6020,yIHGXKS9toz,wDiX34aiw6i
6021,yIHGXKS9toz,V2OuNTRI6ua
6022,yIHGXKS9toz,huBy3W5qiD2
6023,yIHGXKS9toz,F1rms8f9I9a
6024,yIHGXKS9toz,Crc5reUlspd
6025,yIHGXKS9toz,c7gvocRdg0f
6026,yIHGXKS9toz,u3CkZqMHfHP
6027,yIHGXKS9toz,dCKzhhINakS
6028,yIHGXKS9toz,XVHTeecEOM3
6029,GI24Ne59gEr,zh2zAaHyYQx
6030,GI24Ne59gEr,wDiX34aiw6i
6031,GI24Ne59gEr,V2OuNTRI6ua
6032,GI24Ne59gEr,huBy3W5qiD2
6033,GI24Ne59gEr,F1rms8f9I9a
6034,GI24Ne59gEr,Crc5reUlspd
6035,GI24Ne59gEr,c7gvocRdg0f
6036,GI24Ne59gEr,u3CkZqMHfHP
6037,GI24Ne59gEr,dCKzhhINakS
6038,GI24Ne59gEr,XVHTeecEOM3
6039,iOfjzBlv7TQ,zh2zAaHyYQx
6040,iOfjzBlv7TQ,wDiX34aiw6i
6041,iOfjzBlv7TQ,V2OuNTRI6ua
6042,iOfjzBlv7TQ,huBy3W5qiD2
6043,iOfjzBlv7TQ,F1rms8f9I9a
6044,iOfjzBlv7TQ,Crc5reUlspd
6045,iOfjzBlv7TQ,c7gvocRdg0f
6046,iOfjzBlv7TQ,u3CkZqMHfHP
6047,iOfjzBlv7TQ,dCKzhhINakS
6048,iOfjzBlv7TQ,XVHTeecEOM3
6049,V9VrETz61yN,zh2zAaHyYQx
6050,V9VrETz61yN,wDiX34aiw6i
6051,V9VrETz61yN,V2OuNTRI6ua
6052,V9VrETz61yN,huBy3W5qiD2
6053,V9VrETz61yN,F1rms8f9I9a
6054,V9VrETz61yN,Crc5reUlspd
6055,V9VrETz61yN,c7gvocRdg0f
6056,V9VrETz61yN,u3CkZqMHfHP
6057,V9VrETz61yN,dCKzhhINakS
6058,V9VrETz61yN,XVHTeecEOM3
6059,pmWFBjlwnzD,yabsZCXTQRM
6060,pmWFBjlwnzD,yWdrn6SiVZ9
6061,pmWFBjlwnzD,zLX9lB6eIHI
6062,pmWFBjlwnzD,C9j1R3XeUB3
6063,pmWFBjlwnzD,sBvVzuUN7ty
6064,pmWFBjlwnzD,JqdVRiI92bd
6065,pmWFBjlwnzD,tD3pn44uScE
6066,pmWFBjlwnzD,Mv9SNsGCT5e
6067,pmWFBjlwnzD,rU0HnmI7P8S
6068,pmWFBjlwnzD,pfXBcPz6khi
6069,V6qtHkux6Io,zh2zAaHyYQx
6070,V6qtHkux6Io,wDiX34aiw6i
6071,V6qtHkux6Io,V2OuNTRI6ua
6072,V6qtHkux6Io,huBy3W5qiD2
6073,V6qtHkux6Io,F1rms8f9I9a
6074,V6qtHkux6Io,Crc5reUlspd
6075,V6qtHkux6Io,c7gvocRdg0f
6076,V6qtHkux6Io,u3CkZqMHfHP
6077,V6qtHkux6Io,dCKzhhINakS
6078,V6qtHkux6Io,XVHTeecEOM3
6079,aI4OdUoxKra,zh2zAaHyYQx
6080,aI4OdUoxKra,wDiX34aiw6i
6081,aI4OdUoxKra,V2OuNTRI6ua
6082,aI4OdUoxKra,huBy3W5qiD2
6083,aI4OdUoxKra,F1rms8f9I9a
6084,aI4OdUoxKra,Crc5reUlspd
6085,aI4OdUoxKra,c7gvocRdg0f
6086,aI4OdUoxKra,u3CkZqMHfHP
6087,aI4OdUoxKra,dCKzhhINakS
6088,aI4OdUoxKra,XVHTeecEOM3
6089,WcbLnnnthkM,WalQ4zu7RLz
6090,WcbLnnnthkM,r01f3QfmLJS
6091,WcbLnnnthkM,bmT820wlIV5
6092,WcbLnnnthkM,vrSTfWaEZfP
6093,WcbLnnnthkM,RKbp3GCvRrF
6094,WcbLnnnthkM,I28asEo67Mt
6095,hEN6XQYLSYT,r6izn2XFqEc
6096,hEN6XQYLSYT,NYHvlXEt4Ak
6097,hEN6XQYLSYT,A8rYH97KrsT
6098,hEN6XQYLSYT,GNNdPRsjO2n
6099,hEN6XQYLSYT,mtJPFOZgbxi
6100,hEN6XQYLSYT,VSQdmcsGlPJ
6101,hEN6XQYLSYT,cYqRrSx1FDh
6102,hEN6XQYLSYT,tNGX99SZlLN
6103,hEN6XQYLSYT,u5FiIkNknnZ
6104,hEN6XQYLSYT,J0tZbSIQgJh
6105,hEN6XQYLSYT,Yx9LGiAEzJI
6106,hEN6XQYLSYT,wgxsjUMb8Rw
6107,K1mTwJST57R,WalQ4zu7RLz
6108,K1mTwJST57R,r01f3QfmLJS
6109,K1mTwJST57R,bmT820wlIV5
6110,K1mTwJST57R,vrSTfWaEZfP
6111,K1mTwJST57R,RKbp3GCvRrF
6112,K1mTwJST57R,I28asEo67Mt
6113,t1XkqXU3TGp,zh2zAaHyYQx
6114,t1XkqXU3TGp,wDiX34aiw6i
6115,t1XkqXU3TGp,V2OuNTRI6ua
6116,t1XkqXU3TGp,huBy3W5qiD2
6117,t1XkqXU3TGp,F1rms8f9I9a
6118,t1XkqXU3TGp,Crc5reUlspd
6119,t1XkqXU3TGp,c7gvocRdg0f
6120,t1XkqXU3TGp,u3CkZqMHfHP
6121,t1XkqXU3TGp,dCKzhhINakS
6122,t1XkqXU3TGp,XVHTeecEOM3
6123,C74ipmVVinR,zh2zAaHyYQx
6124,C74ipmVVinR,wDiX34aiw6i
6125,C74ipmVVinR,V2OuNTRI6ua
6126,C74ipmVVinR,huBy3W5qiD2
6127,C74ipmVVinR,F1rms8f9I9a
6128,C74ipmVVinR,Crc5reUlspd
6129,C74ipmVVinR,c7gvocRdg0f
6130,C74ipmVVinR,u3CkZqMHfHP
6131,C74ipmVVinR,dCKzhhINakS
6132,C74ipmVVinR,XVHTeecEOM3
6133,PpXyHGXtbdL,WalQ4zu7RLz
6134,PpXyHGXtbdL,r01f3QfmLJS
6135,PpXyHGXtbdL,bmT820wlIV5
6136,PpXyHGXtbdL,vrSTfWaEZfP
6137,PpXyHGXtbdL,RKbp3GCvRrF
6138,PpXyHGXtbdL,I28asEo67Mt
6139,zJqxJwj1IYw,zh2zAaHyYQx
6140,zJqxJwj1IYw,wDiX34aiw6i
6141,zJqxJwj1IYw,V2OuNTRI6ua
6142,zJqxJwj1IYw,huBy3W5qiD2
6143,zJqxJwj1IYw,F1rms8f9I9a
6144,zJqxJwj1IYw,Crc5reUlspd
6145,zJqxJwj1IYw,c7gvocRdg0f
6146,zJqxJwj1IYw,u3CkZqMHfHP
6147,zJqxJwj1IYw,dCKzhhINakS
6148,zJqxJwj1IYw,XVHTeecEOM3
6149,MZnCe1GyUJ3,zh2zAaHyYQx
6150,MZnCe1GyUJ3,wDiX34aiw6i
6151,MZnCe1GyUJ3,V2OuNTRI6ua
6152,MZnCe1GyUJ3,huBy3W5qiD2
6153,MZnCe1GyUJ3,F1rms8f9I9a
6154,MZnCe1GyUJ3,Crc5reUlspd
6155,MZnCe1GyUJ3,c7gvocRdg0f
6156,MZnCe1GyUJ3,u3CkZqMHfHP
6157,MZnCe1GyUJ3,dCKzhhINakS
6158,MZnCe1GyUJ3,XVHTeecEOM3
6159,LKb1YnJQsWx,WalQ4zu7RLz
6160,LKb1YnJQsWx,r01f3QfmLJS
6161,LKb1YnJQsWx,bmT820wlIV5
6162,LKb1YnJQsWx,vrSTfWaEZfP
6163,LKb1YnJQsWx,RKbp3GCvRrF
6164,LKb1YnJQsWx,I28asEo67Mt
6165,g8X1akwQepA,zh2zAaHyYQx
6166,g8X1akwQepA,wDiX34aiw6i
6167,g8X1akwQepA,V2OuNTRI6ua
6168,g8X1akwQepA,huBy3W5qiD2
6169,g8X1akwQepA,F1rms8f9I9a
6170,g8X1akwQepA,Crc5reUlspd
6171,g8X1akwQepA,c7gvocRdg0f
6172,g8X1akwQepA,u3CkZqMHfHP
6173,g8X1akwQepA,dCKzhhINakS
6174,g8X1akwQepA,XVHTeecEOM3
6175,k5eI8TukQmh,zh2zAaHyYQx
6176,k5eI8TukQmh,wDiX34aiw6i
6177,k5eI8TukQmh,V2OuNTRI6ua
6178,k5eI8TukQmh,huBy3W5qiD2
6179,k5eI8TukQmh,F1rms8f9I9a
6180,k5eI8TukQmh,Crc5reUlspd
6181,k5eI8TukQmh,c7gvocRdg0f
6182,k5eI8TukQmh,u3CkZqMHfHP
6183,k5eI8TukQmh,dCKzhhINakS
6184,k5eI8TukQmh,XVHTeecEOM3
6185,d1tEiOfTaAX,zh2zAaHyYQx
6186,d1tEiOfTaAX,wDiX34aiw6i
6187,d1tEiOfTaAX,V2OuNTRI6ua
6188,d1tEiOfTaAX,huBy3W5qiD2
6189,d1tEiOfTaAX,F1rms8f9I9a
6190,d1tEiOfTaAX,Crc5reUlspd
6191,d1tEiOfTaAX,c7gvocRdg0f
6192,d1tEiOfTaAX,u3CkZqMHfHP
6193,d1tEiOfTaAX,dCKzhhINakS
6194,d1tEiOfTaAX,XVHTeecEOM3
6195,CT9vCaAAuDP,SM9d5ybWcr0
6196,CT9vCaAAuDP,H5MiomGgbbi
6197,CT9vCaAAuDP,OUPWAOZojRb
6198,Y2OsJGNmvvR,SM9d5ybWcr0
6199,Y2OsJGNmvvR,H5MiomGgbbi
6200,Y2OsJGNmvvR,OUPWAOZojRb
6201,G8JWrFN2Bt2,zh2zAaHyYQx
6202,G8JWrFN2Bt2,wDiX34aiw6i
6203,G8JWrFN2Bt2,V2OuNTRI6ua
6204,G8JWrFN2Bt2,huBy3W5qiD2
6205,G8JWrFN2Bt2,F1rms8f9I9a
6206,G8JWrFN2Bt2,Crc5reUlspd
6207,G8JWrFN2Bt2,c7gvocRdg0f
6208,G8JWrFN2Bt2,u3CkZqMHfHP
6209,G8JWrFN2Bt2,dCKzhhINakS
6210,G8JWrFN2Bt2,XVHTeecEOM3
6211,A0iiziMbyt1,zh2zAaHyYQx
6212,A0iiziMbyt1,wDiX34aiw6i
6213,A0iiziMbyt1,V2OuNTRI6ua
6214,A0iiziMbyt1,huBy3W5qiD2
6215,A0iiziMbyt1,F1rms8f9I9a
6216,A0iiziMbyt1,Crc5reUlspd
6217,A0iiziMbyt1,c7gvocRdg0f
6218,A0iiziMbyt1,u3CkZqMHfHP
6219,A0iiziMbyt1,dCKzhhINakS
6220,A0iiziMbyt1,XVHTeecEOM3
6221,dm8YiC5eEsh,zh2zAaHyYQx
6222,dm8YiC5eEsh,wDiX34aiw6i
6223,dm8YiC5eEsh,V2OuNTRI6ua
6224,dm8YiC5eEsh,huBy3W5qiD2
6225,dm8YiC5eEsh,F1rms8f9I9a
6226,dm8YiC5eEsh,Crc5reUlspd
6227,dm8YiC5eEsh,c7gvocRdg0f
6228,dm8YiC5eEsh,u3CkZqMHfHP
6229,dm8YiC5eEsh,dCKzhhINakS
6230,dm8YiC5eEsh,XVHTeecEOM3
6231,HCZEYPfoZ7r,zh2zAaHyYQx
6232,HCZEYPfoZ7r,wDiX34aiw6i
6233,HCZEYPfoZ7r,V2OuNTRI6ua
6234,HCZEYPfoZ7r,huBy3W5qiD2
6235,HCZEYPfoZ7r,F1rms8f9I9a
6236,HCZEYPfoZ7r,Crc5reUlspd
6237,HCZEYPfoZ7r,c7gvocRdg0f
6238,HCZEYPfoZ7r,u3CkZqMHfHP
6239,HCZEYPfoZ7r,dCKzhhINakS
6240,HCZEYPfoZ7r,XVHTeecEOM3
6241,Tf3LSnb1nxI,SgtJVRGlRIo
6242,Tf3LSnb1nxI,nusEBjg8bes
6243,Tf3LSnb1nxI,sHKK94BX2Rp
6244,Tf3LSnb1nxI,kkV0Rfqo4Ru
6245,Tf3LSnb1nxI,UKCxMVgAc2s
6246,Tf3LSnb1nxI,WyNau0T37h4
6247,Tf3LSnb1nxI,OhmzAkCmkjU
6248,Tf3LSnb1nxI,oIxEDq59GUL
6249,Tf3LSnb1nxI,DHWRwZkFHqc
6250,Tf3LSnb1nxI,mJNtXTVt6T1
6251,ZnJtg4XOHHt,zh2zAaHyYQx
6252,ZnJtg4XOHHt,wDiX34aiw6i
6253,ZnJtg4XOHHt,V2OuNTRI6ua
6254,ZnJtg4XOHHt,huBy3W5qiD2
6255,ZnJtg4XOHHt,F1rms8f9I9a
6256,ZnJtg4XOHHt,Crc5reUlspd
6257,ZnJtg4XOHHt,c7gvocRdg0f
6258,ZnJtg4XOHHt,u3CkZqMHfHP
6259,ZnJtg4XOHHt,dCKzhhINakS
6260,ZnJtg4XOHHt,XVHTeecEOM3
6261,FnAMWFQ1lVR,zh2zAaHyYQx
6262,FnAMWFQ1lVR,wDiX34aiw6i
6263,FnAMWFQ1lVR,V2OuNTRI6ua
6264,FnAMWFQ1lVR,huBy3W5qiD2
6265,FnAMWFQ1lVR,F1rms8f9I9a
6266,FnAMWFQ1lVR,Crc5reUlspd
6267,FnAMWFQ1lVR,c7gvocRdg0f
6268,FnAMWFQ1lVR,u3CkZqMHfHP
6269,FnAMWFQ1lVR,dCKzhhINakS
6270,FnAMWFQ1lVR,XVHTeecEOM3
6271,NYFr2rCIZY6,zh2zAaHyYQx
6272,NYFr2rCIZY6,wDiX34aiw6i
6273,NYFr2rCIZY6,V2OuNTRI6ua
6274,NYFr2rCIZY6,huBy3W5qiD2
6275,NYFr2rCIZY6,F1rms8f9I9a
6276,NYFr2rCIZY6,Crc5reUlspd
6277,NYFr2rCIZY6,c7gvocRdg0f
6278,NYFr2rCIZY6,u3CkZqMHfHP
6279,NYFr2rCIZY6,dCKzhhINakS
6280,NYFr2rCIZY6,XVHTeecEOM3
6281,QEyhMlJ6Mes,zh2zAaHyYQx
6282,QEyhMlJ6Mes,wDiX34aiw6i
6283,QEyhMlJ6Mes,V2OuNTRI6ua
6284,QEyhMlJ6Mes,huBy3W5qiD2
6285,QEyhMlJ6Mes,F1rms8f9I9a
6286,QEyhMlJ6Mes,Crc5reUlspd
6287,QEyhMlJ6Mes,c7gvocRdg0f
6288,QEyhMlJ6Mes,u3CkZqMHfHP
6289,QEyhMlJ6Mes,dCKzhhINakS
6290,QEyhMlJ6Mes,XVHTeecEOM3
6291,QDCFpLxdbJe,zh2zAaHyYQx
6292,QDCFpLxdbJe,wDiX34aiw6i
6293,QDCFpLxdbJe,V2OuNTRI6ua
6294,QDCFpLxdbJe,huBy3W5qiD2
6295,QDCFpLxdbJe,F1rms8f9I9a
6296,QDCFpLxdbJe,Crc5reUlspd
6297,QDCFpLxdbJe,c7gvocRdg0f
6298,QDCFpLxdbJe,u3CkZqMHfHP
6299,QDCFpLxdbJe,dCKzhhINakS
6300,QDCFpLxdbJe,XVHTeecEOM3
6301,MEzrkozwq3F,zh2zAaHyYQx
6302,MEzrkozwq3F,wDiX34aiw6i
6303,MEzrkozwq3F,V2OuNTRI6ua
6304,MEzrkozwq3F,huBy3W5qiD2
6305,MEzrkozwq3F,F1rms8f9I9a
6306,MEzrkozwq3F,Crc5reUlspd
6307,MEzrkozwq3F,c7gvocRdg0f
6308,MEzrkozwq3F,u3CkZqMHfHP
6309,MEzrkozwq3F,dCKzhhINakS
6310,MEzrkozwq3F,XVHTeecEOM3
6311,EjCnMPy3kFH,BqldZczQ7PN
6312,EjCnMPy3kFH,E4h75uHjJTN
6313,EjCnMPy3kFH,xucW4PZA2QF
6314,EjCnMPy3kFH,OIjqaVy2LsO
6315,EjCnMPy3kFH,omR5DttTJy0
6316,EjCnMPy3kFH,C0CvKvvvrMV
6317,EjCnMPy3kFH,QRNP5FrCs5G
6318,EjCnMPy3kFH,aX0wUexib7b
6319,EjCnMPy3kFH,CrvgFFCSlTm
6320,EjCnMPy3kFH,B6MavaLzIYy
6321,EjCnMPy3kFH,RauSck2b2k8
6322,EjCnMPy3kFH,vmBM00PCsWL
6323,EjCnMPy3kFH,lIu0CYDXMYl
6324,EjCnMPy3kFH,oQ1GYnDdJ3g
6325,EjCnMPy3kFH,T23CY3ePYOq
6326,EjCnMPy3kFH,uPtok4Bq5Je
6327,EjCnMPy3kFH,g5fNv6HkLqE
6328,EjCnMPy3kFH,sVouzJQWEEn
6329,EjCnMPy3kFH,ibBO4J3593S
6330,EjCnMPy3kFH,ZFfT0C4Kb6a
6331,EjCnMPy3kFH,CQHxaBjofRO
6332,EjCnMPy3kFH,peKGLavLLGp
6333,EjCnMPy3kFH,xbkS0YuW0qG
6334,EjCnMPy3kFH,a7dV9TNaB5c
6335,EjCnMPy3kFH,Ukv6ut3VzX3
6336,EjCnMPy3kFH,GgY4MIsNEaA
6337,EjCnMPy3kFH,mja3Upp43tZ
6338,EjCnMPy3kFH,v5CUr6x8XJb
6339,EjCnMPy3kFH,xBfSYkCUvTM
6340,EjCnMPy3kFH,j3TCGKoNMcZ
6341,EjCnMPy3kFH,PGZOJ6eIb98
6342,EjCnMPy3kFH,jHtwkvPaizE
6343,EjCnMPy3kFH,ZlreUe4uf11
6344,EjCnMPy3kFH,EnKysSuevAn
6345,EjCnMPy3kFH,qD0TdDRYfwl
6346,EjCnMPy3kFH,aZR452pTik3
6347,EjCnMPy3kFH,u8EjxXWgAHG
6348,EjCnMPy3kFH,EfRG7jMRfoM
6349,EjCnMPy3kFH,e0eWNRTMXz9
6350,EjCnMPy3kFH,eGVy8bGIhk4
6351,EjCnMPy3kFH,Pyqbzxs4DRc
6352,EjCnMPy3kFH,tNzXiVV325X
6353,EjCnMPy3kFH,Kzb4Cd1nJ2T
6354,EjCnMPy3kFH,N2bLRQPx3bI
6355,EjCnMPy3kFH,QtzWxxdkKyA
6356,EjCnMPy3kFH,PkPtgR6EwIk
6357,EjCnMPy3kFH,ClHQjQRTiaE
6358,EjCnMPy3kFH,KmD1TDeDWnK
6359,EjCnMPy3kFH,H4IKN9R2kS3
6360,EjCnMPy3kFH,LibPoD8tB7x
6361,EjCnMPy3kFH,QOgzvHFGI2Y
6362,EjCnMPy3kFH,BwxQkGVtPEC
6363,EjCnMPy3kFH,Ucqj9lmTKQp
6364,EjCnMPy3kFH,ql6GzmSwFA5
6365,EjCnMPy3kFH,xuwY8NQuTz2
6366,EjCnMPy3kFH,opdEQVwGeoA
6367,EjCnMPy3kFH,sMN10ZI6Hbb
6368,EjCnMPy3kFH,ZC2uMXHOJWm
6369,EjCnMPy3kFH,vlEBCe4H7GI
6370,EjCnMPy3kFH,vj8JqTt6Jk0
6371,EjCnMPy3kFH,zym2bbjR0zx
6372,EjCnMPy3kFH,PuhxbBkzwwd
6373,EjCnMPy3kFH,wQezaUXTOEF
6374,EjCnMPy3kFH,VwCaDE0NqG7
6375,EjCnMPy3kFH,CsSm6kRBkRE
6376,EjCnMPy3kFH,E5K1WDX2cwb
6377,EjCnMPy3kFH,xB9b6iUpCgi
6378,EjCnMPy3kFH,Gr8fBcGkBPG
6379,EjCnMPy3kFH,i7RqxxVpXVG
6380,EjCnMPy3kFH,gk4kFbMR2PX
6381,j1x725lhE2C,zh2zAaHyYQx
6382,j1x725lhE2C,wDiX34aiw6i
6383,j1x725lhE2C,V2OuNTRI6ua
6384,j1x725lhE2C,huBy3W5qiD2
6385,j1x725lhE2C,F1rms8f9I9a
6386,j1x725lhE2C,Crc5reUlspd
6387,j1x725lhE2C,c7gvocRdg0f
6388,j1x725lhE2C,u3CkZqMHfHP
6389,j1x725lhE2C,dCKzhhINakS
6390,j1x725lhE2C,XVHTeecEOM3
6391,MKPEYwJ172E,WalQ4zu7RLz
6392,MKPEYwJ172E,r01f3QfmLJS
6393,MKPEYwJ172E,bmT820wlIV5
6394,MKPEYwJ172E,vrSTfWaEZfP
6395,MKPEYwJ172E,RKbp3GCvRrF
6396,MKPEYwJ172E,I28asEo67Mt
6397,VsrJCcjEKxK,zh2zAaHyYQx
6398,VsrJCcjEKxK,wDiX34aiw6i
6399,VsrJCcjEKxK,V2OuNTRI6ua
6400,VsrJCcjEKxK,huBy3W5qiD2
6401,VsrJCcjEKxK,F1rms8f9I9a
6402,VsrJCcjEKxK,Crc5reUlspd
6403,VsrJCcjEKxK,c7gvocRdg0f
6404,VsrJCcjEKxK,u3CkZqMHfHP
6405,VsrJCcjEKxK,dCKzhhINakS
6406,VsrJCcjEKxK,XVHTeecEOM3
6407,VTCscm6DGR4,SgtJVRGlRIo
6408,VTCscm6DGR4,nusEBjg8bes
6409,VTCscm6DGR4,sHKK94BX2Rp
6410,VTCscm6DGR4,kkV0Rfqo4Ru
6411,VTCscm6DGR4,UKCxMVgAc2s
6412,VTCscm6DGR4,WyNau0T37h4
6413,VTCscm6DGR4,OhmzAkCmkjU
6414,VTCscm6DGR4,oIxEDq59GUL
6415,VTCscm6DGR4,DHWRwZkFHqc
6416,VTCscm6DGR4,mJNtXTVt6T1
