id,section_id,section_name,eafya_hmis_id,eafya_id,eafya_name,hmis_code,hmis_name,data_element_id,category_optioncombo_id,category_optioncombo_name,createdAt,updatedAt
1,1.1,Outpatient Attendnace,0,,,OA01,New attendance,sv6SeKroHPV,wDiX34aiw6i,"0-28Dys, Female",2025-06-14 12:31:53.170 +0300,2025-06-14 12:31:53.170 +0300
2,1.1,Outpatient Attendnace,0,,,OA01,New attendance,sv6SeKroHPV,zh2zAaHyYQx,"0-28Dys, Male",2025-06-14 12:31:53.170 +0300,2025-06-14 12:31:53.170 +0300
3,1.1,Outpatient Attendnace,0,,,OA01,New attendance,sv6SeKroHPV,u3CkZqMHfHP,"10-19Yrs, Female",2025-06-14 12:31:53.170 +0300,2025-06-14 12:31:53.170 +0300
4,1.1,Outpatient Attendnace,0,,,OA01,New attendance,sv6SeKroHPV,c7gvocRdg0f,"10-19Yrs, Male",2025-06-14 12:31:53.170 +0300,2025-06-14 12:31:53.170 +0300
5,1.1,Outpatient Attendnace,0,,,OA01,New attendance,sv6SeKroHPV,XVHTeecEOM3,"20+Yrs, Female",2025-06-14 12:31:53.170 +0300,2025-06-14 12:31:53.170 +0300
6,1.1,Outpatient Attendnace,0,,,OA01,New attendance,sv6SeKroHPV,dCKzhhINakS,"20+Yrs, Male",2025-06-14 12:31:53.170 +0300,2025-06-14 12:31:53.170 +0300
7,1.1,Outpatient Attendnace,0,,,OA01,New attendance,sv6SeKroHPV,huBy3W5qiD2,"29Dys-4Yrs, Female",2025-06-14 12:31:53.170 +0300,2025-06-14 12:31:53.170 +0300
8,1.1,Outpatient Attendnace,0,,,OA01,New attendance,sv6SeKroHPV,V2OuNTRI6ua,"29Dys-4Yrs, Male",2025-06-14 12:31:53.170 +0300,2025-06-14 12:31:53.170 +0300
9,1.1,Outpatient Attendnace,0,,,OA01,New attendance,sv6SeKroHPV,Crc5reUlspd,"5-9Yrs, Female",2025-06-14 12:31:53.170 +0300,2025-06-14 12:31:53.170 +0300
10,1.1,Outpatient Attendnace,0,,,OA01,New attendance,sv6SeKroHPV,F1rms8f9I9a,"5-9Yrs, Male",2025-06-14 12:31:53.170 +0300,2025-06-14 12:31:53.170 +0300
11,1.1,Outpatient Attendnace,0,,,OA02,Reattendance,sQ4EexvvhVe,wDiX34aiw6i,"0-28Dys, Female",2025-06-14 12:31:53.170 +0300,2025-06-14 12:31:53.170 +0300
12,1.1,Outpatient Attendnace,0,,,OA02,Reattendance,sQ4EexvvhVe,zh2zAaHyYQx,"0-28Dys, Male",2025-06-14 12:31:53.170 +0300,2025-06-14 12:31:53.170 +0300
13,1.1,Outpatient Attendnace,0,,,OA02,Reattendance,sQ4EexvvhVe,u3CkZqMHfHP,"10-19Yrs, Female",2025-06-14 12:31:53.170 +0300,2025-06-14 12:31:53.170 +0300
14,1.1,Outpatient Attendnace,0,,,OA02,Reattendance,sQ4EexvvhVe,c7gvocRdg0f,"10-19Yrs, Male",2025-06-14 12:31:53.170 +0300,2025-06-14 12:31:53.170 +0300
15,1.1,Outpatient Attendnace,0,,,OA02,Reattendance,sQ4EexvvhVe,XVHTeecEOM3,"20+Yrs, Female",2025-06-14 12:31:53.170 +0300,2025-06-14 12:31:53.170 +0300
16,1.1,Outpatient Attendnace,0,,,OA02,Reattendance,sQ4EexvvhVe,dCKzhhINakS,"20+Yrs, Male",2025-06-14 12:31:53.170 +0300,2025-06-14 12:31:53.170 +0300
17,1.1,Outpatient Attendnace,0,,,OA02,Reattendance,sQ4EexvvhVe,huBy3W5qiD2,"29Dys-4Yrs, Female",2025-06-14 12:31:53.170 +0300,2025-06-14 12:31:53.170 +0300
18,1.1,Outpatient Attendnace,0,,,OA02,Reattendance,sQ4EexvvhVe,V2OuNTRI6ua,"29Dys-4Yrs, Male",2025-06-14 12:31:53.170 +0300,2025-06-14 12:31:53.170 +0300
19,1.1,Outpatient Attendnace,0,,,OA02,Reattendance,sQ4EexvvhVe,Crc5reUlspd,"5-9Yrs, Female",2025-06-14 12:31:53.170 +0300,2025-06-14 12:31:53.170 +0300
20,1.1,Outpatient Attendnace,0,,,OA02,Reattendance,sQ4EexvvhVe,F1rms8f9I9a,"5-9Yrs, Male",2025-06-14 12:31:53.170 +0300,2025-06-14 12:31:53.170 +0300
21,1.2,Outpatient Referrals,0,,,OR01,Referrals to unit,vC9pW0FEvd2,wDiX34aiw6i,"0-28Dys, Female",2025-06-14 12:31:53.170 +0300,2025-06-14 12:31:53.170 +0300
22,1.2,Outpatient Referrals,0,,,OR01,Referrals to unit,vC9pW0FEvd2,zh2zAaHyYQx,"0-28Dys, Male",2025-06-14 12:31:53.170 +0300,2025-06-14 12:31:53.170 +0300
23,1.2,Outpatient Referrals,0,,,OR01,Referrals to unit,vC9pW0FEvd2,u3CkZqMHfHP,"10-19Yrs, Female",2025-06-14 12:31:53.170 +0300,2025-06-14 12:31:53.170 +0300
24,1.2,Outpatient Referrals,0,,,OR01,Referrals to unit,vC9pW0FEvd2,c7gvocRdg0f,"10-19Yrs, Male",2025-06-14 12:31:53.170 +0300,2025-06-14 12:31:53.170 +0300
25,1.2,Outpatient Referrals,0,,,OR01,Referrals to unit,vC9pW0FEvd2,XVHTeecEOM3,"20+Yrs, Female",2025-06-14 12:31:53.170 +0300,2025-06-14 12:31:53.170 +0300
26,1.2,Outpatient Referrals,0,,,OR01,Referrals to unit,vC9pW0FEvd2,dCKzhhINakS,"20+Yrs, Male",2025-06-14 12:31:53.170 +0300,2025-06-14 12:31:53.170 +0300
27,1.2,Outpatient Referrals,0,,,OR01,Referrals to unit,vC9pW0FEvd2,huBy3W5qiD2,"29Dys-4Yrs, Female",2025-06-14 12:31:53.170 +0300,2025-06-14 12:31:53.170 +0300
28,1.2,Outpatient Referrals,0,,,OR01,Referrals to unit,vC9pW0FEvd2,V2OuNTRI6ua,"29Dys-4Yrs, Male",2025-06-14 12:31:53.170 +0300,2025-06-14 12:31:53.170 +0300
29,1.2,Outpatient Referrals,0,,,OR01,Referrals to unit,vC9pW0FEvd2,Crc5reUlspd,"5-9Yrs, Female",2025-06-14 12:31:53.170 +0300,2025-06-14 12:31:53.170 +0300
30,1.2,Outpatient Referrals,0,,,OR01,Referrals to unit,vC9pW0FEvd2,F1rms8f9I9a,"5-9Yrs, Male",2025-06-14 12:31:53.170 +0300,2025-06-14 12:31:53.170 +0300
31,1.2,Outpatient Referrals,0,,,OR02 , Referrals from unit ,aU0n2RXwQJC,wDiX34aiw6i,"0-28Dys, Female",2025-06-14 12:31:53.170 +0300,2025-06-14 12:31:53.170 +0300
32,1.2,Outpatient Referrals,0,,,OR02 , Referrals from unit ,aU0n2RXwQJC,zh2zAaHyYQx,"0-28Dys, Male",2025-06-14 12:31:53.170 +0300,2025-06-14 12:31:53.170 +0300
33,1.2,Outpatient Referrals,0,,,OR02 , Referrals from unit ,aU0n2RXwQJC,u3CkZqMHfHP,"10-19Yrs, Female",2025-06-14 12:31:53.170 +0300,2025-06-14 12:31:53.170 +0300
34,1.2,Outpatient Referrals,0,,,OR02 , Referrals from unit ,aU0n2RXwQJC,c7gvocRdg0f,"10-19Yrs, Male",2025-06-14 12:31:53.170 +0300,2025-06-14 12:31:53.170 +0300
35,1.2,Outpatient Referrals,0,,,OR02 , Referrals from unit ,aU0n2RXwQJC,XVHTeecEOM3,"20+Yrs, Female",2025-06-14 12:31:53.170 +0300,2025-06-14 12:31:53.170 +0300
36,1.2,Outpatient Referrals,0,,,OR02 , Referrals from unit ,aU0n2RXwQJC,dCKzhhINakS,"20+Yrs, Male",2025-06-14 12:31:53.170 +0300,2025-06-14 12:31:53.170 +0300
37,1.2,Outpatient Referrals,0,,,OR02 , Referrals from unit ,aU0n2RXwQJC,huBy3W5qiD2,"29Dys-4Yrs, Female",2025-06-14 12:31:53.170 +0300,2025-06-14 12:31:53.170 +0300
38,1.2,Outpatient Referrals,0,,,OR02 , Referrals from unit ,aU0n2RXwQJC,V2OuNTRI6ua,"29Dys-4Yrs, Male",2025-06-14 12:31:53.170 +0300,2025-06-14 12:31:53.170 +0300
39,1.2,Outpatient Referrals,0,,,OR02 , Referrals from unit ,aU0n2RXwQJC,Crc5reUlspd,"5-9Yrs, Female",2025-06-14 12:31:53.170 +0300,2025-06-14 12:31:53.170 +0300
40,1.2,Outpatient Referrals,0,,,OR02 , Referrals from unit ,aU0n2RXwQJC,F1rms8f9I9a,"5-9Yrs, Male",2025-06-14 12:31:53.170 +0300,2025-06-14 12:31:53.170 +0300
4093,2.1,Antenatal,,,,AN17,Pregnant women newly tested for HIV (NEG & POS),uALBQG7TFhq,PwuKTzy4vLJ,15-19Yrs,2025-06-14 12:31:53.170 +0300,2025-06-14 12:31:53.170 +0300
4094,2.1,Antenatal,,,,AN17,Pregnant women newly tested for HIV (NEG & POS),uALBQG7TFhq,JtoaNPpY2BF,<15Yrs,2025-06-14 12:31:53.170 +0300,2025-06-14 12:31:53.170 +0300
4095,2.1,Antenatal,,,,AN17,Pregnant women newly tested for HIV (NEG & POS),uALBQG7TFhq,c9JPAeQh49R,20-24Yrs,2025-06-14 12:31:53.170 +0300,2025-06-14 12:31:53.170 +0300
4096,2.1,Antenatal,,,,AN17,Pregnant women newly tested for HIV (NEG & POS),uALBQG7TFhq,QGprPUGJp4N,25-49Yrs,2025-06-14 12:31:53.170 +0300,2025-06-14 12:31:53.170 +0300
4097,2.1,Antenatal,,,,AN17,Pregnant women newly tested for HIV (NEG & POS),uALBQG7TFhq,sxBbkmHxnBP,50+Yrs,2025-06-14 12:31:53.170 +0300,2025-06-14 12:31:53.170 +0300
4098,2.1,Antenatal,,,,AN17,Pregnant women newly tested for HIV (NEG & POS),JFFBnljIWTT,PwuKTzy4vLJ,15-19Yrs,2025-06-14 12:31:53.170 +0300,2025-06-14 12:31:53.170 +0300
4099,2.1,Antenatal,,,,AN17,Pregnant women newly tested for HIV (NEG & POS),JFFBnljIWTT,JtoaNPpY2BF,<15Yrs,2025-06-14 12:31:53.170 +0300,2025-06-14 12:31:53.170 +0300
4100,2.1,Antenatal,,,,AN17,Pregnant women newly tested for HIV (NEG & POS),JFFBnljIWTT,c9JPAeQh49R,20-24Yrs,2025-06-14 12:31:53.170 +0300,2025-06-14 12:31:53.170 +0300
4101,2.1,Antenatal,,,,AN17,Pregnant women newly tested for HIV (NEG & POS),JFFBnljIWTT,QGprPUGJp4N,25-49Yrs,2025-06-14 12:31:53.170 +0300,2025-06-14 12:31:53.170 +0300
4102,2.1,Antenatal,,,,AN17,Pregnant women newly tested for HIV (NEG & POS),JFFBnljIWTT,sxBbkmHxnBP,50+Yrs,2025-06-14 12:31:53.170 +0300,2025-06-14 12:31:53.170 +0300
4103,2.1,Antenatal,,,,AN18,Pregnant Women tested HIV POS (1st time this pregnancy),uzlQdD84jNj,PwuKTzy4vLJ,15-19Yrs,2025-06-14 12:31:53.170 +0300,2025-06-14 12:31:53.170 +0300
4104,2.1,Antenatal,,,,AN18,Pregnant Women tested HIV POS (1st time this pregnancy),uzlQdD84jNj,JtoaNPpY2BF,<15Yrs,2025-06-14 12:31:53.170 +0300,2025-06-14 12:31:53.170 +0300
4105,2.1,Antenatal,,,,AN18,Pregnant Women tested HIV POS (1st time this pregnancy),uzlQdD84jNj,c9JPAeQh49R,20-24Yrs,2025-06-14 12:31:53.170 +0300,2025-06-14 12:31:53.170 +0300
4106,2.1,Antenatal,,,,AN18,Pregnant Women tested HIV POS (1st time this pregnancy),uzlQdD84jNj,QGprPUGJp4N,25-49Yrs,2025-06-14 12:31:53.170 +0300,2025-06-14 12:31:53.170 +0300
4107,2.1,Antenatal,,,,AN18,Pregnant Women tested HIV POS (1st time this pregnancy),uzlQdD84jNj,sxBbkmHxnBP,50+Yrs,2025-06-14 12:31:53.170 +0300,2025-06-14 12:31:53.170 +0300
4108,2.1,Antenatal,,,,AN18,Pregnant Women tested HIV POS (1st time this pregnancy),wFmMiaWgMIU,PwuKTzy4vLJ,15-19Yrs,2025-06-14 12:31:53.170 +0300,2025-06-14 12:31:53.170 +0300
4109,2.1,Antenatal,,,,AN18,Pregnant Women tested HIV POS (1st time this pregnancy),wFmMiaWgMIU,JtoaNPpY2BF,<15Yrs,2025-06-14 12:31:53.170 +0300,2025-06-14 12:31:53.170 +0300
4110,2.1,Antenatal,,,,AN18,Pregnant Women tested HIV POS (1st time this pregnancy),wFmMiaWgMIU,c9JPAeQh49R,20-24Yrs,2025-06-14 12:31:53.170 +0300,2025-06-14 12:31:53.170 +0300
4111,2.1,Antenatal,,,,AN18,Pregnant Women tested HIV POS (1st time this pregnancy),wFmMiaWgMIU,QGprPUGJp4N,25-49Yrs,2025-06-14 12:31:53.170 +0300,2025-06-14 12:31:53.170 +0300
4112,2.1,Antenatal,,,,AN18,Pregnant Women tested HIV POS (1st time this pregnancy),wFmMiaWgMIU,sxBbkmHxnBP,50+Yrs,2025-06-14 12:31:53.170 +0300,2025-06-14 12:31:53.170 +0300
4113,2.1,Antenatal,,,,AN19,HIV+ Pregnant women assessed by CD4,sq6TGqoX9H0,PwuKTzy4vLJ,15-19Yrs,2025-06-14 12:31:53.170 +0300,2025-06-14 12:31:53.170 +0300
4114,2.1,Antenatal,,,,AN19,HIV+ Pregnant women assessed by CD5,sq6TGqoX9H0,JtoaNPpY2BF,<15Yrs,2025-06-14 12:31:53.170 +0300,2025-06-14 12:31:53.170 +0300
4115,2.1,Antenatal,,,,AN19,HIV+ Pregnant women assessed by CD6,sq6TGqoX9H0,c9JPAeQh49R,20-24Yrs,2025-06-14 12:31:53.170 +0300,2025-06-14 12:31:53.170 +0300
4116,2.1,Antenatal,,,,AN19,HIV+ Pregnant women assessed by CD7,sq6TGqoX9H0,QGprPUGJp4N,25-49Yrs,2025-06-14 12:31:53.170 +0300,2025-06-14 12:31:53.170 +0300
4117,2.1,Antenatal,,,,AN19,HIV+ Pregnant women assessed by CD8,sq6TGqoX9H0,sxBbkmHxnBP,50+Yrs,2025-06-14 12:31:53.170 +0300,2025-06-14 12:31:53.170 +0300
4118,2.1,Antenatal,,,,AN19,HIV+ Pregnant women assessed by CD9,sq6TGqoX9H0,HllvX50cXC0,default,2025-06-14 12:31:53.170 +0300,2025-06-14 12:31:53.170 +0300
4119,2.1,Antenatal,,,,AN19,HIV+ Pregnant women assessed by CD10,gO6V4EfyAgr,PwuKTzy4vLJ,15-19Yrs,2025-06-14 12:31:53.170 +0300,2025-06-14 12:31:53.170 +0300
4120,2.1,Antenatal,,,,AN19,HIV+ Pregnant women assessed by CD11,gO6V4EfyAgr,JtoaNPpY2BF,<15Yrs,2025-06-14 12:31:53.170 +0300,2025-06-14 12:31:53.170 +0300
4121,2.1,Antenatal,,,,AN19,HIV+ Pregnant women assessed by CD12,gO6V4EfyAgr,c9JPAeQh49R,20-24Yrs,2025-06-14 12:31:53.170 +0300,2025-06-14 12:31:53.170 +0300
4122,2.1,Antenatal,,,,AN19,HIV+ Pregnant women assessed by CD13,gO6V4EfyAgr,QGprPUGJp4N,25-49Yrs,2025-06-14 12:31:53.170 +0300,2025-06-14 12:31:53.170 +0300
4123,2.1,Antenatal,,,,AN19,HIV+ Pregnant women assessed by CD14,gO6V4EfyAgr,sxBbkmHxnBP,50+Yrs,2025-06-14 12:31:53.170 +0300,2025-06-14 12:31:53.170 +0300
4124,2.1,Antenatal,,,,AN20,HIV+ pregnant women initiated on ART/eMTCT,L4pwIgSDdG6,PwuKTzy4vLJ,15-19Yrs,2025-06-14 12:31:53.170 +0300,2025-06-14 12:31:53.170 +0300
4125,2.1,Antenatal,,,,AN20,HIV+ pregnant women initiated on ART/eMTCT,L4pwIgSDdG6,JtoaNPpY2BF,<15Yrs,2025-06-14 12:31:53.170 +0300,2025-06-14 12:31:53.170 +0300
4126,2.1,Antenatal,,,,AN20,HIV+ pregnant women initiated on ART/eMTCT,L4pwIgSDdG6,c9JPAeQh49R,20-24Yrs,2025-06-14 12:31:53.170 +0300,2025-06-14 12:31:53.170 +0300
4127,2.1,Antenatal,,,,AN20,HIV+ pregnant women initiated on ART/eMTCT,L4pwIgSDdG6,QGprPUGJp4N,25-49Yrs,2025-06-14 12:31:53.170 +0300,2025-06-14 12:31:53.170 +0300
4128,2.1,Antenatal,,,,AN20,HIV+ pregnant women initiated on ART/eMTCT,L4pwIgSDdG6,sxBbkmHxnBP,50+Yrs,2025-06-14 12:31:53.170 +0300,2025-06-14 12:31:53.170 +0300
4129,2.1,Antenatal,,,,AN20,HIV+ pregnant women initiated on ART/eMTCT,L4pwIgSDdG6,HllvX50cXC0,default,2025-06-14 12:31:53.170 +0300,2025-06-14 12:31:53.170 +0300
4130,2.1,Antenatal,,,,AN21,Pregnant Women who knew status before 1st ANC,rr3xZKoBXYt,UXuUvbgPqVc,"15-19Yrs, Negative",2025-06-14 12:31:53.170 +0300,2025-06-14 12:31:53.170 +0300
4131,2.1,Antenatal,,,,AN21,Pregnant Women who knew status before 1st ANC,rr3xZKoBXYt,BaWI6qkhScq,"15-19Yrs, Positive",2025-06-14 12:31:53.170 +0300,2025-06-14 12:31:53.170 +0300
4132,2.1,Antenatal,,,,AN21,Pregnant Women who knew status before 1st ANC,rr3xZKoBXYt,sM7n9AMlT5g,"<15Yrs, Negative",2025-06-14 12:31:53.170 +0300,2025-06-14 12:31:53.170 +0300
4133,2.1,Antenatal,,,,AN21,Pregnant Women who knew status before 1st ANC,rr3xZKoBXYt,H9qJO0yGTKz,"<15Yrs, Positive",2025-06-14 12:31:53.170 +0300,2025-06-14 12:31:53.170 +0300
4134,2.1,Antenatal,,,,AN21,Pregnant Women who knew status before 1st ANC,rr3xZKoBXYt,DXp1CZrZg7M,"20-24Yrs, Negative",2025-06-14 12:31:53.170 +0300,2025-06-14 12:31:53.170 +0300
4135,2.1,Antenatal,,,,AN21,Pregnant Women who knew status before 1st ANC,rr3xZKoBXYt,TvOOJYjd3iR,"20-24Yrs, Positive",2025-06-14 12:31:53.170 +0300,2025-06-14 12:31:53.170 +0300
4136,2.1,Antenatal,,,,AN21,Pregnant Women who knew status before 1st ANC,rr3xZKoBXYt,YFlzt691Hm8,"25-49Yrs, Negative",2025-06-14 12:31:53.170 +0300,2025-06-14 12:31:53.170 +0300
4137,2.1,Antenatal,,,,AN21,Pregnant Women who knew status before 1st ANC,rr3xZKoBXYt,nmvDqGogEyw,"25-49Yrs, Positive",2025-06-14 12:31:53.170 +0300,2025-06-14 12:31:53.170 +0300
4138,2.1,Antenatal,,,,AN21,Pregnant Women who knew status before 1st ANC,rr3xZKoBXYt,u6TZwW7LKHG,"50+Yrs, Negative",2025-06-14 12:31:53.170 +0300,2025-06-14 12:31:53.170 +0300
4139,2.1,Antenatal,,,,AN21,Pregnant Women who knew status before 1st ANC,rr3xZKoBXYt,fmyu6PJJeQW,"50+Yrs, Positive",2025-06-14 12:31:53.170 +0300,2025-06-14 12:31:53.170 +0300
4140,2.1,Antenatal,,,,AN21,Pregnant Women who knew status before 1st ANC,rr3xZKoBXYt,HllvX50cXC0,default,2025-06-14 12:31:53.170 +0300,2025-06-14 12:31:53.170 +0300
4141,2.1,Antenatal,,,,AN21,Pregnant Women who knew status before 1st ANC,b78oMBcC5R8,PwuKTzy4vLJ,15-19Yrs,2025-06-14 12:31:53.170 +0300,2025-06-14 12:31:53.170 +0300
4142,2.1,Antenatal,,,,AN21,Pregnant Women who knew status before 1st ANC,b78oMBcC5R8,JtoaNPpY2BF,<15Yrs,2025-06-14 12:31:53.170 +0300,2025-06-14 12:31:53.170 +0300
4143,2.1,Antenatal,,,,AN21,Pregnant Women who knew status before 1st ANC,b78oMBcC5R8,c9JPAeQh49R,20-24Yrs,2025-06-14 12:31:53.170 +0300,2025-06-14 12:31:53.170 +0300
4144,2.1,Antenatal,,,,AN21,Pregnant Women who knew status before 1st ANC,b78oMBcC5R8,QGprPUGJp4N,25-49Yrs,2025-06-14 12:31:53.170 +0300,2025-06-14 12:31:53.170 +0300
4145,2.1,Antenatal,,,,AN21,Pregnant Women who knew status before 1st ANC,b78oMBcC5R8,sxBbkmHxnBP,50+Yrs,2025-06-14 12:31:53.170 +0300,2025-06-14 12:31:53.170 +0300
4146,2.1,Antenatal,,,,AN22,Pregnant women who re-tested later in pregnancy,F9kTTMoE00R,UXuUvbgPqVc,"15-19Yrs, Negative",2025-06-14 12:31:53.170 +0300,2025-06-14 12:31:53.170 +0300
4147,2.1,Antenatal,,,,AN22,Pregnant women who re-tested later in pregnancy,F9kTTMoE00R,BaWI6qkhScq,"15-19Yrs, Positive",2025-06-14 12:31:53.170 +0300,2025-06-14 12:31:53.170 +0300
4148,2.1,Antenatal,,,,AN22,Pregnant women who re-tested later in pregnancy,F9kTTMoE00R,sM7n9AMlT5g,"<15Yrs, Negative",2025-06-14 12:31:53.170 +0300,2025-06-14 12:31:53.170 +0300
4149,2.1,Antenatal,,,,AN22,Pregnant women who re-tested later in pregnancy,F9kTTMoE00R,H9qJO0yGTKz,"<15Yrs, Positive",2025-06-14 12:31:53.170 +0300,2025-06-14 12:31:53.170 +0300
4150,2.1,Antenatal,,,,AN22,Pregnant women who re-tested later in pregnancy,F9kTTMoE00R,DXp1CZrZg7M,"20-24Yrs, Negative",2025-06-14 12:31:53.170 +0300,2025-06-14 12:31:53.170 +0300
4151,2.1,Antenatal,,,,AN22,Pregnant women who re-tested later in pregnancy,F9kTTMoE00R,TvOOJYjd3iR,"20-24Yrs, Positive",2025-06-14 12:31:53.170 +0300,2025-06-14 12:31:53.170 +0300
4152,2.1,Antenatal,,,,AN22,Pregnant women who re-tested later in pregnancy,F9kTTMoE00R,YFlzt691Hm8,"25-49Yrs, Negative",2025-06-14 12:31:53.170 +0300,2025-06-14 12:31:53.170 +0300
4153,2.1,Antenatal,,,,AN22,Pregnant women who re-tested later in pregnancy,F9kTTMoE00R,nmvDqGogEyw,"25-49Yrs, Positive",2025-06-14 12:31:53.170 +0300,2025-06-14 12:31:53.170 +0300
4154,2.1,Antenatal,,,,AN22,Pregnant women who re-tested later in pregnancy,F9kTTMoE00R,u6TZwW7LKHG,"50+Yrs, Negative",2025-06-14 12:31:53.170 +0300,2025-06-14 12:31:53.170 +0300
4155,2.1,Antenatal,,,,AN22,Pregnant women who re-tested later in pregnancy,F9kTTMoE00R,fmyu6PJJeQW,"50+Yrs, Positive",2025-06-14 12:31:53.170 +0300,2025-06-14 12:31:53.170 +0300
4156,2.1,Antenatal,,,,AN22,Pregnant women who re-tested later in pregnancy,F9kTTMoE00R,HllvX50cXC0,Pregnant women who re-tested later in pregnancy - Total,2025-06-14 12:31:53.170 +0300,2025-06-14 12:31:53.170 +0300
4157,2.1,Antenatal,,,,AN22,Pregnant women who re-tested later in pregnancy,Un1MGK9qAU1,HllvX50cXC0,Pregnant women who re-tested later in pregnancy - Total,2025-06-14 12:31:53.170 +0300,2025-06-14 12:31:53.170 +0300
4158,2.1,Antenatal,,,,AN23,HIV+ pregnant women-Viral Load Samples collected,Y0Gaon8coI0,HllvX50cXC0,Eligible for a Viral Load during the month,2025-06-14 12:31:53.170 +0300,2025-06-14 12:31:53.170 +0300
4159,2.1,Antenatal,,,,AN23,HIV+ pregnant women-Viral Load Samples collected,IZKuxgNUZY2,Kq56swi3KAi,"10-14Yrs
",2025-06-14 12:31:53.170 +0300,2025-06-14 12:31:53.170 +0300
4160,2.1,Antenatal,,,,AN23,HIV+ pregnant women-Viral Load Samples collected,IZKuxgNUZY2,oVc5PtW8IsH,"15-19Yrs 
",2025-06-14 12:31:53.170 +0300,2025-06-14 12:31:53.170 +0300
4161,2.1,Antenatal,,,,AN23,HIV+ pregnant women-Viral Load Samples collected,IZKuxgNUZY2,dqUlEsSUs8w,"20-24Yrs 
",2025-06-14 12:31:53.170 +0300,2025-06-14 12:31:53.170 +0300
4162,2.1,Antenatal,,,,AN23,HIV+ pregnant women-Viral Load Samples collected,IZKuxgNUZY2,xgiuSKF9lKY,"25-49Yrs 
",2025-06-14 12:31:53.170 +0300,2025-06-14 12:31:53.170 +0300
4163,2.1,Antenatal,,,,AN23,HIV+ pregnant women-Viral Load Samples collected,IZKuxgNUZY2,WQ8FzlyAWIM,"50+Yrs 
",2025-06-14 12:31:53.170 +0300,2025-06-14 12:31:53.170 +0300
4164,2.1,Antenatal,,,,AN23,HIV+ pregnant women-Viral Load Samples collected,IZKuxgNUZY2,HllvX50cXC0,"default 
",2025-06-14 12:31:53.170 +0300,2025-06-14 12:31:53.170 +0300
4165,2.1,Antenatal,,,,AN23,HIV+ pregnant women-Viral Load Suppressed,EyFiFBDoISI,Kq56swi3KAi,"10-14Yrs 
",2025-06-14 12:31:53.170 +0300,2025-06-14 12:31:53.170 +0300
4166,2.1,Antenatal,,,,AN23,HIV+ pregnant women-Viral Load Suppressed,EyFiFBDoISI,oVc5PtW8IsH,15-19Yrs ,2025-06-14 12:31:53.170 +0300,2025-06-14 12:31:53.170 +0300
4167,2.1,Antenatal,,,,AN23,HIV+ pregnant women-Viral Load Suppressed,EyFiFBDoISI,dqUlEsSUs8w,"20-24Yrs
",2025-06-14 12:31:53.170 +0300,2025-06-14 12:31:53.170 +0300
4168,2.1,Antenatal,,,,AN23,HIV+ pregnant women-Viral Load Suppressed,EyFiFBDoISI,xgiuSKF9lKY,"25-49Yrs 
",2025-06-14 12:31:53.170 +0300,2025-06-14 12:31:53.170 +0300
4169,2.1,Antenatal,,,,AN23,HIV+ pregnant women-Viral Load Suppressed,EyFiFBDoISI,WQ8FzlyAWIM,"50+Yrs 
",2025-06-14 12:31:53.170 +0300,2025-06-14 12:31:53.170 +0300
4170,2.1,Antenatal,,,,AN23,HIV+ pregnant women-Viral Load Suppressed,EyFiFBDoISI,HllvX50cXC0,"default 
",2025-06-14 12:31:53.170 +0300,2025-06-14 12:31:53.170 +0300
4171,2.1,Antenatal,,,,AN24,Pregnant women given self-testing kits for male partners,YJPups0RKU1,HllvX50cXC0,Total,2025-06-14 12:31:53.170 +0300,2025-06-14 12:31:53.170 +0300
4172,2.1,Antenatal,,,,AN24,Pregnant women given self-testing kits for male partners,hMqyyIjGaNj,HllvX50cXC0,Tests returned - NEG,2025-06-14 12:31:53.170 +0300,2025-06-14 12:31:53.170 +0300
4173,2.1,Antenatal,,,,AN24,Pregnant women given self-testing kits for male partners,hoCZiI7r0rE,HllvX50cXC0,Tests returned - POS,2025-06-14 12:31:53.170 +0300,2025-06-14 12:31:53.170 +0300
4174,2.1,Antenatal,,,,AN25,Male partners received HIV test results in eMTCT,RSWVr1a2ObB,E7OcV5dLNeV,Negative,2025-06-14 12:31:53.170 +0300,2025-06-14 12:31:53.170 +0300
4175,2.1,Antenatal,,,,AN25,Male partners received HIV test results in eMTCT,RSWVr1a2ObB,gqp69grjFaC,Positive,2025-06-14 12:31:53.170 +0300,2025-06-14 12:31:53.170 +0300
4176,2.1,Antenatal,,,,AN26,HIV+ Male partners initiated on ART in ANC,CHJ4TiPI77E,Uj3ZNV4ZYHr,Known,2025-06-14 12:31:53.170 +0300,2025-06-14 12:31:53.170 +0300
4177,2.1,Antenatal,,,,AN26,HIV+ Male partners initiated on ART in ANC,CHJ4TiPI77E,No9b4ifLZrj,New,2025-06-14 12:31:53.170 +0300,2025-06-14 12:31:53.170 +0300
4178,2.1,Antenatal,,,,AN27,No. of discordant couple identified in ANC,fpqDkJLzPhp,HllvX50cXC0,No. of discordant couple identified in ANC,2025-06-14 12:31:53.170 +0300,2025-06-14 12:31:53.170 +0300
4179,2.1,Antenatal,,,,AN29,"TB Screening for ANC Clients-Presumed to have TB
",tlCReAq4tXE,PwuKTzy4vLJ,15-19Yrs,2025-06-14 12:31:53.170 +0300,2025-06-14 12:31:53.170 +0300
4180,2.1,Antenatal,,,,AN29,"TB Screening for ANC Clients-Presumed to have TB
",tlCReAq4tXE,JtoaNPpY2BF,<15Yrs,2025-06-14 12:31:53.170 +0300,2025-06-14 12:31:53.170 +0300
4181,2.1,Antenatal,,,,AN29,"TB Screening for ANC Clients-Presumed to have TB
",tlCReAq4tXE,c9JPAeQh49R,20-24Yrs,2025-06-14 12:31:53.170 +0300,2025-06-14 12:31:53.170 +0300
4182,2.1,Antenatal,,,,AN29,"TB Screening for ANC Clients-Presumed to have TB
",tlCReAq4tXE,QGprPUGJp4N,25-49Yrs,2025-06-14 12:31:53.170 +0300,2025-06-14 12:31:53.170 +0300
4183,2.1,Antenatal,,,,AN29,"TB Screening for ANC Clients-Presumed to have TB
",tlCReAq4tXE,sxBbkmHxnBP,50+Yrs,2025-06-14 12:31:53.170 +0300,2025-06-14 12:31:53.170 +0300
4184,2.1,Antenatal,,,,AN29,"TB Screening for ANC Clients-Presumed to have TB
",tlCReAq4tXE,HllvX50cXC0,default,2025-06-14 12:31:53.170 +0300,2025-06-14 12:31:53.170 +0300
4185,2.1,Antenatal,,,,AN29,"TB Screening for ANC Clients-Diagnosed with TB
",JCM6Bf7sFdB,PwuKTzy4vLJ,15-19Yrs,2025-06-14 12:31:53.170 +0300,2025-06-14 12:31:53.170 +0300
4186,2.1,Antenatal,,,,AN29,"TB Screening for ANC Clients-Diagnosed with TB
",JCM6Bf7sFdB,JtoaNPpY2BF,<15Yrs,2025-06-14 12:31:53.170 +0300,2025-06-14 12:31:53.170 +0300
4187,2.1,Antenatal,,,,AN29,"TB Screening for ANC Clients-Diagnosed with TB
",JCM6Bf7sFdB,c9JPAeQh49R,20-24Yrs,2025-06-14 12:31:53.170 +0300,2025-06-14 12:31:53.170 +0300
4188,2.1,Antenatal,,,,AN29,"TB Screening for ANC Clients-Diagnosed with TB
",JCM6Bf7sFdB,QGprPUGJp4N,25-49Yrs,2025-06-14 12:31:53.170 +0300,2025-06-14 12:31:53.170 +0300
4189,2.1,Antenatal,,,,AN29,"TB Screening for ANC Clients-Diagnosed with TB
",JCM6Bf7sFdB,sxBbkmHxnBP,50+Yrs,2025-06-14 12:31:53.170 +0300,2025-06-14 12:31:53.170 +0300
4190,2.1,Antenatal,,,,AN29,"TB Screening for ANC Clients-Diagnosed with TB
",JCM6Bf7sFdB,HllvX50cXC0,default,2025-06-14 12:31:53.170 +0300,2025-06-14 12:31:53.170 +0300
4191,2.1,Antenatal,,,,AN30,HIV+ pregnant women given ARV prophylaxis for unborn infants,OAE0djM31JL,PwuKTzy4vLJ,15-19Yrs,2025-06-14 12:31:53.170 +0300,2025-06-14 12:31:53.170 +0300
4192,2.1,Antenatal,,,,AN30,HIV+ pregnant women given ARV prophylaxis for unborn infants,OAE0djM31JL,JtoaNPpY2BF,<15Yrs,2025-06-14 12:31:53.170 +0300,2025-06-14 12:31:53.170 +0300
4193,2.1,Antenatal,,,,AN30,HIV+ pregnant women given ARV prophylaxis for unborn infants,OAE0djM31JL,c9JPAeQh49R,20-24Yrs,2025-06-14 12:31:53.170 +0300,2025-06-14 12:31:53.170 +0300
4194,2.1,Antenatal,,,,AN30,HIV+ pregnant women given ARV prophylaxis for unborn infants,OAE0djM31JL,QGprPUGJp4N,25-49Yrs,2025-06-14 12:31:53.170 +0300,2025-06-14 12:31:53.170 +0300
4195,2.1,Antenatal,,,,AN30,HIV+ pregnant women given ARV prophylaxis for unborn infants,OAE0djM31JL,sxBbkmHxnBP,50+Yrs,2025-06-14 12:31:53.170 +0300,2025-06-14 12:31:53.170 +0300
4196,2.1,Antenatal,,,,AN30,HIV+ pregnant women given ARV prophylaxis for unborn infants,OAE0djM31JL,HllvX50cXC0,default,2025-06-14 12:31:53.170 +0300,2025-06-14 12:31:53.170 +0300
4197,2.1,Antenatal,,,,AN31,Male partners with known status at first ANC couple visit,trSb0o79D5U,E7OcV5dLNeV,Negative,2025-06-14 12:31:53.170 +0300,2025-06-14 12:31:53.170 +0300
4198,2.1,Antenatal,,,,AN31,Male partners with known status at first ANC couple visit,trSb0o79D5U,gqp69grjFaC,Positive,2025-06-14 12:31:53.170 +0300,2025-06-14 12:31:53.170 +0300
4199,2.1,Antenatal,,,,AN01,ANC 1st contacts/visits for women,uUYRrEU5iOB,PwuKTzy4vLJ,15-19Yrs,2025-06-14 12:31:53.170 +0300,2025-06-14 12:31:53.170 +0300
4200,2.1,Antenatal,,,,AN01,ANC 1st contacts/visits for women,uUYRrEU5iOB,JtoaNPpY2BF,<15Yrs,2025-06-14 12:31:53.170 +0300,2025-06-14 12:31:53.170 +0300
4201,2.1,Antenatal,,,,AN01,ANC 1st contacts/visits for women,uUYRrEU5iOB,c9JPAeQh49R,20-24Yrs,2025-06-14 12:31:53.170 +0300,2025-06-14 12:31:53.170 +0300
4202,2.1,Antenatal,,,,AN01,ANC 1st contacts/visits for women,uUYRrEU5iOB,QGprPUGJp4N,25-49Yrs,2025-06-14 12:31:53.170 +0300,2025-06-14 12:31:53.170 +0300
4203,2.1,Antenatal,,,,AN01,ANC 1st contacts/visits for women,uUYRrEU5iOB,sxBbkmHxnBP,50+Yrs,2025-06-14 12:31:53.170 +0300,2025-06-14 12:31:53.170 +0300
4204,2.1,Antenatal,,,,AN01,ANC 1st contacts/visits for women,uUYRrEU5iOB,HllvX50cXC0,default,2025-06-14 12:31:53.170 +0300,2025-06-14 12:31:53.170 +0300
4205,2.1,Antenatal,,,,AN02,ANC 4th contacts/visits for women,RnLOFSYaAhp,PwuKTzy4vLJ,15-19Yrs,2025-06-14 12:31:53.170 +0300,2025-06-14 12:31:53.170 +0300
4206,2.1,Antenatal,,,,AN02,ANC 4th contacts/visits for women,RnLOFSYaAhp,JtoaNPpY2BF,<15Yrs,2025-06-14 12:31:53.170 +0300,2025-06-14 12:31:53.170 +0300
4207,2.1,Antenatal,,,,AN02,ANC 4th contacts/visits for women,RnLOFSYaAhp,c9JPAeQh49R,20-24Yrs,2025-06-14 12:31:53.170 +0300,2025-06-14 12:31:53.170 +0300
4208,2.1,Antenatal,,,,AN02,ANC 4th contacts/visits for women,RnLOFSYaAhp,QGprPUGJp4N,25-49Yrs,2025-06-14 12:31:53.170 +0300,2025-06-14 12:31:53.170 +0300
4209,2.1,Antenatal,,,,AN02,ANC 4th contacts/visits for women,RnLOFSYaAhp,sxBbkmHxnBP,50+Yrs,2025-06-14 12:31:53.170 +0300,2025-06-14 12:31:53.170 +0300
4210,2.1,Antenatal,,,,AN03,ANC 8 contacts/visits for Women,xzZZOy6cmr8,PwuKTzy4vLJ,15-19Yrs,2025-06-14 12:31:53.170 +0300,2025-06-14 12:31:53.170 +0300
4211,2.1,Antenatal,,,,AN03,ANC 8 contacts/visits for Women,xzZZOy6cmr8,JtoaNPpY2BF,<15Yrs,2025-06-14 12:31:53.170 +0300,2025-06-14 12:31:53.170 +0300
4212,2.1,Antenatal,,,,AN03,ANC 8 contacts/visits for Women,xzZZOy6cmr8,c9JPAeQh49R,20-24Yrs,2025-06-14 12:31:53.170 +0300,2025-06-14 12:31:53.170 +0300
4213,2.1,Antenatal,,,,AN03,ANC 8 contacts/visits for Women,xzZZOy6cmr8,QGprPUGJp4N,25-49Yrs,2025-06-14 12:31:53.170 +0300,2025-06-14 12:31:53.170 +0300
4214,2.1,Antenatal,,,,AN03,ANC 8 contacts/visits for Women,xzZZOy6cmr8,sxBbkmHxnBP,50+Yrs,2025-06-14 12:31:53.170 +0300,2025-06-14 12:31:53.170 +0300
4215,2.1,Antenatal,,,,AN04,Total ANC contacts/visits,PaceRdSpmgy,PwuKTzy4vLJ,15-19Yrs,2025-06-14 12:31:53.170 +0300,2025-06-14 12:31:53.170 +0300
4216,2.1,Antenatal,,,,AN04,Total ANC contacts/visits,PaceRdSpmgy,JtoaNPpY2BF,<15Yrs,2025-06-14 12:31:53.170 +0300,2025-06-14 12:31:53.170 +0300
4217,2.1,Antenatal,,,,AN04,Total ANC contacts/visits,PaceRdSpmgy,c9JPAeQh49R,20-24Yrs,2025-06-14 12:31:53.170 +0300,2025-06-14 12:31:53.170 +0300
4218,2.1,Antenatal,,,,AN04,Total ANC contacts/visits,PaceRdSpmgy,QGprPUGJp4N,25-49Yrs,2025-06-14 12:31:53.170 +0300,2025-06-14 12:31:53.170 +0300
4219,2.1,Antenatal,,,,AN04,Total ANC contacts/visits,PaceRdSpmgy,sxBbkmHxnBP,50+Yrs,2025-06-14 12:31:53.170 +0300,2025-06-14 12:31:53.170 +0300
4220,2.1,Antenatal,,,,AN05,Referrals from community,YSqKuHTabCd,PwuKTzy4vLJ,15-19Yrs,2025-06-14 12:31:53.170 +0300,2025-06-14 12:31:53.170 +0300
4221,2.1,Antenatal,,,,AN05,Referrals from community,YSqKuHTabCd,JtoaNPpY2BF,<15Yrs,2025-06-14 12:31:53.170 +0300,2025-06-14 12:31:53.170 +0300
4222,2.1,Antenatal,,,,AN05,Referrals from community,YSqKuHTabCd,c9JPAeQh49R,20-24Yrs,2025-06-14 12:31:53.170 +0300,2025-06-14 12:31:53.170 +0300
4223,2.1,Antenatal,,,,AN05,Referrals from community,YSqKuHTabCd,QGprPUGJp4N,25-49Yrs,2025-06-14 12:31:53.170 +0300,2025-06-14 12:31:53.170 +0300
4224,2.1,Antenatal,,,,AN05,Referrals from community,YSqKuHTabCd,sxBbkmHxnBP,50+Yrs,2025-06-14 12:31:53.170 +0300,2025-06-14 12:31:53.170 +0300
4225,2.1,Antenatal,,,,AN05,Referrals from community,YSqKuHTabCd,HllvX50cXC0,default,2025-06-14 12:31:53.170 +0300,2025-06-14 12:31:53.170 +0300
4226,2.1,Antenatal,,,,AN06,No. of pregnant women who received IPT,W82iGPT6yKo,HllvX50cXC0,default,2025-06-14 12:31:53.170 +0300,2025-06-14 12:31:53.170 +0300
4227,2.1,Antenatal,,,,AN06,No. of pregnant women who received IPT,DuMMAbvDfjn,PwuKTzy4vLJ,15-19Yrs,2025-06-14 12:31:53.170 +0300,2025-06-14 12:31:53.170 +0300
4228,2.1,Antenatal,,,,AN06,No. of pregnant women who received IPT,DuMMAbvDfjn,JtoaNPpY2BF,<15Yrs,2025-06-14 12:31:53.170 +0300,2025-06-14 12:31:53.170 +0300
4229,2.1,Antenatal,,,,AN06,No. of pregnant women who received IPT,DuMMAbvDfjn,c9JPAeQh49R,20-24Yrs,2025-06-14 12:31:53.170 +0300,2025-06-14 12:31:53.170 +0300
4230,2.1,Antenatal,,,,AN06,No. of pregnant women who received IPT,DuMMAbvDfjn,QGprPUGJp4N,25-49Yrs,2025-06-14 12:31:53.170 +0300,2025-06-14 12:31:53.170 +0300
4231,2.1,Antenatal,,,,AN06,No. of pregnant women who received IPT,DuMMAbvDfjn,sxBbkmHxnBP,50+Yrs,2025-06-14 12:31:53.170 +0300,2025-06-14 12:31:53.170 +0300
4232,2.1,Antenatal,,,,AN07,No. of pregnant women tested for blood grouping,pINrjRslNhJ,HllvX50cXC0,Blood and Rhesus Group (O) - Rhesus(O+),2025-06-14 12:31:53.170 +0300,2025-06-14 12:31:53.170 +0300
4233,2.1,Antenatal,,,,AN07,No. of pregnant women tested for blood grouping,JEguqgKb8EF,HllvX50cXC0,No. of pregnant women who were tested for blood grouping - Blood Group (O) -Rhesus O-,2025-06-14 12:31:53.170 +0300,2025-06-14 12:31:53.170 +0300
4234,2.1,Antenatal,,,,AN07,No. of pregnant women tested for blood grouping,qum4x1wSYNE,HllvX50cXC0,Total ANC Referrals from unit,2025-06-14 12:31:53.170 +0300,2025-06-14 12:31:53.170 +0300
4235,2.1,Antenatal,,,,AN07,No. of pregnant women tested for blood grouping,hqGqG3XbnJm,HllvX50cXC0,Blood and Rhesus Group (A) - Rhesus(A+),2025-06-14 12:31:53.170 +0300,2025-06-14 12:31:53.170 +0300
4236,2.1,Antenatal,,,,AN07,No. of pregnant women tested for blood grouping,p6NMZyBI4UP,HllvX50cXC0,ANC Referrals from unit for mothers newly enrolled in MCH groups,2025-06-14 12:31:53.170 +0300,2025-06-14 12:31:53.170 +0300
4237,2.1,Antenatal,,,,AN07,No. of pregnant women tested for blood grouping,FozqVr5QFG2,HllvX50cXC0,No. of pregnant women who were tested for blood grouping - Blood Group (A) -Rhesus A-,2025-06-14 12:31:53.170 +0300,2025-06-14 12:31:53.170 +0300
4238,2.1,Antenatal,,,,AN07,No. of pregnant women tested for blood grouping,mSpP96joalJ,HllvX50cXC0,Blood and Rhesus Group (B) - Rhesus(B+),2025-06-14 12:31:53.170 +0300,2025-06-14 12:31:53.170 +0300
4239,2.1,Antenatal,,,,AN07,No. of pregnant women tested for blood grouping,t6bnhabqp9j,HllvX50cXC0,No. of pregnant women who were tested for blood grouping - Blood Group (B) -Rhesus B-,2025-06-14 12:31:53.170 +0300,2025-06-14 12:31:53.170 +0300
4240,2.1,Antenatal,,,,AN07,No. of pregnant women tested for blood grouping,zqCLVFtdnsF,HllvX50cXC0,Blood and Rhesus Group (AB) - Rhesus(AB+),2025-06-14 12:31:53.170 +0300,2025-06-14 12:31:53.170 +0300
4241,2.1,Antenatal,,,,AN07,No. of pregnant women tested for blood grouping,BSw2fU4pgcR,HllvX50cXC0,No. of pregnant women who were tested for blood grouping - Blood Group (AB) Rhesus AB-,2025-06-14 12:31:53.170 +0300,2025-06-14 12:31:53.170 +0300
4242,2.1,Antenatal,,,,AN08,No. of pregnant women tested for Anaemia (Hb Test at ANC 1st Visit),Y94ON8bFTQ8,PwuKTzy4vLJ,15-19Yrs,2025-06-14 12:31:53.170 +0300,2025-06-14 12:31:53.170 +0300
4243,2.1,Antenatal,,,,AN08,No. of pregnant women tested for Anaemia (Hb Test at ANC 1st Visit),Y94ON8bFTQ8,JtoaNPpY2BF,<15Yrs,2025-06-14 12:31:53.170 +0300,2025-06-14 12:31:53.170 +0300
4244,2.1,Antenatal,,,,AN08,No. of pregnant women tested for Anaemia (Hb Test at ANC 1st Visit),Y94ON8bFTQ8,c9JPAeQh49R,20-24Yrs,2025-06-14 12:31:53.170 +0300,2025-06-14 12:31:53.170 +0300
4245,2.1,Antenatal,,,,AN08,No. of pregnant women tested for Anaemia (Hb Test at ANC 1st Visit),Y94ON8bFTQ8,QGprPUGJp4N,25-49Yrs,2025-06-14 12:31:53.170 +0300,2025-06-14 12:31:53.170 +0300
4246,2.1,Antenatal,,,,AN08,No. of pregnant women tested for Anaemia (Hb Test at ANC 1st Visit),Y94ON8bFTQ8,sxBbkmHxnBP,50+Yrs,2025-06-14 12:31:53.170 +0300,2025-06-14 12:31:53.170 +0300
4247,2.1,Antenatal,,,,AN08,No. of pregnant women tested for Anaemia (Hb Test at ANC 1st Visit),Y94ON8bFTQ8,HllvX50cXC0,No. of pregnant women who were tested for Anaemia using Hb Test at ANC 1st Contact / visit,2025-06-14 12:31:53.170 +0300,2025-06-14 12:31:53.170 +0300
4248,2.1,Antenatal,,,,AN09,No. of pregnant women with Anaemia (Hb <10g/dl) at ANC 1st Visit,tWWiCNRnEFO,PwuKTzy4vLJ,15-19Yrs,2025-06-14 12:31:53.170 +0300,2025-06-14 12:31:53.170 +0300
4249,2.1,Antenatal,,,,AN09,No. of pregnant women with Anaemia (Hb <10g/dl) at ANC 1st Visit,tWWiCNRnEFO,JtoaNPpY2BF,<15Yrs,2025-06-14 12:31:53.170 +0300,2025-06-14 12:31:53.170 +0300
4250,2.1,Antenatal,,,,AN09,No. of pregnant women with Anaemia (Hb <10g/dl) at ANC 1st Visit,tWWiCNRnEFO,c9JPAeQh49R,20-24Yrs,2025-06-14 12:31:53.170 +0300,2025-06-14 12:31:53.170 +0300
4251,2.1,Antenatal,,,,AN09,No. of pregnant women with Anaemia (Hb <10g/dl) at ANC 1st Visit,tWWiCNRnEFO,QGprPUGJp4N,25-49Yrs,2025-06-14 12:31:53.170 +0300,2025-06-14 12:31:53.170 +0300
4252,2.1,Antenatal,,,,AN09,No. of pregnant women with Anaemia (Hb <10g/dl) at ANC 1st Visit,tWWiCNRnEFO,sxBbkmHxnBP,50+Yrs,2025-06-14 12:31:53.170 +0300,2025-06-14 12:31:53.170 +0300
4253,2.1,Antenatal,,,,AN09,No. of pregnant women with Anaemia (Hb <10g/dl) at ANC 1st Visit,tWWiCNRnEFO,HllvX50cXC0,No. of pregnant women with Anaemia (Hb <10g/dl) at ANC 1st Contact / visit,2025-06-14 12:31:53.170 +0300,2025-06-14 12:31:53.170 +0300
4254,2.1,Antenatal,,,,AN10,No. of pregnant women receiving at least 30 Tablets of ,gXwc3cpZbVz,PwuKTzy4vLJ,15-19Yrs,2025-06-14 12:31:53.170 +0300,2025-06-14 12:31:53.170 +0300
4255,2.1,Antenatal,,,,AN10,No. of pregnant women receiving at least 30 Tablets of ,gXwc3cpZbVz,JtoaNPpY2BF,<15Yrs,2025-06-14 12:31:53.170 +0300,2025-06-14 12:31:53.170 +0300
4256,2.1,Antenatal,,,,AN10,No. of pregnant women receiving at least 30 Tablets of ,gXwc3cpZbVz,c9JPAeQh49R,20-24Yrs,2025-06-14 12:31:53.170 +0300,2025-06-14 12:31:53.170 +0300
4257,2.1,Antenatal,,,,AN10,No. of pregnant women receiving at least 30 Tablets of ,gXwc3cpZbVz,QGprPUGJp4N,25-49Yrs,2025-06-14 12:31:53.170 +0300,2025-06-14 12:31:53.170 +0300
4258,2.1,Antenatal,,,,AN10,No. of pregnant women receiving at least 30 Tablets of ,gXwc3cpZbVz,sxBbkmHxnBP,50+Yrs,2025-06-14 12:31:53.170 +0300,2025-06-14 12:31:53.170 +0300
4259,2.1,Antenatal,,,,AN10,No. of pregnant women receiving at least 30 Tablets of ,nmpvshKHVV5,PwuKTzy4vLJ,15-19Yrs,2025-06-14 12:31:53.170 +0300,2025-06-14 12:31:53.170 +0300
4260,2.1,Antenatal,,,,AN10,No. of pregnant women receiving at least 30 Tablets of ,nmpvshKHVV5,JtoaNPpY2BF,<15Yrs,2025-06-14 12:31:53.170 +0300,2025-06-14 12:31:53.170 +0300
4261,2.1,Antenatal,,,,AN10,No. of pregnant women receiving at least 30 Tablets of ,nmpvshKHVV5,c9JPAeQh49R,20-24Yrs,2025-06-14 12:31:53.170 +0300,2025-06-14 12:31:53.170 +0300
4262,2.1,Antenatal,,,,AN10,No. of pregnant women receiving at least 30 Tablets of ,nmpvshKHVV5,QGprPUGJp4N,25-49Yrs,2025-06-14 12:31:53.170 +0300,2025-06-14 12:31:53.170 +0300
4263,2.1,Antenatal,,,,AN10,No. of pregnant women receiving at least 30 Tablets of ,nmpvshKHVV5,sxBbkmHxnBP,50+Yrs,2025-06-14 12:31:53.170 +0300,2025-06-14 12:31:53.170 +0300
4264,2.1,Antenatal,,,,AN11,Pregnant Women receiving LLINs at ANC 1st visit,KwdS7TztHf0,PwuKTzy4vLJ,15-19Yrs,2025-06-14 12:31:53.170 +0300,2025-06-14 12:31:53.170 +0300
4265,2.1,Antenatal,,,,AN11,Pregnant Women receiving LLINs at ANC 1st visit,KwdS7TztHf0,JtoaNPpY2BF,<15Yrs,2025-06-14 12:31:53.170 +0300,2025-06-14 12:31:53.170 +0300
4266,2.1,Antenatal,,,,AN11,Pregnant Women receiving LLINs at ANC 1st visit,KwdS7TztHf0,c9JPAeQh49R,20-24Yrs,2025-06-14 12:31:53.170 +0300,2025-06-14 12:31:53.170 +0300
4267,2.1,Antenatal,,,,AN11,Pregnant Women receiving LLINs at ANC 1st visit,KwdS7TztHf0,QGprPUGJp4N,25-49Yrs,2025-06-14 12:31:53.170 +0300,2025-06-14 12:31:53.170 +0300
4268,2.1,Antenatal,,,,AN11,Pregnant Women receiving LLINs at ANC 1st visit,KwdS7TztHf0,sxBbkmHxnBP,50+Yrs,2025-06-14 12:31:53.170 +0300,2025-06-14 12:31:53.170 +0300
4269,2.1,Antenatal,,,,AN11,Pregnant Women receiving LLINs at ANC 1st visit,KwdS7TztHf0,HllvX50cXC0,default,2025-06-14 12:31:53.170 +0300,2025-06-14 12:31:53.170 +0300
4270,2.1,Antenatal,,,,AN12,No. of pregnant women who received obstetric-ultrasound scan,KwdS7TztHf0,PwuKTzy4vLJ,15-19Yrs,2025-06-14 12:31:53.170 +0300,2025-06-14 12:31:53.170 +0300
4271,2.1,Antenatal,,,,AN12,No. of pregnant women who received obstetric-ultrasound scan,KwdS7TztHf0,JtoaNPpY2BF,<15Yrs,2025-06-14 12:31:53.170 +0300,2025-06-14 12:31:53.170 +0300
4272,2.1,Antenatal,,,,AN12,No. of pregnant women who received obstetric-ultrasound scan,KwdS7TztHf0,c9JPAeQh49R,20-24Yrs,2025-06-14 12:31:53.170 +0300,2025-06-14 12:31:53.170 +0300
4273,2.1,Antenatal,,,,AN12,No. of pregnant women who received obstetric-ultrasound scan,KwdS7TztHf0,QGprPUGJp4N,25-49Yrs,2025-06-14 12:31:53.170 +0300,2025-06-14 12:31:53.170 +0300
4274,2.1,Antenatal,,,,AN12,No. of pregnant women who received obstetric-ultrasound scan,KwdS7TztHf0,sxBbkmHxnBP,50+Yrs,2025-06-14 12:31:53.170 +0300,2025-06-14 12:31:53.170 +0300
4275,2.1,Antenatal,,,,AN12,No. of pregnant women who received obstetric-ultrasound scan,KwdS7TztHf0,HllvX50cXC0,Pregnant Women receiving LLINs at ANC 1st visit,2025-06-14 12:31:53.170 +0300,2025-06-14 12:31:53.170 +0300
4276,2.1,Antenatal,,,,AN12,No. of pregnant women who received obstetric-ultrasound scan,b2KqlfIjy95,PwuKTzy4vLJ,15-19Yrs,2025-06-14 12:31:53.170 +0300,2025-06-14 12:31:53.170 +0300
4277,2.1,Antenatal,,,,AN12,No. of pregnant women who received obstetric-ultrasound scan,b2KqlfIjy95,JtoaNPpY2BF,<15Yrs,2025-06-14 12:31:53.170 +0300,2025-06-14 12:31:53.170 +0300
4278,2.1,Antenatal,,,,AN12,No. of pregnant women who received obstetric-ultrasound scan,b2KqlfIjy95,c9JPAeQh49R,20-24Yrs,2025-06-14 12:31:53.170 +0300,2025-06-14 12:31:53.170 +0300
4279,2.1,Antenatal,,,,AN12,No. of pregnant women who received obstetric-ultrasound scan,b2KqlfIjy95,QGprPUGJp4N,25-49Yrs,2025-06-14 12:31:53.170 +0300,2025-06-14 12:31:53.170 +0300
4280,2.1,Antenatal,,,,AN12,No. of pregnant women who received obstetric-ultrasound scan,b2KqlfIjy95,sxBbkmHxnBP,50+Yrs,2025-06-14 12:31:53.170 +0300,2025-06-14 12:31:53.170 +0300
4281,2.1,Antenatal,,,,AN12,No. of pregnant women who received obstetric-ultrasound scan,b2KqlfIjy95,HllvX50cXC0,No. of pregnant women who received obstetric-ultra sound scan during any ANC visit in the reporting month,2025-06-14 12:31:53.170 +0300,2025-06-14 12:31:53.170 +0300
4282,2.1,Antenatal,,,,AN12,No. of pregnant women who received obstetric-ultrasound scan,o1WgIrJ0wY4,PwuKTzy4vLJ,15-19Yrs,2025-06-14 12:31:53.170 +0300,2025-06-14 12:31:53.170 +0300
4283,2.1,Antenatal,,,,AN12,No. of pregnant women who received obstetric-ultrasound scan,o1WgIrJ0wY4,JtoaNPpY2BF,<15Yrs,2025-06-14 12:31:53.170 +0300,2025-06-14 12:31:53.170 +0300
4284,2.1,Antenatal,,,,AN12,No. of pregnant women who received obstetric-ultrasound scan,o1WgIrJ0wY4,c9JPAeQh49R,20-24Yrs,2025-06-14 12:31:53.170 +0300,2025-06-14 12:31:53.170 +0300
4285,2.1,Antenatal,,,,AN12,No. of pregnant women who received obstetric-ultrasound scan,o1WgIrJ0wY4,QGprPUGJp4N,25-49Yrs,2025-06-14 12:31:53.170 +0300,2025-06-14 12:31:53.170 +0300
4286,2.1,Antenatal,,,,AN12,No. of pregnant women who received obstetric-ultrasound scan,o1WgIrJ0wY4,sxBbkmHxnBP,50+Yrs,2025-06-14 12:31:53.170 +0300,2025-06-14 12:31:53.170 +0300
4287,2.1,Antenatal,,,,AN12,No. of pregnant women who received obstetric-ultrasound scan,o1WgIrJ0wY4,HllvX50cXC0,No. of pregnant women who received obstetric-ultra sound scan during any ANC visit in the reporting month - No. done before 24 weeks of gestation,2025-06-14 12:31:53.170 +0300,2025-06-14 12:31:53.170 +0300
4288,2.1,Antenatal,,,,AN13,No. of pregnant women dewormed,R9fYo78aAYM,HllvX50cXC0,Blood and Rhesus Group (O) - Total,2025-06-14 12:31:53.170 +0300,2025-06-14 12:31:53.170 +0300
4289,2.1,Antenatal,,,,AN13,No. of pregnant women dewormed,ioJBfDxPLHi,HllvX50cXC0,Pregnant women dewormed or receiving mebendazole,2025-06-14 12:31:53.170 +0300,2025-06-14 12:31:53.170 +0300
4290,2.1,Antenatal,,,,AN14,Pregnant Women tested for syphilis,L73rUhmtF2M,HllvX50cXC0,Blood and Rhesus Group (A) - Total,2025-06-14 12:31:53.170 +0300,2025-06-14 12:31:53.170 +0300
4291,2.1,Antenatal,,,,AN14,Pregnant Women tested for syphilis,lWcF1YVckcA,HllvX50cXC0,Pregnant Women tested for syphilis - First time this pregnancy,2025-06-14 12:31:53.170 +0300,2025-06-14 12:31:53.170 +0300
4292,2.1,Antenatal,,,,AN14,Pregnant Women tested for syphilis,bBmnfOD3Yom,HllvX50cXC0,Pregnant Women tested for syphilis - Newly tested Positive,2025-06-14 12:31:53.170 +0300,2025-06-14 12:31:53.170 +0300
4293,2.1,Antenatal,,,,AN14,Pregnant Women tested for syphilis,GWvftludKFF,HllvX50cXC0,Pregnant Women tested for syphilis - Started on syphilis treatment,2025-06-14 12:31:53.170 +0300,2025-06-14 12:31:53.170 +0300
4294,2.1,Antenatal,,,,AN15,Male partner tested for syphilis,LR8HaTS7Mxt,HllvX50cXC0,Blood and Rhesus Group (B) - Total,2025-06-14 12:31:53.170 +0300,2025-06-14 12:31:53.170 +0300
4295,2.1,Antenatal,,,,AN15,Male partner tested for syphilis,vP5CjeYXgbB,HllvX50cXC0,Male partners tested for syphilis - Total Tested,2025-06-14 12:31:53.170 +0300,2025-06-14 12:31:53.170 +0300
4296,2.1,Antenatal,,,,AN15,Male partner tested for syphilis,qX9BvAXohYS,HllvX50cXC0,Male partners tested for syphilis - Tested Positive,2025-06-14 12:31:53.170 +0300,2025-06-14 12:31:53.170 +0300
4297,2.1,Antenatal,,,,AN16,No. Pregnant women tested for Hepatitis B,q1XwdDx28hT,HllvX50cXC0,Blood and Rhesus Group (AB) - Total,2025-06-14 12:31:53.170 +0300,2025-06-14 12:31:53.170 +0300
4298,2.1,Antenatal,,,,AN16,No. Pregnant women tested for Hepatitis B,aSlLg1v8apE,HllvX50cXC0,No. Pregnant women tested for Hepatitis B - Total Tested,2025-06-14 12:31:53.170 +0300,2025-06-14 12:31:53.170 +0300
4299,2.1,Antenatal,,,,AN16,No. Pregnant women tested for Hepatitis B,mhmGSvRwKlQ,HllvX50cXC0,No. Pregnant women tested for Hepatitis B - Tested Positive,2025-06-14 12:31:53.170 +0300,2025-06-14 12:31:53.170 +0300
4300,2.2,Maternity,,,,MA01,Admissions,JY0M7eC2N42,HllvX50cXC0,Admissions,2025-06-14 12:31:53.170 +0300,2025-06-14 12:31:53.170 +0300
4301,2.2,Maternity,,,,MA02,Referrals to maternity unit,AGmXoLiT89x,HllvX50cXC0,Referrals to maternity unit - Total,2025-06-14 12:31:53.170 +0300,2025-06-14 12:31:53.170 +0300
4302,2.2,Maternity,,,,MA02,Referrals to maternity unit,TMF6CkVvMuD,HllvX50cXC0,Referrals to maternity unit - From community,2025-06-14 12:31:53.170 +0300,2025-06-14 12:31:53.170 +0300
4303,2.2,Maternity,,,,MA03,Referrals from maternity,YNqGVS6GEyo,HllvX50cXC0,Referrals from maternity - Below 15 Years,2025-06-14 12:31:53.170 +0300,2025-06-14 12:31:53.170 +0300
4304,2.2,Maternity,,,,MA03,Referrals from maternity,YNqGVS6GEyo,HllvX50cXC0,Referrals from maternity - 15-19 Years,2025-06-14 12:31:53.170 +0300,2025-06-14 12:31:53.170 +0300
4305,2.2,Maternity,,,,MA03,Referrals from maternity,YNqGVS6GEyo,HllvX50cXC0,Referrals from maternity - 20-24 Years,2025-06-14 12:31:53.170 +0300,2025-06-14 12:31:53.170 +0300
4306,2.2,Maternity,,,,MA03,Referrals from maternity,YNqGVS6GEyo,HllvX50cXC0,Referrals from maternity- 25-49 Years,2025-06-14 12:31:53.170 +0300,2025-06-14 12:31:53.170 +0300
4307,2.2,Maternity,,,,MA03,Referrals from maternity,YNqGVS6GEyo,HllvX50cXC0,Referrals from maternity - 50+ Years,2025-06-14 12:31:53.170 +0300,2025-06-14 12:31:53.170 +0300
4308,2.2,Maternity,,,,MA04,Total deliveries in the unit,idXOxt69W0e,PwuKTzy4vLJ,15-19Yrs,2025-06-14 12:31:53.170 +0300,2025-06-14 12:31:53.170 +0300
4309,2.2,Maternity,,,,MA04,Total deliveries in the unit,idXOxt69W0e,JtoaNPpY2BF,<15Yrs,2025-06-14 12:31:53.170 +0300,2025-06-14 12:31:53.170 +0300
4310,2.2,Maternity,,,,MA04,Total deliveries in the unit,idXOxt69W0e,c9JPAeQh49R,20-24Yrs,2025-06-14 12:31:53.170 +0300,2025-06-14 12:31:53.170 +0300
4311,2.2,Maternity,,,,MA04,Total deliveries in the unit,idXOxt69W0e,QGprPUGJp4N,25-49Yrs,2025-06-14 12:31:53.170 +0300,2025-06-14 12:31:53.170 +0300
4312,2.2,Maternity,,,,MA04,Total deliveries in the unit,idXOxt69W0e,sxBbkmHxnBP,50+Yrs,2025-06-14 12:31:53.170 +0300,2025-06-14 12:31:53.170 +0300
4313,2.2,Maternity,,,,MA05a,Births in the unit - Live births,fEz9wGsA6YU,HllvX50cXC0, Births in the unit - Live births Total,2025-06-14 12:31:53.170 +0300,2025-06-14 12:31:53.170 +0300
4314,2.2,Maternity,,,,MA05a,Births in the unit - Live births,P1MyPWVxi5T,HllvX50cXC0,Births in the unit - Live births < 2.5 Kg,2025-06-14 12:31:53.170 +0300,2025-06-14 12:31:53.170 +0300
4315,2.2,Maternity,,,,MA05b,Births in the unit - Fresh still birth,T8W0wbzErSF,HllvX50cXC0, Fresh Still birth Total,2025-06-14 12:31:53.170 +0300,2025-06-14 12:31:53.170 +0300
4316,2.2,Maternity,,,,MA05b,Births in the unit - Fresh still birth,bl6lQqygEK1,HllvX50cXC0,Fresh Still birth < 2.5 Kg,2025-06-14 12:31:53.170 +0300,2025-06-14 12:31:53.170 +0300
4317,2.2,Maternity,,,,MA05c,Births in the unit - Macerated still birth,ULL9lX3DO7V,HllvX50cXC0,Macerated still birth Total,2025-06-14 12:31:53.170 +0300,2025-06-14 12:31:53.170 +0300
4318,2.2,Maternity,,,,MA05c,Births in the unit - Macerated still birth,MzqiroyuhJh,HllvX50cXC0,Macerated still birth < 2.5 Kg,2025-06-14 12:31:53.170 +0300,2025-06-14 12:31:53.170 +0300
4319,2.2,Maternity,,,,MA06,Mothers admitted with preterm labour,ggpPDJ3rI0X,HllvX50cXC0,Total Given Orthosteroids,2025-06-14 12:31:53.170 +0300,2025-06-14 12:31:53.170 +0300
4320,2.2,Maternity,,,,MA07,Pre-term births in the unit,ZxL2RoPyzOq,HllvX50cXC0,Total Alive,2025-06-14 12:31:53.170 +0300,2025-06-14 12:31:53.170 +0300
4321,2.2,Maternity,,,,MA08,No. of pre-term low birth weight babies (<2.5 Kg) initiated on kangaroo (KMC),X6rK1GHbLYp,HllvX50cXC0,No. of pre-term low birth weight babies (<2.5 Kg) initiated on kangaroo (KMC),2025-06-14 12:31:53.170 +0300,2025-06-14 12:31:53.170 +0300
4322,2.2,Maternity,,,,MA09,Live babies at discharge,H1oTelCAQry,HllvX50cXC0,Live babies at discharge,2025-06-14 12:31:53.170 +0300,2025-06-14 12:31:53.170 +0300
4323,2.2,Maternity,,,,MA10,No. of Babies received LLINs,hflXW2kyPa9,HllvX50cXC0,Babies received LLIN,2025-06-14 12:31:53.170 +0300,2025-06-14 12:31:53.170 +0300
4324,2.2,Maternity,,,,MA11,Total No. of Babies born with defects,vfpZ4FqOTwm,HllvX50cXC0,105-MA11a. Total number of Babies born with defects - Club Foot,2025-06-14 12:31:53.170 +0300,2025-06-14 12:31:53.170 +0300
4325,2.2,Maternity,,,,MA11,Total No. of Babies born with defects,sGxfXHTmRGN,HllvX50cXC0,105-MA11b. Total number of Babies born with defects - Other Defects,2025-06-14 12:31:53.170 +0300,2025-06-14 12:31:53.170 +0300
4326,2.2,Maternity,,,,MA12,Newborn deaths (0-7 days),hrTskGHP0Av,HllvX50cXC0,Newborn deaths (0-7 days),2025-06-14 12:31:53.170 +0300,2025-06-14 12:31:53.170 +0300
4327,2.2,Maternity,,,,MA13,Maternal deaths,F8Iz6QcexWB,PwuKTzy4vLJ,15-19Yrs,2025-06-14 12:31:53.170 +0300,2025-06-14 12:31:53.170 +0300
4328,2.2,Maternity,,,,MA13,Maternal deaths,F8Iz6QcexWB,JtoaNPpY2BF,<15Yrs,2025-06-14 12:31:53.170 +0300,2025-06-14 12:31:53.170 +0300
4329,2.2,Maternity,,,,MA13,Maternal deaths,F8Iz6QcexWB,c9JPAeQh49R,20-24Yrs,2025-06-14 12:31:53.170 +0300,2025-06-14 12:31:53.170 +0300
4330,2.2,Maternity,,,,MA13,Maternal deaths,F8Iz6QcexWB,QGprPUGJp4N,25-49Yrs,2025-06-14 12:31:53.170 +0300,2025-06-14 12:31:53.170 +0300
4331,2.2,Maternity,,,,MA13,Maternal deaths,F8Iz6QcexWB,sxBbkmHxnBP,50+Yrs,2025-06-14 12:31:53.170 +0300,2025-06-14 12:31:53.170 +0300
4332,2.2,Maternity,,,,MA14,No. of mothers who initiated breastfeeding within the 1st hour after delivery,XXZZbU4B2N3,HllvX50cXC0,Mothers who initiated breastfeeding within the 1st hour after delivery - Total,2025-06-14 12:31:53.170 +0300,2025-06-14 12:31:53.170 +0300
4333,2.2,Maternity,,,,MA14,No. of mothers who initiated breastfeeding within the 1st hour after delivery,PNG0YDb6dpy,HllvX50cXC0,Mothers who initiated breastfeeding within the 1st hour after delivery - HIV POS,2025-06-14 12:31:53.170 +0300,2025-06-14 12:31:53.170 +0300
4334,2.2,Maternity,,,,MA15,Women tested for HIV in labour 1st time this Pregnancy,AUfFbS7cWFd,HllvX50cXC0,Women tested for HIV in labour 1st time this Pregnancy - HIV+ (TRR),2025-06-14 12:31:53.170 +0300,2025-06-14 12:31:53.170 +0300
4335,2.2,Maternity,,,,MA15,Women tested for HIV in labour 1st time this Pregnancy,SPctnmpC7W6,HllvX50cXC0,Women tested for HIV in labour 1st time this Pregnancy - Total (TR & TRR),2025-06-14 12:31:53.170 +0300,2025-06-14 12:31:53.170 +0300
4336,2.2,Maternity,,,,MA15,Women tested for HIV in labour 1st time this Pregnancy,SPctnmpC7W6,E7OcV5dLNeV,Women tested for HIV in labour 1st time this Pregnancy - Total (TR & TRR),2025-06-14 12:31:53.170 +0300,2025-06-14 12:31:53.170 +0300
4337,2.2,Maternity,,,,MA15,Women tested for HIV in labour 1st time this Pregnancy,SPctnmpC7W6,gqp69grjFaC,Women tested for HIV in labour 1st time this Pregnancy - Total (TR & TRR),2025-06-14 12:31:53.170 +0300,2025-06-14 12:31:53.170 +0300
4338,2.2,Maternity,,,,MA17,HIV+ women initiating ART in maternity,KDoEmOjpYnL,HllvX50cXC0,HIV+ women initiating ART in maternity,2025-06-14 12:31:53.170 +0300,2025-06-14 12:31:53.170 +0300
4339,2.2,Maternity,,,,MA18,Male partners received HIV test results in the maternity setting,BlJQ2P6kkQi,HllvX50cXC0,Male partners received HIV test results in the maternity setting - HIV+ (TRR),2025-06-14 12:31:53.170 +0300,2025-06-14 12:31:53.170 +0300
4340,2.2,Maternity,,,,MA18,Male partners received HIV test results in the maternity setting,eHCrSEA2kSy,HllvX50cXC0,Male partners received HIV test results in the maternity setting - Total,2025-06-14 12:31:53.170 +0300,2025-06-14 12:31:53.170 +0300
4341,2.2,Maternity,,,,MA18,Male partners received HIV test results in the maternity setting,eHCrSEA2kSy,E7OcV5dLNeV,Male partners received HIV test results in the maternity setting - Total,2025-06-14 12:31:53.170 +0300,2025-06-14 12:31:53.170 +0300
4342,2.2,Maternity,,,,MA18,Male partners received HIV test results in the maternity setting,eHCrSEA2kSy,gqp69grjFaC,Male partners received HIV test results in the maternity setting - Total,2025-06-14 12:31:53.170 +0300,2025-06-14 12:31:53.170 +0300
4343,2.2,Maternity,,,,MA19,HIV+ male partners initiated on ART in the maternity setting,Z2baA5Kr5Uz,HllvX50cXC0,HIV+ male partners initiated on ART in the maternity setting,2025-06-14 12:31:53.170 +0300,2025-06-14 12:31:53.170 +0300
4344,2.2,Maternity,,,,MA20,No. of discordant couples identified in maternity,nLf9PdXCkDk,HllvX50cXC0,No. of discordant couples identified in maternity,2025-06-14 12:31:53.170 +0300,2025-06-14 12:31:53.170 +0300
4345,2.2,Maternity,,,,MA21,Deliveries to HIV+ women in unit,wOvonjgfh4b,HllvX50cXC0,Total Deliveries to HIV+ women in unit - Total,2025-06-14 12:31:53.170 +0300,2025-06-14 12:31:53.170 +0300
4346,2.2,Maternity,,,,MA21,Deliveries to HIV+ women in unit,jHUIBmkOBZs,HllvX50cXC0,Deliveries to HIV+ women in unit - Live births,2025-06-14 12:31:53.170 +0300,2025-06-14 12:31:53.170 +0300
4347,2.2,Maternity,,,,MA22,HIV Exposed infants given ARVs,OUGMxrtXxri,HllvX50cXC0,HIV Exposed infants given ARVs - Total,2025-06-14 12:31:53.170 +0300,2025-06-14 12:31:53.170 +0300
4348,2.2,Maternity,,,,MA22,HIV Exposed infants given ARVs,OUGMxrtXxri,HllvX50cXC0,HIV Exposed infants given ARVs - No. of high-risk infants,2025-06-14 12:31:53.170 +0300,2025-06-14 12:31:53.170 +0300
4349,2.2,Maternity,,,,MA23,No. of babies with Birth asphyxia,nnmOsAUssg9,HllvX50cXC0,No. of babies with Birth asphyxia,2025-06-14 12:31:53.170 +0300,2025-06-14 12:31:53.170 +0300
4350,2.2,Maternity,,,,MA24,No. of Live babies Successfully Resuscitated,h5qpxtCVwAp,HllvX50cXC0,No. of Live babies Successfully Resuscitated,2025-06-14 12:31:53.170 +0300,2025-06-14 12:31:53.170 +0300
4351,2.2,Maternity,,,,MA25,No. received PNC check at 6 hours after birth,VBN3wvLEZjW,HllvX50cXC0,Baby,2025-06-14 12:31:53.170 +0300,2025-06-14 12:31:53.170 +0300
4352,2.2,Maternity,,,,MA25,No. received PNC check at 6 hours after birth,UrX15EcK8BZ,HllvX50cXC0,Mother,2025-06-14 12:31:53.170 +0300,2025-06-14 12:31:53.170 +0300
4353,2.2,Maternity,,,,MA26,No. received PNC within 24 hours after birth,WaiJyDDNwE7,HllvX50cXC0,Baby,2025-06-14 12:31:53.170 +0300,2025-06-14 12:31:53.170 +0300
4354,2.2,Maternity,,,,MA26,No. received PNC within 24 hours after birth,wPrRIRfODlP,HllvX50cXC0,Mother,2025-06-14 12:31:53.170 +0300,2025-06-14 12:31:53.170 +0300
4355,2.2,Maternity,,,,MA27,No. of women who received Uterotonics in management of 3rd stage of labour,nA0w3UvRDpD,HllvX50cXC0,Oxytocin,2025-06-14 12:31:53.170 +0300,2025-06-14 12:31:53.170 +0300
4356,2.2,Maternity,,,,MA27,No. of women who received Uterotonics in management of 3rd stage of labour,IRfdGnNJzGW,HllvX50cXC0,Misoprostol,2025-06-14 12:31:53.170 +0300,2025-06-14 12:31:53.170 +0300
4357,2.2,Maternity,,,,MA27,No. of women who received Uterotonics in management of 3rd stage of labour,qBXjgpcV5zX,HllvX50cXC0,Heat stable Carbetocin,2025-06-14 12:31:53.170 +0300,2025-06-14 12:31:53.170 +0300
4358,2.2,Maternity,,,,MA27,No. of women who received Uterotonics in management of 3rd stage of labour,SxPXVqUFskM,HllvX50cXC0,Egometrine,2025-06-14 12:31:53.170 +0300,2025-06-14 12:31:53.170 +0300
4359,2.2,Maternity,,,,MA28,No. of women who received Uterotonics as treatment of post partum haemorrhage (PPH),PU4JyVtmAYY,HllvX50cXC0,Oxytocin,2025-06-14 12:31:53.170 +0300,2025-06-14 12:31:53.170 +0300
4360,2.2,Maternity,,,,MA28,No. of women who received Uterotonics as treatment of post partum haemorrhage (PPH),hawWpaDwa8v,HllvX50cXC0,Misoprostol,2025-06-14 12:31:53.170 +0300,2025-06-14 12:31:53.170 +0300
4361,2.2,Maternity,,,,MA28,No. of women who received Uterotonics as treatment of post partum haemorrhage (PPH),ziCT29DWKRC,HllvX50cXC0,Tranexamic,2025-06-14 12:31:53.170 +0300,2025-06-14 12:31:53.170 +0300
4362,2.2,Maternity,,,,MA28,No. of women who received Uterotonics as treatment of post partum haemorrhage (PPH),nTMjQrqEa8m,HllvX50cXC0,Ergometrine,2025-06-14 12:31:53.170 +0300,2025-06-14 12:31:53.170 +0300
4365,2.3,Postnatal,,,,PNO1,PostNatal Attendances,RYcEItpNCUp,YftbycyVKYC,6Wks,2025-06-14 12:31:53.170 +0300,2025-06-14 12:31:53.170 +0300
4363,2.3,Postnatal,,,,PNO1,PostNatal Attendances,RYcEItpNCUp,Ck8FveDhZSy,6Dys,2025-06-14 12:31:53.170 +0300,2025-06-14 12:31:53.170 +0300
4364,2.3,Postnatal,,,,PNO1,PostNatal Attendances,RYcEItpNCUp,tkvTY7b4tGg,6Mths,2025-06-14 12:31:53.170 +0300,2025-06-14 12:31:53.170 +0300
4366,2.3,Postnatal,,,,PNO2,Community referrals to PNC,m8sRWV8h3Z2,HllvX50cXC0,Community referrals to PNC,2025-06-14 12:31:53.170 +0300,2025-06-14 12:31:53.170 +0300
4367,2.3,Postnatal,,,,PN03,TB Screening for PNC Clients,T7yfGxRzCGs,PwuKTzy4vLJ,15-19Yrs,2025-06-14 12:31:53.170 +0300,2025-06-14 12:31:53.170 +0300
4368,2.3,Postnatal,,,,PN03,TB Screening for PNC Clients,T7yfGxRzCGs,JtoaNPpY2BF,<15Yrs,2025-06-14 12:31:53.170 +0300,2025-06-14 12:31:53.170 +0300
4369,2.3,Postnatal,,,,PN03,TB Screening for PNC Clients,T7yfGxRzCGs,c9JPAeQh49R,20-24Yrs,2025-06-14 12:31:53.170 +0300,2025-06-14 12:31:53.170 +0300
4370,2.3,Postnatal,,,,PN03,TB Screening for PNC Clients,T7yfGxRzCGs,QGprPUGJp4N,25-49Yrs,2025-06-14 12:31:53.170 +0300,2025-06-14 12:31:53.170 +0300
4371,2.3,Postnatal,,,,PN03,TB Screening for PNC Clients,T7yfGxRzCGs,sxBbkmHxnBP,50+Yrs,2025-06-14 12:31:53.170 +0300,2025-06-14 12:31:53.170 +0300
4372,2.3,Postnatal,,,,PN03,TB Screening for PNC Clients,Ex31WlJUSqs,PwuKTzy4vLJ,15-19Yrs,2025-06-14 12:31:53.170 +0300,2025-06-14 12:31:53.170 +0300
4373,2.3,Postnatal,,,,PN03,TB Screening for PNC Clients,Ex31WlJUSqs,JtoaNPpY2BF,<15Yrs,2025-06-14 12:31:53.170 +0300,2025-06-14 12:31:53.170 +0300
4374,2.3,Postnatal,,,,PN03,TB Screening for PNC Clients,Ex31WlJUSqs,c9JPAeQh49R,20-24Yrs,2025-06-14 12:31:53.170 +0300,2025-06-14 12:31:53.170 +0300
4375,2.3,Postnatal,,,,PN03,TB Screening for PNC Clients,Ex31WlJUSqs,QGprPUGJp4N,25-49Yrs,2025-06-14 12:31:53.170 +0300,2025-06-14 12:31:53.170 +0300
4376,2.3,Postnatal,,,,PN03,TB Screening for PNC Clients,Ex31WlJUSqs,sxBbkmHxnBP,50+Yrs,2025-06-14 12:31:53.170 +0300,2025-06-14 12:31:53.170 +0300
4377,2.3,Postnatal,,,,PN03,TB Screening for PNC Clients,SuoC1635LA8,PwuKTzy4vLJ,15-19Yrs,2025-06-14 12:31:53.170 +0300,2025-06-14 12:31:53.170 +0300
4378,2.3,Postnatal,,,,PN03,TB Screening for PNC Clients,SuoC1635LA8,JtoaNPpY2BF,<15Yrs,2025-06-14 12:31:53.170 +0300,2025-06-14 12:31:53.170 +0300
4379,2.3,Postnatal,,,,PN03,TB Screening for PNC Clients,SuoC1635LA8,c9JPAeQh49R,20-24Yrs,2025-06-14 12:31:53.170 +0300,2025-06-14 12:31:53.170 +0300
4380,2.3,Postnatal,,,,PN03,TB Screening for PNC Clients,SuoC1635LA8,QGprPUGJp4N,25-49Yrs,2025-06-14 12:31:53.170 +0300,2025-06-14 12:31:53.170 +0300
4381,2.3,Postnatal,,,,PN03,TB Screening for PNC Clients,SuoC1635LA8,sxBbkmHxnBP,50+Yrs,2025-06-14 12:31:53.170 +0300,2025-06-14 12:31:53.170 +0300
4382,2.3,Postnatal,,,,PNO4,Breast feeding mothers tested for HIV 1st time during Postnatal,L0kzvUuDu0M,HllvX50cXC0,Breast feeding mothers tested for HIV 1st time during Postnatal,2025-06-14 12:31:53.170 +0300,2025-06-14 12:31:53.170 +0300
4383,2.3,Postnatal,,,,PNO4,Breast feeding mothers tested for HIV 1st time during Postnatal,L0kzvUuDu0M,E7OcV5dLNeV,Negative,2025-06-14 12:31:53.170 +0300,2025-06-14 12:31:53.170 +0300
4384,2.3,Postnatal,,,,PNO4,Breast feeding mothers tested for HIV 1st time during Postnatal,L0kzvUuDu0M,gqp69grjFaC,Positive,2025-06-14 12:31:53.170 +0300,2025-06-14 12:31:53.170 +0300
4385,2.3,Postnatal,,,,PN05,Breastfeeding mothers re-tested for HIV during Postnatal,Bqwt1lhWVNY,HllvX50cXC0,Breastfeeding mothers re-tested for HIV during Postnatal,2025-06-14 12:31:53.170 +0300,2025-06-14 12:31:53.170 +0300
4386,2.3,Postnatal,,,,PN05,Breastfeeding mothers re-tested for HIV during Postnatal,Bqwt1lhWVNY,E7OcV5dLNeV,Negative,2025-06-14 12:31:53.170 +0300,2025-06-14 12:31:53.170 +0300
4387,2.3,Postnatal,,,,PN05,Breastfeeding mothers re-tested for HIV during Postnatal,Bqwt1lhWVNY,gqp69grjFaC,Positive,2025-06-14 12:31:53.170 +0300,2025-06-14 12:31:53.170 +0300
4388,2.3,Postnatal,,,,PN06,HIV+ women initiating ART in Postnatal,ctuIcyUKiHs,HllvX50cXC0,HIV+ women initiating ART in Postnatal,2025-06-14 12:31:53.170 +0300,2025-06-14 12:31:53.170 +0300
4389,2.3,Postnatal,,,,PN06,HIV+ women initiating ART in Postnatal,fYOmKMoV3Iq,HllvX50cXC0,HIV+ women initiating ART in Postnatal,2025-06-14 12:31:53.170 +0300,2025-06-14 12:31:53.170 +0300
4390,2.3,Postnatal,,,,PN06,HIV+ women initiating ART in Postnatal,BdXf0FPwUcX,HllvX50cXC0,HIV+ women initiating ART in Postnatal,2025-06-14 12:31:53.170 +0300,2025-06-14 12:31:53.170 +0300
4391,2.3,Postnatal,,,,PN06,HIV+ women initiating ART in Postnatal,kGC9MVJppnk,HllvX50cXC0,HIV+ women initiating ART in Postnatal,2025-06-14 12:31:53.170 +0300,2025-06-14 12:31:53.170 +0300
4392,2.3,Postnatal,,,,PN07,HIV+ breast feeding mothers newly enrolled in MCH groups,ctuIcyUKiHs,HllvX50cXC0,HIV+ breast feeding mothers newly enrolled in MCH groups,2025-06-14 12:31:53.170 +0300,2025-06-14 12:31:53.170 +0300
4393,2.3,Postnatal,,,,PN07,HIV+ breast feeding mothers newly enrolled in MCH groups,fYOmKMoV3Iq,HllvX50cXC0,HIV+ breast feeding mothers newly enrolled in MCH groups,2025-06-14 12:31:53.170 +0300,2025-06-14 12:31:53.170 +0300
4394,2.3,Postnatal,,,,PN07,HIV+ breast feeding mothers newly enrolled in MCH groups,BdXf0FPwUcX,HllvX50cXC0,HIV+ breast feeding mothers newly enrolled in MCH groups,2025-06-14 12:31:53.170 +0300,2025-06-14 12:31:53.170 +0300
4395,2.3,Postnatal,,,,PN07,HIV+ breast feeding mothers newly enrolled in MCH groups,kGC9MVJppnk,HllvX50cXC0,HIV+ breast feeding mothers newly enrolled in MCH groups,2025-06-14 12:31:53.170 +0300,2025-06-14 12:31:53.170 +0300
4396,2.3,Postnatal,,,,PN08,Mother-baby pairs enrolled at Mother-Baby care point,bVOnb8GrpHA,HllvX50cXC0,Mother-baby pairs enrolled at Mother-Baby care point - NEG,2025-06-14 12:31:53.170 +0300,2025-06-14 12:31:53.170 +0300
4397,2.3,Postnatal,,,,PN08,Mother-baby pairs enrolled at Mother-Baby care point,bVOnb8GrpHA,HllvX50cXC0,Mother-baby pairs enrolled at Mother-Baby care point - POS,2025-06-14 12:31:53.170 +0300,2025-06-14 12:31:53.170 +0300
4398,2.3,Postnatal,,,,PN09,Male partners received HIV test results in the postnatal setting,FEGgBZlxolM,HllvX50cXC0,Male partners received HIV test results in the postnatal setting,2025-06-14 12:31:53.170 +0300,2025-06-14 12:31:53.170 +0300
4399,2.3,Postnatal,,,,PN09,Male partners received HIV test results in the postnatal setting,KuJuECNX5PL,HllvX50cXC0,Male partners received HIV test results in the postnatal setting,2025-06-14 12:31:53.170 +0300,2025-06-14 12:31:53.170 +0300
4400,2.3,Postnatal,,,,PN09,Male partners received HIV test results in the postnatal setting,KuJuECNX5PL,E7OcV5dLNeV,Negative,2025-06-14 12:31:53.170 +0300,2025-06-14 12:31:53.170 +0300
4401,2.3,Postnatal,,,,PN09,Male partners received HIV test results in the postnatal setting,KuJuECNX5PL,gqp69grjFaC,Positive,2025-06-14 12:31:53.170 +0300,2025-06-14 12:31:53.170 +0300
4402,2.3,Postnatal,,,,PN10,HIV+ male partners initiated on ART in the postnatal setting,MhjBKi2d8uz,HllvX50cXC0,HIV+ male partners initiated on ART in the postnatal setting,2025-06-14 12:31:53.170 +0300,2025-06-14 12:31:53.170 +0300
4403,2.3,Postnatal,,,,PN11,Breast feeding mothers given self-testing kits for their male partners,qR5nmJekYKc,HllvX50cXC0,Breast feeding mothers given self-testing kits for their male partners,2025-06-14 12:31:53.170 +0300,2025-06-14 12:31:53.170 +0300
4404,2.3,Postnatal,,,,PN11,Breast feeding mothers given self-testing kits for their male partners,qR5nmJekYKc,HllvX50cXC0,Tests returned HIV POS,2025-06-14 12:31:53.170 +0300,2025-06-14 12:31:53.170 +0300
4405,2.3,Postnatal,,,,PN11,Breast feeding mothers given self-testing kits for their male partners,nFnWRksZmwa,HllvX50cXC0,Tests returned HIV NEG,2025-06-14 12:31:53.170 +0300,2025-06-14 12:31:53.170 +0300
4406,2.3,Postnatal,,,,PN12,No. of discordant couples identified in PNC,IgfY3xqa8An,HllvX50cXC0,No. of discordant couples identified in PNC,2025-06-14 12:31:53.170 +0300,2025-06-14 12:31:53.170 +0300
4407,2.3,Postnatal,,,,PN13,Cancer of the breast,eWYmABy3bIe,HllvX50cXC0,Clients screened for cancer of the breast,2025-06-14 12:31:53.170 +0300,2025-06-14 12:31:53.170 +0300
4408,2.3,Postnatal,,,,PN14,Cancer of the Cervix,X6G2WoGb4r3,HllvX50cXC0,Cervical Cancer Screening-Number with pre-malignant cancer of the cervix,2025-06-14 12:31:53.170 +0300,2025-06-14 12:31:53.170 +0300
4409,2.3,Postnatal,,,,PN14,Cancer of the Cervix,tA2bFyzLtwd,HllvX50cXC0,Clients screened for cancer of the cervix,2025-06-14 12:31:53.170 +0300,2025-06-14 12:31:53.170 +0300
4410,2.3,Postnatal,,,,PN15,Lactating mothers who received Nutritional assessment,TkPGLLgBpWR,HllvX50cXC0,Lactating mothers who received Nutritional assessment - Total,2025-06-14 12:31:53.170 +0300,2025-06-14 12:31:53.170 +0300
4411,2.3,Postnatal,,,,PN15,Lactating mothers who received Nutritional assessment,AAjeczxMEya,HllvX50cXC0,Lactating mothers who received Nutritional assessment-MAM & SAM,2025-06-14 12:31:53.170 +0300,2025-06-14 12:31:53.170 +0300
4412,2.3,Postnatal,,,,PN15,Lactating mothers who received Nutritional assessment,kVxxrDU9QrQ,HllvX50cXC0,Lactating mothers who received Nutritional assessment - HIV POS,2025-06-14 12:31:53.170 +0300,2025-06-14 12:31:53.170 +0300
4413,2.3,Postnatal,,,,PN16,Post-natal mothers who received Counselling,,,,2025-06-14 12:31:53.170 +0300,2025-06-14 12:31:53.170 +0300
41,1.3.1,Epidemic Prone Diseases,633,,,EP01a, Suspected Malaria (fever) ,JhvC7ZR9hUe,wDiX34aiw6i,"0-28Dys, Female",2025-06-14 12:31:53.170 +0300,2025-06-14 12:31:53.170 +0300
42,1.3.1,Epidemic Prone Diseases,633,,,EP01a, Suspected Malaria (fever) ,JhvC7ZR9hUe,zh2zAaHyYQx,"0-28Dys, Male",2025-06-14 12:31:53.170 +0300,2025-06-14 12:31:53.170 +0300
43,1.3.1,Epidemic Prone Diseases,633,,,EP01a, Suspected Malaria (fever) ,JhvC7ZR9hUe,u3CkZqMHfHP,"10-19Yrs, Female",2025-06-14 12:31:53.170 +0300,2025-06-14 12:31:53.170 +0300
44,1.3.1,Epidemic Prone Diseases,633,,,EP01a, Suspected Malaria (fever) ,JhvC7ZR9hUe,c7gvocRdg0f,"10-19Yrs, Male",2025-06-14 12:31:53.170 +0300,2025-06-14 12:31:53.170 +0300
45,1.3.1,Epidemic Prone Diseases,633,,,EP01a, Suspected Malaria (fever) ,JhvC7ZR9hUe,XVHTeecEOM3,"20+Yrs, Female",2025-06-14 12:31:53.170 +0300,2025-06-14 12:31:53.170 +0300
46,1.3.1,Epidemic Prone Diseases,633,,,EP01a, Suspected Malaria (fever) ,JhvC7ZR9hUe,dCKzhhINakS,"20+Yrs, Male",2025-06-14 12:31:53.170 +0300,2025-06-14 12:31:53.170 +0300
47,1.3.1,Epidemic Prone Diseases,633,,,EP01a, Suspected Malaria (fever) ,JhvC7ZR9hUe,huBy3W5qiD2,"29Dys-4Yrs, Female",2025-06-14 12:31:53.170 +0300,2025-06-14 12:31:53.170 +0300
48,1.3.1,Epidemic Prone Diseases,633,,,EP01a, Suspected Malaria (fever) ,JhvC7ZR9hUe,V2OuNTRI6ua,"29Dys-4Yrs, Male",2025-06-14 12:31:53.170 +0300,2025-06-14 12:31:53.170 +0300
49,1.3.1,Epidemic Prone Diseases,633,,,EP01a, Suspected Malaria (fever) ,JhvC7ZR9hUe,Crc5reUlspd,"5-9Yrs, Female",2025-06-14 12:31:53.170 +0300,2025-06-14 12:31:53.170 +0300
50,1.3.1,Epidemic Prone Diseases,633,,,EP01a, Suspected Malaria (fever) ,JhvC7ZR9hUe,F1rms8f9I9a,"5-9Yrs, Male",2025-06-14 12:31:53.170 +0300,2025-06-14 12:31:53.170 +0300
51,1.3.1,Epidemic Prone Diseases,157,,,EP01b, Malaria Tested (B/s & RDT)  ,D9A0afrTYPw,wDiX34aiw6i,"0-28Dys, Female",2025-06-14 12:31:53.170 +0300,2025-06-14 12:31:53.170 +0300
52,1.3.1,Epidemic Prone Diseases,157,,,EP01b, Malaria Tested (B/s & RDT)  ,D9A0afrTYPw,zh2zAaHyYQx,"0-28Dys, Male",2025-06-14 12:31:53.170 +0300,2025-06-14 12:31:53.170 +0300
53,1.3.1,Epidemic Prone Diseases,157,,,EP01b, Malaria Tested (B/s & RDT)  ,D9A0afrTYPw,u3CkZqMHfHP,"10-19Yrs, Female",2025-06-14 12:31:53.170 +0300,2025-06-14 12:31:53.170 +0300
54,1.3.1,Epidemic Prone Diseases,157,,,EP01b, Malaria Tested (B/s & RDT)  ,D9A0afrTYPw,c7gvocRdg0f,"10-19Yrs, Male",2025-06-14 12:31:53.170 +0300,2025-06-14 12:31:53.170 +0300
55,1.3.1,Epidemic Prone Diseases,157,,,EP01b, Malaria Tested (B/s & RDT)  ,D9A0afrTYPw,XVHTeecEOM3,"20+Yrs, Female",2025-06-14 12:31:53.170 +0300,2025-06-14 12:31:53.170 +0300
56,1.3.1,Epidemic Prone Diseases,157,,,EP01b, Malaria Tested (B/s & RDT)  ,D9A0afrTYPw,dCKzhhINakS,"20+Yrs, Male",2025-06-14 12:31:53.170 +0300,2025-06-14 12:31:53.170 +0300
57,1.3.1,Epidemic Prone Diseases,157,,,EP01b, Malaria Tested (B/s & RDT)  ,D9A0afrTYPw,huBy3W5qiD2,"29Dys-4Yrs, Female",2025-06-14 12:31:53.170 +0300,2025-06-14 12:31:53.170 +0300
58,1.3.1,Epidemic Prone Diseases,157,,,EP01b, Malaria Tested (B/s & RDT)  ,D9A0afrTYPw,V2OuNTRI6ua,"29Dys-4Yrs, Male",2025-06-14 12:31:53.170 +0300,2025-06-14 12:31:53.170 +0300
59,1.3.1,Epidemic Prone Diseases,157,,,EP01b, Malaria Tested (B/s & RDT)  ,D9A0afrTYPw,Crc5reUlspd,"5-9Yrs, Female",2025-06-14 12:31:53.170 +0300,2025-06-14 12:31:53.170 +0300
60,1.3.1,Epidemic Prone Diseases,157,,,EP01b, Malaria Tested (B/s & RDT)  ,D9A0afrTYPw,F1rms8f9I9a,"5-9Yrs, Male",2025-06-14 12:31:53.170 +0300,2025-06-14 12:31:53.170 +0300
61,1.3.1,Epidemic Prone Diseases,157,,,EP01b, Malaria Tested (B/s & RDT)  ,V6qtHkux6Io,wDiX34aiw6i,"0-28Dys, Female",2025-06-14 12:31:53.170 +0300,2025-06-14 12:31:53.170 +0300
62,1.3.1,Epidemic Prone Diseases,157,,,EP01b, Malaria Tested (B/s & RDT)  ,V6qtHkux6Io,zh2zAaHyYQx,"0-28Dys, Male",2025-06-14 12:31:53.170 +0300,2025-06-14 12:31:53.170 +0300
63,1.3.1,Epidemic Prone Diseases,157,,,EP01b, Malaria Tested (B/s & RDT)  ,V6qtHkux6Io,u3CkZqMHfHP,"10-19Yrs, Female",2025-06-14 12:31:53.170 +0300,2025-06-14 12:31:53.170 +0300
64,1.3.1,Epidemic Prone Diseases,157,,,EP01b, Malaria Tested (B/s & RDT)  ,V6qtHkux6Io,c7gvocRdg0f,"10-19Yrs, Male",2025-06-14 12:31:53.170 +0300,2025-06-14 12:31:53.170 +0300
65,1.3.1,Epidemic Prone Diseases,157,,,EP01b, Malaria Tested (B/s & RDT)  ,V6qtHkux6Io,XVHTeecEOM3,"20+Yrs, Female",2025-06-14 12:31:53.170 +0300,2025-06-14 12:31:53.170 +0300
66,1.3.1,Epidemic Prone Diseases,157,,,EP01b, Malaria Tested (B/s & RDT)  ,V6qtHkux6Io,dCKzhhINakS,"20+Yrs, Male",2025-06-14 12:31:53.170 +0300,2025-06-14 12:31:53.170 +0300
67,1.3.1,Epidemic Prone Diseases,157,,,EP01b, Malaria Tested (B/s & RDT)  ,V6qtHkux6Io,huBy3W5qiD2,"29Dys-4Yrs, Female",2025-06-14 12:31:53.170 +0300,2025-06-14 12:31:53.170 +0300
68,1.3.1,Epidemic Prone Diseases,157,,,EP01b, Malaria Tested (B/s & RDT)  ,V6qtHkux6Io,V2OuNTRI6ua,"29Dys-4Yrs, Male",2025-06-14 12:31:53.170 +0300,2025-06-14 12:31:53.170 +0300
69,1.3.1,Epidemic Prone Diseases,157,,,EP01b, Malaria Tested (B/s & RDT)  ,V6qtHkux6Io,Crc5reUlspd,"5-9Yrs, Female",2025-06-14 12:31:53.170 +0300,2025-06-14 12:31:53.170 +0300
70,1.3.1,Epidemic Prone Diseases,157,,,EP01b, Malaria Tested (B/s & RDT)  ,V6qtHkux6Io,F1rms8f9I9a,"5-9Yrs, Male",2025-06-14 12:31:53.170 +0300,2025-06-14 12:31:53.170 +0300
71,1.3.1,Epidemic Prone Diseases,158,,,EP01c, Malaria confirmed (B/s & RDT),wUDxFVBapIc,wDiX34aiw6i,"0-28Dys, Female",2025-06-14 12:31:53.170 +0300,2025-06-14 12:31:53.170 +0300
72,1.3.1,Epidemic Prone Diseases,158,,,EP01c, Malaria confirmed (B/s & RDT),wUDxFVBapIc,zh2zAaHyYQx,"0-28Dys, Male",2025-06-14 12:31:53.170 +0300,2025-06-14 12:31:53.170 +0300
73,1.3.1,Epidemic Prone Diseases,158,,,EP01c, Malaria confirmed (B/s & RDT),wUDxFVBapIc,u3CkZqMHfHP,"10-19Yrs, Female",2025-06-14 12:31:53.170 +0300,2025-06-14 12:31:53.170 +0300
74,1.3.1,Epidemic Prone Diseases,158,,,EP01c, Malaria confirmed (B/s & RDT),wUDxFVBapIc,c7gvocRdg0f,"10-19Yrs, Male",2025-06-14 12:31:53.170 +0300,2025-06-14 12:31:53.170 +0300
75,1.3.1,Epidemic Prone Diseases,158,,,EP01c, Malaria confirmed (B/s & RDT),wUDxFVBapIc,XVHTeecEOM3,"20+Yrs, Female",2025-06-14 12:31:53.170 +0300,2025-06-14 12:31:53.170 +0300
76,1.3.1,Epidemic Prone Diseases,158,,,EP01c, Malaria confirmed (B/s & RDT),wUDxFVBapIc,dCKzhhINakS,"20+Yrs, Male",2025-06-14 12:31:53.170 +0300,2025-06-14 12:31:53.170 +0300
77,1.3.1,Epidemic Prone Diseases,158,,,EP01c, Malaria confirmed (B/s & RDT),wUDxFVBapIc,huBy3W5qiD2,"29Dys-4Yrs, Female",2025-06-14 12:31:53.170 +0300,2025-06-14 12:31:53.170 +0300
78,1.3.1,Epidemic Prone Diseases,158,,,EP01c, Malaria confirmed (B/s & RDT),wUDxFVBapIc,V2OuNTRI6ua,"29Dys-4Yrs, Male",2025-06-14 12:31:53.170 +0300,2025-06-14 12:31:53.170 +0300
79,1.3.1,Epidemic Prone Diseases,158,,,EP01c, Malaria confirmed (B/s & RDT),wUDxFVBapIc,Crc5reUlspd,"5-9Yrs, Female",2025-06-14 12:31:53.170 +0300,2025-06-14 12:31:53.170 +0300
80,1.3.1,Epidemic Prone Diseases,158,,,EP01c, Malaria confirmed (B/s & RDT),wUDxFVBapIc,F1rms8f9I9a,"5-9Yrs, Male",2025-06-14 12:31:53.170 +0300,2025-06-14 12:31:53.170 +0300
81,1.3.1,Epidemic Prone Diseases,634,,,EP01d, Confirmed Malaria cases treated,VozjcVb9Fu8,wDiX34aiw6i,"0-28Dys, Female",2025-06-14 12:31:53.170 +0300,2025-06-14 12:31:53.170 +0300
82,1.3.1,Epidemic Prone Diseases,634,,,EP01d, Confirmed Malaria cases treated,VozjcVb9Fu8,zh2zAaHyYQx,"0-28Dys, Male",2025-06-14 12:31:53.170 +0300,2025-06-14 12:31:53.170 +0300
83,1.3.1,Epidemic Prone Diseases,634,,,EP01d, Confirmed Malaria cases treated,VozjcVb9Fu8,u3CkZqMHfHP,"10-19Yrs, Female",2025-06-14 12:31:53.170 +0300,2025-06-14 12:31:53.170 +0300
84,1.3.1,Epidemic Prone Diseases,634,,,EP01d, Confirmed Malaria cases treated,VozjcVb9Fu8,c7gvocRdg0f,"10-19Yrs, Male",2025-06-14 12:31:53.170 +0300,2025-06-14 12:31:53.170 +0300
85,1.3.1,Epidemic Prone Diseases,634,,,EP01d, Confirmed Malaria cases treated,VozjcVb9Fu8,XVHTeecEOM3,"20+Yrs, Female",2025-06-14 12:31:53.170 +0300,2025-06-14 12:31:53.170 +0300
86,1.3.1,Epidemic Prone Diseases,634,,,EP01d, Confirmed Malaria cases treated,VozjcVb9Fu8,dCKzhhINakS,"20+Yrs, Male",2025-06-14 12:31:53.170 +0300,2025-06-14 12:31:53.170 +0300
87,1.3.1,Epidemic Prone Diseases,634,,,EP01d, Confirmed Malaria cases treated,VozjcVb9Fu8,huBy3W5qiD2,"29Dys-4Yrs, Female",2025-06-14 12:31:53.170 +0300,2025-06-14 12:31:53.170 +0300
88,1.3.1,Epidemic Prone Diseases,634,,,EP01d, Confirmed Malaria cases treated,VozjcVb9Fu8,V2OuNTRI6ua,"29Dys-4Yrs, Male",2025-06-14 12:31:53.170 +0300,2025-06-14 12:31:53.170 +0300
89,1.3.1,Epidemic Prone Diseases,634,,,EP01d, Confirmed Malaria cases treated,VozjcVb9Fu8,Crc5reUlspd,"5-9Yrs, Female",2025-06-14 12:31:53.170 +0300,2025-06-14 12:31:53.170 +0300
90,1.3.1,Epidemic Prone Diseases,634,,,EP01d, Confirmed Malaria cases treated,VozjcVb9Fu8,F1rms8f9I9a,"5-9Yrs, Male",2025-06-14 12:31:53.170 +0300,2025-06-14 12:31:53.170 +0300
101,1.3.1,Epidemic Prone Diseases,152,,,EP02, Acute Flaccid Paralysis ,Z6yO7olyecs,wDiX34aiw6i,"0-28Dys, Female",2025-06-14 12:31:53.170 +0300,2025-06-14 12:31:53.170 +0300
102,1.3.1,Epidemic Prone Diseases,152,,,EP02, Acute Flaccid Paralysis ,Z6yO7olyecs,zh2zAaHyYQx,"0-28Dys, Male",2025-06-14 12:31:53.170 +0300,2025-06-14 12:31:53.170 +0300
103,1.3.1,Epidemic Prone Diseases,152,,,EP02, Acute Flaccid Paralysis ,Z6yO7olyecs,u3CkZqMHfHP,"10-19Yrs, Female",2025-06-14 12:31:53.170 +0300,2025-06-14 12:31:53.170 +0300
104,1.3.1,Epidemic Prone Diseases,152,,,EP02, Acute Flaccid Paralysis ,Z6yO7olyecs,c7gvocRdg0f,"10-19Yrs, Male",2025-06-14 12:31:53.170 +0300,2025-06-14 12:31:53.170 +0300
105,1.3.1,Epidemic Prone Diseases,152,,,EP02, Acute Flaccid Paralysis ,Z6yO7olyecs,XVHTeecEOM3,"20+Yrs, Female",2025-06-14 12:31:53.170 +0300,2025-06-14 12:31:53.170 +0300
106,1.3.1,Epidemic Prone Diseases,152,,,EP02, Acute Flaccid Paralysis ,Z6yO7olyecs,dCKzhhINakS,"20+Yrs, Male",2025-06-14 12:31:53.170 +0300,2025-06-14 12:31:53.170 +0300
107,1.3.1,Epidemic Prone Diseases,152,,,EP02, Acute Flaccid Paralysis ,Z6yO7olyecs,huBy3W5qiD2,"29Dys-4Yrs, Female",2025-06-14 12:31:53.170 +0300,2025-06-14 12:31:53.170 +0300
108,1.3.1,Epidemic Prone Diseases,152,,,EP02, Acute Flaccid Paralysis ,Z6yO7olyecs,V2OuNTRI6ua,"29Dys-4Yrs, Male",2025-06-14 12:31:53.170 +0300,2025-06-14 12:31:53.170 +0300
109,1.3.1,Epidemic Prone Diseases,152,,,EP02, Acute Flaccid Paralysis ,Z6yO7olyecs,Crc5reUlspd,"5-9Yrs, Female",2025-06-14 12:31:53.170 +0300,2025-06-14 12:31:53.170 +0300
110,1.3.1,Epidemic Prone Diseases,152,,,EP02, Acute Flaccid Paralysis ,Z6yO7olyecs,F1rms8f9I9a,"5-9Yrs, Male",2025-06-14 12:31:53.170 +0300,2025-06-14 12:31:53.170 +0300
111,1.3.1,Epidemic Prone Diseases,153,10814,Bitten or struck by dog,EP03,  Animal Bites (suspected rabies) ,Cd993CsXVlM,wDiX34aiw6i,"0-28Dys, Female",2025-06-14 12:31:53.170 +0300,2025-06-14 12:31:53.170 +0300
112,1.3.1,Epidemic Prone Diseases,153,10814,Bitten or struck by dog,EP03,  Animal Bites (suspected rabies) ,Cd993CsXVlM,zh2zAaHyYQx,"0-28Dys, Male",2025-06-14 12:31:53.170 +0300,2025-06-14 12:31:53.170 +0300
113,1.3.1,Epidemic Prone Diseases,153,10814,Bitten or struck by dog,EP03,  Animal Bites (suspected rabies) ,Cd993CsXVlM,u3CkZqMHfHP,"10-19Yrs, Female",2025-06-14 12:31:53.170 +0300,2025-06-14 12:31:53.170 +0300
114,1.3.1,Epidemic Prone Diseases,153,10814,Bitten or struck by dog,EP03,  Animal Bites (suspected rabies) ,Cd993CsXVlM,c7gvocRdg0f,"10-19Yrs, Male",2025-06-14 12:31:53.170 +0300,2025-06-14 12:31:53.170 +0300
115,1.3.1,Epidemic Prone Diseases,153,10814,Bitten or struck by dog,EP03,  Animal Bites (suspected rabies) ,Cd993CsXVlM,XVHTeecEOM3,"20+Yrs, Female",2025-06-14 12:31:53.170 +0300,2025-06-14 12:31:53.170 +0300
116,1.3.1,Epidemic Prone Diseases,153,10814,Bitten or struck by dog,EP03,  Animal Bites (suspected rabies) ,Cd993CsXVlM,dCKzhhINakS,"20+Yrs, Male",2025-06-14 12:31:53.170 +0300,2025-06-14 12:31:53.170 +0300
117,1.3.1,Epidemic Prone Diseases,153,10814,Bitten or struck by dog,EP03,  Animal Bites (suspected rabies) ,Cd993CsXVlM,huBy3W5qiD2,"29Dys-4Yrs, Female",2025-06-14 12:31:53.170 +0300,2025-06-14 12:31:53.170 +0300
118,1.3.1,Epidemic Prone Diseases,153,10814,Bitten or struck by dog,EP03,  Animal Bites (suspected rabies) ,Cd993CsXVlM,V2OuNTRI6ua,"29Dys-4Yrs, Male",2025-06-14 12:31:53.170 +0300,2025-06-14 12:31:53.170 +0300
119,1.3.1,Epidemic Prone Diseases,153,10814,Bitten or struck by dog,EP03,  Animal Bites (suspected rabies) ,Cd993CsXVlM,Crc5reUlspd,"5-9Yrs, Female",2025-06-14 12:31:53.170 +0300,2025-06-14 12:31:53.170 +0300
120,1.3.1,Epidemic Prone Diseases,153,10814,Bitten or struck by dog,EP03,  Animal Bites (suspected rabies) ,Cd993CsXVlM,F1rms8f9I9a,"5-9Yrs, Male",2025-06-14 12:31:53.170 +0300,2025-06-14 12:31:53.170 +0300
121,1.3.1,Epidemic Prone Diseases,154,,,EP04, Cholera,Kl7nvNSOvvF,wDiX34aiw6i,"0-28Dys, Female",2025-06-14 12:31:53.170 +0300,2025-06-14 12:31:53.170 +0300
122,1.3.1,Epidemic Prone Diseases,154,,,EP04, Cholera,Kl7nvNSOvvF,zh2zAaHyYQx,"0-28Dys, Male",2025-06-14 12:31:53.170 +0300,2025-06-14 12:31:53.170 +0300
123,1.3.1,Epidemic Prone Diseases,154,,,EP04, Cholera,Kl7nvNSOvvF,u3CkZqMHfHP,"10-19Yrs, Female",2025-06-14 12:31:53.170 +0300,2025-06-14 12:31:53.170 +0300
124,1.3.1,Epidemic Prone Diseases,154,,,EP04, Cholera,Kl7nvNSOvvF,c7gvocRdg0f,"10-19Yrs, Male",2025-06-14 12:31:53.170 +0300,2025-06-14 12:31:53.170 +0300
125,1.3.1,Epidemic Prone Diseases,154,,,EP04, Cholera,Kl7nvNSOvvF,XVHTeecEOM3,"20+Yrs, Female",2025-06-14 12:31:53.170 +0300,2025-06-14 12:31:53.170 +0300
126,1.3.1,Epidemic Prone Diseases,154,,,EP04, Cholera,Kl7nvNSOvvF,dCKzhhINakS,"20+Yrs, Male",2025-06-14 12:31:53.170 +0300,2025-06-14 12:31:53.170 +0300
127,1.3.1,Epidemic Prone Diseases,154,,,EP04, Cholera,Kl7nvNSOvvF,huBy3W5qiD2,"29Dys-4Yrs, Female",2025-06-14 12:31:53.170 +0300,2025-06-14 12:31:53.170 +0300
128,1.3.1,Epidemic Prone Diseases,154,,,EP04, Cholera,Kl7nvNSOvvF,V2OuNTRI6ua,"29Dys-4Yrs, Male",2025-06-14 12:31:53.170 +0300,2025-06-14 12:31:53.170 +0300
129,1.3.1,Epidemic Prone Diseases,154,,,EP04, Cholera,Kl7nvNSOvvF,Crc5reUlspd,"5-9Yrs, Female",2025-06-14 12:31:53.170 +0300,2025-06-14 12:31:53.170 +0300
130,1.3.1,Epidemic Prone Diseases,154,,,EP04, Cholera,Kl7nvNSOvvF,F1rms8f9I9a,"5-9Yrs, Male",2025-06-14 12:31:53.170 +0300,2025-06-14 12:31:53.170 +0300
131,1.3.1,Epidemic Prone Diseases,155,44,Acute amoebic dysentery,EP05,Dysentery,QgHSEKZAkiI,wDiX34aiw6i,"0-28Dys, Female",2025-06-14 12:31:53.170 +0300,2025-06-14 12:31:53.170 +0300
132,1.3.1,Epidemic Prone Diseases,155,44,Acute amoebic dysentery,EP05,Dysentery,QgHSEKZAkiI,zh2zAaHyYQx,"0-28Dys, Male",2025-06-14 12:31:53.170 +0300,2025-06-14 12:31:53.170 +0300
133,1.3.1,Epidemic Prone Diseases,155,44,Acute amoebic dysentery,EP05,Dysentery,QgHSEKZAkiI,u3CkZqMHfHP,"10-19Yrs, Female",2025-06-14 12:31:53.170 +0300,2025-06-14 12:31:53.170 +0300
134,1.3.1,Epidemic Prone Diseases,155,44,Acute amoebic dysentery,EP05,Dysentery,QgHSEKZAkiI,c7gvocRdg0f,"10-19Yrs, Male",2025-06-14 12:31:53.170 +0300,2025-06-14 12:31:53.170 +0300
135,1.3.1,Epidemic Prone Diseases,155,44,Acute amoebic dysentery,EP05,Dysentery,QgHSEKZAkiI,XVHTeecEOM3,"20+Yrs, Female",2025-06-14 12:31:53.170 +0300,2025-06-14 12:31:53.170 +0300
136,1.3.1,Epidemic Prone Diseases,155,44,Acute amoebic dysentery,EP05,Dysentery,QgHSEKZAkiI,dCKzhhINakS,"20+Yrs, Male",2025-06-14 12:31:53.170 +0300,2025-06-14 12:31:53.170 +0300
137,1.3.1,Epidemic Prone Diseases,155,44,Acute amoebic dysentery,EP05,Dysentery,QgHSEKZAkiI,huBy3W5qiD2,"29Dys-4Yrs, Female",2025-06-14 12:31:53.170 +0300,2025-06-14 12:31:53.170 +0300
138,1.3.1,Epidemic Prone Diseases,155,44,Acute amoebic dysentery,EP05,Dysentery,QgHSEKZAkiI,V2OuNTRI6ua,"29Dys-4Yrs, Male",2025-06-14 12:31:53.170 +0300,2025-06-14 12:31:53.170 +0300
139,1.3.1,Epidemic Prone Diseases,155,44,Acute amoebic dysentery,EP05,Dysentery,QgHSEKZAkiI,Crc5reUlspd,"5-9Yrs, Female",2025-06-14 12:31:53.170 +0300,2025-06-14 12:31:53.170 +0300
140,1.3.1,Epidemic Prone Diseases,155,44,Acute amoebic dysentery,EP05,Dysentery,QgHSEKZAkiI,F1rms8f9I9a,"5-9Yrs, Male",2025-06-14 12:31:53.170 +0300,2025-06-14 12:31:53.170 +0300
141,1.3.1,Epidemic Prone Diseases,156,801,Dracunculiasis,EP06,Guinea Worm     ,MZnCe1GyUJ3,wDiX34aiw6i,"0-28Dys, Female",2025-06-14 12:31:53.170 +0300,2025-06-14 12:31:53.170 +0300
142,1.3.1,Epidemic Prone Diseases,156,801,Dracunculiasis,EP06,Guinea Worm     ,MZnCe1GyUJ3,zh2zAaHyYQx,"0-28Dys, Male",2025-06-14 12:31:53.170 +0300,2025-06-14 12:31:53.170 +0300
143,1.3.1,Epidemic Prone Diseases,156,801,Dracunculiasis,EP06,Guinea Worm     ,MZnCe1GyUJ3,u3CkZqMHfHP,"10-19Yrs, Female",2025-06-14 12:31:53.170 +0300,2025-06-14 12:31:53.170 +0300
144,1.3.1,Epidemic Prone Diseases,156,801,Dracunculiasis,EP06,Guinea Worm     ,MZnCe1GyUJ3,c7gvocRdg0f,"10-19Yrs, Male",2025-06-14 12:31:53.170 +0300,2025-06-14 12:31:53.170 +0300
145,1.3.1,Epidemic Prone Diseases,156,801,Dracunculiasis,EP06,Guinea Worm     ,MZnCe1GyUJ3,XVHTeecEOM3,"20+Yrs, Female",2025-06-14 12:31:53.170 +0300,2025-06-14 12:31:53.170 +0300
146,1.3.1,Epidemic Prone Diseases,156,801,Dracunculiasis,EP06,Guinea Worm     ,MZnCe1GyUJ3,dCKzhhINakS,"20+Yrs, Male",2025-06-14 12:31:53.170 +0300,2025-06-14 12:31:53.170 +0300
147,1.3.1,Epidemic Prone Diseases,156,801,Dracunculiasis,EP06,Guinea Worm     ,MZnCe1GyUJ3,huBy3W5qiD2,"29Dys-4Yrs, Female",2025-06-14 12:31:53.170 +0300,2025-06-14 12:31:53.170 +0300
148,1.3.1,Epidemic Prone Diseases,156,801,Dracunculiasis,EP06,Guinea Worm     ,MZnCe1GyUJ3,V2OuNTRI6ua,"29Dys-4Yrs, Male",2025-06-14 12:31:53.170 +0300,2025-06-14 12:31:53.170 +0300
149,1.3.1,Epidemic Prone Diseases,156,801,Dracunculiasis,EP06,Guinea Worm     ,MZnCe1GyUJ3,Crc5reUlspd,"5-9Yrs, Female",2025-06-14 12:31:53.170 +0300,2025-06-14 12:31:53.170 +0300
150,1.3.1,Epidemic Prone Diseases,156,801,Dracunculiasis,EP06,Guinea Worm     ,MZnCe1GyUJ3,F1rms8f9I9a,"5-9Yrs, Male",2025-06-14 12:31:53.170 +0300,2025-06-14 12:31:53.170 +0300
151,1.3.1,Epidemic Prone Diseases,159,,,EP07,Measles  ,MAdd47BztzL,wDiX34aiw6i,"0-28Dys, Female",2025-06-14 12:31:53.170 +0300,2025-06-14 12:31:53.170 +0300
152,1.3.1,Epidemic Prone Diseases,159,,,EP07,Measles  ,MAdd47BztzL,zh2zAaHyYQx,"0-28Dys, Male",2025-06-14 12:31:53.170 +0300,2025-06-14 12:31:53.170 +0300
153,1.3.1,Epidemic Prone Diseases,159,,,EP07,Measles  ,MAdd47BztzL,u3CkZqMHfHP,"10-19Yrs, Female",2025-06-14 12:31:53.170 +0300,2025-06-14 12:31:53.170 +0300
154,1.3.1,Epidemic Prone Diseases,159,,,EP07,Measles  ,MAdd47BztzL,c7gvocRdg0f,"10-19Yrs, Male",2025-06-14 12:31:53.170 +0300,2025-06-14 12:31:53.170 +0300
155,1.3.1,Epidemic Prone Diseases,159,,,EP07,Measles  ,MAdd47BztzL,XVHTeecEOM3,"20+Yrs, Female",2025-06-14 12:31:53.170 +0300,2025-06-14 12:31:53.170 +0300
156,1.3.1,Epidemic Prone Diseases,159,,,EP07,Measles  ,MAdd47BztzL,dCKzhhINakS,"20+Yrs, Male",2025-06-14 12:31:53.170 +0300,2025-06-14 12:31:53.170 +0300
157,1.3.1,Epidemic Prone Diseases,159,,,EP07,Measles  ,MAdd47BztzL,huBy3W5qiD2,"29Dys-4Yrs, Female",2025-06-14 12:31:53.170 +0300,2025-06-14 12:31:53.170 +0300
158,1.3.1,Epidemic Prone Diseases,159,,,EP07,Measles  ,MAdd47BztzL,V2OuNTRI6ua,"29Dys-4Yrs, Male",2025-06-14 12:31:53.170 +0300,2025-06-14 12:31:53.170 +0300
159,1.3.1,Epidemic Prone Diseases,159,,,EP07,Measles  ,MAdd47BztzL,Crc5reUlspd,"5-9Yrs, Female",2025-06-14 12:31:53.170 +0300,2025-06-14 12:31:53.170 +0300
160,1.3.1,Epidemic Prone Diseases,159,,,EP07,Measles  ,MAdd47BztzL,F1rms8f9I9a,"5-9Yrs, Male",2025-06-14 12:31:53.170 +0300,2025-06-14 12:31:53.170 +0300
161,1.3.1,Epidemic Prone Diseases,160,,,EP08, Bacterial Meningitis ,Sqp9021uSu2,wDiX34aiw6i,"0-28Dys, Female",2025-06-14 12:31:53.170 +0300,2025-06-14 12:31:53.170 +0300
162,1.3.1,Epidemic Prone Diseases,160,,,EP08, Bacterial Meningitis ,Sqp9021uSu2,zh2zAaHyYQx,"0-28Dys, Male",2025-06-14 12:31:53.170 +0300,2025-06-14 12:31:53.170 +0300
163,1.3.1,Epidemic Prone Diseases,160,,,EP08, Bacterial Meningitis ,Sqp9021uSu2,u3CkZqMHfHP,"10-19Yrs, Female",2025-06-14 12:31:53.170 +0300,2025-06-14 12:31:53.170 +0300
164,1.3.1,Epidemic Prone Diseases,160,,,EP08, Bacterial Meningitis ,Sqp9021uSu2,c7gvocRdg0f,"10-19Yrs, Male",2025-06-14 12:31:53.170 +0300,2025-06-14 12:31:53.170 +0300
165,1.3.1,Epidemic Prone Diseases,160,,,EP08, Bacterial Meningitis ,Sqp9021uSu2,XVHTeecEOM3,"20+Yrs, Female",2025-06-14 12:31:53.170 +0300,2025-06-14 12:31:53.170 +0300
166,1.3.1,Epidemic Prone Diseases,160,,,EP08, Bacterial Meningitis ,Sqp9021uSu2,dCKzhhINakS,"20+Yrs, Male",2025-06-14 12:31:53.170 +0300,2025-06-14 12:31:53.170 +0300
167,1.3.1,Epidemic Prone Diseases,160,,,EP08, Bacterial Meningitis ,Sqp9021uSu2,huBy3W5qiD2,"29Dys-4Yrs, Female",2025-06-14 12:31:53.170 +0300,2025-06-14 12:31:53.170 +0300
168,1.3.1,Epidemic Prone Diseases,160,,,EP08, Bacterial Meningitis ,Sqp9021uSu2,V2OuNTRI6ua,"29Dys-4Yrs, Male",2025-06-14 12:31:53.170 +0300,2025-06-14 12:31:53.170 +0300
169,1.3.1,Epidemic Prone Diseases,160,,,EP08, Bacterial Meningitis ,Sqp9021uSu2,Crc5reUlspd,"5-9Yrs, Female",2025-06-14 12:31:53.170 +0300,2025-06-14 12:31:53.170 +0300
170,1.3.1,Epidemic Prone Diseases,160,,,EP08, Bacterial Meningitis ,Sqp9021uSu2,F1rms8f9I9a,"5-9Yrs, Male",2025-06-14 12:31:53.170 +0300,2025-06-14 12:31:53.170 +0300
171,1.3.1,Epidemic Prone Diseases,161,188,Tetanus neonatorum, EP09,Neonatal tetanus,TDvR6wooe0z,wDiX34aiw6i,"0-28Dys, Female",2025-06-14 12:31:53.170 +0300,2025-06-14 12:31:53.170 +0300
172,1.3.1,Epidemic Prone Diseases,161,188,Tetanus neonatorum, EP09,Neonatal tetanus,TDvR6wooe0z,zh2zAaHyYQx,"0-28Dys, Male",2025-06-14 12:31:53.170 +0300,2025-06-14 12:31:53.170 +0300
173,1.3.1,Epidemic Prone Diseases,161,188,Tetanus neonatorum, EP09,Neonatal tetanus,TDvR6wooe0z,u3CkZqMHfHP,"10-19Yrs, Female",2025-06-14 12:31:53.170 +0300,2025-06-14 12:31:53.170 +0300
174,1.3.1,Epidemic Prone Diseases,161,188,Tetanus neonatorum, EP09,Neonatal tetanus,TDvR6wooe0z,c7gvocRdg0f,"10-19Yrs, Male",2025-06-14 12:31:53.170 +0300,2025-06-14 12:31:53.170 +0300
175,1.3.1,Epidemic Prone Diseases,161,188,Tetanus neonatorum, EP09,Neonatal tetanus,TDvR6wooe0z,XVHTeecEOM3,"20+Yrs, Female",2025-06-14 12:31:53.170 +0300,2025-06-14 12:31:53.170 +0300
176,1.3.1,Epidemic Prone Diseases,161,188,Tetanus neonatorum, EP09,Neonatal tetanus,TDvR6wooe0z,dCKzhhINakS,"20+Yrs, Male",2025-06-14 12:31:53.170 +0300,2025-06-14 12:31:53.170 +0300
177,1.3.1,Epidemic Prone Diseases,161,188,Tetanus neonatorum, EP09,Neonatal tetanus,TDvR6wooe0z,huBy3W5qiD2,"29Dys-4Yrs, Female",2025-06-14 12:31:53.170 +0300,2025-06-14 12:31:53.170 +0300
178,1.3.1,Epidemic Prone Diseases,161,188,Tetanus neonatorum, EP09,Neonatal tetanus,TDvR6wooe0z,V2OuNTRI6ua,"29Dys-4Yrs, Male",2025-06-14 12:31:53.170 +0300,2025-06-14 12:31:53.170 +0300
179,1.3.1,Epidemic Prone Diseases,161,188,Tetanus neonatorum, EP09,Neonatal tetanus,TDvR6wooe0z,Crc5reUlspd,"5-9Yrs, Female",2025-06-14 12:31:53.170 +0300,2025-06-14 12:31:53.170 +0300
180,1.3.1,Epidemic Prone Diseases,161,188,Tetanus neonatorum, EP09,Neonatal tetanus,TDvR6wooe0z,F1rms8f9I9a,"5-9Yrs, Male",2025-06-14 12:31:53.170 +0300,2025-06-14 12:31:53.170 +0300
181,1.3.1,Epidemic Prone Diseases,162,,,EP10,Plague,YhGqBI5c7Zt,wDiX34aiw6i,"0-28Dys, Female",2025-06-14 12:31:53.170 +0300,2025-06-14 12:31:53.170 +0300
182,1.3.1,Epidemic Prone Diseases,162,,,EP10,Plague,YhGqBI5c7Zt,zh2zAaHyYQx,"0-28Dys, Male",2025-06-14 12:31:53.170 +0300,2025-06-14 12:31:53.170 +0300
183,1.3.1,Epidemic Prone Diseases,162,,,EP10,Plague,YhGqBI5c7Zt,u3CkZqMHfHP,"10-19Yrs, Female",2025-06-14 12:31:53.170 +0300,2025-06-14 12:31:53.170 +0300
184,1.3.1,Epidemic Prone Diseases,162,,,EP10,Plague,YhGqBI5c7Zt,c7gvocRdg0f,"10-19Yrs, Male",2025-06-14 12:31:53.170 +0300,2025-06-14 12:31:53.170 +0300
185,1.3.1,Epidemic Prone Diseases,162,,,EP10,Plague,YhGqBI5c7Zt,XVHTeecEOM3,"20+Yrs, Female",2025-06-14 12:31:53.170 +0300,2025-06-14 12:31:53.170 +0300
186,1.3.1,Epidemic Prone Diseases,162,,,EP10,Plague,YhGqBI5c7Zt,dCKzhhINakS,"20+Yrs, Male",2025-06-14 12:31:53.170 +0300,2025-06-14 12:31:53.170 +0300
187,1.3.1,Epidemic Prone Diseases,162,,,EP10,Plague,YhGqBI5c7Zt,huBy3W5qiD2,"29Dys-4Yrs, Female",2025-06-14 12:31:53.170 +0300,2025-06-14 12:31:53.170 +0300
188,1.3.1,Epidemic Prone Diseases,162,,,EP10,Plague,YhGqBI5c7Zt,V2OuNTRI6ua,"29Dys-4Yrs, Male",2025-06-14 12:31:53.170 +0300,2025-06-14 12:31:53.170 +0300
189,1.3.1,Epidemic Prone Diseases,162,,,EP10,Plague,YhGqBI5c7Zt,Crc5reUlspd,"5-9Yrs, Female",2025-06-14 12:31:53.170 +0300,2025-06-14 12:31:53.170 +0300
190,1.3.1,Epidemic Prone Diseases,162,,,EP10,Plague,YhGqBI5c7Zt,F1rms8f9I9a,"5-9Yrs, Male",2025-06-14 12:31:53.170 +0300,2025-06-14 12:31:53.170 +0300
191,1.3.1,Epidemic Prone Diseases,163,,,EP11,Yellow Fever,WHf6QK827ub,wDiX34aiw6i,"0-28Dys, Female",2025-06-14 12:31:53.170 +0300,2025-06-14 12:31:53.170 +0300
192,1.3.1,Epidemic Prone Diseases,163,,,EP11,Yellow Fever,WHf6QK827ub,zh2zAaHyYQx,"0-28Dys, Male",2025-06-14 12:31:53.170 +0300,2025-06-14 12:31:53.170 +0300
193,1.3.1,Epidemic Prone Diseases,163,,,EP11,Yellow Fever,WHf6QK827ub,u3CkZqMHfHP,"10-19Yrs, Female",2025-06-14 12:31:53.170 +0300,2025-06-14 12:31:53.170 +0300
194,1.3.1,Epidemic Prone Diseases,163,,,EP11,Yellow Fever,WHf6QK827ub,c7gvocRdg0f,"10-19Yrs, Male",2025-06-14 12:31:53.170 +0300,2025-06-14 12:31:53.170 +0300
195,1.3.1,Epidemic Prone Diseases,163,,,EP11,Yellow Fever,WHf6QK827ub,XVHTeecEOM3,"20+Yrs, Female",2025-06-14 12:31:53.170 +0300,2025-06-14 12:31:53.170 +0300
196,1.3.1,Epidemic Prone Diseases,163,,,EP11,Yellow Fever,WHf6QK827ub,dCKzhhINakS,"20+Yrs, Male",2025-06-14 12:31:53.170 +0300,2025-06-14 12:31:53.170 +0300
197,1.3.1,Epidemic Prone Diseases,163,,,EP11,Yellow Fever,WHf6QK827ub,huBy3W5qiD2,"29Dys-4Yrs, Female",2025-06-14 12:31:53.170 +0300,2025-06-14 12:31:53.170 +0300
198,1.3.1,Epidemic Prone Diseases,163,,,EP11,Yellow Fever,WHf6QK827ub,V2OuNTRI6ua,"29Dys-4Yrs, Male",2025-06-14 12:31:53.170 +0300,2025-06-14 12:31:53.170 +0300
199,1.3.1,Epidemic Prone Diseases,163,,,EP11,Yellow Fever,WHf6QK827ub,Crc5reUlspd,"5-9Yrs, Female",2025-06-14 12:31:53.170 +0300,2025-06-14 12:31:53.170 +0300
200,1.3.1,Epidemic Prone Diseases,163,,,EP11,Yellow Fever,WHf6QK827ub,F1rms8f9I9a,"5-9Yrs, Male",2025-06-14 12:31:53.170 +0300,2025-06-14 12:31:53.170 +0300
201,1.3.1,Epidemic Prone Diseases,164,,,EP12,Other Viral Haemorrhagic Fevers,cQFHqwol7ql,wDiX34aiw6i,"0-28Dys, Female",2025-06-14 12:31:53.170 +0300,2025-06-14 12:31:53.170 +0300
202,1.3.1,Epidemic Prone Diseases,164,,,EP12,Other Viral Haemorrhagic Fevers,cQFHqwol7ql,zh2zAaHyYQx,"0-28Dys, Male",2025-06-14 12:31:53.170 +0300,2025-06-14 12:31:53.170 +0300
203,1.3.1,Epidemic Prone Diseases,164,,,EP12,Other Viral Haemorrhagic Fevers,cQFHqwol7ql,u3CkZqMHfHP,"10-19Yrs, Female",2025-06-14 12:31:53.170 +0300,2025-06-14 12:31:53.170 +0300
204,1.3.1,Epidemic Prone Diseases,164,,,EP12,Other Viral Haemorrhagic Fevers,cQFHqwol7ql,c7gvocRdg0f,"10-19Yrs, Male",2025-06-14 12:31:53.170 +0300,2025-06-14 12:31:53.170 +0300
205,1.3.1,Epidemic Prone Diseases,164,,,EP12,Other Viral Haemorrhagic Fevers,cQFHqwol7ql,XVHTeecEOM3,"20+Yrs, Female",2025-06-14 12:31:53.170 +0300,2025-06-14 12:31:53.170 +0300
206,1.3.1,Epidemic Prone Diseases,164,,,EP12,Other Viral Haemorrhagic Fevers,cQFHqwol7ql,dCKzhhINakS,"20+Yrs, Male",2025-06-14 12:31:53.170 +0300,2025-06-14 12:31:53.170 +0300
207,1.3.1,Epidemic Prone Diseases,164,,,EP12,Other Viral Haemorrhagic Fevers,cQFHqwol7ql,huBy3W5qiD2,"29Dys-4Yrs, Female",2025-06-14 12:31:53.170 +0300,2025-06-14 12:31:53.170 +0300
208,1.3.1,Epidemic Prone Diseases,164,,,EP12,Other Viral Haemorrhagic Fevers,cQFHqwol7ql,V2OuNTRI6ua,"29Dys-4Yrs, Male",2025-06-14 12:31:53.170 +0300,2025-06-14 12:31:53.170 +0300
209,1.3.1,Epidemic Prone Diseases,164,,,EP12,Other Viral Haemorrhagic Fevers,cQFHqwol7ql,Crc5reUlspd,"5-9Yrs, Female",2025-06-14 12:31:53.170 +0300,2025-06-14 12:31:53.170 +0300
210,1.3.1,Epidemic Prone Diseases,164,,,EP12,Other Viral Haemorrhagic Fevers,cQFHqwol7ql,F1rms8f9I9a,"5-9Yrs, Male",2025-06-14 12:31:53.170 +0300,2025-06-14 12:31:53.170 +0300
211,1.3.1,Epidemic Prone Diseases,165,,,EP13,Severe Acute Respiratory Infection (SARI) ,GMdWrlWwh1w,wDiX34aiw6i,"0-28Dys, Female",2025-06-14 12:31:53.170 +0300,2025-06-14 12:31:53.170 +0300
212,1.3.1,Epidemic Prone Diseases,165,,,EP13,Severe Acute Respiratory Infection (SARI) ,GMdWrlWwh1w,zh2zAaHyYQx,"0-28Dys, Male",2025-06-14 12:31:53.170 +0300,2025-06-14 12:31:53.170 +0300
213,1.3.1,Epidemic Prone Diseases,165,,,EP13,Severe Acute Respiratory Infection (SARI) ,GMdWrlWwh1w,u3CkZqMHfHP,"10-19Yrs, Female",2025-06-14 12:31:53.170 +0300,2025-06-14 12:31:53.170 +0300
214,1.3.1,Epidemic Prone Diseases,165,,,EP13,Severe Acute Respiratory Infection (SARI) ,GMdWrlWwh1w,c7gvocRdg0f,"10-19Yrs, Male",2025-06-14 12:31:53.170 +0300,2025-06-14 12:31:53.170 +0300
215,1.3.1,Epidemic Prone Diseases,165,,,EP13,Severe Acute Respiratory Infection (SARI) ,GMdWrlWwh1w,XVHTeecEOM3,"20+Yrs, Female",2025-06-14 12:31:53.170 +0300,2025-06-14 12:31:53.170 +0300
216,1.3.1,Epidemic Prone Diseases,165,,,EP13,Severe Acute Respiratory Infection (SARI) ,GMdWrlWwh1w,dCKzhhINakS,"20+Yrs, Male",2025-06-14 12:31:53.170 +0300,2025-06-14 12:31:53.170 +0300
217,1.3.1,Epidemic Prone Diseases,165,,,EP13,Severe Acute Respiratory Infection (SARI) ,GMdWrlWwh1w,huBy3W5qiD2,"29Dys-4Yrs, Female",2025-06-14 12:31:53.170 +0300,2025-06-14 12:31:53.170 +0300
218,1.3.1,Epidemic Prone Diseases,165,,,EP13,Severe Acute Respiratory Infection (SARI) ,GMdWrlWwh1w,V2OuNTRI6ua,"29Dys-4Yrs, Male",2025-06-14 12:31:53.170 +0300,2025-06-14 12:31:53.170 +0300
219,1.3.1,Epidemic Prone Diseases,165,,,EP13,Severe Acute Respiratory Infection (SARI) ,GMdWrlWwh1w,Crc5reUlspd,"5-9Yrs, Female",2025-06-14 12:31:53.170 +0300,2025-06-14 12:31:53.170 +0300
220,1.3.1,Epidemic Prone Diseases,165,,,EP13,Severe Acute Respiratory Infection (SARI) ,GMdWrlWwh1w,F1rms8f9I9a,"5-9Yrs, Male",2025-06-14 12:31:53.170 +0300,2025-06-14 12:31:53.170 +0300
241,1.3.1,Epidemic Prone Diseases,167,6,Typhoid fever,EP15,Typhoid Fever ,r4fQVHDftNs,wDiX34aiw6i,"0-28Dys, Female",2025-06-14 12:31:53.170 +0300,2025-06-14 12:31:53.170 +0300
242,1.3.1,Epidemic Prone Diseases,167,6,Typhoid fever,EP15,Typhoid Fever ,r4fQVHDftNs,zh2zAaHyYQx,"0-28Dys, Male",2025-06-14 12:31:53.170 +0300,2025-06-14 12:31:53.170 +0300
243,1.3.1,Epidemic Prone Diseases,167,6,Typhoid fever,EP15,Typhoid Fever ,r4fQVHDftNs,u3CkZqMHfHP,"10-19Yrs, Female",2025-06-14 12:31:53.170 +0300,2025-06-14 12:31:53.170 +0300
244,1.3.1,Epidemic Prone Diseases,167,6,Typhoid fever,EP15,Typhoid Fever ,r4fQVHDftNs,c7gvocRdg0f,"10-19Yrs, Male",2025-06-14 12:31:53.170 +0300,2025-06-14 12:31:53.170 +0300
245,1.3.1,Epidemic Prone Diseases,167,6,Typhoid fever,EP15,Typhoid Fever ,r4fQVHDftNs,XVHTeecEOM3,"20+Yrs, Female",2025-06-14 12:31:53.170 +0300,2025-06-14 12:31:53.170 +0300
246,1.3.1,Epidemic Prone Diseases,167,6,Typhoid fever,EP15,Typhoid Fever ,r4fQVHDftNs,dCKzhhINakS,"20+Yrs, Male",2025-06-14 12:31:53.170 +0300,2025-06-14 12:31:53.170 +0300
247,1.3.1,Epidemic Prone Diseases,167,6,Typhoid fever,EP15,Typhoid Fever ,r4fQVHDftNs,huBy3W5qiD2,"29Dys-4Yrs, Female",2025-06-14 12:31:53.170 +0300,2025-06-14 12:31:53.170 +0300
248,1.3.1,Epidemic Prone Diseases,167,6,Typhoid fever,EP15,Typhoid Fever ,r4fQVHDftNs,V2OuNTRI6ua,"29Dys-4Yrs, Male",2025-06-14 12:31:53.170 +0300,2025-06-14 12:31:53.170 +0300
249,1.3.1,Epidemic Prone Diseases,167,6,Typhoid fever,EP15,Typhoid Fever ,r4fQVHDftNs,Crc5reUlspd,"5-9Yrs, Female",2025-06-14 12:31:53.170 +0300,2025-06-14 12:31:53.170 +0300
250,1.3.1,Epidemic Prone Diseases,167,6,Typhoid fever,EP15,Typhoid Fever ,r4fQVHDftNs,F1rms8f9I9a,"5-9Yrs, Male",2025-06-14 12:31:53.170 +0300,2025-06-14 12:31:53.170 +0300
251,1.3.1,Epidemic Prone Diseases,168,,"Miliary tuberculosis, unspecified",EP16,Refampicin resistant TB cases,imZQ4a2hYci,wDiX34aiw6i,"0-28Dys, Female",2025-06-14 12:31:53.170 +0300,2025-06-14 12:31:53.170 +0300
252,1.3.1,Epidemic Prone Diseases,168,,"Miliary tuberculosis, unspecified",EP16,Refampicin resistant TB cases,imZQ4a2hYci,zh2zAaHyYQx,"0-28Dys, Male",2025-06-14 12:31:53.170 +0300,2025-06-14 12:31:53.170 +0300
253,1.3.1,Epidemic Prone Diseases,168,,"Miliary tuberculosis, unspecified",EP16,Refampicin resistant TB cases,imZQ4a2hYci,u3CkZqMHfHP,"10-19Yrs, Female",2025-06-14 12:31:53.170 +0300,2025-06-14 12:31:53.170 +0300
254,1.3.1,Epidemic Prone Diseases,168,,"Miliary tuberculosis, unspecified",EP16,Refampicin resistant TB cases,imZQ4a2hYci,c7gvocRdg0f,"10-19Yrs, Male",2025-06-14 12:31:53.170 +0300,2025-06-14 12:31:53.170 +0300
255,1.3.1,Epidemic Prone Diseases,168,,"Miliary tuberculosis, unspecified",EP16,Refampicin resistant TB cases,imZQ4a2hYci,XVHTeecEOM3,"20+Yrs, Female",2025-06-14 12:31:53.170 +0300,2025-06-14 12:31:53.170 +0300
256,1.3.1,Epidemic Prone Diseases,168,,"Miliary tuberculosis, unspecified",EP16,Refampicin resistant TB cases,imZQ4a2hYci,dCKzhhINakS,"20+Yrs, Male",2025-06-14 12:31:53.170 +0300,2025-06-14 12:31:53.170 +0300
257,1.3.1,Epidemic Prone Diseases,168,,"Miliary tuberculosis, unspecified",EP16,Refampicin resistant TB cases,imZQ4a2hYci,huBy3W5qiD2,"29Dys-4Yrs, Female",2025-06-14 12:31:53.170 +0300,2025-06-14 12:31:53.170 +0300
258,1.3.1,Epidemic Prone Diseases,168,,"Miliary tuberculosis, unspecified",EP16,Refampicin resistant TB cases,imZQ4a2hYci,V2OuNTRI6ua,"29Dys-4Yrs, Male",2025-06-14 12:31:53.170 +0300,2025-06-14 12:31:53.170 +0300
259,1.3.1,Epidemic Prone Diseases,168,,"Miliary tuberculosis, unspecified",EP16,Refampicin resistant TB cases,imZQ4a2hYci,Crc5reUlspd,"5-9Yrs, Female",2025-06-14 12:31:53.170 +0300,2025-06-14 12:31:53.170 +0300
260,1.3.1,Epidemic Prone Diseases,168,,"Miliary tuberculosis, unspecified",EP16,Refampicin resistant TB cases,imZQ4a2hYci,F1rms8f9I9a,"5-9Yrs, Male",2025-06-14 12:31:53.170 +0300,2025-06-14 12:31:53.170 +0300
261,1.3.1,Epidemic Prone Diseases,169,,,EP17,"Other Emerging infectious Diseases e.g. Influenza like illness (ILI), SARS",B0avY8vCdEW,wDiX34aiw6i,"0-28Dys, Female",2025-06-14 12:31:53.170 +0300,2025-06-14 12:31:53.170 +0300
262,1.3.1,Epidemic Prone Diseases,169,,,EP17,"Other Emerging infectious Diseases e.g. Influenza like illness (ILI), SARS",B0avY8vCdEW,zh2zAaHyYQx,"0-28Dys, Male",2025-06-14 12:31:53.170 +0300,2025-06-14 12:31:53.170 +0300
263,1.3.1,Epidemic Prone Diseases,169,,,EP17,"Other Emerging infectious Diseases e.g. Influenza like illness (ILI), SARS",B0avY8vCdEW,u3CkZqMHfHP,"10-19Yrs, Female",2025-06-14 12:31:53.170 +0300,2025-06-14 12:31:53.170 +0300
264,1.3.1,Epidemic Prone Diseases,169,,,EP17,"Other Emerging infectious Diseases e.g. Influenza like illness (ILI), SARS",B0avY8vCdEW,c7gvocRdg0f,"10-19Yrs, Male",2025-06-14 12:31:53.170 +0300,2025-06-14 12:31:53.170 +0300
265,1.3.1,Epidemic Prone Diseases,169,,,EP17,"Other Emerging infectious Diseases e.g. Influenza like illness (ILI), SARS",B0avY8vCdEW,XVHTeecEOM3,"20+Yrs, Female",2025-06-14 12:31:53.170 +0300,2025-06-14 12:31:53.170 +0300
266,1.3.1,Epidemic Prone Diseases,169,,,EP17,"Other Emerging infectious Diseases e.g. Influenza like illness (ILI), SARS",B0avY8vCdEW,dCKzhhINakS,"20+Yrs, Male",2025-06-14 12:31:53.170 +0300,2025-06-14 12:31:53.170 +0300
267,1.3.1,Epidemic Prone Diseases,169,,,EP17,"Other Emerging infectious Diseases e.g. Influenza like illness (ILI), SARS",B0avY8vCdEW,huBy3W5qiD2,"29Dys-4Yrs, Female",2025-06-14 12:31:53.170 +0300,2025-06-14 12:31:53.170 +0300
268,1.3.1,Epidemic Prone Diseases,169,,,EP17,"Other Emerging infectious Diseases e.g. Influenza like illness (ILI), SARS",B0avY8vCdEW,V2OuNTRI6ua,"29Dys-4Yrs, Male",2025-06-14 12:31:53.170 +0300,2025-06-14 12:31:53.170 +0300
269,1.3.1,Epidemic Prone Diseases,169,,,EP17,"Other Emerging infectious Diseases e.g. Influenza like illness (ILI), SARS",B0avY8vCdEW,Crc5reUlspd,"5-9Yrs, Female",2025-06-14 12:31:53.170 +0300,2025-06-14 12:31:53.170 +0300
270,1.3.1,Epidemic Prone Diseases,169,,,EP17,"Other Emerging infectious Diseases e.g. Influenza like illness (ILI), SARS",B0avY8vCdEW,F1rms8f9I9a,"5-9Yrs, Male",2025-06-14 12:31:53.170 +0300,2025-06-14 12:31:53.170 +0300
91,1.3.1,Epidemic Prone Diseases,0,,,EP01e, Total malaria cases treated ,QHnwKs2OUZv,wDiX34aiw6i,"0-28Dys, Female",2025-06-14 12:31:53.170 +0300,2025-06-14 12:31:53.170 +0300
92,1.3.1,Epidemic Prone Diseases,0,,,EP01e, Total malaria cases treated ,QHnwKs2OUZv,zh2zAaHyYQx,"0-28Dys, Male",2025-06-14 12:31:53.170 +0300,2025-06-14 12:31:53.170 +0300
93,1.3.1,Epidemic Prone Diseases,0,,,EP01e, Total malaria cases treated ,QHnwKs2OUZv,u3CkZqMHfHP,"10-19Yrs, Female",2025-06-14 12:31:53.170 +0300,2025-06-14 12:31:53.170 +0300
94,1.3.1,Epidemic Prone Diseases,0,,,EP01e, Total malaria cases treated ,QHnwKs2OUZv,c7gvocRdg0f,"10-19Yrs, Male",2025-06-14 12:31:53.170 +0300,2025-06-14 12:31:53.170 +0300
95,1.3.1,Epidemic Prone Diseases,0,,,EP01e, Total malaria cases treated ,QHnwKs2OUZv,XVHTeecEOM3,"20+Yrs, Female",2025-06-14 12:31:53.170 +0300,2025-06-14 12:31:53.170 +0300
96,1.3.1,Epidemic Prone Diseases,0,,,EP01e, Total malaria cases treated ,QHnwKs2OUZv,dCKzhhINakS,"20+Yrs, Male",2025-06-14 12:31:53.170 +0300,2025-06-14 12:31:53.170 +0300
97,1.3.1,Epidemic Prone Diseases,0,,,EP01e, Total malaria cases treated ,QHnwKs2OUZv,huBy3W5qiD2,"29Dys-4Yrs, Female",2025-06-14 12:31:53.170 +0300,2025-06-14 12:31:53.170 +0300
98,1.3.1,Epidemic Prone Diseases,0,,,EP01e, Total malaria cases treated ,QHnwKs2OUZv,V2OuNTRI6ua,"29Dys-4Yrs, Male",2025-06-14 12:31:53.170 +0300,2025-06-14 12:31:53.170 +0300
99,1.3.1,Epidemic Prone Diseases,0,,,EP01e, Total malaria cases treated ,QHnwKs2OUZv,Crc5reUlspd,"5-9Yrs, Female",2025-06-14 12:31:53.170 +0300,2025-06-14 12:31:53.170 +0300
100,1.3.1,Epidemic Prone Diseases,0,,,EP01e, Total malaria cases treated ,QHnwKs2OUZv,F1rms8f9I9a,"5-9Yrs, Male",2025-06-14 12:31:53.170 +0300,2025-06-14 12:31:53.170 +0300
221,1.3.1,Epidemic Prone Diseases,0,,,EP14a,Adverse Events Following Immunization (AEFI) - Serious,heRf8NdGtgO,GGq56A6VDOH,"0-28Dys, Female, Serious",2025-06-14 12:31:53.170 +0300,2025-06-14 12:31:53.170 +0300
222,1.3.1,Epidemic Prone Diseases,0,,,EP14a,Adverse Events Following Immunization (AEFI) - Serious,heRf8NdGtgO,DLDsKwcRbg6,"0-28Dys, Male, Serious",2025-06-14 12:31:53.170 +0300,2025-06-14 12:31:53.170 +0300
223,1.3.1,Epidemic Prone Diseases,0,,,EP14a,Adverse Events Following Immunization (AEFI) - Serious,heRf8NdGtgO,iQUxynZSNwO,"10-19Yrs, Female, Serious",2025-06-14 12:31:53.170 +0300,2025-06-14 12:31:53.170 +0300
224,1.3.1,Epidemic Prone Diseases,0,,,EP14a,Adverse Events Following Immunization (AEFI) - Serious,heRf8NdGtgO,GR1qONt4eXO,"10-19Yrs, Male, Serious",2025-06-14 12:31:53.170 +0300,2025-06-14 12:31:53.170 +0300
225,1.3.1,Epidemic Prone Diseases,0,,,EP14a,Adverse Events Following Immunization (AEFI) - Serious,heRf8NdGtgO,xMMwtEuJhd5,"20+Yrs, Female, Serious",2025-06-14 12:31:53.170 +0300,2025-06-14 12:31:53.170 +0300
226,1.3.1,Epidemic Prone Diseases,0,,,EP14a,Adverse Events Following Immunization (AEFI) - Serious,heRf8NdGtgO,N0SRC0ylR07,"20+Yrs, Male, Serious",2025-06-14 12:31:53.170 +0300,2025-06-14 12:31:53.170 +0300
227,1.3.1,Epidemic Prone Diseases,0,,,EP14a,Adverse Events Following Immunization (AEFI) - Serious,heRf8NdGtgO,lzOXcTsAuej,"29Dys-4Yrs, Female, Serious",2025-06-14 12:31:53.170 +0300,2025-06-14 12:31:53.170 +0300
228,1.3.1,Epidemic Prone Diseases,0,,,EP14a,Adverse Events Following Immunization (AEFI) - Serious,heRf8NdGtgO,IIR6adEa1OB,"29Dys-4Yrs, Male, Serious",2025-06-14 12:31:53.170 +0300,2025-06-14 12:31:53.170 +0300
229,1.3.1,Epidemic Prone Diseases,0,,,EP14a,Adverse Events Following Immunization (AEFI) - Serious,heRf8NdGtgO,pv6BQPGpVw9,"5-9Yrs, Female, Serious",2025-06-14 12:31:53.170 +0300,2025-06-14 12:31:53.170 +0300
230,1.3.1,Epidemic Prone Diseases,0,,,EP14a,Adverse Events Following Immunization (AEFI) - Serious,heRf8NdGtgO,yfyKbnNkovA,"5-9Yrs, Male, Serious",2025-06-14 12:31:53.170 +0300,2025-06-14 12:31:53.170 +0300
231,1.3.1,Epidemic Prone Diseases,0,,,EP14b,Adverse Events Following Immunization (AEFI) - Non Serious,heRf8NdGtgO,ilrKcsh5Koe,"0-28Dys, Female, Non-serious",2025-06-14 12:31:53.170 +0300,2025-06-14 12:31:53.170 +0300
232,1.3.1,Epidemic Prone Diseases,0,,,EP14b,Adverse Events Following Immunization (AEFI) - Non Serious,heRf8NdGtgO,aLAvdKNngLj,"0-28Dys, Male, Non-serious",2025-06-14 12:31:53.170 +0300,2025-06-14 12:31:53.170 +0300
233,1.3.1,Epidemic Prone Diseases,0,,,EP14b,Adverse Events Following Immunization (AEFI) - Non Serious,heRf8NdGtgO,rpgymI2hHEl,"10-19Yrs, Female, Non-serious",2025-06-14 12:31:53.170 +0300,2025-06-14 12:31:53.170 +0300
234,1.3.1,Epidemic Prone Diseases,0,,,EP14b,Adverse Events Following Immunization (AEFI) - Non Serious,heRf8NdGtgO,k24dFdMXmcp,"10-19Yrs, Male, Non-serious",2025-06-14 12:31:53.170 +0300,2025-06-14 12:31:53.170 +0300
235,1.3.1,Epidemic Prone Diseases,0,,,EP14b,Adverse Events Following Immunization (AEFI) - Non Serious,heRf8NdGtgO,xJwbtyfWyl3,"20+Yrs, Female, Non-serious",2025-06-14 12:31:53.170 +0300,2025-06-14 12:31:53.170 +0300
236,1.3.1,Epidemic Prone Diseases,0,,,EP14b,Adverse Events Following Immunization (AEFI) - Non Serious,heRf8NdGtgO,VtvpWI0gxSw,"20+Yrs, Male, Non-serious",2025-06-14 12:31:53.170 +0300,2025-06-14 12:31:53.170 +0300
237,1.3.1,Epidemic Prone Diseases,0,,,EP14b,Adverse Events Following Immunization (AEFI) - Non Serious,heRf8NdGtgO,jw6yxMmxVwq,"29Dys-4Yrs, Female, Non-serious",2025-06-14 12:31:53.170 +0300,2025-06-14 12:31:53.170 +0300
238,1.3.1,Epidemic Prone Diseases,0,,,EP14b,Adverse Events Following Immunization (AEFI) - Non Serious,heRf8NdGtgO,gz1FXw5EIqg,"29Dys-4Yrs, Male, Non-serious",2025-06-14 12:31:53.170 +0300,2025-06-14 12:31:53.170 +0300
239,1.3.1,Epidemic Prone Diseases,0,,,EP14b,Adverse Events Following Immunization (AEFI) - Non Serious,heRf8NdGtgO,D8qHM3UQCxx,"5-9Yrs, Female, Non-serious",2025-06-14 12:31:53.170 +0300,2025-06-14 12:31:53.170 +0300
240,1.3.1,Epidemic Prone Diseases,0,,,EP14b,Adverse Events Following Immunization (AEFI) - Non Serious,heRf8NdGtgO,unLXOoWw1SX,"5-9Yrs, Male, Non-serious",2025-06-14 12:31:53.170 +0300,2025-06-14 12:31:53.170 +0300
271,1.3.1,Epidemic Prone Diseases,0,,,EP18,Covid-19,DH62JAC1Vb5,wDiX34aiw6i,"0-28Dys, Female",2025-06-14 12:31:53.170 +0300,2025-06-14 12:31:53.170 +0300
272,1.3.1,Epidemic Prone Diseases,0,,,EP18,Covid-19,DH62JAC1Vb5,zh2zAaHyYQx,"0-28Dys, Male",2025-06-14 12:31:53.170 +0300,2025-06-14 12:31:53.170 +0300
273,1.3.1,Epidemic Prone Diseases,0,,,EP18,Covid-19,DH62JAC1Vb5,u3CkZqMHfHP,"10-19Yrs, Female",2025-06-14 12:31:53.170 +0300,2025-06-14 12:31:53.170 +0300
274,1.3.1,Epidemic Prone Diseases,0,,,EP18,Covid-19,DH62JAC1Vb5,c7gvocRdg0f,"10-19Yrs, Male",2025-06-14 12:31:53.170 +0300,2025-06-14 12:31:53.170 +0300
275,1.3.1,Epidemic Prone Diseases,0,,,EP18,Covid-19,DH62JAC1Vb5,XVHTeecEOM3,"20+Yrs, Female",2025-06-14 12:31:53.170 +0300,2025-06-14 12:31:53.170 +0300
276,1.3.1,Epidemic Prone Diseases,0,,,EP18,Covid-19,DH62JAC1Vb5,dCKzhhINakS,"20+Yrs, Male",2025-06-14 12:31:53.170 +0300,2025-06-14 12:31:53.170 +0300
277,1.3.1,Epidemic Prone Diseases,0,,,EP18,Covid-19,DH62JAC1Vb5,huBy3W5qiD2,"29Dys-4Yrs, Female",2025-06-14 12:31:53.170 +0300,2025-06-14 12:31:53.170 +0300
278,1.3.1,Epidemic Prone Diseases,0,,,EP18,Covid-19,DH62JAC1Vb5,V2OuNTRI6ua,"29Dys-4Yrs, Male",2025-06-14 12:31:53.170 +0300,2025-06-14 12:31:53.170 +0300
279,1.3.1,Epidemic Prone Diseases,0,,,EP18,Covid-19,DH62JAC1Vb5,Crc5reUlspd,"5-9Yrs, Female",2025-06-14 12:31:53.170 +0300,2025-06-14 12:31:53.170 +0300
280,1.3.1,Epidemic Prone Diseases,0,,,EP18,Covid-19,DH62JAC1Vb5,F1rms8f9I9a,"5-9Yrs, Male",2025-06-14 12:31:53.170 +0300,2025-06-14 12:31:53.170 +0300
3092,1.3.10,Chronic Respiratory Diseases,,,,CR01a , Asthma - New ,USDfyVr5d8d,lKtUo70yy5S,"New, 0-28Dys, Female",2025-06-14 12:31:53.170 +0300,2025-06-14 12:31:53.170 +0300
3093,1.3.10,Chronic Respiratory Diseases,,,,CR01a , Asthma - New ,USDfyVr5d8d,vgwBZ1EnvS1,"New, 0-28Dys, Male",2025-06-14 12:31:53.170 +0300,2025-06-14 12:31:53.170 +0300
3094,1.3.10,Chronic Respiratory Diseases,,,,CR01a , Asthma - New ,USDfyVr5d8d,De2rXs4jApk,"New, 10-19Yrs, Female",2025-06-14 12:31:53.170 +0300,2025-06-14 12:31:53.170 +0300
3095,1.3.10,Chronic Respiratory Diseases,,,,CR01a , Asthma - New ,USDfyVr5d8d,bMRP4hxhZ1i,"New, 20+Yrs, Female",2025-06-14 12:31:53.170 +0300,2025-06-14 12:31:53.170 +0300
3096,1.3.10,Chronic Respiratory Diseases,,,,CR01a , Asthma - New ,USDfyVr5d8d,BVbGW2Vr7UU,"New, 20+Yrs, Male",2025-06-14 12:31:53.170 +0300,2025-06-14 12:31:53.170 +0300
3097,1.3.10,Chronic Respiratory Diseases,,,,CR01a , Asthma - New ,USDfyVr5d8d,kieAJGAdQQz,"New, 29Dys-4Yrs, Female",2025-06-14 12:31:53.170 +0300,2025-06-14 12:31:53.170 +0300
3098,1.3.10,Chronic Respiratory Diseases,,,,CR01a , Asthma - New ,USDfyVr5d8d,ubHnOQDfKvn,"New, 29Dys-4Yrs, Male",2025-06-14 12:31:53.170 +0300,2025-06-14 12:31:53.170 +0300
3099,1.3.10,Chronic Respiratory Diseases,,,,CR01a , Asthma - New ,USDfyVr5d8d,NBLm9T4PdXT,"New, 5-9Yrs, Female",2025-06-14 12:31:53.170 +0300,2025-06-14 12:31:53.170 +0300
3100,1.3.10,Chronic Respiratory Diseases,,,,CR01a , Asthma - New ,USDfyVr5d8d,Uu9EzmgMiUx,"New, 5-9Yrs, Male",2025-06-14 12:31:53.170 +0300,2025-06-14 12:31:53.170 +0300
3101,1.3.10,Chronic Respiratory Diseases,,,,CR01b,Asthma - Known,USDfyVr5d8d,aUatqtCxzVw,"Known, 0-28Dys, Female",2025-06-14 12:31:53.170 +0300,2025-06-14 12:31:53.170 +0300
3102,1.3.10,Chronic Respiratory Diseases,,,,CR01b,Asthma - Known,USDfyVr5d8d,Io3bQxY6Nr3,"Known, 0-28Dys, Male",2025-06-14 12:31:53.170 +0300,2025-06-14 12:31:53.170 +0300
3103,1.3.10,Chronic Respiratory Diseases,,,,CR01b,Asthma - Known,USDfyVr5d8d,nq6KPmpdIMQ,"Known, 10-19Yrs, Female",2025-06-14 12:31:53.170 +0300,2025-06-14 12:31:53.170 +0300
3104,1.3.10,Chronic Respiratory Diseases,,,,CR01b,Asthma - Known,USDfyVr5d8d,keJQ8icaJd5,"Known, 10-19Yrs, Male",2025-06-14 12:31:53.170 +0300,2025-06-14 12:31:53.170 +0300
3105,1.3.10,Chronic Respiratory Diseases,,,,CR01b,Asthma - Known,USDfyVr5d8d,lUs3TRrwSp3,"Known, 20+Yrs, Female",2025-06-14 12:31:53.170 +0300,2025-06-14 12:31:53.170 +0300
3106,1.3.10,Chronic Respiratory Diseases,,,,CR01b,Asthma - Known,USDfyVr5d8d,gnq6kfPFRUy,"Known, 20+Yrs, Male",2025-06-14 12:31:53.170 +0300,2025-06-14 12:31:53.170 +0300
3107,1.3.10,Chronic Respiratory Diseases,,,,CR01b,Asthma - Known,USDfyVr5d8d,MM1oF4N8Vku,"Known, 29Dys-4Yrs, Female",2025-06-14 12:31:53.170 +0300,2025-06-14 12:31:53.170 +0300
3108,1.3.10,Chronic Respiratory Diseases,,,,CR01b,Asthma - Known,USDfyVr5d8d,OGomkW4FRgT,"Known, 29Dys-4Yrs, Male",2025-06-14 12:31:53.170 +0300,2025-06-14 12:31:53.170 +0300
3109,1.3.10,Chronic Respiratory Diseases,,,,CR01b,Asthma - Known,USDfyVr5d8d,G4cHMKNJ898,"Known, 5-9Yrs, Female",2025-06-14 12:31:53.170 +0300,2025-06-14 12:31:53.170 +0300
3110,1.3.10,Chronic Respiratory Diseases,,,,CR01b,Asthma - Known,USDfyVr5d8d,xBLq8rFuTSS,"Known, 5-9Yrs, Male",2025-06-14 12:31:53.170 +0300,2025-06-14 12:31:53.170 +0300
3111,1.3.10,Chronic Respiratory Diseases,,,,CR02a,Chronic Obstructive Pulmonary Disease (COPD) - New ,rtuO5Gs04mL,lKtUo70yy5S,"New, 0-28Dys, Female",2025-06-14 12:31:53.170 +0300,2025-06-14 12:31:53.170 +0300
3112,1.3.10,Chronic Respiratory Diseases,,,,CR02a,Chronic Obstructive Pulmonary Disease (COPD) - New ,rtuO5Gs04mL,vgwBZ1EnvS1,"New, 0-28Dys, Male",2025-06-14 12:31:53.170 +0300,2025-06-14 12:31:53.170 +0300
3113,1.3.10,Chronic Respiratory Diseases,,,,CR02a,Chronic Obstructive Pulmonary Disease (COPD) - New ,rtuO5Gs04mL,De2rXs4jApk,"New, 10-19Yrs, Female",2025-06-14 12:31:53.170 +0300,2025-06-14 12:31:53.170 +0300
3114,1.3.10,Chronic Respiratory Diseases,,,,CR02a,Chronic Obstructive Pulmonary Disease (COPD) - New ,rtuO5Gs04mL,vv7DH53AEaT,"New, 10-19Yrs, Male",2025-06-14 12:31:53.170 +0300,2025-06-14 12:31:53.170 +0300
3115,1.3.10,Chronic Respiratory Diseases,,,,CR02a,Chronic Obstructive Pulmonary Disease (COPD) - New ,rtuO5Gs04mL,bMRP4hxhZ1i,"New, 20+Yrs, Female",2025-06-14 12:31:53.170 +0300,2025-06-14 12:31:53.170 +0300
3116,1.3.10,Chronic Respiratory Diseases,,,,CR02a,Chronic Obstructive Pulmonary Disease (COPD) - New ,rtuO5Gs04mL,BVbGW2Vr7UU,"New, 20+Yrs, Male",2025-06-14 12:31:53.170 +0300,2025-06-14 12:31:53.170 +0300
3117,1.3.10,Chronic Respiratory Diseases,,,,CR02a,Chronic Obstructive Pulmonary Disease (COPD) - New ,rtuO5Gs04mL,kieAJGAdQQz,"New, 29Dys-4Yrs, Female",2025-06-14 12:31:53.170 +0300,2025-06-14 12:31:53.170 +0300
3118,1.3.10,Chronic Respiratory Diseases,,,,CR02a,Chronic Obstructive Pulmonary Disease (COPD) - New ,rtuO5Gs04mL,ubHnOQDfKvn,"New, 29Dys-4Yrs, Male",2025-06-14 12:31:53.170 +0300,2025-06-14 12:31:53.170 +0300
3119,1.3.10,Chronic Respiratory Diseases,,,,CR02a,Chronic Obstructive Pulmonary Disease (COPD) - New ,rtuO5Gs04mL,NBLm9T4PdXT,"New, 5-9Yrs, Female",2025-06-14 12:31:53.170 +0300,2025-06-14 12:31:53.170 +0300
3120,1.3.10,Chronic Respiratory Diseases,,,,CR02a,Chronic Obstructive Pulmonary Disease (COPD) - New ,rtuO5Gs04mL,Uu9EzmgMiUx,"New, 5-9Yrs, Male",2025-06-14 12:31:53.170 +0300,2025-06-14 12:31:53.170 +0300
3121,1.3.10,Chronic Respiratory Diseases,,,,CR02b,Chronic Obstructive Pulmonary Disease (COPD) - Known  ,rtuO5Gs04mL,aUatqtCxzVw,"Known, 0-28Dys, Female",2025-06-14 12:31:53.170 +0300,2025-06-14 12:31:53.170 +0300
3122,1.3.10,Chronic Respiratory Diseases,,,,CR02b,Chronic Obstructive Pulmonary Disease (COPD) - Known  ,rtuO5Gs04mL,Io3bQxY6Nr3,"Known, 0-28Dys, Male",2025-06-14 12:31:53.170 +0300,2025-06-14 12:31:53.170 +0300
3123,1.3.10,Chronic Respiratory Diseases,,,,CR02b,Chronic Obstructive Pulmonary Disease (COPD) - Known  ,rtuO5Gs04mL,nq6KPmpdIMQ,"Known, 10-19Yrs, Female",2025-06-14 12:31:53.170 +0300,2025-06-14 12:31:53.170 +0300
3124,1.3.10,Chronic Respiratory Diseases,,,,CR02b,Chronic Obstructive Pulmonary Disease (COPD) - Known  ,rtuO5Gs04mL,keJQ8icaJd5,"Known, 10-19Yrs, Male",2025-06-14 12:31:53.170 +0300,2025-06-14 12:31:53.170 +0300
3125,1.3.10,Chronic Respiratory Diseases,,,,CR02b,Chronic Obstructive Pulmonary Disease (COPD) - Known  ,rtuO5Gs04mL,lUs3TRrwSp3,"Known, 20+Yrs, Female",2025-06-14 12:31:53.170 +0300,2025-06-14 12:31:53.170 +0300
3126,1.3.10,Chronic Respiratory Diseases,,,,CR02b,Chronic Obstructive Pulmonary Disease (COPD) - Known  ,rtuO5Gs04mL,gnq6kfPFRUy,"Known, 20+Yrs, Male",2025-06-14 12:31:53.170 +0300,2025-06-14 12:31:53.170 +0300
3127,1.3.10,Chronic Respiratory Diseases,,,,CR02b,Chronic Obstructive Pulmonary Disease (COPD) - Known  ,rtuO5Gs04mL,MM1oF4N8Vku,"Known, 29Dys-4Yrs, Female",2025-06-14 12:31:53.170 +0300,2025-06-14 12:31:53.170 +0300
3128,1.3.10,Chronic Respiratory Diseases,,,,CR02b,Chronic Obstructive Pulmonary Disease (COPD) - Known  ,rtuO5Gs04mL,OGomkW4FRgT,"Known, 29Dys-4Yrs, Male",2025-06-14 12:31:53.170 +0300,2025-06-14 12:31:53.170 +0300
3129,1.3.10,Chronic Respiratory Diseases,,,,CR02b,Chronic Obstructive Pulmonary Disease (COPD) - Known  ,rtuO5Gs04mL,G4cHMKNJ898,"Known, 5-9Yrs, Female",2025-06-14 12:31:53.170 +0300,2025-06-14 12:31:53.170 +0300
3130,1.3.10,Chronic Respiratory Diseases,,,,CR02b,Chronic Obstructive Pulmonary Disease (COPD) - Known  ,rtuO5Gs04mL,xBLq8rFuTSS,"Known, 5-9Yrs, Male",2025-06-14 12:31:53.170 +0300,2025-06-14 12:31:53.170 +0300
3131,1.3.10,Chronic Respiratory Diseases,,,, CR03,Other Chronic Respiratory diseases,bmIbiG4FGXU,wDiX34aiw6i,"0-28Dys, Female",2025-06-14 12:31:53.170 +0300,2025-06-14 12:31:53.170 +0300
3132,1.3.10,Chronic Respiratory Diseases,,,, CR03,Other Chronic Respiratory diseases,bmIbiG4FGXU,zh2zAaHyYQx,"0-28Dys, Male",2025-06-14 12:31:53.170 +0300,2025-06-14 12:31:53.170 +0300
3133,1.3.10,Chronic Respiratory Diseases,,,, CR03,Other Chronic Respiratory diseases,bmIbiG4FGXU,u3CkZqMHfHP,"10-19Yrs, Female",2025-06-14 12:31:53.170 +0300,2025-06-14 12:31:53.170 +0300
3134,1.3.10,Chronic Respiratory Diseases,,,, CR03,Other Chronic Respiratory diseases,bmIbiG4FGXU,c7gvocRdg0f,"10-19Yrs, Male",2025-06-14 12:31:53.170 +0300,2025-06-14 12:31:53.170 +0300
3135,1.3.10,Chronic Respiratory Diseases,,,, CR03,Other Chronic Respiratory diseases,bmIbiG4FGXU,XVHTeecEOM3,"20+Yrs, Female",2025-06-14 12:31:53.170 +0300,2025-06-14 12:31:53.170 +0300
3136,1.3.10,Chronic Respiratory Diseases,,,, CR03,Other Chronic Respiratory diseases,bmIbiG4FGXU,dCKzhhINakS,"20+Yrs, Male",2025-06-14 12:31:53.170 +0300,2025-06-14 12:31:53.170 +0300
3137,1.3.10,Chronic Respiratory Diseases,,,, CR03,Other Chronic Respiratory diseases,bmIbiG4FGXU,huBy3W5qiD2,"29Dys-4Yrs, Female",2025-06-14 12:31:53.170 +0300,2025-06-14 12:31:53.170 +0300
3138,1.3.10,Chronic Respiratory Diseases,,,, CR03,Other Chronic Respiratory diseases,bmIbiG4FGXU,V2OuNTRI6ua,"29Dys-4Yrs, Male",2025-06-14 12:31:53.170 +0300,2025-06-14 12:31:53.170 +0300
3139,1.3.10,Chronic Respiratory Diseases,,,, CR03,Other Chronic Respiratory diseases,bmIbiG4FGXU,Crc5reUlspd,"5-9Yrs, Female",2025-06-14 12:31:53.170 +0300,2025-06-14 12:31:53.170 +0300
3140,1.3.10,Chronic Respiratory Diseases,,,, CR03,Other Chronic Respiratory diseases,bmIbiG4FGXU,F1rms8f9I9a,"5-9Yrs, Male",2025-06-14 12:31:53.170 +0300,2025-06-14 12:31:53.170 +0300
1173,1.3.11,Cancers,245,,,CA04,Lung Cancer,jK9hv9WZd2W,u3CkZqMHfHP,"10-19Yrs, Female",2025-06-14 12:31:53.170 +0300,2025-06-14 12:31:53.170 +0300
1174,1.3.11,Cancers,245,,,CA04,Lung Cancer,jK9hv9WZd2W,c7gvocRdg0f,"10-19Yrs, Male",2025-06-14 12:31:53.170 +0300,2025-06-14 12:31:53.170 +0300
1175,1.3.11,Cancers,245,,,CA04,Lung Cancer,jK9hv9WZd2W,XVHTeecEOM3,"20+Yrs, Female",2025-06-14 12:31:53.170 +0300,2025-06-14 12:31:53.170 +0300
1141,1.3.11,Cancers,242,,,CA01,Cervical Cancer,z07394519Gs,wDiX34aiw6i,"0-28Dys, Female",2025-06-14 12:31:53.170 +0300,2025-06-14 12:31:53.170 +0300
1142,1.3.11,Cancers,242,,,CA01,Cervical Cancer,z07394519Gs,zh2zAaHyYQx,"0-28Dys, Male",2025-06-14 12:31:53.170 +0300,2025-06-14 12:31:53.170 +0300
1143,1.3.11,Cancers,242,,,CA01,Cervical Cancer,z07394519Gs,u3CkZqMHfHP,"10-19Yrs, Female",2025-06-14 12:31:53.170 +0300,2025-06-14 12:31:53.170 +0300
1144,1.3.11,Cancers,242,,,CA01,Cervical Cancer,z07394519Gs,c7gvocRdg0f,"10-19Yrs, Male",2025-06-14 12:31:53.170 +0300,2025-06-14 12:31:53.170 +0300
1145,1.3.11,Cancers,242,,,CA01,Cervical Cancer,z07394519Gs,XVHTeecEOM3,"20+Yrs, Female",2025-06-14 12:31:53.170 +0300,2025-06-14 12:31:53.170 +0300
1146,1.3.11,Cancers,242,,,CA01,Cervical Cancer,z07394519Gs,dCKzhhINakS,"20+Yrs, Male",2025-06-14 12:31:53.170 +0300,2025-06-14 12:31:53.170 +0300
1147,1.3.11,Cancers,242,,,CA01,Cervical Cancer,z07394519Gs,huBy3W5qiD2,"29Dys-4Yrs, Female",2025-06-14 12:31:53.170 +0300,2025-06-14 12:31:53.170 +0300
1148,1.3.11,Cancers,242,,,CA01,Cervical Cancer,z07394519Gs,V2OuNTRI6ua,"29Dys-4Yrs, Male",2025-06-14 12:31:53.170 +0300,2025-06-14 12:31:53.170 +0300
1149,1.3.11,Cancers,242,,,CA01,Cervical Cancer,z07394519Gs,Crc5reUlspd,"5-9Yrs, Female",2025-06-14 12:31:53.170 +0300,2025-06-14 12:31:53.170 +0300
1150,1.3.11,Cancers,242,,,CA01,Cervical Cancer,z07394519Gs,F1rms8f9I9a,"5-9Yrs, Male",2025-06-14 12:31:53.170 +0300,2025-06-14 12:31:53.170 +0300
1151,1.3.11,Cancers,243,1226,Malignant neoplasm of prostate,CA02,Prostate Cancer,NcwKTZiSNbS,wDiX34aiw6i,"0-28Dys, Female",2025-06-14 12:31:53.170 +0300,2025-06-14 12:31:53.170 +0300
1152,1.3.11,Cancers,243,1226,Malignant neoplasm of prostate,CA02,Prostate Cancer,NcwKTZiSNbS,zh2zAaHyYQx,"0-28Dys, Male",2025-06-14 12:31:53.170 +0300,2025-06-14 12:31:53.170 +0300
1153,1.3.11,Cancers,243,1226,Malignant neoplasm of prostate,CA02,Prostate Cancer,NcwKTZiSNbS,u3CkZqMHfHP,"10-19Yrs, Female",2025-06-14 12:31:53.170 +0300,2025-06-14 12:31:53.170 +0300
1154,1.3.11,Cancers,243,1226,Malignant neoplasm of prostate,CA02,Prostate Cancer,NcwKTZiSNbS,c7gvocRdg0f,"10-19Yrs, Male",2025-06-14 12:31:53.170 +0300,2025-06-14 12:31:53.170 +0300
1155,1.3.11,Cancers,243,1226,Malignant neoplasm of prostate,CA02,Prostate Cancer,NcwKTZiSNbS,XVHTeecEOM3,"20+Yrs, Female",2025-06-14 12:31:53.170 +0300,2025-06-14 12:31:53.170 +0300
1156,1.3.11,Cancers,243,1226,Malignant neoplasm of prostate,CA02,Prostate Cancer,NcwKTZiSNbS,dCKzhhINakS,"20+Yrs, Male",2025-06-14 12:31:53.170 +0300,2025-06-14 12:31:53.170 +0300
1157,1.3.11,Cancers,243,1226,Malignant neoplasm of prostate,CA02,Prostate Cancer,NcwKTZiSNbS,huBy3W5qiD2,"29Dys-4Yrs, Female",2025-06-14 12:31:53.170 +0300,2025-06-14 12:31:53.170 +0300
1158,1.3.11,Cancers,243,1226,Malignant neoplasm of prostate,CA02,Prostate Cancer,NcwKTZiSNbS,V2OuNTRI6ua,"29Dys-4Yrs, Male",2025-06-14 12:31:53.170 +0300,2025-06-14 12:31:53.170 +0300
1159,1.3.11,Cancers,243,1226,Malignant neoplasm of prostate,CA02,Prostate Cancer,NcwKTZiSNbS,Crc5reUlspd,"5-9Yrs, Female",2025-06-14 12:31:53.170 +0300,2025-06-14 12:31:53.170 +0300
1160,1.3.11,Cancers,243,1226,Malignant neoplasm of prostate,CA02,Prostate Cancer,NcwKTZiSNbS,F1rms8f9I9a,"5-9Yrs, Male",2025-06-14 12:31:53.170 +0300,2025-06-14 12:31:53.170 +0300
1161,1.3.11,Cancers,244,,,CA03,Breast Cancer,rw7ri7jcMHc,wDiX34aiw6i,"0-28Dys, Female",2025-06-14 12:31:53.170 +0300,2025-06-14 12:31:53.170 +0300
1162,1.3.11,Cancers,244,,,CA03,Breast Cancer,rw7ri7jcMHc,zh2zAaHyYQx,"0-28Dys, Male",2025-06-14 12:31:53.170 +0300,2025-06-14 12:31:53.170 +0300
1163,1.3.11,Cancers,244,,,CA03,Breast Cancer,rw7ri7jcMHc,u3CkZqMHfHP,"10-19Yrs, Female",2025-06-14 12:31:53.170 +0300,2025-06-14 12:31:53.170 +0300
1164,1.3.11,Cancers,244,,,CA03,Breast Cancer,rw7ri7jcMHc,c7gvocRdg0f,"10-19Yrs, Male",2025-06-14 12:31:53.170 +0300,2025-06-14 12:31:53.170 +0300
1165,1.3.11,Cancers,244,,,CA03,Breast Cancer,rw7ri7jcMHc,XVHTeecEOM3,"20+Yrs, Female",2025-06-14 12:31:53.170 +0300,2025-06-14 12:31:53.170 +0300
1166,1.3.11,Cancers,244,,,CA03,Breast Cancer,rw7ri7jcMHc,dCKzhhINakS,"20+Yrs, Male",2025-06-14 12:31:53.170 +0300,2025-06-14 12:31:53.170 +0300
1167,1.3.11,Cancers,244,,,CA03,Breast Cancer,rw7ri7jcMHc,huBy3W5qiD2,"29Dys-4Yrs, Female",2025-06-14 12:31:53.170 +0300,2025-06-14 12:31:53.170 +0300
1168,1.3.11,Cancers,244,,,CA03,Breast Cancer,rw7ri7jcMHc,V2OuNTRI6ua,"29Dys-4Yrs, Male",2025-06-14 12:31:53.170 +0300,2025-06-14 12:31:53.170 +0300
1169,1.3.11,Cancers,244,,,CA03,Breast Cancer,rw7ri7jcMHc,Crc5reUlspd,"5-9Yrs, Female",2025-06-14 12:31:53.170 +0300,2025-06-14 12:31:53.170 +0300
1170,1.3.11,Cancers,244,,,CA03,Breast Cancer,rw7ri7jcMHc,F1rms8f9I9a,"5-9Yrs, Male",2025-06-14 12:31:53.170 +0300,2025-06-14 12:31:53.170 +0300
1171,1.3.11,Cancers,245,,,CA04,Lung Cancer,jK9hv9WZd2W,wDiX34aiw6i,"0-28Dys, Female",2025-06-14 12:31:53.170 +0300,2025-06-14 12:31:53.170 +0300
1172,1.3.11,Cancers,245,,,CA04,Lung Cancer,jK9hv9WZd2W,zh2zAaHyYQx,"0-28Dys, Male",2025-06-14 12:31:53.170 +0300,2025-06-14 12:31:53.170 +0300
1176,1.3.11,Cancers,245,,,CA04,Lung Cancer,jK9hv9WZd2W,dCKzhhINakS,"20+Yrs, Male",2025-06-14 12:31:53.170 +0300,2025-06-14 12:31:53.170 +0300
1177,1.3.11,Cancers,245,,,CA04,Lung Cancer,jK9hv9WZd2W,huBy3W5qiD2,"29Dys-4Yrs, Female",2025-06-14 12:31:53.170 +0300,2025-06-14 12:31:53.170 +0300
1178,1.3.11,Cancers,245,,,CA04,Lung Cancer,jK9hv9WZd2W,V2OuNTRI6ua,"29Dys-4Yrs, Male",2025-06-14 12:31:53.170 +0300,2025-06-14 12:31:53.170 +0300
1179,1.3.11,Cancers,245,,,CA04,Lung Cancer,jK9hv9WZd2W,Crc5reUlspd,"5-9Yrs, Female",2025-06-14 12:31:53.170 +0300,2025-06-14 12:31:53.170 +0300
1180,1.3.11,Cancers,245,,,CA04,Lung Cancer,jK9hv9WZd2W,F1rms8f9I9a,"5-9Yrs, Male",2025-06-14 12:31:53.170 +0300,2025-06-14 12:31:53.170 +0300
1181,1.3.11,Cancers,246,,,CA05,Liver Cancer,fFBi8TFWlMA,wDiX34aiw6i,"0-28Dys, Female",2025-06-14 12:31:53.170 +0300,2025-06-14 12:31:53.170 +0300
1182,1.3.11,Cancers,246,,,CA05,Liver Cancer,fFBi8TFWlMA,zh2zAaHyYQx,"0-28Dys, Male",2025-06-14 12:31:53.170 +0300,2025-06-14 12:31:53.170 +0300
1183,1.3.11,Cancers,246,,,CA05,Liver Cancer,fFBi8TFWlMA,u3CkZqMHfHP,"10-19Yrs, Female",2025-06-14 12:31:53.170 +0300,2025-06-14 12:31:53.170 +0300
1184,1.3.11,Cancers,246,,,CA05,Liver Cancer,fFBi8TFWlMA,c7gvocRdg0f,"10-19Yrs, Male",2025-06-14 12:31:53.170 +0300,2025-06-14 12:31:53.170 +0300
1185,1.3.11,Cancers,246,,,CA05,Liver Cancer,fFBi8TFWlMA,XVHTeecEOM3,"20+Yrs, Female",2025-06-14 12:31:53.170 +0300,2025-06-14 12:31:53.170 +0300
1186,1.3.11,Cancers,246,,,CA05,Liver Cancer,fFBi8TFWlMA,dCKzhhINakS,"20+Yrs, Male",2025-06-14 12:31:53.170 +0300,2025-06-14 12:31:53.170 +0300
1187,1.3.11,Cancers,246,,,CA05,Liver Cancer,fFBi8TFWlMA,huBy3W5qiD2,"29Dys-4Yrs, Female",2025-06-14 12:31:53.170 +0300,2025-06-14 12:31:53.170 +0300
1188,1.3.11,Cancers,246,,,CA05,Liver Cancer,fFBi8TFWlMA,V2OuNTRI6ua,"29Dys-4Yrs, Male",2025-06-14 12:31:53.170 +0300,2025-06-14 12:31:53.170 +0300
1189,1.3.11,Cancers,246,,,CA05,Liver Cancer,fFBi8TFWlMA,Crc5reUlspd,"5-9Yrs, Female",2025-06-14 12:31:53.170 +0300,2025-06-14 12:31:53.170 +0300
1190,1.3.11,Cancers,246,,,CA05,Liver Cancer,fFBi8TFWlMA,F1rms8f9I9a,"5-9Yrs, Male",2025-06-14 12:31:53.170 +0300,2025-06-14 12:31:53.170 +0300
1191,1.3.11,Cancers,248,,,CA07,Colon Cancer,o8vzaxdU5SJ,wDiX34aiw6i,"0-28Dys, Female",2025-06-14 12:31:53.170 +0300,2025-06-14 12:31:53.170 +0300
1192,1.3.11,Cancers,248,,,CA07,Colon Cancer,o8vzaxdU5SJ,zh2zAaHyYQx,"0-28Dys, Male",2025-06-14 12:31:53.170 +0300,2025-06-14 12:31:53.170 +0300
1193,1.3.11,Cancers,248,,,CA07,Colon Cancer,o8vzaxdU5SJ,u3CkZqMHfHP,"10-19Yrs, Female",2025-06-14 12:31:53.170 +0300,2025-06-14 12:31:53.170 +0300
1194,1.3.11,Cancers,248,,,CA07,Colon Cancer,o8vzaxdU5SJ,c7gvocRdg0f,"10-19Yrs, Male",2025-06-14 12:31:53.170 +0300,2025-06-14 12:31:53.170 +0300
1195,1.3.11,Cancers,248,,,CA07,Colon Cancer,o8vzaxdU5SJ,XVHTeecEOM3,"20+Yrs, Female",2025-06-14 12:31:53.170 +0300,2025-06-14 12:31:53.170 +0300
1196,1.3.11,Cancers,248,,,CA07,Colon Cancer,o8vzaxdU5SJ,dCKzhhINakS,"20+Yrs, Male",2025-06-14 12:31:53.170 +0300,2025-06-14 12:31:53.170 +0300
1197,1.3.11,Cancers,248,,,CA07,Colon Cancer,o8vzaxdU5SJ,huBy3W5qiD2,"29Dys-4Yrs, Female",2025-06-14 12:31:53.170 +0300,2025-06-14 12:31:53.170 +0300
1198,1.3.11,Cancers,248,,,CA07,Colon Cancer,o8vzaxdU5SJ,V2OuNTRI6ua,"29Dys-4Yrs, Male",2025-06-14 12:31:53.170 +0300,2025-06-14 12:31:53.170 +0300
1199,1.3.11,Cancers,248,,,CA07,Colon Cancer,o8vzaxdU5SJ,Crc5reUlspd,"5-9Yrs, Female",2025-06-14 12:31:53.170 +0300,2025-06-14 12:31:53.170 +0300
1200,1.3.11,Cancers,248,,,CA07,Colon Cancer,o8vzaxdU5SJ,F1rms8f9I9a,"5-9Yrs, Male",2025-06-14 12:31:53.170 +0300,2025-06-14 12:31:53.170 +0300
1201,1.3.11,Cancers,696,1343,"Secondary malignant neoplasm, unspecified site",CA08,Kaposis Sarcoma,wVlW6KD9LTM,wDiX34aiw6i,"0-28Dys, Female",2025-06-14 12:31:53.170 +0300,2025-06-14 12:31:53.170 +0300
1202,1.3.11,Cancers,696,1343,"Secondary malignant neoplasm, unspecified site",CA08,Kaposis Sarcoma,wVlW6KD9LTM,zh2zAaHyYQx,"0-28Dys, Male",2025-06-14 12:31:53.170 +0300,2025-06-14 12:31:53.170 +0300
1203,1.3.11,Cancers,696,1343,"Secondary malignant neoplasm, unspecified site",CA08,Kaposis Sarcoma,wVlW6KD9LTM,u3CkZqMHfHP,"10-19Yrs, Female",2025-06-14 12:31:53.170 +0300,2025-06-14 12:31:53.170 +0300
1204,1.3.11,Cancers,696,1343,"Secondary malignant neoplasm, unspecified site",CA08,Kaposis Sarcoma,wVlW6KD9LTM,c7gvocRdg0f,"10-19Yrs, Male",2025-06-14 12:31:53.170 +0300,2025-06-14 12:31:53.170 +0300
1205,1.3.11,Cancers,696,1343,"Secondary malignant neoplasm, unspecified site",CA08,Kaposis Sarcoma,wVlW6KD9LTM,XVHTeecEOM3,"20+Yrs, Female",2025-06-14 12:31:53.170 +0300,2025-06-14 12:31:53.170 +0300
1206,1.3.11,Cancers,696,1343,"Secondary malignant neoplasm, unspecified site",CA08,Kaposis Sarcoma,wVlW6KD9LTM,dCKzhhINakS,"20+Yrs, Male",2025-06-14 12:31:53.170 +0300,2025-06-14 12:31:53.170 +0300
1207,1.3.11,Cancers,696,1343,"Secondary malignant neoplasm, unspecified site",CA08,Kaposis Sarcoma,wVlW6KD9LTM,huBy3W5qiD2,"29Dys-4Yrs, Female",2025-06-14 12:31:53.170 +0300,2025-06-14 12:31:53.170 +0300
1208,1.3.11,Cancers,696,1343,"Secondary malignant neoplasm, unspecified site",CA08,Kaposis Sarcoma,wVlW6KD9LTM,V2OuNTRI6ua,"29Dys-4Yrs, Male",2025-06-14 12:31:53.170 +0300,2025-06-14 12:31:53.170 +0300
1209,1.3.11,Cancers,696,1343,"Secondary malignant neoplasm, unspecified site",CA08,Kaposis Sarcoma,wVlW6KD9LTM,Crc5reUlspd,"5-9Yrs, Female",2025-06-14 12:31:53.170 +0300,2025-06-14 12:31:53.170 +0300
1210,1.3.11,Cancers,696,1343,"Secondary malignant neoplasm, unspecified site",CA08,Kaposis Sarcoma,wVlW6KD9LTM,F1rms8f9I9a,"5-9Yrs, Male",2025-06-14 12:31:53.170 +0300,2025-06-14 12:31:53.170 +0300
1211,1.3.11,Cancers,696,1343,"Secondary malignant neoplasm, unspecified site",CA19,Other Cancers,HSsqCydf68P,wDiX34aiw6i,"0-28Dys, Female",2025-06-14 12:31:53.170 +0300,2025-06-14 12:31:53.170 +0300
1212,1.3.11,Cancers,696,1343,"Secondary malignant neoplasm, unspecified site",CA19,Other Cancers,HSsqCydf68P,zh2zAaHyYQx,"0-28Dys, Male",2025-06-14 12:31:53.170 +0300,2025-06-14 12:31:53.170 +0300
1213,1.3.11,Cancers,696,1343,"Secondary malignant neoplasm, unspecified site",CA19,Other Cancers,HSsqCydf68P,u3CkZqMHfHP,"10-19Yrs, Female",2025-06-14 12:31:53.170 +0300,2025-06-14 12:31:53.170 +0300
1214,1.3.11,Cancers,696,1343,"Secondary malignant neoplasm, unspecified site",CA19,Other Cancers,HSsqCydf68P,c7gvocRdg0f,"10-19Yrs, Male",2025-06-14 12:31:53.170 +0300,2025-06-14 12:31:53.170 +0300
1215,1.3.11,Cancers,696,1343,"Secondary malignant neoplasm, unspecified site",CA19,Other Cancers,HSsqCydf68P,XVHTeecEOM3,"20+Yrs, Female",2025-06-14 12:31:53.170 +0300,2025-06-14 12:31:53.170 +0300
1216,1.3.11,Cancers,696,1343,"Secondary malignant neoplasm, unspecified site",CA19,Other Cancers,HSsqCydf68P,dCKzhhINakS,"20+Yrs, Male",2025-06-14 12:31:53.170 +0300,2025-06-14 12:31:53.170 +0300
1217,1.3.11,Cancers,696,1343,"Secondary malignant neoplasm, unspecified site",CA19,Other Cancers,HSsqCydf68P,huBy3W5qiD2,"29Dys-4Yrs, Female",2025-06-14 12:31:53.170 +0300,2025-06-14 12:31:53.170 +0300
1218,1.3.11,Cancers,696,1343,"Secondary malignant neoplasm, unspecified site",CA19,Other Cancers,HSsqCydf68P,V2OuNTRI6ua,"29Dys-4Yrs, Male",2025-06-14 12:31:53.170 +0300,2025-06-14 12:31:53.170 +0300
1219,1.3.11,Cancers,696,1343,"Secondary malignant neoplasm, unspecified site",CA19,Other Cancers,HSsqCydf68P,Crc5reUlspd,"5-9Yrs, Female",2025-06-14 12:31:53.170 +0300,2025-06-14 12:31:53.170 +0300
1220,1.3.11,Cancers,696,1343,"Secondary malignant neoplasm, unspecified site",CA19,Other Cancers,HSsqCydf68P,F1rms8f9I9a,"5-9Yrs, Male",2025-06-14 12:31:53.170 +0300,2025-06-14 12:31:53.170 +0300
1991,1.3.12,Palliative,,,,PC01, No. of patients that need palliative care - Cancer ,QZRNFkshLLg,wDiX34aiw6i,"0-28Dys, Female",2025-06-14 12:31:53.170 +0300,2025-06-14 12:31:53.170 +0300
1992,1.3.12,Palliative,,,,PC01, No. of patients that need palliative care - Cancer ,QZRNFkshLLg,zh2zAaHyYQx,"0-28Dys, Male",2025-06-14 12:31:53.170 +0300,2025-06-14 12:31:53.170 +0300
1993,1.3.12,Palliative,,,,PC01, No. of patients that need palliative care - Cancer ,QZRNFkshLLg,u3CkZqMHfHP,"10-19Yrs, Female",2025-06-14 12:31:53.170 +0300,2025-06-14 12:31:53.170 +0300
1994,1.3.12,Palliative,,,,PC01, No. of patients that need palliative care - Cancer ,QZRNFkshLLg,c7gvocRdg0f,"10-19Yrs, Male",2025-06-14 12:31:53.170 +0300,2025-06-14 12:31:53.170 +0300
1995,1.3.12,Palliative,,,,PC01, No. of patients that need palliative care - Cancer ,QZRNFkshLLg,XVHTeecEOM3,"20+Yrs, Female",2025-06-14 12:31:53.170 +0300,2025-06-14 12:31:53.170 +0300
1996,1.3.12,Palliative,,,,PC01, No. of patients that need palliative care - Cancer ,QZRNFkshLLg,dCKzhhINakS,"20+Yrs, Male",2025-06-14 12:31:53.170 +0300,2025-06-14 12:31:53.170 +0300
1997,1.3.12,Palliative,,,,PC01, No. of patients that need palliative care - Cancer ,QZRNFkshLLg,huBy3W5qiD2,"29Dys-4Yrs, Female",2025-06-14 12:31:53.170 +0300,2025-06-14 12:31:53.170 +0300
1998,1.3.12,Palliative,,,,PC01, No. of patients that need palliative care - Cancer ,QZRNFkshLLg,V2OuNTRI6ua,"29Dys-4Yrs, Male",2025-06-14 12:31:53.170 +0300,2025-06-14 12:31:53.170 +0300
1999,1.3.12,Palliative,,,,PC01, No. of patients that need palliative care - Cancer ,QZRNFkshLLg,Crc5reUlspd,"5-9Yrs, Female",2025-06-14 12:31:53.170 +0300,2025-06-14 12:31:53.170 +0300
2000,1.3.12,Palliative,,,,PC01, No. of patients that need palliative care - Cancer ,QZRNFkshLLg,F1rms8f9I9a,"5-9Yrs, Male",2025-06-14 12:31:53.170 +0300,2025-06-14 12:31:53.170 +0300
2001,1.3.12,Palliative,,,,PC01, No. of patients that need palliative care - Cancer ,jJv1Vd5ztKH,wDiX34aiw6i,"0-28Dys, Female",2025-06-14 12:31:53.170 +0300,2025-06-14 12:31:53.170 +0300
2002,1.3.12,Palliative,,,,PC01, No. of patients that need palliative care - Cancer ,jJv1Vd5ztKH,zh2zAaHyYQx,"0-28Dys, Male",2025-06-14 12:31:53.170 +0300,2025-06-14 12:31:53.170 +0300
2003,1.3.12,Palliative,,,,PC01, No. of patients that need palliative care - Cancer ,jJv1Vd5ztKH,u3CkZqMHfHP,"10-19Yrs, Female",2025-06-14 12:31:53.170 +0300,2025-06-14 12:31:53.170 +0300
2004,1.3.12,Palliative,,,,PC01, No. of patients that need palliative care - Cancer ,jJv1Vd5ztKH,c7gvocRdg0f,"10-19Yrs, Male",2025-06-14 12:31:53.170 +0300,2025-06-14 12:31:53.170 +0300
2005,1.3.12,Palliative,,,,PC01, No. of patients that need palliative care - Cancer ,jJv1Vd5ztKH,XVHTeecEOM3,"20+Yrs, Female",2025-06-14 12:31:53.170 +0300,2025-06-14 12:31:53.170 +0300
2006,1.3.12,Palliative,,,,PC01, No. of patients that need palliative care,jJv1Vd5ztKH,dCKzhhINakS,"20+Yrs, Male",2025-06-14 12:31:53.170 +0300,2025-06-14 12:31:53.170 +0300
2007,1.3.12,Palliative,,,,PC01, No. of patients that need palliative care,jJv1Vd5ztKH,huBy3W5qiD2,"29Dys-4Yrs, Female",2025-06-14 12:31:53.170 +0300,2025-06-14 12:31:53.170 +0300
2008,1.3.12,Palliative,,,,PC01, No. of patients that need palliative care,jJv1Vd5ztKH,V2OuNTRI6ua,"29Dys-4Yrs, Male",2025-06-14 12:31:53.170 +0300,2025-06-14 12:31:53.170 +0300
2009,1.3.12,Palliative,,,,PC01, No. of patients that need palliative care,jJv1Vd5ztKH,Crc5reUlspd,"5-9Yrs, Female",2025-06-14 12:31:53.170 +0300,2025-06-14 12:31:53.170 +0300
2010,1.3.12,Palliative,,,,PC01, No. of patients that need palliative care,jJv1Vd5ztKH,F1rms8f9I9a,"5-9Yrs, Male",2025-06-14 12:31:53.170 +0300,2025-06-14 12:31:53.170 +0300
2011,1.3.12,Palliative,,,,PC01, No. of patients that need palliative care,yCiHlfP1BXq,wDiX34aiw6i,"0-28Dys, Female",2025-06-14 12:31:53.170 +0300,2025-06-14 12:31:53.170 +0300
2012,1.3.12,Palliative,,,,PC01, No. of patients that need palliative care,yCiHlfP1BXq,zh2zAaHyYQx,"0-28Dys, Male",2025-06-14 12:31:53.170 +0300,2025-06-14 12:31:53.170 +0300
2013,1.3.12,Palliative,,,,PC01, No. of patients that need palliative care,yCiHlfP1BXq,u3CkZqMHfHP,"10-19Yrs, Female",2025-06-14 12:31:53.170 +0300,2025-06-14 12:31:53.170 +0300
2014,1.3.12,Palliative,,,,PC01, No. of patients that need palliative care,yCiHlfP1BXq,c7gvocRdg0f,"10-19Yrs, Male",2025-06-14 12:31:53.170 +0300,2025-06-14 12:31:53.170 +0300
2015,1.3.12,Palliative,,,,PC01, No. of patients that need palliative care,yCiHlfP1BXq,XVHTeecEOM3,"20+Yrs, Female",2025-06-14 12:31:53.170 +0300,2025-06-14 12:31:53.170 +0300
2016,1.3.12,Palliative,,,,PC01, No. of patients that need palliative care,yCiHlfP1BXq,dCKzhhINakS,"20+Yrs, Male",2025-06-14 12:31:53.170 +0300,2025-06-14 12:31:53.170 +0300
2017,1.3.12,Palliative,,,,PC01, No. of patients that need palliative care,yCiHlfP1BXq,huBy3W5qiD2,"29Dys-4Yrs, Female",2025-06-14 12:31:53.170 +0300,2025-06-14 12:31:53.170 +0300
2018,1.3.12,Palliative,,,,PC01, No. of patients that need palliative care,yCiHlfP1BXq,V2OuNTRI6ua,"29Dys-4Yrs, Male",2025-06-14 12:31:53.170 +0300,2025-06-14 12:31:53.170 +0300
2019,1.3.12,Palliative,,,,PC01, No. of patients that need palliative care,yCiHlfP1BXq,Crc5reUlspd,"5-9Yrs, Female",2025-06-14 12:31:53.170 +0300,2025-06-14 12:31:53.170 +0300
2020,1.3.12,Palliative,,,,PC01, No. of patients that need palliative care,yCiHlfP1BXq,F1rms8f9I9a,"5-9Yrs, Male",2025-06-14 12:31:53.170 +0300,2025-06-14 12:31:53.170 +0300
2021,1.3.12,Palliative,,,,PC01, No. of patients that need palliative care,Fl8O8mnzymG,wDiX34aiw6i,"0-28Dys, Female",2025-06-14 12:31:53.170 +0300,2025-06-14 12:31:53.170 +0300
2022,1.3.12,Palliative,,,,PC01, No. of patients that need palliative care,Fl8O8mnzymG,zh2zAaHyYQx,"0-28Dys, Male",2025-06-14 12:31:53.170 +0300,2025-06-14 12:31:53.170 +0300
2023,1.3.12,Palliative,,,,PC01, No. of patients that need palliative care,Fl8O8mnzymG,u3CkZqMHfHP,"10-19Yrs, Female",2025-06-14 12:31:53.170 +0300,2025-06-14 12:31:53.170 +0300
2024,1.3.12,Palliative,,,,PC01, No. of patients that need palliative care,Fl8O8mnzymG,c7gvocRdg0f,"10-19Yrs, Male",2025-06-14 12:31:53.170 +0300,2025-06-14 12:31:53.170 +0300
2025,1.3.12,Palliative,,,,PC01, No. of patients that need palliative care,Fl8O8mnzymG,XVHTeecEOM3,"20+Yrs, Female",2025-06-14 12:31:53.170 +0300,2025-06-14 12:31:53.170 +0300
2026,1.3.12,Palliative,,,,PC01, No. of patients that need palliative care,Fl8O8mnzymG,dCKzhhINakS,"20+Yrs, Male",2025-06-14 12:31:53.170 +0300,2025-06-14 12:31:53.170 +0300
2027,1.3.12,Palliative,,,,PC01, No. of patients that need palliative care,Fl8O8mnzymG,huBy3W5qiD2,"29Dys-4Yrs, Female",2025-06-14 12:31:53.170 +0300,2025-06-14 12:31:53.170 +0300
2028,1.3.12,Palliative,,,,PC01, No. of patients that need palliative care,Fl8O8mnzymG,V2OuNTRI6ua,"29Dys-4Yrs, Male",2025-06-14 12:31:53.170 +0300,2025-06-14 12:31:53.170 +0300
2029,1.3.12,Palliative,,,,PC01, No. of patients that need palliative care,Fl8O8mnzymG,Crc5reUlspd,"5-9Yrs, Female",2025-06-14 12:31:53.170 +0300,2025-06-14 12:31:53.170 +0300
2030,1.3.12,Palliative,,,,PC01, No. of patients that need palliative care,Fl8O8mnzymG,F1rms8f9I9a,"5-9Yrs, Male",2025-06-14 12:31:53.170 +0300,2025-06-14 12:31:53.170 +0300
2031,1.3.12,Palliative,,,,PC02,No. of new patients that received palliative care during the month,IU4nrWWRJpJ,wDiX34aiw6i,"0-28Dys, Female",2025-06-14 12:31:53.170 +0300,2025-06-14 12:31:53.170 +0300
2032,1.3.12,Palliative,,,,PC02,No. of new patients that received palliative care during the month,IU4nrWWRJpJ,zh2zAaHyYQx,"0-28Dys, Male",2025-06-14 12:31:53.170 +0300,2025-06-14 12:31:53.170 +0300
2033,1.3.12,Palliative,,,,PC02,No. of new patients that received palliative care during the month,IU4nrWWRJpJ,u3CkZqMHfHP,"10-19Yrs, Female",2025-06-14 12:31:53.170 +0300,2025-06-14 12:31:53.170 +0300
2034,1.3.12,Palliative,,,,PC02,No. of new patients that received palliative care during the month,IU4nrWWRJpJ,c7gvocRdg0f,"10-19Yrs, Male",2025-06-14 12:31:53.170 +0300,2025-06-14 12:31:53.170 +0300
2035,1.3.12,Palliative,,,,PC02,No. of new patients that received palliative care during the month,IU4nrWWRJpJ,XVHTeecEOM3,"20+Yrs, Female",2025-06-14 12:31:53.170 +0300,2025-06-14 12:31:53.170 +0300
2036,1.3.12,Palliative,,,,PC02,No. of new patients that received palliative care during the month,IU4nrWWRJpJ,dCKzhhINakS,"20+Yrs, Male",2025-06-14 12:31:53.170 +0300,2025-06-14 12:31:53.170 +0300
2037,1.3.12,Palliative,,,,PC02,No. of new patients that received palliative care during the month,IU4nrWWRJpJ,huBy3W5qiD2,"29Dys-4Yrs, Female",2025-06-14 12:31:53.170 +0300,2025-06-14 12:31:53.170 +0300
2038,1.3.12,Palliative,,,,PC02,No. of new patients that received palliative care during the month,IU4nrWWRJpJ,V2OuNTRI6ua,"29Dys-4Yrs, Male",2025-06-14 12:31:53.170 +0300,2025-06-14 12:31:53.170 +0300
2039,1.3.12,Palliative,,,,PC02,No. of new patients that received palliative care during the month,IU4nrWWRJpJ,Crc5reUlspd,"5-9Yrs, Female",2025-06-14 12:31:53.170 +0300,2025-06-14 12:31:53.170 +0300
2040,1.3.12,Palliative,,,,PC02,No. of new patients that received palliative care during the month,IU4nrWWRJpJ,F1rms8f9I9a,"5-9Yrs, Male",2025-06-14 12:31:53.170 +0300,2025-06-14 12:31:53.170 +0300
2041,1.3.12,Palliative,,,,PC02,No. of new patients that received palliative care during the month,wQhGJkLlk9L,wDiX34aiw6i,"0-28Dys, Female",2025-06-14 12:31:53.170 +0300,2025-06-14 12:31:53.170 +0300
2042,1.3.12,Palliative,,,,PC02,No. of new patients that received palliative care during the month,wQhGJkLlk9L,zh2zAaHyYQx,"0-28Dys, Male",2025-06-14 12:31:53.170 +0300,2025-06-14 12:31:53.170 +0300
2043,1.3.12,Palliative,,,,PC02,No. of new patients that received palliative care during the month,wQhGJkLlk9L,u3CkZqMHfHP,"10-19Yrs, Female",2025-06-14 12:31:53.170 +0300,2025-06-14 12:31:53.170 +0300
2044,1.3.12,Palliative,,,,PC02,No. of new patients that received palliative care during the month,wQhGJkLlk9L,c7gvocRdg0f,"10-19Yrs, Male",2025-06-14 12:31:53.170 +0300,2025-06-14 12:31:53.170 +0300
2045,1.3.12,Palliative,,,,PC02,No. of new patients that received palliative care during the month,wQhGJkLlk9L,XVHTeecEOM3,"20+Yrs, Female",2025-06-14 12:31:53.170 +0300,2025-06-14 12:31:53.170 +0300
2046,1.3.12,Palliative,,,,PC02,No. of new patients that received palliative care during the month,wQhGJkLlk9L,dCKzhhINakS,"20+Yrs, Male",2025-06-14 12:31:53.170 +0300,2025-06-14 12:31:53.170 +0300
2047,1.3.12,Palliative,,,,PC02,No. of new patients that received palliative care during the month,wQhGJkLlk9L,huBy3W5qiD2,"29Dys-4Yrs, Female",2025-06-14 12:31:53.170 +0300,2025-06-14 12:31:53.170 +0300
2048,1.3.12,Palliative,,,,PC02,No. of new patients that received palliative care during the month,wQhGJkLlk9L,V2OuNTRI6ua,"29Dys-4Yrs, Male",2025-06-14 12:31:53.170 +0300,2025-06-14 12:31:53.170 +0300
2049,1.3.12,Palliative,,,,PC02,No. of new patients that received palliative care during the month,wQhGJkLlk9L,Crc5reUlspd,"5-9Yrs, Female",2025-06-14 12:31:53.170 +0300,2025-06-14 12:31:53.170 +0300
2050,1.3.12,Palliative,,,,PC02,No. of new patients that received palliative care during the month,wQhGJkLlk9L,F1rms8f9I9a,"5-9Yrs, Male",2025-06-14 12:31:53.170 +0300,2025-06-14 12:31:53.170 +0300
2051,1.3.12,Palliative,,,,PC02,No. of new patients that received palliative care during the month,HjrQ7xEhXf4,wDiX34aiw6i,"0-28Dys, Female",2025-06-14 12:31:53.170 +0300,2025-06-14 12:31:53.170 +0300
2052,1.3.12,Palliative,,,,PC02,No. of new patients that received palliative care during the month,HjrQ7xEhXf4,zh2zAaHyYQx,"0-28Dys, Male",2025-06-14 12:31:53.170 +0300,2025-06-14 12:31:53.170 +0300
2053,1.3.12,Palliative,,,,PC02,No. of new patients that received palliative care during the month,HjrQ7xEhXf4,u3CkZqMHfHP,"10-19Yrs, Female",2025-06-14 12:31:53.170 +0300,2025-06-14 12:31:53.170 +0300
2054,1.3.12,Palliative,,,,PC02,No. of new patients that received palliative care during the month,HjrQ7xEhXf4,c7gvocRdg0f,"10-19Yrs, Male",2025-06-14 12:31:53.170 +0300,2025-06-14 12:31:53.170 +0300
2055,1.3.12,Palliative,,,,PC02,No. of new patients that received palliative care during the month,HjrQ7xEhXf4,XVHTeecEOM3,"20+Yrs, Female",2025-06-14 12:31:53.170 +0300,2025-06-14 12:31:53.170 +0300
2056,1.3.12,Palliative,,,,PC02,No. of new patients that received palliative care during the month,HjrQ7xEhXf4,dCKzhhINakS,"20+Yrs, Male",2025-06-14 12:31:53.170 +0300,2025-06-14 12:31:53.170 +0300
2057,1.3.12,Palliative,,,,PC02,No. of new patients that received palliative care during the month,HjrQ7xEhXf4,huBy3W5qiD2,"29Dys-4Yrs, Female",2025-06-14 12:31:53.170 +0300,2025-06-14 12:31:53.170 +0300
2058,1.3.12,Palliative,,,,PC02,No. of new patients that received palliative care during the month,HjrQ7xEhXf4,V2OuNTRI6ua,"29Dys-4Yrs, Male",2025-06-14 12:31:53.170 +0300,2025-06-14 12:31:53.170 +0300
2059,1.3.12,Palliative,,,,PC02,No. of new patients that received palliative care during the month,HjrQ7xEhXf4,Crc5reUlspd,"5-9Yrs, Female",2025-06-14 12:31:53.170 +0300,2025-06-14 12:31:53.170 +0300
2060,1.3.12,Palliative,,,,PC02,No. of new patients that received palliative care during the month,HjrQ7xEhXf4,F1rms8f9I9a,"5-9Yrs, Male",2025-06-14 12:31:53.170 +0300,2025-06-14 12:31:53.170 +0300
2061,1.3.12,Palliative,,,,PC02,No. of new patients that received palliative care during the month,sjh8UmoEarI,wDiX34aiw6i,"0-28Dys, Female",2025-06-14 12:31:53.170 +0300,2025-06-14 12:31:53.170 +0300
2062,1.3.12,Palliative,,,,PC02,No. of new patients that received palliative care during the month,sjh8UmoEarI,zh2zAaHyYQx,"0-28Dys, Male",2025-06-14 12:31:53.170 +0300,2025-06-14 12:31:53.170 +0300
2063,1.3.12,Palliative,,,,PC02,No. of new patients that received palliative care during the month,sjh8UmoEarI,u3CkZqMHfHP,"10-19Yrs, Female",2025-06-14 12:31:53.170 +0300,2025-06-14 12:31:53.170 +0300
2064,1.3.12,Palliative,,,,PC02,No. of new patients that received palliative care during the month,sjh8UmoEarI,c7gvocRdg0f,"10-19Yrs, Male",2025-06-14 12:31:53.170 +0300,2025-06-14 12:31:53.170 +0300
2065,1.3.12,Palliative,,,,PC02,No. of new patients that received palliative care during the month,sjh8UmoEarI,XVHTeecEOM3,"20+Yrs, Female",2025-06-14 12:31:53.170 +0300,2025-06-14 12:31:53.170 +0300
2066,1.3.12,Palliative,,,,PC02,No. of new patients that received palliative care during the month,sjh8UmoEarI,dCKzhhINakS,"20+Yrs, Male",2025-06-14 12:31:53.170 +0300,2025-06-14 12:31:53.170 +0300
2067,1.3.12,Palliative,,,,PC02,No. of new patients that received palliative care during the month,sjh8UmoEarI,huBy3W5qiD2,"29Dys-4Yrs, Female",2025-06-14 12:31:53.170 +0300,2025-06-14 12:31:53.170 +0300
2068,1.3.12,Palliative,,,,PC02,No. of new patients that received palliative care during the month,sjh8UmoEarI,V2OuNTRI6ua,"29Dys-4Yrs, Male",2025-06-14 12:31:53.170 +0300,2025-06-14 12:31:53.170 +0300
2069,1.3.12,Palliative,,,,PC02,No. of new patients that received palliative care during the month,sjh8UmoEarI,Crc5reUlspd,"5-9Yrs, Female",2025-06-14 12:31:53.170 +0300,2025-06-14 12:31:53.170 +0300
2070,1.3.12,Palliative,,,,PC02,No. of new patients that received palliative care during the month,sjh8UmoEarI,F1rms8f9I9a,"5-9Yrs, Male",2025-06-14 12:31:53.170 +0300,2025-06-14 12:31:53.170 +0300
2071,1.3.12,Palliative,,,,PC03,No. of patients that received palliative care during the month,VM11wAgPmwD,wDiX34aiw6i,"0-28Dys, Female",2025-06-14 12:31:53.170 +0300,2025-06-14 12:31:53.170 +0300
2072,1.3.12,Palliative,,,,PC03,No. of patients that received palliative care during the month,VM11wAgPmwD,zh2zAaHyYQx,"0-28Dys, Male",2025-06-14 12:31:53.170 +0300,2025-06-14 12:31:53.170 +0300
2073,1.3.12,Palliative,,,,PC03,No. of patients that received palliative care during the month,VM11wAgPmwD,u3CkZqMHfHP,"10-19Yrs, Female",2025-06-14 12:31:53.170 +0300,2025-06-14 12:31:53.170 +0300
2074,1.3.12,Palliative,,,,PC03,No. of patients that received palliative care during the month,VM11wAgPmwD,c7gvocRdg0f,"10-19Yrs, Male",2025-06-14 12:31:53.170 +0300,2025-06-14 12:31:53.170 +0300
2075,1.3.12,Palliative,,,,PC03,No. of patients that received palliative care during the month,VM11wAgPmwD,XVHTeecEOM3,"20+Yrs, Female",2025-06-14 12:31:53.170 +0300,2025-06-14 12:31:53.170 +0300
2076,1.3.12,Palliative,,,,PC03,No. of patients that received palliative care during the month,VM11wAgPmwD,dCKzhhINakS,"20+Yrs, Male",2025-06-14 12:31:53.170 +0300,2025-06-14 12:31:53.170 +0300
2077,1.3.12,Palliative,,,,PC03,No. of patients that received palliative care during the month,VM11wAgPmwD,huBy3W5qiD2,"29Dys-4Yrs, Female",2025-06-14 12:31:53.170 +0300,2025-06-14 12:31:53.170 +0300
2078,1.3.12,Palliative,,,,PC03,No. of patients that received palliative care during the month,VM11wAgPmwD,V2OuNTRI6ua,"29Dys-4Yrs, Male",2025-06-14 12:31:53.170 +0300,2025-06-14 12:31:53.170 +0300
2079,1.3.12,Palliative,,,,PC03,No. of patients that received palliative care during the month,VM11wAgPmwD,Crc5reUlspd,"5-9Yrs, Female",2025-06-14 12:31:53.170 +0300,2025-06-14 12:31:53.170 +0300
2080,1.3.12,Palliative,,,,PC03,No. of patients that received palliative care during the month,VM11wAgPmwD,F1rms8f9I9a,"5-9Yrs, Male",2025-06-14 12:31:53.170 +0300,2025-06-14 12:31:53.170 +0300
2081,1.3.12,Palliative,,,,PC03,No. of patients that received palliative care during the month,rTJubNqd2ua,wDiX34aiw6i,"0-28Dys, Female",2025-06-14 12:31:53.170 +0300,2025-06-14 12:31:53.170 +0300
2082,1.3.12,Palliative,,,,PC03,No. of patients that received palliative care during the month,rTJubNqd2ua,zh2zAaHyYQx,"0-28Dys, Male",2025-06-14 12:31:53.170 +0300,2025-06-14 12:31:53.170 +0300
2083,1.3.12,Palliative,,,,PC03,No. of patients that received palliative care during the month,rTJubNqd2ua,u3CkZqMHfHP,"10-19Yrs, Female",2025-06-14 12:31:53.170 +0300,2025-06-14 12:31:53.170 +0300
2084,1.3.12,Palliative,,,,PC03,No. of patients that received palliative care during the month,rTJubNqd2ua,c7gvocRdg0f,"10-19Yrs, Male",2025-06-14 12:31:53.170 +0300,2025-06-14 12:31:53.170 +0300
2085,1.3.12,Palliative,,,,PC03,No. of patients that received palliative care during the month,rTJubNqd2ua,XVHTeecEOM3,"20+Yrs, Female",2025-06-14 12:31:53.170 +0300,2025-06-14 12:31:53.170 +0300
2086,1.3.12,Palliative,,,,PC03,No. of patients that received palliative care during the month,rTJubNqd2ua,dCKzhhINakS,"20+Yrs, Male",2025-06-14 12:31:53.170 +0300,2025-06-14 12:31:53.170 +0300
2087,1.3.12,Palliative,,,,PC03,No. of patients that received palliative care during the month,rTJubNqd2ua,huBy3W5qiD2,"29Dys-4Yrs, Female",2025-06-14 12:31:53.170 +0300,2025-06-14 12:31:53.170 +0300
2088,1.3.12,Palliative,,,,PC03,No. of patients that received palliative care during the month,rTJubNqd2ua,V2OuNTRI6ua,"29Dys-4Yrs, Male",2025-06-14 12:31:53.170 +0300,2025-06-14 12:31:53.170 +0300
1221,1.3.12,Palliative,,,,PC01, No. of patients that need palliative care - Cancer ,QZRNFkshLLg,wDiX34aiw6i,"0-28Dys, Female",2025-06-14 12:31:53.170 +0300,2025-06-14 12:31:53.170 +0300
1222,1.3.12,Palliative,,,,PC01, No. of patients that need palliative care - Cancer ,QZRNFkshLLg,zh2zAaHyYQx,"0-28Dys, Male",2025-06-14 12:31:53.170 +0300,2025-06-14 12:31:53.170 +0300
1223,1.3.12,Palliative,,,,PC01, No. of patients that need palliative care - Cancer ,QZRNFkshLLg,u3CkZqMHfHP,"10-19Yrs, Female",2025-06-14 12:31:53.170 +0300,2025-06-14 12:31:53.170 +0300
1224,1.3.12,Palliative,,,,PC01, No. of patients that need palliative care - Cancer ,QZRNFkshLLg,c7gvocRdg0f,"10-19Yrs, Male",2025-06-14 12:31:53.170 +0300,2025-06-14 12:31:53.170 +0300
1225,1.3.12,Palliative,,,,PC01, No. of patients that need palliative care - Cancer ,QZRNFkshLLg,XVHTeecEOM3,"20+Yrs, Female",2025-06-14 12:31:53.170 +0300,2025-06-14 12:31:53.170 +0300
1226,1.3.12,Palliative,,,,PC01, No. of patients that need palliative care - Cancer ,QZRNFkshLLg,dCKzhhINakS,"20+Yrs, Male",2025-06-14 12:31:53.170 +0300,2025-06-14 12:31:53.170 +0300
1227,1.3.12,Palliative,,,,PC01, No. of patients that need palliative care - Cancer ,QZRNFkshLLg,huBy3W5qiD2,"29Dys-4Yrs, Female",2025-06-14 12:31:53.170 +0300,2025-06-14 12:31:53.170 +0300
1228,1.3.12,Palliative,,,,PC01, No. of patients that need palliative care - Cancer ,QZRNFkshLLg,V2OuNTRI6ua,"29Dys-4Yrs, Male",2025-06-14 12:31:53.170 +0300,2025-06-14 12:31:53.170 +0300
1229,1.3.12,Palliative,,,,PC01, No. of patients that need palliative care - Cancer ,QZRNFkshLLg,Crc5reUlspd,"5-9Yrs, Female",2025-06-14 12:31:53.170 +0300,2025-06-14 12:31:53.170 +0300
1230,1.3.12,Palliative,,,,PC01, No. of patients that need palliative care - Cancer ,QZRNFkshLLg,F1rms8f9I9a,"5-9Yrs, Male",2025-06-14 12:31:53.170 +0300,2025-06-14 12:31:53.170 +0300
1231,1.3.12,Palliative,,,,PC01, No. of patients that need palliative care - Cancer ,jJv1Vd5ztKH,wDiX34aiw6i,"0-28Dys, Female",2025-06-14 12:31:53.170 +0300,2025-06-14 12:31:53.170 +0300
1232,1.3.12,Palliative,,,,PC01, No. of patients that need palliative care - Cancer ,jJv1Vd5ztKH,zh2zAaHyYQx,"0-28Dys, Male",2025-06-14 12:31:53.170 +0300,2025-06-14 12:31:53.170 +0300
1233,1.3.12,Palliative,,,,PC01, No. of patients that need palliative care - Cancer ,jJv1Vd5ztKH,u3CkZqMHfHP,"10-19Yrs, Female",2025-06-14 12:31:53.170 +0300,2025-06-14 12:31:53.170 +0300
1234,1.3.12,Palliative,,,,PC01, No. of patients that need palliative care - Cancer ,jJv1Vd5ztKH,c7gvocRdg0f,"10-19Yrs, Male",2025-06-14 12:31:53.170 +0300,2025-06-14 12:31:53.170 +0300
1235,1.3.12,Palliative,,,,PC01, No. of patients that need palliative care - Cancer ,jJv1Vd5ztKH,XVHTeecEOM3,"20+Yrs, Female",2025-06-14 12:31:53.170 +0300,2025-06-14 12:31:53.170 +0300
1236,1.3.12,Palliative,,,,PC01, No. of patients that need palliative care,jJv1Vd5ztKH,dCKzhhINakS,"20+Yrs, Male",2025-06-14 12:31:53.170 +0300,2025-06-14 12:31:53.170 +0300
1237,1.3.12,Palliative,,,,PC01, No. of patients that need palliative care,jJv1Vd5ztKH,huBy3W5qiD2,"29Dys-4Yrs, Female",2025-06-14 12:31:53.170 +0300,2025-06-14 12:31:53.170 +0300
1238,1.3.12,Palliative,,,,PC01, No. of patients that need palliative care,jJv1Vd5ztKH,V2OuNTRI6ua,"29Dys-4Yrs, Male",2025-06-14 12:31:53.170 +0300,2025-06-14 12:31:53.170 +0300
1239,1.3.12,Palliative,,,,PC01, No. of patients that need palliative care,jJv1Vd5ztKH,Crc5reUlspd,"5-9Yrs, Female",2025-06-14 12:31:53.170 +0300,2025-06-14 12:31:53.170 +0300
1240,1.3.12,Palliative,,,,PC01, No. of patients that need palliative care,jJv1Vd5ztKH,F1rms8f9I9a,"5-9Yrs, Male",2025-06-14 12:31:53.170 +0300,2025-06-14 12:31:53.170 +0300
1241,1.3.12,Palliative,,,,PC01, No. of patients that need palliative care,yCiHlfP1BXq,wDiX34aiw6i,"0-28Dys, Female",2025-06-14 12:31:53.170 +0300,2025-06-14 12:31:53.170 +0300
1242,1.3.12,Palliative,,,,PC01, No. of patients that need palliative care,yCiHlfP1BXq,zh2zAaHyYQx,"0-28Dys, Male",2025-06-14 12:31:53.170 +0300,2025-06-14 12:31:53.170 +0300
1243,1.3.12,Palliative,,,,PC01, No. of patients that need palliative care,yCiHlfP1BXq,u3CkZqMHfHP,"10-19Yrs, Female",2025-06-14 12:31:53.170 +0300,2025-06-14 12:31:53.170 +0300
1244,1.3.12,Palliative,,,,PC01, No. of patients that need palliative care,yCiHlfP1BXq,c7gvocRdg0f,"10-19Yrs, Male",2025-06-14 12:31:53.170 +0300,2025-06-14 12:31:53.170 +0300
1245,1.3.12,Palliative,,,,PC01, No. of patients that need palliative care,yCiHlfP1BXq,XVHTeecEOM3,"20+Yrs, Female",2025-06-14 12:31:53.170 +0300,2025-06-14 12:31:53.170 +0300
1246,1.3.12,Palliative,,,,PC01, No. of patients that need palliative care,yCiHlfP1BXq,dCKzhhINakS,"20+Yrs, Male",2025-06-14 12:31:53.170 +0300,2025-06-14 12:31:53.170 +0300
1247,1.3.12,Palliative,,,,PC01, No. of patients that need palliative care,yCiHlfP1BXq,huBy3W5qiD2,"29Dys-4Yrs, Female",2025-06-14 12:31:53.170 +0300,2025-06-14 12:31:53.170 +0300
1248,1.3.12,Palliative,,,,PC01, No. of patients that need palliative care,yCiHlfP1BXq,V2OuNTRI6ua,"29Dys-4Yrs, Male",2025-06-14 12:31:53.170 +0300,2025-06-14 12:31:53.170 +0300
1249,1.3.12,Palliative,,,,PC01, No. of patients that need palliative care,yCiHlfP1BXq,Crc5reUlspd,"5-9Yrs, Female",2025-06-14 12:31:53.170 +0300,2025-06-14 12:31:53.170 +0300
1250,1.3.12,Palliative,,,,PC01, No. of patients that need palliative care,yCiHlfP1BXq,F1rms8f9I9a,"5-9Yrs, Male",2025-06-14 12:31:53.170 +0300,2025-06-14 12:31:53.170 +0300
1251,1.3.12,Palliative,,,,PC01, No. of patients that need palliative care,Fl8O8mnzymG,wDiX34aiw6i,"0-28Dys, Female",2025-06-14 12:31:53.170 +0300,2025-06-14 12:31:53.170 +0300
1252,1.3.12,Palliative,,,,PC01, No. of patients that need palliative care,Fl8O8mnzymG,zh2zAaHyYQx,"0-28Dys, Male",2025-06-14 12:31:53.170 +0300,2025-06-14 12:31:53.170 +0300
1253,1.3.12,Palliative,,,,PC01, No. of patients that need palliative care,Fl8O8mnzymG,u3CkZqMHfHP,"10-19Yrs, Female",2025-06-14 12:31:53.170 +0300,2025-06-14 12:31:53.170 +0300
1254,1.3.12,Palliative,,,,PC01, No. of patients that need palliative care,Fl8O8mnzymG,c7gvocRdg0f,"10-19Yrs, Male",2025-06-14 12:31:53.170 +0300,2025-06-14 12:31:53.170 +0300
1255,1.3.12,Palliative,,,,PC01, No. of patients that need palliative care,Fl8O8mnzymG,XVHTeecEOM3,"20+Yrs, Female",2025-06-14 12:31:53.170 +0300,2025-06-14 12:31:53.170 +0300
1256,1.3.12,Palliative,,,,PC01, No. of patients that need palliative care,Fl8O8mnzymG,dCKzhhINakS,"20+Yrs, Male",2025-06-14 12:31:53.170 +0300,2025-06-14 12:31:53.170 +0300
1257,1.3.12,Palliative,,,,PC01, No. of patients that need palliative care,Fl8O8mnzymG,huBy3W5qiD2,"29Dys-4Yrs, Female",2025-06-14 12:31:53.170 +0300,2025-06-14 12:31:53.170 +0300
1258,1.3.12,Palliative,,,,PC01, No. of patients that need palliative care,Fl8O8mnzymG,V2OuNTRI6ua,"29Dys-4Yrs, Male",2025-06-14 12:31:53.170 +0300,2025-06-14 12:31:53.170 +0300
1259,1.3.12,Palliative,,,,PC01, No. of patients that need palliative care,Fl8O8mnzymG,Crc5reUlspd,"5-9Yrs, Female",2025-06-14 12:31:53.170 +0300,2025-06-14 12:31:53.170 +0300
1260,1.3.12,Palliative,,,,PC01, No. of patients that need palliative care,Fl8O8mnzymG,F1rms8f9I9a,"5-9Yrs, Male",2025-06-14 12:31:53.170 +0300,2025-06-14 12:31:53.170 +0300
1261,1.3.12,Palliative,,,,PC02,No. of new patients that received palliative care during the month,IU4nrWWRJpJ,wDiX34aiw6i,"0-28Dys, Female",2025-06-14 12:31:53.170 +0300,2025-06-14 12:31:53.170 +0300
1262,1.3.12,Palliative,,,,PC02,No. of new patients that received palliative care during the month,IU4nrWWRJpJ,zh2zAaHyYQx,"0-28Dys, Male",2025-06-14 12:31:53.170 +0300,2025-06-14 12:31:53.170 +0300
1263,1.3.12,Palliative,,,,PC02,No. of new patients that received palliative care during the month,IU4nrWWRJpJ,u3CkZqMHfHP,"10-19Yrs, Female",2025-06-14 12:31:53.170 +0300,2025-06-14 12:31:53.170 +0300
1264,1.3.12,Palliative,,,,PC02,No. of new patients that received palliative care during the month,IU4nrWWRJpJ,c7gvocRdg0f,"10-19Yrs, Male",2025-06-14 12:31:53.170 +0300,2025-06-14 12:31:53.170 +0300
1265,1.3.12,Palliative,,,,PC02,No. of new patients that received palliative care during the month,IU4nrWWRJpJ,XVHTeecEOM3,"20+Yrs, Female",2025-06-14 12:31:53.170 +0300,2025-06-14 12:31:53.170 +0300
1266,1.3.12,Palliative,,,,PC02,No. of new patients that received palliative care during the month,IU4nrWWRJpJ,dCKzhhINakS,"20+Yrs, Male",2025-06-14 12:31:53.170 +0300,2025-06-14 12:31:53.170 +0300
1267,1.3.12,Palliative,,,,PC02,No. of new patients that received palliative care during the month,IU4nrWWRJpJ,huBy3W5qiD2,"29Dys-4Yrs, Female",2025-06-14 12:31:53.170 +0300,2025-06-14 12:31:53.170 +0300
1268,1.3.12,Palliative,,,,PC02,No. of new patients that received palliative care during the month,IU4nrWWRJpJ,V2OuNTRI6ua,"29Dys-4Yrs, Male",2025-06-14 12:31:53.170 +0300,2025-06-14 12:31:53.170 +0300
1269,1.3.12,Palliative,,,,PC02,No. of new patients that received palliative care during the month,IU4nrWWRJpJ,Crc5reUlspd,"5-9Yrs, Female",2025-06-14 12:31:53.170 +0300,2025-06-14 12:31:53.170 +0300
1270,1.3.12,Palliative,,,,PC02,No. of new patients that received palliative care during the month,IU4nrWWRJpJ,F1rms8f9I9a,"5-9Yrs, Male",2025-06-14 12:31:53.170 +0300,2025-06-14 12:31:53.170 +0300
1271,1.3.12,Palliative,,,,PC02,No. of new patients that received palliative care during the month,wQhGJkLlk9L,wDiX34aiw6i,"0-28Dys, Female",2025-06-14 12:31:53.170 +0300,2025-06-14 12:31:53.170 +0300
1272,1.3.12,Palliative,,,,PC02,No. of new patients that received palliative care during the month,wQhGJkLlk9L,zh2zAaHyYQx,"0-28Dys, Male",2025-06-14 12:31:53.170 +0300,2025-06-14 12:31:53.170 +0300
1273,1.3.12,Palliative,,,,PC02,No. of new patients that received palliative care during the month,wQhGJkLlk9L,u3CkZqMHfHP,"10-19Yrs, Female",2025-06-14 12:31:53.170 +0300,2025-06-14 12:31:53.170 +0300
1274,1.3.12,Palliative,,,,PC02,No. of new patients that received palliative care during the month,wQhGJkLlk9L,c7gvocRdg0f,"10-19Yrs, Male",2025-06-14 12:31:53.170 +0300,2025-06-14 12:31:53.170 +0300
1275,1.3.12,Palliative,,,,PC02,No. of new patients that received palliative care during the month,wQhGJkLlk9L,XVHTeecEOM3,"20+Yrs, Female",2025-06-14 12:31:53.170 +0300,2025-06-14 12:31:53.170 +0300
1276,1.3.12,Palliative,,,,PC02,No. of new patients that received palliative care during the month,wQhGJkLlk9L,dCKzhhINakS,"20+Yrs, Male",2025-06-14 12:31:53.170 +0300,2025-06-14 12:31:53.170 +0300
1277,1.3.12,Palliative,,,,PC02,No. of new patients that received palliative care during the month,wQhGJkLlk9L,huBy3W5qiD2,"29Dys-4Yrs, Female",2025-06-14 12:31:53.170 +0300,2025-06-14 12:31:53.170 +0300
1278,1.3.12,Palliative,,,,PC02,No. of new patients that received palliative care during the month,wQhGJkLlk9L,V2OuNTRI6ua,"29Dys-4Yrs, Male",2025-06-14 12:31:53.170 +0300,2025-06-14 12:31:53.170 +0300
1279,1.3.12,Palliative,,,,PC02,No. of new patients that received palliative care during the month,wQhGJkLlk9L,Crc5reUlspd,"5-9Yrs, Female",2025-06-14 12:31:53.170 +0300,2025-06-14 12:31:53.170 +0300
1280,1.3.12,Palliative,,,,PC02,No. of new patients that received palliative care during the month,wQhGJkLlk9L,F1rms8f9I9a,"5-9Yrs, Male",2025-06-14 12:31:53.170 +0300,2025-06-14 12:31:53.170 +0300
1281,1.3.12,Palliative,,,,PC02,No. of new patients that received palliative care during the month,HjrQ7xEhXf4,wDiX34aiw6i,"0-28Dys, Female",2025-06-14 12:31:53.170 +0300,2025-06-14 12:31:53.170 +0300
1282,1.3.12,Palliative,,,,PC02,No. of new patients that received palliative care during the month,HjrQ7xEhXf4,zh2zAaHyYQx,"0-28Dys, Male",2025-06-14 12:31:53.170 +0300,2025-06-14 12:31:53.170 +0300
1283,1.3.12,Palliative,,,,PC02,No. of new patients that received palliative care during the month,HjrQ7xEhXf4,u3CkZqMHfHP,"10-19Yrs, Female",2025-06-14 12:31:53.170 +0300,2025-06-14 12:31:53.170 +0300
1284,1.3.12,Palliative,,,,PC02,No. of new patients that received palliative care during the month,HjrQ7xEhXf4,c7gvocRdg0f,"10-19Yrs, Male",2025-06-14 12:31:53.170 +0300,2025-06-14 12:31:53.170 +0300
1285,1.3.12,Palliative,,,,PC02,No. of new patients that received palliative care during the month,HjrQ7xEhXf4,XVHTeecEOM3,"20+Yrs, Female",2025-06-14 12:31:53.170 +0300,2025-06-14 12:31:53.170 +0300
1286,1.3.12,Palliative,,,,PC02,No. of new patients that received palliative care during the month,HjrQ7xEhXf4,dCKzhhINakS,"20+Yrs, Male",2025-06-14 12:31:53.170 +0300,2025-06-14 12:31:53.170 +0300
1287,1.3.12,Palliative,,,,PC02,No. of new patients that received palliative care during the month,HjrQ7xEhXf4,huBy3W5qiD2,"29Dys-4Yrs, Female",2025-06-14 12:31:53.170 +0300,2025-06-14 12:31:53.170 +0300
1288,1.3.12,Palliative,,,,PC02,No. of new patients that received palliative care during the month,HjrQ7xEhXf4,V2OuNTRI6ua,"29Dys-4Yrs, Male",2025-06-14 12:31:53.170 +0300,2025-06-14 12:31:53.170 +0300
1289,1.3.12,Palliative,,,,PC02,No. of new patients that received palliative care during the month,HjrQ7xEhXf4,Crc5reUlspd,"5-9Yrs, Female",2025-06-14 12:31:53.170 +0300,2025-06-14 12:31:53.170 +0300
1290,1.3.12,Palliative,,,,PC02,No. of new patients that received palliative care during the month,HjrQ7xEhXf4,F1rms8f9I9a,"5-9Yrs, Male",2025-06-14 12:31:53.170 +0300,2025-06-14 12:31:53.170 +0300
1291,1.3.12,Palliative,,,,PC02,No. of new patients that received palliative care during the month,sjh8UmoEarI,wDiX34aiw6i,"0-28Dys, Female",2025-06-14 12:31:53.170 +0300,2025-06-14 12:31:53.170 +0300
1292,1.3.12,Palliative,,,,PC02,No. of new patients that received palliative care during the month,sjh8UmoEarI,zh2zAaHyYQx,"0-28Dys, Male",2025-06-14 12:31:53.170 +0300,2025-06-14 12:31:53.170 +0300
1293,1.3.12,Palliative,,,,PC02,No. of new patients that received palliative care during the month,sjh8UmoEarI,u3CkZqMHfHP,"10-19Yrs, Female",2025-06-14 12:31:53.170 +0300,2025-06-14 12:31:53.170 +0300
1294,1.3.12,Palliative,,,,PC02,No. of new patients that received palliative care during the month,sjh8UmoEarI,c7gvocRdg0f,"10-19Yrs, Male",2025-06-14 12:31:53.170 +0300,2025-06-14 12:31:53.170 +0300
1295,1.3.12,Palliative,,,,PC02,No. of new patients that received palliative care during the month,sjh8UmoEarI,XVHTeecEOM3,"20+Yrs, Female",2025-06-14 12:31:53.170 +0300,2025-06-14 12:31:53.170 +0300
1296,1.3.12,Palliative,,,,PC02,No. of new patients that received palliative care during the month,sjh8UmoEarI,dCKzhhINakS,"20+Yrs, Male",2025-06-14 12:31:53.170 +0300,2025-06-14 12:31:53.170 +0300
1297,1.3.12,Palliative,,,,PC02,No. of new patients that received palliative care during the month,sjh8UmoEarI,huBy3W5qiD2,"29Dys-4Yrs, Female",2025-06-14 12:31:53.170 +0300,2025-06-14 12:31:53.170 +0300
1298,1.3.12,Palliative,,,,PC02,No. of new patients that received palliative care during the month,sjh8UmoEarI,V2OuNTRI6ua,"29Dys-4Yrs, Male",2025-06-14 12:31:53.170 +0300,2025-06-14 12:31:53.170 +0300
1299,1.3.12,Palliative,,,,PC02,No. of new patients that received palliative care during the month,sjh8UmoEarI,Crc5reUlspd,"5-9Yrs, Female",2025-06-14 12:31:53.170 +0300,2025-06-14 12:31:53.170 +0300
1300,1.3.12,Palliative,,,,PC02,No. of new patients that received palliative care during the month,sjh8UmoEarI,F1rms8f9I9a,"5-9Yrs, Male",2025-06-14 12:31:53.170 +0300,2025-06-14 12:31:53.170 +0300
1301,1.3.12,Palliative,,,,PC03,No. of patients that received palliative care during the month,VM11wAgPmwD,wDiX34aiw6i,"0-28Dys, Female",2025-06-14 12:31:53.170 +0300,2025-06-14 12:31:53.170 +0300
1302,1.3.12,Palliative,,,,PC03,No. of patients that received palliative care during the month,VM11wAgPmwD,zh2zAaHyYQx,"0-28Dys, Male",2025-06-14 12:31:53.170 +0300,2025-06-14 12:31:53.170 +0300
1303,1.3.12,Palliative,,,,PC03,No. of patients that received palliative care during the month,VM11wAgPmwD,u3CkZqMHfHP,"10-19Yrs, Female",2025-06-14 12:31:53.170 +0300,2025-06-14 12:31:53.170 +0300
1304,1.3.12,Palliative,,,,PC03,No. of patients that received palliative care during the month,VM11wAgPmwD,c7gvocRdg0f,"10-19Yrs, Male",2025-06-14 12:31:53.170 +0300,2025-06-14 12:31:53.170 +0300
1305,1.3.12,Palliative,,,,PC03,No. of patients that received palliative care during the month,VM11wAgPmwD,XVHTeecEOM3,"20+Yrs, Female",2025-06-14 12:31:53.170 +0300,2025-06-14 12:31:53.170 +0300
1306,1.3.12,Palliative,,,,PC03,No. of patients that received palliative care during the month,VM11wAgPmwD,dCKzhhINakS,"20+Yrs, Male",2025-06-14 12:31:53.170 +0300,2025-06-14 12:31:53.170 +0300
1307,1.3.12,Palliative,,,,PC03,No. of patients that received palliative care during the month,VM11wAgPmwD,huBy3W5qiD2,"29Dys-4Yrs, Female",2025-06-14 12:31:53.170 +0300,2025-06-14 12:31:53.170 +0300
1308,1.3.12,Palliative,,,,PC03,No. of patients that received palliative care during the month,VM11wAgPmwD,V2OuNTRI6ua,"29Dys-4Yrs, Male",2025-06-14 12:31:53.170 +0300,2025-06-14 12:31:53.170 +0300
1309,1.3.12,Palliative,,,,PC03,No. of patients that received palliative care during the month,VM11wAgPmwD,Crc5reUlspd,"5-9Yrs, Female",2025-06-14 12:31:53.170 +0300,2025-06-14 12:31:53.170 +0300
1310,1.3.12,Palliative,,,,PC03,No. of patients that received palliative care during the month,VM11wAgPmwD,F1rms8f9I9a,"5-9Yrs, Male",2025-06-14 12:31:53.170 +0300,2025-06-14 12:31:53.170 +0300
1311,1.3.12,Palliative,,,,PC03,No. of patients that received palliative care during the month,rTJubNqd2ua,wDiX34aiw6i,"0-28Dys, Female",2025-06-14 12:31:53.170 +0300,2025-06-14 12:31:53.170 +0300
1312,1.3.12,Palliative,,,,PC03,No. of patients that received palliative care during the month,rTJubNqd2ua,zh2zAaHyYQx,"0-28Dys, Male",2025-06-14 12:31:53.170 +0300,2025-06-14 12:31:53.170 +0300
1313,1.3.12,Palliative,,,,PC03,No. of patients that received palliative care during the month,rTJubNqd2ua,u3CkZqMHfHP,"10-19Yrs, Female",2025-06-14 12:31:53.170 +0300,2025-06-14 12:31:53.170 +0300
1314,1.3.12,Palliative,,,,PC03,No. of patients that received palliative care during the month,rTJubNqd2ua,c7gvocRdg0f,"10-19Yrs, Male",2025-06-14 12:31:53.170 +0300,2025-06-14 12:31:53.170 +0300
1315,1.3.12,Palliative,,,,PC03,No. of patients that received palliative care during the month,rTJubNqd2ua,XVHTeecEOM3,"20+Yrs, Female",2025-06-14 12:31:53.170 +0300,2025-06-14 12:31:53.170 +0300
1316,1.3.12,Palliative,,,,PC03,No. of patients that received palliative care during the month,rTJubNqd2ua,dCKzhhINakS,"20+Yrs, Male",2025-06-14 12:31:53.170 +0300,2025-06-14 12:31:53.170 +0300
1317,1.3.12,Palliative,,,,PC03,No. of patients that received palliative care during the month,rTJubNqd2ua,huBy3W5qiD2,"29Dys-4Yrs, Female",2025-06-14 12:31:53.170 +0300,2025-06-14 12:31:53.170 +0300
1318,1.3.12,Palliative,,,,PC03,No. of patients that received palliative care during the month,rTJubNqd2ua,V2OuNTRI6ua,"29Dys-4Yrs, Male",2025-06-14 12:31:53.170 +0300,2025-06-14 12:31:53.170 +0300
1319,1.3.12,Palliative,,,,PC03,No. of patients that received palliative care during the month,rTJubNqd2ua,Crc5reUlspd,"5-9Yrs, Female",2025-06-14 12:31:53.170 +0300,2025-06-14 12:31:53.170 +0300
1320,1.3.12,Palliative,,,,PC03,No. of patients that received palliative care during the month,rTJubNqd2ua,F1rms8f9I9a,"5-9Yrs, Male",2025-06-14 12:31:53.170 +0300,2025-06-14 12:31:53.170 +0300
1321,1.3.12,Palliative,,,,PC03,No. of patients that received palliative care during the month,pCyTcI5ZasL,wDiX34aiw6i,"0-28Dys, Female",2025-06-14 12:31:53.170 +0300,2025-06-14 12:31:53.170 +0300
1322,1.3.12,Palliative,,,,PC03,No. of patients that received palliative care during the month,pCyTcI5ZasL,zh2zAaHyYQx,"0-28Dys, Male",2025-06-14 12:31:53.170 +0300,2025-06-14 12:31:53.170 +0300
1323,1.3.12,Palliative,,,,PC03,No. of patients that received palliative care during the month,pCyTcI5ZasL,u3CkZqMHfHP,"10-19Yrs, Female",2025-06-14 12:31:53.170 +0300,2025-06-14 12:31:53.170 +0300
1324,1.3.12,Palliative,,,,PC03,No. of patients that received palliative care during the month,pCyTcI5ZasL,c7gvocRdg0f,"10-19Yrs, Male",2025-06-14 12:31:53.170 +0300,2025-06-14 12:31:53.170 +0300
1325,1.3.12,Palliative,,,,PC03,No. of patients that received palliative care during the month,pCyTcI5ZasL,XVHTeecEOM3,"20+Yrs, Female",2025-06-14 12:31:53.170 +0300,2025-06-14 12:31:53.170 +0300
1326,1.3.12,Palliative,,,,PC03,No. of patients that received palliative care during the month,pCyTcI5ZasL,dCKzhhINakS,"20+Yrs, Male",2025-06-14 12:31:53.170 +0300,2025-06-14 12:31:53.170 +0300
1327,1.3.12,Palliative,,,,PC03,No. of patients that received palliative care during the month,pCyTcI5ZasL,huBy3W5qiD2,"29Dys-4Yrs, Female",2025-06-14 12:31:53.170 +0300,2025-06-14 12:31:53.170 +0300
1328,1.3.12,Palliative,,,,PC03,No. of patients that received palliative care during the month,pCyTcI5ZasL,V2OuNTRI6ua,"29Dys-4Yrs, Male",2025-06-14 12:31:53.170 +0300,2025-06-14 12:31:53.170 +0300
1329,1.3.12,Palliative,,,,PC03,No. of patients that received palliative care during the month,pCyTcI5ZasL,Crc5reUlspd,"5-9Yrs, Female",2025-06-14 12:31:53.170 +0300,2025-06-14 12:31:53.170 +0300
1330,1.3.12,Palliative,,,,PC03,No. of patients that received palliative care during the month,pCyTcI5ZasL,F1rms8f9I9a,"5-9Yrs, Male",2025-06-14 12:31:53.170 +0300,2025-06-14 12:31:53.170 +0300
1331,1.3.12,Palliative,,,,PC03,No. of patients that received palliative care during the month,rAlHZtS3O0K,wDiX34aiw6i,"0-28Dys, Female",2025-06-14 12:31:53.170 +0300,2025-06-14 12:31:53.170 +0300
1332,1.3.12,Palliative,,,,PC03,No. of patients that received palliative care during the month,rAlHZtS3O0K,zh2zAaHyYQx,"0-28Dys, Male",2025-06-14 12:31:53.170 +0300,2025-06-14 12:31:53.170 +0300
1333,1.3.12,Palliative,,,,PC03,No. of patients that received palliative care during the month,rAlHZtS3O0K,u3CkZqMHfHP,"10-19Yrs, Female",2025-06-14 12:31:53.170 +0300,2025-06-14 12:31:53.170 +0300
1334,1.3.12,Palliative,,,,PC03,No. of patients that received palliative care during the month,rAlHZtS3O0K,c7gvocRdg0f,"10-19Yrs, Male",2025-06-14 12:31:53.170 +0300,2025-06-14 12:31:53.170 +0300
1335,1.3.12,Palliative,,,,PC03,No. of patients that received palliative care during the month,rAlHZtS3O0K,XVHTeecEOM3,"20+Yrs, Female",2025-06-14 12:31:53.170 +0300,2025-06-14 12:31:53.170 +0300
1336,1.3.12,Palliative,,,,PC03,No. of patients that received palliative care during the month,rAlHZtS3O0K,dCKzhhINakS,"20+Yrs, Male",2025-06-14 12:31:53.170 +0300,2025-06-14 12:31:53.170 +0300
1337,1.3.12,Palliative,,,,PC03,No. of patients that received palliative care during the month,rAlHZtS3O0K,huBy3W5qiD2,"29Dys-4Yrs, Female",2025-06-14 12:31:53.170 +0300,2025-06-14 12:31:53.170 +0300
1338,1.3.12,Palliative,,,,PC03,No. of patients that received palliative care during the month,rAlHZtS3O0K,V2OuNTRI6ua,"29Dys-4Yrs, Male",2025-06-14 12:31:53.170 +0300,2025-06-14 12:31:53.170 +0300
1339,1.3.12,Palliative,,,,PC03,No. of patients that received palliative care during the month,rAlHZtS3O0K,Crc5reUlspd,"5-9Yrs, Female",2025-06-14 12:31:53.170 +0300,2025-06-14 12:31:53.170 +0300
1340,1.3.12,Palliative,,,,PC03,No. of patients that received palliative care during the month,rAlHZtS3O0K,F1rms8f9I9a,"5-9Yrs, Male",2025-06-14 12:31:53.170 +0300,2025-06-14 12:31:53.170 +0300
1341,1.3.12,Palliative,,,,PC04,No. of patients that received palliative care with WHO status - Working (Adults)  ,tDNmCcw68t1,wDiX34aiw6i,"0-28Dys, Female",2025-06-14 12:31:53.170 +0300,2025-06-14 12:31:53.170 +0300
1342,1.3.12,Palliative,,,,PC04,No. of patients that received palliative care with WHO status - Working (Adults)  ,tDNmCcw68t1,zh2zAaHyYQx,"0-28Dys, Male",2025-06-14 12:31:53.170 +0300,2025-06-14 12:31:53.170 +0300
1343,1.3.12,Palliative,,,,PC04,No. of patients that received palliative care with WHO status - Working (Adults)  ,tDNmCcw68t1,u3CkZqMHfHP,"10-19Yrs, Female",2025-06-14 12:31:53.170 +0300,2025-06-14 12:31:53.170 +0300
1344,1.3.12,Palliative,,,,PC04,No. of patients that received palliative care with WHO status - Working (Adults)  ,tDNmCcw68t1,c7gvocRdg0f,"10-19Yrs, Male",2025-06-14 12:31:53.170 +0300,2025-06-14 12:31:53.170 +0300
1345,1.3.12,Palliative,,,,PC04,No. of patients that received palliative care with WHO status - Working (Adults)  ,tDNmCcw68t1,XVHTeecEOM3,"20+Yrs, Female",2025-06-14 12:31:53.170 +0300,2025-06-14 12:31:53.170 +0300
1346,1.3.12,Palliative,,,,PC04,No. of patients that received palliative care with WHO status - Working (Adults)  ,tDNmCcw68t1,dCKzhhINakS,"20+Yrs, Male",2025-06-14 12:31:53.170 +0300,2025-06-14 12:31:53.170 +0300
1347,1.3.12,Palliative,,,,PC04,No. of patients that received palliative care with WHO status - Working (Adults)  ,tDNmCcw68t1,huBy3W5qiD2,"29Dys-4Yrs, Female",2025-06-14 12:31:53.170 +0300,2025-06-14 12:31:53.170 +0300
1348,1.3.12,Palliative,,,,PC04,No. of patients that received palliative care with WHO status - Working (Adults)  ,tDNmCcw68t1,V2OuNTRI6ua,"29Dys-4Yrs, Male",2025-06-14 12:31:53.170 +0300,2025-06-14 12:31:53.170 +0300
1349,1.3.12,Palliative,,,,PC04,No. of patients that received palliative care with WHO status - Working (Adults)  ,tDNmCcw68t1,Crc5reUlspd,"5-9Yrs, Female",2025-06-14 12:31:53.170 +0300,2025-06-14 12:31:53.170 +0300
1350,1.3.12,Palliative,,,,PC04,No. of patients that received palliative care with WHO status - Working (Adults)  ,tDNmCcw68t1,F1rms8f9I9a,"5-9Yrs, Male",2025-06-14 12:31:53.170 +0300,2025-06-14 12:31:53.170 +0300
1351,1.3.12,Palliative,,,,PC04,No. of patients that received palliative care with WHO status - Working (Adults)  ,sRChk3UcSS3,wDiX34aiw6i,"0-28Dys, Female",2025-06-14 12:31:53.170 +0300,2025-06-14 12:31:53.170 +0300
1352,1.3.12,Palliative,,,,PC04,No. of patients that received palliative care with WHO status - Working (Adults)  ,sRChk3UcSS3,zh2zAaHyYQx,"0-28Dys, Male",2025-06-14 12:31:53.170 +0300,2025-06-14 12:31:53.170 +0300
1353,1.3.12,Palliative,,,,PC04,No. of patients that received palliative care with WHO status - Working (Adults)  ,sRChk3UcSS3,u3CkZqMHfHP,"10-19Yrs, Female",2025-06-14 12:31:53.170 +0300,2025-06-14 12:31:53.170 +0300
1354,1.3.12,Palliative,,,,PC04,No. of patients that received palliative care with WHO status - Working (Adults)  ,sRChk3UcSS3,c7gvocRdg0f,"10-19Yrs, Male",2025-06-14 12:31:53.170 +0300,2025-06-14 12:31:53.170 +0300
1355,1.3.12,Palliative,,,,PC04,No. of patients that received palliative care with WHO status - Working (Adults)  ,sRChk3UcSS3,XVHTeecEOM3,"20+Yrs, Female",2025-06-14 12:31:53.170 +0300,2025-06-14 12:31:53.170 +0300
1356,1.3.12,Palliative,,,,PC04,No. of patients that received palliative care with WHO status - Working (Adults)  ,sRChk3UcSS3,dCKzhhINakS,"20+Yrs, Male",2025-06-14 12:31:53.170 +0300,2025-06-14 12:31:53.170 +0300
1357,1.3.12,Palliative,,,,PC04,No. of patients that received palliative care with WHO status - Working (Adults)  ,sRChk3UcSS3,huBy3W5qiD2,"29Dys-4Yrs, Female",2025-06-14 12:31:53.170 +0300,2025-06-14 12:31:53.170 +0300
1358,1.3.12,Palliative,,,,PC04,No. of patients that received palliative care with WHO status - Working (Adults)  ,sRChk3UcSS3,V2OuNTRI6ua,"29Dys-4Yrs, Male",2025-06-14 12:31:53.170 +0300,2025-06-14 12:31:53.170 +0300
1359,1.3.12,Palliative,,,,PC04,No. of patients that received palliative care with WHO status - Working (Adults)  ,sRChk3UcSS3,Crc5reUlspd,"5-9Yrs, Female",2025-06-14 12:31:53.170 +0300,2025-06-14 12:31:53.170 +0300
1360,1.3.12,Palliative,,,,PC04,No. of patients that received palliative care with WHO status - Working (Adults)  ,sRChk3UcSS3,F1rms8f9I9a,"5-9Yrs, Male",2025-06-14 12:31:53.170 +0300,2025-06-14 12:31:53.170 +0300
1361,1.3.12,Palliative,,,,PC04,No. of patients that received palliative care with WHO status - Working (Adults)  ,rhIiDgJMh43,wDiX34aiw6i,"0-28Dys, Female",2025-06-14 12:31:53.170 +0300,2025-06-14 12:31:53.170 +0300
1362,1.3.12,Palliative,,,,PC04,No. of patients that received palliative care with WHO status - Working (Adults)  ,rhIiDgJMh43,zh2zAaHyYQx,"0-28Dys, Male",2025-06-14 12:31:53.170 +0300,2025-06-14 12:31:53.170 +0300
1363,1.3.12,Palliative,,,,PC04,No. of patients that received palliative care with WHO status - Working (Adults)  ,rhIiDgJMh43,u3CkZqMHfHP,"10-19Yrs, Female",2025-06-14 12:31:53.170 +0300,2025-06-14 12:31:53.170 +0300
1364,1.3.12,Palliative,,,,PC04,No. of patients that received palliative care with WHO status - Working (Adults)  ,rhIiDgJMh43,c7gvocRdg0f,"10-19Yrs, Male",2025-06-14 12:31:53.170 +0300,2025-06-14 12:31:53.170 +0300
1365,1.3.12,Palliative,,,,PC04,No. of patients that received palliative care with WHO status - Working (Adults)  ,rhIiDgJMh43,XVHTeecEOM3,"20+Yrs, Female",2025-06-14 12:31:53.170 +0300,2025-06-14 12:31:53.170 +0300
1366,1.3.12,Palliative,,,,PC04,No. of patients that received palliative care with WHO status - Working (Adults)  ,rhIiDgJMh43,dCKzhhINakS,"20+Yrs, Male",2025-06-14 12:31:53.170 +0300,2025-06-14 12:31:53.170 +0300
1367,1.3.12,Palliative,,,,PC04,No. of patients that received palliative care with WHO status - Working (Adults)  ,rhIiDgJMh43,huBy3W5qiD2,"29Dys-4Yrs, Female",2025-06-14 12:31:53.170 +0300,2025-06-14 12:31:53.170 +0300
1368,1.3.12,Palliative,,,,PC04,No. of patients that received palliative care with WHO status - Working (Adults)  ,rhIiDgJMh43,V2OuNTRI6ua,"29Dys-4Yrs, Male",2025-06-14 12:31:53.170 +0300,2025-06-14 12:31:53.170 +0300
1369,1.3.12,Palliative,,,,PC04,No. of patients that received palliative care with WHO status - Working (Adults)  ,rhIiDgJMh43,Crc5reUlspd,"5-9Yrs, Female",2025-06-14 12:31:53.170 +0300,2025-06-14 12:31:53.170 +0300
1370,1.3.12,Palliative,,,,PC04,No. of patients that received palliative care with WHO status - Working (Adults)  ,rhIiDgJMh43,F1rms8f9I9a,"5-9Yrs, Male",2025-06-14 12:31:53.170 +0300,2025-06-14 12:31:53.170 +0300
1371,1.3.12,Palliative,,,,PC04,No. of patients that received palliative care with WHO status - Working (Adults)  ,qSiLNVnbwpg,wDiX34aiw6i,"0-28Dys, Female",2025-06-14 12:31:53.170 +0300,2025-06-14 12:31:53.170 +0300
1372,1.3.12,Palliative,,,,PC04,No. of patients that received palliative care with WHO status - Working (Adults)  ,qSiLNVnbwpg,zh2zAaHyYQx,"0-28Dys, Male",2025-06-14 12:31:53.170 +0300,2025-06-14 12:31:53.170 +0300
1373,1.3.12,Palliative,,,,PC04,No. of patients that received palliative care with WHO status - Working (Adults)  ,qSiLNVnbwpg,u3CkZqMHfHP,"10-19Yrs, Female",2025-06-14 12:31:53.170 +0300,2025-06-14 12:31:53.170 +0300
1374,1.3.12,Palliative,,,,PC04,No. of patients that received palliative care with WHO status - Working (Adults)  ,qSiLNVnbwpg,c7gvocRdg0f,"10-19Yrs, Male",2025-06-14 12:31:53.170 +0300,2025-06-14 12:31:53.170 +0300
1375,1.3.12,Palliative,,,,PC04,No. of patients that received palliative care with WHO status - Working (Adults)  ,qSiLNVnbwpg,XVHTeecEOM3,"20+Yrs, Female",2025-06-14 12:31:53.170 +0300,2025-06-14 12:31:53.170 +0300
1376,1.3.12,Palliative,,,,PC04,No. of patients that received palliative care with WHO status - Working (Adults)  ,qSiLNVnbwpg,dCKzhhINakS,"20+Yrs, Male",2025-06-14 12:31:53.170 +0300,2025-06-14 12:31:53.170 +0300
1377,1.3.12,Palliative,,,,PC04,No. of patients that received palliative care with WHO status - Working (Adults)  ,qSiLNVnbwpg,huBy3W5qiD2,"29Dys-4Yrs, Female",2025-06-14 12:31:53.170 +0300,2025-06-14 12:31:53.170 +0300
1378,1.3.12,Palliative,,,,PC04,No. of patients that received palliative care with WHO status - Working (Adults)  ,qSiLNVnbwpg,V2OuNTRI6ua,"29Dys-4Yrs, Male",2025-06-14 12:31:53.170 +0300,2025-06-14 12:31:53.170 +0300
1379,1.3.12,Palliative,,,,PC04,No. of patients that received palliative care with WHO status - Working (Adults)  ,qSiLNVnbwpg,Crc5reUlspd,"5-9Yrs, Female",2025-06-14 12:31:53.170 +0300,2025-06-14 12:31:53.170 +0300
1380,1.3.12,Palliative,,,,PC04,No. of patients that received palliative care with WHO status - Working (Adults)  ,qSiLNVnbwpg,F1rms8f9I9a,"5-9Yrs, Male",2025-06-14 12:31:53.170 +0300,2025-06-14 12:31:53.170 +0300
1381,1.3.12,Palliative,,,,PC05,No. of patients that received palliative care and are on oral liquid morphine  ,Vi1nAmj1Y0D,wDiX34aiw6i,"0-28Dys, Female",2025-06-14 12:31:53.170 +0300,2025-06-14 12:31:53.170 +0300
1382,1.3.12,Palliative,,,,PC05,No. of patients that received palliative care and are on oral liquid morphine  ,Vi1nAmj1Y0D,zh2zAaHyYQx,"0-28Dys, Male",2025-06-14 12:31:53.170 +0300,2025-06-14 12:31:53.170 +0300
1383,1.3.12,Palliative,,,,PC05,No. of patients that received palliative care and are on oral liquid morphine  ,Vi1nAmj1Y0D,u3CkZqMHfHP,"10-19Yrs, Female",2025-06-14 12:31:53.170 +0300,2025-06-14 12:31:53.170 +0300
1384,1.3.12,Palliative,,,,PC05,No. of patients that received palliative care and are on oral liquid morphine  ,Vi1nAmj1Y0D,c7gvocRdg0f,"10-19Yrs, Male",2025-06-14 12:31:53.170 +0300,2025-06-14 12:31:53.170 +0300
1385,1.3.12,Palliative,,,,PC05,No. of patients that received palliative care and are on oral liquid morphine  ,Vi1nAmj1Y0D,XVHTeecEOM3,"20+Yrs, Female",2025-06-14 12:31:53.170 +0300,2025-06-14 12:31:53.170 +0300
1386,1.3.12,Palliative,,,,PC05,No. of patients that received palliative care and are on oral liquid morphine  ,Vi1nAmj1Y0D,dCKzhhINakS,"20+Yrs, Male",2025-06-14 12:31:53.170 +0300,2025-06-14 12:31:53.170 +0300
1387,1.3.12,Palliative,,,,PC05,No. of patients that received palliative care and are on oral liquid morphine  ,Vi1nAmj1Y0D,huBy3W5qiD2,"29Dys-4Yrs, Female",2025-06-14 12:31:53.170 +0300,2025-06-14 12:31:53.170 +0300
1388,1.3.12,Palliative,,,,PC05,No. of patients that received palliative care and are on oral liquid morphine  ,Vi1nAmj1Y0D,V2OuNTRI6ua,"29Dys-4Yrs, Male",2025-06-14 12:31:53.170 +0300,2025-06-14 12:31:53.170 +0300
1389,1.3.12,Palliative,,,,PC05,No. of patients that received palliative care and are on oral liquid morphine  ,Vi1nAmj1Y0D,Crc5reUlspd,"5-9Yrs, Female",2025-06-14 12:31:53.170 +0300,2025-06-14 12:31:53.170 +0300
1390,1.3.12,Palliative,,,,PC05,No. of patients that received palliative care and are on oral liquid morphine  ,Vi1nAmj1Y0D,F1rms8f9I9a,"5-9Yrs, Male",2025-06-14 12:31:53.170 +0300,2025-06-14 12:31:53.170 +0300
1391,1.3.12,Palliative,,,,PC06, No. of patients on palliative care who died during the month  ,Bv5ThUANT2Q,huBy3W5qiD2,"29Dys-4Yrs, Female",2025-06-14 12:31:53.170 +0300,2025-06-14 12:31:53.170 +0300
1392,1.3.12,Palliative,,,,PC06, No. of patients on palliative care who died during the month  ,Bv5ThUANT2Q,wDiX34aiw6i,"0-28Dys, Female",2025-06-14 12:31:53.170 +0300,2025-06-14 12:31:53.170 +0300
1393,1.3.12,Palliative,,,,PC06, No. of patients on palliative care who died during the month  ,Bv5ThUANT2Q,zh2zAaHyYQx,"0-28Dys, Male",2025-06-14 12:31:53.170 +0300,2025-06-14 12:31:53.170 +0300
1394,1.3.12,Palliative,,,,PC06, No. of patients on palliative care who died during the month  ,Bv5ThUANT2Q,u3CkZqMHfHP,"10-19Yrs, Female",2025-06-14 12:31:53.170 +0300,2025-06-14 12:31:53.170 +0300
1395,1.3.12,Palliative,,,,PC06, No. of patients on palliative care who died during the month  ,Bv5ThUANT2Q,c7gvocRdg0f,"10-19Yrs, Male",2025-06-14 12:31:53.170 +0300,2025-06-14 12:31:53.170 +0300
1396,1.3.12,Palliative,,,,PC06, No. of patients on palliative care who died during the month  ,Bv5ThUANT2Q,XVHTeecEOM3,"20+Yrs, Female",2025-06-14 12:31:53.170 +0300,2025-06-14 12:31:53.170 +0300
1397,1.3.12,Palliative,,,,PC06, No. of patients on palliative care who died during the month  ,Bv5ThUANT2Q,dCKzhhINakS,"20+Yrs, Male",2025-06-14 12:31:53.170 +0300,2025-06-14 12:31:53.170 +0300
1398,1.3.12,Palliative,,,,PC06, No. of patients on palliative care who died during the month  ,Bv5ThUANT2Q,V2OuNTRI6ua,"29Dys-4Yrs, Male",2025-06-14 12:31:53.170 +0300,2025-06-14 12:31:53.170 +0300
1399,1.3.12,Palliative,,,,PC06, No. of patients on palliative care who died during the month  ,Bv5ThUANT2Q,Crc5reUlspd,"5-9Yrs, Female",2025-06-14 12:31:53.170 +0300,2025-06-14 12:31:53.170 +0300
1400,1.3.12,Palliative,,,,PC06, No. of patients on palliative care who died during the month  ,Bv5ThUANT2Q,F1rms8f9I9a,"5-9Yrs, Male",2025-06-14 12:31:53.170 +0300,2025-06-14 12:31:53.170 +0300
2089,1.3.12,Palliative,,,,PC03,No. of patients that received palliative care during the month,rTJubNqd2ua,Crc5reUlspd,"5-9Yrs, Female",2025-06-14 12:31:53.170 +0300,2025-06-14 12:31:53.170 +0300
2090,1.3.12,Palliative,,,,PC03,No. of patients that received palliative care during the month,rTJubNqd2ua,F1rms8f9I9a,"5-9Yrs, Male",2025-06-14 12:31:53.170 +0300,2025-06-14 12:31:53.170 +0300
2091,1.3.12,Palliative,,,,PC03,No. of patients that received palliative care during the month,pCyTcI5ZasL,wDiX34aiw6i,"0-28Dys, Female",2025-06-14 12:31:53.170 +0300,2025-06-14 12:31:53.170 +0300
2092,1.3.12,Palliative,,,,PC03,No. of patients that received palliative care during the month,pCyTcI5ZasL,zh2zAaHyYQx,"0-28Dys, Male",2025-06-14 12:31:53.170 +0300,2025-06-14 12:31:53.170 +0300
2093,1.3.12,Palliative,,,,PC03,No. of patients that received palliative care during the month,pCyTcI5ZasL,u3CkZqMHfHP,"10-19Yrs, Female",2025-06-14 12:31:53.170 +0300,2025-06-14 12:31:53.170 +0300
2094,1.3.12,Palliative,,,,PC03,No. of patients that received palliative care during the month,pCyTcI5ZasL,c7gvocRdg0f,"10-19Yrs, Male",2025-06-14 12:31:53.170 +0300,2025-06-14 12:31:53.170 +0300
2095,1.3.12,Palliative,,,,PC03,No. of patients that received palliative care during the month,pCyTcI5ZasL,XVHTeecEOM3,"20+Yrs, Female",2025-06-14 12:31:53.170 +0300,2025-06-14 12:31:53.170 +0300
2096,1.3.12,Palliative,,,,PC03,No. of patients that received palliative care during the month,pCyTcI5ZasL,dCKzhhINakS,"20+Yrs, Male",2025-06-14 12:31:53.170 +0300,2025-06-14 12:31:53.170 +0300
2097,1.3.12,Palliative,,,,PC03,No. of patients that received palliative care during the month,pCyTcI5ZasL,huBy3W5qiD2,"29Dys-4Yrs, Female",2025-06-14 12:31:53.170 +0300,2025-06-14 12:31:53.170 +0300
2098,1.3.12,Palliative,,,,PC03,No. of patients that received palliative care during the month,pCyTcI5ZasL,V2OuNTRI6ua,"29Dys-4Yrs, Male",2025-06-14 12:31:53.170 +0300,2025-06-14 12:31:53.170 +0300
2099,1.3.12,Palliative,,,,PC03,No. of patients that received palliative care during the month,pCyTcI5ZasL,Crc5reUlspd,"5-9Yrs, Female",2025-06-14 12:31:53.170 +0300,2025-06-14 12:31:53.170 +0300
2100,1.3.12,Palliative,,,,PC03,No. of patients that received palliative care during the month,pCyTcI5ZasL,F1rms8f9I9a,"5-9Yrs, Male",2025-06-14 12:31:53.170 +0300,2025-06-14 12:31:53.170 +0300
2101,1.3.12,Palliative,,,,PC03,No. of patients that received palliative care during the month,rAlHZtS3O0K,wDiX34aiw6i,"0-28Dys, Female",2025-06-14 12:31:53.170 +0300,2025-06-14 12:31:53.170 +0300
2102,1.3.12,Palliative,,,,PC03,No. of patients that received palliative care during the month,rAlHZtS3O0K,zh2zAaHyYQx,"0-28Dys, Male",2025-06-14 12:31:53.170 +0300,2025-06-14 12:31:53.170 +0300
2103,1.3.12,Palliative,,,,PC03,No. of patients that received palliative care during the month,rAlHZtS3O0K,u3CkZqMHfHP,"10-19Yrs, Female",2025-06-14 12:31:53.170 +0300,2025-06-14 12:31:53.170 +0300
2104,1.3.12,Palliative,,,,PC03,No. of patients that received palliative care during the month,rAlHZtS3O0K,c7gvocRdg0f,"10-19Yrs, Male",2025-06-14 12:31:53.170 +0300,2025-06-14 12:31:53.170 +0300
2105,1.3.12,Palliative,,,,PC03,No. of patients that received palliative care during the month,rAlHZtS3O0K,XVHTeecEOM3,"20+Yrs, Female",2025-06-14 12:31:53.170 +0300,2025-06-14 12:31:53.170 +0300
2106,1.3.12,Palliative,,,,PC03,No. of patients that received palliative care during the month,rAlHZtS3O0K,dCKzhhINakS,"20+Yrs, Male",2025-06-14 12:31:53.170 +0300,2025-06-14 12:31:53.170 +0300
2107,1.3.12,Palliative,,,,PC03,No. of patients that received palliative care during the month,rAlHZtS3O0K,huBy3W5qiD2,"29Dys-4Yrs, Female",2025-06-14 12:31:53.170 +0300,2025-06-14 12:31:53.170 +0300
2108,1.3.12,Palliative,,,,PC03,No. of patients that received palliative care during the month,rAlHZtS3O0K,V2OuNTRI6ua,"29Dys-4Yrs, Male",2025-06-14 12:31:53.170 +0300,2025-06-14 12:31:53.170 +0300
2109,1.3.12,Palliative,,,,PC03,No. of patients that received palliative care during the month,rAlHZtS3O0K,Crc5reUlspd,"5-9Yrs, Female",2025-06-14 12:31:53.170 +0300,2025-06-14 12:31:53.170 +0300
2110,1.3.12,Palliative,,,,PC03,No. of patients that received palliative care during the month,rAlHZtS3O0K,F1rms8f9I9a,"5-9Yrs, Male",2025-06-14 12:31:53.170 +0300,2025-06-14 12:31:53.170 +0300
2111,1.3.12,Palliative,,,,PC04,No. of patients that received palliative care with WHO status - Working (Adults)  ,tDNmCcw68t1,wDiX34aiw6i,"0-28Dys, Female",2025-06-14 12:31:53.170 +0300,2025-06-14 12:31:53.170 +0300
2112,1.3.12,Palliative,,,,PC04,No. of patients that received palliative care with WHO status - Working (Adults)  ,tDNmCcw68t1,zh2zAaHyYQx,"0-28Dys, Male",2025-06-14 12:31:53.170 +0300,2025-06-14 12:31:53.170 +0300
2113,1.3.12,Palliative,,,,PC04,No. of patients that received palliative care with WHO status - Working (Adults)  ,tDNmCcw68t1,u3CkZqMHfHP,"10-19Yrs, Female",2025-06-14 12:31:53.170 +0300,2025-06-14 12:31:53.170 +0300
2114,1.3.12,Palliative,,,,PC04,No. of patients that received palliative care with WHO status - Working (Adults)  ,tDNmCcw68t1,c7gvocRdg0f,"10-19Yrs, Male",2025-06-14 12:31:53.170 +0300,2025-06-14 12:31:53.170 +0300
2115,1.3.12,Palliative,,,,PC04,No. of patients that received palliative care with WHO status - Working (Adults)  ,tDNmCcw68t1,XVHTeecEOM3,"20+Yrs, Female",2025-06-14 12:31:53.170 +0300,2025-06-14 12:31:53.170 +0300
2116,1.3.12,Palliative,,,,PC04,No. of patients that received palliative care with WHO status - Working (Adults)  ,tDNmCcw68t1,dCKzhhINakS,"20+Yrs, Male",2025-06-14 12:31:53.170 +0300,2025-06-14 12:31:53.170 +0300
2117,1.3.12,Palliative,,,,PC04,No. of patients that received palliative care with WHO status - Working (Adults)  ,tDNmCcw68t1,huBy3W5qiD2,"29Dys-4Yrs, Female",2025-06-14 12:31:53.170 +0300,2025-06-14 12:31:53.170 +0300
2118,1.3.12,Palliative,,,,PC04,No. of patients that received palliative care with WHO status - Working (Adults)  ,tDNmCcw68t1,V2OuNTRI6ua,"29Dys-4Yrs, Male",2025-06-14 12:31:53.170 +0300,2025-06-14 12:31:53.170 +0300
2119,1.3.12,Palliative,,,,PC04,No. of patients that received palliative care with WHO status - Working (Adults)  ,tDNmCcw68t1,Crc5reUlspd,"5-9Yrs, Female",2025-06-14 12:31:53.170 +0300,2025-06-14 12:31:53.170 +0300
2120,1.3.12,Palliative,,,,PC04,No. of patients that received palliative care with WHO status - Working (Adults)  ,tDNmCcw68t1,F1rms8f9I9a,"5-9Yrs, Male",2025-06-14 12:31:53.170 +0300,2025-06-14 12:31:53.170 +0300
2121,1.3.12,Palliative,,,,PC04,No. of patients that received palliative care with WHO status - Working (Adults)  ,sRChk3UcSS3,wDiX34aiw6i,"0-28Dys, Female",2025-06-14 12:31:53.170 +0300,2025-06-14 12:31:53.170 +0300
2122,1.3.12,Palliative,,,,PC04,No. of patients that received palliative care with WHO status - Working (Adults)  ,sRChk3UcSS3,zh2zAaHyYQx,"0-28Dys, Male",2025-06-14 12:31:53.170 +0300,2025-06-14 12:31:53.170 +0300
2123,1.3.12,Palliative,,,,PC04,No. of patients that received palliative care with WHO status - Working (Adults)  ,sRChk3UcSS3,u3CkZqMHfHP,"10-19Yrs, Female",2025-06-14 12:31:53.170 +0300,2025-06-14 12:31:53.170 +0300
2124,1.3.12,Palliative,,,,PC04,No. of patients that received palliative care with WHO status - Working (Adults)  ,sRChk3UcSS3,c7gvocRdg0f,"10-19Yrs, Male",2025-06-14 12:31:53.170 +0300,2025-06-14 12:31:53.170 +0300
2125,1.3.12,Palliative,,,,PC04,No. of patients that received palliative care with WHO status - Working (Adults)  ,sRChk3UcSS3,XVHTeecEOM3,"20+Yrs, Female",2025-06-14 12:31:53.170 +0300,2025-06-14 12:31:53.170 +0300
2126,1.3.12,Palliative,,,,PC04,No. of patients that received palliative care with WHO status - Working (Adults)  ,sRChk3UcSS3,dCKzhhINakS,"20+Yrs, Male",2025-06-14 12:31:53.170 +0300,2025-06-14 12:31:53.170 +0300
2127,1.3.12,Palliative,,,,PC04,No. of patients that received palliative care with WHO status - Working (Adults)  ,sRChk3UcSS3,huBy3W5qiD2,"29Dys-4Yrs, Female",2025-06-14 12:31:53.170 +0300,2025-06-14 12:31:53.170 +0300
2128,1.3.12,Palliative,,,,PC04,No. of patients that received palliative care with WHO status - Working (Adults)  ,sRChk3UcSS3,V2OuNTRI6ua,"29Dys-4Yrs, Male",2025-06-14 12:31:53.170 +0300,2025-06-14 12:31:53.170 +0300
2129,1.3.12,Palliative,,,,PC04,No. of patients that received palliative care with WHO status - Working (Adults)  ,sRChk3UcSS3,Crc5reUlspd,"5-9Yrs, Female",2025-06-14 12:31:53.170 +0300,2025-06-14 12:31:53.170 +0300
2130,1.3.12,Palliative,,,,PC04,No. of patients that received palliative care with WHO status - Working (Adults)  ,sRChk3UcSS3,F1rms8f9I9a,"5-9Yrs, Male",2025-06-14 12:31:53.170 +0300,2025-06-14 12:31:53.170 +0300
2131,1.3.12,Palliative,,,,PC04,No. of patients that received palliative care with WHO status - Working (Adults)  ,rhIiDgJMh43,wDiX34aiw6i,"0-28Dys, Female",2025-06-14 12:31:53.170 +0300,2025-06-14 12:31:53.170 +0300
2132,1.3.12,Palliative,,,,PC04,No. of patients that received palliative care with WHO status - Working (Adults)  ,rhIiDgJMh43,zh2zAaHyYQx,"0-28Dys, Male",2025-06-14 12:31:53.170 +0300,2025-06-14 12:31:53.170 +0300
2133,1.3.12,Palliative,,,,PC04,No. of patients that received palliative care with WHO status - Working (Adults)  ,rhIiDgJMh43,u3CkZqMHfHP,"10-19Yrs, Female",2025-06-14 12:31:53.170 +0300,2025-06-14 12:31:53.170 +0300
2134,1.3.12,Palliative,,,,PC04,No. of patients that received palliative care with WHO status - Working (Adults)  ,rhIiDgJMh43,c7gvocRdg0f,"10-19Yrs, Male",2025-06-14 12:31:53.170 +0300,2025-06-14 12:31:53.170 +0300
2135,1.3.12,Palliative,,,,PC04,No. of patients that received palliative care with WHO status - Working (Adults)  ,rhIiDgJMh43,XVHTeecEOM3,"20+Yrs, Female",2025-06-14 12:31:53.170 +0300,2025-06-14 12:31:53.170 +0300
2136,1.3.12,Palliative,,,,PC04,No. of patients that received palliative care with WHO status - Working (Adults)  ,rhIiDgJMh43,dCKzhhINakS,"20+Yrs, Male",2025-06-14 12:31:53.170 +0300,2025-06-14 12:31:53.170 +0300
2137,1.3.12,Palliative,,,,PC04,No. of patients that received palliative care with WHO status - Working (Adults)  ,rhIiDgJMh43,huBy3W5qiD2,"29Dys-4Yrs, Female",2025-06-14 12:31:53.170 +0300,2025-06-14 12:31:53.170 +0300
2138,1.3.12,Palliative,,,,PC04,No. of patients that received palliative care with WHO status - Working (Adults)  ,rhIiDgJMh43,V2OuNTRI6ua,"29Dys-4Yrs, Male",2025-06-14 12:31:53.170 +0300,2025-06-14 12:31:53.170 +0300
2139,1.3.12,Palliative,,,,PC04,No. of patients that received palliative care with WHO status - Working (Adults)  ,rhIiDgJMh43,Crc5reUlspd,"5-9Yrs, Female",2025-06-14 12:31:53.170 +0300,2025-06-14 12:31:53.170 +0300
2140,1.3.12,Palliative,,,,PC04,No. of patients that received palliative care with WHO status - Working (Adults)  ,rhIiDgJMh43,F1rms8f9I9a,"5-9Yrs, Male",2025-06-14 12:31:53.170 +0300,2025-06-14 12:31:53.170 +0300
2141,1.3.12,Palliative,,,,PC04,No. of patients that received palliative care with WHO status - Working (Adults)  ,qSiLNVnbwpg,wDiX34aiw6i,"0-28Dys, Female",2025-06-14 12:31:53.170 +0300,2025-06-14 12:31:53.170 +0300
2142,1.3.12,Palliative,,,,PC04,No. of patients that received palliative care with WHO status - Working (Adults)  ,qSiLNVnbwpg,zh2zAaHyYQx,"0-28Dys, Male",2025-06-14 12:31:53.170 +0300,2025-06-14 12:31:53.170 +0300
2143,1.3.12,Palliative,,,,PC04,No. of patients that received palliative care with WHO status - Working (Adults)  ,qSiLNVnbwpg,u3CkZqMHfHP,"10-19Yrs, Female",2025-06-14 12:31:53.170 +0300,2025-06-14 12:31:53.170 +0300
2144,1.3.12,Palliative,,,,PC04,No. of patients that received palliative care with WHO status - Working (Adults)  ,qSiLNVnbwpg,c7gvocRdg0f,"10-19Yrs, Male",2025-06-14 12:31:53.170 +0300,2025-06-14 12:31:53.170 +0300
2145,1.3.12,Palliative,,,,PC04,No. of patients that received palliative care with WHO status - Working (Adults)  ,qSiLNVnbwpg,XVHTeecEOM3,"20+Yrs, Female",2025-06-14 12:31:53.170 +0300,2025-06-14 12:31:53.170 +0300
2146,1.3.12,Palliative,,,,PC04,No. of patients that received palliative care with WHO status - Working (Adults)  ,qSiLNVnbwpg,dCKzhhINakS,"20+Yrs, Male",2025-06-14 12:31:53.170 +0300,2025-06-14 12:31:53.170 +0300
2147,1.3.12,Palliative,,,,PC04,No. of patients that received palliative care with WHO status - Working (Adults)  ,qSiLNVnbwpg,huBy3W5qiD2,"29Dys-4Yrs, Female",2025-06-14 12:31:53.170 +0300,2025-06-14 12:31:53.170 +0300
2148,1.3.12,Palliative,,,,PC04,No. of patients that received palliative care with WHO status - Working (Adults)  ,qSiLNVnbwpg,V2OuNTRI6ua,"29Dys-4Yrs, Male",2025-06-14 12:31:53.170 +0300,2025-06-14 12:31:53.170 +0300
2149,1.3.12,Palliative,,,,PC04,No. of patients that received palliative care with WHO status - Working (Adults)  ,qSiLNVnbwpg,Crc5reUlspd,"5-9Yrs, Female",2025-06-14 12:31:53.170 +0300,2025-06-14 12:31:53.170 +0300
2150,1.3.12,Palliative,,,,PC04,No. of patients that received palliative care with WHO status - Working (Adults)  ,qSiLNVnbwpg,F1rms8f9I9a,"5-9Yrs, Male",2025-06-14 12:31:53.170 +0300,2025-06-14 12:31:53.170 +0300
2151,1.3.12,Palliative,,,,PC05,No. of patients that received palliative care and are on oral liquid morphine  ,Vi1nAmj1Y0D,wDiX34aiw6i,"0-28Dys, Female",2025-06-14 12:31:53.170 +0300,2025-06-14 12:31:53.170 +0300
2152,1.3.12,Palliative,,,,PC05,No. of patients that received palliative care and are on oral liquid morphine  ,Vi1nAmj1Y0D,zh2zAaHyYQx,"0-28Dys, Male",2025-06-14 12:31:53.170 +0300,2025-06-14 12:31:53.170 +0300
2153,1.3.12,Palliative,,,,PC05,No. of patients that received palliative care and are on oral liquid morphine  ,Vi1nAmj1Y0D,u3CkZqMHfHP,"10-19Yrs, Female",2025-06-14 12:31:53.170 +0300,2025-06-14 12:31:53.170 +0300
2154,1.3.12,Palliative,,,,PC05,No. of patients that received palliative care and are on oral liquid morphine  ,Vi1nAmj1Y0D,c7gvocRdg0f,"10-19Yrs, Male",2025-06-14 12:31:53.170 +0300,2025-06-14 12:31:53.170 +0300
2155,1.3.12,Palliative,,,,PC05,No. of patients that received palliative care and are on oral liquid morphine  ,Vi1nAmj1Y0D,XVHTeecEOM3,"20+Yrs, Female",2025-06-14 12:31:53.170 +0300,2025-06-14 12:31:53.170 +0300
2156,1.3.12,Palliative,,,,PC05,No. of patients that received palliative care and are on oral liquid morphine  ,Vi1nAmj1Y0D,dCKzhhINakS,"20+Yrs, Male",2025-06-14 12:31:53.170 +0300,2025-06-14 12:31:53.170 +0300
2157,1.3.12,Palliative,,,,PC05,No. of patients that received palliative care and are on oral liquid morphine  ,Vi1nAmj1Y0D,huBy3W5qiD2,"29Dys-4Yrs, Female",2025-06-14 12:31:53.170 +0300,2025-06-14 12:31:53.170 +0300
2158,1.3.12,Palliative,,,,PC05,No. of patients that received palliative care and are on oral liquid morphine  ,Vi1nAmj1Y0D,V2OuNTRI6ua,"29Dys-4Yrs, Male",2025-06-14 12:31:53.170 +0300,2025-06-14 12:31:53.170 +0300
2159,1.3.12,Palliative,,,,PC05,No. of patients that received palliative care and are on oral liquid morphine  ,Vi1nAmj1Y0D,Crc5reUlspd,"5-9Yrs, Female",2025-06-14 12:31:53.170 +0300,2025-06-14 12:31:53.170 +0300
2160,1.3.12,Palliative,,,,PC05,No. of patients that received palliative care and are on oral liquid morphine  ,Vi1nAmj1Y0D,F1rms8f9I9a,"5-9Yrs, Male",2025-06-14 12:31:53.170 +0300,2025-06-14 12:31:53.170 +0300
2161,1.3.12,Palliative,,,,PC06, No. of patients on palliative care who died during the month  ,Bv5ThUANT2Q,huBy3W5qiD2,"29Dys-4Yrs, Female",2025-06-14 12:31:53.170 +0300,2025-06-14 12:31:53.170 +0300
2162,1.3.12,Palliative,,,,PC06, No. of patients on palliative care who died during the month  ,Bv5ThUANT2Q,wDiX34aiw6i,"0-28Dys, Female",2025-06-14 12:31:53.170 +0300,2025-06-14 12:31:53.170 +0300
2163,1.3.12,Palliative,,,,PC06, No. of patients on palliative care who died during the month  ,Bv5ThUANT2Q,zh2zAaHyYQx,"0-28Dys, Male",2025-06-14 12:31:53.170 +0300,2025-06-14 12:31:53.170 +0300
2164,1.3.12,Palliative,,,,PC06, No. of patients on palliative care who died during the month  ,Bv5ThUANT2Q,u3CkZqMHfHP,"10-19Yrs, Female",2025-06-14 12:31:53.170 +0300,2025-06-14 12:31:53.170 +0300
2165,1.3.12,Palliative,,,,PC06, No. of patients on palliative care who died during the month  ,Bv5ThUANT2Q,c7gvocRdg0f,"10-19Yrs, Male",2025-06-14 12:31:53.170 +0300,2025-06-14 12:31:53.170 +0300
2166,1.3.12,Palliative,,,,PC06, No. of patients on palliative care who died during the month  ,Bv5ThUANT2Q,XVHTeecEOM3,"20+Yrs, Female",2025-06-14 12:31:53.170 +0300,2025-06-14 12:31:53.170 +0300
2167,1.3.12,Palliative,,,,PC06, No. of patients on palliative care who died during the month  ,Bv5ThUANT2Q,dCKzhhINakS,"20+Yrs, Male",2025-06-14 12:31:53.170 +0300,2025-06-14 12:31:53.170 +0300
2168,1.3.12,Palliative,,,,PC06, No. of patients on palliative care who died during the month  ,Bv5ThUANT2Q,V2OuNTRI6ua,"29Dys-4Yrs, Male",2025-06-14 12:31:53.170 +0300,2025-06-14 12:31:53.170 +0300
2169,1.3.12,Palliative,,,,PC06, No. of patients on palliative care who died during the month  ,Bv5ThUANT2Q,Crc5reUlspd,"5-9Yrs, Female",2025-06-14 12:31:53.170 +0300,2025-06-14 12:31:53.170 +0300
2170,1.3.12,Palliative,,,,PC06, No. of patients on palliative care who died during the month  ,Bv5ThUANT2Q,F1rms8f9I9a,"5-9Yrs, Male",2025-06-14 12:31:53.170 +0300,2025-06-14 12:31:53.170 +0300
2228,1.3.14,Disabilities,,,,DS06,Individuals with Dwarfism ,KzSFtYtzc5B,V2OuNTRI6ua,"29Dys-4Yrs, Male",2025-06-14 12:31:53.170 +0300,2025-06-14 12:31:53.170 +0300
2229,1.3.14,Disabilities,,,,DS06,Individuals with Dwarfism ,KzSFtYtzc5B,Crc5reUlspd,"5-9Yrs, Female",2025-06-14 12:31:53.170 +0300,2025-06-14 12:31:53.170 +0300
1499,1.3.14,Disabilities,,,,DS10,Individuals with Difficulty in writing,Pqm6ZFmsEId,Crc5reUlspd,"5-9Yrs, Female",2025-06-14 12:31:53.170 +0300,2025-06-14 12:31:53.170 +0300
1401,1.3.14,Disabilities,774,11961,"Family history of other disabilities and chronic diseases leading to disablement, not elsewhere classified",DS01,Individuals with Difficulty in seeing ,KapNMOhkRD7,wDiX34aiw6i,"0-28Dys, Female",2025-06-14 12:31:53.170 +0300,2025-06-14 12:31:53.170 +0300
1402,1.3.14,Disabilities,774,11961,"Family history of other disabilities and chronic diseases leading to disablement, not elsewhere classified",DS01,Individuals with Difficulty in seeing ,KapNMOhkRD7,zh2zAaHyYQx,"0-28Dys, Male",2025-06-14 12:31:53.170 +0300,2025-06-14 12:31:53.170 +0300
1447,1.3.14,Disabilities,,,,DS05,Individuals with delayed age specific motor development,gyKuxbw1ONZ,huBy3W5qiD2,"29Dys-4Yrs, Female",2025-06-14 12:31:53.170 +0300,2025-06-14 12:31:53.170 +0300
1403,1.3.14,Disabilities,774,11961,"Family history of other disabilities and chronic diseases leading to disablement, not elsewhere classified",DS01,Individuals with Difficulty in seeing ,KapNMOhkRD7,u3CkZqMHfHP,"10-19Yrs, Female",2025-06-14 12:31:53.170 +0300,2025-06-14 12:31:53.170 +0300
1404,1.3.14,Disabilities,774,11961,"Family history of other disabilities and chronic diseases leading to disablement, not elsewhere classified",DS01,Individuals with Difficulty in seeing ,KapNMOhkRD7,c7gvocRdg0f,"10-19Yrs, Male",2025-06-14 12:31:53.170 +0300,2025-06-14 12:31:53.170 +0300
1405,1.3.14,Disabilities,774,11961,"Family history of other disabilities and chronic diseases leading to disablement, not elsewhere classified",DS01,Individuals with Difficulty in seeing ,KapNMOhkRD7,XVHTeecEOM3,"20+Yrs, Female",2025-06-14 12:31:53.170 +0300,2025-06-14 12:31:53.170 +0300
1406,1.3.14,Disabilities,774,11961,"Family history of other disabilities and chronic diseases leading to disablement, not elsewhere classified",DS01,Individuals with Difficulty in seeing ,KapNMOhkRD7,dCKzhhINakS,"20+Yrs, Male",2025-06-14 12:31:53.170 +0300,2025-06-14 12:31:53.170 +0300
1407,1.3.14,Disabilities,774,11961,"Family history of other disabilities and chronic diseases leading to disablement, not elsewhere classified",DS01,Individuals with Difficulty in seeing ,KapNMOhkRD7,huBy3W5qiD2,"29Dys-4Yrs, Female",2025-06-14 12:31:53.170 +0300,2025-06-14 12:31:53.170 +0300
1408,1.3.14,Disabilities,774,11961,"Family history of other disabilities and chronic diseases leading to disablement, not elsewhere classified",DS01,Individuals with Difficulty in seeing ,KapNMOhkRD7,V2OuNTRI6ua,"29Dys-4Yrs, Male",2025-06-14 12:31:53.170 +0300,2025-06-14 12:31:53.170 +0300
1409,1.3.14,Disabilities,774,11961,"Family history of other disabilities and chronic diseases leading to disablement, not elsewhere classified",DS01,Individuals with Difficulty in seeing ,KapNMOhkRD7,Crc5reUlspd,"5-9Yrs, Female",2025-06-14 12:31:53.170 +0300,2025-06-14 12:31:53.170 +0300
1410,1.3.14,Disabilities,774,11961,"Family history of other disabilities and chronic diseases leading to disablement, not elsewhere classified",DS01,Individuals with Difficulty in seeing ,KapNMOhkRD7,F1rms8f9I9a,"5-9Yrs, Male",2025-06-14 12:31:53.170 +0300,2025-06-14 12:31:53.170 +0300
1411,1.3.14,Disabilities,775,2270,Albinism,DS02, Individuals with Albinism  ,Qq2kwuGkiFH,wDiX34aiw6i,"0-28Dys, Female",2025-06-14 12:31:53.170 +0300,2025-06-14 12:31:53.170 +0300
1412,1.3.14,Disabilities,775,2270,Albinism,DS02, Individuals with Albinism  ,Qq2kwuGkiFH,zh2zAaHyYQx,"0-28Dys, Male",2025-06-14 12:31:53.170 +0300,2025-06-14 12:31:53.170 +0300
1413,1.3.14,Disabilities,775,2270,Albinism,DS02, Individuals with Albinism  ,Qq2kwuGkiFH,u3CkZqMHfHP,"10-19Yrs, Female",2025-06-14 12:31:53.170 +0300,2025-06-14 12:31:53.170 +0300
1414,1.3.14,Disabilities,775,2270,Albinism,DS02, Individuals with Albinism  ,Qq2kwuGkiFH,c7gvocRdg0f,"10-19Yrs, Male",2025-06-14 12:31:53.170 +0300,2025-06-14 12:31:53.170 +0300
1415,1.3.14,Disabilities,775,2270,Albinism,DS02, Individuals with Albinism  ,Qq2kwuGkiFH,XVHTeecEOM3,"20+Yrs, Female",2025-06-14 12:31:53.170 +0300,2025-06-14 12:31:53.170 +0300
1416,1.3.14,Disabilities,775,2270,Albinism,DS02, Individuals with Albinism  ,Qq2kwuGkiFH,dCKzhhINakS,"20+Yrs, Male",2025-06-14 12:31:53.170 +0300,2025-06-14 12:31:53.170 +0300
1417,1.3.14,Disabilities,775,2270,Albinism,DS02, Individuals with Albinism  ,Qq2kwuGkiFH,huBy3W5qiD2,"29Dys-4Yrs, Female",2025-06-14 12:31:53.170 +0300,2025-06-14 12:31:53.170 +0300
1418,1.3.14,Disabilities,775,2270,Albinism,DS02, Individuals with Albinism  ,Qq2kwuGkiFH,V2OuNTRI6ua,"29Dys-4Yrs, Male",2025-06-14 12:31:53.170 +0300,2025-06-14 12:31:53.170 +0300
1419,1.3.14,Disabilities,775,2270,Albinism,DS02, Individuals with Albinism  ,Qq2kwuGkiFH,Crc5reUlspd,"5-9Yrs, Female",2025-06-14 12:31:53.170 +0300,2025-06-14 12:31:53.170 +0300
1420,1.3.14,Disabilities,775,2270,Albinism,DS02, Individuals with Albinism  ,Qq2kwuGkiFH,F1rms8f9I9a,"5-9Yrs, Male",2025-06-14 12:31:53.170 +0300,2025-06-14 12:31:53.170 +0300
1421,1.3.14,Disabilities,,,,DS03,Individuals with Difficulty in hearing ,d4LbA3iyebD,wDiX34aiw6i,"0-28Dys, Female",2025-06-14 12:31:53.170 +0300,2025-06-14 12:31:53.170 +0300
1422,1.3.14,Disabilities,,,,DS03,Individuals with Difficulty in hearing ,d4LbA3iyebD,zh2zAaHyYQx,"0-28Dys, Male",2025-06-14 12:31:53.170 +0300,2025-06-14 12:31:53.170 +0300
1423,1.3.14,Disabilities,,,,DS03,Individuals with Difficulty in hearing ,d4LbA3iyebD,u3CkZqMHfHP,"10-19Yrs, Female",2025-06-14 12:31:53.170 +0300,2025-06-14 12:31:53.170 +0300
1424,1.3.14,Disabilities,,,,DS03,Individuals with Difficulty in hearing ,d4LbA3iyebD,c7gvocRdg0f,"10-19Yrs, Male",2025-06-14 12:31:53.170 +0300,2025-06-14 12:31:53.170 +0300
1425,1.3.14,Disabilities,,,,DS03,Individuals with Difficulty in hearing ,d4LbA3iyebD,XVHTeecEOM3,"20+Yrs, Female",2025-06-14 12:31:53.170 +0300,2025-06-14 12:31:53.170 +0300
1426,1.3.14,Disabilities,,,,DS03,Individuals with Difficulty in hearing ,d4LbA3iyebD,dCKzhhINakS,"20+Yrs, Male",2025-06-14 12:31:53.170 +0300,2025-06-14 12:31:53.170 +0300
1427,1.3.14,Disabilities,,,,DS03,Individuals with Difficulty in hearing ,d4LbA3iyebD,huBy3W5qiD2,"29Dys-4Yrs, Female",2025-06-14 12:31:53.170 +0300,2025-06-14 12:31:53.170 +0300
1428,1.3.14,Disabilities,,,,DS03,Individuals with Difficulty in hearing ,d4LbA3iyebD,V2OuNTRI6ua,"29Dys-4Yrs, Male",2025-06-14 12:31:53.170 +0300,2025-06-14 12:31:53.170 +0300
1429,1.3.14,Disabilities,,,,DS03,Individuals with Difficulty in hearing ,d4LbA3iyebD,Crc5reUlspd,"5-9Yrs, Female",2025-06-14 12:31:53.170 +0300,2025-06-14 12:31:53.170 +0300
1430,1.3.14,Disabilities,,,,DS03,Individuals with Difficulty in hearing ,d4LbA3iyebD,F1rms8f9I9a,"5-9Yrs, Male",2025-06-14 12:31:53.170 +0300,2025-06-14 12:31:53.170 +0300
1431,1.3.14,Disabilities,,,,DS04, Individuals with Speech Difficulties  ,NoWHScNhjYI,wDiX34aiw6i,"0-28Dys, Female",2025-06-14 12:31:53.170 +0300,2025-06-14 12:31:53.170 +0300
1432,1.3.14,Disabilities,,,,DS04, Individuals with Speech Difficulties  ,NoWHScNhjYI,zh2zAaHyYQx,"0-28Dys, Male",2025-06-14 12:31:53.170 +0300,2025-06-14 12:31:53.170 +0300
1433,1.3.14,Disabilities,,,,DS04, Individuals with Speech Difficulties  ,NoWHScNhjYI,u3CkZqMHfHP,"10-19Yrs, Female",2025-06-14 12:31:53.170 +0300,2025-06-14 12:31:53.170 +0300
1434,1.3.14,Disabilities,,,,DS04, Individuals with Speech Difficulties  ,NoWHScNhjYI,c7gvocRdg0f,"10-19Yrs, Male",2025-06-14 12:31:53.170 +0300,2025-06-14 12:31:53.170 +0300
1435,1.3.14,Disabilities,,,,DS04, Individuals with Speech Difficulties  ,NoWHScNhjYI,XVHTeecEOM3,"20+Yrs, Female",2025-06-14 12:31:53.170 +0300,2025-06-14 12:31:53.170 +0300
1436,1.3.14,Disabilities,,,,DS04, Individuals with Speech Difficulties  ,NoWHScNhjYI,dCKzhhINakS,"20+Yrs, Male",2025-06-14 12:31:53.170 +0300,2025-06-14 12:31:53.170 +0300
1437,1.3.14,Disabilities,,,,DS04, Individuals with Speech Difficulties  ,NoWHScNhjYI,huBy3W5qiD2,"29Dys-4Yrs, Female",2025-06-14 12:31:53.170 +0300,2025-06-14 12:31:53.170 +0300
1438,1.3.14,Disabilities,,,,DS04, Individuals with Speech Difficulties  ,NoWHScNhjYI,V2OuNTRI6ua,"29Dys-4Yrs, Male",2025-06-14 12:31:53.170 +0300,2025-06-14 12:31:53.170 +0300
1439,1.3.14,Disabilities,,,,DS04, Individuals with Speech Difficulties  ,NoWHScNhjYI,Crc5reUlspd,"5-9Yrs, Female",2025-06-14 12:31:53.170 +0300,2025-06-14 12:31:53.170 +0300
1440,1.3.14,Disabilities,,,,DS04, Individuals with Speech Difficulties  ,NoWHScNhjYI,F1rms8f9I9a,"5-9Yrs, Male",2025-06-14 12:31:53.170 +0300,2025-06-14 12:31:53.170 +0300
1441,1.3.14,Disabilities,,,,DS05,Individuals with delayed age specific motor development,gyKuxbw1ONZ,wDiX34aiw6i,"0-28Dys, Female",2025-06-14 12:31:53.170 +0300,2025-06-14 12:31:53.170 +0300
1442,1.3.14,Disabilities,,,,DS05,Individuals with delayed age specific motor development,gyKuxbw1ONZ,zh2zAaHyYQx,"0-28Dys, Male",2025-06-14 12:31:53.170 +0300,2025-06-14 12:31:53.170 +0300
1443,1.3.14,Disabilities,,,,DS05,Individuals with delayed age specific motor development,gyKuxbw1ONZ,u3CkZqMHfHP,"10-19Yrs, Female",2025-06-14 12:31:53.170 +0300,2025-06-14 12:31:53.170 +0300
1444,1.3.14,Disabilities,,,,DS05,Individuals with delayed age specific motor development,gyKuxbw1ONZ,c7gvocRdg0f,"10-19Yrs, Male",2025-06-14 12:31:53.170 +0300,2025-06-14 12:31:53.170 +0300
1445,1.3.14,Disabilities,,,,DS05,Individuals with delayed age specific motor development,gyKuxbw1ONZ,XVHTeecEOM3,"20+Yrs, Female",2025-06-14 12:31:53.170 +0300,2025-06-14 12:31:53.170 +0300
1446,1.3.14,Disabilities,,,,DS05,Individuals with delayed age specific motor development,gyKuxbw1ONZ,dCKzhhINakS,"20+Yrs, Male",2025-06-14 12:31:53.170 +0300,2025-06-14 12:31:53.170 +0300
1448,1.3.14,Disabilities,,,,DS05,Individuals with delayed age specific motor development,gyKuxbw1ONZ,V2OuNTRI6ua,"29Dys-4Yrs, Male",2025-06-14 12:31:53.170 +0300,2025-06-14 12:31:53.170 +0300
1449,1.3.14,Disabilities,,,,DS05,Individuals with delayed age specific motor development,gyKuxbw1ONZ,Crc5reUlspd,"5-9Yrs, Female",2025-06-14 12:31:53.170 +0300,2025-06-14 12:31:53.170 +0300
1450,1.3.14,Disabilities,,,,DS05,Individuals with delayed age specific motor development,gyKuxbw1ONZ,F1rms8f9I9a,"5-9Yrs, Male",2025-06-14 12:31:53.170 +0300,2025-06-14 12:31:53.170 +0300
1451,1.3.14,Disabilities,,,,DS06,Individuals with Dwarfism ,KzSFtYtzc5B,wDiX34aiw6i,"0-28Dys, Female",2025-06-14 12:31:53.170 +0300,2025-06-14 12:31:53.170 +0300
1452,1.3.14,Disabilities,,,,DS06,Individuals with Dwarfism ,KzSFtYtzc5B,zh2zAaHyYQx,"0-28Dys, Male",2025-06-14 12:31:53.170 +0300,2025-06-14 12:31:53.170 +0300
1453,1.3.14,Disabilities,,,,DS06,Individuals with Dwarfism ,KzSFtYtzc5B,u3CkZqMHfHP,"10-19Yrs, Female",2025-06-14 12:31:53.170 +0300,2025-06-14 12:31:53.170 +0300
1454,1.3.14,Disabilities,,,,DS06,Individuals with Dwarfism ,KzSFtYtzc5B,c7gvocRdg0f,"10-19Yrs, Male",2025-06-14 12:31:53.170 +0300,2025-06-14 12:31:53.170 +0300
1455,1.3.14,Disabilities,,,,DS06,Individuals with Dwarfism ,KzSFtYtzc5B,XVHTeecEOM3,"20+Yrs, Female",2025-06-14 12:31:53.170 +0300,2025-06-14 12:31:53.170 +0300
1456,1.3.14,Disabilities,,,,DS06,Individuals with Dwarfism ,KzSFtYtzc5B,dCKzhhINakS,"20+Yrs, Male",2025-06-14 12:31:53.170 +0300,2025-06-14 12:31:53.170 +0300
1457,1.3.14,Disabilities,,,,DS06,Individuals with Dwarfism ,KzSFtYtzc5B,huBy3W5qiD2,"29Dys-4Yrs, Female",2025-06-14 12:31:53.170 +0300,2025-06-14 12:31:53.170 +0300
1458,1.3.14,Disabilities,,,,DS06,Individuals with Dwarfism ,KzSFtYtzc5B,V2OuNTRI6ua,"29Dys-4Yrs, Male",2025-06-14 12:31:53.170 +0300,2025-06-14 12:31:53.170 +0300
1459,1.3.14,Disabilities,,,,DS06,Individuals with Dwarfism ,KzSFtYtzc5B,Crc5reUlspd,"5-9Yrs, Female",2025-06-14 12:31:53.170 +0300,2025-06-14 12:31:53.170 +0300
1460,1.3.14,Disabilities,,,,DS06,Individuals with Dwarfism ,KzSFtYtzc5B,F1rms8f9I9a,"5-9Yrs, Male",2025-06-14 12:31:53.170 +0300,2025-06-14 12:31:53.170 +0300
1461,1.3.14,Disabilities,,,,DS07, Individuals with Difficulty understanding,awqjtCY5VEb,wDiX34aiw6i,"0-28Dys, Female",2025-06-14 12:31:53.170 +0300,2025-06-14 12:31:53.170 +0300
1462,1.3.14,Disabilities,,,,DS07, Individuals with Difficulty understanding,awqjtCY5VEb,zh2zAaHyYQx,"0-28Dys, Male",2025-06-14 12:31:53.170 +0300,2025-06-14 12:31:53.170 +0300
1463,1.3.14,Disabilities,,,,DS07, Individuals with Difficulty understanding,awqjtCY5VEb,u3CkZqMHfHP,"10-19Yrs, Female",2025-06-14 12:31:53.170 +0300,2025-06-14 12:31:53.170 +0300
1464,1.3.14,Disabilities,,,,DS07, Individuals with Difficulty understanding,awqjtCY5VEb,c7gvocRdg0f,"10-19Yrs, Male",2025-06-14 12:31:53.170 +0300,2025-06-14 12:31:53.170 +0300
1465,1.3.14,Disabilities,,,,DS07, Individuals with Difficulty understanding,awqjtCY5VEb,XVHTeecEOM3,"20+Yrs, Female",2025-06-14 12:31:53.170 +0300,2025-06-14 12:31:53.170 +0300
1466,1.3.14,Disabilities,,,,DS07, Individuals with Difficulty understanding,awqjtCY5VEb,dCKzhhINakS,"20+Yrs, Male",2025-06-14 12:31:53.170 +0300,2025-06-14 12:31:53.170 +0300
1467,1.3.14,Disabilities,,,,DS07, Individuals with Difficulty understanding,awqjtCY5VEb,huBy3W5qiD2,"29Dys-4Yrs, Female",2025-06-14 12:31:53.170 +0300,2025-06-14 12:31:53.170 +0300
1468,1.3.14,Disabilities,,,,DS07, Individuals with Difficulty understanding,awqjtCY5VEb,V2OuNTRI6ua,"29Dys-4Yrs, Male",2025-06-14 12:31:53.170 +0300,2025-06-14 12:31:53.170 +0300
1469,1.3.14,Disabilities,,,,DS07, Individuals with Difficulty understanding,awqjtCY5VEb,Crc5reUlspd,"5-9Yrs, Female",2025-06-14 12:31:53.170 +0300,2025-06-14 12:31:53.170 +0300
1470,1.3.14,Disabilities,,,,DS07, Individuals with Difficulty understanding,awqjtCY5VEb,F1rms8f9I9a,"5-9Yrs, Male",2025-06-14 12:31:53.170 +0300,2025-06-14 12:31:53.170 +0300
1471,1.3.14,Disabilities,,,,DS08,  Individuals with Difficulty in remembering ,bAq38iUTsvR,wDiX34aiw6i,"0-28Dys, Female",2025-06-14 12:31:53.170 +0300,2025-06-14 12:31:53.170 +0300
1472,1.3.14,Disabilities,,,,DS08,  Individuals with Difficulty in remembering ,bAq38iUTsvR,zh2zAaHyYQx,"0-28Dys, Male",2025-06-14 12:31:53.170 +0300,2025-06-14 12:31:53.170 +0300
1473,1.3.14,Disabilities,,,,DS08,  Individuals with Difficulty in remembering ,bAq38iUTsvR,u3CkZqMHfHP,"10-19Yrs, Female",2025-06-14 12:31:53.170 +0300,2025-06-14 12:31:53.170 +0300
1474,1.3.14,Disabilities,,,,DS08,  Individuals with Difficulty in remembering ,bAq38iUTsvR,c7gvocRdg0f,"10-19Yrs, Male",2025-06-14 12:31:53.170 +0300,2025-06-14 12:31:53.170 +0300
1475,1.3.14,Disabilities,,,,DS08,  Individuals with Difficulty in remembering ,bAq38iUTsvR,XVHTeecEOM3,"20+Yrs, Female",2025-06-14 12:31:53.170 +0300,2025-06-14 12:31:53.170 +0300
1476,1.3.14,Disabilities,,,,DS08,  Individuals with Difficulty in remembering ,bAq38iUTsvR,dCKzhhINakS,"20+Yrs, Male",2025-06-14 12:31:53.170 +0300,2025-06-14 12:31:53.170 +0300
1477,1.3.14,Disabilities,,,,DS08,  Individuals with Difficulty in remembering ,bAq38iUTsvR,huBy3W5qiD2,"29Dys-4Yrs, Female",2025-06-14 12:31:53.170 +0300,2025-06-14 12:31:53.170 +0300
1478,1.3.14,Disabilities,,,,DS08,  Individuals with Difficulty in remembering ,bAq38iUTsvR,V2OuNTRI6ua,"29Dys-4Yrs, Male",2025-06-14 12:31:53.170 +0300,2025-06-14 12:31:53.170 +0300
1479,1.3.14,Disabilities,,,,DS08,  Individuals with Difficulty in remembering ,bAq38iUTsvR,Crc5reUlspd,"5-9Yrs, Female",2025-06-14 12:31:53.170 +0300,2025-06-14 12:31:53.170 +0300
1480,1.3.14,Disabilities,,,,DS08,  Individuals with Difficulty in remembering ,bAq38iUTsvR,F1rms8f9I9a,"5-9Yrs, Male",2025-06-14 12:31:53.170 +0300,2025-06-14 12:31:53.170 +0300
1481,1.3.14,Disabilities,,,,DS09, Individuals with Difficulty in reading ,urup7lP3i2I,wDiX34aiw6i,"0-28Dys, Female",2025-06-14 12:31:53.170 +0300,2025-06-14 12:31:53.170 +0300
1482,1.3.14,Disabilities,,,,DS09, Individuals with Difficulty in reading ,urup7lP3i2I,zh2zAaHyYQx,"0-28Dys, Male",2025-06-14 12:31:53.170 +0300,2025-06-14 12:31:53.170 +0300
1483,1.3.14,Disabilities,,,,DS09, Individuals with Difficulty in reading ,urup7lP3i2I,u3CkZqMHfHP,"10-19Yrs, Female",2025-06-14 12:31:53.170 +0300,2025-06-14 12:31:53.170 +0300
1484,1.3.14,Disabilities,,,,DS09, Individuals with Difficulty in reading ,urup7lP3i2I,c7gvocRdg0f,"10-19Yrs, Male",2025-06-14 12:31:53.170 +0300,2025-06-14 12:31:53.170 +0300
1485,1.3.14,Disabilities,,,,DS09, Individuals with Difficulty in reading ,urup7lP3i2I,XVHTeecEOM3,"20+Yrs, Female",2025-06-14 12:31:53.170 +0300,2025-06-14 12:31:53.170 +0300
1486,1.3.14,Disabilities,,,,DS09, Individuals with Difficulty in reading ,urup7lP3i2I,dCKzhhINakS,"20+Yrs, Male",2025-06-14 12:31:53.170 +0300,2025-06-14 12:31:53.170 +0300
1487,1.3.14,Disabilities,,,,DS09, Individuals with Difficulty in reading ,urup7lP3i2I,huBy3W5qiD2,"29Dys-4Yrs, Female",2025-06-14 12:31:53.170 +0300,2025-06-14 12:31:53.170 +0300
1488,1.3.14,Disabilities,,,,DS09, Individuals with Difficulty in reading ,urup7lP3i2I,V2OuNTRI6ua,"29Dys-4Yrs, Male",2025-06-14 12:31:53.170 +0300,2025-06-14 12:31:53.170 +0300
1489,1.3.14,Disabilities,,,,DS09, Individuals with Difficulty in reading ,urup7lP3i2I,Crc5reUlspd,"5-9Yrs, Female",2025-06-14 12:31:53.170 +0300,2025-06-14 12:31:53.170 +0300
1490,1.3.14,Disabilities,,,,DS09, Individuals with Difficulty in reading ,urup7lP3i2I,F1rms8f9I9a,"5-9Yrs, Male",2025-06-14 12:31:53.170 +0300,2025-06-14 12:31:53.170 +0300
1491,1.3.14,Disabilities,,,,DS10,Individuals with Difficulty in writing,Pqm6ZFmsEId,wDiX34aiw6i,"0-28Dys, Female",2025-06-14 12:31:53.170 +0300,2025-06-14 12:31:53.170 +0300
1492,1.3.14,Disabilities,,,,DS10,Individuals with Difficulty in writing,Pqm6ZFmsEId,zh2zAaHyYQx,"0-28Dys, Male",2025-06-14 12:31:53.170 +0300,2025-06-14 12:31:53.170 +0300
1493,1.3.14,Disabilities,,,,DS10,Individuals with Difficulty in writing,Pqm6ZFmsEId,u3CkZqMHfHP,"10-19Yrs, Female",2025-06-14 12:31:53.170 +0300,2025-06-14 12:31:53.170 +0300
1494,1.3.14,Disabilities,,,,DS10,Individuals with Difficulty in writing,Pqm6ZFmsEId,c7gvocRdg0f,"10-19Yrs, Male",2025-06-14 12:31:53.170 +0300,2025-06-14 12:31:53.170 +0300
1495,1.3.14,Disabilities,,,,DS10,Individuals with Difficulty in writing,Pqm6ZFmsEId,XVHTeecEOM3,"20+Yrs, Female",2025-06-14 12:31:53.170 +0300,2025-06-14 12:31:53.170 +0300
1496,1.3.14,Disabilities,,,,DS10,Individuals with Difficulty in writing,Pqm6ZFmsEId,dCKzhhINakS,"20+Yrs, Male",2025-06-14 12:31:53.170 +0300,2025-06-14 12:31:53.170 +0300
1497,1.3.14,Disabilities,,,,DS10,Individuals with Difficulty in writing,Pqm6ZFmsEId,huBy3W5qiD2,"29Dys-4Yrs, Female",2025-06-14 12:31:53.170 +0300,2025-06-14 12:31:53.170 +0300
1498,1.3.14,Disabilities,,,,DS10,Individuals with Difficulty in writing,Pqm6ZFmsEId,V2OuNTRI6ua,"29Dys-4Yrs, Male",2025-06-14 12:31:53.170 +0300,2025-06-14 12:31:53.170 +0300
1500,1.3.14,Disabilities,,,,DS10,Individuals with Difficulty in writing,Pqm6ZFmsEId,F1rms8f9I9a,"5-9Yrs, Male",2025-06-14 12:31:53.170 +0300,2025-06-14 12:31:53.170 +0300
1501,1.3.14,Disabilities,,,,DS11, Individuals with Difficulty in self-care,N2cNTWGuWCJ,wDiX34aiw6i,"0-28Dys, Female",2025-06-14 12:31:53.170 +0300,2025-06-14 12:31:53.170 +0300
1502,1.3.14,Disabilities,,,,DS11, Individuals with Difficulty in self-care,N2cNTWGuWCJ,zh2zAaHyYQx,"0-28Dys, Male",2025-06-14 12:31:53.170 +0300,2025-06-14 12:31:53.170 +0300
1503,1.3.14,Disabilities,,,,DS11, Individuals with Difficulty in self-care,N2cNTWGuWCJ,u3CkZqMHfHP,"10-19Yrs, Female",2025-06-14 12:31:53.170 +0300,2025-06-14 12:31:53.170 +0300
1504,1.3.14,Disabilities,,,,DS11, Individuals with Difficulty in self-care,N2cNTWGuWCJ,c7gvocRdg0f,"10-19Yrs, Male",2025-06-14 12:31:53.170 +0300,2025-06-14 12:31:53.170 +0300
1505,1.3.14,Disabilities,,,,DS11, Individuals with Difficulty in self-care,N2cNTWGuWCJ,XVHTeecEOM3,"20+Yrs, Female",2025-06-14 12:31:53.170 +0300,2025-06-14 12:31:53.170 +0300
1506,1.3.14,Disabilities,,,,DS11, Individuals with Difficulty in self-care,N2cNTWGuWCJ,dCKzhhINakS,"20+Yrs, Male",2025-06-14 12:31:53.170 +0300,2025-06-14 12:31:53.170 +0300
1507,1.3.14,Disabilities,,,,DS11, Individuals with Difficulty in self-care,N2cNTWGuWCJ,huBy3W5qiD2,"29Dys-4Yrs, Female",2025-06-14 12:31:53.170 +0300,2025-06-14 12:31:53.170 +0300
1508,1.3.14,Disabilities,,,,DS11, Individuals with Difficulty in self-care,N2cNTWGuWCJ,V2OuNTRI6ua,"29Dys-4Yrs, Male",2025-06-14 12:31:53.170 +0300,2025-06-14 12:31:53.170 +0300
1509,1.3.14,Disabilities,,,,DS11, Individuals with Difficulty in self-care,N2cNTWGuWCJ,Crc5reUlspd,"5-9Yrs, Female",2025-06-14 12:31:53.170 +0300,2025-06-14 12:31:53.170 +0300
1510,1.3.14,Disabilities,,,,DS11, Individuals with Difficulty in self-care,N2cNTWGuWCJ,F1rms8f9I9a,"5-9Yrs, Male",2025-06-14 12:31:53.170 +0300,2025-06-14 12:31:53.170 +0300
1511,1.3.14,Disabilities,,,,DS12,Individuals with Mentally impairment   ,Mo3s0kMNW8Y,wDiX34aiw6i,"0-28Dys, Female",2025-06-14 12:31:53.170 +0300,2025-06-14 12:31:53.170 +0300
1512,1.3.14,Disabilities,,,,DS12,Individuals with Mentally impairment   ,Mo3s0kMNW8Y,zh2zAaHyYQx,"0-28Dys, Male",2025-06-14 12:31:53.170 +0300,2025-06-14 12:31:53.170 +0300
1513,1.3.14,Disabilities,,,,DS12,Individuals with Mentally impairment   ,Mo3s0kMNW8Y,u3CkZqMHfHP,"10-19Yrs, Female",2025-06-14 12:31:53.170 +0300,2025-06-14 12:31:53.170 +0300
1514,1.3.14,Disabilities,,,,DS12,Individuals with Mentally impairment   ,Mo3s0kMNW8Y,c7gvocRdg0f,"10-19Yrs, Male",2025-06-14 12:31:53.170 +0300,2025-06-14 12:31:53.170 +0300
1515,1.3.14,Disabilities,,,,DS12,Individuals with Mentally impairment   ,Mo3s0kMNW8Y,XVHTeecEOM3,"20+Yrs, Female",2025-06-14 12:31:53.170 +0300,2025-06-14 12:31:53.170 +0300
1516,1.3.14,Disabilities,,,,DS12,Individuals with Mentally impairment   ,Mo3s0kMNW8Y,dCKzhhINakS,"20+Yrs, Male",2025-06-14 12:31:53.170 +0300,2025-06-14 12:31:53.170 +0300
1517,1.3.14,Disabilities,,,,DS12,Individuals with Mentally impairment   ,Mo3s0kMNW8Y,huBy3W5qiD2,"29Dys-4Yrs, Female",2025-06-14 12:31:53.170 +0300,2025-06-14 12:31:53.170 +0300
1518,1.3.14,Disabilities,,,,DS12,Individuals with Mentally impairment   ,Mo3s0kMNW8Y,V2OuNTRI6ua,"29Dys-4Yrs, Male",2025-06-14 12:31:53.170 +0300,2025-06-14 12:31:53.170 +0300
1519,1.3.14,Disabilities,,,,DS12,Individuals with Mentally impairment   ,Mo3s0kMNW8Y,Crc5reUlspd,"5-9Yrs, Female",2025-06-14 12:31:53.170 +0300,2025-06-14 12:31:53.170 +0300
1520,1.3.14,Disabilities,,,,DS12,Individuals with Mentally impairment   ,Mo3s0kMNW8Y,F1rms8f9I9a,"5-9Yrs, Male",2025-06-14 12:31:53.170 +0300,2025-06-14 12:31:53.170 +0300
1521,1.3.14,Disabilities,,,,DS13, Individuals with Emotionally impairment,Aa3WFdlinZz,wDiX34aiw6i,"0-28Dys, Female",2025-06-14 12:31:53.170 +0300,2025-06-14 12:31:53.170 +0300
1522,1.3.14,Disabilities,,,,DS13, Individuals with Emotionally impairment,Aa3WFdlinZz,zh2zAaHyYQx,"0-28Dys, Male",2025-06-14 12:31:53.170 +0300,2025-06-14 12:31:53.170 +0300
1523,1.3.14,Disabilities,,,,DS13, Individuals with Emotionally impairment,Aa3WFdlinZz,u3CkZqMHfHP,"10-19Yrs, Female",2025-06-14 12:31:53.170 +0300,2025-06-14 12:31:53.170 +0300
1524,1.3.14,Disabilities,,,,DS13, Individuals with Emotionally impairment,Aa3WFdlinZz,c7gvocRdg0f,"10-19Yrs, Male",2025-06-14 12:31:53.170 +0300,2025-06-14 12:31:53.170 +0300
1525,1.3.14,Disabilities,,,,DS13, Individuals with Emotionally impairment,Aa3WFdlinZz,XVHTeecEOM3,"20+Yrs, Female",2025-06-14 12:31:53.170 +0300,2025-06-14 12:31:53.170 +0300
1526,1.3.14,Disabilities,,,,DS13, Individuals with Emotionally impairment,Aa3WFdlinZz,dCKzhhINakS,"20+Yrs, Male",2025-06-14 12:31:53.170 +0300,2025-06-14 12:31:53.170 +0300
1527,1.3.14,Disabilities,,,,DS13, Individuals with Emotionally impairment,Aa3WFdlinZz,huBy3W5qiD2,"29Dys-4Yrs, Female",2025-06-14 12:31:53.170 +0300,2025-06-14 12:31:53.170 +0300
1528,1.3.14,Disabilities,,,,DS13, Individuals with Emotionally impairment,Aa3WFdlinZz,V2OuNTRI6ua,"29Dys-4Yrs, Male",2025-06-14 12:31:53.170 +0300,2025-06-14 12:31:53.170 +0300
1529,1.3.14,Disabilities,,,,DS13, Individuals with Emotionally impairment,Aa3WFdlinZz,Crc5reUlspd,"5-9Yrs, Female",2025-06-14 12:31:53.170 +0300,2025-06-14 12:31:53.170 +0300
1530,1.3.14,Disabilities,,,,DS13, Individuals with Emotionally impairment,Aa3WFdlinZz,F1rms8f9I9a,"5-9Yrs, Male",2025-06-14 12:31:53.170 +0300,2025-06-14 12:31:53.170 +0300
2171,1.3.14,Disabilities,774,11961,"Family history of other disabilities and chronic diseases leading to disablement, not elsewhere classified",DS01,Individuals with Difficulty in seeing ,KapNMOhkRD7,wDiX34aiw6i,"0-28Dys, Female",2025-06-14 12:31:53.170 +0300,2025-06-14 12:31:53.170 +0300
2172,1.3.14,Disabilities,774,11961,"Family history of other disabilities and chronic diseases leading to disablement, not elsewhere classified",DS01,Individuals with Difficulty in seeing ,KapNMOhkRD7,zh2zAaHyYQx,"0-28Dys, Male",2025-06-14 12:31:53.170 +0300,2025-06-14 12:31:53.170 +0300
2173,1.3.14,Disabilities,774,11961,"Family history of other disabilities and chronic diseases leading to disablement, not elsewhere classified",DS01,Individuals with Difficulty in seeing ,KapNMOhkRD7,u3CkZqMHfHP,"10-19Yrs, Female",2025-06-14 12:31:53.170 +0300,2025-06-14 12:31:53.170 +0300
2174,1.3.14,Disabilities,774,11961,"Family history of other disabilities and chronic diseases leading to disablement, not elsewhere classified",DS01,Individuals with Difficulty in seeing ,KapNMOhkRD7,c7gvocRdg0f,"10-19Yrs, Male",2025-06-14 12:31:53.170 +0300,2025-06-14 12:31:53.170 +0300
2175,1.3.14,Disabilities,774,11961,"Family history of other disabilities and chronic diseases leading to disablement, not elsewhere classified",DS01,Individuals with Difficulty in seeing ,KapNMOhkRD7,XVHTeecEOM3,"20+Yrs, Female",2025-06-14 12:31:53.170 +0300,2025-06-14 12:31:53.170 +0300
2176,1.3.14,Disabilities,774,11961,"Family history of other disabilities and chronic diseases leading to disablement, not elsewhere classified",DS01,Individuals with Difficulty in seeing ,KapNMOhkRD7,dCKzhhINakS,"20+Yrs, Male",2025-06-14 12:31:53.170 +0300,2025-06-14 12:31:53.170 +0300
2177,1.3.14,Disabilities,774,11961,"Family history of other disabilities and chronic diseases leading to disablement, not elsewhere classified",DS01,Individuals with Difficulty in seeing ,KapNMOhkRD7,huBy3W5qiD2,"29Dys-4Yrs, Female",2025-06-14 12:31:53.170 +0300,2025-06-14 12:31:53.170 +0300
2178,1.3.14,Disabilities,774,11961,"Family history of other disabilities and chronic diseases leading to disablement, not elsewhere classified",DS01,Individuals with Difficulty in seeing ,KapNMOhkRD7,V2OuNTRI6ua,"29Dys-4Yrs, Male",2025-06-14 12:31:53.170 +0300,2025-06-14 12:31:53.170 +0300
2179,1.3.14,Disabilities,774,11961,"Family history of other disabilities and chronic diseases leading to disablement, not elsewhere classified",DS01,Individuals with Difficulty in seeing ,KapNMOhkRD7,Crc5reUlspd,"5-9Yrs, Female",2025-06-14 12:31:53.170 +0300,2025-06-14 12:31:53.170 +0300
2180,1.3.14,Disabilities,774,11961,"Family history of other disabilities and chronic diseases leading to disablement, not elsewhere classified",DS01,Individuals with Difficulty in seeing ,KapNMOhkRD7,F1rms8f9I9a,"5-9Yrs, Male",2025-06-14 12:31:53.170 +0300,2025-06-14 12:31:53.170 +0300
2181,1.3.14,Disabilities,775,2270,Albinism,DS02, Individuals with Albinism  ,Qq2kwuGkiFH,wDiX34aiw6i,"0-28Dys, Female",2025-06-14 12:31:53.170 +0300,2025-06-14 12:31:53.170 +0300
2182,1.3.14,Disabilities,775,2270,Albinism,DS02, Individuals with Albinism  ,Qq2kwuGkiFH,zh2zAaHyYQx,"0-28Dys, Male",2025-06-14 12:31:53.170 +0300,2025-06-14 12:31:53.170 +0300
2183,1.3.14,Disabilities,775,2270,Albinism,DS02, Individuals with Albinism  ,Qq2kwuGkiFH,u3CkZqMHfHP,"10-19Yrs, Female",2025-06-14 12:31:53.170 +0300,2025-06-14 12:31:53.170 +0300
2184,1.3.14,Disabilities,775,2270,Albinism,DS02, Individuals with Albinism  ,Qq2kwuGkiFH,c7gvocRdg0f,"10-19Yrs, Male",2025-06-14 12:31:53.170 +0300,2025-06-14 12:31:53.170 +0300
2185,1.3.14,Disabilities,775,2270,Albinism,DS02, Individuals with Albinism  ,Qq2kwuGkiFH,XVHTeecEOM3,"20+Yrs, Female",2025-06-14 12:31:53.170 +0300,2025-06-14 12:31:53.170 +0300
2186,1.3.14,Disabilities,775,2270,Albinism,DS02, Individuals with Albinism  ,Qq2kwuGkiFH,dCKzhhINakS,"20+Yrs, Male",2025-06-14 12:31:53.170 +0300,2025-06-14 12:31:53.170 +0300
2187,1.3.14,Disabilities,775,2270,Albinism,DS02, Individuals with Albinism  ,Qq2kwuGkiFH,huBy3W5qiD2,"29Dys-4Yrs, Female",2025-06-14 12:31:53.170 +0300,2025-06-14 12:31:53.170 +0300
2188,1.3.14,Disabilities,775,2270,Albinism,DS02, Individuals with Albinism  ,Qq2kwuGkiFH,V2OuNTRI6ua,"29Dys-4Yrs, Male",2025-06-14 12:31:53.170 +0300,2025-06-14 12:31:53.170 +0300
2189,1.3.14,Disabilities,775,2270,Albinism,DS02, Individuals with Albinism  ,Qq2kwuGkiFH,Crc5reUlspd,"5-9Yrs, Female",2025-06-14 12:31:53.170 +0300,2025-06-14 12:31:53.170 +0300
2190,1.3.14,Disabilities,775,2270,Albinism,DS02, Individuals with Albinism  ,Qq2kwuGkiFH,F1rms8f9I9a,"5-9Yrs, Male",2025-06-14 12:31:53.170 +0300,2025-06-14 12:31:53.170 +0300
2191,1.3.14,Disabilities,,,,DS03,Individuals with Difficulty in hearing ,d4LbA3iyebD,wDiX34aiw6i,"0-28Dys, Female",2025-06-14 12:31:53.170 +0300,2025-06-14 12:31:53.170 +0300
2192,1.3.14,Disabilities,,,,DS03,Individuals with Difficulty in hearing ,d4LbA3iyebD,zh2zAaHyYQx,"0-28Dys, Male",2025-06-14 12:31:53.170 +0300,2025-06-14 12:31:53.170 +0300
2193,1.3.14,Disabilities,,,,DS03,Individuals with Difficulty in hearing ,d4LbA3iyebD,u3CkZqMHfHP,"10-19Yrs, Female",2025-06-14 12:31:53.170 +0300,2025-06-14 12:31:53.170 +0300
2194,1.3.14,Disabilities,,,,DS03,Individuals with Difficulty in hearing ,d4LbA3iyebD,c7gvocRdg0f,"10-19Yrs, Male",2025-06-14 12:31:53.170 +0300,2025-06-14 12:31:53.170 +0300
2195,1.3.14,Disabilities,,,,DS03,Individuals with Difficulty in hearing ,d4LbA3iyebD,XVHTeecEOM3,"20+Yrs, Female",2025-06-14 12:31:53.170 +0300,2025-06-14 12:31:53.170 +0300
2196,1.3.14,Disabilities,,,,DS03,Individuals with Difficulty in hearing ,d4LbA3iyebD,dCKzhhINakS,"20+Yrs, Male",2025-06-14 12:31:53.170 +0300,2025-06-14 12:31:53.170 +0300
2197,1.3.14,Disabilities,,,,DS03,Individuals with Difficulty in hearing ,d4LbA3iyebD,huBy3W5qiD2,"29Dys-4Yrs, Female",2025-06-14 12:31:53.170 +0300,2025-06-14 12:31:53.170 +0300
2198,1.3.14,Disabilities,,,,DS03,Individuals with Difficulty in hearing ,d4LbA3iyebD,V2OuNTRI6ua,"29Dys-4Yrs, Male",2025-06-14 12:31:53.170 +0300,2025-06-14 12:31:53.170 +0300
2199,1.3.14,Disabilities,,,,DS03,Individuals with Difficulty in hearing ,d4LbA3iyebD,Crc5reUlspd,"5-9Yrs, Female",2025-06-14 12:31:53.170 +0300,2025-06-14 12:31:53.170 +0300
2200,1.3.14,Disabilities,,,,DS03,Individuals with Difficulty in hearing ,d4LbA3iyebD,F1rms8f9I9a,"5-9Yrs, Male",2025-06-14 12:31:53.170 +0300,2025-06-14 12:31:53.170 +0300
2201,1.3.14,Disabilities,,,,DS04, Individuals with Speech Difficulties  ,NoWHScNhjYI,wDiX34aiw6i,"0-28Dys, Female",2025-06-14 12:31:53.170 +0300,2025-06-14 12:31:53.170 +0300
2202,1.3.14,Disabilities,,,,DS04, Individuals with Speech Difficulties  ,NoWHScNhjYI,zh2zAaHyYQx,"0-28Dys, Male",2025-06-14 12:31:53.170 +0300,2025-06-14 12:31:53.170 +0300
2203,1.3.14,Disabilities,,,,DS04, Individuals with Speech Difficulties  ,NoWHScNhjYI,u3CkZqMHfHP,"10-19Yrs, Female",2025-06-14 12:31:53.170 +0300,2025-06-14 12:31:53.170 +0300
2204,1.3.14,Disabilities,,,,DS04, Individuals with Speech Difficulties  ,NoWHScNhjYI,c7gvocRdg0f,"10-19Yrs, Male",2025-06-14 12:31:53.170 +0300,2025-06-14 12:31:53.170 +0300
2205,1.3.14,Disabilities,,,,DS04, Individuals with Speech Difficulties  ,NoWHScNhjYI,XVHTeecEOM3,"20+Yrs, Female",2025-06-14 12:31:53.170 +0300,2025-06-14 12:31:53.170 +0300
2206,1.3.14,Disabilities,,,,DS04, Individuals with Speech Difficulties  ,NoWHScNhjYI,dCKzhhINakS,"20+Yrs, Male",2025-06-14 12:31:53.170 +0300,2025-06-14 12:31:53.170 +0300
2207,1.3.14,Disabilities,,,,DS04, Individuals with Speech Difficulties  ,NoWHScNhjYI,huBy3W5qiD2,"29Dys-4Yrs, Female",2025-06-14 12:31:53.170 +0300,2025-06-14 12:31:53.170 +0300
2208,1.3.14,Disabilities,,,,DS04, Individuals with Speech Difficulties  ,NoWHScNhjYI,V2OuNTRI6ua,"29Dys-4Yrs, Male",2025-06-14 12:31:53.170 +0300,2025-06-14 12:31:53.170 +0300
2209,1.3.14,Disabilities,,,,DS04, Individuals with Speech Difficulties  ,NoWHScNhjYI,Crc5reUlspd,"5-9Yrs, Female",2025-06-14 12:31:53.170 +0300,2025-06-14 12:31:53.170 +0300
2210,1.3.14,Disabilities,,,,DS04, Individuals with Speech Difficulties  ,NoWHScNhjYI,F1rms8f9I9a,"5-9Yrs, Male",2025-06-14 12:31:53.170 +0300,2025-06-14 12:31:53.170 +0300
2211,1.3.14,Disabilities,,,,DS05,Individuals with delayed age specific motor development,gyKuxbw1ONZ,wDiX34aiw6i,"0-28Dys, Female",2025-06-14 12:31:53.170 +0300,2025-06-14 12:31:53.170 +0300
2212,1.3.14,Disabilities,,,,DS05,Individuals with delayed age specific motor development,gyKuxbw1ONZ,zh2zAaHyYQx,"0-28Dys, Male",2025-06-14 12:31:53.170 +0300,2025-06-14 12:31:53.170 +0300
2213,1.3.14,Disabilities,,,,DS05,Individuals with delayed age specific motor development,gyKuxbw1ONZ,u3CkZqMHfHP,"10-19Yrs, Female",2025-06-14 12:31:53.170 +0300,2025-06-14 12:31:53.170 +0300
2214,1.3.14,Disabilities,,,,DS05,Individuals with delayed age specific motor development,gyKuxbw1ONZ,c7gvocRdg0f,"10-19Yrs, Male",2025-06-14 12:31:53.170 +0300,2025-06-14 12:31:53.170 +0300
2215,1.3.14,Disabilities,,,,DS05,Individuals with delayed age specific motor development,gyKuxbw1ONZ,XVHTeecEOM3,"20+Yrs, Female",2025-06-14 12:31:53.170 +0300,2025-06-14 12:31:53.170 +0300
2216,1.3.14,Disabilities,,,,DS05,Individuals with delayed age specific motor development,gyKuxbw1ONZ,dCKzhhINakS,"20+Yrs, Male",2025-06-14 12:31:53.170 +0300,2025-06-14 12:31:53.170 +0300
2217,1.3.14,Disabilities,,,,DS05,Individuals with delayed age specific motor development,gyKuxbw1ONZ,huBy3W5qiD2,"29Dys-4Yrs, Female",2025-06-14 12:31:53.170 +0300,2025-06-14 12:31:53.170 +0300
2218,1.3.14,Disabilities,,,,DS05,Individuals with delayed age specific motor development,gyKuxbw1ONZ,V2OuNTRI6ua,"29Dys-4Yrs, Male",2025-06-14 12:31:53.170 +0300,2025-06-14 12:31:53.170 +0300
2219,1.3.14,Disabilities,,,,DS05,Individuals with delayed age specific motor development,gyKuxbw1ONZ,Crc5reUlspd,"5-9Yrs, Female",2025-06-14 12:31:53.170 +0300,2025-06-14 12:31:53.170 +0300
2220,1.3.14,Disabilities,,,,DS05,Individuals with delayed age specific motor development,gyKuxbw1ONZ,F1rms8f9I9a,"5-9Yrs, Male",2025-06-14 12:31:53.170 +0300,2025-06-14 12:31:53.170 +0300
2221,1.3.14,Disabilities,,,,DS06,Individuals with Dwarfism ,KzSFtYtzc5B,wDiX34aiw6i,"0-28Dys, Female",2025-06-14 12:31:53.170 +0300,2025-06-14 12:31:53.170 +0300
2222,1.3.14,Disabilities,,,,DS06,Individuals with Dwarfism ,KzSFtYtzc5B,zh2zAaHyYQx,"0-28Dys, Male",2025-06-14 12:31:53.170 +0300,2025-06-14 12:31:53.170 +0300
2223,1.3.14,Disabilities,,,,DS06,Individuals with Dwarfism ,KzSFtYtzc5B,u3CkZqMHfHP,"10-19Yrs, Female",2025-06-14 12:31:53.170 +0300,2025-06-14 12:31:53.170 +0300
2224,1.3.14,Disabilities,,,,DS06,Individuals with Dwarfism ,KzSFtYtzc5B,c7gvocRdg0f,"10-19Yrs, Male",2025-06-14 12:31:53.170 +0300,2025-06-14 12:31:53.170 +0300
2225,1.3.14,Disabilities,,,,DS06,Individuals with Dwarfism ,KzSFtYtzc5B,XVHTeecEOM3,"20+Yrs, Female",2025-06-14 12:31:53.170 +0300,2025-06-14 12:31:53.170 +0300
2226,1.3.14,Disabilities,,,,DS06,Individuals with Dwarfism ,KzSFtYtzc5B,dCKzhhINakS,"20+Yrs, Male",2025-06-14 12:31:53.170 +0300,2025-06-14 12:31:53.170 +0300
2227,1.3.14,Disabilities,,,,DS06,Individuals with Dwarfism ,KzSFtYtzc5B,huBy3W5qiD2,"29Dys-4Yrs, Female",2025-06-14 12:31:53.170 +0300,2025-06-14 12:31:53.170 +0300
2230,1.3.14,Disabilities,,,,DS06,Individuals with Dwarfism ,KzSFtYtzc5B,F1rms8f9I9a,"5-9Yrs, Male",2025-06-14 12:31:53.170 +0300,2025-06-14 12:31:53.170 +0300
2231,1.3.14,Disabilities,,,,DS07, Individuals with Difficulty understanding,awqjtCY5VEb,wDiX34aiw6i,"0-28Dys, Female",2025-06-14 12:31:53.170 +0300,2025-06-14 12:31:53.170 +0300
2232,1.3.14,Disabilities,,,,DS07, Individuals with Difficulty understanding,awqjtCY5VEb,zh2zAaHyYQx,"0-28Dys, Male",2025-06-14 12:31:53.170 +0300,2025-06-14 12:31:53.170 +0300
2233,1.3.14,Disabilities,,,,DS07, Individuals with Difficulty understanding,awqjtCY5VEb,u3CkZqMHfHP,"10-19Yrs, Female",2025-06-14 12:31:53.170 +0300,2025-06-14 12:31:53.170 +0300
2234,1.3.14,Disabilities,,,,DS07, Individuals with Difficulty understanding,awqjtCY5VEb,c7gvocRdg0f,"10-19Yrs, Male",2025-06-14 12:31:53.170 +0300,2025-06-14 12:31:53.170 +0300
2235,1.3.14,Disabilities,,,,DS07, Individuals with Difficulty understanding,awqjtCY5VEb,XVHTeecEOM3,"20+Yrs, Female",2025-06-14 12:31:53.170 +0300,2025-06-14 12:31:53.170 +0300
2236,1.3.14,Disabilities,,,,DS07, Individuals with Difficulty understanding,awqjtCY5VEb,dCKzhhINakS,"20+Yrs, Male",2025-06-14 12:31:53.170 +0300,2025-06-14 12:31:53.170 +0300
2237,1.3.14,Disabilities,,,,DS07, Individuals with Difficulty understanding,awqjtCY5VEb,huBy3W5qiD2,"29Dys-4Yrs, Female",2025-06-14 12:31:53.170 +0300,2025-06-14 12:31:53.170 +0300
2238,1.3.14,Disabilities,,,,DS07, Individuals with Difficulty understanding,awqjtCY5VEb,V2OuNTRI6ua,"29Dys-4Yrs, Male",2025-06-14 12:31:53.170 +0300,2025-06-14 12:31:53.170 +0300
2239,1.3.14,Disabilities,,,,DS07, Individuals with Difficulty understanding,awqjtCY5VEb,Crc5reUlspd,"5-9Yrs, Female",2025-06-14 12:31:53.170 +0300,2025-06-14 12:31:53.170 +0300
2240,1.3.14,Disabilities,,,,DS07, Individuals with Difficulty understanding,awqjtCY5VEb,F1rms8f9I9a,"5-9Yrs, Male",2025-06-14 12:31:53.170 +0300,2025-06-14 12:31:53.170 +0300
2241,1.3.14,Disabilities,,,,DS08,  Individuals with Difficulty in remembering ,bAq38iUTsvR,wDiX34aiw6i,"0-28Dys, Female",2025-06-14 12:31:53.170 +0300,2025-06-14 12:31:53.170 +0300
2242,1.3.14,Disabilities,,,,DS08,  Individuals with Difficulty in remembering ,bAq38iUTsvR,zh2zAaHyYQx,"0-28Dys, Male",2025-06-14 12:31:53.170 +0300,2025-06-14 12:31:53.170 +0300
2243,1.3.14,Disabilities,,,,DS08,  Individuals with Difficulty in remembering ,bAq38iUTsvR,u3CkZqMHfHP,"10-19Yrs, Female",2025-06-14 12:31:53.170 +0300,2025-06-14 12:31:53.170 +0300
2244,1.3.14,Disabilities,,,,DS08,  Individuals with Difficulty in remembering ,bAq38iUTsvR,c7gvocRdg0f,"10-19Yrs, Male",2025-06-14 12:31:53.170 +0300,2025-06-14 12:31:53.170 +0300
2245,1.3.14,Disabilities,,,,DS08,  Individuals with Difficulty in remembering ,bAq38iUTsvR,XVHTeecEOM3,"20+Yrs, Female",2025-06-14 12:31:53.170 +0300,2025-06-14 12:31:53.170 +0300
2246,1.3.14,Disabilities,,,,DS08,  Individuals with Difficulty in remembering ,bAq38iUTsvR,dCKzhhINakS,"20+Yrs, Male",2025-06-14 12:31:53.170 +0300,2025-06-14 12:31:53.170 +0300
2247,1.3.14,Disabilities,,,,DS08,  Individuals with Difficulty in remembering ,bAq38iUTsvR,huBy3W5qiD2,"29Dys-4Yrs, Female",2025-06-14 12:31:53.170 +0300,2025-06-14 12:31:53.170 +0300
2248,1.3.14,Disabilities,,,,DS08,  Individuals with Difficulty in remembering ,bAq38iUTsvR,V2OuNTRI6ua,"29Dys-4Yrs, Male",2025-06-14 12:31:53.170 +0300,2025-06-14 12:31:53.170 +0300
2249,1.3.14,Disabilities,,,,DS08,  Individuals with Difficulty in remembering ,bAq38iUTsvR,Crc5reUlspd,"5-9Yrs, Female",2025-06-14 12:31:53.170 +0300,2025-06-14 12:31:53.170 +0300
2250,1.3.14,Disabilities,,,,DS08,  Individuals with Difficulty in remembering ,bAq38iUTsvR,F1rms8f9I9a,"5-9Yrs, Male",2025-06-14 12:31:53.170 +0300,2025-06-14 12:31:53.170 +0300
2251,1.3.14,Disabilities,,,,DS09, Individuals with Difficulty in reading ,urup7lP3i2I,wDiX34aiw6i,"0-28Dys, Female",2025-06-14 12:31:53.170 +0300,2025-06-14 12:31:53.170 +0300
2252,1.3.14,Disabilities,,,,DS09, Individuals with Difficulty in reading ,urup7lP3i2I,zh2zAaHyYQx,"0-28Dys, Male",2025-06-14 12:31:53.170 +0300,2025-06-14 12:31:53.170 +0300
2253,1.3.14,Disabilities,,,,DS09, Individuals with Difficulty in reading ,urup7lP3i2I,u3CkZqMHfHP,"10-19Yrs, Female",2025-06-14 12:31:53.170 +0300,2025-06-14 12:31:53.170 +0300
2254,1.3.14,Disabilities,,,,DS09, Individuals with Difficulty in reading ,urup7lP3i2I,c7gvocRdg0f,"10-19Yrs, Male",2025-06-14 12:31:53.170 +0300,2025-06-14 12:31:53.170 +0300
2255,1.3.14,Disabilities,,,,DS09, Individuals with Difficulty in reading ,urup7lP3i2I,XVHTeecEOM3,"20+Yrs, Female",2025-06-14 12:31:53.170 +0300,2025-06-14 12:31:53.170 +0300
2256,1.3.14,Disabilities,,,,DS09, Individuals with Difficulty in reading ,urup7lP3i2I,dCKzhhINakS,"20+Yrs, Male",2025-06-14 12:31:53.170 +0300,2025-06-14 12:31:53.170 +0300
2257,1.3.14,Disabilities,,,,DS09, Individuals with Difficulty in reading ,urup7lP3i2I,huBy3W5qiD2,"29Dys-4Yrs, Female",2025-06-14 12:31:53.170 +0300,2025-06-14 12:31:53.170 +0300
2258,1.3.14,Disabilities,,,,DS09, Individuals with Difficulty in reading ,urup7lP3i2I,V2OuNTRI6ua,"29Dys-4Yrs, Male",2025-06-14 12:31:53.170 +0300,2025-06-14 12:31:53.170 +0300
2259,1.3.14,Disabilities,,,,DS09, Individuals with Difficulty in reading ,urup7lP3i2I,Crc5reUlspd,"5-9Yrs, Female",2025-06-14 12:31:53.170 +0300,2025-06-14 12:31:53.170 +0300
2260,1.3.14,Disabilities,,,,DS09, Individuals with Difficulty in reading ,urup7lP3i2I,F1rms8f9I9a,"5-9Yrs, Male",2025-06-14 12:31:53.170 +0300,2025-06-14 12:31:53.170 +0300
2261,1.3.14,Disabilities,,,,DS10,Individuals with Difficulty in writing,Pqm6ZFmsEId,wDiX34aiw6i,"0-28Dys, Female",2025-06-14 12:31:53.170 +0300,2025-06-14 12:31:53.170 +0300
2262,1.3.14,Disabilities,,,,DS10,Individuals with Difficulty in writing,Pqm6ZFmsEId,zh2zAaHyYQx,"0-28Dys, Male",2025-06-14 12:31:53.170 +0300,2025-06-14 12:31:53.170 +0300
2263,1.3.14,Disabilities,,,,DS10,Individuals with Difficulty in writing,Pqm6ZFmsEId,u3CkZqMHfHP,"10-19Yrs, Female",2025-06-14 12:31:53.170 +0300,2025-06-14 12:31:53.170 +0300
2264,1.3.14,Disabilities,,,,DS10,Individuals with Difficulty in writing,Pqm6ZFmsEId,c7gvocRdg0f,"10-19Yrs, Male",2025-06-14 12:31:53.170 +0300,2025-06-14 12:31:53.170 +0300
2265,1.3.14,Disabilities,,,,DS10,Individuals with Difficulty in writing,Pqm6ZFmsEId,XVHTeecEOM3,"20+Yrs, Female",2025-06-14 12:31:53.170 +0300,2025-06-14 12:31:53.170 +0300
2266,1.3.14,Disabilities,,,,DS10,Individuals with Difficulty in writing,Pqm6ZFmsEId,dCKzhhINakS,"20+Yrs, Male",2025-06-14 12:31:53.170 +0300,2025-06-14 12:31:53.170 +0300
2267,1.3.14,Disabilities,,,,DS10,Individuals with Difficulty in writing,Pqm6ZFmsEId,huBy3W5qiD2,"29Dys-4Yrs, Female",2025-06-14 12:31:53.170 +0300,2025-06-14 12:31:53.170 +0300
2268,1.3.14,Disabilities,,,,DS10,Individuals with Difficulty in writing,Pqm6ZFmsEId,V2OuNTRI6ua,"29Dys-4Yrs, Male",2025-06-14 12:31:53.170 +0300,2025-06-14 12:31:53.170 +0300
2269,1.3.14,Disabilities,,,,DS10,Individuals with Difficulty in writing,Pqm6ZFmsEId,Crc5reUlspd,"5-9Yrs, Female",2025-06-14 12:31:53.170 +0300,2025-06-14 12:31:53.170 +0300
2270,1.3.14,Disabilities,,,,DS10,Individuals with Difficulty in writing,Pqm6ZFmsEId,F1rms8f9I9a,"5-9Yrs, Male",2025-06-14 12:31:53.170 +0300,2025-06-14 12:31:53.170 +0300
2271,1.3.14,Disabilities,,,,DS11, Individuals with Difficulty in self-care,N2cNTWGuWCJ,wDiX34aiw6i,"0-28Dys, Female",2025-06-14 12:31:53.170 +0300,2025-06-14 12:31:53.170 +0300
2272,1.3.14,Disabilities,,,,DS11, Individuals with Difficulty in self-care,N2cNTWGuWCJ,zh2zAaHyYQx,"0-28Dys, Male",2025-06-14 12:31:53.170 +0300,2025-06-14 12:31:53.170 +0300
2273,1.3.14,Disabilities,,,,DS11, Individuals with Difficulty in self-care,N2cNTWGuWCJ,u3CkZqMHfHP,"10-19Yrs, Female",2025-06-14 12:31:53.170 +0300,2025-06-14 12:31:53.170 +0300
2274,1.3.14,Disabilities,,,,DS11, Individuals with Difficulty in self-care,N2cNTWGuWCJ,c7gvocRdg0f,"10-19Yrs, Male",2025-06-14 12:31:53.170 +0300,2025-06-14 12:31:53.170 +0300
2275,1.3.14,Disabilities,,,,DS11, Individuals with Difficulty in self-care,N2cNTWGuWCJ,XVHTeecEOM3,"20+Yrs, Female",2025-06-14 12:31:53.170 +0300,2025-06-14 12:31:53.170 +0300
2276,1.3.14,Disabilities,,,,DS11, Individuals with Difficulty in self-care,N2cNTWGuWCJ,dCKzhhINakS,"20+Yrs, Male",2025-06-14 12:31:53.170 +0300,2025-06-14 12:31:53.170 +0300
2277,1.3.14,Disabilities,,,,DS11, Individuals with Difficulty in self-care,N2cNTWGuWCJ,huBy3W5qiD2,"29Dys-4Yrs, Female",2025-06-14 12:31:53.170 +0300,2025-06-14 12:31:53.170 +0300
2278,1.3.14,Disabilities,,,,DS11, Individuals with Difficulty in self-care,N2cNTWGuWCJ,V2OuNTRI6ua,"29Dys-4Yrs, Male",2025-06-14 12:31:53.170 +0300,2025-06-14 12:31:53.170 +0300
2279,1.3.14,Disabilities,,,,DS11, Individuals with Difficulty in self-care,N2cNTWGuWCJ,Crc5reUlspd,"5-9Yrs, Female",2025-06-14 12:31:53.170 +0300,2025-06-14 12:31:53.170 +0300
2280,1.3.14,Disabilities,,,,DS11, Individuals with Difficulty in self-care,N2cNTWGuWCJ,F1rms8f9I9a,"5-9Yrs, Male",2025-06-14 12:31:53.170 +0300,2025-06-14 12:31:53.170 +0300
2281,1.3.14,Disabilities,,,,DS12,Individuals with Mentally impairment   ,Mo3s0kMNW8Y,wDiX34aiw6i,"0-28Dys, Female",2025-06-14 12:31:53.170 +0300,2025-06-14 12:31:53.170 +0300
2282,1.3.14,Disabilities,,,,DS12,Individuals with Mentally impairment   ,Mo3s0kMNW8Y,zh2zAaHyYQx,"0-28Dys, Male",2025-06-14 12:31:53.170 +0300,2025-06-14 12:31:53.170 +0300
2283,1.3.14,Disabilities,,,,DS12,Individuals with Mentally impairment   ,Mo3s0kMNW8Y,u3CkZqMHfHP,"10-19Yrs, Female",2025-06-14 12:31:53.170 +0300,2025-06-14 12:31:53.170 +0300
2284,1.3.14,Disabilities,,,,DS12,Individuals with Mentally impairment   ,Mo3s0kMNW8Y,c7gvocRdg0f,"10-19Yrs, Male",2025-06-14 12:31:53.170 +0300,2025-06-14 12:31:53.170 +0300
2285,1.3.14,Disabilities,,,,DS12,Individuals with Mentally impairment   ,Mo3s0kMNW8Y,XVHTeecEOM3,"20+Yrs, Female",2025-06-14 12:31:53.170 +0300,2025-06-14 12:31:53.170 +0300
2286,1.3.14,Disabilities,,,,DS12,Individuals with Mentally impairment   ,Mo3s0kMNW8Y,dCKzhhINakS,"20+Yrs, Male",2025-06-14 12:31:53.170 +0300,2025-06-14 12:31:53.170 +0300
2287,1.3.14,Disabilities,,,,DS12,Individuals with Mentally impairment   ,Mo3s0kMNW8Y,huBy3W5qiD2,"29Dys-4Yrs, Female",2025-06-14 12:31:53.170 +0300,2025-06-14 12:31:53.170 +0300
2288,1.3.14,Disabilities,,,,DS12,Individuals with Mentally impairment   ,Mo3s0kMNW8Y,V2OuNTRI6ua,"29Dys-4Yrs, Male",2025-06-14 12:31:53.170 +0300,2025-06-14 12:31:53.170 +0300
2289,1.3.14,Disabilities,,,,DS12,Individuals with Mentally impairment   ,Mo3s0kMNW8Y,Crc5reUlspd,"5-9Yrs, Female",2025-06-14 12:31:53.170 +0300,2025-06-14 12:31:53.170 +0300
2290,1.3.14,Disabilities,,,,DS12,Individuals with Mentally impairment   ,Mo3s0kMNW8Y,F1rms8f9I9a,"5-9Yrs, Male",2025-06-14 12:31:53.170 +0300,2025-06-14 12:31:53.170 +0300
2291,1.3.14,Disabilities,,,,DS13, Individuals with Emotionally impairment,Aa3WFdlinZz,wDiX34aiw6i,"0-28Dys, Female",2025-06-14 12:31:53.170 +0300,2025-06-14 12:31:53.170 +0300
2292,1.3.14,Disabilities,,,,DS13, Individuals with Emotionally impairment,Aa3WFdlinZz,zh2zAaHyYQx,"0-28Dys, Male",2025-06-14 12:31:53.170 +0300,2025-06-14 12:31:53.170 +0300
2293,1.3.14,Disabilities,,,,DS13, Individuals with Emotionally impairment,Aa3WFdlinZz,u3CkZqMHfHP,"10-19Yrs, Female",2025-06-14 12:31:53.170 +0300,2025-06-14 12:31:53.170 +0300
2294,1.3.14,Disabilities,,,,DS13, Individuals with Emotionally impairment,Aa3WFdlinZz,c7gvocRdg0f,"10-19Yrs, Male",2025-06-14 12:31:53.170 +0300,2025-06-14 12:31:53.170 +0300
2295,1.3.14,Disabilities,,,,DS13, Individuals with Emotionally impairment,Aa3WFdlinZz,XVHTeecEOM3,"20+Yrs, Female",2025-06-14 12:31:53.170 +0300,2025-06-14 12:31:53.170 +0300
2296,1.3.14,Disabilities,,,,DS13, Individuals with Emotionally impairment,Aa3WFdlinZz,dCKzhhINakS,"20+Yrs, Male",2025-06-14 12:31:53.170 +0300,2025-06-14 12:31:53.170 +0300
2297,1.3.14,Disabilities,,,,DS13, Individuals with Emotionally impairment,Aa3WFdlinZz,huBy3W5qiD2,"29Dys-4Yrs, Female",2025-06-14 12:31:53.170 +0300,2025-06-14 12:31:53.170 +0300
2298,1.3.14,Disabilities,,,,DS13, Individuals with Emotionally impairment,Aa3WFdlinZz,V2OuNTRI6ua,"29Dys-4Yrs, Male",2025-06-14 12:31:53.170 +0300,2025-06-14 12:31:53.170 +0300
2299,1.3.14,Disabilities,,,,DS13, Individuals with Emotionally impairment,Aa3WFdlinZz,Crc5reUlspd,"5-9Yrs, Female",2025-06-14 12:31:53.170 +0300,2025-06-14 12:31:53.170 +0300
2300,1.3.14,Disabilities,,,,DS13, Individuals with Emotionally impairment,Aa3WFdlinZz,F1rms8f9I9a,"5-9Yrs, Male",2025-06-14 12:31:53.170 +0300,2025-06-14 12:31:53.170 +0300
1531,1.3.15,Cardiovascular diseases,251,,,CV01,Stroke/ Cardiovascular Accident (CVA),D94T0VqYF0u,wDiX34aiw6i,"0-28Dys, Female",2025-06-14 12:31:53.170 +0300,2025-06-14 12:31:53.170 +0300
1532,1.3.15,Cardiovascular diseases,251,,,CV01,Stroke/ Cardiovascular Accident (CVA),D94T0VqYF0u,zh2zAaHyYQx,"0-28Dys, Male",2025-06-14 12:31:53.170 +0300,2025-06-14 12:31:53.170 +0300
1533,1.3.15,Cardiovascular diseases,251,,,CV01,Stroke/ Cardiovascular Accident (CVA),D94T0VqYF0u,u3CkZqMHfHP,"10-19Yrs, Female",2025-06-14 12:31:53.170 +0300,2025-06-14 12:31:53.170 +0300
1534,1.3.15,Cardiovascular diseases,251,,,CV01,Stroke/ Cardiovascular Accident (CVA),D94T0VqYF0u,c7gvocRdg0f,"10-19Yrs, Male",2025-06-14 12:31:53.170 +0300,2025-06-14 12:31:53.170 +0300
1535,1.3.15,Cardiovascular diseases,251,,,CV01,Stroke/ Cardiovascular Accident (CVA),D94T0VqYF0u,XVHTeecEOM3,"20+Yrs, Female",2025-06-14 12:31:53.170 +0300,2025-06-14 12:31:53.170 +0300
1536,1.3.15,Cardiovascular diseases,251,,,CV01,Stroke/ Cardiovascular Accident (CVA),D94T0VqYF0u,dCKzhhINakS,"20+Yrs, Male",2025-06-14 12:31:53.170 +0300,2025-06-14 12:31:53.170 +0300
1537,1.3.15,Cardiovascular diseases,251,,,CV01,Stroke/ Cardiovascular Accident (CVA),D94T0VqYF0u,huBy3W5qiD2,"29Dys-4Yrs, Female",2025-06-14 12:31:53.170 +0300,2025-06-14 12:31:53.170 +0300
1538,1.3.15,Cardiovascular diseases,251,,,CV01,Stroke/ Cardiovascular Accident (CVA),D94T0VqYF0u,V2OuNTRI6ua,"29Dys-4Yrs, Male",2025-06-14 12:31:53.170 +0300,2025-06-14 12:31:53.170 +0300
1539,1.3.15,Cardiovascular diseases,251,,,CV01,Stroke/ Cardiovascular Accident (CVA),D94T0VqYF0u,Crc5reUlspd,"5-9Yrs, Female",2025-06-14 12:31:53.170 +0300,2025-06-14 12:31:53.170 +0300
1540,1.3.15,Cardiovascular diseases,251,,,CV01,Stroke/ Cardiovascular Accident (CVA),D94T0VqYF0u,F1rms8f9I9a,"5-9Yrs, Male",2025-06-14 12:31:53.170 +0300,2025-06-14 12:31:53.170 +0300
1541,1.3.15,Cardiovascular diseases,252,,,CV02, Hypertension,hTBgki6DhH4,wDiX34aiw6i,"0-28Dys, Female",2025-06-14 12:31:53.170 +0300,2025-06-14 12:31:53.170 +0300
1542,1.3.15,Cardiovascular diseases,252,,,CV02, Hypertension,hTBgki6DhH4,zh2zAaHyYQx,"0-28Dys, Male",2025-06-14 12:31:53.170 +0300,2025-06-14 12:31:53.170 +0300
1543,1.3.15,Cardiovascular diseases,252,,,CV02, Hypertension,hTBgki6DhH4,u3CkZqMHfHP,"10-19Yrs, Female",2025-06-14 12:31:53.170 +0300,2025-06-14 12:31:53.170 +0300
1544,1.3.15,Cardiovascular diseases,252,,,CV02, Hypertension,hTBgki6DhH4,c7gvocRdg0f,"10-19Yrs, Male",2025-06-14 12:31:53.170 +0300,2025-06-14 12:31:53.170 +0300
1545,1.3.15,Cardiovascular diseases,252,,,CV02, Hypertension,hTBgki6DhH4,XVHTeecEOM3,"20+Yrs, Female",2025-06-14 12:31:53.170 +0300,2025-06-14 12:31:53.170 +0300
1546,1.3.15,Cardiovascular diseases,252,,,CV02, Hypertension,hTBgki6DhH4,dCKzhhINakS,"20+Yrs, Male",2025-06-14 12:31:53.170 +0300,2025-06-14 12:31:53.170 +0300
1547,1.3.15,Cardiovascular diseases,252,,,CV02, Hypertension,hTBgki6DhH4,huBy3W5qiD2,"29Dys-4Yrs, Female",2025-06-14 12:31:53.170 +0300,2025-06-14 12:31:53.170 +0300
1548,1.3.15,Cardiovascular diseases,252,,,CV02, Hypertension,hTBgki6DhH4,V2OuNTRI6ua,"29Dys-4Yrs, Male",2025-06-14 12:31:53.170 +0300,2025-06-14 12:31:53.170 +0300
1549,1.3.15,Cardiovascular diseases,252,,,CV02, Hypertension,hTBgki6DhH4,Crc5reUlspd,"5-9Yrs, Female",2025-06-14 12:31:53.170 +0300,2025-06-14 12:31:53.170 +0300
1550,1.3.15,Cardiovascular diseases,252,,,CV02, Hypertension,hTBgki6DhH4,F1rms8f9I9a,"5-9Yrs, Male",2025-06-14 12:31:53.170 +0300,2025-06-14 12:31:53.170 +0300
1551,1.3.15,Cardiovascular diseases,252,,,CV02, Hypertension,hTBgki6DhH4,aUatqtCxzVw,"Known, 0-28Dys, Female",2025-06-14 12:31:53.170 +0300,2025-06-14 12:31:53.170 +0300
1552,1.3.15,Cardiovascular diseases,252,,,CV02, Hypertension,hTBgki6DhH4,Io3bQxY6Nr3,"Known, 0-28Dys, Male",2025-06-14 12:31:53.170 +0300,2025-06-14 12:31:53.170 +0300
1553,1.3.15,Cardiovascular diseases,252,,,CV02, Hypertension,hTBgki6DhH4,nq6KPmpdIMQ,"Known, 10-19Yrs, Female",2025-06-14 12:31:53.170 +0300,2025-06-14 12:31:53.170 +0300
1554,1.3.15,Cardiovascular diseases,252,,,CV02, Hypertension,hTBgki6DhH4,keJQ8icaJd5,"Known, 10-19Yrs, Male",2025-06-14 12:31:53.170 +0300,2025-06-14 12:31:53.170 +0300
1555,1.3.15,Cardiovascular diseases,252,,,CV02, Hypertension,hTBgki6DhH4,lUs3TRrwSp3,"Known, 20+Yrs, Female",2025-06-14 12:31:53.170 +0300,2025-06-14 12:31:53.170 +0300
1556,1.3.15,Cardiovascular diseases,252,,,CV02, Hypertension,hTBgki6DhH4,gnq6kfPFRUy,"Known, 20+Yrs, Male",2025-06-14 12:31:53.170 +0300,2025-06-14 12:31:53.170 +0300
1557,1.3.15,Cardiovascular diseases,252,,,CV02, Hypertension,hTBgki6DhH4,MM1oF4N8Vku,"Known, 29Dys-4Yrs, Female",2025-06-14 12:31:53.170 +0300,2025-06-14 12:31:53.170 +0300
1558,1.3.15,Cardiovascular diseases,252,,,CV02, Hypertension,hTBgki6DhH4,OGomkW4FRgT,"Known, 29Dys-4Yrs, Male",2025-06-14 12:31:53.170 +0300,2025-06-14 12:31:53.170 +0300
1559,1.3.15,Cardiovascular diseases,252,,,CV02, Hypertension,hTBgki6DhH4,G4cHMKNJ898,"Known, 5-9Yrs, Female",2025-06-14 12:31:53.170 +0300,2025-06-14 12:31:53.170 +0300
1560,1.3.15,Cardiovascular diseases,252,,,CV02, Hypertension,hTBgki6DhH4,xBLq8rFuTSS,"Known, 5-9Yrs, Male",2025-06-14 12:31:53.170 +0300,2025-06-14 12:31:53.170 +0300
1561,1.3.15,Cardiovascular diseases,252,,,CV02, Hypertension,hTBgki6DhH4,lKtUo70yy5S,"New, 0-28Dys, Female",2025-06-14 12:31:53.170 +0300,2025-06-14 12:31:53.170 +0300
1562,1.3.15,Cardiovascular diseases,252,,,CV02, Hypertension,hTBgki6DhH4,vgwBZ1EnvS1,"New, 0-28Dys, Male",2025-06-14 12:31:53.170 +0300,2025-06-14 12:31:53.170 +0300
1563,1.3.15,Cardiovascular diseases,252,,,CV02, Hypertension,hTBgki6DhH4,De2rXs4jApk,"New, 10-19Yrs, Female",2025-06-14 12:31:53.170 +0300,2025-06-14 12:31:53.170 +0300
1564,1.3.15,Cardiovascular diseases,252,,,CV02, Hypertension,hTBgki6DhH4,vv7DH53AEaT,"New, 10-19Yrs, Male",2025-06-14 12:31:53.170 +0300,2025-06-14 12:31:53.170 +0300
1565,1.3.15,Cardiovascular diseases,252,,,CV02, Hypertension,hTBgki6DhH4,bMRP4hxhZ1i,"New, 20+Yrs, Female",2025-06-14 12:31:53.170 +0300,2025-06-14 12:31:53.170 +0300
1566,1.3.15,Cardiovascular diseases,252,,,CV02, Hypertension,hTBgki6DhH4,BVbGW2Vr7UU,"New, 20+Yrs, Male",2025-06-14 12:31:53.170 +0300,2025-06-14 12:31:53.170 +0300
1567,1.3.15,Cardiovascular diseases,252,,,CV02, Hypertension,hTBgki6DhH4,kieAJGAdQQz,"New, 29Dys-4Yrs, Female",2025-06-14 12:31:53.170 +0300,2025-06-14 12:31:53.170 +0300
1568,1.3.15,Cardiovascular diseases,252,,,CV02, Hypertension,hTBgki6DhH4,ubHnOQDfKvn,"New, 29Dys-4Yrs, Male",2025-06-14 12:31:53.170 +0300,2025-06-14 12:31:53.170 +0300
1569,1.3.15,Cardiovascular diseases,252,,,CV02, Hypertension,hTBgki6DhH4,NBLm9T4PdXT,"New, 5-9Yrs, Female",2025-06-14 12:31:53.170 +0300,2025-06-14 12:31:53.170 +0300
1570,1.3.15,Cardiovascular diseases,252,,,CV02, Hypertension,hTBgki6DhH4,Uu9EzmgMiUx,"New, 5-9Yrs, Male",2025-06-14 12:31:53.170 +0300,2025-06-14 12:31:53.170 +0300
1571,1.3.15,Cardiovascular diseases,253,,,CV03,Heart failure  ,ZKUeHDVwJm9,wDiX34aiw6i,"0-28Dys, Female",2025-06-14 12:31:53.170 +0300,2025-06-14 12:31:53.170 +0300
1572,1.3.15,Cardiovascular diseases,253,,,CV03,Heart failure  ,ZKUeHDVwJm9,zh2zAaHyYQx,"0-28Dys, Male",2025-06-14 12:31:53.170 +0300,2025-06-14 12:31:53.170 +0300
1573,1.3.15,Cardiovascular diseases,253,,,CV03,Heart failure  ,ZKUeHDVwJm9,u3CkZqMHfHP,"10-19Yrs, Female",2025-06-14 12:31:53.170 +0300,2025-06-14 12:31:53.170 +0300
1574,1.3.15,Cardiovascular diseases,253,,,CV03,Heart failure  ,ZKUeHDVwJm9,c7gvocRdg0f,"10-19Yrs, Male",2025-06-14 12:31:53.170 +0300,2025-06-14 12:31:53.170 +0300
1575,1.3.15,Cardiovascular diseases,253,,,CV03,Heart failure  ,ZKUeHDVwJm9,XVHTeecEOM3,"20+Yrs, Female",2025-06-14 12:31:53.170 +0300,2025-06-14 12:31:53.170 +0300
1576,1.3.15,Cardiovascular diseases,253,,,CV03,Heart failure  ,ZKUeHDVwJm9,dCKzhhINakS,"20+Yrs, Male",2025-06-14 12:31:53.170 +0300,2025-06-14 12:31:53.170 +0300
1577,1.3.15,Cardiovascular diseases,253,,,CV03,Heart failure  ,ZKUeHDVwJm9,huBy3W5qiD2,"29Dys-4Yrs, Female",2025-06-14 12:31:53.170 +0300,2025-06-14 12:31:53.170 +0300
1578,1.3.15,Cardiovascular diseases,253,,,CV03,Heart failure  ,ZKUeHDVwJm9,V2OuNTRI6ua,"29Dys-4Yrs, Male",2025-06-14 12:31:53.170 +0300,2025-06-14 12:31:53.170 +0300
1579,1.3.15,Cardiovascular diseases,253,,,CV03,Heart failure  ,ZKUeHDVwJm9,Crc5reUlspd,"5-9Yrs, Female",2025-06-14 12:31:53.170 +0300,2025-06-14 12:31:53.170 +0300
1580,1.3.15,Cardiovascular diseases,253,,,CV03,Heart failure  ,ZKUeHDVwJm9,F1rms8f9I9a,"5-9Yrs, Male",2025-06-14 12:31:53.170 +0300,2025-06-14 12:31:53.170 +0300
1581,1.3.15,Cardiovascular diseases,254,,,CV04, Ischemic Heart Diseases,gvdCqFYHQZy,wDiX34aiw6i,"0-28Dys, Female",2025-06-14 12:31:53.170 +0300,2025-06-14 12:31:53.170 +0300
1582,1.3.15,Cardiovascular diseases,254,,,CV04, Ischemic Heart Diseases,gvdCqFYHQZy,zh2zAaHyYQx,"0-28Dys, Male",2025-06-14 12:31:53.170 +0300,2025-06-14 12:31:53.170 +0300
1583,1.3.15,Cardiovascular diseases,254,,,CV04, Ischemic Heart Diseases,gvdCqFYHQZy,u3CkZqMHfHP,"10-19Yrs, Female",2025-06-14 12:31:53.170 +0300,2025-06-14 12:31:53.170 +0300
1584,1.3.15,Cardiovascular diseases,254,,,CV04, Ischemic Heart Diseases,gvdCqFYHQZy,c7gvocRdg0f,"10-19Yrs, Male",2025-06-14 12:31:53.170 +0300,2025-06-14 12:31:53.170 +0300
1585,1.3.15,Cardiovascular diseases,254,,,CV04, Ischemic Heart Diseases,gvdCqFYHQZy,XVHTeecEOM3,"20+Yrs, Female",2025-06-14 12:31:53.170 +0300,2025-06-14 12:31:53.170 +0300
1586,1.3.15,Cardiovascular diseases,254,,,CV04, Ischemic Heart Diseases,gvdCqFYHQZy,dCKzhhINakS,"20+Yrs, Male",2025-06-14 12:31:53.170 +0300,2025-06-14 12:31:53.170 +0300
1587,1.3.15,Cardiovascular diseases,254,,,CV04, Ischemic Heart Diseases,gvdCqFYHQZy,huBy3W5qiD2,"29Dys-4Yrs, Female",2025-06-14 12:31:53.170 +0300,2025-06-14 12:31:53.170 +0300
1588,1.3.15,Cardiovascular diseases,254,,,CV04, Ischemic Heart Diseases,gvdCqFYHQZy,V2OuNTRI6ua,"29Dys-4Yrs, Male",2025-06-14 12:31:53.170 +0300,2025-06-14 12:31:53.170 +0300
1589,1.3.15,Cardiovascular diseases,254,,,CV04, Ischemic Heart Diseases,gvdCqFYHQZy,Crc5reUlspd,"5-9Yrs, Female",2025-06-14 12:31:53.170 +0300,2025-06-14 12:31:53.170 +0300
1590,1.3.15,Cardiovascular diseases,254,,,CV04, Ischemic Heart Diseases,gvdCqFYHQZy,F1rms8f9I9a,"5-9Yrs, Male",2025-06-14 12:31:53.170 +0300,2025-06-14 12:31:53.170 +0300
1591,1.3.15,Cardiovascular diseases,255,,,CV05,Rheumatic Heart Diseases,dDZOL6421KG,wDiX34aiw6i,"0-28Dys, Female",2025-06-14 12:31:53.170 +0300,2025-06-14 12:31:53.170 +0300
1592,1.3.15,Cardiovascular diseases,255,,,CV05,Rheumatic Heart Diseases,dDZOL6421KG,zh2zAaHyYQx,"0-28Dys, Male",2025-06-14 12:31:53.170 +0300,2025-06-14 12:31:53.170 +0300
1593,1.3.15,Cardiovascular diseases,255,,,CV05,Rheumatic Heart Diseases,dDZOL6421KG,u3CkZqMHfHP,"10-19Yrs, Female",2025-06-14 12:31:53.170 +0300,2025-06-14 12:31:53.170 +0300
1594,1.3.15,Cardiovascular diseases,255,,,CV05,Rheumatic Heart Diseases,dDZOL6421KG,c7gvocRdg0f,"10-19Yrs, Male",2025-06-14 12:31:53.170 +0300,2025-06-14 12:31:53.170 +0300
1595,1.3.15,Cardiovascular diseases,255,,,CV05,Rheumatic Heart Diseases,dDZOL6421KG,XVHTeecEOM3,"20+Yrs, Female",2025-06-14 12:31:53.170 +0300,2025-06-14 12:31:53.170 +0300
1596,1.3.15,Cardiovascular diseases,255,,,CV05,Rheumatic Heart Diseases,dDZOL6421KG,dCKzhhINakS,"20+Yrs, Male",2025-06-14 12:31:53.170 +0300,2025-06-14 12:31:53.170 +0300
1597,1.3.15,Cardiovascular diseases,255,,,CV05,Rheumatic Heart Diseases,dDZOL6421KG,huBy3W5qiD2,"29Dys-4Yrs, Female",2025-06-14 12:31:53.170 +0300,2025-06-14 12:31:53.170 +0300
1598,1.3.15,Cardiovascular diseases,255,,,CV05,Rheumatic Heart Diseases,dDZOL6421KG,V2OuNTRI6ua,"29Dys-4Yrs, Male",2025-06-14 12:31:53.170 +0300,2025-06-14 12:31:53.170 +0300
1599,1.3.15,Cardiovascular diseases,255,,,CV05,Rheumatic Heart Diseases,dDZOL6421KG,Crc5reUlspd,"5-9Yrs, Female",2025-06-14 12:31:53.170 +0300,2025-06-14 12:31:53.170 +0300
1600,1.3.15,Cardiovascular diseases,255,,,CV05,Rheumatic Heart Diseases,dDZOL6421KG,F1rms8f9I9a,"5-9Yrs, Male",2025-06-14 12:31:53.170 +0300,2025-06-14 12:31:53.170 +0300
1601,1.3.15,Cardiovascular diseases,256,3792,"Chronic ischaemic heart disease, unspecified",CV06,Congenital Heart Diseases,FmnoZ2tPyX1,wDiX34aiw6i,"0-28Dys, Female",2025-06-14 12:31:53.170 +0300,2025-06-14 12:31:53.170 +0300
1602,1.3.15,Cardiovascular diseases,256,3792,"Chronic ischaemic heart disease, unspecified",CV06,Congenital Heart Diseases,FmnoZ2tPyX1,zh2zAaHyYQx,"0-28Dys, Male",2025-06-14 12:31:53.170 +0300,2025-06-14 12:31:53.170 +0300
1603,1.3.15,Cardiovascular diseases,256,3792,"Chronic ischaemic heart disease, unspecified",CV06,Congenital Heart Diseases,FmnoZ2tPyX1,u3CkZqMHfHP,"10-19Yrs, Female",2025-06-14 12:31:53.170 +0300,2025-06-14 12:31:53.170 +0300
1604,1.3.15,Cardiovascular diseases,256,3792,"Chronic ischaemic heart disease, unspecified",CV06,Congenital Heart Diseases,FmnoZ2tPyX1,c7gvocRdg0f,"10-19Yrs, Male",2025-06-14 12:31:53.170 +0300,2025-06-14 12:31:53.170 +0300
1605,1.3.15,Cardiovascular diseases,256,3792,"Chronic ischaemic heart disease, unspecified",CV06,Congenital Heart Diseases,FmnoZ2tPyX1,XVHTeecEOM3,"20+Yrs, Female",2025-06-14 12:31:53.170 +0300,2025-06-14 12:31:53.170 +0300
1606,1.3.15,Cardiovascular diseases,256,3792,"Chronic ischaemic heart disease, unspecified",CV06,Congenital Heart Diseases,FmnoZ2tPyX1,dCKzhhINakS,"20+Yrs, Male",2025-06-14 12:31:53.170 +0300,2025-06-14 12:31:53.170 +0300
1607,1.3.15,Cardiovascular diseases,256,3792,"Chronic ischaemic heart disease, unspecified",CV06,Congenital Heart Diseases,FmnoZ2tPyX1,huBy3W5qiD2,"29Dys-4Yrs, Female",2025-06-14 12:31:53.170 +0300,2025-06-14 12:31:53.170 +0300
1608,1.3.15,Cardiovascular diseases,256,3792,"Chronic ischaemic heart disease, unspecified",CV06,Congenital Heart Diseases,FmnoZ2tPyX1,V2OuNTRI6ua,"29Dys-4Yrs, Male",2025-06-14 12:31:53.170 +0300,2025-06-14 12:31:53.170 +0300
1609,1.3.15,Cardiovascular diseases,256,3792,"Chronic ischaemic heart disease, unspecified",CV06,Congenital Heart Diseases,FmnoZ2tPyX1,Crc5reUlspd,"5-9Yrs, Female",2025-06-14 12:31:53.170 +0300,2025-06-14 12:31:53.170 +0300
1610,1.3.15,Cardiovascular diseases,256,3792,"Chronic ischaemic heart disease, unspecified",CV06,Congenital Heart Diseases,FmnoZ2tPyX1,F1rms8f9I9a,"5-9Yrs, Male",2025-06-14 12:31:53.170 +0300,2025-06-14 12:31:53.170 +0300
1611,1.3.15,Cardiovascular diseases,256,3792,"Chronic ischaemic heart disease, unspecified",CV06,Congenital Heart Diseases,uPqlb2EjAa7,wDiX34aiw6i,"0-28Dys, Female",2025-06-14 12:31:53.170 +0300,2025-06-14 12:31:53.170 +0300
1612,1.3.15,Cardiovascular diseases,256,3792,"Chronic ischaemic heart disease, unspecified",CV06,Congenital Heart Diseases,uPqlb2EjAa7,zh2zAaHyYQx,"0-28Dys, Male",2025-06-14 12:31:53.170 +0300,2025-06-14 12:31:53.170 +0300
1613,1.3.15,Cardiovascular diseases,256,3792,"Chronic ischaemic heart disease, unspecified",CV06,Congenital Heart Diseases,uPqlb2EjAa7,u3CkZqMHfHP,"10-19Yrs, Female",2025-06-14 12:31:53.170 +0300,2025-06-14 12:31:53.170 +0300
1614,1.3.15,Cardiovascular diseases,256,3792,"Chronic ischaemic heart disease, unspecified",CV06,Congenital Heart Diseases,uPqlb2EjAa7,c7gvocRdg0f,"10-19Yrs, Male",2025-06-14 12:31:53.170 +0300,2025-06-14 12:31:53.170 +0300
1615,1.3.15,Cardiovascular diseases,256,3792,"Chronic ischaemic heart disease, unspecified",CV06,Congenital Heart Diseases,uPqlb2EjAa7,XVHTeecEOM3,"20+Yrs, Female",2025-06-14 12:31:53.170 +0300,2025-06-14 12:31:53.170 +0300
1616,1.3.15,Cardiovascular diseases,256,3792,"Chronic ischaemic heart disease, unspecified",CV06,Congenital Heart Diseases,uPqlb2EjAa7,dCKzhhINakS,"20+Yrs, Male",2025-06-14 12:31:53.170 +0300,2025-06-14 12:31:53.170 +0300
1617,1.3.15,Cardiovascular diseases,256,3792,"Chronic ischaemic heart disease, unspecified",CV06,Congenital Heart Diseases,uPqlb2EjAa7,huBy3W5qiD2,"29Dys-4Yrs, Female",2025-06-14 12:31:53.170 +0300,2025-06-14 12:31:53.170 +0300
1618,1.3.15,Cardiovascular diseases,256,3792,"Chronic ischaemic heart disease, unspecified",CV06,Congenital Heart Diseases,uPqlb2EjAa7,V2OuNTRI6ua,"29Dys-4Yrs, Male",2025-06-14 12:31:53.170 +0300,2025-06-14 12:31:53.170 +0300
1619,1.3.15,Cardiovascular diseases,256,3792,"Chronic ischaemic heart disease, unspecified",CV06,Congenital Heart Diseases,uPqlb2EjAa7,Crc5reUlspd,"5-9Yrs, Female",2025-06-14 12:31:53.170 +0300,2025-06-14 12:31:53.170 +0300
1620,1.3.15,Cardiovascular diseases,256,3792,"Chronic ischaemic heart disease, unspecified",CV06,Congenital Heart Diseases,uPqlb2EjAa7,F1rms8f9I9a,"5-9Yrs, Male",2025-06-14 12:31:53.170 +0300,2025-06-14 12:31:53.170 +0300
1621,1.3.15,Cardiovascular diseases,257,,,CV07,Other Cardiovascular Diseases  ,zWFDhtAHBa5,wDiX34aiw6i,"0-28Dys, Female",2025-06-14 12:31:53.170 +0300,2025-06-14 12:31:53.170 +0300
1622,1.3.15,Cardiovascular diseases,257,,,CV07,Other Cardiovascular Diseases  ,zWFDhtAHBa5,zh2zAaHyYQx,"0-28Dys, Male",2025-06-14 12:31:53.170 +0300,2025-06-14 12:31:53.170 +0300
1623,1.3.15,Cardiovascular diseases,257,,,CV07,Other Cardiovascular Diseases  ,zWFDhtAHBa5,u3CkZqMHfHP,"10-19Yrs, Female",2025-06-14 12:31:53.170 +0300,2025-06-14 12:31:53.170 +0300
1624,1.3.15,Cardiovascular diseases,257,,,CV07,Other Cardiovascular Diseases  ,zWFDhtAHBa5,c7gvocRdg0f,"10-19Yrs, Male",2025-06-14 12:31:53.170 +0300,2025-06-14 12:31:53.170 +0300
1625,1.3.15,Cardiovascular diseases,257,,,CV07,Other Cardiovascular Diseases  ,zWFDhtAHBa5,XVHTeecEOM3,"20+Yrs, Female",2025-06-14 12:31:53.170 +0300,2025-06-14 12:31:53.170 +0300
1626,1.3.15,Cardiovascular diseases,257,,,CV07,Other Cardiovascular Diseases  ,zWFDhtAHBa5,dCKzhhINakS,"20+Yrs, Male",2025-06-14 12:31:53.170 +0300,2025-06-14 12:31:53.170 +0300
1627,1.3.15,Cardiovascular diseases,257,,,CV07,Other Cardiovascular Diseases  ,zWFDhtAHBa5,huBy3W5qiD2,"29Dys-4Yrs, Female",2025-06-14 12:31:53.170 +0300,2025-06-14 12:31:53.170 +0300
1628,1.3.15,Cardiovascular diseases,257,,,CV07,Other Cardiovascular Diseases  ,zWFDhtAHBa5,V2OuNTRI6ua,"29Dys-4Yrs, Male",2025-06-14 12:31:53.170 +0300,2025-06-14 12:31:53.170 +0300
1629,1.3.15,Cardiovascular diseases,257,,,CV07,Other Cardiovascular Diseases  ,zWFDhtAHBa5,Crc5reUlspd,"5-9Yrs, Female",2025-06-14 12:31:53.170 +0300,2025-06-14 12:31:53.170 +0300
1630,1.3.15,Cardiovascular diseases,257,,,CV07,Other Cardiovascular Diseases  ,zWFDhtAHBa5,F1rms8f9I9a,"5-9Yrs, Male",2025-06-14 12:31:53.170 +0300,2025-06-14 12:31:53.170 +0300
2301,1.3.15,Cardiovascular diseases,251,,,CV01,Stroke/ Cardiovascular Accident (CVA),D94T0VqYF0u,wDiX34aiw6i,"0-28Dys, Female",2025-06-14 12:31:53.170 +0300,2025-06-14 12:31:53.170 +0300
2302,1.3.15,Cardiovascular diseases,251,,,CV01,Stroke/ Cardiovascular Accident (CVA),D94T0VqYF0u,zh2zAaHyYQx,"0-28Dys, Male",2025-06-14 12:31:53.170 +0300,2025-06-14 12:31:53.170 +0300
2303,1.3.15,Cardiovascular diseases,251,,,CV01,Stroke/ Cardiovascular Accident (CVA),D94T0VqYF0u,u3CkZqMHfHP,"10-19Yrs, Female",2025-06-14 12:31:53.170 +0300,2025-06-14 12:31:53.170 +0300
2304,1.3.15,Cardiovascular diseases,251,,,CV01,Stroke/ Cardiovascular Accident (CVA),D94T0VqYF0u,c7gvocRdg0f,"10-19Yrs, Male",2025-06-14 12:31:53.170 +0300,2025-06-14 12:31:53.170 +0300
2305,1.3.15,Cardiovascular diseases,251,,,CV01,Stroke/ Cardiovascular Accident (CVA),D94T0VqYF0u,XVHTeecEOM3,"20+Yrs, Female",2025-06-14 12:31:53.170 +0300,2025-06-14 12:31:53.170 +0300
2306,1.3.15,Cardiovascular diseases,251,,,CV01,Stroke/ Cardiovascular Accident (CVA),D94T0VqYF0u,dCKzhhINakS,"20+Yrs, Male",2025-06-14 12:31:53.170 +0300,2025-06-14 12:31:53.170 +0300
2307,1.3.15,Cardiovascular diseases,251,,,CV01,Stroke/ Cardiovascular Accident (CVA),D94T0VqYF0u,huBy3W5qiD2,"29Dys-4Yrs, Female",2025-06-14 12:31:53.170 +0300,2025-06-14 12:31:53.170 +0300
2308,1.3.15,Cardiovascular diseases,251,,,CV01,Stroke/ Cardiovascular Accident (CVA),D94T0VqYF0u,V2OuNTRI6ua,"29Dys-4Yrs, Male",2025-06-14 12:31:53.170 +0300,2025-06-14 12:31:53.170 +0300
2309,1.3.15,Cardiovascular diseases,251,,,CV01,Stroke/ Cardiovascular Accident (CVA),D94T0VqYF0u,Crc5reUlspd,"5-9Yrs, Female",2025-06-14 12:31:53.170 +0300,2025-06-14 12:31:53.170 +0300
2310,1.3.15,Cardiovascular diseases,251,,,CV01,Stroke/ Cardiovascular Accident (CVA),D94T0VqYF0u,F1rms8f9I9a,"5-9Yrs, Male",2025-06-14 12:31:53.170 +0300,2025-06-14 12:31:53.170 +0300
2311,1.3.15,Cardiovascular diseases,252,,,CV02, Hypertension,hTBgki6DhH4,wDiX34aiw6i,"0-28Dys, Female",2025-06-14 12:31:53.170 +0300,2025-06-14 12:31:53.170 +0300
2312,1.3.15,Cardiovascular diseases,252,,,CV02, Hypertension,hTBgki6DhH4,zh2zAaHyYQx,"0-28Dys, Male",2025-06-14 12:31:53.170 +0300,2025-06-14 12:31:53.170 +0300
2313,1.3.15,Cardiovascular diseases,252,,,CV02, Hypertension,hTBgki6DhH4,u3CkZqMHfHP,"10-19Yrs, Female",2025-06-14 12:31:53.170 +0300,2025-06-14 12:31:53.170 +0300
2314,1.3.15,Cardiovascular diseases,252,,,CV02, Hypertension,hTBgki6DhH4,c7gvocRdg0f,"10-19Yrs, Male",2025-06-14 12:31:53.170 +0300,2025-06-14 12:31:53.170 +0300
2315,1.3.15,Cardiovascular diseases,252,,,CV02, Hypertension,hTBgki6DhH4,XVHTeecEOM3,"20+Yrs, Female",2025-06-14 12:31:53.170 +0300,2025-06-14 12:31:53.170 +0300
2316,1.3.15,Cardiovascular diseases,252,,,CV02, Hypertension,hTBgki6DhH4,dCKzhhINakS,"20+Yrs, Male",2025-06-14 12:31:53.170 +0300,2025-06-14 12:31:53.170 +0300
2317,1.3.15,Cardiovascular diseases,252,,,CV02, Hypertension,hTBgki6DhH4,huBy3W5qiD2,"29Dys-4Yrs, Female",2025-06-14 12:31:53.170 +0300,2025-06-14 12:31:53.170 +0300
2318,1.3.15,Cardiovascular diseases,252,,,CV02, Hypertension,hTBgki6DhH4,V2OuNTRI6ua,"29Dys-4Yrs, Male",2025-06-14 12:31:53.170 +0300,2025-06-14 12:31:53.170 +0300
2319,1.3.15,Cardiovascular diseases,252,,,CV02, Hypertension,hTBgki6DhH4,Crc5reUlspd,"5-9Yrs, Female",2025-06-14 12:31:53.170 +0300,2025-06-14 12:31:53.170 +0300
2320,1.3.15,Cardiovascular diseases,252,,,CV02, Hypertension,hTBgki6DhH4,F1rms8f9I9a,"5-9Yrs, Male",2025-06-14 12:31:53.170 +0300,2025-06-14 12:31:53.170 +0300
2321,1.3.15,Cardiovascular diseases,252,,,CV02, Hypertension,hTBgki6DhH4,aUatqtCxzVw,"Known, 0-28Dys, Female",2025-06-14 12:31:53.170 +0300,2025-06-14 12:31:53.170 +0300
2322,1.3.15,Cardiovascular diseases,252,,,CV02, Hypertension,hTBgki6DhH4,Io3bQxY6Nr3,"Known, 0-28Dys, Male",2025-06-14 12:31:53.170 +0300,2025-06-14 12:31:53.170 +0300
2323,1.3.15,Cardiovascular diseases,252,,,CV02, Hypertension,hTBgki6DhH4,nq6KPmpdIMQ,"Known, 10-19Yrs, Female",2025-06-14 12:31:53.170 +0300,2025-06-14 12:31:53.170 +0300
2324,1.3.15,Cardiovascular diseases,252,,,CV02, Hypertension,hTBgki6DhH4,keJQ8icaJd5,"Known, 10-19Yrs, Male",2025-06-14 12:31:53.170 +0300,2025-06-14 12:31:53.170 +0300
2325,1.3.15,Cardiovascular diseases,252,,,CV02, Hypertension,hTBgki6DhH4,lUs3TRrwSp3,"Known, 20+Yrs, Female",2025-06-14 12:31:53.170 +0300,2025-06-14 12:31:53.170 +0300
2326,1.3.15,Cardiovascular diseases,252,,,CV02, Hypertension,hTBgki6DhH4,gnq6kfPFRUy,"Known, 20+Yrs, Male",2025-06-14 12:31:53.170 +0300,2025-06-14 12:31:53.170 +0300
2327,1.3.15,Cardiovascular diseases,252,,,CV02, Hypertension,hTBgki6DhH4,MM1oF4N8Vku,"Known, 29Dys-4Yrs, Female",2025-06-14 12:31:53.170 +0300,2025-06-14 12:31:53.170 +0300
2328,1.3.15,Cardiovascular diseases,252,,,CV02, Hypertension,hTBgki6DhH4,OGomkW4FRgT,"Known, 29Dys-4Yrs, Male",2025-06-14 12:31:53.170 +0300,2025-06-14 12:31:53.170 +0300
2329,1.3.15,Cardiovascular diseases,252,,,CV02, Hypertension,hTBgki6DhH4,G4cHMKNJ898,"Known, 5-9Yrs, Female",2025-06-14 12:31:53.170 +0300,2025-06-14 12:31:53.170 +0300
2330,1.3.15,Cardiovascular diseases,252,,,CV02, Hypertension,hTBgki6DhH4,xBLq8rFuTSS,"Known, 5-9Yrs, Male",2025-06-14 12:31:53.170 +0300,2025-06-14 12:31:53.170 +0300
2331,1.3.15,Cardiovascular diseases,252,,,CV02, Hypertension,hTBgki6DhH4,lKtUo70yy5S,"New, 0-28Dys, Female",2025-06-14 12:31:53.170 +0300,2025-06-14 12:31:53.170 +0300
2332,1.3.15,Cardiovascular diseases,252,,,CV02, Hypertension,hTBgki6DhH4,vgwBZ1EnvS1,"New, 0-28Dys, Male",2025-06-14 12:31:53.170 +0300,2025-06-14 12:31:53.170 +0300
2333,1.3.15,Cardiovascular diseases,252,,,CV02, Hypertension,hTBgki6DhH4,De2rXs4jApk,"New, 10-19Yrs, Female",2025-06-14 12:31:53.170 +0300,2025-06-14 12:31:53.170 +0300
2334,1.3.15,Cardiovascular diseases,252,,,CV02, Hypertension,hTBgki6DhH4,vv7DH53AEaT,"New, 10-19Yrs, Male",2025-06-14 12:31:53.170 +0300,2025-06-14 12:31:53.170 +0300
2335,1.3.15,Cardiovascular diseases,252,,,CV02, Hypertension,hTBgki6DhH4,bMRP4hxhZ1i,"New, 20+Yrs, Female",2025-06-14 12:31:53.170 +0300,2025-06-14 12:31:53.170 +0300
2336,1.3.15,Cardiovascular diseases,252,,,CV02, Hypertension,hTBgki6DhH4,BVbGW2Vr7UU,"New, 20+Yrs, Male",2025-06-14 12:31:53.170 +0300,2025-06-14 12:31:53.170 +0300
2337,1.3.15,Cardiovascular diseases,252,,,CV02, Hypertension,hTBgki6DhH4,kieAJGAdQQz,"New, 29Dys-4Yrs, Female",2025-06-14 12:31:53.170 +0300,2025-06-14 12:31:53.170 +0300
2338,1.3.15,Cardiovascular diseases,252,,,CV02, Hypertension,hTBgki6DhH4,ubHnOQDfKvn,"New, 29Dys-4Yrs, Male",2025-06-14 12:31:53.170 +0300,2025-06-14 12:31:53.170 +0300
2339,1.3.15,Cardiovascular diseases,252,,,CV02, Hypertension,hTBgki6DhH4,NBLm9T4PdXT,"New, 5-9Yrs, Female",2025-06-14 12:31:53.170 +0300,2025-06-14 12:31:53.170 +0300
2340,1.3.15,Cardiovascular diseases,252,,,CV02, Hypertension,hTBgki6DhH4,Uu9EzmgMiUx,"New, 5-9Yrs, Male",2025-06-14 12:31:53.170 +0300,2025-06-14 12:31:53.170 +0300
2341,1.3.15,Cardiovascular diseases,253,,,CV03,Heart failure  ,ZKUeHDVwJm9,wDiX34aiw6i,"0-28Dys, Female",2025-06-14 12:31:53.170 +0300,2025-06-14 12:31:53.170 +0300
2342,1.3.15,Cardiovascular diseases,253,,,CV03,Heart failure  ,ZKUeHDVwJm9,zh2zAaHyYQx,"0-28Dys, Male",2025-06-14 12:31:53.170 +0300,2025-06-14 12:31:53.170 +0300
2343,1.3.15,Cardiovascular diseases,253,,,CV03,Heart failure  ,ZKUeHDVwJm9,u3CkZqMHfHP,"10-19Yrs, Female",2025-06-14 12:31:53.170 +0300,2025-06-14 12:31:53.170 +0300
2344,1.3.15,Cardiovascular diseases,253,,,CV03,Heart failure  ,ZKUeHDVwJm9,c7gvocRdg0f,"10-19Yrs, Male",2025-06-14 12:31:53.170 +0300,2025-06-14 12:31:53.170 +0300
2345,1.3.15,Cardiovascular diseases,253,,,CV03,Heart failure  ,ZKUeHDVwJm9,XVHTeecEOM3,"20+Yrs, Female",2025-06-14 12:31:53.170 +0300,2025-06-14 12:31:53.170 +0300
2346,1.3.15,Cardiovascular diseases,253,,,CV03,Heart failure  ,ZKUeHDVwJm9,dCKzhhINakS,"20+Yrs, Male",2025-06-14 12:31:53.170 +0300,2025-06-14 12:31:53.170 +0300
2347,1.3.15,Cardiovascular diseases,253,,,CV03,Heart failure  ,ZKUeHDVwJm9,huBy3W5qiD2,"29Dys-4Yrs, Female",2025-06-14 12:31:53.170 +0300,2025-06-14 12:31:53.170 +0300
2348,1.3.15,Cardiovascular diseases,253,,,CV03,Heart failure  ,ZKUeHDVwJm9,V2OuNTRI6ua,"29Dys-4Yrs, Male",2025-06-14 12:31:53.170 +0300,2025-06-14 12:31:53.170 +0300
2349,1.3.15,Cardiovascular diseases,253,,,CV03,Heart failure  ,ZKUeHDVwJm9,Crc5reUlspd,"5-9Yrs, Female",2025-06-14 12:31:53.170 +0300,2025-06-14 12:31:53.170 +0300
2350,1.3.15,Cardiovascular diseases,253,,,CV03,Heart failure  ,ZKUeHDVwJm9,F1rms8f9I9a,"5-9Yrs, Male",2025-06-14 12:31:53.170 +0300,2025-06-14 12:31:53.170 +0300
2351,1.3.15,Cardiovascular diseases,254,,,CV04, Ischemic Heart Diseases,gvdCqFYHQZy,wDiX34aiw6i,"0-28Dys, Female",2025-06-14 12:31:53.170 +0300,2025-06-14 12:31:53.170 +0300
2352,1.3.15,Cardiovascular diseases,254,,,CV04, Ischemic Heart Diseases,gvdCqFYHQZy,zh2zAaHyYQx,"0-28Dys, Male",2025-06-14 12:31:53.170 +0300,2025-06-14 12:31:53.170 +0300
2353,1.3.15,Cardiovascular diseases,254,,,CV04, Ischemic Heart Diseases,gvdCqFYHQZy,u3CkZqMHfHP,"10-19Yrs, Female",2025-06-14 12:31:53.170 +0300,2025-06-14 12:31:53.170 +0300
2354,1.3.15,Cardiovascular diseases,254,,,CV04, Ischemic Heart Diseases,gvdCqFYHQZy,c7gvocRdg0f,"10-19Yrs, Male",2025-06-14 12:31:53.170 +0300,2025-06-14 12:31:53.170 +0300
2355,1.3.15,Cardiovascular diseases,254,,,CV04, Ischemic Heart Diseases,gvdCqFYHQZy,XVHTeecEOM3,"20+Yrs, Female",2025-06-14 12:31:53.170 +0300,2025-06-14 12:31:53.170 +0300
2356,1.3.15,Cardiovascular diseases,254,,,CV04, Ischemic Heart Diseases,gvdCqFYHQZy,dCKzhhINakS,"20+Yrs, Male",2025-06-14 12:31:53.170 +0300,2025-06-14 12:31:53.170 +0300
2357,1.3.15,Cardiovascular diseases,254,,,CV04, Ischemic Heart Diseases,gvdCqFYHQZy,huBy3W5qiD2,"29Dys-4Yrs, Female",2025-06-14 12:31:53.170 +0300,2025-06-14 12:31:53.170 +0300
2358,1.3.15,Cardiovascular diseases,254,,,CV04, Ischemic Heart Diseases,gvdCqFYHQZy,V2OuNTRI6ua,"29Dys-4Yrs, Male",2025-06-14 12:31:53.170 +0300,2025-06-14 12:31:53.170 +0300
2359,1.3.15,Cardiovascular diseases,254,,,CV04, Ischemic Heart Diseases,gvdCqFYHQZy,Crc5reUlspd,"5-9Yrs, Female",2025-06-14 12:31:53.170 +0300,2025-06-14 12:31:53.170 +0300
2360,1.3.15,Cardiovascular diseases,254,,,CV04, Ischemic Heart Diseases,gvdCqFYHQZy,F1rms8f9I9a,"5-9Yrs, Male",2025-06-14 12:31:53.170 +0300,2025-06-14 12:31:53.170 +0300
2361,1.3.15,Cardiovascular diseases,255,,,CV05,Rheumatic Heart Diseases,dDZOL6421KG,wDiX34aiw6i,"0-28Dys, Female",2025-06-14 12:31:53.170 +0300,2025-06-14 12:31:53.170 +0300
2362,1.3.15,Cardiovascular diseases,255,,,CV05,Rheumatic Heart Diseases,dDZOL6421KG,zh2zAaHyYQx,"0-28Dys, Male",2025-06-14 12:31:53.170 +0300,2025-06-14 12:31:53.170 +0300
2363,1.3.15,Cardiovascular diseases,255,,,CV05,Rheumatic Heart Diseases,dDZOL6421KG,u3CkZqMHfHP,"10-19Yrs, Female",2025-06-14 12:31:53.170 +0300,2025-06-14 12:31:53.170 +0300
2364,1.3.15,Cardiovascular diseases,255,,,CV05,Rheumatic Heart Diseases,dDZOL6421KG,c7gvocRdg0f,"10-19Yrs, Male",2025-06-14 12:31:53.170 +0300,2025-06-14 12:31:53.170 +0300
2365,1.3.15,Cardiovascular diseases,255,,,CV05,Rheumatic Heart Diseases,dDZOL6421KG,XVHTeecEOM3,"20+Yrs, Female",2025-06-14 12:31:53.170 +0300,2025-06-14 12:31:53.170 +0300
2366,1.3.15,Cardiovascular diseases,255,,,CV05,Rheumatic Heart Diseases,dDZOL6421KG,dCKzhhINakS,"20+Yrs, Male",2025-06-14 12:31:53.170 +0300,2025-06-14 12:31:53.170 +0300
2367,1.3.15,Cardiovascular diseases,255,,,CV05,Rheumatic Heart Diseases,dDZOL6421KG,huBy3W5qiD2,"29Dys-4Yrs, Female",2025-06-14 12:31:53.170 +0300,2025-06-14 12:31:53.170 +0300
2368,1.3.15,Cardiovascular diseases,255,,,CV05,Rheumatic Heart Diseases,dDZOL6421KG,V2OuNTRI6ua,"29Dys-4Yrs, Male",2025-06-14 12:31:53.170 +0300,2025-06-14 12:31:53.170 +0300
2369,1.3.15,Cardiovascular diseases,255,,,CV05,Rheumatic Heart Diseases,dDZOL6421KG,Crc5reUlspd,"5-9Yrs, Female",2025-06-14 12:31:53.170 +0300,2025-06-14 12:31:53.170 +0300
2370,1.3.15,Cardiovascular diseases,255,,,CV05,Rheumatic Heart Diseases,dDZOL6421KG,F1rms8f9I9a,"5-9Yrs, Male",2025-06-14 12:31:53.170 +0300,2025-06-14 12:31:53.170 +0300
2371,1.3.15,Cardiovascular diseases,256,3792,"Chronic ischaemic heart disease, unspecified",CV06,Congenital Heart Diseases,FmnoZ2tPyX1,wDiX34aiw6i,"0-28Dys, Female",2025-06-14 12:31:53.170 +0300,2025-06-14 12:31:53.170 +0300
2372,1.3.15,Cardiovascular diseases,256,3792,"Chronic ischaemic heart disease, unspecified",CV06,Congenital Heart Diseases,FmnoZ2tPyX1,zh2zAaHyYQx,"0-28Dys, Male",2025-06-14 12:31:53.170 +0300,2025-06-14 12:31:53.170 +0300
2373,1.3.15,Cardiovascular diseases,256,3792,"Chronic ischaemic heart disease, unspecified",CV06,Congenital Heart Diseases,FmnoZ2tPyX1,u3CkZqMHfHP,"10-19Yrs, Female",2025-06-14 12:31:53.170 +0300,2025-06-14 12:31:53.170 +0300
2374,1.3.15,Cardiovascular diseases,256,3792,"Chronic ischaemic heart disease, unspecified",CV06,Congenital Heart Diseases,FmnoZ2tPyX1,c7gvocRdg0f,"10-19Yrs, Male",2025-06-14 12:31:53.170 +0300,2025-06-14 12:31:53.170 +0300
2375,1.3.15,Cardiovascular diseases,256,3792,"Chronic ischaemic heart disease, unspecified",CV06,Congenital Heart Diseases,FmnoZ2tPyX1,XVHTeecEOM3,"20+Yrs, Female",2025-06-14 12:31:53.170 +0300,2025-06-14 12:31:53.170 +0300
2376,1.3.15,Cardiovascular diseases,256,3792,"Chronic ischaemic heart disease, unspecified",CV06,Congenital Heart Diseases,FmnoZ2tPyX1,dCKzhhINakS,"20+Yrs, Male",2025-06-14 12:31:53.170 +0300,2025-06-14 12:31:53.170 +0300
2377,1.3.15,Cardiovascular diseases,256,3792,"Chronic ischaemic heart disease, unspecified",CV06,Congenital Heart Diseases,FmnoZ2tPyX1,huBy3W5qiD2,"29Dys-4Yrs, Female",2025-06-14 12:31:53.170 +0300,2025-06-14 12:31:53.170 +0300
2378,1.3.15,Cardiovascular diseases,256,3792,"Chronic ischaemic heart disease, unspecified",CV06,Congenital Heart Diseases,FmnoZ2tPyX1,V2OuNTRI6ua,"29Dys-4Yrs, Male",2025-06-14 12:31:53.170 +0300,2025-06-14 12:31:53.170 +0300
2379,1.3.15,Cardiovascular diseases,256,3792,"Chronic ischaemic heart disease, unspecified",CV06,Congenital Heart Diseases,FmnoZ2tPyX1,Crc5reUlspd,"5-9Yrs, Female",2025-06-14 12:31:53.170 +0300,2025-06-14 12:31:53.170 +0300
2380,1.3.15,Cardiovascular diseases,256,3792,"Chronic ischaemic heart disease, unspecified",CV06,Congenital Heart Diseases,FmnoZ2tPyX1,F1rms8f9I9a,"5-9Yrs, Male",2025-06-14 12:31:53.170 +0300,2025-06-14 12:31:53.170 +0300
2381,1.3.15,Cardiovascular diseases,256,3792,"Chronic ischaemic heart disease, unspecified",CV06,Congenital Heart Diseases,uPqlb2EjAa7,wDiX34aiw6i,"0-28Dys, Female",2025-06-14 12:31:53.170 +0300,2025-06-14 12:31:53.170 +0300
2382,1.3.15,Cardiovascular diseases,256,3792,"Chronic ischaemic heart disease, unspecified",CV06,Congenital Heart Diseases,uPqlb2EjAa7,zh2zAaHyYQx,"0-28Dys, Male",2025-06-14 12:31:53.170 +0300,2025-06-14 12:31:53.170 +0300
2383,1.3.15,Cardiovascular diseases,256,3792,"Chronic ischaemic heart disease, unspecified",CV06,Congenital Heart Diseases,uPqlb2EjAa7,u3CkZqMHfHP,"10-19Yrs, Female",2025-06-14 12:31:53.170 +0300,2025-06-14 12:31:53.170 +0300
2384,1.3.15,Cardiovascular diseases,256,3792,"Chronic ischaemic heart disease, unspecified",CV06,Congenital Heart Diseases,uPqlb2EjAa7,c7gvocRdg0f,"10-19Yrs, Male",2025-06-14 12:31:53.170 +0300,2025-06-14 12:31:53.170 +0300
2385,1.3.15,Cardiovascular diseases,256,3792,"Chronic ischaemic heart disease, unspecified",CV06,Congenital Heart Diseases,uPqlb2EjAa7,XVHTeecEOM3,"20+Yrs, Female",2025-06-14 12:31:53.170 +0300,2025-06-14 12:31:53.170 +0300
2386,1.3.15,Cardiovascular diseases,256,3792,"Chronic ischaemic heart disease, unspecified",CV06,Congenital Heart Diseases,uPqlb2EjAa7,dCKzhhINakS,"20+Yrs, Male",2025-06-14 12:31:53.170 +0300,2025-06-14 12:31:53.170 +0300
2387,1.3.15,Cardiovascular diseases,256,3792,"Chronic ischaemic heart disease, unspecified",CV06,Congenital Heart Diseases,uPqlb2EjAa7,huBy3W5qiD2,"29Dys-4Yrs, Female",2025-06-14 12:31:53.170 +0300,2025-06-14 12:31:53.170 +0300
2388,1.3.15,Cardiovascular diseases,256,3792,"Chronic ischaemic heart disease, unspecified",CV06,Congenital Heart Diseases,uPqlb2EjAa7,V2OuNTRI6ua,"29Dys-4Yrs, Male",2025-06-14 12:31:53.170 +0300,2025-06-14 12:31:53.170 +0300
2389,1.3.15,Cardiovascular diseases,256,3792,"Chronic ischaemic heart disease, unspecified",CV06,Congenital Heart Diseases,uPqlb2EjAa7,Crc5reUlspd,"5-9Yrs, Female",2025-06-14 12:31:53.170 +0300,2025-06-14 12:31:53.170 +0300
2390,1.3.15,Cardiovascular diseases,256,3792,"Chronic ischaemic heart disease, unspecified",CV06,Congenital Heart Diseases,uPqlb2EjAa7,F1rms8f9I9a,"5-9Yrs, Male",2025-06-14 12:31:53.170 +0300,2025-06-14 12:31:53.170 +0300
2391,1.3.15,Cardiovascular diseases,257,,,CV07,Other Cardiovascular Diseases  ,zWFDhtAHBa5,wDiX34aiw6i,"0-28Dys, Female",2025-06-14 12:31:53.170 +0300,2025-06-14 12:31:53.170 +0300
2392,1.3.15,Cardiovascular diseases,257,,,CV07,Other Cardiovascular Diseases  ,zWFDhtAHBa5,zh2zAaHyYQx,"0-28Dys, Male",2025-06-14 12:31:53.170 +0300,2025-06-14 12:31:53.170 +0300
2393,1.3.15,Cardiovascular diseases,257,,,CV07,Other Cardiovascular Diseases  ,zWFDhtAHBa5,u3CkZqMHfHP,"10-19Yrs, Female",2025-06-14 12:31:53.170 +0300,2025-06-14 12:31:53.170 +0300
2394,1.3.15,Cardiovascular diseases,257,,,CV07,Other Cardiovascular Diseases  ,zWFDhtAHBa5,c7gvocRdg0f,"10-19Yrs, Male",2025-06-14 12:31:53.170 +0300,2025-06-14 12:31:53.170 +0300
2395,1.3.15,Cardiovascular diseases,257,,,CV07,Other Cardiovascular Diseases  ,zWFDhtAHBa5,XVHTeecEOM3,"20+Yrs, Female",2025-06-14 12:31:53.170 +0300,2025-06-14 12:31:53.170 +0300
2396,1.3.15,Cardiovascular diseases,257,,,CV07,Other Cardiovascular Diseases  ,zWFDhtAHBa5,dCKzhhINakS,"20+Yrs, Male",2025-06-14 12:31:53.170 +0300,2025-06-14 12:31:53.170 +0300
2397,1.3.15,Cardiovascular diseases,257,,,CV07,Other Cardiovascular Diseases  ,zWFDhtAHBa5,huBy3W5qiD2,"29Dys-4Yrs, Female",2025-06-14 12:31:53.170 +0300,2025-06-14 12:31:53.170 +0300
2398,1.3.15,Cardiovascular diseases,257,,,CV07,Other Cardiovascular Diseases  ,zWFDhtAHBa5,V2OuNTRI6ua,"29Dys-4Yrs, Male",2025-06-14 12:31:53.170 +0300,2025-06-14 12:31:53.170 +0300
2399,1.3.15,Cardiovascular diseases,257,,,CV07,Other Cardiovascular Diseases  ,zWFDhtAHBa5,Crc5reUlspd,"5-9Yrs, Female",2025-06-14 12:31:53.170 +0300,2025-06-14 12:31:53.170 +0300
2400,1.3.15,Cardiovascular diseases,257,,,CV07,Other Cardiovascular Diseases  ,zWFDhtAHBa5,F1rms8f9I9a,"5-9Yrs, Male",2025-06-14 12:31:53.170 +0300,2025-06-14 12:31:53.170 +0300
1631,1.3.16,Renal Diseases,,,,RD01,Acute Kidney Injury   ,m2SYBC5Swuc,wDiX34aiw6i,"0-28Dys, Female",2025-06-14 12:31:53.170 +0300,2025-06-14 12:31:53.170 +0300
1632,1.3.16,Renal Diseases,,,,RD01,Acute Kidney Injury   ,m2SYBC5Swuc,zh2zAaHyYQx,"0-28Dys, Male",2025-06-14 12:31:53.170 +0300,2025-06-14 12:31:53.170 +0300
1633,1.3.16,Renal Diseases,,,,RD01,Acute Kidney Injury   ,m2SYBC5Swuc,u3CkZqMHfHP,"10-19Yrs, Female",2025-06-14 12:31:53.170 +0300,2025-06-14 12:31:53.170 +0300
1634,1.3.16,Renal Diseases,,,,RD01,Acute Kidney Injury   ,m2SYBC5Swuc,c7gvocRdg0f,"10-19Yrs, Male",2025-06-14 12:31:53.170 +0300,2025-06-14 12:31:53.170 +0300
1635,1.3.16,Renal Diseases,,,,RD01,Acute Kidney Injury   ,m2SYBC5Swuc,XVHTeecEOM3,"20+Yrs, Female",2025-06-14 12:31:53.170 +0300,2025-06-14 12:31:53.170 +0300
1636,1.3.16,Renal Diseases,,,,RD01,Acute Kidney Injury   ,m2SYBC5Swuc,dCKzhhINakS,"20+Yrs, Male",2025-06-14 12:31:53.170 +0300,2025-06-14 12:31:53.170 +0300
1637,1.3.16,Renal Diseases,,,,RD01,Acute Kidney Injury   ,m2SYBC5Swuc,huBy3W5qiD2,"29Dys-4Yrs, Female",2025-06-14 12:31:53.170 +0300,2025-06-14 12:31:53.170 +0300
1638,1.3.16,Renal Diseases,,,,RD01,Acute Kidney Injury   ,m2SYBC5Swuc,V2OuNTRI6ua,"29Dys-4Yrs, Male",2025-06-14 12:31:53.170 +0300,2025-06-14 12:31:53.170 +0300
1639,1.3.16,Renal Diseases,,,,RD01,Acute Kidney Injury   ,m2SYBC5Swuc,Crc5reUlspd,"5-9Yrs, Female",2025-06-14 12:31:53.170 +0300,2025-06-14 12:31:53.170 +0300
1640,1.3.16,Renal Diseases,,,,RD01,Acute Kidney Injury   ,m2SYBC5Swuc,F1rms8f9I9a,"5-9Yrs, Male",2025-06-14 12:31:53.170 +0300,2025-06-14 12:31:53.170 +0300
1641,1.3.16,Renal Diseases,,,,RD02,Acute glomerulonephritis ,m2SYBC5Swuc,wDiX34aiw6i,"0-28Dys, Female",2025-06-14 12:31:53.170 +0300,2025-06-14 12:31:53.170 +0300
1642,1.3.16,Renal Diseases,,,,RD02,Acute glomerulonephritis ,m2SYBC5Swuc,zh2zAaHyYQx,"0-28Dys, Male",2025-06-14 12:31:53.170 +0300,2025-06-14 12:31:53.170 +0300
1643,1.3.16,Renal Diseases,,,,RD02,Acute glomerulonephritis ,m2SYBC5Swuc,u3CkZqMHfHP,"10-19Yrs, Female",2025-06-14 12:31:53.170 +0300,2025-06-14 12:31:53.170 +0300
1644,1.3.16,Renal Diseases,,,,RD02,Acute glomerulonephritis ,m2SYBC5Swuc,c7gvocRdg0f,"10-19Yrs, Male",2025-06-14 12:31:53.170 +0300,2025-06-14 12:31:53.170 +0300
1645,1.3.16,Renal Diseases,,,,RD02,Acute glomerulonephritis ,m2SYBC5Swuc,XVHTeecEOM3,"20+Yrs, Female",2025-06-14 12:31:53.170 +0300,2025-06-14 12:31:53.170 +0300
1646,1.3.16,Renal Diseases,,,,RD02,Acute glomerulonephritis ,m2SYBC5Swuc,dCKzhhINakS,"20+Yrs, Male",2025-06-14 12:31:53.170 +0300,2025-06-14 12:31:53.170 +0300
1647,1.3.16,Renal Diseases,,,,RD02,Acute glomerulonephritis ,m2SYBC5Swuc,huBy3W5qiD2,"29Dys-4Yrs, Female",2025-06-14 12:31:53.170 +0300,2025-06-14 12:31:53.170 +0300
1648,1.3.16,Renal Diseases,,,,RD02,Acute glomerulonephritis ,m2SYBC5Swuc,V2OuNTRI6ua,"29Dys-4Yrs, Male",2025-06-14 12:31:53.170 +0300,2025-06-14 12:31:53.170 +0300
1649,1.3.16,Renal Diseases,,,,RD02,Acute glomerulonephritis ,m2SYBC5Swuc,Crc5reUlspd,"5-9Yrs, Female",2025-06-14 12:31:53.170 +0300,2025-06-14 12:31:53.170 +0300
1650,1.3.16,Renal Diseases,,,,RD02,Acute glomerulonephritis ,m2SYBC5Swuc,F1rms8f9I9a,"5-9Yrs, Male",2025-06-14 12:31:53.170 +0300,2025-06-14 12:31:53.170 +0300
1651,1.3.16,Renal Diseases,,,,RD03,Nephrotic syndrome,D7olRuBhSSo,wDiX34aiw6i,"0-28Dys, Female",2025-06-14 12:31:53.170 +0300,2025-06-14 12:31:53.170 +0300
1652,1.3.16,Renal Diseases,,,,RD03,Nephrotic syndrome,D7olRuBhSSo,zh2zAaHyYQx,"0-28Dys, Male",2025-06-14 12:31:53.170 +0300,2025-06-14 12:31:53.170 +0300
1653,1.3.16,Renal Diseases,,,,RD03,Nephrotic syndrome,D7olRuBhSSo,u3CkZqMHfHP,"10-19Yrs, Female",2025-06-14 12:31:53.170 +0300,2025-06-14 12:31:53.170 +0300
1654,1.3.16,Renal Diseases,,,,RD03,Nephrotic syndrome,D7olRuBhSSo,c7gvocRdg0f,"10-19Yrs, Male",2025-06-14 12:31:53.170 +0300,2025-06-14 12:31:53.170 +0300
1655,1.3.16,Renal Diseases,,,,RD03,Nephrotic syndrome,D7olRuBhSSo,XVHTeecEOM3,"20+Yrs, Female",2025-06-14 12:31:53.170 +0300,2025-06-14 12:31:53.170 +0300
1656,1.3.16,Renal Diseases,,,,RD03,Nephrotic syndrome,D7olRuBhSSo,dCKzhhINakS,"20+Yrs, Male",2025-06-14 12:31:53.170 +0300,2025-06-14 12:31:53.170 +0300
1657,1.3.16,Renal Diseases,,,,RD03,Nephrotic syndrome,D7olRuBhSSo,huBy3W5qiD2,"29Dys-4Yrs, Female",2025-06-14 12:31:53.170 +0300,2025-06-14 12:31:53.170 +0300
1658,1.3.16,Renal Diseases,,,,RD03,Nephrotic syndrome,D7olRuBhSSo,V2OuNTRI6ua,"29Dys-4Yrs, Male",2025-06-14 12:31:53.170 +0300,2025-06-14 12:31:53.170 +0300
1659,1.3.16,Renal Diseases,,,,RD03,Nephrotic syndrome,D7olRuBhSSo,Crc5reUlspd,"5-9Yrs, Female",2025-06-14 12:31:53.170 +0300,2025-06-14 12:31:53.170 +0300
1660,1.3.16,Renal Diseases,,,,RD03,Nephrotic syndrome,D7olRuBhSSo,F1rms8f9I9a,"5-9Yrs, Male",2025-06-14 12:31:53.170 +0300,2025-06-14 12:31:53.170 +0300
1661,1.3.16,Renal Diseases,,,,RD08, Uncomplicated UTI  ,J42h8FOaMEK,wDiX34aiw6i,"0-28Dys, Female",2025-06-14 12:31:53.170 +0300,2025-06-14 12:31:53.170 +0300
1662,1.3.16,Renal Diseases,,,,RD08, Uncomplicated UTI  ,J42h8FOaMEK,zh2zAaHyYQx,"0-28Dys, Male",2025-06-14 12:31:53.170 +0300,2025-06-14 12:31:53.170 +0300
1663,1.3.16,Renal Diseases,,,,RD08, Uncomplicated UTI  ,J42h8FOaMEK,u3CkZqMHfHP,"10-19Yrs, Female",2025-06-14 12:31:53.170 +0300,2025-06-14 12:31:53.170 +0300
1664,1.3.16,Renal Diseases,,,,RD08, Uncomplicated UTI  ,J42h8FOaMEK,c7gvocRdg0f,"10-19Yrs, Male",2025-06-14 12:31:53.170 +0300,2025-06-14 12:31:53.170 +0300
1665,1.3.16,Renal Diseases,,,,RD08, Uncomplicated UTI  ,J42h8FOaMEK,XVHTeecEOM3,"20+Yrs, Female",2025-06-14 12:31:53.170 +0300,2025-06-14 12:31:53.170 +0300
1666,1.3.16,Renal Diseases,,,,RD08, Uncomplicated UTI  ,J42h8FOaMEK,dCKzhhINakS,"20+Yrs, Male",2025-06-14 12:31:53.170 +0300,2025-06-14 12:31:53.170 +0300
1667,1.3.16,Renal Diseases,,,,RD08, Uncomplicated UTI  ,J42h8FOaMEK,huBy3W5qiD2,"29Dys-4Yrs, Female",2025-06-14 12:31:53.170 +0300,2025-06-14 12:31:53.170 +0300
1668,1.3.16,Renal Diseases,,,,RD08, Uncomplicated UTI  ,J42h8FOaMEK,V2OuNTRI6ua,"29Dys-4Yrs, Male",2025-06-14 12:31:53.170 +0300,2025-06-14 12:31:53.170 +0300
1669,1.3.16,Renal Diseases,,,,RD08, Uncomplicated UTI  ,J42h8FOaMEK,Crc5reUlspd,"5-9Yrs, Female",2025-06-14 12:31:53.170 +0300,2025-06-14 12:31:53.170 +0300
1670,1.3.16,Renal Diseases,,,,RD08, Uncomplicated UTI  ,J42h8FOaMEK,F1rms8f9I9a,"5-9Yrs, Male",2025-06-14 12:31:53.170 +0300,2025-06-14 12:31:53.170 +0300
1671,1.3.16,Renal Diseases,,,,RD09,Complicated UTI    ,k5eI8TukQmh,wDiX34aiw6i,"0-28Dys, Female",2025-06-14 12:31:53.170 +0300,2025-06-14 12:31:53.170 +0300
1672,1.3.16,Renal Diseases,,,,RD09,Complicated UTI    ,k5eI8TukQmh,zh2zAaHyYQx,"0-28Dys, Male",2025-06-14 12:31:53.170 +0300,2025-06-14 12:31:53.170 +0300
1673,1.3.16,Renal Diseases,,,,RD09,Complicated UTI    ,k5eI8TukQmh,u3CkZqMHfHP,"10-19Yrs, Female",2025-06-14 12:31:53.170 +0300,2025-06-14 12:31:53.170 +0300
1674,1.3.16,Renal Diseases,,,,RD09,Complicated UTI    ,k5eI8TukQmh,c7gvocRdg0f,"10-19Yrs, Male",2025-06-14 12:31:53.170 +0300,2025-06-14 12:31:53.170 +0300
1675,1.3.16,Renal Diseases,,,,RD09,Complicated UTI    ,k5eI8TukQmh,XVHTeecEOM3,"20+Yrs, Female",2025-06-14 12:31:53.170 +0300,2025-06-14 12:31:53.170 +0300
1676,1.3.16,Renal Diseases,,,,RD09,Complicated UTI    ,k5eI8TukQmh,dCKzhhINakS,"20+Yrs, Male",2025-06-14 12:31:53.170 +0300,2025-06-14 12:31:53.170 +0300
1677,1.3.16,Renal Diseases,,,,RD09,Complicated UTI    ,k5eI8TukQmh,huBy3W5qiD2,"29Dys-4Yrs, Female",2025-06-14 12:31:53.170 +0300,2025-06-14 12:31:53.170 +0300
1678,1.3.16,Renal Diseases,,,,RD09,Complicated UTI    ,k5eI8TukQmh,V2OuNTRI6ua,"29Dys-4Yrs, Male",2025-06-14 12:31:53.170 +0300,2025-06-14 12:31:53.170 +0300
1679,1.3.16,Renal Diseases,,,,RD09,Complicated UTI    ,k5eI8TukQmh,Crc5reUlspd,"5-9Yrs, Female",2025-06-14 12:31:53.170 +0300,2025-06-14 12:31:53.170 +0300
1680,1.3.16,Renal Diseases,,,,RD09,Complicated UTI    ,k5eI8TukQmh,F1rms8f9I9a,"5-9Yrs, Male",2025-06-14 12:31:53.170 +0300,2025-06-14 12:31:53.170 +0300
2430,1.3.16,Renal Diseases,,,,RD03,Nephrotic syndrome,D7olRuBhSSo,F1rms8f9I9a,"5-9Yrs, Male",2025-06-14 12:31:53.170 +0300,2025-06-14 12:31:53.170 +0300
2401,1.3.16,Renal Diseases,,,,RD01,Acute Kidney Injury   ,m2SYBC5Swuc,wDiX34aiw6i,"0-28Dys, Female",2025-06-14 12:31:53.170 +0300,2025-06-14 12:31:53.170 +0300
2402,1.3.16,Renal Diseases,,,,RD01,Acute Kidney Injury   ,m2SYBC5Swuc,zh2zAaHyYQx,"0-28Dys, Male",2025-06-14 12:31:53.170 +0300,2025-06-14 12:31:53.170 +0300
2403,1.3.16,Renal Diseases,,,,RD01,Acute Kidney Injury   ,m2SYBC5Swuc,u3CkZqMHfHP,"10-19Yrs, Female",2025-06-14 12:31:53.170 +0300,2025-06-14 12:31:53.170 +0300
2404,1.3.16,Renal Diseases,,,,RD01,Acute Kidney Injury   ,m2SYBC5Swuc,c7gvocRdg0f,"10-19Yrs, Male",2025-06-14 12:31:53.170 +0300,2025-06-14 12:31:53.170 +0300
2405,1.3.16,Renal Diseases,,,,RD01,Acute Kidney Injury   ,m2SYBC5Swuc,XVHTeecEOM3,"20+Yrs, Female",2025-06-14 12:31:53.170 +0300,2025-06-14 12:31:53.170 +0300
2406,1.3.16,Renal Diseases,,,,RD01,Acute Kidney Injury   ,m2SYBC5Swuc,dCKzhhINakS,"20+Yrs, Male",2025-06-14 12:31:53.170 +0300,2025-06-14 12:31:53.170 +0300
2407,1.3.16,Renal Diseases,,,,RD01,Acute Kidney Injury   ,m2SYBC5Swuc,huBy3W5qiD2,"29Dys-4Yrs, Female",2025-06-14 12:31:53.170 +0300,2025-06-14 12:31:53.170 +0300
2408,1.3.16,Renal Diseases,,,,RD01,Acute Kidney Injury   ,m2SYBC5Swuc,V2OuNTRI6ua,"29Dys-4Yrs, Male",2025-06-14 12:31:53.170 +0300,2025-06-14 12:31:53.170 +0300
2409,1.3.16,Renal Diseases,,,,RD01,Acute Kidney Injury   ,m2SYBC5Swuc,Crc5reUlspd,"5-9Yrs, Female",2025-06-14 12:31:53.170 +0300,2025-06-14 12:31:53.170 +0300
2410,1.3.16,Renal Diseases,,,,RD01,Acute Kidney Injury   ,m2SYBC5Swuc,F1rms8f9I9a,"5-9Yrs, Male",2025-06-14 12:31:53.170 +0300,2025-06-14 12:31:53.170 +0300
2411,1.3.16,Renal Diseases,,,,RD02,Acute glomerulonephritis ,m2SYBC5Swuc,wDiX34aiw6i,"0-28Dys, Female",2025-06-14 12:31:53.170 +0300,2025-06-14 12:31:53.170 +0300
2412,1.3.16,Renal Diseases,,,,RD02,Acute glomerulonephritis ,m2SYBC5Swuc,zh2zAaHyYQx,"0-28Dys, Male",2025-06-14 12:31:53.170 +0300,2025-06-14 12:31:53.170 +0300
2413,1.3.16,Renal Diseases,,,,RD02,Acute glomerulonephritis ,m2SYBC5Swuc,u3CkZqMHfHP,"10-19Yrs, Female",2025-06-14 12:31:53.170 +0300,2025-06-14 12:31:53.170 +0300
2414,1.3.16,Renal Diseases,,,,RD02,Acute glomerulonephritis ,m2SYBC5Swuc,c7gvocRdg0f,"10-19Yrs, Male",2025-06-14 12:31:53.170 +0300,2025-06-14 12:31:53.170 +0300
2415,1.3.16,Renal Diseases,,,,RD02,Acute glomerulonephritis ,m2SYBC5Swuc,XVHTeecEOM3,"20+Yrs, Female",2025-06-14 12:31:53.170 +0300,2025-06-14 12:31:53.170 +0300
2416,1.3.16,Renal Diseases,,,,RD02,Acute glomerulonephritis ,m2SYBC5Swuc,dCKzhhINakS,"20+Yrs, Male",2025-06-14 12:31:53.170 +0300,2025-06-14 12:31:53.170 +0300
2417,1.3.16,Renal Diseases,,,,RD02,Acute glomerulonephritis ,m2SYBC5Swuc,huBy3W5qiD2,"29Dys-4Yrs, Female",2025-06-14 12:31:53.170 +0300,2025-06-14 12:31:53.170 +0300
2418,1.3.16,Renal Diseases,,,,RD02,Acute glomerulonephritis ,m2SYBC5Swuc,V2OuNTRI6ua,"29Dys-4Yrs, Male",2025-06-14 12:31:53.170 +0300,2025-06-14 12:31:53.170 +0300
2419,1.3.16,Renal Diseases,,,,RD02,Acute glomerulonephritis ,m2SYBC5Swuc,Crc5reUlspd,"5-9Yrs, Female",2025-06-14 12:31:53.170 +0300,2025-06-14 12:31:53.170 +0300
2420,1.3.16,Renal Diseases,,,,RD02,Acute glomerulonephritis ,m2SYBC5Swuc,F1rms8f9I9a,"5-9Yrs, Male",2025-06-14 12:31:53.170 +0300,2025-06-14 12:31:53.170 +0300
2421,1.3.16,Renal Diseases,,,,RD03,Nephrotic syndrome,D7olRuBhSSo,wDiX34aiw6i,"0-28Dys, Female",2025-06-14 12:31:53.170 +0300,2025-06-14 12:31:53.170 +0300
2422,1.3.16,Renal Diseases,,,,RD03,Nephrotic syndrome,D7olRuBhSSo,zh2zAaHyYQx,"0-28Dys, Male",2025-06-14 12:31:53.170 +0300,2025-06-14 12:31:53.170 +0300
2423,1.3.16,Renal Diseases,,,,RD03,Nephrotic syndrome,D7olRuBhSSo,u3CkZqMHfHP,"10-19Yrs, Female",2025-06-14 12:31:53.170 +0300,2025-06-14 12:31:53.170 +0300
2424,1.3.16,Renal Diseases,,,,RD03,Nephrotic syndrome,D7olRuBhSSo,c7gvocRdg0f,"10-19Yrs, Male",2025-06-14 12:31:53.170 +0300,2025-06-14 12:31:53.170 +0300
2425,1.3.16,Renal Diseases,,,,RD03,Nephrotic syndrome,D7olRuBhSSo,XVHTeecEOM3,"20+Yrs, Female",2025-06-14 12:31:53.170 +0300,2025-06-14 12:31:53.170 +0300
2426,1.3.16,Renal Diseases,,,,RD03,Nephrotic syndrome,D7olRuBhSSo,dCKzhhINakS,"20+Yrs, Male",2025-06-14 12:31:53.170 +0300,2025-06-14 12:31:53.170 +0300
2427,1.3.16,Renal Diseases,,,,RD03,Nephrotic syndrome,D7olRuBhSSo,huBy3W5qiD2,"29Dys-4Yrs, Female",2025-06-14 12:31:53.170 +0300,2025-06-14 12:31:53.170 +0300
2428,1.3.16,Renal Diseases,,,,RD03,Nephrotic syndrome,D7olRuBhSSo,V2OuNTRI6ua,"29Dys-4Yrs, Male",2025-06-14 12:31:53.170 +0300,2025-06-14 12:31:53.170 +0300
2429,1.3.16,Renal Diseases,,,,RD03,Nephrotic syndrome,D7olRuBhSSo,Crc5reUlspd,"5-9Yrs, Female",2025-06-14 12:31:53.170 +0300,2025-06-14 12:31:53.170 +0300
2431,1.3.16,Renal Diseases,,,,RD08, Uncomplicated UTI  ,J42h8FOaMEK,wDiX34aiw6i,"0-28Dys, Female",2025-06-14 12:31:53.170 +0300,2025-06-14 12:31:53.170 +0300
2432,1.3.16,Renal Diseases,,,,RD08, Uncomplicated UTI  ,J42h8FOaMEK,zh2zAaHyYQx,"0-28Dys, Male",2025-06-14 12:31:53.170 +0300,2025-06-14 12:31:53.170 +0300
2433,1.3.16,Renal Diseases,,,,RD08, Uncomplicated UTI  ,J42h8FOaMEK,u3CkZqMHfHP,"10-19Yrs, Female",2025-06-14 12:31:53.170 +0300,2025-06-14 12:31:53.170 +0300
2434,1.3.16,Renal Diseases,,,,RD08, Uncomplicated UTI  ,J42h8FOaMEK,c7gvocRdg0f,"10-19Yrs, Male",2025-06-14 12:31:53.170 +0300,2025-06-14 12:31:53.170 +0300
2435,1.3.16,Renal Diseases,,,,RD08, Uncomplicated UTI  ,J42h8FOaMEK,XVHTeecEOM3,"20+Yrs, Female",2025-06-14 12:31:53.170 +0300,2025-06-14 12:31:53.170 +0300
2436,1.3.16,Renal Diseases,,,,RD08, Uncomplicated UTI  ,J42h8FOaMEK,dCKzhhINakS,"20+Yrs, Male",2025-06-14 12:31:53.170 +0300,2025-06-14 12:31:53.170 +0300
2437,1.3.16,Renal Diseases,,,,RD08, Uncomplicated UTI  ,J42h8FOaMEK,huBy3W5qiD2,"29Dys-4Yrs, Female",2025-06-14 12:31:53.170 +0300,2025-06-14 12:31:53.170 +0300
2438,1.3.16,Renal Diseases,,,,RD08, Uncomplicated UTI  ,J42h8FOaMEK,V2OuNTRI6ua,"29Dys-4Yrs, Male",2025-06-14 12:31:53.170 +0300,2025-06-14 12:31:53.170 +0300
2439,1.3.16,Renal Diseases,,,,RD08, Uncomplicated UTI  ,J42h8FOaMEK,Crc5reUlspd,"5-9Yrs, Female",2025-06-14 12:31:53.170 +0300,2025-06-14 12:31:53.170 +0300
2440,1.3.16,Renal Diseases,,,,RD08, Uncomplicated UTI  ,J42h8FOaMEK,F1rms8f9I9a,"5-9Yrs, Male",2025-06-14 12:31:53.170 +0300,2025-06-14 12:31:53.170 +0300
2441,1.3.16,Renal Diseases,,,,RD09,Complicated UTI    ,k5eI8TukQmh,wDiX34aiw6i,"0-28Dys, Female",2025-06-14 12:31:53.170 +0300,2025-06-14 12:31:53.170 +0300
2442,1.3.16,Renal Diseases,,,,RD09,Complicated UTI    ,k5eI8TukQmh,zh2zAaHyYQx,"0-28Dys, Male",2025-06-14 12:31:53.170 +0300,2025-06-14 12:31:53.170 +0300
2443,1.3.16,Renal Diseases,,,,RD09,Complicated UTI    ,k5eI8TukQmh,u3CkZqMHfHP,"10-19Yrs, Female",2025-06-14 12:31:53.170 +0300,2025-06-14 12:31:53.170 +0300
2444,1.3.16,Renal Diseases,,,,RD09,Complicated UTI    ,k5eI8TukQmh,c7gvocRdg0f,"10-19Yrs, Male",2025-06-14 12:31:53.170 +0300,2025-06-14 12:31:53.170 +0300
2445,1.3.16,Renal Diseases,,,,RD09,Complicated UTI    ,k5eI8TukQmh,XVHTeecEOM3,"20+Yrs, Female",2025-06-14 12:31:53.170 +0300,2025-06-14 12:31:53.170 +0300
2446,1.3.16,Renal Diseases,,,,RD09,Complicated UTI    ,k5eI8TukQmh,dCKzhhINakS,"20+Yrs, Male",2025-06-14 12:31:53.170 +0300,2025-06-14 12:31:53.170 +0300
2447,1.3.16,Renal Diseases,,,,RD09,Complicated UTI    ,k5eI8TukQmh,huBy3W5qiD2,"29Dys-4Yrs, Female",2025-06-14 12:31:53.170 +0300,2025-06-14 12:31:53.170 +0300
2448,1.3.16,Renal Diseases,,,,RD09,Complicated UTI    ,k5eI8TukQmh,V2OuNTRI6ua,"29Dys-4Yrs, Male",2025-06-14 12:31:53.170 +0300,2025-06-14 12:31:53.170 +0300
2449,1.3.16,Renal Diseases,,,,RD09,Complicated UTI    ,k5eI8TukQmh,Crc5reUlspd,"5-9Yrs, Female",2025-06-14 12:31:53.170 +0300,2025-06-14 12:31:53.170 +0300
2450,1.3.16,Renal Diseases,,,,RD09,Complicated UTI    ,k5eI8TukQmh,F1rms8f9I9a,"5-9Yrs, Male",2025-06-14 12:31:53.170 +0300,2025-06-14 12:31:53.170 +0300
2490,1.3.17,Liver Diseases,,,,LD07,Hepatitis B,QDCFpLxdbJe,F1rms8f9I9a,"5-9Yrs, Male",2025-06-14 12:31:53.170 +0300,2025-06-14 12:31:53.170 +0300
1708,1.3.17,Liver Diseases,,,,LD06,Hepatitis A,bLurSIHHlHZ,V2OuNTRI6ua,"29Dys-4Yrs, Male",2025-06-14 12:31:53.170 +0300,2025-06-14 12:31:53.170 +0300
1681,1.3.17,Liver Diseases,410,,, LD01 ,Liver Cirrhosis   ,BVfYfrc4SHe,wDiX34aiw6i,"0-28Dys, Female",2025-06-14 12:31:53.170 +0300,2025-06-14 12:31:53.170 +0300
1682,1.3.17,Liver Diseases,410,,, LD01 ,Liver Cirrhosis   ,BVfYfrc4SHe,zh2zAaHyYQx,"0-28Dys, Male",2025-06-14 12:31:53.170 +0300,2025-06-14 12:31:53.170 +0300
1683,1.3.17,Liver Diseases,410,,, LD01 ,Liver Cirrhosis   ,BVfYfrc4SHe,u3CkZqMHfHP,"10-19Yrs, Female",2025-06-14 12:31:53.170 +0300,2025-06-14 12:31:53.170 +0300
1684,1.3.17,Liver Diseases,410,,, LD01 ,Liver Cirrhosis   ,BVfYfrc4SHe,c7gvocRdg0f,"10-19Yrs, Male",2025-06-14 12:31:53.170 +0300,2025-06-14 12:31:53.170 +0300
1685,1.3.17,Liver Diseases,410,,, LD01 ,Liver Cirrhosis   ,BVfYfrc4SHe,XVHTeecEOM3,"20+Yrs, Female",2025-06-14 12:31:53.170 +0300,2025-06-14 12:31:53.170 +0300
1686,1.3.17,Liver Diseases,410,,, LD01 ,Liver Cirrhosis   ,BVfYfrc4SHe,dCKzhhINakS,"20+Yrs, Male",2025-06-14 12:31:53.170 +0300,2025-06-14 12:31:53.170 +0300
1687,1.3.17,Liver Diseases,410,,, LD01 ,Liver Cirrhosis   ,BVfYfrc4SHe,huBy3W5qiD2,"29Dys-4Yrs, Female",2025-06-14 12:31:53.170 +0300,2025-06-14 12:31:53.170 +0300
1688,1.3.17,Liver Diseases,410,,, LD01 ,Liver Cirrhosis   ,BVfYfrc4SHe,V2OuNTRI6ua,"29Dys-4Yrs, Male",2025-06-14 12:31:53.170 +0300,2025-06-14 12:31:53.170 +0300
1689,1.3.17,Liver Diseases,410,,, LD01 ,Liver Cirrhosis   ,BVfYfrc4SHe,Crc5reUlspd,"5-9Yrs, Female",2025-06-14 12:31:53.170 +0300,2025-06-14 12:31:53.170 +0300
1690,1.3.17,Liver Diseases,410,,, LD01 ,Liver Cirrhosis   ,BVfYfrc4SHe,F1rms8f9I9a,"5-9Yrs, Male",2025-06-14 12:31:53.170 +0300,2025-06-14 12:31:53.170 +0300
1691,1.3.17,Liver Diseases,,,,LD02,Liver Abscess,d1tEiOfTaAX,wDiX34aiw6i,"0-28Dys, Female",2025-06-14 12:31:53.170 +0300,2025-06-14 12:31:53.170 +0300
1692,1.3.17,Liver Diseases,,,,LD02,Liver Abscess,d1tEiOfTaAX,zh2zAaHyYQx,"0-28Dys, Male",2025-06-14 12:31:53.170 +0300,2025-06-14 12:31:53.170 +0300
1693,1.3.17,Liver Diseases,,,,LD02,Liver Abscess,d1tEiOfTaAX,u3CkZqMHfHP,"10-19Yrs, Female",2025-06-14 12:31:53.170 +0300,2025-06-14 12:31:53.170 +0300
1694,1.3.17,Liver Diseases,,,,LD02,Liver Abscess,d1tEiOfTaAX,c7gvocRdg0f,"10-19Yrs, Male",2025-06-14 12:31:53.170 +0300,2025-06-14 12:31:53.170 +0300
1695,1.3.17,Liver Diseases,,,,LD02,Liver Abscess,d1tEiOfTaAX,XVHTeecEOM3,"20+Yrs, Female",2025-06-14 12:31:53.170 +0300,2025-06-14 12:31:53.170 +0300
1696,1.3.17,Liver Diseases,,,,LD02,Liver Abscess,d1tEiOfTaAX,dCKzhhINakS,"20+Yrs, Male",2025-06-14 12:31:53.170 +0300,2025-06-14 12:31:53.170 +0300
1697,1.3.17,Liver Diseases,,,,LD02,Liver Abscess,d1tEiOfTaAX,huBy3W5qiD2,"29Dys-4Yrs, Female",2025-06-14 12:31:53.170 +0300,2025-06-14 12:31:53.170 +0300
1698,1.3.17,Liver Diseases,,,,LD02,Liver Abscess,d1tEiOfTaAX,V2OuNTRI6ua,"29Dys-4Yrs, Male",2025-06-14 12:31:53.170 +0300,2025-06-14 12:31:53.170 +0300
1699,1.3.17,Liver Diseases,,,,LD02,Liver Abscess,d1tEiOfTaAX,Crc5reUlspd,"5-9Yrs, Female",2025-06-14 12:31:53.170 +0300,2025-06-14 12:31:53.170 +0300
1700,1.3.17,Liver Diseases,,,,LD02,Liver Abscess,d1tEiOfTaAX,F1rms8f9I9a,"5-9Yrs, Male",2025-06-14 12:31:53.170 +0300,2025-06-14 12:31:53.170 +0300
1701,1.3.17,Liver Diseases,,,,LD06,Hepatitis A,bLurSIHHlHZ,wDiX34aiw6i,"0-28Dys, Female",2025-06-14 12:31:53.170 +0300,2025-06-14 12:31:53.170 +0300
1702,1.3.17,Liver Diseases,,,,LD06,Hepatitis A,bLurSIHHlHZ,zh2zAaHyYQx,"0-28Dys, Male",2025-06-14 12:31:53.170 +0300,2025-06-14 12:31:53.170 +0300
1703,1.3.17,Liver Diseases,,,,LD06,Hepatitis A,bLurSIHHlHZ,u3CkZqMHfHP,"10-19Yrs, Female",2025-06-14 12:31:53.170 +0300,2025-06-14 12:31:53.170 +0300
1704,1.3.17,Liver Diseases,,,,LD06,Hepatitis A,bLurSIHHlHZ,c7gvocRdg0f,"10-19Yrs, Male",2025-06-14 12:31:53.170 +0300,2025-06-14 12:31:53.170 +0300
1705,1.3.17,Liver Diseases,,,,LD06,Hepatitis A,bLurSIHHlHZ,XVHTeecEOM3,"20+Yrs, Female",2025-06-14 12:31:53.170 +0300,2025-06-14 12:31:53.170 +0300
1706,1.3.17,Liver Diseases,,,,LD06,Hepatitis A,bLurSIHHlHZ,dCKzhhINakS,"20+Yrs, Male",2025-06-14 12:31:53.170 +0300,2025-06-14 12:31:53.170 +0300
1707,1.3.17,Liver Diseases,,,,LD06,Hepatitis A,bLurSIHHlHZ,huBy3W5qiD2,"29Dys-4Yrs, Female",2025-06-14 12:31:53.170 +0300,2025-06-14 12:31:53.170 +0300
1709,1.3.17,Liver Diseases,,,,LD06,Hepatitis A,bLurSIHHlHZ,Crc5reUlspd,"5-9Yrs, Female",2025-06-14 12:31:53.170 +0300,2025-06-14 12:31:53.170 +0300
1710,1.3.17,Liver Diseases,,,,LD06,Hepatitis A,bLurSIHHlHZ,F1rms8f9I9a,"5-9Yrs, Male",2025-06-14 12:31:53.170 +0300,2025-06-14 12:31:53.170 +0300
1711,1.3.17,Liver Diseases,,,,LD07,Hepatitis B,QDCFpLxdbJe,wDiX34aiw6i,"0-28Dys, Female",2025-06-14 12:31:53.170 +0300,2025-06-14 12:31:53.170 +0300
1712,1.3.17,Liver Diseases,,,,LD07,Hepatitis B,QDCFpLxdbJe,zh2zAaHyYQx,"0-28Dys, Male",2025-06-14 12:31:53.170 +0300,2025-06-14 12:31:53.170 +0300
1713,1.3.17,Liver Diseases,,,,LD07,Hepatitis B,QDCFpLxdbJe,u3CkZqMHfHP,"10-19Yrs, Female",2025-06-14 12:31:53.170 +0300,2025-06-14 12:31:53.170 +0300
1714,1.3.17,Liver Diseases,,,,LD07,Hepatitis B,QDCFpLxdbJe,c7gvocRdg0f,"10-19Yrs, Male",2025-06-14 12:31:53.170 +0300,2025-06-14 12:31:53.170 +0300
1715,1.3.17,Liver Diseases,,,,LD07,Hepatitis B,QDCFpLxdbJe,XVHTeecEOM3,"20+Yrs, Female",2025-06-14 12:31:53.170 +0300,2025-06-14 12:31:53.170 +0300
1716,1.3.17,Liver Diseases,,,,LD07,Hepatitis B,QDCFpLxdbJe,dCKzhhINakS,"20+Yrs, Male",2025-06-14 12:31:53.170 +0300,2025-06-14 12:31:53.170 +0300
1717,1.3.17,Liver Diseases,,,,LD07,Hepatitis B,QDCFpLxdbJe,huBy3W5qiD2,"29Dys-4Yrs, Female",2025-06-14 12:31:53.170 +0300,2025-06-14 12:31:53.170 +0300
1718,1.3.17,Liver Diseases,,,,LD07,Hepatitis B,QDCFpLxdbJe,V2OuNTRI6ua,"29Dys-4Yrs, Male",2025-06-14 12:31:53.170 +0300,2025-06-14 12:31:53.170 +0300
1719,1.3.17,Liver Diseases,,,,LD07,Hepatitis B,QDCFpLxdbJe,Crc5reUlspd,"5-9Yrs, Female",2025-06-14 12:31:53.170 +0300,2025-06-14 12:31:53.170 +0300
1720,1.3.17,Liver Diseases,,,,LD07,Hepatitis B,QDCFpLxdbJe,F1rms8f9I9a,"5-9Yrs, Male",2025-06-14 12:31:53.170 +0300,2025-06-14 12:31:53.170 +0300
1721,1.3.17,Liver Diseases,,,,LD08,Hepatitis C    ,Jut3HPICqMe,wDiX34aiw6i,"0-28Dys, Female",2025-06-14 12:31:53.170 +0300,2025-06-14 12:31:53.170 +0300
1722,1.3.17,Liver Diseases,,,,LD08,Hepatitis C    ,Jut3HPICqMe,zh2zAaHyYQx,"0-28Dys, Male",2025-06-14 12:31:53.170 +0300,2025-06-14 12:31:53.170 +0300
1723,1.3.17,Liver Diseases,,,,LD08,Hepatitis C    ,Jut3HPICqMe,u3CkZqMHfHP,"10-19Yrs, Female",2025-06-14 12:31:53.170 +0300,2025-06-14 12:31:53.170 +0300
1724,1.3.17,Liver Diseases,,,,LD08,Hepatitis C    ,Jut3HPICqMe,c7gvocRdg0f,"10-19Yrs, Male",2025-06-14 12:31:53.170 +0300,2025-06-14 12:31:53.170 +0300
1725,1.3.17,Liver Diseases,,,,LD08,Hepatitis C    ,Jut3HPICqMe,XVHTeecEOM3,"20+Yrs, Female",2025-06-14 12:31:53.170 +0300,2025-06-14 12:31:53.170 +0300
1726,1.3.17,Liver Diseases,,,,LD08,Hepatitis C    ,Jut3HPICqMe,dCKzhhINakS,"20+Yrs, Male",2025-06-14 12:31:53.170 +0300,2025-06-14 12:31:53.170 +0300
1727,1.3.17,Liver Diseases,,,,LD08,Hepatitis C    ,Jut3HPICqMe,huBy3W5qiD2,"29Dys-4Yrs, Female",2025-06-14 12:31:53.170 +0300,2025-06-14 12:31:53.170 +0300
1728,1.3.17,Liver Diseases,,,,LD08,Hepatitis C    ,Jut3HPICqMe,V2OuNTRI6ua,"29Dys-4Yrs, Male",2025-06-14 12:31:53.170 +0300,2025-06-14 12:31:53.170 +0300
1729,1.3.17,Liver Diseases,,,,LD08,Hepatitis C    ,Jut3HPICqMe,Crc5reUlspd,"5-9Yrs, Female",2025-06-14 12:31:53.170 +0300,2025-06-14 12:31:53.170 +0300
1730,1.3.17,Liver Diseases,,,,LD08,Hepatitis C    ,Jut3HPICqMe,F1rms8f9I9a,"5-9Yrs, Male",2025-06-14 12:31:53.170 +0300,2025-06-14 12:31:53.170 +0300
1731,1.3.17,Liver Diseases,,,,LD09,Hepatitis D,wEyMlJ9Vce9,wDiX34aiw6i,"0-28Dys, Female",2025-06-14 12:31:53.170 +0300,2025-06-14 12:31:53.170 +0300
1732,1.3.17,Liver Diseases,,,,LD09,Hepatitis D,wEyMlJ9Vce9,zh2zAaHyYQx,"0-28Dys, Male",2025-06-14 12:31:53.170 +0300,2025-06-14 12:31:53.170 +0300
1733,1.3.17,Liver Diseases,,,,LD09,Hepatitis D,wEyMlJ9Vce9,u3CkZqMHfHP,"10-19Yrs, Female",2025-06-14 12:31:53.170 +0300,2025-06-14 12:31:53.170 +0300
1734,1.3.17,Liver Diseases,,,,LD09,Hepatitis D,wEyMlJ9Vce9,c7gvocRdg0f,"10-19Yrs, Male",2025-06-14 12:31:53.170 +0300,2025-06-14 12:31:53.170 +0300
1735,1.3.17,Liver Diseases,,,,LD09,Hepatitis D,wEyMlJ9Vce9,XVHTeecEOM3,"20+Yrs, Female",2025-06-14 12:31:53.170 +0300,2025-06-14 12:31:53.170 +0300
1736,1.3.17,Liver Diseases,,,,LD09,Hepatitis D,wEyMlJ9Vce9,dCKzhhINakS,"20+Yrs, Male",2025-06-14 12:31:53.170 +0300,2025-06-14 12:31:53.170 +0300
1737,1.3.17,Liver Diseases,,,,LD09,Hepatitis D,wEyMlJ9Vce9,huBy3W5qiD2,"29Dys-4Yrs, Female",2025-06-14 12:31:53.170 +0300,2025-06-14 12:31:53.170 +0300
1738,1.3.17,Liver Diseases,,,,LD09,Hepatitis D,wEyMlJ9Vce9,V2OuNTRI6ua,"29Dys-4Yrs, Male",2025-06-14 12:31:53.170 +0300,2025-06-14 12:31:53.170 +0300
1739,1.3.17,Liver Diseases,,,,LD09,Hepatitis D,wEyMlJ9Vce9,Crc5reUlspd,"5-9Yrs, Female",2025-06-14 12:31:53.170 +0300,2025-06-14 12:31:53.170 +0300
1740,1.3.17,Liver Diseases,,,,LD09,Hepatitis D,wEyMlJ9Vce9,F1rms8f9I9a,"5-9Yrs, Male",2025-06-14 12:31:53.170 +0300,2025-06-14 12:31:53.170 +0300
1741,1.3.17,Liver Diseases,,,,LD10, Hepatitis E  ,LFH8bUaself,wDiX34aiw6i,"0-28Dys, Female",2025-06-14 12:31:53.170 +0300,2025-06-14 12:31:53.170 +0300
1742,1.3.17,Liver Diseases,,,,LD10, Hepatitis E  ,LFH8bUaself,zh2zAaHyYQx,"0-28Dys, Male",2025-06-14 12:31:53.170 +0300,2025-06-14 12:31:53.170 +0300
1743,1.3.17,Liver Diseases,,,,LD10, Hepatitis E  ,LFH8bUaself,u3CkZqMHfHP,"10-19Yrs, Female",2025-06-14 12:31:53.170 +0300,2025-06-14 12:31:53.170 +0300
1744,1.3.17,Liver Diseases,,,,LD10, Hepatitis E  ,LFH8bUaself,c7gvocRdg0f,"10-19Yrs, Male",2025-06-14 12:31:53.170 +0300,2025-06-14 12:31:53.170 +0300
1745,1.3.17,Liver Diseases,,,,LD10, Hepatitis E  ,LFH8bUaself,XVHTeecEOM3,"20+Yrs, Female",2025-06-14 12:31:53.170 +0300,2025-06-14 12:31:53.170 +0300
1746,1.3.17,Liver Diseases,,,,LD10, Hepatitis E  ,LFH8bUaself,dCKzhhINakS,"20+Yrs, Male",2025-06-14 12:31:53.170 +0300,2025-06-14 12:31:53.170 +0300
1747,1.3.17,Liver Diseases,,,,LD10, Hepatitis E  ,LFH8bUaself,huBy3W5qiD2,"29Dys-4Yrs, Female",2025-06-14 12:31:53.170 +0300,2025-06-14 12:31:53.170 +0300
1748,1.3.17,Liver Diseases,,,,LD10, Hepatitis E  ,LFH8bUaself,V2OuNTRI6ua,"29Dys-4Yrs, Male",2025-06-14 12:31:53.170 +0300,2025-06-14 12:31:53.170 +0300
1749,1.3.17,Liver Diseases,,,,LD10, Hepatitis E  ,LFH8bUaself,Crc5reUlspd,"5-9Yrs, Female",2025-06-14 12:31:53.170 +0300,2025-06-14 12:31:53.170 +0300
1750,1.3.17,Liver Diseases,,,,LD10, Hepatitis E  ,LFH8bUaself,F1rms8f9I9a,"5-9Yrs, Male",2025-06-14 12:31:53.170 +0300,2025-06-14 12:31:53.170 +0300
2451,1.3.17,Liver Diseases,410,,, LD01 ,Liver Cirrhosis   ,BVfYfrc4SHe,wDiX34aiw6i,"0-28Dys, Female",2025-06-14 12:31:53.170 +0300,2025-06-14 12:31:53.170 +0300
2452,1.3.17,Liver Diseases,410,,, LD01 ,Liver Cirrhosis   ,BVfYfrc4SHe,zh2zAaHyYQx,"0-28Dys, Male",2025-06-14 12:31:53.170 +0300,2025-06-14 12:31:53.170 +0300
2453,1.3.17,Liver Diseases,410,,, LD01 ,Liver Cirrhosis   ,BVfYfrc4SHe,u3CkZqMHfHP,"10-19Yrs, Female",2025-06-14 12:31:53.170 +0300,2025-06-14 12:31:53.170 +0300
2454,1.3.17,Liver Diseases,410,,, LD01 ,Liver Cirrhosis   ,BVfYfrc4SHe,c7gvocRdg0f,"10-19Yrs, Male",2025-06-14 12:31:53.170 +0300,2025-06-14 12:31:53.170 +0300
2455,1.3.17,Liver Diseases,410,,, LD01 ,Liver Cirrhosis   ,BVfYfrc4SHe,XVHTeecEOM3,"20+Yrs, Female",2025-06-14 12:31:53.170 +0300,2025-06-14 12:31:53.170 +0300
2456,1.3.17,Liver Diseases,410,,, LD01 ,Liver Cirrhosis   ,BVfYfrc4SHe,dCKzhhINakS,"20+Yrs, Male",2025-06-14 12:31:53.170 +0300,2025-06-14 12:31:53.170 +0300
2457,1.3.17,Liver Diseases,410,,, LD01 ,Liver Cirrhosis   ,BVfYfrc4SHe,huBy3W5qiD2,"29Dys-4Yrs, Female",2025-06-14 12:31:53.170 +0300,2025-06-14 12:31:53.170 +0300
2458,1.3.17,Liver Diseases,410,,, LD01 ,Liver Cirrhosis   ,BVfYfrc4SHe,V2OuNTRI6ua,"29Dys-4Yrs, Male",2025-06-14 12:31:53.170 +0300,2025-06-14 12:31:53.170 +0300
2459,1.3.17,Liver Diseases,410,,, LD01 ,Liver Cirrhosis   ,BVfYfrc4SHe,Crc5reUlspd,"5-9Yrs, Female",2025-06-14 12:31:53.170 +0300,2025-06-14 12:31:53.170 +0300
2460,1.3.17,Liver Diseases,410,,, LD01 ,Liver Cirrhosis   ,BVfYfrc4SHe,F1rms8f9I9a,"5-9Yrs, Male",2025-06-14 12:31:53.170 +0300,2025-06-14 12:31:53.170 +0300
2461,1.3.17,Liver Diseases,,,,LD02,Liver Abscess,d1tEiOfTaAX,wDiX34aiw6i,"0-28Dys, Female",2025-06-14 12:31:53.170 +0300,2025-06-14 12:31:53.170 +0300
2462,1.3.17,Liver Diseases,,,,LD02,Liver Abscess,d1tEiOfTaAX,zh2zAaHyYQx,"0-28Dys, Male",2025-06-14 12:31:53.170 +0300,2025-06-14 12:31:53.170 +0300
2463,1.3.17,Liver Diseases,,,,LD02,Liver Abscess,d1tEiOfTaAX,u3CkZqMHfHP,"10-19Yrs, Female",2025-06-14 12:31:53.170 +0300,2025-06-14 12:31:53.170 +0300
2464,1.3.17,Liver Diseases,,,,LD02,Liver Abscess,d1tEiOfTaAX,c7gvocRdg0f,"10-19Yrs, Male",2025-06-14 12:31:53.170 +0300,2025-06-14 12:31:53.170 +0300
2465,1.3.17,Liver Diseases,,,,LD02,Liver Abscess,d1tEiOfTaAX,XVHTeecEOM3,"20+Yrs, Female",2025-06-14 12:31:53.170 +0300,2025-06-14 12:31:53.170 +0300
2466,1.3.17,Liver Diseases,,,,LD02,Liver Abscess,d1tEiOfTaAX,dCKzhhINakS,"20+Yrs, Male",2025-06-14 12:31:53.170 +0300,2025-06-14 12:31:53.170 +0300
2467,1.3.17,Liver Diseases,,,,LD02,Liver Abscess,d1tEiOfTaAX,huBy3W5qiD2,"29Dys-4Yrs, Female",2025-06-14 12:31:53.170 +0300,2025-06-14 12:31:53.170 +0300
2468,1.3.17,Liver Diseases,,,,LD02,Liver Abscess,d1tEiOfTaAX,V2OuNTRI6ua,"29Dys-4Yrs, Male",2025-06-14 12:31:53.170 +0300,2025-06-14 12:31:53.170 +0300
2469,1.3.17,Liver Diseases,,,,LD02,Liver Abscess,d1tEiOfTaAX,Crc5reUlspd,"5-9Yrs, Female",2025-06-14 12:31:53.170 +0300,2025-06-14 12:31:53.170 +0300
2470,1.3.17,Liver Diseases,,,,LD02,Liver Abscess,d1tEiOfTaAX,F1rms8f9I9a,"5-9Yrs, Male",2025-06-14 12:31:53.170 +0300,2025-06-14 12:31:53.170 +0300
2471,1.3.17,Liver Diseases,,,,LD06,Hepatitis A,bLurSIHHlHZ,wDiX34aiw6i,"0-28Dys, Female",2025-06-14 12:31:53.170 +0300,2025-06-14 12:31:53.170 +0300
2472,1.3.17,Liver Diseases,,,,LD06,Hepatitis A,bLurSIHHlHZ,zh2zAaHyYQx,"0-28Dys, Male",2025-06-14 12:31:53.170 +0300,2025-06-14 12:31:53.170 +0300
2473,1.3.17,Liver Diseases,,,,LD06,Hepatitis A,bLurSIHHlHZ,u3CkZqMHfHP,"10-19Yrs, Female",2025-06-14 12:31:53.170 +0300,2025-06-14 12:31:53.170 +0300
2474,1.3.17,Liver Diseases,,,,LD06,Hepatitis A,bLurSIHHlHZ,c7gvocRdg0f,"10-19Yrs, Male",2025-06-14 12:31:53.170 +0300,2025-06-14 12:31:53.170 +0300
2475,1.3.17,Liver Diseases,,,,LD06,Hepatitis A,bLurSIHHlHZ,XVHTeecEOM3,"20+Yrs, Female",2025-06-14 12:31:53.170 +0300,2025-06-14 12:31:53.170 +0300
2476,1.3.17,Liver Diseases,,,,LD06,Hepatitis A,bLurSIHHlHZ,dCKzhhINakS,"20+Yrs, Male",2025-06-14 12:31:53.170 +0300,2025-06-14 12:31:53.170 +0300
2477,1.3.17,Liver Diseases,,,,LD06,Hepatitis A,bLurSIHHlHZ,huBy3W5qiD2,"29Dys-4Yrs, Female",2025-06-14 12:31:53.170 +0300,2025-06-14 12:31:53.170 +0300
2478,1.3.17,Liver Diseases,,,,LD06,Hepatitis A,bLurSIHHlHZ,V2OuNTRI6ua,"29Dys-4Yrs, Male",2025-06-14 12:31:53.170 +0300,2025-06-14 12:31:53.170 +0300
2479,1.3.17,Liver Diseases,,,,LD06,Hepatitis A,bLurSIHHlHZ,Crc5reUlspd,"5-9Yrs, Female",2025-06-14 12:31:53.170 +0300,2025-06-14 12:31:53.170 +0300
2480,1.3.17,Liver Diseases,,,,LD06,Hepatitis A,bLurSIHHlHZ,F1rms8f9I9a,"5-9Yrs, Male",2025-06-14 12:31:53.170 +0300,2025-06-14 12:31:53.170 +0300
2481,1.3.17,Liver Diseases,,,,LD07,Hepatitis B,QDCFpLxdbJe,wDiX34aiw6i,"0-28Dys, Female",2025-06-14 12:31:53.170 +0300,2025-06-14 12:31:53.170 +0300
2482,1.3.17,Liver Diseases,,,,LD07,Hepatitis B,QDCFpLxdbJe,zh2zAaHyYQx,"0-28Dys, Male",2025-06-14 12:31:53.170 +0300,2025-06-14 12:31:53.170 +0300
2483,1.3.17,Liver Diseases,,,,LD07,Hepatitis B,QDCFpLxdbJe,u3CkZqMHfHP,"10-19Yrs, Female",2025-06-14 12:31:53.170 +0300,2025-06-14 12:31:53.170 +0300
2484,1.3.17,Liver Diseases,,,,LD07,Hepatitis B,QDCFpLxdbJe,c7gvocRdg0f,"10-19Yrs, Male",2025-06-14 12:31:53.170 +0300,2025-06-14 12:31:53.170 +0300
2485,1.3.17,Liver Diseases,,,,LD07,Hepatitis B,QDCFpLxdbJe,XVHTeecEOM3,"20+Yrs, Female",2025-06-14 12:31:53.170 +0300,2025-06-14 12:31:53.170 +0300
2486,1.3.17,Liver Diseases,,,,LD07,Hepatitis B,QDCFpLxdbJe,dCKzhhINakS,"20+Yrs, Male",2025-06-14 12:31:53.170 +0300,2025-06-14 12:31:53.170 +0300
2487,1.3.17,Liver Diseases,,,,LD07,Hepatitis B,QDCFpLxdbJe,huBy3W5qiD2,"29Dys-4Yrs, Female",2025-06-14 12:31:53.170 +0300,2025-06-14 12:31:53.170 +0300
2488,1.3.17,Liver Diseases,,,,LD07,Hepatitis B,QDCFpLxdbJe,V2OuNTRI6ua,"29Dys-4Yrs, Male",2025-06-14 12:31:53.170 +0300,2025-06-14 12:31:53.170 +0300
2489,1.3.17,Liver Diseases,,,,LD07,Hepatitis B,QDCFpLxdbJe,Crc5reUlspd,"5-9Yrs, Female",2025-06-14 12:31:53.170 +0300,2025-06-14 12:31:53.170 +0300
2491,1.3.17,Liver Diseases,,,,LD08,Hepatitis C    ,Jut3HPICqMe,wDiX34aiw6i,"0-28Dys, Female",2025-06-14 12:31:53.170 +0300,2025-06-14 12:31:53.170 +0300
2492,1.3.17,Liver Diseases,,,,LD08,Hepatitis C    ,Jut3HPICqMe,zh2zAaHyYQx,"0-28Dys, Male",2025-06-14 12:31:53.170 +0300,2025-06-14 12:31:53.170 +0300
2493,1.3.17,Liver Diseases,,,,LD08,Hepatitis C    ,Jut3HPICqMe,u3CkZqMHfHP,"10-19Yrs, Female",2025-06-14 12:31:53.170 +0300,2025-06-14 12:31:53.170 +0300
2494,1.3.17,Liver Diseases,,,,LD08,Hepatitis C    ,Jut3HPICqMe,c7gvocRdg0f,"10-19Yrs, Male",2025-06-14 12:31:53.170 +0300,2025-06-14 12:31:53.170 +0300
2495,1.3.17,Liver Diseases,,,,LD08,Hepatitis C    ,Jut3HPICqMe,XVHTeecEOM3,"20+Yrs, Female",2025-06-14 12:31:53.170 +0300,2025-06-14 12:31:53.170 +0300
2496,1.3.17,Liver Diseases,,,,LD08,Hepatitis C    ,Jut3HPICqMe,dCKzhhINakS,"20+Yrs, Male",2025-06-14 12:31:53.170 +0300,2025-06-14 12:31:53.170 +0300
2497,1.3.17,Liver Diseases,,,,LD08,Hepatitis C    ,Jut3HPICqMe,huBy3W5qiD2,"29Dys-4Yrs, Female",2025-06-14 12:31:53.170 +0300,2025-06-14 12:31:53.170 +0300
2498,1.3.17,Liver Diseases,,,,LD08,Hepatitis C    ,Jut3HPICqMe,V2OuNTRI6ua,"29Dys-4Yrs, Male",2025-06-14 12:31:53.170 +0300,2025-06-14 12:31:53.170 +0300
2499,1.3.17,Liver Diseases,,,,LD08,Hepatitis C    ,Jut3HPICqMe,Crc5reUlspd,"5-9Yrs, Female",2025-06-14 12:31:53.170 +0300,2025-06-14 12:31:53.170 +0300
2500,1.3.17,Liver Diseases,,,,LD08,Hepatitis C    ,Jut3HPICqMe,F1rms8f9I9a,"5-9Yrs, Male",2025-06-14 12:31:53.170 +0300,2025-06-14 12:31:53.170 +0300
2501,1.3.17,Liver Diseases,,,,LD09,Hepatitis D,wEyMlJ9Vce9,wDiX34aiw6i,"0-28Dys, Female",2025-06-14 12:31:53.170 +0300,2025-06-14 12:31:53.170 +0300
2502,1.3.17,Liver Diseases,,,,LD09,Hepatitis D,wEyMlJ9Vce9,zh2zAaHyYQx,"0-28Dys, Male",2025-06-14 12:31:53.170 +0300,2025-06-14 12:31:53.170 +0300
2503,1.3.17,Liver Diseases,,,,LD09,Hepatitis D,wEyMlJ9Vce9,u3CkZqMHfHP,"10-19Yrs, Female",2025-06-14 12:31:53.170 +0300,2025-06-14 12:31:53.170 +0300
2504,1.3.17,Liver Diseases,,,,LD09,Hepatitis D,wEyMlJ9Vce9,c7gvocRdg0f,"10-19Yrs, Male",2025-06-14 12:31:53.170 +0300,2025-06-14 12:31:53.170 +0300
2505,1.3.17,Liver Diseases,,,,LD09,Hepatitis D,wEyMlJ9Vce9,XVHTeecEOM3,"20+Yrs, Female",2025-06-14 12:31:53.170 +0300,2025-06-14 12:31:53.170 +0300
2506,1.3.17,Liver Diseases,,,,LD09,Hepatitis D,wEyMlJ9Vce9,dCKzhhINakS,"20+Yrs, Male",2025-06-14 12:31:53.170 +0300,2025-06-14 12:31:53.170 +0300
2507,1.3.17,Liver Diseases,,,,LD09,Hepatitis D,wEyMlJ9Vce9,huBy3W5qiD2,"29Dys-4Yrs, Female",2025-06-14 12:31:53.170 +0300,2025-06-14 12:31:53.170 +0300
2508,1.3.17,Liver Diseases,,,,LD09,Hepatitis D,wEyMlJ9Vce9,V2OuNTRI6ua,"29Dys-4Yrs, Male",2025-06-14 12:31:53.170 +0300,2025-06-14 12:31:53.170 +0300
2509,1.3.17,Liver Diseases,,,,LD09,Hepatitis D,wEyMlJ9Vce9,Crc5reUlspd,"5-9Yrs, Female",2025-06-14 12:31:53.170 +0300,2025-06-14 12:31:53.170 +0300
2510,1.3.17,Liver Diseases,,,,LD09,Hepatitis D,wEyMlJ9Vce9,F1rms8f9I9a,"5-9Yrs, Male",2025-06-14 12:31:53.170 +0300,2025-06-14 12:31:53.170 +0300
2511,1.3.17,Liver Diseases,,,,LD10, Hepatitis E  ,LFH8bUaself,wDiX34aiw6i,"0-28Dys, Female",2025-06-14 12:31:53.170 +0300,2025-06-14 12:31:53.170 +0300
2512,1.3.17,Liver Diseases,,,,LD10, Hepatitis E  ,LFH8bUaself,zh2zAaHyYQx,"0-28Dys, Male",2025-06-14 12:31:53.170 +0300,2025-06-14 12:31:53.170 +0300
2513,1.3.17,Liver Diseases,,,,LD10, Hepatitis E  ,LFH8bUaself,u3CkZqMHfHP,"10-19Yrs, Female",2025-06-14 12:31:53.170 +0300,2025-06-14 12:31:53.170 +0300
2514,1.3.17,Liver Diseases,,,,LD10, Hepatitis E  ,LFH8bUaself,c7gvocRdg0f,"10-19Yrs, Male",2025-06-14 12:31:53.170 +0300,2025-06-14 12:31:53.170 +0300
2515,1.3.17,Liver Diseases,,,,LD10, Hepatitis E  ,LFH8bUaself,XVHTeecEOM3,"20+Yrs, Female",2025-06-14 12:31:53.170 +0300,2025-06-14 12:31:53.170 +0300
2516,1.3.17,Liver Diseases,,,,LD10, Hepatitis E  ,LFH8bUaself,dCKzhhINakS,"20+Yrs, Male",2025-06-14 12:31:53.170 +0300,2025-06-14 12:31:53.170 +0300
2517,1.3.17,Liver Diseases,,,,LD10, Hepatitis E  ,LFH8bUaself,huBy3W5qiD2,"29Dys-4Yrs, Female",2025-06-14 12:31:53.170 +0300,2025-06-14 12:31:53.170 +0300
2518,1.3.17,Liver Diseases,,,,LD10, Hepatitis E  ,LFH8bUaself,V2OuNTRI6ua,"29Dys-4Yrs, Male",2025-06-14 12:31:53.170 +0300,2025-06-14 12:31:53.170 +0300
2519,1.3.17,Liver Diseases,,,,LD10, Hepatitis E  ,LFH8bUaself,Crc5reUlspd,"5-9Yrs, Female",2025-06-14 12:31:53.170 +0300,2025-06-14 12:31:53.170 +0300
2520,1.3.17,Liver Diseases,,,,LD10, Hepatitis E  ,LFH8bUaself,F1rms8f9I9a,"5-9Yrs, Male",2025-06-14 12:31:53.170 +0300,2025-06-14 12:31:53.170 +0300
1751,1.3.18,Endocrine and Metabolic Disorders,259,,,EM01,Diabetes mellitus,GqvGVF75ihM,wDiX34aiw6i,"0-28Dys, Female",2025-06-14 12:31:53.170 +0300,2025-06-14 12:31:53.170 +0300
1752,1.3.18,Endocrine and Metabolic Disorders,259,,,EM01,Diabetes mellitus,GqvGVF75ihM,zh2zAaHyYQx,"0-28Dys, Male",2025-06-14 12:31:53.170 +0300,2025-06-14 12:31:53.170 +0300
1753,1.3.18,Endocrine and Metabolic Disorders,259,,,EM01,Diabetes mellitus,GqvGVF75ihM,rPm7S0XR6y5,"0-28Dys, Other Forms, Female, Known",2025-06-14 12:31:53.170 +0300,2025-06-14 12:31:53.170 +0300
1754,1.3.18,Endocrine and Metabolic Disorders,259,,,EM01,Diabetes mellitus,GqvGVF75ihM,jigBnz63OTq,"0-28Dys, Other Forms, Female, New",2025-06-14 12:31:53.170 +0300,2025-06-14 12:31:53.170 +0300
1755,1.3.18,Endocrine and Metabolic Disorders,259,,,EM01,Diabetes mellitus,GqvGVF75ihM,yLZc30LWI7w,"0-28Dys, Other Forms, Male, Known",2025-06-14 12:31:53.170 +0300,2025-06-14 12:31:53.170 +0300
1756,1.3.18,Endocrine and Metabolic Disorders,259,,,EM01,Diabetes mellitus,GqvGVF75ihM,aYOggKgf2qf,"0-28Dys, Other Forms, Male, New",2025-06-14 12:31:53.170 +0300,2025-06-14 12:31:53.170 +0300
1757,1.3.18,Endocrine and Metabolic Disorders,259,,,EM01,Diabetes mellitus,GqvGVF75ihM,xiPkaXwl9ms,"0-28Dys, Type 1, Female, Known",2025-06-14 12:31:53.170 +0300,2025-06-14 12:31:53.170 +0300
1758,1.3.18,Endocrine and Metabolic Disorders,259,,,EM01,Diabetes mellitus,GqvGVF75ihM,nAZQLi9ChTO,"0-28Dys, Type 1, Female, New",2025-06-14 12:31:53.170 +0300,2025-06-14 12:31:53.170 +0300
1759,1.3.18,Endocrine and Metabolic Disorders,259,,,EM01,Diabetes mellitus,GqvGVF75ihM,o4fk3rHHseQ,"0-28Dys, Type 1, Male, Known",2025-06-14 12:31:53.170 +0300,2025-06-14 12:31:53.170 +0300
1760,1.3.18,Endocrine and Metabolic Disorders,259,,,EM01,Diabetes mellitus,GqvGVF75ihM,CAYeUFk6h2C,"0-28Dys, Type 1, Male, New",2025-06-14 12:31:53.170 +0300,2025-06-14 12:31:53.170 +0300
1761,1.3.18,Endocrine and Metabolic Disorders,259,,,EM01,Diabetes mellitus,GqvGVF75ihM,lIpLLko3oYh,"0-28Dys, Type 2, Female, Known",2025-06-14 12:31:53.170 +0300,2025-06-14 12:31:53.170 +0300
1762,1.3.18,Endocrine and Metabolic Disorders,259,,,EM01,Diabetes mellitus,GqvGVF75ihM,MHhAUffOozk,"0-28Dys, Type 2, Female, New",2025-06-14 12:31:53.170 +0300,2025-06-14 12:31:53.170 +0300
1763,1.3.18,Endocrine and Metabolic Disorders,259,,,EM01,Diabetes mellitus,GqvGVF75ihM,CUIwMsXbjaQ,"0-28Dys, Type 2, Male, Known",2025-06-14 12:31:53.170 +0300,2025-06-14 12:31:53.170 +0300
1764,1.3.18,Endocrine and Metabolic Disorders,259,,,EM01,Diabetes mellitus,GqvGVF75ihM,oE6bFATemdI,"0-28Dys, Type 2, Male, New",2025-06-14 12:31:53.170 +0300,2025-06-14 12:31:53.170 +0300
1765,1.3.18,Endocrine and Metabolic Disorders,259,,,EM01,Diabetes mellitus,GqvGVF75ihM,u3CkZqMHfHP,"10-19Yrs, Female",2025-06-14 12:31:53.170 +0300,2025-06-14 12:31:53.170 +0300
1766,1.3.18,Endocrine and Metabolic Disorders,259,,,EM01,Diabetes mellitus,GqvGVF75ihM,c7gvocRdg0f,"10-19Yrs, Male",2025-06-14 12:31:53.170 +0300,2025-06-14 12:31:53.170 +0300
1767,1.3.18,Endocrine and Metabolic Disorders,259,,,EM01,Diabetes mellitus,GqvGVF75ihM,rHgz2LSVGK9,"10-19Yrs, Other Forms, Female, Known",2025-06-14 12:31:53.170 +0300,2025-06-14 12:31:53.170 +0300
1768,1.3.18,Endocrine and Metabolic Disorders,259,,,EM01,Diabetes mellitus,GqvGVF75ihM,DgTKaqKQsMK,"10-19Yrs, Other Forms, Female, New",2025-06-14 12:31:53.170 +0300,2025-06-14 12:31:53.170 +0300
1769,1.3.18,Endocrine and Metabolic Disorders,259,,,EM01,Diabetes mellitus,GqvGVF75ihM,mnSvbYexyx4,"10-19Yrs, Other Forms, Male, Known",2025-06-14 12:31:53.170 +0300,2025-06-14 12:31:53.170 +0300
1770,1.3.18,Endocrine and Metabolic Disorders,259,,,EM01,Diabetes mellitus,GqvGVF75ihM,mDmgfeOsFP1,"10-19Yrs, Other Forms, Male, New",2025-06-14 12:31:53.170 +0300,2025-06-14 12:31:53.170 +0300
1771,1.3.18,Endocrine and Metabolic Disorders,259,,,EM01,Diabetes mellitus,GqvGVF75ihM,oaz5VQX2pZQ,"10-19Yrs, Type 1, Female, Known",2025-06-14 12:31:53.170 +0300,2025-06-14 12:31:53.170 +0300
1772,1.3.18,Endocrine and Metabolic Disorders,259,,,EM01,Diabetes mellitus,GqvGVF75ihM,b3iP3N7B43A,"10-19Yrs, Type 1, Female, New",2025-06-14 12:31:53.170 +0300,2025-06-14 12:31:53.170 +0300
1773,1.3.18,Endocrine and Metabolic Disorders,259,,,EM01,Diabetes mellitus,GqvGVF75ihM,Dm8dwa1hHkc,"10-19Yrs, Type 1, Male, Known",2025-06-14 12:31:53.170 +0300,2025-06-14 12:31:53.170 +0300
1774,1.3.18,Endocrine and Metabolic Disorders,259,,,EM01,Diabetes mellitus,GqvGVF75ihM,y6goT3JcMAq,"10-19Yrs, Type 1, Male, New",2025-06-14 12:31:53.170 +0300,2025-06-14 12:31:53.170 +0300
1775,1.3.18,Endocrine and Metabolic Disorders,259,,,EM01,Diabetes mellitus,GqvGVF75ihM,kPR68Nlpyit,"10-19Yrs, Type 2, Female, Known",2025-06-14 12:31:53.170 +0300,2025-06-14 12:31:53.170 +0300
1776,1.3.18,Endocrine and Metabolic Disorders,259,,,EM01,Diabetes mellitus,GqvGVF75ihM,Pb7kTaZspjK,"10-19Yrs, Type 2, Female, New",2025-06-14 12:31:53.170 +0300,2025-06-14 12:31:53.170 +0300
1777,1.3.18,Endocrine and Metabolic Disorders,259,,,EM01,Diabetes mellitus,GqvGVF75ihM,iF7zy9VJ1Aq,"10-19Yrs, Type 2, Male, Known",2025-06-14 12:31:53.170 +0300,2025-06-14 12:31:53.170 +0300
1778,1.3.18,Endocrine and Metabolic Disorders,259,,,EM01,Diabetes mellitus,GqvGVF75ihM,hLGAYD8AJv6,"10-19Yrs, Type 2, Male, New",2025-06-14 12:31:53.170 +0300,2025-06-14 12:31:53.170 +0300
1779,1.3.18,Endocrine and Metabolic Disorders,259,,,EM01,Diabetes mellitus,GqvGVF75ihM,XVHTeecEOM3,"20+Yrs, Female",2025-06-14 12:31:53.170 +0300,2025-06-14 12:31:53.170 +0300
1780,1.3.18,Endocrine and Metabolic Disorders,259,,,EM01,Diabetes mellitus,GqvGVF75ihM,dCKzhhINakS,"20+Yrs, Male",2025-06-14 12:31:53.170 +0300,2025-06-14 12:31:53.170 +0300
1781,1.3.18,Endocrine and Metabolic Disorders,259,,,EM01,Diabetes mellitus,GqvGVF75ihM,Ld51G0dzsjd,"20+Yrs, Other Forms, Female, Known",2025-06-14 12:31:53.170 +0300,2025-06-14 12:31:53.170 +0300
1782,1.3.18,Endocrine and Metabolic Disorders,259,,,EM01,Diabetes mellitus,GqvGVF75ihM,flSniuHFXqT,"20+Yrs, Other Forms, Female, New",2025-06-14 12:31:53.170 +0300,2025-06-14 12:31:53.170 +0300
1783,1.3.18,Endocrine and Metabolic Disorders,259,,,EM01,Diabetes mellitus,GqvGVF75ihM,rWWzr6gb5NA,"20+Yrs, Other Forms, Male, Known",2025-06-14 12:31:53.170 +0300,2025-06-14 12:31:53.170 +0300
1784,1.3.18,Endocrine and Metabolic Disorders,259,,,EM01,Diabetes mellitus,GqvGVF75ihM,KzDMJdBpwQR,"20+Yrs, Other Forms, Male, New",2025-06-14 12:31:53.170 +0300,2025-06-14 12:31:53.170 +0300
1785,1.3.18,Endocrine and Metabolic Disorders,259,,,EM01,Diabetes mellitus,GqvGVF75ihM,VmhkTWk4Is6,"20+Yrs, Type 1, Female, Known",2025-06-14 12:31:53.170 +0300,2025-06-14 12:31:53.170 +0300
1786,1.3.18,Endocrine and Metabolic Disorders,259,,,EM01,Diabetes mellitus,GqvGVF75ihM,GukNWCaMyrP,"20+Yrs, Type 1, Female, New",2025-06-14 12:31:53.170 +0300,2025-06-14 12:31:53.170 +0300
1787,1.3.18,Endocrine and Metabolic Disorders,259,,,EM01,Diabetes mellitus,GqvGVF75ihM,mobl8rGVSY8,"20+Yrs, Type 1, Male, Known",2025-06-14 12:31:53.170 +0300,2025-06-14 12:31:53.170 +0300
1788,1.3.18,Endocrine and Metabolic Disorders,259,,,EM01,Diabetes mellitus,GqvGVF75ihM,lg2mFPlfTeG,"20+Yrs, Type 1, Male, New",2025-06-14 12:31:53.170 +0300,2025-06-14 12:31:53.170 +0300
1789,1.3.18,Endocrine and Metabolic Disorders,259,,,EM01,Diabetes mellitus,GqvGVF75ihM,RtPVWq2YFJE,"20+Yrs, Type 2, Female, Known",2025-06-14 12:31:53.170 +0300,2025-06-14 12:31:53.170 +0300
1790,1.3.18,Endocrine and Metabolic Disorders,259,,,EM01,Diabetes mellitus,GqvGVF75ihM,LNk8BeoP08l,"20+Yrs, Type 2, Female, New",2025-06-14 12:31:53.170 +0300,2025-06-14 12:31:53.170 +0300
1791,1.3.18,Endocrine and Metabolic Disorders,259,,,EM01,Diabetes mellitus,GqvGVF75ihM,WyeQ6J6bXAn,"20+Yrs, Type 2, Male, Known",2025-06-14 12:31:53.170 +0300,2025-06-14 12:31:53.170 +0300
1792,1.3.18,Endocrine and Metabolic Disorders,259,,,EM01,Diabetes mellitus,GqvGVF75ihM,MAiV2DxBxGn,"20+Yrs, Type 2, Male, New",2025-06-14 12:31:53.170 +0300,2025-06-14 12:31:53.170 +0300
1793,1.3.18,Endocrine and Metabolic Disorders,259,,,EM01,Diabetes mellitus,GqvGVF75ihM,huBy3W5qiD2,"29Dys-4Yrs, Female",2025-06-14 12:31:53.170 +0300,2025-06-14 12:31:53.170 +0300
1794,1.3.18,Endocrine and Metabolic Disorders,259,,,EM01,Diabetes mellitus,GqvGVF75ihM,V2OuNTRI6ua,"29Dys-4Yrs, Male",2025-06-14 12:31:53.170 +0300,2025-06-14 12:31:53.170 +0300
1795,1.3.18,Endocrine and Metabolic Disorders,259,,,EM01,Diabetes mellitus,GqvGVF75ihM,aJocuQ3ooR0,"29Dys-4Yrs, Other Forms, Female, Known",2025-06-14 12:31:53.170 +0300,2025-06-14 12:31:53.170 +0300
1796,1.3.18,Endocrine and Metabolic Disorders,259,,,EM01,Diabetes mellitus,GqvGVF75ihM,OAG9CWUMahe,"29Dys-4Yrs, Other Forms, Female, New",2025-06-14 12:31:53.170 +0300,2025-06-14 12:31:53.170 +0300
1797,1.3.18,Endocrine and Metabolic Disorders,259,,,EM01,Diabetes mellitus,GqvGVF75ihM,fNrWbvglBZl,"29Dys-4Yrs, Other Forms, Male, Known",2025-06-14 12:31:53.170 +0300,2025-06-14 12:31:53.170 +0300
1798,1.3.18,Endocrine and Metabolic Disorders,259,,,EM01,Diabetes mellitus,GqvGVF75ihM,OSvXVZYVJbV,"29Dys-4Yrs, Other Forms, Male, New",2025-06-14 12:31:53.170 +0300,2025-06-14 12:31:53.170 +0300
1799,1.3.18,Endocrine and Metabolic Disorders,259,,,EM01,Diabetes mellitus,GqvGVF75ihM,NpxZsPKqz0j,"29Dys-4Yrs, Type 1, Female, Known",2025-06-14 12:31:53.170 +0300,2025-06-14 12:31:53.170 +0300
1800,1.3.18,Endocrine and Metabolic Disorders,259,,,EM01,Diabetes mellitus,GqvGVF75ihM,Kd643OnOxjv,"29Dys-4Yrs, Type 1, Female, New",2025-06-14 12:31:53.170 +0300,2025-06-14 12:31:53.170 +0300
1801,1.3.18,Endocrine and Metabolic Disorders,259,,,EM01,Diabetes mellitus,GqvGVF75ihM,s2cbiJ3pwIp,"29Dys-4Yrs, Type 1, Male, Known",2025-06-14 12:31:53.170 +0300,2025-06-14 12:31:53.170 +0300
1802,1.3.18,Endocrine and Metabolic Disorders,259,,,EM01,Diabetes mellitus,GqvGVF75ihM,NU7k532q8MD,"29Dys-4Yrs, Type 1, Male, New",2025-06-14 12:31:53.170 +0300,2025-06-14 12:31:53.170 +0300
1803,1.3.18,Endocrine and Metabolic Disorders,259,,,EM01,Diabetes mellitus,GqvGVF75ihM,vAE8T78HzS4,"29Dys-4Yrs, Type 2, Female, Known",2025-06-14 12:31:53.170 +0300,2025-06-14 12:31:53.170 +0300
1804,1.3.18,Endocrine and Metabolic Disorders,259,,,EM01,Diabetes mellitus,GqvGVF75ihM,r66wwmHMTrj,"29Dys-4Yrs, Type 2, Female, New",2025-06-14 12:31:53.170 +0300,2025-06-14 12:31:53.170 +0300
1805,1.3.18,Endocrine and Metabolic Disorders,259,,,EM01,Diabetes mellitus,GqvGVF75ihM,P8I8GM4Qq1o,"29Dys-4Yrs, Type 2, Male, Known",2025-06-14 12:31:53.170 +0300,2025-06-14 12:31:53.170 +0300
1806,1.3.18,Endocrine and Metabolic Disorders,259,,,EM01,Diabetes mellitus,GqvGVF75ihM,V1M6lik0C2W,"29Dys-4Yrs, Type 2, Male, New",2025-06-14 12:31:53.170 +0300,2025-06-14 12:31:53.170 +0300
1807,1.3.18,Endocrine and Metabolic Disorders,259,,,EM01,Diabetes mellitus,GqvGVF75ihM,Crc5reUlspd,"5-9Yrs, Female",2025-06-14 12:31:53.170 +0300,2025-06-14 12:31:53.170 +0300
1808,1.3.18,Endocrine and Metabolic Disorders,259,,,EM01,Diabetes mellitus,GqvGVF75ihM,F1rms8f9I9a,"5-9Yrs, Male",2025-06-14 12:31:53.170 +0300,2025-06-14 12:31:53.170 +0300
1809,1.3.18,Endocrine and Metabolic Disorders,259,,,EM01,Diabetes mellitus,GqvGVF75ihM,QFWm8lEHf51,"5-9Yrs, Other Forms, Female, Known",2025-06-14 12:31:53.170 +0300,2025-06-14 12:31:53.170 +0300
1810,1.3.18,Endocrine and Metabolic Disorders,259,,,EM01,Diabetes mellitus,GqvGVF75ihM,U7uWw9S9uAc,"5-9Yrs, Other Forms, Female, New",2025-06-14 12:31:53.170 +0300,2025-06-14 12:31:53.170 +0300
1811,1.3.18,Endocrine and Metabolic Disorders,259,,,EM01,Diabetes mellitus,GqvGVF75ihM,gOnaCOYx8FU,"5-9Yrs, Other Forms, Male, Known",2025-06-14 12:31:53.170 +0300,2025-06-14 12:31:53.170 +0300
1812,1.3.18,Endocrine and Metabolic Disorders,259,,,EM01,Diabetes mellitus,GqvGVF75ihM,KpwNTwpV2o6,"5-9Yrs, Other Forms, Male, New",2025-06-14 12:31:53.170 +0300,2025-06-14 12:31:53.170 +0300
1813,1.3.18,Endocrine and Metabolic Disorders,259,,,EM01,Diabetes mellitus,GqvGVF75ihM,HEPVxich0tL,"5-9Yrs, Type 1, Female, Known",2025-06-14 12:31:53.170 +0300,2025-06-14 12:31:53.170 +0300
1814,1.3.18,Endocrine and Metabolic Disorders,259,,,EM01,Diabetes mellitus,GqvGVF75ihM,mD3cFhm1D2B,"5-9Yrs, Type 1, Female, New",2025-06-14 12:31:53.170 +0300,2025-06-14 12:31:53.170 +0300
1815,1.3.18,Endocrine and Metabolic Disorders,259,,,EM01,Diabetes mellitus,GqvGVF75ihM,pPvOfV50SS8,"5-9Yrs, Type 1, Male, Known",2025-06-14 12:31:53.170 +0300,2025-06-14 12:31:53.170 +0300
1816,1.3.18,Endocrine and Metabolic Disorders,259,,,EM01,Diabetes mellitus,GqvGVF75ihM,XupciJhZFGQ,"5-9Yrs, Type 1, Male, New",2025-06-14 12:31:53.170 +0300,2025-06-14 12:31:53.170 +0300
1817,1.3.18,Endocrine and Metabolic Disorders,259,,,EM01,Diabetes mellitus,GqvGVF75ihM,gmPQKX476R7,"5-9Yrs, Type 2, Female, Known",2025-06-14 12:31:53.170 +0300,2025-06-14 12:31:53.170 +0300
1818,1.3.18,Endocrine and Metabolic Disorders,259,,,EM01,Diabetes mellitus,GqvGVF75ihM,G2Qg9jeXaiJ,"5-9Yrs, Type 2, Female, New",2025-06-14 12:31:53.170 +0300,2025-06-14 12:31:53.170 +0300
1819,1.3.18,Endocrine and Metabolic Disorders,259,,,EM01,Diabetes mellitus,GqvGVF75ihM,SKxBAYeZfhQ,"5-9Yrs, Type 2, Male, Known",2025-06-14 12:31:53.170 +0300,2025-06-14 12:31:53.170 +0300
1820,1.3.18,Endocrine and Metabolic Disorders,259,,,EM01,Diabetes mellitus,GqvGVF75ihM,ZicGh3OOtlU,"5-9Yrs, Type 2, Male, New",2025-06-14 12:31:53.170 +0300,2025-06-14 12:31:53.170 +0300
1821,1.3.18,Endocrine and Metabolic Disorders,260,,,EM02,Thyroid Disease     ,pJfmRStn4K0,wDiX34aiw6i,"0-28Dys, Female",2025-06-14 12:31:53.170 +0300,2025-06-14 12:31:53.170 +0300
1822,1.3.18,Endocrine and Metabolic Disorders,260,,,EM02,Thyroid Disease     ,pJfmRStn4K0,zh2zAaHyYQx,"0-28Dys, Male",2025-06-14 12:31:53.170 +0300,2025-06-14 12:31:53.170 +0300
1823,1.3.18,Endocrine and Metabolic Disorders,260,,,EM02,Thyroid Disease     ,pJfmRStn4K0,u3CkZqMHfHP,"10-19Yrs, Female",2025-06-14 12:31:53.170 +0300,2025-06-14 12:31:53.170 +0300
1824,1.3.18,Endocrine and Metabolic Disorders,260,,,EM02,Thyroid Disease     ,pJfmRStn4K0,c7gvocRdg0f,"10-19Yrs, Male",2025-06-14 12:31:53.170 +0300,2025-06-14 12:31:53.170 +0300
1825,1.3.18,Endocrine and Metabolic Disorders,260,,,EM02,Thyroid Disease     ,pJfmRStn4K0,XVHTeecEOM3,"20+Yrs, Female",2025-06-14 12:31:53.170 +0300,2025-06-14 12:31:53.170 +0300
1826,1.3.18,Endocrine and Metabolic Disorders,260,,,EM02,Thyroid Disease     ,pJfmRStn4K0,dCKzhhINakS,"20+Yrs, Male",2025-06-14 12:31:53.170 +0300,2025-06-14 12:31:53.170 +0300
1827,1.3.18,Endocrine and Metabolic Disorders,260,,,EM02,Thyroid Disease     ,pJfmRStn4K0,huBy3W5qiD2,"29Dys-4Yrs, Female",2025-06-14 12:31:53.170 +0300,2025-06-14 12:31:53.170 +0300
1828,1.3.18,Endocrine and Metabolic Disorders,260,,,EM02,Thyroid Disease     ,pJfmRStn4K0,V2OuNTRI6ua,"29Dys-4Yrs, Male",2025-06-14 12:31:53.170 +0300,2025-06-14 12:31:53.170 +0300
1829,1.3.18,Endocrine and Metabolic Disorders,260,,,EM02,Thyroid Disease     ,pJfmRStn4K0,Crc5reUlspd,"5-9Yrs, Female",2025-06-14 12:31:53.170 +0300,2025-06-14 12:31:53.170 +0300
1830,1.3.18,Endocrine and Metabolic Disorders,260,,,EM02,Thyroid Disease     ,pJfmRStn4K0,F1rms8f9I9a,"5-9Yrs, Male",2025-06-14 12:31:53.170 +0300,2025-06-14 12:31:53.170 +0300
1831,1.3.18,Endocrine and Metabolic Disorders,261,,,EM03,  Other Endocrine and Metabolic Diseases  ,MEzrkozwq3F,wDiX34aiw6i,"0-28Dys, Female",2025-06-14 12:31:53.170 +0300,2025-06-14 12:31:53.170 +0300
1832,1.3.18,Endocrine and Metabolic Disorders,261,,,EM03,  Other Endocrine and Metabolic Diseases  ,MEzrkozwq3F,zh2zAaHyYQx,"0-28Dys, Male",2025-06-14 12:31:53.170 +0300,2025-06-14 12:31:53.170 +0300
1833,1.3.18,Endocrine and Metabolic Disorders,261,,,EM03,  Other Endocrine and Metabolic Diseases  ,MEzrkozwq3F,u3CkZqMHfHP,"10-19Yrs, Female",2025-06-14 12:31:53.170 +0300,2025-06-14 12:31:53.170 +0300
1834,1.3.18,Endocrine and Metabolic Disorders,261,,,EM03,  Other Endocrine and Metabolic Diseases  ,MEzrkozwq3F,c7gvocRdg0f,"10-19Yrs, Male",2025-06-14 12:31:53.170 +0300,2025-06-14 12:31:53.170 +0300
1835,1.3.18,Endocrine and Metabolic Disorders,261,,,EM03,  Other Endocrine and Metabolic Diseases  ,MEzrkozwq3F,XVHTeecEOM3,"20+Yrs, Female",2025-06-14 12:31:53.170 +0300,2025-06-14 12:31:53.170 +0300
1836,1.3.18,Endocrine and Metabolic Disorders,261,,,EM03,  Other Endocrine and Metabolic Diseases  ,MEzrkozwq3F,dCKzhhINakS,"20+Yrs, Male",2025-06-14 12:31:53.170 +0300,2025-06-14 12:31:53.170 +0300
1837,1.3.18,Endocrine and Metabolic Disorders,261,,,EM03,  Other Endocrine and Metabolic Diseases  ,MEzrkozwq3F,huBy3W5qiD2,"29Dys-4Yrs, Female",2025-06-14 12:31:53.170 +0300,2025-06-14 12:31:53.170 +0300
1838,1.3.18,Endocrine and Metabolic Disorders,261,,,EM03,  Other Endocrine and Metabolic Diseases  ,MEzrkozwq3F,V2OuNTRI6ua,"29Dys-4Yrs, Male",2025-06-14 12:31:53.170 +0300,2025-06-14 12:31:53.170 +0300
1839,1.3.18,Endocrine and Metabolic Disorders,261,,,EM03,  Other Endocrine and Metabolic Diseases  ,MEzrkozwq3F,Crc5reUlspd,"5-9Yrs, Female",2025-06-14 12:31:53.170 +0300,2025-06-14 12:31:53.170 +0300
1840,1.3.18,Endocrine and Metabolic Disorders,261,,,EM03,  Other Endocrine and Metabolic Diseases  ,MEzrkozwq3F,F1rms8f9I9a,"5-9Yrs, Male",2025-06-14 12:31:53.170 +0300,2025-06-14 12:31:53.170 +0300
2521,1.3.18,Endocrine and Metabolic Disorders,259,,,EM01,Diabetes mellitus,GqvGVF75ihM,wDiX34aiw6i,"0-28Dys, Female",2025-06-14 12:31:53.170 +0300,2025-06-14 12:31:53.170 +0300
2522,1.3.18,Endocrine and Metabolic Disorders,259,,,EM01,Diabetes mellitus,GqvGVF75ihM,zh2zAaHyYQx,"0-28Dys, Male",2025-06-14 12:31:53.170 +0300,2025-06-14 12:31:53.170 +0300
2523,1.3.18,Endocrine and Metabolic Disorders,259,,,EM01,Diabetes mellitus,GqvGVF75ihM,rPm7S0XR6y5,"0-28Dys, Other Forms, Female, Known",2025-06-14 12:31:53.170 +0300,2025-06-14 12:31:53.170 +0300
2524,1.3.18,Endocrine and Metabolic Disorders,259,,,EM01,Diabetes mellitus,GqvGVF75ihM,jigBnz63OTq,"0-28Dys, Other Forms, Female, New",2025-06-14 12:31:53.170 +0300,2025-06-14 12:31:53.170 +0300
2525,1.3.18,Endocrine and Metabolic Disorders,259,,,EM01,Diabetes mellitus,GqvGVF75ihM,yLZc30LWI7w,"0-28Dys, Other Forms, Male, Known",2025-06-14 12:31:53.170 +0300,2025-06-14 12:31:53.170 +0300
2526,1.3.18,Endocrine and Metabolic Disorders,259,,,EM01,Diabetes mellitus,GqvGVF75ihM,aYOggKgf2qf,"0-28Dys, Other Forms, Male, New",2025-06-14 12:31:53.170 +0300,2025-06-14 12:31:53.170 +0300
2527,1.3.18,Endocrine and Metabolic Disorders,259,,,EM01,Diabetes mellitus,GqvGVF75ihM,xiPkaXwl9ms,"0-28Dys, Type 1, Female, Known",2025-06-14 12:31:53.170 +0300,2025-06-14 12:31:53.170 +0300
2528,1.3.18,Endocrine and Metabolic Disorders,259,,,EM01,Diabetes mellitus,GqvGVF75ihM,nAZQLi9ChTO,"0-28Dys, Type 1, Female, New",2025-06-14 12:31:53.170 +0300,2025-06-14 12:31:53.170 +0300
2529,1.3.18,Endocrine and Metabolic Disorders,259,,,EM01,Diabetes mellitus,GqvGVF75ihM,o4fk3rHHseQ,"0-28Dys, Type 1, Male, Known",2025-06-14 12:31:53.170 +0300,2025-06-14 12:31:53.170 +0300
2530,1.3.18,Endocrine and Metabolic Disorders,259,,,EM01,Diabetes mellitus,GqvGVF75ihM,CAYeUFk6h2C,"0-28Dys, Type 1, Male, New",2025-06-14 12:31:53.170 +0300,2025-06-14 12:31:53.170 +0300
2531,1.3.18,Endocrine and Metabolic Disorders,259,,,EM01,Diabetes mellitus,GqvGVF75ihM,lIpLLko3oYh,"0-28Dys, Type 2, Female, Known",2025-06-14 12:31:53.170 +0300,2025-06-14 12:31:53.170 +0300
2532,1.3.18,Endocrine and Metabolic Disorders,259,,,EM01,Diabetes mellitus,GqvGVF75ihM,MHhAUffOozk,"0-28Dys, Type 2, Female, New",2025-06-14 12:31:53.170 +0300,2025-06-14 12:31:53.170 +0300
2533,1.3.18,Endocrine and Metabolic Disorders,259,,,EM01,Diabetes mellitus,GqvGVF75ihM,CUIwMsXbjaQ,"0-28Dys, Type 2, Male, Known",2025-06-14 12:31:53.170 +0300,2025-06-14 12:31:53.170 +0300
2534,1.3.18,Endocrine and Metabolic Disorders,259,,,EM01,Diabetes mellitus,GqvGVF75ihM,oE6bFATemdI,"0-28Dys, Type 2, Male, New",2025-06-14 12:31:53.170 +0300,2025-06-14 12:31:53.170 +0300
2535,1.3.18,Endocrine and Metabolic Disorders,259,,,EM01,Diabetes mellitus,GqvGVF75ihM,u3CkZqMHfHP,"10-19Yrs, Female",2025-06-14 12:31:53.170 +0300,2025-06-14 12:31:53.170 +0300
2536,1.3.18,Endocrine and Metabolic Disorders,259,,,EM01,Diabetes mellitus,GqvGVF75ihM,c7gvocRdg0f,"10-19Yrs, Male",2025-06-14 12:31:53.170 +0300,2025-06-14 12:31:53.170 +0300
2537,1.3.18,Endocrine and Metabolic Disorders,259,,,EM01,Diabetes mellitus,GqvGVF75ihM,rHgz2LSVGK9,"10-19Yrs, Other Forms, Female, Known",2025-06-14 12:31:53.170 +0300,2025-06-14 12:31:53.170 +0300
2538,1.3.18,Endocrine and Metabolic Disorders,259,,,EM01,Diabetes mellitus,GqvGVF75ihM,DgTKaqKQsMK,"10-19Yrs, Other Forms, Female, New",2025-06-14 12:31:53.170 +0300,2025-06-14 12:31:53.170 +0300
2539,1.3.18,Endocrine and Metabolic Disorders,259,,,EM01,Diabetes mellitus,GqvGVF75ihM,mnSvbYexyx4,"10-19Yrs, Other Forms, Male, Known",2025-06-14 12:31:53.170 +0300,2025-06-14 12:31:53.170 +0300
2540,1.3.18,Endocrine and Metabolic Disorders,259,,,EM01,Diabetes mellitus,GqvGVF75ihM,mDmgfeOsFP1,"10-19Yrs, Other Forms, Male, New",2025-06-14 12:31:53.170 +0300,2025-06-14 12:31:53.170 +0300
2541,1.3.18,Endocrine and Metabolic Disorders,259,,,EM01,Diabetes mellitus,GqvGVF75ihM,oaz5VQX2pZQ,"10-19Yrs, Type 1, Female, Known",2025-06-14 12:31:53.170 +0300,2025-06-14 12:31:53.170 +0300
2542,1.3.18,Endocrine and Metabolic Disorders,259,,,EM01,Diabetes mellitus,GqvGVF75ihM,b3iP3N7B43A,"10-19Yrs, Type 1, Female, New",2025-06-14 12:31:53.170 +0300,2025-06-14 12:31:53.170 +0300
2543,1.3.18,Endocrine and Metabolic Disorders,259,,,EM01,Diabetes mellitus,GqvGVF75ihM,Dm8dwa1hHkc,"10-19Yrs, Type 1, Male, Known",2025-06-14 12:31:53.170 +0300,2025-06-14 12:31:53.170 +0300
2544,1.3.18,Endocrine and Metabolic Disorders,259,,,EM01,Diabetes mellitus,GqvGVF75ihM,y6goT3JcMAq,"10-19Yrs, Type 1, Male, New",2025-06-14 12:31:53.170 +0300,2025-06-14 12:31:53.170 +0300
2545,1.3.18,Endocrine and Metabolic Disorders,259,,,EM01,Diabetes mellitus,GqvGVF75ihM,kPR68Nlpyit,"10-19Yrs, Type 2, Female, Known",2025-06-14 12:31:53.170 +0300,2025-06-14 12:31:53.170 +0300
2546,1.3.18,Endocrine and Metabolic Disorders,259,,,EM01,Diabetes mellitus,GqvGVF75ihM,Pb7kTaZspjK,"10-19Yrs, Type 2, Female, New",2025-06-14 12:31:53.170 +0300,2025-06-14 12:31:53.170 +0300
2547,1.3.18,Endocrine and Metabolic Disorders,259,,,EM01,Diabetes mellitus,GqvGVF75ihM,iF7zy9VJ1Aq,"10-19Yrs, Type 2, Male, Known",2025-06-14 12:31:53.170 +0300,2025-06-14 12:31:53.170 +0300
2548,1.3.18,Endocrine and Metabolic Disorders,259,,,EM01,Diabetes mellitus,GqvGVF75ihM,hLGAYD8AJv6,"10-19Yrs, Type 2, Male, New",2025-06-14 12:31:53.170 +0300,2025-06-14 12:31:53.170 +0300
2549,1.3.18,Endocrine and Metabolic Disorders,259,,,EM01,Diabetes mellitus,GqvGVF75ihM,XVHTeecEOM3,"20+Yrs, Female",2025-06-14 12:31:53.170 +0300,2025-06-14 12:31:53.170 +0300
2550,1.3.18,Endocrine and Metabolic Disorders,259,,,EM01,Diabetes mellitus,GqvGVF75ihM,dCKzhhINakS,"20+Yrs, Male",2025-06-14 12:31:53.170 +0300,2025-06-14 12:31:53.170 +0300
2551,1.3.18,Endocrine and Metabolic Disorders,259,,,EM01,Diabetes mellitus,GqvGVF75ihM,Ld51G0dzsjd,"20+Yrs, Other Forms, Female, Known",2025-06-14 12:31:53.170 +0300,2025-06-14 12:31:53.170 +0300
2552,1.3.18,Endocrine and Metabolic Disorders,259,,,EM01,Diabetes mellitus,GqvGVF75ihM,flSniuHFXqT,"20+Yrs, Other Forms, Female, New",2025-06-14 12:31:53.170 +0300,2025-06-14 12:31:53.170 +0300
2553,1.3.18,Endocrine and Metabolic Disorders,259,,,EM01,Diabetes mellitus,GqvGVF75ihM,rWWzr6gb5NA,"20+Yrs, Other Forms, Male, Known",2025-06-14 12:31:53.170 +0300,2025-06-14 12:31:53.170 +0300
2554,1.3.18,Endocrine and Metabolic Disorders,259,,,EM01,Diabetes mellitus,GqvGVF75ihM,KzDMJdBpwQR,"20+Yrs, Other Forms, Male, New",2025-06-14 12:31:53.170 +0300,2025-06-14 12:31:53.170 +0300
2555,1.3.18,Endocrine and Metabolic Disorders,259,,,EM01,Diabetes mellitus,GqvGVF75ihM,VmhkTWk4Is6,"20+Yrs, Type 1, Female, Known",2025-06-14 12:31:53.170 +0300,2025-06-14 12:31:53.170 +0300
2556,1.3.18,Endocrine and Metabolic Disorders,259,,,EM01,Diabetes mellitus,GqvGVF75ihM,GukNWCaMyrP,"20+Yrs, Type 1, Female, New",2025-06-14 12:31:53.170 +0300,2025-06-14 12:31:53.170 +0300
2557,1.3.18,Endocrine and Metabolic Disorders,259,,,EM01,Diabetes mellitus,GqvGVF75ihM,mobl8rGVSY8,"20+Yrs, Type 1, Male, Known",2025-06-14 12:31:53.170 +0300,2025-06-14 12:31:53.170 +0300
2558,1.3.18,Endocrine and Metabolic Disorders,259,,,EM01,Diabetes mellitus,GqvGVF75ihM,lg2mFPlfTeG,"20+Yrs, Type 1, Male, New",2025-06-14 12:31:53.170 +0300,2025-06-14 12:31:53.170 +0300
2559,1.3.18,Endocrine and Metabolic Disorders,259,,,EM01,Diabetes mellitus,GqvGVF75ihM,RtPVWq2YFJE,"20+Yrs, Type 2, Female, Known",2025-06-14 12:31:53.170 +0300,2025-06-14 12:31:53.170 +0300
2560,1.3.18,Endocrine and Metabolic Disorders,259,,,EM01,Diabetes mellitus,GqvGVF75ihM,LNk8BeoP08l,"20+Yrs, Type 2, Female, New",2025-06-14 12:31:53.170 +0300,2025-06-14 12:31:53.170 +0300
2561,1.3.18,Endocrine and Metabolic Disorders,259,,,EM01,Diabetes mellitus,GqvGVF75ihM,WyeQ6J6bXAn,"20+Yrs, Type 2, Male, Known",2025-06-14 12:31:53.170 +0300,2025-06-14 12:31:53.170 +0300
2562,1.3.18,Endocrine and Metabolic Disorders,259,,,EM01,Diabetes mellitus,GqvGVF75ihM,MAiV2DxBxGn,"20+Yrs, Type 2, Male, New",2025-06-14 12:31:53.170 +0300,2025-06-14 12:31:53.170 +0300
2563,1.3.18,Endocrine and Metabolic Disorders,259,,,EM01,Diabetes mellitus,GqvGVF75ihM,huBy3W5qiD2,"29Dys-4Yrs, Female",2025-06-14 12:31:53.170 +0300,2025-06-14 12:31:53.170 +0300
2564,1.3.18,Endocrine and Metabolic Disorders,259,,,EM01,Diabetes mellitus,GqvGVF75ihM,V2OuNTRI6ua,"29Dys-4Yrs, Male",2025-06-14 12:31:53.170 +0300,2025-06-14 12:31:53.170 +0300
2565,1.3.18,Endocrine and Metabolic Disorders,259,,,EM01,Diabetes mellitus,GqvGVF75ihM,aJocuQ3ooR0,"29Dys-4Yrs, Other Forms, Female, Known",2025-06-14 12:31:53.170 +0300,2025-06-14 12:31:53.170 +0300
2566,1.3.18,Endocrine and Metabolic Disorders,259,,,EM01,Diabetes mellitus,GqvGVF75ihM,OAG9CWUMahe,"29Dys-4Yrs, Other Forms, Female, New",2025-06-14 12:31:53.170 +0300,2025-06-14 12:31:53.170 +0300
2567,1.3.18,Endocrine and Metabolic Disorders,259,,,EM01,Diabetes mellitus,GqvGVF75ihM,fNrWbvglBZl,"29Dys-4Yrs, Other Forms, Male, Known",2025-06-14 12:31:53.170 +0300,2025-06-14 12:31:53.170 +0300
2568,1.3.18,Endocrine and Metabolic Disorders,259,,,EM01,Diabetes mellitus,GqvGVF75ihM,OSvXVZYVJbV,"29Dys-4Yrs, Other Forms, Male, New",2025-06-14 12:31:53.170 +0300,2025-06-14 12:31:53.170 +0300
2569,1.3.18,Endocrine and Metabolic Disorders,259,,,EM01,Diabetes mellitus,GqvGVF75ihM,NpxZsPKqz0j,"29Dys-4Yrs, Type 1, Female, Known",2025-06-14 12:31:53.170 +0300,2025-06-14 12:31:53.170 +0300
2570,1.3.18,Endocrine and Metabolic Disorders,259,,,EM01,Diabetes mellitus,GqvGVF75ihM,Kd643OnOxjv,"29Dys-4Yrs, Type 1, Female, New",2025-06-14 12:31:53.170 +0300,2025-06-14 12:31:53.170 +0300
2571,1.3.18,Endocrine and Metabolic Disorders,259,,,EM01,Diabetes mellitus,GqvGVF75ihM,s2cbiJ3pwIp,"29Dys-4Yrs, Type 1, Male, Known",2025-06-14 12:31:53.170 +0300,2025-06-14 12:31:53.170 +0300
2572,1.3.18,Endocrine and Metabolic Disorders,259,,,EM01,Diabetes mellitus,GqvGVF75ihM,NU7k532q8MD,"29Dys-4Yrs, Type 1, Male, New",2025-06-14 12:31:53.170 +0300,2025-06-14 12:31:53.170 +0300
2573,1.3.18,Endocrine and Metabolic Disorders,259,,,EM01,Diabetes mellitus,GqvGVF75ihM,vAE8T78HzS4,"29Dys-4Yrs, Type 2, Female, Known",2025-06-14 12:31:53.170 +0300,2025-06-14 12:31:53.170 +0300
2574,1.3.18,Endocrine and Metabolic Disorders,259,,,EM01,Diabetes mellitus,GqvGVF75ihM,r66wwmHMTrj,"29Dys-4Yrs, Type 2, Female, New",2025-06-14 12:31:53.170 +0300,2025-06-14 12:31:53.170 +0300
2575,1.3.18,Endocrine and Metabolic Disorders,259,,,EM01,Diabetes mellitus,GqvGVF75ihM,P8I8GM4Qq1o,"29Dys-4Yrs, Type 2, Male, Known",2025-06-14 12:31:53.170 +0300,2025-06-14 12:31:53.170 +0300
2576,1.3.18,Endocrine and Metabolic Disorders,259,,,EM01,Diabetes mellitus,GqvGVF75ihM,V1M6lik0C2W,"29Dys-4Yrs, Type 2, Male, New",2025-06-14 12:31:53.170 +0300,2025-06-14 12:31:53.170 +0300
2577,1.3.18,Endocrine and Metabolic Disorders,259,,,EM01,Diabetes mellitus,GqvGVF75ihM,Crc5reUlspd,"5-9Yrs, Female",2025-06-14 12:31:53.170 +0300,2025-06-14 12:31:53.170 +0300
2578,1.3.18,Endocrine and Metabolic Disorders,259,,,EM01,Diabetes mellitus,GqvGVF75ihM,F1rms8f9I9a,"5-9Yrs, Male",2025-06-14 12:31:53.170 +0300,2025-06-14 12:31:53.170 +0300
2579,1.3.18,Endocrine and Metabolic Disorders,259,,,EM01,Diabetes mellitus,GqvGVF75ihM,QFWm8lEHf51,"5-9Yrs, Other Forms, Female, Known",2025-06-14 12:31:53.170 +0300,2025-06-14 12:31:53.170 +0300
2580,1.3.18,Endocrine and Metabolic Disorders,259,,,EM01,Diabetes mellitus,GqvGVF75ihM,U7uWw9S9uAc,"5-9Yrs, Other Forms, Female, New",2025-06-14 12:31:53.170 +0300,2025-06-14 12:31:53.170 +0300
2581,1.3.18,Endocrine and Metabolic Disorders,259,,,EM01,Diabetes mellitus,GqvGVF75ihM,gOnaCOYx8FU,"5-9Yrs, Other Forms, Male, Known",2025-06-14 12:31:53.170 +0300,2025-06-14 12:31:53.170 +0300
2582,1.3.18,Endocrine and Metabolic Disorders,259,,,EM01,Diabetes mellitus,GqvGVF75ihM,KpwNTwpV2o6,"5-9Yrs, Other Forms, Male, New",2025-06-14 12:31:53.170 +0300,2025-06-14 12:31:53.170 +0300
2583,1.3.18,Endocrine and Metabolic Disorders,259,,,EM01,Diabetes mellitus,GqvGVF75ihM,HEPVxich0tL,"5-9Yrs, Type 1, Female, Known",2025-06-14 12:31:53.170 +0300,2025-06-14 12:31:53.170 +0300
2584,1.3.18,Endocrine and Metabolic Disorders,259,,,EM01,Diabetes mellitus,GqvGVF75ihM,mD3cFhm1D2B,"5-9Yrs, Type 1, Female, New",2025-06-14 12:31:53.170 +0300,2025-06-14 12:31:53.170 +0300
2585,1.3.18,Endocrine and Metabolic Disorders,259,,,EM01,Diabetes mellitus,GqvGVF75ihM,pPvOfV50SS8,"5-9Yrs, Type 1, Male, Known",2025-06-14 12:31:53.170 +0300,2025-06-14 12:31:53.170 +0300
2586,1.3.18,Endocrine and Metabolic Disorders,259,,,EM01,Diabetes mellitus,GqvGVF75ihM,XupciJhZFGQ,"5-9Yrs, Type 1, Male, New",2025-06-14 12:31:53.170 +0300,2025-06-14 12:31:53.170 +0300
2587,1.3.18,Endocrine and Metabolic Disorders,259,,,EM01,Diabetes mellitus,GqvGVF75ihM,gmPQKX476R7,"5-9Yrs, Type 2, Female, Known",2025-06-14 12:31:53.170 +0300,2025-06-14 12:31:53.170 +0300
2588,1.3.18,Endocrine and Metabolic Disorders,259,,,EM01,Diabetes mellitus,GqvGVF75ihM,G2Qg9jeXaiJ,"5-9Yrs, Type 2, Female, New",2025-06-14 12:31:53.170 +0300,2025-06-14 12:31:53.170 +0300
2589,1.3.18,Endocrine and Metabolic Disorders,259,,,EM01,Diabetes mellitus,GqvGVF75ihM,SKxBAYeZfhQ,"5-9Yrs, Type 2, Male, Known",2025-06-14 12:31:53.170 +0300,2025-06-14 12:31:53.170 +0300
2590,1.3.18,Endocrine and Metabolic Disorders,259,,,EM01,Diabetes mellitus,GqvGVF75ihM,ZicGh3OOtlU,"5-9Yrs, Type 2, Male, New",2025-06-14 12:31:53.170 +0300,2025-06-14 12:31:53.170 +0300
2591,1.3.18,Endocrine and Metabolic Disorders,260,,,EM02,Thyroid Disease     ,pJfmRStn4K0,wDiX34aiw6i,"0-28Dys, Female",2025-06-14 12:31:53.170 +0300,2025-06-14 12:31:53.170 +0300
2592,1.3.18,Endocrine and Metabolic Disorders,260,,,EM02,Thyroid Disease     ,pJfmRStn4K0,zh2zAaHyYQx,"0-28Dys, Male",2025-06-14 12:31:53.170 +0300,2025-06-14 12:31:53.170 +0300
2593,1.3.18,Endocrine and Metabolic Disorders,260,,,EM02,Thyroid Disease     ,pJfmRStn4K0,u3CkZqMHfHP,"10-19Yrs, Female",2025-06-14 12:31:53.170 +0300,2025-06-14 12:31:53.170 +0300
2594,1.3.18,Endocrine and Metabolic Disorders,260,,,EM02,Thyroid Disease     ,pJfmRStn4K0,c7gvocRdg0f,"10-19Yrs, Male",2025-06-14 12:31:53.170 +0300,2025-06-14 12:31:53.170 +0300
2595,1.3.18,Endocrine and Metabolic Disorders,260,,,EM02,Thyroid Disease     ,pJfmRStn4K0,XVHTeecEOM3,"20+Yrs, Female",2025-06-14 12:31:53.170 +0300,2025-06-14 12:31:53.170 +0300
2596,1.3.18,Endocrine and Metabolic Disorders,260,,,EM02,Thyroid Disease     ,pJfmRStn4K0,dCKzhhINakS,"20+Yrs, Male",2025-06-14 12:31:53.170 +0300,2025-06-14 12:31:53.170 +0300
2597,1.3.18,Endocrine and Metabolic Disorders,260,,,EM02,Thyroid Disease     ,pJfmRStn4K0,huBy3W5qiD2,"29Dys-4Yrs, Female",2025-06-14 12:31:53.170 +0300,2025-06-14 12:31:53.170 +0300
2598,1.3.18,Endocrine and Metabolic Disorders,260,,,EM02,Thyroid Disease     ,pJfmRStn4K0,V2OuNTRI6ua,"29Dys-4Yrs, Male",2025-06-14 12:31:53.170 +0300,2025-06-14 12:31:53.170 +0300
2599,1.3.18,Endocrine and Metabolic Disorders,260,,,EM02,Thyroid Disease     ,pJfmRStn4K0,Crc5reUlspd,"5-9Yrs, Female",2025-06-14 12:31:53.170 +0300,2025-06-14 12:31:53.170 +0300
2600,1.3.18,Endocrine and Metabolic Disorders,260,,,EM02,Thyroid Disease     ,pJfmRStn4K0,F1rms8f9I9a,"5-9Yrs, Male",2025-06-14 12:31:53.170 +0300,2025-06-14 12:31:53.170 +0300
2601,1.3.18,Endocrine and Metabolic Disorders,261,,,EM03,  Other Endocrine and Metabolic Diseases  ,MEzrkozwq3F,wDiX34aiw6i,"0-28Dys, Female",2025-06-14 12:31:53.170 +0300,2025-06-14 12:31:53.170 +0300
2602,1.3.18,Endocrine and Metabolic Disorders,261,,,EM03,  Other Endocrine and Metabolic Diseases  ,MEzrkozwq3F,zh2zAaHyYQx,"0-28Dys, Male",2025-06-14 12:31:53.170 +0300,2025-06-14 12:31:53.170 +0300
2603,1.3.18,Endocrine and Metabolic Disorders,261,,,EM03,  Other Endocrine and Metabolic Diseases  ,MEzrkozwq3F,u3CkZqMHfHP,"10-19Yrs, Female",2025-06-14 12:31:53.170 +0300,2025-06-14 12:31:53.170 +0300
2604,1.3.18,Endocrine and Metabolic Disorders,261,,,EM03,  Other Endocrine and Metabolic Diseases  ,MEzrkozwq3F,c7gvocRdg0f,"10-19Yrs, Male",2025-06-14 12:31:53.170 +0300,2025-06-14 12:31:53.170 +0300
2605,1.3.18,Endocrine and Metabolic Disorders,261,,,EM03,  Other Endocrine and Metabolic Diseases  ,MEzrkozwq3F,XVHTeecEOM3,"20+Yrs, Female",2025-06-14 12:31:53.170 +0300,2025-06-14 12:31:53.170 +0300
2606,1.3.18,Endocrine and Metabolic Disorders,261,,,EM03,  Other Endocrine and Metabolic Diseases  ,MEzrkozwq3F,dCKzhhINakS,"20+Yrs, Male",2025-06-14 12:31:53.170 +0300,2025-06-14 12:31:53.170 +0300
2607,1.3.18,Endocrine and Metabolic Disorders,261,,,EM03,  Other Endocrine and Metabolic Diseases  ,MEzrkozwq3F,huBy3W5qiD2,"29Dys-4Yrs, Female",2025-06-14 12:31:53.170 +0300,2025-06-14 12:31:53.170 +0300
2608,1.3.18,Endocrine and Metabolic Disorders,261,,,EM03,  Other Endocrine and Metabolic Diseases  ,MEzrkozwq3F,V2OuNTRI6ua,"29Dys-4Yrs, Male",2025-06-14 12:31:53.170 +0300,2025-06-14 12:31:53.170 +0300
2609,1.3.18,Endocrine and Metabolic Disorders,261,,,EM03,  Other Endocrine and Metabolic Diseases  ,MEzrkozwq3F,Crc5reUlspd,"5-9Yrs, Female",2025-06-14 12:31:53.170 +0300,2025-06-14 12:31:53.170 +0300
2610,1.3.18,Endocrine and Metabolic Disorders,261,,,EM03,  Other Endocrine and Metabolic Diseases  ,MEzrkozwq3F,F1rms8f9I9a,"5-9Yrs, Male",2025-06-14 12:31:53.170 +0300,2025-06-14 12:31:53.170 +0300
3293,1.3.19,Injuries,275,,,IN05,Snake bites,A1ai9kREPra,XVHTeecEOM3,"20+Yrs, Female",2025-06-14 12:31:53.170 +0300,2025-06-14 12:31:53.170 +0300
1841,1.3.19,Injuries,267,,,IN01,Jaw injuries ,uxwJFKQu4TE,wDiX34aiw6i,"0-28Dys, Female",2025-06-14 12:31:53.170 +0300,2025-06-14 12:31:53.170 +0300
1842,1.3.19,Injuries,267,,,IN01,Jaw injuries ,uxwJFKQu4TE,zh2zAaHyYQx,"0-28Dys, Male",2025-06-14 12:31:53.170 +0300,2025-06-14 12:31:53.170 +0300
1843,1.3.19,Injuries,267,,,IN01,Jaw injuries ,uxwJFKQu4TE,u3CkZqMHfHP,"10-19Yrs, Female",2025-06-14 12:31:53.170 +0300,2025-06-14 12:31:53.170 +0300
1844,1.3.19,Injuries,267,,,IN01,Jaw injuries ,uxwJFKQu4TE,c7gvocRdg0f,"10-19Yrs, Male",2025-06-14 12:31:53.170 +0300,2025-06-14 12:31:53.170 +0300
1845,1.3.19,Injuries,267,,,IN01,Jaw injuries ,uxwJFKQu4TE,XVHTeecEOM3,"20+Yrs, Female",2025-06-14 12:31:53.170 +0300,2025-06-14 12:31:53.170 +0300
1846,1.3.19,Injuries,267,,,IN01,Jaw injuries ,uxwJFKQu4TE,dCKzhhINakS,"20+Yrs, Male",2025-06-14 12:31:53.170 +0300,2025-06-14 12:31:53.170 +0300
1847,1.3.19,Injuries,267,,,IN01,Jaw injuries ,uxwJFKQu4TE,huBy3W5qiD2,"29Dys-4Yrs, Female",2025-06-14 12:31:53.170 +0300,2025-06-14 12:31:53.170 +0300
1848,1.3.19,Injuries,267,,,IN01,Jaw injuries ,uxwJFKQu4TE,V2OuNTRI6ua,"29Dys-4Yrs, Male",2025-06-14 12:31:53.170 +0300,2025-06-14 12:31:53.170 +0300
1849,1.3.19,Injuries,267,,,IN01,Jaw injuries ,uxwJFKQu4TE,Crc5reUlspd,"5-9Yrs, Female",2025-06-14 12:31:53.170 +0300,2025-06-14 12:31:53.170 +0300
1850,1.3.19,Injuries,267,,,IN01,Jaw injuries ,uxwJFKQu4TE,F1rms8f9I9a,"5-9Yrs, Male",2025-06-14 12:31:53.170 +0300,2025-06-14 12:31:53.170 +0300
1851,1.3.19,Injuries,270,,,IN02,Injuries due to Gender based violence,bRYoCXTmJCB,wDiX34aiw6i,"0-28Dys, Female",2025-06-14 12:31:53.170 +0300,2025-06-14 12:31:53.170 +0300
1852,1.3.19,Injuries,270,,,IN02,Injuries due to Gender based violence,bRYoCXTmJCB,zh2zAaHyYQx,"0-28Dys, Male",2025-06-14 12:31:53.170 +0300,2025-06-14 12:31:53.170 +0300
1853,1.3.19,Injuries,270,,,IN02,Injuries due to Gender based violence,bRYoCXTmJCB,u3CkZqMHfHP,"10-19Yrs, Female",2025-06-14 12:31:53.170 +0300,2025-06-14 12:31:53.170 +0300
1854,1.3.19,Injuries,270,,,IN02,Injuries due to Gender based violence,bRYoCXTmJCB,c7gvocRdg0f,"10-19Yrs, Male",2025-06-14 12:31:53.170 +0300,2025-06-14 12:31:53.170 +0300
1855,1.3.19,Injuries,270,,,IN02,Injuries due to Gender based violence,bRYoCXTmJCB,XVHTeecEOM3,"20+Yrs, Female",2025-06-14 12:31:53.170 +0300,2025-06-14 12:31:53.170 +0300
1856,1.3.19,Injuries,270,,,IN02,Injuries due to Gender based violence,bRYoCXTmJCB,dCKzhhINakS,"20+Yrs, Male",2025-06-14 12:31:53.170 +0300,2025-06-14 12:31:53.170 +0300
1857,1.3.19,Injuries,270,,,IN02,Injuries due to Gender based violence,bRYoCXTmJCB,huBy3W5qiD2,"29Dys-4Yrs, Female",2025-06-14 12:31:53.170 +0300,2025-06-14 12:31:53.170 +0300
1858,1.3.19,Injuries,270,,,IN02,Injuries due to Gender based violence,bRYoCXTmJCB,V2OuNTRI6ua,"29Dys-4Yrs, Male",2025-06-14 12:31:53.170 +0300,2025-06-14 12:31:53.170 +0300
1859,1.3.19,Injuries,270,,,IN02,Injuries due to Gender based violence,bRYoCXTmJCB,Crc5reUlspd,"5-9Yrs, Female",2025-06-14 12:31:53.170 +0300,2025-06-14 12:31:53.170 +0300
1860,1.3.19,Injuries,270,,,IN02,Injuries due to Gender based violence,bRYoCXTmJCB,F1rms8f9I9a,"5-9Yrs, Male",2025-06-14 12:31:53.170 +0300,2025-06-14 12:31:53.170 +0300
1861,1.3.19,Injuries,271,,,IN03,Injuries (Trauma due to other causes),O7du4F9jOVw,wDiX34aiw6i,"0-28Dys, Female",2025-06-14 12:31:53.170 +0300,2025-06-14 12:31:53.170 +0300
1862,1.3.19,Injuries,271,,,IN03,Injuries (Trauma due to other causes),O7du4F9jOVw,zh2zAaHyYQx,"0-28Dys, Male",2025-06-14 12:31:53.170 +0300,2025-06-14 12:31:53.170 +0300
1863,1.3.19,Injuries,271,,,IN03,Injuries (Trauma due to other causes),O7du4F9jOVw,u3CkZqMHfHP,"10-19Yrs, Female",2025-06-14 12:31:53.170 +0300,2025-06-14 12:31:53.170 +0300
1864,1.3.19,Injuries,271,,,IN03,Injuries (Trauma due to other causes),O7du4F9jOVw,c7gvocRdg0f,"10-19Yrs, Male",2025-06-14 12:31:53.170 +0300,2025-06-14 12:31:53.170 +0300
1865,1.3.19,Injuries,271,,,IN03,Injuries (Trauma due to other causes),O7du4F9jOVw,XVHTeecEOM3,"20+Yrs, Female",2025-06-14 12:31:53.170 +0300,2025-06-14 12:31:53.170 +0300
1866,1.3.19,Injuries,271,,,IN03,Injuries (Trauma due to other causes),O7du4F9jOVw,dCKzhhINakS,"20+Yrs, Male",2025-06-14 12:31:53.170 +0300,2025-06-14 12:31:53.170 +0300
1867,1.3.19,Injuries,271,,,IN03,Injuries (Trauma due to other causes),O7du4F9jOVw,huBy3W5qiD2,"29Dys-4Yrs, Female",2025-06-14 12:31:53.170 +0300,2025-06-14 12:31:53.170 +0300
1868,1.3.19,Injuries,271,,,IN03,Injuries (Trauma due to other causes),O7du4F9jOVw,V2OuNTRI6ua,"29Dys-4Yrs, Male",2025-06-14 12:31:53.170 +0300,2025-06-14 12:31:53.170 +0300
1869,1.3.19,Injuries,271,,,IN03,Injuries (Trauma due to other causes),O7du4F9jOVw,Crc5reUlspd,"5-9Yrs, Female",2025-06-14 12:31:53.170 +0300,2025-06-14 12:31:53.170 +0300
1870,1.3.19,Injuries,271,,,IN03,Injuries (Trauma due to other causes),O7du4F9jOVw,F1rms8f9I9a,"5-9Yrs, Male",2025-06-14 12:31:53.170 +0300,2025-06-14 12:31:53.170 +0300
1871,1.3.19,Injuries,272,,,IN04a,Animal bites - Domestic,XzmwRedvq4X,wDiX34aiw6i,"0-28Dys, Female",2025-06-14 12:31:53.170 +0300,2025-06-14 12:31:53.170 +0300
1872,1.3.19,Injuries,272,,,IN04a,Animal bites - Domestic,XzmwRedvq4X,zh2zAaHyYQx,"0-28Dys, Male",2025-06-14 12:31:53.170 +0300,2025-06-14 12:31:53.170 +0300
1873,1.3.19,Injuries,272,,,IN04a,Animal bites - Domestic,XzmwRedvq4X,u3CkZqMHfHP,"10-19Yrs, Female",2025-06-14 12:31:53.170 +0300,2025-06-14 12:31:53.170 +0300
1874,1.3.19,Injuries,272,,,IN04a,Animal bites - Domestic,XzmwRedvq4X,c7gvocRdg0f,"10-19Yrs, Male",2025-06-14 12:31:53.170 +0300,2025-06-14 12:31:53.170 +0300
1875,1.3.19,Injuries,272,,,IN04a,Animal bites - Domestic,XzmwRedvq4X,XVHTeecEOM3,"20+Yrs, Female",2025-06-14 12:31:53.170 +0300,2025-06-14 12:31:53.170 +0300
1876,1.3.19,Injuries,272,,,IN04a,Animal bites - Domestic,XzmwRedvq4X,dCKzhhINakS,"20+Yrs, Male",2025-06-14 12:31:53.170 +0300,2025-06-14 12:31:53.170 +0300
1877,1.3.19,Injuries,272,,,IN04a,Animal bites - Domestic,XzmwRedvq4X,huBy3W5qiD2,"29Dys-4Yrs, Female",2025-06-14 12:31:53.170 +0300,2025-06-14 12:31:53.170 +0300
1878,1.3.19,Injuries,272,,,IN04a,Animal bites - Domestic,XzmwRedvq4X,V2OuNTRI6ua,"29Dys-4Yrs, Male",2025-06-14 12:31:53.170 +0300,2025-06-14 12:31:53.170 +0300
1879,1.3.19,Injuries,272,,,IN04a,Animal bites - Domestic,XzmwRedvq4X,Crc5reUlspd,"5-9Yrs, Female",2025-06-14 12:31:53.170 +0300,2025-06-14 12:31:53.170 +0300
1880,1.3.19,Injuries,272,,,IN04a,Animal bites - Domestic,XzmwRedvq4X,F1rms8f9I9a,"5-9Yrs, Male",2025-06-14 12:31:53.170 +0300,2025-06-14 12:31:53.170 +0300
1881,1.3.19,Injuries,273,,,IN04b,Animal bites - Wild,rrBvaJRsH44,wDiX34aiw6i,"0-28Dys, Female",2025-06-14 12:31:53.170 +0300,2025-06-14 12:31:53.170 +0300
1882,1.3.19,Injuries,273,,,IN04b,Animal bites - Wild,rrBvaJRsH44,zh2zAaHyYQx,"0-28Dys, Male",2025-06-14 12:31:53.170 +0300,2025-06-14 12:31:53.170 +0300
1883,1.3.19,Injuries,273,,,IN04b,Animal bites - Wild,rrBvaJRsH44,u3CkZqMHfHP,"10-19Yrs, Female",2025-06-14 12:31:53.170 +0300,2025-06-14 12:31:53.170 +0300
1884,1.3.19,Injuries,273,,,IN04b,Animal bites - Wild,rrBvaJRsH44,c7gvocRdg0f,"10-19Yrs, Male",2025-06-14 12:31:53.170 +0300,2025-06-14 12:31:53.170 +0300
1885,1.3.19,Injuries,273,,,IN04b,Animal bites - Wild,rrBvaJRsH44,XVHTeecEOM3,"20+Yrs, Female",2025-06-14 12:31:53.170 +0300,2025-06-14 12:31:53.170 +0300
1886,1.3.19,Injuries,273,,,IN04b,Animal bites - Wild,rrBvaJRsH44,dCKzhhINakS,"20+Yrs, Male",2025-06-14 12:31:53.170 +0300,2025-06-14 12:31:53.170 +0300
1887,1.3.19,Injuries,273,,,IN04b,Animal bites - Wild,rrBvaJRsH44,huBy3W5qiD2,"29Dys-4Yrs, Female",2025-06-14 12:31:53.170 +0300,2025-06-14 12:31:53.170 +0300
1888,1.3.19,Injuries,273,,,IN04b,Animal bites - Wild,rrBvaJRsH44,V2OuNTRI6ua,"29Dys-4Yrs, Male",2025-06-14 12:31:53.170 +0300,2025-06-14 12:31:53.170 +0300
1889,1.3.19,Injuries,273,,,IN04b,Animal bites - Wild,rrBvaJRsH44,Crc5reUlspd,"5-9Yrs, Female",2025-06-14 12:31:53.170 +0300,2025-06-14 12:31:53.170 +0300
1890,1.3.19,Injuries,273,,,IN04b,Animal bites - Wild,rrBvaJRsH44,F1rms8f9I9a,"5-9Yrs, Male",2025-06-14 12:31:53.170 +0300,2025-06-14 12:31:53.170 +0300
1891,1.3.19,Injuries,275,,,IN05,Snake bites,A1ai9kREPra,wDiX34aiw6i,"0-28Dys, Female",2025-06-14 12:31:53.170 +0300,2025-06-14 12:31:53.170 +0300
1892,1.3.19,Injuries,275,,,IN05,Snake bites,A1ai9kREPra,zh2zAaHyYQx,"0-28Dys, Male",2025-06-14 12:31:53.170 +0300,2025-06-14 12:31:53.170 +0300
1893,1.3.19,Injuries,275,,,IN05,Snake bites,A1ai9kREPra,u3CkZqMHfHP,"10-19Yrs, Female",2025-06-14 12:31:53.170 +0300,2025-06-14 12:31:53.170 +0300
1894,1.3.19,Injuries,275,,,IN05,Snake bites,A1ai9kREPra,c7gvocRdg0f,"10-19Yrs, Male",2025-06-14 12:31:53.170 +0300,2025-06-14 12:31:53.170 +0300
1895,1.3.19,Injuries,275,,,IN05,Snake bites,A1ai9kREPra,XVHTeecEOM3,"20+Yrs, Female",2025-06-14 12:31:53.170 +0300,2025-06-14 12:31:53.170 +0300
1896,1.3.19,Injuries,275,,,IN05,Snake bites,A1ai9kREPra,dCKzhhINakS,"20+Yrs, Male",2025-06-14 12:31:53.170 +0300,2025-06-14 12:31:53.170 +0300
1897,1.3.19,Injuries,275,,,IN05,Snake bites,A1ai9kREPra,huBy3W5qiD2,"29Dys-4Yrs, Female",2025-06-14 12:31:53.170 +0300,2025-06-14 12:31:53.170 +0300
1898,1.3.19,Injuries,275,,,IN05,Snake bites,A1ai9kREPra,V2OuNTRI6ua,"29Dys-4Yrs, Male",2025-06-14 12:31:53.170 +0300,2025-06-14 12:31:53.170 +0300
1899,1.3.19,Injuries,275,,,IN05,Snake bites,A1ai9kREPra,Crc5reUlspd,"5-9Yrs, Female",2025-06-14 12:31:53.170 +0300,2025-06-14 12:31:53.170 +0300
1900,1.3.19,Injuries,275,,,IN05,Snake bites,A1ai9kREPra,F1rms8f9I9a,"5-9Yrs, Male",2025-06-14 12:31:53.170 +0300,2025-06-14 12:31:53.170 +0300
1901,1.3.19,Injuries,274,,,IN06,Insect bites,m7gI5QcfjBy,wDiX34aiw6i,"0-28Dys, Female",2025-06-14 12:31:53.170 +0300,2025-06-14 12:31:53.170 +0300
1902,1.3.19,Injuries,274,,,IN06,Insect bites,m7gI5QcfjBy,zh2zAaHyYQx,"0-28Dys, Male",2025-06-14 12:31:53.170 +0300,2025-06-14 12:31:53.170 +0300
1903,1.3.19,Injuries,274,,,IN06,Insect bites,m7gI5QcfjBy,u3CkZqMHfHP,"10-19Yrs, Female",2025-06-14 12:31:53.170 +0300,2025-06-14 12:31:53.170 +0300
1904,1.3.19,Injuries,274,,,IN06,Insect bites,m7gI5QcfjBy,c7gvocRdg0f,"10-19Yrs, Male",2025-06-14 12:31:53.170 +0300,2025-06-14 12:31:53.170 +0300
1905,1.3.19,Injuries,274,,,IN06,Insect bites,m7gI5QcfjBy,XVHTeecEOM3,"20+Yrs, Female",2025-06-14 12:31:53.170 +0300,2025-06-14 12:31:53.170 +0300
1906,1.3.19,Injuries,274,,,IN06,Insect bites,m7gI5QcfjBy,dCKzhhINakS,"20+Yrs, Male",2025-06-14 12:31:53.170 +0300,2025-06-14 12:31:53.170 +0300
1907,1.3.19,Injuries,274,,,IN06,Insect bites,m7gI5QcfjBy,huBy3W5qiD2,"29Dys-4Yrs, Female",2025-06-14 12:31:53.170 +0300,2025-06-14 12:31:53.170 +0300
1908,1.3.19,Injuries,274,,,IN06,Insect bites,m7gI5QcfjBy,V2OuNTRI6ua,"29Dys-4Yrs, Male",2025-06-14 12:31:53.170 +0300,2025-06-14 12:31:53.170 +0300
1909,1.3.19,Injuries,274,,,IN06,Insect bites,m7gI5QcfjBy,Crc5reUlspd,"5-9Yrs, Female",2025-06-14 12:31:53.170 +0300,2025-06-14 12:31:53.170 +0300
1910,1.3.19,Injuries,274,,,IN06,Insect bites,m7gI5QcfjBy,F1rms8f9I9a,"5-9Yrs, Male",2025-06-14 12:31:53.170 +0300,2025-06-14 12:31:53.170 +0300
3294,1.3.19,Injuries,275,,,IN05,Snake bites,A1ai9kREPra,dCKzhhINakS,"20+Yrs, Male",2025-06-14 12:31:53.170 +0300,2025-06-14 12:31:53.170 +0300
3295,1.3.19,Injuries,275,,,IN05,Snake bites,A1ai9kREPra,huBy3W5qiD2,"29Dys-4Yrs, Female",2025-06-14 12:31:53.170 +0300,2025-06-14 12:31:53.170 +0300
3296,1.3.19,Injuries,275,,,IN05,Snake bites,A1ai9kREPra,V2OuNTRI6ua,"29Dys-4Yrs, Male",2025-06-14 12:31:53.170 +0300,2025-06-14 12:31:53.170 +0300
3297,1.3.19,Injuries,275,,,IN05,Snake bites,A1ai9kREPra,Crc5reUlspd,"5-9Yrs, Female",2025-06-14 12:31:53.170 +0300,2025-06-14 12:31:53.170 +0300
3298,1.3.19,Injuries,275,,,IN05,Snake bites,A1ai9kREPra,F1rms8f9I9a,"5-9Yrs, Male",2025-06-14 12:31:53.170 +0300,2025-06-14 12:31:53.170 +0300
3239,1.3.19,Injuries,267,,,IN01,Jaw injuries ,uxwJFKQu4TE,wDiX34aiw6i,"0-28Dys, Female",2025-06-14 12:31:53.170 +0300,2025-06-14 12:31:53.170 +0300
3240,1.3.19,Injuries,267,,,IN01,Jaw injuries ,uxwJFKQu4TE,zh2zAaHyYQx,"0-28Dys, Male",2025-06-14 12:31:53.170 +0300,2025-06-14 12:31:53.170 +0300
3241,1.3.19,Injuries,267,,,IN01,Jaw injuries ,uxwJFKQu4TE,u3CkZqMHfHP,"10-19Yrs, Female",2025-06-14 12:31:53.170 +0300,2025-06-14 12:31:53.170 +0300
3242,1.3.19,Injuries,267,,,IN01,Jaw injuries ,uxwJFKQu4TE,c7gvocRdg0f,"10-19Yrs, Male",2025-06-14 12:31:53.170 +0300,2025-06-14 12:31:53.170 +0300
3243,1.3.19,Injuries,267,,,IN01,Jaw injuries ,uxwJFKQu4TE,XVHTeecEOM3,"20+Yrs, Female",2025-06-14 12:31:53.170 +0300,2025-06-14 12:31:53.170 +0300
3244,1.3.19,Injuries,267,,,IN01,Jaw injuries ,uxwJFKQu4TE,dCKzhhINakS,"20+Yrs, Male",2025-06-14 12:31:53.170 +0300,2025-06-14 12:31:53.170 +0300
3245,1.3.19,Injuries,267,,,IN01,Jaw injuries ,uxwJFKQu4TE,huBy3W5qiD2,"29Dys-4Yrs, Female",2025-06-14 12:31:53.170 +0300,2025-06-14 12:31:53.170 +0300
3246,1.3.19,Injuries,267,,,IN01,Jaw injuries ,uxwJFKQu4TE,V2OuNTRI6ua,"29Dys-4Yrs, Male",2025-06-14 12:31:53.170 +0300,2025-06-14 12:31:53.170 +0300
3247,1.3.19,Injuries,267,,,IN01,Jaw injuries ,uxwJFKQu4TE,Crc5reUlspd,"5-9Yrs, Female",2025-06-14 12:31:53.170 +0300,2025-06-14 12:31:53.170 +0300
3248,1.3.19,Injuries,267,,,IN01,Jaw injuries ,uxwJFKQu4TE,F1rms8f9I9a,"5-9Yrs, Male",2025-06-14 12:31:53.170 +0300,2025-06-14 12:31:53.170 +0300
3249,1.3.19,Injuries,270,,,IN02,Injuries due to Gender based violence,bRYoCXTmJCB,wDiX34aiw6i,"0-28Dys, Female",2025-06-14 12:31:53.170 +0300,2025-06-14 12:31:53.170 +0300
3250,1.3.19,Injuries,270,,,IN02,Injuries due to Gender based violence,bRYoCXTmJCB,zh2zAaHyYQx,"0-28Dys, Male",2025-06-14 12:31:53.170 +0300,2025-06-14 12:31:53.170 +0300
3251,1.3.19,Injuries,270,,,IN02,Injuries due to Gender based violence,bRYoCXTmJCB,u3CkZqMHfHP,"10-19Yrs, Female",2025-06-14 12:31:53.170 +0300,2025-06-14 12:31:53.170 +0300
3252,1.3.19,Injuries,270,,,IN02,Injuries due to Gender based violence,bRYoCXTmJCB,c7gvocRdg0f,"10-19Yrs, Male",2025-06-14 12:31:53.170 +0300,2025-06-14 12:31:53.170 +0300
3253,1.3.19,Injuries,270,,,IN02,Injuries due to Gender based violence,bRYoCXTmJCB,XVHTeecEOM3,"20+Yrs, Female",2025-06-14 12:31:53.170 +0300,2025-06-14 12:31:53.170 +0300
3254,1.3.19,Injuries,270,,,IN02,Injuries due to Gender based violence,bRYoCXTmJCB,dCKzhhINakS,"20+Yrs, Male",2025-06-14 12:31:53.170 +0300,2025-06-14 12:31:53.170 +0300
3255,1.3.19,Injuries,270,,,IN02,Injuries due to Gender based violence,bRYoCXTmJCB,huBy3W5qiD2,"29Dys-4Yrs, Female",2025-06-14 12:31:53.170 +0300,2025-06-14 12:31:53.170 +0300
3256,1.3.19,Injuries,270,,,IN02,Injuries due to Gender based violence,bRYoCXTmJCB,V2OuNTRI6ua,"29Dys-4Yrs, Male",2025-06-14 12:31:53.170 +0300,2025-06-14 12:31:53.170 +0300
3257,1.3.19,Injuries,270,,,IN02,Injuries due to Gender based violence,bRYoCXTmJCB,Crc5reUlspd,"5-9Yrs, Female",2025-06-14 12:31:53.170 +0300,2025-06-14 12:31:53.170 +0300
3258,1.3.19,Injuries,270,,,IN02,Injuries due to Gender based violence,bRYoCXTmJCB,F1rms8f9I9a,"5-9Yrs, Male",2025-06-14 12:31:53.170 +0300,2025-06-14 12:31:53.170 +0300
3259,1.3.19,Injuries,271,,,IN03,Injuries (Trauma due to other causes),O7du4F9jOVw,wDiX34aiw6i,"0-28Dys, Female",2025-06-14 12:31:53.170 +0300,2025-06-14 12:31:53.170 +0300
3260,1.3.19,Injuries,271,,,IN03,Injuries (Trauma due to other causes),O7du4F9jOVw,zh2zAaHyYQx,"0-28Dys, Male",2025-06-14 12:31:53.170 +0300,2025-06-14 12:31:53.170 +0300
3261,1.3.19,Injuries,271,,,IN03,Injuries (Trauma due to other causes),O7du4F9jOVw,u3CkZqMHfHP,"10-19Yrs, Female",2025-06-14 12:31:53.170 +0300,2025-06-14 12:31:53.170 +0300
3262,1.3.19,Injuries,271,,,IN03,Injuries (Trauma due to other causes),O7du4F9jOVw,c7gvocRdg0f,"10-19Yrs, Male",2025-06-14 12:31:53.170 +0300,2025-06-14 12:31:53.170 +0300
3263,1.3.19,Injuries,271,,,IN03,Injuries (Trauma due to other causes),O7du4F9jOVw,XVHTeecEOM3,"20+Yrs, Female",2025-06-14 12:31:53.170 +0300,2025-06-14 12:31:53.170 +0300
3264,1.3.19,Injuries,271,,,IN03,Injuries (Trauma due to other causes),O7du4F9jOVw,dCKzhhINakS,"20+Yrs, Male",2025-06-14 12:31:53.170 +0300,2025-06-14 12:31:53.170 +0300
3265,1.3.19,Injuries,271,,,IN03,Injuries (Trauma due to other causes),O7du4F9jOVw,huBy3W5qiD2,"29Dys-4Yrs, Female",2025-06-14 12:31:53.170 +0300,2025-06-14 12:31:53.170 +0300
3266,1.3.19,Injuries,271,,,IN03,Injuries (Trauma due to other causes),O7du4F9jOVw,V2OuNTRI6ua,"29Dys-4Yrs, Male",2025-06-14 12:31:53.170 +0300,2025-06-14 12:31:53.170 +0300
3267,1.3.19,Injuries,271,,,IN03,Injuries (Trauma due to other causes),O7du4F9jOVw,Crc5reUlspd,"5-9Yrs, Female",2025-06-14 12:31:53.170 +0300,2025-06-14 12:31:53.170 +0300
3268,1.3.19,Injuries,271,,,IN03,Injuries (Trauma due to other causes),O7du4F9jOVw,F1rms8f9I9a,"5-9Yrs, Male",2025-06-14 12:31:53.170 +0300,2025-06-14 12:31:53.170 +0300
3269,1.3.19,Injuries,272,,,IN04a,Animal bites - Domestic,XzmwRedvq4X,wDiX34aiw6i,"0-28Dys, Female",2025-06-14 12:31:53.170 +0300,2025-06-14 12:31:53.170 +0300
3270,1.3.19,Injuries,272,,,IN04a,Animal bites - Domestic,XzmwRedvq4X,zh2zAaHyYQx,"0-28Dys, Male",2025-06-14 12:31:53.170 +0300,2025-06-14 12:31:53.170 +0300
3271,1.3.19,Injuries,272,,,IN04a,Animal bites - Domestic,XzmwRedvq4X,u3CkZqMHfHP,"10-19Yrs, Female",2025-06-14 12:31:53.170 +0300,2025-06-14 12:31:53.170 +0300
3272,1.3.19,Injuries,272,,,IN04a,Animal bites - Domestic,XzmwRedvq4X,c7gvocRdg0f,"10-19Yrs, Male",2025-06-14 12:31:53.170 +0300,2025-06-14 12:31:53.170 +0300
3273,1.3.19,Injuries,272,,,IN04a,Animal bites - Domestic,XzmwRedvq4X,XVHTeecEOM3,"20+Yrs, Female",2025-06-14 12:31:53.170 +0300,2025-06-14 12:31:53.170 +0300
3274,1.3.19,Injuries,272,,,IN04a,Animal bites - Domestic,XzmwRedvq4X,dCKzhhINakS,"20+Yrs, Male",2025-06-14 12:31:53.170 +0300,2025-06-14 12:31:53.170 +0300
3275,1.3.19,Injuries,272,,,IN04a,Animal bites - Domestic,XzmwRedvq4X,huBy3W5qiD2,"29Dys-4Yrs, Female",2025-06-14 12:31:53.170 +0300,2025-06-14 12:31:53.170 +0300
3276,1.3.19,Injuries,272,,,IN04a,Animal bites - Domestic,XzmwRedvq4X,V2OuNTRI6ua,"29Dys-4Yrs, Male",2025-06-14 12:31:53.170 +0300,2025-06-14 12:31:53.170 +0300
3277,1.3.19,Injuries,272,,,IN04a,Animal bites - Domestic,XzmwRedvq4X,Crc5reUlspd,"5-9Yrs, Female",2025-06-14 12:31:53.170 +0300,2025-06-14 12:31:53.170 +0300
3278,1.3.19,Injuries,272,,,IN04a,Animal bites - Domestic,XzmwRedvq4X,F1rms8f9I9a,"5-9Yrs, Male",2025-06-14 12:31:53.170 +0300,2025-06-14 12:31:53.170 +0300
3279,1.3.19,Injuries,273,,,IN04b,Animal bites - Wild,rrBvaJRsH44,wDiX34aiw6i,"0-28Dys, Female",2025-06-14 12:31:53.170 +0300,2025-06-14 12:31:53.170 +0300
3280,1.3.19,Injuries,273,,,IN04b,Animal bites - Wild,rrBvaJRsH44,zh2zAaHyYQx,"0-28Dys, Male",2025-06-14 12:31:53.170 +0300,2025-06-14 12:31:53.170 +0300
3281,1.3.19,Injuries,273,,,IN04b,Animal bites - Wild,rrBvaJRsH44,u3CkZqMHfHP,"10-19Yrs, Female",2025-06-14 12:31:53.170 +0300,2025-06-14 12:31:53.170 +0300
3282,1.3.19,Injuries,273,,,IN04b,Animal bites - Wild,rrBvaJRsH44,c7gvocRdg0f,"10-19Yrs, Male",2025-06-14 12:31:53.170 +0300,2025-06-14 12:31:53.170 +0300
3283,1.3.19,Injuries,273,,,IN04b,Animal bites - Wild,rrBvaJRsH44,XVHTeecEOM3,"20+Yrs, Female",2025-06-14 12:31:53.170 +0300,2025-06-14 12:31:53.170 +0300
3284,1.3.19,Injuries,273,,,IN04b,Animal bites - Wild,rrBvaJRsH44,dCKzhhINakS,"20+Yrs, Male",2025-06-14 12:31:53.170 +0300,2025-06-14 12:31:53.170 +0300
3285,1.3.19,Injuries,273,,,IN04b,Animal bites - Wild,rrBvaJRsH44,huBy3W5qiD2,"29Dys-4Yrs, Female",2025-06-14 12:31:53.170 +0300,2025-06-14 12:31:53.170 +0300
3286,1.3.19,Injuries,273,,,IN04b,Animal bites - Wild,rrBvaJRsH44,V2OuNTRI6ua,"29Dys-4Yrs, Male",2025-06-14 12:31:53.170 +0300,2025-06-14 12:31:53.170 +0300
3287,1.3.19,Injuries,273,,,IN04b,Animal bites - Wild,rrBvaJRsH44,Crc5reUlspd,"5-9Yrs, Female",2025-06-14 12:31:53.170 +0300,2025-06-14 12:31:53.170 +0300
3288,1.3.19,Injuries,273,,,IN04b,Animal bites - Wild,rrBvaJRsH44,F1rms8f9I9a,"5-9Yrs, Male",2025-06-14 12:31:53.170 +0300,2025-06-14 12:31:53.170 +0300
3289,1.3.19,Injuries,275,,,IN05,Snake bites,A1ai9kREPra,wDiX34aiw6i,"0-28Dys, Female",2025-06-14 12:31:53.170 +0300,2025-06-14 12:31:53.170 +0300
3290,1.3.19,Injuries,275,,,IN05,Snake bites,A1ai9kREPra,zh2zAaHyYQx,"0-28Dys, Male",2025-06-14 12:31:53.170 +0300,2025-06-14 12:31:53.170 +0300
3291,1.3.19,Injuries,275,,,IN05,Snake bites,A1ai9kREPra,u3CkZqMHfHP,"10-19Yrs, Female",2025-06-14 12:31:53.170 +0300,2025-06-14 12:31:53.170 +0300
3292,1.3.19,Injuries,275,,,IN05,Snake bites,A1ai9kREPra,c7gvocRdg0f,"10-19Yrs, Male",2025-06-14 12:31:53.170 +0300,2025-06-14 12:31:53.170 +0300
3299,1.3.19,Injuries,274,,,IN06,Insect bites,m7gI5QcfjBy,wDiX34aiw6i,"0-28Dys, Female",2025-06-14 12:31:53.170 +0300,2025-06-14 12:31:53.170 +0300
3300,1.3.19,Injuries,274,,,IN06,Insect bites,m7gI5QcfjBy,zh2zAaHyYQx,"0-28Dys, Male",2025-06-14 12:31:53.170 +0300,2025-06-14 12:31:53.170 +0300
3301,1.3.19,Injuries,274,,,IN06,Insect bites,m7gI5QcfjBy,u3CkZqMHfHP,"10-19Yrs, Female",2025-06-14 12:31:53.170 +0300,2025-06-14 12:31:53.170 +0300
3302,1.3.19,Injuries,274,,,IN06,Insect bites,m7gI5QcfjBy,c7gvocRdg0f,"10-19Yrs, Male",2025-06-14 12:31:53.170 +0300,2025-06-14 12:31:53.170 +0300
3303,1.3.19,Injuries,274,,,IN06,Insect bites,m7gI5QcfjBy,XVHTeecEOM3,"20+Yrs, Female",2025-06-14 12:31:53.170 +0300,2025-06-14 12:31:53.170 +0300
3304,1.3.19,Injuries,274,,,IN06,Insect bites,m7gI5QcfjBy,dCKzhhINakS,"20+Yrs, Male",2025-06-14 12:31:53.170 +0300,2025-06-14 12:31:53.170 +0300
3305,1.3.19,Injuries,274,,,IN06,Insect bites,m7gI5QcfjBy,huBy3W5qiD2,"29Dys-4Yrs, Female",2025-06-14 12:31:53.170 +0300,2025-06-14 12:31:53.170 +0300
3306,1.3.19,Injuries,274,,,IN06,Insect bites,m7gI5QcfjBy,V2OuNTRI6ua,"29Dys-4Yrs, Male",2025-06-14 12:31:53.170 +0300,2025-06-14 12:31:53.170 +0300
3307,1.3.19,Injuries,274,,,IN06,Insect bites,m7gI5QcfjBy,Crc5reUlspd,"5-9Yrs, Female",2025-06-14 12:31:53.170 +0300,2025-06-14 12:31:53.170 +0300
3308,1.3.19,Injuries,274,,,IN06,Insect bites,m7gI5QcfjBy,F1rms8f9I9a,"5-9Yrs, Male",2025-06-14 12:31:53.170 +0300,2025-06-14 12:31:53.170 +0300
281,1.3.2,Other infectious/Communicable Diseases,171,,,CD01,Diarrhoea - Acute,LiSyn6bblsc,wDiX34aiw6i,"0-28Dys, Female",2025-06-14 12:31:53.170 +0300,2025-06-14 12:31:53.170 +0300
282,1.3.2,Other infectious/Communicable Diseases,171,,,CD01,Diarrhoea - Acute,LiSyn6bblsc,zh2zAaHyYQx,"0-28Dys, Male",2025-06-14 12:31:53.170 +0300,2025-06-14 12:31:53.170 +0300
283,1.3.2,Other infectious/Communicable Diseases,171,,,CD01,Diarrhoea - Acute,LiSyn6bblsc,u3CkZqMHfHP,"10-19Yrs, Female",2025-06-14 12:31:53.170 +0300,2025-06-14 12:31:53.170 +0300
284,1.3.2,Other infectious/Communicable Diseases,171,,,CD01,Diarrhoea - Acute,LiSyn6bblsc,c7gvocRdg0f,"10-19Yrs, Male",2025-06-14 12:31:53.170 +0300,2025-06-14 12:31:53.170 +0300
285,1.3.2,Other infectious/Communicable Diseases,171,,,CD01,Diarrhoea - Acute,LiSyn6bblsc,XVHTeecEOM3,"20+Yrs, Female",2025-06-14 12:31:53.170 +0300,2025-06-14 12:31:53.170 +0300
286,1.3.2,Other infectious/Communicable Diseases,171,,,CD01,Diarrhoea - Acute,LiSyn6bblsc,dCKzhhINakS,"20+Yrs, Male",2025-06-14 12:31:53.170 +0300,2025-06-14 12:31:53.170 +0300
287,1.3.2,Other infectious/Communicable Diseases,171,,,CD01,Diarrhoea - Acute,LiSyn6bblsc,huBy3W5qiD2,"29Dys-4Yrs, Female",2025-06-14 12:31:53.170 +0300,2025-06-14 12:31:53.170 +0300
288,1.3.2,Other infectious/Communicable Diseases,171,,,CD01,Diarrhoea - Acute,LiSyn6bblsc,V2OuNTRI6ua,"29Dys-4Yrs, Male",2025-06-14 12:31:53.170 +0300,2025-06-14 12:31:53.170 +0300
289,1.3.2,Other infectious/Communicable Diseases,171,,,CD01,Diarrhoea - Acute,LiSyn6bblsc,Crc5reUlspd,"5-9Yrs, Female",2025-06-14 12:31:53.170 +0300,2025-06-14 12:31:53.170 +0300
290,1.3.2,Other infectious/Communicable Diseases,171,,,CD01,Diarrhoea - Acute,LiSyn6bblsc,F1rms8f9I9a,"5-9Yrs, Male",2025-06-14 12:31:53.170 +0300,2025-06-14 12:31:53.170 +0300
291,1.3.2,Other infectious/Communicable Diseases,172,7636,Persistent cloaca,CD02,Diarrhoea - Persistent,Kz1EDWfsQvI,wDiX34aiw6i,"0-28Dys, Female",2025-06-14 12:31:53.170 +0300,2025-06-14 12:31:53.170 +0300
292,1.3.2,Other infectious/Communicable Diseases,172,7636,Persistent cloaca,CD02,Diarrhoea - Persistent,Kz1EDWfsQvI,zh2zAaHyYQx,"0-28Dys, Male",2025-06-14 12:31:53.170 +0300,2025-06-14 12:31:53.170 +0300
293,1.3.2,Other infectious/Communicable Diseases,172,7636,Persistent cloaca,CD02,Diarrhoea - Persistent,Kz1EDWfsQvI,u3CkZqMHfHP,"10-19Yrs, Female",2025-06-14 12:31:53.170 +0300,2025-06-14 12:31:53.170 +0300
294,1.3.2,Other infectious/Communicable Diseases,172,7636,Persistent cloaca,CD02,Diarrhoea - Persistent,Kz1EDWfsQvI,c7gvocRdg0f,"10-19Yrs, Male",2025-06-14 12:31:53.170 +0300,2025-06-14 12:31:53.170 +0300
295,1.3.2,Other infectious/Communicable Diseases,172,7636,Persistent cloaca,CD02,Diarrhoea - Persistent,Kz1EDWfsQvI,XVHTeecEOM3,"20+Yrs, Female",2025-06-14 12:31:53.170 +0300,2025-06-14 12:31:53.170 +0300
296,1.3.2,Other infectious/Communicable Diseases,172,7636,Persistent cloaca,CD02,Diarrhoea - Persistent,Kz1EDWfsQvI,dCKzhhINakS,"20+Yrs, Male",2025-06-14 12:31:53.170 +0300,2025-06-14 12:31:53.170 +0300
297,1.3.2,Other infectious/Communicable Diseases,172,7636,Persistent cloaca,CD02,Diarrhoea - Persistent,Kz1EDWfsQvI,huBy3W5qiD2,"29Dys-4Yrs, Female",2025-06-14 12:31:53.170 +0300,2025-06-14 12:31:53.170 +0300
298,1.3.2,Other infectious/Communicable Diseases,172,7636,Persistent cloaca,CD02,Diarrhoea - Persistent,Kz1EDWfsQvI,V2OuNTRI6ua,"29Dys-4Yrs, Male",2025-06-14 12:31:53.170 +0300,2025-06-14 12:31:53.170 +0300
299,1.3.2,Other infectious/Communicable Diseases,172,7636,Persistent cloaca,CD02,Diarrhoea - Persistent,Kz1EDWfsQvI,Crc5reUlspd,"5-9Yrs, Female",2025-06-14 12:31:53.170 +0300,2025-06-14 12:31:53.170 +0300
300,1.3.2,Other infectious/Communicable Diseases,172,7636,Persistent cloaca,CD02,Diarrhoea - Persistent,Kz1EDWfsQvI,F1rms8f9I9a,"5-9Yrs, Male",2025-06-14 12:31:53.170 +0300,2025-06-14 12:31:53.170 +0300
301,1.3.2,Other infectious/Communicable Diseases,173,8159,Urethral discharge,CD03,Urethral discharges,MIzh6JUSxX9,wDiX34aiw6i,"0-28Dys, Female",2025-06-14 12:31:53.170 +0300,2025-06-14 12:31:53.170 +0300
302,1.3.2,Other infectious/Communicable Diseases,173,8159,Urethral discharge,CD03,Urethral discharges,MIzh6JUSxX9,zh2zAaHyYQx,"0-28Dys, Male",2025-06-14 12:31:53.170 +0300,2025-06-14 12:31:53.170 +0300
303,1.3.2,Other infectious/Communicable Diseases,173,8159,Urethral discharge,CD03,Urethral discharges,MIzh6JUSxX9,u3CkZqMHfHP,"10-19Yrs, Female",2025-06-14 12:31:53.170 +0300,2025-06-14 12:31:53.170 +0300
304,1.3.2,Other infectious/Communicable Diseases,173,8159,Urethral discharge,CD03,Urethral discharges,MIzh6JUSxX9,c7gvocRdg0f,"10-19Yrs, Male",2025-06-14 12:31:53.170 +0300,2025-06-14 12:31:53.170 +0300
305,1.3.2,Other infectious/Communicable Diseases,173,8159,Urethral discharge,CD03,Urethral discharges,MIzh6JUSxX9,XVHTeecEOM3,"20+Yrs, Female",2025-06-14 12:31:53.170 +0300,2025-06-14 12:31:53.170 +0300
306,1.3.2,Other infectious/Communicable Diseases,173,8159,Urethral discharge,CD03,Urethral discharges,MIzh6JUSxX9,dCKzhhINakS,"20+Yrs, Male",2025-06-14 12:31:53.170 +0300,2025-06-14 12:31:53.170 +0300
307,1.3.2,Other infectious/Communicable Diseases,173,8159,Urethral discharge,CD03,Urethral discharges,MIzh6JUSxX9,huBy3W5qiD2,"29Dys-4Yrs, Female",2025-06-14 12:31:53.170 +0300,2025-06-14 12:31:53.170 +0300
308,1.3.2,Other infectious/Communicable Diseases,173,8159,Urethral discharge,CD03,Urethral discharges,MIzh6JUSxX9,V2OuNTRI6ua,"29Dys-4Yrs, Male",2025-06-14 12:31:53.170 +0300,2025-06-14 12:31:53.170 +0300
309,1.3.2,Other infectious/Communicable Diseases,173,8159,Urethral discharge,CD03,Urethral discharges,MIzh6JUSxX9,Crc5reUlspd,"5-9Yrs, Female",2025-06-14 12:31:53.170 +0300,2025-06-14 12:31:53.170 +0300
310,1.3.2,Other infectious/Communicable Diseases,173,8159,Urethral discharge,CD03,Urethral discharges,MIzh6JUSxX9,F1rms8f9I9a,"5-9Yrs, Male",2025-06-14 12:31:53.170 +0300,2025-06-14 12:31:53.170 +0300
311,1.3.2,Other infectious/Communicable Diseases,174,,,CD04 ,Genital ulcers,MxD5pnf5rVM,wDiX34aiw6i,"0-28Dys, Female",2025-06-14 12:31:53.170 +0300,2025-06-14 12:31:53.170 +0300
312,1.3.2,Other infectious/Communicable Diseases,174,,,CD04 ,Genital ulcers,MxD5pnf5rVM,zh2zAaHyYQx,"0-28Dys, Male",2025-06-14 12:31:53.170 +0300,2025-06-14 12:31:53.170 +0300
313,1.3.2,Other infectious/Communicable Diseases,174,,,CD04 ,Genital ulcers,MxD5pnf5rVM,u3CkZqMHfHP,"10-19Yrs, Female",2025-06-14 12:31:53.170 +0300,2025-06-14 12:31:53.170 +0300
314,1.3.2,Other infectious/Communicable Diseases,174,,,CD04 ,Genital ulcers,MxD5pnf5rVM,c7gvocRdg0f,"10-19Yrs, Male",2025-06-14 12:31:53.170 +0300,2025-06-14 12:31:53.170 +0300
315,1.3.2,Other infectious/Communicable Diseases,174,,,CD04 ,Genital ulcers,MxD5pnf5rVM,XVHTeecEOM3,"20+Yrs, Female",2025-06-14 12:31:53.170 +0300,2025-06-14 12:31:53.170 +0300
316,1.3.2,Other infectious/Communicable Diseases,174,,,CD04 ,Genital ulcers,MxD5pnf5rVM,dCKzhhINakS,"20+Yrs, Male",2025-06-14 12:31:53.170 +0300,2025-06-14 12:31:53.170 +0300
317,1.3.2,Other infectious/Communicable Diseases,174,,,CD04 ,Genital ulcers,MxD5pnf5rVM,huBy3W5qiD2,"29Dys-4Yrs, Female",2025-06-14 12:31:53.170 +0300,2025-06-14 12:31:53.170 +0300
318,1.3.2,Other infectious/Communicable Diseases,174,,,CD04 ,Genital ulcers,MxD5pnf5rVM,V2OuNTRI6ua,"29Dys-4Yrs, Male",2025-06-14 12:31:53.170 +0300,2025-06-14 12:31:53.170 +0300
319,1.3.2,Other infectious/Communicable Diseases,174,,,CD04 ,Genital ulcers,MxD5pnf5rVM,Crc5reUlspd,"5-9Yrs, Female",2025-06-14 12:31:53.170 +0300,2025-06-14 12:31:53.170 +0300
320,1.3.2,Other infectious/Communicable Diseases,174,,,CD04 ,Genital ulcers,MxD5pnf5rVM,F1rms8f9I9a,"5-9Yrs, Male",2025-06-14 12:31:53.170 +0300,2025-06-14 12:31:53.170 +0300
321,1.3.2,Other infectious/Communicable Diseases,175,,,CD05,Sexually Transmitted Infection due to Sexual Gender Based Violence ,Cw3RNymXWjr,wDiX34aiw6i,"0-28Dys, Female",2025-06-14 12:31:53.170 +0300,2025-06-14 12:31:53.170 +0300
322,1.3.2,Other infectious/Communicable Diseases,175,,,CD05,Sexually Transmitted Infection due to Sexual Gender Based Violence ,Cw3RNymXWjr,zh2zAaHyYQx,"0-28Dys, Male",2025-06-14 12:31:53.170 +0300,2025-06-14 12:31:53.170 +0300
323,1.3.2,Other infectious/Communicable Diseases,175,,,CD05,Sexually Transmitted Infection due to Sexual Gender Based Violence ,Cw3RNymXWjr,u3CkZqMHfHP,"10-19Yrs, Female",2025-06-14 12:31:53.170 +0300,2025-06-14 12:31:53.170 +0300
324,1.3.2,Other infectious/Communicable Diseases,175,,,CD05,Sexually Transmitted Infection due to Sexual Gender Based Violence ,Cw3RNymXWjr,c7gvocRdg0f,"10-19Yrs, Male",2025-06-14 12:31:53.170 +0300,2025-06-14 12:31:53.170 +0300
325,1.3.2,Other infectious/Communicable Diseases,175,,,CD05,Sexually Transmitted Infection due to Sexual Gender Based Violence ,Cw3RNymXWjr,XVHTeecEOM3,"20+Yrs, Female",2025-06-14 12:31:53.170 +0300,2025-06-14 12:31:53.170 +0300
326,1.3.2,Other infectious/Communicable Diseases,175,,,CD05,Sexually Transmitted Infection due to Sexual Gender Based Violence ,Cw3RNymXWjr,dCKzhhINakS,"20+Yrs, Male",2025-06-14 12:31:53.170 +0300,2025-06-14 12:31:53.170 +0300
327,1.3.2,Other infectious/Communicable Diseases,175,,,CD05,Sexually Transmitted Infection due to Sexual Gender Based Violence ,Cw3RNymXWjr,huBy3W5qiD2,"29Dys-4Yrs, Female",2025-06-14 12:31:53.170 +0300,2025-06-14 12:31:53.170 +0300
328,1.3.2,Other infectious/Communicable Diseases,175,,,CD05,Sexually Transmitted Infection due to Sexual Gender Based Violence ,Cw3RNymXWjr,V2OuNTRI6ua,"29Dys-4Yrs, Male",2025-06-14 12:31:53.170 +0300,2025-06-14 12:31:53.170 +0300
329,1.3.2,Other infectious/Communicable Diseases,175,,,CD05,Sexually Transmitted Infection due to Sexual Gender Based Violence ,Cw3RNymXWjr,Crc5reUlspd,"5-9Yrs, Female",2025-06-14 12:31:53.170 +0300,2025-06-14 12:31:53.170 +0300
330,1.3.2,Other infectious/Communicable Diseases,175,,,CD05,Sexually Transmitted Infection due to Sexual Gender Based Violence ,Cw3RNymXWjr,F1rms8f9I9a,"5-9Yrs, Male",2025-06-14 12:31:53.170 +0300,2025-06-14 12:31:53.170 +0300
331,1.3.2,Other infectious/Communicable Diseases,176,,,CD06,Other Sexually Transmitted Infections,KaqDbaq0Yce,wDiX34aiw6i,"0-28Dys, Female",2025-06-14 12:31:53.170 +0300,2025-06-14 12:31:53.170 +0300
332,1.3.2,Other infectious/Communicable Diseases,176,,,CD06,Other Sexually Transmitted Infections,KaqDbaq0Yce,zh2zAaHyYQx,"0-28Dys, Male",2025-06-14 12:31:53.170 +0300,2025-06-14 12:31:53.170 +0300
333,1.3.2,Other infectious/Communicable Diseases,176,,,CD06,Other Sexually Transmitted Infections,KaqDbaq0Yce,u3CkZqMHfHP,"10-19Yrs, Female",2025-06-14 12:31:53.170 +0300,2025-06-14 12:31:53.170 +0300
334,1.3.2,Other infectious/Communicable Diseases,176,,,CD06,Other Sexually Transmitted Infections,KaqDbaq0Yce,c7gvocRdg0f,"10-19Yrs, Male",2025-06-14 12:31:53.170 +0300,2025-06-14 12:31:53.170 +0300
335,1.3.2,Other infectious/Communicable Diseases,176,,,CD06,Other Sexually Transmitted Infections,KaqDbaq0Yce,XVHTeecEOM3,"20+Yrs, Female",2025-06-14 12:31:53.170 +0300,2025-06-14 12:31:53.170 +0300
336,1.3.2,Other infectious/Communicable Diseases,176,,,CD06,Other Sexually Transmitted Infections,KaqDbaq0Yce,dCKzhhINakS,"20+Yrs, Male",2025-06-14 12:31:53.170 +0300,2025-06-14 12:31:53.170 +0300
337,1.3.2,Other infectious/Communicable Diseases,176,,,CD06,Other Sexually Transmitted Infections,KaqDbaq0Yce,huBy3W5qiD2,"29Dys-4Yrs, Female",2025-06-14 12:31:53.170 +0300,2025-06-14 12:31:53.170 +0300
338,1.3.2,Other infectious/Communicable Diseases,176,,,CD06,Other Sexually Transmitted Infections,KaqDbaq0Yce,V2OuNTRI6ua,"29Dys-4Yrs, Male",2025-06-14 12:31:53.170 +0300,2025-06-14 12:31:53.170 +0300
339,1.3.2,Other infectious/Communicable Diseases,176,,,CD06,Other Sexually Transmitted Infections,KaqDbaq0Yce,Crc5reUlspd,"5-9Yrs, Female",2025-06-14 12:31:53.170 +0300,2025-06-14 12:31:53.170 +0300
340,1.3.2,Other infectious/Communicable Diseases,176,,,CD06,Other Sexually Transmitted Infections,KaqDbaq0Yce,F1rms8f9I9a,"5-9Yrs, Male",2025-06-14 12:31:53.170 +0300,2025-06-14 12:31:53.170 +0300
341,1.3.2,Other infectious/Communicable Diseases,177,,,CD07,Urinary Tract Infections (UTI),WIJ0fbjLIJh,wDiX34aiw6i,"0-28Dys, Female",2025-06-14 12:31:53.170 +0300,2025-06-14 12:31:53.170 +0300
342,1.3.2,Other infectious/Communicable Diseases,177,,,CD07,Urinary Tract Infections (UTI),WIJ0fbjLIJh,zh2zAaHyYQx,"0-28Dys, Male",2025-06-14 12:31:53.170 +0300,2025-06-14 12:31:53.170 +0300
343,1.3.2,Other infectious/Communicable Diseases,177,,,CD07,Urinary Tract Infections (UTI),WIJ0fbjLIJh,u3CkZqMHfHP,"10-19Yrs, Female",2025-06-14 12:31:53.170 +0300,2025-06-14 12:31:53.170 +0300
344,1.3.2,Other infectious/Communicable Diseases,177,,,CD07,Urinary Tract Infections (UTI),WIJ0fbjLIJh,c7gvocRdg0f,"10-19Yrs, Male",2025-06-14 12:31:53.170 +0300,2025-06-14 12:31:53.170 +0300
345,1.3.2,Other infectious/Communicable Diseases,177,,,CD07,Urinary Tract Infections (UTI),WIJ0fbjLIJh,XVHTeecEOM3,"20+Yrs, Female",2025-06-14 12:31:53.170 +0300,2025-06-14 12:31:53.170 +0300
346,1.3.2,Other infectious/Communicable Diseases,177,,,CD07,Urinary Tract Infections (UTI),WIJ0fbjLIJh,dCKzhhINakS,"20+Yrs, Male",2025-06-14 12:31:53.170 +0300,2025-06-14 12:31:53.170 +0300
347,1.3.2,Other infectious/Communicable Diseases,177,,,CD07,Urinary Tract Infections (UTI),WIJ0fbjLIJh,huBy3W5qiD2,"29Dys-4Yrs, Female",2025-06-14 12:31:53.170 +0300,2025-06-14 12:31:53.170 +0300
348,1.3.2,Other infectious/Communicable Diseases,177,,,CD07,Urinary Tract Infections (UTI),WIJ0fbjLIJh,V2OuNTRI6ua,"29Dys-4Yrs, Male",2025-06-14 12:31:53.170 +0300,2025-06-14 12:31:53.170 +0300
349,1.3.2,Other infectious/Communicable Diseases,177,,,CD07,Urinary Tract Infections (UTI),WIJ0fbjLIJh,Crc5reUlspd,"5-9Yrs, Female",2025-06-14 12:31:53.170 +0300,2025-06-14 12:31:53.170 +0300
350,1.3.2,Other infectious/Communicable Diseases,177,,,CD07,Urinary Tract Infections (UTI),WIJ0fbjLIJh,F1rms8f9I9a,"5-9Yrs, Male",2025-06-14 12:31:53.170 +0300,2025-06-14 12:31:53.170 +0300
351,1.3.2,Other infectious/Communicable Diseases,178,,,CD08,Intestinal Worms,FPXwKGEV96K,wDiX34aiw6i,"0-28Dys, Female",2025-06-14 12:31:53.170 +0300,2025-06-14 12:31:53.170 +0300
352,1.3.2,Other infectious/Communicable Diseases,178,,,CD08,Intestinal Worms,FPXwKGEV96K,zh2zAaHyYQx,"0-28Dys, Male",2025-06-14 12:31:53.170 +0300,2025-06-14 12:31:53.170 +0300
353,1.3.2,Other infectious/Communicable Diseases,178,,,CD08,Intestinal Worms,FPXwKGEV96K,u3CkZqMHfHP,"10-19Yrs, Female",2025-06-14 12:31:53.170 +0300,2025-06-14 12:31:53.170 +0300
354,1.3.2,Other infectious/Communicable Diseases,178,,,CD08,Intestinal Worms,FPXwKGEV96K,c7gvocRdg0f,"10-19Yrs, Male",2025-06-14 12:31:53.170 +0300,2025-06-14 12:31:53.170 +0300
355,1.3.2,Other infectious/Communicable Diseases,178,,,CD08,Intestinal Worms,FPXwKGEV96K,XVHTeecEOM3,"20+Yrs, Female",2025-06-14 12:31:53.170 +0300,2025-06-14 12:31:53.170 +0300
356,1.3.2,Other infectious/Communicable Diseases,178,,,CD08,Intestinal Worms,FPXwKGEV96K,dCKzhhINakS,"20+Yrs, Male",2025-06-14 12:31:53.170 +0300,2025-06-14 12:31:53.170 +0300
357,1.3.2,Other infectious/Communicable Diseases,178,,,CD08,Intestinal Worms,FPXwKGEV96K,huBy3W5qiD2,"29Dys-4Yrs, Female",2025-06-14 12:31:53.170 +0300,2025-06-14 12:31:53.170 +0300
358,1.3.2,Other infectious/Communicable Diseases,178,,,CD08,Intestinal Worms,FPXwKGEV96K,V2OuNTRI6ua,"29Dys-4Yrs, Male",2025-06-14 12:31:53.170 +0300,2025-06-14 12:31:53.170 +0300
359,1.3.2,Other infectious/Communicable Diseases,178,,,CD08,Intestinal Worms,FPXwKGEV96K,Crc5reUlspd,"5-9Yrs, Female",2025-06-14 12:31:53.170 +0300,2025-06-14 12:31:53.170 +0300
360,1.3.2,Other infectious/Communicable Diseases,178,,,CD08,Intestinal Worms,FPXwKGEV96K,F1rms8f9I9a,"5-9Yrs, Male",2025-06-14 12:31:53.170 +0300,2025-06-14 12:31:53.170 +0300
361,1.3.2,Other infectious/Communicable Diseases,179,2863,Haemophilus meningitis,CD09,Haematological Meningitis,lK3JqDK80k7,wDiX34aiw6i,"0-28Dys, Female",2025-06-14 12:31:53.170 +0300,2025-06-14 12:31:53.170 +0300
362,1.3.2,Other infectious/Communicable Diseases,179,2863,Haemophilus meningitis,CD09,Haematological Meningitis,lK3JqDK80k7,zh2zAaHyYQx,"0-28Dys, Male",2025-06-14 12:31:53.170 +0300,2025-06-14 12:31:53.170 +0300
363,1.3.2,Other infectious/Communicable Diseases,179,2863,Haemophilus meningitis,CD09,Haematological Meningitis,lK3JqDK80k7,u3CkZqMHfHP,"10-19Yrs, Female",2025-06-14 12:31:53.170 +0300,2025-06-14 12:31:53.170 +0300
364,1.3.2,Other infectious/Communicable Diseases,179,2863,Haemophilus meningitis,CD09,Haematological Meningitis,lK3JqDK80k7,c7gvocRdg0f,"10-19Yrs, Male",2025-06-14 12:31:53.170 +0300,2025-06-14 12:31:53.170 +0300
365,1.3.2,Other infectious/Communicable Diseases,179,2863,Haemophilus meningitis,CD09,Haematological Meningitis,lK3JqDK80k7,XVHTeecEOM3,"20+Yrs, Female",2025-06-14 12:31:53.170 +0300,2025-06-14 12:31:53.170 +0300
366,1.3.2,Other infectious/Communicable Diseases,179,2863,Haemophilus meningitis,CD09,Haematological Meningitis,lK3JqDK80k7,dCKzhhINakS,"20+Yrs, Male",2025-06-14 12:31:53.170 +0300,2025-06-14 12:31:53.170 +0300
367,1.3.2,Other infectious/Communicable Diseases,179,2863,Haemophilus meningitis,CD09,Haematological Meningitis,lK3JqDK80k7,huBy3W5qiD2,"29Dys-4Yrs, Female",2025-06-14 12:31:53.170 +0300,2025-06-14 12:31:53.170 +0300
368,1.3.2,Other infectious/Communicable Diseases,179,2863,Haemophilus meningitis,CD09,Haematological Meningitis,lK3JqDK80k7,V2OuNTRI6ua,"29Dys-4Yrs, Male",2025-06-14 12:31:53.170 +0300,2025-06-14 12:31:53.170 +0300
369,1.3.2,Other infectious/Communicable Diseases,179,2863,Haemophilus meningitis,CD09,Haematological Meningitis,lK3JqDK80k7,Crc5reUlspd,"5-9Yrs, Female",2025-06-14 12:31:53.170 +0300,2025-06-14 12:31:53.170 +0300
370,1.3.2,Other infectious/Communicable Diseases,179,2863,Haemophilus meningitis,CD09,Haematological Meningitis,lK3JqDK80k7,F1rms8f9I9a,"5-9Yrs, Male",2025-06-14 12:31:53.170 +0300,2025-06-14 12:31:53.170 +0300
371,1.3.2,Other Infectious/Communicable Diseases,180,,,CD11, Other types of meningitis ,TDUjUDLnV9v,wDiX34aiw6i,"0-28Dys, Female",2025-06-14 12:31:53.170 +0300,2025-06-14 12:31:53.170 +0300
372,1.3.2,Other Infectious/Communicable Diseases,180,,,CD11, Other types of meningitis ,TDUjUDLnV9v,zh2zAaHyYQx,"0-28Dys, Male",2025-06-14 12:31:53.170 +0300,2025-06-14 12:31:53.170 +0300
373,1.3.2,Other Infectious/Communicable Diseases,180,,,CD11, Other types of meningitis ,TDUjUDLnV9v,u3CkZqMHfHP,"10-19Yrs, Female",2025-06-14 12:31:53.170 +0300,2025-06-14 12:31:53.170 +0300
374,1.3.2,Other Infectious/Communicable Diseases,180,,,CD11, Other types of meningitis ,TDUjUDLnV9v,c7gvocRdg0f,"10-19Yrs, Male",2025-06-14 12:31:53.170 +0300,2025-06-14 12:31:53.170 +0300
375,1.3.2,Other Infectious/Communicable Diseases,180,,,CD11, Other types of meningitis ,TDUjUDLnV9v,XVHTeecEOM3,"20+Yrs, Female",2025-06-14 12:31:53.170 +0300,2025-06-14 12:31:53.170 +0300
376,1.3.2,Other Infectious/Communicable Diseases,180,,,CD11, Other types of meningitis ,TDUjUDLnV9v,dCKzhhINakS,"20+Yrs, Male",2025-06-14 12:31:53.170 +0300,2025-06-14 12:31:53.170 +0300
377,1.3.2,Other Infectious/Communicable Diseases,180,,,CD11, Other types of meningitis ,TDUjUDLnV9v,huBy3W5qiD2,"29Dys-4Yrs, Female",2025-06-14 12:31:53.170 +0300,2025-06-14 12:31:53.170 +0300
378,1.3.2,Other Infectious/Communicable Diseases,180,,,CD11, Other types of meningitis ,TDUjUDLnV9v,V2OuNTRI6ua,"29Dys-4Yrs, Male",2025-06-14 12:31:53.170 +0300,2025-06-14 12:31:53.170 +0300
379,1.3.2,Other Infectious/Communicable Diseases,180,,,CD11, Other types of meningitis ,TDUjUDLnV9v,Crc5reUlspd,"5-9Yrs, Female",2025-06-14 12:31:53.170 +0300,2025-06-14 12:31:53.170 +0300
380,1.3.2,Other Infectious/Communicable Diseases,180,,,CD11, Other types of meningitis ,TDUjUDLnV9v,F1rms8f9I9a,"5-9Yrs, Male",2025-06-14 12:31:53.170 +0300,2025-06-14 12:31:53.170 +0300
381,1.3.2,Other Infectious/Communicable Diseases,182,,,CD12,Cough or cold - No pneumonia  ,LR8778hLH8U,wDiX34aiw6i,"0-28Dys, Female",2025-06-14 12:31:53.170 +0300,2025-06-14 12:31:53.170 +0300
382,1.3.2,Other Infectious/Communicable Diseases,182,,,CD12,Cough or cold - No pneumonia  ,LR8778hLH8U,zh2zAaHyYQx,"0-28Dys, Male",2025-06-14 12:31:53.170 +0300,2025-06-14 12:31:53.170 +0300
383,1.3.2,Other Infectious/Communicable Diseases,182,,,CD12,Cough or cold - No pneumonia  ,LR8778hLH8U,u3CkZqMHfHP,"10-19Yrs, Female",2025-06-14 12:31:53.170 +0300,2025-06-14 12:31:53.170 +0300
384,1.3.2,Other Infectious/Communicable Diseases,182,,,CD12,Cough or cold - No pneumonia  ,LR8778hLH8U,c7gvocRdg0f,"10-19Yrs, Male",2025-06-14 12:31:53.170 +0300,2025-06-14 12:31:53.170 +0300
385,1.3.2,Other Infectious/Communicable Diseases,182,,,CD12,Cough or cold - No pneumonia  ,LR8778hLH8U,XVHTeecEOM3,"20+Yrs, Female",2025-06-14 12:31:53.170 +0300,2025-06-14 12:31:53.170 +0300
386,1.3.2,Other Infectious/Communicable Diseases,182,,,CD12,Cough or cold - No pneumonia  ,LR8778hLH8U,dCKzhhINakS,"20+Yrs, Male",2025-06-14 12:31:53.170 +0300,2025-06-14 12:31:53.170 +0300
387,1.3.2,Other Infectious/Communicable Diseases,182,,,CD12,Cough or cold - No pneumonia  ,LR8778hLH8U,huBy3W5qiD2,"29Dys-4Yrs, Female",2025-06-14 12:31:53.170 +0300,2025-06-14 12:31:53.170 +0300
388,1.3.2,Other Infectious/Communicable Diseases,182,,,CD12,Cough or cold - No pneumonia  ,LR8778hLH8U,V2OuNTRI6ua,"29Dys-4Yrs, Male",2025-06-14 12:31:53.170 +0300,2025-06-14 12:31:53.170 +0300
389,1.3.2,Other Infectious/Communicable Diseases,182,,,CD12,Cough or cold - No pneumonia  ,LR8778hLH8U,Crc5reUlspd,"5-9Yrs, Female",2025-06-14 12:31:53.170 +0300,2025-06-14 12:31:53.170 +0300
390,1.3.2,Other Infectious/Communicable Diseases,182,,,CD12,Cough or cold - No pneumonia  ,LR8778hLH8U,F1rms8f9I9a,"5-9Yrs, Male",2025-06-14 12:31:53.170 +0300,2025-06-14 12:31:53.170 +0300
391,1.3.2,Other Infectious/Communicable Diseases,635,4206,"Bacterial pneumonia, unspecified",CD13,Severe Pneumonia ,JadBi8s2DMg,wDiX34aiw6i,"0-28Dys, Female",2025-06-14 12:31:53.170 +0300,2025-06-14 12:31:53.170 +0300
392,1.3.2,Other Infectious/Communicable Diseases,635,4206,"Bacterial pneumonia, unspecified",CD13,Severe Pneumonia ,JadBi8s2DMg,zh2zAaHyYQx,"0-28Dys, Male",2025-06-14 12:31:53.170 +0300,2025-06-14 12:31:53.170 +0300
393,1.3.2,Other Infectious/Communicable Diseases,635,4206,"Bacterial pneumonia, unspecified",CD13,Severe Pneumonia ,JadBi8s2DMg,u3CkZqMHfHP,"10-19Yrs, Female",2025-06-14 12:31:53.170 +0300,2025-06-14 12:31:53.170 +0300
394,1.3.2,Other Infectious/Communicable Diseases,635,4206,"Bacterial pneumonia, unspecified",CD13,Severe Pneumonia ,JadBi8s2DMg,c7gvocRdg0f,"10-19Yrs, Male",2025-06-14 12:31:53.170 +0300,2025-06-14 12:31:53.170 +0300
395,1.3.2,Other Infectious/Communicable Diseases,635,4206,"Bacterial pneumonia, unspecified",CD13,Severe Pneumonia ,JadBi8s2DMg,XVHTeecEOM3,"20+Yrs, Female",2025-06-14 12:31:53.170 +0300,2025-06-14 12:31:53.170 +0300
396,1.3.2,Other Infectious/Communicable Diseases,635,4206,"Bacterial pneumonia, unspecified",CD13,Severe Pneumonia ,JadBi8s2DMg,dCKzhhINakS,"20+Yrs, Male",2025-06-14 12:31:53.170 +0300,2025-06-14 12:31:53.170 +0300
397,1.3.2,Other Infectious/Communicable Diseases,635,4206,"Bacterial pneumonia, unspecified",CD13,Severe Pneumonia ,JadBi8s2DMg,huBy3W5qiD2,"29Dys-4Yrs, Female",2025-06-14 12:31:53.170 +0300,2025-06-14 12:31:53.170 +0300
398,1.3.2,Other Infectious/Communicable Diseases,635,4206,"Bacterial pneumonia, unspecified",CD13,Severe Pneumonia ,JadBi8s2DMg,V2OuNTRI6ua,"29Dys-4Yrs, Male",2025-06-14 12:31:53.170 +0300,2025-06-14 12:31:53.170 +0300
399,1.3.2,Other Infectious/Communicable Diseases,635,4206,"Bacterial pneumonia, unspecified",CD13,Severe Pneumonia ,JadBi8s2DMg,Crc5reUlspd,"5-9Yrs, Female",2025-06-14 12:31:53.170 +0300,2025-06-14 12:31:53.170 +0300
400,1.3.2,Other Infectious/Communicable Diseases,635,4206,"Bacterial pneumonia, unspecified",CD13,Severe Pneumonia ,JadBi8s2DMg,F1rms8f9I9a,"5-9Yrs, Male",2025-06-14 12:31:53.170 +0300,2025-06-14 12:31:53.170 +0300
401,1.3.2,Other Infectious/Communicable Diseases,183,,,CD14, Skin Diseases ,y6ofkvr4JP8,wDiX34aiw6i,"0-28Dys, Female",2025-06-14 12:31:53.170 +0300,2025-06-14 12:31:53.170 +0300
402,1.3.2,Other Infectious/Communicable Diseases,183,,,CD14, Skin Diseases ,y6ofkvr4JP8,zh2zAaHyYQx,"0-28Dys, Male",2025-06-14 12:31:53.170 +0300,2025-06-14 12:31:53.170 +0300
403,1.3.2,Other Infectious/Communicable Diseases,183,,,CD14, Skin Diseases ,y6ofkvr4JP8,u3CkZqMHfHP,"10-19Yrs, Female",2025-06-14 12:31:53.170 +0300,2025-06-14 12:31:53.170 +0300
404,1.3.2,Other Infectious/Communicable Diseases,183,,,CD14, Skin Diseases ,y6ofkvr4JP8,c7gvocRdg0f,"10-19Yrs, Male",2025-06-14 12:31:53.170 +0300,2025-06-14 12:31:53.170 +0300
405,1.3.2,Other Infectious/Communicable Diseases,183,,,CD14, Skin Diseases ,y6ofkvr4JP8,XVHTeecEOM3,"20+Yrs, Female",2025-06-14 12:31:53.170 +0300,2025-06-14 12:31:53.170 +0300
406,1.3.2,Other Infectious/Communicable Diseases,183,,,CD14, Skin Diseases ,y6ofkvr4JP8,dCKzhhINakS,"20+Yrs, Male",2025-06-14 12:31:53.170 +0300,2025-06-14 12:31:53.170 +0300
407,1.3.2,Other Infectious/Communicable Diseases,183,,,CD14, Skin Diseases ,y6ofkvr4JP8,huBy3W5qiD2,"29Dys-4Yrs, Female",2025-06-14 12:31:53.170 +0300,2025-06-14 12:31:53.170 +0300
408,1.3.2,Other Infectious/Communicable Diseases,183,,,CD14, Skin Diseases ,y6ofkvr4JP8,V2OuNTRI6ua,"29Dys-4Yrs, Male",2025-06-14 12:31:53.170 +0300,2025-06-14 12:31:53.170 +0300
409,1.3.2,Other Infectious/Communicable Diseases,183,,,CD14, Skin Diseases ,y6ofkvr4JP8,Crc5reUlspd,"5-9Yrs, Female",2025-06-14 12:31:53.170 +0300,2025-06-14 12:31:53.170 +0300
410,1.3.2,Other Infectious/Communicable Diseases,183,,,CD14, Skin Diseases ,y6ofkvr4JP8,F1rms8f9I9a,"5-9Yrs, Male",2025-06-14 12:31:53.170 +0300,2025-06-14 12:31:53.170 +0300
411,1.3.2,Other Infectious/Communicable Diseases,189,188,Tetanus neonatorum,CD15, Tetanus (over 28 days) ,F4xWVmlaoxi,wDiX34aiw6i,"0-28Dys, Female",2025-06-14 12:31:53.170 +0300,2025-06-14 12:31:53.170 +0300
412,1.3.2,Other Infectious/Communicable Diseases,189,188,Tetanus neonatorum,CD15, Tetanus (over 28 days) ,F4xWVmlaoxi,zh2zAaHyYQx,"0-28Dys, Male",2025-06-14 12:31:53.170 +0300,2025-06-14 12:31:53.170 +0300
413,1.3.2,Other Infectious/Communicable Diseases,189,188,Tetanus neonatorum,CD15, Tetanus (over 28 days) ,F4xWVmlaoxi,u3CkZqMHfHP,"10-19Yrs, Female",2025-06-14 12:31:53.170 +0300,2025-06-14 12:31:53.170 +0300
414,1.3.2,Other Infectious/Communicable Diseases,189,188,Tetanus neonatorum,CD15, Tetanus (over 28 days) ,F4xWVmlaoxi,c7gvocRdg0f,"10-19Yrs, Male",2025-06-14 12:31:53.170 +0300,2025-06-14 12:31:53.170 +0300
415,1.3.2,Other Infectious/Communicable Diseases,189,188,Tetanus neonatorum,CD15, Tetanus (over 28 days) ,F4xWVmlaoxi,XVHTeecEOM3,"20+Yrs, Female",2025-06-14 12:31:53.170 +0300,2025-06-14 12:31:53.170 +0300
416,1.3.2,Other Infectious/Communicable Diseases,189,188,Tetanus neonatorum,CD15, Tetanus (over 28 days) ,F4xWVmlaoxi,dCKzhhINakS,"20+Yrs, Male",2025-06-14 12:31:53.170 +0300,2025-06-14 12:31:53.170 +0300
417,1.3.2,Other Infectious/Communicable Diseases,189,188,Tetanus neonatorum,CD15, Tetanus (over 28 days) ,F4xWVmlaoxi,huBy3W5qiD2,"29Dys-4Yrs, Female",2025-06-14 12:31:53.170 +0300,2025-06-14 12:31:53.170 +0300
418,1.3.2,Other Infectious/Communicable Diseases,189,188,Tetanus neonatorum,CD15, Tetanus (over 28 days) ,F4xWVmlaoxi,V2OuNTRI6ua,"29Dys-4Yrs, Male",2025-06-14 12:31:53.170 +0300,2025-06-14 12:31:53.170 +0300
419,1.3.2,Other Infectious/Communicable Diseases,189,188,Tetanus neonatorum,CD15, Tetanus (over 28 days) ,F4xWVmlaoxi,Crc5reUlspd,"5-9Yrs, Female",2025-06-14 12:31:53.170 +0300,2025-06-14 12:31:53.170 +0300
420,1.3.2,Other Infectious/Communicable Diseases,189,188,Tetanus neonatorum,CD15, Tetanus (over 28 days) ,F4xWVmlaoxi,F1rms8f9I9a,"5-9Yrs, Male",2025-06-14 12:31:53.170 +0300,2025-06-14 12:31:53.170 +0300
421,1.3.2,Other Infectious/Communicable Diseases,190,,,CD16,Sleeping sickness,HcstM0RIqmC,wDiX34aiw6i,"0-28Dys, Female",2025-06-14 12:31:53.170 +0300,2025-06-14 12:31:53.170 +0300
422,1.3.2,Other Infectious/Communicable Diseases,190,,,CD16,Sleeping sickness,HcstM0RIqmC,zh2zAaHyYQx,"0-28Dys, Male",2025-06-14 12:31:53.170 +0300,2025-06-14 12:31:53.170 +0300
423,1.3.2,Other Infectious/Communicable Diseases,190,,,CD16,Sleeping sickness,HcstM0RIqmC,u3CkZqMHfHP,"10-19Yrs, Female",2025-06-14 12:31:53.170 +0300,2025-06-14 12:31:53.170 +0300
424,1.3.2,Other Infectious/Communicable Diseases,190,,,CD16,Sleeping sickness,HcstM0RIqmC,c7gvocRdg0f,"10-19Yrs, Male",2025-06-14 12:31:53.170 +0300,2025-06-14 12:31:53.170 +0300
425,1.3.2,Other Infectious/Communicable Diseases,190,,,CD16,Sleeping sickness,HcstM0RIqmC,XVHTeecEOM3,"20+Yrs, Female",2025-06-14 12:31:53.170 +0300,2025-06-14 12:31:53.170 +0300
426,1.3.2,Other Infectious/Communicable Diseases,190,,,CD16,Sleeping sickness,HcstM0RIqmC,dCKzhhINakS,"20+Yrs, Male",2025-06-14 12:31:53.170 +0300,2025-06-14 12:31:53.170 +0300
427,1.3.2,Other Infectious/Communicable Diseases,190,,,CD16,Sleeping sickness,HcstM0RIqmC,huBy3W5qiD2,"29Dys-4Yrs, Female",2025-06-14 12:31:53.170 +0300,2025-06-14 12:31:53.170 +0300
428,1.3.2,Other Infectious/Communicable Diseases,190,,,CD16,Sleeping sickness,HcstM0RIqmC,V2OuNTRI6ua,"29Dys-4Yrs, Male",2025-06-14 12:31:53.170 +0300,2025-06-14 12:31:53.170 +0300
429,1.3.2,Other Infectious/Communicable Diseases,190,,,CD16,Sleeping sickness,HcstM0RIqmC,Crc5reUlspd,"5-9Yrs, Female",2025-06-14 12:31:53.170 +0300,2025-06-14 12:31:53.170 +0300
430,1.3.2,Other Infectious/Communicable Diseases,190,,,CD16,Sleeping sickness,HcstM0RIqmC,F1rms8f9I9a,"5-9Yrs, Male",2025-06-14 12:31:53.170 +0300,2025-06-14 12:31:53.170 +0300
431,1.3.2,Other Infectious/Communicable Diseases,191,,,CD17,Pelvic Inflammatory Disease (PID),gN26QajXn26,wDiX34aiw6i,"0-28Dys, Female",2025-06-14 12:31:53.170 +0300,2025-06-14 12:31:53.170 +0300
432,1.3.2,Other Infectious/Communicable Diseases,191,,,CD17,Pelvic Inflammatory Disease (PID),gN26QajXn26,zh2zAaHyYQx,"0-28Dys, Male",2025-06-14 12:31:53.170 +0300,2025-06-14 12:31:53.170 +0300
433,1.3.2,Other Infectious/Communicable Diseases,191,,,CD17,Pelvic Inflammatory Disease (PID),gN26QajXn26,u3CkZqMHfHP,"10-19Yrs, Female",2025-06-14 12:31:53.170 +0300,2025-06-14 12:31:53.170 +0300
434,1.3.2,Other Infectious/Communicable Diseases,191,,,CD17,Pelvic Inflammatory Disease (PID),gN26QajXn26,c7gvocRdg0f,"10-19Yrs, Male",2025-06-14 12:31:53.170 +0300,2025-06-14 12:31:53.170 +0300
435,1.3.2,Other Infectious/Communicable Diseases,191,,,CD17,Pelvic Inflammatory Disease (PID),gN26QajXn26,XVHTeecEOM3,"20+Yrs, Female",2025-06-14 12:31:53.170 +0300,2025-06-14 12:31:53.170 +0300
436,1.3.2,Other Infectious/Communicable Diseases,191,,,CD17,Pelvic Inflammatory Disease (PID),gN26QajXn26,dCKzhhINakS,"20+Yrs, Male",2025-06-14 12:31:53.170 +0300,2025-06-14 12:31:53.170 +0300
437,1.3.2,Other Infectious/Communicable Diseases,191,,,CD17,Pelvic Inflammatory Disease (PID),gN26QajXn26,huBy3W5qiD2,"29Dys-4Yrs, Female",2025-06-14 12:31:53.170 +0300,2025-06-14 12:31:53.170 +0300
438,1.3.2,Other Infectious/Communicable Diseases,191,,,CD17,Pelvic Inflammatory Disease (PID),gN26QajXn26,V2OuNTRI6ua,"29Dys-4Yrs, Male",2025-06-14 12:31:53.170 +0300,2025-06-14 12:31:53.170 +0300
439,1.3.2,Other Infectious/Communicable Diseases,191,,,CD17,Pelvic Inflammatory Disease (PID),gN26QajXn26,Crc5reUlspd,"5-9Yrs, Female",2025-06-14 12:31:53.170 +0300,2025-06-14 12:31:53.170 +0300
440,1.3.2,Other Infectious/Communicable Diseases,191,,,CD17,Pelvic Inflammatory Disease (PID),gN26QajXn26,F1rms8f9I9a,"5-9Yrs, Male",2025-06-14 12:31:53.170 +0300,2025-06-14 12:31:53.170 +0300
441,1.3.2,Other Infectious/Communicable Diseases,192,,,CD18, Brucellosis,QTY3T2iXogb,wDiX34aiw6i,"0-28Dys, Female",2025-06-14 12:31:53.170 +0300,2025-06-14 12:31:53.170 +0300
442,1.3.2,Other Infectious/Communicable Diseases,192,,,CD18, Brucellosis,QTY3T2iXogb,zh2zAaHyYQx,"0-28Dys, Male",2025-06-14 12:31:53.170 +0300,2025-06-14 12:31:53.170 +0300
443,1.3.2,Other Infectious/Communicable Diseases,192,,,CD18, Brucellosis,QTY3T2iXogb,u3CkZqMHfHP,"10-19Yrs, Female",2025-06-14 12:31:53.170 +0300,2025-06-14 12:31:53.170 +0300
444,1.3.2,Other Infectious/Communicable Diseases,192,,,CD18, Brucellosis,QTY3T2iXogb,c7gvocRdg0f,"10-19Yrs, Male",2025-06-14 12:31:53.170 +0300,2025-06-14 12:31:53.170 +0300
445,1.3.2,Other Infectious/Communicable Diseases,192,,,CD18, Brucellosis,QTY3T2iXogb,XVHTeecEOM3,"20+Yrs, Female",2025-06-14 12:31:53.170 +0300,2025-06-14 12:31:53.170 +0300
446,1.3.2,Other Infectious/Communicable Diseases,192,,,CD18, Brucellosis,QTY3T2iXogb,dCKzhhINakS,"20+Yrs, Male",2025-06-14 12:31:53.170 +0300,2025-06-14 12:31:53.170 +0300
447,1.3.2,Other Infectious/Communicable Diseases,192,,,CD18, Brucellosis,QTY3T2iXogb,huBy3W5qiD2,"29Dys-4Yrs, Female",2025-06-14 12:31:53.170 +0300,2025-06-14 12:31:53.170 +0300
448,1.3.2,Other Infectious/Communicable Diseases,192,,,CD18, Brucellosis,QTY3T2iXogb,V2OuNTRI6ua,"29Dys-4Yrs, Male",2025-06-14 12:31:53.170 +0300,2025-06-14 12:31:53.170 +0300
449,1.3.2,Other Infectious/Communicable Diseases,192,,,CD18, Brucellosis,QTY3T2iXogb,Crc5reUlspd,"5-9Yrs, Female",2025-06-14 12:31:53.170 +0300,2025-06-14 12:31:53.170 +0300
450,1.3.2,Other Infectious/Communicable Diseases,192,,,CD18, Brucellosis,QTY3T2iXogb,F1rms8f9I9a,"5-9Yrs, Male",2025-06-14 12:31:53.170 +0300,2025-06-14 12:31:53.170 +0300
451,1.3.2,Other Infectious/Communicable Diseases,0,,,CD19, Surgical Site Infections (SSI),qZWIcBDEYTx,wDiX34aiw6i,"0-28Dys, Female",2025-06-14 12:31:53.170 +0300,2025-06-14 12:31:53.170 +0300
452,1.3.2,Other Infectious/Communicable Diseases,0,,,CD19, Surgical Site Infections (SSI),qZWIcBDEYTx,zh2zAaHyYQx,"0-28Dys, Male",2025-06-14 12:31:53.170 +0300,2025-06-14 12:31:53.170 +0300
453,1.3.2,Other Infectious/Communicable Diseases,0,,,CD19, Surgical Site Infections (SSI),qZWIcBDEYTx,u3CkZqMHfHP,"10-19Yrs, Female",2025-06-14 12:31:53.170 +0300,2025-06-14 12:31:53.170 +0300
454,1.3.2,Other Infectious/Communicable Diseases,0,,,CD19, Surgical Site Infections (SSI),qZWIcBDEYTx,c7gvocRdg0f,"10-19Yrs, Male",2025-06-14 12:31:53.170 +0300,2025-06-14 12:31:53.170 +0300
455,1.3.2,Other Infectious/Communicable Diseases,0,,,CD19, Surgical Site Infections (SSI),qZWIcBDEYTx,XVHTeecEOM3,"20+Yrs, Female",2025-06-14 12:31:53.170 +0300,2025-06-14 12:31:53.170 +0300
456,1.3.2,Other Infectious/Communicable Diseases,0,,,CD19, Surgical Site Infections (SSI),qZWIcBDEYTx,dCKzhhINakS,"20+Yrs, Male",2025-06-14 12:31:53.170 +0300,2025-06-14 12:31:53.170 +0300
457,1.3.2,Other Infectious/Communicable Diseases,0,,,CD19, Surgical Site Infections (SSI),qZWIcBDEYTx,huBy3W5qiD2,"29Dys-4Yrs, Female",2025-06-14 12:31:53.170 +0300,2025-06-14 12:31:53.170 +0300
458,1.3.2,Other Infectious/Communicable Diseases,0,,,CD19, Surgical Site Infections (SSI),qZWIcBDEYTx,V2OuNTRI6ua,"29Dys-4Yrs, Male",2025-06-14 12:31:53.170 +0300,2025-06-14 12:31:53.170 +0300
459,1.3.2,Other Infectious/Communicable Diseases,0,,,CD19, Surgical Site Infections (SSI),qZWIcBDEYTx,Crc5reUlspd,"5-9Yrs, Female",2025-06-14 12:31:53.170 +0300,2025-06-14 12:31:53.170 +0300
460,1.3.2,Other Infectious/Communicable Diseases,0,,,CD19, Surgical Site Infections (SSI),qZWIcBDEYTx,F1rms8f9I9a,"5-9Yrs, Male",2025-06-14 12:31:53.170 +0300,2025-06-14 12:31:53.170 +0300
1911,1.3.20,Minor Operations in OPD,277,4499,"Loss of teeth due to accident, extraction or local periodontal disease",MN01,Tooth extractions,Tt6Pc5jQbFa,wDiX34aiw6i,"0-28Dys, Female",2025-06-14 12:31:53.170 +0300,2025-06-14 12:31:53.170 +0300
1912,1.3.20,Minor Operations in OPD,277,4499,"Loss of teeth due to accident, extraction or local periodontal disease",MN01,Tooth extractions,Tt6Pc5jQbFa,zh2zAaHyYQx,"0-28Dys, Male",2025-06-14 12:31:53.170 +0300,2025-06-14 12:31:53.170 +0300
1913,1.3.20,Minor Operations in OPD,277,4499,"Loss of teeth due to accident, extraction or local periodontal disease",MN01,Tooth extractions,Tt6Pc5jQbFa,u3CkZqMHfHP,"10-19Yrs, Female",2025-06-14 12:31:53.170 +0300,2025-06-14 12:31:53.170 +0300
1914,1.3.20,Minor Operations in OPD,277,4499,"Loss of teeth due to accident, extraction or local periodontal disease",MN01,Tooth extractions,Tt6Pc5jQbFa,c7gvocRdg0f,"10-19Yrs, Male",2025-06-14 12:31:53.170 +0300,2025-06-14 12:31:53.170 +0300
1915,1.3.20,Minor Operations in OPD,277,4499,"Loss of teeth due to accident, extraction or local periodontal disease",MN01,Tooth extractions,Tt6Pc5jQbFa,XVHTeecEOM3,"20+Yrs, Female",2025-06-14 12:31:53.170 +0300,2025-06-14 12:31:53.170 +0300
1916,1.3.20,Minor Operations in OPD,277,4499,"Loss of teeth due to accident, extraction or local periodontal disease",MN01,Tooth extractions,Tt6Pc5jQbFa,dCKzhhINakS,"20+Yrs, Male",2025-06-14 12:31:53.170 +0300,2025-06-14 12:31:53.170 +0300
1917,1.3.20,Minor Operations in OPD,277,4499,"Loss of teeth due to accident, extraction or local periodontal disease",MN01,Tooth extractions,Tt6Pc5jQbFa,huBy3W5qiD2,"29Dys-4Yrs, Female",2025-06-14 12:31:53.170 +0300,2025-06-14 12:31:53.170 +0300
1918,1.3.20,Minor Operations in OPD,277,4499,"Loss of teeth due to accident, extraction or local periodontal disease",MN01,Tooth extractions,Tt6Pc5jQbFa,V2OuNTRI6ua,"29Dys-4Yrs, Male",2025-06-14 12:31:53.170 +0300,2025-06-14 12:31:53.170 +0300
1919,1.3.20,Minor Operations in OPD,277,4499,"Loss of teeth due to accident, extraction or local periodontal disease",MN01,Tooth extractions,Tt6Pc5jQbFa,Crc5reUlspd,"5-9Yrs, Female",2025-06-14 12:31:53.170 +0300,2025-06-14 12:31:53.170 +0300
1920,1.3.20,Minor Operations in OPD,277,4499,"Loss of teeth due to accident, extraction or local periodontal disease",MN01,Tooth extractions,Tt6Pc5jQbFa,F1rms8f9I9a,"5-9Yrs, Male",2025-06-14 12:31:53.170 +0300,2025-06-14 12:31:53.170 +0300
1921,1.3.20,Minor Operations in OPD,278,12111,Other specified postsurgical states,MN02,Dental Fillings,KzWysud4d7g,wDiX34aiw6i,"0-28Dys, Female",2025-06-14 12:31:53.170 +0300,2025-06-14 12:31:53.170 +0300
1922,1.3.20,Minor Operations in OPD,278,12111,Other specified postsurgical states,MN02,Dental Fillings,KzWysud4d7g,zh2zAaHyYQx,"0-28Dys, Male",2025-06-14 12:31:53.170 +0300,2025-06-14 12:31:53.170 +0300
1923,1.3.20,Minor Operations in OPD,278,12111,Other specified postsurgical states,MN02,Dental Fillings,KzWysud4d7g,u3CkZqMHfHP,"10-19Yrs, Female",2025-06-14 12:31:53.170 +0300,2025-06-14 12:31:53.170 +0300
1924,1.3.20,Minor Operations in OPD,278,12111,Other specified postsurgical states,MN02,Dental Fillings,KzWysud4d7g,c7gvocRdg0f,"10-19Yrs, Male",2025-06-14 12:31:53.170 +0300,2025-06-14 12:31:53.170 +0300
1925,1.3.20,Minor Operations in OPD,278,12111,Other specified postsurgical states,MN02,Dental Fillings,KzWysud4d7g,XVHTeecEOM3,"20+Yrs, Female",2025-06-14 12:31:53.170 +0300,2025-06-14 12:31:53.170 +0300
1926,1.3.20,Minor Operations in OPD,278,12111,Other specified postsurgical states,MN02,Dental Fillings,KzWysud4d7g,dCKzhhINakS,"20+Yrs, Male",2025-06-14 12:31:53.170 +0300,2025-06-14 12:31:53.170 +0300
1927,1.3.20,Minor Operations in OPD,278,12111,Other specified postsurgical states,MN02,Dental Fillings,KzWysud4d7g,huBy3W5qiD2,"29Dys-4Yrs, Female",2025-06-14 12:31:53.170 +0300,2025-06-14 12:31:53.170 +0300
1928,1.3.20,Minor Operations in OPD,278,12111,Other specified postsurgical states,MN02,Dental Fillings,KzWysud4d7g,V2OuNTRI6ua,"29Dys-4Yrs, Male",2025-06-14 12:31:53.170 +0300,2025-06-14 12:31:53.170 +0300
1929,1.3.20,Minor Operations in OPD,278,12111,Other specified postsurgical states,MN02,Dental Fillings,KzWysud4d7g,Crc5reUlspd,"5-9Yrs, Female",2025-06-14 12:31:53.170 +0300,2025-06-14 12:31:53.170 +0300
1930,1.3.20,Minor Operations in OPD,278,12111,Other specified postsurgical states,MN02,Dental Fillings,KzWysud4d7g,F1rms8f9I9a,"5-9Yrs, Male",2025-06-14 12:31:53.170 +0300,2025-06-14 12:31:53.170 +0300
1931,1.3.20,Minor Operations in OPD,279,,,MN03,Other Minor Operations,wPvAkvR4dzH,wDiX34aiw6i,"0-28Dys, Female",2025-06-14 12:31:53.170 +0300,2025-06-14 12:31:53.170 +0300
1932,1.3.20,Minor Operations in OPD,279,,,MN03,Other Minor Operations,wPvAkvR4dzH,zh2zAaHyYQx,"0-28Dys, Male",2025-06-14 12:31:53.170 +0300,2025-06-14 12:31:53.170 +0300
1933,1.3.20,Minor Operations in OPD,279,,,MN03,Other Minor Operations,wPvAkvR4dzH,u3CkZqMHfHP,"10-19Yrs, Female",2025-06-14 12:31:53.170 +0300,2025-06-14 12:31:53.170 +0300
1934,1.3.20,Minor Operations in OPD,279,,,MN03,Other Minor Operations,wPvAkvR4dzH,c7gvocRdg0f,"10-19Yrs, Male",2025-06-14 12:31:53.170 +0300,2025-06-14 12:31:53.170 +0300
1935,1.3.20,Minor Operations in OPD,279,,,MN03,Other Minor Operations,wPvAkvR4dzH,XVHTeecEOM3,"20+Yrs, Female",2025-06-14 12:31:53.170 +0300,2025-06-14 12:31:53.170 +0300
1936,1.3.20,Minor Operations in OPD,279,,,MN03,Other Minor Operations,wPvAkvR4dzH,dCKzhhINakS,"20+Yrs, Male",2025-06-14 12:31:53.170 +0300,2025-06-14 12:31:53.170 +0300
1937,1.3.20,Minor Operations in OPD,279,,,MN03,Other Minor Operations,wPvAkvR4dzH,huBy3W5qiD2,"29Dys-4Yrs, Female",2025-06-14 12:31:53.170 +0300,2025-06-14 12:31:53.170 +0300
1938,1.3.20,Minor Operations in OPD,279,,,MN03,Other Minor Operations,wPvAkvR4dzH,V2OuNTRI6ua,"29Dys-4Yrs, Male",2025-06-14 12:31:53.170 +0300,2025-06-14 12:31:53.170 +0300
1939,1.3.20,Minor Operations in OPD,279,,,MN03,Other Minor Operations,wPvAkvR4dzH,Crc5reUlspd,"5-9Yrs, Female",2025-06-14 12:31:53.170 +0300,2025-06-14 12:31:53.170 +0300
1940,1.3.20,Minor Operations in OPD,279,,,MN03,Other Minor Operations,wPvAkvR4dzH,F1rms8f9I9a,"5-9Yrs, Male",2025-06-14 12:31:53.170 +0300,2025-06-14 12:31:53.170 +0300
3309,1.3.20,Minor Operations in OPD,277,4499,"Loss of teeth due to accident, extraction or local periodontal disease",MN01,Tooth extractions,Tt6Pc5jQbFa,wDiX34aiw6i,"0-28Dys, Female",2025-06-14 12:31:53.170 +0300,2025-06-14 12:31:53.170 +0300
3310,1.3.20,Minor Operations in OPD,277,4499,"Loss of teeth due to accident, extraction or local periodontal disease",MN01,Tooth extractions,Tt6Pc5jQbFa,zh2zAaHyYQx,"0-28Dys, Male",2025-06-14 12:31:53.170 +0300,2025-06-14 12:31:53.170 +0300
3311,1.3.20,Minor Operations in OPD,277,4499,"Loss of teeth due to accident, extraction or local periodontal disease",MN01,Tooth extractions,Tt6Pc5jQbFa,u3CkZqMHfHP,"10-19Yrs, Female",2025-06-14 12:31:53.170 +0300,2025-06-14 12:31:53.170 +0300
3312,1.3.20,Minor Operations in OPD,277,4499,"Loss of teeth due to accident, extraction or local periodontal disease",MN01,Tooth extractions,Tt6Pc5jQbFa,c7gvocRdg0f,"10-19Yrs, Male",2025-06-14 12:31:53.170 +0300,2025-06-14 12:31:53.170 +0300
3313,1.3.20,Minor Operations in OPD,277,4499,"Loss of teeth due to accident, extraction or local periodontal disease",MN01,Tooth extractions,Tt6Pc5jQbFa,XVHTeecEOM3,"20+Yrs, Female",2025-06-14 12:31:53.170 +0300,2025-06-14 12:31:53.170 +0300
3314,1.3.20,Minor Operations in OPD,277,4499,"Loss of teeth due to accident, extraction or local periodontal disease",MN01,Tooth extractions,Tt6Pc5jQbFa,dCKzhhINakS,"20+Yrs, Male",2025-06-14 12:31:53.170 +0300,2025-06-14 12:31:53.170 +0300
3315,1.3.20,Minor Operations in OPD,277,4499,"Loss of teeth due to accident, extraction or local periodontal disease",MN01,Tooth extractions,Tt6Pc5jQbFa,huBy3W5qiD2,"29Dys-4Yrs, Female",2025-06-14 12:31:53.170 +0300,2025-06-14 12:31:53.170 +0300
3316,1.3.20,Minor Operations in OPD,277,4499,"Loss of teeth due to accident, extraction or local periodontal disease",MN01,Tooth extractions,Tt6Pc5jQbFa,V2OuNTRI6ua,"29Dys-4Yrs, Male",2025-06-14 12:31:53.170 +0300,2025-06-14 12:31:53.170 +0300
3317,1.3.20,Minor Operations in OPD,277,4499,"Loss of teeth due to accident, extraction or local periodontal disease",MN01,Tooth extractions,Tt6Pc5jQbFa,Crc5reUlspd,"5-9Yrs, Female",2025-06-14 12:31:53.170 +0300,2025-06-14 12:31:53.170 +0300
3318,1.3.20,Minor Operations in OPD,277,4499,"Loss of teeth due to accident, extraction or local periodontal disease",MN01,Tooth extractions,Tt6Pc5jQbFa,F1rms8f9I9a,"5-9Yrs, Male",2025-06-14 12:31:53.170 +0300,2025-06-14 12:31:53.170 +0300
3319,1.3.20,Minor Operations in OPD,278,12111,Other specified postsurgical states,MN02,Dental Fillings,KzWysud4d7g,wDiX34aiw6i,"0-28Dys, Female",2025-06-14 12:31:53.170 +0300,2025-06-14 12:31:53.170 +0300
3320,1.3.20,Minor Operations in OPD,278,12111,Other specified postsurgical states,MN02,Dental Fillings,KzWysud4d7g,zh2zAaHyYQx,"0-28Dys, Male",2025-06-14 12:31:53.170 +0300,2025-06-14 12:31:53.170 +0300
3321,1.3.20,Minor Operations in OPD,278,12111,Other specified postsurgical states,MN02,Dental Fillings,KzWysud4d7g,u3CkZqMHfHP,"10-19Yrs, Female",2025-06-14 12:31:53.170 +0300,2025-06-14 12:31:53.170 +0300
3322,1.3.20,Minor Operations in OPD,278,12111,Other specified postsurgical states,MN02,Dental Fillings,KzWysud4d7g,c7gvocRdg0f,"10-19Yrs, Male",2025-06-14 12:31:53.170 +0300,2025-06-14 12:31:53.170 +0300
3323,1.3.20,Minor Operations in OPD,278,12111,Other specified postsurgical states,MN02,Dental Fillings,KzWysud4d7g,XVHTeecEOM3,"20+Yrs, Female",2025-06-14 12:31:53.170 +0300,2025-06-14 12:31:53.170 +0300
3324,1.3.20,Minor Operations in OPD,278,12111,Other specified postsurgical states,MN02,Dental Fillings,KzWysud4d7g,dCKzhhINakS,"20+Yrs, Male",2025-06-14 12:31:53.170 +0300,2025-06-14 12:31:53.170 +0300
3325,1.3.20,Minor Operations in OPD,278,12111,Other specified postsurgical states,MN02,Dental Fillings,KzWysud4d7g,huBy3W5qiD2,"29Dys-4Yrs, Female",2025-06-14 12:31:53.170 +0300,2025-06-14 12:31:53.170 +0300
3326,1.3.20,Minor Operations in OPD,278,12111,Other specified postsurgical states,MN02,Dental Fillings,KzWysud4d7g,V2OuNTRI6ua,"29Dys-4Yrs, Male",2025-06-14 12:31:53.170 +0300,2025-06-14 12:31:53.170 +0300
3327,1.3.20,Minor Operations in OPD,278,12111,Other specified postsurgical states,MN02,Dental Fillings,KzWysud4d7g,Crc5reUlspd,"5-9Yrs, Female",2025-06-14 12:31:53.170 +0300,2025-06-14 12:31:53.170 +0300
3328,1.3.20,Minor Operations in OPD,278,12111,Other specified postsurgical states,MN02,Dental Fillings,KzWysud4d7g,F1rms8f9I9a,"5-9Yrs, Male",2025-06-14 12:31:53.170 +0300,2025-06-14 12:31:53.170 +0300
3329,1.3.20,Minor Operations in OPD,279,,,MN03,Other Minor Operations,wPvAkvR4dzH,wDiX34aiw6i,"0-28Dys, Female",2025-06-14 12:31:53.170 +0300,2025-06-14 12:31:53.170 +0300
3330,1.3.20,Minor Operations in OPD,279,,,MN03,Other Minor Operations,wPvAkvR4dzH,zh2zAaHyYQx,"0-28Dys, Male",2025-06-14 12:31:53.170 +0300,2025-06-14 12:31:53.170 +0300
3331,1.3.20,Minor Operations in OPD,279,,,MN03,Other Minor Operations,wPvAkvR4dzH,u3CkZqMHfHP,"10-19Yrs, Female",2025-06-14 12:31:53.170 +0300,2025-06-14 12:31:53.170 +0300
3332,1.3.20,Minor Operations in OPD,279,,,MN03,Other Minor Operations,wPvAkvR4dzH,c7gvocRdg0f,"10-19Yrs, Male",2025-06-14 12:31:53.170 +0300,2025-06-14 12:31:53.170 +0300
3333,1.3.20,Minor Operations in OPD,279,,,MN03,Other Minor Operations,wPvAkvR4dzH,XVHTeecEOM3,"20+Yrs, Female",2025-06-14 12:31:53.170 +0300,2025-06-14 12:31:53.170 +0300
3334,1.3.20,Minor Operations in OPD,279,,,MN03,Other Minor Operations,wPvAkvR4dzH,dCKzhhINakS,"20+Yrs, Male",2025-06-14 12:31:53.170 +0300,2025-06-14 12:31:53.170 +0300
3335,1.3.20,Minor Operations in OPD,279,,,MN03,Other Minor Operations,wPvAkvR4dzH,huBy3W5qiD2,"29Dys-4Yrs, Female",2025-06-14 12:31:53.170 +0300,2025-06-14 12:31:53.170 +0300
3336,1.3.20,Minor Operations in OPD,279,,,MN03,Other Minor Operations,wPvAkvR4dzH,V2OuNTRI6ua,"29Dys-4Yrs, Male",2025-06-14 12:31:53.170 +0300,2025-06-14 12:31:53.170 +0300
3337,1.3.20,Minor Operations in OPD,279,,,MN03,Other Minor Operations,wPvAkvR4dzH,Crc5reUlspd,"5-9Yrs, Female",2025-06-14 12:31:53.170 +0300,2025-06-14 12:31:53.170 +0300
3338,1.3.20,Minor Operations in OPD,279,,,MN03,Other Minor Operations,wPvAkvR4dzH,F1rms8f9I9a,"5-9Yrs, Male",2025-06-14 12:31:53.170 +0300,2025-06-14 12:31:53.170 +0300
1941,1.3.21,Neglected Tropical Diseases (NTDs),281,,,NT01,Leishmaniasis,SYLEs2c2hKy,wDiX34aiw6i,"0-28Dys, Female",2025-06-14 12:31:53.170 +0300,2025-06-14 12:31:53.170 +0300
1942,1.3.21,Neglected Tropical Diseases (NTDs),281,,,NT01,Leishmaniasis,SYLEs2c2hKy,zh2zAaHyYQx,"0-28Dys, Male",2025-06-14 12:31:53.170 +0300,2025-06-14 12:31:53.170 +0300
1943,1.3.21,Neglected Tropical Diseases (NTDs),281,,,NT01,Leishmaniasis,SYLEs2c2hKy,u3CkZqMHfHP,"10-19Yrs, Female",2025-06-14 12:31:53.170 +0300,2025-06-14 12:31:53.170 +0300
1944,1.3.21,Neglected Tropical Diseases (NTDs),281,,,NT01,Leishmaniasis,SYLEs2c2hKy,c7gvocRdg0f,"10-19Yrs, Male",2025-06-14 12:31:53.170 +0300,2025-06-14 12:31:53.170 +0300
1945,1.3.21,Neglected Tropical Diseases (NTDs),281,,,NT01,Leishmaniasis,SYLEs2c2hKy,XVHTeecEOM3,"20+Yrs, Female",2025-06-14 12:31:53.170 +0300,2025-06-14 12:31:53.170 +0300
1946,1.3.21,Neglected Tropical Diseases (NTDs),281,,,NT01,Leishmaniasis,SYLEs2c2hKy,dCKzhhINakS,"20+Yrs, Male",2025-06-14 12:31:53.170 +0300,2025-06-14 12:31:53.170 +0300
1947,1.3.21,Neglected Tropical Diseases (NTDs),281,,,NT01,Leishmaniasis,SYLEs2c2hKy,huBy3W5qiD2,"29Dys-4Yrs, Female",2025-06-14 12:31:53.170 +0300,2025-06-14 12:31:53.170 +0300
1948,1.3.21,Neglected Tropical Diseases (NTDs),281,,,NT01,Leishmaniasis,SYLEs2c2hKy,V2OuNTRI6ua,"29Dys-4Yrs, Male",2025-06-14 12:31:53.170 +0300,2025-06-14 12:31:53.170 +0300
1949,1.3.21,Neglected Tropical Diseases (NTDs),281,,,NT01,Leishmaniasis,SYLEs2c2hKy,Crc5reUlspd,"5-9Yrs, Female",2025-06-14 12:31:53.170 +0300,2025-06-14 12:31:53.170 +0300
1950,1.3.21,Neglected Tropical Diseases (NTDs),281,,,NT01,Leishmaniasis,SYLEs2c2hKy,F1rms8f9I9a,"5-9Yrs, Male",2025-06-14 12:31:53.170 +0300,2025-06-14 12:31:53.170 +0300
1951,1.3.21,Neglected Tropical Diseases (NTDs),282,,,NT02,Lymphatic Filariasis (hydrocele),fYuyFJVdxi4,wDiX34aiw6i,"0-28Dys, Female",2025-06-14 12:31:53.170 +0300,2025-06-14 12:31:53.170 +0300
1952,1.3.21,Neglected Tropical Diseases (NTDs),282,,,NT02,Lymphatic Filariasis (hydrocele),fYuyFJVdxi4,zh2zAaHyYQx,"0-28Dys, Male",2025-06-14 12:31:53.170 +0300,2025-06-14 12:31:53.170 +0300
1953,1.3.21,Neglected Tropical Diseases (NTDs),282,,,NT02,Lymphatic Filariasis (hydrocele),fYuyFJVdxi4,u3CkZqMHfHP,"10-19Yrs, Female",2025-06-14 12:31:53.170 +0300,2025-06-14 12:31:53.170 +0300
1954,1.3.21,Neglected Tropical Diseases (NTDs),282,,,NT02,Lymphatic Filariasis (hydrocele),fYuyFJVdxi4,c7gvocRdg0f,"10-19Yrs, Male",2025-06-14 12:31:53.170 +0300,2025-06-14 12:31:53.170 +0300
1955,1.3.21,Neglected Tropical Diseases (NTDs),282,,,NT02,Lymphatic Filariasis (hydrocele),fYuyFJVdxi4,XVHTeecEOM3,"20+Yrs, Female",2025-06-14 12:31:53.170 +0300,2025-06-14 12:31:53.170 +0300
1956,1.3.21,Neglected Tropical Diseases (NTDs),282,,,NT02,Lymphatic Filariasis (hydrocele),fYuyFJVdxi4,dCKzhhINakS,"20+Yrs, Male",2025-06-14 12:31:53.170 +0300,2025-06-14 12:31:53.170 +0300
1957,1.3.21,Neglected Tropical Diseases (NTDs),282,,,NT02,Lymphatic Filariasis (hydrocele),fYuyFJVdxi4,huBy3W5qiD2,"29Dys-4Yrs, Female",2025-06-14 12:31:53.170 +0300,2025-06-14 12:31:53.170 +0300
1958,1.3.21,Neglected Tropical Diseases (NTDs),282,,,NT02,Lymphatic Filariasis (hydrocele),fYuyFJVdxi4,V2OuNTRI6ua,"29Dys-4Yrs, Male",2025-06-14 12:31:53.170 +0300,2025-06-14 12:31:53.170 +0300
1959,1.3.21,Neglected Tropical Diseases (NTDs),282,,,NT02,Lymphatic Filariasis (hydrocele),fYuyFJVdxi4,Crc5reUlspd,"5-9Yrs, Female",2025-06-14 12:31:53.170 +0300,2025-06-14 12:31:53.170 +0300
1960,1.3.21,Neglected Tropical Diseases (NTDs),282,,,NT02,Lymphatic Filariasis (hydrocele),fYuyFJVdxi4,F1rms8f9I9a,"5-9Yrs, Male",2025-06-14 12:31:53.170 +0300,2025-06-14 12:31:53.170 +0300
1961,1.3.21,Neglected Tropical Diseases (NTDs),283,,,NT03,Lymphatic Filariasis (Lymphoedema),oOw5p1KWSmT,wDiX34aiw6i,"0-28Dys, Female",2025-06-14 12:31:53.170 +0300,2025-06-14 12:31:53.170 +0300
1962,1.3.21,Neglected Tropical Diseases (NTDs),283,,,NT03,Lymphatic Filariasis (Lymphoedema),oOw5p1KWSmT,zh2zAaHyYQx,"0-28Dys, Male",2025-06-14 12:31:53.170 +0300,2025-06-14 12:31:53.170 +0300
1963,1.3.21,Neglected Tropical Diseases (NTDs),283,,,NT03,Lymphatic Filariasis (Lymphoedema),oOw5p1KWSmT,u3CkZqMHfHP,"10-19Yrs, Female",2025-06-14 12:31:53.170 +0300,2025-06-14 12:31:53.170 +0300
1964,1.3.21,Neglected Tropical Diseases (NTDs),283,,,NT03,Lymphatic Filariasis (Lymphoedema),oOw5p1KWSmT,c7gvocRdg0f,"10-19Yrs, Male",2025-06-14 12:31:53.170 +0300,2025-06-14 12:31:53.170 +0300
1965,1.3.21,Neglected Tropical Diseases (NTDs),283,,,NT03,Lymphatic Filariasis (Lymphoedema),oOw5p1KWSmT,XVHTeecEOM3,"20+Yrs, Female",2025-06-14 12:31:53.170 +0300,2025-06-14 12:31:53.170 +0300
1966,1.3.21,Neglected Tropical Diseases (NTDs),283,,,NT03,Lymphatic Filariasis (Lymphoedema),oOw5p1KWSmT,dCKzhhINakS,"20+Yrs, Male",2025-06-14 12:31:53.170 +0300,2025-06-14 12:31:53.170 +0300
1967,1.3.21,Neglected Tropical Diseases (NTDs),283,,,NT03,Lymphatic Filariasis (Lymphoedema),oOw5p1KWSmT,huBy3W5qiD2,"29Dys-4Yrs, Female",2025-06-14 12:31:53.170 +0300,2025-06-14 12:31:53.170 +0300
1968,1.3.21,Neglected Tropical Diseases (NTDs),283,,,NT03,Lymphatic Filariasis (Lymphoedema),oOw5p1KWSmT,V2OuNTRI6ua,"29Dys-4Yrs, Male",2025-06-14 12:31:53.170 +0300,2025-06-14 12:31:53.170 +0300
1969,1.3.21,Neglected Tropical Diseases (NTDs),283,,,NT03,Lymphatic Filariasis (Lymphoedema),oOw5p1KWSmT,Crc5reUlspd,"5-9Yrs, Female",2025-06-14 12:31:53.170 +0300,2025-06-14 12:31:53.170 +0300
1970,1.3.21,Neglected Tropical Diseases (NTDs),283,,,NT03,Lymphatic Filariasis (Lymphoedema),oOw5p1KWSmT,F1rms8f9I9a,"5-9Yrs, Male",2025-06-14 12:31:53.170 +0300,2025-06-14 12:31:53.170 +0300
1971,1.3.21,Neglected Tropical Diseases (NTDs),284,758,Schistosomiasis due to Schistosoma haematobium [urinary schistosomiasis],NT04,Urinary Schistosomiasis,kERJYVPjUmY,wDiX34aiw6i,"0-28Dys, Female",2025-06-14 12:31:53.170 +0300,2025-06-14 12:31:53.170 +0300
1972,1.3.21,Neglected Tropical Diseases (NTDs),284,758,Schistosomiasis due to Schistosoma haematobium [urinary schistosomiasis],NT04,Urinary Schistosomiasis,kERJYVPjUmY,zh2zAaHyYQx,"0-28Dys, Male",2025-06-14 12:31:53.170 +0300,2025-06-14 12:31:53.170 +0300
1973,1.3.21,Neglected Tropical Diseases (NTDs),284,758,Schistosomiasis due to Schistosoma haematobium [urinary schistosomiasis],NT04,Urinary Schistosomiasis,kERJYVPjUmY,u3CkZqMHfHP,"10-19Yrs, Female",2025-06-14 12:31:53.170 +0300,2025-06-14 12:31:53.170 +0300
1974,1.3.21,Neglected Tropical Diseases (NTDs),284,758,Schistosomiasis due to Schistosoma haematobium [urinary schistosomiasis],NT04,Urinary Schistosomiasis,kERJYVPjUmY,c7gvocRdg0f,"10-19Yrs, Male",2025-06-14 12:31:53.170 +0300,2025-06-14 12:31:53.170 +0300
1975,1.3.21,Neglected Tropical Diseases (NTDs),284,758,Schistosomiasis due to Schistosoma haematobium [urinary schistosomiasis],NT04,Urinary Schistosomiasis,kERJYVPjUmY,XVHTeecEOM3,"20+Yrs, Female",2025-06-14 12:31:53.170 +0300,2025-06-14 12:31:53.170 +0300
1976,1.3.21,Neglected Tropical Diseases (NTDs),284,758,Schistosomiasis due to Schistosoma haematobium [urinary schistosomiasis],NT04,Urinary Schistosomiasis,kERJYVPjUmY,dCKzhhINakS,"20+Yrs, Male",2025-06-14 12:31:53.170 +0300,2025-06-14 12:31:53.170 +0300
1977,1.3.21,Neglected Tropical Diseases (NTDs),284,758,Schistosomiasis due to Schistosoma haematobium [urinary schistosomiasis],NT04,Urinary Schistosomiasis,kERJYVPjUmY,huBy3W5qiD2,"29Dys-4Yrs, Female",2025-06-14 12:31:53.170 +0300,2025-06-14 12:31:53.170 +0300
1978,1.3.21,Neglected Tropical Diseases (NTDs),284,758,Schistosomiasis due to Schistosoma haematobium [urinary schistosomiasis],NT04,Urinary Schistosomiasis,kERJYVPjUmY,V2OuNTRI6ua,"29Dys-4Yrs, Male",2025-06-14 12:31:53.170 +0300,2025-06-14 12:31:53.170 +0300
1979,1.3.21,Neglected Tropical Diseases (NTDs),284,758,Schistosomiasis due to Schistosoma haematobium [urinary schistosomiasis],NT04,Urinary Schistosomiasis,kERJYVPjUmY,Crc5reUlspd,"5-9Yrs, Female",2025-06-14 12:31:53.170 +0300,2025-06-14 12:31:53.170 +0300
1980,1.3.21,Neglected Tropical Diseases (NTDs),284,758,Schistosomiasis due to Schistosoma haematobium [urinary schistosomiasis],NT04,Urinary Schistosomiasis,kERJYVPjUmY,F1rms8f9I9a,"5-9Yrs, Male",2025-06-14 12:31:53.170 +0300,2025-06-14 12:31:53.170 +0300
1981,1.3.21,Neglected Tropical Diseases (NTDs),285,759,Schistosomiasis due to Schistosoma mansoni [intestinal schistosomiasis],NT05,Intestinal Schistosomiasis,rRlDbbcm4dp,wDiX34aiw6i,"0-28Dys, Female",2025-06-14 12:31:53.170 +0300,2025-06-14 12:31:53.170 +0300
1982,1.3.21,Neglected Tropical Diseases (NTDs),285,759,Schistosomiasis due to Schistosoma mansoni [intestinal schistosomiasis],NT05,Intestinal Schistosomiasis,rRlDbbcm4dp,zh2zAaHyYQx,"0-28Dys, Male",2025-06-14 12:31:53.170 +0300,2025-06-14 12:31:53.170 +0300
1983,1.3.21,Neglected Tropical Diseases (NTDs),285,759,Schistosomiasis due to Schistosoma mansoni [intestinal schistosomiasis],NT05,Intestinal Schistosomiasis,rRlDbbcm4dp,u3CkZqMHfHP,"10-19Yrs, Female",2025-06-14 12:31:53.170 +0300,2025-06-14 12:31:53.170 +0300
1984,1.3.21,Neglected Tropical Diseases (NTDs),285,759,Schistosomiasis due to Schistosoma mansoni [intestinal schistosomiasis],NT05,Intestinal Schistosomiasis,rRlDbbcm4dp,c7gvocRdg0f,"10-19Yrs, Male",2025-06-14 12:31:53.170 +0300,2025-06-14 12:31:53.170 +0300
1985,1.3.21,Neglected Tropical Diseases (NTDs),285,759,Schistosomiasis due to Schistosoma mansoni [intestinal schistosomiasis],NT05,Intestinal Schistosomiasis,rRlDbbcm4dp,XVHTeecEOM3,"20+Yrs, Female",2025-06-14 12:31:53.170 +0300,2025-06-14 12:31:53.170 +0300
1986,1.3.21,Neglected Tropical Diseases (NTDs),285,759,Schistosomiasis due to Schistosoma mansoni [intestinal schistosomiasis],NT05,Intestinal Schistosomiasis,rRlDbbcm4dp,dCKzhhINakS,"20+Yrs, Male",2025-06-14 12:31:53.170 +0300,2025-06-14 12:31:53.170 +0300
1987,1.3.21,Neglected Tropical Diseases (NTDs),285,759,Schistosomiasis due to Schistosoma mansoni [intestinal schistosomiasis],NT05,Intestinal Schistosomiasis,rRlDbbcm4dp,huBy3W5qiD2,"29Dys-4Yrs, Female",2025-06-14 12:31:53.170 +0300,2025-06-14 12:31:53.170 +0300
1988,1.3.21,Neglected Tropical Diseases (NTDs),285,759,Schistosomiasis due to Schistosoma mansoni [intestinal schistosomiasis],NT05,Intestinal Schistosomiasis,rRlDbbcm4dp,V2OuNTRI6ua,"29Dys-4Yrs, Male",2025-06-14 12:31:53.170 +0300,2025-06-14 12:31:53.170 +0300
1989,1.3.21,Neglected Tropical Diseases (NTDs),285,759,Schistosomiasis due to Schistosoma mansoni [intestinal schistosomiasis],NT05,Intestinal Schistosomiasis,rRlDbbcm4dp,Crc5reUlspd,"5-9Yrs, Female",2025-06-14 12:31:53.170 +0300,2025-06-14 12:31:53.170 +0300
1990,1.3.21,Neglected Tropical Diseases (NTDs),285,759,Schistosomiasis due to Schistosoma mansoni [intestinal schistosomiasis],NT05,Intestinal Schistosomiasis,rRlDbbcm4dp,F1rms8f9I9a,"5-9Yrs, Male",2025-06-14 12:31:53.170 +0300,2025-06-14 12:31:53.170 +0300
3339,1.3.21,Neglected Tropical Diseases (NTDs),281,,,NT01,Leishmaniasis,SYLEs2c2hKy,wDiX34aiw6i,"0-28Dys, Female",2025-06-14 12:31:53.170 +0300,2025-06-14 12:31:53.170 +0300
3340,1.3.21,Neglected Tropical Diseases (NTDs),281,,,NT01,Leishmaniasis,SYLEs2c2hKy,zh2zAaHyYQx,"0-28Dys, Male",2025-06-14 12:31:53.170 +0300,2025-06-14 12:31:53.170 +0300
3341,1.3.21,Neglected Tropical Diseases (NTDs),281,,,NT01,Leishmaniasis,SYLEs2c2hKy,u3CkZqMHfHP,"10-19Yrs, Female",2025-06-14 12:31:53.170 +0300,2025-06-14 12:31:53.170 +0300
3342,1.3.21,Neglected Tropical Diseases (NTDs),281,,,NT01,Leishmaniasis,SYLEs2c2hKy,c7gvocRdg0f,"10-19Yrs, Male",2025-06-14 12:31:53.170 +0300,2025-06-14 12:31:53.170 +0300
3343,1.3.21,Neglected Tropical Diseases (NTDs),281,,,NT01,Leishmaniasis,SYLEs2c2hKy,XVHTeecEOM3,"20+Yrs, Female",2025-06-14 12:31:53.170 +0300,2025-06-14 12:31:53.170 +0300
3344,1.3.21,Neglected Tropical Diseases (NTDs),281,,,NT01,Leishmaniasis,SYLEs2c2hKy,dCKzhhINakS,"20+Yrs, Male",2025-06-14 12:31:53.170 +0300,2025-06-14 12:31:53.170 +0300
3345,1.3.21,Neglected Tropical Diseases (NTDs),281,,,NT01,Leishmaniasis,SYLEs2c2hKy,huBy3W5qiD2,"29Dys-4Yrs, Female",2025-06-14 12:31:53.170 +0300,2025-06-14 12:31:53.170 +0300
3346,1.3.21,Neglected Tropical Diseases (NTDs),281,,,NT01,Leishmaniasis,SYLEs2c2hKy,V2OuNTRI6ua,"29Dys-4Yrs, Male",2025-06-14 12:31:53.170 +0300,2025-06-14 12:31:53.170 +0300
3347,1.3.21,Neglected Tropical Diseases (NTDs),281,,,NT01,Leishmaniasis,SYLEs2c2hKy,Crc5reUlspd,"5-9Yrs, Female",2025-06-14 12:31:53.170 +0300,2025-06-14 12:31:53.170 +0300
3348,1.3.21,Neglected Tropical Diseases (NTDs),281,,,NT01,Leishmaniasis,SYLEs2c2hKy,F1rms8f9I9a,"5-9Yrs, Male",2025-06-14 12:31:53.170 +0300,2025-06-14 12:31:53.170 +0300
3349,1.3.21,Neglected Tropical Diseases (NTDs),282,,,NT02,Lymphatic Filariasis (hydrocele),fYuyFJVdxi4,wDiX34aiw6i,"0-28Dys, Female",2025-06-14 12:31:53.170 +0300,2025-06-14 12:31:53.170 +0300
3350,1.3.21,Neglected Tropical Diseases (NTDs),282,,,NT02,Lymphatic Filariasis (hydrocele),fYuyFJVdxi4,zh2zAaHyYQx,"0-28Dys, Male",2025-06-14 12:31:53.170 +0300,2025-06-14 12:31:53.170 +0300
3351,1.3.21,Neglected Tropical Diseases (NTDs),282,,,NT02,Lymphatic Filariasis (hydrocele),fYuyFJVdxi4,u3CkZqMHfHP,"10-19Yrs, Female",2025-06-14 12:31:53.170 +0300,2025-06-14 12:31:53.170 +0300
3352,1.3.21,Neglected Tropical Diseases (NTDs),282,,,NT02,Lymphatic Filariasis (hydrocele),fYuyFJVdxi4,c7gvocRdg0f,"10-19Yrs, Male",2025-06-14 12:31:53.170 +0300,2025-06-14 12:31:53.170 +0300
3353,1.3.21,Neglected Tropical Diseases (NTDs),282,,,NT02,Lymphatic Filariasis (hydrocele),fYuyFJVdxi4,XVHTeecEOM3,"20+Yrs, Female",2025-06-14 12:31:53.170 +0300,2025-06-14 12:31:53.170 +0300
3354,1.3.21,Neglected Tropical Diseases (NTDs),282,,,NT02,Lymphatic Filariasis (hydrocele),fYuyFJVdxi4,dCKzhhINakS,"20+Yrs, Male",2025-06-14 12:31:53.170 +0300,2025-06-14 12:31:53.170 +0300
3355,1.3.21,Neglected Tropical Diseases (NTDs),282,,,NT02,Lymphatic Filariasis (hydrocele),fYuyFJVdxi4,huBy3W5qiD2,"29Dys-4Yrs, Female",2025-06-14 12:31:53.170 +0300,2025-06-14 12:31:53.170 +0300
3356,1.3.21,Neglected Tropical Diseases (NTDs),282,,,NT02,Lymphatic Filariasis (hydrocele),fYuyFJVdxi4,V2OuNTRI6ua,"29Dys-4Yrs, Male",2025-06-14 12:31:53.170 +0300,2025-06-14 12:31:53.170 +0300
3357,1.3.21,Neglected Tropical Diseases (NTDs),282,,,NT02,Lymphatic Filariasis (hydrocele),fYuyFJVdxi4,Crc5reUlspd,"5-9Yrs, Female",2025-06-14 12:31:53.170 +0300,2025-06-14 12:31:53.170 +0300
3358,1.3.21,Neglected Tropical Diseases (NTDs),282,,,NT02,Lymphatic Filariasis (hydrocele),fYuyFJVdxi4,F1rms8f9I9a,"5-9Yrs, Male",2025-06-14 12:31:53.170 +0300,2025-06-14 12:31:53.170 +0300
3359,1.3.21,Neglected Tropical Diseases (NTDs),283,,,NT03,Lymphatic Filariasis (Lymphoedema),oOw5p1KWSmT,wDiX34aiw6i,"0-28Dys, Female",2025-06-14 12:31:53.170 +0300,2025-06-14 12:31:53.170 +0300
3360,1.3.21,Neglected Tropical Diseases (NTDs),283,,,NT03,Lymphatic Filariasis (Lymphoedema),oOw5p1KWSmT,zh2zAaHyYQx,"0-28Dys, Male",2025-06-14 12:31:53.170 +0300,2025-06-14 12:31:53.170 +0300
3361,1.3.21,Neglected Tropical Diseases (NTDs),283,,,NT03,Lymphatic Filariasis (Lymphoedema),oOw5p1KWSmT,u3CkZqMHfHP,"10-19Yrs, Female",2025-06-14 12:31:53.170 +0300,2025-06-14 12:31:53.170 +0300
3362,1.3.21,Neglected Tropical Diseases (NTDs),283,,,NT03,Lymphatic Filariasis (Lymphoedema),oOw5p1KWSmT,c7gvocRdg0f,"10-19Yrs, Male",2025-06-14 12:31:53.170 +0300,2025-06-14 12:31:53.170 +0300
3363,1.3.21,Neglected Tropical Diseases (NTDs),283,,,NT03,Lymphatic Filariasis (Lymphoedema),oOw5p1KWSmT,XVHTeecEOM3,"20+Yrs, Female",2025-06-14 12:31:53.170 +0300,2025-06-14 12:31:53.170 +0300
3364,1.3.21,Neglected Tropical Diseases (NTDs),283,,,NT03,Lymphatic Filariasis (Lymphoedema),oOw5p1KWSmT,dCKzhhINakS,"20+Yrs, Male",2025-06-14 12:31:53.170 +0300,2025-06-14 12:31:53.170 +0300
3365,1.3.21,Neglected Tropical Diseases (NTDs),283,,,NT03,Lymphatic Filariasis (Lymphoedema),oOw5p1KWSmT,huBy3W5qiD2,"29Dys-4Yrs, Female",2025-06-14 12:31:53.170 +0300,2025-06-14 12:31:53.170 +0300
3366,1.3.21,Neglected Tropical Diseases (NTDs),283,,,NT03,Lymphatic Filariasis (Lymphoedema),oOw5p1KWSmT,V2OuNTRI6ua,"29Dys-4Yrs, Male",2025-06-14 12:31:53.170 +0300,2025-06-14 12:31:53.170 +0300
3367,1.3.21,Neglected Tropical Diseases (NTDs),283,,,NT03,Lymphatic Filariasis (Lymphoedema),oOw5p1KWSmT,Crc5reUlspd,"5-9Yrs, Female",2025-06-14 12:31:53.170 +0300,2025-06-14 12:31:53.170 +0300
3368,1.3.21,Neglected Tropical Diseases (NTDs),283,,,NT03,Lymphatic Filariasis (Lymphoedema),oOw5p1KWSmT,F1rms8f9I9a,"5-9Yrs, Male",2025-06-14 12:31:53.170 +0300,2025-06-14 12:31:53.170 +0300
3369,1.3.21,Neglected Tropical Diseases (NTDs),284,758,Schistosomiasis due to Schistosoma haematobium [urinary schistosomiasis],NT04,Urinary Schistosomiasis,kERJYVPjUmY,wDiX34aiw6i,"0-28Dys, Female",2025-06-14 12:31:53.170 +0300,2025-06-14 12:31:53.170 +0300
3370,1.3.21,Neglected Tropical Diseases (NTDs),284,758,Schistosomiasis due to Schistosoma haematobium [urinary schistosomiasis],NT04,Urinary Schistosomiasis,kERJYVPjUmY,zh2zAaHyYQx,"0-28Dys, Male",2025-06-14 12:31:53.170 +0300,2025-06-14 12:31:53.170 +0300
3371,1.3.21,Neglected Tropical Diseases (NTDs),284,758,Schistosomiasis due to Schistosoma haematobium [urinary schistosomiasis],NT04,Urinary Schistosomiasis,kERJYVPjUmY,u3CkZqMHfHP,"10-19Yrs, Female",2025-06-14 12:31:53.170 +0300,2025-06-14 12:31:53.170 +0300
3372,1.3.21,Neglected Tropical Diseases (NTDs),284,758,Schistosomiasis due to Schistosoma haematobium [urinary schistosomiasis],NT04,Urinary Schistosomiasis,kERJYVPjUmY,c7gvocRdg0f,"10-19Yrs, Male",2025-06-14 12:31:53.170 +0300,2025-06-14 12:31:53.170 +0300
3373,1.3.21,Neglected Tropical Diseases (NTDs),284,758,Schistosomiasis due to Schistosoma haematobium [urinary schistosomiasis],NT04,Urinary Schistosomiasis,kERJYVPjUmY,XVHTeecEOM3,"20+Yrs, Female",2025-06-14 12:31:53.170 +0300,2025-06-14 12:31:53.170 +0300
3374,1.3.21,Neglected Tropical Diseases (NTDs),284,758,Schistosomiasis due to Schistosoma haematobium [urinary schistosomiasis],NT04,Urinary Schistosomiasis,kERJYVPjUmY,dCKzhhINakS,"20+Yrs, Male",2025-06-14 12:31:53.170 +0300,2025-06-14 12:31:53.170 +0300
3375,1.3.21,Neglected Tropical Diseases (NTDs),284,758,Schistosomiasis due to Schistosoma haematobium [urinary schistosomiasis],NT04,Urinary Schistosomiasis,kERJYVPjUmY,huBy3W5qiD2,"29Dys-4Yrs, Female",2025-06-14 12:31:53.170 +0300,2025-06-14 12:31:53.170 +0300
3376,1.3.21,Neglected Tropical Diseases (NTDs),284,758,Schistosomiasis due to Schistosoma haematobium [urinary schistosomiasis],NT04,Urinary Schistosomiasis,kERJYVPjUmY,V2OuNTRI6ua,"29Dys-4Yrs, Male",2025-06-14 12:31:53.170 +0300,2025-06-14 12:31:53.170 +0300
3377,1.3.21,Neglected Tropical Diseases (NTDs),284,758,Schistosomiasis due to Schistosoma haematobium [urinary schistosomiasis],NT04,Urinary Schistosomiasis,kERJYVPjUmY,Crc5reUlspd,"5-9Yrs, Female",2025-06-14 12:31:53.170 +0300,2025-06-14 12:31:53.170 +0300
3378,1.3.21,Neglected Tropical Diseases (NTDs),284,758,Schistosomiasis due to Schistosoma haematobium [urinary schistosomiasis],NT04,Urinary Schistosomiasis,kERJYVPjUmY,F1rms8f9I9a,"5-9Yrs, Male",2025-06-14 12:31:53.170 +0300,2025-06-14 12:31:53.170 +0300
3379,1.3.21,Neglected Tropical Diseases (NTDs),285,759,Schistosomiasis due to Schistosoma mansoni [intestinal schistosomiasis],NT05,Intestinal Schistosomiasis,rRlDbbcm4dp,wDiX34aiw6i,"0-28Dys, Female",2025-06-14 12:31:53.170 +0300,2025-06-14 12:31:53.170 +0300
3380,1.3.21,Neglected Tropical Diseases (NTDs),285,759,Schistosomiasis due to Schistosoma mansoni [intestinal schistosomiasis],NT05,Intestinal Schistosomiasis,rRlDbbcm4dp,zh2zAaHyYQx,"0-28Dys, Male",2025-06-14 12:31:53.170 +0300,2025-06-14 12:31:53.170 +0300
3381,1.3.21,Neglected Tropical Diseases (NTDs),285,759,Schistosomiasis due to Schistosoma mansoni [intestinal schistosomiasis],NT05,Intestinal Schistosomiasis,rRlDbbcm4dp,u3CkZqMHfHP,"10-19Yrs, Female",2025-06-14 12:31:53.170 +0300,2025-06-14 12:31:53.170 +0300
3382,1.3.21,Neglected Tropical Diseases (NTDs),285,759,Schistosomiasis due to Schistosoma mansoni [intestinal schistosomiasis],NT05,Intestinal Schistosomiasis,rRlDbbcm4dp,c7gvocRdg0f,"10-19Yrs, Male",2025-06-14 12:31:53.170 +0300,2025-06-14 12:31:53.170 +0300
3383,1.3.21,Neglected Tropical Diseases (NTDs),285,759,Schistosomiasis due to Schistosoma mansoni [intestinal schistosomiasis],NT05,Intestinal Schistosomiasis,rRlDbbcm4dp,XVHTeecEOM3,"20+Yrs, Female",2025-06-14 12:31:53.170 +0300,2025-06-14 12:31:53.170 +0300
3384,1.3.21,Neglected Tropical Diseases (NTDs),285,759,Schistosomiasis due to Schistosoma mansoni [intestinal schistosomiasis],NT05,Intestinal Schistosomiasis,rRlDbbcm4dp,dCKzhhINakS,"20+Yrs, Male",2025-06-14 12:31:53.170 +0300,2025-06-14 12:31:53.170 +0300
3385,1.3.21,Neglected Tropical Diseases (NTDs),285,759,Schistosomiasis due to Schistosoma mansoni [intestinal schistosomiasis],NT05,Intestinal Schistosomiasis,rRlDbbcm4dp,huBy3W5qiD2,"29Dys-4Yrs, Female",2025-06-14 12:31:53.170 +0300,2025-06-14 12:31:53.170 +0300
3386,1.3.21,Neglected Tropical Diseases (NTDs),285,759,Schistosomiasis due to Schistosoma mansoni [intestinal schistosomiasis],NT05,Intestinal Schistosomiasis,rRlDbbcm4dp,V2OuNTRI6ua,"29Dys-4Yrs, Male",2025-06-14 12:31:53.170 +0300,2025-06-14 12:31:53.170 +0300
3387,1.3.21,Neglected Tropical Diseases (NTDs),285,759,Schistosomiasis due to Schistosoma mansoni [intestinal schistosomiasis],NT05,Intestinal Schistosomiasis,rRlDbbcm4dp,Crc5reUlspd,"5-9Yrs, Female",2025-06-14 12:31:53.170 +0300,2025-06-14 12:31:53.170 +0300
3388,1.3.21,Neglected Tropical Diseases (NTDs),285,759,Schistosomiasis due to Schistosoma mansoni [intestinal schistosomiasis],NT05,Intestinal Schistosomiasis,rRlDbbcm4dp,F1rms8f9I9a,"5-9Yrs, Male",2025-06-14 12:31:53.170 +0300,2025-06-14 12:31:53.170 +0300
2611,1.3.22,Maternal Conditions,288,11602,"Pregnant state, incidental",MC01,Abortions due to Gender-Based Violence (GBV),TvqHbq8AKc7,wDiX34aiw6i,"0-28Dys, Female",2025-06-14 12:31:53.170 +0300,2025-06-14 12:31:53.170 +0300
2612,1.3.22,Maternal Conditions,288,11602,"Pregnant state, incidental",MC01,Abortions due to Gender-Based Violence (GBV),TvqHbq8AKc7,zh2zAaHyYQx,"0-28Dys, Male",2025-06-14 12:31:53.170 +0300,2025-06-14 12:31:53.170 +0300
2613,1.3.22,Maternal Conditions,288,11602,"Pregnant state, incidental",MC01,Abortions due to Gender-Based Violence (GBV),TvqHbq8AKc7,u3CkZqMHfHP,"10-19Yrs, Female",2025-06-14 12:31:53.170 +0300,2025-06-14 12:31:53.170 +0300
2614,1.3.22,Maternal Conditions,288,11602,"Pregnant state, incidental",MC01,Abortions due to Gender-Based Violence (GBV),TvqHbq8AKc7,c7gvocRdg0f,"10-19Yrs, Male",2025-06-14 12:31:53.170 +0300,2025-06-14 12:31:53.170 +0300
2615,1.3.22,Maternal Conditions,288,11602,"Pregnant state, incidental",MC01,Abortions due to Gender-Based Violence (GBV),TvqHbq8AKc7,XVHTeecEOM3,"20+Yrs, Female",2025-06-14 12:31:53.170 +0300,2025-06-14 12:31:53.170 +0300
2616,1.3.22,Maternal Conditions,288,11602,"Pregnant state, incidental",MC01,Abortions due to Gender-Based Violence (GBV),TvqHbq8AKc7,dCKzhhINakS,"20+Yrs, Male",2025-06-14 12:31:53.170 +0300,2025-06-14 12:31:53.170 +0300
2617,1.3.22,Maternal Conditions,288,11602,"Pregnant state, incidental",MC01,Abortions due to Gender-Based Violence (GBV),TvqHbq8AKc7,huBy3W5qiD2,"29Dys-4Yrs, Female",2025-06-14 12:31:53.170 +0300,2025-06-14 12:31:53.170 +0300
2618,1.3.22,Maternal Conditions,288,11602,"Pregnant state, incidental",MC01,Abortions due to Gender-Based Violence (GBV),TvqHbq8AKc7,V2OuNTRI6ua,"29Dys-4Yrs, Male",2025-06-14 12:31:53.170 +0300,2025-06-14 12:31:53.170 +0300
2619,1.3.22,Maternal Conditions,288,11602,"Pregnant state, incidental",MC01,Abortions due to Gender-Based Violence (GBV),TvqHbq8AKc7,Crc5reUlspd,"5-9Yrs, Female",2025-06-14 12:31:53.170 +0300,2025-06-14 12:31:53.170 +0300
2620,1.3.22,Maternal Conditions,288,11602,"Pregnant state, incidental",MC01,Abortions due to Gender-Based Violence (GBV),TvqHbq8AKc7,F1rms8f9I9a,"5-9Yrs, Male",2025-06-14 12:31:53.170 +0300,2025-06-14 12:31:53.170 +0300
2621,1.3.22,Maternal Conditions,289,11602,"Pregnant state, incidental",MC02, Abortions due to other causes,FlRxDBHWGid,wDiX34aiw6i,"0-28Dys, Female",2025-06-14 12:31:53.170 +0300,2025-06-14 12:31:53.170 +0300
2622,1.3.22,Maternal Conditions,289,11602,"Pregnant state, incidental",MC02, Abortions due to other causes,FlRxDBHWGid,zh2zAaHyYQx,"0-28Dys, Male",2025-06-14 12:31:53.170 +0300,2025-06-14 12:31:53.170 +0300
2623,1.3.22,Maternal Conditions,289,11602,"Pregnant state, incidental",MC02, Abortions due to other causes,FlRxDBHWGid,u3CkZqMHfHP,"10-19Yrs, Female",2025-06-14 12:31:53.170 +0300,2025-06-14 12:31:53.170 +0300
2624,1.3.22,Maternal Conditions,289,11602,"Pregnant state, incidental",MC02, Abortions due to other causes,FlRxDBHWGid,c7gvocRdg0f,"10-19Yrs, Male",2025-06-14 12:31:53.170 +0300,2025-06-14 12:31:53.170 +0300
2625,1.3.22,Maternal Conditions,289,11602,"Pregnant state, incidental",MC02, Abortions due to other causes,FlRxDBHWGid,XVHTeecEOM3,"20+Yrs, Female",2025-06-14 12:31:53.170 +0300,2025-06-14 12:31:53.170 +0300
2626,1.3.22,Maternal Conditions,289,11602,"Pregnant state, incidental",MC02, Abortions due to other causes,FlRxDBHWGid,dCKzhhINakS,"20+Yrs, Male",2025-06-14 12:31:53.170 +0300,2025-06-14 12:31:53.170 +0300
2627,1.3.22,Maternal Conditions,289,11602,"Pregnant state, incidental",MC02, Abortions due to other causes,FlRxDBHWGid,huBy3W5qiD2,"29Dys-4Yrs, Female",2025-06-14 12:31:53.170 +0300,2025-06-14 12:31:53.170 +0300
2628,1.3.22,Maternal Conditions,289,11602,"Pregnant state, incidental",MC02, Abortions due to other causes,FlRxDBHWGid,V2OuNTRI6ua,"29Dys-4Yrs, Male",2025-06-14 12:31:53.170 +0300,2025-06-14 12:31:53.170 +0300
2629,1.3.22,Maternal Conditions,289,11602,"Pregnant state, incidental",MC02, Abortions due to other causes,FlRxDBHWGid,Crc5reUlspd,"5-9Yrs, Female",2025-06-14 12:31:53.170 +0300,2025-06-14 12:31:53.170 +0300
2630,1.3.22,Maternal Conditions,289,11602,"Pregnant state, incidental",MC02, Abortions due to other causes,FlRxDBHWGid,F1rms8f9I9a,"5-9Yrs, Male",2025-06-14 12:31:53.170 +0300,2025-06-14 12:31:53.170 +0300
2631,1.3.22,Maternal Conditions,701,6522,Other venous complications following abortion and ectopic and molar pregnancy,MC03,Malaria in pregnancy,e2JNzGWZoWY,wDiX34aiw6i,"0-28Dys, Female",2025-06-14 12:31:53.170 +0300,2025-06-14 12:31:53.170 +0300
2632,1.3.22,Maternal Conditions,701,6522,Other venous complications following abortion and ectopic and molar pregnancy,MC03,Malaria in pregnancy,e2JNzGWZoWY,zh2zAaHyYQx,"0-28Dys, Male",2025-06-14 12:31:53.170 +0300,2025-06-14 12:31:53.170 +0300
2633,1.3.22,Maternal Conditions,701,6522,Other venous complications following abortion and ectopic and molar pregnancy,MC03,Malaria in pregnancy,e2JNzGWZoWY,u3CkZqMHfHP,"10-19Yrs, Female",2025-06-14 12:31:53.170 +0300,2025-06-14 12:31:53.170 +0300
2634,1.3.22,Maternal Conditions,701,6522,Other venous complications following abortion and ectopic and molar pregnancy,MC03,Malaria in pregnancy,e2JNzGWZoWY,c7gvocRdg0f,"10-19Yrs, Male",2025-06-14 12:31:53.170 +0300,2025-06-14 12:31:53.170 +0300
2635,1.3.22,Maternal Conditions,701,6522,Other venous complications following abortion and ectopic and molar pregnancy,MC03,Malaria in pregnancy,e2JNzGWZoWY,XVHTeecEOM3,"20+Yrs, Female",2025-06-14 12:31:53.170 +0300,2025-06-14 12:31:53.170 +0300
2636,1.3.22,Maternal Conditions,701,6522,Other venous complications following abortion and ectopic and molar pregnancy,MC03,Malaria in pregnancy,e2JNzGWZoWY,dCKzhhINakS,"20+Yrs, Male",2025-06-14 12:31:53.170 +0300,2025-06-14 12:31:53.170 +0300
2637,1.3.22,Maternal Conditions,701,6522,Other venous complications following abortion and ectopic and molar pregnancy,MC03,Malaria in pregnancy,e2JNzGWZoWY,huBy3W5qiD2,"29Dys-4Yrs, Female",2025-06-14 12:31:53.170 +0300,2025-06-14 12:31:53.170 +0300
2638,1.3.22,Maternal Conditions,701,6522,Other venous complications following abortion and ectopic and molar pregnancy,MC03,Malaria in pregnancy,e2JNzGWZoWY,V2OuNTRI6ua,"29Dys-4Yrs, Male",2025-06-14 12:31:53.170 +0300,2025-06-14 12:31:53.170 +0300
2639,1.3.22,Maternal Conditions,701,6522,Other venous complications following abortion and ectopic and molar pregnancy,MC03,Malaria in pregnancy,e2JNzGWZoWY,Crc5reUlspd,"5-9Yrs, Female",2025-06-14 12:31:53.170 +0300,2025-06-14 12:31:53.170 +0300
2640,1.3.22,Maternal Conditions,701,6522,Other venous complications following abortion and ectopic and molar pregnancy,MC03,Malaria in pregnancy,e2JNzGWZoWY,F1rms8f9I9a,"5-9Yrs, Male",2025-06-14 12:31:53.170 +0300,2025-06-14 12:31:53.170 +0300
2641,1.3.22,Maternal Conditions,701,6522,Other venous complications following abortion and ectopic and molar pregnancy,MC03,Malaria in pregnancy,BnXSeyr1Er2,wDiX34aiw6i,"0-28Dys, Female",2025-06-14 12:31:53.170 +0300,2025-06-14 12:31:53.170 +0300
2642,1.3.22,Maternal Conditions,701,6522,Other venous complications following abortion and ectopic and molar pregnancy,MC03,Malaria in pregnancy,BnXSeyr1Er2,zh2zAaHyYQx,"0-28Dys, Male",2025-06-14 12:31:53.170 +0300,2025-06-14 12:31:53.170 +0300
2643,1.3.22,Maternal Conditions,701,6522,Other venous complications following abortion and ectopic and molar pregnancy,MC03,Malaria in pregnancy,BnXSeyr1Er2,u3CkZqMHfHP,"10-19Yrs, Female",2025-06-14 12:31:53.170 +0300,2025-06-14 12:31:53.170 +0300
2644,1.3.22,Maternal Conditions,701,6522,Other venous complications following abortion and ectopic and molar pregnancy,MC03,Malaria in pregnancy,BnXSeyr1Er2,c7gvocRdg0f,"10-19Yrs, Male",2025-06-14 12:31:53.170 +0300,2025-06-14 12:31:53.170 +0300
2645,1.3.22,Maternal Conditions,701,6522,Other venous complications following abortion and ectopic and molar pregnancy,MC03,Malaria in pregnancy,BnXSeyr1Er2,XVHTeecEOM3,"20+Yrs, Female",2025-06-14 12:31:53.170 +0300,2025-06-14 12:31:53.170 +0300
2646,1.3.22,Maternal Conditions,701,6522,Other venous complications following abortion and ectopic and molar pregnancy,MC03,Malaria in pregnancy,BnXSeyr1Er2,dCKzhhINakS,"20+Yrs, Male",2025-06-14 12:31:53.170 +0300,2025-06-14 12:31:53.170 +0300
2647,1.3.22,Maternal Conditions,701,6522,Other venous complications following abortion and ectopic and molar pregnancy,MC03,Malaria in pregnancy,BnXSeyr1Er2,huBy3W5qiD2,"29Dys-4Yrs, Female",2025-06-14 12:31:53.170 +0300,2025-06-14 12:31:53.170 +0300
2648,1.3.22,Maternal Conditions,701,6522,Other venous complications following abortion and ectopic and molar pregnancy,MC03,Malaria in pregnancy,BnXSeyr1Er2,V2OuNTRI6ua,"29Dys-4Yrs, Male",2025-06-14 12:31:53.170 +0300,2025-06-14 12:31:53.170 +0300
2649,1.3.22,Maternal Conditions,701,6522,Other venous complications following abortion and ectopic and molar pregnancy,MC03,Malaria in pregnancy,BnXSeyr1Er2,Crc5reUlspd,"5-9Yrs, Female",2025-06-14 12:31:53.170 +0300,2025-06-14 12:31:53.170 +0300
2650,1.3.22,Maternal Conditions,701,6522,Other venous complications following abortion and ectopic and molar pregnancy,MC03,Malaria in pregnancy,BnXSeyr1Er2,F1rms8f9I9a,"5-9Yrs, Male",2025-06-14 12:31:53.170 +0300,2025-06-14 12:31:53.170 +0300
2651,1.3.22,Maternal Conditions,290,6522,Other venous complications following abortion and ectopic and molar pregnancy,MC04, High blood pressure in pregnancy ,y69tjlYisfZ,wDiX34aiw6i,"0-28Dys, Female",2025-06-14 12:31:53.170 +0300,2025-06-14 12:31:53.170 +0300
2652,1.3.22,Maternal Conditions,290,6522,Other venous complications following abortion and ectopic and molar pregnancy,MC04, High blood pressure in pregnancy ,y69tjlYisfZ,zh2zAaHyYQx,"0-28Dys, Male",2025-06-14 12:31:53.170 +0300,2025-06-14 12:31:53.170 +0300
2653,1.3.22,Maternal Conditions,290,6522,Other venous complications following abortion and ectopic and molar pregnancy,MC04, High blood pressure in pregnancy ,y69tjlYisfZ,u3CkZqMHfHP,"10-19Yrs, Female",2025-06-14 12:31:53.170 +0300,2025-06-14 12:31:53.170 +0300
2654,1.3.22,Maternal Conditions,290,6522,Other venous complications following abortion and ectopic and molar pregnancy,MC04, High blood pressure in pregnancy ,y69tjlYisfZ,c7gvocRdg0f,"10-19Yrs, Male",2025-06-14 12:31:53.170 +0300,2025-06-14 12:31:53.170 +0300
2655,1.3.22,Maternal Conditions,290,6522,Other venous complications following abortion and ectopic and molar pregnancy,MC04, High blood pressure in pregnancy ,y69tjlYisfZ,XVHTeecEOM3,"20+Yrs, Female",2025-06-14 12:31:53.170 +0300,2025-06-14 12:31:53.170 +0300
2656,1.3.22,Maternal Conditions,290,6522,Other venous complications following abortion and ectopic and molar pregnancy,MC04, High blood pressure in pregnancy ,y69tjlYisfZ,dCKzhhINakS,"20+Yrs, Male",2025-06-14 12:31:53.170 +0300,2025-06-14 12:31:53.170 +0300
2657,1.3.22,Maternal Conditions,290,6522,Other venous complications following abortion and ectopic and molar pregnancy,MC04, High blood pressure in pregnancy ,y69tjlYisfZ,huBy3W5qiD2,"29Dys-4Yrs, Female",2025-06-14 12:31:53.170 +0300,2025-06-14 12:31:53.170 +0300
2658,1.3.22,Maternal Conditions,290,6522,Other venous complications following abortion and ectopic and molar pregnancy,MC04, High blood pressure in pregnancy ,y69tjlYisfZ,V2OuNTRI6ua,"29Dys-4Yrs, Male",2025-06-14 12:31:53.170 +0300,2025-06-14 12:31:53.170 +0300
2659,1.3.22,Maternal Conditions,290,6522,Other venous complications following abortion and ectopic and molar pregnancy,MC04, High blood pressure in pregnancy ,y69tjlYisfZ,Crc5reUlspd,"5-9Yrs, Female",2025-06-14 12:31:53.170 +0300,2025-06-14 12:31:53.170 +0300
2660,1.3.22,Maternal Conditions,290,6522,Other venous complications following abortion and ectopic and molar pregnancy,MC04, High blood pressure in pregnancy ,y69tjlYisfZ,F1rms8f9I9a,"5-9Yrs, Male",2025-06-14 12:31:53.170 +0300,2025-06-14 12:31:53.170 +0300
2661,1.3.22,Maternal Conditions,290,6522,Other venous complications following abortion and ectopic and molar pregnancy,MC04, High blood pressure in pregnancy ,,,,2025-06-14 12:31:53.170 +0300,2025-06-14 12:31:53.170 +0300
2662,1.3.22,Maternal Conditions,291,6537,Gestational [pregnancy-induced] hypertension,MC05, Diabetes in Pregnancy ,tbCJrTyWu2S,zh2zAaHyYQx,"0-28Dys, Male",2025-06-14 12:31:53.170 +0300,2025-06-14 12:31:53.170 +0300
2663,1.3.22,Maternal Conditions,291,6537,Gestational [pregnancy-induced] hypertension,MC05, Diabetes in Pregnancy ,tbCJrTyWu2S,u3CkZqMHfHP,"10-19Yrs, Female",2025-06-14 12:31:53.170 +0300,2025-06-14 12:31:53.170 +0300
2664,1.3.22,Maternal Conditions,291,6537,Gestational [pregnancy-induced] hypertension,MC05, Diabetes in Pregnancy ,tbCJrTyWu2S,c7gvocRdg0f,"10-19Yrs, Male",2025-06-14 12:31:53.170 +0300,2025-06-14 12:31:53.170 +0300
2665,1.3.22,Maternal Conditions,291,6537,Gestational [pregnancy-induced] hypertension,MC05, Diabetes in Pregnancy ,tbCJrTyWu2S,XVHTeecEOM3,"20+Yrs, Female",2025-06-14 12:31:53.170 +0300,2025-06-14 12:31:53.170 +0300
2666,1.3.22,Maternal Conditions,291,6537,Gestational [pregnancy-induced] hypertension,MC05, Diabetes in Pregnancy ,tbCJrTyWu2S,dCKzhhINakS,"20+Yrs, Male",2025-06-14 12:31:53.170 +0300,2025-06-14 12:31:53.170 +0300
2667,1.3.22,Maternal Conditions,291,6537,Gestational [pregnancy-induced] hypertension,MC05, Diabetes in Pregnancy ,tbCJrTyWu2S,huBy3W5qiD2,"29Dys-4Yrs, Female",2025-06-14 12:31:53.170 +0300,2025-06-14 12:31:53.170 +0300
2668,1.3.22,Maternal Conditions,291,6537,Gestational [pregnancy-induced] hypertension,MC05, Diabetes in Pregnancy ,tbCJrTyWu2S,V2OuNTRI6ua,"29Dys-4Yrs, Male",2025-06-14 12:31:53.170 +0300,2025-06-14 12:31:53.170 +0300
2669,1.3.22,Maternal Conditions,291,6537,Gestational [pregnancy-induced] hypertension,MC05, Diabetes in Pregnancy ,tbCJrTyWu2S,Crc5reUlspd,"5-9Yrs, Female",2025-06-14 12:31:53.170 +0300,2025-06-14 12:31:53.170 +0300
2670,1.3.22,Maternal Conditions,291,6537,Gestational [pregnancy-induced] hypertension,MC05, Diabetes in Pregnancy ,tbCJrTyWu2S,F1rms8f9I9a,"5-9Yrs, Male",2025-06-14 12:31:53.170 +0300,2025-06-14 12:31:53.170 +0300
2671,1.3.22,Maternal Conditions,292,,,MC06,Obstructed labour ,TFfHVzlaZTw,wDiX34aiw6i,"0-28Dys, Female",2025-06-14 12:31:53.170 +0300,2025-06-14 12:31:53.170 +0300
2672,1.3.22,Maternal Conditions,292,,,MC06,Obstructed labour ,TFfHVzlaZTw,zh2zAaHyYQx,"0-28Dys, Male",2025-06-14 12:31:53.170 +0300,2025-06-14 12:31:53.170 +0300
2673,1.3.22,Maternal Conditions,292,,,MC06,Obstructed labour ,TFfHVzlaZTw,u3CkZqMHfHP,"10-19Yrs, Female",2025-06-14 12:31:53.170 +0300,2025-06-14 12:31:53.170 +0300
2674,1.3.22,Maternal Conditions,292,,,MC06,Obstructed labour ,TFfHVzlaZTw,c7gvocRdg0f,"10-19Yrs, Male",2025-06-14 12:31:53.170 +0300,2025-06-14 12:31:53.170 +0300
2675,1.3.22,Maternal Conditions,292,,,MC06,Obstructed labour ,TFfHVzlaZTw,XVHTeecEOM3,"20+Yrs, Female",2025-06-14 12:31:53.170 +0300,2025-06-14 12:31:53.170 +0300
2676,1.3.22,Maternal Conditions,292,,,MC06,Obstructed labour ,TFfHVzlaZTw,dCKzhhINakS,"20+Yrs, Male",2025-06-14 12:31:53.170 +0300,2025-06-14 12:31:53.170 +0300
2677,1.3.22,Maternal Conditions,292,,,MC06,Obstructed labour ,TFfHVzlaZTw,huBy3W5qiD2,"29Dys-4Yrs, Female",2025-06-14 12:31:53.170 +0300,2025-06-14 12:31:53.170 +0300
2678,1.3.22,Maternal Conditions,292,,,MC06,Obstructed labour ,TFfHVzlaZTw,V2OuNTRI6ua,"29Dys-4Yrs, Male",2025-06-14 12:31:53.170 +0300,2025-06-14 12:31:53.170 +0300
2679,1.3.22,Maternal Conditions,292,,,MC06,Obstructed labour ,TFfHVzlaZTw,Crc5reUlspd,"5-9Yrs, Female",2025-06-14 12:31:53.170 +0300,2025-06-14 12:31:53.170 +0300
2680,1.3.22,Maternal Conditions,292,,,MC06,Obstructed labour ,TFfHVzlaZTw,F1rms8f9I9a,"5-9Yrs, Male",2025-06-14 12:31:53.170 +0300,2025-06-14 12:31:53.170 +0300
2681,1.3.22,Maternal Conditions,293,6861,Puerperal sepsis, MC07,Puerperal sepsis ,C74ipmVVinR,u3CkZqMHfHP,"10-19Yrs, Female",2025-06-14 12:31:53.170 +0300,2025-06-14 12:31:53.170 +0300
2682,1.3.22,Maternal Conditions,293,6861,Puerperal sepsis, MC07,Puerperal sepsis ,C74ipmVVinR,c7gvocRdg0f,"10-19Yrs, Male",2025-06-14 12:31:53.170 +0300,2025-06-14 12:31:53.170 +0300
2683,1.3.22,Maternal Conditions,293,6861,Puerperal sepsis, MC07,Puerperal sepsis ,C74ipmVVinR,XVHTeecEOM3,"20+Yrs, Female",2025-06-14 12:31:53.170 +0300,2025-06-14 12:31:53.170 +0300
2684,1.3.22,Maternal Conditions,293,6861,Puerperal sepsis, MC07,Puerperal sepsis ,C74ipmVVinR,dCKzhhINakS,"20+Yrs, Male",2025-06-14 12:31:53.170 +0300,2025-06-14 12:31:53.170 +0300
2685,1.3.22,Maternal Conditions,293,6861,Puerperal sepsis, MC07,Puerperal sepsis ,C74ipmVVinR,huBy3W5qiD2,"29Dys-4Yrs, Female",2025-06-14 12:31:53.170 +0300,2025-06-14 12:31:53.170 +0300
2686,1.3.22,Maternal Conditions,293,6861,Puerperal sepsis, MC07,Puerperal sepsis ,C74ipmVVinR,V2OuNTRI6ua,"29Dys-4Yrs, Male",2025-06-14 12:31:53.170 +0300,2025-06-14 12:31:53.170 +0300
2687,1.3.22,Maternal Conditions,293,6861,Puerperal sepsis, MC07,Puerperal sepsis ,C74ipmVVinR,Crc5reUlspd,"5-9Yrs, Female",2025-06-14 12:31:53.170 +0300,2025-06-14 12:31:53.170 +0300
2688,1.3.22,Maternal Conditions,293,6861,Puerperal sepsis, MC07,Puerperal sepsis ,C74ipmVVinR,F1rms8f9I9a,"5-9Yrs, Male",2025-06-14 12:31:53.170 +0300,2025-06-14 12:31:53.170 +0300
2689,1.3.22,Maternal Conditions,294,6549,Haemorrhage in early pregnancy,MC08,Psychosis of Postpartum onset,Q0nQmQ8PMMm,wDiX34aiw6i,"0-28Dys, Female",2025-06-14 12:31:53.170 +0300,2025-06-14 12:31:53.170 +0300
2690,1.3.22,Maternal Conditions,294,6549,Haemorrhage in early pregnancy,MC08,Psychosis of Postpartum onset,Q0nQmQ8PMMm,zh2zAaHyYQx,"0-28Dys, Male",2025-06-14 12:31:53.170 +0300,2025-06-14 12:31:53.170 +0300
2691,1.3.22,Maternal Conditions,294,6549,Haemorrhage in early pregnancy,MC08,Psychosis of Postpartum onset,Q0nQmQ8PMMm,u3CkZqMHfHP,"10-19Yrs, Female",2025-06-14 12:31:53.170 +0300,2025-06-14 12:31:53.170 +0300
2692,1.3.22,Maternal Conditions,294,6549,Haemorrhage in early pregnancy,MC08,Psychosis of Postpartum onset,Q0nQmQ8PMMm,c7gvocRdg0f,"10-19Yrs, Male",2025-06-14 12:31:53.170 +0300,2025-06-14 12:31:53.170 +0300
2693,1.3.22,Maternal Conditions,294,6549,Haemorrhage in early pregnancy,MC08,Psychosis of Postpartum onset,Q0nQmQ8PMMm,XVHTeecEOM3,"20+Yrs, Female",2025-06-14 12:31:53.170 +0300,2025-06-14 12:31:53.170 +0300
2694,1.3.22,Maternal Conditions,294,6549,Haemorrhage in early pregnancy,MC08,Psychosis of Postpartum onset,Q0nQmQ8PMMm,dCKzhhINakS,"20+Yrs, Male",2025-06-14 12:31:53.170 +0300,2025-06-14 12:31:53.170 +0300
2695,1.3.22,Maternal Conditions,294,6549,Haemorrhage in early pregnancy,MC08,Psychosis of Postpartum onset,Q0nQmQ8PMMm,huBy3W5qiD2,"29Dys-4Yrs, Female",2025-06-14 12:31:53.170 +0300,2025-06-14 12:31:53.170 +0300
2696,1.3.22,Maternal Conditions,294,6549,Haemorrhage in early pregnancy,MC08,Psychosis of Postpartum onset,Q0nQmQ8PMMm,V2OuNTRI6ua,"29Dys-4Yrs, Male",2025-06-14 12:31:53.170 +0300,2025-06-14 12:31:53.170 +0300
2697,1.3.22,Maternal Conditions,294,6549,Haemorrhage in early pregnancy,MC08,Psychosis of Postpartum onset,Q0nQmQ8PMMm,Crc5reUlspd,"5-9Yrs, Female",2025-06-14 12:31:53.170 +0300,2025-06-14 12:31:53.170 +0300
2698,1.3.22,Maternal Conditions,294,6549,Haemorrhage in early pregnancy,MC08,Psychosis of Postpartum onset,Q0nQmQ8PMMm,F1rms8f9I9a,"5-9Yrs, Male",2025-06-14 12:31:53.170 +0300,2025-06-14 12:31:53.170 +0300
2699,1.3.22,Maternal Conditions,702,,, MC09,Post Traumatic Stress Disorder of Postpartum onset,iivetmgqm0X,wDiX34aiw6i,"0-28Dys, Female",2025-06-14 12:31:53.170 +0300,2025-06-14 12:31:53.170 +0300
2700,1.3.22,Maternal Conditions,702,,, MC09,Post Traumatic Stress Disorder of Postpartum onset,iivetmgqm0X,zh2zAaHyYQx,"0-28Dys, Male",2025-06-14 12:31:53.170 +0300,2025-06-14 12:31:53.170 +0300
2701,1.3.22,Maternal Conditions,702,,, MC09,Post Traumatic Stress Disorder of Postpartum onset,iivetmgqm0X,u3CkZqMHfHP,"10-19Yrs, Female",2025-06-14 12:31:53.170 +0300,2025-06-14 12:31:53.170 +0300
2702,1.3.22,Maternal Conditions,702,,, MC09,Post Traumatic Stress Disorder of Postpartum onset,iivetmgqm0X,c7gvocRdg0f,"10-19Yrs, Male",2025-06-14 12:31:53.170 +0300,2025-06-14 12:31:53.170 +0300
2703,1.3.22,Maternal Conditions,702,,, MC09,Post Traumatic Stress Disorder of Postpartum onset,iivetmgqm0X,XVHTeecEOM3,"20+Yrs, Female",2025-06-14 12:31:53.170 +0300,2025-06-14 12:31:53.170 +0300
2704,1.3.22,Maternal Conditions,702,,, MC09,Post Traumatic Stress Disorder of Postpartum onset,iivetmgqm0X,dCKzhhINakS,"20+Yrs, Male",2025-06-14 12:31:53.170 +0300,2025-06-14 12:31:53.170 +0300
2705,1.3.22,Maternal Conditions,702,,, MC09,Post Traumatic Stress Disorder of Postpartum onset,iivetmgqm0X,huBy3W5qiD2,"29Dys-4Yrs, Female",2025-06-14 12:31:53.170 +0300,2025-06-14 12:31:53.170 +0300
2706,1.3.22,Maternal Conditions,702,,, MC09,Post Traumatic Stress Disorder of Postpartum onset,iivetmgqm0X,V2OuNTRI6ua,"29Dys-4Yrs, Male",2025-06-14 12:31:53.170 +0300,2025-06-14 12:31:53.170 +0300
2707,1.3.22,Maternal Conditions,702,,, MC09,Post Traumatic Stress Disorder of Postpartum onset,iivetmgqm0X,Crc5reUlspd,"5-9Yrs, Female",2025-06-14 12:31:53.170 +0300,2025-06-14 12:31:53.170 +0300
2708,1.3.22,Maternal Conditions,702,,, MC09,Post Traumatic Stress Disorder of Postpartum onset,iivetmgqm0X,F1rms8f9I9a,"5-9Yrs, Male",2025-06-14 12:31:53.170 +0300,2025-06-14 12:31:53.170 +0300
2709,1.3.22,Maternal Conditions,,,,MC10,Haemorrhage related to pregnancy (APH),Dem2BmAhrEl,wDiX34aiw6i,"0-28Dys, Female",2025-06-14 12:31:53.170 +0300,2025-06-14 12:31:53.170 +0300
2710,1.3.22,Maternal Conditions,,,,MC10,Haemorrhage related to pregnancy (APH),Dem2BmAhrEl,zh2zAaHyYQx,"0-28Dys, Male",2025-06-14 12:31:53.170 +0300,2025-06-14 12:31:53.170 +0300
2711,1.3.22,Maternal Conditions,,,,MC10,Haemorrhage related to pregnancy (APH),Dem2BmAhrEl,u3CkZqMHfHP,"10-19Yrs, Female",2025-06-14 12:31:53.170 +0300,2025-06-14 12:31:53.170 +0300
2712,1.3.22,Maternal Conditions,,,,MC10,Haemorrhage related to pregnancy (APH),Dem2BmAhrEl,c7gvocRdg0f,"10-19Yrs, Male",2025-06-14 12:31:53.170 +0300,2025-06-14 12:31:53.170 +0300
2713,1.3.22,Maternal Conditions,,,,MC10,Haemorrhage related to pregnancy (APH),Dem2BmAhrEl,XVHTeecEOM3,"20+Yrs, Female",2025-06-14 12:31:53.170 +0300,2025-06-14 12:31:53.170 +0300
2714,1.3.22,Maternal Conditions,,,,MC10,Haemorrhage related to pregnancy (APH),Dem2BmAhrEl,dCKzhhINakS,"20+Yrs, Male",2025-06-14 12:31:53.170 +0300,2025-06-14 12:31:53.170 +0300
2715,1.3.22,Maternal Conditions,,,,MC10,Haemorrhage related to pregnancy (APH),Dem2BmAhrEl,huBy3W5qiD2,"29Dys-4Yrs, Female",2025-06-14 12:31:53.170 +0300,2025-06-14 12:31:53.170 +0300
2716,1.3.22,Maternal Conditions,,,,MC10,Haemorrhage related to pregnancy (APH),Dem2BmAhrEl,V2OuNTRI6ua,"29Dys-4Yrs, Male",2025-06-14 12:31:53.170 +0300,2025-06-14 12:31:53.170 +0300
2717,1.3.22,Maternal Conditions,,,,MC10,Haemorrhage related to pregnancy (APH),Dem2BmAhrEl,Crc5reUlspd,"5-9Yrs, Female",2025-06-14 12:31:53.170 +0300,2025-06-14 12:31:53.170 +0300
2718,1.3.22,Maternal Conditions,,,,MC10,Haemorrhage related to pregnancy (APH),Dem2BmAhrEl,F1rms8f9I9a,"5-9Yrs, Male",2025-06-14 12:31:53.170 +0300,2025-06-14 12:31:53.170 +0300
2719,1.3.22,Maternal Conditions,436,,,MC11,Haemorrhage related to pregnancy (PPH) ,pWZcOnKaoCa,u3CkZqMHfHP,"10-19Yrs, Female",2025-06-14 12:31:53.170 +0300,2025-06-14 12:31:53.170 +0300
2720,1.3.22,Maternal Conditions,436,,,MC11,Haemorrhage related to pregnancy (PPH) ,pWZcOnKaoCa,c7gvocRdg0f,"10-19Yrs, Male",2025-06-14 12:31:53.170 +0300,2025-06-14 12:31:53.170 +0300
2721,1.3.22,Maternal Conditions,436,,,MC11,Haemorrhage related to pregnancy (PPH) ,pWZcOnKaoCa,XVHTeecEOM3,"20+Yrs, Female",2025-06-14 12:31:53.170 +0300,2025-06-14 12:31:53.170 +0300
2722,1.3.22,Maternal Conditions,436,,,MC11,Haemorrhage related to pregnancy (PPH) ,pWZcOnKaoCa,dCKzhhINakS,"20+Yrs, Male",2025-06-14 12:31:53.170 +0300,2025-06-14 12:31:53.170 +0300
2723,1.3.22,Maternal Conditions,436,,,MC11,Haemorrhage related to pregnancy (PPH) ,pWZcOnKaoCa,huBy3W5qiD2,"29Dys-4Yrs, Female",2025-06-14 12:31:53.170 +0300,2025-06-14 12:31:53.170 +0300
2724,1.3.22,Maternal Conditions,436,,,MC11,Haemorrhage related to pregnancy (PPH) ,pWZcOnKaoCa,V2OuNTRI6ua,"29Dys-4Yrs, Male",2025-06-14 12:31:53.170 +0300,2025-06-14 12:31:53.170 +0300
2725,1.3.22,Maternal Conditions,436,,,MC11,Haemorrhage related to pregnancy (PPH) ,pWZcOnKaoCa,Crc5reUlspd,"5-9Yrs, Female",2025-06-14 12:31:53.170 +0300,2025-06-14 12:31:53.170 +0300
2726,1.3.22,Maternal Conditions,436,,,MC11,Haemorrhage related to pregnancy (PPH) ,pWZcOnKaoCa,F1rms8f9I9a,"5-9Yrs, Male",2025-06-14 12:31:53.170 +0300,2025-06-14 12:31:53.170 +0300
2727,1.3.22,Maternal Conditions,,,,MC12,Breast cancer,BvM8ByKmr33,wDiX34aiw6i,"0-28Dys, Female",2025-06-14 12:31:53.170 +0300,2025-06-14 12:31:53.170 +0300
2728,1.3.22,Maternal Conditions,,,,MC12,Breast cancer,BvM8ByKmr33,zh2zAaHyYQx,"0-28Dys, Male",2025-06-14 12:31:53.170 +0300,2025-06-14 12:31:53.170 +0300
2729,1.3.22,Maternal Conditions,,,,MC12,Breast cancer,BvM8ByKmr33,u3CkZqMHfHP,"10-19Yrs, Female",2025-06-14 12:31:53.170 +0300,2025-06-14 12:31:53.170 +0300
2730,1.3.22,Maternal Conditions,,,,MC12,Breast cancer,BvM8ByKmr33,c7gvocRdg0f,"10-19Yrs, Male",2025-06-14 12:31:53.170 +0300,2025-06-14 12:31:53.170 +0300
2731,1.3.22,Maternal Conditions,,,,MC12,Breast cancer,BvM8ByKmr33,XVHTeecEOM3,"20+Yrs, Female",2025-06-14 12:31:53.170 +0300,2025-06-14 12:31:53.170 +0300
2732,1.3.22,Maternal Conditions,,,,MC12,Breast cancer,BvM8ByKmr33,dCKzhhINakS,"20+Yrs, Male",2025-06-14 12:31:53.170 +0300,2025-06-14 12:31:53.170 +0300
2733,1.3.22,Maternal Conditions,,,,MC12,Breast cancer,BvM8ByKmr33,huBy3W5qiD2,"29Dys-4Yrs, Female",2025-06-14 12:31:53.170 +0300,2025-06-14 12:31:53.170 +0300
2734,1.3.22,Maternal Conditions,,,,MC12,Breast cancer,BvM8ByKmr33,V2OuNTRI6ua,"29Dys-4Yrs, Male",2025-06-14 12:31:53.170 +0300,2025-06-14 12:31:53.170 +0300
2735,1.3.22,Maternal Conditions,,,,MC12,Breast cancer,BvM8ByKmr33,Crc5reUlspd,"5-9Yrs, Female",2025-06-14 12:31:53.170 +0300,2025-06-14 12:31:53.170 +0300
2736,1.3.22,Maternal Conditions,,,,MC12,Breast cancer,BvM8ByKmr33,F1rms8f9I9a,"5-9Yrs, Male",2025-06-14 12:31:53.170 +0300,2025-06-14 12:31:53.170 +0300
2737,1.3.22,Maternal Conditions,,,,MC12,Breast cancer,CprWHgiXQbu,wDiX34aiw6i,"0-28Dys, Female",2025-06-14 12:31:53.170 +0300,2025-06-14 12:31:53.170 +0300
2738,1.3.22,Maternal Conditions,,,,MC12,Breast cancer,CprWHgiXQbu,zh2zAaHyYQx,"0-28Dys, Male",2025-06-14 12:31:53.170 +0300,2025-06-14 12:31:53.170 +0300
2739,1.3.22,Maternal Conditions,,,,MC12,Breast cancer,CprWHgiXQbu,u3CkZqMHfHP,"10-19Yrs, Female",2025-06-14 12:31:53.170 +0300,2025-06-14 12:31:53.170 +0300
2740,1.3.22,Maternal Conditions,,,,MC12,Breast cancer,CprWHgiXQbu,c7gvocRdg0f,"10-19Yrs, Male",2025-06-14 12:31:53.170 +0300,2025-06-14 12:31:53.170 +0300
2741,1.3.22,Maternal Conditions,,,,MC12,Breast cancer,CprWHgiXQbu,XVHTeecEOM3,"20+Yrs, Female",2025-06-14 12:31:53.170 +0300,2025-06-14 12:31:53.170 +0300
2742,1.3.22,Maternal Conditions,,,,MC12,Breast cancer,CprWHgiXQbu,dCKzhhINakS,"20+Yrs, Male",2025-06-14 12:31:53.170 +0300,2025-06-14 12:31:53.170 +0300
2743,1.3.22,Maternal Conditions,,,,MC12,Breast cancer,CprWHgiXQbu,huBy3W5qiD2,"29Dys-4Yrs, Female",2025-06-14 12:31:53.170 +0300,2025-06-14 12:31:53.170 +0300
2744,1.3.22,Maternal Conditions,,,,MC12,Breast cancer,CprWHgiXQbu,V2OuNTRI6ua,"29Dys-4Yrs, Male",2025-06-14 12:31:53.170 +0300,2025-06-14 12:31:53.170 +0300
2745,1.3.22,Maternal Conditions,,,,MC12,Breast cancer,CprWHgiXQbu,Crc5reUlspd,"5-9Yrs, Female",2025-06-14 12:31:53.170 +0300,2025-06-14 12:31:53.170 +0300
2746,1.3.22,Maternal Conditions,,,,MC12,Breast cancer,CprWHgiXQbu,F1rms8f9I9a,"5-9Yrs, Male",2025-06-14 12:31:53.170 +0300,2025-06-14 12:31:53.170 +0300
2747,1.3.22,Maternal Conditions,242,,,MC13,Cervical cancer,zJqxJwj1IYw,u3CkZqMHfHP,"10-19Yrs, Female",2025-06-14 12:31:53.170 +0300,2025-06-14 12:31:53.170 +0300
2748,1.3.22,Maternal Conditions,242,,,MC13,Cervical cancer,zJqxJwj1IYw,c7gvocRdg0f,"10-19Yrs, Male",2025-06-14 12:31:53.170 +0300,2025-06-14 12:31:53.170 +0300
2749,1.3.22,Maternal Conditions,242,,,MC13,Cervical cancer,zJqxJwj1IYw,XVHTeecEOM3,"20+Yrs, Female",2025-06-14 12:31:53.170 +0300,2025-06-14 12:31:53.170 +0300
2750,1.3.22,Maternal Conditions,242,,,MC13,Cervical cancer,zJqxJwj1IYw,dCKzhhINakS,"20+Yrs, Male",2025-06-14 12:31:53.170 +0300,2025-06-14 12:31:53.170 +0300
2751,1.3.22,Maternal Conditions,242,,,MC13,Cervical cancer,zJqxJwj1IYw,huBy3W5qiD2,"29Dys-4Yrs, Female",2025-06-14 12:31:53.170 +0300,2025-06-14 12:31:53.170 +0300
2752,1.3.22,Maternal Conditions,242,,,MC13,Cervical cancer,zJqxJwj1IYw,V2OuNTRI6ua,"29Dys-4Yrs, Male",2025-06-14 12:31:53.170 +0300,2025-06-14 12:31:53.170 +0300
2753,1.3.22,Maternal Conditions,242,,,MC13,Cervical cancer,zJqxJwj1IYw,Crc5reUlspd,"5-9Yrs, Female",2025-06-14 12:31:53.170 +0300,2025-06-14 12:31:53.170 +0300
2754,1.3.22,Maternal Conditions,242,,,MC13,Cervical cancer,zJqxJwj1IYw,F1rms8f9I9a,"5-9Yrs, Male",2025-06-14 12:31:53.170 +0300,2025-06-14 12:31:53.170 +0300
3219,1.3.23,Other OPD conditions,782,,,OP01,All others,eJ6uwSt5TEp,wDiX34aiw6i,"0-28Dys, Female",2025-06-14 12:31:53.170 +0300,2025-06-14 12:31:53.170 +0300
3220,1.3.23,Other OPD conditions,782,,,OP01,All others,eJ6uwSt5TEp,zh2zAaHyYQx,"0-28Dys, Male",2025-06-14 12:31:53.170 +0300,2025-06-14 12:31:53.170 +0300
3221,1.3.23,Other OPD conditions,782,,,OP01,All others,eJ6uwSt5TEp,u3CkZqMHfHP,"10-19Yrs, Female",2025-06-14 12:31:53.170 +0300,2025-06-14 12:31:53.170 +0300
3222,1.3.23,Other OPD conditions,782,,,OP01,All others,eJ6uwSt5TEp,c7gvocRdg0f,"10-19Yrs, Male",2025-06-14 12:31:53.170 +0300,2025-06-14 12:31:53.170 +0300
3223,1.3.23,Other OPD conditions,782,,,OP01,All others,eJ6uwSt5TEp,XVHTeecEOM3,"20+Yrs, Female",2025-06-14 12:31:53.170 +0300,2025-06-14 12:31:53.170 +0300
3224,1.3.23,Other OPD conditions,782,,,OP01,All others,eJ6uwSt5TEp,dCKzhhINakS,"20+Yrs, Male",2025-06-14 12:31:53.170 +0300,2025-06-14 12:31:53.170 +0300
3225,1.3.23,Other OPD conditions,782,,,OP01,All others,eJ6uwSt5TEp,huBy3W5qiD2,"29Dys-4Yrs, Female",2025-06-14 12:31:53.170 +0300,2025-06-14 12:31:53.170 +0300
3226,1.3.23,Other OPD conditions,782,,,OP01,All others,eJ6uwSt5TEp,V2OuNTRI6ua,"29Dys-4Yrs, Male",2025-06-14 12:31:53.170 +0300,2025-06-14 12:31:53.170 +0300
3227,1.3.23,Other OPD conditions,782,,,OP01,All others,eJ6uwSt5TEp,Crc5reUlspd,"5-9Yrs, Female",2025-06-14 12:31:53.170 +0300,2025-06-14 12:31:53.170 +0300
3228,1.3.23,Other OPD conditions,782,,,OP01,All others,eJ6uwSt5TEp,F1rms8f9I9a,"5-9Yrs, Male",2025-06-14 12:31:53.170 +0300,2025-06-14 12:31:53.170 +0300
3229,1.3.24,Deaths in OPD,784,8428,"Other sudden death, cause unknown", DT01    ,Deaths in OPD  ,llcQzAlLAWc,wDiX34aiw6i,"0-28Dys, Female",2025-06-14 12:31:53.170 +0300,2025-06-14 12:31:53.170 +0300
3230,1.3.24,Deaths in OPD,784,8428,"Other sudden death, cause unknown", DT01    ,Deaths in OPD  ,llcQzAlLAWc,zh2zAaHyYQx,"0-28Dys, Male",2025-06-14 12:31:53.170 +0300,2025-06-14 12:31:53.170 +0300
3231,1.3.24,Deaths in OPD,784,8428,"Other sudden death, cause unknown", DT01    ,Deaths in OPD  ,llcQzAlLAWc,u3CkZqMHfHP,"10-19Yrs, Female",2025-06-14 12:31:53.170 +0300,2025-06-14 12:31:53.170 +0300
3232,1.3.24,Deaths in OPD,784,8428,"Other sudden death, cause unknown", DT01    ,Deaths in OPD  ,llcQzAlLAWc,c7gvocRdg0f,"10-19Yrs, Male",2025-06-14 12:31:53.170 +0300,2025-06-14 12:31:53.170 +0300
3233,1.3.24,Deaths in OPD,784,8428,"Other sudden death, cause unknown", DT01    ,Deaths in OPD  ,llcQzAlLAWc,XVHTeecEOM3,"20+Yrs, Female",2025-06-14 12:31:53.170 +0300,2025-06-14 12:31:53.170 +0300
3234,1.3.24,Deaths in OPD,784,8428,"Other sudden death, cause unknown", DT01    ,Deaths in OPD  ,llcQzAlLAWc,dCKzhhINakS,"20+Yrs, Male",2025-06-14 12:31:53.170 +0300,2025-06-14 12:31:53.170 +0300
3235,1.3.24,Deaths in OPD,784,8428,"Other sudden death, cause unknown", DT01    ,Deaths in OPD  ,llcQzAlLAWc,huBy3W5qiD2,"29Dys-4Yrs, Female",2025-06-14 12:31:53.170 +0300,2025-06-14 12:31:53.170 +0300
3236,1.3.24,Deaths in OPD,784,8428,"Other sudden death, cause unknown", DT01    ,Deaths in OPD  ,llcQzAlLAWc,V2OuNTRI6ua,"29Dys-4Yrs, Male",2025-06-14 12:31:53.170 +0300,2025-06-14 12:31:53.170 +0300
3237,1.3.24,Deaths in OPD,784,8428,"Other sudden death, cause unknown", DT01    ,Deaths in OPD  ,llcQzAlLAWc,Crc5reUlspd,"5-9Yrs, Female",2025-06-14 12:31:53.170 +0300,2025-06-14 12:31:53.170 +0300
3238,1.3.24,Deaths in OPD,784,8428,"Other sudden death, cause unknown", DT01    ,Deaths in OPD  ,llcQzAlLAWc,F1rms8f9I9a,"5-9Yrs, Male",2025-06-14 12:31:53.170 +0300,2025-06-14 12:31:53.170 +0300
2755,1.3.25,Emergency Medical Services,790,11380,Sequelae of misadventures to patients during surgical and medical procedures,ES04,No. of patients accessing care within 1hr in an emergency unit ,bTrQT7XJULv,wDiX34aiw6i,"0-28Dys, Female",2025-06-14 12:31:53.170 +0300,2025-06-14 12:31:53.170 +0300
2756,1.3.25,Emergency Medical Services,,,,ES04,No. of patients accessing care within 1hr in an emergency unit ,bTrQT7XJULv,zh2zAaHyYQx,"0-28Dys, Male",2025-06-14 12:31:53.170 +0300,2025-06-14 12:31:53.170 +0300
2757,1.3.25,Emergency Medical Services,,,,ES04,No. of patients accessing care within 1hr in an emergency unit ,bTrQT7XJULv,u3CkZqMHfHP,"10-19Yrs, Female",2025-06-14 12:31:53.170 +0300,2025-06-14 12:31:53.170 +0300
2758,1.3.25,Emergency Medical Services,,,,ES04,No. of patients accessing care within 1hr in an emergency unit ,bTrQT7XJULv,c7gvocRdg0f,"10-19Yrs, Male",2025-06-14 12:31:53.170 +0300,2025-06-14 12:31:53.170 +0300
2759,1.3.25,Emergency Medical Services,,,,ES04,No. of patients accessing care within 1hr in an emergency unit ,bTrQT7XJULv,XVHTeecEOM3,"20+Yrs, Female",2025-06-14 12:31:53.170 +0300,2025-06-14 12:31:53.170 +0300
2760,1.3.25,Emergency Medical Services,,,,ES04,No. of patients accessing care within 1hr in an emergency unit ,bTrQT7XJULv,dCKzhhINakS,"20+Yrs, Male",2025-06-14 12:31:53.170 +0300,2025-06-14 12:31:53.170 +0300
2761,1.3.25,Emergency Medical Services,,,,ES04,No. of patients accessing care within 1hr in an emergency unit ,bTrQT7XJULv,huBy3W5qiD2,"29Dys-4Yrs, Female",2025-06-14 12:31:53.170 +0300,2025-06-14 12:31:53.170 +0300
2762,1.3.25,Emergency Medical Services,,,,ES04,No. of patients accessing care within 1hr in an emergency unit ,bTrQT7XJULv,V2OuNTRI6ua,"29Dys-4Yrs, Male",2025-06-14 12:31:53.170 +0300,2025-06-14 12:31:53.170 +0300
2763,1.3.25,Emergency Medical Services,,,,ES04,No. of patients accessing care within 1hr in an emergency unit ,bTrQT7XJULv,Crc5reUlspd,"5-9Yrs, Female",2025-06-14 12:31:53.170 +0300,2025-06-14 12:31:53.170 +0300
2764,1.3.25,Emergency Medical Services,,,,ES05,No. of patients who developed complications within 24 hours of care,LlqbDNxuUpK,wDiX34aiw6i,"0-28Dys, Female",2025-06-14 12:31:53.170 +0300,2025-06-14 12:31:53.170 +0300
2765,1.3.25,Emergency Medical Services,,,,ES05,No. of patients who developed complications within 24 hours of care,LlqbDNxuUpK,zh2zAaHyYQx,"0-28Dys, Male",2025-06-14 12:31:53.170 +0300,2025-06-14 12:31:53.170 +0300
2766,1.3.25,Emergency Medical Services,,,,ES05,No. of patients who developed complications within 24 hours of care,LlqbDNxuUpK,u3CkZqMHfHP,"10-19Yrs, Female",2025-06-14 12:31:53.170 +0300,2025-06-14 12:31:53.170 +0300
2767,1.3.25,Emergency Medical Services,,,,ES05,No. of patients who developed complications within 24 hours of care,LlqbDNxuUpK,c7gvocRdg0f,"10-19Yrs, Male",2025-06-14 12:31:53.170 +0300,2025-06-14 12:31:53.170 +0300
2768,1.3.25,Emergency Medical Services,,,,ES05,No. of patients who developed complications within 24 hours of care,LlqbDNxuUpK,XVHTeecEOM3,"20+Yrs, Female",2025-06-14 12:31:53.170 +0300,2025-06-14 12:31:53.170 +0300
2769,1.3.25,Emergency Medical Services,,,,ES05,No. of patients who developed complications within 24 hours of care,LlqbDNxuUpK,dCKzhhINakS,"20+Yrs, Male",2025-06-14 12:31:53.170 +0300,2025-06-14 12:31:53.170 +0300
2770,1.3.25,Emergency Medical Services,,,,ES05,No. of patients who developed complications within 24 hours of care,LlqbDNxuUpK,huBy3W5qiD2,"29Dys-4Yrs, Female",2025-06-14 12:31:53.170 +0300,2025-06-14 12:31:53.170 +0300
2771,1.3.25,Emergency Medical Services,,,,ES05,No. of patients who developed complications within 24 hours of care,LlqbDNxuUpK,V2OuNTRI6ua,"29Dys-4Yrs, Male",2025-06-14 12:31:53.170 +0300,2025-06-14 12:31:53.170 +0300
2772,1.3.25,Emergency Medical Services,,,,ES05,No. of patients who developed complications within 24 hours of care,LlqbDNxuUpK,Crc5reUlspd,"5-9Yrs, Female",2025-06-14 12:31:53.170 +0300,2025-06-14 12:31:53.170 +0300
2773,1.3.25,Emergency Medical Services,,,,ES05,No. of patients who developed complications within 24 hours of care,LlqbDNxuUpK,F1rms8f9I9a,"5-9Yrs, Male",2025-06-14 12:31:53.170 +0300,2025-06-14 12:31:53.170 +0300
2774,1.3.25,Emergency Medical Services,,,,ES06, No. of patients with hypoxemia,ftpuURXTWEA,wDiX34aiw6i,"0-28Dys, Female",2025-06-14 12:31:53.170 +0300,2025-06-14 12:31:53.170 +0300
2775,1.3.25,Emergency Medical Services,,,,ES06, No. of patients with hypoxemia,ftpuURXTWEA,zh2zAaHyYQx,"0-28Dys, Male",2025-06-14 12:31:53.170 +0300,2025-06-14 12:31:53.170 +0300
2776,1.3.25,Emergency Medical Services,,,,ES06, No. of patients with hypoxemia,ftpuURXTWEA,u3CkZqMHfHP,"10-19Yrs, Female",2025-06-14 12:31:53.170 +0300,2025-06-14 12:31:53.170 +0300
2777,1.3.25,Emergency Medical Services,,,,ES06, No. of patients with hypoxemia,ftpuURXTWEA,c7gvocRdg0f,"10-19Yrs, Male",2025-06-14 12:31:53.170 +0300,2025-06-14 12:31:53.170 +0300
2778,1.3.25,Emergency Medical Services,,,,ES06, No. of patients with hypoxemia,ftpuURXTWEA,XVHTeecEOM3,"20+Yrs, Female",2025-06-14 12:31:53.170 +0300,2025-06-14 12:31:53.170 +0300
2779,1.3.25,Emergency Medical Services,,,,ES06, No. of patients with hypoxemia,ftpuURXTWEA,dCKzhhINakS,"20+Yrs, Male",2025-06-14 12:31:53.170 +0300,2025-06-14 12:31:53.170 +0300
2780,1.3.25,Emergency Medical Services,,,,ES06, No. of patients with hypoxemia,ftpuURXTWEA,huBy3W5qiD2,"29Dys-4Yrs, Female",2025-06-14 12:31:53.170 +0300,2025-06-14 12:31:53.170 +0300
2781,1.3.25,Emergency Medical Services,,,,ES06, No. of patients with hypoxemia,ftpuURXTWEA,V2OuNTRI6ua,"29Dys-4Yrs, Male",2025-06-14 12:31:53.170 +0300,2025-06-14 12:31:53.170 +0300
2782,1.3.25,Emergency Medical Services,,,,ES06, No. of patients with hypoxemia,ftpuURXTWEA,Crc5reUlspd,"5-9Yrs, Female",2025-06-14 12:31:53.170 +0300,2025-06-14 12:31:53.170 +0300
2783,1.3.25,Emergency Medical Services,,,,ES06, No. of patients with hypoxemia,ftpuURXTWEA,F1rms8f9I9a,"5-9Yrs, Male",2025-06-14 12:31:53.170 +0300,2025-06-14 12:31:53.170 +0300
2784,1.3.25,Emergency Medical Services,,,,ES06, No. of patients with hypoxemia,NwQLr6lkdQ9,wDiX34aiw6i,"0-28Dys, Female",2025-06-14 12:31:53.170 +0300,2025-06-14 12:31:53.170 +0300
2785,1.3.25,Emergency Medical Services,,,,ES06, No. of patients with hypoxemia,NwQLr6lkdQ9,zh2zAaHyYQx,"0-28Dys, Male",2025-06-14 12:31:53.170 +0300,2025-06-14 12:31:53.170 +0300
2786,1.3.25,Emergency Medical Services,,,,ES06, No. of patients with hypoxemia,NwQLr6lkdQ9,u3CkZqMHfHP,"10-19Yrs, Female",2025-06-14 12:31:53.170 +0300,2025-06-14 12:31:53.170 +0300
2787,1.3.25,Emergency Medical Services,,,,ES06, No. of patients with hypoxemia,NwQLr6lkdQ9,c7gvocRdg0f,"10-19Yrs, Male",2025-06-14 12:31:53.170 +0300,2025-06-14 12:31:53.170 +0300
2788,1.3.25,Emergency Medical Services,,,,ES06, No. of patients with hypoxemia,NwQLr6lkdQ9,XVHTeecEOM3,"20+Yrs, Female",2025-06-14 12:31:53.170 +0300,2025-06-14 12:31:53.170 +0300
2789,1.3.25,Emergency Medical Services,,,,ES06, No. of patients with hypoxemia,NwQLr6lkdQ9,dCKzhhINakS,"20+Yrs, Male",2025-06-14 12:31:53.170 +0300,2025-06-14 12:31:53.170 +0300
2790,1.3.25,Emergency Medical Services,,,,ES06, No. of patients with hypoxemia,NwQLr6lkdQ9,huBy3W5qiD2,"29Dys-4Yrs, Female",2025-06-14 12:31:53.170 +0300,2025-06-14 12:31:53.170 +0300
2791,1.3.25,Emergency Medical Services,,,,ES06, No. of patients with hypoxemia,NwQLr6lkdQ9,V2OuNTRI6ua,"29Dys-4Yrs, Male",2025-06-14 12:31:53.170 +0300,2025-06-14 12:31:53.170 +0300
2792,1.3.25,Emergency Medical Services,,,,ES06, No. of patients with hypoxemia,NwQLr6lkdQ9,Crc5reUlspd,"5-9Yrs, Female",2025-06-14 12:31:53.170 +0300,2025-06-14 12:31:53.170 +0300
2793,1.3.25,Emergency Medical Services,,,,ES06, No. of patients with hypoxemia,NwQLr6lkdQ9,F1rms8f9I9a,"5-9Yrs, Male",2025-06-14 12:31:53.170 +0300,2025-06-14 12:31:53.170 +0300
2794,1.3.25,Emergency Medical Services,793,4099,External haemorrhoids with other complications,ES07,  No. of patients with external haemorrhages,noF1xcq2d7b,wDiX34aiw6i,"0-28Dys, Female",2025-06-14 12:31:53.170 +0300,2025-06-14 12:31:53.170 +0300
2795,1.3.25,Emergency Medical Services,793,4099,External haemorrhoids with other complications,ES07,  No. of patients with external haemorrhages,noF1xcq2d7b,zh2zAaHyYQx,"0-28Dys, Male",2025-06-14 12:31:53.170 +0300,2025-06-14 12:31:53.170 +0300
2796,1.3.25,Emergency Medical Services,793,4099,External haemorrhoids with other complications,ES07,  No. of patients with external haemorrhages,noF1xcq2d7b,u3CkZqMHfHP,"10-19Yrs, Female",2025-06-14 12:31:53.170 +0300,2025-06-14 12:31:53.170 +0300
2797,1.3.25,Emergency Medical Services,793,4099,External haemorrhoids with other complications,ES07,  No. of patients with external haemorrhages,noF1xcq2d7b,c7gvocRdg0f,"10-19Yrs, Male",2025-06-14 12:31:53.170 +0300,2025-06-14 12:31:53.170 +0300
2798,1.3.25,Emergency Medical Services,793,4099,External haemorrhoids with other complications,ES07,  No. of patients with external haemorrhages,noF1xcq2d7b,XVHTeecEOM3,"20+Yrs, Female",2025-06-14 12:31:53.170 +0300,2025-06-14 12:31:53.170 +0300
2799,1.3.25,Emergency Medical Services,793,4099,External haemorrhoids with other complications,ES07,  No. of patients with external haemorrhages,noF1xcq2d7b,dCKzhhINakS,"20+Yrs, Male",2025-06-14 12:31:53.170 +0300,2025-06-14 12:31:53.170 +0300
2800,1.3.25,Emergency Medical Services,793,4099,External haemorrhoids with other complications,ES07,  No. of patients with external haemorrhages,noF1xcq2d7b,huBy3W5qiD2,"29Dys-4Yrs, Female",2025-06-14 12:31:53.170 +0300,2025-06-14 12:31:53.170 +0300
2801,1.3.25,Emergency Medical Services,793,4099,External haemorrhoids with other complications,ES07,  No. of patients with external haemorrhages,noF1xcq2d7b,V2OuNTRI6ua,"29Dys-4Yrs, Male",2025-06-14 12:31:53.170 +0300,2025-06-14 12:31:53.170 +0300
2802,1.3.25,Emergency Medical Services,793,4099,External haemorrhoids with other complications,ES07,  No. of patients with external haemorrhages,noF1xcq2d7b,Crc5reUlspd,"5-9Yrs, Female",2025-06-14 12:31:53.170 +0300,2025-06-14 12:31:53.170 +0300
2803,1.3.25,Emergency Medical Services,793,4099,External haemorrhoids with other complications,ES07,  No. of patients with external haemorrhages,noF1xcq2d7b,F1rms8f9I9a,"5-9Yrs, Male",2025-06-14 12:31:53.170 +0300,2025-06-14 12:31:53.170 +0300
2804,1.3.25,Emergency Medical Services,793,4099,External haemorrhoids with other complications,ES07,  No. of patients with external haemorrhages,bDBHlO3lNUW,wDiX34aiw6i,"0-28Dys, Female",2025-06-14 12:31:53.170 +0300,2025-06-14 12:31:53.170 +0300
2805,1.3.25,Emergency Medical Services,793,4099,External haemorrhoids with other complications,ES07,  No. of patients with external haemorrhages,bDBHlO3lNUW,zh2zAaHyYQx,"0-28Dys, Male",2025-06-14 12:31:53.170 +0300,2025-06-14 12:31:53.170 +0300
2806,1.3.25,Emergency Medical Services,793,4099,External haemorrhoids with other complications,ES07,  No. of patients with external haemorrhages,bDBHlO3lNUW,u3CkZqMHfHP,"10-19Yrs, Female",2025-06-14 12:31:53.170 +0300,2025-06-14 12:31:53.170 +0300
2807,1.3.25,Emergency Medical Services,793,4099,External haemorrhoids with other complications,ES07,  No. of patients with external haemorrhages,bDBHlO3lNUW,c7gvocRdg0f,"10-19Yrs, Male",2025-06-14 12:31:53.170 +0300,2025-06-14 12:31:53.170 +0300
2808,1.3.25,Emergency Medical Services,793,4099,External haemorrhoids with other complications,ES07,  No. of patients with external haemorrhages,bDBHlO3lNUW,XVHTeecEOM3,"20+Yrs, Female",2025-06-14 12:31:53.170 +0300,2025-06-14 12:31:53.170 +0300
2809,1.3.25,Emergency Medical Services,793,4099,External haemorrhoids with other complications,ES07,  No. of patients with external haemorrhages,bDBHlO3lNUW,dCKzhhINakS,"20+Yrs, Male",2025-06-14 12:31:53.170 +0300,2025-06-14 12:31:53.170 +0300
2810,1.3.25,Emergency Medical Services,793,4099,External haemorrhoids with other complications,ES07,  No. of patients with external haemorrhages,bDBHlO3lNUW,huBy3W5qiD2,"29Dys-4Yrs, Female",2025-06-14 12:31:53.170 +0300,2025-06-14 12:31:53.170 +0300
2811,1.3.25,Emergency Medical Services,793,4099,External haemorrhoids with other complications,ES07,  No. of patients with external haemorrhages,bDBHlO3lNUW,V2OuNTRI6ua,"29Dys-4Yrs, Male",2025-06-14 12:31:53.170 +0300,2025-06-14 12:31:53.170 +0300
2812,1.3.25,Emergency Medical Services,793,4099,External haemorrhoids with other complications,ES07,  No. of patients with external haemorrhages,bDBHlO3lNUW,Crc5reUlspd,"5-9Yrs, Female",2025-06-14 12:31:53.170 +0300,2025-06-14 12:31:53.170 +0300
2813,1.3.25,Emergency Medical Services,793,4099,External haemorrhoids with other complications,ES07,  No. of patients with external haemorrhages,bDBHlO3lNUW,F1rms8f9I9a,"5-9Yrs, Male",2025-06-14 12:31:53.170 +0300,2025-06-14 12:31:53.170 +0300
2814,1.3.25,Emergency Medical Services,697,,,ES08a,Road Traffic Injuries - Motor Vehicle  ,AbJ0YUCaLgd,wDiX34aiw6i,"0-28Dys, Female",2025-06-14 12:31:53.170 +0300,2025-06-14 12:31:53.170 +0300
2815,1.3.25,Emergency Medical Services,697,,,ES08a,Road Traffic Injuries - Motor Vehicle  ,AbJ0YUCaLgd,zh2zAaHyYQx,"0-28Dys, Male",2025-06-14 12:31:53.170 +0300,2025-06-14 12:31:53.170 +0300
2816,1.3.25,Emergency Medical Services,697,,,ES08a,Road Traffic Injuries - Motor Vehicle  ,AbJ0YUCaLgd,u3CkZqMHfHP,"10-19Yrs, Female",2025-06-14 12:31:53.170 +0300,2025-06-14 12:31:53.170 +0300
2817,1.3.25,Emergency Medical Services,697,,,ES08a,Road Traffic Injuries - Motor Vehicle  ,AbJ0YUCaLgd,c7gvocRdg0f,"10-19Yrs, Male",2025-06-14 12:31:53.170 +0300,2025-06-14 12:31:53.170 +0300
2818,1.3.25,Emergency Medical Services,697,,,ES08a,Road Traffic Injuries - Motor Vehicle  ,AbJ0YUCaLgd,XVHTeecEOM3,"20+Yrs, Female",2025-06-14 12:31:53.170 +0300,2025-06-14 12:31:53.170 +0300
2819,1.3.25,Emergency Medical Services,697,,,ES08a,Road Traffic Injuries - Motor Vehicle  ,AbJ0YUCaLgd,dCKzhhINakS,"20+Yrs, Male",2025-06-14 12:31:53.170 +0300,2025-06-14 12:31:53.170 +0300
2820,1.3.25,Emergency Medical Services,697,,,ES08a,Road Traffic Injuries - Motor Vehicle  ,AbJ0YUCaLgd,huBy3W5qiD2,"29Dys-4Yrs, Female",2025-06-14 12:31:53.170 +0300,2025-06-14 12:31:53.170 +0300
2821,1.3.25,Emergency Medical Services,697,,,ES08a,Road Traffic Injuries - Motor Vehicle  ,AbJ0YUCaLgd,V2OuNTRI6ua,"29Dys-4Yrs, Male",2025-06-14 12:31:53.170 +0300,2025-06-14 12:31:53.170 +0300
2822,1.3.25,Emergency Medical Services,697,,,ES08a,Road Traffic Injuries - Motor Vehicle  ,AbJ0YUCaLgd,Crc5reUlspd,"5-9Yrs, Female",2025-06-14 12:31:53.170 +0300,2025-06-14 12:31:53.170 +0300
2823,1.3.25,Emergency Medical Services,697,,,ES08a,Road Traffic Injuries - Motor Vehicle  ,AbJ0YUCaLgd,F1rms8f9I9a,"5-9Yrs, Male",2025-06-14 12:31:53.170 +0300,2025-06-14 12:31:53.170 +0300
2824,1.3.25,Emergency Medical Services,698,,,ES08b,Road Traffic Injuries - Motor Cycle,sYJTvmD4xA8,wDiX34aiw6i,"0-28Dys, Female",2025-06-14 12:31:53.170 +0300,2025-06-14 12:31:53.170 +0300
2825,1.3.25,Emergency Medical Services,698,,,ES08b,Road Traffic Injuries - Motor Cycle,sYJTvmD4xA8,zh2zAaHyYQx,"0-28Dys, Male",2025-06-14 12:31:53.170 +0300,2025-06-14 12:31:53.170 +0300
2826,1.3.25,Emergency Medical Services,698,,,ES08b,Road Traffic Injuries - Motor Cycle,sYJTvmD4xA8,u3CkZqMHfHP,"10-19Yrs, Female",2025-06-14 12:31:53.170 +0300,2025-06-14 12:31:53.170 +0300
2827,1.3.25,Emergency Medical Services,698,,,ES08b,Road Traffic Injuries - Motor Cycle,sYJTvmD4xA8,c7gvocRdg0f,"10-19Yrs, Male",2025-06-14 12:31:53.170 +0300,2025-06-14 12:31:53.170 +0300
2828,1.3.25,Emergency Medical Services,698,,,ES08b,Road Traffic Injuries - Motor Cycle,sYJTvmD4xA8,XVHTeecEOM3,"20+Yrs, Female",2025-06-14 12:31:53.170 +0300,2025-06-14 12:31:53.170 +0300
2829,1.3.25,Emergency Medical Services,698,,,ES08b,Road Traffic Injuries - Motor Cycle,sYJTvmD4xA8,dCKzhhINakS,"20+Yrs, Male",2025-06-14 12:31:53.170 +0300,2025-06-14 12:31:53.170 +0300
2830,1.3.25,Emergency Medical Services,698,,,ES08b,Road Traffic Injuries - Motor Cycle,sYJTvmD4xA8,huBy3W5qiD2,"29Dys-4Yrs, Female",2025-06-14 12:31:53.170 +0300,2025-06-14 12:31:53.170 +0300
2831,1.3.25,Emergency Medical Services,698,,,ES08b,Road Traffic Injuries - Motor Cycle,sYJTvmD4xA8,V2OuNTRI6ua,"29Dys-4Yrs, Male",2025-06-14 12:31:53.170 +0300,2025-06-14 12:31:53.170 +0300
2832,1.3.25,Emergency Medical Services,698,,,ES08b,Road Traffic Injuries - Motor Cycle,sYJTvmD4xA8,Crc5reUlspd,"5-9Yrs, Female",2025-06-14 12:31:53.170 +0300,2025-06-14 12:31:53.170 +0300
2833,1.3.25,Emergency Medical Services,698,,,ES08b,Road Traffic Injuries - Motor Cycle,sYJTvmD4xA8,F1rms8f9I9a,"5-9Yrs, Male",2025-06-14 12:31:53.170 +0300,2025-06-14 12:31:53.170 +0300
2834,1.3.25,Emergency Medical Services,699,,,ES08c,Road Traffic Injuries - Bicycle  ,MflJ96PU8is,wDiX34aiw6i,"0-28Dys, Female",2025-06-14 12:31:53.170 +0300,2025-06-14 12:31:53.170 +0300
2835,1.3.25,Emergency Medical Services,699,,,ES08c,Road Traffic Injuries - Bicycle  ,MflJ96PU8is,zh2zAaHyYQx,"0-28Dys, Male",2025-06-14 12:31:53.170 +0300,2025-06-14 12:31:53.170 +0300
2836,1.3.25,Emergency Medical Services,699,,,ES08c,Road Traffic Injuries - Bicycle  ,MflJ96PU8is,u3CkZqMHfHP,"10-19Yrs, Female",2025-06-14 12:31:53.170 +0300,2025-06-14 12:31:53.170 +0300
2837,1.3.25,Emergency Medical Services,699,,,ES08c,Road Traffic Injuries - Bicycle  ,MflJ96PU8is,c7gvocRdg0f,"10-19Yrs, Male",2025-06-14 12:31:53.170 +0300,2025-06-14 12:31:53.170 +0300
2838,1.3.25,Emergency Medical Services,699,,,ES08c,Road Traffic Injuries - Bicycle  ,MflJ96PU8is,XVHTeecEOM3,"20+Yrs, Female",2025-06-14 12:31:53.170 +0300,2025-06-14 12:31:53.170 +0300
2839,1.3.25,Emergency Medical Services,699,,,ES08c,Road Traffic Injuries - Bicycle  ,MflJ96PU8is,dCKzhhINakS,"20+Yrs, Male",2025-06-14 12:31:53.170 +0300,2025-06-14 12:31:53.170 +0300
2840,1.3.25,Emergency Medical Services,699,,,ES08c,Road Traffic Injuries - Bicycle  ,MflJ96PU8is,huBy3W5qiD2,"29Dys-4Yrs, Female",2025-06-14 12:31:53.170 +0300,2025-06-14 12:31:53.170 +0300
2841,1.3.25,Emergency Medical Services,699,,,ES08c,Road Traffic Injuries - Bicycle  ,MflJ96PU8is,V2OuNTRI6ua,"29Dys-4Yrs, Male",2025-06-14 12:31:53.170 +0300,2025-06-14 12:31:53.170 +0300
2842,1.3.25,Emergency Medical Services,699,,,ES08c,Road Traffic Injuries - Bicycle  ,MflJ96PU8is,Crc5reUlspd,"5-9Yrs, Female",2025-06-14 12:31:53.170 +0300,2025-06-14 12:31:53.170 +0300
2843,1.3.25,Emergency Medical Services,699,,,ES08c,Road Traffic Injuries - Bicycle  ,MflJ96PU8is,F1rms8f9I9a,"5-9Yrs, Male",2025-06-14 12:31:53.170 +0300,2025-06-14 12:31:53.170 +0300
3141,1.3.25,Emergency Medical Services,793,4099,External haemorrhoids with other complications,ES08d, Road Traffic Injuries - Pedestrian,ki5Ur2f6I2g,wDiX34aiw6i,"0-28Dys, Female",2025-06-14 12:31:53.170 +0300,2025-06-14 12:31:53.170 +0300
3142,1.3.25,Emergency Medical Services,793,4099,External haemorrhoids with other complications,ES08d, Road Traffic Injuries - Pedestrian,ki5Ur2f6I2g,zh2zAaHyYQx,"0-28Dys, Male",2025-06-14 12:31:53.170 +0300,2025-06-14 12:31:53.170 +0300
3143,1.3.25,Emergency Medical Services,793,4099,External haemorrhoids with other complications,ES08d, Road Traffic Injuries - Pedestrian,ki5Ur2f6I2g,u3CkZqMHfHP,"10-19Yrs, Female",2025-06-14 12:31:53.170 +0300,2025-06-14 12:31:53.170 +0300
3144,1.3.25,Emergency Medical Services,793,4099,External haemorrhoids with other complications,ES08d, Road Traffic Injuries - Pedestrian,ki5Ur2f6I2g,c7gvocRdg0f,"10-19Yrs, Male",2025-06-14 12:31:53.170 +0300,2025-06-14 12:31:53.170 +0300
3145,1.3.25,Emergency Medical Services,793,4099,External haemorrhoids with other complications,ES08d, Road Traffic Injuries - Pedestrian,ki5Ur2f6I2g,XVHTeecEOM3,"20+Yrs, Female",2025-06-14 12:31:53.170 +0300,2025-06-14 12:31:53.170 +0300
3146,1.3.25,Emergency Medical Services,793,4099,External haemorrhoids with other complications,ES08d, Road Traffic Injuries - Pedestrian,ki5Ur2f6I2g,dCKzhhINakS,"20+Yrs, Male",2025-06-14 12:31:53.170 +0300,2025-06-14 12:31:53.170 +0300
3147,1.3.25,Emergency Medical Services,793,4099,External haemorrhoids with other complications,ES08d, Road Traffic Injuries - Pedestrian,ki5Ur2f6I2g,huBy3W5qiD2,"29Dys-4Yrs, Female",2025-06-14 12:31:53.170 +0300,2025-06-14 12:31:53.170 +0300
3148,1.3.25,Emergency Medical Services,793,4099,External haemorrhoids with other complications,ES08d, Road Traffic Injuries - Pedestrian,ki5Ur2f6I2g,V2OuNTRI6ua,"29Dys-4Yrs, Male",2025-06-14 12:31:53.170 +0300,2025-06-14 12:31:53.170 +0300
3149,1.3.25,Emergency Medical Services,793,4099,External haemorrhoids with other complications,ES08d, Road Traffic Injuries - Pedestrian,ki5Ur2f6I2g,Crc5reUlspd,"5-9Yrs, Female",2025-06-14 12:31:53.170 +0300,2025-06-14 12:31:53.170 +0300
3150,1.3.25,Emergency Medical Services,793,4099,External haemorrhoids with other complications,ES08d, Road Traffic Injuries - Pedestrian,ki5Ur2f6I2g,F1rms8f9I9a,"5-9Yrs, Male",2025-06-14 12:31:53.170 +0300,2025-06-14 12:31:53.170 +0300
3151,1.3.25,Emergency Medical Services,793,4099,External haemorrhoids with other complications,ES08e,Road Traffic Injuries - Others,,,,2025-06-14 12:31:53.170 +0300,2025-06-14 12:31:53.170 +0300
3152,1.3.25,Emergency Medical Services,794,8429,Instantaneous death,ES09a.,Death at unit - Medical emergencies,hCRvkCwYdvt,wDiX34aiw6i,"0-28Dys, Female",2025-06-14 12:31:53.170 +0300,2025-06-14 12:31:53.170 +0300
3153,1.3.25,Emergency Medical Services,794,8429,Instantaneous death,ES09a.,Death at unit - Medical emergencies,hCRvkCwYdvt,zh2zAaHyYQx,"0-28Dys, Male",2025-06-14 12:31:53.170 +0300,2025-06-14 12:31:53.170 +0300
3154,1.3.25,Emergency Medical Services,794,8429,Instantaneous death,ES09a.,Death at unit - Medical emergencies,hCRvkCwYdvt,u3CkZqMHfHP,"10-19Yrs, Female",2025-06-14 12:31:53.170 +0300,2025-06-14 12:31:53.170 +0300
3155,1.3.25,Emergency Medical Services,794,8429,Instantaneous death,ES09a.,Death at unit - Medical emergencies,hCRvkCwYdvt,c7gvocRdg0f,"10-19Yrs, Male",2025-06-14 12:31:53.170 +0300,2025-06-14 12:31:53.170 +0300
3156,1.3.25,Emergency Medical Services,794,8429,Instantaneous death,ES09a.,Death at unit - Medical emergencies,hCRvkCwYdvt,XVHTeecEOM3,"20+Yrs, Female",2025-06-14 12:31:53.170 +0300,2025-06-14 12:31:53.170 +0300
3157,1.3.25,Emergency Medical Services,794,8429,Instantaneous death,ES09a.,Death at unit - Medical emergencies,hCRvkCwYdvt,dCKzhhINakS,"20+Yrs, Male",2025-06-14 12:31:53.170 +0300,2025-06-14 12:31:53.170 +0300
3158,1.3.25,Emergency Medical Services,794,8429,Instantaneous death,ES09a.,Death at unit - Medical emergencies,hCRvkCwYdvt,huBy3W5qiD2,"29Dys-4Yrs, Female",2025-06-14 12:31:53.170 +0300,2025-06-14 12:31:53.170 +0300
3159,1.3.25,Emergency Medical Services,794,8429,Instantaneous death,ES09a.,Death at unit - Medical emergencies,hCRvkCwYdvt,V2OuNTRI6ua,"29Dys-4Yrs, Male",2025-06-14 12:31:53.170 +0300,2025-06-14 12:31:53.170 +0300
3160,1.3.25,Emergency Medical Services,794,8429,Instantaneous death,ES09a.,Death at unit - Medical emergencies,hCRvkCwYdvt,Crc5reUlspd,"5-9Yrs, Female",2025-06-14 12:31:53.170 +0300,2025-06-14 12:31:53.170 +0300
3161,1.3.25,Emergency Medical Services,794,8429,Instantaneous death,ES09a.,Death at unit - Medical emergencies,hCRvkCwYdvt,F1rms8f9I9a,"5-9Yrs, Male",2025-06-14 12:31:53.170 +0300,2025-06-14 12:31:53.170 +0300
3162,1.3.25,Emergency Medical Services,795,7322,Fetal death of unspecified cause,ES09b  ,Death at unit - Obstetrics/gynaecology emergencies,DM0iRlEZHKC,wDiX34aiw6i,"0-28Dys, Female",2025-06-14 12:31:53.170 +0300,2025-06-14 12:31:53.170 +0300
3163,1.3.25,Emergency Medical Services,795,7322,Fetal death of unspecified cause,ES09b  ,Death at unit - Obstetrics/gynaecology emergencies,DM0iRlEZHKC,zh2zAaHyYQx,"0-28Dys, Male",2025-06-14 12:31:53.170 +0300,2025-06-14 12:31:53.170 +0300
3164,1.3.25,Emergency Medical Services,795,7322,Fetal death of unspecified cause,ES09b  ,Death at unit - Obstetrics/gynaecology emergencies,DM0iRlEZHKC,u3CkZqMHfHP,"10-19Yrs, Female",2025-06-14 12:31:53.170 +0300,2025-06-14 12:31:53.170 +0300
3165,1.3.25,Emergency Medical Services,795,7322,Fetal death of unspecified cause,ES09b  ,Death at unit - Obstetrics/gynaecology emergencies,DM0iRlEZHKC,c7gvocRdg0f,"10-19Yrs, Male",2025-06-14 12:31:53.170 +0300,2025-06-14 12:31:53.170 +0300
3166,1.3.25,Emergency Medical Services,795,7322,Fetal death of unspecified cause,ES09b  ,Death at unit - Obstetrics/gynaecology emergencies,DM0iRlEZHKC,XVHTeecEOM3,"20+Yrs, Female",2025-06-14 12:31:53.170 +0300,2025-06-14 12:31:53.170 +0300
3167,1.3.25,Emergency Medical Services,795,7322,Fetal death of unspecified cause,ES09b  ,Death at unit - Obstetrics/gynaecology emergencies,DM0iRlEZHKC,dCKzhhINakS,"20+Yrs, Male",2025-06-14 12:31:53.170 +0300,2025-06-14 12:31:53.170 +0300
3168,1.3.25,Emergency Medical Services,795,7322,Fetal death of unspecified cause,ES09b  ,Death at unit - Obstetrics/gynaecology emergencies,DM0iRlEZHKC,huBy3W5qiD2,"29Dys-4Yrs, Female",2025-06-14 12:31:53.170 +0300,2025-06-14 12:31:53.170 +0300
3169,1.3.25,Emergency Medical Services,795,7322,Fetal death of unspecified cause,ES09b  ,Death at unit - Obstetrics/gynaecology emergencies,DM0iRlEZHKC,V2OuNTRI6ua,"29Dys-4Yrs, Male",2025-06-14 12:31:53.170 +0300,2025-06-14 12:31:53.170 +0300
3170,1.3.25,Emergency Medical Services,795,7322,Fetal death of unspecified cause,ES09b  ,Death at unit - Obstetrics/gynaecology emergencies,DM0iRlEZHKC,Crc5reUlspd,"5-9Yrs, Female",2025-06-14 12:31:53.170 +0300,2025-06-14 12:31:53.170 +0300
3171,1.3.25,Emergency Medical Services,795,7322,Fetal death of unspecified cause,ES09b  ,Death at unit - Obstetrics/gynaecology emergencies,DM0iRlEZHKC,F1rms8f9I9a,"5-9Yrs, Male",2025-06-14 12:31:53.170 +0300,2025-06-14 12:31:53.170 +0300
3172,1.3.25,Emergency Medical Services,796,7322,Fetal death of unspecified cause,ES09c,Death at unit - Surgical emergencies,fvsym3Qyfm8,wDiX34aiw6i,"0-28Dys, Female",2025-06-14 12:31:53.170 +0300,2025-06-14 12:31:53.170 +0300
3173,1.3.25,Emergency Medical Services,796,7322,Fetal death of unspecified cause,ES09c,Death at unit - Surgical emergencies,fvsym3Qyfm8,zh2zAaHyYQx,"0-28Dys, Male",2025-06-14 12:31:53.170 +0300,2025-06-14 12:31:53.170 +0300
3174,1.3.25,Emergency Medical Services,796,7322,Fetal death of unspecified cause,ES09c,Death at unit - Surgical emergencies,fvsym3Qyfm8,u3CkZqMHfHP,"10-19Yrs, Female",2025-06-14 12:31:53.170 +0300,2025-06-14 12:31:53.170 +0300
3175,1.3.25,Emergency Medical Services,796,7322,Fetal death of unspecified cause,ES09c,Death at unit - Surgical emergencies,fvsym3Qyfm8,c7gvocRdg0f,"10-19Yrs, Male",2025-06-14 12:31:53.170 +0300,2025-06-14 12:31:53.170 +0300
3176,1.3.25,Emergency Medical Services,796,7322,Fetal death of unspecified cause,ES09c,Death at unit - Surgical emergencies,fvsym3Qyfm8,XVHTeecEOM3,"20+Yrs, Female",2025-06-14 12:31:53.170 +0300,2025-06-14 12:31:53.170 +0300
3177,1.3.25,Emergency Medical Services,796,7322,Fetal death of unspecified cause,ES09c,Death at unit - Surgical emergencies,fvsym3Qyfm8,dCKzhhINakS,"20+Yrs, Male",2025-06-14 12:31:53.170 +0300,2025-06-14 12:31:53.170 +0300
3178,1.3.25,Emergency Medical Services,796,7322,Fetal death of unspecified cause,ES09c,Death at unit - Surgical emergencies,fvsym3Qyfm8,huBy3W5qiD2,"29Dys-4Yrs, Female",2025-06-14 12:31:53.170 +0300,2025-06-14 12:31:53.170 +0300
3179,1.3.25,Emergency Medical Services,796,7322,Fetal death of unspecified cause,ES09c,Death at unit - Surgical emergencies,fvsym3Qyfm8,V2OuNTRI6ua,"29Dys-4Yrs, Male",2025-06-14 12:31:53.170 +0300,2025-06-14 12:31:53.170 +0300
3180,1.3.25,Emergency Medical Services,796,7322,Fetal death of unspecified cause,ES09c,Death at unit - Surgical emergencies,fvsym3Qyfm8,Crc5reUlspd,"5-9Yrs, Female",2025-06-14 12:31:53.170 +0300,2025-06-14 12:31:53.170 +0300
3181,1.3.25,Emergency Medical Services,796,7322,Fetal death of unspecified cause,ES09c,Death at unit - Surgical emergencies,fvsym3Qyfm8,F1rms8f9I9a,"5-9Yrs, Male",2025-06-14 12:31:53.170 +0300,2025-06-14 12:31:53.170 +0300
3182,1.3.25,Emergency Medical Services,797,6915,Obstetric death of unspecified cause,ES09d,Death at unit - Road traffic Injuries,AsewPyxdNdf,wDiX34aiw6i,"0-28Dys, Female",2025-06-14 12:31:53.170 +0300,2025-06-14 12:31:53.170 +0300
3183,1.3.25,Emergency Medical Services,797,6915,Obstetric death of unspecified cause,ES09d,Death at unit - Road traffic Injuries,AsewPyxdNdf,zh2zAaHyYQx,"0-28Dys, Male",2025-06-14 12:31:53.170 +0300,2025-06-14 12:31:53.170 +0300
3184,1.3.25,Emergency Medical Services,797,6915,Obstetric death of unspecified cause,ES09d,Death at unit - Road traffic Injuries,AsewPyxdNdf,u3CkZqMHfHP,"10-19Yrs, Female",2025-06-14 12:31:53.170 +0300,2025-06-14 12:31:53.170 +0300
3185,1.3.25,Emergency Medical Services,797,6915,Obstetric death of unspecified cause,ES09d,Death at unit - Road traffic Injuries,AsewPyxdNdf,c7gvocRdg0f,"10-19Yrs, Male",2025-06-14 12:31:53.170 +0300,2025-06-14 12:31:53.170 +0300
3186,1.3.25,Emergency Medical Services,797,6915,Obstetric death of unspecified cause,ES09d,Death at unit - Road traffic Injuries,AsewPyxdNdf,XVHTeecEOM3,"20+Yrs, Female",2025-06-14 12:31:53.170 +0300,2025-06-14 12:31:53.170 +0300
3187,1.3.25,Emergency Medical Services,797,6915,Obstetric death of unspecified cause,ES09d,Death at unit - Road traffic Injuries,AsewPyxdNdf,dCKzhhINakS,"20+Yrs, Male",2025-06-14 12:31:53.170 +0300,2025-06-14 12:31:53.170 +0300
3188,1.3.25,Emergency Medical Services,797,6915,Obstetric death of unspecified cause,ES09d,Death at unit - Road traffic Injuries,AsewPyxdNdf,huBy3W5qiD2,"29Dys-4Yrs, Female",2025-06-14 12:31:53.170 +0300,2025-06-14 12:31:53.170 +0300
3189,1.3.25,Emergency Medical Services,797,6915,Obstetric death of unspecified cause,ES09d,Death at unit - Road traffic Injuries,AsewPyxdNdf,V2OuNTRI6ua,"29Dys-4Yrs, Male",2025-06-14 12:31:53.170 +0300,2025-06-14 12:31:53.170 +0300
3190,1.3.25,Emergency Medical Services,797,6915,Obstetric death of unspecified cause,ES09d,Death at unit - Road traffic Injuries,AsewPyxdNdf,Crc5reUlspd,"5-9Yrs, Female",2025-06-14 12:31:53.170 +0300,2025-06-14 12:31:53.170 +0300
3191,1.3.25,Emergency Medical Services,797,6915,Obstetric death of unspecified cause,ES09d,Death at unit - Road traffic Injuries,AsewPyxdNdf,F1rms8f9I9a,"5-9Yrs, Male",2025-06-14 12:31:53.170 +0300,2025-06-14 12:31:53.170 +0300
3192,1.3.25,Emergency Medical Services,,,,ES10a ,Tetanus vaccination for Tetanus,HImppwnkzUk,u3CkZqMHfHP,"10-19Yrs, Female",2025-06-14 12:31:53.170 +0300,2025-06-14 12:31:53.170 +0300
3193,1.3.25,Emergency Medical Services,,,,ES10a ,Tetanus vaccination for Tetanus,HImppwnkzUk,c7gvocRdg0f,"10-19Yrs, Male",2025-06-14 12:31:53.170 +0300,2025-06-14 12:31:53.170 +0300
3194,1.3.25,Emergency Medical Services,,,,ES10a ,Tetanus vaccination for Tetanus,HImppwnkzUk,XVHTeecEOM3,"20+Yrs, Female",2025-06-14 12:31:53.170 +0300,2025-06-14 12:31:53.170 +0300
3195,1.3.25,Emergency Medical Services,,,,ES10a ,Tetanus vaccination for Tetanus,HImppwnkzUk,dCKzhhINakS,"20+Yrs, Male",2025-06-14 12:31:53.170 +0300,2025-06-14 12:31:53.170 +0300
3196,1.3.25,Emergency Medical Services,,,,ES10a ,Tetanus vaccination for Tetanus,HImppwnkzUk,huBy3W5qiD2,"29Dys-4Yrs, Female",2025-06-14 12:31:53.170 +0300,2025-06-14 12:31:53.170 +0300
3197,1.3.25,Emergency Medical Services,,,,ES10a ,Tetanus vaccination for Tetanus,HImppwnkzUk,V2OuNTRI6ua,"29Dys-4Yrs, Male",2025-06-14 12:31:53.170 +0300,2025-06-14 12:31:53.170 +0300
3198,1.3.25,Emergency Medical Services,,,,ES10a ,Tetanus vaccination for Tetanus,HImppwnkzUk,Crc5reUlspd,"5-9Yrs, Female",2025-06-14 12:31:53.170 +0300,2025-06-14 12:31:53.170 +0300
3199,1.3.25,Emergency Medical Services,,,,ES10a ,Tetanus vaccination for Tetanus,HImppwnkzUk,F1rms8f9I9a,"5-9Yrs, Male",2025-06-14 12:31:53.170 +0300,2025-06-14 12:31:53.170 +0300
3200,1.3.25,Emergency Medical Services,,,,ES10b,Tetanus vaccination for Rabies,BzUZJxAUTUz,zh2zAaHyYQx,"0-28Dys, Male",2025-06-14 12:31:53.170 +0300,2025-06-14 12:31:53.170 +0300
3201,1.3.25,Emergency Medical Services,,,,ES10b,Tetanus vaccination for Rabies,BzUZJxAUTUz,u3CkZqMHfHP,"10-19Yrs, Female",2025-06-14 12:31:53.170 +0300,2025-06-14 12:31:53.170 +0300
3202,1.3.25,Emergency Medical Services,,,,ES10b,Tetanus vaccination for Rabies,BzUZJxAUTUz,c7gvocRdg0f,"10-19Yrs, Male",2025-06-14 12:31:53.170 +0300,2025-06-14 12:31:53.170 +0300
3203,1.3.25,Emergency Medical Services,,,,ES10b,Tetanus vaccination for Rabies,BzUZJxAUTUz,XVHTeecEOM3,"20+Yrs, Female",2025-06-14 12:31:53.170 +0300,2025-06-14 12:31:53.170 +0300
3204,1.3.25,Emergency Medical Services,,,,ES10b,Tetanus vaccination for Rabies,BzUZJxAUTUz,dCKzhhINakS,"20+Yrs, Male",2025-06-14 12:31:53.170 +0300,2025-06-14 12:31:53.170 +0300
3205,1.3.25,Emergency Medical Services,,,,ES10b,Tetanus vaccination for Rabies,BzUZJxAUTUz,huBy3W5qiD2,"29Dys-4Yrs, Female",2025-06-14 12:31:53.170 +0300,2025-06-14 12:31:53.170 +0300
3206,1.3.25,Emergency Medical Services,,,,ES10b,Tetanus vaccination for Rabies,BzUZJxAUTUz,V2OuNTRI6ua,"29Dys-4Yrs, Male",2025-06-14 12:31:53.170 +0300,2025-06-14 12:31:53.170 +0300
3207,1.3.25,Emergency Medical Services,,,,ES10b,Tetanus vaccination for Rabies,BzUZJxAUTUz,Crc5reUlspd,"5-9Yrs, Female",2025-06-14 12:31:53.170 +0300,2025-06-14 12:31:53.170 +0300
3208,1.3.25,Emergency Medical Services,,,,ES10b,Tetanus vaccination for Rabies,BzUZJxAUTUz,F1rms8f9I9a,"5-9Yrs, Male",2025-06-14 12:31:53.170 +0300,2025-06-14 12:31:53.170 +0300
3209,1.3.25,Emergency Medical Services,,,,ES10c,Number of Patients receiving vaccination for - Anti Venom,xXH2F95AnL4,wDiX34aiw6i,"0-28Dys, Female",2025-06-14 12:31:53.170 +0300,2025-06-14 12:31:53.170 +0300
3210,1.3.25,Emergency Medical Services,,,,ES10c,Number of Patients receiving vaccination for - Anti Venom,xXH2F95AnL4,zh2zAaHyYQx,"0-28Dys, Male",2025-06-14 12:31:53.170 +0300,2025-06-14 12:31:53.170 +0300
3211,1.3.25,Emergency Medical Services,,,,ES10c,Number of Patients receiving vaccination for - Anti Venom,xXH2F95AnL4,u3CkZqMHfHP,"10-19Yrs, Female",2025-06-14 12:31:53.170 +0300,2025-06-14 12:31:53.170 +0300
3212,1.3.25,Emergency Medical Services,,,,ES10c,Number of Patients receiving vaccination for - Anti Venom,xXH2F95AnL4,c7gvocRdg0f,"10-19Yrs, Male",2025-06-14 12:31:53.170 +0300,2025-06-14 12:31:53.170 +0300
3213,1.3.25,Emergency Medical Services,,,,ES10c,Number of Patients receiving vaccination for - Anti Venom,xXH2F95AnL4,XVHTeecEOM3,"20+Yrs, Female",2025-06-14 12:31:53.170 +0300,2025-06-14 12:31:53.170 +0300
3214,1.3.25,Emergency Medical Services,,,,ES10c,Number of Patients receiving vaccination for - Anti Venom,xXH2F95AnL4,dCKzhhINakS,"20+Yrs, Male",2025-06-14 12:31:53.170 +0300,2025-06-14 12:31:53.170 +0300
3215,1.3.25,Emergency Medical Services,,,,ES10c,Number of Patients receiving vaccination for - Anti Venom,xXH2F95AnL4,huBy3W5qiD2,"29Dys-4Yrs, Female",2025-06-14 12:31:53.170 +0300,2025-06-14 12:31:53.170 +0300
3216,1.3.25,Emergency Medical Services,,,,ES10c,Number of Patients receiving vaccination for - Anti Venom,xXH2F95AnL4,V2OuNTRI6ua,"29Dys-4Yrs, Male",2025-06-14 12:31:53.170 +0300,2025-06-14 12:31:53.170 +0300
3217,1.3.25,Emergency Medical Services,,,,ES10c,Number of Patients receiving vaccination for - Anti Venom,xXH2F95AnL4,Crc5reUlspd,"5-9Yrs, Female",2025-06-14 12:31:53.170 +0300,2025-06-14 12:31:53.170 +0300
3218,1.3.25,Emergency Medical Services,,,,ES10c,Number of Patients receiving vaccination for - Anti Venom,xXH2F95AnL4,F1rms8f9I9a,"5-9Yrs, Male",2025-06-14 12:31:53.170 +0300,2025-06-14 12:31:53.170 +0300
2844,1.3.26,TB Screening,,,,TP01a,OPD - No. screened for TB,LwMHVYBkzx9,fkeMwVLKUyi,"0-28 days, Female",2025-06-14 12:31:53.170 +0300,2025-06-14 12:31:53.170 +0300
2845,1.3.26,TB Screening,,,,TP01a,OPD - No. screened for TB,LwMHVYBkzx9,wcbqTyLOCYU,"0-28 days, Male",2025-06-14 12:31:53.170 +0300,2025-06-14 12:31:53.170 +0300
2846,1.3.26,TB Screening,,,,TP01a,OPD - No. screened for TB,LwMHVYBkzx9,wDiX34aiw6i,"0-28Dys, Female",2025-06-14 12:31:53.170 +0300,2025-06-14 12:31:53.170 +0300
2847,1.3.26,TB Screening,,,,TP01a,OPD - No. screened for TB,LwMHVYBkzx9,zh2zAaHyYQx,"0-28Dys, Male",2025-06-14 12:31:53.170 +0300,2025-06-14 12:31:53.170 +0300
2848,1.3.26,TB Screening,,,,TP01a,OPD - No. screened for TB,LwMHVYBkzx9,n5YvcIzcYaF,"10-14Yrs, Female",2025-06-14 12:31:53.170 +0300,2025-06-14 12:31:53.170 +0300
2849,1.3.26,TB Screening,,,,TP01a,OPD - No. screened for TB,LwMHVYBkzx9,MJzZmZ3OMxI,"10-14Yrs, Male",2025-06-14 12:31:53.170 +0300,2025-06-14 12:31:53.170 +0300
2850,1.3.26,TB Screening,,,,TP01a,OPD - No. screened for TB,LwMHVYBkzx9,u3CkZqMHfHP,"10-19Yrs, Female",2025-06-14 12:31:53.170 +0300,2025-06-14 12:31:53.170 +0300
2851,1.3.26,TB Screening,,,,TP01a,OPD - No. screened for TB,LwMHVYBkzx9,ddHDso5Uizg,"10-19Yrs, Female",2025-06-14 12:31:53.170 +0300,2025-06-14 12:31:53.170 +0300
2852,1.3.26,TB Screening,,,,TP01a,OPD - No. screened for TB,LwMHVYBkzx9,c7gvocRdg0f,"10-19Yrs, Male",2025-06-14 12:31:53.170 +0300,2025-06-14 12:31:53.170 +0300
2853,1.3.26,TB Screening,,,,TP01a,OPD - No. screened for TB,LwMHVYBkzx9,XfXgs4Xao0Y,"10-19Yrs, Male",2025-06-14 12:31:53.170 +0300,2025-06-14 12:31:53.170 +0300
2854,1.3.26,TB Screening,,,,TP01a,OPD - No. screened for TB,LwMHVYBkzx9,SPvm3s5w8ZJ,"15-19Yrs, Female",2025-06-14 12:31:53.170 +0300,2025-06-14 12:31:53.170 +0300
2855,1.3.26,TB Screening,,,,TP01a,OPD - No. screened for TB,LwMHVYBkzx9,UShugsidUxz,"15-19Yrs, Male",2025-06-14 12:31:53.170 +0300,2025-06-14 12:31:53.170 +0300
2856,1.3.26,TB Screening,,,,TP01a,OPD - No. screened for TB,LwMHVYBkzx9,XVHTeecEOM3,"20+Yrs, Female",2025-06-14 12:31:53.170 +0300,2025-06-14 12:31:53.170 +0300
2857,1.3.26,TB Screening,,,,TP01a,OPD - No. screened for TB,LwMHVYBkzx9,EJn0qutf2Uh,"20+Yrs, Female",2025-06-14 12:31:53.170 +0300,2025-06-14 12:31:53.170 +0300
2858,1.3.26,TB Screening,,,,TP01a,OPD - No. screened for TB,LwMHVYBkzx9,dCKzhhINakS,"20+Yrs, Male",2025-06-14 12:31:53.170 +0300,2025-06-14 12:31:53.170 +0300
2859,1.3.26,TB Screening,,,,TP01a,OPD - No. screened for TB,LwMHVYBkzx9,zBEtAxHIaIx,"20+Yrs, Male",2025-06-14 12:31:53.170 +0300,2025-06-14 12:31:53.170 +0300
2860,1.3.26,TB Screening,,,,TP01a,OPD - No. screened for TB,LwMHVYBkzx9,ITt4hJUPzgc,"29 days - 4 yrs, Female",2025-06-14 12:31:53.170 +0300,2025-06-14 12:31:53.170 +0300
2861,1.3.26,TB Screening,,,,TP01a,OPD - No. screened for TB,LwMHVYBkzx9,FqUuiCGELpZ,"29 days - 4 yrs, Male",2025-06-14 12:31:53.170 +0300,2025-06-14 12:31:53.170 +0300
2862,1.3.26,TB Screening,,,,TP01a,OPD - No. screened for TB,LwMHVYBkzx9,huBy3W5qiD2,"29Dys-4Yrs, Female",2025-06-14 12:31:53.170 +0300,2025-06-14 12:31:53.170 +0300
2863,1.3.26,TB Screening,,,,TP01a,OPD - No. screened for TB,LwMHVYBkzx9,V2OuNTRI6ua,"29Dys-4Yrs, Male",2025-06-14 12:31:53.170 +0300,2025-06-14 12:31:53.170 +0300
2864,1.3.26,TB Screening,,,,TP01a,OPD - No. screened for TB,LwMHVYBkzx9,Crc5reUlspd,"5-9Yrs, Female",2025-06-14 12:31:53.170 +0300,2025-06-14 12:31:53.170 +0300
2865,1.3.26,TB Screening,,,,TP01a,OPD - No. screened for TB,LwMHVYBkzx9,Q29KLru4s67,"5-9Yrs, Female",2025-06-14 12:31:53.170 +0300,2025-06-14 12:31:53.170 +0300
2866,1.3.26,TB Screening,,,,TP01a,OPD - No. screened for TB,LwMHVYBkzx9,F1rms8f9I9a,"5-9Yrs, Male",2025-06-14 12:31:53.170 +0300,2025-06-14 12:31:53.170 +0300
2867,1.3.26,TB Screening,,,,TP01a,OPD - No. screened for TB,LwMHVYBkzx9,QzcaaLV5dVM,"5-9Yrs, Male",2025-06-14 12:31:53.170 +0300,2025-06-14 12:31:53.170 +0300
2868,1.3.26,TB Screening,,,,TP01a,OPD - No. screened for TB,LwMHVYBkzx9,bdbxoGD7oAY,"<5Yrs, Female",2025-06-14 12:31:53.170 +0300,2025-06-14 12:31:53.170 +0300
2869,1.3.26,TB Screening,,,,TP01a,OPD - No. screened for TB,LwMHVYBkzx9,EVJwOnx0wy9,"<5Yrs, Male",2025-06-14 12:31:53.170 +0300,2025-06-14 12:31:53.170 +0300
2870,1.3.26,TB Screening,,,,TP01b,OPD - No. of presumptive TB cases identified,a3dXGbUg8HC,fkeMwVLKUyi,"0-28 days, Female",2025-06-14 12:31:53.170 +0300,2025-06-14 12:31:53.170 +0300
2871,1.3.26,TB Screening,,,,TP01b,OPD - No. of presumptive TB cases identified,a3dXGbUg8HC,wcbqTyLOCYU,"0-28 days, Male",2025-06-14 12:31:53.170 +0300,2025-06-14 12:31:53.170 +0300
2872,1.3.26,TB Screening,,,,TP01b,OPD - No. of presumptive TB cases identified,a3dXGbUg8HC,wDiX34aiw6i,"0-28Dys, Female",2025-06-14 12:31:53.170 +0300,2025-06-14 12:31:53.170 +0300
2873,1.3.26,TB Screening,,,,TP01b,OPD - No. of presumptive TB cases identified,a3dXGbUg8HC,zh2zAaHyYQx,"0-28Dys, Male",2025-06-14 12:31:53.170 +0300,2025-06-14 12:31:53.170 +0300
2874,1.3.26,TB Screening,,,,TP01b,OPD - No. of presumptive TB cases identified,a3dXGbUg8HC,n5YvcIzcYaF,"10-14Yrs, Female",2025-06-14 12:31:53.170 +0300,2025-06-14 12:31:53.170 +0300
2875,1.3.26,TB Screening,,,,TP01b,OPD - No. of presumptive TB cases identified,a3dXGbUg8HC,MJzZmZ3OMxI,"10-14Yrs, Male",2025-06-14 12:31:53.170 +0300,2025-06-14 12:31:53.170 +0300
2876,1.3.26,TB Screening,,,,TP01b,OPD - No. of presumptive TB cases identified,a3dXGbUg8HC,u3CkZqMHfHP,"10-19Yrs, Female",2025-06-14 12:31:53.170 +0300,2025-06-14 12:31:53.170 +0300
2877,1.3.26,TB Screening,,,,TP01b,OPD - No. of presumptive TB cases identified,a3dXGbUg8HC,ddHDso5Uizg,"10-19Yrs, Female",2025-06-14 12:31:53.170 +0300,2025-06-14 12:31:53.170 +0300
2878,1.3.26,TB Screening,,,,TP01b,OPD - No. of presumptive TB cases identified,a3dXGbUg8HC,c7gvocRdg0f,"10-19Yrs, Male",2025-06-14 12:31:53.170 +0300,2025-06-14 12:31:53.170 +0300
2879,1.3.26,TB Screening,,,,TP01b,OPD - No. of presumptive TB cases identified,a3dXGbUg8HC,XfXgs4Xao0Y,"10-19Yrs, Male",2025-06-14 12:31:53.170 +0300,2025-06-14 12:31:53.170 +0300
2880,1.3.26,TB Screening,,,,TP01b,OPD - No. of presumptive TB cases identified,a3dXGbUg8HC,SPvm3s5w8ZJ,"15-19Yrs, Female",2025-06-14 12:31:53.170 +0300,2025-06-14 12:31:53.170 +0300
2881,1.3.26,TB Screening,,,,TP01b,OPD - No. of presumptive TB cases identified,a3dXGbUg8HC,UShugsidUxz,"15-19Yrs, Male",2025-06-14 12:31:53.170 +0300,2025-06-14 12:31:53.170 +0300
2882,1.3.26,TB Screening,,,,TP01b,OPD - No. of presumptive TB cases identified,a3dXGbUg8HC,XVHTeecEOM3,"20+Yrs, Female",2025-06-14 12:31:53.170 +0300,2025-06-14 12:31:53.170 +0300
2883,1.3.26,TB Screening,,,,TP01b,OPD - No. of presumptive TB cases identified,a3dXGbUg8HC,EJn0qutf2Uh,"20+Yrs, Female",2025-06-14 12:31:53.170 +0300,2025-06-14 12:31:53.170 +0300
2884,1.3.26,TB Screening,,,,TP01b,OPD - No. of presumptive TB cases identified,a3dXGbUg8HC,dCKzhhINakS,"20+Yrs, Male",2025-06-14 12:31:53.170 +0300,2025-06-14 12:31:53.170 +0300
2885,1.3.26,TB Screening,,,,TP01b,OPD - No. of presumptive TB cases identified,a3dXGbUg8HC,zBEtAxHIaIx,"20+Yrs, Male",2025-06-14 12:31:53.170 +0300,2025-06-14 12:31:53.170 +0300
2886,1.3.26,TB Screening,,,,TP01b,OPD - No. of presumptive TB cases identified,a3dXGbUg8HC,ITt4hJUPzgc,"29 days - 4 yrs, Female",2025-06-14 12:31:53.170 +0300,2025-06-14 12:31:53.170 +0300
2887,1.3.26,TB Screening,,,,TP01b,OPD - No. of presumptive TB cases identified,a3dXGbUg8HC,FqUuiCGELpZ,"29 days - 4 yrs, Male",2025-06-14 12:31:53.170 +0300,2025-06-14 12:31:53.170 +0300
2888,1.3.26,TB Screening,,,,TP01b,OPD - No. of presumptive TB cases identified,a3dXGbUg8HC,huBy3W5qiD2,"29Dys-4Yrs, Female",2025-06-14 12:31:53.170 +0300,2025-06-14 12:31:53.170 +0300
2889,1.3.26,TB Screening,,,,TP01b,OPD - No. of presumptive TB cases identified,a3dXGbUg8HC,V2OuNTRI6ua,"29Dys-4Yrs, Male",2025-06-14 12:31:53.170 +0300,2025-06-14 12:31:53.170 +0300
2890,1.3.26,TB Screening,,,,TP01b,OPD - No. of presumptive TB cases identified,a3dXGbUg8HC,Crc5reUlspd,"5-9Yrs, Female",2025-06-14 12:31:53.170 +0300,2025-06-14 12:31:53.170 +0300
2891,1.3.26,TB Screening,,,,TP01b,OPD - No. of presumptive TB cases identified,a3dXGbUg8HC,Q29KLru4s67,"5-9Yrs, Female",2025-06-14 12:31:53.170 +0300,2025-06-14 12:31:53.170 +0300
2892,1.3.26,TB Screening,,,,TP01b,OPD - No. of presumptive TB cases identified,a3dXGbUg8HC,F1rms8f9I9a,"5-9Yrs, Male",2025-06-14 12:31:53.170 +0300,2025-06-14 12:31:53.170 +0300
2893,1.3.26,TB Screening,,,,TP01b,OPD - No. of presumptive TB cases identified,a3dXGbUg8HC,QzcaaLV5dVM,"5-9Yrs, Male",2025-06-14 12:31:53.170 +0300,2025-06-14 12:31:53.170 +0300
2894,1.3.26,TB Screening,,,,TP01b,OPD - No. of presumptive TB cases identified,a3dXGbUg8HC,bdbxoGD7oAY,"<5Yrs, Female",2025-06-14 12:31:53.170 +0300,2025-06-14 12:31:53.170 +0300
2895,1.3.26,TB Screening,,,,TP01b,OPD - No. of presumptive TB cases identified,a3dXGbUg8HC,EVJwOnx0wy9,"<5Yrs, Male",2025-06-14 12:31:53.170 +0300,2025-06-14 12:31:53.170 +0300
2896,1.3.26,TB Screening,,,,TP01c,OPD - No. of presumptive diagnosed with TB,EeU4Ufn8MS2,fkeMwVLKUyi,"0-28 days, Female",2025-06-14 12:31:53.170 +0300,2025-06-14 12:31:53.170 +0300
2897,1.3.26,TB Screening,,,,TP01c,OPD - No. of presumptive diagnosed with TB,EeU4Ufn8MS2,wcbqTyLOCYU,"0-28 days, Male",2025-06-14 12:31:53.170 +0300,2025-06-14 12:31:53.170 +0300
2898,1.3.26,TB Screening,,,,TP01c,OPD - No. of presumptive diagnosed with TB,EeU4Ufn8MS2,wDiX34aiw6i,"0-28Dys, Female",2025-06-14 12:31:53.170 +0300,2025-06-14 12:31:53.170 +0300
2899,1.3.26,TB Screening,,,,TP01c,OPD - No. of presumptive diagnosed with TB,EeU4Ufn8MS2,zh2zAaHyYQx,"0-28Dys, Male",2025-06-14 12:31:53.170 +0300,2025-06-14 12:31:53.170 +0300
2900,1.3.26,TB Screening,,,,TP01c,OPD - No. of presumptive diagnosed with TB,EeU4Ufn8MS2,n5YvcIzcYaF,"10-14Yrs, Female",2025-06-14 12:31:53.170 +0300,2025-06-14 12:31:53.170 +0300
2901,1.3.26,TB Screening,,,,TP01c,OPD - No. of presumptive diagnosed with TB,EeU4Ufn8MS2,MJzZmZ3OMxI,"10-14Yrs, Male",2025-06-14 12:31:53.170 +0300,2025-06-14 12:31:53.170 +0300
2902,1.3.26,TB Screening,,,,TP01c,OPD - No. of presumptive diagnosed with TB,EeU4Ufn8MS2,u3CkZqMHfHP,"10-19Yrs, Female",2025-06-14 12:31:53.170 +0300,2025-06-14 12:31:53.170 +0300
2903,1.3.26,TB Screening,,,,TP01c,OPD - No. of presumptive diagnosed with TB,EeU4Ufn8MS2,ddHDso5Uizg,"10-19Yrs, Female",2025-06-14 12:31:53.170 +0300,2025-06-14 12:31:53.170 +0300
2904,1.3.26,TB Screening,,,,TP01c,OPD - No. of presumptive diagnosed with TB,EeU4Ufn8MS2,c7gvocRdg0f,"10-19Yrs, Male",2025-06-14 12:31:53.170 +0300,2025-06-14 12:31:53.170 +0300
2905,1.3.26,TB Screening,,,,TP01c,OPD - No. of presumptive diagnosed with TB,EeU4Ufn8MS2,XfXgs4Xao0Y,"10-19Yrs, Male",2025-06-14 12:31:53.170 +0300,2025-06-14 12:31:53.170 +0300
2906,1.3.26,TB Screening,,,,TP01c,OPD - No. of presumptive diagnosed with TB,EeU4Ufn8MS2,SPvm3s5w8ZJ,"15-19Yrs, Female",2025-06-14 12:31:53.170 +0300,2025-06-14 12:31:53.170 +0300
2907,1.3.26,TB Screening,,,,TP01c,OPD - No. of presumptive diagnosed with TB,EeU4Ufn8MS2,UShugsidUxz,"15-19Yrs, Male",2025-06-14 12:31:53.170 +0300,2025-06-14 12:31:53.170 +0300
2908,1.3.26,TB Screening,,,,TP01c,OPD - No. of presumptive diagnosed with TB,EeU4Ufn8MS2,XVHTeecEOM3,"20+Yrs, Female",2025-06-14 12:31:53.170 +0300,2025-06-14 12:31:53.170 +0300
2909,1.3.26,TB Screening,,,,TP01c,OPD - No. of presumptive diagnosed with TB,EeU4Ufn8MS2,EJn0qutf2Uh,"20+Yrs, Female",2025-06-14 12:31:53.170 +0300,2025-06-14 12:31:53.170 +0300
2910,1.3.26,TB Screening,,,,TP01c,OPD - No. of presumptive diagnosed with TB,EeU4Ufn8MS2,dCKzhhINakS,"20+Yrs, Male",2025-06-14 12:31:53.170 +0300,2025-06-14 12:31:53.170 +0300
2911,1.3.26,TB Screening,,,,TP01c,OPD - No. of presumptive diagnosed with TB,EeU4Ufn8MS2,zBEtAxHIaIx,"20+Yrs, Male",2025-06-14 12:31:53.170 +0300,2025-06-14 12:31:53.170 +0300
2912,1.3.26,TB Screening,,,,TP01c,OPD - No. of presumptive diagnosed with TB,EeU4Ufn8MS2,ITt4hJUPzgc,"29 days - 4 yrs, Female",2025-06-14 12:31:53.170 +0300,2025-06-14 12:31:53.170 +0300
2913,1.3.26,TB Screening,,,,TP01c,OPD - No. of presumptive diagnosed with TB,EeU4Ufn8MS2,FqUuiCGELpZ,"29 days - 4 yrs, Male",2025-06-14 12:31:53.170 +0300,2025-06-14 12:31:53.170 +0300
2914,1.3.26,TB Screening,,,,TP01c,OPD - No. of presumptive diagnosed with TB,EeU4Ufn8MS2,huBy3W5qiD2,"29Dys-4Yrs, Female",2025-06-14 12:31:53.170 +0300,2025-06-14 12:31:53.170 +0300
2915,1.3.26,TB Screening,,,,TP01c,OPD - No. of presumptive diagnosed with TB,EeU4Ufn8MS2,V2OuNTRI6ua,"29Dys-4Yrs, Male",2025-06-14 12:31:53.170 +0300,2025-06-14 12:31:53.170 +0300
2916,1.3.26,TB Screening,,,,TP01c,OPD - No. of presumptive diagnosed with TB,EeU4Ufn8MS2,Crc5reUlspd,"5-9Yrs, Female",2025-06-14 12:31:53.170 +0300,2025-06-14 12:31:53.170 +0300
2917,1.3.26,TB Screening,,,,TP01c,OPD - No. of presumptive diagnosed with TB,EeU4Ufn8MS2,Q29KLru4s67,"5-9Yrs, Female",2025-06-14 12:31:53.170 +0300,2025-06-14 12:31:53.170 +0300
2918,1.3.26,TB Screening,,,,TP01c,OPD - No. of presumptive diagnosed with TB,EeU4Ufn8MS2,F1rms8f9I9a,"5-9Yrs, Male",2025-06-14 12:31:53.170 +0300,2025-06-14 12:31:53.170 +0300
2919,1.3.26,TB Screening,,,,TP01c,OPD - No. of presumptive diagnosed with TB,EeU4Ufn8MS2,QzcaaLV5dVM,"5-9Yrs, Male",2025-06-14 12:31:53.170 +0300,2025-06-14 12:31:53.170 +0300
2920,1.3.26,TB Screening,,,,TP01c,OPD - No. of presumptive diagnosed with TB,EeU4Ufn8MS2,bdbxoGD7oAY,"<5Yrs, Female",2025-06-14 12:31:53.170 +0300,2025-06-14 12:31:53.170 +0300
2921,1.3.26,TB Screening,,,,TP01c,OPD - No. of presumptive diagnosed with TB,EeU4Ufn8MS2,EVJwOnx0wy9,"<5Yrs, Male",2025-06-14 12:31:53.170 +0300,2025-06-14 12:31:53.170 +0300
2922,1.3.26,TB Screening,,,,TP02a,ART - No. screened for TB,wcEQfD9THHr,wDiX34aiw6i,"0-28Dys, Female",2025-06-14 12:31:53.170 +0300,2025-06-14 12:31:53.170 +0300
2923,1.3.26,TB Screening,,,,TP02a,ART - No. screened for TB,wcEQfD9THHr,zh2zAaHyYQx,"0-28Dys, Male",2025-06-14 12:31:53.170 +0300,2025-06-14 12:31:53.170 +0300
2924,1.3.26,TB Screening,,,,TP02a,ART - No. screened for TB,wcEQfD9THHr,u3CkZqMHfHP,"10-19Yrs, Female",2025-06-14 12:31:53.170 +0300,2025-06-14 12:31:53.170 +0300
2925,1.3.26,TB Screening,,,,TP02a,ART - No. screened for TB,wcEQfD9THHr,c7gvocRdg0f,"10-19Yrs, Male",2025-06-14 12:31:53.170 +0300,2025-06-14 12:31:53.170 +0300
2926,1.3.26,TB Screening,,,,TP02a,ART - No. screened for TB,wcEQfD9THHr,XVHTeecEOM3,"20+Yrs, Female",2025-06-14 12:31:53.170 +0300,2025-06-14 12:31:53.170 +0300
2927,1.3.26,TB Screening,,,,TP02a,ART - No. screened for TB,wcEQfD9THHr,dCKzhhINakS,"20+Yrs, Male",2025-06-14 12:31:53.170 +0300,2025-06-14 12:31:53.170 +0300
2928,1.3.26,TB Screening,,,,TP02a,ART - No. screened for TB,wcEQfD9THHr,huBy3W5qiD2,"29Dys-4Yrs, Female",2025-06-14 12:31:53.170 +0300,2025-06-14 12:31:53.170 +0300
2929,1.3.26,TB Screening,,,,TP02a,ART - No. screened for TB,wcEQfD9THHr,V2OuNTRI6ua,"29Dys-4Yrs, Male",2025-06-14 12:31:53.170 +0300,2025-06-14 12:31:53.170 +0300
2930,1.3.26,TB Screening,,,,TP02a,ART - No. screened for TB,wcEQfD9THHr,Crc5reUlspd,"5-9Yrs, Female",2025-06-14 12:31:53.170 +0300,2025-06-14 12:31:53.170 +0300
2931,1.3.26,TB Screening,,,,TP02a,ART - No. screened for TB,wcEQfD9THHr,F1rms8f9I9a,"5-9Yrs, Male",2025-06-14 12:31:53.170 +0300,2025-06-14 12:31:53.170 +0300
2932,1.3.26,TB Screening,,,,TP02b,ART - No. of presumptive TB cases identified,WIYUYqtiWNW,wDiX34aiw6i,"0-28Dys, Female",2025-06-14 12:31:53.170 +0300,2025-06-14 12:31:53.170 +0300
2933,1.3.26,TB Screening,,,,TP02b,ART - No. of presumptive TB cases identified,WIYUYqtiWNW,zh2zAaHyYQx,"0-28Dys, Male",2025-06-14 12:31:53.170 +0300,2025-06-14 12:31:53.170 +0300
2934,1.3.26,TB Screening,,,,TP02b,ART - No. of presumptive TB cases identified,WIYUYqtiWNW,u3CkZqMHfHP,"10-19Yrs, Female",2025-06-14 12:31:53.170 +0300,2025-06-14 12:31:53.170 +0300
2935,1.3.26,TB Screening,,,,TP02b,ART - No. of presumptive TB cases identified,WIYUYqtiWNW,c7gvocRdg0f,"10-19Yrs, Male",2025-06-14 12:31:53.170 +0300,2025-06-14 12:31:53.170 +0300
2936,1.3.26,TB Screening,,,,TP02b,ART - No. of presumptive TB cases identified,WIYUYqtiWNW,XVHTeecEOM3,"20+Yrs, Female",2025-06-14 12:31:53.170 +0300,2025-06-14 12:31:53.170 +0300
2937,1.3.26,TB Screening,,,,TP02b,ART - No. of presumptive TB cases identified,WIYUYqtiWNW,dCKzhhINakS,"20+Yrs, Male",2025-06-14 12:31:53.170 +0300,2025-06-14 12:31:53.170 +0300
2938,1.3.26,TB Screening,,,,TP02b,ART - No. of presumptive TB cases identified,WIYUYqtiWNW,huBy3W5qiD2,"29Dys-4Yrs, Female",2025-06-14 12:31:53.170 +0300,2025-06-14 12:31:53.170 +0300
2939,1.3.26,TB Screening,,,,TP02b,ART - No. of presumptive TB cases identified,WIYUYqtiWNW,V2OuNTRI6ua,"29Dys-4Yrs, Male",2025-06-14 12:31:53.170 +0300,2025-06-14 12:31:53.170 +0300
2940,1.3.26,TB Screening,,,,TP02b,ART - No. of presumptive TB cases identified,WIYUYqtiWNW,Crc5reUlspd,"5-9Yrs, Female",2025-06-14 12:31:53.170 +0300,2025-06-14 12:31:53.170 +0300
2941,1.3.26,TB Screening,,,,TP02b,ART - No. of presumptive TB cases identified,WIYUYqtiWNW,F1rms8f9I9a,"5-9Yrs, Male",2025-06-14 12:31:53.170 +0300,2025-06-14 12:31:53.170 +0300
2942,1.3.26,TB Screening,,,,TP02c,ART - No. of presumptive diagnosed with TB,mPDuv5MQg4A,wDiX34aiw6i,"0-28Dys, Female",2025-06-14 12:31:53.170 +0300,2025-06-14 12:31:53.170 +0300
2943,1.3.26,TB Screening,,,,TP02c,ART - No. of presumptive diagnosed with TB,mPDuv5MQg4A,zh2zAaHyYQx,"0-28Dys, Male",2025-06-14 12:31:53.170 +0300,2025-06-14 12:31:53.170 +0300
2944,1.3.26,TB Screening,,,,TP02c,ART - No. of presumptive diagnosed with TB,mPDuv5MQg4A,u3CkZqMHfHP,"10-19Yrs, Female",2025-06-14 12:31:53.170 +0300,2025-06-14 12:31:53.170 +0300
2945,1.3.26,TB Screening,,,,TP02c,ART - No. of presumptive diagnosed with TB,mPDuv5MQg4A,c7gvocRdg0f,"10-19Yrs, Male",2025-06-14 12:31:53.170 +0300,2025-06-14 12:31:53.170 +0300
2946,1.3.26,TB Screening,,,,TP02c,ART - No. of presumptive diagnosed with TB,mPDuv5MQg4A,XVHTeecEOM3,"20+Yrs, Female",2025-06-14 12:31:53.170 +0300,2025-06-14 12:31:53.170 +0300
2947,1.3.26,TB Screening,,,,TP02c,ART - No. of presumptive diagnosed with TB,mPDuv5MQg4A,dCKzhhINakS,"20+Yrs, Male",2025-06-14 12:31:53.170 +0300,2025-06-14 12:31:53.170 +0300
2948,1.3.26,TB Screening,,,,TP02c,ART - No. of presumptive diagnosed with TB,mPDuv5MQg4A,huBy3W5qiD2,"29Dys-4Yrs, Female",2025-06-14 12:31:53.170 +0300,2025-06-14 12:31:53.170 +0300
2949,1.3.26,TB Screening,,,,TP02c,ART - No. of presumptive diagnosed with TB,mPDuv5MQg4A,V2OuNTRI6ua,"29Dys-4Yrs, Male",2025-06-14 12:31:53.170 +0300,2025-06-14 12:31:53.170 +0300
2950,1.3.26,TB Screening,,,,TP02c,ART - No. of presumptive diagnosed with TB,mPDuv5MQg4A,Crc5reUlspd,"5-9Yrs, Female",2025-06-14 12:31:53.170 +0300,2025-06-14 12:31:53.170 +0300
2951,1.3.26,TB Screening,,,,TP02c,ART - No. of presumptive diagnosed with TB,mPDuv5MQg4A,F1rms8f9I9a,"5-9Yrs, Male",2025-06-14 12:31:53.170 +0300,2025-06-14 12:31:53.170 +0300
2952,1.3.26,TB Screening,,,,TP03a,Reaches - No. screened for TB,ch5q99o2gIh,wDiX34aiw6i,"0-28Dys, Female",2025-06-14 12:31:53.170 +0300,2025-06-14 12:31:53.170 +0300
2953,1.3.26,TB Screening,,,,TP03a,Reaches - No. screened for TB,ch5q99o2gIh,zh2zAaHyYQx,"0-28Dys, Male",2025-06-14 12:31:53.170 +0300,2025-06-14 12:31:53.170 +0300
2954,1.3.26,TB Screening,,,,TP03a,Reaches - No. screened for TB,ch5q99o2gIh,u3CkZqMHfHP,"10-19Yrs, Female",2025-06-14 12:31:53.170 +0300,2025-06-14 12:31:53.170 +0300
2955,1.3.26,TB Screening,,,,TP03a,Reaches - No. screened for TB,ch5q99o2gIh,c7gvocRdg0f,"10-19Yrs, Male",2025-06-14 12:31:53.170 +0300,2025-06-14 12:31:53.170 +0300
2956,1.3.26,TB Screening,,,,TP03a,Reaches - No. screened for TB,ch5q99o2gIh,XVHTeecEOM3,"20+Yrs, Female",2025-06-14 12:31:53.170 +0300,2025-06-14 12:31:53.170 +0300
2957,1.3.26,TB Screening,,,,TP03a,Reaches - No. screened for TB,ch5q99o2gIh,dCKzhhINakS,"20+Yrs, Male",2025-06-14 12:31:53.170 +0300,2025-06-14 12:31:53.170 +0300
2958,1.3.26,TB Screening,,,,TP03a,Reaches - No. screened for TB,ch5q99o2gIh,huBy3W5qiD2,"29Dys-4Yrs, Female",2025-06-14 12:31:53.170 +0300,2025-06-14 12:31:53.170 +0300
2959,1.3.26,TB Screening,,,,TP03a,Reaches - No. screened for TB,ch5q99o2gIh,V2OuNTRI6ua,"29Dys-4Yrs, Male",2025-06-14 12:31:53.170 +0300,2025-06-14 12:31:53.170 +0300
2960,1.3.26,TB Screening,,,,TP03a,Reaches - No. screened for TB,ch5q99o2gIh,Crc5reUlspd,"5-9Yrs, Female",2025-06-14 12:31:53.170 +0300,2025-06-14 12:31:53.170 +0300
2961,1.3.26,TB Screening,,,,TP03a,Reaches - No. screened for TB,ch5q99o2gIh,F1rms8f9I9a,"5-9Yrs, Male",2025-06-14 12:31:53.170 +0300,2025-06-14 12:31:53.170 +0300
2962,1.3.26,TB Screening,,,,TP03b,Reaches - No. of presumptive TB cases identified,hbi0hXfneIq,wDiX34aiw6i,"0-28Dys, Female",2025-06-14 12:31:53.170 +0300,2025-06-14 12:31:53.170 +0300
2963,1.3.26,TB Screening,,,,TP03b,Reaches - No. of presumptive TB cases identified,hbi0hXfneIq,zh2zAaHyYQx,"0-28Dys, Male",2025-06-14 12:31:53.170 +0300,2025-06-14 12:31:53.170 +0300
2964,1.3.26,TB Screening,,,,TP03b,Reaches - No. of presumptive TB cases identified,hbi0hXfneIq,u3CkZqMHfHP,"10-19Yrs, Female",2025-06-14 12:31:53.170 +0300,2025-06-14 12:31:53.170 +0300
2965,1.3.26,TB Screening,,,,TP03b,Reaches - No. of presumptive TB cases identified,hbi0hXfneIq,c7gvocRdg0f,"10-19Yrs, Male",2025-06-14 12:31:53.170 +0300,2025-06-14 12:31:53.170 +0300
2966,1.3.26,TB Screening,,,,TP03b,Reaches - No. of presumptive TB cases identified,hbi0hXfneIq,XVHTeecEOM3,"20+Yrs, Female",2025-06-14 12:31:53.170 +0300,2025-06-14 12:31:53.170 +0300
2967,1.3.26,TB Screening,,,,TP03b,Reaches - No. of presumptive TB cases identified,hbi0hXfneIq,dCKzhhINakS,"20+Yrs, Male",2025-06-14 12:31:53.170 +0300,2025-06-14 12:31:53.170 +0300
2968,1.3.26,TB Screening,,,,TP03b,Reaches - No. of presumptive TB cases identified,hbi0hXfneIq,huBy3W5qiD2,"29Dys-4Yrs, Female",2025-06-14 12:31:53.170 +0300,2025-06-14 12:31:53.170 +0300
2969,1.3.26,TB Screening,,,,TP03b,Reaches - No. of presumptive TB cases identified,hbi0hXfneIq,V2OuNTRI6ua,"29Dys-4Yrs, Male",2025-06-14 12:31:53.170 +0300,2025-06-14 12:31:53.170 +0300
2970,1.3.26,TB Screening,,,,TP03b,Reaches - No. of presumptive TB cases identified,hbi0hXfneIq,Crc5reUlspd,"5-9Yrs, Female",2025-06-14 12:31:53.170 +0300,2025-06-14 12:31:53.170 +0300
2971,1.3.26,TB Screening,,,,TP03b,Reaches - No. of presumptive TB cases identified,hbi0hXfneIq,F1rms8f9I9a,"5-9Yrs, Male",2025-06-14 12:31:53.170 +0300,2025-06-14 12:31:53.170 +0300
2972,1.3.26,TB Screening,,,,TP03c,Reaches - No. of presumptive diagnosed with TB,K61p0h1VBGN,wDiX34aiw6i,"0-28Dys, Female",2025-06-14 12:31:53.170 +0300,2025-06-14 12:31:53.170 +0300
2973,1.3.26,TB Screening,,,,TP03c,Reaches - No. of presumptive diagnosed with TB,K61p0h1VBGN,zh2zAaHyYQx,"0-28Dys, Male",2025-06-14 12:31:53.170 +0300,2025-06-14 12:31:53.170 +0300
2974,1.3.26,TB Screening,,,,TP03c,Reaches - No. of presumptive diagnosed with TB,K61p0h1VBGN,u3CkZqMHfHP,"10-19Yrs, Female",2025-06-14 12:31:53.170 +0300,2025-06-14 12:31:53.170 +0300
2975,1.3.26,TB Screening,,,,TP03c,Reaches - No. of presumptive diagnosed with TB,K61p0h1VBGN,c7gvocRdg0f,"10-19Yrs, Male",2025-06-14 12:31:53.170 +0300,2025-06-14 12:31:53.170 +0300
2976,1.3.26,TB Screening,,,,TP03c,Reaches - No. of presumptive diagnosed with TB,K61p0h1VBGN,XVHTeecEOM3,"20+Yrs, Female",2025-06-14 12:31:53.170 +0300,2025-06-14 12:31:53.170 +0300
2977,1.3.26,TB Screening,,,,TP03c,Reaches - No. of presumptive diagnosed with TB,K61p0h1VBGN,dCKzhhINakS,"20+Yrs, Male",2025-06-14 12:31:53.170 +0300,2025-06-14 12:31:53.170 +0300
2978,1.3.26,TB Screening,,,,TP03c,Reaches - No. of presumptive diagnosed with TB,K61p0h1VBGN,huBy3W5qiD2,"29Dys-4Yrs, Female",2025-06-14 12:31:53.170 +0300,2025-06-14 12:31:53.170 +0300
2979,1.3.26,TB Screening,,,,TP03c,Reaches - No. of presumptive diagnosed with TB,K61p0h1VBGN,V2OuNTRI6ua,"29Dys-4Yrs, Male",2025-06-14 12:31:53.170 +0300,2025-06-14 12:31:53.170 +0300
2980,1.3.26,TB Screening,,,,TP03c,Reaches - No. of presumptive diagnosed with TB,K61p0h1VBGN,Crc5reUlspd,"5-9Yrs, Female",2025-06-14 12:31:53.170 +0300,2025-06-14 12:31:53.170 +0300
2981,1.3.26,TB Screening,,,,TP03c,Reaches - No. of presumptive diagnosed with TB,K61p0h1VBGN,F1rms8f9I9a,"5-9Yrs, Male",2025-06-14 12:31:53.170 +0300,2025-06-14 12:31:53.170 +0300
2982,1.3.27,Leprosy Services,,,,TP04a,Leprosy - Screened,P42z999QMx3,wDiX34aiw6i,"0-28Dys, Female",2025-06-14 12:31:53.170 +0300,2025-06-14 12:31:53.170 +0300
2983,1.3.27,Leprosy Services,,,,TP04a,Leprosy - Screened,P42z999QMx3,zh2zAaHyYQx,"0-28Dys, Male",2025-06-14 12:31:53.170 +0300,2025-06-14 12:31:53.170 +0300
2984,1.3.27,Leprosy Services,,,,TP04a,Leprosy - Screened,P42z999QMx3,u3CkZqMHfHP,"10-19Yrs, Female",2025-06-14 12:31:53.170 +0300,2025-06-14 12:31:53.170 +0300
2985,1.3.27,Leprosy Services,,,,TP04a,Leprosy - Screened,P42z999QMx3,c7gvocRdg0f,"10-19Yrs, Male",2025-06-14 12:31:53.170 +0300,2025-06-14 12:31:53.170 +0300
2986,1.3.27,Leprosy Services,,,,TP04a,Leprosy - Screened,P42z999QMx3,XVHTeecEOM3,"20+Yrs, Female",2025-06-14 12:31:53.170 +0300,2025-06-14 12:31:53.170 +0300
2987,1.3.27,Leprosy Services,,,,TP04a,Leprosy - Screened,P42z999QMx3,dCKzhhINakS,"20+Yrs, Male",2025-06-14 12:31:53.170 +0300,2025-06-14 12:31:53.170 +0300
2988,1.3.27,Leprosy Services,,,,TP04a,Leprosy - Screened,P42z999QMx3,huBy3W5qiD2,"29Dys-4Yrs, Female",2025-06-14 12:31:53.170 +0300,2025-06-14 12:31:53.170 +0300
2989,1.3.27,Leprosy Services,,,,TP04a,Leprosy - Screened,P42z999QMx3,V2OuNTRI6ua,"29Dys-4Yrs, Male",2025-06-14 12:31:53.170 +0300,2025-06-14 12:31:53.170 +0300
2990,1.3.27,Leprosy Services,,,,TP04a,Leprosy - Screened,P42z999QMx3,Crc5reUlspd,"5-9Yrs, Female",2025-06-14 12:31:53.170 +0300,2025-06-14 12:31:53.170 +0300
2991,1.3.27,Leprosy Services,,,,TP04a,Leprosy - Screened,P42z999QMx3,F1rms8f9I9a,"5-9Yrs, Male",2025-06-14 12:31:53.170 +0300,2025-06-14 12:31:53.170 +0300
2992,1.3.27,Leprosy Services,,,,TP04b,Leprosy - Presumed,QLsASU3mH3C,wDiX34aiw6i,"0-28Dys, Female",2025-06-14 12:31:53.170 +0300,2025-06-14 12:31:53.170 +0300
2993,1.3.27,Leprosy Services,,,,TP04b,Leprosy - Presumed,QLsASU3mH3C,zh2zAaHyYQx,"0-28Dys, Male",2025-06-14 12:31:53.170 +0300,2025-06-14 12:31:53.170 +0300
2994,1.3.27,Leprosy Services,,,,TP04b,Leprosy - Presumed,QLsASU3mH3C,u3CkZqMHfHP,"10-19Yrs, Female",2025-06-14 12:31:53.170 +0300,2025-06-14 12:31:53.170 +0300
2995,1.3.27,Leprosy Services,,,,TP04b,Leprosy - Presumed,QLsASU3mH3C,c7gvocRdg0f,"10-19Yrs, Male",2025-06-14 12:31:53.170 +0300,2025-06-14 12:31:53.170 +0300
2996,1.3.27,Leprosy Services,,,,TP04b,Leprosy - Presumed,QLsASU3mH3C,XVHTeecEOM3,"20+Yrs, Female",2025-06-14 12:31:53.170 +0300,2025-06-14 12:31:53.170 +0300
2997,1.3.27,Leprosy Services,,,,TP04b,Leprosy - Presumed,QLsASU3mH3C,dCKzhhINakS,"20+Yrs, Male",2025-06-14 12:31:53.170 +0300,2025-06-14 12:31:53.170 +0300
2998,1.3.27,Leprosy Services,,,,TP04b,Leprosy - Presumed,QLsASU3mH3C,huBy3W5qiD2,"29Dys-4Yrs, Female",2025-06-14 12:31:53.170 +0300,2025-06-14 12:31:53.170 +0300
2999,1.3.27,Leprosy Services,,,,TP04b,Leprosy - Presumed,QLsASU3mH3C,V2OuNTRI6ua,"29Dys-4Yrs, Male",2025-06-14 12:31:53.170 +0300,2025-06-14 12:31:53.170 +0300
3000,1.3.27,Leprosy Services,,,,TP04b,Leprosy - Presumed,QLsASU3mH3C,Crc5reUlspd,"5-9Yrs, Female",2025-06-14 12:31:53.170 +0300,2025-06-14 12:31:53.170 +0300
3001,1.3.27,Leprosy Services,,,,TP04b,Leprosy - Presumed,QLsASU3mH3C,F1rms8f9I9a,"5-9Yrs, Male",2025-06-14 12:31:53.170 +0300,2025-06-14 12:31:53.170 +0300
3002,1.3.27,Leprosy Services,,,,TP04c,Leprosy - Diagnosed,OtErOMtbCtC,wDiX34aiw6i,"0-28Dys, Female",2025-06-14 12:31:53.170 +0300,2025-06-14 12:31:53.170 +0300
3003,1.3.27,Leprosy Services,,,,TP04c,Leprosy - Diagnosed,OtErOMtbCtC,zh2zAaHyYQx,"0-28Dys, Male",2025-06-14 12:31:53.170 +0300,2025-06-14 12:31:53.170 +0300
3004,1.3.27,Leprosy Services,,,,TP04c,Leprosy - Diagnosed,OtErOMtbCtC,u3CkZqMHfHP,"10-19Yrs, Female",2025-06-14 12:31:53.170 +0300,2025-06-14 12:31:53.170 +0300
3005,1.3.27,Leprosy Services,,,,TP04c,Leprosy - Diagnosed,OtErOMtbCtC,c7gvocRdg0f,"10-19Yrs, Male",2025-06-14 12:31:53.170 +0300,2025-06-14 12:31:53.170 +0300
3006,1.3.27,Leprosy Services,,,,TP04c,Leprosy - Diagnosed,OtErOMtbCtC,XVHTeecEOM3,"20+Yrs, Female",2025-06-14 12:31:53.170 +0300,2025-06-14 12:31:53.170 +0300
3007,1.3.27,Leprosy Services,,,,TP04c,Leprosy - Diagnosed,OtErOMtbCtC,dCKzhhINakS,"20+Yrs, Male",2025-06-14 12:31:53.170 +0300,2025-06-14 12:31:53.170 +0300
3008,1.3.27,Leprosy Services,,,,TP04c,Leprosy - Diagnosed,OtErOMtbCtC,huBy3W5qiD2,"29Dys-4Yrs, Female",2025-06-14 12:31:53.170 +0300,2025-06-14 12:31:53.170 +0300
3009,1.3.27,Leprosy Services,,,,TP04c,Leprosy - Diagnosed,OtErOMtbCtC,V2OuNTRI6ua,"29Dys-4Yrs, Male",2025-06-14 12:31:53.170 +0300,2025-06-14 12:31:53.170 +0300
3010,1.3.27,Leprosy Services,,,,TP04c,Leprosy - Diagnosed,OtErOMtbCtC,Crc5reUlspd,"5-9Yrs, Female",2025-06-14 12:31:53.170 +0300,2025-06-14 12:31:53.170 +0300
3011,1.3.27,Leprosy Services,,,,TP04c,Leprosy - Diagnosed,OtErOMtbCtC,F1rms8f9I9a,"5-9Yrs, Male",2025-06-14 12:31:53.170 +0300,2025-06-14 12:31:53.170 +0300
3544,1.3.28,Nutrition Services,,,,NA01a,Total assessed for nutrition status,tei6iz8HFfo,LMMxg8a7xB8,"0-28Dys, Female",2025-06-14 12:31:53.170 +0300,2025-06-14 12:31:53.170 +0300
3545,1.3.28,Nutrition Services,,,,NA01a,Total assessed for nutrition status,tei6iz8HFfo,ojtXZNGne3l,"0-28Dys, Male",2025-06-14 12:31:53.170 +0300,2025-06-14 12:31:53.170 +0300
3546,1.3.28,Nutrition Services,,,,NA01a,Total assessed for nutrition status,tei6iz8HFfo,VOOkKOAttyR,"0-5Mths, Female",2025-06-14 12:31:53.170 +0300,2025-06-14 12:31:53.170 +0300
3547,1.3.28,Nutrition Services,,,,NA01a,Total assessed for nutrition status,tei6iz8HFfo,NdimbHlmGB1,"0-5Mths, Male",2025-06-14 12:31:53.170 +0300,2025-06-14 12:31:53.170 +0300
3548,1.3.28,Nutrition Services,,,,NA01a,Total assessed for nutrition status,tei6iz8HFfo,icfcJwOA3HY,"10-19Yrs, Female",2025-06-14 12:31:53.170 +0300,2025-06-14 12:31:53.170 +0300
3549,1.3.28,Nutrition Services,,,,NA01a,Total assessed for nutrition status,tei6iz8HFfo,e8VpasQuKOf,"10-19Yrs, Male",2025-06-14 12:31:53.170 +0300,2025-06-14 12:31:53.170 +0300
3550,1.3.28,Nutrition Services,,,,NA01a,Total assessed for nutrition status,tei6iz8HFfo,inLYcBvHZSR,"20-24 years, Female",2025-06-14 12:31:53.170 +0300,2025-06-14 12:31:53.170 +0300
3551,1.3.28,Nutrition Services,,,,NA01a,Total assessed for nutrition status,tei6iz8HFfo,dVLQmjChiB5,"20-24 years, Male",2025-06-14 12:31:53.170 +0300,2025-06-14 12:31:53.170 +0300
3552,1.3.28,Nutrition Services,,,,NA01a,Total assessed for nutrition status,tei6iz8HFfo,Ly6pdeePPfB,"20-24Yrs, Female",2025-06-14 12:31:53.170 +0300,2025-06-14 12:31:53.170 +0300
3553,1.3.28,Nutrition Services,,,,NA01a,Total assessed for nutrition status,tei6iz8HFfo,d24Xqeq7d53,"20-24Yrs, Male",2025-06-14 12:31:53.170 +0300,2025-06-14 12:31:53.170 +0300
3554,1.3.28,Nutrition Services,,,,NA01a,Total assessed for nutrition status,tei6iz8HFfo,jYSOZj8kVzc,"24-59Mths, Female",2025-06-14 12:31:53.170 +0300,2025-06-14 12:31:53.170 +0300
3555,1.3.28,Nutrition Services,,,,NA01a,Total assessed for nutrition status,tei6iz8HFfo,LHh04IA7nsJ,"24-59Mths, Male",2025-06-14 12:31:53.170 +0300,2025-06-14 12:31:53.170 +0300
3556,1.3.28,Nutrition Services,,,,NA01a,Total assessed for nutrition status,tei6iz8HFfo,tjG9Nt0wdwM,"25+Yrs, Female",2025-06-14 12:31:53.170 +0300,2025-06-14 12:31:53.170 +0300
3557,1.3.28,Nutrition Services,,,,NA01a,Total assessed for nutrition status,tei6iz8HFfo,Y6uGpgGb7R5,"25+Yrs, Male",2025-06-14 12:31:53.170 +0300,2025-06-14 12:31:53.170 +0300
3558,1.3.28,Nutrition Services,,,,NA01a,Total assessed for nutrition status,tei6iz8HFfo,eOeMyqVgWuY,"29Dys-4Yrs, Female",2025-06-14 12:31:53.170 +0300,2025-06-14 12:31:53.170 +0300
3559,1.3.28,Nutrition Services,,,,NA01a,Total assessed for nutrition status,tei6iz8HFfo,uYhUNsDnPqs,"29Dys-4Yrs, Male",2025-06-14 12:31:53.170 +0300,2025-06-14 12:31:53.170 +0300
3560,1.3.28,Nutrition Services,,,,NA01a,Total assessed for nutrition status,tei6iz8HFfo,OptiiLdMwqD,"5 - 9 yrs, Female",2025-06-14 12:31:53.170 +0300,2025-06-14 12:31:53.170 +0300
3561,1.3.28,Nutrition Services,,,,NA01a,Total assessed for nutrition status,tei6iz8HFfo,wlx0TkgV93y,"5-9Yrs, Female",2025-06-14 12:31:53.170 +0300,2025-06-14 12:31:53.170 +0300
3562,1.3.28,Nutrition Services,,,,NA01a,Total assessed for nutrition status,tei6iz8HFfo,Bnt7abK0gqb,"5 - 9 yrs, Male",2025-06-14 12:31:53.170 +0300,2025-06-14 12:31:53.170 +0300
3563,1.3.28,Nutrition Services,,,,NA01a,Total assessed for nutrition status,tei6iz8HFfo,IkLIEhlIkEA,"5-9Yrs, Male",2025-06-14 12:31:53.170 +0300,2025-06-14 12:31:53.170 +0300
3564,1.3.28,Nutrition Services,,,,NA01a,Total assessed for nutrition status,tei6iz8HFfo,T1mZrgHZNcn,"6-11Mths, Female",2025-06-14 12:31:53.170 +0300,2025-06-14 12:31:53.170 +0300
3565,1.3.28,Nutrition Services,,,,NA01a,Total assessed for nutrition status,tei6iz8HFfo,RovMs6w1ufY,"6-11Mths, Male",2025-06-14 12:31:53.170 +0300,2025-06-14 12:31:53.170 +0300
3566,1.3.28,Nutrition Services,,,,NA01a,Total assessed for nutrition status,tei6iz8HFfo,NThAKEjWS24,"6-23Mths, Female",2025-06-14 12:31:53.170 +0300,2025-06-14 12:31:53.170 +0300
3567,1.3.28,Nutrition Services,,,,NA01a,Total assessed for nutrition status,tei6iz8HFfo,q33Jr73momc,"6-23Mths, Male",2025-06-14 12:31:53.170 +0300,2025-06-14 12:31:53.170 +0300
3568,1.3.28,Nutrition Services,,,,NA01b1,Identified malnourished - SAM With Oedema,NBMEojZWyQC,nusEBjg8bes,"0-6Mths, Female",2025-06-14 12:31:53.170 +0300,2025-06-14 12:31:53.170 +0300
3569,1.3.28,Nutrition Services,,,,NA01b1,Identified malnourished - SAM With Oedema,NBMEojZWyQC,SgtJVRGlRIo,"0-6Mths, Male",2025-06-14 12:31:53.170 +0300,2025-06-14 12:31:53.170 +0300
3570,1.3.28,Nutrition Services,,,,NA01b1,Identified malnourished - SAM With Oedema,NBMEojZWyQC,mJNtXTVt6T1,"10-14Yrs, Female",2025-06-14 12:31:53.170 +0300,2025-06-14 12:31:53.170 +0300
3571,1.3.28,Nutrition Services,,,,NA01b1,Identified malnourished - SAM With Oedema,NBMEojZWyQC,DHWRwZkFHqc,"10-14Yrs, Male",2025-06-14 12:31:53.170 +0300,2025-06-14 12:31:53.170 +0300
3572,1.3.28,Nutrition Services,,,,NA01b1,Identified malnourished - SAM With Oedema,NBMEojZWyQC,WyNau0T37h4,"24-59Mths, Female",2025-06-14 12:31:53.170 +0300,2025-06-14 12:31:53.170 +0300
3573,1.3.28,Nutrition Services,,,,NA01b1,Identified malnourished - SAM With Oedema,NBMEojZWyQC,UKCxMVgAc2s,"24-59Mths, Male",2025-06-14 12:31:53.170 +0300,2025-06-14 12:31:53.170 +0300
3574,1.3.28,Nutrition Services,,,,NA01b1,Identified malnourished - SAM With Oedema,NBMEojZWyQC,oIxEDq59GUL,"5-9Yrs, Female",2025-06-14 12:31:53.170 +0300,2025-06-14 12:31:53.170 +0300
3575,1.3.28,Nutrition Services,,,,NA01b1,Identified malnourished - SAM With Oedema,NBMEojZWyQC,OhmzAkCmkjU,"5-9Yrs, Male",2025-06-14 12:31:53.170 +0300,2025-06-14 12:31:53.170 +0300
3576,1.3.28,Nutrition Services,,,,NA01b1,Identified malnourished - SAM With Oedema,NBMEojZWyQC,kkV0Rfqo4Ru,"6-23Mths, Female",2025-06-14 12:31:53.170 +0300,2025-06-14 12:31:53.170 +0300
3577,1.3.28,Nutrition Services,,,,NA01b1,Identified malnourished - SAM With Oedema,NBMEojZWyQC,sHKK94BX2Rp,"6-23Mths, Male",2025-06-14 12:31:53.170 +0300,2025-06-14 12:31:53.170 +0300
3578,1.3.28,Nutrition Services,,,,NA01b2,Identified malnourished - SAM Without Oedema,ZZIj7wAHfV3,SM9d5ybWcr0,10-19Yrs,2025-06-14 12:31:53.170 +0300,2025-06-14 12:31:53.170 +0300
3579,1.3.28,Nutrition Services,,,,NA01b2,Identified malnourished - SAM Without Oedema,ZZIj7wAHfV3,H5MiomGgbbi,20-24Yrs,2025-06-14 12:31:53.170 +0300,2025-06-14 12:31:53.170 +0300
3580,1.3.28,Nutrition Services,,,,NA01b2,Identified malnourished - SAM Without Oedema,ZZIj7wAHfV3,OUPWAOZojRb,25+Yrs,2025-06-14 12:31:53.170 +0300,2025-06-14 12:31:53.170 +0300
3581,1.3.28,Nutrition Services,,,,NA01b3,Identified malnourished - MAM,CEuNYF0BfGX,WalQ4zu7RLz,"10-19Yrs, Non Pregnant",2025-06-14 12:31:53.170 +0300,2025-06-14 12:31:53.170 +0300
3582,1.3.28,Nutrition Services,,,,NA01b3,Identified malnourished - MAM,CEuNYF0BfGX,r01f3QfmLJS,"10-19Yrs, Pregnant/Lactating",2025-06-14 12:31:53.170 +0300,2025-06-14 12:31:53.170 +0300
3583,1.3.28,Nutrition Services,,,,NA01b3,Identified malnourished - MAM,CEuNYF0BfGX,bmT820wlIV5,"20-24Yrs, Non Pregnant",2025-06-14 12:31:53.170 +0300,2025-06-14 12:31:53.170 +0300
3584,1.3.28,Nutrition Services,,,,NA01b3,Identified malnourished - MAM,CEuNYF0BfGX,vrSTfWaEZfP,"20-24Yrs, Pregnant/Lactating",2025-06-14 12:31:53.170 +0300,2025-06-14 12:31:53.170 +0300
3585,1.3.28,Nutrition Services,,,,NA01b3,Identified malnourished - MAM,CEuNYF0BfGX,RKbp3GCvRrF,"25+Yrs, Non Pregnant",2025-06-14 12:31:53.170 +0300,2025-06-14 12:31:53.170 +0300
3586,1.3.28,Nutrition Services,,,,NA01b3,Identified malnourished - MAM,CEuNYF0BfGX,I28asEo67Mt,"25+Yrs, Pregnant/Lactating",2025-06-14 12:31:53.170 +0300,2025-06-14 12:31:53.170 +0300
3587,1.3.28,Nutrition Services,,,,NA01b4,Identified malnourished - Underweight,EjCnMPy3kFH,WYmslzmZ8AM,"0-28Dys, Female, Underweight",2025-06-14 12:31:53.170 +0300,2025-06-14 12:31:53.170 +0300
3588,1.3.28,Nutrition Services,,,,NA01b4,Identified malnourished - Underweight,EjCnMPy3kFH,Fyub0TNNhzv,"0-28Dys, Male, Underweight",2025-06-14 12:31:53.170 +0300,2025-06-14 12:31:53.170 +0300
3589,1.3.28,Nutrition Services,,,,NA01b4,Identified malnourished - Underweight,EjCnMPy3kFH,CrvgFFCSlTm,"0-5Mths, Female, Underweight",2025-06-14 12:31:53.170 +0300,2025-06-14 12:31:53.170 +0300
3590,1.3.28,Nutrition Services,,,,NA01b4,Identified malnourished - Underweight,EjCnMPy3kFH,OIjqaVy2LsO,"0-5Mths, Male, Underweight",2025-06-14 12:31:53.170 +0300,2025-06-14 12:31:53.170 +0300
3591,1.3.28,Nutrition Services,,,,NA01b4,Identified malnourished - Underweight,EjCnMPy3kFH,H4IKN9R2kS3,"10-19Yrs, Female, Underweight",2025-06-14 12:31:53.170 +0300,2025-06-14 12:31:53.170 +0300
3592,1.3.28,Nutrition Services,,,,NA01b4,Identified malnourished - Underweight,EjCnMPy3kFH,N2bLRQPx3bI,"10-19Yrs, Male, Underweight",2025-06-14 12:31:53.170 +0300,2025-06-14 12:31:53.170 +0300
3593,1.3.28,Nutrition Services,,,,NA01b4,Identified malnourished - Underweight,EjCnMPy3kFH,vlEBCe4H7GI,"20-24 years, Female, Underweight",2025-06-14 12:31:53.170 +0300,2025-06-14 12:31:53.170 +0300
3594,1.3.28,Nutrition Services,,,,NA01b4,Identified malnourished - Underweight,EjCnMPy3kFH,ql6GzmSwFA5,"20-24 years, Male, Underweight",2025-06-14 12:31:53.170 +0300,2025-06-14 12:31:53.170 +0300
3595,1.3.28,Nutrition Services,,,,NA01b4,Identified malnourished - Underweight,EjCnMPy3kFH,UFdREElXvne,"20-24Yrs, Female, Underweight",2025-06-14 12:31:53.170 +0300,2025-06-14 12:31:53.170 +0300
3596,1.3.28,Nutrition Services,,,,NA01b4,Identified malnourished - Underweight,EjCnMPy3kFH,cVKim34seiU,"20-24Yrs, Male, Underweight",2025-06-14 12:31:53.170 +0300,2025-06-14 12:31:53.170 +0300
3597,1.3.28,Nutrition Services,,,,NA01b4,Identified malnourished - Underweight,EjCnMPy3kFH,xBfSYkCUvTM,"24-59Mths, Female, Underweight",2025-06-14 12:31:53.170 +0300,2025-06-14 12:31:53.170 +0300
3598,1.3.28,Nutrition Services,,,,NA01b4,Identified malnourished - Underweight,EjCnMPy3kFH,a7dV9TNaB5c,"24-59Mths, Male, Underweight",2025-06-14 12:31:53.170 +0300,2025-06-14 12:31:53.170 +0300
3599,1.3.28,Nutrition Services,,,,NA01b4,Identified malnourished - Underweight,EjCnMPy3kFH,i7RqxxVpXVG,"25+Yrs, Female, Underweight",2025-06-14 12:31:53.170 +0300,2025-06-14 12:31:53.170 +0300
3600,1.3.28,Nutrition Services,,,,NA01b4,Identified malnourished - Underweight,EjCnMPy3kFH,VwCaDE0NqG7,"25+Yrs, Male, Underweight",2025-06-14 12:31:53.170 +0300,2025-06-14 12:31:53.170 +0300
3601,1.3.28,Nutrition Services,,,,NA01b4,Identified malnourished - Underweight,EjCnMPy3kFH,pI5stc05nKc,"29Dys-4Yrs, Female, Underweight",2025-06-14 12:31:53.170 +0300,2025-06-14 12:31:53.170 +0300
3602,1.3.28,Nutrition Services,,,,NA01b4,Identified malnourished - Underweight,EjCnMPy3kFH,fHxKdd1AJoT,"29Dys-4Yrs, Male, Underweight",2025-06-14 12:31:53.170 +0300,2025-06-14 12:31:53.170 +0300
3603,1.3.28,Nutrition Services,,,,NA01b4,Identified malnourished - Underweight,EjCnMPy3kFH,e0eWNRTMXz9,"5 - 9 yrs, Female, Underweight",2025-06-14 12:31:53.170 +0300,2025-06-14 12:31:53.170 +0300
3604,1.3.28,Nutrition Services,,,,NA01b4,Identified malnourished - Underweight,EjCnMPy3kFH,EnKysSuevAn,"5 - 9 yrs, Male, Underweight",2025-06-14 12:31:53.170 +0300,2025-06-14 12:31:53.170 +0300
3605,1.3.28,Nutrition Services,,,,NA01b4,Identified malnourished - Underweight,EjCnMPy3kFH,ljGMQrA3QWf,"5-9Yrs, Male, Underweight",2025-06-14 12:31:53.170 +0300,2025-06-14 12:31:53.170 +0300
3606,1.3.28,Nutrition Services,,,,NA01b4,Identified malnourished - Underweight,EjCnMPy3kFH,UBzQV8L2W8n,"6-11Mths, Female, Underweight",2025-06-14 12:31:53.170 +0300,2025-06-14 12:31:53.170 +0300
3607,1.3.28,Nutrition Services,,,,NA01b4,Identified malnourished - Underweight,EjCnMPy3kFH,P15F62MIFc7,"6-11Mths, Male, Underweight",2025-06-14 12:31:53.170 +0300,2025-06-14 12:31:53.170 +0300
3608,1.3.28,Nutrition Services,,,,NA01b4,Identified malnourished - Underweight,EjCnMPy3kFH,ibBO4J3593S,"6-23Mths, Female, Underweight",2025-06-14 12:31:53.170 +0300,2025-06-14 12:31:53.170 +0300
3609,1.3.28,Nutrition Services,,,,NA01b5,Identified malnourished - Overweight / Obese,EjCnMPy3kFH,bsmAwU2XWk2,"0-28Dys, Female, Overweight/obese",2025-06-14 12:31:53.170 +0300,2025-06-14 12:31:53.170 +0300
3610,1.3.28,Nutrition Services,,,,NA01b5,Identified malnourished - Overweight / Obese,EjCnMPy3kFH,F4qB12dkKBC,"0-28Dys, Male, Overweight/obese",2025-06-14 12:31:53.170 +0300,2025-06-14 12:31:53.170 +0300
3611,1.3.28,Nutrition Services,,,,NA01b5,Identified malnourished - Overweight / Obese,EjCnMPy3kFH,B6MavaLzIYy,"0-5Mths, Female, Overweight/obese",2025-06-14 12:31:53.170 +0300,2025-06-14 12:31:53.170 +0300
3612,1.3.28,Nutrition Services,,,,NA01b5,Identified malnourished - Overweight / Obese,EjCnMPy3kFH,omR5DttTJy0,"0-5Mths, Male, Overweight/obese",2025-06-14 12:31:53.170 +0300,2025-06-14 12:31:53.170 +0300
3613,1.3.28,Nutrition Services,,,,NA01b5,Identified malnourished - Overweight / Obese,EjCnMPy3kFH,LibPoD8tB7x,"10-19Yrs, Female, Overweight/obese",2025-06-14 12:31:53.170 +0300,2025-06-14 12:31:53.170 +0300
3614,1.3.28,Nutrition Services,,,,NA01b5,Identified malnourished - Overweight / Obese,EjCnMPy3kFH,QtzWxxdkKyA,"10-19Yrs, Male, Overweight/obese",2025-06-14 12:31:53.170 +0300,2025-06-14 12:31:53.170 +0300
3615,1.3.28,Nutrition Services,,,,NA01b5,Identified malnourished - Overweight / Obese,EjCnMPy3kFH,vj8JqTt6Jk0,"20-24 years, Female, Overweight/obese",2025-06-14 12:31:53.170 +0300,2025-06-14 12:31:53.170 +0300
3616,1.3.28,Nutrition Services,,,,NA01b5,Identified malnourished - Overweight / Obese,EjCnMPy3kFH,xuwY8NQuTz2,"20-24 years, Male, Overweight/obese",2025-06-14 12:31:53.170 +0300,2025-06-14 12:31:53.170 +0300
3617,1.3.28,Nutrition Services,,,,NA01b5,Identified malnourished - Overweight / Obese,EjCnMPy3kFH,Naq5vcIvTYr,"20-24Yrs, Female, Overweight/obese",2025-06-14 12:31:53.170 +0300,2025-06-14 12:31:53.170 +0300
3618,1.3.28,Nutrition Services,,,,NA01b5,Identified malnourished - Overweight / Obese,EjCnMPy3kFH,RZ0SgsJcCSl,"20-24Yrs, Male, Overweight/obese",2025-06-14 12:31:53.170 +0300,2025-06-14 12:31:53.170 +0300
3619,1.3.28,Nutrition Services,,,,NA01b5,Identified malnourished - Overweight / Obese,EjCnMPy3kFH,j3TCGKoNMcZ,"24-59Mths, Female, Overweight/obese",2025-06-14 12:31:53.170 +0300,2025-06-14 12:31:53.170 +0300
3620,1.3.28,Nutrition Services,,,,NA01b5,Identified malnourished - Overweight / Obese,EjCnMPy3kFH,Ukv6ut3VzX3,"24-59Mths, Male, Overweight/obese",2025-06-14 12:31:53.170 +0300,2025-06-14 12:31:53.170 +0300
3621,1.3.28,Nutrition Services,,,,NA01b5,Identified malnourished - Overweight / Obese,EjCnMPy3kFH,gk4kFbMR2PX,"25+Yrs, Female, Overweight/obese",2025-06-14 12:31:53.170 +0300,2025-06-14 12:31:53.170 +0300
3622,1.3.28,Nutrition Services,,,,NA01b5,Identified malnourished - Overweight / Obese,EjCnMPy3kFH,CsSm6kRBkRE,"25+Yrs, Male, Overweight/obese",2025-06-14 12:31:53.170 +0300,2025-06-14 12:31:53.170 +0300
3623,1.3.28,Nutrition Services,,,,NA01b5,Identified malnourished - Overweight / Obese,EjCnMPy3kFH,VDlztmM7v9J,"29Dys-4Yrs, Female, Overweight/obese",2025-06-14 12:31:53.170 +0300,2025-06-14 12:31:53.170 +0300
3624,1.3.28,Nutrition Services,,,,NA01b5,Identified malnourished - Overweight / Obese,EjCnMPy3kFH,RfYqWnSeb1a,"29Dys-4Yrs, Male, Overweight/obese",2025-06-14 12:31:53.170 +0300,2025-06-14 12:31:53.170 +0300
3625,1.3.28,Nutrition Services,,,,NA01b5,Identified malnourished - Overweight / Obese,EjCnMPy3kFH,eGVy8bGIhk4,"5 - 9 yrs, Female, Overweight/obese",2025-06-14 12:31:53.170 +0300,2025-06-14 12:31:53.170 +0300
3626,1.3.28,Nutrition Services,,,,NA01b5,Identified malnourished - Overweight / Obese,EjCnMPy3kFH,u4S5OZUdro6,"5-9Yrs, Female, Overweight/obese",2025-06-14 12:31:53.170 +0300,2025-06-14 12:31:53.170 +0300
3627,1.3.28,Nutrition Services,,,,NA01b5,Identified malnourished - Overweight / Obese,EjCnMPy3kFH,qD0TdDRYfwl,"5 - 9 yrs, Male, Overweight/obese",2025-06-14 12:31:53.170 +0300,2025-06-14 12:31:53.170 +0300
3628,1.3.28,Nutrition Services,,,,NA01b5,Identified malnourished - Overweight / Obese,EjCnMPy3kFH,FgKGMsZQy76,"5-9Yrs, Male, Overweight/obese",2025-06-14 12:31:53.170 +0300,2025-06-14 12:31:53.170 +0300
3629,1.3.28,Nutrition Services,,,,NA01b5,Identified malnourished - Overweight / Obese,EjCnMPy3kFH,fDdTnYhwjCv,"6-11Mths, Female, Overweight/obese",2025-06-14 12:31:53.170 +0300,2025-06-14 12:31:53.170 +0300
3630,1.3.28,Nutrition Services,,,,NA01b5,Identified malnourished - Overweight / Obese,EjCnMPy3kFH,XRXsfLZpxkP,"6-11Mths, Male, Overweight/obese",2025-06-14 12:31:53.170 +0300,2025-06-14 12:31:53.170 +0300
3631,1.3.28,Nutrition Services,,,,NA01b5,Identified malnourished - Overweight / Obese,EjCnMPy3kFH,ZFfT0C4Kb6a,"6-23Mths, Female, Overweight/obese",2025-06-14 12:31:53.170 +0300,2025-06-14 12:31:53.170 +0300
3632,1.3.28,Nutrition Services,,,,NA01b5,Identified malnourished - Overweight / Obese,EjCnMPy3kFH,T23CY3ePYOq,"6-23Mths, Male, Overweight/obese",2025-06-14 12:31:53.170 +0300,2025-06-14 12:31:53.170 +0300
3633,1.3.28,Nutrition Services,,,,NA02,No. of SAM clients in OTC - Active from previous months,oAEDBaHndIM,y14usDi4kOQ,"Active Clients, 0-28Dys, Female",2025-06-14 12:31:53.170 +0300,2025-06-14 12:31:53.170 +0300
3634,1.3.28,Nutrition Services,,,,NA02,No. of SAM clients in OTC - Active from previous months,oAEDBaHndIM,mdtdnVXrEgB,"Active Clients, 0-28Dys, Male",2025-06-14 12:31:53.170 +0300,2025-06-14 12:31:53.170 +0300
3635,1.3.28,Nutrition Services,,,,NA02,No. of SAM clients in OTC - Active from previous months,oAEDBaHndIM,De5hrS515Zn,"Active Clients, 0-5Mths, Female",2025-06-14 12:31:53.170 +0300,2025-06-14 12:31:53.170 +0300
3636,1.3.28,Nutrition Services,,,,NA02,No. of SAM clients in OTC - Active from previous months,oAEDBaHndIM,IxedmiLHz9Z,"Active Clients, 0-5Mths, Male",2025-06-14 12:31:53.170 +0300,2025-06-14 12:31:53.170 +0300
3637,1.3.28,Nutrition Services,,,,NA02,No. of SAM clients in OTC - Active from previous months,oAEDBaHndIM,kqoB83Pywcn,"Active Clients, 10-19Yrs, Female",2025-06-14 12:31:53.170 +0300,2025-06-14 12:31:53.170 +0300
3638,1.3.28,Nutrition Services,,,,NA02,No. of SAM clients in OTC - Active from previous months,oAEDBaHndIM,oKckGvbfBoE,"Active Clients, 10-19Yrs, Male",2025-06-14 12:31:53.170 +0300,2025-06-14 12:31:53.170 +0300
3639,1.3.28,Nutrition Services,,,,NA02,No. of SAM clients in OTC - Active from previous months,oAEDBaHndIM,bt5fCDEC6xg,"Active Clients, 20-24 years, Female",2025-06-14 12:31:53.170 +0300,2025-06-14 12:31:53.170 +0300
3640,1.3.28,Nutrition Services,,,,NA02,No. of SAM clients in OTC - Active from previous months,oAEDBaHndIM,l5Gk9wbUabk,"Active Clients, 20-24 years, Male",2025-06-14 12:31:53.170 +0300,2025-06-14 12:31:53.170 +0300
3641,1.3.28,Nutrition Services,,,,NA02,No. of SAM clients in OTC - Active from previous months,oAEDBaHndIM,yuxqfvXCmoU,"Active Clients, 20-24Yrs, Female",2025-06-14 12:31:53.170 +0300,2025-06-14 12:31:53.170 +0300
3642,1.3.28,Nutrition Services,,,,NA02,No. of SAM clients in OTC - Active from previous months,oAEDBaHndIM,wXj8wVZQ7U0,"Active Clients, 20-24Yrs, Male",2025-06-14 12:31:53.170 +0300,2025-06-14 12:31:53.170 +0300
3643,1.3.28,Nutrition Services,,,,NA02,No. of SAM clients in OTC - Active from previous months,oAEDBaHndIM,tWyPsl8Q80x,"Active Clients, 24-59Mths, Female",2025-06-14 12:31:53.170 +0300,2025-06-14 12:31:53.170 +0300
3644,1.3.28,Nutrition Services,,,,NA02,No. of SAM clients in OTC - Active from previous months,oAEDBaHndIM,PAJnQXEcGM5,"Active Clients, 24-59Mths, Male",2025-06-14 12:31:53.170 +0300,2025-06-14 12:31:53.170 +0300
3645,1.3.28,Nutrition Services,,,,NA02,No. of SAM clients in OTC - Active from previous months,oAEDBaHndIM,CJNOHEHlmTO,"Active Clients, 25+Yrs, Female",2025-06-14 12:31:53.170 +0300,2025-06-14 12:31:53.170 +0300
3646,1.3.28,Nutrition Services,,,,NA02,No. of SAM clients in OTC - Active from previous months,oAEDBaHndIM,BqF8ApJDM1b,"Active Clients, 25+Yrs, Male",2025-06-14 12:31:53.170 +0300,2025-06-14 12:31:53.170 +0300
3647,1.3.28,Nutrition Services,,,,NA02,No. of SAM clients in OTC - Active from previous months,oAEDBaHndIM,FWcjtbSYmXR,"Active Clients, 29Dys-4Yrs, Female",2025-06-14 12:31:53.170 +0300,2025-06-14 12:31:53.170 +0300
3648,1.3.28,Nutrition Services,,,,NA02,No. of SAM clients in OTC - Active from previous months,oAEDBaHndIM,FHVRMvyrYek,"Active Clients, 29Dys-4Yrs, Male",2025-06-14 12:31:53.170 +0300,2025-06-14 12:31:53.170 +0300
3649,1.3.28,Nutrition Services,,,,NA02,No. of SAM clients in OTC - Active from previous months,oAEDBaHndIM,q1bn6nbNWWs,"Active Clients, 5 - 9 yrs, Female",2025-06-14 12:31:53.170 +0300,2025-06-14 12:31:53.170 +0300
3650,1.3.28,Nutrition Services,,,,NA02,No. of SAM clients in OTC - Active from previous months,oAEDBaHndIM,oawYQhxRtO6,"Active Clients, 5-9Yrs, Female",2025-06-14 12:31:53.170 +0300,2025-06-14 12:31:53.170 +0300
3651,1.3.28,Nutrition Services,,,,NA02,No. of SAM clients in OTC - Active from previous months,oAEDBaHndIM,X7lGMvzhhHO,"Active Clients, 5 - 9 yrs, Male",2025-06-14 12:31:53.170 +0300,2025-06-14 12:31:53.170 +0300
3652,1.3.28,Nutrition Services,,,,NA02,No. of SAM clients in OTC - Active from previous months,oAEDBaHndIM,fGGZX0fYjD1,"Active Clients, 5-9Yrs, Male",2025-06-14 12:31:53.170 +0300,2025-06-14 12:31:53.170 +0300
3653,1.3.28,Nutrition Services,,,,NA02,No. of SAM clients in OTC - Active from previous months,oAEDBaHndIM,SaQ409dqm3s,"Active Clients, 6-11Mths, Female",2025-06-14 12:31:53.170 +0300,2025-06-14 12:31:53.170 +0300
3654,1.3.28,Nutrition Services,,,,NA02,No. of SAM clients in OTC - Active from previous months,oAEDBaHndIM,QOx1ojM3cQZ,"Active Clients, 6-11Mths, Male",2025-06-14 12:31:53.170 +0300,2025-06-14 12:31:53.170 +0300
3655,1.3.28,Nutrition Services,,,,NA02,No. of SAM clients in OTC - Active from previous months,oAEDBaHndIM,p2GPXD5Cnfx,"Active Clients, 6-23Mths, Female",2025-06-14 12:31:53.170 +0300,2025-06-14 12:31:53.170 +0300
3656,1.3.28,Nutrition Services,,,,NA02,No. of SAM clients in OTC - Active from previous months,oAEDBaHndIM,CmRTyoslzWh,"Active Clients, 6-23Mths, Male",2025-06-14 12:31:53.170 +0300,2025-06-14 12:31:53.170 +0300
3657,1.3.28,Nutrition Services,,,,NA02,No. of SAM clients in OTC - Active from previous months,oAEDBaHndIM,PhY8noqcsgV,"New Admissions, 0-28Dys, Female",2025-06-14 12:31:53.170 +0300,2025-06-14 12:31:53.170 +0300
3658,1.3.28,Nutrition Services,,,,NA02,No. of SAM clients in OTC - Active from previous months,oAEDBaHndIM,bDhlj3tmyc7,"New Admissions, 0-28Dys, Male",2025-06-14 12:31:53.170 +0300,2025-06-14 12:31:53.170 +0300
3659,1.3.28,Nutrition Services,,,,NA02,No. of SAM clients in OTC - Active from previous months,oAEDBaHndIM,OWFLGCyCYh9,"New Admissions, 0-5Mths, Female",2025-06-14 12:31:53.170 +0300,2025-06-14 12:31:53.170 +0300
3660,1.3.28,Nutrition Services,,,,NA02,No. of SAM clients in OTC - Active from previous months,oAEDBaHndIM,Ci9eCUwUwQP,"New Admissions, 0-5Mths, Male",2025-06-14 12:31:53.170 +0300,2025-06-14 12:31:53.170 +0300
3661,1.3.28,Nutrition Services,,,,NA02,No. of SAM clients in OTC - Active from previous months,oAEDBaHndIM,QrqE7OWhVeB,"New Admissions, 10-19Yrs, Female",2025-06-14 12:31:53.170 +0300,2025-06-14 12:31:53.170 +0300
3662,1.3.28,Nutrition Services,,,,NA02,No. of SAM clients in OTC - Active from previous months,oAEDBaHndIM,pfTxuYyotnV,"New Admissions, 10-19Yrs, Male",2025-06-14 12:31:53.170 +0300,2025-06-14 12:31:53.170 +0300
3663,1.3.28,Nutrition Services,,,,NA02,No. of SAM clients in OTC - Active from previous months,oAEDBaHndIM,MXSoFC86Ahc,"New Admissions, 20-24 years, Female",2025-06-14 12:31:53.170 +0300,2025-06-14 12:31:53.170 +0300
3664,1.3.28,Nutrition Services,,,,NA02,No. of SAM clients in OTC - Active from previous months,oAEDBaHndIM,DmQ8Y9AnCxD,"New Admissions, 20-24 years, Male",2025-06-14 12:31:53.170 +0300,2025-06-14 12:31:53.170 +0300
3665,1.3.28,Nutrition Services,,,,NA02,No. of SAM clients in OTC - Active from previous months,oAEDBaHndIM,Qem4ikoJsq5,"New Admissions, 20-24Yrs, Female",2025-06-14 12:31:53.170 +0300,2025-06-14 12:31:53.170 +0300
3666,1.3.28,Nutrition Services,,,,NA02,No. of SAM clients in OTC - Active from previous months,oAEDBaHndIM,Ex14XEcNTYe,"New Admissions, 20-24Yrs, Male",2025-06-14 12:31:53.170 +0300,2025-06-14 12:31:53.170 +0300
3667,1.3.28,Nutrition Services,,,,NA02,No. of SAM clients in OTC - Active from previous months,oAEDBaHndIM,PoUru59Widt,"New Admissions, 24-59Mths, Female",2025-06-14 12:31:53.170 +0300,2025-06-14 12:31:53.170 +0300
3668,1.3.28,Nutrition Services,,,,NA02,No. of SAM clients in OTC - Active from previous months,oAEDBaHndIM,PHFpYNuhfMH,"New Admissions, 24-59Mths, Male",2025-06-14 12:31:53.170 +0300,2025-06-14 12:31:53.170 +0300
3669,1.3.28,Nutrition Services,,,,NA02,No. of SAM clients in OTC - Active from previous months,oAEDBaHndIM,LCjg0P31aHC,"New Admissions, 25+Yrs, Female",2025-06-14 12:31:53.170 +0300,2025-06-14 12:31:53.170 +0300
3670,1.3.28,Nutrition Services,,,,NA02,No. of SAM clients in OTC - Active from previous months,oAEDBaHndIM,QM4GJFRQLmV,"New Admissions, 25+Yrs, Male",2025-06-14 12:31:53.170 +0300,2025-06-14 12:31:53.170 +0300
3671,1.3.28,Nutrition Services,,,,NA02,No. of SAM clients in OTC - Active from previous months,oAEDBaHndIM,f2iM221U5rR,"New Admissions, 29Dys-4Yrs, Female",2025-06-14 12:31:53.170 +0300,2025-06-14 12:31:53.170 +0300
3672,1.3.28,Nutrition Services,,,,NA02,No. of SAM clients in OTC - Active from previous months,oAEDBaHndIM,EtK0PEB6h8o,"New Admissions, 29Dys-4Yrs, Male",2025-06-14 12:31:53.170 +0300,2025-06-14 12:31:53.170 +0300
3673,1.3.28,Nutrition Services,,,,NA02,No. of SAM clients in OTC - Active from previous months,oAEDBaHndIM,Z5sztcD02uR,"New Admissions, 5 - 9 yrs, Female",2025-06-14 12:31:53.170 +0300,2025-06-14 12:31:53.170 +0300
3674,1.3.28,Nutrition Services,,,,NA02,No. of SAM clients in OTC - Active from previous months,oAEDBaHndIM,hDCZ0jTrzuh,"New Admissions, 5-9Yrs, Female",2025-06-14 12:31:53.170 +0300,2025-06-14 12:31:53.170 +0300
3675,1.3.28,Nutrition Services,,,,NA02,No. of SAM clients in OTC - Active from previous months,oAEDBaHndIM,WQwFNS8stqH,"New Admissions, 5 - 9 yrs, Male",2025-06-14 12:31:53.170 +0300,2025-06-14 12:31:53.170 +0300
3676,1.3.28,Nutrition Services,,,,NA02,No. of SAM clients in OTC - Active from previous months,oAEDBaHndIM,gAF8bMtDHIO,"New Admissions, 5-9Yrs, Male",2025-06-14 12:31:53.170 +0300,2025-06-14 12:31:53.170 +0300
3677,1.3.28,Nutrition Services,,,,NA02,No. of SAM clients in OTC - Active from previous months,oAEDBaHndIM,CaUE5HuVefS,"New Admissions, 6-11Mths, Female",2025-06-14 12:31:53.170 +0300,2025-06-14 12:31:53.170 +0300
3678,1.3.28,Nutrition Services,,,,NA02,No. of SAM clients in OTC - Active from previous months,oAEDBaHndIM,UaxWbFflSjf,"New Admissions, 6-11Mths, Male",2025-06-14 12:31:53.170 +0300,2025-06-14 12:31:53.170 +0300
3679,1.3.28,Nutrition Services,,,,NA02,No. of SAM clients in OTC - Active from previous months,oAEDBaHndIM,FUI0aox8rli,"New Admissions, 6-23Mths, Female",2025-06-14 12:31:53.170 +0300,2025-06-14 12:31:53.170 +0300
3680,1.3.28,Nutrition Services,,,,NA02,No. of SAM clients in OTC - Active from previous months,oAEDBaHndIM,yRZWB4ePZQB,"New Admissions, 6-23Mths, Male",2025-06-14 12:31:53.170 +0300,2025-06-14 12:31:53.170 +0300
3681,1.3.28,Nutrition Services,,,,NA02,No. of SAM clients in OTC - Active from previous months,oAEDBaHndIM,CdL1uMCrxqh,"Re-admissions(Defaulters), 0-28Dys, Female",2025-06-14 12:31:53.170 +0300,2025-06-14 12:31:53.170 +0300
3682,1.3.28,Nutrition Services,,,,NA02,No. of SAM clients in OTC - Active from previous months,oAEDBaHndIM,jUNt5RnQ6P6,"Re-admissions(Defaulters), 0-28Dys, Male",2025-06-14 12:31:53.170 +0300,2025-06-14 12:31:53.170 +0300
3683,1.3.28,Nutrition Services,,,,NA02,No. of SAM clients in OTC - Active from previous months,oAEDBaHndIM,JpLTizFWhl5,"Re-admissions(Defaulters), 0-5Mths, Female",2025-06-14 12:31:53.170 +0300,2025-06-14 12:31:53.170 +0300
3684,1.3.28,Nutrition Services,,,,NA02,No. of SAM clients in OTC - Active from previous months,oAEDBaHndIM,qijpicKfOuI,"Re-admissions(Defaulters), 0-5Mths, Male",2025-06-14 12:31:53.170 +0300,2025-06-14 12:31:53.170 +0300
3685,1.3.28,Nutrition Services,,,,NA02,No. of SAM clients in OTC - Active from previous months,oAEDBaHndIM,Nreu6qZSYRm,"Re-admissions(Defaulters), 10-19Yrs, Female",2025-06-14 12:31:53.170 +0300,2025-06-14 12:31:53.170 +0300
3686,1.3.28,Nutrition Services,,,,NA02,No. of SAM clients in OTC - Active from previous months,oAEDBaHndIM,mB81kX8i1nT,"Re-admissions(Defaulters), 10-19Yrs, Male",2025-06-14 12:31:53.170 +0300,2025-06-14 12:31:53.170 +0300
3687,1.3.28,Nutrition Services,,,,NA02,No. of SAM clients in OTC - Active from previous months,oAEDBaHndIM,hRfuxjPXadc,"Re-admissions(Defaulters), 20-24 years, Female",2025-06-14 12:31:53.170 +0300,2025-06-14 12:31:53.170 +0300
3688,1.3.28,Nutrition Services,,,,NA02,No. of SAM clients in OTC - Active from previous months,oAEDBaHndIM,WeM511kONAT,"Re-admissions(Defaulters), 20-24 years, Male",2025-06-14 12:31:53.170 +0300,2025-06-14 12:31:53.170 +0300
3689,1.3.28,Nutrition Services,,,,NA02,No. of SAM clients in OTC - Active from previous months,oAEDBaHndIM,n1XiMuK9lkO,"Re-admissions(Defaulters), 20-24Yrs, Female",2025-06-14 12:31:53.170 +0300,2025-06-14 12:31:53.170 +0300
3690,1.3.28,Nutrition Services,,,,NA02,No. of SAM clients in OTC - Active from previous months,oAEDBaHndIM,vUqqqBLqtno,"Re-admissions(Defaulters), 20-24Yrs, Male",2025-06-14 12:31:53.170 +0300,2025-06-14 12:31:53.170 +0300
3691,1.3.28,Nutrition Services,,,,NA02,No. of SAM clients in OTC - Active from previous months,oAEDBaHndIM,OeKkFirtg64,"Re-admissions(Defaulters), 24-59Mths, Female",2025-06-14 12:31:53.170 +0300,2025-06-14 12:31:53.170 +0300
3692,1.3.28,Nutrition Services,,,,NA02,No. of SAM clients in OTC - Active from previous months,oAEDBaHndIM,Ayn4HI0Ujih,"Re-admissions(Defaulters), 24-59Mths, Male",2025-06-14 12:31:53.170 +0300,2025-06-14 12:31:53.170 +0300
3693,1.3.28,Nutrition Services,,,,NA02,No. of SAM clients in OTC - Active from previous months,oAEDBaHndIM,YQGY58YcNXd,"Re-admissions(Defaulters), 25+Yrs, Female",2025-06-14 12:31:53.170 +0300,2025-06-14 12:31:53.170 +0300
3694,1.3.28,Nutrition Services,,,,NA02,No. of SAM clients in OTC - Active from previous months,oAEDBaHndIM,BqoNkhsUtD0,"Re-admissions(Defaulters), 25+Yrs, Male",2025-06-14 12:31:53.170 +0300,2025-06-14 12:31:53.170 +0300
3695,1.3.28,Nutrition Services,,,,NA02,No. of SAM clients in OTC - Active from previous months,oAEDBaHndIM,C4VVQsYtSZl,"Re-admissions(Defaulters), 29Dys-4Yrs, Female",2025-06-14 12:31:53.170 +0300,2025-06-14 12:31:53.170 +0300
3696,1.3.28,Nutrition Services,,,,NA02,No. of SAM clients in OTC - Active from previous months,oAEDBaHndIM,LjcrQdljrDn,"Re-admissions(Defaulters), 29Dys-4Yrs, Male",2025-06-14 12:31:53.170 +0300,2025-06-14 12:31:53.170 +0300
3697,1.3.28,Nutrition Services,,,,NA02,No. of SAM clients in OTC - Active from previous months,oAEDBaHndIM,k9X5VFixGwT,"Re-admissions(Defaulters), 5 - 9 yrs, Female",2025-06-14 12:31:53.170 +0300,2025-06-14 12:31:53.170 +0300
3698,1.3.28,Nutrition Services,,,,NA02,No. of SAM clients in OTC - Active from previous months,oAEDBaHndIM,GTJgS6xSnEJ,"Re-admissions(Defaulters), 5-9Yrs, Female",2025-06-14 12:31:53.170 +0300,2025-06-14 12:31:53.170 +0300
3699,1.3.28,Nutrition Services,,,,NA02,No. of SAM clients in OTC - Active from previous months,oAEDBaHndIM,iC9oTtswCjr,"Re-admissions(Defaulters), 5 - 9 yrs, Male",2025-06-14 12:31:53.170 +0300,2025-06-14 12:31:53.170 +0300
3700,1.3.28,Nutrition Services,,,,NA02,No. of SAM clients in OTC - Active from previous months,oAEDBaHndIM,mNbFXGMWacG,"Re-admissions(Defaulters), 5-9Yrs, Male",2025-06-14 12:31:53.170 +0300,2025-06-14 12:31:53.170 +0300
3701,1.3.28,Nutrition Services,,,,NA02,No. of SAM clients in OTC - Active from previous months,oAEDBaHndIM,yCjzpYkiFYT,"Re-admissions(Defaulters), 6-11Mths, Female",2025-06-14 12:31:53.170 +0300,2025-06-14 12:31:53.170 +0300
3702,1.3.28,Nutrition Services,,,,NA02,No. of SAM clients in OTC - Active from previous months,oAEDBaHndIM,Xzs8VrVsMdU,"Re-admissions(Defaulters), 6-11Mths, Male",2025-06-14 12:31:53.170 +0300,2025-06-14 12:31:53.170 +0300
3703,1.3.28,Nutrition Services,,,,NA02,No. of SAM clients in OTC - Active from previous months,oAEDBaHndIM,agkv6HbPChy,"Re-admissions(Defaulters), 6-23Mths, Female",2025-06-14 12:31:53.170 +0300,2025-06-14 12:31:53.170 +0300
3704,1.3.28,Nutrition Services,,,,NA02,No. of SAM clients in OTC - Active from previous months,oAEDBaHndIM,gOoWu5QD5Sh,"Re-admissions(Defaulters), 6-23Mths, Male",2025-06-14 12:31:53.170 +0300,2025-06-14 12:31:53.170 +0300
3705,1.3.28,Nutrition Services,,,,NA02,No. of SAM clients in OTC - Active from previous months,oAEDBaHndIM,DEwGEOgnZOY,"Re-admissions(Relapse), 0-28Dys, Female",2025-06-14 12:31:53.170 +0300,2025-06-14 12:31:53.170 +0300
3706,1.3.28,Nutrition Services,,,,NA02,No. of SAM clients in OTC - Active from previous months,oAEDBaHndIM,BSdSincrLwV,"Re-admissions(Relapse), 0-28Dys, Male",2025-06-14 12:31:53.170 +0300,2025-06-14 12:31:53.170 +0300
3707,1.3.28,Nutrition Services,,,,NA02,No. of SAM clients in OTC - Active from previous months,oAEDBaHndIM,r5ly5kAR64j,"Re-admissions(Relapse), 0-5Mths, Female",2025-06-14 12:31:53.170 +0300,2025-06-14 12:31:53.170 +0300
3708,1.3.28,Nutrition Services,,,,NA02,No. of SAM clients in OTC - Active from previous months,oAEDBaHndIM,BgseGQCGxCU,"Re-admissions(Relapse), 0-5Mths, Male",2025-06-14 12:31:53.170 +0300,2025-06-14 12:31:53.170 +0300
3709,1.3.28,Nutrition Services,,,,NA02,No. of SAM clients in OTC - Active from previous months,oAEDBaHndIM,Yds4K321ZsD,"Re-admissions(Relapse), 10-19Yrs, Female",2025-06-14 12:31:53.170 +0300,2025-06-14 12:31:53.170 +0300
3710,1.3.28,Nutrition Services,,,,NA02,No. of SAM clients in OTC - Active from previous months,oAEDBaHndIM,ALtnybrdfBS,"Re-admissions(Relapse), 10-19Yrs, Male",2025-06-14 12:31:53.170 +0300,2025-06-14 12:31:53.170 +0300
3711,1.3.28,Nutrition Services,,,,NA02,No. of SAM clients in OTC - Active from previous months,oAEDBaHndIM,oPlJS6QJzd4,"Re-admissions(Relapse), 20-24 years, Female",2025-06-14 12:31:53.170 +0300,2025-06-14 12:31:53.170 +0300
3712,1.3.28,Nutrition Services,,,,NA02,No. of SAM clients in OTC - Active from previous months,oAEDBaHndIM,H05GbJDKjmS,"Re-admissions(Relapse), 20-24 years, Male",2025-06-14 12:31:53.170 +0300,2025-06-14 12:31:53.170 +0300
3713,1.3.28,Nutrition Services,,,,NA02,No. of SAM clients in OTC - Active from previous months,oAEDBaHndIM,IVyX9FEOY9Q,"Re-admissions(Relapse), 20-24Yrs, Female",2025-06-14 12:31:53.170 +0300,2025-06-14 12:31:53.170 +0300
3714,1.3.28,Nutrition Services,,,,NA02,No. of SAM clients in OTC - Active from previous months,oAEDBaHndIM,bAl641zVoGl,"Re-admissions(Relapse), 20-24Yrs, Male",2025-06-14 12:31:53.170 +0300,2025-06-14 12:31:53.170 +0300
3715,1.3.28,Nutrition Services,,,,NA02,No. of SAM clients in OTC - Active from previous months,oAEDBaHndIM,Ad0b5RlyTyD,"Re-admissions(Relapse), 24-59Mths, Female",2025-06-14 12:31:53.170 +0300,2025-06-14 12:31:53.170 +0300
3716,1.3.28,Nutrition Services,,,,NA02,No. of SAM clients in OTC - Active from previous months,oAEDBaHndIM,HC2p8FsYUxv,"Re-admissions(Relapse), 24-59Mths, Male",2025-06-14 12:31:53.170 +0300,2025-06-14 12:31:53.170 +0300
3717,1.3.28,Nutrition Services,,,,NA02,No. of SAM clients in OTC - Active from previous months,oAEDBaHndIM,gZj5EmCN3bW,"Re-admissions(Relapse), 25+Yrs, Female",2025-06-14 12:31:53.170 +0300,2025-06-14 12:31:53.170 +0300
3718,1.3.28,Nutrition Services,,,,NA02,No. of SAM clients in OTC - Active from previous months,oAEDBaHndIM,aUYhzD1F7AL,"Re-admissions(Relapse), 25+Yrs, Male",2025-06-14 12:31:53.170 +0300,2025-06-14 12:31:53.170 +0300
3719,1.3.28,Nutrition Services,,,,NA02,No. of SAM clients in OTC - Active from previous months,oAEDBaHndIM,Wi88JI3H6Zz,"Re-admissions(Relapse), 29Dys-4Yrs, Female",2025-06-14 12:31:53.170 +0300,2025-06-14 12:31:53.170 +0300
3720,1.3.28,Nutrition Services,,,,NA02,No. of SAM clients in OTC - Active from previous months,oAEDBaHndIM,brS9u8wcf1j,"Re-admissions(Relapse), 29Dys-4Yrs, Male",2025-06-14 12:31:53.170 +0300,2025-06-14 12:31:53.170 +0300
3721,1.3.28,Nutrition Services,,,,NA02,No. of SAM clients in OTC - Active from previous months,oAEDBaHndIM,EkGOmoO5HJW,"Re-admissions(Relapse), 5 - 9 yrs, Female",2025-06-14 12:31:53.170 +0300,2025-06-14 12:31:53.170 +0300
3722,1.3.28,Nutrition Services,,,,NA02,No. of SAM clients in OTC - Active from previous months,oAEDBaHndIM,t04LFTWtr4j,"Re-admissions(Relapse), 5-9Yrs, Female",2025-06-14 12:31:53.170 +0300,2025-06-14 12:31:53.170 +0300
3723,1.3.28,Nutrition Services,,,,NA02,No. of SAM clients in OTC - Active from previous months,oAEDBaHndIM,RdWtoSsZ2Et,"Re-admissions(Relapse), 5 - 9 yrs, Male",2025-06-14 12:31:53.170 +0300,2025-06-14 12:31:53.170 +0300
3724,1.3.28,Nutrition Services,,,,NA02,No. of SAM clients in OTC - Active from previous months,oAEDBaHndIM,yC8mYF8cfhA,"Re-admissions(Relapse), 5-9Yrs, Male",2025-06-14 12:31:53.170 +0300,2025-06-14 12:31:53.170 +0300
3725,1.3.28,Nutrition Services,,,,NA02,No. of SAM clients in OTC - Active from previous months,oAEDBaHndIM,QezmjYQFAI0,"Re-admissions(Relapse), 6-11Mths, Female",2025-06-14 12:31:53.170 +0300,2025-06-14 12:31:53.170 +0300
3726,1.3.28,Nutrition Services,,,,NA02,No. of SAM clients in OTC - Active from previous months,oAEDBaHndIM,IlPeCLpmpfM,"Re-admissions(Relapse), 6-11Mths, Male",2025-06-14 12:31:53.170 +0300,2025-06-14 12:31:53.170 +0300
3727,1.3.28,Nutrition Services,,,,NA02,No. of SAM clients in OTC - Active from previous months,oAEDBaHndIM,VsIEv29Z2WQ,"Re-admissions(Relapse), 6-23Mths, Female",2025-06-14 12:31:53.170 +0300,2025-06-14 12:31:53.170 +0300
3728,1.3.28,Nutrition Services,,,,NA02,No. of SAM clients in OTC - Active from previous months,oAEDBaHndIM,w2x7wisZ9gU,"Re-admissions(Relapse), 6-23Mths, Male",2025-06-14 12:31:53.170 +0300,2025-06-14 12:31:53.170 +0300
3729,1.3.28,Nutrition Services,,,,NA02,No. of SAM clients in OTC - Active from previous months,oAEDBaHndIM,pJIG4TLplAm,"Transfer in, 0-28Dys, Female",2025-06-14 12:31:53.170 +0300,2025-06-14 12:31:53.170 +0300
3730,1.3.28,Nutrition Services,,,,NA02,No. of SAM clients in OTC - Active from previous months,oAEDBaHndIM,XMe3vdOoTEk,"Transfer in, 0-28Dys, Male",2025-06-14 12:31:53.170 +0300,2025-06-14 12:31:53.170 +0300
3731,1.3.28,Nutrition Services,,,,NA02,No. of SAM clients in OTC - Active from previous months,oAEDBaHndIM,wTHAaf23XNU,"Transfer in, 0-5Mths, Female",2025-06-14 12:31:53.170 +0300,2025-06-14 12:31:53.170 +0300
3732,1.3.28,Nutrition Services,,,,NA02,No. of SAM clients in OTC - Active from previous months,oAEDBaHndIM,TGJ6Pdu0Ing,"Transfer in, 0-5Mths, Male",2025-06-14 12:31:53.170 +0300,2025-06-14 12:31:53.170 +0300
3733,1.3.28,Nutrition Services,,,,NA02,No. of SAM clients in OTC - Active from previous months,oAEDBaHndIM,z37NEYRcci4,"Transfer in, 10-19Yrs, Female",2025-06-14 12:31:53.170 +0300,2025-06-14 12:31:53.170 +0300
3734,1.3.28,Nutrition Services,,,,NA02,No. of SAM clients in OTC - Active from previous months,oAEDBaHndIM,rjGeqiQxgWg,"Transfer in, 10-19Yrs, Male",2025-06-14 12:31:53.170 +0300,2025-06-14 12:31:53.170 +0300
3735,1.3.28,Nutrition Services,,,,NA02,No. of SAM clients in OTC - Active from previous months,oAEDBaHndIM,OasbOagtHFu,"Transfer in, 20-24 years, Female",2025-06-14 12:31:53.170 +0300,2025-06-14 12:31:53.170 +0300
3736,1.3.28,Nutrition Services,,,,NA02,No. of SAM clients in OTC - Active from previous months,oAEDBaHndIM,MRSXKs0LoBz,"Transfer in, 20-24 years, Male",2025-06-14 12:31:53.170 +0300,2025-06-14 12:31:53.170 +0300
3737,1.3.28,Nutrition Services,,,,NA02,No. of SAM clients in OTC - Active from previous months,oAEDBaHndIM,fSJUxJA6Xbl,"Transfer in, 20-24Yrs, Female",2025-06-14 12:31:53.170 +0300,2025-06-14 12:31:53.170 +0300
3738,1.3.28,Nutrition Services,,,,NA02,No. of SAM clients in OTC - Active from previous months,oAEDBaHndIM,GpNEYDeVas6,"Transfer in, 20-24Yrs, Male",2025-06-14 12:31:53.170 +0300,2025-06-14 12:31:53.170 +0300
3739,1.3.28,Nutrition Services,,,,NA02,No. of SAM clients in OTC - Active from previous months,oAEDBaHndIM,fgInS7gwlWa,"Transfer in, 24-59Mths, Female",2025-06-14 12:31:53.170 +0300,2025-06-14 12:31:53.170 +0300
3740,1.3.28,Nutrition Services,,,,NA02,No. of SAM clients in OTC - Active from previous months,oAEDBaHndIM,mufD9pb9Uez,"Transfer in, 24-59Mths, Male",2025-06-14 12:31:53.170 +0300,2025-06-14 12:31:53.170 +0300
3741,1.3.28,Nutrition Services,,,,NA02,No. of SAM clients in OTC - Active from previous months,oAEDBaHndIM,kCD248o8ZcE,"Transfer in, 25+Yrs, Female",2025-06-14 12:31:53.170 +0300,2025-06-14 12:31:53.170 +0300
3742,1.3.28,Nutrition Services,,,,NA02,No. of SAM clients in OTC - Active from previous months,oAEDBaHndIM,onsWC7ah5F4,"Transfer in, 25+Yrs, Male",2025-06-14 12:31:53.170 +0300,2025-06-14 12:31:53.170 +0300
3743,1.3.28,Nutrition Services,,,,NA02,No. of SAM clients in OTC - Active from previous months,oAEDBaHndIM,s9mkpMBx1If,"Transfer in, 29Dys-4Yrs, Female",2025-06-14 12:31:53.170 +0300,2025-06-14 12:31:53.170 +0300
3744,1.3.28,Nutrition Services,,,,NA02,No. of SAM clients in OTC - Active from previous months,oAEDBaHndIM,tRF9ALoWAEE,"Transfer in, 29Dys-4Yrs, Male",2025-06-14 12:31:53.170 +0300,2025-06-14 12:31:53.170 +0300
3745,1.3.28,Nutrition Services,,,,NA02,No. of SAM clients in OTC - Active from previous months,oAEDBaHndIM,G5ci7PXGFdx,"Transfer in, 5 - 9 yrs, Female",2025-06-14 12:31:53.170 +0300,2025-06-14 12:31:53.170 +0300
3746,1.3.28,Nutrition Services,,,,NA02,No. of SAM clients in OTC - Active from previous months,oAEDBaHndIM,QaYG6wCdnc9,"Transfer in, 5-9Yrs, Female",2025-06-14 12:31:53.170 +0300,2025-06-14 12:31:53.170 +0300
3747,1.3.28,Nutrition Services,,,,NA02,No. of SAM clients in OTC - Active from previous months,oAEDBaHndIM,Vhleslo54uW,"Transfer in, 5 - 9 yrs, Male",2025-06-14 12:31:53.170 +0300,2025-06-14 12:31:53.170 +0300
3748,1.3.28,Nutrition Services,,,,NA02,No. of SAM clients in OTC - Active from previous months,oAEDBaHndIM,kyEbRFMV4w7,"Transfer in, 5-9Yrs, Male",2025-06-14 12:31:53.170 +0300,2025-06-14 12:31:53.170 +0300
3749,1.3.28,Nutrition Services,,,,NA02,No. of SAM clients in OTC - Active from previous months,oAEDBaHndIM,C6Rmd6K9lZ9,"Transfer in, 6-11Mths, Female",2025-06-14 12:31:53.170 +0300,2025-06-14 12:31:53.170 +0300
3750,1.3.28,Nutrition Services,,,,NA02,No. of SAM clients in OTC - Active from previous months,oAEDBaHndIM,tOx7SA9GaEN,"Transfer in, 6-11Mths, Male",2025-06-14 12:31:53.170 +0300,2025-06-14 12:31:53.170 +0300
3751,1.3.28,Nutrition Services,,,,NA02,No. of SAM clients in OTC - Active from previous months,oAEDBaHndIM,zpaxraQng1p,"Transfer in, 6-23Mths, Female",2025-06-14 12:31:53.170 +0300,2025-06-14 12:31:53.170 +0300
3752,1.3.28,Nutrition Services,,,,NA02,No. of SAM clients in OTC - Active from previous months,oAEDBaHndIM,jp66dqnPk7y,"Transfer in, 6-23Mths, Male",2025-06-14 12:31:53.170 +0300,2025-06-14 12:31:53.170 +0300
3753,1.3.28,Nutrition Services,,,, NA03,No. of clients with SAM admitted into OTC ,QFdXTBo8jQy,O4PnMHql0no,"Cured, 24-59Mths, Male",2025-06-14 12:31:53.170 +0300,2025-06-14 12:31:53.170 +0300
3754,1.3.28,Nutrition Services,,,, NA03,No. of clients with SAM admitted into OTC ,QFdXTBo8jQy,tpOWoVaOesS,"Cured, 0-28Dys, Female",2025-06-14 12:31:53.170 +0300,2025-06-14 12:31:53.170 +0300
3755,1.3.28,Nutrition Services,,,, NA03,No. of clients with SAM admitted into OTC ,QFdXTBo8jQy,vsKu8ypGsyj,"Cured, 0-28Dys, Male",2025-06-14 12:31:53.170 +0300,2025-06-14 12:31:53.170 +0300
3756,1.3.28,Nutrition Services,,,, NA03,No. of clients with SAM admitted into OTC ,QFdXTBo8jQy,mb8nEYtKRnr,"Cured, 0-5Mths, Female",2025-06-14 12:31:53.170 +0300,2025-06-14 12:31:53.170 +0300
3757,1.3.28,Nutrition Services,,,, NA03,No. of clients with SAM admitted into OTC ,QFdXTBo8jQy,jzDuAwu9Hzv,"Cured, 0-5Mths, Male",2025-06-14 12:31:53.170 +0300,2025-06-14 12:31:53.170 +0300
3758,1.3.28,Nutrition Services,,,, NA03,No. of clients with SAM admitted into OTC ,QFdXTBo8jQy,jMGqJJGUWXD,"Cured, 10-19Yrs, Female",2025-06-14 12:31:53.170 +0300,2025-06-14 12:31:53.170 +0300
3759,1.3.28,Nutrition Services,,,, NA03,No. of clients with SAM admitted into OTC ,QFdXTBo8jQy,IBl1GhSPmsy,"Cured, 10-19Yrs, Male",2025-06-14 12:31:53.170 +0300,2025-06-14 12:31:53.170 +0300
3760,1.3.28,Nutrition Services,,,, NA03,No. of clients with SAM admitted into OTC ,QFdXTBo8jQy,PqAMMg9RhbG,"Cured, 20-24 years, Female",2025-06-14 12:31:53.170 +0300,2025-06-14 12:31:53.170 +0300
3761,1.3.28,Nutrition Services,,,, NA03,No. of clients with SAM admitted into OTC ,QFdXTBo8jQy,XP18dJJs8s0,"Cured, 20-24 years, Male",2025-06-14 12:31:53.170 +0300,2025-06-14 12:31:53.170 +0300
3762,1.3.28,Nutrition Services,,,, NA03,No. of clients with SAM admitted into OTC ,QFdXTBo8jQy,NMzrtlgzqlk,"Cured, 20-24Yrs, Female",2025-06-14 12:31:53.170 +0300,2025-06-14 12:31:53.170 +0300
3763,1.3.28,Nutrition Services,,,, NA03,No. of clients with SAM admitted into OTC ,QFdXTBo8jQy,RIrC7OpICUE,"Cured, 20-24Yrs, Male",2025-06-14 12:31:53.170 +0300,2025-06-14 12:31:53.170 +0300
3764,1.3.28,Nutrition Services,,,, NA03,No. of clients with SAM admitted into OTC ,QFdXTBo8jQy,MZUydbfacnk,"Cured, 24-59Mths, Female",2025-06-14 12:31:53.170 +0300,2025-06-14 12:31:53.170 +0300
3765,1.3.28,Nutrition Services,,,, NA03,No. of clients with SAM admitted into OTC ,QFdXTBo8jQy,PGJkZc8T5pn,"Cured, 25+Yrs, Female",2025-06-14 12:31:53.170 +0300,2025-06-14 12:31:53.170 +0300
3766,1.3.28,Nutrition Services,,,, NA03,No. of clients with SAM admitted into OTC ,QFdXTBo8jQy,yZqC2tLTV1X,"Cured, 25+Yrs, Male",2025-06-14 12:31:53.170 +0300,2025-06-14 12:31:53.170 +0300
3767,1.3.28,Nutrition Services,,,, NA03,No. of clients with SAM admitted into OTC ,QFdXTBo8jQy,YzeOjJiUsWT,"Cured, 29Dys-4Yrs, Female",2025-06-14 12:31:53.170 +0300,2025-06-14 12:31:53.170 +0300
3768,1.3.28,Nutrition Services,,,, NA03,No. of clients with SAM admitted into OTC ,QFdXTBo8jQy,hXkYvSqh8FU,"Cured, 29Dys-4Yrs, Male",2025-06-14 12:31:53.170 +0300,2025-06-14 12:31:53.170 +0300
3769,1.3.28,Nutrition Services,,,, NA03,No. of clients with SAM admitted into OTC ,QFdXTBo8jQy,L1R9gTyweV0,"Cured, 5 - 9 yrs, Female",2025-06-14 12:31:53.170 +0300,2025-06-14 12:31:53.170 +0300
3770,1.3.28,Nutrition Services,,,, NA03,No. of clients with SAM admitted into OTC ,QFdXTBo8jQy,pNRitYdw90h,"Cured, 5-9Yrs, Female",2025-06-14 12:31:53.170 +0300,2025-06-14 12:31:53.170 +0300
3771,1.3.28,Nutrition Services,,,, NA03,No. of clients with SAM admitted into OTC ,QFdXTBo8jQy,jJC9sso9bq8,"Cured, 5 - 9 yrs, Male",2025-06-14 12:31:53.170 +0300,2025-06-14 12:31:53.170 +0300
3772,1.3.28,Nutrition Services,,,, NA03,No. of clients with SAM admitted into OTC ,QFdXTBo8jQy,g0d6BHT9tFS,"Cured, 5-9Yrs, Male",2025-06-14 12:31:53.170 +0300,2025-06-14 12:31:53.170 +0300
3773,1.3.28,Nutrition Services,,,, NA03,No. of clients with SAM admitted into OTC ,QFdXTBo8jQy,QvtecB4ap50,"Cured, 6-11Mths, Female",2025-06-14 12:31:53.170 +0300,2025-06-14 12:31:53.170 +0300
3774,1.3.28,Nutrition Services,,,, NA03,No. of clients with SAM admitted into OTC ,QFdXTBo8jQy,dAEoawqCCOF,"Cured, 6-11Mths, Male",2025-06-14 12:31:53.170 +0300,2025-06-14 12:31:53.170 +0300
3775,1.3.28,Nutrition Services,,,, NA03,No. of clients with SAM admitted into OTC ,QFdXTBo8jQy,iMFilf4jkyz,"Cured, 6-23Mths, Female",2025-06-14 12:31:53.170 +0300,2025-06-14 12:31:53.170 +0300
3776,1.3.28,Nutrition Services,,,, NA03,No. of clients with SAM admitted into OTC ,QFdXTBo8jQy,b3FnsN8LGNC,"Cured, 6-23Mths, Male",2025-06-14 12:31:53.170 +0300,2025-06-14 12:31:53.170 +0300
3777,1.3.28,Nutrition Services,,,, NA03,No. of clients with SAM admitted into OTC ,QFdXTBo8jQy,yd8nXUdMf9f,"Defaulted from care, 0-28Dys, Female",2025-06-14 12:31:53.170 +0300,2025-06-14 12:31:53.170 +0300
3778,1.3.28,Nutrition Services,,,, NA03,No. of clients with SAM admitted into OTC ,QFdXTBo8jQy,gPrlThoTBXT,"Defaulted from care, 0-28Dys, Male",2025-06-14 12:31:53.170 +0300,2025-06-14 12:31:53.170 +0300
3779,1.3.28,Nutrition Services,,,, NA03,No. of clients with SAM admitted into OTC ,QFdXTBo8jQy,bvJOZFazPlH,"Defaulted from care, 0-5Mths, Female",2025-06-14 12:31:53.170 +0300,2025-06-14 12:31:53.170 +0300
3780,1.3.28,Nutrition Services,,,, NA03,No. of clients with SAM admitted into OTC ,QFdXTBo8jQy,HniK4N7CIC3,"Defaulted from care, 0-5Mths, Male",2025-06-14 12:31:53.170 +0300,2025-06-14 12:31:53.170 +0300
3781,1.3.28,Nutrition Services,,,, NA03,No. of clients with SAM admitted into OTC ,QFdXTBo8jQy,VRQ1VLN1Uak,"Defaulted from care, 10-19Yrs, Female",2025-06-14 12:31:53.170 +0300,2025-06-14 12:31:53.170 +0300
3782,1.3.28,Nutrition Services,,,, NA03,No. of clients with SAM admitted into OTC ,QFdXTBo8jQy,ZP7aUpBzfbj,"Defaulted from care, 10-19Yrs, Male",2025-06-14 12:31:53.170 +0300,2025-06-14 12:31:53.170 +0300
3783,1.3.28,Nutrition Services,,,, NA03,No. of clients with SAM admitted into OTC ,QFdXTBo8jQy,wiYjZ1ib9k5,"Defaulted from care, 20-24 years, Female",2025-06-14 12:31:53.170 +0300,2025-06-14 12:31:53.170 +0300
3784,1.3.28,Nutrition Services,,,, NA03,No. of clients with SAM admitted into OTC ,QFdXTBo8jQy,V3G6VUcBjlS,"Defaulted from care, 20-24 years, Male",2025-06-14 12:31:53.170 +0300,2025-06-14 12:31:53.170 +0300
3785,1.3.28,Nutrition Services,,,, NA03,No. of clients with SAM admitted into OTC ,QFdXTBo8jQy,gAvMgYZY0wr,"Defaulted from care, 20-24Yrs, Female",2025-06-14 12:31:53.170 +0300,2025-06-14 12:31:53.170 +0300
3786,1.3.28,Nutrition Services,,,, NA03,No. of clients with SAM admitted into OTC ,QFdXTBo8jQy,h3Wk9fIYZg4,"Defaulted from care, 20-24Yrs, Male",2025-06-14 12:31:53.170 +0300,2025-06-14 12:31:53.170 +0300
3787,1.3.28,Nutrition Services,,,, NA03,No. of clients with SAM admitted into OTC ,QFdXTBo8jQy,RalFi0bUKL5,"Defaulted from care, 24-59Mths, Female",2025-06-14 12:31:53.170 +0300,2025-06-14 12:31:53.170 +0300
3788,1.3.28,Nutrition Services,,,, NA03,No. of clients with SAM admitted into OTC ,QFdXTBo8jQy,S92VmrZzv4u,"Defaulted from care, 24-59Mths, Male",2025-06-14 12:31:53.170 +0300,2025-06-14 12:31:53.170 +0300
3789,1.3.28,Nutrition Services,,,, NA03,No. of clients with SAM admitted into OTC ,QFdXTBo8jQy,MDXF3XrKYj4,"Defaulted from care, 25+Yrs, Female",2025-06-14 12:31:53.170 +0300,2025-06-14 12:31:53.170 +0300
3790,1.3.28,Nutrition Services,,,, NA03,No. of clients with SAM admitted into OTC ,QFdXTBo8jQy,Fye18CRITtO,"Defaulted from care, 25+Yrs, Male",2025-06-14 12:31:53.170 +0300,2025-06-14 12:31:53.170 +0300
3791,1.3.28,Nutrition Services,,,, NA03,No. of clients with SAM admitted into OTC ,QFdXTBo8jQy,IUkbDdL2qgK,"Defaulted from care, 29Dys-4Yrs, Female",2025-06-14 12:31:53.170 +0300,2025-06-14 12:31:53.170 +0300
3792,1.3.28,Nutrition Services,,,, NA03,No. of clients with SAM admitted into OTC ,QFdXTBo8jQy,tPbVh4ne9Pa,"Defaulted from care, 29Dys-4Yrs, Male",2025-06-14 12:31:53.170 +0300,2025-06-14 12:31:53.170 +0300
3793,1.3.28,Nutrition Services,,,, NA03,No. of clients with SAM admitted into OTC ,QFdXTBo8jQy,LQHqiZM0KQY,"Defaulted from care, 5 - 9 yrs, Female",2025-06-14 12:31:53.170 +0300,2025-06-14 12:31:53.170 +0300
3794,1.3.28,Nutrition Services,,,, NA03,No. of clients with SAM admitted into OTC ,QFdXTBo8jQy,Bj5W9EwEr1n,"Defaulted from care, 5-9Yrs, Female",2025-06-14 12:31:53.170 +0300,2025-06-14 12:31:53.170 +0300
3795,1.3.28,Nutrition Services,,,, NA03,No. of clients with SAM admitted into OTC ,QFdXTBo8jQy,rxUlz1qxofM,"Defaulted from care, 5 - 9 yrs, Male",2025-06-14 12:31:53.170 +0300,2025-06-14 12:31:53.170 +0300
3796,1.3.28,Nutrition Services,,,, NA03,No. of clients with SAM admitted into OTC ,QFdXTBo8jQy,aMghTQHvWc2,"Defaulted from care, 5-9Yrs, Male",2025-06-14 12:31:53.170 +0300,2025-06-14 12:31:53.170 +0300
3797,1.3.28,Nutrition Services,,,, NA03,No. of clients with SAM admitted into OTC ,QFdXTBo8jQy,g0nypmQmqmu,"Defaulted from care, 6-11Mths, Female",2025-06-14 12:31:53.170 +0300,2025-06-14 12:31:53.170 +0300
3798,1.3.28,Nutrition Services,,,, NA03,No. of clients with SAM admitted into OTC ,QFdXTBo8jQy,WGQbD0L7s3G,"Defaulted from care, 6-11Mths, Male",2025-06-14 12:31:53.170 +0300,2025-06-14 12:31:53.170 +0300
3799,1.3.28,Nutrition Services,,,, NA03,No. of clients with SAM admitted into OTC ,QFdXTBo8jQy,NWZdnFNgt9s,"Defaulted from care, 6-23Mths, Female",2025-06-14 12:31:53.170 +0300,2025-06-14 12:31:53.170 +0300
3800,1.3.28,Nutrition Services,,,, NA03,No. of clients with SAM admitted into OTC ,QFdXTBo8jQy,m5UmdGJ7ULk,"Defaulted from care, 6-23Mths, Male",2025-06-14 12:31:53.170 +0300,2025-06-14 12:31:53.170 +0300
3801,1.3.28,Nutrition Services,,,, NA03,No. of clients with SAM admitted into OTC ,QFdXTBo8jQy,Zsb62eGpWpi,"Died, 0-28Dys, Female",2025-06-14 12:31:53.170 +0300,2025-06-14 12:31:53.170 +0300
3802,1.3.28,Nutrition Services,,,, NA03,No. of clients with SAM admitted into OTC ,QFdXTBo8jQy,Rbe4OqqzpMO,"Died, 0-28Dys, Male",2025-06-14 12:31:53.170 +0300,2025-06-14 12:31:53.170 +0300
3803,1.3.28,Nutrition Services,,,, NA03,No. of clients with SAM admitted into OTC ,QFdXTBo8jQy,u8pu50lRlXz,"Died, 0-5Mths, Female",2025-06-14 12:31:53.170 +0300,2025-06-14 12:31:53.170 +0300
3804,1.3.28,Nutrition Services,,,, NA03,No. of clients with SAM admitted into OTC ,QFdXTBo8jQy,eop2Um7CVnz,"Died, 0-5Mths, Male",2025-06-14 12:31:53.170 +0300,2025-06-14 12:31:53.170 +0300
3805,1.3.28,Nutrition Services,,,, NA03,No. of clients with SAM admitted into OTC ,QFdXTBo8jQy,CxSmpJ3AuBw,"Died, 10-19Yrs, Female",2025-06-14 12:31:53.170 +0300,2025-06-14 12:31:53.170 +0300
3806,1.3.28,Nutrition Services,,,, NA03,No. of clients with SAM admitted into OTC ,QFdXTBo8jQy,ymwgiKZEv24,"Died, 10-19Yrs, Male",2025-06-14 12:31:53.170 +0300,2025-06-14 12:31:53.170 +0300
3807,1.3.28,Nutrition Services,,,, NA03,No. of clients with SAM admitted into OTC ,QFdXTBo8jQy,kT4oXdnAr2n,"Died, 20-24 years, Female",2025-06-14 12:31:53.170 +0300,2025-06-14 12:31:53.170 +0300
3808,1.3.28,Nutrition Services,,,, NA03,No. of clients with SAM admitted into OTC ,QFdXTBo8jQy,NxuA74gaC70,"Died, 20-24 years, Male",2025-06-14 12:31:53.170 +0300,2025-06-14 12:31:53.170 +0300
3809,1.3.28,Nutrition Services,,,, NA03,No. of clients with SAM admitted into OTC ,QFdXTBo8jQy,YgxOEfuBixs,"Died, 20-24Yrs, Female",2025-06-14 12:31:53.170 +0300,2025-06-14 12:31:53.170 +0300
3810,1.3.28,Nutrition Services,,,, NA03,No. of clients with SAM admitted into OTC ,QFdXTBo8jQy,WmCxuaOn9op,"Died, 20-24Yrs, Male",2025-06-14 12:31:53.170 +0300,2025-06-14 12:31:53.170 +0300
3811,1.3.28,Nutrition Services,,,, NA03,No. of clients with SAM admitted into OTC ,QFdXTBo8jQy,WGPvbPDt3sh,"Died, 24-59Mths, Female",2025-06-14 12:31:53.170 +0300,2025-06-14 12:31:53.170 +0300
3812,1.3.28,Nutrition Services,,,, NA03,No. of clients with SAM admitted into OTC ,QFdXTBo8jQy,P5A2apGgYmB,"Died, 24-59Mths, Male",2025-06-14 12:31:53.170 +0300,2025-06-14 12:31:53.170 +0300
3813,1.3.28,Nutrition Services,,,, NA03,No. of clients with SAM admitted into OTC ,QFdXTBo8jQy,d1kU2EHySzn,"Died, 25+Yrs, Female",2025-06-14 12:31:53.170 +0300,2025-06-14 12:31:53.170 +0300
3814,1.3.28,Nutrition Services,,,, NA03,No. of clients with SAM admitted into OTC ,QFdXTBo8jQy,qqjWrMfqusu,"Died, 25+Yrs, Male",2025-06-14 12:31:53.170 +0300,2025-06-14 12:31:53.170 +0300
3815,1.3.28,Nutrition Services,,,, NA03,No. of clients with SAM admitted into OTC ,QFdXTBo8jQy,pezfAb7zYLL,"Died, 29Dys-4Yrs, Female",2025-06-14 12:31:53.170 +0300,2025-06-14 12:31:53.170 +0300
3816,1.3.28,Nutrition Services,,,, NA03,No. of clients with SAM admitted into OTC ,QFdXTBo8jQy,Ks4UrJGIkpv,"Died, 29Dys-4Yrs, Male",2025-06-14 12:31:53.170 +0300,2025-06-14 12:31:53.170 +0300
3817,1.3.28,Nutrition Services,,,, NA03,No. of clients with SAM admitted into OTC ,QFdXTBo8jQy,eCuqrcbztab,"Died, 5 - 9 yrs, Female",2025-06-14 12:31:53.170 +0300,2025-06-14 12:31:53.170 +0300
3818,1.3.28,Nutrition Services,,,, NA03,No. of clients with SAM admitted into OTC ,QFdXTBo8jQy,qbhz9QOxUTw,"Died, 5-9Yrs, Female",2025-06-14 12:31:53.170 +0300,2025-06-14 12:31:53.170 +0300
3819,1.3.28,Nutrition Services,,,, NA03,No. of clients with SAM admitted into OTC ,QFdXTBo8jQy,Ymumitwms9M,"Died, 5 - 9 yrs, Male",2025-06-14 12:31:53.170 +0300,2025-06-14 12:31:53.170 +0300
3820,1.3.28,Nutrition Services,,,, NA03,No. of clients with SAM admitted into OTC ,QFdXTBo8jQy,rOZu4OfwcLm,"Died, 5-9Yrs, Male",2025-06-14 12:31:53.170 +0300,2025-06-14 12:31:53.170 +0300
3821,1.3.28,Nutrition Services,,,, NA03,No. of clients with SAM admitted into OTC ,QFdXTBo8jQy,uOkGy3S9RCM,"Died, 6-11Mths, Female",2025-06-14 12:31:53.170 +0300,2025-06-14 12:31:53.170 +0300
3822,1.3.28,Nutrition Services,,,, NA03,No. of clients with SAM admitted into OTC ,QFdXTBo8jQy,SWVdjFtNpIu,"Died, 6-11Mths, Male",2025-06-14 12:31:53.170 +0300,2025-06-14 12:31:53.170 +0300
3823,1.3.28,Nutrition Services,,,, NA03,No. of clients with SAM admitted into OTC ,QFdXTBo8jQy,LsvkdkOs4B9,"Died, 6-23Mths, Female",2025-06-14 12:31:53.170 +0300,2025-06-14 12:31:53.170 +0300
3824,1.3.28,Nutrition Services,,,, NA03,No. of clients with SAM admitted into OTC ,QFdXTBo8jQy,NVTN5eOaHPP,"Died, 6-23Mths, Male",2025-06-14 12:31:53.170 +0300,2025-06-14 12:31:53.170 +0300
3825,1.3.28,Nutrition Services,,,, NA03,No. of clients with SAM admitted into OTC ,QFdXTBo8jQy,kUVme7VcNxN,"Non-response, 0-28Dys, Female",2025-06-14 12:31:53.170 +0300,2025-06-14 12:31:53.170 +0300
3826,1.3.28,Nutrition Services,,,, NA03,No. of clients with SAM admitted into OTC ,QFdXTBo8jQy,eNRFiZxNwFK,"Non-response, 0-28Dys, Male",2025-06-14 12:31:53.170 +0300,2025-06-14 12:31:53.170 +0300
3827,1.3.28,Nutrition Services,,,, NA03,No. of clients with SAM admitted into OTC ,QFdXTBo8jQy,mZICFwZl79Z,"Non-response, 0-5Mths, Female",2025-06-14 12:31:53.170 +0300,2025-06-14 12:31:53.170 +0300
3828,1.3.28,Nutrition Services,,,, NA03,No. of clients with SAM admitted into OTC ,QFdXTBo8jQy,LLvYnabZbcb,"Non-response, 0-5Mths, Male",2025-06-14 12:31:53.170 +0300,2025-06-14 12:31:53.170 +0300
3829,1.3.28,Nutrition Services,,,, NA03,No. of clients with SAM admitted into OTC ,QFdXTBo8jQy,yap0wJRNNzm,"Non-response, 10-19Yrs, Female",2025-06-14 12:31:53.170 +0300,2025-06-14 12:31:53.170 +0300
3830,1.3.28,Nutrition Services,,,, NA03,No. of clients with SAM admitted into OTC ,QFdXTBo8jQy,uirM8SynUBT,"Non-response, 10-19Yrs, Male",2025-06-14 12:31:53.170 +0300,2025-06-14 12:31:53.170 +0300
3831,1.3.28,Nutrition Services,,,, NA03,No. of clients with SAM admitted into OTC ,QFdXTBo8jQy,oAWJYNMK6nJ,"Non-response, 20-24 years, Female",2025-06-14 12:31:53.170 +0300,2025-06-14 12:31:53.170 +0300
3832,1.3.28,Nutrition Services,,,, NA03,No. of clients with SAM admitted into OTC ,QFdXTBo8jQy,j9rCyehleRC,"Non-response, 20-24 years, Male",2025-06-14 12:31:53.170 +0300,2025-06-14 12:31:53.170 +0300
3833,1.3.28,Nutrition Services,,,, NA03,No. of clients with SAM admitted into OTC ,QFdXTBo8jQy,uqSZcJ6wuyk,"Non-response, 20-24Yrs, Female",2025-06-14 12:31:53.170 +0300,2025-06-14 12:31:53.170 +0300
3834,1.3.28,Nutrition Services,,,, NA03,No. of clients with SAM admitted into OTC ,QFdXTBo8jQy,qqo3FvNuSUB,"Non-response, 20-24Yrs, Male",2025-06-14 12:31:53.170 +0300,2025-06-14 12:31:53.170 +0300
3835,1.3.28,Nutrition Services,,,, NA03,No. of clients with SAM admitted into OTC ,QFdXTBo8jQy,q9Ai2bqKbJA,"Non-response, 24-59Mths, Female",2025-06-14 12:31:53.170 +0300,2025-06-14 12:31:53.170 +0300
3836,1.3.28,Nutrition Services,,,, NA03,No. of clients with SAM admitted into OTC ,QFdXTBo8jQy,EAlRASNNc8w,"Non-response, 24-59Mths, Male",2025-06-14 12:31:53.170 +0300,2025-06-14 12:31:53.170 +0300
3837,1.3.28,Nutrition Services,,,, NA03,No. of clients with SAM admitted into OTC ,QFdXTBo8jQy,EHrRv7BSSuK,"Non-response, 25+Yrs, Female",2025-06-14 12:31:53.170 +0300,2025-06-14 12:31:53.170 +0300
3838,1.3.28,Nutrition Services,,,, NA03,No. of clients with SAM admitted into OTC ,QFdXTBo8jQy,SklkojkmqFe,"Non-response, 25+Yrs, Male",2025-06-14 12:31:53.170 +0300,2025-06-14 12:31:53.170 +0300
3839,1.3.28,Nutrition Services,,,, NA03,No. of clients with SAM admitted into OTC ,QFdXTBo8jQy,rGYbeO2yIF0,"Non-response, 29Dys-4Yrs, Female",2025-06-14 12:31:53.170 +0300,2025-06-14 12:31:53.170 +0300
3840,1.3.28,Nutrition Services,,,, NA03,No. of clients with SAM admitted into OTC ,QFdXTBo8jQy,r0NWuJpBFUN,"Non-response, 29Dys-4Yrs, Male",2025-06-14 12:31:53.170 +0300,2025-06-14 12:31:53.170 +0300
3841,1.3.28,Nutrition Services,,,, NA03,No. of clients with SAM admitted into OTC ,QFdXTBo8jQy,jUYXbq7Mpyn,"Non-response, 5 - 9 yrs, Female",2025-06-14 12:31:53.170 +0300,2025-06-14 12:31:53.170 +0300
3842,1.3.28,Nutrition Services,,,, NA03,No. of clients with SAM admitted into OTC ,QFdXTBo8jQy,VWyR7W9q436,"Non-response, 5-9Yrs, Female",2025-06-14 12:31:53.170 +0300,2025-06-14 12:31:53.170 +0300
3843,1.3.28,Nutrition Services,,,, NA03,No. of clients with SAM admitted into OTC ,QFdXTBo8jQy,N0umXMSyJqE,"Non-response, 5 - 9 yrs, Male",2025-06-14 12:31:53.170 +0300,2025-06-14 12:31:53.170 +0300
3844,1.3.28,Nutrition Services,,,, NA03,No. of clients with SAM admitted into OTC ,QFdXTBo8jQy,K9RhvPo1CUN,"Non-response, 5-9Yrs, Male",2025-06-14 12:31:53.170 +0300,2025-06-14 12:31:53.170 +0300
3845,1.3.28,Nutrition Services,,,, NA03,No. of clients with SAM admitted into OTC ,QFdXTBo8jQy,wZENGduaVUO,"Non-response, 6-11Mths, Female",2025-06-14 12:31:53.170 +0300,2025-06-14 12:31:53.170 +0300
3846,1.3.28,Nutrition Services,,,, NA03,No. of clients with SAM admitted into OTC ,QFdXTBo8jQy,FDD02q1hadi,"Non-response, 6-11Mths, Male",2025-06-14 12:31:53.170 +0300,2025-06-14 12:31:53.170 +0300
3847,1.3.28,Nutrition Services,,,, NA03,No. of clients with SAM admitted into OTC ,QFdXTBo8jQy,HNZzZDcI4kr,"Non-response, 6-23Mths, Female",2025-06-14 12:31:53.170 +0300,2025-06-14 12:31:53.170 +0300
3848,1.3.28,Nutrition Services,,,, NA03,No. of clients with SAM admitted into OTC ,QFdXTBo8jQy,b9k3fkQHUre,"Non-response, 6-23Mths, Male",2025-06-14 12:31:53.170 +0300,2025-06-14 12:31:53.170 +0300
3849,1.3.28,Nutrition Services,,,, NA03,No. of clients with SAM admitted into OTC ,QFdXTBo8jQy,qmaeKPqBU8V,"Transferred Out, 0-28Dys, Female",2025-06-14 12:31:53.170 +0300,2025-06-14 12:31:53.170 +0300
3850,1.3.28,Nutrition Services,,,, NA03,No. of clients with SAM admitted into OTC ,QFdXTBo8jQy,yVLVtlyiQOB,"Transferred Out, 0-28Dys, Male",2025-06-14 12:31:53.170 +0300,2025-06-14 12:31:53.170 +0300
3851,1.3.28,Nutrition Services,,,, NA03,No. of clients with SAM admitted into OTC ,QFdXTBo8jQy,YGG5dvPvNfw,"Transferred Out, 0-5Mths, Female",2025-06-14 12:31:53.170 +0300,2025-06-14 12:31:53.170 +0300
3852,1.3.28,Nutrition Services,,,, NA03,No. of clients with SAM admitted into OTC ,QFdXTBo8jQy,vJxhpdIL9G5,"Transferred Out, 0-5Mths, Male",2025-06-14 12:31:53.170 +0300,2025-06-14 12:31:53.170 +0300
3853,1.3.28,Nutrition Services,,,, NA03,No. of clients with SAM admitted into OTC ,QFdXTBo8jQy,Si8u9OKmyAX,"Transferred Out, 10-19Yrs, Female",2025-06-14 12:31:53.170 +0300,2025-06-14 12:31:53.170 +0300
3854,1.3.28,Nutrition Services,,,, NA03,No. of clients with SAM admitted into OTC ,QFdXTBo8jQy,SpOR3uMRM2O,"Transferred Out, 10-19Yrs, Male",2025-06-14 12:31:53.170 +0300,2025-06-14 12:31:53.170 +0300
3855,1.3.28,Nutrition Services,,,, NA03,No. of clients with SAM admitted into OTC ,QFdXTBo8jQy,eL2CocJauLU,"Transferred Out, 20-24 years, Female",2025-06-14 12:31:53.170 +0300,2025-06-14 12:31:53.170 +0300
3856,1.3.28,Nutrition Services,,,, NA03,No. of clients with SAM admitted into OTC ,QFdXTBo8jQy,Pom4XORACDe,"Transferred Out, 20-24 years, Male",2025-06-14 12:31:53.170 +0300,2025-06-14 12:31:53.170 +0300
3857,1.3.28,Nutrition Services,,,, NA03,No. of clients with SAM admitted into OTC ,QFdXTBo8jQy,UPPCQgATsuP,"Transferred Out, 20-24Yrs, Female",2025-06-14 12:31:53.170 +0300,2025-06-14 12:31:53.170 +0300
3858,1.3.28,Nutrition Services,,,, NA03,No. of clients with SAM admitted into OTC ,QFdXTBo8jQy,WY4yQmWUlLo,"Transferred Out, 20-24Yrs, Male",2025-06-14 12:31:53.170 +0300,2025-06-14 12:31:53.170 +0300
3859,1.3.28,Nutrition Services,,,, NA03,No. of clients with SAM admitted into OTC ,QFdXTBo8jQy,m27NuRVJik4,"Transferred Out, 24-59Mths, Female",2025-06-14 12:31:53.170 +0300,2025-06-14 12:31:53.170 +0300
3860,1.3.28,Nutrition Services,,,, NA03,No. of clients with SAM admitted into OTC ,QFdXTBo8jQy,BWLpTuub6xY,"Transferred Out, 24-59Mths, Male",2025-06-14 12:31:53.170 +0300,2025-06-14 12:31:53.170 +0300
3861,1.3.28,Nutrition Services,,,, NA03,No. of clients with SAM admitted into OTC ,QFdXTBo8jQy,hyMGAZQmcHY,"Transferred Out, 25+Yrs, Female",2025-06-14 12:31:53.170 +0300,2025-06-14 12:31:53.170 +0300
3862,1.3.28,Nutrition Services,,,, NA03,No. of clients with SAM admitted into OTC ,QFdXTBo8jQy,oufk0kTEw4r,"Transferred Out, 25+Yrs, Male",2025-06-14 12:31:53.170 +0300,2025-06-14 12:31:53.170 +0300
3863,1.3.28,Nutrition Services,,,, NA03,No. of clients with SAM admitted into OTC ,QFdXTBo8jQy,DXdUPXEa8v8,"Transferred Out, 29Dys-4Yrs, Female",2025-06-14 12:31:53.170 +0300,2025-06-14 12:31:53.170 +0300
3864,1.3.28,Nutrition Services,,,, NA03,No. of clients with SAM admitted into OTC ,QFdXTBo8jQy,oiiALozXpcw,"Transferred Out, 29Dys-4Yrs, Male",2025-06-14 12:31:53.170 +0300,2025-06-14 12:31:53.170 +0300
3865,1.3.28,Nutrition Services,,,, NA03,No. of clients with SAM admitted into OTC ,QFdXTBo8jQy,uAMFrSYXzBl,"Transferred Out, 5 - 9 yrs, Female",2025-06-14 12:31:53.170 +0300,2025-06-14 12:31:53.170 +0300
3866,1.3.28,Nutrition Services,,,, NA03,No. of clients with SAM admitted into OTC ,QFdXTBo8jQy,PleSbseZc92,"Transferred Out, 5-9Yrs, Female",2025-06-14 12:31:53.170 +0300,2025-06-14 12:31:53.170 +0300
3867,1.3.28,Nutrition Services,,,, NA03,No. of clients with SAM admitted into OTC ,QFdXTBo8jQy,xaDJcSkWnnY,"Transferred Out, 5 - 9 yrs, Male",2025-06-14 12:31:53.170 +0300,2025-06-14 12:31:53.170 +0300
3868,1.3.28,Nutrition Services,,,, NA03,No. of clients with SAM admitted into OTC ,QFdXTBo8jQy,mBu2PbawGSc,"Transferred Out, 5-9Yrs, Male",2025-06-14 12:31:53.170 +0300,2025-06-14 12:31:53.170 +0300
3869,1.3.28,Nutrition Services,,,, NA03,No. of clients with SAM admitted into OTC ,QFdXTBo8jQy,PBg8QjUD6Ag,"Transferred Out, 6-11Mths, Female",2025-06-14 12:31:53.170 +0300,2025-06-14 12:31:53.170 +0300
3870,1.3.28,Nutrition Services,,,, NA03,No. of clients with SAM admitted into OTC ,QFdXTBo8jQy,JxsHQJnwF5h,"Transferred Out, 6-11Mths, Male",2025-06-14 12:31:53.170 +0300,2025-06-14 12:31:53.170 +0300
3871,1.3.28,Nutrition Services,,,, NA03,No. of clients with SAM admitted into OTC ,QFdXTBo8jQy,FfypgEf8hjL,"Transferred Out, 6-23Mths, Female",2025-06-14 12:31:53.170 +0300,2025-06-14 12:31:53.170 +0300
3872,1.3.28,Nutrition Services,,,, NA03,No. of clients with SAM admitted into OTC ,QFdXTBo8jQy,ANhnA6mFVVL,"Transferred Out, 6-23Mths, Male",2025-06-14 12:31:53.170 +0300,2025-06-14 12:31:53.170 +0300
3873,1.3.28,Nutrition Services,,,,NA04,Total number of days spent at OTC for all clients discharged as cured,UP2LU6chOM1,jYSOZj8kVzc,"24-59Mths, Female",2025-06-14 12:31:53.170 +0300,2025-06-14 12:31:53.170 +0300
3874,1.3.28,Nutrition Services,,,,NA04,Total number of days spent at OTC for all clients discharged as cured,UP2LU6chOM1,LHh04IA7nsJ,"24-59Mths, Male",2025-06-14 12:31:53.170 +0300,2025-06-14 12:31:53.170 +0300
3875,1.3.28,Nutrition Services,,,,NA04,Total number of days spent at OTC for all clients discharged as cured,UP2LU6chOM1,tjG9Nt0wdwM,"25+Yrs, Female",2025-06-14 12:31:53.170 +0300,2025-06-14 12:31:53.170 +0300
3876,1.3.28,Nutrition Services,,,,NA04,Total number of days spent at OTC for all clients discharged as cured,UP2LU6chOM1,Y6uGpgGb7R5,"25+Yrs, Male",2025-06-14 12:31:53.170 +0300,2025-06-14 12:31:53.170 +0300
3877,1.3.28,Nutrition Services,,,,NA04,Total number of days spent at OTC for all clients discharged as cured,UP2LU6chOM1,eOeMyqVgWuY,"29Dys-4Yrs, Female",2025-06-14 12:31:53.170 +0300,2025-06-14 12:31:53.170 +0300
3878,1.3.28,Nutrition Services,,,,NA04,Total number of days spent at OTC for all clients discharged as cured,UP2LU6chOM1,uYhUNsDnPqs,"29Dys-4Yrs, Male",2025-06-14 12:31:53.170 +0300,2025-06-14 12:31:53.170 +0300
3879,1.3.28,Nutrition Services,,,,NA04,Total number of days spent at OTC for all clients discharged as cured,UP2LU6chOM1,OptiiLdMwqD,"5 - 9 yrs, Female",2025-06-14 12:31:53.170 +0300,2025-06-14 12:31:53.170 +0300
3880,1.3.28,Nutrition Services,,,,NA04,Total number of days spent at OTC for all clients discharged as cured,UP2LU6chOM1,wlx0TkgV93y,"5-9Yrs, Female",2025-06-14 12:31:53.170 +0300,2025-06-14 12:31:53.170 +0300
3881,1.3.28,Nutrition Services,,,,NA04,Total number of days spent at OTC for all clients discharged as cured,UP2LU6chOM1,Bnt7abK0gqb,"5 - 9 yrs, Male",2025-06-14 12:31:53.170 +0300,2025-06-14 12:31:53.170 +0300
3882,1.3.28,Nutrition Services,,,,NA04,Total number of days spent at OTC for all clients discharged as cured,UP2LU6chOM1,IkLIEhlIkEA,"5-9Yrs, Male",2025-06-14 12:31:53.170 +0300,2025-06-14 12:31:53.170 +0300
3883,1.3.28,Nutrition Services,,,,NA04,Total number of days spent at OTC for all clients discharged as cured,UP2LU6chOM1,T1mZrgHZNcn,"6-11Mths, Female",2025-06-14 12:31:53.170 +0300,2025-06-14 12:31:53.170 +0300
3884,1.3.28,Nutrition Services,,,,NA04,Total number of days spent at OTC for all clients discharged as cured,UP2LU6chOM1,RovMs6w1ufY,"6-11Mths, Male",2025-06-14 12:31:53.170 +0300,2025-06-14 12:31:53.170 +0300
3885,1.3.28,Nutrition Services,,,,NA04,Total number of days spent at OTC for all clients discharged as cured,UP2LU6chOM1,NThAKEjWS24,"6-23Mths, Female",2025-06-14 12:31:53.170 +0300,2025-06-14 12:31:53.170 +0300
3886,1.3.28,Nutrition Services,,,,NA04,Total number of days spent at OTC for all clients discharged as cured,UP2LU6chOM1,q33Jr73momc,"6-23Mths, Male",2025-06-14 12:31:53.170 +0300,2025-06-14 12:31:53.170 +0300
3887,1.3.28,Nutrition Services,,,,NA05,No. of MAM Clients in SFC,A5Kr6LUrerV,tWyPsl8Q80x,"Active Clients, 24-59Mths, Female",2025-06-14 12:31:53.170 +0300,2025-06-14 12:31:53.170 +0300
3888,1.3.28,Nutrition Services,,,,NA05,No. of MAM Clients in SFC,A5Kr6LUrerV,PAJnQXEcGM5,"Active Clients, 24-59Mths, Male",2025-06-14 12:31:53.170 +0300,2025-06-14 12:31:53.170 +0300
3889,1.3.28,Nutrition Services,,,,NA05,No. of MAM Clients in SFC,A5Kr6LUrerV,CJNOHEHlmTO,"Active Clients, 25+Yrs, Female",2025-06-14 12:31:53.170 +0300,2025-06-14 12:31:53.170 +0300
3890,1.3.28,Nutrition Services,,,,NA05,No. of MAM Clients in SFC,A5Kr6LUrerV,BqF8ApJDM1b,"Active Clients, 25+Yrs, Male",2025-06-14 12:31:53.170 +0300,2025-06-14 12:31:53.170 +0300
3891,1.3.28,Nutrition Services,,,,NA05,No. of MAM Clients in SFC,A5Kr6LUrerV,FWcjtbSYmXR,"Active Clients, 29Dys-4Yrs, Female",2025-06-14 12:31:53.170 +0300,2025-06-14 12:31:53.170 +0300
3892,1.3.28,Nutrition Services,,,,NA05,No. of MAM Clients in SFC,A5Kr6LUrerV,FHVRMvyrYek,"Active Clients, 29Dys-4Yrs, Male",2025-06-14 12:31:53.170 +0300,2025-06-14 12:31:53.170 +0300
3893,1.3.28,Nutrition Services,,,,NA05,No. of MAM Clients in SFC,A5Kr6LUrerV,q1bn6nbNWWs,"Active Clients, 5 - 9 yrs, Female",2025-06-14 12:31:53.170 +0300,2025-06-14 12:31:53.170 +0300
3894,1.3.28,Nutrition Services,,,,NA05,No. of MAM Clients in SFC,A5Kr6LUrerV,oawYQhxRtO6,"Active Clients, 5-9Yrs, Female",2025-06-14 12:31:53.170 +0300,2025-06-14 12:31:53.170 +0300
3895,1.3.28,Nutrition Services,,,,NA05,No. of MAM Clients in SFC,A5Kr6LUrerV,X7lGMvzhhHO,"Active Clients, 5 - 9 yrs, Male",2025-06-14 12:31:53.170 +0300,2025-06-14 12:31:53.170 +0300
3896,1.3.28,Nutrition Services,,,,NA05,No. of MAM Clients in SFC,A5Kr6LUrerV,fGGZX0fYjD1,"Active Clients, 5-9Yrs, Male",2025-06-14 12:31:53.170 +0300,2025-06-14 12:31:53.170 +0300
3897,1.3.28,Nutrition Services,,,,NA05,No. of MAM Clients in SFC,A5Kr6LUrerV,SaQ409dqm3s,"Active Clients, 6-11Mths, Female",2025-06-14 12:31:53.170 +0300,2025-06-14 12:31:53.170 +0300
3898,1.3.28,Nutrition Services,,,,NA05,No. of MAM Clients in SFC,A5Kr6LUrerV,QOx1ojM3cQZ,"Active Clients, 6-11Mths, Male",2025-06-14 12:31:53.170 +0300,2025-06-14 12:31:53.170 +0300
3899,1.3.28,Nutrition Services,,,,NA05,No. of MAM Clients in SFC,A5Kr6LUrerV,p2GPXD5Cnfx,"Active Clients, 6-23Mths, Female",2025-06-14 12:31:53.170 +0300,2025-06-14 12:31:53.170 +0300
3900,1.3.28,Nutrition Services,,,,NA05,No. of MAM Clients in SFC,A5Kr6LUrerV,CmRTyoslzWh,"Active Clients, 6-23Mths, Male",2025-06-14 12:31:53.170 +0300,2025-06-14 12:31:53.170 +0300
3901,1.3.28,Nutrition Services,,,,NA05,No. of MAM Clients in SFC,A5Kr6LUrerV,PhY8noqcsgV,"New Admissions, 0-28Dys, Female",2025-06-14 12:31:53.170 +0300,2025-06-14 12:31:53.170 +0300
3902,1.3.28,Nutrition Services,,,,NA05,No. of MAM Clients in SFC,A5Kr6LUrerV,bDhlj3tmyc7,"New Admissions, 0-28Dys, Male",2025-06-14 12:31:53.170 +0300,2025-06-14 12:31:53.170 +0300
3903,1.3.28,Nutrition Services,,,,NA05,No. of MAM Clients in SFC,A5Kr6LUrerV,OWFLGCyCYh9,"New Admissions, 0-5Mths, Female",2025-06-14 12:31:53.170 +0300,2025-06-14 12:31:53.170 +0300
3904,1.3.28,Nutrition Services,,,,NA05,No. of MAM Clients in SFC,A5Kr6LUrerV,Ci9eCUwUwQP,"New Admissions, 0-5Mths, Male",2025-06-14 12:31:53.170 +0300,2025-06-14 12:31:53.170 +0300
3905,1.3.28,Nutrition Services,,,,NA05,No. of MAM Clients in SFC,A5Kr6LUrerV,QrqE7OWhVeB,"New Admissions, 10-19Yrs, Female",2025-06-14 12:31:53.170 +0300,2025-06-14 12:31:53.170 +0300
3906,1.3.28,Nutrition Services,,,,NA05,No. of MAM Clients in SFC,A5Kr6LUrerV,pfTxuYyotnV,"New Admissions, 10-19Yrs, Male",2025-06-14 12:31:53.170 +0300,2025-06-14 12:31:53.170 +0300
3907,1.3.28,Nutrition Services,,,,NA05,No. of MAM Clients in SFC,A5Kr6LUrerV,MXSoFC86Ahc,"New Admissions, 20-24 years, Female",2025-06-14 12:31:53.170 +0300,2025-06-14 12:31:53.170 +0300
3908,1.3.28,Nutrition Services,,,,NA05,No. of MAM Clients in SFC,A5Kr6LUrerV,DmQ8Y9AnCxD,"New Admissions, 20-24 years, Male",2025-06-14 12:31:53.170 +0300,2025-06-14 12:31:53.170 +0300
3909,1.3.28,Nutrition Services,,,,NA05,No. of MAM Clients in SFC,A5Kr6LUrerV,Qem4ikoJsq5,"New Admissions, 20-24Yrs, Female",2025-06-14 12:31:53.170 +0300,2025-06-14 12:31:53.170 +0300
3910,1.3.28,Nutrition Services,,,,NA05,No. of MAM Clients in SFC,A5Kr6LUrerV,Ex14XEcNTYe,"New Admissions, 20-24Yrs, Male",2025-06-14 12:31:53.170 +0300,2025-06-14 12:31:53.170 +0300
3911,1.3.28,Nutrition Services,,,,NA05,No. of MAM Clients in SFC,A5Kr6LUrerV,PoUru59Widt,"New Admissions, 24-59Mths, Female",2025-06-14 12:31:53.170 +0300,2025-06-14 12:31:53.170 +0300
3912,1.3.28,Nutrition Services,,,,NA05,No. of MAM Clients in SFC,A5Kr6LUrerV,PHFpYNuhfMH,"New Admissions, 24-59Mths, Male",2025-06-14 12:31:53.170 +0300,2025-06-14 12:31:53.170 +0300
3913,1.3.28,Nutrition Services,,,,NA05,No. of MAM Clients in SFC,A5Kr6LUrerV,LCjg0P31aHC,"New Admissions, 25+Yrs, Female",2025-06-14 12:31:53.170 +0300,2025-06-14 12:31:53.170 +0300
3914,1.3.28,Nutrition Services,,,,NA05,No. of MAM Clients in SFC,A5Kr6LUrerV,QM4GJFRQLmV,"New Admissions, 25+Yrs, Male",2025-06-14 12:31:53.170 +0300,2025-06-14 12:31:53.170 +0300
3915,1.3.28,Nutrition Services,,,,NA05,No. of MAM Clients in SFC,A5Kr6LUrerV,f2iM221U5rR,"New Admissions, 29Dys-4Yrs, Female",2025-06-14 12:31:53.170 +0300,2025-06-14 12:31:53.170 +0300
3916,1.3.28,Nutrition Services,,,,NA05,No. of MAM Clients in SFC,A5Kr6LUrerV,EtK0PEB6h8o,"New Admissions, 29Dys-4Yrs, Male",2025-06-14 12:31:53.170 +0300,2025-06-14 12:31:53.170 +0300
3917,1.3.28,Nutrition Services,,,,NA05,No. of MAM Clients in SFC,A5Kr6LUrerV,Z5sztcD02uR,"New Admissions, 5 - 9 yrs, Female",2025-06-14 12:31:53.170 +0300,2025-06-14 12:31:53.170 +0300
3918,1.3.28,Nutrition Services,,,,NA05,No. of MAM Clients in SFC,A5Kr6LUrerV,hDCZ0jTrzuh,"New Admissions, 5-9Yrs, Female",2025-06-14 12:31:53.170 +0300,2025-06-14 12:31:53.170 +0300
3919,1.3.28,Nutrition Services,,,,NA05,No. of MAM Clients in SFC,A5Kr6LUrerV,WQwFNS8stqH,"New Admissions, 5 - 9 yrs, Male",2025-06-14 12:31:53.170 +0300,2025-06-14 12:31:53.170 +0300
3920,1.3.28,Nutrition Services,,,,NA05,No. of MAM Clients in SFC,A5Kr6LUrerV,gAF8bMtDHIO,"New Admissions, 5-9Yrs, Male",2025-06-14 12:31:53.170 +0300,2025-06-14 12:31:53.170 +0300
3921,1.3.28,Nutrition Services,,,,NA05,No. of MAM Clients in SFC,A5Kr6LUrerV,CaUE5HuVefS,"New Admissions, 6-11Mths, Female",2025-06-14 12:31:53.170 +0300,2025-06-14 12:31:53.170 +0300
3922,1.3.28,Nutrition Services,,,,NA05,No. of MAM Clients in SFC,A5Kr6LUrerV,UaxWbFflSjf,"New Admissions, 6-11Mths, Male",2025-06-14 12:31:53.170 +0300,2025-06-14 12:31:53.170 +0300
3923,1.3.28,Nutrition Services,,,,NA05,No. of MAM Clients in SFC,A5Kr6LUrerV,FUI0aox8rli,"New Admissions, 6-23Mths, Female",2025-06-14 12:31:53.170 +0300,2025-06-14 12:31:53.170 +0300
3924,1.3.28,Nutrition Services,,,,NA05,No. of MAM Clients in SFC,A5Kr6LUrerV,yRZWB4ePZQB,"New Admissions, 6-23Mths, Male",2025-06-14 12:31:53.170 +0300,2025-06-14 12:31:53.170 +0300
3925,1.3.28,Nutrition Services,,,,NA05,No. of MAM Clients in SFC,A5Kr6LUrerV,CdL1uMCrxqh,"Re-admissions(Defaulters), 0-28Dys, Female",2025-06-14 12:31:53.170 +0300,2025-06-14 12:31:53.170 +0300
3926,1.3.28,Nutrition Services,,,,NA05,No. of MAM Clients in SFC,A5Kr6LUrerV,jUNt5RnQ6P6,"Re-admissions(Defaulters), 0-28Dys, Male",2025-06-14 12:31:53.170 +0300,2025-06-14 12:31:53.170 +0300
3927,1.3.28,Nutrition Services,,,,NA05,No. of MAM Clients in SFC,A5Kr6LUrerV,JpLTizFWhl5,"Re-admissions(Defaulters), 0-5Mths, Female",2025-06-14 12:31:53.170 +0300,2025-06-14 12:31:53.170 +0300
3928,1.3.28,Nutrition Services,,,,NA05,No. of MAM Clients in SFC,A5Kr6LUrerV,qijpicKfOuI,"Re-admissions(Defaulters), 0-5Mths, Male",2025-06-14 12:31:53.170 +0300,2025-06-14 12:31:53.170 +0300
3929,1.3.28,Nutrition Services,,,,NA05,No. of MAM Clients in SFC,A5Kr6LUrerV,Nreu6qZSYRm,"Re-admissions(Defaulters), 10-19Yrs, Female",2025-06-14 12:31:53.170 +0300,2025-06-14 12:31:53.170 +0300
3930,1.3.28,Nutrition Services,,,,NA05,No. of MAM Clients in SFC,A5Kr6LUrerV,mB81kX8i1nT,"Re-admissions(Defaulters), 10-19Yrs, Male",2025-06-14 12:31:53.170 +0300,2025-06-14 12:31:53.170 +0300
3931,1.3.28,Nutrition Services,,,,NA05,No. of MAM Clients in SFC,A5Kr6LUrerV,hRfuxjPXadc,"Re-admissions(Defaulters), 20-24 years, Female",2025-06-14 12:31:53.170 +0300,2025-06-14 12:31:53.170 +0300
3932,1.3.28,Nutrition Services,,,,NA05,No. of MAM Clients in SFC,A5Kr6LUrerV,WeM511kONAT,"Re-admissions(Defaulters), 20-24 years, Male",2025-06-14 12:31:53.170 +0300,2025-06-14 12:31:53.170 +0300
3933,1.3.28,Nutrition Services,,,,NA05,No. of MAM Clients in SFC,A5Kr6LUrerV,n1XiMuK9lkO,"Re-admissions(Defaulters), 20-24Yrs, Female",2025-06-14 12:31:53.170 +0300,2025-06-14 12:31:53.170 +0300
3934,1.3.28,Nutrition Services,,,,NA05,No. of MAM Clients in SFC,A5Kr6LUrerV,vUqqqBLqtno,"Re-admissions(Defaulters), 20-24Yrs, Male",2025-06-14 12:31:53.170 +0300,2025-06-14 12:31:53.170 +0300
3935,1.3.28,Nutrition Services,,,,NA05,No. of MAM Clients in SFC,A5Kr6LUrerV,OeKkFirtg64,"Re-admissions(Defaulters), 24-59Mths, Female",2025-06-14 12:31:53.170 +0300,2025-06-14 12:31:53.170 +0300
3936,1.3.28,Nutrition Services,,,,NA05,No. of MAM Clients in SFC,A5Kr6LUrerV,Ayn4HI0Ujih,"Re-admissions(Defaulters), 24-59Mths, Male",2025-06-14 12:31:53.170 +0300,2025-06-14 12:31:53.170 +0300
3937,1.3.28,Nutrition Services,,,,NA05,No. of MAM Clients in SFC,A5Kr6LUrerV,YQGY58YcNXd,"Re-admissions(Defaulters), 25+Yrs, Female",2025-06-14 12:31:53.170 +0300,2025-06-14 12:31:53.170 +0300
3938,1.3.28,Nutrition Services,,,,NA05,No. of MAM Clients in SFC,A5Kr6LUrerV,BqoNkhsUtD0,"Re-admissions(Defaulters), 25+Yrs, Male",2025-06-14 12:31:53.170 +0300,2025-06-14 12:31:53.170 +0300
3939,1.3.28,Nutrition Services,,,,NA05,No. of MAM Clients in SFC,A5Kr6LUrerV,C4VVQsYtSZl,"Re-admissions(Defaulters), 29Dys-4Yrs, Female",2025-06-14 12:31:53.170 +0300,2025-06-14 12:31:53.170 +0300
3940,1.3.28,Nutrition Services,,,,NA05,No. of MAM Clients in SFC,A5Kr6LUrerV,LjcrQdljrDn,"Re-admissions(Defaulters), 29Dys-4Yrs, Male",2025-06-14 12:31:53.170 +0300,2025-06-14 12:31:53.170 +0300
3941,1.3.28,Nutrition Services,,,,NA05,No. of MAM Clients in SFC,A5Kr6LUrerV,k9X5VFixGwT,"Re-admissions(Defaulters), 5 - 9 yrs, Female",2025-06-14 12:31:53.170 +0300,2025-06-14 12:31:53.170 +0300
3942,1.3.28,Nutrition Services,,,,NA05,No. of MAM Clients in SFC,A5Kr6LUrerV,GTJgS6xSnEJ,"Re-admissions(Defaulters), 5-9Yrs, Female",2025-06-14 12:31:53.170 +0300,2025-06-14 12:31:53.170 +0300
3943,1.3.28,Nutrition Services,,,,NA05,No. of MAM Clients in SFC,A5Kr6LUrerV,iC9oTtswCjr,"Re-admissions(Defaulters), 5 - 9 yrs, Male",2025-06-14 12:31:53.170 +0300,2025-06-14 12:31:53.170 +0300
3944,1.3.28,Nutrition Services,,,,NA05,No. of MAM Clients in SFC,A5Kr6LUrerV,mNbFXGMWacG,"Re-admissions(Defaulters), 5-9Yrs, Male",2025-06-14 12:31:53.170 +0300,2025-06-14 12:31:53.170 +0300
3945,1.3.28,Nutrition Services,,,,NA05,No. of MAM Clients in SFC,A5Kr6LUrerV,yCjzpYkiFYT,"Re-admissions(Defaulters), 6-11Mths, Female",2025-06-14 12:31:53.170 +0300,2025-06-14 12:31:53.170 +0300
3946,1.3.28,Nutrition Services,,,,NA05,No. of MAM Clients in SFC,A5Kr6LUrerV,Xzs8VrVsMdU,"Re-admissions(Defaulters), 6-11Mths, Male",2025-06-14 12:31:53.170 +0300,2025-06-14 12:31:53.170 +0300
3947,1.3.28,Nutrition Services,,,,NA05,No. of MAM Clients in SFC,A5Kr6LUrerV,agkv6HbPChy,"Re-admissions(Defaulters), 6-23Mths, Female",2025-06-14 12:31:53.170 +0300,2025-06-14 12:31:53.170 +0300
3948,1.3.28,Nutrition Services,,,,NA05,No. of MAM Clients in SFC,A5Kr6LUrerV,gOoWu5QD5Sh,"Re-admissions(Defaulters), 6-23Mths, Male",2025-06-14 12:31:53.170 +0300,2025-06-14 12:31:53.170 +0300
3949,1.3.28,Nutrition Services,,,,NA05,No. of MAM Clients in SFC,A5Kr6LUrerV,DEwGEOgnZOY,"Re-admissions(Relapse), 0-28Dys, Female",2025-06-14 12:31:53.170 +0300,2025-06-14 12:31:53.170 +0300
3950,1.3.28,Nutrition Services,,,,NA05,No. of MAM Clients in SFC,A5Kr6LUrerV,BSdSincrLwV,"Re-admissions(Relapse), 0-28Dys, Male",2025-06-14 12:31:53.170 +0300,2025-06-14 12:31:53.170 +0300
3951,1.3.28,Nutrition Services,,,,NA05,No. of MAM Clients in SFC,A5Kr6LUrerV,r5ly5kAR64j,"Re-admissions(Relapse), 0-5Mths, Female",2025-06-14 12:31:53.170 +0300,2025-06-14 12:31:53.170 +0300
3952,1.3.28,Nutrition Services,,,,NA05,No. of MAM Clients in SFC,A5Kr6LUrerV,BgseGQCGxCU,"Re-admissions(Relapse), 0-5Mths, Male",2025-06-14 12:31:53.170 +0300,2025-06-14 12:31:53.170 +0300
3953,1.3.28,Nutrition Services,,,,NA05,No. of MAM Clients in SFC,A5Kr6LUrerV,Yds4K321ZsD,"Re-admissions(Relapse), 10-19Yrs, Female",2025-06-14 12:31:53.170 +0300,2025-06-14 12:31:53.170 +0300
3954,1.3.28,Nutrition Services,,,,NA05,No. of MAM Clients in SFC,A5Kr6LUrerV,ALtnybrdfBS,"Re-admissions(Relapse), 10-19Yrs, Male",2025-06-14 12:31:53.170 +0300,2025-06-14 12:31:53.170 +0300
3955,1.3.28,Nutrition Services,,,,NA05,No. of MAM Clients in SFC,A5Kr6LUrerV,oPlJS6QJzd4,"Re-admissions(Relapse), 20-24 years, Female",2025-06-14 12:31:53.170 +0300,2025-06-14 12:31:53.170 +0300
3956,1.3.28,Nutrition Services,,,,NA05,No. of MAM Clients in SFC,A5Kr6LUrerV,H05GbJDKjmS,"Re-admissions(Relapse), 20-24 years, Male",2025-06-14 12:31:53.170 +0300,2025-06-14 12:31:53.170 +0300
3957,1.3.28,Nutrition Services,,,,NA05,No. of MAM Clients in SFC,A5Kr6LUrerV,IVyX9FEOY9Q,"Re-admissions(Relapse), 20-24Yrs, Female",2025-06-14 12:31:53.170 +0300,2025-06-14 12:31:53.170 +0300
3958,1.3.28,Nutrition Services,,,,NA05,No. of MAM Clients in SFC,A5Kr6LUrerV,bAl641zVoGl,"Re-admissions(Relapse), 20-24Yrs, Male",2025-06-14 12:31:53.170 +0300,2025-06-14 12:31:53.170 +0300
3959,1.3.28,Nutrition Services,,,,NA05,No. of MAM Clients in SFC,A5Kr6LUrerV,Ad0b5RlyTyD,"Re-admissions(Relapse), 24-59Mths, Female",2025-06-14 12:31:53.170 +0300,2025-06-14 12:31:53.170 +0300
3960,1.3.28,Nutrition Services,,,,NA05,No. of MAM Clients in SFC,A5Kr6LUrerV,HC2p8FsYUxv,"Re-admissions(Relapse), 24-59Mths, Male",2025-06-14 12:31:53.170 +0300,2025-06-14 12:31:53.170 +0300
3961,1.3.28,Nutrition Services,,,,NA05,No. of MAM Clients in SFC,A5Kr6LUrerV,gZj5EmCN3bW,"Re-admissions(Relapse), 25+Yrs, Female",2025-06-14 12:31:53.170 +0300,2025-06-14 12:31:53.170 +0300
3962,1.3.28,Nutrition Services,,,,NA05,No. of MAM Clients in SFC,A5Kr6LUrerV,aUYhzD1F7AL,"Re-admissions(Relapse), 25+Yrs, Male",2025-06-14 12:31:53.170 +0300,2025-06-14 12:31:53.170 +0300
3963,1.3.28,Nutrition Services,,,,NA05,No. of MAM Clients in SFC,A5Kr6LUrerV,Wi88JI3H6Zz,"Re-admissions(Relapse), 29Dys-4Yrs, Female",2025-06-14 12:31:53.170 +0300,2025-06-14 12:31:53.170 +0300
3964,1.3.28,Nutrition Services,,,,NA05,No. of MAM Clients in SFC,A5Kr6LUrerV,brS9u8wcf1j,"Re-admissions(Relapse), 29Dys-4Yrs, Male",2025-06-14 12:31:53.170 +0300,2025-06-14 12:31:53.170 +0300
3965,1.3.28,Nutrition Services,,,,NA05,No. of MAM Clients in SFC,A5Kr6LUrerV,EkGOmoO5HJW,"Re-admissions(Relapse), 5 - 9 yrs, Female",2025-06-14 12:31:53.170 +0300,2025-06-14 12:31:53.170 +0300
3966,1.3.28,Nutrition Services,,,,NA05,No. of MAM Clients in SFC,A5Kr6LUrerV,t04LFTWtr4j,"Re-admissions(Relapse), 5-9Yrs, Female",2025-06-14 12:31:53.170 +0300,2025-06-14 12:31:53.170 +0300
3967,1.3.28,Nutrition Services,,,,NA05,No. of MAM Clients in SFC,A5Kr6LUrerV,RdWtoSsZ2Et,"Re-admissions(Relapse), 5 - 9 yrs, Male",2025-06-14 12:31:53.170 +0300,2025-06-14 12:31:53.170 +0300
3968,1.3.28,Nutrition Services,,,,NA05,No. of MAM Clients in SFC,A5Kr6LUrerV,yC8mYF8cfhA,"Re-admissions(Relapse), 5-9Yrs, Male",2025-06-14 12:31:53.170 +0300,2025-06-14 12:31:53.170 +0300
3969,1.3.28,Nutrition Services,,,,NA05,No. of MAM Clients in SFC,A5Kr6LUrerV,QezmjYQFAI0,"Re-admissions(Relapse), 6-11Mths, Female",2025-06-14 12:31:53.170 +0300,2025-06-14 12:31:53.170 +0300
3970,1.3.28,Nutrition Services,,,,NA05,No. of MAM Clients in SFC,A5Kr6LUrerV,IlPeCLpmpfM,"Re-admissions(Relapse), 6-11Mths, Male",2025-06-14 12:31:53.170 +0300,2025-06-14 12:31:53.170 +0300
3971,1.3.28,Nutrition Services,,,,NA05,No. of MAM Clients in SFC,A5Kr6LUrerV,VsIEv29Z2WQ,"Re-admissions(Relapse), 6-23Mths, Female",2025-06-14 12:31:53.170 +0300,2025-06-14 12:31:53.170 +0300
3972,1.3.28,Nutrition Services,,,,NA05,No. of MAM Clients in SFC,A5Kr6LUrerV,w2x7wisZ9gU,"Re-admissions(Relapse), 6-23Mths, Male",2025-06-14 12:31:53.170 +0300,2025-06-14 12:31:53.170 +0300
3973,1.3.28,Nutrition Services,,,,NA05,No. of MAM Clients in SFC,A5Kr6LUrerV,pJIG4TLplAm,"Transfer in, 0-28Dys, Female",2025-06-14 12:31:53.170 +0300,2025-06-14 12:31:53.170 +0300
3974,1.3.28,Nutrition Services,,,,NA05,No. of MAM Clients in SFC,A5Kr6LUrerV,XMe3vdOoTEk,"Transfer in, 0-28Dys, Male",2025-06-14 12:31:53.170 +0300,2025-06-14 12:31:53.170 +0300
3975,1.3.28,Nutrition Services,,,,NA05,No. of MAM Clients in SFC,A5Kr6LUrerV,wTHAaf23XNU,"Transfer in, 0-5Mths, Female",2025-06-14 12:31:53.170 +0300,2025-06-14 12:31:53.170 +0300
3976,1.3.28,Nutrition Services,,,,NA05,No. of MAM Clients in SFC,A5Kr6LUrerV,TGJ6Pdu0Ing,"Transfer in, 0-5Mths, Male",2025-06-14 12:31:53.170 +0300,2025-06-14 12:31:53.170 +0300
3977,1.3.28,Nutrition Services,,,,NA05,No. of MAM Clients in SFC,A5Kr6LUrerV,z37NEYRcci4,"Transfer in, 10-19Yrs, Female",2025-06-14 12:31:53.170 +0300,2025-06-14 12:31:53.170 +0300
3978,1.3.28,Nutrition Services,,,,NA05,No. of MAM Clients in SFC,A5Kr6LUrerV,rjGeqiQxgWg,"Transfer in, 10-19Yrs, Male",2025-06-14 12:31:53.170 +0300,2025-06-14 12:31:53.170 +0300
3979,1.3.28,Nutrition Services,,,,NA05,No. of MAM Clients in SFC,A5Kr6LUrerV,OasbOagtHFu,"Transfer in, 20-24 years, Female",2025-06-14 12:31:53.170 +0300,2025-06-14 12:31:53.170 +0300
3980,1.3.28,Nutrition Services,,,,NA05,No. of MAM Clients in SFC,A5Kr6LUrerV,MRSXKs0LoBz,"Transfer in, 20-24 years, Male",2025-06-14 12:31:53.170 +0300,2025-06-14 12:31:53.170 +0300
3981,1.3.28,Nutrition Services,,,,NA05,No. of MAM Clients in SFC,A5Kr6LUrerV,fSJUxJA6Xbl,"Transfer in, 20-24Yrs, Female",2025-06-14 12:31:53.170 +0300,2025-06-14 12:31:53.170 +0300
3982,1.3.28,Nutrition Services,,,,NA05,No. of MAM Clients in SFC,A5Kr6LUrerV,GpNEYDeVas6,"Transfer in, 20-24Yrs, Male",2025-06-14 12:31:53.170 +0300,2025-06-14 12:31:53.170 +0300
3983,1.3.28,Nutrition Services,,,,NA05,No. of MAM Clients in SFC,A5Kr6LUrerV,fgInS7gwlWa,"Transfer in, 24-59Mths, Female",2025-06-14 12:31:53.170 +0300,2025-06-14 12:31:53.170 +0300
3984,1.3.28,Nutrition Services,,,,NA05,No. of MAM Clients in SFC,A5Kr6LUrerV,mufD9pb9Uez,"Transfer in, 24-59Mths, Male",2025-06-14 12:31:53.170 +0300,2025-06-14 12:31:53.170 +0300
3985,1.3.28,Nutrition Services,,,,NA05,No. of MAM Clients in SFC,A5Kr6LUrerV,kCD248o8ZcE,"Transfer in, 25+Yrs, Female",2025-06-14 12:31:53.170 +0300,2025-06-14 12:31:53.170 +0300
3986,1.3.28,Nutrition Services,,,,NA05,No. of MAM Clients in SFC,A5Kr6LUrerV,onsWC7ah5F4,"Transfer in, 25+Yrs, Male",2025-06-14 12:31:53.170 +0300,2025-06-14 12:31:53.170 +0300
3987,1.3.28,Nutrition Services,,,,NA05,No. of MAM Clients in SFC,A5Kr6LUrerV,s9mkpMBx1If,"Transfer in, 29Dys-4Yrs, Female",2025-06-14 12:31:53.170 +0300,2025-06-14 12:31:53.170 +0300
3988,1.3.28,Nutrition Services,,,,NA05,No. of MAM Clients in SFC,A5Kr6LUrerV,tRF9ALoWAEE,"Transfer in, 29Dys-4Yrs, Male",2025-06-14 12:31:53.170 +0300,2025-06-14 12:31:53.170 +0300
3989,1.3.28,Nutrition Services,,,,NA05,No. of MAM Clients in SFC,A5Kr6LUrerV,G5ci7PXGFdx,"Transfer in, 5 - 9 yrs, Female",2025-06-14 12:31:53.170 +0300,2025-06-14 12:31:53.170 +0300
3990,1.3.28,Nutrition Services,,,,NA05,No. of MAM Clients in SFC,A5Kr6LUrerV,QaYG6wCdnc9,"Transfer in, 5-9Yrs, Female",2025-06-14 12:31:53.170 +0300,2025-06-14 12:31:53.170 +0300
3991,1.3.28,Nutrition Services,,,,NA05,No. of MAM Clients in SFC,A5Kr6LUrerV,Vhleslo54uW,"Transfer in, 5 - 9 yrs, Male",2025-06-14 12:31:53.170 +0300,2025-06-14 12:31:53.170 +0300
3992,1.3.28,Nutrition Services,,,,NA05,No. of MAM Clients in SFC,A5Kr6LUrerV,kyEbRFMV4w7,"Transfer in, 5-9Yrs, Male",2025-06-14 12:31:53.170 +0300,2025-06-14 12:31:53.170 +0300
3993,1.3.28,Nutrition Services,,,,NA05,No. of MAM Clients in SFC,A5Kr6LUrerV,C6Rmd6K9lZ9,"Transfer in, 6-11Mths, Female",2025-06-14 12:31:53.170 +0300,2025-06-14 12:31:53.170 +0300
3994,1.3.28,Nutrition Services,,,,NA05,No. of MAM Clients in SFC,A5Kr6LUrerV,tOx7SA9GaEN,"Transfer in, 6-11Mths, Male",2025-06-14 12:31:53.170 +0300,2025-06-14 12:31:53.170 +0300
3995,1.3.28,Nutrition Services,,,,NA05,No. of MAM Clients in SFC,A5Kr6LUrerV,zpaxraQng1p,"Transfer in, 6-23Mths, Female",2025-06-14 12:31:53.170 +0300,2025-06-14 12:31:53.170 +0300
3996,1.3.28,Nutrition Services,,,,NA05,No. of MAM Clients in SFC,A5Kr6LUrerV,jp66dqnPk7y,"Transfer in, 6-23Mths, Male",2025-06-14 12:31:53.170 +0300,2025-06-14 12:31:53.170 +0300
3997,1.3.28,Nutrition Services,,,, NA02b ,No. of SAM clients in OTC - New Admissions,oAEDBaHndIM,PhY8noqcsgV,"New Admissions, 0-28Dys, Female",2025-06-14 12:31:53.170 +0300,2025-06-14 12:31:53.170 +0300
3998,1.3.28,Nutrition Services,,,, NA02b ,No. of SAM clients in OTC - New Admissions,oAEDBaHndIM,bDhlj3tmyc7,"New Admissions, 0-28Dys, Male",2025-06-14 12:31:53.170 +0300,2025-06-14 12:31:53.170 +0300
3999,1.3.28,Nutrition Services,,,, NA02b ,No. of SAM clients in OTC - New Admissions,oAEDBaHndIM,OWFLGCyCYh9,"New Admissions, 0-5Mths, Female",2025-06-14 12:31:53.170 +0300,2025-06-14 12:31:53.170 +0300
4000,1.3.28,Nutrition Services,,,, NA02b ,No. of SAM clients in OTC - New Admissions,oAEDBaHndIM,Ci9eCUwUwQP,"New Admissions, 0-5Mths, Male",2025-06-14 12:31:53.170 +0300,2025-06-14 12:31:53.170 +0300
4001,1.3.28,Nutrition Services,,,, NA02b ,No. of SAM clients in OTC - New Admissions,oAEDBaHndIM,QrqE7OWhVeB,"New Admissions, 10-19Yrs, Female",2025-06-14 12:31:53.170 +0300,2025-06-14 12:31:53.170 +0300
4002,1.3.28,Nutrition Services,,,, NA02b ,No. of SAM clients in OTC - New Admissions,oAEDBaHndIM,pfTxuYyotnV,"New Admissions, 10-19Yrs, Male",2025-06-14 12:31:53.170 +0300,2025-06-14 12:31:53.170 +0300
4003,1.3.28,Nutrition Services,,,, NA02b ,No. of SAM clients in OTC - New Admissions,oAEDBaHndIM,MXSoFC86Ahc,"New Admissions, 20-24 years, Female",2025-06-14 12:31:53.170 +0300,2025-06-14 12:31:53.170 +0300
4004,1.3.28,Nutrition Services,,,, NA02b ,No. of SAM clients in OTC - New Admissions,oAEDBaHndIM,DmQ8Y9AnCxD,"New Admissions, 20-24 years, Male",2025-06-14 12:31:53.170 +0300,2025-06-14 12:31:53.170 +0300
4005,1.3.28,Nutrition Services,,,, NA02b ,No. of SAM clients in OTC - New Admissions,oAEDBaHndIM,Qem4ikoJsq5,"New Admissions, 20-24Yrs, Female",2025-06-14 12:31:53.170 +0300,2025-06-14 12:31:53.170 +0300
4006,1.3.28,Nutrition Services,,,, NA02b ,No. of SAM clients in OTC - New Admissions,oAEDBaHndIM,Ex14XEcNTYe,"New Admissions, 20-24Yrs, Male",2025-06-14 12:31:53.170 +0300,2025-06-14 12:31:53.170 +0300
4007,1.3.28,Nutrition Services,,,, NA02b ,No. of SAM clients in OTC - New Admissions,oAEDBaHndIM,PoUru59Widt,"New Admissions, 24-59Mths, Female",2025-06-14 12:31:53.170 +0300,2025-06-14 12:31:53.170 +0300
4008,1.3.28,Nutrition Services,,,, NA02b ,No. of SAM clients in OTC - New Admissions,oAEDBaHndIM,PHFpYNuhfMH,"New Admissions, 24-59Mths, Male",2025-06-14 12:31:53.170 +0300,2025-06-14 12:31:53.170 +0300
4009,1.3.28,Nutrition Services,,,, NA02b ,No. of SAM clients in OTC - New Admissions,oAEDBaHndIM,LCjg0P31aHC,"New Admissions, 25+Yrs, Female",2025-06-14 12:31:53.170 +0300,2025-06-14 12:31:53.170 +0300
4010,1.3.28,Nutrition Services,,,, NA02b ,No. of SAM clients in OTC - New Admissions,oAEDBaHndIM,QM4GJFRQLmV,"New Admissions, 25+Yrs, Male",2025-06-14 12:31:53.170 +0300,2025-06-14 12:31:53.170 +0300
4011,1.3.28,Nutrition Services,,,, NA02b ,No. of SAM clients in OTC - New Admissions,oAEDBaHndIM,f2iM221U5rR,"New Admissions, 29Dys-4Yrs, Female",2025-06-14 12:31:53.170 +0300,2025-06-14 12:31:53.170 +0300
4012,1.3.28,Nutrition Services,,,, NA02b ,No. of SAM clients in OTC - New Admissions,oAEDBaHndIM,EtK0PEB6h8o,"New Admissions, 29Dys-4Yrs, Male",2025-06-14 12:31:53.170 +0300,2025-06-14 12:31:53.170 +0300
4013,1.3.28,Nutrition Services,,,, NA02b ,No. of SAM clients in OTC - New Admissions,oAEDBaHndIM,Z5sztcD02uR,"New Admissions, 5 - 9 yrs, Female",2025-06-14 12:31:53.170 +0300,2025-06-14 12:31:53.170 +0300
4014,1.3.28,Nutrition Services,,,, NA02b ,No. of SAM clients in OTC - New Admissions,oAEDBaHndIM,hDCZ0jTrzuh,"New Admissions, 5-9Yrs, Female",2025-06-14 12:31:53.170 +0300,2025-06-14 12:31:53.170 +0300
4015,1.3.28,Nutrition Services,,,, NA02b ,No. of SAM clients in OTC - New Admissions,oAEDBaHndIM,WQwFNS8stqH,"New Admissions, 5 - 9 yrs, Male",2025-06-14 12:31:53.170 +0300,2025-06-14 12:31:53.170 +0300
4016,1.3.28,Nutrition Services,,,, NA02b ,No. of SAM clients in OTC - New Admissions,oAEDBaHndIM,gAF8bMtDHIO,"New Admissions, 5-9Yrs, Male",2025-06-14 12:31:53.170 +0300,2025-06-14 12:31:53.170 +0300
4017,1.3.28,Nutrition Services,,,, NA02b ,No. of SAM clients in OTC - New Admissions,oAEDBaHndIM,CaUE5HuVefS,"New Admissions, 6-11Mths, Female",2025-06-14 12:31:53.170 +0300,2025-06-14 12:31:53.170 +0300
4018,1.3.28,Nutrition Services,,,, NA02b ,No. of SAM clients in OTC - New Admissions,oAEDBaHndIM,UaxWbFflSjf,"New Admissions, 6-11Mths, Male",2025-06-14 12:31:53.170 +0300,2025-06-14 12:31:53.170 +0300
4019,1.3.28,Nutrition Services,,,, NA02b ,No. of SAM clients in OTC - New Admissions,oAEDBaHndIM,FUI0aox8rli,"New Admissions, 6-23Mths, Female",2025-06-14 12:31:53.170 +0300,2025-06-14 12:31:53.170 +0300
4020,1.3.28,Nutrition Services,,,, NA02b ,No. of SAM clients in OTC - New Admissions,oAEDBaHndIM,yRZWB4ePZQB,"New Admissions, 6-23Mths, Male",2025-06-14 12:31:53.170 +0300,2025-06-14 12:31:53.170 +0300
4021,1.3.28,Nutrition Services,,,, NA02c ,No. of SAM clients in OTC - Re-Admissions (Relapse) ,oAEDBaHndIM,DEwGEOgnZOY,"Re-admissions(Relapse), 0-28Dys, Female",2025-06-14 12:31:53.170 +0300,2025-06-14 12:31:53.170 +0300
4022,1.3.28,Nutrition Services,,,, NA02c ,No. of SAM clients in OTC - Re-Admissions (Relapse) ,oAEDBaHndIM,BSdSincrLwV,"Re-admissions(Relapse), 0-28Dys, Male",2025-06-14 12:31:53.170 +0300,2025-06-14 12:31:53.170 +0300
4023,1.3.28,Nutrition Services,,,, NA02c ,No. of SAM clients in OTC - Re-Admissions (Relapse) ,oAEDBaHndIM,r5ly5kAR64j,"Re-admissions(Relapse), 0-5Mths, Female",2025-06-14 12:31:53.170 +0300,2025-06-14 12:31:53.170 +0300
4024,1.3.28,Nutrition Services,,,, NA02c ,No. of SAM clients in OTC - Re-Admissions (Relapse) ,oAEDBaHndIM,BgseGQCGxCU,"Re-admissions(Relapse), 0-5Mths, Male",2025-06-14 12:31:53.170 +0300,2025-06-14 12:31:53.170 +0300
4025,1.3.28,Nutrition Services,,,, NA02c ,No. of SAM clients in OTC - Re-Admissions (Relapse) ,oAEDBaHndIM,Yds4K321ZsD,"Re-admissions(Relapse), 10-19Yrs, Female",2025-06-14 12:31:53.170 +0300,2025-06-14 12:31:53.170 +0300
4026,1.3.28,Nutrition Services,,,, NA02c ,No. of SAM clients in OTC - Re-Admissions (Relapse) ,oAEDBaHndIM,ALtnybrdfBS,"Re-admissions(Relapse), 10-19Yrs, Male",2025-06-14 12:31:53.170 +0300,2025-06-14 12:31:53.170 +0300
4027,1.3.28,Nutrition Services,,,, NA02c ,No. of SAM clients in OTC - Re-Admissions (Relapse) ,oAEDBaHndIM,oPlJS6QJzd4,"Re-admissions(Relapse), 20-24 years, Female",2025-06-14 12:31:53.170 +0300,2025-06-14 12:31:53.170 +0300
4028,1.3.28,Nutrition Services,,,, NA02c ,No. of SAM clients in OTC - Re-Admissions (Relapse) ,oAEDBaHndIM,H05GbJDKjmS,"Re-admissions(Relapse), 20-24 years, Male",2025-06-14 12:31:53.170 +0300,2025-06-14 12:31:53.170 +0300
4029,1.3.28,Nutrition Services,,,, NA02c ,No. of SAM clients in OTC - Re-Admissions (Relapse) ,oAEDBaHndIM,IVyX9FEOY9Q,"Re-admissions(Relapse), 20-24Yrs, Female",2025-06-14 12:31:53.170 +0300,2025-06-14 12:31:53.170 +0300
4030,1.3.28,Nutrition Services,,,, NA02c ,No. of SAM clients in OTC - Re-Admissions (Relapse) ,oAEDBaHndIM,bAl641zVoGl,"Re-admissions(Relapse), 20-24Yrs, Male",2025-06-14 12:31:53.170 +0300,2025-06-14 12:31:53.170 +0300
4031,1.3.28,Nutrition Services,,,, NA02c ,No. of SAM clients in OTC - Re-Admissions (Relapse) ,oAEDBaHndIM,Ad0b5RlyTyD,"Re-admissions(Relapse), 24-59Mths, Female",2025-06-14 12:31:53.170 +0300,2025-06-14 12:31:53.170 +0300
4032,1.3.28,Nutrition Services,,,, NA02c ,No. of SAM clients in OTC - Re-Admissions (Relapse) ,oAEDBaHndIM,HC2p8FsYUxv,"Re-admissions(Relapse), 24-59Mths, Male",2025-06-14 12:31:53.170 +0300,2025-06-14 12:31:53.170 +0300
4033,1.3.28,Nutrition Services,,,, NA02c ,No. of SAM clients in OTC - Re-Admissions (Relapse) ,oAEDBaHndIM,gZj5EmCN3bW,"Re-admissions(Relapse), 25+Yrs, Female",2025-06-14 12:31:53.170 +0300,2025-06-14 12:31:53.170 +0300
4034,1.3.28,Nutrition Services,,,, NA02c ,No. of SAM clients in OTC - Re-Admissions (Relapse) ,oAEDBaHndIM,aUYhzD1F7AL,"Re-admissions(Relapse), 25+Yrs, Male",2025-06-14 12:31:53.170 +0300,2025-06-14 12:31:53.170 +0300
4035,1.3.28,Nutrition Services,,,, NA02c ,No. of SAM clients in OTC - Re-Admissions (Relapse) ,oAEDBaHndIM,Wi88JI3H6Zz,"Re-admissions(Relapse), 29Dys-4Yrs, Female",2025-06-14 12:31:53.170 +0300,2025-06-14 12:31:53.170 +0300
4036,1.3.28,Nutrition Services,,,, NA02c ,No. of SAM clients in OTC - Re-Admissions (Relapse) ,oAEDBaHndIM,brS9u8wcf1j,"Re-admissions(Relapse), 29Dys-4Yrs, Male",2025-06-14 12:31:53.170 +0300,2025-06-14 12:31:53.170 +0300
4037,1.3.28,Nutrition Services,,,, NA02c ,No. of SAM clients in OTC - Re-Admissions (Relapse) ,oAEDBaHndIM,EkGOmoO5HJW,"Re-admissions(Relapse), 5 - 9 yrs, Female",2025-06-14 12:31:53.170 +0300,2025-06-14 12:31:53.170 +0300
4038,1.3.28,Nutrition Services,,,, NA02c ,No. of SAM clients in OTC - Re-Admissions (Relapse) ,oAEDBaHndIM,t04LFTWtr4j,"Re-admissions(Relapse), 5-9Yrs, Female",2025-06-14 12:31:53.170 +0300,2025-06-14 12:31:53.170 +0300
4039,1.3.28,Nutrition Services,,,, NA02c ,No. of SAM clients in OTC - Re-Admissions (Relapse) ,oAEDBaHndIM,RdWtoSsZ2Et,"Re-admissions(Relapse), 5 - 9 yrs, Male",2025-06-14 12:31:53.170 +0300,2025-06-14 12:31:53.170 +0300
4040,1.3.28,Nutrition Services,,,, NA02c ,No. of SAM clients in OTC - Re-Admissions (Relapse) ,oAEDBaHndIM,yC8mYF8cfhA,"Re-admissions(Relapse), 5-9Yrs, Male",2025-06-14 12:31:53.170 +0300,2025-06-14 12:31:53.170 +0300
4041,1.3.28,Nutrition Services,,,, NA02c ,No. of SAM clients in OTC - Re-Admissions (Relapse) ,oAEDBaHndIM,QezmjYQFAI0,"Re-admissions(Relapse), 6-11Mths, Female",2025-06-14 12:31:53.170 +0300,2025-06-14 12:31:53.170 +0300
4042,1.3.28,Nutrition Services,,,, NA02c ,No. of SAM clients in OTC - Re-Admissions (Relapse) ,oAEDBaHndIM,IlPeCLpmpfM,"Re-admissions(Relapse), 6-11Mths, Male",2025-06-14 12:31:53.170 +0300,2025-06-14 12:31:53.170 +0300
4043,1.3.28,Nutrition Services,,,, NA02c ,No. of SAM clients in OTC - Re-Admissions (Relapse) ,oAEDBaHndIM,VsIEv29Z2WQ,"Re-admissions(Relapse), 6-23Mths, Female",2025-06-14 12:31:53.170 +0300,2025-06-14 12:31:53.170 +0300
4044,1.3.28,Nutrition Services,,,, NA02c ,No. of SAM clients in OTC - Re-Admissions (Relapse) ,oAEDBaHndIM,w2x7wisZ9gU,"Re-admissions(Relapse), 6-23Mths, Male",2025-06-14 12:31:53.170 +0300,2025-06-14 12:31:53.170 +0300
4045,1.3.28,Nutrition Services,,,, NA02d ,No. of SAM clients in OTC - Re-Admissions (Defaulters) ,oAEDBaHndIM,CdL1uMCrxqh,"Re-admissions(Defaulters), 0-28Dys, Female",2025-06-14 12:31:53.170 +0300,2025-06-14 12:31:53.170 +0300
4046,1.3.28,Nutrition Services,,,, NA02d ,No. of SAM clients in OTC - Re-Admissions (Defaulters) ,oAEDBaHndIM,jUNt5RnQ6P6,"Re-admissions(Defaulters), 0-28Dys, Male",2025-06-14 12:31:53.170 +0300,2025-06-14 12:31:53.170 +0300
4047,1.3.28,Nutrition Services,,,, NA02d ,No. of SAM clients in OTC - Re-Admissions (Defaulters) ,oAEDBaHndIM,JpLTizFWhl5,"Re-admissions(Defaulters), 0-5Mths, Female",2025-06-14 12:31:53.170 +0300,2025-06-14 12:31:53.170 +0300
4048,1.3.28,Nutrition Services,,,, NA02d ,No. of SAM clients in OTC - Re-Admissions (Defaulters) ,oAEDBaHndIM,qijpicKfOuI,"Re-admissions(Defaulters), 0-5Mths, Male",2025-06-14 12:31:53.170 +0300,2025-06-14 12:31:53.170 +0300
4049,1.3.28,Nutrition Services,,,, NA02d ,No. of SAM clients in OTC - Re-Admissions (Defaulters) ,oAEDBaHndIM,Nreu6qZSYRm,"Re-admissions(Defaulters), 10-19Yrs, Female",2025-06-14 12:31:53.170 +0300,2025-06-14 12:31:53.170 +0300
4050,1.3.28,Nutrition Services,,,, NA02d ,No. of SAM clients in OTC - Re-Admissions (Defaulters) ,oAEDBaHndIM,mB81kX8i1nT,"Re-admissions(Defaulters), 10-19Yrs, Male",2025-06-14 12:31:53.170 +0300,2025-06-14 12:31:53.170 +0300
4051,1.3.28,Nutrition Services,,,, NA02d ,No. of SAM clients in OTC - Re-Admissions (Defaulters) ,oAEDBaHndIM,hRfuxjPXadc,"Re-admissions(Defaulters), 20-24 years, Female",2025-06-14 12:31:53.170 +0300,2025-06-14 12:31:53.170 +0300
4052,1.3.28,Nutrition Services,,,, NA02d ,No. of SAM clients in OTC - Re-Admissions (Defaulters) ,oAEDBaHndIM,WeM511kONAT,"Re-admissions(Defaulters), 20-24 years, Male",2025-06-14 12:31:53.170 +0300,2025-06-14 12:31:53.170 +0300
4053,1.3.28,Nutrition Services,,,, NA02d ,No. of SAM clients in OTC - Re-Admissions (Defaulters) ,oAEDBaHndIM,n1XiMuK9lkO,"Re-admissions(Defaulters), 20-24Yrs, Female",2025-06-14 12:31:53.170 +0300,2025-06-14 12:31:53.170 +0300
4054,1.3.28,Nutrition Services,,,, NA02d ,No. of SAM clients in OTC - Re-Admissions (Defaulters) ,oAEDBaHndIM,vUqqqBLqtno,"Re-admissions(Defaulters), 20-24Yrs, Male",2025-06-14 12:31:53.170 +0300,2025-06-14 12:31:53.170 +0300
4055,1.3.28,Nutrition Services,,,, NA02d ,No. of SAM clients in OTC - Re-Admissions (Defaulters) ,oAEDBaHndIM,OeKkFirtg64,"Re-admissions(Defaulters), 24-59Mths, Female",2025-06-14 12:31:53.170 +0300,2025-06-14 12:31:53.170 +0300
4056,1.3.28,Nutrition Services,,,, NA02d ,No. of SAM clients in OTC - Re-Admissions (Defaulters) ,oAEDBaHndIM,Ayn4HI0Ujih,"Re-admissions(Defaulters), 24-59Mths, Male",2025-06-14 12:31:53.170 +0300,2025-06-14 12:31:53.170 +0300
4057,1.3.28,Nutrition Services,,,, NA02d ,No. of SAM clients in OTC - Re-Admissions (Defaulters) ,oAEDBaHndIM,YQGY58YcNXd,"Re-admissions(Defaulters), 25+Yrs, Female",2025-06-14 12:31:53.170 +0300,2025-06-14 12:31:53.170 +0300
4058,1.3.28,Nutrition Services,,,, NA02d ,No. of SAM clients in OTC - Re-Admissions (Defaulters) ,oAEDBaHndIM,BqoNkhsUtD0,"Re-admissions(Defaulters), 25+Yrs, Male",2025-06-14 12:31:53.170 +0300,2025-06-14 12:31:53.170 +0300
4059,1.3.28,Nutrition Services,,,, NA02d ,No. of SAM clients in OTC - Re-Admissions (Defaulters) ,oAEDBaHndIM,C4VVQsYtSZl,"Re-admissions(Defaulters), 29Dys-4Yrs, Female",2025-06-14 12:31:53.170 +0300,2025-06-14 12:31:53.170 +0300
4060,1.3.28,Nutrition Services,,,, NA02d ,No. of SAM clients in OTC - Re-Admissions (Defaulters) ,oAEDBaHndIM,LjcrQdljrDn,"Re-admissions(Defaulters), 29Dys-4Yrs, Male",2025-06-14 12:31:53.170 +0300,2025-06-14 12:31:53.170 +0300
4061,1.3.28,Nutrition Services,,,, NA02d ,No. of SAM clients in OTC - Re-Admissions (Defaulters) ,oAEDBaHndIM,k9X5VFixGwT,"Re-admissions(Defaulters), 5 - 9 yrs, Female",2025-06-14 12:31:53.170 +0300,2025-06-14 12:31:53.170 +0300
4062,1.3.28,Nutrition Services,,,, NA02d ,No. of SAM clients in OTC - Re-Admissions (Defaulters) ,oAEDBaHndIM,GTJgS6xSnEJ,"Re-admissions(Defaulters), 5-9Yrs, Female",2025-06-14 12:31:53.170 +0300,2025-06-14 12:31:53.170 +0300
4063,1.3.28,Nutrition Services,,,, NA02d ,No. of SAM clients in OTC - Re-Admissions (Defaulters) ,oAEDBaHndIM,iC9oTtswCjr,"Re-admissions(Defaulters), 5 - 9 yrs, Male",2025-06-14 12:31:53.170 +0300,2025-06-14 12:31:53.170 +0300
4064,1.3.28,Nutrition Services,,,, NA02d ,No. of SAM clients in OTC - Re-Admissions (Defaulters) ,oAEDBaHndIM,mNbFXGMWacG,"Re-admissions(Defaulters), 5-9Yrs, Male",2025-06-14 12:31:53.170 +0300,2025-06-14 12:31:53.170 +0300
4065,1.3.28,Nutrition Services,,,, NA02d ,No. of SAM clients in OTC - Re-Admissions (Defaulters) ,oAEDBaHndIM,yCjzpYkiFYT,"Re-admissions(Defaulters), 6-11Mths, Female",2025-06-14 12:31:53.170 +0300,2025-06-14 12:31:53.170 +0300
4066,1.3.28,Nutrition Services,,,, NA02d ,No. of SAM clients in OTC - Re-Admissions (Defaulters) ,oAEDBaHndIM,Xzs8VrVsMdU,"Re-admissions(Defaulters), 6-11Mths, Male",2025-06-14 12:31:53.170 +0300,2025-06-14 12:31:53.170 +0300
4067,1.3.28,Nutrition Services,,,, NA02d ,No. of SAM clients in OTC - Re-Admissions (Defaulters) ,oAEDBaHndIM,agkv6HbPChy,"Re-admissions(Defaulters), 6-23Mths, Female",2025-06-14 12:31:53.170 +0300,2025-06-14 12:31:53.170 +0300
4068,1.3.28,Nutrition Services,,,, NA02d ,No. of SAM clients in OTC - Re-Admissions (Defaulters) ,oAEDBaHndIM,gOoWu5QD5Sh,"Re-admissions(Defaulters), 6-23Mths, Male",2025-06-14 12:31:53.170 +0300,2025-06-14 12:31:53.170 +0300
4069,1.3.28,Nutrition Services,,,, NA02e ,No. of SAM clients in OTC - Transfer in OTC,oAEDBaHndIM,pJIG4TLplAm,"Transfer in, 0-28Dys, Female",2025-06-14 12:31:53.170 +0300,2025-06-14 12:31:53.170 +0300
4070,1.3.28,Nutrition Services,,,, NA02e ,No. of SAM clients in OTC - Transfer in OTC,oAEDBaHndIM,XMe3vdOoTEk,"Transfer in, 0-28Dys, Male",2025-06-14 12:31:53.170 +0300,2025-06-14 12:31:53.170 +0300
4071,1.3.28,Nutrition Services,,,, NA02e ,No. of SAM clients in OTC - Transfer in OTC,oAEDBaHndIM,wTHAaf23XNU,"Transfer in, 0-5Mths, Female",2025-06-14 12:31:53.170 +0300,2025-06-14 12:31:53.170 +0300
4072,1.3.28,Nutrition Services,,,, NA02e ,No. of SAM clients in OTC - Transfer in OTC,oAEDBaHndIM,TGJ6Pdu0Ing,"Transfer in, 0-5Mths, Male",2025-06-14 12:31:53.170 +0300,2025-06-14 12:31:53.170 +0300
4073,1.3.28,Nutrition Services,,,, NA02e ,No. of SAM clients in OTC - Transfer in OTC,oAEDBaHndIM,z37NEYRcci4,"Transfer in, 10-19Yrs, Female",2025-06-14 12:31:53.170 +0300,2025-06-14 12:31:53.170 +0300
4074,1.3.28,Nutrition Services,,,, NA02e ,No. of SAM clients in OTC - Transfer in OTC,oAEDBaHndIM,rjGeqiQxgWg,"Transfer in, 10-19Yrs, Male",2025-06-14 12:31:53.170 +0300,2025-06-14 12:31:53.170 +0300
4075,1.3.28,Nutrition Services,,,, NA02e ,No. of SAM clients in OTC - Transfer in OTC,oAEDBaHndIM,OasbOagtHFu,"Transfer in, 20-24 years, Female",2025-06-14 12:31:53.170 +0300,2025-06-14 12:31:53.170 +0300
4076,1.3.28,Nutrition Services,,,, NA02e ,No. of SAM clients in OTC - Transfer in OTC,oAEDBaHndIM,MRSXKs0LoBz,"Transfer in, 20-24 years, Male",2025-06-14 12:31:53.170 +0300,2025-06-14 12:31:53.170 +0300
4077,1.3.28,Nutrition Services,,,, NA02e ,No. of SAM clients in OTC - Transfer in OTC,oAEDBaHndIM,fSJUxJA6Xbl,"Transfer in, 20-24Yrs, Female",2025-06-14 12:31:53.170 +0300,2025-06-14 12:31:53.170 +0300
4078,1.3.28,Nutrition Services,,,, NA02e ,No. of SAM clients in OTC - Transfer in OTC,oAEDBaHndIM,GpNEYDeVas6,"Transfer in, 20-24Yrs, Male",2025-06-14 12:31:53.170 +0300,2025-06-14 12:31:53.170 +0300
4079,1.3.28,Nutrition Services,,,, NA02e ,No. of SAM clients in OTC - Transfer in OTC,oAEDBaHndIM,fgInS7gwlWa,"Transfer in, 24-59Mths, Female",2025-06-14 12:31:53.170 +0300,2025-06-14 12:31:53.170 +0300
4080,1.3.28,Nutrition Services,,,, NA02e ,No. of SAM clients in OTC - Transfer in OTC,oAEDBaHndIM,mufD9pb9Uez,"Transfer in, 24-59Mths, Male",2025-06-14 12:31:53.170 +0300,2025-06-14 12:31:53.170 +0300
4081,1.3.28,Nutrition Services,,,, NA02e ,No. of SAM clients in OTC - Transfer in OTC,oAEDBaHndIM,kCD248o8ZcE,"Transfer in, 25+Yrs, Female",2025-06-14 12:31:53.170 +0300,2025-06-14 12:31:53.170 +0300
4082,1.3.28,Nutrition Services,,,, NA02e ,No. of SAM clients in OTC - Transfer in OTC,oAEDBaHndIM,onsWC7ah5F4,"Transfer in, 25+Yrs, Male",2025-06-14 12:31:53.170 +0300,2025-06-14 12:31:53.170 +0300
4083,1.3.28,Nutrition Services,,,, NA02e ,No. of SAM clients in OTC - Transfer in OTC,oAEDBaHndIM,s9mkpMBx1If,"Transfer in, 29Dys-4Yrs, Female",2025-06-14 12:31:53.170 +0300,2025-06-14 12:31:53.170 +0300
4084,1.3.28,Nutrition Services,,,, NA02e ,No. of SAM clients in OTC - Transfer in OTC,oAEDBaHndIM,tRF9ALoWAEE,"Transfer in, 29Dys-4Yrs, Male",2025-06-14 12:31:53.170 +0300,2025-06-14 12:31:53.170 +0300
4085,1.3.28,Nutrition Services,,,, NA02e ,No. of SAM clients in OTC - Transfer in OTC,oAEDBaHndIM,G5ci7PXGFdx,"Transfer in, 5 - 9 yrs, Female",2025-06-14 12:31:53.170 +0300,2025-06-14 12:31:53.170 +0300
4086,1.3.28,Nutrition Services,,,, NA02e ,No. of SAM clients in OTC - Transfer in OTC,oAEDBaHndIM,QaYG6wCdnc9,"Transfer in, 5-9Yrs, Female",2025-06-14 12:31:53.170 +0300,2025-06-14 12:31:53.170 +0300
4087,1.3.28,Nutrition Services,,,, NA02e ,No. of SAM clients in OTC - Transfer in OTC,oAEDBaHndIM,Vhleslo54uW,"Transfer in, 5 - 9 yrs, Male",2025-06-14 12:31:53.170 +0300,2025-06-14 12:31:53.170 +0300
4088,1.3.28,Nutrition Services,,,, NA02e ,No. of SAM clients in OTC - Transfer in OTC,oAEDBaHndIM,kyEbRFMV4w7,"Transfer in, 5-9Yrs, Male",2025-06-14 12:31:53.170 +0300,2025-06-14 12:31:53.170 +0300
4089,1.3.28,Nutrition Services,,,, NA02e ,No. of SAM clients in OTC - Transfer in OTC,oAEDBaHndIM,C6Rmd6K9lZ9,"Transfer in, 6-11Mths, Female",2025-06-14 12:31:53.170 +0300,2025-06-14 12:31:53.170 +0300
4090,1.3.28,Nutrition Services,,,, NA02e ,No. of SAM clients in OTC - Transfer in OTC,oAEDBaHndIM,tOx7SA9GaEN,"Transfer in, 6-11Mths, Male",2025-06-14 12:31:53.170 +0300,2025-06-14 12:31:53.170 +0300
4091,1.3.28,Nutrition Services,,,, NA02e ,No. of SAM clients in OTC - Transfer in OTC,oAEDBaHndIM,zpaxraQng1p,"Transfer in, 6-23Mths, Female",2025-06-14 12:31:53.170 +0300,2025-06-14 12:31:53.170 +0300
4092,1.3.28,Nutrition Services,,,, NA02e ,No. of SAM clients in OTC - Transfer in OTC,oAEDBaHndIM,jp66dqnPk7y,"Transfer in, 6-23Mths, Male",2025-06-14 12:31:53.170 +0300,2025-06-14 12:31:53.170 +0300
3466,1.3.29,Gender Based Violence Services,,,, GBV03      ,No. of SGBV survivors initiated on PEP,Okhx7eMyzty,wmdKsYtMiVy,"45-49Yrs, Male",2025-06-14 12:31:53.170 +0300,2025-06-14 12:31:53.170 +0300
3389,1.3.29,Gender Based Violence Services,,,,GBV01a,No. of clients receiving post GBV clinical care - Sexual Violence,YklCFloHRjd,ml6TgIWWdH3,"10-14Yrs, Female",2025-06-14 12:31:53.170 +0300,2025-06-14 12:31:53.170 +0300
3390,1.3.29,Gender Based Violence Services,,,,GBV01a,No. of clients receiving post GBV clinical care - Sexual Violence,YklCFloHRjd,eObZc3y09Bh,"10-14Yrs, Male",2025-06-14 12:31:53.170 +0300,2025-06-14 12:31:53.170 +0300
3391,1.3.29,Gender Based Violence Services,,,,GBV01a,No. of clients receiving post GBV clinical care - Sexual Violence,YklCFloHRjd,yWIozWpVGde,"<10Yrs, Female",2025-06-14 12:31:53.170 +0300,2025-06-14 12:31:53.170 +0300
3392,1.3.29,Gender Based Violence Services,,,,GBV01a,No. of clients receiving post GBV clinical care - Sexual Violence,YklCFloHRjd,fbr68sqTEKR,"<10Yrs, Male",2025-06-14 12:31:53.170 +0300,2025-06-14 12:31:53.170 +0300
3393,1.3.29,Gender Based Violence Services,,,,GBV01a,No. of clients receiving post GBV clinical care - Sexual Violence,YklCFloHRjd,BSvMtDCiZAJ,"15-19Yrs, Female",2025-06-14 12:31:53.170 +0300,2025-06-14 12:31:53.170 +0300
3394,1.3.29,Gender Based Violence Services,,,,GBV01a,No. of clients receiving post GBV clinical care - Sexual Violence,YklCFloHRjd,vGnxttOzglN,"15-19Yrs, Male",2025-06-14 12:31:53.170 +0300,2025-06-14 12:31:53.170 +0300
3395,1.3.29,Gender Based Violence Services,,,,GBV01a,No. of clients receiving post GBV clinical care - Sexual Violence,YklCFloHRjd,btAQJ4dvcuc,"20-24Yrs, Female",2025-06-14 12:31:53.170 +0300,2025-06-14 12:31:53.170 +0300
3396,1.3.29,Gender Based Violence Services,,,,GBV01a,No. of clients receiving post GBV clinical care - Sexual Violence,YklCFloHRjd,rC7np2aSgzQ,"20-24Yrs, Male",2025-06-14 12:31:53.170 +0300,2025-06-14 12:31:53.170 +0300
3397,1.3.29,Gender Based Violence Services,,,,GBV01a,No. of clients receiving post GBV clinical care - Sexual Violence,YklCFloHRjd,iz3jhBFrFop,"25-29Yrs, Female",2025-06-14 12:31:53.170 +0300,2025-06-14 12:31:53.170 +0300
3398,1.3.29,Gender Based Violence Services,,,,GBV01a,No. of clients receiving post GBV clinical care - Sexual Violence,YklCFloHRjd,ATVgV0shmyv,"25-29Yrs, Male",2025-06-14 12:31:53.170 +0300,2025-06-14 12:31:53.170 +0300
3399,1.3.29,Gender Based Violence Services,,,,GBV01a,No. of clients receiving post GBV clinical care - Sexual Violence,YklCFloHRjd,AnF164KvhgZ,"30-34Yrs, Female",2025-06-14 12:31:53.170 +0300,2025-06-14 12:31:53.170 +0300
3400,1.3.29,Gender Based Violence Services,,,,GBV01a,No. of clients receiving post GBV clinical care - Sexual Violence,YklCFloHRjd,YJbmxtwZ2Dp,"30-34Yrs, Male",2025-06-14 12:31:53.170 +0300,2025-06-14 12:31:53.170 +0300
3401,1.3.29,Gender Based Violence Services,,,,GBV01a,No. of clients receiving post GBV clinical care - Sexual Violence,YklCFloHRjd,WqJhXlm3j9S,"35-39Yrs, Female",2025-06-14 12:31:53.170 +0300,2025-06-14 12:31:53.170 +0300
3402,1.3.29,Gender Based Violence Services,,,,GBV01a,No. of clients receiving post GBV clinical care - Sexual Violence,YklCFloHRjd,tJ9I0GJyrsJ,"35-39Yrs, Male",2025-06-14 12:31:53.170 +0300,2025-06-14 12:31:53.170 +0300
3403,1.3.29,Gender Based Violence Services,,,,GBV01a,No. of clients receiving post GBV clinical care - Sexual Violence,YklCFloHRjd,GMBwC7m2Tea,"40-44Yrs, Female",2025-06-14 12:31:53.170 +0300,2025-06-14 12:31:53.170 +0300
3404,1.3.29,Gender Based Violence Services,,,,GBV01a,No. of clients receiving post GBV clinical care - Sexual Violence,YklCFloHRjd,UOY7hA2xpUA,"40-44Yrs, Male",2025-06-14 12:31:53.170 +0300,2025-06-14 12:31:53.170 +0300
3405,1.3.29,Gender Based Violence Services,,,,GBV01a,No. of clients receiving post GBV clinical care - Sexual Violence,YklCFloHRjd,AW05HSHAq0i,"45-49Yrs, Female",2025-06-14 12:31:53.170 +0300,2025-06-14 12:31:53.170 +0300
3406,1.3.29,Gender Based Violence Services,,,,GBV01a,No. of clients receiving post GBV clinical care - Sexual Violence,YklCFloHRjd,wmdKsYtMiVy,"45-49Yrs, Male",2025-06-14 12:31:53.170 +0300,2025-06-14 12:31:53.170 +0300
3407,1.3.29,Gender Based Violence Services,,,,GBV01a,No. of clients receiving post GBV clinical care - Sexual Violence,YklCFloHRjd,ZTykIzgbe7T,"50+Yrs, Female",2025-06-14 12:31:53.170 +0300,2025-06-14 12:31:53.170 +0300
3408,1.3.29,Gender Based Violence Services,,,,GBV01a,No. of clients receiving post GBV clinical care - Sexual Violence,YklCFloHRjd,lLNRDZPsnOs,"50+Yrs, Male",2025-06-14 12:31:53.170 +0300,2025-06-14 12:31:53.170 +0300
3409,1.3.29,Gender Based Violence Services,,,,GBV01b,No. of clients receiving post GBV clinical care - Physical/Emotional Violence,Oq2D5NlAaZH,ml6TgIWWdH3,"10-14Yrs, Female",2025-06-14 12:31:53.170 +0300,2025-06-14 12:31:53.170 +0300
3410,1.3.29,Gender Based Violence Services,,,,GBV01b,No. of clients receiving post GBV clinical care - Physical/Emotional Violence,Oq2D5NlAaZH,eObZc3y09Bh,"10-14Yrs, Male",2025-06-14 12:31:53.170 +0300,2025-06-14 12:31:53.170 +0300
3411,1.3.29,Gender Based Violence Services,,,,GBV01b,No. of clients receiving post GBV clinical care - Physical/Emotional Violence,Oq2D5NlAaZH,yWIozWpVGde,"<10Yrs, Female",2025-06-14 12:31:53.170 +0300,2025-06-14 12:31:53.170 +0300
3412,1.3.29,Gender Based Violence Services,,,,GBV01b,No. of clients receiving post GBV clinical care - Physical/Emotional Violence,Oq2D5NlAaZH,fbr68sqTEKR,"<10Yrs, Male",2025-06-14 12:31:53.170 +0300,2025-06-14 12:31:53.170 +0300
3413,1.3.29,Gender Based Violence Services,,,,GBV01b,No. of clients receiving post GBV clinical care - Physical/Emotional Violence,Oq2D5NlAaZH,BSvMtDCiZAJ,"15-19Yrs, Female",2025-06-14 12:31:53.170 +0300,2025-06-14 12:31:53.170 +0300
3414,1.3.29,Gender Based Violence Services,,,,GBV01b,No. of clients receiving post GBV clinical care - Physical/Emotional Violence,Oq2D5NlAaZH,vGnxttOzglN,"15-19Yrs, Male",2025-06-14 12:31:53.170 +0300,2025-06-14 12:31:53.170 +0300
3415,1.3.29,Gender Based Violence Services,,,,GBV01b,No. of clients receiving post GBV clinical care - Physical/Emotional Violence,Oq2D5NlAaZH,btAQJ4dvcuc,"20-24Yrs, Female",2025-06-14 12:31:53.170 +0300,2025-06-14 12:31:53.170 +0300
3416,1.3.29,Gender Based Violence Services,,,,GBV01b,No. of clients receiving post GBV clinical care - Physical/Emotional Violence,Oq2D5NlAaZH,rC7np2aSgzQ,"20-24Yrs, Male",2025-06-14 12:31:53.170 +0300,2025-06-14 12:31:53.170 +0300
3417,1.3.29,Gender Based Violence Services,,,,GBV01b,No. of clients receiving post GBV clinical care - Physical/Emotional Violence,Oq2D5NlAaZH,iz3jhBFrFop,"25-29Yrs, Female",2025-06-14 12:31:53.170 +0300,2025-06-14 12:31:53.170 +0300
3418,1.3.29,Gender Based Violence Services,,,,GBV01b,No. of clients receiving post GBV clinical care - Physical/Emotional Violence,Oq2D5NlAaZH,ATVgV0shmyv,"25-29Yrs, Male",2025-06-14 12:31:53.170 +0300,2025-06-14 12:31:53.170 +0300
3419,1.3.29,Gender Based Violence Services,,,,GBV01b,No. of clients receiving post GBV clinical care - Physical/Emotional Violence,Oq2D5NlAaZH,AnF164KvhgZ,"30-34Yrs, Female",2025-06-14 12:31:53.170 +0300,2025-06-14 12:31:53.170 +0300
3420,1.3.29,Gender Based Violence Services,,,,GBV01b,No. of clients receiving post GBV clinical care - Physical/Emotional Violence,Oq2D5NlAaZH,YJbmxtwZ2Dp,"30-34Yrs, Male",2025-06-14 12:31:53.170 +0300,2025-06-14 12:31:53.170 +0300
3421,1.3.29,Gender Based Violence Services,,,,GBV01b,No. of clients receiving post GBV clinical care - Physical/Emotional Violence,Oq2D5NlAaZH,WqJhXlm3j9S,"35-39Yrs, Female",2025-06-14 12:31:53.170 +0300,2025-06-14 12:31:53.170 +0300
3422,1.3.29,Gender Based Violence Services,,,,GBV01b,No. of clients receiving post GBV clinical care - Physical/Emotional Violence,Oq2D5NlAaZH,tJ9I0GJyrsJ,"35-39Yrs, Male",2025-06-14 12:31:53.170 +0300,2025-06-14 12:31:53.170 +0300
3423,1.3.29,Gender Based Violence Services,,,,GBV01b,No. of clients receiving post GBV clinical care - Physical/Emotional Violence,Oq2D5NlAaZH,GMBwC7m2Tea,"40-44Yrs, Female",2025-06-14 12:31:53.170 +0300,2025-06-14 12:31:53.170 +0300
3424,1.3.29,Gender Based Violence Services,,,,GBV01b,No. of clients receiving post GBV clinical care - Physical/Emotional Violence,Oq2D5NlAaZH,UOY7hA2xpUA,"40-44Yrs, Male",2025-06-14 12:31:53.170 +0300,2025-06-14 12:31:53.170 +0300
3425,1.3.29,Gender Based Violence Services,,,,GBV01b,No. of clients receiving post GBV clinical care - Physical/Emotional Violence,Oq2D5NlAaZH,AW05HSHAq0i,"45-49Yrs, Female",2025-06-14 12:31:53.170 +0300,2025-06-14 12:31:53.170 +0300
3426,1.3.29,Gender Based Violence Services,,,,GBV01b,No. of clients receiving post GBV clinical care - Physical/Emotional Violence,Oq2D5NlAaZH,wmdKsYtMiVy,"45-49Yrs, Male",2025-06-14 12:31:53.170 +0300,2025-06-14 12:31:53.170 +0300
3427,1.3.29,Gender Based Violence Services,,,,GBV01b,No. of clients receiving post GBV clinical care - Physical/Emotional Violence,Oq2D5NlAaZH,ZTykIzgbe7T,"50+Yrs, Female",2025-06-14 12:31:53.170 +0300,2025-06-14 12:31:53.170 +0300
3428,1.3.29,Gender Based Violence Services,,,,GBV01b,No. of clients receiving post GBV clinical care - Physical/Emotional Violence,Oq2D5NlAaZH,lLNRDZPsnOs,"50+Yrs, Male",2025-06-14 12:31:53.170 +0300,2025-06-14 12:31:53.170 +0300
3429,1.3.29,Gender Based Violence Services,,,,GBV02,No. of SGBV survivors eligible for PEP,Hcaqv0iF3E8,ml6TgIWWdH3,"10-14Yrs, Female",2025-06-14 12:31:53.170 +0300,2025-06-14 12:31:53.170 +0300
3430,1.3.29,Gender Based Violence Services,,,,GBV02,No. of SGBV survivors eligible for PEP,Hcaqv0iF3E8,eObZc3y09Bh,"10-14Yrs, Male",2025-06-14 12:31:53.170 +0300,2025-06-14 12:31:53.170 +0300
3431,1.3.29,Gender Based Violence Services,,,,GBV02,No. of SGBV survivors eligible for PEP,Hcaqv0iF3E8,yWIozWpVGde,"<10Yrs, Female",2025-06-14 12:31:53.170 +0300,2025-06-14 12:31:53.170 +0300
3432,1.3.29,Gender Based Violence Services,,,,GBV02,No. of SGBV survivors eligible for PEP,Hcaqv0iF3E8,fbr68sqTEKR,"<10Yrs, Male",2025-06-14 12:31:53.170 +0300,2025-06-14 12:31:53.170 +0300
3433,1.3.29,Gender Based Violence Services,,,,GBV02,No. of SGBV survivors eligible for PEP,Hcaqv0iF3E8,BSvMtDCiZAJ,"15-19Yrs, Female",2025-06-14 12:31:53.170 +0300,2025-06-14 12:31:53.170 +0300
3434,1.3.29,Gender Based Violence Services,,,,GBV02,No. of SGBV survivors eligible for PEP,Hcaqv0iF3E8,vGnxttOzglN,"15-19Yrs, Male",2025-06-14 12:31:53.170 +0300,2025-06-14 12:31:53.170 +0300
3435,1.3.29,Gender Based Violence Services,,,,GBV02,No. of SGBV survivors eligible for PEP,Hcaqv0iF3E8,btAQJ4dvcuc,"20-24Yrs, Female",2025-06-14 12:31:53.170 +0300,2025-06-14 12:31:53.170 +0300
3436,1.3.29,Gender Based Violence Services,,,,GBV02,No. of SGBV survivors eligible for PEP,Hcaqv0iF3E8,rC7np2aSgzQ,"20-24Yrs, Male",2025-06-14 12:31:53.170 +0300,2025-06-14 12:31:53.170 +0300
3437,1.3.29,Gender Based Violence Services,,,,GBV02,No. of SGBV survivors eligible for PEP,Hcaqv0iF3E8,iz3jhBFrFop,"25-29Yrs, Female",2025-06-14 12:31:53.170 +0300,2025-06-14 12:31:53.170 +0300
3438,1.3.29,Gender Based Violence Services,,,,GBV02,No. of SGBV survivors eligible for PEP,Hcaqv0iF3E8,ATVgV0shmyv,"25-29Yrs, Male",2025-06-14 12:31:53.170 +0300,2025-06-14 12:31:53.170 +0300
3439,1.3.29,Gender Based Violence Services,,,,GBV02,No. of SGBV survivors eligible for PEP,Hcaqv0iF3E8,AnF164KvhgZ,"30-34Yrs, Female",2025-06-14 12:31:53.170 +0300,2025-06-14 12:31:53.170 +0300
3440,1.3.29,Gender Based Violence Services,,,,GBV02,No. of SGBV survivors eligible for PEP,Hcaqv0iF3E8,YJbmxtwZ2Dp,"30-34Yrs, Male",2025-06-14 12:31:53.170 +0300,2025-06-14 12:31:53.170 +0300
3441,1.3.29,Gender Based Violence Services,,,,GBV02,No. of SGBV survivors eligible for PEP,Hcaqv0iF3E8,WqJhXlm3j9S,"35-39Yrs, Female",2025-06-14 12:31:53.170 +0300,2025-06-14 12:31:53.170 +0300
3442,1.3.29,Gender Based Violence Services,,,,GBV02,No. of SGBV survivors eligible for PEP,Hcaqv0iF3E8,tJ9I0GJyrsJ,"35-39Yrs, Male",2025-06-14 12:31:53.170 +0300,2025-06-14 12:31:53.170 +0300
3443,1.3.29,Gender Based Violence Services,,,,GBV02,No. of SGBV survivors eligible for PEP,Hcaqv0iF3E8,GMBwC7m2Tea,"40-44Yrs, Female",2025-06-14 12:31:53.170 +0300,2025-06-14 12:31:53.170 +0300
3444,1.3.29,Gender Based Violence Services,,,,GBV02,No. of SGBV survivors eligible for PEP,Hcaqv0iF3E8,UOY7hA2xpUA,"40-44Yrs, Male",2025-06-14 12:31:53.170 +0300,2025-06-14 12:31:53.170 +0300
3445,1.3.29,Gender Based Violence Services,,,,GBV02,No. of SGBV survivors eligible for PEP,Hcaqv0iF3E8,AW05HSHAq0i,"45-49Yrs, Female",2025-06-14 12:31:53.170 +0300,2025-06-14 12:31:53.170 +0300
3446,1.3.29,Gender Based Violence Services,,,,GBV02,No. of SGBV survivors eligible for PEP,Hcaqv0iF3E8,wmdKsYtMiVy,"45-49Yrs, Male",2025-06-14 12:31:53.170 +0300,2025-06-14 12:31:53.170 +0300
3447,1.3.29,Gender Based Violence Services,,,,GBV02,No. of SGBV survivors eligible for PEP,Hcaqv0iF3E8,ZTykIzgbe7T,"50+Yrs, Female",2025-06-14 12:31:53.170 +0300,2025-06-14 12:31:53.170 +0300
3448,1.3.29,Gender Based Violence Services,,,,GBV02,No. of SGBV survivors eligible for PEP,Hcaqv0iF3E8,lLNRDZPsnOs,"50+Yrs, Male",2025-06-14 12:31:53.170 +0300,2025-06-14 12:31:53.170 +0300
3449,1.3.29,Gender Based Violence Services,,,, GBV03      ,No. of SGBV survivors initiated on PEP,Okhx7eMyzty,ml6TgIWWdH3,"10-14Yrs, Female",2025-06-14 12:31:53.170 +0300,2025-06-14 12:31:53.170 +0300
3450,1.3.29,Gender Based Violence Services,,,, GBV03      ,No. of SGBV survivors initiated on PEP,Okhx7eMyzty,eObZc3y09Bh,"10-14Yrs, Male",2025-06-14 12:31:53.170 +0300,2025-06-14 12:31:53.170 +0300
3451,1.3.29,Gender Based Violence Services,,,, GBV03      ,No. of SGBV survivors initiated on PEP,Okhx7eMyzty,yWIozWpVGde,"<10Yrs, Female",2025-06-14 12:31:53.170 +0300,2025-06-14 12:31:53.170 +0300
3452,1.3.29,Gender Based Violence Services,,,, GBV03      ,No. of SGBV survivors initiated on PEP,Okhx7eMyzty,fbr68sqTEKR,"<10Yrs, Male",2025-06-14 12:31:53.170 +0300,2025-06-14 12:31:53.170 +0300
3453,1.3.29,Gender Based Violence Services,,,, GBV03      ,No. of SGBV survivors initiated on PEP,Okhx7eMyzty,BSvMtDCiZAJ,"15-19Yrs, Female",2025-06-14 12:31:53.170 +0300,2025-06-14 12:31:53.170 +0300
3454,1.3.29,Gender Based Violence Services,,,, GBV03      ,No. of SGBV survivors initiated on PEP,Okhx7eMyzty,vGnxttOzglN,"15-19Yrs, Male",2025-06-14 12:31:53.170 +0300,2025-06-14 12:31:53.170 +0300
3455,1.3.29,Gender Based Violence Services,,,, GBV03      ,No. of SGBV survivors initiated on PEP,Okhx7eMyzty,btAQJ4dvcuc,"20-24Yrs, Female",2025-06-14 12:31:53.170 +0300,2025-06-14 12:31:53.170 +0300
3456,1.3.29,Gender Based Violence Services,,,, GBV03      ,No. of SGBV survivors initiated on PEP,Okhx7eMyzty,rC7np2aSgzQ,"20-24Yrs, Male",2025-06-14 12:31:53.170 +0300,2025-06-14 12:31:53.170 +0300
3457,1.3.29,Gender Based Violence Services,,,, GBV03      ,No. of SGBV survivors initiated on PEP,Okhx7eMyzty,iz3jhBFrFop,"25-29Yrs, Female",2025-06-14 12:31:53.170 +0300,2025-06-14 12:31:53.170 +0300
3458,1.3.29,Gender Based Violence Services,,,, GBV03      ,No. of SGBV survivors initiated on PEP,Okhx7eMyzty,ATVgV0shmyv,"25-29Yrs, Male",2025-06-14 12:31:53.170 +0300,2025-06-14 12:31:53.170 +0300
3459,1.3.29,Gender Based Violence Services,,,, GBV03      ,No. of SGBV survivors initiated on PEP,Okhx7eMyzty,AnF164KvhgZ,"30-34Yrs, Female",2025-06-14 12:31:53.170 +0300,2025-06-14 12:31:53.170 +0300
3460,1.3.29,Gender Based Violence Services,,,, GBV03      ,No. of SGBV survivors initiated on PEP,Okhx7eMyzty,YJbmxtwZ2Dp,"30-34Yrs, Male",2025-06-14 12:31:53.170 +0300,2025-06-14 12:31:53.170 +0300
3461,1.3.29,Gender Based Violence Services,,,, GBV03      ,No. of SGBV survivors initiated on PEP,Okhx7eMyzty,WqJhXlm3j9S,"35-39Yrs, Female",2025-06-14 12:31:53.170 +0300,2025-06-14 12:31:53.170 +0300
3462,1.3.29,Gender Based Violence Services,,,, GBV03      ,No. of SGBV survivors initiated on PEP,Okhx7eMyzty,tJ9I0GJyrsJ,"35-39Yrs, Male",2025-06-14 12:31:53.170 +0300,2025-06-14 12:31:53.170 +0300
3463,1.3.29,Gender Based Violence Services,,,, GBV03      ,No. of SGBV survivors initiated on PEP,Okhx7eMyzty,GMBwC7m2Tea,"40-44Yrs, Female",2025-06-14 12:31:53.170 +0300,2025-06-14 12:31:53.170 +0300
3464,1.3.29,Gender Based Violence Services,,,, GBV03      ,No. of SGBV survivors initiated on PEP,Okhx7eMyzty,UOY7hA2xpUA,"40-44Yrs, Male",2025-06-14 12:31:53.170 +0300,2025-06-14 12:31:53.170 +0300
3465,1.3.29,Gender Based Violence Services,,,, GBV03      ,No. of SGBV survivors initiated on PEP,Okhx7eMyzty,AW05HSHAq0i,"45-49Yrs, Female",2025-06-14 12:31:53.170 +0300,2025-06-14 12:31:53.170 +0300
3467,1.3.29,Gender Based Violence Services,,,, GBV03      ,No. of SGBV survivors initiated on PEP,Okhx7eMyzty,ZTykIzgbe7T,"50+Yrs, Female",2025-06-14 12:31:53.170 +0300,2025-06-14 12:31:53.170 +0300
3468,1.3.29,Gender Based Violence Services,,,, GBV03      ,No. of SGBV survivors initiated on PEP,Okhx7eMyzty,lLNRDZPsnOs,"50+Yrs, Male",2025-06-14 12:31:53.170 +0300,2025-06-14 12:31:53.170 +0300
3469,1.3.29,Gender Based Violence Services,,,, GBV04,No. of SGBV survivors who completed the PEP dose,WUJaFYImiHS,vGnxttOzglN,"15-19Yrs, Male",2025-06-14 12:31:53.170 +0300,2025-06-14 12:31:53.170 +0300
3470,1.3.29,Gender Based Violence Services,,,, GBV04,No. of SGBV survivors who completed the PEP dose,WUJaFYImiHS,btAQJ4dvcuc,"20-24Yrs, Female",2025-06-14 12:31:53.170 +0300,2025-06-14 12:31:53.170 +0300
3471,1.3.29,Gender Based Violence Services,,,, GBV04,No. of SGBV survivors who completed the PEP dose,WUJaFYImiHS,rC7np2aSgzQ,"20-24Yrs, Male",2025-06-14 12:31:53.170 +0300,2025-06-14 12:31:53.170 +0300
3472,1.3.29,Gender Based Violence Services,,,, GBV04,No. of SGBV survivors who completed the PEP dose,WUJaFYImiHS,iz3jhBFrFop,"25-29Yrs, Female",2025-06-14 12:31:53.170 +0300,2025-06-14 12:31:53.170 +0300
3473,1.3.29,Gender Based Violence Services,,,, GBV04,No. of SGBV survivors who completed the PEP dose,WUJaFYImiHS,ATVgV0shmyv,"25-29Yrs, Male",2025-06-14 12:31:53.170 +0300,2025-06-14 12:31:53.170 +0300
3474,1.3.29,Gender Based Violence Services,,,, GBV04,No. of SGBV survivors who completed the PEP dose,WUJaFYImiHS,AnF164KvhgZ,"30-34Yrs, Female",2025-06-14 12:31:53.170 +0300,2025-06-14 12:31:53.170 +0300
3475,1.3.29,Gender Based Violence Services,,,, GBV04,No. of SGBV survivors who completed the PEP dose,WUJaFYImiHS,YJbmxtwZ2Dp,"30-34Yrs, Male",2025-06-14 12:31:53.170 +0300,2025-06-14 12:31:53.170 +0300
3476,1.3.29,Gender Based Violence Services,,,, GBV04,No. of SGBV survivors who completed the PEP dose,WUJaFYImiHS,WqJhXlm3j9S,"35-39Yrs, Female",2025-06-14 12:31:53.170 +0300,2025-06-14 12:31:53.170 +0300
3477,1.3.29,Gender Based Violence Services,,,, GBV04,No. of SGBV survivors who completed the PEP dose,WUJaFYImiHS,tJ9I0GJyrsJ,"35-39Yrs, Male",2025-06-14 12:31:53.170 +0300,2025-06-14 12:31:53.170 +0300
3478,1.3.29,Gender Based Violence Services,,,, GBV04,No. of SGBV survivors who completed the PEP dose,WUJaFYImiHS,GMBwC7m2Tea,"40-44Yrs, Female",2025-06-14 12:31:53.170 +0300,2025-06-14 12:31:53.170 +0300
3479,1.3.29,Gender Based Violence Services,,,, GBV04,No. of SGBV survivors who completed the PEP dose,WUJaFYImiHS,UOY7hA2xpUA,"40-44Yrs, Male",2025-06-14 12:31:53.170 +0300,2025-06-14 12:31:53.170 +0300
3480,1.3.29,Gender Based Violence Services,,,, GBV04,No. of SGBV survivors who completed the PEP dose,WUJaFYImiHS,AW05HSHAq0i,"45-49Yrs, Female",2025-06-14 12:31:53.170 +0300,2025-06-14 12:31:53.170 +0300
3481,1.3.29,Gender Based Violence Services,,,, GBV04,No. of SGBV survivors who completed the PEP dose,WUJaFYImiHS,wmdKsYtMiVy,"45-49Yrs, Male",2025-06-14 12:31:53.170 +0300,2025-06-14 12:31:53.170 +0300
3482,1.3.29,Gender Based Violence Services,,,, GBV04,No. of SGBV survivors who completed the PEP dose,WUJaFYImiHS,ZTykIzgbe7T,"50+Yrs, Female",2025-06-14 12:31:53.170 +0300,2025-06-14 12:31:53.170 +0300
3483,1.3.29,Gender Based Violence Services,,,, GBV04,No. of SGBV survivors who completed the PEP dose,WUJaFYImiHS,lLNRDZPsnOs,"50+Yrs, Male",2025-06-14 12:31:53.170 +0300,2025-06-14 12:31:53.170 +0300
3484,1.3.29,Gender Based Violence Services,,,,GBV05a ,No. of SGBV survivors with documented outcome - Negative,XpKR3JrblRR,ml6TgIWWdH3,"10-14Yrs, Female",2025-06-14 12:31:53.170 +0300,2025-06-14 12:31:53.170 +0300
3485,1.3.29,Gender Based Violence Services,,,,GBV05a ,No. of SGBV survivors with documented outcome - Negative,XpKR3JrblRR,eObZc3y09Bh,"10-14Yrs, Male",2025-06-14 12:31:53.170 +0300,2025-06-14 12:31:53.170 +0300
3486,1.3.29,Gender Based Violence Services,,,,GBV05a ,No. of SGBV survivors with documented outcome - Negative,XpKR3JrblRR,yWIozWpVGde,"<10Yrs, Female",2025-06-14 12:31:53.170 +0300,2025-06-14 12:31:53.170 +0300
3487,1.3.29,Gender Based Violence Services,,,,GBV05a ,No. of SGBV survivors with documented outcome - Negative,XpKR3JrblRR,fbr68sqTEKR,"<10Yrs, Male",2025-06-14 12:31:53.170 +0300,2025-06-14 12:31:53.170 +0300
3488,1.3.29,Gender Based Violence Services,,,,GBV05a ,No. of SGBV survivors with documented outcome - Negative,XpKR3JrblRR,BSvMtDCiZAJ,"15-19Yrs, Female",2025-06-14 12:31:53.170 +0300,2025-06-14 12:31:53.170 +0300
3489,1.3.29,Gender Based Violence Services,,,,GBV05a ,No. of SGBV survivors with documented outcome - Negative,XpKR3JrblRR,vGnxttOzglN,"15-19Yrs, Male",2025-06-14 12:31:53.170 +0300,2025-06-14 12:31:53.170 +0300
3490,1.3.29,Gender Based Violence Services,,,,GBV05a ,No. of SGBV survivors with documented outcome - Negative,XpKR3JrblRR,btAQJ4dvcuc,"20-24Yrs, Female",2025-06-14 12:31:53.170 +0300,2025-06-14 12:31:53.170 +0300
3491,1.3.29,Gender Based Violence Services,,,,GBV05a ,No. of SGBV survivors with documented outcome - Negative,XpKR3JrblRR,rC7np2aSgzQ,"20-24Yrs, Male",2025-06-14 12:31:53.170 +0300,2025-06-14 12:31:53.170 +0300
3492,1.3.29,Gender Based Violence Services,,,,GBV05a ,No. of SGBV survivors with documented outcome - Negative,XpKR3JrblRR,iz3jhBFrFop,"25-29Yrs, Female",2025-06-14 12:31:53.170 +0300,2025-06-14 12:31:53.170 +0300
3493,1.3.29,Gender Based Violence Services,,,,GBV05a ,No. of SGBV survivors with documented outcome - Negative,XpKR3JrblRR,ATVgV0shmyv,"25-29Yrs, Male",2025-06-14 12:31:53.170 +0300,2025-06-14 12:31:53.170 +0300
3494,1.3.29,Gender Based Violence Services,,,,GBV05a ,No. of SGBV survivors with documented outcome - Negative,XpKR3JrblRR,AnF164KvhgZ,"30-34Yrs, Female",2025-06-14 12:31:53.170 +0300,2025-06-14 12:31:53.170 +0300
3495,1.3.29,Gender Based Violence Services,,,,GBV05a ,No. of SGBV survivors with documented outcome - Negative,XpKR3JrblRR,YJbmxtwZ2Dp,"30-34Yrs, Male",2025-06-14 12:31:53.170 +0300,2025-06-14 12:31:53.170 +0300
3496,1.3.29,Gender Based Violence Services,,,,GBV05a ,No. of SGBV survivors with documented outcome - Negative,XpKR3JrblRR,WqJhXlm3j9S,"35-39Yrs, Female",2025-06-14 12:31:53.170 +0300,2025-06-14 12:31:53.170 +0300
3497,1.3.29,Gender Based Violence Services,,,,GBV05a ,No. of SGBV survivors with documented outcome - Negative,XpKR3JrblRR,tJ9I0GJyrsJ,"35-39Yrs, Male",2025-06-14 12:31:53.170 +0300,2025-06-14 12:31:53.170 +0300
3498,1.3.29,Gender Based Violence Services,,,,GBV05a ,No. of SGBV survivors with documented outcome - Negative,XpKR3JrblRR,GMBwC7m2Tea,"40-44Yrs, Female",2025-06-14 12:31:53.170 +0300,2025-06-14 12:31:53.170 +0300
3499,1.3.29,Gender Based Violence Services,,,,GBV05a ,No. of SGBV survivors with documented outcome - Negative,XpKR3JrblRR,UOY7hA2xpUA,"40-44Yrs, Male",2025-06-14 12:31:53.170 +0300,2025-06-14 12:31:53.170 +0300
3500,1.3.29,Gender Based Violence Services,,,,GBV05a ,No. of SGBV survivors with documented outcome - Negative,XpKR3JrblRR,AW05HSHAq0i,"45-49Yrs, Female",2025-06-14 12:31:53.170 +0300,2025-06-14 12:31:53.170 +0300
3501,1.3.29,Gender Based Violence Services,,,,GBV05a ,No. of SGBV survivors with documented outcome - Negative,XpKR3JrblRR,wmdKsYtMiVy,"45-49Yrs, Male",2025-06-14 12:31:53.170 +0300,2025-06-14 12:31:53.170 +0300
3502,1.3.29,Gender Based Violence Services,,,,GBV05a ,No. of SGBV survivors with documented outcome - Negative,XpKR3JrblRR,ZTykIzgbe7T,"50+Yrs, Female",2025-06-14 12:31:53.170 +0300,2025-06-14 12:31:53.170 +0300
3503,1.3.29,Gender Based Violence Services,,,,GBV05a ,No. of SGBV survivors with documented outcome - Negative,XpKR3JrblRR,lLNRDZPsnOs,"50+Yrs, Male",2025-06-14 12:31:53.170 +0300,2025-06-14 12:31:53.170 +0300
3504,1.3.29,Gender Based Violence Services,,,,GBV05b, No. of SGBV survivors with documented outcome - Positive,MaioShphNoy,ml6TgIWWdH3,"10-14Yrs, Female",2025-06-14 12:31:53.170 +0300,2025-06-14 12:31:53.170 +0300
3505,1.3.29,Gender Based Violence Services,,,,GBV05b, No. of SGBV survivors with documented outcome - Positive,MaioShphNoy,eObZc3y09Bh,"10-14Yrs, Male",2025-06-14 12:31:53.170 +0300,2025-06-14 12:31:53.170 +0300
3506,1.3.29,Gender Based Violence Services,,,,GBV05b, No. of SGBV survivors with documented outcome - Positive,MaioShphNoy,yWIozWpVGde,"<10Yrs, Female",2025-06-14 12:31:53.170 +0300,2025-06-14 12:31:53.170 +0300
3507,1.3.29,Gender Based Violence Services,,,,GBV05b, No. of SGBV survivors with documented outcome - Positive,MaioShphNoy,fbr68sqTEKR,"<10Yrs, Male",2025-06-14 12:31:53.170 +0300,2025-06-14 12:31:53.170 +0300
3508,1.3.29,Gender Based Violence Services,,,,GBV05b, No. of SGBV survivors with documented outcome - Positive,MaioShphNoy,BSvMtDCiZAJ,"15-19Yrs, Female",2025-06-14 12:31:53.170 +0300,2025-06-14 12:31:53.170 +0300
3509,1.3.29,Gender Based Violence Services,,,,GBV05b, No. of SGBV survivors with documented outcome - Positive,MaioShphNoy,vGnxttOzglN,"15-19Yrs, Male",2025-06-14 12:31:53.170 +0300,2025-06-14 12:31:53.170 +0300
3510,1.3.29,Gender Based Violence Services,,,,GBV05b, No. of SGBV survivors with documented outcome - Positive,MaioShphNoy,btAQJ4dvcuc,"20-24Yrs, Female",2025-06-14 12:31:53.170 +0300,2025-06-14 12:31:53.170 +0300
3511,1.3.29,Gender Based Violence Services,,,,GBV05b, No. of SGBV survivors with documented outcome - Positive,MaioShphNoy,rC7np2aSgzQ,"20-24Yrs, Male",2025-06-14 12:31:53.170 +0300,2025-06-14 12:31:53.170 +0300
3512,1.3.29,Gender Based Violence Services,,,,GBV05b, No. of SGBV survivors with documented outcome - Positive,MaioShphNoy,iz3jhBFrFop,"25-29Yrs, Female",2025-06-14 12:31:53.170 +0300,2025-06-14 12:31:53.170 +0300
3513,1.3.29,Gender Based Violence Services,,,,GBV05b, No. of SGBV survivors with documented outcome - Positive,MaioShphNoy,ATVgV0shmyv,"25-29Yrs, Male",2025-06-14 12:31:53.170 +0300,2025-06-14 12:31:53.170 +0300
3514,1.3.29,Gender Based Violence Services,,,,GBV05b, No. of SGBV survivors with documented outcome - Positive,MaioShphNoy,AnF164KvhgZ,"30-34Yrs, Female",2025-06-14 12:31:53.170 +0300,2025-06-14 12:31:53.170 +0300
3515,1.3.29,Gender Based Violence Services,,,,GBV05b, No. of SGBV survivors with documented outcome - Positive,MaioShphNoy,YJbmxtwZ2Dp,"30-34Yrs, Male",2025-06-14 12:31:53.170 +0300,2025-06-14 12:31:53.170 +0300
3516,1.3.29,Gender Based Violence Services,,,,GBV05b, No. of SGBV survivors with documented outcome - Positive,MaioShphNoy,WqJhXlm3j9S,"35-39Yrs, Female",2025-06-14 12:31:53.170 +0300,2025-06-14 12:31:53.170 +0300
3517,1.3.29,Gender Based Violence Services,,,,GBV05b, No. of SGBV survivors with documented outcome - Positive,MaioShphNoy,tJ9I0GJyrsJ,"35-39Yrs, Male",2025-06-14 12:31:53.170 +0300,2025-06-14 12:31:53.170 +0300
3518,1.3.29,Gender Based Violence Services,,,,GBV05b, No. of SGBV survivors with documented outcome - Positive,MaioShphNoy,GMBwC7m2Tea,"40-44Yrs, Female",2025-06-14 12:31:53.170 +0300,2025-06-14 12:31:53.170 +0300
3519,1.3.29,Gender Based Violence Services,,,,GBV05b, No. of SGBV survivors with documented outcome - Positive,MaioShphNoy,UOY7hA2xpUA,"40-44Yrs, Male",2025-06-14 12:31:53.170 +0300,2025-06-14 12:31:53.170 +0300
3520,1.3.29,Gender Based Violence Services,,,,GBV05b, No. of SGBV survivors with documented outcome - Positive,MaioShphNoy,AW05HSHAq0i,"45-49Yrs, Female",2025-06-14 12:31:53.170 +0300,2025-06-14 12:31:53.170 +0300
3521,1.3.29,Gender Based Violence Services,,,,GBV05b, No. of SGBV survivors with documented outcome - Positive,MaioShphNoy,wmdKsYtMiVy,"45-49Yrs, Male",2025-06-14 12:31:53.170 +0300,2025-06-14 12:31:53.170 +0300
3522,1.3.29,Gender Based Violence Services,,,,GBV05b, No. of SGBV survivors with documented outcome - Positive,MaioShphNoy,ZTykIzgbe7T,"50+Yrs, Female",2025-06-14 12:31:53.170 +0300,2025-06-14 12:31:53.170 +0300
3523,1.3.29,Gender Based Violence Services,,,,GBV05b, No. of SGBV survivors with documented outcome - Positive,MaioShphNoy,lLNRDZPsnOs,"50+Yrs, Male",2025-06-14 12:31:53.170 +0300,2025-06-14 12:31:53.170 +0300
3524,1.3.29,Gender Based Violence Services,,,,GBV05c,No. of SGBV survivors with documented outcome - Lost To Followup,gmexXUfZPCF,ml6TgIWWdH3,"10-14Yrs, Female",2025-06-14 12:31:53.170 +0300,2025-06-14 12:31:53.170 +0300
3525,1.3.29,Gender Based Violence Services,,,,GBV05c,No. of SGBV survivors with documented outcome - Lost To Followup,gmexXUfZPCF,eObZc3y09Bh,"10-14Yrs, Male",2025-06-14 12:31:53.170 +0300,2025-06-14 12:31:53.170 +0300
3526,1.3.29,Gender Based Violence Services,,,,GBV05c,No. of SGBV survivors with documented outcome - Lost To Followup,gmexXUfZPCF,yWIozWpVGde,"<10Yrs, Female",2025-06-14 12:31:53.170 +0300,2025-06-14 12:31:53.170 +0300
3527,1.3.29,Gender Based Violence Services,,,,GBV05c,No. of SGBV survivors with documented outcome - Lost To Followup,gmexXUfZPCF,fbr68sqTEKR,"<10Yrs, Male",2025-06-14 12:31:53.170 +0300,2025-06-14 12:31:53.170 +0300
3528,1.3.29,Gender Based Violence Services,,,,GBV05c,No. of SGBV survivors with documented outcome - Lost To Followup,gmexXUfZPCF,BSvMtDCiZAJ,"15-19Yrs, Female",2025-06-14 12:31:53.170 +0300,2025-06-14 12:31:53.170 +0300
3529,1.3.29,Gender Based Violence Services,,,,GBV05c,No. of SGBV survivors with documented outcome - Lost To Followup,gmexXUfZPCF,vGnxttOzglN,"15-19Yrs, Male",2025-06-14 12:31:53.170 +0300,2025-06-14 12:31:53.170 +0300
3530,1.3.29,Gender Based Violence Services,,,,GBV05c,No. of SGBV survivors with documented outcome - Lost To Followup,gmexXUfZPCF,btAQJ4dvcuc,"20-24Yrs, Female",2025-06-14 12:31:53.170 +0300,2025-06-14 12:31:53.170 +0300
3531,1.3.29,Gender Based Violence Services,,,,GBV05c,No. of SGBV survivors with documented outcome - Lost To Followup,gmexXUfZPCF,rC7np2aSgzQ,"20-24Yrs, Male",2025-06-14 12:31:53.170 +0300,2025-06-14 12:31:53.170 +0300
3532,1.3.29,Gender Based Violence Services,,,,GBV05c,No. of SGBV survivors with documented outcome - Lost To Followup,gmexXUfZPCF,iz3jhBFrFop,"25-29Yrs, Female",2025-06-14 12:31:53.170 +0300,2025-06-14 12:31:53.170 +0300
3533,1.3.29,Gender Based Violence Services,,,,GBV05c,No. of SGBV survivors with documented outcome - Lost To Followup,gmexXUfZPCF,ATVgV0shmyv,"25-29Yrs, Male",2025-06-14 12:31:53.170 +0300,2025-06-14 12:31:53.170 +0300
3534,1.3.29,Gender Based Violence Services,,,,GBV05c,No. of SGBV survivors with documented outcome - Lost To Followup,gmexXUfZPCF,AnF164KvhgZ,"30-34Yrs, Female",2025-06-14 12:31:53.170 +0300,2025-06-14 12:31:53.170 +0300
3535,1.3.29,Gender Based Violence Services,,,,GBV05c,No. of SGBV survivors with documented outcome - Lost To Followup,gmexXUfZPCF,YJbmxtwZ2Dp,"30-34Yrs, Male",2025-06-14 12:31:53.170 +0300,2025-06-14 12:31:53.170 +0300
3536,1.3.29,Gender Based Violence Services,,,,GBV05c,No. of SGBV survivors with documented outcome - Lost To Followup,gmexXUfZPCF,WqJhXlm3j9S,"35-39Yrs, Female",2025-06-14 12:31:53.170 +0300,2025-06-14 12:31:53.170 +0300
3537,1.3.29,Gender Based Violence Services,,,,GBV05c,No. of SGBV survivors with documented outcome - Lost To Followup,gmexXUfZPCF,tJ9I0GJyrsJ,"35-39Yrs, Male",2025-06-14 12:31:53.170 +0300,2025-06-14 12:31:53.170 +0300
3538,1.3.29,Gender Based Violence Services,,,,GBV05c,No. of SGBV survivors with documented outcome - Lost To Followup,gmexXUfZPCF,GMBwC7m2Tea,"40-44Yrs, Female",2025-06-14 12:31:53.170 +0300,2025-06-14 12:31:53.170 +0300
3539,1.3.29,Gender Based Violence Services,,,,GBV05c,No. of SGBV survivors with documented outcome - Lost To Followup,gmexXUfZPCF,UOY7hA2xpUA,"40-44Yrs, Male",2025-06-14 12:31:53.170 +0300,2025-06-14 12:31:53.170 +0300
3540,1.3.29,Gender Based Violence Services,,,,GBV05c,No. of SGBV survivors with documented outcome - Lost To Followup,gmexXUfZPCF,AW05HSHAq0i,"45-49Yrs, Female",2025-06-14 12:31:53.170 +0300,2025-06-14 12:31:53.170 +0300
3541,1.3.29,Gender Based Violence Services,,,,GBV05c,No. of SGBV survivors with documented outcome - Lost To Followup,gmexXUfZPCF,wmdKsYtMiVy,"45-49Yrs, Male",2025-06-14 12:31:53.170 +0300,2025-06-14 12:31:53.170 +0300
3542,1.3.29,Gender Based Violence Services,,,,GBV05c,No. of SGBV survivors with documented outcome - Lost To Followup,gmexXUfZPCF,ZTykIzgbe7T,"50+Yrs, Female",2025-06-14 12:31:53.170 +0300,2025-06-14 12:31:53.170 +0300
3543,1.3.29,Gender Based Violence Services,,,,GBV05c,No. of SGBV survivors with documented outcome - Lost To Followup,gmexXUfZPCF,lLNRDZPsnOs,"50+Yrs, Male",2025-06-14 12:31:53.170 +0300,2025-06-14 12:31:53.170 +0300
461,1.3.3,Neonatal Diseases,194,,, ND01                   , Neonatal Sepsis (0-7days) ,QQxE1VhHaGo,wDiX34aiw6i,"0-28Dys, Female",2025-06-14 12:31:53.170 +0300,2025-06-14 12:31:53.170 +0300
462,1.3.3,Neonatal Diseases,194,,, ND01                   , Neonatal Sepsis (0-7days) ,QQxE1VhHaGo,zh2zAaHyYQx,"0-28Dys, Male",2025-06-14 12:31:53.170 +0300,2025-06-14 12:31:53.170 +0300
463,1.3.3,Neonatal Diseases,194,,, ND01                   , Neonatal Sepsis (0-7days) ,QQxE1VhHaGo,u3CkZqMHfHP,"10-19Yrs, Female",2025-06-14 12:31:53.170 +0300,2025-06-14 12:31:53.170 +0300
464,1.3.3,Neonatal Diseases,194,,, ND01                   , Neonatal Sepsis (0-7days) ,QQxE1VhHaGo,c7gvocRdg0f,"10-19Yrs, Male",2025-06-14 12:31:53.170 +0300,2025-06-14 12:31:53.170 +0300
465,1.3.3,Neonatal Diseases,194,,, ND01                   , Neonatal Sepsis (0-7days) ,QQxE1VhHaGo,XVHTeecEOM3,"20+Yrs, Female",2025-06-14 12:31:53.170 +0300,2025-06-14 12:31:53.170 +0300
466,1.3.3,Neonatal Diseases,194,,, ND01                   , Neonatal Sepsis (0-7days) ,QQxE1VhHaGo,dCKzhhINakS,"20+Yrs, Male",2025-06-14 12:31:53.170 +0300,2025-06-14 12:31:53.170 +0300
467,1.3.3,Neonatal Diseases,194,,, ND01                   , Neonatal Sepsis (0-7days) ,QQxE1VhHaGo,huBy3W5qiD2,"29Dys-4Yrs, Female",2025-06-14 12:31:53.170 +0300,2025-06-14 12:31:53.170 +0300
468,1.3.3,Neonatal Diseases,194,,, ND01                   , Neonatal Sepsis (0-7days) ,QQxE1VhHaGo,V2OuNTRI6ua,"29Dys-4Yrs, Male",2025-06-14 12:31:53.170 +0300,2025-06-14 12:31:53.170 +0300
469,1.3.3,Neonatal Diseases,194,,, ND01                   , Neonatal Sepsis (0-7days) ,QQxE1VhHaGo,Crc5reUlspd,"5-9Yrs, Female",2025-06-14 12:31:53.170 +0300,2025-06-14 12:31:53.170 +0300
470,1.3.3,Neonatal Diseases,194,,, ND01                   , Neonatal Sepsis (0-7days) ,QQxE1VhHaGo,F1rms8f9I9a,"5-9Yrs, Male",2025-06-14 12:31:53.170 +0300,2025-06-14 12:31:53.170 +0300
471,1.3.3,Neonatal Diseases,195,,,ND02,Neonatal Sepsis (8-28days),Uo3DcCS7GQJ,wDiX34aiw6i,"0-28Dys, Female",2025-06-14 12:31:53.170 +0300,2025-06-14 12:31:53.170 +0300
472,1.3.3,Neonatal Diseases,195,,,ND02,Neonatal Sepsis (8-28days),Uo3DcCS7GQJ,zh2zAaHyYQx,"0-28Dys, Male",2025-06-14 12:31:53.170 +0300,2025-06-14 12:31:53.170 +0300
473,1.3.3,Neonatal Diseases,195,,,ND02,Neonatal Sepsis (8-28days),Uo3DcCS7GQJ,u3CkZqMHfHP,"10-19Yrs, Female",2025-06-14 12:31:53.170 +0300,2025-06-14 12:31:53.170 +0300
474,1.3.3,Neonatal Diseases,195,,,ND02,Neonatal Sepsis (8-28days),Uo3DcCS7GQJ,c7gvocRdg0f,"10-19Yrs, Male",2025-06-14 12:31:53.170 +0300,2025-06-14 12:31:53.170 +0300
475,1.3.3,Neonatal Diseases,195,,,ND02,Neonatal Sepsis (8-28days),Uo3DcCS7GQJ,XVHTeecEOM3,"20+Yrs, Female",2025-06-14 12:31:53.170 +0300,2025-06-14 12:31:53.170 +0300
476,1.3.3,Neonatal Diseases,195,,,ND02,Neonatal Sepsis (8-28days),Uo3DcCS7GQJ,dCKzhhINakS,"20+Yrs, Male",2025-06-14 12:31:53.170 +0300,2025-06-14 12:31:53.170 +0300
477,1.3.3,Neonatal Diseases,195,,,ND02,Neonatal Sepsis (8-28days),Uo3DcCS7GQJ,huBy3W5qiD2,"29Dys-4Yrs, Female",2025-06-14 12:31:53.170 +0300,2025-06-14 12:31:53.170 +0300
478,1.3.3,Neonatal Diseases,195,,,ND02,Neonatal Sepsis (8-28days),Uo3DcCS7GQJ,V2OuNTRI6ua,"29Dys-4Yrs, Male",2025-06-14 12:31:53.170 +0300,2025-06-14 12:31:53.170 +0300
479,1.3.3,Neonatal Diseases,195,,,ND02,Neonatal Sepsis (8-28days),Uo3DcCS7GQJ,Crc5reUlspd,"5-9Yrs, Female",2025-06-14 12:31:53.170 +0300,2025-06-14 12:31:53.170 +0300
480,1.3.3,Neonatal Diseases,195,,,ND02,Neonatal Sepsis (8-28days),Uo3DcCS7GQJ,F1rms8f9I9a,"5-9Yrs, Male",2025-06-14 12:31:53.170 +0300,2025-06-14 12:31:53.170 +0300
481,1.3.3,Neonatal Diseases,196,,,ND03,Neonatal Pneumonia (0-7days),K7mLqvbNoFn,wDiX34aiw6i,"0-28Dys, Female",2025-06-14 12:31:53.170 +0300,2025-06-14 12:31:53.170 +0300
482,1.3.3,Neonatal Diseases,196,,,ND03,Neonatal Pneumonia (0-7days),K7mLqvbNoFn,zh2zAaHyYQx,"0-28Dys, Male",2025-06-14 12:31:53.170 +0300,2025-06-14 12:31:53.170 +0300
483,1.3.3,Neonatal Diseases,196,,,ND03,Neonatal Pneumonia (0-7days),K7mLqvbNoFn,u3CkZqMHfHP,"10-19Yrs, Female",2025-06-14 12:31:53.170 +0300,2025-06-14 12:31:53.170 +0300
484,1.3.3,Neonatal Diseases,196,,,ND03,Neonatal Pneumonia (0-7days),K7mLqvbNoFn,c7gvocRdg0f,"10-19Yrs, Male",2025-06-14 12:31:53.170 +0300,2025-06-14 12:31:53.170 +0300
485,1.3.3,Neonatal Diseases,196,,,ND03,Neonatal Pneumonia (0-7days),K7mLqvbNoFn,XVHTeecEOM3,"20+Yrs, Female",2025-06-14 12:31:53.170 +0300,2025-06-14 12:31:53.170 +0300
486,1.3.3,Neonatal Diseases,196,,,ND03,Neonatal Pneumonia (0-7days),K7mLqvbNoFn,dCKzhhINakS,"20+Yrs, Male",2025-06-14 12:31:53.170 +0300,2025-06-14 12:31:53.170 +0300
487,1.3.3,Neonatal Diseases,196,,,ND03,Neonatal Pneumonia (0-7days),K7mLqvbNoFn,huBy3W5qiD2,"29Dys-4Yrs, Female",2025-06-14 12:31:53.170 +0300,2025-06-14 12:31:53.170 +0300
488,1.3.3,Neonatal Diseases,196,,,ND03,Neonatal Pneumonia (0-7days),K7mLqvbNoFn,V2OuNTRI6ua,"29Dys-4Yrs, Male",2025-06-14 12:31:53.170 +0300,2025-06-14 12:31:53.170 +0300
489,1.3.3,Neonatal Diseases,196,,,ND03,Neonatal Pneumonia (0-7days),K7mLqvbNoFn,Crc5reUlspd,"5-9Yrs, Female",2025-06-14 12:31:53.170 +0300,2025-06-14 12:31:53.170 +0300
490,1.3.3,Neonatal Diseases,196,,,ND03,Neonatal Pneumonia (0-7days),K7mLqvbNoFn,F1rms8f9I9a,"5-9Yrs, Male",2025-06-14 12:31:53.170 +0300,2025-06-14 12:31:53.170 +0300
491,1.3.3,Neonatal Diseases,636,,,ND04,Neonatal Pneumonia (8-28days)  ,UqF107LDITO,wDiX34aiw6i,"0-28Dys, Female",2025-06-14 12:31:53.170 +0300,2025-06-14 12:31:53.170 +0300
492,1.3.3,Neonatal Diseases,636,,,ND04,Neonatal Pneumonia (8-28days)  ,UqF107LDITO,zh2zAaHyYQx,"0-28Dys, Male",2025-06-14 12:31:53.170 +0300,2025-06-14 12:31:53.170 +0300
493,1.3.3,Neonatal Diseases,636,,,ND04,Neonatal Pneumonia (8-28days)  ,UqF107LDITO,u3CkZqMHfHP,"10-19Yrs, Female",2025-06-14 12:31:53.170 +0300,2025-06-14 12:31:53.170 +0300
494,1.3.3,Neonatal Diseases,636,,,ND04,Neonatal Pneumonia (8-28days)  ,UqF107LDITO,c7gvocRdg0f,"10-19Yrs, Male",2025-06-14 12:31:53.170 +0300,2025-06-14 12:31:53.170 +0300
495,1.3.3,Neonatal Diseases,636,,,ND04,Neonatal Pneumonia (8-28days)  ,UqF107LDITO,XVHTeecEOM3,"20+Yrs, Female",2025-06-14 12:31:53.170 +0300,2025-06-14 12:31:53.170 +0300
496,1.3.3,Neonatal Diseases,636,,,ND04,Neonatal Pneumonia (8-28days)  ,UqF107LDITO,dCKzhhINakS,"20+Yrs, Male",2025-06-14 12:31:53.170 +0300,2025-06-14 12:31:53.170 +0300
497,1.3.3,Neonatal Diseases,636,,,ND04,Neonatal Pneumonia (8-28days)  ,UqF107LDITO,huBy3W5qiD2,"29Dys-4Yrs, Female",2025-06-14 12:31:53.170 +0300,2025-06-14 12:31:53.170 +0300
498,1.3.3,Neonatal Diseases,636,,,ND04,Neonatal Pneumonia (8-28days)  ,UqF107LDITO,V2OuNTRI6ua,"29Dys-4Yrs, Male",2025-06-14 12:31:53.170 +0300,2025-06-14 12:31:53.170 +0300
499,1.3.3,Neonatal Diseases,636,,,ND04,Neonatal Pneumonia (8-28days)  ,UqF107LDITO,Crc5reUlspd,"5-9Yrs, Female",2025-06-14 12:31:53.170 +0300,2025-06-14 12:31:53.170 +0300
500,1.3.3,Neonatal Diseases,636,,,ND04,Neonatal Pneumonia (8-28days)  ,UqF107LDITO,F1rms8f9I9a,"5-9Yrs, Male",2025-06-14 12:31:53.170 +0300,2025-06-14 12:31:53.170 +0300
591,1.3.3,Neonatal Diseases,197,7140,Other congenital infectious and parasitic diseases,ND05,Neonatal Meningitis ,M0s2mBmpD1u,wDiX34aiw6i,"0-28Dys, Female",2025-06-14 12:31:53.170 +0300,2025-06-14 12:31:53.170 +0300
592,1.3.3,Neonatal Diseases,197,7140,Other congenital infectious and parasitic diseases,ND05,Neonatal Meningitis ,M0s2mBmpD1u,zh2zAaHyYQx,"0-28Dys, Male",2025-06-14 12:31:53.170 +0300,2025-06-14 12:31:53.170 +0300
593,1.3.3,Neonatal Diseases,197,7140,Other congenital infectious and parasitic diseases,ND05,Neonatal Meningitis ,M0s2mBmpD1u,u3CkZqMHfHP,"10-19Yrs, Female",2025-06-14 12:31:53.170 +0300,2025-06-14 12:31:53.170 +0300
594,1.3.3,Neonatal Diseases,197,7140,Other congenital infectious and parasitic diseases,ND05,Neonatal Meningitis ,M0s2mBmpD1u,c7gvocRdg0f,"10-19Yrs, Male",2025-06-14 12:31:53.170 +0300,2025-06-14 12:31:53.170 +0300
595,1.3.3,Neonatal Diseases,197,7140,Other congenital infectious and parasitic diseases,ND05,Neonatal Meningitis ,M0s2mBmpD1u,XVHTeecEOM3,"20+Yrs, Female",2025-06-14 12:31:53.170 +0300,2025-06-14 12:31:53.170 +0300
596,1.3.3,Neonatal Diseases,197,7140,Other congenital infectious and parasitic diseases,ND05,Neonatal Meningitis ,M0s2mBmpD1u,dCKzhhINakS,"20+Yrs, Male",2025-06-14 12:31:53.170 +0300,2025-06-14 12:31:53.170 +0300
597,1.3.3,Neonatal Diseases,197,7140,Other congenital infectious and parasitic diseases,ND05,Neonatal Meningitis ,M0s2mBmpD1u,huBy3W5qiD2,"29Dys-4Yrs, Female",2025-06-14 12:31:53.170 +0300,2025-06-14 12:31:53.170 +0300
598,1.3.3,Neonatal Diseases,197,7140,Other congenital infectious and parasitic diseases,ND05,Neonatal Meningitis ,M0s2mBmpD1u,V2OuNTRI6ua,"29Dys-4Yrs, Male",2025-06-14 12:31:53.170 +0300,2025-06-14 12:31:53.170 +0300
599,1.3.3,Neonatal Diseases,197,7140,Other congenital infectious and parasitic diseases,ND05,Neonatal Meningitis ,M0s2mBmpD1u,Crc5reUlspd,"5-9Yrs, Female",2025-06-14 12:31:53.170 +0300,2025-06-14 12:31:53.170 +0300
600,1.3.3,Neonatal Diseases,197,7140,Other congenital infectious and parasitic diseases,ND05,Neonatal Meningitis ,M0s2mBmpD1u,F1rms8f9I9a,"5-9Yrs, Male",2025-06-14 12:31:53.170 +0300,2025-06-14 12:31:53.170 +0300
601,1.3.3,Neonatal Diseases,198,,,ND06,Neonatal Jaundice ,jAJQPlf99VV,wDiX34aiw6i,"0-28Dys, Female",2025-06-14 12:31:53.170 +0300,2025-06-14 12:31:53.170 +0300
602,1.3.3,Neonatal Diseases,198,,,ND06,Neonatal Jaundice ,jAJQPlf99VV,zh2zAaHyYQx,"0-28Dys, Male",2025-06-14 12:31:53.170 +0300,2025-06-14 12:31:53.170 +0300
603,1.3.3,Neonatal Diseases,198,,,ND06,Neonatal Jaundice ,jAJQPlf99VV,u3CkZqMHfHP,"10-19Yrs, Female",2025-06-14 12:31:53.170 +0300,2025-06-14 12:31:53.170 +0300
604,1.3.3,Neonatal Diseases,198,,,ND06,Neonatal Jaundice ,jAJQPlf99VV,c7gvocRdg0f,"10-19Yrs, Male",2025-06-14 12:31:53.170 +0300,2025-06-14 12:31:53.170 +0300
605,1.3.3,Neonatal Diseases,198,,,ND06,Neonatal Jaundice ,jAJQPlf99VV,XVHTeecEOM3,"20+Yrs, Female",2025-06-14 12:31:53.170 +0300,2025-06-14 12:31:53.170 +0300
606,1.3.3,Neonatal Diseases,198,,,ND06,Neonatal Jaundice ,jAJQPlf99VV,dCKzhhINakS,"20+Yrs, Male",2025-06-14 12:31:53.170 +0300,2025-06-14 12:31:53.170 +0300
607,1.3.3,Neonatal Diseases,198,,,ND06,Neonatal Jaundice ,jAJQPlf99VV,huBy3W5qiD2,"29Dys-4Yrs, Female",2025-06-14 12:31:53.170 +0300,2025-06-14 12:31:53.170 +0300
608,1.3.3,Neonatal Diseases,198,,,ND06,Neonatal Jaundice ,jAJQPlf99VV,V2OuNTRI6ua,"29Dys-4Yrs, Male",2025-06-14 12:31:53.170 +0300,2025-06-14 12:31:53.170 +0300
609,1.3.3,Neonatal Diseases,198,,,ND06,Neonatal Jaundice ,jAJQPlf99VV,Crc5reUlspd,"5-9Yrs, Female",2025-06-14 12:31:53.170 +0300,2025-06-14 12:31:53.170 +0300
610,1.3.3,Neonatal Diseases,198,,,ND06,Neonatal Jaundice ,jAJQPlf99VV,F1rms8f9I9a,"5-9Yrs, Male",2025-06-14 12:31:53.170 +0300,2025-06-14 12:31:53.170 +0300
611,1.3.3,Neonatal Diseases,200,,,ND07 ,Other Neonatal Conditions   ,dKN174dcsmp,wDiX34aiw6i,"0-28Dys, Female",2025-06-14 12:31:53.170 +0300,2025-06-14 12:31:53.170 +0300
612,1.3.3,Neonatal Diseases,200,,,ND07 ,Other Neonatal Conditions   ,dKN174dcsmp,zh2zAaHyYQx,"0-28Dys, Male",2025-06-14 12:31:53.170 +0300,2025-06-14 12:31:53.170 +0300
613,1.3.3,Neonatal Diseases,200,,,ND07 ,Other Neonatal Conditions   ,dKN174dcsmp,u3CkZqMHfHP,"10-19Yrs, Female",2025-06-14 12:31:53.170 +0300,2025-06-14 12:31:53.170 +0300
614,1.3.3,Neonatal Diseases,200,,,ND07 ,Other Neonatal Conditions   ,dKN174dcsmp,c7gvocRdg0f,"10-19Yrs, Male",2025-06-14 12:31:53.170 +0300,2025-06-14 12:31:53.170 +0300
615,1.3.3,Neonatal Diseases,200,,,ND07 ,Other Neonatal Conditions   ,dKN174dcsmp,XVHTeecEOM3,"20+Yrs, Female",2025-06-14 12:31:53.170 +0300,2025-06-14 12:31:53.170 +0300
616,1.3.3,Neonatal Diseases,200,,,ND07 ,Other Neonatal Conditions   ,dKN174dcsmp,dCKzhhINakS,"20+Yrs, Male",2025-06-14 12:31:53.170 +0300,2025-06-14 12:31:53.170 +0300
617,1.3.3,Neonatal Diseases,200,,,ND07 ,Other Neonatal Conditions   ,dKN174dcsmp,huBy3W5qiD2,"29Dys-4Yrs, Female",2025-06-14 12:31:53.170 +0300,2025-06-14 12:31:53.170 +0300
618,1.3.3,Neonatal Diseases,200,,,ND07 ,Other Neonatal Conditions   ,dKN174dcsmp,V2OuNTRI6ua,"29Dys-4Yrs, Male",2025-06-14 12:31:53.170 +0300,2025-06-14 12:31:53.170 +0300
619,1.3.3,Neonatal Diseases,200,,,ND07 ,Other Neonatal Conditions   ,dKN174dcsmp,Crc5reUlspd,"5-9Yrs, Female",2025-06-14 12:31:53.170 +0300,2025-06-14 12:31:53.170 +0300
620,1.3.3,Neonatal Diseases,200,,,ND07 ,Other Neonatal Conditions   ,dKN174dcsmp,F1rms8f9I9a,"5-9Yrs, Male",2025-06-14 12:31:53.170 +0300,2025-06-14 12:31:53.170 +0300
501,1.3.4,Non Communicable Diseases/Condtions,202,,,NC01, Sickle Cell Anaemia,EeUWzpLdAcO,wDiX34aiw6i,"0-28Dys, Female",2025-06-14 12:31:53.170 +0300,2025-06-14 12:31:53.170 +0300
502,1.3.4,Non Communicable Diseases/Condtions,202,,,NC01, Sickle Cell Anaemia,EeUWzpLdAcO,zh2zAaHyYQx,"0-28Dys, Male",2025-06-14 12:31:53.170 +0300,2025-06-14 12:31:53.170 +0300
503,1.3.4,Non Communicable Diseases/Condtions,202,,,NC01, Sickle Cell Anaemia,EeUWzpLdAcO,u3CkZqMHfHP,"10-19Yrs, Female",2025-06-14 12:31:53.170 +0300,2025-06-14 12:31:53.170 +0300
504,1.3.4,Non Communicable Diseases/Condtions,202,,,NC01, Sickle Cell Anaemia,EeUWzpLdAcO,c7gvocRdg0f,"10-19Yrs, Male",2025-06-14 12:31:53.170 +0300,2025-06-14 12:31:53.170 +0300
505,1.3.4,Non Communicable Diseases/Condtions,202,,,NC01, Sickle Cell Anaemia,EeUWzpLdAcO,XVHTeecEOM3,"20+Yrs, Female",2025-06-14 12:31:53.170 +0300,2025-06-14 12:31:53.170 +0300
506,1.3.4,Non Communicable Diseases/Condtions,202,,,NC01, Sickle Cell Anaemia,EeUWzpLdAcO,dCKzhhINakS,"20+Yrs, Male",2025-06-14 12:31:53.170 +0300,2025-06-14 12:31:53.170 +0300
507,1.3.4,Non Communicable Diseases/Condtions,202,,,NC01, Sickle Cell Anaemia,EeUWzpLdAcO,huBy3W5qiD2,"29Dys-4Yrs, Female",2025-06-14 12:31:53.170 +0300,2025-06-14 12:31:53.170 +0300
508,1.3.4,Non Communicable Diseases/Condtions,202,,,NC01, Sickle Cell Anaemia,EeUWzpLdAcO,V2OuNTRI6ua,"29Dys-4Yrs, Male",2025-06-14 12:31:53.170 +0300,2025-06-14 12:31:53.170 +0300
509,1.3.4,Non Communicable Diseases/Condtions,202,,,NC01, Sickle Cell Anaemia,EeUWzpLdAcO,Crc5reUlspd,"5-9Yrs, Female",2025-06-14 12:31:53.170 +0300,2025-06-14 12:31:53.170 +0300
510,1.3.4,Non Communicable Diseases/Condtions,202,,,NC01, Sickle Cell Anaemia,EeUWzpLdAcO,F1rms8f9I9a,"5-9Yrs, Male",2025-06-14 12:31:53.170 +0300,2025-06-14 12:31:53.170 +0300
511,1.3.4,Non Communicable Diseases/Condtions,202,,,NC01, Sickle Cell Anaemia,EeUWzpLdAcO,aUatqtCxzVw,"Known, 0-28Dys, Female",2025-06-14 12:31:53.170 +0300,2025-06-14 12:31:53.170 +0300
512,1.3.4,Non Communicable Diseases/Condtions,202,,,NC01, Sickle Cell Anaemia,EeUWzpLdAcO,Io3bQxY6Nr3,"Known, 0-28Dys, Male",2025-06-14 12:31:53.170 +0300,2025-06-14 12:31:53.170 +0300
513,1.3.4,Non Communicable Diseases/Condtions,202,,,NC01, Sickle Cell Anaemia,EeUWzpLdAcO,nq6KPmpdIMQ,"Known, 10-19Yrs, Female",2025-06-14 12:31:53.170 +0300,2025-06-14 12:31:53.170 +0300
514,1.3.4,Non Communicable Diseases/Condtions,202,,,NC01, Sickle Cell Anaemia,EeUWzpLdAcO,keJQ8icaJd5,"Known, 10-19Yrs, Male",2025-06-14 12:31:53.170 +0300,2025-06-14 12:31:53.170 +0300
515,1.3.4,Non Communicable Diseases/Condtions,202,,,NC01, Sickle Cell Anaemia,EeUWzpLdAcO,lUs3TRrwSp3,"Known, 20+Yrs, Female",2025-06-14 12:31:53.170 +0300,2025-06-14 12:31:53.170 +0300
516,1.3.4,Non Communicable Diseases/Condtions,202,,,NC01, Sickle Cell Anaemia,EeUWzpLdAcO,gnq6kfPFRUy,"Known, 20+Yrs, Male",2025-06-14 12:31:53.170 +0300,2025-06-14 12:31:53.170 +0300
517,1.3.4,Non Communicable Diseases/Condtions,202,,,NC01, Sickle Cell Anaemia,EeUWzpLdAcO,MM1oF4N8Vku,"Known, 29Dys-4Yrs, Female",2025-06-14 12:31:53.170 +0300,2025-06-14 12:31:53.170 +0300
518,1.3.4,Non Communicable Diseases/Condtions,202,,,NC01, Sickle Cell Anaemia,EeUWzpLdAcO,OGomkW4FRgT,"Known, 29Dys-4Yrs, Male",2025-06-14 12:31:53.170 +0300,2025-06-14 12:31:53.170 +0300
519,1.3.4,Non Communicable Diseases/Condtions,202,,,NC01, Sickle Cell Anaemia,EeUWzpLdAcO,G4cHMKNJ898,"Known, 5-9Yrs, Female",2025-06-14 12:31:53.170 +0300,2025-06-14 12:31:53.170 +0300
520,1.3.4,Non Communicable Diseases/Condtions,202,,,NC01, Sickle Cell Anaemia,EeUWzpLdAcO,xBLq8rFuTSS,"Known, 5-9Yrs, Male",2025-06-14 12:31:53.170 +0300,2025-06-14 12:31:53.170 +0300
521,1.3.4,Non Communicable Diseases/Condtions,202,,,NC01, Sickle Cell Anaemia,EeUWzpLdAcO,lKtUo70yy5S,"New, 0-28Dys, Female",2025-06-14 12:31:53.170 +0300,2025-06-14 12:31:53.170 +0300
522,1.3.4,Non Communicable Diseases/Condtions,202,,,NC01, Sickle Cell Anaemia,EeUWzpLdAcO,vgwBZ1EnvS1,"New, 0-28Dys, Male",2025-06-14 12:31:53.170 +0300,2025-06-14 12:31:53.170 +0300
523,1.3.4,Non Communicable Diseases/Condtions,202,,,NC01, Sickle Cell Anaemia,EeUWzpLdAcO,De2rXs4jApk,"New, 10-19Yrs, Female",2025-06-14 12:31:53.170 +0300,2025-06-14 12:31:53.170 +0300
524,1.3.4,Non Communicable Diseases/Condtions,202,,,NC01, Sickle Cell Anaemia,EeUWzpLdAcO,vv7DH53AEaT,"New, 10-19Yrs, Male",2025-06-14 12:31:53.170 +0300,2025-06-14 12:31:53.170 +0300
525,1.3.4,Non Communicable Diseases/Condtions,202,,,NC01, Sickle Cell Anaemia,EeUWzpLdAcO,bMRP4hxhZ1i,"New, 20+Yrs, Female",2025-06-14 12:31:53.170 +0300,2025-06-14 12:31:53.170 +0300
526,1.3.4,Non Communicable Diseases/Condtions,202,,,NC01, Sickle Cell Anaemia,EeUWzpLdAcO,BVbGW2Vr7UU,"New, 20+Yrs, Male",2025-06-14 12:31:53.170 +0300,2025-06-14 12:31:53.170 +0300
527,1.3.4,Non Communicable Diseases/Condtions,202,,,NC01, Sickle Cell Anaemia,EeUWzpLdAcO,kieAJGAdQQz,"New, 29Dys-4Yrs, Female",2025-06-14 12:31:53.170 +0300,2025-06-14 12:31:53.170 +0300
528,1.3.4,Non Communicable Diseases/Condtions,202,,,NC01, Sickle Cell Anaemia,EeUWzpLdAcO,ubHnOQDfKvn,"New, 29Dys-4Yrs, Male",2025-06-14 12:31:53.170 +0300,2025-06-14 12:31:53.170 +0300
529,1.3.4,Non Communicable Diseases/Condtions,202,,,NC01, Sickle Cell Anaemia,EeUWzpLdAcO,NBLm9T4PdXT,"New, 5-9Yrs, Female",2025-06-14 12:31:53.170 +0300,2025-06-14 12:31:53.170 +0300
530,1.3.4,Non Communicable Diseases/Condtions,202,,,NC01, Sickle Cell Anaemia,EeUWzpLdAcO,Uu9EzmgMiUx,"New, 5-9Yrs, Male",2025-06-14 12:31:53.170 +0300,2025-06-14 12:31:53.170 +0300
531,1.3.4,Non Communicable Diseases/Condtions,203,,,NC02,Other Haemoglobinopathies  ,MvVq34jGsmP,huBy3W5qiD2,"29Dys-4Yrs, Female",2025-06-14 12:31:53.170 +0300,2025-06-14 12:31:53.170 +0300
532,1.3.4,Non Communicable Diseases/Condtions,203,,,NC02,Other Haemoglobinopathies  ,MvVq34jGsmP,V2OuNTRI6ua,"29Dys-4Yrs, Male",2025-06-14 12:31:53.170 +0300,2025-06-14 12:31:53.170 +0300
533,1.3.4,Non Communicable Diseases/Condtions,203,,,NC02,Other Haemoglobinopathies  ,MvVq34jGsmP,wDiX34aiw6i,"0-28Dys, Female",2025-06-14 12:31:53.170 +0300,2025-06-14 12:31:53.170 +0300
534,1.3.4,Non Communicable Diseases/Condtions,203,,,NC02,Other Haemoglobinopathies  ,MvVq34jGsmP,zh2zAaHyYQx,"0-28Dys, Male",2025-06-14 12:31:53.170 +0300,2025-06-14 12:31:53.170 +0300
535,1.3.4,Non Communicable Diseases/Condtions,203,,,NC02,Other Haemoglobinopathies  ,MvVq34jGsmP,u3CkZqMHfHP,"10-19Yrs, Female",2025-06-14 12:31:53.170 +0300,2025-06-14 12:31:53.170 +0300
536,1.3.4,Non Communicable Diseases/Condtions,203,,,NC02,Other Haemoglobinopathies  ,MvVq34jGsmP,c7gvocRdg0f,"10-19Yrs, Male",2025-06-14 12:31:53.170 +0300,2025-06-14 12:31:53.170 +0300
537,1.3.4,Non Communicable Diseases/Condtions,203,,,NC02,Other Haemoglobinopathies  ,MvVq34jGsmP,XVHTeecEOM3,"20+Yrs, Female",2025-06-14 12:31:53.170 +0300,2025-06-14 12:31:53.170 +0300
538,1.3.4,Non Communicable Diseases/Condtions,203,,,NC02,Other Haemoglobinopathies  ,MvVq34jGsmP,dCKzhhINakS,"20+Yrs, Male",2025-06-14 12:31:53.170 +0300,2025-06-14 12:31:53.170 +0300
539,1.3.4,Non Communicable Diseases/Condtions,203,,,NC02,Other Haemoglobinopathies  ,MvVq34jGsmP,Crc5reUlspd,"5-9Yrs, Female",2025-06-14 12:31:53.170 +0300,2025-06-14 12:31:53.170 +0300
540,1.3.4,Non Communicable Diseases/Condtions,203,,,NC02,Other Haemoglobinopathies  ,MvVq34jGsmP,F1rms8f9I9a,"5-9Yrs, Male",2025-06-14 12:31:53.170 +0300,2025-06-14 12:31:53.170 +0300
541,1.3.4,Non Communicable Diseases/Condtions,203,,,NC02,Other Haemoglobinopathies  ,BDKWuSKjkoQ,wDiX34aiw6i,"0-28Dys, Female",2025-06-14 12:31:53.170 +0300,2025-06-14 12:31:53.170 +0300
542,1.3.4,Non Communicable Diseases/Condtions,203,,,NC02,Other Haemoglobinopathies  ,BDKWuSKjkoQ,zh2zAaHyYQx,"0-28Dys, Male",2025-06-14 12:31:53.170 +0300,2025-06-14 12:31:53.170 +0300
543,1.3.4,Non Communicable Diseases/Condtions,203,,,NC02,Other Haemoglobinopathies  ,BDKWuSKjkoQ,u3CkZqMHfHP,"10-19Yrs, Female",2025-06-14 12:31:53.170 +0300,2025-06-14 12:31:53.170 +0300
544,1.3.4,Non Communicable Diseases/Condtions,203,,,NC02,Other Haemoglobinopathies  ,BDKWuSKjkoQ,c7gvocRdg0f,"10-19Yrs, Male",2025-06-14 12:31:53.170 +0300,2025-06-14 12:31:53.170 +0300
545,1.3.4,Non Communicable Diseases/Condtions,203,,,NC02,Other Haemoglobinopathies  ,BDKWuSKjkoQ,XVHTeecEOM3,"20+Yrs, Female",2025-06-14 12:31:53.170 +0300,2025-06-14 12:31:53.170 +0300
546,1.3.4,Non Communicable Diseases/Condtions,203,,,NC02,Other Haemoglobinopathies  ,BDKWuSKjkoQ,dCKzhhINakS,"20+Yrs, Male",2025-06-14 12:31:53.170 +0300,2025-06-14 12:31:53.170 +0300
547,1.3.4,Non Communicable Diseases/Condtions,203,,,NC02,Other Haemoglobinopathies  ,BDKWuSKjkoQ,huBy3W5qiD2,"29Dys-4Yrs, Female",2025-06-14 12:31:53.170 +0300,2025-06-14 12:31:53.170 +0300
548,1.3.4,Non Communicable Diseases/Condtions,203,,,NC02,Other Haemoglobinopathies  ,BDKWuSKjkoQ,V2OuNTRI6ua,"29Dys-4Yrs, Male",2025-06-14 12:31:53.170 +0300,2025-06-14 12:31:53.170 +0300
549,1.3.4,Non Communicable Diseases/Condtions,203,,,NC02,Other Haemoglobinopathies  ,BDKWuSKjkoQ,Crc5reUlspd,"5-9Yrs, Female",2025-06-14 12:31:53.170 +0300,2025-06-14 12:31:53.170 +0300
550,1.3.4,Non Communicable Diseases/Condtions,203,,,NC02,Other Haemoglobinopathies  ,BDKWuSKjkoQ,F1rms8f9I9a,"5-9Yrs, Male",2025-06-14 12:31:53.170 +0300,2025-06-14 12:31:53.170 +0300
551,1.3.4,Non Communicable Diseases/Condtions,204,,,NC03,Gastro-Intestinal Disorders (non-Infective),Rw3b8mGkyfh,wDiX34aiw6i,"0-28Dys, Female",2025-06-14 12:31:53.170 +0300,2025-06-14 12:31:53.170 +0300
552,1.3.4,Non Communicable Diseases/Condtions,204,,,NC03,Gastro-Intestinal Disorders (non-Infective),Rw3b8mGkyfh,zh2zAaHyYQx,"0-28Dys, Male",2025-06-14 12:31:53.170 +0300,2025-06-14 12:31:53.170 +0300
553,1.3.4,Non Communicable Diseases/Condtions,204,,,NC03,Gastro-Intestinal Disorders (non-Infective),Rw3b8mGkyfh,u3CkZqMHfHP,"10-19Yrs, Female",2025-06-14 12:31:53.170 +0300,2025-06-14 12:31:53.170 +0300
554,1.3.4,Non Communicable Diseases/Condtions,204,,,NC03,Gastro-Intestinal Disorders (non-Infective),Rw3b8mGkyfh,c7gvocRdg0f,"10-19Yrs, Male",2025-06-14 12:31:53.170 +0300,2025-06-14 12:31:53.170 +0300
555,1.3.4,Non Communicable Diseases/Condtions,204,,,NC03,Gastro-Intestinal Disorders (non-Infective),Rw3b8mGkyfh,XVHTeecEOM3,"20+Yrs, Female",2025-06-14 12:31:53.170 +0300,2025-06-14 12:31:53.170 +0300
556,1.3.4,Non Communicable Diseases/Condtions,204,,,NC03,Gastro-Intestinal Disorders (non-Infective),Rw3b8mGkyfh,dCKzhhINakS,"20+Yrs, Male",2025-06-14 12:31:53.170 +0300,2025-06-14 12:31:53.170 +0300
557,1.3.4,Non Communicable Diseases/Condtions,204,,,NC03,Gastro-Intestinal Disorders (non-Infective),Rw3b8mGkyfh,huBy3W5qiD2,"29Dys-4Yrs, Female",2025-06-14 12:31:53.170 +0300,2025-06-14 12:31:53.170 +0300
558,1.3.4,Non Communicable Diseases/Condtions,204,,,NC03,Gastro-Intestinal Disorders (non-Infective),Rw3b8mGkyfh,V2OuNTRI6ua,"29Dys-4Yrs, Male",2025-06-14 12:31:53.170 +0300,2025-06-14 12:31:53.170 +0300
559,1.3.4,Non Communicable Diseases/Condtions,204,,,NC03,Gastro-Intestinal Disorders (non-Infective),Rw3b8mGkyfh,Crc5reUlspd,"5-9Yrs, Female",2025-06-14 12:31:53.170 +0300,2025-06-14 12:31:53.170 +0300
560,1.3.4,Non Communicable Diseases/Condtions,204,,,NC03,Gastro-Intestinal Disorders (non-Infective),Rw3b8mGkyfh,F1rms8f9I9a,"5-9Yrs, Male",2025-06-14 12:31:53.170 +0300,2025-06-14 12:31:53.170 +0300
621,1.3.4,Non Communicable Diseases/Conditions,205,,,NC04,Pain Requiring Palliative Care,rr9sLKsqflQ,wDiX34aiw6i,"0-28Dys, Female",2025-06-14 12:31:53.170 +0300,2025-06-14 12:31:53.170 +0300
622,1.3.4,Non Communicable Diseases/Conditions,205,,,NC04,Pain Requiring Palliative Care,rr9sLKsqflQ,zh2zAaHyYQx,"0-28Dys, Male",2025-06-14 12:31:53.170 +0300,2025-06-14 12:31:53.170 +0300
623,1.3.4,Non Communicable Diseases/Conditions,205,,,NC04,Pain Requiring Palliative Care,rr9sLKsqflQ,u3CkZqMHfHP,"10-19Yrs, Female",2025-06-14 12:31:53.170 +0300,2025-06-14 12:31:53.170 +0300
624,1.3.4,Non Communicable Diseases/Conditions,205,,,NC04,Pain Requiring Palliative Care,rr9sLKsqflQ,c7gvocRdg0f,"10-19Yrs, Male",2025-06-14 12:31:53.170 +0300,2025-06-14 12:31:53.170 +0300
625,1.3.4,Non Communicable Diseases/Conditions,205,,,NC04,Pain Requiring Palliative Care,rr9sLKsqflQ,XVHTeecEOM3,"20+Yrs, Female",2025-06-14 12:31:53.170 +0300,2025-06-14 12:31:53.170 +0300
626,1.3.4,Non Communicable Diseases/Conditions,205,,,NC04,Pain Requiring Palliative Care,rr9sLKsqflQ,dCKzhhINakS,"20+Yrs, Male",2025-06-14 12:31:53.170 +0300,2025-06-14 12:31:53.170 +0300
627,1.3.4,Non Communicable Diseases/Conditions,205,,,NC04,Pain Requiring Palliative Care,rr9sLKsqflQ,huBy3W5qiD2,"29Dys-4Yrs, Female",2025-06-14 12:31:53.170 +0300,2025-06-14 12:31:53.170 +0300
628,1.3.4,Non Communicable Diseases/Conditions,205,,,NC04,Pain Requiring Palliative Care,rr9sLKsqflQ,V2OuNTRI6ua,"29Dys-4Yrs, Male",2025-06-14 12:31:53.170 +0300,2025-06-14 12:31:53.170 +0300
629,1.3.4,Non Communicable Diseases/Conditions,205,,,NC04,Pain Requiring Palliative Care,rr9sLKsqflQ,Crc5reUlspd,"5-9Yrs, Female",2025-06-14 12:31:53.170 +0300,2025-06-14 12:31:53.170 +0300
630,1.3.4,Non Communicable Diseases/Conditions,205,,,NC04,Pain Requiring Palliative Care,rr9sLKsqflQ,F1rms8f9I9a,"5-9Yrs, Male",2025-06-14 12:31:53.170 +0300,2025-06-14 12:31:53.170 +0300
631,1.3.4,Non Communicable Diseases/Conditions,0,,,NC05,Haemophilia,eIoBNrydyLJ,huBy3W5qiD2,"29Dys-4Yrs, Female",2025-06-14 12:31:53.170 +0300,2025-06-14 12:31:53.170 +0300
632,1.3.4,Non Communicable Diseases/Conditions,0,,,NC05,Haemophilia,eIoBNrydyLJ,V2OuNTRI6ua,"29Dys-4Yrs, Male",2025-06-14 12:31:53.170 +0300,2025-06-14 12:31:53.170 +0300
633,1.3.4,Non Communicable Diseases/Conditions,0,,,NC05,Haemophilia,eIoBNrydyLJ,Crc5reUlspd,"5-9Yrs, Female",2025-06-14 12:31:53.170 +0300,2025-06-14 12:31:53.170 +0300
634,1.3.4,Non Communicable Diseases/Conditions,0,,,NC05,Haemophilia,eIoBNrydyLJ,F1rms8f9I9a,"5-9Yrs, Male",2025-06-14 12:31:53.170 +0300,2025-06-14 12:31:53.170 +0300
635,1.3.4,Non Communicable Diseases/Conditions,0,,,NC05,Haemophilia,eIoBNrydyLJ,wDiX34aiw6i,"0-28Dys, Female",2025-06-14 12:31:53.170 +0300,2025-06-14 12:31:53.170 +0300
636,1.3.4,Non Communicable Diseases/Conditions,0,,,NC05,Haemophilia,eIoBNrydyLJ,zh2zAaHyYQx,"0-28Dys, Male",2025-06-14 12:31:53.170 +0300,2025-06-14 12:31:53.170 +0300
637,1.3.4,Non Communicable Diseases/Conditions,0,,,NC05,Haemophilia,eIoBNrydyLJ,u3CkZqMHfHP,"10-19Yrs, Female",2025-06-14 12:31:53.170 +0300,2025-06-14 12:31:53.170 +0300
638,1.3.4,Non Communicable Diseases/Conditions,0,,,NC05,Haemophilia,eIoBNrydyLJ,c7gvocRdg0f,"10-19Yrs, Male",2025-06-14 12:31:53.170 +0300,2025-06-14 12:31:53.170 +0300
639,1.3.4,Non Communicable Diseases/Conditions,0,,,NC05,Haemophilia,eIoBNrydyLJ,XVHTeecEOM3,"20+Yrs, Female",2025-06-14 12:31:53.170 +0300,2025-06-14 12:31:53.170 +0300
640,1.3.4,Non Communicable Diseases/Conditions,0,,,NC05,Haemophilia,eIoBNrydyLJ,dCKzhhINakS,"20+Yrs, Male",2025-06-14 12:31:53.170 +0300,2025-06-14 12:31:53.170 +0300
641,1.3.4,Non Communicable Diseases/Conditions,0,,,NC06,Deep Vein Thrombosis (DVT) ,R86U0YHv8Jx,wDiX34aiw6i,"0-28Dys, Female",2025-06-14 12:31:53.170 +0300,2025-06-14 12:31:53.170 +0300
642,1.3.4,Non Communicable Diseases/Conditions,0,,,NC06,Deep Vein Thrombosis (DVT) ,R86U0YHv8Jx,zh2zAaHyYQx,"0-28Dys, Male",2025-06-14 12:31:53.170 +0300,2025-06-14 12:31:53.170 +0300
643,1.3.4,Non Communicable Diseases/Conditions,0,,,NC06,Deep Vein Thrombosis (DVT) ,R86U0YHv8Jx,u3CkZqMHfHP,"10-19Yrs, Female",2025-06-14 12:31:53.170 +0300,2025-06-14 12:31:53.170 +0300
644,1.3.4,Non Communicable Diseases/Conditions,0,,,NC06,Deep Vein Thrombosis (DVT) ,R86U0YHv8Jx,c7gvocRdg0f,"10-19Yrs, Male",2025-06-14 12:31:53.170 +0300,2025-06-14 12:31:53.170 +0300
645,1.3.4,Non Communicable Diseases/Conditions,0,,,NC06,Deep Vein Thrombosis (DVT) ,R86U0YHv8Jx,XVHTeecEOM3,"20+Yrs, Female",2025-06-14 12:31:53.170 +0300,2025-06-14 12:31:53.170 +0300
646,1.3.4,Non Communicable Diseases/Conditions,0,,,NC06,Deep Vein Thrombosis (DVT) ,R86U0YHv8Jx,dCKzhhINakS,"20+Yrs, Male",2025-06-14 12:31:53.170 +0300,2025-06-14 12:31:53.170 +0300
647,1.3.4,Non Communicable Diseases/Conditions,0,,,NC06,Deep Vein Thrombosis (DVT) ,R86U0YHv8Jx,huBy3W5qiD2,"29Dys-4Yrs, Female",2025-06-14 12:31:53.170 +0300,2025-06-14 12:31:53.170 +0300
648,1.3.4,Non Communicable Diseases/Conditions,0,,,NC06,Deep Vein Thrombosis (DVT) ,R86U0YHv8Jx,V2OuNTRI6ua,"29Dys-4Yrs, Male",2025-06-14 12:31:53.170 +0300,2025-06-14 12:31:53.170 +0300
649,1.3.4,Non Communicable Diseases/Conditions,0,,,NC06,Deep Vein Thrombosis (DVT) ,R86U0YHv8Jx,Crc5reUlspd,"5-9Yrs, Female",2025-06-14 12:31:53.170 +0300,2025-06-14 12:31:53.170 +0300
650,1.3.4,Non Communicable Diseases/Conditions,0,,,NC06,Deep Vein Thrombosis (DVT) ,R86U0YHv8Jx,F1rms8f9I9a,"5-9Yrs, Male",2025-06-14 12:31:53.170 +0300,2025-06-14 12:31:53.170 +0300
561,1.3.5,Oral Diseases,207,,,OD01, Dental Caries ,dm8YiC5eEsh,wDiX34aiw6i,"0-28Dys, Female",2025-06-14 12:31:53.170 +0300,2025-06-14 12:31:53.170 +0300
562,1.3.5,Oral Diseases,207,,,OD01, Dental Caries ,dm8YiC5eEsh,zh2zAaHyYQx,"0-28Dys, Male",2025-06-14 12:31:53.170 +0300,2025-06-14 12:31:53.170 +0300
563,1.3.5,Oral Diseases,207,,,OD01, Dental Caries ,dm8YiC5eEsh,u3CkZqMHfHP,"10-19Yrs, Female",2025-06-14 12:31:53.170 +0300,2025-06-14 12:31:53.170 +0300
564,1.3.5,Oral Diseases,207,,,OD01, Dental Caries ,dm8YiC5eEsh,c7gvocRdg0f,"10-19Yrs, Male",2025-06-14 12:31:53.170 +0300,2025-06-14 12:31:53.170 +0300
565,1.3.5,Oral Diseases,207,,,OD01, Dental Caries ,dm8YiC5eEsh,XVHTeecEOM3,"20+Yrs, Female",2025-06-14 12:31:53.170 +0300,2025-06-14 12:31:53.170 +0300
566,1.3.5,Oral Diseases,207,,,OD01, Dental Caries ,dm8YiC5eEsh,dCKzhhINakS,"20+Yrs, Male",2025-06-14 12:31:53.170 +0300,2025-06-14 12:31:53.170 +0300
567,1.3.5,Oral Diseases,207,,,OD01, Dental Caries ,dm8YiC5eEsh,huBy3W5qiD2,"29Dys-4Yrs, Female",2025-06-14 12:31:53.170 +0300,2025-06-14 12:31:53.170 +0300
568,1.3.5,Oral Diseases,207,,,OD01, Dental Caries ,dm8YiC5eEsh,V2OuNTRI6ua,"29Dys-4Yrs, Male",2025-06-14 12:31:53.170 +0300,2025-06-14 12:31:53.170 +0300
569,1.3.5,Oral Diseases,207,,,OD01, Dental Caries ,dm8YiC5eEsh,Crc5reUlspd,"5-9Yrs, Female",2025-06-14 12:31:53.170 +0300,2025-06-14 12:31:53.170 +0300
570,1.3.5,Oral Diseases,207,,,OD01, Dental Caries ,dm8YiC5eEsh,F1rms8f9I9a,"5-9Yrs, Male",2025-06-14 12:31:53.170 +0300,2025-06-14 12:31:53.170 +0300
571,1.3.5,Oral Diseases,208,,,OD02, Gingivitis,rdz78LtNT4G,wDiX34aiw6i,"0-28Dys, Female",2025-06-14 12:31:53.170 +0300,2025-06-14 12:31:53.170 +0300
572,1.3.5,Oral Diseases,208,,,OD02, Gingivitis,rdz78LtNT4G,zh2zAaHyYQx,"0-28Dys, Male",2025-06-14 12:31:53.170 +0300,2025-06-14 12:31:53.170 +0300
573,1.3.5,Oral Diseases,208,,,OD02, Gingivitis,rdz78LtNT4G,u3CkZqMHfHP,"10-19Yrs, Female",2025-06-14 12:31:53.170 +0300,2025-06-14 12:31:53.170 +0300
574,1.3.5,Oral Diseases,208,,,OD02, Gingivitis,rdz78LtNT4G,c7gvocRdg0f,"10-19Yrs, Male",2025-06-14 12:31:53.170 +0300,2025-06-14 12:31:53.170 +0300
575,1.3.5,Oral Diseases,208,,,OD02, Gingivitis,rdz78LtNT4G,XVHTeecEOM3,"20+Yrs, Female",2025-06-14 12:31:53.170 +0300,2025-06-14 12:31:53.170 +0300
576,1.3.5,Oral Diseases,208,,,OD02, Gingivitis,rdz78LtNT4G,dCKzhhINakS,"20+Yrs, Male",2025-06-14 12:31:53.170 +0300,2025-06-14 12:31:53.170 +0300
577,1.3.5,Oral Diseases,208,,,OD02, Gingivitis,rdz78LtNT4G,huBy3W5qiD2,"29Dys-4Yrs, Female",2025-06-14 12:31:53.170 +0300,2025-06-14 12:31:53.170 +0300
578,1.3.5,Oral Diseases,208,,,OD02, Gingivitis,rdz78LtNT4G,V2OuNTRI6ua,"29Dys-4Yrs, Male",2025-06-14 12:31:53.170 +0300,2025-06-14 12:31:53.170 +0300
579,1.3.5,Oral Diseases,208,,,OD02, Gingivitis,rdz78LtNT4G,Crc5reUlspd,"5-9Yrs, Female",2025-06-14 12:31:53.170 +0300,2025-06-14 12:31:53.170 +0300
580,1.3.5,Oral Diseases,208,,,OD02, Gingivitis,rdz78LtNT4G,F1rms8f9I9a,"5-9Yrs, Male",2025-06-14 12:31:53.170 +0300,2025-06-14 12:31:53.170 +0300
581,1.3.5,Oral Diseases,209,,,OD03,HIV-Oral lesions ,XaX3Uqpvlzs,wDiX34aiw6i,"0-28Dys, Female",2025-06-14 12:31:53.170 +0300,2025-06-14 12:31:53.170 +0300
582,1.3.5,Oral Diseases,209,,,OD03,HIV-Oral lesions ,XaX3Uqpvlzs,zh2zAaHyYQx,"0-28Dys, Male",2025-06-14 12:31:53.170 +0300,2025-06-14 12:31:53.170 +0300
583,1.3.5,Oral Diseases,209,,,OD03,HIV-Oral lesions ,XaX3Uqpvlzs,u3CkZqMHfHP,"10-19Yrs, Female",2025-06-14 12:31:53.170 +0300,2025-06-14 12:31:53.170 +0300
584,1.3.5,Oral Diseases,209,,,OD03,HIV-Oral lesions ,XaX3Uqpvlzs,c7gvocRdg0f,"10-19Yrs, Male",2025-06-14 12:31:53.170 +0300,2025-06-14 12:31:53.170 +0300
585,1.3.5,Oral Diseases,209,,,OD03,HIV-Oral lesions ,XaX3Uqpvlzs,XVHTeecEOM3,"20+Yrs, Female",2025-06-14 12:31:53.170 +0300,2025-06-14 12:31:53.170 +0300
586,1.3.5,Oral Diseases,209,,,OD03,HIV-Oral lesions ,XaX3Uqpvlzs,dCKzhhINakS,"20+Yrs, Male",2025-06-14 12:31:53.170 +0300,2025-06-14 12:31:53.170 +0300
587,1.3.5,Oral Diseases,209,,,OD03,HIV-Oral lesions ,XaX3Uqpvlzs,huBy3W5qiD2,"29Dys-4Yrs, Female",2025-06-14 12:31:53.170 +0300,2025-06-14 12:31:53.170 +0300
588,1.3.5,Oral Diseases,209,,,OD03,HIV-Oral lesions ,XaX3Uqpvlzs,V2OuNTRI6ua,"29Dys-4Yrs, Male",2025-06-14 12:31:53.170 +0300,2025-06-14 12:31:53.170 +0300
589,1.3.5,Oral Diseases,209,,,OD03,HIV-Oral lesions ,XaX3Uqpvlzs,Crc5reUlspd,"5-9Yrs, Female",2025-06-14 12:31:53.170 +0300,2025-06-14 12:31:53.170 +0300
590,1.3.5,Oral Diseases,209,,,OD03,HIV-Oral lesions ,XaX3Uqpvlzs,F1rms8f9I9a,"5-9Yrs, Male",2025-06-14 12:31:53.170 +0300,2025-06-14 12:31:53.170 +0300
651,1.3.5,Oral diseases,210,8279,"Dry mouth, unspecified",OD04,Oral Cancers,WZbsgGbvL0R,wDiX34aiw6i,"0-28Dys, Female",2025-06-14 12:31:53.170 +0300,2025-06-14 12:31:53.170 +0300
652,1.3.5,Oral diseases,210,8279,"Dry mouth, unspecified",OD04,Oral Cancers,WZbsgGbvL0R,zh2zAaHyYQx,"0-28Dys, Male",2025-06-14 12:31:53.170 +0300,2025-06-14 12:31:53.170 +0300
653,1.3.5,Oral diseases,210,8279,"Dry mouth, unspecified",OD04,Oral Cancers,WZbsgGbvL0R,u3CkZqMHfHP,"10-19Yrs, Female",2025-06-14 12:31:53.170 +0300,2025-06-14 12:31:53.170 +0300
654,1.3.5,Oral diseases,210,8279,"Dry mouth, unspecified",OD04,Oral Cancers,WZbsgGbvL0R,c7gvocRdg0f,"10-19Yrs, Male",2025-06-14 12:31:53.170 +0300,2025-06-14 12:31:53.170 +0300
655,1.3.5,Oral diseases,210,8279,"Dry mouth, unspecified",OD04,Oral Cancers,WZbsgGbvL0R,XVHTeecEOM3,"20+Yrs, Female",2025-06-14 12:31:53.170 +0300,2025-06-14 12:31:53.170 +0300
656,1.3.5,Oral diseases,210,8279,"Dry mouth, unspecified",OD04,Oral Cancers,WZbsgGbvL0R,dCKzhhINakS,"20+Yrs, Male",2025-06-14 12:31:53.170 +0300,2025-06-14 12:31:53.170 +0300
657,1.3.5,Oral diseases,210,8279,"Dry mouth, unspecified",OD04,Oral Cancers,WZbsgGbvL0R,huBy3W5qiD2,"29Dys-4Yrs, Female",2025-06-14 12:31:53.170 +0300,2025-06-14 12:31:53.170 +0300
658,1.3.5,Oral diseases,210,8279,"Dry mouth, unspecified",OD04,Oral Cancers,WZbsgGbvL0R,V2OuNTRI6ua,"29Dys-4Yrs, Male",2025-06-14 12:31:53.170 +0300,2025-06-14 12:31:53.170 +0300
659,1.3.5,Oral diseases,210,8279,"Dry mouth, unspecified",OD04,Oral Cancers,WZbsgGbvL0R,Crc5reUlspd,"5-9Yrs, Female",2025-06-14 12:31:53.170 +0300,2025-06-14 12:31:53.170 +0300
660,1.3.5,Oral diseases,210,8279,"Dry mouth, unspecified",OD04,Oral Cancers,WZbsgGbvL0R,F1rms8f9I9a,"5-9Yrs, Male",2025-06-14 12:31:53.170 +0300,2025-06-14 12:31:53.170 +0300
661,1.3.5,Oral diseases,211,,,OD05,Other Oral Conditions,jipSinNApZk,wDiX34aiw6i,"0-28Dys, Female",2025-06-14 12:31:53.170 +0300,2025-06-14 12:31:53.170 +0300
662,1.3.5,Oral diseases,211,,,OD05,Other Oral Conditions,jipSinNApZk,zh2zAaHyYQx,"0-28Dys, Male",2025-06-14 12:31:53.170 +0300,2025-06-14 12:31:53.170 +0300
663,1.3.5,Oral diseases,211,,,OD05,Other Oral Conditions,jipSinNApZk,u3CkZqMHfHP,"10-19Yrs, Female",2025-06-14 12:31:53.170 +0300,2025-06-14 12:31:53.170 +0300
664,1.3.5,Oral diseases,211,,,OD05,Other Oral Conditions,jipSinNApZk,c7gvocRdg0f,"10-19Yrs, Male",2025-06-14 12:31:53.170 +0300,2025-06-14 12:31:53.170 +0300
665,1.3.5,Oral diseases,211,,,OD05,Other Oral Conditions,jipSinNApZk,XVHTeecEOM3,"20+Yrs, Female",2025-06-14 12:31:53.170 +0300,2025-06-14 12:31:53.170 +0300
666,1.3.5,Oral diseases,211,,,OD05,Other Oral Conditions,jipSinNApZk,dCKzhhINakS,"20+Yrs, Male",2025-06-14 12:31:53.170 +0300,2025-06-14 12:31:53.170 +0300
667,1.3.5,Oral diseases,211,,,OD05,Other Oral Conditions,jipSinNApZk,huBy3W5qiD2,"29Dys-4Yrs, Female",2025-06-14 12:31:53.170 +0300,2025-06-14 12:31:53.170 +0300
668,1.3.5,Oral diseases,211,,,OD05,Other Oral Conditions,jipSinNApZk,V2OuNTRI6ua,"29Dys-4Yrs, Male",2025-06-14 12:31:53.170 +0300,2025-06-14 12:31:53.170 +0300
669,1.3.5,Oral diseases,211,,,OD05,Other Oral Conditions,jipSinNApZk,Crc5reUlspd,"5-9Yrs, Female",2025-06-14 12:31:53.170 +0300,2025-06-14 12:31:53.170 +0300
670,1.3.5,Oral diseases,211,,,OD05,Other Oral Conditions,jipSinNApZk,F1rms8f9I9a,"5-9Yrs, Male",2025-06-14 12:31:53.170 +0300,2025-06-14 12:31:53.170 +0300
671,1.3.6,ENT Conditions,213,,,EN01, Otitis media acute and chronic  ,SPADxEItrIQ,wDiX34aiw6i,"0-28Dys, Female",2025-06-14 12:31:53.170 +0300,2025-06-14 12:31:53.170 +0300
672,1.3.6,ENT Conditions,213,,,EN01, Otitis media acute and chronic  ,SPADxEItrIQ,zh2zAaHyYQx,"0-28Dys, Male",2025-06-14 12:31:53.170 +0300,2025-06-14 12:31:53.170 +0300
673,1.3.6,ENT Conditions,213,,,EN01, Otitis media acute and chronic  ,SPADxEItrIQ,u3CkZqMHfHP,"10-19Yrs, Female",2025-06-14 12:31:53.170 +0300,2025-06-14 12:31:53.170 +0300
674,1.3.6,ENT Conditions,213,,,EN01, Otitis media acute and chronic  ,SPADxEItrIQ,c7gvocRdg0f,"10-19Yrs, Male",2025-06-14 12:31:53.170 +0300,2025-06-14 12:31:53.170 +0300
675,1.3.6,ENT Conditions,213,,,EN01, Otitis media acute and chronic  ,SPADxEItrIQ,XVHTeecEOM3,"20+Yrs, Female",2025-06-14 12:31:53.170 +0300,2025-06-14 12:31:53.170 +0300
676,1.3.6,ENT Conditions,213,,,EN01, Otitis media acute and chronic  ,SPADxEItrIQ,dCKzhhINakS,"20+Yrs, Male",2025-06-14 12:31:53.170 +0300,2025-06-14 12:31:53.170 +0300
677,1.3.6,ENT Conditions,213,,,EN01, Otitis media acute and chronic  ,SPADxEItrIQ,huBy3W5qiD2,"29Dys-4Yrs, Female",2025-06-14 12:31:53.170 +0300,2025-06-14 12:31:53.170 +0300
678,1.3.6,ENT Conditions,213,,,EN01, Otitis media acute and chronic  ,SPADxEItrIQ,V2OuNTRI6ua,"29Dys-4Yrs, Male",2025-06-14 12:31:53.170 +0300,2025-06-14 12:31:53.170 +0300
679,1.3.6,ENT Conditions,213,,,EN01, Otitis media acute and chronic  ,SPADxEItrIQ,Crc5reUlspd,"5-9Yrs, Female",2025-06-14 12:31:53.170 +0300,2025-06-14 12:31:53.170 +0300
680,1.3.6,ENT Conditions,213,,,EN01, Otitis media acute and chronic  ,SPADxEItrIQ,F1rms8f9I9a,"5-9Yrs, Male",2025-06-14 12:31:53.170 +0300,2025-06-14 12:31:53.170 +0300
681,1.3.6,ENT Conditions,637,3611,"Mastoiditis, unspecified",EN02,Mastoiditis,kY9yLRb9w5e,wDiX34aiw6i,"0-28Dys, Female",2025-06-14 12:31:53.170 +0300,2025-06-14 12:31:53.170 +0300
682,1.3.6,ENT Conditions,637,3611,"Mastoiditis, unspecified",EN02,Mastoiditis,kY9yLRb9w5e,zh2zAaHyYQx,"0-28Dys, Male",2025-06-14 12:31:53.170 +0300,2025-06-14 12:31:53.170 +0300
683,1.3.6,ENT Conditions,637,3611,"Mastoiditis, unspecified",EN02,Mastoiditis,kY9yLRb9w5e,u3CkZqMHfHP,"10-19Yrs, Female",2025-06-14 12:31:53.170 +0300,2025-06-14 12:31:53.170 +0300
684,1.3.6,ENT Conditions,637,3611,"Mastoiditis, unspecified",EN02,Mastoiditis,kY9yLRb9w5e,c7gvocRdg0f,"10-19Yrs, Male",2025-06-14 12:31:53.170 +0300,2025-06-14 12:31:53.170 +0300
685,1.3.6,ENT Conditions,637,3611,"Mastoiditis, unspecified",EN02,Mastoiditis,kY9yLRb9w5e,XVHTeecEOM3,"20+Yrs, Female",2025-06-14 12:31:53.170 +0300,2025-06-14 12:31:53.170 +0300
686,1.3.6,ENT Conditions,637,3611,"Mastoiditis, unspecified",EN02,Mastoiditis,kY9yLRb9w5e,dCKzhhINakS,"20+Yrs, Male",2025-06-14 12:31:53.170 +0300,2025-06-14 12:31:53.170 +0300
687,1.3.6,ENT Conditions,637,3611,"Mastoiditis, unspecified",EN02,Mastoiditis,kY9yLRb9w5e,huBy3W5qiD2,"29Dys-4Yrs, Female",2025-06-14 12:31:53.170 +0300,2025-06-14 12:31:53.170 +0300
688,1.3.6,ENT Conditions,637,3611,"Mastoiditis, unspecified",EN02,Mastoiditis,kY9yLRb9w5e,V2OuNTRI6ua,"29Dys-4Yrs, Male",2025-06-14 12:31:53.170 +0300,2025-06-14 12:31:53.170 +0300
689,1.3.6,ENT Conditions,637,3611,"Mastoiditis, unspecified",EN02,Mastoiditis,kY9yLRb9w5e,Crc5reUlspd,"5-9Yrs, Female",2025-06-14 12:31:53.170 +0300,2025-06-14 12:31:53.170 +0300
690,1.3.6,ENT Conditions,637,3611,"Mastoiditis, unspecified",EN02,Mastoiditis,kY9yLRb9w5e,F1rms8f9I9a,"5-9Yrs, Male",2025-06-14 12:31:53.170 +0300,2025-06-14 12:31:53.170 +0300
691,1.3.6,ENT Conditions,214,,,EN03, Hearing loss,p9EPi77rptk,wDiX34aiw6i,"0-28Dys, Female",2025-06-14 12:31:53.170 +0300,2025-06-14 12:31:53.170 +0300
692,1.3.6,ENT Conditions,214,,,EN03, Hearing loss,p9EPi77rptk,zh2zAaHyYQx,"0-28Dys, Male",2025-06-14 12:31:53.170 +0300,2025-06-14 12:31:53.170 +0300
693,1.3.6,ENT Conditions,214,,,EN03, Hearing loss,p9EPi77rptk,u3CkZqMHfHP,"10-19Yrs, Female",2025-06-14 12:31:53.170 +0300,2025-06-14 12:31:53.170 +0300
694,1.3.6,ENT Conditions,214,,,EN03, Hearing loss,p9EPi77rptk,c7gvocRdg0f,"10-19Yrs, Male",2025-06-14 12:31:53.170 +0300,2025-06-14 12:31:53.170 +0300
695,1.3.6,ENT Conditions,214,,,EN03, Hearing loss,p9EPi77rptk,XVHTeecEOM3,"20+Yrs, Female",2025-06-14 12:31:53.170 +0300,2025-06-14 12:31:53.170 +0300
696,1.3.6,ENT Conditions,214,,,EN03, Hearing loss,p9EPi77rptk,dCKzhhINakS,"20+Yrs, Male",2025-06-14 12:31:53.170 +0300,2025-06-14 12:31:53.170 +0300
697,1.3.6,ENT Conditions,214,,,EN03, Hearing loss,p9EPi77rptk,huBy3W5qiD2,"29Dys-4Yrs, Female",2025-06-14 12:31:53.170 +0300,2025-06-14 12:31:53.170 +0300
698,1.3.6,ENT Conditions,214,,,EN03, Hearing loss,p9EPi77rptk,V2OuNTRI6ua,"29Dys-4Yrs, Male",2025-06-14 12:31:53.170 +0300,2025-06-14 12:31:53.170 +0300
699,1.3.6,ENT Conditions,214,,,EN03, Hearing loss,p9EPi77rptk,Crc5reUlspd,"5-9Yrs, Female",2025-06-14 12:31:53.170 +0300,2025-06-14 12:31:53.170 +0300
700,1.3.6,ENT Conditions,214,,,EN03, Hearing loss,p9EPi77rptk,F1rms8f9I9a,"5-9Yrs, Male",2025-06-14 12:31:53.170 +0300,2025-06-14 12:31:53.170 +0300
701,1.3.6,ENT Conditions,638,,,EN04,Rhinitis,JHOU1uXweoP,wDiX34aiw6i,"0-28Dys, Female",2025-06-14 12:31:53.170 +0300,2025-06-14 12:31:53.170 +0300
702,1.3.6,ENT Conditions,638,,,EN04,Rhinitis,JHOU1uXweoP,zh2zAaHyYQx,"0-28Dys, Male",2025-06-14 12:31:53.170 +0300,2025-06-14 12:31:53.170 +0300
703,1.3.6,ENT Conditions,638,,,EN04,Rhinitis,JHOU1uXweoP,u3CkZqMHfHP,"10-19Yrs, Female",2025-06-14 12:31:53.170 +0300,2025-06-14 12:31:53.170 +0300
704,1.3.6,ENT Conditions,638,,,EN04,Rhinitis,JHOU1uXweoP,c7gvocRdg0f,"10-19Yrs, Male",2025-06-14 12:31:53.170 +0300,2025-06-14 12:31:53.170 +0300
705,1.3.6,ENT Conditions,638,,,EN04,Rhinitis,JHOU1uXweoP,XVHTeecEOM3,"20+Yrs, Female",2025-06-14 12:31:53.170 +0300,2025-06-14 12:31:53.170 +0300
706,1.3.6,ENT Conditions,638,,,EN04,Rhinitis,JHOU1uXweoP,dCKzhhINakS,"20+Yrs, Male",2025-06-14 12:31:53.170 +0300,2025-06-14 12:31:53.170 +0300
707,1.3.6,ENT Conditions,638,,,EN04,Rhinitis,JHOU1uXweoP,huBy3W5qiD2,"29Dys-4Yrs, Female",2025-06-14 12:31:53.170 +0300,2025-06-14 12:31:53.170 +0300
708,1.3.6,ENT Conditions,638,,,EN04,Rhinitis,JHOU1uXweoP,V2OuNTRI6ua,"29Dys-4Yrs, Male",2025-06-14 12:31:53.170 +0300,2025-06-14 12:31:53.170 +0300
709,1.3.6,ENT Conditions,638,,,EN04,Rhinitis,JHOU1uXweoP,Crc5reUlspd,"5-9Yrs, Female",2025-06-14 12:31:53.170 +0300,2025-06-14 12:31:53.170 +0300
710,1.3.6,ENT Conditions,638,,,EN04,Rhinitis,JHOU1uXweoP,F1rms8f9I9a,"5-9Yrs, Male",2025-06-14 12:31:53.170 +0300,2025-06-14 12:31:53.170 +0300
711,1.3.6,ENT Conditions,639,,,EN05,Sinusitis ,WI1Hvx0U8r4,wDiX34aiw6i,"0-28Dys, Female",2025-06-14 12:31:53.170 +0300,2025-06-14 12:31:53.170 +0300
712,1.3.6,ENT Conditions,639,,,EN05,Sinusitis ,WI1Hvx0U8r4,zh2zAaHyYQx,"0-28Dys, Male",2025-06-14 12:31:53.170 +0300,2025-06-14 12:31:53.170 +0300
713,1.3.6,ENT Conditions,639,,,EN05,Sinusitis ,WI1Hvx0U8r4,u3CkZqMHfHP,"10-19Yrs, Female",2025-06-14 12:31:53.170 +0300,2025-06-14 12:31:53.170 +0300
714,1.3.6,ENT Conditions,639,,,EN05,Sinusitis ,WI1Hvx0U8r4,c7gvocRdg0f,"10-19Yrs, Male",2025-06-14 12:31:53.170 +0300,2025-06-14 12:31:53.170 +0300
715,1.3.6,ENT Conditions,639,,,EN05,Sinusitis ,WI1Hvx0U8r4,XVHTeecEOM3,"20+Yrs, Female",2025-06-14 12:31:53.170 +0300,2025-06-14 12:31:53.170 +0300
716,1.3.6,ENT Conditions,639,,,EN05,Sinusitis ,WI1Hvx0U8r4,dCKzhhINakS,"20+Yrs, Male",2025-06-14 12:31:53.170 +0300,2025-06-14 12:31:53.170 +0300
717,1.3.6,ENT Conditions,639,,,EN05,Sinusitis ,WI1Hvx0U8r4,huBy3W5qiD2,"29Dys-4Yrs, Female",2025-06-14 12:31:53.170 +0300,2025-06-14 12:31:53.170 +0300
718,1.3.6,ENT Conditions,639,,,EN05,Sinusitis ,WI1Hvx0U8r4,V2OuNTRI6ua,"29Dys-4Yrs, Male",2025-06-14 12:31:53.170 +0300,2025-06-14 12:31:53.170 +0300
719,1.3.6,ENT Conditions,639,,,EN05,Sinusitis ,WI1Hvx0U8r4,Crc5reUlspd,"5-9Yrs, Female",2025-06-14 12:31:53.170 +0300,2025-06-14 12:31:53.170 +0300
720,1.3.6,ENT Conditions,639,,,EN05,Sinusitis ,WI1Hvx0U8r4,F1rms8f9I9a,"5-9Yrs, Male",2025-06-14 12:31:53.170 +0300,2025-06-14 12:31:53.170 +0300
721,1.3.6,ENT Conditions,640,8051,Epistaxis,EN06,Epistaxis,wH5AisRhyZX,wDiX34aiw6i,"0-28Dys, Female",2025-06-14 12:31:53.170 +0300,2025-06-14 12:31:53.170 +0300
722,1.3.6,ENT Conditions,640,8051,Epistaxis,EN06,Epistaxis,wH5AisRhyZX,zh2zAaHyYQx,"0-28Dys, Male",2025-06-14 12:31:53.170 +0300,2025-06-14 12:31:53.170 +0300
723,1.3.6,ENT Conditions,640,8051,Epistaxis,EN06,Epistaxis,wH5AisRhyZX,u3CkZqMHfHP,"10-19Yrs, Female",2025-06-14 12:31:53.170 +0300,2025-06-14 12:31:53.170 +0300
724,1.3.6,ENT Conditions,640,8051,Epistaxis,EN06,Epistaxis,wH5AisRhyZX,c7gvocRdg0f,"10-19Yrs, Male",2025-06-14 12:31:53.170 +0300,2025-06-14 12:31:53.170 +0300
725,1.3.6,ENT Conditions,640,8051,Epistaxis,EN06,Epistaxis,wH5AisRhyZX,XVHTeecEOM3,"20+Yrs, Female",2025-06-14 12:31:53.170 +0300,2025-06-14 12:31:53.170 +0300
726,1.3.6,ENT Conditions,640,8051,Epistaxis,EN06,Epistaxis,wH5AisRhyZX,dCKzhhINakS,"20+Yrs, Male",2025-06-14 12:31:53.170 +0300,2025-06-14 12:31:53.170 +0300
727,1.3.6,ENT Conditions,640,8051,Epistaxis,EN06,Epistaxis,wH5AisRhyZX,huBy3W5qiD2,"29Dys-4Yrs, Female",2025-06-14 12:31:53.170 +0300,2025-06-14 12:31:53.170 +0300
728,1.3.6,ENT Conditions,640,8051,Epistaxis,EN06,Epistaxis,wH5AisRhyZX,V2OuNTRI6ua,"29Dys-4Yrs, Male",2025-06-14 12:31:53.170 +0300,2025-06-14 12:31:53.170 +0300
729,1.3.6,ENT Conditions,640,8051,Epistaxis,EN06,Epistaxis,wH5AisRhyZX,Crc5reUlspd,"5-9Yrs, Female",2025-06-14 12:31:53.170 +0300,2025-06-14 12:31:53.170 +0300
730,1.3.6,ENT Conditions,640,8051,Epistaxis,EN06,Epistaxis,wH5AisRhyZX,F1rms8f9I9a,"5-9Yrs, Male",2025-06-14 12:31:53.170 +0300,2025-06-14 12:31:53.170 +0300
731,1.3.6,ENT Conditions,641,4273,Other chronic diseases of tonsils and adenoids,EN07,Adenoid Hypertrophy,FoUL2ZIS1mZ,wDiX34aiw6i,"0-28Dys, Female",2025-06-14 12:31:53.170 +0300,2025-06-14 12:31:53.170 +0300
732,1.3.6,ENT Conditions,641,4273,Other chronic diseases of tonsils and adenoids,EN07,Adenoid Hypertrophy,FoUL2ZIS1mZ,zh2zAaHyYQx,"0-28Dys, Male",2025-06-14 12:31:53.170 +0300,2025-06-14 12:31:53.170 +0300
733,1.3.6,ENT Conditions,641,4273,Other chronic diseases of tonsils and adenoids,EN07,Adenoid Hypertrophy,FoUL2ZIS1mZ,u3CkZqMHfHP,"10-19Yrs, Female",2025-06-14 12:31:53.170 +0300,2025-06-14 12:31:53.170 +0300
734,1.3.6,ENT Conditions,641,4273,Other chronic diseases of tonsils and adenoids,EN07,Adenoid Hypertrophy,FoUL2ZIS1mZ,c7gvocRdg0f,"10-19Yrs, Male",2025-06-14 12:31:53.170 +0300,2025-06-14 12:31:53.170 +0300
735,1.3.6,ENT Conditions,641,4273,Other chronic diseases of tonsils and adenoids,EN07,Adenoid Hypertrophy,FoUL2ZIS1mZ,XVHTeecEOM3,"20+Yrs, Female",2025-06-14 12:31:53.170 +0300,2025-06-14 12:31:53.170 +0300
736,1.3.6,ENT Conditions,641,4273,Other chronic diseases of tonsils and adenoids,EN07,Adenoid Hypertrophy,FoUL2ZIS1mZ,dCKzhhINakS,"20+Yrs, Male",2025-06-14 12:31:53.170 +0300,2025-06-14 12:31:53.170 +0300
737,1.3.6,ENT Conditions,641,4273,Other chronic diseases of tonsils and adenoids,EN07,Adenoid Hypertrophy,FoUL2ZIS1mZ,huBy3W5qiD2,"29Dys-4Yrs, Female",2025-06-14 12:31:53.170 +0300,2025-06-14 12:31:53.170 +0300
738,1.3.6,ENT Conditions,641,4273,Other chronic diseases of tonsils and adenoids,EN07,Adenoid Hypertrophy,FoUL2ZIS1mZ,V2OuNTRI6ua,"29Dys-4Yrs, Male",2025-06-14 12:31:53.170 +0300,2025-06-14 12:31:53.170 +0300
739,1.3.6,ENT Conditions,641,4273,Other chronic diseases of tonsils and adenoids,EN07,Adenoid Hypertrophy,FoUL2ZIS1mZ,Crc5reUlspd,"5-9Yrs, Female",2025-06-14 12:31:53.170 +0300,2025-06-14 12:31:53.170 +0300
740,1.3.6,ENT Conditions,641,4273,Other chronic diseases of tonsils and adenoids,EN07,Adenoid Hypertrophy,FoUL2ZIS1mZ,F1rms8f9I9a,"5-9Yrs, Male",2025-06-14 12:31:53.170 +0300,2025-06-14 12:31:53.170 +0300
741,1.3.6,ENT Conditions,642,9242,Foreign body in nostril,EN08,Foreign Body in nose ear and aero-digestive system ,m8Vi9AE8uD1,wDiX34aiw6i,"0-28Dys, Female",2025-06-14 12:31:53.170 +0300,2025-06-14 12:31:53.170 +0300
742,1.3.6,ENT Conditions,642,9242,Foreign body in nostril,EN08,Foreign Body in nose ear and aero-digestive system ,m8Vi9AE8uD1,zh2zAaHyYQx,"0-28Dys, Male",2025-06-14 12:31:53.170 +0300,2025-06-14 12:31:53.170 +0300
743,1.3.6,ENT Conditions,642,9242,Foreign body in nostril,EN08,Foreign Body in nose ear and aero-digestive system ,m8Vi9AE8uD1,u3CkZqMHfHP,"10-19Yrs, Female",2025-06-14 12:31:53.170 +0300,2025-06-14 12:31:53.170 +0300
744,1.3.6,ENT Conditions,642,9242,Foreign body in nostril,EN08,Foreign Body in nose ear and aero-digestive system ,m8Vi9AE8uD1,c7gvocRdg0f,"10-19Yrs, Male",2025-06-14 12:31:53.170 +0300,2025-06-14 12:31:53.170 +0300
745,1.3.6,ENT Conditions,642,9242,Foreign body in nostril,EN08,Foreign Body in nose ear and aero-digestive system ,m8Vi9AE8uD1,XVHTeecEOM3,"20+Yrs, Female",2025-06-14 12:31:53.170 +0300,2025-06-14 12:31:53.170 +0300
746,1.3.6,ENT Conditions,642,9242,Foreign body in nostril,EN08,Foreign Body in nose ear and aero-digestive system ,m8Vi9AE8uD1,dCKzhhINakS,"20+Yrs, Male",2025-06-14 12:31:53.170 +0300,2025-06-14 12:31:53.170 +0300
747,1.3.6,ENT Conditions,642,9242,Foreign body in nostril,EN08,Foreign Body in nose ear and aero-digestive system ,m8Vi9AE8uD1,huBy3W5qiD2,"29Dys-4Yrs, Female",2025-06-14 12:31:53.170 +0300,2025-06-14 12:31:53.170 +0300
748,1.3.6,ENT Conditions,642,9242,Foreign body in nostril,EN08,Foreign Body in nose ear and aero-digestive system ,m8Vi9AE8uD1,V2OuNTRI6ua,"29Dys-4Yrs, Male",2025-06-14 12:31:53.170 +0300,2025-06-14 12:31:53.170 +0300
749,1.3.6,ENT Conditions,642,9242,Foreign body in nostril,EN08,Foreign Body in nose ear and aero-digestive system ,m8Vi9AE8uD1,Crc5reUlspd,"5-9Yrs, Female",2025-06-14 12:31:53.170 +0300,2025-06-14 12:31:53.170 +0300
750,1.3.6,ENT Conditions,642,9242,Foreign body in nostril,EN08,Foreign Body in nose ear and aero-digestive system ,m8Vi9AE8uD1,F1rms8f9I9a,"5-9Yrs, Male",2025-06-14 12:31:53.170 +0300,2025-06-14 12:31:53.170 +0300
751,1.3.6,ENT Conditions,643,4531,Cellulitis and abscess of mouth,EN09, Infected pre-auricular sinuses and abscess,i8cNouFCF3G,wDiX34aiw6i,"0-28Dys, Female",2025-06-14 12:31:53.170 +0300,2025-06-14 12:31:53.170 +0300
752,1.3.6,ENT Conditions,643,4531,Cellulitis and abscess of mouth,EN09, Infected pre-auricular sinuses and abscess,i8cNouFCF3G,zh2zAaHyYQx,"0-28Dys, Male",2025-06-14 12:31:53.170 +0300,2025-06-14 12:31:53.170 +0300
753,1.3.6,ENT Conditions,643,4531,Cellulitis and abscess of mouth,EN09, Infected pre-auricular sinuses and abscess,i8cNouFCF3G,u3CkZqMHfHP,"10-19Yrs, Female",2025-06-14 12:31:53.170 +0300,2025-06-14 12:31:53.170 +0300
754,1.3.6,ENT Conditions,643,4531,Cellulitis and abscess of mouth,EN09, Infected pre-auricular sinuses and abscess,i8cNouFCF3G,c7gvocRdg0f,"10-19Yrs, Male",2025-06-14 12:31:53.170 +0300,2025-06-14 12:31:53.170 +0300
755,1.3.6,ENT Conditions,643,4531,Cellulitis and abscess of mouth,EN09, Infected pre-auricular sinuses and abscess,i8cNouFCF3G,XVHTeecEOM3,"20+Yrs, Female",2025-06-14 12:31:53.170 +0300,2025-06-14 12:31:53.170 +0300
756,1.3.6,ENT Conditions,643,4531,Cellulitis and abscess of mouth,EN09, Infected pre-auricular sinuses and abscess,i8cNouFCF3G,dCKzhhINakS,"20+Yrs, Male",2025-06-14 12:31:53.170 +0300,2025-06-14 12:31:53.170 +0300
757,1.3.6,ENT Conditions,643,4531,Cellulitis and abscess of mouth,EN09, Infected pre-auricular sinuses and abscess,i8cNouFCF3G,huBy3W5qiD2,"29Dys-4Yrs, Female",2025-06-14 12:31:53.170 +0300,2025-06-14 12:31:53.170 +0300
758,1.3.6,ENT Conditions,643,4531,Cellulitis and abscess of mouth,EN09, Infected pre-auricular sinuses and abscess,i8cNouFCF3G,V2OuNTRI6ua,"29Dys-4Yrs, Male",2025-06-14 12:31:53.170 +0300,2025-06-14 12:31:53.170 +0300
759,1.3.6,ENT Conditions,643,4531,Cellulitis and abscess of mouth,EN09, Infected pre-auricular sinuses and abscess,i8cNouFCF3G,Crc5reUlspd,"5-9Yrs, Female",2025-06-14 12:31:53.170 +0300,2025-06-14 12:31:53.170 +0300
760,1.3.6,ENT Conditions,643,4531,Cellulitis and abscess of mouth,EN09, Infected pre-auricular sinuses and abscess,i8cNouFCF3G,F1rms8f9I9a,"5-9Yrs, Male",2025-06-14 12:31:53.170 +0300,2025-06-14 12:31:53.170 +0300
761,1.3.6,ENT Conditions,644,3579,Otitis externa in other diseases classified elsewhere,EN10,Otitis external,m68a9ZrLHQO,wDiX34aiw6i,"0-28Dys, Female",2025-06-14 12:31:53.170 +0300,2025-06-14 12:31:53.170 +0300
762,1.3.6,ENT Conditions,644,3579,Otitis externa in other diseases classified elsewhere,EN10,Otitis external,m68a9ZrLHQO,zh2zAaHyYQx,"0-28Dys, Male",2025-06-14 12:31:53.170 +0300,2025-06-14 12:31:53.170 +0300
763,1.3.6,ENT Conditions,644,3579,Otitis externa in other diseases classified elsewhere,EN10,Otitis external,m68a9ZrLHQO,u3CkZqMHfHP,"10-19Yrs, Female",2025-06-14 12:31:53.170 +0300,2025-06-14 12:31:53.170 +0300
764,1.3.6,ENT Conditions,644,3579,Otitis externa in other diseases classified elsewhere,EN10,Otitis external,m68a9ZrLHQO,c7gvocRdg0f,"10-19Yrs, Male",2025-06-14 12:31:53.170 +0300,2025-06-14 12:31:53.170 +0300
765,1.3.6,ENT Conditions,644,3579,Otitis externa in other diseases classified elsewhere,EN10,Otitis external,m68a9ZrLHQO,XVHTeecEOM3,"20+Yrs, Female",2025-06-14 12:31:53.170 +0300,2025-06-14 12:31:53.170 +0300
766,1.3.6,ENT Conditions,644,3579,Otitis externa in other diseases classified elsewhere,EN10,Otitis external,m68a9ZrLHQO,dCKzhhINakS,"20+Yrs, Male",2025-06-14 12:31:53.170 +0300,2025-06-14 12:31:53.170 +0300
767,1.3.6,ENT Conditions,644,3579,Otitis externa in other diseases classified elsewhere,EN10,Otitis external,m68a9ZrLHQO,huBy3W5qiD2,"29Dys-4Yrs, Female",2025-06-14 12:31:53.170 +0300,2025-06-14 12:31:53.170 +0300
768,1.3.6,ENT Conditions,644,3579,Otitis externa in other diseases classified elsewhere,EN10,Otitis external,m68a9ZrLHQO,V2OuNTRI6ua,"29Dys-4Yrs, Male",2025-06-14 12:31:53.170 +0300,2025-06-14 12:31:53.170 +0300
769,1.3.6,ENT Conditions,644,3579,Otitis externa in other diseases classified elsewhere,EN10,Otitis external,m68a9ZrLHQO,Crc5reUlspd,"5-9Yrs, Female",2025-06-14 12:31:53.170 +0300,2025-06-14 12:31:53.170 +0300
770,1.3.6,ENT Conditions,644,3579,Otitis externa in other diseases classified elsewhere,EN10,Otitis external,m68a9ZrLHQO,F1rms8f9I9a,"5-9Yrs, Male",2025-06-14 12:31:53.170 +0300,2025-06-14 12:31:53.170 +0300
771,1.3.6,ENT Conditions,645,,,EN11,Mastoid abscess,X66BIwvM6ff,wDiX34aiw6i,"0-28Dys, Female",2025-06-14 12:31:53.170 +0300,2025-06-14 12:31:53.170 +0300
772,1.3.6,ENT Conditions,645,,,EN11,Mastoid abscess,X66BIwvM6ff,zh2zAaHyYQx,"0-28Dys, Male",2025-06-14 12:31:53.170 +0300,2025-06-14 12:31:53.170 +0300
773,1.3.6,ENT Conditions,645,,,EN11,Mastoid abscess,X66BIwvM6ff,u3CkZqMHfHP,"10-19Yrs, Female",2025-06-14 12:31:53.170 +0300,2025-06-14 12:31:53.170 +0300
774,1.3.6,ENT Conditions,645,,,EN11,Mastoid abscess,X66BIwvM6ff,c7gvocRdg0f,"10-19Yrs, Male",2025-06-14 12:31:53.170 +0300,2025-06-14 12:31:53.170 +0300
775,1.3.6,ENT Conditions,645,,,EN11,Mastoid abscess,X66BIwvM6ff,XVHTeecEOM3,"20+Yrs, Female",2025-06-14 12:31:53.170 +0300,2025-06-14 12:31:53.170 +0300
776,1.3.6,ENT Conditions,645,,,EN11,Mastoid abscess,X66BIwvM6ff,dCKzhhINakS,"20+Yrs, Male",2025-06-14 12:31:53.170 +0300,2025-06-14 12:31:53.170 +0300
777,1.3.6,ENT Conditions,645,,,EN11,Mastoid abscess,X66BIwvM6ff,huBy3W5qiD2,"29Dys-4Yrs, Female",2025-06-14 12:31:53.170 +0300,2025-06-14 12:31:53.170 +0300
778,1.3.6,ENT Conditions,645,,,EN11,Mastoid abscess,X66BIwvM6ff,V2OuNTRI6ua,"29Dys-4Yrs, Male",2025-06-14 12:31:53.170 +0300,2025-06-14 12:31:53.170 +0300
779,1.3.6,ENT Conditions,645,,,EN11,Mastoid abscess,X66BIwvM6ff,Crc5reUlspd,"5-9Yrs, Female",2025-06-14 12:31:53.170 +0300,2025-06-14 12:31:53.170 +0300
780,1.3.6,ENT Conditions,645,,,EN11,Mastoid abscess,X66BIwvM6ff,F1rms8f9I9a,"5-9Yrs, Male",2025-06-14 12:31:53.170 +0300,2025-06-14 12:31:53.170 +0300
781,1.3.6,ENT Conditions,646,,,EN12,Vertigo,DfKTKgBdOJ7,wDiX34aiw6i,"0-28Dys, Female",2025-06-14 12:31:53.170 +0300,2025-06-14 12:31:53.170 +0300
782,1.3.6,ENT Conditions,646,,,EN12,Vertigo,DfKTKgBdOJ7,zh2zAaHyYQx,"0-28Dys, Male",2025-06-14 12:31:53.170 +0300,2025-06-14 12:31:53.170 +0300
783,1.3.6,ENT Conditions,646,,,EN12,Vertigo,DfKTKgBdOJ7,u3CkZqMHfHP,"10-19Yrs, Female",2025-06-14 12:31:53.170 +0300,2025-06-14 12:31:53.170 +0300
784,1.3.6,ENT Conditions,646,,,EN12,Vertigo,DfKTKgBdOJ7,c7gvocRdg0f,"10-19Yrs, Male",2025-06-14 12:31:53.170 +0300,2025-06-14 12:31:53.170 +0300
785,1.3.6,ENT Conditions,646,,,EN12,Vertigo,DfKTKgBdOJ7,XVHTeecEOM3,"20+Yrs, Female",2025-06-14 12:31:53.170 +0300,2025-06-14 12:31:53.170 +0300
786,1.3.6,ENT Conditions,646,,,EN12,Vertigo,DfKTKgBdOJ7,dCKzhhINakS,"20+Yrs, Male",2025-06-14 12:31:53.170 +0300,2025-06-14 12:31:53.170 +0300
787,1.3.6,ENT Conditions,646,,,EN12,Vertigo,DfKTKgBdOJ7,huBy3W5qiD2,"29Dys-4Yrs, Female",2025-06-14 12:31:53.170 +0300,2025-06-14 12:31:53.170 +0300
788,1.3.6,ENT Conditions,646,,,EN12,Vertigo,DfKTKgBdOJ7,V2OuNTRI6ua,"29Dys-4Yrs, Male",2025-06-14 12:31:53.170 +0300,2025-06-14 12:31:53.170 +0300
789,1.3.6,ENT Conditions,646,,,EN12,Vertigo,DfKTKgBdOJ7,Crc5reUlspd,"5-9Yrs, Female",2025-06-14 12:31:53.170 +0300,2025-06-14 12:31:53.170 +0300
790,1.3.6,ENT Conditions,646,,,EN12,Vertigo,DfKTKgBdOJ7,F1rms8f9I9a,"5-9Yrs, Male",2025-06-14 12:31:53.170 +0300,2025-06-14 12:31:53.170 +0300
791,1.3.6,ENT Conditions,647,,,EN13,Tonsillitis,uqferbMcOHI,wDiX34aiw6i,"0-28Dys, Female",2025-06-14 12:31:53.170 +0300,2025-06-14 12:31:53.170 +0300
792,1.3.6,ENT Conditions,647,,,EN13,Tonsillitis,uqferbMcOHI,zh2zAaHyYQx,"0-28Dys, Male",2025-06-14 12:31:53.170 +0300,2025-06-14 12:31:53.170 +0300
793,1.3.6,ENT Conditions,647,,,EN13,Tonsillitis,uqferbMcOHI,u3CkZqMHfHP,"10-19Yrs, Female",2025-06-14 12:31:53.170 +0300,2025-06-14 12:31:53.170 +0300
794,1.3.6,ENT Conditions,647,,,EN13,Tonsillitis,uqferbMcOHI,c7gvocRdg0f,"10-19Yrs, Male",2025-06-14 12:31:53.170 +0300,2025-06-14 12:31:53.170 +0300
795,1.3.6,ENT Conditions,647,,,EN13,Tonsillitis,uqferbMcOHI,XVHTeecEOM3,"20+Yrs, Female",2025-06-14 12:31:53.170 +0300,2025-06-14 12:31:53.170 +0300
796,1.3.6,ENT Conditions,647,,,EN13,Tonsillitis,uqferbMcOHI,dCKzhhINakS,"20+Yrs, Male",2025-06-14 12:31:53.170 +0300,2025-06-14 12:31:53.170 +0300
797,1.3.6,ENT Conditions,647,,,EN13,Tonsillitis,uqferbMcOHI,huBy3W5qiD2,"29Dys-4Yrs, Female",2025-06-14 12:31:53.170 +0300,2025-06-14 12:31:53.170 +0300
798,1.3.6,ENT Conditions,647,,,EN13,Tonsillitis,uqferbMcOHI,V2OuNTRI6ua,"29Dys-4Yrs, Male",2025-06-14 12:31:53.170 +0300,2025-06-14 12:31:53.170 +0300
799,1.3.6,ENT Conditions,647,,,EN13,Tonsillitis,uqferbMcOHI,Crc5reUlspd,"5-9Yrs, Female",2025-06-14 12:31:53.170 +0300,2025-06-14 12:31:53.170 +0300
800,1.3.6,ENT Conditions,647,,,EN13,Tonsillitis,uqferbMcOHI,F1rms8f9I9a,"5-9Yrs, Male",2025-06-14 12:31:53.170 +0300,2025-06-14 12:31:53.170 +0300
801,1.3.6,ENT Conditions,648,4270,Hypertrophy of tonsils,EN14,Tonsillar hypertrophy,fHQ3TvkzU1C,wDiX34aiw6i,"0-28Dys, Female",2025-06-14 12:31:53.170 +0300,2025-06-14 12:31:53.170 +0300
802,1.3.6,ENT Conditions,648,4270,Hypertrophy of tonsils,EN14,Tonsillar hypertrophy,fHQ3TvkzU1C,zh2zAaHyYQx,"0-28Dys, Male",2025-06-14 12:31:53.170 +0300,2025-06-14 12:31:53.170 +0300
803,1.3.6,ENT Conditions,648,4270,Hypertrophy of tonsils,EN14,Tonsillar hypertrophy,fHQ3TvkzU1C,u3CkZqMHfHP,"10-19Yrs, Female",2025-06-14 12:31:53.170 +0300,2025-06-14 12:31:53.170 +0300
804,1.3.6,ENT Conditions,648,4270,Hypertrophy of tonsils,EN14,Tonsillar hypertrophy,fHQ3TvkzU1C,c7gvocRdg0f,"10-19Yrs, Male",2025-06-14 12:31:53.170 +0300,2025-06-14 12:31:53.170 +0300
805,1.3.6,ENT Conditions,648,4270,Hypertrophy of tonsils,EN14,Tonsillar hypertrophy,fHQ3TvkzU1C,XVHTeecEOM3,"20+Yrs, Female",2025-06-14 12:31:53.170 +0300,2025-06-14 12:31:53.170 +0300
806,1.3.6,ENT Conditions,648,4270,Hypertrophy of tonsils,EN14,Tonsillar hypertrophy,fHQ3TvkzU1C,dCKzhhINakS,"20+Yrs, Male",2025-06-14 12:31:53.170 +0300,2025-06-14 12:31:53.170 +0300
807,1.3.6,ENT Conditions,648,4270,Hypertrophy of tonsils,EN14,Tonsillar hypertrophy,fHQ3TvkzU1C,huBy3W5qiD2,"29Dys-4Yrs, Female",2025-06-14 12:31:53.170 +0300,2025-06-14 12:31:53.170 +0300
808,1.3.6,ENT Conditions,648,4270,Hypertrophy of tonsils,EN14,Tonsillar hypertrophy,fHQ3TvkzU1C,V2OuNTRI6ua,"29Dys-4Yrs, Male",2025-06-14 12:31:53.170 +0300,2025-06-14 12:31:53.170 +0300
809,1.3.6,ENT Conditions,648,4270,Hypertrophy of tonsils,EN14,Tonsillar hypertrophy,fHQ3TvkzU1C,Crc5reUlspd,"5-9Yrs, Female",2025-06-14 12:31:53.170 +0300,2025-06-14 12:31:53.170 +0300
810,1.3.6,ENT Conditions,648,4270,Hypertrophy of tonsils,EN14,Tonsillar hypertrophy,fHQ3TvkzU1C,F1rms8f9I9a,"5-9Yrs, Male",2025-06-14 12:31:53.170 +0300,2025-06-14 12:31:53.170 +0300
811,1.3.6,ENT Conditions,649,3680,Tinnitus,EN15,Tinnitus,ZC2KCP3lhtd,wDiX34aiw6i,"0-28Dys, Female",2025-06-14 12:31:53.170 +0300,2025-06-14 12:31:53.170 +0300
812,1.3.6,ENT Conditions,649,3680,Tinnitus,EN15,Tinnitus,ZC2KCP3lhtd,zh2zAaHyYQx,"0-28Dys, Male",2025-06-14 12:31:53.170 +0300,2025-06-14 12:31:53.170 +0300
813,1.3.6,ENT Conditions,649,3680,Tinnitus,EN15,Tinnitus,ZC2KCP3lhtd,u3CkZqMHfHP,"10-19Yrs, Female",2025-06-14 12:31:53.170 +0300,2025-06-14 12:31:53.170 +0300
814,1.3.6,ENT Conditions,649,3680,Tinnitus,EN15,Tinnitus,ZC2KCP3lhtd,c7gvocRdg0f,"10-19Yrs, Male",2025-06-14 12:31:53.170 +0300,2025-06-14 12:31:53.170 +0300
815,1.3.6,ENT Conditions,649,3680,Tinnitus,EN15,Tinnitus,ZC2KCP3lhtd,XVHTeecEOM3,"20+Yrs, Female",2025-06-14 12:31:53.170 +0300,2025-06-14 12:31:53.170 +0300
816,1.3.6,ENT Conditions,649,3680,Tinnitus,EN15,Tinnitus,ZC2KCP3lhtd,dCKzhhINakS,"20+Yrs, Male",2025-06-14 12:31:53.170 +0300,2025-06-14 12:31:53.170 +0300
817,1.3.6,ENT Conditions,649,3680,Tinnitus,EN15,Tinnitus,ZC2KCP3lhtd,huBy3W5qiD2,"29Dys-4Yrs, Female",2025-06-14 12:31:53.170 +0300,2025-06-14 12:31:53.170 +0300
818,1.3.6,ENT Conditions,649,3680,Tinnitus,EN15,Tinnitus,ZC2KCP3lhtd,V2OuNTRI6ua,"29Dys-4Yrs, Male",2025-06-14 12:31:53.170 +0300,2025-06-14 12:31:53.170 +0300
819,1.3.6,ENT Conditions,649,3680,Tinnitus,EN15,Tinnitus,ZC2KCP3lhtd,Crc5reUlspd,"5-9Yrs, Female",2025-06-14 12:31:53.170 +0300,2025-06-14 12:31:53.170 +0300
820,1.3.6,ENT Conditions,649,3680,Tinnitus,EN15,Tinnitus,ZC2KCP3lhtd,F1rms8f9I9a,"5-9Yrs, Male",2025-06-14 12:31:53.170 +0300,2025-06-14 12:31:53.170 +0300
821,1.3.6,ENT Conditions,650,,,EN16,Head and neck cancers,h5JApA8gFwD,wDiX34aiw6i,"0-28Dys, Female",2025-06-14 12:31:53.170 +0300,2025-06-14 12:31:53.170 +0300
822,1.3.6,ENT Conditions,650,,,EN16,Head and neck cancers,h5JApA8gFwD,zh2zAaHyYQx,"0-28Dys, Male",2025-06-14 12:31:53.170 +0300,2025-06-14 12:31:53.170 +0300
823,1.3.6,ENT Conditions,650,,,EN16,Head and neck cancers,h5JApA8gFwD,u3CkZqMHfHP,"10-19Yrs, Female",2025-06-14 12:31:53.170 +0300,2025-06-14 12:31:53.170 +0300
824,1.3.6,ENT Conditions,650,,,EN16,Head and neck cancers,h5JApA8gFwD,c7gvocRdg0f,"10-19Yrs, Male",2025-06-14 12:31:53.170 +0300,2025-06-14 12:31:53.170 +0300
825,1.3.6,ENT Conditions,650,,,EN16,Head and neck cancers,h5JApA8gFwD,XVHTeecEOM3,"20+Yrs, Female",2025-06-14 12:31:53.170 +0300,2025-06-14 12:31:53.170 +0300
826,1.3.6,ENT Conditions,650,,,EN16,Head and neck cancers,h5JApA8gFwD,dCKzhhINakS,"20+Yrs, Male",2025-06-14 12:31:53.170 +0300,2025-06-14 12:31:53.170 +0300
827,1.3.6,ENT Conditions,650,,,EN16,Head and neck cancers,h5JApA8gFwD,huBy3W5qiD2,"29Dys-4Yrs, Female",2025-06-14 12:31:53.170 +0300,2025-06-14 12:31:53.170 +0300
828,1.3.6,ENT Conditions,650,,,EN16,Head and neck cancers,h5JApA8gFwD,V2OuNTRI6ua,"29Dys-4Yrs, Male",2025-06-14 12:31:53.170 +0300,2025-06-14 12:31:53.170 +0300
829,1.3.6,ENT Conditions,650,,,EN16,Head and neck cancers,h5JApA8gFwD,Crc5reUlspd,"5-9Yrs, Female",2025-06-14 12:31:53.170 +0300,2025-06-14 12:31:53.170 +0300
830,1.3.6,ENT Conditions,650,,,EN16,Head and neck cancers,h5JApA8gFwD,F1rms8f9I9a,"5-9Yrs, Male",2025-06-14 12:31:53.170 +0300,2025-06-14 12:31:53.170 +0300
831,1.3.6,ENT Conditions,215,,,EN17,Other ENT conditions,PbWaDKchm2a,wDiX34aiw6i,"0-28Dys, Female",2025-06-14 12:31:53.170 +0300,2025-06-14 12:31:53.170 +0300
832,1.3.6,ENT Conditions,215,,,EN17,Other ENT conditions,PbWaDKchm2a,zh2zAaHyYQx,"0-28Dys, Male",2025-06-14 12:31:53.170 +0300,2025-06-14 12:31:53.170 +0300
833,1.3.6,ENT Conditions,215,,,EN17,Other ENT conditions,PbWaDKchm2a,u3CkZqMHfHP,"10-19Yrs, Female",2025-06-14 12:31:53.170 +0300,2025-06-14 12:31:53.170 +0300
834,1.3.6,ENT Conditions,215,,,EN17,Other ENT conditions,PbWaDKchm2a,c7gvocRdg0f,"10-19Yrs, Male",2025-06-14 12:31:53.170 +0300,2025-06-14 12:31:53.170 +0300
835,1.3.6,ENT Conditions,215,,,EN17,Other ENT conditions,PbWaDKchm2a,XVHTeecEOM3,"20+Yrs, Female",2025-06-14 12:31:53.170 +0300,2025-06-14 12:31:53.170 +0300
836,1.3.6,ENT Conditions,215,,,EN17,Other ENT conditions,PbWaDKchm2a,dCKzhhINakS,"20+Yrs, Male",2025-06-14 12:31:53.170 +0300,2025-06-14 12:31:53.170 +0300
837,1.3.6,ENT Conditions,215,,,EN17,Other ENT conditions,PbWaDKchm2a,huBy3W5qiD2,"29Dys-4Yrs, Female",2025-06-14 12:31:53.170 +0300,2025-06-14 12:31:53.170 +0300
838,1.3.6,ENT Conditions,215,,,EN17,Other ENT conditions,PbWaDKchm2a,V2OuNTRI6ua,"29Dys-4Yrs, Male",2025-06-14 12:31:53.170 +0300,2025-06-14 12:31:53.170 +0300
839,1.3.6,ENT Conditions,215,,,EN17,Other ENT conditions,PbWaDKchm2a,Crc5reUlspd,"5-9Yrs, Female",2025-06-14 12:31:53.170 +0300,2025-06-14 12:31:53.170 +0300
840,1.3.6,ENT Conditions,215,,,EN17,Other ENT conditions,PbWaDKchm2a,F1rms8f9I9a,"5-9Yrs, Male",2025-06-14 12:31:53.170 +0300,2025-06-14 12:31:53.170 +0300
841,1.3.7,Eye Conditions,651,9236,Foreign body in conjunctival sac,EC01,Allergic conjunctivitis,P2wDiYT9Ldr,wDiX34aiw6i,"0-28Dys, Female",2025-06-14 12:31:53.170 +0300,2025-06-14 12:31:53.170 +0300
842,1.3.7,Eye Conditions,651,9236,Foreign body in conjunctival sac,EC01,Allergic conjunctivitis,P2wDiYT9Ldr,zh2zAaHyYQx,"0-28Dys, Male",2025-06-14 12:31:53.170 +0300,2025-06-14 12:31:53.170 +0300
843,1.3.7,Eye Conditions,651,9236,Foreign body in conjunctival sac,EC01,Allergic conjunctivitis,P2wDiYT9Ldr,u3CkZqMHfHP,"10-19Yrs, Female",2025-06-14 12:31:53.170 +0300,2025-06-14 12:31:53.170 +0300
844,1.3.7,Eye Conditions,651,9236,Foreign body in conjunctival sac,EC01,Allergic conjunctivitis,P2wDiYT9Ldr,c7gvocRdg0f,"10-19Yrs, Male",2025-06-14 12:31:53.170 +0300,2025-06-14 12:31:53.170 +0300
845,1.3.7,Eye Conditions,651,9236,Foreign body in conjunctival sac,EC01,Allergic conjunctivitis,P2wDiYT9Ldr,XVHTeecEOM3,"20+Yrs, Female",2025-06-14 12:31:53.170 +0300,2025-06-14 12:31:53.170 +0300
846,1.3.7,Eye Conditions,651,9236,Foreign body in conjunctival sac,EC01,Allergic conjunctivitis,P2wDiYT9Ldr,dCKzhhINakS,"20+Yrs, Male",2025-06-14 12:31:53.170 +0300,2025-06-14 12:31:53.170 +0300
847,1.3.7,Eye Conditions,651,9236,Foreign body in conjunctival sac,EC01,Allergic conjunctivitis,P2wDiYT9Ldr,huBy3W5qiD2,"29Dys-4Yrs, Female",2025-06-14 12:31:53.170 +0300,2025-06-14 12:31:53.170 +0300
848,1.3.7,Eye Conditions,651,9236,Foreign body in conjunctival sac,EC01,Allergic conjunctivitis,P2wDiYT9Ldr,V2OuNTRI6ua,"29Dys-4Yrs, Male",2025-06-14 12:31:53.170 +0300,2025-06-14 12:31:53.170 +0300
849,1.3.7,Eye Conditions,651,9236,Foreign body in conjunctival sac,EC01,Allergic conjunctivitis,P2wDiYT9Ldr,Crc5reUlspd,"5-9Yrs, Female",2025-06-14 12:31:53.170 +0300,2025-06-14 12:31:53.170 +0300
850,1.3.7,Eye Conditions,651,9236,Foreign body in conjunctival sac,EC01,Allergic conjunctivitis,P2wDiYT9Ldr,F1rms8f9I9a,"5-9Yrs, Male",2025-06-14 12:31:53.170 +0300,2025-06-14 12:31:53.170 +0300
851,1.3.7,Eye Conditions,652,11534,Need for immunization against single bacterial diseases,EC02,Bacterial Conjunctivitis,PgLUhukgbZu,wDiX34aiw6i,"0-28Dys, Female",2025-06-14 12:31:53.170 +0300,2025-06-14 12:31:53.170 +0300
852,1.3.7,Eye Conditions,652,11534,Need for immunization against single bacterial diseases,EC02,Bacterial Conjunctivitis,PgLUhukgbZu,zh2zAaHyYQx,"0-28Dys, Male",2025-06-14 12:31:53.170 +0300,2025-06-14 12:31:53.170 +0300
853,1.3.7,Eye Conditions,652,11534,Need for immunization against single bacterial diseases,EC02,Bacterial Conjunctivitis,PgLUhukgbZu,u3CkZqMHfHP,"10-19Yrs, Female",2025-06-14 12:31:53.170 +0300,2025-06-14 12:31:53.170 +0300
854,1.3.7,Eye Conditions,652,11534,Need for immunization against single bacterial diseases,EC02,Bacterial Conjunctivitis,PgLUhukgbZu,c7gvocRdg0f,"10-19Yrs, Male",2025-06-14 12:31:53.170 +0300,2025-06-14 12:31:53.170 +0300
855,1.3.7,Eye Conditions,652,11534,Need for immunization against single bacterial diseases,EC02,Bacterial Conjunctivitis,PgLUhukgbZu,XVHTeecEOM3,"20+Yrs, Female",2025-06-14 12:31:53.170 +0300,2025-06-14 12:31:53.170 +0300
856,1.3.7,Eye Conditions,652,11534,Need for immunization against single bacterial diseases,EC02,Bacterial Conjunctivitis,PgLUhukgbZu,dCKzhhINakS,"20+Yrs, Male",2025-06-14 12:31:53.170 +0300,2025-06-14 12:31:53.170 +0300
857,1.3.7,Eye Conditions,652,11534,Need for immunization against single bacterial diseases,EC02,Bacterial Conjunctivitis,PgLUhukgbZu,huBy3W5qiD2,"29Dys-4Yrs, Female",2025-06-14 12:31:53.170 +0300,2025-06-14 12:31:53.170 +0300
858,1.3.7,Eye Conditions,652,11534,Need for immunization against single bacterial diseases,EC02,Bacterial Conjunctivitis,PgLUhukgbZu,V2OuNTRI6ua,"29Dys-4Yrs, Male",2025-06-14 12:31:53.170 +0300,2025-06-14 12:31:53.170 +0300
859,1.3.7,Eye Conditions,652,11534,Need for immunization against single bacterial diseases,EC02,Bacterial Conjunctivitis,PgLUhukgbZu,Crc5reUlspd,"5-9Yrs, Female",2025-06-14 12:31:53.170 +0300,2025-06-14 12:31:53.170 +0300
860,1.3.7,Eye Conditions,652,11534,Need for immunization against single bacterial diseases,EC02,Bacterial Conjunctivitis,PgLUhukgbZu,F1rms8f9I9a,"5-9Yrs, Male",2025-06-14 12:31:53.170 +0300,2025-06-14 12:31:53.170 +0300
861,1.3.7,Eye Conditions,217,7415,Congenital malformation of optic disc,EC03,Ophthalmia neonatorum,i0m5sElYwRw,wDiX34aiw6i,"0-28Dys, Female",2025-06-14 12:31:53.170 +0300,2025-06-14 12:31:53.170 +0300
862,1.3.7,Eye Conditions,217,7415,Congenital malformation of optic disc,EC03,Ophthalmia neonatorum,i0m5sElYwRw,zh2zAaHyYQx,"0-28Dys, Male",2025-06-14 12:31:53.170 +0300,2025-06-14 12:31:53.170 +0300
863,1.3.7,Eye Conditions,217,7415,Congenital malformation of optic disc,EC03,Ophthalmia neonatorum,i0m5sElYwRw,u3CkZqMHfHP,"10-19Yrs, Female",2025-06-14 12:31:53.170 +0300,2025-06-14 12:31:53.170 +0300
864,1.3.7,Eye Conditions,217,7415,Congenital malformation of optic disc,EC03,Ophthalmia neonatorum,i0m5sElYwRw,c7gvocRdg0f,"10-19Yrs, Male",2025-06-14 12:31:53.170 +0300,2025-06-14 12:31:53.170 +0300
865,1.3.7,Eye Conditions,217,7415,Congenital malformation of optic disc,EC03,Ophthalmia neonatorum,i0m5sElYwRw,XVHTeecEOM3,"20+Yrs, Female",2025-06-14 12:31:53.170 +0300,2025-06-14 12:31:53.170 +0300
866,1.3.7,Eye Conditions,217,7415,Congenital malformation of optic disc,EC03,Ophthalmia neonatorum,i0m5sElYwRw,dCKzhhINakS,"20+Yrs, Male",2025-06-14 12:31:53.170 +0300,2025-06-14 12:31:53.170 +0300
867,1.3.7,Eye Conditions,217,7415,Congenital malformation of optic disc,EC03,Ophthalmia neonatorum,i0m5sElYwRw,huBy3W5qiD2,"29Dys-4Yrs, Female",2025-06-14 12:31:53.170 +0300,2025-06-14 12:31:53.170 +0300
868,1.3.7,Eye Conditions,217,7415,Congenital malformation of optic disc,EC03,Ophthalmia neonatorum,i0m5sElYwRw,V2OuNTRI6ua,"29Dys-4Yrs, Male",2025-06-14 12:31:53.170 +0300,2025-06-14 12:31:53.170 +0300
869,1.3.7,Eye Conditions,217,7415,Congenital malformation of optic disc,EC03,Ophthalmia neonatorum,i0m5sElYwRw,Crc5reUlspd,"5-9Yrs, Female",2025-06-14 12:31:53.170 +0300,2025-06-14 12:31:53.170 +0300
870,1.3.7,Eye Conditions,217,7415,Congenital malformation of optic disc,EC03,Ophthalmia neonatorum,i0m5sElYwRw,F1rms8f9I9a,"5-9Yrs, Male",2025-06-14 12:31:53.170 +0300,2025-06-14 12:31:53.170 +0300
871,1.3.7,Eye Conditions,653,9236,Foreign body in conjunctival sac,EC04,Corneal Ulcers/ Keratitis,zRqFF1DW2sc,wDiX34aiw6i,"0-28Dys, Female",2025-06-14 12:31:53.170 +0300,2025-06-14 12:31:53.170 +0300
872,1.3.7,Eye Conditions,653,9236,Foreign body in conjunctival sac,EC04,Corneal Ulcers/ Keratitis,zRqFF1DW2sc,zh2zAaHyYQx,"0-28Dys, Male",2025-06-14 12:31:53.170 +0300,2025-06-14 12:31:53.170 +0300
873,1.3.7,Eye Conditions,653,9236,Foreign body in conjunctival sac,EC04,Corneal Ulcers/ Keratitis,zRqFF1DW2sc,u3CkZqMHfHP,"10-19Yrs, Female",2025-06-14 12:31:53.170 +0300,2025-06-14 12:31:53.170 +0300
874,1.3.7,Eye Conditions,653,9236,Foreign body in conjunctival sac,EC04,Corneal Ulcers/ Keratitis,zRqFF1DW2sc,c7gvocRdg0f,"10-19Yrs, Male",2025-06-14 12:31:53.170 +0300,2025-06-14 12:31:53.170 +0300
875,1.3.7,Eye Conditions,653,9236,Foreign body in conjunctival sac,EC04,Corneal Ulcers/ Keratitis,zRqFF1DW2sc,XVHTeecEOM3,"20+Yrs, Female",2025-06-14 12:31:53.170 +0300,2025-06-14 12:31:53.170 +0300
876,1.3.7,Eye Conditions,653,9236,Foreign body in conjunctival sac,EC04,Corneal Ulcers/ Keratitis,zRqFF1DW2sc,dCKzhhINakS,"20+Yrs, Male",2025-06-14 12:31:53.170 +0300,2025-06-14 12:31:53.170 +0300
877,1.3.7,Eye Conditions,653,9236,Foreign body in conjunctival sac,EC04,Corneal Ulcers/ Keratitis,zRqFF1DW2sc,huBy3W5qiD2,"29Dys-4Yrs, Female",2025-06-14 12:31:53.170 +0300,2025-06-14 12:31:53.170 +0300
878,1.3.7,Eye Conditions,653,9236,Foreign body in conjunctival sac,EC04,Corneal Ulcers/ Keratitis,zRqFF1DW2sc,V2OuNTRI6ua,"29Dys-4Yrs, Male",2025-06-14 12:31:53.170 +0300,2025-06-14 12:31:53.170 +0300
879,1.3.7,Eye Conditions,653,9236,Foreign body in conjunctival sac,EC04,Corneal Ulcers/ Keratitis,zRqFF1DW2sc,Crc5reUlspd,"5-9Yrs, Female",2025-06-14 12:31:53.170 +0300,2025-06-14 12:31:53.170 +0300
880,1.3.7,Eye Conditions,653,9236,Foreign body in conjunctival sac,EC04,Corneal Ulcers/ Keratitis,zRqFF1DW2sc,F1rms8f9I9a,"5-9Yrs, Male",2025-06-14 12:31:53.170 +0300,2025-06-14 12:31:53.170 +0300
881,1.3.7,Eye Conditions,654,5122,Actinic keratosis,EC05,Un Operable Cataract (>6/60),JHvqNwXb3ze,wDiX34aiw6i,"0-28Dys, Female",2025-06-14 12:31:53.170 +0300,2025-06-14 12:31:53.170 +0300
882,1.3.7,Eye Conditions,654,5122,Actinic keratosis,EC05,Un Operable Cataract (>6/60),JHvqNwXb3ze,zh2zAaHyYQx,"0-28Dys, Male",2025-06-14 12:31:53.170 +0300,2025-06-14 12:31:53.170 +0300
883,1.3.7,Eye Conditions,654,5122,Actinic keratosis,EC05,Un Operable Cataract (>6/60),JHvqNwXb3ze,u3CkZqMHfHP,"10-19Yrs, Female",2025-06-14 12:31:53.170 +0300,2025-06-14 12:31:53.170 +0300
884,1.3.7,Eye Conditions,654,5122,Actinic keratosis,EC05,Un Operable Cataract (>6/60),JHvqNwXb3ze,c7gvocRdg0f,"10-19Yrs, Male",2025-06-14 12:31:53.170 +0300,2025-06-14 12:31:53.170 +0300
885,1.3.7,Eye Conditions,654,5122,Actinic keratosis,EC05,Un Operable Cataract (>6/60),JHvqNwXb3ze,XVHTeecEOM3,"20+Yrs, Female",2025-06-14 12:31:53.170 +0300,2025-06-14 12:31:53.170 +0300
886,1.3.7,Eye Conditions,654,5122,Actinic keratosis,EC05,Un Operable Cataract (>6/60),JHvqNwXb3ze,dCKzhhINakS,"20+Yrs, Male",2025-06-14 12:31:53.170 +0300,2025-06-14 12:31:53.170 +0300
887,1.3.7,Eye Conditions,654,5122,Actinic keratosis,EC05,Un Operable Cataract (>6/60),JHvqNwXb3ze,huBy3W5qiD2,"29Dys-4Yrs, Female",2025-06-14 12:31:53.170 +0300,2025-06-14 12:31:53.170 +0300
888,1.3.7,Eye Conditions,654,5122,Actinic keratosis,EC05,Un Operable Cataract (>6/60),JHvqNwXb3ze,V2OuNTRI6ua,"29Dys-4Yrs, Male",2025-06-14 12:31:53.170 +0300,2025-06-14 12:31:53.170 +0300
889,1.3.7,Eye Conditions,654,5122,Actinic keratosis,EC05,Un Operable Cataract (>6/60),JHvqNwXb3ze,Crc5reUlspd,"5-9Yrs, Female",2025-06-14 12:31:53.170 +0300,2025-06-14 12:31:53.170 +0300
890,1.3.7,Eye Conditions,654,5122,Actinic keratosis,EC05,Un Operable Cataract (>6/60),JHvqNwXb3ze,F1rms8f9I9a,"5-9Yrs, Male",2025-06-14 12:31:53.170 +0300,2025-06-14 12:31:53.170 +0300
891,1.3.7,Eye Conditions,655,1395,Malignant immunoproliferative diseases,EC06,Operable Cataract (< 6/60),NPJww2cAxe0,wDiX34aiw6i,"0-28Dys, Female",2025-06-14 12:31:53.170 +0300,2025-06-14 12:31:53.170 +0300
892,1.3.7,Eye Conditions,655,1395,Malignant immunoproliferative diseases,EC06,Operable Cataract (< 6/60),NPJww2cAxe0,zh2zAaHyYQx,"0-28Dys, Male",2025-06-14 12:31:53.170 +0300,2025-06-14 12:31:53.170 +0300
893,1.3.7,Eye Conditions,655,1395,Malignant immunoproliferative diseases,EC06,Operable Cataract (< 6/60),NPJww2cAxe0,u3CkZqMHfHP,"10-19Yrs, Female",2025-06-14 12:31:53.170 +0300,2025-06-14 12:31:53.170 +0300
894,1.3.7,Eye Conditions,655,1395,Malignant immunoproliferative diseases,EC06,Operable Cataract (< 6/60),NPJww2cAxe0,c7gvocRdg0f,"10-19Yrs, Male",2025-06-14 12:31:53.170 +0300,2025-06-14 12:31:53.170 +0300
895,1.3.7,Eye Conditions,655,1395,Malignant immunoproliferative diseases,EC06,Operable Cataract (< 6/60),NPJww2cAxe0,XVHTeecEOM3,"20+Yrs, Female",2025-06-14 12:31:53.170 +0300,2025-06-14 12:31:53.170 +0300
896,1.3.7,Eye Conditions,655,1395,Malignant immunoproliferative diseases,EC06,Operable Cataract (< 6/60),NPJww2cAxe0,dCKzhhINakS,"20+Yrs, Male",2025-06-14 12:31:53.170 +0300,2025-06-14 12:31:53.170 +0300
897,1.3.7,Eye Conditions,655,1395,Malignant immunoproliferative diseases,EC06,Operable Cataract (< 6/60),NPJww2cAxe0,huBy3W5qiD2,"29Dys-4Yrs, Female",2025-06-14 12:31:53.170 +0300,2025-06-14 12:31:53.170 +0300
898,1.3.7,Eye Conditions,655,1395,Malignant immunoproliferative diseases,EC06,Operable Cataract (< 6/60),NPJww2cAxe0,V2OuNTRI6ua,"29Dys-4Yrs, Male",2025-06-14 12:31:53.170 +0300,2025-06-14 12:31:53.170 +0300
899,1.3.7,Eye Conditions,655,1395,Malignant immunoproliferative diseases,EC06,Operable Cataract (< 6/60),NPJww2cAxe0,Crc5reUlspd,"5-9Yrs, Female",2025-06-14 12:31:53.170 +0300,2025-06-14 12:31:53.170 +0300
900,1.3.7,Eye Conditions,655,1395,Malignant immunoproliferative diseases,EC06,Operable Cataract (< 6/60),NPJww2cAxe0,F1rms8f9I9a,"5-9Yrs, Male",2025-06-14 12:31:53.170 +0300,2025-06-14 12:31:53.170 +0300
901,1.3.7,Eye Conditions,656,11264,Failure in suture or ligature during surgical operation,EC07,Refractive errors,tnjg6ygBlhw,wDiX34aiw6i,"0-28Dys, Female",2025-06-14 12:31:53.170 +0300,2025-06-14 12:31:53.170 +0300
902,1.3.7,Eye Conditions,656,11264,Failure in suture or ligature during surgical operation,EC07,Refractive errors,tnjg6ygBlhw,zh2zAaHyYQx,"0-28Dys, Male",2025-06-14 12:31:53.170 +0300,2025-06-14 12:31:53.170 +0300
903,1.3.7,Eye Conditions,656,11264,Failure in suture or ligature during surgical operation,EC07,Refractive errors,tnjg6ygBlhw,u3CkZqMHfHP,"10-19Yrs, Female",2025-06-14 12:31:53.170 +0300,2025-06-14 12:31:53.170 +0300
904,1.3.7,Eye Conditions,656,11264,Failure in suture or ligature during surgical operation,EC07,Refractive errors,tnjg6ygBlhw,c7gvocRdg0f,"10-19Yrs, Male",2025-06-14 12:31:53.170 +0300,2025-06-14 12:31:53.170 +0300
905,1.3.7,Eye Conditions,656,11264,Failure in suture or ligature during surgical operation,EC07,Refractive errors,tnjg6ygBlhw,XVHTeecEOM3,"20+Yrs, Female",2025-06-14 12:31:53.170 +0300,2025-06-14 12:31:53.170 +0300
906,1.3.7,Eye Conditions,656,11264,Failure in suture or ligature during surgical operation,EC07,Refractive errors,tnjg6ygBlhw,dCKzhhINakS,"20+Yrs, Male",2025-06-14 12:31:53.170 +0300,2025-06-14 12:31:53.170 +0300
907,1.3.7,Eye Conditions,656,11264,Failure in suture or ligature during surgical operation,EC07,Refractive errors,tnjg6ygBlhw,huBy3W5qiD2,"29Dys-4Yrs, Female",2025-06-14 12:31:53.170 +0300,2025-06-14 12:31:53.170 +0300
908,1.3.7,Eye Conditions,656,11264,Failure in suture or ligature during surgical operation,EC07,Refractive errors,tnjg6ygBlhw,V2OuNTRI6ua,"29Dys-4Yrs, Male",2025-06-14 12:31:53.170 +0300,2025-06-14 12:31:53.170 +0300
909,1.3.7,Eye Conditions,656,11264,Failure in suture or ligature during surgical operation,EC07,Refractive errors,tnjg6ygBlhw,Crc5reUlspd,"5-9Yrs, Female",2025-06-14 12:31:53.170 +0300,2025-06-14 12:31:53.170 +0300
910,1.3.7,Eye Conditions,656,11264,Failure in suture or ligature during surgical operation,EC07,Refractive errors,tnjg6ygBlhw,F1rms8f9I9a,"5-9Yrs, Male",2025-06-14 12:31:53.170 +0300,2025-06-14 12:31:53.170 +0300
911,1.3.7,Eye Conditions,657,6906,Retracted nipple associated with childbirth,EC08,Glaucoma ,ZJQwEArEIbG,Crc5reUlspd,"5-9Yrs, Female",2025-06-14 12:31:53.170 +0300,2025-06-14 12:31:53.170 +0300
912,1.3.7,Eye Conditions,657,6906,Retracted nipple associated with childbirth,EC08,Glaucoma ,ZJQwEArEIbG,wDiX34aiw6i,"0-28Dys, Female",2025-06-14 12:31:53.170 +0300,2025-06-14 12:31:53.170 +0300
913,1.3.7,Eye Conditions,657,6906,Retracted nipple associated with childbirth,EC08,Glaucoma ,ZJQwEArEIbG,zh2zAaHyYQx,"0-28Dys, Male",2025-06-14 12:31:53.170 +0300,2025-06-14 12:31:53.170 +0300
914,1.3.7,Eye Conditions,657,6906,Retracted nipple associated with childbirth,EC08,Glaucoma ,ZJQwEArEIbG,u3CkZqMHfHP,"10-19Yrs, Female",2025-06-14 12:31:53.170 +0300,2025-06-14 12:31:53.170 +0300
915,1.3.7,Eye Conditions,657,6906,Retracted nipple associated with childbirth,EC08,Glaucoma ,ZJQwEArEIbG,c7gvocRdg0f,"10-19Yrs, Male",2025-06-14 12:31:53.170 +0300,2025-06-14 12:31:53.170 +0300
916,1.3.7,Eye Conditions,657,6906,Retracted nipple associated with childbirth,EC08,Glaucoma ,ZJQwEArEIbG,XVHTeecEOM3,"20+Yrs, Female",2025-06-14 12:31:53.170 +0300,2025-06-14 12:31:53.170 +0300
917,1.3.7,Eye Conditions,657,6906,Retracted nipple associated with childbirth,EC08,Glaucoma ,ZJQwEArEIbG,dCKzhhINakS,"20+Yrs, Male",2025-06-14 12:31:53.170 +0300,2025-06-14 12:31:53.170 +0300
918,1.3.7,Eye Conditions,657,6906,Retracted nipple associated with childbirth,EC08,Glaucoma ,ZJQwEArEIbG,huBy3W5qiD2,"29Dys-4Yrs, Female",2025-06-14 12:31:53.170 +0300,2025-06-14 12:31:53.170 +0300
919,1.3.7,Eye Conditions,657,6906,Retracted nipple associated with childbirth,EC08,Glaucoma ,ZJQwEArEIbG,V2OuNTRI6ua,"29Dys-4Yrs, Male",2025-06-14 12:31:53.170 +0300,2025-06-14 12:31:53.170 +0300
920,1.3.7,Eye Conditions,657,6906,Retracted nipple associated with childbirth,EC08,Glaucoma ,ZJQwEArEIbG,F1rms8f9I9a,"5-9Yrs, Male",2025-06-14 12:31:53.170 +0300,2025-06-14 12:31:53.170 +0300
921,1.3.7,Eye Conditions,220,,,EC09,Trachoma,YWulguQA8BP,wDiX34aiw6i,"0-28Dys, Female",2025-06-14 12:31:53.170 +0300,2025-06-14 12:31:53.170 +0300
922,1.3.7,Eye Conditions,220,,,EC09,Trachoma,YWulguQA8BP,zh2zAaHyYQx,"0-28Dys, Male",2025-06-14 12:31:53.170 +0300,2025-06-14 12:31:53.170 +0300
923,1.3.7,Eye Conditions,220,,,EC09,Trachoma,YWulguQA8BP,u3CkZqMHfHP,"10-19Yrs, Female",2025-06-14 12:31:53.170 +0300,2025-06-14 12:31:53.170 +0300
924,1.3.7,Eye Conditions,220,,,EC09,Trachoma,YWulguQA8BP,c7gvocRdg0f,"10-19Yrs, Male",2025-06-14 12:31:53.170 +0300,2025-06-14 12:31:53.170 +0300
925,1.3.7,Eye Conditions,220,,,EC09,Trachoma,YWulguQA8BP,XVHTeecEOM3,"20+Yrs, Female",2025-06-14 12:31:53.170 +0300,2025-06-14 12:31:53.170 +0300
926,1.3.7,Eye Conditions,220,,,EC09,Trachoma,YWulguQA8BP,dCKzhhINakS,"20+Yrs, Male",2025-06-14 12:31:53.170 +0300,2025-06-14 12:31:53.170 +0300
927,1.3.7,Eye Conditions,220,,,EC09,Trachoma,YWulguQA8BP,huBy3W5qiD2,"29Dys-4Yrs, Female",2025-06-14 12:31:53.170 +0300,2025-06-14 12:31:53.170 +0300
928,1.3.7,Eye Conditions,220,,,EC09,Trachoma,YWulguQA8BP,V2OuNTRI6ua,"29Dys-4Yrs, Male",2025-06-14 12:31:53.170 +0300,2025-06-14 12:31:53.170 +0300
929,1.3.7,Eye Conditions,220,,,EC09,Trachoma,YWulguQA8BP,Crc5reUlspd,"5-9Yrs, Female",2025-06-14 12:31:53.170 +0300,2025-06-14 12:31:53.170 +0300
930,1.3.7,Eye Conditions,220,,,EC09,Trachoma,YWulguQA8BP,F1rms8f9I9a,"5-9Yrs, Male",2025-06-14 12:31:53.170 +0300,2025-06-14 12:31:53.170 +0300
931,1.3.7,Eye Conditions,221,,,EC10,Vitamin A Deficiency,aN0BNF9yjGq,wDiX34aiw6i,"0-28Dys, Female",2025-06-14 12:31:53.170 +0300,2025-06-14 12:31:53.170 +0300
932,1.3.7,Eye Conditions,221,,,EC10,Vitamin A Deficiency,aN0BNF9yjGq,zh2zAaHyYQx,"0-28Dys, Male",2025-06-14 12:31:53.170 +0300,2025-06-14 12:31:53.170 +0300
933,1.3.7,Eye Conditions,221,,,EC10,Vitamin A Deficiency,aN0BNF9yjGq,u3CkZqMHfHP,"10-19Yrs, Female",2025-06-14 12:31:53.170 +0300,2025-06-14 12:31:53.170 +0300
934,1.3.7,Eye Conditions,221,,,EC10,Vitamin A Deficiency,aN0BNF9yjGq,c7gvocRdg0f,"10-19Yrs, Male",2025-06-14 12:31:53.170 +0300,2025-06-14 12:31:53.170 +0300
935,1.3.7,Eye Conditions,221,,,EC10,Vitamin A Deficiency,aN0BNF9yjGq,XVHTeecEOM3,"20+Yrs, Female",2025-06-14 12:31:53.170 +0300,2025-06-14 12:31:53.170 +0300
936,1.3.7,Eye Conditions,221,,,EC10,Vitamin A Deficiency,aN0BNF9yjGq,dCKzhhINakS,"20+Yrs, Male",2025-06-14 12:31:53.170 +0300,2025-06-14 12:31:53.170 +0300
937,1.3.7,Eye Conditions,221,,,EC10,Vitamin A Deficiency,aN0BNF9yjGq,huBy3W5qiD2,"29Dys-4Yrs, Female",2025-06-14 12:31:53.170 +0300,2025-06-14 12:31:53.170 +0300
938,1.3.7,Eye Conditions,221,,,EC10,Vitamin A Deficiency,aN0BNF9yjGq,V2OuNTRI6ua,"29Dys-4Yrs, Male",2025-06-14 12:31:53.170 +0300,2025-06-14 12:31:53.170 +0300
939,1.3.7,Eye Conditions,221,,,EC10,Vitamin A Deficiency,aN0BNF9yjGq,Crc5reUlspd,"5-9Yrs, Female",2025-06-14 12:31:53.170 +0300,2025-06-14 12:31:53.170 +0300
940,1.3.7,Eye Conditions,221,,,EC10,Vitamin A Deficiency,aN0BNF9yjGq,F1rms8f9I9a,"5-9Yrs, Male",2025-06-14 12:31:53.170 +0300,2025-06-14 12:31:53.170 +0300
941,1.3.7,Eye Conditions,659,9325,Corrosion of eyelid and periocular area,EC12,Diabetic Retinopathy (All stages),N61ugaqri3E,wDiX34aiw6i,"0-28Dys, Female",2025-06-14 12:31:53.170 +0300,2025-06-14 12:31:53.170 +0300
942,1.3.7,Eye Conditions,659,9325,Corrosion of eyelid and periocular area,EC12,Diabetic Retinopathy (All stages),N61ugaqri3E,zh2zAaHyYQx,"0-28Dys, Male",2025-06-14 12:31:53.170 +0300,2025-06-14 12:31:53.170 +0300
943,1.3.7,Eye Conditions,659,9325,Corrosion of eyelid and periocular area,EC12,Diabetic Retinopathy (All stages),N61ugaqri3E,u3CkZqMHfHP,"10-19Yrs, Female",2025-06-14 12:31:53.170 +0300,2025-06-14 12:31:53.170 +0300
944,1.3.7,Eye Conditions,659,9325,Corrosion of eyelid and periocular area,EC12,Diabetic Retinopathy (All stages),N61ugaqri3E,c7gvocRdg0f,"10-19Yrs, Male",2025-06-14 12:31:53.170 +0300,2025-06-14 12:31:53.170 +0300
945,1.3.7,Eye Conditions,659,9325,Corrosion of eyelid and periocular area,EC12,Diabetic Retinopathy (All stages),N61ugaqri3E,XVHTeecEOM3,"20+Yrs, Female",2025-06-14 12:31:53.170 +0300,2025-06-14 12:31:53.170 +0300
946,1.3.7,Eye Conditions,659,9325,Corrosion of eyelid and periocular area,EC12,Diabetic Retinopathy (All stages),N61ugaqri3E,dCKzhhINakS,"20+Yrs, Male",2025-06-14 12:31:53.170 +0300,2025-06-14 12:31:53.170 +0300
947,1.3.7,Eye Conditions,659,9325,Corrosion of eyelid and periocular area,EC12,Diabetic Retinopathy (All stages),N61ugaqri3E,huBy3W5qiD2,"29Dys-4Yrs, Female",2025-06-14 12:31:53.170 +0300,2025-06-14 12:31:53.170 +0300
948,1.3.7,Eye Conditions,659,9325,Corrosion of eyelid and periocular area,EC12,Diabetic Retinopathy (All stages),N61ugaqri3E,V2OuNTRI6ua,"29Dys-4Yrs, Male",2025-06-14 12:31:53.170 +0300,2025-06-14 12:31:53.170 +0300
949,1.3.7,Eye Conditions,659,9325,Corrosion of eyelid and periocular area,EC12,Diabetic Retinopathy (All stages),N61ugaqri3E,Crc5reUlspd,"5-9Yrs, Female",2025-06-14 12:31:53.170 +0300,2025-06-14 12:31:53.170 +0300
950,1.3.7,Eye Conditions,659,9325,Corrosion of eyelid and periocular area,EC12,Diabetic Retinopathy (All stages),N61ugaqri3E,F1rms8f9I9a,"5-9Yrs, Male",2025-06-14 12:31:53.170 +0300,2025-06-14 12:31:53.170 +0300
951,1.3.7,Eye Conditions,660,3441,Diabetic retinopathy,EC13,"Chorioretinal, Macular & Vitreous Disorders",I7sHmCQnXcV,wDiX34aiw6i,"0-28Dys, Female",2025-06-14 12:31:53.170 +0300,2025-06-14 12:31:53.170 +0300
952,1.3.7,Eye Conditions,660,3441,Diabetic retinopathy,EC13,"Chorioretinal, Macular & Vitreous Disorders",I7sHmCQnXcV,zh2zAaHyYQx,"0-28Dys, Male",2025-06-14 12:31:53.170 +0300,2025-06-14 12:31:53.170 +0300
953,1.3.7,Eye Conditions,660,3441,Diabetic retinopathy,EC13,"Chorioretinal, Macular & Vitreous Disorders",I7sHmCQnXcV,u3CkZqMHfHP,"10-19Yrs, Female",2025-06-14 12:31:53.170 +0300,2025-06-14 12:31:53.170 +0300
954,1.3.7,Eye Conditions,660,3441,Diabetic retinopathy,EC13,"Chorioretinal, Macular & Vitreous Disorders",I7sHmCQnXcV,c7gvocRdg0f,"10-19Yrs, Male",2025-06-14 12:31:53.170 +0300,2025-06-14 12:31:53.170 +0300
955,1.3.7,Eye Conditions,660,3441,Diabetic retinopathy,EC13,"Chorioretinal, Macular & Vitreous Disorders",I7sHmCQnXcV,XVHTeecEOM3,"20+Yrs, Female",2025-06-14 12:31:53.170 +0300,2025-06-14 12:31:53.170 +0300
956,1.3.7,Eye Conditions,660,3441,Diabetic retinopathy,EC13,"Chorioretinal, Macular & Vitreous Disorders",I7sHmCQnXcV,dCKzhhINakS,"20+Yrs, Male",2025-06-14 12:31:53.170 +0300,2025-06-14 12:31:53.170 +0300
957,1.3.7,Eye Conditions,660,3441,Diabetic retinopathy,EC13,"Chorioretinal, Macular & Vitreous Disorders",I7sHmCQnXcV,huBy3W5qiD2,"29Dys-4Yrs, Female",2025-06-14 12:31:53.170 +0300,2025-06-14 12:31:53.170 +0300
958,1.3.7,Eye Conditions,660,3441,Diabetic retinopathy,EC13,"Chorioretinal, Macular & Vitreous Disorders",I7sHmCQnXcV,V2OuNTRI6ua,"29Dys-4Yrs, Male",2025-06-14 12:31:53.170 +0300,2025-06-14 12:31:53.170 +0300
959,1.3.7,Eye Conditions,660,3441,Diabetic retinopathy,EC13,"Chorioretinal, Macular & Vitreous Disorders",I7sHmCQnXcV,Crc5reUlspd,"5-9Yrs, Female",2025-06-14 12:31:53.170 +0300,2025-06-14 12:31:53.170 +0300
960,1.3.7,Eye Conditions,660,3441,Diabetic retinopathy,EC13,"Chorioretinal, Macular & Vitreous Disorders",I7sHmCQnXcV,F1rms8f9I9a,"5-9Yrs, Male",2025-06-14 12:31:53.170 +0300,2025-06-14 12:31:53.170 +0300
961,1.3.7,Eye Conditions,663,3476,Endophthalmitis in diseases classified elsewhere,EC16,Corneal scars (Non trachomatous),g8X1akwQepA,wDiX34aiw6i,"0-28Dys, Female",2025-06-14 12:31:53.170 +0300,2025-06-14 12:31:53.170 +0300
962,1.3.7,Eye Conditions,663,3476,Endophthalmitis in diseases classified elsewhere,EC16,Corneal scars (Non trachomatous),g8X1akwQepA,zh2zAaHyYQx,"0-28Dys, Male",2025-06-14 12:31:53.170 +0300,2025-06-14 12:31:53.170 +0300
963,1.3.7,Eye Conditions,663,3476,Endophthalmitis in diseases classified elsewhere,EC16,Corneal scars (Non trachomatous),g8X1akwQepA,u3CkZqMHfHP,"10-19Yrs, Female",2025-06-14 12:31:53.170 +0300,2025-06-14 12:31:53.170 +0300
964,1.3.7,Eye Conditions,663,3476,Endophthalmitis in diseases classified elsewhere,EC16,Corneal scars (Non trachomatous),g8X1akwQepA,c7gvocRdg0f,"10-19Yrs, Male",2025-06-14 12:31:53.170 +0300,2025-06-14 12:31:53.170 +0300
965,1.3.7,Eye Conditions,663,3476,Endophthalmitis in diseases classified elsewhere,EC16,Corneal scars (Non trachomatous),g8X1akwQepA,XVHTeecEOM3,"20+Yrs, Female",2025-06-14 12:31:53.170 +0300,2025-06-14 12:31:53.170 +0300
966,1.3.7,Eye Conditions,663,3476,Endophthalmitis in diseases classified elsewhere,EC16,Corneal scars (Non trachomatous),g8X1akwQepA,dCKzhhINakS,"20+Yrs, Male",2025-06-14 12:31:53.170 +0300,2025-06-14 12:31:53.170 +0300
967,1.3.7,Eye Conditions,663,3476,Endophthalmitis in diseases classified elsewhere,EC16,Corneal scars (Non trachomatous),g8X1akwQepA,huBy3W5qiD2,"29Dys-4Yrs, Female",2025-06-14 12:31:53.170 +0300,2025-06-14 12:31:53.170 +0300
968,1.3.7,Eye Conditions,663,3476,Endophthalmitis in diseases classified elsewhere,EC16,Corneal scars (Non trachomatous),g8X1akwQepA,V2OuNTRI6ua,"29Dys-4Yrs, Male",2025-06-14 12:31:53.170 +0300,2025-06-14 12:31:53.170 +0300
969,1.3.7,Eye Conditions,663,3476,Endophthalmitis in diseases classified elsewhere,EC16,Corneal scars (Non trachomatous),g8X1akwQepA,Crc5reUlspd,"5-9Yrs, Female",2025-06-14 12:31:53.170 +0300,2025-06-14 12:31:53.170 +0300
970,1.3.7,Eye Conditions,663,3476,Endophthalmitis in diseases classified elsewhere,EC16,Corneal scars (Non trachomatous),g8X1akwQepA,F1rms8f9I9a,"5-9Yrs, Male",2025-06-14 12:31:53.170 +0300,2025-06-14 12:31:53.170 +0300
971,1.3.7,Eye Conditions,664,3342,Other corneal oedema,EC17,Tumours,E7D5X0ekx24,wDiX34aiw6i,"0-28Dys, Female",2025-06-14 12:31:53.170 +0300,2025-06-14 12:31:53.170 +0300
972,1.3.7,Eye Conditions,664,3342,Other corneal oedema,EC17,Tumours,E7D5X0ekx24,zh2zAaHyYQx,"0-28Dys, Male",2025-06-14 12:31:53.170 +0300,2025-06-14 12:31:53.170 +0300
973,1.3.7,Eye Conditions,664,3342,Other corneal oedema,EC17,Tumours,E7D5X0ekx24,u3CkZqMHfHP,"10-19Yrs, Female",2025-06-14 12:31:53.170 +0300,2025-06-14 12:31:53.170 +0300
974,1.3.7,Eye Conditions,664,3342,Other corneal oedema,EC17,Tumours,E7D5X0ekx24,c7gvocRdg0f,"10-19Yrs, Male",2025-06-14 12:31:53.170 +0300,2025-06-14 12:31:53.170 +0300
975,1.3.7,Eye Conditions,664,3342,Other corneal oedema,EC17,Tumours,E7D5X0ekx24,XVHTeecEOM3,"20+Yrs, Female",2025-06-14 12:31:53.170 +0300,2025-06-14 12:31:53.170 +0300
976,1.3.7,Eye Conditions,664,3342,Other corneal oedema,EC17,Tumours,E7D5X0ekx24,dCKzhhINakS,"20+Yrs, Male",2025-06-14 12:31:53.170 +0300,2025-06-14 12:31:53.170 +0300
977,1.3.7,Eye Conditions,664,3342,Other corneal oedema,EC17,Tumours,E7D5X0ekx24,huBy3W5qiD2,"29Dys-4Yrs, Female",2025-06-14 12:31:53.170 +0300,2025-06-14 12:31:53.170 +0300
978,1.3.7,Eye Conditions,664,3342,Other corneal oedema,EC17,Tumours,E7D5X0ekx24,V2OuNTRI6ua,"29Dys-4Yrs, Male",2025-06-14 12:31:53.170 +0300,2025-06-14 12:31:53.170 +0300
979,1.3.7,Eye Conditions,664,3342,Other corneal oedema,EC17,Tumours,E7D5X0ekx24,Crc5reUlspd,"5-9Yrs, Female",2025-06-14 12:31:53.170 +0300,2025-06-14 12:31:53.170 +0300
980,1.3.7,Eye Conditions,664,3342,Other corneal oedema,EC17,Tumours,E7D5X0ekx24,F1rms8f9I9a,"5-9Yrs, Male",2025-06-14 12:31:53.170 +0300,2025-06-14 12:31:53.170 +0300
981,1.3.7,Eye Conditions,670,1601,Other benign neoplasms of connective and other soft tissue,EC24,Blindness,FP3RqnpmLG6,wDiX34aiw6i,"0-28Dys, Female",2025-06-14 12:31:53.170 +0300,2025-06-14 12:31:53.170 +0300
982,1.3.7,Eye Conditions,670,1601,Other benign neoplasms of connective and other soft tissue,EC24,Blindness,FP3RqnpmLG6,zh2zAaHyYQx,"0-28Dys, Male",2025-06-14 12:31:53.170 +0300,2025-06-14 12:31:53.170 +0300
983,1.3.7,Eye Conditions,670,1601,Other benign neoplasms of connective and other soft tissue,EC24,Blindness,FP3RqnpmLG6,u3CkZqMHfHP,"10-19Yrs, Female",2025-06-14 12:31:53.170 +0300,2025-06-14 12:31:53.170 +0300
984,1.3.7,Eye Conditions,670,1601,Other benign neoplasms of connective and other soft tissue,EC24,Blindness,FP3RqnpmLG6,c7gvocRdg0f,"10-19Yrs, Male",2025-06-14 12:31:53.170 +0300,2025-06-14 12:31:53.170 +0300
985,1.3.7,Eye Conditions,670,1601,Other benign neoplasms of connective and other soft tissue,EC24,Blindness,FP3RqnpmLG6,XVHTeecEOM3,"20+Yrs, Female",2025-06-14 12:31:53.170 +0300,2025-06-14 12:31:53.170 +0300
986,1.3.7,Eye Conditions,670,1601,Other benign neoplasms of connective and other soft tissue,EC24,Blindness,FP3RqnpmLG6,dCKzhhINakS,"20+Yrs, Male",2025-06-14 12:31:53.170 +0300,2025-06-14 12:31:53.170 +0300
987,1.3.7,Eye Conditions,670,1601,Other benign neoplasms of connective and other soft tissue,EC24,Blindness,FP3RqnpmLG6,huBy3W5qiD2,"29Dys-4Yrs, Female",2025-06-14 12:31:53.170 +0300,2025-06-14 12:31:53.170 +0300
988,1.3.7,Eye Conditions,670,1601,Other benign neoplasms of connective and other soft tissue,EC24,Blindness,FP3RqnpmLG6,V2OuNTRI6ua,"29Dys-4Yrs, Male",2025-06-14 12:31:53.170 +0300,2025-06-14 12:31:53.170 +0300
989,1.3.7,Eye Conditions,670,1601,Other benign neoplasms of connective and other soft tissue,EC24,Blindness,FP3RqnpmLG6,Crc5reUlspd,"5-9Yrs, Female",2025-06-14 12:31:53.170 +0300,2025-06-14 12:31:53.170 +0300
990,1.3.7,Eye Conditions,670,1601,Other benign neoplasms of connective and other soft tissue,EC24,Blindness,FP3RqnpmLG6,F1rms8f9I9a,"5-9Yrs, Male",2025-06-14 12:31:53.170 +0300,2025-06-14 12:31:53.170 +0300
991,1.3.7,Eye Conditions,671,,,EC25,Other eye conditions,OaRxaiaFBsA,wDiX34aiw6i,"0-28Dys, Female",2025-06-14 12:31:53.170 +0300,2025-06-14 12:31:53.170 +0300
992,1.3.7,Eye Conditions,671,,,EC25,Other eye conditions,OaRxaiaFBsA,zh2zAaHyYQx,"0-28Dys, Male",2025-06-14 12:31:53.170 +0300,2025-06-14 12:31:53.170 +0300
993,1.3.7,Eye Conditions,671,,,EC25,Other eye conditions,OaRxaiaFBsA,u3CkZqMHfHP,"10-19Yrs, Female",2025-06-14 12:31:53.170 +0300,2025-06-14 12:31:53.170 +0300
994,1.3.7,Eye Conditions,671,,,EC25,Other eye conditions,OaRxaiaFBsA,c7gvocRdg0f,"10-19Yrs, Male",2025-06-14 12:31:53.170 +0300,2025-06-14 12:31:53.170 +0300
995,1.3.7,Eye Conditions,671,,,EC25,Other eye conditions,OaRxaiaFBsA,XVHTeecEOM3,"20+Yrs, Female",2025-06-14 12:31:53.170 +0300,2025-06-14 12:31:53.170 +0300
996,1.3.7,Eye Conditions,671,,,EC25,Other eye conditions,OaRxaiaFBsA,dCKzhhINakS,"20+Yrs, Male",2025-06-14 12:31:53.170 +0300,2025-06-14 12:31:53.170 +0300
997,1.3.7,Eye Conditions,671,,,EC25,Other eye conditions,OaRxaiaFBsA,huBy3W5qiD2,"29Dys-4Yrs, Female",2025-06-14 12:31:53.170 +0300,2025-06-14 12:31:53.170 +0300
998,1.3.7,Eye Conditions,671,,,EC25,Other eye conditions,OaRxaiaFBsA,V2OuNTRI6ua,"29Dys-4Yrs, Male",2025-06-14 12:31:53.170 +0300,2025-06-14 12:31:53.170 +0300
999,1.3.7,Eye Conditions,671,,,EC25,Other eye conditions,OaRxaiaFBsA,Crc5reUlspd,"5-9Yrs, Female",2025-06-14 12:31:53.170 +0300,2025-06-14 12:31:53.170 +0300
1000,1.3.7,Eye Conditions,671,,,EC25,Other eye conditions,OaRxaiaFBsA,F1rms8f9I9a,"5-9Yrs, Male",2025-06-14 12:31:53.170 +0300,2025-06-14 12:31:53.170 +0300
1007,1.3.8,Mental Health,232,,,MH05, Brief Psychotic Disorder,BZh4mVCAnRo,huBy3W5qiD2,"29Dys-4Yrs, Female",2025-06-14 12:31:53.170 +0300,2025-06-14 12:31:53.170 +0300
1001,1.3.8,Mental Health,232,,,MH05, Brief Psychotic Disorder,BZh4mVCAnRo,wDiX34aiw6i,"0-28Dys, Female",2025-06-14 12:31:53.170 +0300,2025-06-14 12:31:53.170 +0300
1002,1.3.8,Mental Health,232,,,MH05, Brief Psychotic Disorder,BZh4mVCAnRo,zh2zAaHyYQx,"0-28Dys, Male",2025-06-14 12:31:53.170 +0300,2025-06-14 12:31:53.170 +0300
1003,1.3.8,Mental Health,232,,,MH05, Brief Psychotic Disorder,BZh4mVCAnRo,u3CkZqMHfHP,"10-19Yrs, Female",2025-06-14 12:31:53.170 +0300,2025-06-14 12:31:53.170 +0300
1004,1.3.8,Mental Health,232,,,MH05, Brief Psychotic Disorder,BZh4mVCAnRo,c7gvocRdg0f,"10-19Yrs, Male",2025-06-14 12:31:53.170 +0300,2025-06-14 12:31:53.170 +0300
1005,1.3.8,Mental Health,232,,,MH05, Brief Psychotic Disorder,BZh4mVCAnRo,XVHTeecEOM3,"20+Yrs, Female",2025-06-14 12:31:53.170 +0300,2025-06-14 12:31:53.170 +0300
1006,1.3.8,Mental Health,232,,,MH05, Brief Psychotic Disorder,BZh4mVCAnRo,dCKzhhINakS,"20+Yrs, Male",2025-06-14 12:31:53.170 +0300,2025-06-14 12:31:53.170 +0300
1008,1.3.8,Mental Health,232,,,MH05, Brief Psychotic Disorder,BZh4mVCAnRo,V2OuNTRI6ua,"29Dys-4Yrs, Male",2025-06-14 12:31:53.170 +0300,2025-06-14 12:31:53.170 +0300
1009,1.3.8,Mental Health,232,,,MH05, Brief Psychotic Disorder,BZh4mVCAnRo,Crc5reUlspd,"5-9Yrs, Female",2025-06-14 12:31:53.170 +0300,2025-06-14 12:31:53.170 +0300
1010,1.3.8,Mental Health,232,,,MH05, Brief Psychotic Disorder,BZh4mVCAnRo,F1rms8f9I9a,"5-9Yrs, Male",2025-06-14 12:31:53.170 +0300,2025-06-14 12:31:53.170 +0300
1011,1.3.8,Mental Health,229,,,MH07,Schizophrenia  ,iZkAtSQFGPh,wDiX34aiw6i,"0-28Dys, Female",2025-06-14 12:31:53.170 +0300,2025-06-14 12:31:53.170 +0300
1012,1.3.8,Mental Health,229,,,MH07,Schizophrenia  ,iZkAtSQFGPh,zh2zAaHyYQx,"0-28Dys, Male",2025-06-14 12:31:53.170 +0300,2025-06-14 12:31:53.170 +0300
1013,1.3.8,Mental Health,229,,,MH07,Schizophrenia  ,iZkAtSQFGPh,u3CkZqMHfHP,"10-19Yrs, Female",2025-06-14 12:31:53.170 +0300,2025-06-14 12:31:53.170 +0300
1014,1.3.8,Mental Health,229,,,MH07,Schizophrenia  ,iZkAtSQFGPh,c7gvocRdg0f,"10-19Yrs, Male",2025-06-14 12:31:53.170 +0300,2025-06-14 12:31:53.170 +0300
1015,1.3.8,Mental Health,229,,,MH07,Schizophrenia  ,iZkAtSQFGPh,XVHTeecEOM3,"20+Yrs, Female",2025-06-14 12:31:53.170 +0300,2025-06-14 12:31:53.170 +0300
1016,1.3.8,Mental Health,229,,,MH07,Schizophrenia  ,iZkAtSQFGPh,dCKzhhINakS,"20+Yrs, Male",2025-06-14 12:31:53.170 +0300,2025-06-14 12:31:53.170 +0300
1017,1.3.8,Mental Health,229,,,MH07,Schizophrenia  ,iZkAtSQFGPh,huBy3W5qiD2,"29Dys-4Yrs, Female",2025-06-14 12:31:53.170 +0300,2025-06-14 12:31:53.170 +0300
1018,1.3.8,Mental Health,229,,,MH07,Schizophrenia  ,iZkAtSQFGPh,V2OuNTRI6ua,"29Dys-4Yrs, Male",2025-06-14 12:31:53.170 +0300,2025-06-14 12:31:53.170 +0300
1019,1.3.8,Mental Health,229,,,MH07,Schizophrenia  ,iZkAtSQFGPh,Crc5reUlspd,"5-9Yrs, Female",2025-06-14 12:31:53.170 +0300,2025-06-14 12:31:53.170 +0300
1020,1.3.8,Mental Health,229,,,MH07,Schizophrenia  ,iZkAtSQFGPh,F1rms8f9I9a,"5-9Yrs, Male",2025-06-14 12:31:53.170 +0300,2025-06-14 12:31:53.170 +0300
1021,1.3.8,Mental Health,677,11519,Contact with and exposure to human immunodeficiency virus [HIV],MH08,   Bipolar Affective Disorder,QfjsXd7x1bg,wDiX34aiw6i,"0-28Dys, Female",2025-06-14 12:31:53.170 +0300,2025-06-14 12:31:53.170 +0300
1022,1.3.8,Mental Health,,,,MH08,   Bipolar Affective Disorder,QfjsXd7x1bg,zh2zAaHyYQx,"0-28Dys, Male",2025-06-14 12:31:53.170 +0300,2025-06-14 12:31:53.170 +0300
1023,1.3.8,Mental Health,,,,MH08,   Bipolar Affective Disorder,QfjsXd7x1bg,u3CkZqMHfHP,"10-19Yrs, Female",2025-06-14 12:31:53.170 +0300,2025-06-14 12:31:53.170 +0300
1024,1.3.8,Mental Health,,,,MH08,   Bipolar Affective Disorder,QfjsXd7x1bg,c7gvocRdg0f,"10-19Yrs, Male",2025-06-14 12:31:53.170 +0300,2025-06-14 12:31:53.170 +0300
1025,1.3.8,Mental Health,,,,MH08,   Bipolar Affective Disorder,QfjsXd7x1bg,XVHTeecEOM3,"20+Yrs, Female",2025-06-14 12:31:53.170 +0300,2025-06-14 12:31:53.170 +0300
1026,1.3.8,Mental Health,,,,MH08,   Bipolar Affective Disorder,QfjsXd7x1bg,dCKzhhINakS,"20+Yrs, Male",2025-06-14 12:31:53.170 +0300,2025-06-14 12:31:53.170 +0300
1027,1.3.8,Mental Health,,,,MH08,   Bipolar Affective Disorder,QfjsXd7x1bg,huBy3W5qiD2,"29Dys-4Yrs, Female",2025-06-14 12:31:53.170 +0300,2025-06-14 12:31:53.170 +0300
1028,1.3.8,Mental Health,,,,MH08,   Bipolar Affective Disorder,QfjsXd7x1bg,V2OuNTRI6ua,"29Dys-4Yrs, Male",2025-06-14 12:31:53.170 +0300,2025-06-14 12:31:53.170 +0300
1029,1.3.8,Mental Health,,,,MH08,   Bipolar Affective Disorder,QfjsXd7x1bg,Crc5reUlspd,"5-9Yrs, Female",2025-06-14 12:31:53.170 +0300,2025-06-14 12:31:53.170 +0300
1030,1.3.8,Mental Health,,,,MH08,   Bipolar Affective Disorder,QfjsXd7x1bg,F1rms8f9I9a,"5-9Yrs, Male",2025-06-14 12:31:53.170 +0300,2025-06-14 12:31:53.170 +0300
1031,1.3.8,Mental Health,678,,,MH09,Major Depressive Disorder ,NFLxn05NzYo,wDiX34aiw6i,"0-28Dys, Female",2025-06-14 12:31:53.170 +0300,2025-06-14 12:31:53.170 +0300
1032,1.3.8,Mental Health,,,,MH09,Major Depressive Disorder ,NFLxn05NzYo,zh2zAaHyYQx,"0-28Dys, Male",2025-06-14 12:31:53.170 +0300,2025-06-14 12:31:53.170 +0300
1033,1.3.8,Mental Health,,,,MH09,Major Depressive Disorder ,NFLxn05NzYo,u3CkZqMHfHP,"10-19Yrs, Female",2025-06-14 12:31:53.170 +0300,2025-06-14 12:31:53.170 +0300
1034,1.3.8,Mental Health,,,,MH09,Major Depressive Disorder ,NFLxn05NzYo,c7gvocRdg0f,"10-19Yrs, Male",2025-06-14 12:31:53.170 +0300,2025-06-14 12:31:53.170 +0300
1035,1.3.8,Mental Health,,,,MH09,Major Depressive Disorder ,NFLxn05NzYo,XVHTeecEOM3,"20+Yrs, Female",2025-06-14 12:31:53.170 +0300,2025-06-14 12:31:53.170 +0300
1036,1.3.8,Mental Health,,,,MH09,Major Depressive Disorder ,NFLxn05NzYo,dCKzhhINakS,"20+Yrs, Male",2025-06-14 12:31:53.170 +0300,2025-06-14 12:31:53.170 +0300
1037,1.3.8,Mental Health,,,,MH09,Major Depressive Disorder ,NFLxn05NzYo,huBy3W5qiD2,"29Dys-4Yrs, Female",2025-06-14 12:31:53.170 +0300,2025-06-14 12:31:53.170 +0300
1038,1.3.8,Mental Health,,,,MH09,Major Depressive Disorder ,NFLxn05NzYo,V2OuNTRI6ua,"29Dys-4Yrs, Male",2025-06-14 12:31:53.170 +0300,2025-06-14 12:31:53.170 +0300
1039,1.3.8,Mental Health,,,,MH09,Major Depressive Disorder ,NFLxn05NzYo,Crc5reUlspd,"5-9Yrs, Female",2025-06-14 12:31:53.170 +0300,2025-06-14 12:31:53.170 +0300
1040,1.3.8,Mental Health,,,,MH09,Major Depressive Disorder ,NFLxn05NzYo,F1rms8f9I9a,"5-9Yrs, Male",2025-06-14 12:31:53.170 +0300,2025-06-14 12:31:53.170 +0300
1041,1.3.8,Mental Health,679,,,MH10, Anxiety - Phobic Disorders ,EzhJ8l2crAe,wDiX34aiw6i,"0-28Dys, Female",2025-06-14 12:31:53.170 +0300,2025-06-14 12:31:53.170 +0300
1042,1.3.8,Mental Health,,,,MH10, Anxiety - Phobic Disorders ,EzhJ8l2crAe,zh2zAaHyYQx,"0-28Dys, Male",2025-06-14 12:31:53.170 +0300,2025-06-14 12:31:53.170 +0300
1043,1.3.8,Mental Health,,,,MH10, Anxiety - Phobic Disorders ,EzhJ8l2crAe,u3CkZqMHfHP,"10-19Yrs, Female",2025-06-14 12:31:53.170 +0300,2025-06-14 12:31:53.170 +0300
1044,1.3.8,Mental Health,,,,MH10, Anxiety - Phobic Disorders ,EzhJ8l2crAe,c7gvocRdg0f,"10-19Yrs, Male",2025-06-14 12:31:53.170 +0300,2025-06-14 12:31:53.170 +0300
1045,1.3.8,Mental Health,,,,MH10, Anxiety - Phobic Disorders ,EzhJ8l2crAe,XVHTeecEOM3,"20+Yrs, Female",2025-06-14 12:31:53.170 +0300,2025-06-14 12:31:53.170 +0300
1046,1.3.8,Mental Health,,,,MH10, Anxiety - Phobic Disorders ,EzhJ8l2crAe,dCKzhhINakS,"20+Yrs, Male",2025-06-14 12:31:53.170 +0300,2025-06-14 12:31:53.170 +0300
1047,1.3.8,Mental Health,,,,MH10, Anxiety - Phobic Disorders ,EzhJ8l2crAe,huBy3W5qiD2,"29Dys-4Yrs, Female",2025-06-14 12:31:53.170 +0300,2025-06-14 12:31:53.170 +0300
1048,1.3.8,Mental Health,,,,MH10, Anxiety - Phobic Disorders ,EzhJ8l2crAe,V2OuNTRI6ua,"29Dys-4Yrs, Male",2025-06-14 12:31:53.170 +0300,2025-06-14 12:31:53.170 +0300
1049,1.3.8,Mental Health,,,,MH10, Anxiety - Phobic Disorders ,EzhJ8l2crAe,Crc5reUlspd,"5-9Yrs, Female",2025-06-14 12:31:53.170 +0300,2025-06-14 12:31:53.170 +0300
1050,1.3.8,Mental Health,,,,MH10, Anxiety - Phobic Disorders ,EzhJ8l2crAe,F1rms8f9I9a,"5-9Yrs, Male",2025-06-14 12:31:53.170 +0300,2025-06-14 12:31:53.170 +0300
1051,1.3.8,Mental Health,680,,,MH11,Anxiety - Social anxiety Disorders ,pHy5MU4wWO9,wDiX34aiw6i,"0-28Dys, Female",2025-06-14 12:31:53.170 +0300,2025-06-14 12:31:53.170 +0300
1052,1.3.8,Mental Health,,,,MH11,Anxiety - Social anxiety Disorders ,pHy5MU4wWO9,zh2zAaHyYQx,"0-28Dys, Male",2025-06-14 12:31:53.170 +0300,2025-06-14 12:31:53.170 +0300
1053,1.3.8,Mental Health,,,,MH11,Anxiety - Social anxiety Disorders ,pHy5MU4wWO9,u3CkZqMHfHP,"10-19Yrs, Female",2025-06-14 12:31:53.170 +0300,2025-06-14 12:31:53.170 +0300
1054,1.3.8,Mental Health,,,,MH11,Anxiety - Social anxiety Disorders ,pHy5MU4wWO9,c7gvocRdg0f,"10-19Yrs, Male",2025-06-14 12:31:53.170 +0300,2025-06-14 12:31:53.170 +0300
1055,1.3.8,Mental Health,,,,MH11,Anxiety - Social anxiety Disorders ,pHy5MU4wWO9,XVHTeecEOM3,"20+Yrs, Female",2025-06-14 12:31:53.170 +0300,2025-06-14 12:31:53.170 +0300
1056,1.3.8,Mental Health,,,,MH11,Anxiety - Social anxiety Disorders ,pHy5MU4wWO9,dCKzhhINakS,"20+Yrs, Male",2025-06-14 12:31:53.170 +0300,2025-06-14 12:31:53.170 +0300
1057,1.3.8,Mental Health,,,,MH11,Anxiety - Social anxiety Disorders ,pHy5MU4wWO9,huBy3W5qiD2,"29Dys-4Yrs, Female",2025-06-14 12:31:53.170 +0300,2025-06-14 12:31:53.170 +0300
1058,1.3.8,Mental Health,,,,MH11,Anxiety - Social anxiety Disorders ,pHy5MU4wWO9,V2OuNTRI6ua,"29Dys-4Yrs, Male",2025-06-14 12:31:53.170 +0300,2025-06-14 12:31:53.170 +0300
1059,1.3.8,Mental Health,,,,MH11,Anxiety - Social anxiety Disorders ,pHy5MU4wWO9,Crc5reUlspd,"5-9Yrs, Female",2025-06-14 12:31:53.170 +0300,2025-06-14 12:31:53.170 +0300
1060,1.3.8,Mental Health,,,,MH11,Anxiety - Social anxiety Disorders ,pHy5MU4wWO9,F1rms8f9I9a,"5-9Yrs, Male",2025-06-14 12:31:53.170 +0300,2025-06-14 12:31:53.170 +0300
1061,1.3.8,Mental Health,681,,,MH12,Anxiety - Panic Disorder  ,HvDw9u4ZXCr,wDiX34aiw6i,"0-28Dys, Female",2025-06-14 12:31:53.170 +0300,2025-06-14 12:31:53.170 +0300
1062,1.3.8,Mental Health,,,,MH12,Anxiety - Panic Disorder  ,HvDw9u4ZXCr,zh2zAaHyYQx,"0-28Dys, Male",2025-06-14 12:31:53.170 +0300,2025-06-14 12:31:53.170 +0300
1063,1.3.8,Mental Health,,,,MH12,Anxiety - Panic Disorder  ,HvDw9u4ZXCr,u3CkZqMHfHP,"10-19Yrs, Female",2025-06-14 12:31:53.170 +0300,2025-06-14 12:31:53.170 +0300
1064,1.3.8,Mental Health,,,,MH12,Anxiety - Panic Disorder  ,HvDw9u4ZXCr,c7gvocRdg0f,"10-19Yrs, Male",2025-06-14 12:31:53.170 +0300,2025-06-14 12:31:53.170 +0300
1065,1.3.8,Mental Health,,,,MH12,Anxiety - Panic Disorder  ,HvDw9u4ZXCr,XVHTeecEOM3,"20+Yrs, Female",2025-06-14 12:31:53.170 +0300,2025-06-14 12:31:53.170 +0300
1066,1.3.8,Mental Health,,,,MH12,Anxiety - Panic Disorder  ,HvDw9u4ZXCr,dCKzhhINakS,"20+Yrs, Male",2025-06-14 12:31:53.170 +0300,2025-06-14 12:31:53.170 +0300
1067,1.3.8,Mental Health,,,,MH12,Anxiety - Panic Disorder  ,HvDw9u4ZXCr,huBy3W5qiD2,"29Dys-4Yrs, Female",2025-06-14 12:31:53.170 +0300,2025-06-14 12:31:53.170 +0300
1068,1.3.8,Mental Health,,,,MH12,Anxiety - Panic Disorder  ,HvDw9u4ZXCr,V2OuNTRI6ua,"29Dys-4Yrs, Male",2025-06-14 12:31:53.170 +0300,2025-06-14 12:31:53.170 +0300
1069,1.3.8,Mental Health,,,,MH12,Anxiety - Panic Disorder  ,HvDw9u4ZXCr,Crc5reUlspd,"5-9Yrs, Female",2025-06-14 12:31:53.170 +0300,2025-06-14 12:31:53.170 +0300
1070,1.3.8,Mental Health,,,,MH12,Anxiety - Panic Disorder  ,HvDw9u4ZXCr,F1rms8f9I9a,"5-9Yrs, Male",2025-06-14 12:31:53.170 +0300,2025-06-14 12:31:53.170 +0300
1071,1.3.8,Mental Health,682,,,MH13,Anxiety - Generalized anxiety Disorder,fDaXpAMKWNP,wDiX34aiw6i,"0-28Dys, Female",2025-06-14 12:31:53.170 +0300,2025-06-14 12:31:53.170 +0300
1072,1.3.8,Mental Health,,,,MH13,Anxiety - Generalized anxiety Disorder,fDaXpAMKWNP,zh2zAaHyYQx,"0-28Dys, Male",2025-06-14 12:31:53.170 +0300,2025-06-14 12:31:53.170 +0300
1073,1.3.8,Mental Health,,,,MH13,Anxiety - Generalized anxiety Disorder,fDaXpAMKWNP,u3CkZqMHfHP,"10-19Yrs, Female",2025-06-14 12:31:53.170 +0300,2025-06-14 12:31:53.170 +0300
1074,1.3.8,Mental Health,,,,MH13,Anxiety - Generalized anxiety Disorder,fDaXpAMKWNP,c7gvocRdg0f,"10-19Yrs, Male",2025-06-14 12:31:53.170 +0300,2025-06-14 12:31:53.170 +0300
1075,1.3.8,Mental Health,,,,MH13,Anxiety - Generalized anxiety Disorder,fDaXpAMKWNP,XVHTeecEOM3,"20+Yrs, Female",2025-06-14 12:31:53.170 +0300,2025-06-14 12:31:53.170 +0300
1076,1.3.8,Mental Health,,,,MH13,Anxiety - Generalized anxiety Disorder,fDaXpAMKWNP,dCKzhhINakS,"20+Yrs, Male",2025-06-14 12:31:53.170 +0300,2025-06-14 12:31:53.170 +0300
1077,1.3.8,Mental Health,,,,MH13,Anxiety - Generalized anxiety Disorder,fDaXpAMKWNP,huBy3W5qiD2,"29Dys-4Yrs, Female",2025-06-14 12:31:53.170 +0300,2025-06-14 12:31:53.170 +0300
1078,1.3.8,Mental Health,,,,MH13,Anxiety - Generalized anxiety Disorder,fDaXpAMKWNP,V2OuNTRI6ua,"29Dys-4Yrs, Male",2025-06-14 12:31:53.170 +0300,2025-06-14 12:31:53.170 +0300
1079,1.3.8,Mental Health,,,,MH13,Anxiety - Generalized anxiety Disorder,fDaXpAMKWNP,Crc5reUlspd,"5-9Yrs, Female",2025-06-14 12:31:53.170 +0300,2025-06-14 12:31:53.170 +0300
1080,1.3.8,Mental Health,,,,MH13,Anxiety - Generalized anxiety Disorder,fDaXpAMKWNP,F1rms8f9I9a,"5-9Yrs, Male",2025-06-14 12:31:53.170 +0300,2025-06-14 12:31:53.170 +0300
1081,1.3.8,Mental Health,,,, MH26  ,  Alcohol Use Disorders,V9VrETz61yN,wDiX34aiw6i,"0-28Dys, Female",2025-06-14 12:31:53.170 +0300,2025-06-14 12:31:53.170 +0300
1082,1.3.8,Mental Health,,,, MH26  ,  Alcohol Use Disorders,V9VrETz61yN,zh2zAaHyYQx,"0-28Dys, Male",2025-06-14 12:31:53.170 +0300,2025-06-14 12:31:53.170 +0300
1083,1.3.8,Mental Health,,,, MH26  ,  Alcohol Use Disorders,V9VrETz61yN,u3CkZqMHfHP,"10-19Yrs, Female",2025-06-14 12:31:53.170 +0300,2025-06-14 12:31:53.170 +0300
1084,1.3.8,Mental Health,,,, MH26  ,  Alcohol Use Disorders,V9VrETz61yN,c7gvocRdg0f,"10-19Yrs, Male",2025-06-14 12:31:53.170 +0300,2025-06-14 12:31:53.170 +0300
1085,1.3.8,Mental Health,,,, MH26  ,  Alcohol Use Disorders,V9VrETz61yN,XVHTeecEOM3,"20+Yrs, Female",2025-06-14 12:31:53.170 +0300,2025-06-14 12:31:53.170 +0300
1086,1.3.8,Mental Health,,,, MH26  ,  Alcohol Use Disorders,V9VrETz61yN,dCKzhhINakS,"20+Yrs, Male",2025-06-14 12:31:53.170 +0300,2025-06-14 12:31:53.170 +0300
1087,1.3.8,Mental Health,,,, MH26  ,  Alcohol Use Disorders,V9VrETz61yN,huBy3W5qiD2,"29Dys-4Yrs, Female",2025-06-14 12:31:53.170 +0300,2025-06-14 12:31:53.170 +0300
1088,1.3.8,Mental Health,,,, MH26  ,  Alcohol Use Disorders,V9VrETz61yN,V2OuNTRI6ua,"29Dys-4Yrs, Male",2025-06-14 12:31:53.170 +0300,2025-06-14 12:31:53.170 +0300
1089,1.3.8,Mental Health,,,, MH26  ,  Alcohol Use Disorders,V9VrETz61yN,Crc5reUlspd,"5-9Yrs, Female",2025-06-14 12:31:53.170 +0300,2025-06-14 12:31:53.170 +0300
1090,1.3.8,Mental Health,,,, MH26  ,  Alcohol Use Disorders,V9VrETz61yN,F1rms8f9I9a,"5-9Yrs, Male",2025-06-14 12:31:53.170 +0300,2025-06-14 12:31:53.170 +0300
1091,1.3.8,Mental Health,229,,,MH33   , Epilepsy ,P6HSldZtd8j,wDiX34aiw6i,"0-28Dys, Female",2025-06-14 12:31:53.170 +0300,2025-06-14 12:31:53.170 +0300
1092,1.3.8,Mental Health,,,,MH33   , Epilepsy ,P6HSldZtd8j,zh2zAaHyYQx,"0-28Dys, Male",2025-06-14 12:31:53.170 +0300,2025-06-14 12:31:53.170 +0300
1093,1.3.8,Mental Health,,,,MH33   , Epilepsy ,P6HSldZtd8j,u3CkZqMHfHP,"10-19Yrs, Female",2025-06-14 12:31:53.170 +0300,2025-06-14 12:31:53.170 +0300
1094,1.3.8,Mental Health,,,,MH33   , Epilepsy ,P6HSldZtd8j,c7gvocRdg0f,"10-19Yrs, Male",2025-06-14 12:31:53.170 +0300,2025-06-14 12:31:53.170 +0300
1095,1.3.8,Mental Health,,,,MH33   , Epilepsy ,P6HSldZtd8j,XVHTeecEOM3,"20+Yrs, Female",2025-06-14 12:31:53.170 +0300,2025-06-14 12:31:53.170 +0300
1096,1.3.8,Mental Health,,,,MH33   , Epilepsy ,P6HSldZtd8j,dCKzhhINakS,"20+Yrs, Male",2025-06-14 12:31:53.170 +0300,2025-06-14 12:31:53.170 +0300
1097,1.3.8,Mental Health,,,,MH33   , Epilepsy ,P6HSldZtd8j,huBy3W5qiD2,"29Dys-4Yrs, Female",2025-06-14 12:31:53.170 +0300,2025-06-14 12:31:53.170 +0300
1098,1.3.8,Mental Health,,,,MH33   , Epilepsy ,P6HSldZtd8j,V2OuNTRI6ua,"29Dys-4Yrs, Male",2025-06-14 12:31:53.170 +0300,2025-06-14 12:31:53.170 +0300
1099,1.3.8,Mental Health,,,,MH33   , Epilepsy ,P6HSldZtd8j,Crc5reUlspd,"5-9Yrs, Female",2025-06-14 12:31:53.170 +0300,2025-06-14 12:31:53.170 +0300
1100,1.3.8,Mental Health,,,,MH33   , Epilepsy ,P6HSldZtd8j,F1rms8f9I9a,"5-9Yrs, Male",2025-06-14 12:31:53.170 +0300,2025-06-14 12:31:53.170 +0300
1101,1.3.8,Mental Health,,,,MH33   , Epilepsy ,P6HSldZtd8j,aUatqtCxzVw,"Known, 0-28Dys, Female",2025-06-14 12:31:53.170 +0300,2025-06-14 12:31:53.170 +0300
1102,1.3.8,Mental Health,,,,MH33   , Epilepsy ,P6HSldZtd8j,Io3bQxY6Nr3,"Known, 0-28Dys, Male",2025-06-14 12:31:53.170 +0300,2025-06-14 12:31:53.170 +0300
1103,1.3.8,Mental Health,,,,MH33   , Epilepsy ,P6HSldZtd8j,nq6KPmpdIMQ,"Known, 10-19Yrs, Female",2025-06-14 12:31:53.170 +0300,2025-06-14 12:31:53.170 +0300
1104,1.3.8,Mental Health,,,,MH33   , Epilepsy ,P6HSldZtd8j,keJQ8icaJd5,"Known, 10-19Yrs, Male",2025-06-14 12:31:53.170 +0300,2025-06-14 12:31:53.170 +0300
1105,1.3.8,Mental Health,,,,MH33   , Epilepsy ,P6HSldZtd8j,lUs3TRrwSp3,"Known, 20+Yrs, Female",2025-06-14 12:31:53.170 +0300,2025-06-14 12:31:53.170 +0300
1106,1.3.8,Mental Health,,,,MH33   , Epilepsy ,P6HSldZtd8j,gnq6kfPFRUy,"Known, 20+Yrs, Male",2025-06-14 12:31:53.170 +0300,2025-06-14 12:31:53.170 +0300
1107,1.3.8,Mental Health,,,,MH33   , Epilepsy ,P6HSldZtd8j,MM1oF4N8Vku,"Known, 29Dys-4Yrs, Female",2025-06-14 12:31:53.170 +0300,2025-06-14 12:31:53.170 +0300
1108,1.3.8,Mental Health,,,,MH33   , Epilepsy ,P6HSldZtd8j,OGomkW4FRgT,"Known, 29Dys-4Yrs, Male",2025-06-14 12:31:53.170 +0300,2025-06-14 12:31:53.170 +0300
1109,1.3.8,Mental Health,,,,MH33   , Epilepsy ,P6HSldZtd8j,G4cHMKNJ898,"Known, 5-9Yrs, Female",2025-06-14 12:31:53.170 +0300,2025-06-14 12:31:53.170 +0300
1110,1.3.8,Mental Health,,,,MH33   , Epilepsy ,P6HSldZtd8j,xBLq8rFuTSS,"Known, 5-9Yrs, Male",2025-06-14 12:31:53.170 +0300,2025-06-14 12:31:53.170 +0300
1111,1.3.8,Mental Health,,,,MH33   , Epilepsy ,P6HSldZtd8j,lKtUo70yy5S,"New, 0-28Dys, Female",2025-06-14 12:31:53.170 +0300,2025-06-14 12:31:53.170 +0300
1112,1.3.8,Mental Health,,,,MH33   , Epilepsy ,P6HSldZtd8j,vgwBZ1EnvS1,"New, 0-28Dys, Male",2025-06-14 12:31:53.170 +0300,2025-06-14 12:31:53.170 +0300
1113,1.3.8,Mental Health,,,,MH33   , Epilepsy ,P6HSldZtd8j,De2rXs4jApk,"New, 10-19Yrs, Female",2025-06-14 12:31:53.170 +0300,2025-06-14 12:31:53.170 +0300
1114,1.3.8,Mental Health,,,,MH33   , Epilepsy ,P6HSldZtd8j,vv7DH53AEaT,"New, 10-19Yrs, Male",2025-06-14 12:31:53.170 +0300,2025-06-14 12:31:53.170 +0300
1115,1.3.8,Mental Health,,,,MH33   , Epilepsy ,P6HSldZtd8j,bMRP4hxhZ1i,"New, 20+Yrs, Female",2025-06-14 12:31:53.170 +0300,2025-06-14 12:31:53.170 +0300
1116,1.3.8,Mental Health,,,,MH33   , Epilepsy ,P6HSldZtd8j,BVbGW2Vr7UU,"New, 20+Yrs, Male",2025-06-14 12:31:53.170 +0300,2025-06-14 12:31:53.170 +0300
1117,1.3.8,Mental Health,,,,MH33   , Epilepsy ,P6HSldZtd8j,kieAJGAdQQz,"New, 29Dys-4Yrs, Female",2025-06-14 12:31:53.170 +0300,2025-06-14 12:31:53.170 +0300
1118,1.3.8,Mental Health,,,,MH33   , Epilepsy ,P6HSldZtd8j,ubHnOQDfKvn,"New, 29Dys-4Yrs, Male",2025-06-14 12:31:53.170 +0300,2025-06-14 12:31:53.170 +0300
1119,1.3.8,Mental Health,,,,MH33   , Epilepsy ,P6HSldZtd8j,NBLm9T4PdXT,"New, 5-9Yrs, Female",2025-06-14 12:31:53.170 +0300,2025-06-14 12:31:53.170 +0300
1120,1.3.8,Mental Health,,,,MH33   , Epilepsy ,P6HSldZtd8j,Uu9EzmgMiUx,"New, 5-9Yrs, Male",2025-06-14 12:31:53.170 +0300,2025-06-14 12:31:53.170 +0300
1121,1.3.8,Mental Health,,,, MH45  , Other Childhood Mental Disorders   ,ziVCnB8pm8c,wDiX34aiw6i,"0-28Dys, Female",2025-06-14 12:31:53.170 +0300,2025-06-14 12:31:53.170 +0300
1122,1.3.8,Mental Health,,,, MH45  , Other Childhood Mental Disorders   ,ziVCnB8pm8c,zh2zAaHyYQx,"0-28Dys, Male",2025-06-14 12:31:53.170 +0300,2025-06-14 12:31:53.170 +0300
1123,1.3.8,Mental Health,,,, MH45  , Other Childhood Mental Disorders   ,ziVCnB8pm8c,u3CkZqMHfHP,"10-19Yrs, Female",2025-06-14 12:31:53.170 +0300,2025-06-14 12:31:53.170 +0300
1124,1.3.8,Mental Health,,,, MH45  , Other Childhood Mental Disorders   ,ziVCnB8pm8c,c7gvocRdg0f,"10-19Yrs, Male",2025-06-14 12:31:53.170 +0300,2025-06-14 12:31:53.170 +0300
1125,1.3.8,Mental Health,,,, MH45  , Other Childhood Mental Disorders   ,ziVCnB8pm8c,XVHTeecEOM3,"20+Yrs, Female",2025-06-14 12:31:53.170 +0300,2025-06-14 12:31:53.170 +0300
1126,1.3.8,Mental Health,,,, MH45  , Other Childhood Mental Disorders   ,ziVCnB8pm8c,dCKzhhINakS,"20+Yrs, Male",2025-06-14 12:31:53.170 +0300,2025-06-14 12:31:53.170 +0300
1127,1.3.8,Mental Health,,,, MH45  , Other Childhood Mental Disorders   ,ziVCnB8pm8c,huBy3W5qiD2,"29Dys-4Yrs, Female",2025-06-14 12:31:53.170 +0300,2025-06-14 12:31:53.170 +0300
1128,1.3.8,Mental Health,,,, MH45  , Other Childhood Mental Disorders   ,ziVCnB8pm8c,V2OuNTRI6ua,"29Dys-4Yrs, Male",2025-06-14 12:31:53.170 +0300,2025-06-14 12:31:53.170 +0300
1129,1.3.8,Mental Health,,,, MH45  , Other Childhood Mental Disorders   ,ziVCnB8pm8c,Crc5reUlspd,"5-9Yrs, Female",2025-06-14 12:31:53.170 +0300,2025-06-14 12:31:53.170 +0300
1130,1.3.8,Mental Health,,,, MH45  , Other Childhood Mental Disorders   ,ziVCnB8pm8c,F1rms8f9I9a,"5-9Yrs, Male",2025-06-14 12:31:53.170 +0300,2025-06-14 12:31:53.170 +0300
1131,1.3.8,Mental Health,,,, MH46  ,Other Adult Mental Disorders,YzcV7QwkV0A,wDiX34aiw6i,"0-28Dys, Female",2025-06-14 12:31:53.170 +0300,2025-06-14 12:31:53.170 +0300
1132,1.3.8,Mental Health,,,, MH46  ,Other Adult Mental Disorders,YzcV7QwkV0A,zh2zAaHyYQx,"0-28Dys, Male",2025-06-14 12:31:53.170 +0300,2025-06-14 12:31:53.170 +0300
1133,1.3.8,Mental Health,,,, MH46  ,Other Adult Mental Disorders,YzcV7QwkV0A,u3CkZqMHfHP,"10-19Yrs, Female",2025-06-14 12:31:53.170 +0300,2025-06-14 12:31:53.170 +0300
1134,1.3.8,Mental Health,,,, MH46  ,Other Adult Mental Disorders,YzcV7QwkV0A,c7gvocRdg0f,"10-19Yrs, Male",2025-06-14 12:31:53.170 +0300,2025-06-14 12:31:53.170 +0300
1135,1.3.8,Mental Health,,,, MH46  ,Other Adult Mental Disorders,YzcV7QwkV0A,XVHTeecEOM3,"20+Yrs, Female",2025-06-14 12:31:53.170 +0300,2025-06-14 12:31:53.170 +0300
1136,1.3.8,Mental Health,,,, MH46  ,Other Adult Mental Disorders,YzcV7QwkV0A,dCKzhhINakS,"20+Yrs, Male",2025-06-14 12:31:53.170 +0300,2025-06-14 12:31:53.170 +0300
1137,1.3.8,Mental Health,,,, MH46  ,Other Adult Mental Disorders,YzcV7QwkV0A,huBy3W5qiD2,"29Dys-4Yrs, Female",2025-06-14 12:31:53.170 +0300,2025-06-14 12:31:53.170 +0300
1138,1.3.8,Mental Health,,,, MH46  ,Other Adult Mental Disorders,YzcV7QwkV0A,V2OuNTRI6ua,"29Dys-4Yrs, Male",2025-06-14 12:31:53.170 +0300,2025-06-14 12:31:53.170 +0300
1139,1.3.8,Mental Health,,,, MH46  ,Other Adult Mental Disorders,YzcV7QwkV0A,Crc5reUlspd,"5-9Yrs, Female",2025-06-14 12:31:53.170 +0300,2025-06-14 12:31:53.170 +0300
1140,1.3.8,Mental Health,,,, MH46  ,Other Adult Mental Disorders,YzcV7QwkV0A,F1rms8f9I9a,"5-9Yrs, Male",2025-06-14 12:31:53.170 +0300,2025-06-14 12:31:53.170 +0300
3012,1.3.9,Neurological Disorders,694,,,NE03,Parkinson’s disease,ZnJtg4XOHHt,wDiX34aiw6i,"0-28Dys, Female",2025-06-14 12:31:53.170 +0300,2025-06-14 12:31:53.170 +0300
3013,1.3.9,Neurological Disorders,694,,,NE03,Parkinson’s disease,ZnJtg4XOHHt,zh2zAaHyYQx,"0-28Dys, Male",2025-06-14 12:31:53.170 +0300,2025-06-14 12:31:53.170 +0300
3014,1.3.9,Neurological Disorders,694,,,NE03,Parkinson’s disease,ZnJtg4XOHHt,u3CkZqMHfHP,"10-19Yrs, Female",2025-06-14 12:31:53.170 +0300,2025-06-14 12:31:53.170 +0300
3015,1.3.9,Neurological Disorders,694,,,NE03,Parkinson’s disease,ZnJtg4XOHHt,c7gvocRdg0f,"10-19Yrs, Male",2025-06-14 12:31:53.170 +0300,2025-06-14 12:31:53.170 +0300
3016,1.3.9,Neurological Disorders,694,,,NE03,Parkinson’s disease,ZnJtg4XOHHt,XVHTeecEOM3,"20+Yrs, Female",2025-06-14 12:31:53.170 +0300,2025-06-14 12:31:53.170 +0300
3017,1.3.9,Neurological Disorders,694,,,NE03,Parkinson’s disease,ZnJtg4XOHHt,dCKzhhINakS,"20+Yrs, Male",2025-06-14 12:31:53.170 +0300,2025-06-14 12:31:53.170 +0300
3018,1.3.9,Neurological Disorders,694,,,NE03,Parkinson’s disease,ZnJtg4XOHHt,huBy3W5qiD2,"29Dys-4Yrs, Female",2025-06-14 12:31:53.170 +0300,2025-06-14 12:31:53.170 +0300
3019,1.3.9,Neurological Disorders,694,,,NE03,Parkinson’s disease,ZnJtg4XOHHt,V2OuNTRI6ua,"29Dys-4Yrs, Male",2025-06-14 12:31:53.170 +0300,2025-06-14 12:31:53.170 +0300
3020,1.3.9,Neurological Disorders,694,,,NE03,Parkinson’s disease,ZnJtg4XOHHt,Crc5reUlspd,"5-9Yrs, Female",2025-06-14 12:31:53.170 +0300,2025-06-14 12:31:53.170 +0300
3021,1.3.9,Neurological Disorders,694,,,NE03,Parkinson’s disease,ZnJtg4XOHHt,F1rms8f9I9a,"5-9Yrs, Male",2025-06-14 12:31:53.170 +0300,2025-06-14 12:31:53.170 +0300
3022,1.3.9,Neurological Disorders,707,2429,Mild cognitive disorder,NE04,Dementia,m5DzTPTi7WH,wDiX34aiw6i,"0-28Dys, Female",2025-06-14 12:31:53.170 +0300,2025-06-14 12:31:53.170 +0300
3023,1.3.9,Neurological Disorders,707,2429,Mild cognitive disorder,NE04,Dementia,m5DzTPTi7WH,zh2zAaHyYQx,"0-28Dys, Male",2025-06-14 12:31:53.170 +0300,2025-06-14 12:31:53.170 +0300
3024,1.3.9,Neurological Disorders,707,2429,Mild cognitive disorder,NE04,Dementia,m5DzTPTi7WH,u3CkZqMHfHP,"10-19Yrs, Female",2025-06-14 12:31:53.170 +0300,2025-06-14 12:31:53.170 +0300
3025,1.3.9,Neurological Disorders,707,2429,Mild cognitive disorder,NE04,Dementia,m5DzTPTi7WH,c7gvocRdg0f,"10-19Yrs, Male",2025-06-14 12:31:53.170 +0300,2025-06-14 12:31:53.170 +0300
3026,1.3.9,Neurological Disorders,707,2429,Mild cognitive disorder,NE04,Dementia,m5DzTPTi7WH,XVHTeecEOM3,"20+Yrs, Female",2025-06-14 12:31:53.170 +0300,2025-06-14 12:31:53.170 +0300
3027,1.3.9,Neurological Disorders,707,2429,Mild cognitive disorder,NE04,Dementia,m5DzTPTi7WH,dCKzhhINakS,"20+Yrs, Male",2025-06-14 12:31:53.170 +0300,2025-06-14 12:31:53.170 +0300
3028,1.3.9,Neurological Disorders,707,2429,Mild cognitive disorder,NE04,Dementia,m5DzTPTi7WH,huBy3W5qiD2,"29Dys-4Yrs, Female",2025-06-14 12:31:53.170 +0300,2025-06-14 12:31:53.170 +0300
3029,1.3.9,Neurological Disorders,707,2429,Mild cognitive disorder,NE04,Dementia,m5DzTPTi7WH,V2OuNTRI6ua,"29Dys-4Yrs, Male",2025-06-14 12:31:53.170 +0300,2025-06-14 12:31:53.170 +0300
3030,1.3.9,Neurological Disorders,707,2429,Mild cognitive disorder,NE04,Dementia,m5DzTPTi7WH,Crc5reUlspd,"5-9Yrs, Female",2025-06-14 12:31:53.170 +0300,2025-06-14 12:31:53.170 +0300
3031,1.3.9,Neurological Disorders,707,2429,Mild cognitive disorder,NE04,Dementia,m5DzTPTi7WH,F1rms8f9I9a,"5-9Yrs, Male",2025-06-14 12:31:53.170 +0300,2025-06-14 12:31:53.170 +0300
3032,1.3.9,Neurological Disorders,710,8168,"Coma, unspecified",NE07,Persons in Coma / Emergency Care,VsTu0MTG34p,wDiX34aiw6i,"0-28Dys, Female",2025-06-14 12:31:53.170 +0300,2025-06-14 12:31:53.170 +0300
3033,1.3.9,Neurological Disorders,710,8168,"Coma, unspecified",NE07,Persons in Coma / Emergency Care,VsTu0MTG34p,zh2zAaHyYQx,"0-28Dys, Male",2025-06-14 12:31:53.170 +0300,2025-06-14 12:31:53.170 +0300
3034,1.3.9,Neurological Disorders,710,8168,"Coma, unspecified",NE07,Persons in Coma / Emergency Care,VsTu0MTG34p,u3CkZqMHfHP,"10-19Yrs, Female",2025-06-14 12:31:53.170 +0300,2025-06-14 12:31:53.170 +0300
3035,1.3.9,Neurological Disorders,710,8168,"Coma, unspecified",NE07,Persons in Coma / Emergency Care,VsTu0MTG34p,c7gvocRdg0f,"10-19Yrs, Male",2025-06-14 12:31:53.170 +0300,2025-06-14 12:31:53.170 +0300
3036,1.3.9,Neurological Disorders,710,8168,"Coma, unspecified",NE07,Persons in Coma / Emergency Care,VsTu0MTG34p,XVHTeecEOM3,"20+Yrs, Female",2025-06-14 12:31:53.170 +0300,2025-06-14 12:31:53.170 +0300
3037,1.3.9,Neurological Disorders,710,8168,"Coma, unspecified",NE07,Persons in Coma / Emergency Care,VsTu0MTG34p,dCKzhhINakS,"20+Yrs, Male",2025-06-14 12:31:53.170 +0300,2025-06-14 12:31:53.170 +0300
3038,1.3.9,Neurological Disorders,710,8168,"Coma, unspecified",NE07,Persons in Coma / Emergency Care,VsTu0MTG34p,huBy3W5qiD2,"29Dys-4Yrs, Female",2025-06-14 12:31:53.170 +0300,2025-06-14 12:31:53.170 +0300
3039,1.3.9,Neurological Disorders,710,8168,"Coma, unspecified",NE07,Persons in Coma / Emergency Care,VsTu0MTG34p,V2OuNTRI6ua,"29Dys-4Yrs, Male",2025-06-14 12:31:53.170 +0300,2025-06-14 12:31:53.170 +0300
3040,1.3.9,Neurological Disorders,710,8168,"Coma, unspecified",NE07,Persons in Coma / Emergency Care,VsTu0MTG34p,Crc5reUlspd,"5-9Yrs, Female",2025-06-14 12:31:53.170 +0300,2025-06-14 12:31:53.170 +0300
3041,1.3.9,Neurological Disorders,710,8168,"Coma, unspecified",NE07,Persons in Coma / Emergency Care,VsTu0MTG34p,F1rms8f9I9a,"5-9Yrs, Male",2025-06-14 12:31:53.170 +0300,2025-06-14 12:31:53.170 +0300
3042,1.3.9,Neurological Disorders,712,,,NE08,Down Syndrome (DS),RuSkTA940Cg,wDiX34aiw6i,"0-28Dys, Female",2025-06-14 12:31:53.170 +0300,2025-06-14 12:31:53.170 +0300
3043,1.3.9,Neurological Disorders,712,,,NE08,Down Syndrome (DS),RuSkTA940Cg,zh2zAaHyYQx,"0-28Dys, Male",2025-06-14 12:31:53.170 +0300,2025-06-14 12:31:53.170 +0300
3044,1.3.9,Neurological Disorders,712,,,NE08,Down Syndrome (DS),RuSkTA940Cg,u3CkZqMHfHP,"10-19Yrs, Female",2025-06-14 12:31:53.170 +0300,2025-06-14 12:31:53.170 +0300
3045,1.3.9,Neurological Disorders,712,,,NE08,Down Syndrome (DS),RuSkTA940Cg,c7gvocRdg0f,"10-19Yrs, Male",2025-06-14 12:31:53.170 +0300,2025-06-14 12:31:53.170 +0300
3046,1.3.9,Neurological Disorders,712,,,NE08,Down Syndrome (DS),RuSkTA940Cg,XVHTeecEOM3,"20+Yrs, Female",2025-06-14 12:31:53.170 +0300,2025-06-14 12:31:53.170 +0300
3047,1.3.9,Neurological Disorders,712,,,NE08,Down Syndrome (DS),RuSkTA940Cg,dCKzhhINakS,"20+Yrs, Male",2025-06-14 12:31:53.170 +0300,2025-06-14 12:31:53.170 +0300
3048,1.3.9,Neurological Disorders,712,,,NE08,Down Syndrome (DS),RuSkTA940Cg,huBy3W5qiD2,"29Dys-4Yrs, Female",2025-06-14 12:31:53.170 +0300,2025-06-14 12:31:53.170 +0300
3049,1.3.9,Neurological Disorders,712,,,NE08,Down Syndrome (DS),RuSkTA940Cg,V2OuNTRI6ua,"29Dys-4Yrs, Male",2025-06-14 12:31:53.170 +0300,2025-06-14 12:31:53.170 +0300
3050,1.3.9,Neurological Disorders,712,,,NE08,Down Syndrome (DS),RuSkTA940Cg,Crc5reUlspd,"5-9Yrs, Female",2025-06-14 12:31:53.170 +0300,2025-06-14 12:31:53.170 +0300
3051,1.3.9,Neurological Disorders,712,,,NE08,Down Syndrome (DS),RuSkTA940Cg,F1rms8f9I9a,"5-9Yrs, Male",2025-06-14 12:31:53.170 +0300,2025-06-14 12:31:53.170 +0300
3052,1.3.9,Neurological Disorders,,,,NE09,CP/PMLD,E5KEHIRuQ4a,wDiX34aiw6i,"0-28Dys, Female",2025-06-14 12:31:53.170 +0300,2025-06-14 12:31:53.170 +0300
3053,1.3.9,Neurological Disorders,,,,NE09,CP/PMLD,E5KEHIRuQ4a,zh2zAaHyYQx,"0-28Dys, Male",2025-06-14 12:31:53.170 +0300,2025-06-14 12:31:53.170 +0300
3054,1.3.9,Neurological Disorders,,,,NE09,CP/PMLD,E5KEHIRuQ4a,u3CkZqMHfHP,"10-19Yrs, Female",2025-06-14 12:31:53.170 +0300,2025-06-14 12:31:53.170 +0300
3055,1.3.9,Neurological Disorders,,,,NE09,CP/PMLD,E5KEHIRuQ4a,c7gvocRdg0f,"10-19Yrs, Male",2025-06-14 12:31:53.170 +0300,2025-06-14 12:31:53.170 +0300
3056,1.3.9,Neurological Disorders,,,,NE09,CP/PMLD,E5KEHIRuQ4a,XVHTeecEOM3,"20+Yrs, Female",2025-06-14 12:31:53.170 +0300,2025-06-14 12:31:53.170 +0300
3057,1.3.9,Neurological Disorders,,,,NE09,CP/PMLD,E5KEHIRuQ4a,dCKzhhINakS,"20+Yrs, Male",2025-06-14 12:31:53.170 +0300,2025-06-14 12:31:53.170 +0300
3058,1.3.9,Neurological Disorders,,,,NE09,CP/PMLD,E5KEHIRuQ4a,huBy3W5qiD2,"29Dys-4Yrs, Female",2025-06-14 12:31:53.170 +0300,2025-06-14 12:31:53.170 +0300
3059,1.3.9,Neurological Disorders,,,,NE09,CP/PMLD,E5KEHIRuQ4a,V2OuNTRI6ua,"29Dys-4Yrs, Male",2025-06-14 12:31:53.170 +0300,2025-06-14 12:31:53.170 +0300
3060,1.3.9,Neurological Disorders,,,,NE09,CP/PMLD,E5KEHIRuQ4a,Crc5reUlspd,"5-9Yrs, Female",2025-06-14 12:31:53.170 +0300,2025-06-14 12:31:53.170 +0300
3061,1.3.9,Neurological Disorders,,,,NE09,CP/PMLD,E5KEHIRuQ4a,F1rms8f9I9a,"5-9Yrs, Male",2025-06-14 12:31:53.170 +0300,2025-06-14 12:31:53.170 +0300
3062,1.3.9,Neurological Disorders,714,,,NE11,Learning Disability,czdNkXDkNYZ,wDiX34aiw6i,"0-28Dys, Female",2025-06-14 12:31:53.170 +0300,2025-06-14 12:31:53.170 +0300
3063,1.3.9,Neurological Disorders,714,,,NE11,Learning Disability,czdNkXDkNYZ,zh2zAaHyYQx,"0-28Dys, Male",2025-06-14 12:31:53.170 +0300,2025-06-14 12:31:53.170 +0300
3064,1.3.9,Neurological Disorders,714,,,NE11,Learning Disability,czdNkXDkNYZ,u3CkZqMHfHP,"10-19Yrs, Female",2025-06-14 12:31:53.170 +0300,2025-06-14 12:31:53.170 +0300
3065,1.3.9,Neurological Disorders,714,,,NE11,Learning Disability,czdNkXDkNYZ,c7gvocRdg0f,"10-19Yrs, Male",2025-06-14 12:31:53.170 +0300,2025-06-14 12:31:53.170 +0300
3066,1.3.9,Neurological Disorders,714,,,NE11,Learning Disability,czdNkXDkNYZ,XVHTeecEOM3,"20+Yrs, Female",2025-06-14 12:31:53.170 +0300,2025-06-14 12:31:53.170 +0300
3067,1.3.9,Neurological Disorders,714,,,NE11,Learning Disability,czdNkXDkNYZ,dCKzhhINakS,"20+Yrs, Male",2025-06-14 12:31:53.170 +0300,2025-06-14 12:31:53.170 +0300
3068,1.3.9,Neurological Disorders,714,,,NE11,Learning Disability,czdNkXDkNYZ,huBy3W5qiD2,"29Dys-4Yrs, Female",2025-06-14 12:31:53.170 +0300,2025-06-14 12:31:53.170 +0300
3069,1.3.9,Neurological Disorders,714,,,NE11,Learning Disability,czdNkXDkNYZ,V2OuNTRI6ua,"29Dys-4Yrs, Male",2025-06-14 12:31:53.170 +0300,2025-06-14 12:31:53.170 +0300
3070,1.3.9,Neurological Disorders,714,,,NE11,Learning Disability,czdNkXDkNYZ,Crc5reUlspd,"5-9Yrs, Female",2025-06-14 12:31:53.170 +0300,2025-06-14 12:31:53.170 +0300
3071,1.3.9,Neurological Disorders,714,,,NE11,Learning Disability,czdNkXDkNYZ,F1rms8f9I9a,"5-9Yrs, Male",2025-06-14 12:31:53.170 +0300,2025-06-14 12:31:53.170 +0300
3072,1.3.9,Neurological Disorders,715,,,NE12,"Eating disorders (anorexia, Bulimia, other feeding)",dkgtRrKg1CT,wDiX34aiw6i,"0-28Dys, Female",2025-06-14 12:31:53.170 +0300,2025-06-14 12:31:53.170 +0300
3073,1.3.9,Neurological Disorders,715,,,NE12,"Eating disorders (anorexia, Bulimia, other feeding)",dkgtRrKg1CT,zh2zAaHyYQx,"0-28Dys, Male",2025-06-14 12:31:53.170 +0300,2025-06-14 12:31:53.170 +0300
3074,1.3.9,Neurological Disorders,715,,,NE12,"Eating disorders (anorexia, Bulimia, other feeding)",dkgtRrKg1CT,u3CkZqMHfHP,"10-19Yrs, Female",2025-06-14 12:31:53.170 +0300,2025-06-14 12:31:53.170 +0300
3075,1.3.9,Neurological Disorders,715,,,NE12,"Eating disorders (anorexia, Bulimia, other feeding)",dkgtRrKg1CT,c7gvocRdg0f,"10-19Yrs, Male",2025-06-14 12:31:53.170 +0300,2025-06-14 12:31:53.170 +0300
3076,1.3.9,Neurological Disorders,715,,,NE12,"Eating disorders (anorexia, Bulimia, other feeding)",dkgtRrKg1CT,XVHTeecEOM3,"20+Yrs, Female",2025-06-14 12:31:53.170 +0300,2025-06-14 12:31:53.170 +0300
3077,1.3.9,Neurological Disorders,715,,,NE12,"Eating disorders (anorexia, Bulimia, other feeding)",dkgtRrKg1CT,dCKzhhINakS,"20+Yrs, Male",2025-06-14 12:31:53.170 +0300,2025-06-14 12:31:53.170 +0300
3078,1.3.9,Neurological Disorders,715,,,NE12,"Eating disorders (anorexia, Bulimia, other feeding)",dkgtRrKg1CT,huBy3W5qiD2,"29Dys-4Yrs, Female",2025-06-14 12:31:53.170 +0300,2025-06-14 12:31:53.170 +0300
3079,1.3.9,Neurological Disorders,715,,,NE12,"Eating disorders (anorexia, Bulimia, other feeding)",dkgtRrKg1CT,V2OuNTRI6ua,"29Dys-4Yrs, Male",2025-06-14 12:31:53.170 +0300,2025-06-14 12:31:53.170 +0300
3080,1.3.9,Neurological Disorders,715,,,NE12,"Eating disorders (anorexia, Bulimia, other feeding)",dkgtRrKg1CT,Crc5reUlspd,"5-9Yrs, Female",2025-06-14 12:31:53.170 +0300,2025-06-14 12:31:53.170 +0300
3081,1.3.9,Neurological Disorders,715,,,NE12,"Eating disorders (anorexia, Bulimia, other feeding)",dkgtRrKg1CT,F1rms8f9I9a,"5-9Yrs, Male",2025-06-14 12:31:53.170 +0300,2025-06-14 12:31:53.170 +0300
3082,1.3.9,Neurological Disorders,718,,,NE15,Others,IfoTV8gVfxQ,wDiX34aiw6i,"0-28Dys, Female",2025-06-14 12:31:53.170 +0300,2025-06-14 12:31:53.170 +0300
3083,1.3.9,Neurological Disorders,718,,,NE15,Others,IfoTV8gVfxQ,zh2zAaHyYQx,"0-28Dys, Male",2025-06-14 12:31:53.170 +0300,2025-06-14 12:31:53.170 +0300
3084,1.3.9,Neurological Disorders,718,,,NE15,Others,IfoTV8gVfxQ,u3CkZqMHfHP,"10-19Yrs, Female",2025-06-14 12:31:53.170 +0300,2025-06-14 12:31:53.170 +0300
3085,1.3.9,Neurological Disorders,718,,,NE15,Others,IfoTV8gVfxQ,c7gvocRdg0f,"10-19Yrs, Male",2025-06-14 12:31:53.170 +0300,2025-06-14 12:31:53.170 +0300
3086,1.3.9,Neurological Disorders,718,,,NE15,Others,IfoTV8gVfxQ,XVHTeecEOM3,"20+Yrs, Female",2025-06-14 12:31:53.170 +0300,2025-06-14 12:31:53.170 +0300
3087,1.3.9,Neurological Disorders,718,,,NE15,Others,IfoTV8gVfxQ,dCKzhhINakS,"20+Yrs, Male",2025-06-14 12:31:53.170 +0300,2025-06-14 12:31:53.170 +0300
3088,1.3.9,Neurological Disorders,718,,,NE15,Others,IfoTV8gVfxQ,huBy3W5qiD2,"29Dys-4Yrs, Female",2025-06-14 12:31:53.170 +0300,2025-06-14 12:31:53.170 +0300
3089,1.3.9,Neurological Disorders,718,,,NE15,Others,IfoTV8gVfxQ,V2OuNTRI6ua,"29Dys-4Yrs, Male",2025-06-14 12:31:53.170 +0300,2025-06-14 12:31:53.170 +0300
3090,1.3.9,Neurological Disorders,718,,,NE15,Others,IfoTV8gVfxQ,Crc5reUlspd,"5-9Yrs, Female",2025-06-14 12:31:53.170 +0300,2025-06-14 12:31:53.170 +0300
3091,1.3.9,Neurological Disorders,718,,,NE15,Others,IfoTV8gVfxQ,F1rms8f9I9a,"5-9Yrs, Male",2025-06-14 12:31:53.170 +0300,2025-06-14 12:31:53.170 +0300
,,,,,,,,,,,,
,,,,,,,,,,,,
,,,,,,,,,,,,
,,,,,,,,,,,,
,,,,,,,,,,,,
,,,,,,,,,,,,
,,,,,,,,,,,,
,,,,,,,,,,,,
,,,,,,,,,,,,
,,,,,,,,,,,,
,,,,,,,,,,,,
,,,,,,,,,,,,
,,,,,,,,,,,,
,,,,,,,,,,,,
,,,,,,,,,,,,
,,,,,,,,,,,,
,,,,,,,,,,,,
,,,,,,,,,,,,
,,,,,,,,,,,,
,,,,,,,,,,,,
,,,,,,,,,,,,
,,,,,,,,,,,,
,,,,,,,,,,,,
,,,,,,,,,,,,
,,,,,,,,,,,,
,,,,,,,,,,,,
,,,,,,,,,,,,
,,,,,,,,,,,,
,,,,,,,,,,,,
,,,,,,,,,,,,
,,,,,,,,,,,,
,,,,,,,,,,,,
,,,,,,,,,,,,
,,,,,,,,,,,,
,,,,,,,,,,,,
,,,,,,,,,,,,
,,,,,,,,,,,,
,,,,,,,,,,,,
,,,,,,,,,,,,
,,,,,,,,,,,,
,,,,,,,,,,,,
,,,,,,,,,,,,
,,,,,,,,,,,,
,,,,,,,,,,,,
,,,,,,,,,,,,
,,,,,,,,,,,,
,,,,,,,,,,,,
,,,,,,,,,,,,
,,,,,,,,,,,,
,,,,,,,,,,,,
,,,,,,,,,,,,
,,,,,,,,,,,,
,,,,,,,,,,,,
,,,,,,,,,,,,
,,,,,,,,,,,,
,,,,,,,,,,,,
,,,,,,,,,,,,
,,,,,,,,,,,,
,,,,,,,,,,,,
,,,,,,,,,,,,
,,,,,,,,,,,,
,,,,,,,,,,,,
,,,,,,,,,,,,
,,,,,,,,,,,,
,,,,,,,,,,,,
,,,,,,,,,,,,
,,,,,,,,,,,,
,,,,,,,,,,,,
,,,,,,,,,,,,
,,,,,,,,,,,,
,,,,,,,,,,,,
,,,,,,,,,,,,
,,,,,,,,,,,,
,,,,,,,,,,,,
,,,,,,,,,,,,
,,,,,,,,,,,,
,,,,,,,,,,,,
,,,,,,,,,,,,
,,,,,,,,,,,,
,,,,,,,,,,,,
,,,,,,,,,,,,
,,,,,,,,,,,,
,,,,,,,,,,,,
,,,,,,,,,,,,
,,,,,,,,,,,,
,,,,,,,,,,,,
,,,,,,,,,,,,
,,,,,,,,,,,,
,,,,,,,,,,,,
,,,,,,,,,,,,
,,,,,,,,,,,,
,,,,,,,,,,,,
,,,,,,,,,,,,
,,,,,,,,,,,,
,,,,,,,,,,,,
,,,,,,,,,,,,
,,,,,,,,,,,,
,,,,,,,,,,,,
,,,,,,,,,,,,
,,,,,,,,,,,,
,,,,,,,,,,,,
,,,,,,,,,,,,
,,,,,,,,,,,,
,,,,,,,,,,,,
,,,,,,,,,,,,
,,,,,,,,,,,,
,,,,,,,,,,,,
,,,,,,,,,,,,
,,,,,,,,,,,,
,,,,,,,,,,,,
,,,,,,,,,,,,
,,,,,,,,,,,,
,,,,,,,,,,,,
,,,,,,,,,,,,
,,,,,,,,,,,,
,,,,,,,,,,,,
,,,,,,,,,,,,
,,,,,,,,,,,,
,,,,,,,,,,,,
,,,,,,,,,,,,
,,,,,,,,,,,,
,,,,,,,,,,,,
,,,,,,,,,,,,
,,,,,,,,,,,,
,,,,,,,,,,,,
,,,,,,,,,,,,
,,,,,,,,,,,,
,,,,,,,,,,,,
,,,,,,,,,,,,
,,,,,,,,,,,,
,,,,,,,,,,,,
,,,,,,,,,,,,
,,,,,,,,,,,,
,,,,,,,,,,,,
,,,,,,,,,,,,
,,,,,,,,,,,,
,,,,,,,,,,,,
,,,,,,,,,,,,
,,,,,,,,,,,,
,,,,,,,,,,,,
,,,,,,,,,,,,
,,,,,,,,,,,,
,,,,,,,,,,,,
,,,,,,,,,,,,
,,,,,,,,,,,,
,,,,,,,,,,,,
,,,,,,,,,,,,
,,,,,,,,,,,,
,,,,,,,,,,,,
,,,,,,,,,,,,
,,,,,,,,,,,,
,,,,,,,,,,,,
,,,,,,,,,,,,
,,,,,,,,,,,,
,,,,,,,,,,,,
,,,,,,,,,,,,
,,,,,,,,,,,,
,,,,,,,,,,,,
,,,,,,,,,,,,
,,,,,,,,,,,,
,,,,,,,,,,,,
,,,,,,,,,,,,
,,,,,,,,,,,,
,,,,,,,,,,,,
,,,,,,,,,,,,
,,,,,,,,,,,,
,,,,,,,,,,,,
,,,,,,,,,,,,
,,,,,,,,,,,,
,,,,,,,,,,,,
,,,,,,,,,,,,
,,,,,,,,,,,,
,,,,,,,,,,,,
,,,,,,,,,,,,
,,,,,,,,,,,,
,,,,,,,,,,,,
,,,,,,,,,,,,
,,,,,,,,,,,,
,,,,,,,,,,,,
,,,,,,,,,,,,
,,,,,,,,,,,,
,,,,,,,,,,,,
,,,,,,,,,,,,
,,,,,,,,,,,,
,,,,,,,,,,,,
,,,,,,,,,,,,
,,,,,,,,,,,,
,,,,,,,,,,,,
,,,,,,,,,,,,
,,,,,,,,,,,,
,,,,,,,,,,,,
,,,,,,,,,,,,
,,,,,,,,,,,,
,,,,,,,,,,,,
,,,,,,,,,,,,
,,,,,,,,,,,,
,,,,,,,,,,,,
,,,,,,,,,,,,
,,,,,,,,,,,,
,,,,,,,,,,,,
,,,,,,,,,,,,
,,,,,,,,,,,,
,,,,,,,,,,,,
,,,,,,,,,,,,
,,,,,,,,,,,,
,,,,,,,,,,,,
,,,,,,,,,,,,
,,,,,,,,,,,,
,,,,,,,,,,,,
,,,,,,,,,,,,
,,,,,,,,,,,,
,,,,,,,,,,,,
,,,,,,,,,,,,
,,,,,,,,,,,,
,,,,,,,,,,,,
,,,,,,,,,,,,
,,,,,,,,,,,,
,,,,,,,,,,,,
,,,,,,,,,,,,
,,,,,,,,,,,,
,,,,,,,,,,,,
,,,,,,,,,,,,
,,,,,,,,,,,,
,,,,,,,,,,,,
,,,,,,,,,,,,
,,,,,,,,,,,,
,,,,,,,,,,,,
,,,,,,,,,,,,
,,,,,,,,,,,,
,,,,,,,,,,,,
,,,,,,,,,,,,
,,,,,,,,,,,,
,,,,,,,,,,,,
,,,,,,,,,,,,
,,,,,,,,,,,,
,,,,,,,,,,,,
,,,,,,,,,,,,
,,,,,,,,,,,,
,,,,,,,,,,,,
,,,,,,,,,,,,
,,,,,,,,,,,,
,,,,,,,,,,,,
,,,,,,,,,,,,
,,,,,,,,,,,,
,,,,,,,,,,,,
,,,,,,,,,,,,
,,,,,,,,,,,,
,,,,,,,,,,,,
,,,,,,,,,,,,
,,,,,,,,,,,,
,,,,,,,,,,,,
,,,,,,,,,,,,
,,,,,,,,,,,,
,,,,,,,,,,,,
,,,,,,,,,,,,
,,,,,,,,,,,,
,,,,,,,,,,,,
,,,,,,,,,,,,
,,,,,,,,,,,,
,,,,,,,,,,,,
,,,,,,,,,,,,
,,,,,,,,,,,,
,,,,,,,,,,,,
,,,,,,,,,,,,
,,,,,,,,,,,,
,,,,,,,,,,,,
,,,,,,,,,,,,
,,,,,,,,,,,,
,,,,,,,,,,,,
,,,,,,,,,,,,
,,,,,,,,,,,,
,,,,,,,,,,,,
,,,,,,,,,,,,
,,,,,,,,,,,,
,,,,,,,,,,,,
,,,,,,,,,,,,
,,,,,,,,,,,,
,,,,,,,,,,,,
,,,,,,,,,,,,
,,,,,,,,,,,,
,,,,,,,,,,,,
,,,,,,,,,,,,
,,,,,,,,,,,,
,,,,,,,,,,,,
,,,,,,,,,,,,
,,,,,,,,,,,,
,,,,,,,,,,,,
,,,,,,,,,,,,
,,,,,,,,,,,,
,,,,,,,,,,,,
,,,,,,,,,,,,
,,,,,,,,,,,,
,,,,,,,,,,,,
,,,,,,,,,,,,
,,,,,,,,,,,,
,,,,,,,,,,,,
,,,,,,,,,,,,
,,,,,,,,,,,,
,,,,,,,,,,,,
,,,,,,,,,,,,
,,,,,,,,,,,,
,,,,,,,,,,,,
,,,,,,,,,,,,
,,,,,,,,,,,,
,,,,,,,,,,,,
,,,,,,,,,,,,
,,,,,,,,,,,,
,,,,,,,,,,,,
,,,,,,,,,,,,
,,,,,,,,,,,,
,,,,,,,,,,,,
,,,,,,,,,,,,
,,,,,,,,,,,,
,,,,,,,,,,,,
,,,,,,,,,,,,
,,,,,,,,,,,,
,,,,,,,,,,,,
,,,,,,,,,,,,
,,,,,,,,,,,,
,,,,,,,,,,,,
,,,,,,,,,,,,
,,,,,,,,,,,,
,,,,,,,,,,,,
,,,,,,,,,,,,
,,,,,,,,,,,,
,,,,,,,,,,,,
,,,,,,,,,,,,
,,,,,,,,,,,,
,,,,,,,,,,,,
,,,,,,,,,,,,
,,,,,,,,,,,,
,,,,,,,,,,,,
,,,,,,,,,,,,
,,,,,,,,,,,,
,,,,,,,,,,,,
,,,,,,,,,,,,
,,,,,,,,,,,,
,,,,,,,,,,,,
,,,,,,,,,,,,
,,,,,,,,,,,,
,,,,,,,,,,,,
,,,,,,,,,,,,
,,,,,,,,,,,,
,,,,,,,,,,,,
,,,,,,,,,,,,
,,,,,,,,,,,,
,,,,,,,,,,,,
,,,,,,,,,,,,
,,,,,,,,,,,,
,,,,,,,,,,,,
,,,,,,,,,,,,
,,,,,,,,,,,,
,,,,,,,,,,,,
,,,,,,,,,,,,
,,,,,,,,,,,,
,,,,,,,,,,,,
,,,,,,,,,,,,
,,,,,,,,,,,,
,,,,,,,,,,,,
,,,,,,,,,,,,
,,,,,,,,,,,,
,,,,,,,,,,,,
,,,,,,,,,,,,
,,,,,,,,,,,,
,,,,,,,,,,,,
,,,,,,,,,,,,
,,,,,,,,,,,,
,,,,,,,,,,,,
,,,,,,,,,,,,
,,,,,,,,,,,,
,,,,,,,,,,,,
,,,,,,,,,,,,
,,,,,,,,,,,,
,,,,,,,,,,,,
,,,,,,,,,,,,
,,,,,,,,,,,,
,,,,,,,,,,,,
,,,,,,,,,,,,
,,,,,,,,,,,,
,,,,,,,,,,,,
,,,,,,,,,,,,
,,,,,,,,,,,,
,,,,,,,,,,,,
,,,,,,,,,,,,
,,,,,,,,,,,,
,,,,,,,,,,,,
,,,,,,,,,,,,
,,,,,,,,,,,,
,,,,,,,,,,,,
,,,,,,,,,,,,
,,,,,,,,,,,,
,,,,,,,,,,,,
,,,,,,,,,,,,
,,,,,,,,,,,,
,,,,,,,,,,,,
,,,,,,,,,,,,
,,,,,,,,,,,,
,,,,,,,,,,,,
,,,,,,,,,,,,
,,,,,,,,,,,,
,,,,,,,,,,,,
,,,,,,,,,,,,
,,,,,,,,,,,,
,,,,,,,,,,,,
,,,,,,,,,,,,
,,,,,,,,,,,,
,,,,,,,,,,,,
,,,,,,,,,,,,
,,,,,,,,,,,,
,,,,,,,,,,,,
,,,,,,,,,,,,
,,,,,,,,,,,,
,,,,,,,,,,,,
,,,,,,,,,,,,
,,,,,,,,,,,,
,,,,,,,,,,,,
,,,,,,,,,,,,
,,,,,,,,,,,,
,,,,,,,,,,,,
,,,,,,,,,,,,
,,,,,,,,,,,,
,,,,,,,,,,,,
,,,,,,,,,,,,
,,,,,,,,,,,,
,,,,,,,,,,,,
,,,,,,,,,,,,
,,,,,,,,,,,,
,,,,,,,,,,,,
,,,,,,,,,,,,
,,,,,,,,,,,,
,,,,,,,,,,,,
,,,,,,,,,,,,
,,,,,,,,,,,,
,,,,,,,,,,,,
,,,,,,,,,,,,
,,,,,,,,,,,,
,,,,,,,,,,,,
,,,,,,,,,,,,
,,,,,,,,,,,,
,,,,,,,,,,,,
,,,,,,,,,,,,
,,,,,,,,,,,,
,,,,,,,,,,,,
,,,,,,,,,,,,
,,,,,,,,,,,,
,,,,,,,,,,,,
,,,,,,,,,,,,
,,,,,,,,,,,,
,,,,,,,,,,,,
,,,,,,,,,,,,
,,,,,,,,,,,,
,,,,,,,,,,,,
,,,,,,,,,,,,
,,,,,,,,,,,,
,,,,,,,,,,,,
,,,,,,,,,,,,
,,,,,,,,,,,,
,,,,,,,,,,,,
,,,,,,,,,,,,
,,,,,,,,,,,,
,,,,,,,,,,,,
,,,,,,,,,,,,
,,,,,,,,,,,,
,,,,,,,,,,,,
,,,,,,,,,,,,
,,,,,,,,,,,,
,,,,,,,,,,,,
,,,,,,,,,,,,
,,,,,,,,,,,,
,,,,,,,,,,,,
,,,,,,,,,,,,
,,,,,,,,,,,,
,,,,,,,,,,,,
,,,,,,,,,,,,
,,,,,,,,,,,,
,,,,,,,,,,,,
,,,,,,,,,,,,
,,,,,,,,,,,,
,,,,,,,,,,,,
,,,,,,,,,,,,
,,,,,,,,,,,,
,,,,,,,,,,,,
,,,,,,,,,,,,
,,,,,,,,,,,,
,,,,,,,,,,,,
,,,,,,,,,,,,
,,,,,,,,,,,,
,,,,,,,,,,,,
,,,,,,,,,,,,
,,,,,,,,,,,,
,,,,,,,,,,,,
,,,,,,,,,,,,
,,,,,,,,,,,,
,,,,,,,,,,,,
,,,,,,,,,,,,
,,,,,,,,,,,,
,,,,,,,,,,,,
,,,,,,,,,,,,
,,,,,,,,,,,,
,,,,,,,,,,,,
,,,,,,,,,,,,
,,,,,,,,,,,,
,,,,,,,,,,,,
,,,,,,,,,,,,
,,,,,,,,,,,,
,,,,,,,,,,,,
,,,,,,,,,,,,
,,,,,,,,,,,,
,,,,,,,,,,,,
,,,,,,,,,,,,
,,,,,,,,,,,,
,,,,,,,,,,,,
,,,,,,,,,,,,
,,,,,,,,,,,,
,,,,,,,,,,,,
,,,,,,,,,,,,
,,,,,,,,,,,,
,,,,,,,,,,,,
,,,,,,,,,,,,
,,,,,,,,,,,,
,,,,,,,,,,,,
,,,,,,,,,,,,
,,,,,,,,,,,,
,,,,,,,,,,,,
,,,,,,,,,,,,
,,,,,,,,,,,,
,,,,,,,,,,,,
5041,,,,,,,,,,,2025-06-14 12:31:53.170 +0300,2025-06-14 12:31:53.170 +0300
5042,,,,,,,,,,,2025-06-14 12:31:53.170 +0300,2025-06-14 12:31:53.170 +0300
5043,,,,,,,,,,,2025-06-14 12:31:53.170 +0300,2025-06-14 12:31:53.170 +0300
5044,,,,,,,,,,,2025-06-14 12:31:53.170 +0300,2025-06-14 12:31:53.170 +0300
5045,,,,,,,,,,,2025-06-14 12:31:53.170 +0300,2025-06-14 12:31:53.170 +0300
5046,,,,,,,,,,,2025-06-14 12:31:53.170 +0300,2025-06-14 12:31:53.170 +0300
5047,,,,,,,,,,,2025-06-14 12:31:53.170 +0300,2025-06-14 12:31:53.170 +0300
5048,,,,,,,,,,,2025-06-14 12:31:53.170 +0300,2025-06-14 12:31:53.170 +0300
5049,,,,,,,,,,,2025-06-14 12:31:53.170 +0300,2025-06-14 12:31:53.170 +0300
5050,,,,,,,,,,,2025-06-14 12:31:53.170 +0300,2025-06-14 12:31:53.170 +0300
5051,,,,,,,,,,,2025-06-14 12:31:53.170 +0300,2025-06-14 12:31:53.170 +0300
5052,,,,,,,,,,,2025-06-14 12:31:53.170 +0300,2025-06-14 12:31:53.170 +0300
5053,,,,,,,,,,,2025-06-14 12:31:53.170 +0300,2025-06-14 12:31:53.170 +0300
5054,,,,,,,,,,,2025-06-14 12:31:53.170 +0300,2025-06-14 12:31:53.170 +0300
5055,,,,,,,,,,,2025-06-14 12:31:53.170 +0300,2025-06-14 12:31:53.170 +0300
5056,,,,,,,,,,,2025-06-14 12:31:53.170 +0300,2025-06-14 12:31:53.170 +0300
5057,,,,,,,,,,,2025-06-14 12:31:53.170 +0300,2025-06-14 12:31:53.170 +0300
5058,,,,,,,,,,,2025-06-14 12:31:53.170 +0300,2025-06-14 12:31:53.170 +0300
5059,,,,,,,,,,,2025-06-14 12:31:53.170 +0300,2025-06-14 12:31:53.170 +0300
5060,,,,,,,,,,,2025-06-14 12:31:53.170 +0300,2025-06-14 12:31:53.170 +0300
5061,,,,,,,,,,,2025-06-14 12:31:53.170 +0300,2025-06-14 12:31:53.170 +0300
5062,,,,,,,,,,,2025-06-14 12:31:53.170 +0300,2025-06-14 12:31:53.170 +0300
5063,,,,,,,,,,,2025-06-14 12:31:53.170 +0300,2025-06-14 12:31:53.170 +0300
5064,,,,,,,,,,,2025-06-14 12:31:53.170 +0300,2025-06-14 12:31:53.170 +0300
5065,,,,,,,,,,,2025-06-14 12:31:53.170 +0300,2025-06-14 12:31:53.170 +0300
5066,,,,,,,,,,,2025-06-14 12:31:53.170 +0300,2025-06-14 12:31:53.170 +0300
5067,,,,,,,,,,,2025-06-14 12:31:53.170 +0300,2025-06-14 12:31:53.170 +0300
5068,,,,,,,,,,,2025-06-14 12:31:53.170 +0300,2025-06-14 12:31:53.170 +0300
5069,,,,,,,,,,,2025-06-14 12:31:53.170 +0300,2025-06-14 12:31:53.170 +0300
5070,,,,,,,,,,,2025-06-14 12:31:53.170 +0300,2025-06-14 12:31:53.170 +0300
5071,,,,,,,,,,,2025-06-14 12:31:53.170 +0300,2025-06-14 12:31:53.170 +0300
5072,,,,,,,,,,,2025-06-14 12:31:53.170 +0300,2025-06-14 12:31:53.170 +0300
5073,,,,,,,,,,,2025-06-14 12:31:53.170 +0300,2025-06-14 12:31:53.170 +0300
5074,,,,,,,,,,,2025-06-14 12:31:53.170 +0300,2025-06-14 12:31:53.170 +0300
5075,,,,,,,,,,,2025-06-14 12:31:53.170 +0300,2025-06-14 12:31:53.170 +0300
5076,,,,,,,,,,,2025-06-14 12:31:53.170 +0300,2025-06-14 12:31:53.170 +0300
5077,,,,,,,,,,,2025-06-14 12:31:53.170 +0300,2025-06-14 12:31:53.170 +0300
5078,,,,,,,,,,,2025-06-14 12:31:53.170 +0300,2025-06-14 12:31:53.170 +0300
5079,,,,,,,,,,,2025-06-14 12:31:53.170 +0300,2025-06-14 12:31:53.170 +0300
5080,,,,,,,,,,,2025-06-14 12:31:53.170 +0300,2025-06-14 12:31:53.170 +0300
5081,,,,,,,,,,,2025-06-14 12:31:53.170 +0300,2025-06-14 12:31:53.170 +0300
5082,,,,,,,,,,,2025-06-14 12:31:53.170 +0300,2025-06-14 12:31:53.170 +0300
5083,,,,,,,,,,,2025-06-14 12:31:53.170 +0300,2025-06-14 12:31:53.170 +0300
5084,,,,,,,,,,,2025-06-14 12:31:53.170 +0300,2025-06-14 12:31:53.170 +0300
5085,,,,,,,,,,,2025-06-14 12:31:53.170 +0300,2025-06-14 12:31:53.170 +0300
5086,,,,,,,,,,,2025-06-14 12:31:53.170 +0300,2025-06-14 12:31:53.170 +0300
5037,,,,,,,,,,,2025-06-14 12:31:53.170 +0300,2025-06-14 12:31:53.170 +0300
5038,,,,,,,,,,,2025-06-14 12:31:53.170 +0300,2025-06-14 12:31:53.170 +0300
5039,,,,,,,,,,,2025-06-14 12:31:53.170 +0300,2025-06-14 12:31:53.170 +0300
5040,,,,,,,,,,,2025-06-14 12:31:53.170 +0300,2025-06-14 12:31:53.170 +0300
4941,,,,,,,,,,,2025-06-14 12:31:53.170 +0300,2025-06-14 12:31:53.170 +0300
4942,,,,,,,,,,,2025-06-14 12:31:53.170 +0300,2025-06-14 12:31:53.170 +0300
4943,,,,,,,,,,,2025-06-14 12:31:53.170 +0300,2025-06-14 12:31:53.170 +0300
4944,,,,,,,,,,,2025-06-14 12:31:53.170 +0300,2025-06-14 12:31:53.170 +0300
4945,,,,,,,,,,,2025-06-14 12:31:53.170 +0300,2025-06-14 12:31:53.170 +0300
4946,,,,,,,,,,,2025-06-14 12:31:53.170 +0300,2025-06-14 12:31:53.170 +0300
4947,,,,,,,,,,,2025-06-14 12:31:53.170 +0300,2025-06-14 12:31:53.170 +0300
4948,,,,,,,,,,,2025-06-14 12:31:53.170 +0300,2025-06-14 12:31:53.170 +0300
4949,,,,,,,,,,,2025-06-14 12:31:53.170 +0300,2025-06-14 12:31:53.170 +0300
4950,,,,,,,,,,,2025-06-14 12:31:53.170 +0300,2025-06-14 12:31:53.170 +0300
4951,,,,,,,,,,,2025-06-14 12:31:53.170 +0300,2025-06-14 12:31:53.170 +0300
4952,,,,,,,,,,,2025-06-14 12:31:53.170 +0300,2025-06-14 12:31:53.170 +0300
4953,,,,,,,,,,,2025-06-14 12:31:53.170 +0300,2025-06-14 12:31:53.170 +0300
4954,,,,,,,,,,,2025-06-14 12:31:53.170 +0300,2025-06-14 12:31:53.170 +0300
4955,,,,,,,,,,,2025-06-14 12:31:53.170 +0300,2025-06-14 12:31:53.170 +0300
4956,,,,,,,,,,,2025-06-14 12:31:53.170 +0300,2025-06-14 12:31:53.170 +0300
4957,,,,,,,,,,,2025-06-14 12:31:53.170 +0300,2025-06-14 12:31:53.170 +0300
4958,,,,,,,,,,,2025-06-14 12:31:53.170 +0300,2025-06-14 12:31:53.170 +0300
4959,,,,,,,,,,,2025-06-14 12:31:53.170 +0300,2025-06-14 12:31:53.170 +0300
4960,,,,,,,,,,,2025-06-14 12:31:53.170 +0300,2025-06-14 12:31:53.170 +0300
4961,,,,,,,,,,,2025-06-14 12:31:53.170 +0300,2025-06-14 12:31:53.170 +0300
4962,,,,,,,,,,,2025-06-14 12:31:53.170 +0300,2025-06-14 12:31:53.170 +0300
4963,,,,,,,,,,,2025-06-14 12:31:53.170 +0300,2025-06-14 12:31:53.170 +0300
4964,,,,,,,,,,,2025-06-14 12:31:53.170 +0300,2025-06-14 12:31:53.170 +0300
4965,,,,,,,,,,,2025-06-14 12:31:53.170 +0300,2025-06-14 12:31:53.170 +0300
4966,,,,,,,,,,,2025-06-14 12:31:53.170 +0300,2025-06-14 12:31:53.170 +0300
4967,,,,,,,,,,,2025-06-14 12:31:53.170 +0300,2025-06-14 12:31:53.170 +0300
4968,,,,,,,,,,,2025-06-14 12:31:53.170 +0300,2025-06-14 12:31:53.170 +0300
4969,,,,,,,,,,,2025-06-14 12:31:53.170 +0300,2025-06-14 12:31:53.170 +0300
4970,,,,,,,,,,,2025-06-14 12:31:53.170 +0300,2025-06-14 12:31:53.170 +0300
4971,,,,,,,,,,,2025-06-14 12:31:53.170 +0300,2025-06-14 12:31:53.170 +0300
4972,,,,,,,,,,,2025-06-14 12:31:53.170 +0300,2025-06-14 12:31:53.170 +0300
4973,,,,,,,,,,,2025-06-14 12:31:53.170 +0300,2025-06-14 12:31:53.170 +0300
4974,,,,,,,,,,,2025-06-14 12:31:53.170 +0300,2025-06-14 12:31:53.170 +0300
4975,,,,,,,,,,,2025-06-14 12:31:53.170 +0300,2025-06-14 12:31:53.170 +0300
4976,,,,,,,,,,,2025-06-14 12:31:53.170 +0300,2025-06-14 12:31:53.170 +0300
4977,,,,,,,,,,,2025-06-14 12:31:53.170 +0300,2025-06-14 12:31:53.170 +0300
4978,,,,,,,,,,,2025-06-14 12:31:53.170 +0300,2025-06-14 12:31:53.170 +0300
4979,,,,,,,,,,,2025-06-14 12:31:53.170 +0300,2025-06-14 12:31:53.170 +0300
4980,,,,,,,,,,,2025-06-14 12:31:53.170 +0300,2025-06-14 12:31:53.170 +0300
4981,,,,,,,,,,,2025-06-14 12:31:53.170 +0300,2025-06-14 12:31:53.170 +0300
4982,,,,,,,,,,,2025-06-14 12:31:53.170 +0300,2025-06-14 12:31:53.170 +0300
4983,,,,,,,,,,,2025-06-14 12:31:53.170 +0300,2025-06-14 12:31:53.170 +0300
4984,,,,,,,,,,,2025-06-14 12:31:53.170 +0300,2025-06-14 12:31:53.170 +0300
4985,,,,,,,,,,,2025-06-14 12:31:53.170 +0300,2025-06-14 12:31:53.170 +0300
4986,,,,,,,,,,,2025-06-14 12:31:53.170 +0300,2025-06-14 12:31:53.170 +0300
4987,,,,,,,,,,,2025-06-14 12:31:53.170 +0300,2025-06-14 12:31:53.170 +0300
4988,,,,,,,,,,,2025-06-14 12:31:53.170 +0300,2025-06-14 12:31:53.170 +0300
4989,,,,,,,,,,,2025-06-14 12:31:53.170 +0300,2025-06-14 12:31:53.170 +0300
4990,,,,,,,,,,,2025-06-14 12:31:53.170 +0300,2025-06-14 12:31:53.170 +0300
4991,,,,,,,,,,,2025-06-14 12:31:53.170 +0300,2025-06-14 12:31:53.170 +0300
4992,,,,,,,,,,,2025-06-14 12:31:53.170 +0300,2025-06-14 12:31:53.170 +0300
4993,,,,,,,,,,,2025-06-14 12:31:53.170 +0300,2025-06-14 12:31:53.170 +0300
4994,,,,,,,,,,,2025-06-14 12:31:53.170 +0300,2025-06-14 12:31:53.170 +0300
4995,,,,,,,,,,,2025-06-14 12:31:53.170 +0300,2025-06-14 12:31:53.170 +0300
4996,,,,,,,,,,,2025-06-14 12:31:53.170 +0300,2025-06-14 12:31:53.170 +0300
4997,,,,,,,,,,,2025-06-14 12:31:53.170 +0300,2025-06-14 12:31:53.170 +0300
4998,,,,,,,,,,,2025-06-14 12:31:53.170 +0300,2025-06-14 12:31:53.170 +0300
4999,,,,,,,,,,,2025-06-14 12:31:53.170 +0300,2025-06-14 12:31:53.170 +0300
5000,,,,,,,,,,,2025-06-14 12:31:53.170 +0300,2025-06-14 12:31:53.170 +0300
5001,,,,,,,,,,,2025-06-14 12:31:53.170 +0300,2025-06-14 12:31:53.170 +0300
5002,,,,,,,,,,,2025-06-14 12:31:53.170 +0300,2025-06-14 12:31:53.170 +0300
5003,,,,,,,,,,,2025-06-14 12:31:53.170 +0300,2025-06-14 12:31:53.170 +0300
5004,,,,,,,,,,,2025-06-14 12:31:53.170 +0300,2025-06-14 12:31:53.170 +0300
5005,,,,,,,,,,,2025-06-14 12:31:53.170 +0300,2025-06-14 12:31:53.170 +0300
5006,,,,,,,,,,,2025-06-14 12:31:53.170 +0300,2025-06-14 12:31:53.170 +0300
5007,,,,,,,,,,,2025-06-14 12:31:53.170 +0300,2025-06-14 12:31:53.170 +0300
5008,,,,,,,,,,,2025-06-14 12:31:53.170 +0300,2025-06-14 12:31:53.170 +0300
5009,,,,,,,,,,,2025-06-14 12:31:53.170 +0300,2025-06-14 12:31:53.170 +0300
5010,,,,,,,,,,,2025-06-14 12:31:53.170 +0300,2025-06-14 12:31:53.170 +0300
5011,,,,,,,,,,,2025-06-14 12:31:53.170 +0300,2025-06-14 12:31:53.170 +0300
5012,,,,,,,,,,,2025-06-14 12:31:53.170 +0300,2025-06-14 12:31:53.170 +0300
5013,,,,,,,,,,,2025-06-14 12:31:53.170 +0300,2025-06-14 12:31:53.170 +0300
5014,,,,,,,,,,,2025-06-14 12:31:53.170 +0300,2025-06-14 12:31:53.170 +0300
5015,,,,,,,,,,,2025-06-14 12:31:53.170 +0300,2025-06-14 12:31:53.170 +0300
5016,,,,,,,,,,,2025-06-14 12:31:53.170 +0300,2025-06-14 12:31:53.170 +0300
5017,,,,,,,,,,,2025-06-14 12:31:53.170 +0300,2025-06-14 12:31:53.170 +0300
5018,,,,,,,,,,,2025-06-14 12:31:53.170 +0300,2025-06-14 12:31:53.170 +0300
5019,,,,,,,,,,,2025-06-14 12:31:53.170 +0300,2025-06-14 12:31:53.170 +0300
5020,,,,,,,,,,,2025-06-14 12:31:53.170 +0300,2025-06-14 12:31:53.170 +0300
5021,,,,,,,,,,,2025-06-14 12:31:53.170 +0300,2025-06-14 12:31:53.170 +0300
5022,,,,,,,,,,,2025-06-14 12:31:53.170 +0300,2025-06-14 12:31:53.170 +0300
5023,,,,,,,,,,,2025-06-14 12:31:53.170 +0300,2025-06-14 12:31:53.170 +0300
5024,,,,,,,,,,,2025-06-14 12:31:53.170 +0300,2025-06-14 12:31:53.170 +0300
5025,,,,,,,,,,,2025-06-14 12:31:53.170 +0300,2025-06-14 12:31:53.170 +0300
5026,,,,,,,,,,,2025-06-14 12:31:53.170 +0300,2025-06-14 12:31:53.170 +0300
5027,,,,,,,,,,,2025-06-14 12:31:53.170 +0300,2025-06-14 12:31:53.170 +0300
5028,,,,,,,,,,,2025-06-14 12:31:53.170 +0300,2025-06-14 12:31:53.170 +0300
5029,,,,,,,,,,,2025-06-14 12:31:53.170 +0300,2025-06-14 12:31:53.170 +0300
5030,,,,,,,,,,,2025-06-14 12:31:53.170 +0300,2025-06-14 12:31:53.170 +0300
5031,,,,,,,,,,,2025-06-14 12:31:53.170 +0300,2025-06-14 12:31:53.170 +0300
5032,,,,,,,,,,,2025-06-14 12:31:53.170 +0300,2025-06-14 12:31:53.170 +0300
5033,,,,,,,,,,,2025-06-14 12:31:53.170 +0300,2025-06-14 12:31:53.170 +0300
5034,,,,,,,,,,,2025-06-14 12:31:53.170 +0300,2025-06-14 12:31:53.170 +0300
5035,,,,,,,,,,,2025-06-14 12:31:53.170 +0300,2025-06-14 12:31:53.170 +0300
5036,,,,,,,,,,,2025-06-14 12:31:53.170 +0300,2025-06-14 12:31:53.170 +0300
5087,,,,,,,,,,,2025-06-14 12:31:53.170 +0300,2025-06-14 12:31:53.170 +0300
5088,,,,,,,,,,,2025-06-14 12:31:53.170 +0300,2025-06-14 12:31:53.170 +0300
5089,,,,,,,,,,,2025-06-14 12:31:53.170 +0300,2025-06-14 12:31:53.170 +0300
5090,,,,,,,,,,,2025-06-14 12:31:53.170 +0300,2025-06-14 12:31:53.170 +0300
5091,,,,,,,,,,,2025-06-14 12:31:53.170 +0300,2025-06-14 12:31:53.170 +0300
5092,,,,,,,,,,,2025-06-14 12:31:53.170 +0300,2025-06-14 12:31:53.170 +0300
5093,,,,,,,,,,,2025-06-14 12:31:53.170 +0300,2025-06-14 12:31:53.170 +0300
5094,,,,,,,,,,,2025-06-14 12:31:53.170 +0300,2025-06-14 12:31:53.170 +0300
5095,,,,,,,,,,,2025-06-14 12:31:53.170 +0300,2025-06-14 12:31:53.170 +0300
5096,,,,,,,,,,,2025-06-14 12:31:53.170 +0300,2025-06-14 12:31:53.170 +0300
5097,,,,,,,,,,,2025-06-14 12:31:53.170 +0300,2025-06-14 12:31:53.170 +0300
5098,,,,,,,,,,,2025-06-14 12:31:53.170 +0300,2025-06-14 12:31:53.170 +0300
5099,,,,,,,,,,,2025-06-14 12:31:53.170 +0300,2025-06-14 12:31:53.170 +0300
5100,,,,,,,,,,,2025-06-14 12:31:53.170 +0300,2025-06-14 12:31:53.170 +0300
5101,,,,,,,,,,,2025-06-14 12:31:53.170 +0300,2025-06-14 12:31:53.170 +0300
5102,,,,,,,,,,,2025-06-14 12:31:53.170 +0300,2025-06-14 12:31:53.170 +0300
5103,,,,,,,,,,,2025-06-14 12:31:53.170 +0300,2025-06-14 12:31:53.170 +0300
5104,,,,,,,,,,,2025-06-14 12:31:53.170 +0300,2025-06-14 12:31:53.170 +0300
5105,,,,,,,,,,,2025-06-14 12:31:53.170 +0300,2025-06-14 12:31:53.170 +0300
5106,,,,,,,,,,,2025-06-14 12:31:53.170 +0300,2025-06-14 12:31:53.170 +0300
5107,,,,,,,,,,,2025-06-14 12:31:53.170 +0300,2025-06-14 12:31:53.170 +0300
5108,,,,,,,,,,,2025-06-14 12:31:53.170 +0300,2025-06-14 12:31:53.170 +0300
5109,,,,,,,,,,,2025-06-14 12:31:53.170 +0300,2025-06-14 12:31:53.170 +0300
5110,,,,,,,,,,,2025-06-14 12:31:53.170 +0300,2025-06-14 12:31:53.170 +0300
5111,,,,,,,,,,,2025-06-14 12:31:53.170 +0300,2025-06-14 12:31:53.170 +0300
5112,,,,,,,,,,,2025-06-14 12:31:53.170 +0300,2025-06-14 12:31:53.170 +0300
5113,,,,,,,,,,,2025-06-14 12:31:53.170 +0300,2025-06-14 12:31:53.170 +0300
5114,,,,,,,,,,,2025-06-14 12:31:53.170 +0300,2025-06-14 12:31:53.170 +0300
5115,,,,,,,,,,,2025-06-14 12:31:53.170 +0300,2025-06-14 12:31:53.170 +0300
5116,,,,,,,,,,,2025-06-14 12:31:53.170 +0300,2025-06-14 12:31:53.170 +0300
5117,,,,,,,,,,,2025-06-14 12:31:53.170 +0300,2025-06-14 12:31:53.170 +0300
5118,,,,,,,,,,,2025-06-14 12:31:53.170 +0300,2025-06-14 12:31:53.170 +0300
5119,,,,,,,,,,,2025-06-14 12:31:53.170 +0300,2025-06-14 12:31:53.170 +0300
5120,,,,,,,,,,,2025-06-14 12:31:53.170 +0300,2025-06-14 12:31:53.170 +0300
5121,,,,,,,,,,,2025-06-14 12:31:53.170 +0300,2025-06-14 12:31:53.170 +0300
5122,,,,,,,,,,,2025-06-14 12:31:53.170 +0300,2025-06-14 12:31:53.170 +0300
5123,,,,,,,,,,,2025-06-14 12:31:53.170 +0300,2025-06-14 12:31:53.170 +0300
5124,,,,,,,,,,,2025-06-14 12:31:53.170 +0300,2025-06-14 12:31:53.170 +0300
5125,,,,,,,,,,,2025-06-14 12:31:53.170 +0300,2025-06-14 12:31:53.170 +0300
5126,,,,,,,,,,,2025-06-14 12:31:53.170 +0300,2025-06-14 12:31:53.170 +0300
5127,,,,,,,,,,,2025-06-14 12:31:53.170 +0300,2025-06-14 12:31:53.170 +0300
5128,,,,,,,,,,,2025-06-14 12:31:53.170 +0300,2025-06-14 12:31:53.170 +0300
5129,,,,,,,,,,,2025-06-14 12:31:53.170 +0300,2025-06-14 12:31:53.170 +0300
5130,,,,,,,,,,,2025-06-14 12:31:53.170 +0300,2025-06-14 12:31:53.170 +0300
5131,,,,,,,,,,,2025-06-14 12:31:53.170 +0300,2025-06-14 12:31:53.170 +0300
5132,,,,,,,,,,,2025-06-14 12:31:53.170 +0300,2025-06-14 12:31:53.170 +0300
5133,,,,,,,,,,,2025-06-14 12:31:53.170 +0300,2025-06-14 12:31:53.170 +0300
5134,,,,,,,,,,,2025-06-14 12:31:53.170 +0300,2025-06-14 12:31:53.170 +0300
5135,,,,,,,,,,,2025-06-14 12:31:53.170 +0300,2025-06-14 12:31:53.170 +0300
5136,,,,,,,,,,,2025-06-14 12:31:53.170 +0300,2025-06-14 12:31:53.170 +0300
5137,,,,,,,,,,,2025-06-14 12:31:53.170 +0300,2025-06-14 12:31:53.170 +0300
5138,,,,,,,,,,,2025-06-14 12:31:53.170 +0300,2025-06-14 12:31:53.170 +0300
5139,,,,,,,,,,,2025-06-14 12:31:53.170 +0300,2025-06-14 12:31:53.170 +0300
5140,,,,,,,,,,,2025-06-14 12:31:53.170 +0300,2025-06-14 12:31:53.170 +0300
5141,,,,,,,,,,,2025-06-14 12:31:53.170 +0300,2025-06-14 12:31:53.170 +0300
5142,,,,,,,,,,,2025-06-14 12:31:53.170 +0300,2025-06-14 12:31:53.170 +0300
5143,,,,,,,,,,,2025-06-14 12:31:53.170 +0300,2025-06-14 12:31:53.170 +0300
5144,,,,,,,,,,,2025-06-14 12:31:53.170 +0300,2025-06-14 12:31:53.170 +0300
5145,,,,,,,,,,,2025-06-14 12:31:53.170 +0300,2025-06-14 12:31:53.170 +0300
5146,,,,,,,,,,,2025-06-14 12:31:53.170 +0300,2025-06-14 12:31:53.170 +0300
5147,,,,,,,,,,,2025-06-14 12:31:53.170 +0300,2025-06-14 12:31:53.170 +0300
5148,,,,,,,,,,,2025-06-14 12:31:53.170 +0300,2025-06-14 12:31:53.170 +0300
5149,,,,,,,,,,,2025-06-14 12:31:53.170 +0300,2025-06-14 12:31:53.170 +0300
5150,,,,,,,,,,,2025-06-14 12:31:53.170 +0300,2025-06-14 12:31:53.170 +0300
5151,,,,,,,,,,,2025-06-14 12:31:53.170 +0300,2025-06-14 12:31:53.170 +0300
5152,,,,,,,,,,,2025-06-14 12:31:53.170 +0300,2025-06-14 12:31:53.170 +0300
5153,,,,,,,,,,,2025-06-14 12:31:53.170 +0300,2025-06-14 12:31:53.170 +0300
5154,,,,,,,,,,,2025-06-14 12:31:53.170 +0300,2025-06-14 12:31:53.170 +0300
5155,,,,,,,,,,,2025-06-14 12:31:53.170 +0300,2025-06-14 12:31:53.170 +0300
5156,,,,,,,,,,,2025-06-14 12:31:53.170 +0300,2025-06-14 12:31:53.170 +0300
5157,,,,,,,,,,,2025-06-14 12:31:53.170 +0300,2025-06-14 12:31:53.170 +0300
5158,,,,,,,,,,,2025-06-14 12:31:53.170 +0300,2025-06-14 12:31:53.170 +0300
5159,,,,,,,,,,,2025-06-14 12:31:53.170 +0300,2025-06-14 12:31:53.170 +0300
5160,,,,,,,,,,,2025-06-14 12:31:53.170 +0300,2025-06-14 12:31:53.170 +0300
5161,,,,,,,,,,,2025-06-14 12:31:53.170 +0300,2025-06-14 12:31:53.170 +0300
5162,,,,,,,,,,,2025-06-14 12:31:53.170 +0300,2025-06-14 12:31:53.170 +0300
5163,,,,,,,,,,,2025-06-14 12:31:53.170 +0300,2025-06-14 12:31:53.170 +0300
5164,,,,,,,,,,,2025-06-14 12:31:53.170 +0300,2025-06-14 12:31:53.170 +0300
5165,,,,,,,,,,,2025-06-14 12:31:53.170 +0300,2025-06-14 12:31:53.170 +0300
5166,,,,,,,,,,,2025-06-14 12:31:53.170 +0300,2025-06-14 12:31:53.170 +0300
5167,,,,,,,,,,,2025-06-14 12:31:53.170 +0300,2025-06-14 12:31:53.170 +0300
5168,,,,,,,,,,,2025-06-14 12:31:53.170 +0300,2025-06-14 12:31:53.170 +0300
5169,,,,,,,,,,,2025-06-14 12:31:53.170 +0300,2025-06-14 12:31:53.170 +0300
5170,,,,,,,,,,,2025-06-14 12:31:53.170 +0300,2025-06-14 12:31:53.170 +0300
5171,,,,,,,,,,,2025-06-14 12:31:53.170 +0300,2025-06-14 12:31:53.170 +0300
5172,,,,,,,,,,,2025-06-14 12:31:53.170 +0300,2025-06-14 12:31:53.170 +0300
5173,,,,,,,,,,,2025-06-14 12:31:53.170 +0300,2025-06-14 12:31:53.170 +0300
5174,,,,,,,,,,,2025-06-14 12:31:53.170 +0300,2025-06-14 12:31:53.170 +0300
5175,,,,,,,,,,,2025-06-14 12:31:53.170 +0300,2025-06-14 12:31:53.170 +0300
5176,,,,,,,,,,,2025-06-14 12:31:53.170 +0300,2025-06-14 12:31:53.170 +0300
5177,,,,,,,,,,,2025-06-14 12:31:53.170 +0300,2025-06-14 12:31:53.170 +0300
5178,,,,,,,,,,,2025-06-14 12:31:53.170 +0300,2025-06-14 12:31:53.170 +0300
5179,,,,,,,,,,,2025-06-14 12:31:53.170 +0300,2025-06-14 12:31:53.170 +0300
5180,,,,,,,,,,,2025-06-14 12:31:53.170 +0300,2025-06-14 12:31:53.170 +0300
5181,,,,,,,,,,,2025-06-14 12:31:53.170 +0300,2025-06-14 12:31:53.170 +0300
5182,,,,,,,,,,,2025-06-14 12:31:53.170 +0300,2025-06-14 12:31:53.170 +0300
5183,,,,,,,,,,,2025-06-14 12:31:53.170 +0300,2025-06-14 12:31:53.170 +0300
5184,,,,,,,,,,,2025-06-14 12:31:53.170 +0300,2025-06-14 12:31:53.170 +0300
5185,,,,,,,,,,,2025-06-14 12:31:53.170 +0300,2025-06-14 12:31:53.170 +0300
5186,,,,,,,,,,,2025-06-14 12:31:53.170 +0300,2025-06-14 12:31:53.170 +0300
5187,,,,,,,,,,,2025-06-14 12:31:53.170 +0300,2025-06-14 12:31:53.170 +0300
5188,,,,,,,,,,,2025-06-14 12:31:53.170 +0300,2025-06-14 12:31:53.170 +0300
5189,,,,,,,,,,,2025-06-14 12:31:53.170 +0300,2025-06-14 12:31:53.170 +0300
5190,,,,,,,,,,,2025-06-14 12:31:53.170 +0300,2025-06-14 12:31:53.170 +0300
5191,,,,,,,,,,,2025-06-14 12:31:53.170 +0300,2025-06-14 12:31:53.170 +0300
5192,,,,,,,,,,,2025-06-14 12:31:53.170 +0300,2025-06-14 12:31:53.170 +0300
5193,,,,,,,,,,,2025-06-14 12:31:53.170 +0300,2025-06-14 12:31:53.170 +0300
5194,,,,,,,,,,,2025-06-14 12:31:53.170 +0300,2025-06-14 12:31:53.170 +0300
5195,,,,,,,,,,,2025-06-14 12:31:53.170 +0300,2025-06-14 12:31:53.170 +0300
5196,,,,,,,,,,,2025-06-14 12:31:53.170 +0300,2025-06-14 12:31:53.170 +0300
5197,,,,,,,,,,,2025-06-14 12:31:53.170 +0300,2025-06-14 12:31:53.170 +0300
5198,,,,,,,,,,,2025-06-14 12:31:53.170 +0300,2025-06-14 12:31:53.170 +0300
5199,,,,,,,,,,,2025-06-14 12:31:53.170 +0300,2025-06-14 12:31:53.170 +0300
5200,,,,,,,,,,,2025-06-14 12:31:53.170 +0300,2025-06-14 12:31:53.170 +0300
5201,,,,,,,,,,,2025-06-14 12:31:53.170 +0300,2025-06-14 12:31:53.170 +0300
5202,,,,,,,,,,,2025-06-14 12:31:53.170 +0300,2025-06-14 12:31:53.170 +0300
5203,,,,,,,,,,,2025-06-14 12:31:53.170 +0300,2025-06-14 12:31:53.170 +0300
5204,,,,,,,,,,,2025-06-14 12:31:53.170 +0300,2025-06-14 12:31:53.170 +0300
5205,,,,,,,,,,,2025-06-14 12:31:53.170 +0300,2025-06-14 12:31:53.170 +0300
5206,,,,,,,,,,,2025-06-14 12:31:53.170 +0300,2025-06-14 12:31:53.170 +0300
5207,,,,,,,,,,,2025-06-14 12:31:53.170 +0300,2025-06-14 12:31:53.170 +0300
5208,,,,,,,,,,,2025-06-14 12:31:53.170 +0300,2025-06-14 12:31:53.170 +0300
5209,,,,,,,,,,,2025-06-14 12:31:53.170 +0300,2025-06-14 12:31:53.170 +0300
5210,,,,,,,,,,,2025-06-14 12:31:53.170 +0300,2025-06-14 12:31:53.170 +0300
5211,,,,,,,,,,,2025-06-14 12:31:53.170 +0300,2025-06-14 12:31:53.170 +0300
5212,,,,,,,,,,,2025-06-14 12:31:53.170 +0300,2025-06-14 12:31:53.170 +0300
5213,,,,,,,,,,,2025-06-14 12:31:53.170 +0300,2025-06-14 12:31:53.170 +0300
5214,,,,,,,,,,,2025-06-14 12:31:53.170 +0300,2025-06-14 12:31:53.170 +0300
5215,,,,,,,,,,,2025-06-14 12:31:53.170 +0300,2025-06-14 12:31:53.170 +0300
5216,,,,,,,,,,,2025-06-14 12:31:53.170 +0300,2025-06-14 12:31:53.170 +0300
5217,,,,,,,,,,,2025-06-14 12:31:53.170 +0300,2025-06-14 12:31:53.170 +0300
5218,,,,,,,,,,,2025-06-14 12:31:53.170 +0300,2025-06-14 12:31:53.170 +0300
5219,,,,,,,,,,,2025-06-14 12:31:53.170 +0300,2025-06-14 12:31:53.170 +0300
5220,,,,,,,,,,,2025-06-14 12:31:53.170 +0300,2025-06-14 12:31:53.170 +0300
5221,,,,,,,,,,,2025-06-14 12:31:53.170 +0300,2025-06-14 12:31:53.170 +0300
5222,,,,,,,,,,,2025-06-14 12:31:53.170 +0300,2025-06-14 12:31:53.170 +0300
5223,,,,,,,,,,,2025-06-14 12:31:53.170 +0300,2025-06-14 12:31:53.170 +0300
5224,,,,,,,,,,,2025-06-14 12:31:53.170 +0300,2025-06-14 12:31:53.170 +0300
5225,,,,,,,,,,,2025-06-14 12:31:53.170 +0300,2025-06-14 12:31:53.170 +0300
5226,,,,,,,,,,,2025-06-14 12:31:53.170 +0300,2025-06-14 12:31:53.170 +0300
5227,,,,,,,,,,,2025-06-14 12:31:53.170 +0300,2025-06-14 12:31:53.170 +0300
5228,,,,,,,,,,,2025-06-14 12:31:53.170 +0300,2025-06-14 12:31:53.170 +0300
5229,,,,,,,,,,,2025-06-14 12:31:53.170 +0300,2025-06-14 12:31:53.170 +0300
5230,,,,,,,,,,,2025-06-14 12:31:53.170 +0300,2025-06-14 12:31:53.170 +0300
5231,,,,,,,,,,,2025-06-14 12:31:53.170 +0300,2025-06-14 12:31:53.170 +0300
5232,,,,,,,,,,,2025-06-14 12:31:53.170 +0300,2025-06-14 12:31:53.170 +0300
5233,,,,,,,,,,,2025-06-14 12:31:53.170 +0300,2025-06-14 12:31:53.170 +0300
5234,,,,,,,,,,,2025-06-14 12:31:53.170 +0300,2025-06-14 12:31:53.170 +0300
5235,,,,,,,,,,,2025-06-14 12:31:53.170 +0300,2025-06-14 12:31:53.170 +0300
5236,,,,,,,,,,,2025-06-14 12:31:53.170 +0300,2025-06-14 12:31:53.170 +0300
5237,,,,,,,,,,,2025-06-14 12:31:53.170 +0300,2025-06-14 12:31:53.170 +0300
5238,,,,,,,,,,,2025-06-14 12:31:53.170 +0300,2025-06-14 12:31:53.170 +0300
5239,,,,,,,,,,,2025-06-14 12:31:53.170 +0300,2025-06-14 12:31:53.170 +0300
5240,,,,,,,,,,,2025-06-14 12:31:53.170 +0300,2025-06-14 12:31:53.170 +0300
5241,,,,,,,,,,,2025-06-14 12:31:53.170 +0300,2025-06-14 12:31:53.170 +0300
5242,,,,,,,,,,,2025-06-14 12:31:53.170 +0300,2025-06-14 12:31:53.170 +0300
5243,,,,,,,,,,,2025-06-14 12:31:53.170 +0300,2025-06-14 12:31:53.170 +0300
5244,,,,,,,,,,,2025-06-14 12:31:53.170 +0300,2025-06-14 12:31:53.170 +0300
5245,,,,,,,,,,,2025-06-14 12:31:53.170 +0300,2025-06-14 12:31:53.170 +0300
5246,,,,,,,,,,,2025-06-14 12:31:53.170 +0300,2025-06-14 12:31:53.170 +0300
5247,,,,,,,,,,,2025-06-14 12:31:53.170 +0300,2025-06-14 12:31:53.170 +0300
5248,,,,,,,,,,,2025-06-14 12:31:53.170 +0300,2025-06-14 12:31:53.170 +0300
5249,,,,,,,,,,,2025-06-14 12:31:53.170 +0300,2025-06-14 12:31:53.170 +0300
5250,,,,,,,,,,,2025-06-14 12:31:53.170 +0300,2025-06-14 12:31:53.170 +0300
5251,,,,,,,,,,,2025-06-14 12:31:53.170 +0300,2025-06-14 12:31:53.170 +0300
5252,,,,,,,,,,,2025-06-14 12:31:53.170 +0300,2025-06-14 12:31:53.170 +0300
5253,,,,,,,,,,,2025-06-14 12:31:53.170 +0300,2025-06-14 12:31:53.170 +0300
5254,,,,,,,,,,,2025-06-14 12:31:53.170 +0300,2025-06-14 12:31:53.170 +0300
5255,,,,,,,,,,,2025-06-14 12:31:53.170 +0300,2025-06-14 12:31:53.170 +0300
5256,,,,,,,,,,,2025-06-14 12:31:53.170 +0300,2025-06-14 12:31:53.170 +0300
5257,,,,,,,,,,,2025-06-14 12:31:53.170 +0300,2025-06-14 12:31:53.170 +0300
5258,,,,,,,,,,,2025-06-14 12:31:53.170 +0300,2025-06-14 12:31:53.170 +0300
5259,,,,,,,,,,,2025-06-14 12:31:53.170 +0300,2025-06-14 12:31:53.170 +0300
5260,,,,,,,,,,,2025-06-14 12:31:53.170 +0300,2025-06-14 12:31:53.170 +0300
5261,,,,,,,,,,,2025-06-14 12:31:53.170 +0300,2025-06-14 12:31:53.170 +0300
5262,,,,,,,,,,,2025-06-14 12:31:53.170 +0300,2025-06-14 12:31:53.170 +0300
5263,,,,,,,,,,,2025-06-14 12:31:53.170 +0300,2025-06-14 12:31:53.170 +0300
5264,,,,,,,,,,,2025-06-14 12:31:53.170 +0300,2025-06-14 12:31:53.170 +0300
5265,,,,,,,,,,,2025-06-14 12:31:53.170 +0300,2025-06-14 12:31:53.170 +0300
5266,,,,,,,,,,,2025-06-14 12:31:53.170 +0300,2025-06-14 12:31:53.170 +0300
5267,,,,,,,,,,,2025-06-14 12:31:53.170 +0300,2025-06-14 12:31:53.170 +0300
5268,,,,,,,,,,,2025-06-14 12:31:53.170 +0300,2025-06-14 12:31:53.170 +0300
5269,,,,,,,,,,,2025-06-14 12:31:53.170 +0300,2025-06-14 12:31:53.170 +0300
5270,,,,,,,,,,,2025-06-14 12:31:53.170 +0300,2025-06-14 12:31:53.170 +0300
5271,,,,,,,,,,,2025-06-14 12:31:53.170 +0300,2025-06-14 12:31:53.170 +0300
5272,,,,,,,,,,,2025-06-14 12:31:53.170 +0300,2025-06-14 12:31:53.170 +0300
5273,,,,,,,,,,,2025-06-14 12:31:53.170 +0300,2025-06-14 12:31:53.170 +0300
5274,,,,,,,,,,,2025-06-14 12:31:53.170 +0300,2025-06-14 12:31:53.170 +0300
5275,,,,,,,,,,,2025-06-14 12:31:53.170 +0300,2025-06-14 12:31:53.170 +0300
5276,,,,,,,,,,,2025-06-14 12:31:53.170 +0300,2025-06-14 12:31:53.170 +0300
5277,,,,,,,,,,,2025-06-14 12:31:53.170 +0300,2025-06-14 12:31:53.170 +0300
5278,,,,,,,,,,,2025-06-14 12:31:53.170 +0300,2025-06-14 12:31:53.170 +0300
5279,,,,,,,,,,,2025-06-14 12:31:53.170 +0300,2025-06-14 12:31:53.170 +0300
5280,,,,,,,,,,,2025-06-14 12:31:53.170 +0300,2025-06-14 12:31:53.170 +0300
5281,,,,,,,,,,,2025-06-14 12:31:53.170 +0300,2025-06-14 12:31:53.170 +0300
5282,,,,,,,,,,,2025-06-14 12:31:53.170 +0300,2025-06-14 12:31:53.170 +0300
5283,,,,,,,,,,,2025-06-14 12:31:53.170 +0300,2025-06-14 12:31:53.170 +0300
5284,,,,,,,,,,,2025-06-14 12:31:53.170 +0300,2025-06-14 12:31:53.170 +0300
5285,,,,,,,,,,,2025-06-14 12:31:53.170 +0300,2025-06-14 12:31:53.170 +0300
5286,,,,,,,,,,,2025-06-14 12:31:53.170 +0300,2025-06-14 12:31:53.170 +0300
5287,,,,,,,,,,,2025-06-14 12:31:53.170 +0300,2025-06-14 12:31:53.170 +0300
5288,,,,,,,,,,,2025-06-14 12:31:53.170 +0300,2025-06-14 12:31:53.170 +0300
5289,,,,,,,,,,,2025-06-14 12:31:53.170 +0300,2025-06-14 12:31:53.170 +0300
5290,,,,,,,,,,,2025-06-14 12:31:53.170 +0300,2025-06-14 12:31:53.170 +0300
5291,,,,,,,,,,,2025-06-14 12:31:53.170 +0300,2025-06-14 12:31:53.170 +0300
5292,,,,,,,,,,,2025-06-14 12:31:53.170 +0300,2025-06-14 12:31:53.170 +0300
5293,,,,,,,,,,,2025-06-14 12:31:53.170 +0300,2025-06-14 12:31:53.170 +0300
5294,,,,,,,,,,,2025-06-14 12:31:53.170 +0300,2025-06-14 12:31:53.170 +0300
5295,,,,,,,,,,,2025-06-14 12:31:53.170 +0300,2025-06-14 12:31:53.170 +0300
5296,,,,,,,,,,,2025-06-14 12:31:53.170 +0300,2025-06-14 12:31:53.170 +0300
5297,,,,,,,,,,,2025-06-14 12:31:53.170 +0300,2025-06-14 12:31:53.170 +0300
5298,,,,,,,,,,,2025-06-14 12:31:53.170 +0300,2025-06-14 12:31:53.170 +0300
5299,,,,,,,,,,,2025-06-14 12:31:53.170 +0300,2025-06-14 12:31:53.170 +0300
5300,,,,,,,,,,,2025-06-14 12:31:53.170 +0300,2025-06-14 12:31:53.170 +0300
5301,,,,,,,,,,,2025-06-14 12:31:53.170 +0300,2025-06-14 12:31:53.170 +0300
5302,,,,,,,,,,,2025-06-14 12:31:53.170 +0300,2025-06-14 12:31:53.170 +0300
5303,,,,,,,,,,,2025-06-14 12:31:53.170 +0300,2025-06-14 12:31:53.170 +0300
5304,,,,,,,,,,,2025-06-14 12:31:53.170 +0300,2025-06-14 12:31:53.170 +0300
5305,,,,,,,,,,,2025-06-14 12:31:53.170 +0300,2025-06-14 12:31:53.170 +0300
5306,,,,,,,,,,,2025-06-14 12:31:53.170 +0300,2025-06-14 12:31:53.170 +0300
5307,,,,,,,,,,,2025-06-14 12:31:53.170 +0300,2025-06-14 12:31:53.170 +0300
5308,,,,,,,,,,,2025-06-14 12:31:53.170 +0300,2025-06-14 12:31:53.170 +0300
5309,,,,,,,,,,,2025-06-14 12:31:53.170 +0300,2025-06-14 12:31:53.170 +0300
5310,,,,,,,,,,,2025-06-14 12:31:53.170 +0300,2025-06-14 12:31:53.170 +0300
5311,,,,,,,,,,,2025-06-14 12:31:53.170 +0300,2025-06-14 12:31:53.170 +0300
5312,,,,,,,,,,,2025-06-14 12:31:53.170 +0300,2025-06-14 12:31:53.170 +0300
5313,,,,,,,,,,,2025-06-14 12:31:53.170 +0300,2025-06-14 12:31:53.170 +0300
5314,,,,,,,,,,,2025-06-14 12:31:53.170 +0300,2025-06-14 12:31:53.170 +0300
5315,,,,,,,,,,,2025-06-14 12:31:53.170 +0300,2025-06-14 12:31:53.170 +0300
5316,,,,,,,,,,,2025-06-14 12:31:53.170 +0300,2025-06-14 12:31:53.170 +0300
5317,,,,,,,,,,,2025-06-14 12:31:53.170 +0300,2025-06-14 12:31:53.170 +0300
5318,,,,,,,,,,,2025-06-14 12:31:53.170 +0300,2025-06-14 12:31:53.170 +0300
5319,,,,,,,,,,,2025-06-14 12:31:53.170 +0300,2025-06-14 12:31:53.170 +0300
5320,,,,,,,,,,,2025-06-14 12:31:53.170 +0300,2025-06-14 12:31:53.170 +0300
5321,,,,,,,,,,,2025-06-14 12:31:53.170 +0300,2025-06-14 12:31:53.170 +0300
5322,,,,,,,,,,,2025-06-14 12:31:53.170 +0300,2025-06-14 12:31:53.170 +0300
5323,,,,,,,,,,,2025-06-14 12:31:53.170 +0300,2025-06-14 12:31:53.170 +0300
5324,,,,,,,,,,,2025-06-14 12:31:53.170 +0300,2025-06-14 12:31:53.170 +0300
5325,,,,,,,,,,,2025-06-14 12:31:53.170 +0300,2025-06-14 12:31:53.170 +0300
5326,,,,,,,,,,,2025-06-14 12:31:53.170 +0300,2025-06-14 12:31:53.170 +0300
5327,,,,,,,,,,,2025-06-14 12:31:53.170 +0300,2025-06-14 12:31:53.170 +0300
5328,,,,,,,,,,,2025-06-14 12:31:53.170 +0300,2025-06-14 12:31:53.170 +0300
5329,,,,,,,,,,,2025-06-14 12:31:53.170 +0300,2025-06-14 12:31:53.170 +0300
5330,,,,,,,,,,,2025-06-14 12:31:53.170 +0300,2025-06-14 12:31:53.170 +0300
5331,,,,,,,,,,,2025-06-14 12:31:53.170 +0300,2025-06-14 12:31:53.170 +0300
5332,,,,,,,,,,,2025-06-14 12:31:53.170 +0300,2025-06-14 12:31:53.170 +0300
5333,,,,,,,,,,,2025-06-14 12:31:53.170 +0300,2025-06-14 12:31:53.170 +0300
5334,,,,,,,,,,,2025-06-14 12:31:53.170 +0300,2025-06-14 12:31:53.170 +0300
5335,,,,,,,,,,,2025-06-14 12:31:53.170 +0300,2025-06-14 12:31:53.170 +0300
5336,,,,,,,,,,,2025-06-14 12:31:53.170 +0300,2025-06-14 12:31:53.170 +0300
5337,,,,,,,,,,,2025-06-14 12:31:53.170 +0300,2025-06-14 12:31:53.170 +0300
5338,,,,,,,,,,,2025-06-14 12:31:53.170 +0300,2025-06-14 12:31:53.170 +0300
5339,,,,,,,,,,,2025-06-14 12:31:53.170 +0300,2025-06-14 12:31:53.170 +0300
5340,,,,,,,,,,,2025-06-14 12:31:53.170 +0300,2025-06-14 12:31:53.170 +0300
5341,,,,,,,,,,,2025-06-14 12:31:53.170 +0300,2025-06-14 12:31:53.170 +0300
5342,,,,,,,,,,,2025-06-14 12:31:53.170 +0300,2025-06-14 12:31:53.170 +0300
5343,,,,,,,,,,,2025-06-14 12:31:53.170 +0300,2025-06-14 12:31:53.170 +0300
5344,,,,,,,,,,,2025-06-14 12:31:53.170 +0300,2025-06-14 12:31:53.170 +0300
5345,,,,,,,,,,,2025-06-14 12:31:53.170 +0300,2025-06-14 12:31:53.170 +0300
5346,,,,,,,,,,,2025-06-14 12:31:53.170 +0300,2025-06-14 12:31:53.170 +0300
5347,,,,,,,,,,,2025-06-14 12:31:53.170 +0300,2025-06-14 12:31:53.170 +0300
5348,,,,,,,,,,,2025-06-14 12:31:53.170 +0300,2025-06-14 12:31:53.170 +0300
5349,,,,,,,,,,,2025-06-14 12:31:53.170 +0300,2025-06-14 12:31:53.170 +0300
5350,,,,,,,,,,,2025-06-14 12:31:53.170 +0300,2025-06-14 12:31:53.170 +0300
5351,,,,,,,,,,,2025-06-14 12:31:53.170 +0300,2025-06-14 12:31:53.170 +0300
5352,,,,,,,,,,,2025-06-14 12:31:53.170 +0300,2025-06-14 12:31:53.170 +0300
5353,,,,,,,,,,,2025-06-14 12:31:53.170 +0300,2025-06-14 12:31:53.170 +0300
5354,,,,,,,,,,,2025-06-14 12:31:53.170 +0300,2025-06-14 12:31:53.170 +0300
5355,,,,,,,,,,,2025-06-14 12:31:53.170 +0300,2025-06-14 12:31:53.170 +0300
5356,,,,,,,,,,,2025-06-14 12:31:53.170 +0300,2025-06-14 12:31:53.170 +0300
5357,,,,,,,,,,,2025-06-14 12:31:53.170 +0300,2025-06-14 12:31:53.170 +0300
5358,,,,,,,,,,,2025-06-14 12:31:53.170 +0300,2025-06-14 12:31:53.170 +0300
5359,,,,,,,,,,,2025-06-14 12:31:53.170 +0300,2025-06-14 12:31:53.170 +0300
5360,,,,,,,,,,,2025-06-14 12:31:53.170 +0300,2025-06-14 12:31:53.170 +0300
5361,,,,,,,,,,,2025-06-14 12:31:53.170 +0300,2025-06-14 12:31:53.170 +0300
5362,,,,,,,,,,,2025-06-14 12:31:53.170 +0300,2025-06-14 12:31:53.170 +0300
5363,,,,,,,,,,,2025-06-14 12:31:53.170 +0300,2025-06-14 12:31:53.170 +0300
5364,,,,,,,,,,,2025-06-14 12:31:53.170 +0300,2025-06-14 12:31:53.170 +0300
5365,,,,,,,,,,,2025-06-14 12:31:53.170 +0300,2025-06-14 12:31:53.170 +0300
5366,,,,,,,,,,,2025-06-14 12:31:53.170 +0300,2025-06-14 12:31:53.170 +0300
5367,,,,,,,,,,,2025-06-14 12:31:53.170 +0300,2025-06-14 12:31:53.170 +0300
5368,,,,,,,,,,,2025-06-14 12:31:53.170 +0300,2025-06-14 12:31:53.170 +0300
5369,,,,,,,,,,,2025-06-14 12:31:53.170 +0300,2025-06-14 12:31:53.170 +0300
5370,,,,,,,,,,,2025-06-14 12:31:53.170 +0300,2025-06-14 12:31:53.170 +0300
5371,,,,,,,,,,,2025-06-14 12:31:53.170 +0300,2025-06-14 12:31:53.170 +0300
5372,,,,,,,,,,,2025-06-14 12:31:53.170 +0300,2025-06-14 12:31:53.170 +0300
5373,,,,,,,,,,,2025-06-14 12:31:53.170 +0300,2025-06-14 12:31:53.170 +0300
5374,,,,,,,,,,,2025-06-14 12:31:53.170 +0300,2025-06-14 12:31:53.170 +0300
5375,,,,,,,,,,,2025-06-14 12:31:53.170 +0300,2025-06-14 12:31:53.170 +0300
5376,,,,,,,,,,,2025-06-14 12:31:53.170 +0300,2025-06-14 12:31:53.170 +0300
5377,,,,,,,,,,,2025-06-14 12:31:53.170 +0300,2025-06-14 12:31:53.170 +0300
5378,,,,,,,,,,,2025-06-14 12:31:53.170 +0300,2025-06-14 12:31:53.170 +0300
5379,,,,,,,,,,,2025-06-14 12:31:53.170 +0300,2025-06-14 12:31:53.170 +0300
5380,,,,,,,,,,,2025-06-14 12:31:53.170 +0300,2025-06-14 12:31:53.170 +0300
5381,,,,,,,,,,,2025-06-14 12:31:53.170 +0300,2025-06-14 12:31:53.170 +0300
5382,,,,,,,,,,,2025-06-14 12:31:53.170 +0300,2025-06-14 12:31:53.170 +0300
5383,,,,,,,,,,,2025-06-14 12:31:53.170 +0300,2025-06-14 12:31:53.170 +0300
5384,,,,,,,,,,,2025-06-14 12:31:53.170 +0300,2025-06-14 12:31:53.170 +0300
5385,,,,,,,,,,,2025-06-14 12:31:53.170 +0300,2025-06-14 12:31:53.170 +0300
5386,,,,,,,,,,,2025-06-14 12:31:53.170 +0300,2025-06-14 12:31:53.170 +0300
5387,,,,,,,,,,,2025-06-14 12:31:53.170 +0300,2025-06-14 12:31:53.170 +0300
5388,,,,,,,,,,,2025-06-14 12:31:53.170 +0300,2025-06-14 12:31:53.170 +0300
5389,,,,,,,,,,,2025-06-14 12:31:53.170 +0300,2025-06-14 12:31:53.170 +0300
5390,,,,,,,,,,,2025-06-14 12:31:53.170 +0300,2025-06-14 12:31:53.170 +0300
5391,,,,,,,,,,,2025-06-14 12:31:53.170 +0300,2025-06-14 12:31:53.170 +0300
5392,,,,,,,,,,,2025-06-14 12:31:53.170 +0300,2025-06-14 12:31:53.170 +0300
5393,,,,,,,,,,,2025-06-14 12:31:53.170 +0300,2025-06-14 12:31:53.170 +0300
5394,,,,,,,,,,,2025-06-14 12:31:53.170 +0300,2025-06-14 12:31:53.170 +0300
5395,,,,,,,,,,,2025-06-14 12:31:53.170 +0300,2025-06-14 12:31:53.170 +0300
5396,,,,,,,,,,,2025-06-14 12:31:53.170 +0300,2025-06-14 12:31:53.170 +0300
5397,,,,,,,,,,,2025-06-14 12:31:53.170 +0300,2025-06-14 12:31:53.170 +0300
5398,,,,,,,,,,,2025-06-14 12:31:53.170 +0300,2025-06-14 12:31:53.170 +0300
5399,,,,,,,,,,,2025-06-14 12:31:53.170 +0300,2025-06-14 12:31:53.170 +0300
5400,,,,,,,,,,,2025-06-14 12:31:53.170 +0300,2025-06-14 12:31:53.170 +0300
5401,,,,,,,,,,,2025-06-14 12:31:53.170 +0300,2025-06-14 12:31:53.170 +0300
5402,,,,,,,,,,,2025-06-14 12:31:53.170 +0300,2025-06-14 12:31:53.170 +0300
5403,,,,,,,,,,,2025-06-14 12:31:53.170 +0300,2025-06-14 12:31:53.170 +0300
5404,,,,,,,,,,,2025-06-14 12:31:53.170 +0300,2025-06-14 12:31:53.170 +0300
5405,,,,,,,,,,,2025-06-14 12:31:53.170 +0300,2025-06-14 12:31:53.170 +0300
5406,,,,,,,,,,,2025-06-14 12:31:53.170 +0300,2025-06-14 12:31:53.170 +0300
5407,,,,,,,,,,,2025-06-14 12:31:53.170 +0300,2025-06-14 12:31:53.170 +0300
5408,,,,,,,,,,,2025-06-14 12:31:53.170 +0300,2025-06-14 12:31:53.170 +0300
5409,,,,,,,,,,,2025-06-14 12:31:53.170 +0300,2025-06-14 12:31:53.170 +0300
5410,,,,,,,,,,,2025-06-14 12:31:53.170 +0300,2025-06-14 12:31:53.170 +0300
5411,,,,,,,,,,,2025-06-14 12:31:53.170 +0300,2025-06-14 12:31:53.170 +0300
5412,,,,,,,,,,,2025-06-14 12:31:53.170 +0300,2025-06-14 12:31:53.170 +0300
5413,,,,,,,,,,,2025-06-14 12:31:53.170 +0300,2025-06-14 12:31:53.170 +0300
5414,,,,,,,,,,,2025-06-14 12:31:53.170 +0300,2025-06-14 12:31:53.170 +0300
5415,,,,,,,,,,,2025-06-14 12:31:53.170 +0300,2025-06-14 12:31:53.170 +0300
5416,,,,,,,,,,,2025-06-14 12:31:53.170 +0300,2025-06-14 12:31:53.170 +0300
5417,,,,,,,,,,,2025-06-14 12:31:53.170 +0300,2025-06-14 12:31:53.170 +0300
5418,,,,,,,,,,,2025-06-14 12:31:53.170 +0300,2025-06-14 12:31:53.170 +0300
5419,,,,,,,,,,,2025-06-14 12:31:53.170 +0300,2025-06-14 12:31:53.170 +0300
5420,,,,,,,,,,,2025-06-14 12:31:53.170 +0300,2025-06-14 12:31:53.170 +0300
5421,,,,,,,,,,,2025-06-14 12:31:53.170 +0300,2025-06-14 12:31:53.170 +0300
5422,,,,,,,,,,,2025-06-14 12:31:53.170 +0300,2025-06-14 12:31:53.170 +0300
5423,,,,,,,,,,,2025-06-14 12:31:53.170 +0300,2025-06-14 12:31:53.170 +0300
5424,,,,,,,,,,,2025-06-14 12:31:53.170 +0300,2025-06-14 12:31:53.170 +0300
5425,,,,,,,,,,,2025-06-14 12:31:53.170 +0300,2025-06-14 12:31:53.170 +0300
5426,,,,,,,,,,,2025-06-14 12:31:53.170 +0300,2025-06-14 12:31:53.170 +0300
5427,,,,,,,,,,,2025-06-14 12:31:53.170 +0300,2025-06-14 12:31:53.170 +0300
5428,,,,,,,,,,,2025-06-14 12:31:53.170 +0300,2025-06-14 12:31:53.170 +0300
5429,,,,,,,,,,,2025-06-14 12:31:53.170 +0300,2025-06-14 12:31:53.170 +0300
5430,,,,,,,,,,,2025-06-14 12:31:53.170 +0300,2025-06-14 12:31:53.170 +0300
5431,,,,,,,,,,,2025-06-14 12:31:53.170 +0300,2025-06-14 12:31:53.170 +0300
5432,,,,,,,,,,,2025-06-14 12:31:53.170 +0300,2025-06-14 12:31:53.170 +0300
5433,,,,,,,,,,,2025-06-14 12:31:53.170 +0300,2025-06-14 12:31:53.170 +0300
5434,,,,,,,,,,,2025-06-14 12:31:53.170 +0300,2025-06-14 12:31:53.170 +0300
5435,,,,,,,,,,,2025-06-14 12:31:53.170 +0300,2025-06-14 12:31:53.170 +0300
5436,,,,,,,,,,,2025-06-14 12:31:53.170 +0300,2025-06-14 12:31:53.170 +0300
5437,,,,,,,,,,,2025-06-14 12:31:53.170 +0300,2025-06-14 12:31:53.170 +0300
5438,,,,,,,,,,,2025-06-14 12:31:53.170 +0300,2025-06-14 12:31:53.170 +0300
5439,,,,,,,,,,,2025-06-14 12:31:53.170 +0300,2025-06-14 12:31:53.170 +0300
5440,,,,,,,,,,,2025-06-14 12:31:53.170 +0300,2025-06-14 12:31:53.170 +0300
5441,,,,,,,,,,,2025-06-14 12:31:53.170 +0300,2025-06-14 12:31:53.170 +0300
5442,,,,,,,,,,,2025-06-14 12:31:53.170 +0300,2025-06-14 12:31:53.170 +0300
5443,,,,,,,,,,,2025-06-14 12:31:53.170 +0300,2025-06-14 12:31:53.170 +0300
5444,,,,,,,,,,,2025-06-14 12:31:53.170 +0300,2025-06-14 12:31:53.170 +0300
5445,,,,,,,,,,,2025-06-14 12:31:53.170 +0300,2025-06-14 12:31:53.170 +0300
5446,,,,,,,,,,,2025-06-14 12:31:53.170 +0300,2025-06-14 12:31:53.170 +0300
5447,,,,,,,,,,,2025-06-14 12:31:53.170 +0300,2025-06-14 12:31:53.170 +0300
5448,,,,,,,,,,,2025-06-14 12:31:53.170 +0300,2025-06-14 12:31:53.170 +0300
5449,,,,,,,,,,,2025-06-14 12:31:53.170 +0300,2025-06-14 12:31:53.170 +0300
5450,,,,,,,,,,,2025-06-14 12:31:53.170 +0300,2025-06-14 12:31:53.170 +0300
5451,,,,,,,,,,,2025-06-14 12:31:53.170 +0300,2025-06-14 12:31:53.170 +0300
5452,,,,,,,,,,,2025-06-14 12:31:53.170 +0300,2025-06-14 12:31:53.170 +0300
5453,,,,,,,,,,,2025-06-14 12:31:53.170 +0300,2025-06-14 12:31:53.170 +0300
5454,,,,,,,,,,,2025-06-14 12:31:53.170 +0300,2025-06-14 12:31:53.170 +0300
5455,,,,,,,,,,,2025-06-14 12:31:53.170 +0300,2025-06-14 12:31:53.170 +0300
5456,,,,,,,,,,,2025-06-14 12:31:53.170 +0300,2025-06-14 12:31:53.170 +0300
5457,,,,,,,,,,,2025-06-14 12:31:53.170 +0300,2025-06-14 12:31:53.170 +0300
5458,,,,,,,,,,,2025-06-14 12:31:53.170 +0300,2025-06-14 12:31:53.170 +0300
5459,,,,,,,,,,,2025-06-14 12:31:53.170 +0300,2025-06-14 12:31:53.170 +0300
5460,,,,,,,,,,,2025-06-14 12:31:53.170 +0300,2025-06-14 12:31:53.170 +0300
5461,,,,,,,,,,,2025-06-14 12:31:53.170 +0300,2025-06-14 12:31:53.170 +0300
5462,,,,,,,,,,,2025-06-14 12:31:53.170 +0300,2025-06-14 12:31:53.170 +0300
5463,,,,,,,,,,,2025-06-14 12:31:53.170 +0300,2025-06-14 12:31:53.170 +0300
5464,,,,,,,,,,,2025-06-14 12:31:53.170 +0300,2025-06-14 12:31:53.170 +0300
5465,,,,,,,,,,,2025-06-14 12:31:53.170 +0300,2025-06-14 12:31:53.170 +0300
5466,,,,,,,,,,,2025-06-14 12:31:53.170 +0300,2025-06-14 12:31:53.170 +0300
5467,,,,,,,,,,,2025-06-14 12:31:53.170 +0300,2025-06-14 12:31:53.170 +0300
5468,,,,,,,,,,,2025-06-14 12:31:53.170 +0300,2025-06-14 12:31:53.170 +0300
5469,,,,,,,,,,,2025-06-14 12:31:53.170 +0300,2025-06-14 12:31:53.170 +0300
5470,,,,,,,,,,,2025-06-14 12:31:53.170 +0300,2025-06-14 12:31:53.170 +0300
5471,,,,,,,,,,,2025-06-14 12:31:53.170 +0300,2025-06-14 12:31:53.170 +0300
5472,,,,,,,,,,,2025-06-14 12:31:53.170 +0300,2025-06-14 12:31:53.170 +0300
5473,,,,,,,,,,,2025-06-14 12:31:53.170 +0300,2025-06-14 12:31:53.170 +0300
5474,,,,,,,,,,,2025-06-14 12:31:53.170 +0300,2025-06-14 12:31:53.170 +0300
5475,,,,,,,,,,,2025-06-14 12:31:53.170 +0300,2025-06-14 12:31:53.170 +0300
5476,,,,,,,,,,,2025-06-14 12:31:53.170 +0300,2025-06-14 12:31:53.170 +0300
5477,,,,,,,,,,,2025-06-14 12:31:53.170 +0300,2025-06-14 12:31:53.170 +0300
5478,,,,,,,,,,,2025-06-14 12:31:53.170 +0300,2025-06-14 12:31:53.170 +0300
5479,,,,,,,,,,,2025-06-14 12:31:53.170 +0300,2025-06-14 12:31:53.170 +0300
5480,,,,,,,,,,,2025-06-14 12:31:53.170 +0300,2025-06-14 12:31:53.170 +0300
5481,,,,,,,,,,,2025-06-14 12:31:53.170 +0300,2025-06-14 12:31:53.170 +0300
5482,,,,,,,,,,,2025-06-14 12:31:53.170 +0300,2025-06-14 12:31:53.170 +0300
5483,,,,,,,,,,,2025-06-14 12:31:53.170 +0300,2025-06-14 12:31:53.170 +0300
5484,,,,,,,,,,,2025-06-14 12:31:53.170 +0300,2025-06-14 12:31:53.170 +0300
5485,,,,,,,,,,,2025-06-14 12:31:53.170 +0300,2025-06-14 12:31:53.170 +0300
5486,,,,,,,,,,,2025-06-14 12:31:53.170 +0300,2025-06-14 12:31:53.170 +0300
5487,,,,,,,,,,,2025-06-14 12:31:53.170 +0300,2025-06-14 12:31:53.170 +0300
5488,,,,,,,,,,,2025-06-14 12:31:53.170 +0300,2025-06-14 12:31:53.170 +0300
5489,,,,,,,,,,,2025-06-14 12:31:53.170 +0300,2025-06-14 12:31:53.170 +0300
5490,,,,,,,,,,,2025-06-14 12:31:53.170 +0300,2025-06-14 12:31:53.170 +0300
5491,,,,,,,,,,,2025-06-14 12:31:53.170 +0300,2025-06-14 12:31:53.170 +0300
5492,,,,,,,,,,,2025-06-14 12:31:53.170 +0300,2025-06-14 12:31:53.170 +0300
5493,,,,,,,,,,,2025-06-14 12:31:53.170 +0300,2025-06-14 12:31:53.170 +0300
5494,,,,,,,,,,,2025-06-14 12:31:53.170 +0300,2025-06-14 12:31:53.170 +0300
5495,,,,,,,,,,,2025-06-14 12:31:53.170 +0300,2025-06-14 12:31:53.170 +0300
5496,,,,,,,,,,,2025-06-14 12:31:53.170 +0300,2025-06-14 12:31:53.170 +0300
5497,,,,,,,,,,,2025-06-14 12:31:53.170 +0300,2025-06-14 12:31:53.170 +0300
5498,,,,,,,,,,,2025-06-14 12:31:53.170 +0300,2025-06-14 12:31:53.170 +0300
5499,,,,,,,,,,,2025-06-14 12:31:53.170 +0300,2025-06-14 12:31:53.170 +0300
5500,,,,,,,,,,,2025-06-14 12:31:53.170 +0300,2025-06-14 12:31:53.170 +0300
5501,,,,,,,,,,,2025-06-14 12:31:53.170 +0300,2025-06-14 12:31:53.170 +0300
5502,,,,,,,,,,,2025-06-14 12:31:53.170 +0300,2025-06-14 12:31:53.170 +0300
5503,,,,,,,,,,,2025-06-14 12:31:53.170 +0300,2025-06-14 12:31:53.170 +0300
5504,,,,,,,,,,,2025-06-14 12:31:53.170 +0300,2025-06-14 12:31:53.170 +0300
5505,,,,,,,,,,,2025-06-14 12:31:53.170 +0300,2025-06-14 12:31:53.170 +0300
5506,,,,,,,,,,,2025-06-14 12:31:53.170 +0300,2025-06-14 12:31:53.170 +0300
5507,,,,,,,,,,,2025-06-14 12:31:53.170 +0300,2025-06-14 12:31:53.170 +0300
5508,,,,,,,,,,,2025-06-14 12:31:53.170 +0300,2025-06-14 12:31:53.170 +0300
5509,,,,,,,,,,,2025-06-14 12:31:53.170 +0300,2025-06-14 12:31:53.170 +0300
5510,,,,,,,,,,,2025-06-14 12:31:53.170 +0300,2025-06-14 12:31:53.170 +0300
5511,,,,,,,,,,,2025-06-14 12:31:53.170 +0300,2025-06-14 12:31:53.170 +0300
5512,,,,,,,,,,,2025-06-14 12:31:53.170 +0300,2025-06-14 12:31:53.170 +0300
5513,,,,,,,,,,,2025-06-14 12:31:53.170 +0300,2025-06-14 12:31:53.170 +0300
5514,,,,,,,,,,,2025-06-14 12:31:53.170 +0300,2025-06-14 12:31:53.170 +0300
5515,,,,,,,,,,,2025-06-14 12:31:53.170 +0300,2025-06-14 12:31:53.170 +0300
5516,,,,,,,,,,,2025-06-14 12:31:53.170 +0300,2025-06-14 12:31:53.170 +0300
5517,,,,,,,,,,,2025-06-14 12:31:53.170 +0300,2025-06-14 12:31:53.170 +0300
5518,,,,,,,,,,,2025-06-14 12:31:53.170 +0300,2025-06-14 12:31:53.170 +0300
5519,,,,,,,,,,,2025-06-14 12:31:53.170 +0300,2025-06-14 12:31:53.170 +0300
5520,,,,,,,,,,,2025-06-14 12:31:53.170 +0300,2025-06-14 12:31:53.170 +0300
5521,,,,,,,,,,,2025-06-14 12:31:53.170 +0300,2025-06-14 12:31:53.170 +0300
5522,,,,,,,,,,,2025-06-14 12:31:53.170 +0300,2025-06-14 12:31:53.170 +0300
5523,,,,,,,,,,,2025-06-14 12:31:53.170 +0300,2025-06-14 12:31:53.170 +0300
5524,,,,,,,,,,,2025-06-14 12:31:53.170 +0300,2025-06-14 12:31:53.170 +0300
5525,,,,,,,,,,,2025-06-14 12:31:53.170 +0300,2025-06-14 12:31:53.170 +0300
5526,,,,,,,,,,,2025-06-14 12:31:53.170 +0300,2025-06-14 12:31:53.170 +0300
5527,,,,,,,,,,,2025-06-14 12:31:53.170 +0300,2025-06-14 12:31:53.170 +0300
5528,,,,,,,,,,,2025-06-14 12:31:53.170 +0300,2025-06-14 12:31:53.170 +0300
5529,,,,,,,,,,,2025-06-14 12:31:53.170 +0300,2025-06-14 12:31:53.170 +0300
5530,,,,,,,,,,,2025-06-14 12:31:53.170 +0300,2025-06-14 12:31:53.170 +0300
5531,,,,,,,,,,,2025-06-14 12:31:53.170 +0300,2025-06-14 12:31:53.170 +0300
5532,,,,,,,,,,,2025-06-14 12:31:53.170 +0300,2025-06-14 12:31:53.170 +0300
5533,,,,,,,,,,,2025-06-14 12:31:53.170 +0300,2025-06-14 12:31:53.170 +0300
5534,,,,,,,,,,,2025-06-14 12:31:53.170 +0300,2025-06-14 12:31:53.170 +0300
5535,,,,,,,,,,,2025-06-14 12:31:53.170 +0300,2025-06-14 12:31:53.170 +0300
5536,,,,,,,,,,,2025-06-14 12:31:53.170 +0300,2025-06-14 12:31:53.170 +0300
5537,,,,,,,,,,,2025-06-14 12:31:53.170 +0300,2025-06-14 12:31:53.170 +0300
5538,,,,,,,,,,,2025-06-14 12:31:53.170 +0300,2025-06-14 12:31:53.170 +0300
5539,,,,,,,,,,,2025-06-14 12:31:53.170 +0300,2025-06-14 12:31:53.170 +0300
5540,,,,,,,,,,,2025-06-14 12:31:53.170 +0300,2025-06-14 12:31:53.170 +0300
5541,,,,,,,,,,,2025-06-14 12:31:53.170 +0300,2025-06-14 12:31:53.170 +0300
5542,,,,,,,,,,,2025-06-14 12:31:53.170 +0300,2025-06-14 12:31:53.170 +0300
5543,,,,,,,,,,,2025-06-14 12:31:53.170 +0300,2025-06-14 12:31:53.170 +0300
5544,,,,,,,,,,,2025-06-14 12:31:53.170 +0300,2025-06-14 12:31:53.170 +0300
5545,,,,,,,,,,,2025-06-14 12:31:53.170 +0300,2025-06-14 12:31:53.170 +0300
5546,,,,,,,,,,,2025-06-14 12:31:53.170 +0300,2025-06-14 12:31:53.170 +0300
5547,,,,,,,,,,,2025-06-14 12:31:53.170 +0300,2025-06-14 12:31:53.170 +0300
5548,,,,,,,,,,,2025-06-14 12:31:53.170 +0300,2025-06-14 12:31:53.170 +0300
5549,,,,,,,,,,,2025-06-14 12:31:53.170 +0300,2025-06-14 12:31:53.170 +0300
5550,,,,,,,,,,,2025-06-14 12:31:53.170 +0300,2025-06-14 12:31:53.170 +0300
5551,,,,,,,,,,,2025-06-14 12:31:53.170 +0300,2025-06-14 12:31:53.170 +0300
5552,,,,,,,,,,,2025-06-14 12:31:53.170 +0300,2025-06-14 12:31:53.170 +0300
5553,,,,,,,,,,,2025-06-14 12:31:53.170 +0300,2025-06-14 12:31:53.170 +0300
5554,,,,,,,,,,,2025-06-14 12:31:53.170 +0300,2025-06-14 12:31:53.170 +0300
5555,,,,,,,,,,,2025-06-14 12:31:53.170 +0300,2025-06-14 12:31:53.170 +0300
5556,,,,,,,,,,,2025-06-14 12:31:53.170 +0300,2025-06-14 12:31:53.170 +0300
5557,,,,,,,,,,,2025-06-14 12:31:53.170 +0300,2025-06-14 12:31:53.170 +0300
5558,,,,,,,,,,,2025-06-14 12:31:53.170 +0300,2025-06-14 12:31:53.170 +0300
5559,,,,,,,,,,,2025-06-14 12:31:53.170 +0300,2025-06-14 12:31:53.170 +0300
5560,,,,,,,,,,,2025-06-14 12:31:53.170 +0300,2025-06-14 12:31:53.170 +0300
5561,,,,,,,,,,,2025-06-14 12:31:53.170 +0300,2025-06-14 12:31:53.170 +0300
5562,,,,,,,,,,,2025-06-14 12:31:53.170 +0300,2025-06-14 12:31:53.170 +0300
5563,,,,,,,,,,,2025-06-14 12:31:53.170 +0300,2025-06-14 12:31:53.170 +0300
5564,,,,,,,,,,,2025-06-14 12:31:53.170 +0300,2025-06-14 12:31:53.170 +0300
5565,,,,,,,,,,,2025-06-14 12:31:53.170 +0300,2025-06-14 12:31:53.170 +0300
5566,,,,,,,,,,,2025-06-14 12:31:53.170 +0300,2025-06-14 12:31:53.170 +0300
5567,,,,,,,,,,,2025-06-14 12:31:53.170 +0300,2025-06-14 12:31:53.170 +0300
5568,,,,,,,,,,,2025-06-14 12:31:53.170 +0300,2025-06-14 12:31:53.170 +0300
5569,,,,,,,,,,,2025-06-14 12:31:53.170 +0300,2025-06-14 12:31:53.170 +0300
5570,,,,,,,,,,,2025-06-14 12:31:53.170 +0300,2025-06-14 12:31:53.170 +0300
5571,,,,,,,,,,,2025-06-14 12:31:53.170 +0300,2025-06-14 12:31:53.170 +0300
5572,,,,,,,,,,,2025-06-14 12:31:53.170 +0300,2025-06-14 12:31:53.170 +0300
5573,,,,,,,,,,,2025-06-14 12:31:53.170 +0300,2025-06-14 12:31:53.170 +0300
5574,,,,,,,,,,,2025-06-14 12:31:53.170 +0300,2025-06-14 12:31:53.170 +0300
5575,,,,,,,,,,,2025-06-14 12:31:53.170 +0300,2025-06-14 12:31:53.170 +0300
5576,,,,,,,,,,,2025-06-14 12:31:53.170 +0300,2025-06-14 12:31:53.170 +0300
5577,,,,,,,,,,,2025-06-14 12:31:53.170 +0300,2025-06-14 12:31:53.170 +0300
5578,,,,,,,,,,,2025-06-14 12:31:53.170 +0300,2025-06-14 12:31:53.170 +0300
5579,,,,,,,,,,,2025-06-14 12:31:53.170 +0300,2025-06-14 12:31:53.170 +0300
5580,,,,,,,,,,,2025-06-14 12:31:53.170 +0300,2025-06-14 12:31:53.170 +0300
5581,,,,,,,,,,,2025-06-14 12:31:53.170 +0300,2025-06-14 12:31:53.170 +0300
5582,,,,,,,,,,,2025-06-14 12:31:53.170 +0300,2025-06-14 12:31:53.170 +0300
5583,,,,,,,,,,,2025-06-14 12:31:53.170 +0300,2025-06-14 12:31:53.170 +0300
5584,,,,,,,,,,,2025-06-14 12:31:53.170 +0300,2025-06-14 12:31:53.170 +0300
5585,,,,,,,,,,,2025-06-14 12:31:53.170 +0300,2025-06-14 12:31:53.170 +0300
5586,,,,,,,,,,,2025-06-14 12:31:53.170 +0300,2025-06-14 12:31:53.170 +0300
5587,,,,,,,,,,,2025-06-14 12:31:53.170 +0300,2025-06-14 12:31:53.170 +0300
5588,,,,,,,,,,,2025-06-14 12:31:53.170 +0300,2025-06-14 12:31:53.170 +0300
5589,,,,,,,,,,,2025-06-14 12:31:53.170 +0300,2025-06-14 12:31:53.170 +0300
5590,,,,,,,,,,,2025-06-14 12:31:53.170 +0300,2025-06-14 12:31:53.170 +0300
5591,,,,,,,,,,,2025-06-14 12:31:53.170 +0300,2025-06-14 12:31:53.170 +0300
5592,,,,,,,,,,,2025-06-14 12:31:53.170 +0300,2025-06-14 12:31:53.170 +0300
5593,,,,,,,,,,,2025-06-14 12:31:53.170 +0300,2025-06-14 12:31:53.170 +0300
5594,,,,,,,,,,,2025-06-14 12:31:53.170 +0300,2025-06-14 12:31:53.170 +0300
5595,,,,,,,,,,,2025-06-14 12:31:53.170 +0300,2025-06-14 12:31:53.170 +0300
5596,,,,,,,,,,,2025-06-14 12:31:53.170 +0300,2025-06-14 12:31:53.170 +0300
5597,,,,,,,,,,,2025-06-14 12:31:53.170 +0300,2025-06-14 12:31:53.170 +0300
5598,,,,,,,,,,,2025-06-14 12:31:53.170 +0300,2025-06-14 12:31:53.170 +0300
5599,,,,,,,,,,,2025-06-14 12:31:53.170 +0300,2025-06-14 12:31:53.170 +0300
5600,,,,,,,,,,,2025-06-14 12:31:53.170 +0300,2025-06-14 12:31:53.170 +0300
5601,,,,,,,,,,,2025-06-14 12:31:53.170 +0300,2025-06-14 12:31:53.170 +0300
5602,,,,,,,,,,,2025-06-14 12:31:53.170 +0300,2025-06-14 12:31:53.170 +0300
5603,,,,,,,,,,,2025-06-14 12:31:53.170 +0300,2025-06-14 12:31:53.170 +0300
5604,,,,,,,,,,,2025-06-14 12:31:53.170 +0300,2025-06-14 12:31:53.170 +0300
5605,,,,,,,,,,,2025-06-14 12:31:53.170 +0300,2025-06-14 12:31:53.170 +0300
5606,,,,,,,,,,,2025-06-14 12:31:53.170 +0300,2025-06-14 12:31:53.170 +0300
5607,,,,,,,,,,,2025-06-14 12:31:53.170 +0300,2025-06-14 12:31:53.170 +0300
5608,,,,,,,,,,,2025-06-14 12:31:53.170 +0300,2025-06-14 12:31:53.170 +0300
5609,,,,,,,,,,,2025-06-14 12:31:53.170 +0300,2025-06-14 12:31:53.170 +0300
5610,,,,,,,,,,,2025-06-14 12:31:53.170 +0300,2025-06-14 12:31:53.170 +0300
5611,,,,,,,,,,,2025-06-14 12:31:53.170 +0300,2025-06-14 12:31:53.170 +0300
5612,,,,,,,,,,,2025-06-14 12:31:53.170 +0300,2025-06-14 12:31:53.170 +0300
5613,,,,,,,,,,,2025-06-14 12:31:53.170 +0300,2025-06-14 12:31:53.170 +0300
5614,,,,,,,,,,,2025-06-14 12:31:53.170 +0300,2025-06-14 12:31:53.170 +0300
5615,,,,,,,,,,,2025-06-14 12:31:53.170 +0300,2025-06-14 12:31:53.170 +0300
5616,,,,,,,,,,,2025-06-14 12:31:53.170 +0300,2025-06-14 12:31:53.170 +0300
5617,,,,,,,,,,,2025-06-14 12:31:53.170 +0300,2025-06-14 12:31:53.170 +0300
5618,,,,,,,,,,,2025-06-14 12:31:53.170 +0300,2025-06-14 12:31:53.170 +0300
5619,,,,,,,,,,,2025-06-14 12:31:53.170 +0300,2025-06-14 12:31:53.170 +0300
5620,,,,,,,,,,,2025-06-14 12:31:53.170 +0300,2025-06-14 12:31:53.170 +0300
5621,,,,,,,,,,,2025-06-14 12:31:53.170 +0300,2025-06-14 12:31:53.170 +0300
5622,,,,,,,,,,,2025-06-14 12:31:53.170 +0300,2025-06-14 12:31:53.170 +0300
5623,,,,,,,,,,,2025-06-14 12:31:53.170 +0300,2025-06-14 12:31:53.170 +0300
5624,,,,,,,,,,,2025-06-14 12:31:53.170 +0300,2025-06-14 12:31:53.170 +0300
5625,,,,,,,,,,,2025-06-14 12:31:53.170 +0300,2025-06-14 12:31:53.170 +0300
5626,,,,,,,,,,,2025-06-14 12:31:53.170 +0300,2025-06-14 12:31:53.170 +0300
5627,,,,,,,,,,,2025-06-14 12:31:53.170 +0300,2025-06-14 12:31:53.170 +0300
5628,,,,,,,,,,,2025-06-14 12:31:53.170 +0300,2025-06-14 12:31:53.170 +0300
5629,,,,,,,,,,,2025-06-14 12:31:53.170 +0300,2025-06-14 12:31:53.170 +0300
5630,,,,,,,,,,,2025-06-14 12:31:53.170 +0300,2025-06-14 12:31:53.170 +0300
5631,,,,,,,,,,,2025-06-14 12:31:53.170 +0300,2025-06-14 12:31:53.170 +0300
5632,,,,,,,,,,,2025-06-14 12:31:53.170 +0300,2025-06-14 12:31:53.170 +0300
5633,,,,,,,,,,,2025-06-14 12:31:53.170 +0300,2025-06-14 12:31:53.170 +0300
5634,,,,,,,,,,,2025-06-14 12:31:53.170 +0300,2025-06-14 12:31:53.170 +0300
5635,,,,,,,,,,,2025-06-14 12:31:53.170 +0300,2025-06-14 12:31:53.170 +0300
5636,,,,,,,,,,,2025-06-14 12:31:53.170 +0300,2025-06-14 12:31:53.170 +0300
5637,,,,,,,,,,,2025-06-14 12:31:53.170 +0300,2025-06-14 12:31:53.170 +0300
5638,,,,,,,,,,,2025-06-14 12:31:53.170 +0300,2025-06-14 12:31:53.170 +0300
5639,,,,,,,,,,,2025-06-14 12:31:53.170 +0300,2025-06-14 12:31:53.170 +0300
5640,,,,,,,,,,,2025-06-14 12:31:53.170 +0300,2025-06-14 12:31:53.170 +0300
5641,,,,,,,,,,,2025-06-14 12:31:53.170 +0300,2025-06-14 12:31:53.170 +0300
5642,,,,,,,,,,,2025-06-14 12:31:53.170 +0300,2025-06-14 12:31:53.170 +0300
5643,,,,,,,,,,,2025-06-14 12:31:53.170 +0300,2025-06-14 12:31:53.170 +0300
5644,,,,,,,,,,,2025-06-14 12:31:53.170 +0300,2025-06-14 12:31:53.170 +0300
5645,,,,,,,,,,,2025-06-14 12:31:53.170 +0300,2025-06-14 12:31:53.170 +0300
5646,,,,,,,,,,,2025-06-14 12:31:53.170 +0300,2025-06-14 12:31:53.170 +0300
5647,,,,,,,,,,,2025-06-14 12:31:53.170 +0300,2025-06-14 12:31:53.170 +0300
5648,,,,,,,,,,,2025-06-14 12:31:53.170 +0300,2025-06-14 12:31:53.170 +0300
5649,,,,,,,,,,,2025-06-14 12:31:53.170 +0300,2025-06-14 12:31:53.170 +0300
5650,,,,,,,,,,,2025-06-14 12:31:53.170 +0300,2025-06-14 12:31:53.170 +0300
5651,,,,,,,,,,,2025-06-14 12:31:53.170 +0300,2025-06-14 12:31:53.170 +0300
5652,,,,,,,,,,,2025-06-14 12:31:53.170 +0300,2025-06-14 12:31:53.170 +0300
5653,,,,,,,,,,,2025-06-14 12:31:53.170 +0300,2025-06-14 12:31:53.170 +0300
5654,,,,,,,,,,,2025-06-14 12:31:53.170 +0300,2025-06-14 12:31:53.170 +0300
5655,,,,,,,,,,,2025-06-14 12:31:53.170 +0300,2025-06-14 12:31:53.170 +0300
5656,,,,,,,,,,,2025-06-14 12:31:53.170 +0300,2025-06-14 12:31:53.170 +0300
5657,,,,,,,,,,,2025-06-14 12:31:53.170 +0300,2025-06-14 12:31:53.170 +0300
5658,,,,,,,,,,,2025-06-14 12:31:53.170 +0300,2025-06-14 12:31:53.170 +0300
5659,,,,,,,,,,,2025-06-14 12:31:53.170 +0300,2025-06-14 12:31:53.170 +0300
5660,,,,,,,,,,,2025-06-14 12:31:53.170 +0300,2025-06-14 12:31:53.170 +0300
5661,,,,,,,,,,,2025-06-14 12:31:53.170 +0300,2025-06-14 12:31:53.170 +0300
5662,,,,,,,,,,,2025-06-14 12:31:53.170 +0300,2025-06-14 12:31:53.170 +0300
5663,,,,,,,,,,,2025-06-14 12:31:53.170 +0300,2025-06-14 12:31:53.170 +0300
5664,,,,,,,,,,,2025-06-14 12:31:53.170 +0300,2025-06-14 12:31:53.170 +0300
5665,,,,,,,,,,,2025-06-14 12:31:53.170 +0300,2025-06-14 12:31:53.170 +0300
5666,,,,,,,,,,,2025-06-14 12:31:53.170 +0300,2025-06-14 12:31:53.170 +0300
5667,,,,,,,,,,,2025-06-14 12:31:53.170 +0300,2025-06-14 12:31:53.170 +0300
5668,,,,,,,,,,,2025-06-14 12:31:53.170 +0300,2025-06-14 12:31:53.170 +0300
5669,,,,,,,,,,,2025-06-14 12:31:53.170 +0300,2025-06-14 12:31:53.170 +0300
5670,,,,,,,,,,,2025-06-14 12:31:53.170 +0300,2025-06-14 12:31:53.170 +0300
5671,,,,,,,,,,,2025-06-14 12:31:53.170 +0300,2025-06-14 12:31:53.170 +0300
5672,,,,,,,,,,,2025-06-14 12:31:53.170 +0300,2025-06-14 12:31:53.170 +0300
5673,,,,,,,,,,,2025-06-14 12:31:53.170 +0300,2025-06-14 12:31:53.170 +0300
5674,,,,,,,,,,,2025-06-14 12:31:53.170 +0300,2025-06-14 12:31:53.170 +0300
5675,,,,,,,,,,,2025-06-14 12:31:53.170 +0300,2025-06-14 12:31:53.170 +0300
5676,,,,,,,,,,,2025-06-14 12:31:53.170 +0300,2025-06-14 12:31:53.170 +0300
5677,,,,,,,,,,,2025-06-14 12:31:53.170 +0300,2025-06-14 12:31:53.170 +0300
5678,,,,,,,,,,,2025-06-14 12:31:53.170 +0300,2025-06-14 12:31:53.170 +0300
5679,,,,,,,,,,,2025-06-14 12:31:53.170 +0300,2025-06-14 12:31:53.170 +0300
5680,,,,,,,,,,,2025-06-14 12:31:53.170 +0300,2025-06-14 12:31:53.170 +0300
5681,,,,,,,,,,,2025-06-14 12:31:53.170 +0300,2025-06-14 12:31:53.170 +0300
5682,,,,,,,,,,,2025-06-14 12:31:53.170 +0300,2025-06-14 12:31:53.170 +0300
5683,,,,,,,,,,,2025-06-14 12:31:53.170 +0300,2025-06-14 12:31:53.170 +0300
5684,,,,,,,,,,,2025-06-14 12:31:53.170 +0300,2025-06-14 12:31:53.170 +0300
5685,,,,,,,,,,,2025-06-14 12:31:53.170 +0300,2025-06-14 12:31:53.170 +0300
5686,,,,,,,,,,,2025-06-14 12:31:53.170 +0300,2025-06-14 12:31:53.170 +0300
5687,,,,,,,,,,,2025-06-14 12:31:53.170 +0300,2025-06-14 12:31:53.170 +0300
5688,,,,,,,,,,,2025-06-14 12:31:53.170 +0300,2025-06-14 12:31:53.170 +0300
5689,,,,,,,,,,,2025-06-14 12:31:53.170 +0300,2025-06-14 12:31:53.170 +0300
5690,,,,,,,,,,,2025-06-14 12:31:53.170 +0300,2025-06-14 12:31:53.170 +0300
5691,,,,,,,,,,,2025-06-14 12:31:53.170 +0300,2025-06-14 12:31:53.170 +0300
5692,,,,,,,,,,,2025-06-14 12:31:53.170 +0300,2025-06-14 12:31:53.170 +0300
5693,,,,,,,,,,,2025-06-14 12:31:53.170 +0300,2025-06-14 12:31:53.170 +0300
5694,,,,,,,,,,,2025-06-14 12:31:53.170 +0300,2025-06-14 12:31:53.170 +0300
5695,,,,,,,,,,,2025-06-14 12:31:53.170 +0300,2025-06-14 12:31:53.170 +0300
5696,,,,,,,,,,,2025-06-14 12:31:53.170 +0300,2025-06-14 12:31:53.170 +0300
5697,,,,,,,,,,,2025-06-14 12:31:53.170 +0300,2025-06-14 12:31:53.170 +0300
5698,,,,,,,,,,,2025-06-14 12:31:53.170 +0300,2025-06-14 12:31:53.170 +0300
5699,,,,,,,,,,,2025-06-14 12:31:53.170 +0300,2025-06-14 12:31:53.170 +0300
5700,,,,,,,,,,,2025-06-14 12:31:53.170 +0300,2025-06-14 12:31:53.170 +0300
5701,,,,,,,,,,,2025-06-14 12:31:53.170 +0300,2025-06-14 12:31:53.170 +0300
5702,,,,,,,,,,,2025-06-14 12:31:53.170 +0300,2025-06-14 12:31:53.170 +0300
5703,,,,,,,,,,,2025-06-14 12:31:53.170 +0300,2025-06-14 12:31:53.170 +0300
5704,,,,,,,,,,,2025-06-14 12:31:53.170 +0300,2025-06-14 12:31:53.170 +0300
5705,,,,,,,,,,,2025-06-14 12:31:53.170 +0300,2025-06-14 12:31:53.170 +0300
5706,,,,,,,,,,,2025-06-14 12:31:53.170 +0300,2025-06-14 12:31:53.170 +0300
5707,,,,,,,,,,,2025-06-14 12:31:53.170 +0300,2025-06-14 12:31:53.170 +0300
5708,,,,,,,,,,,2025-06-14 12:31:53.170 +0300,2025-06-14 12:31:53.170 +0300
5709,,,,,,,,,,,2025-06-14 12:31:53.170 +0300,2025-06-14 12:31:53.170 +0300
5710,,,,,,,,,,,2025-06-14 12:31:53.170 +0300,2025-06-14 12:31:53.170 +0300
5711,,,,,,,,,,,2025-06-14 12:31:53.170 +0300,2025-06-14 12:31:53.170 +0300
5712,,,,,,,,,,,2025-06-14 12:31:53.170 +0300,2025-06-14 12:31:53.170 +0300
5713,,,,,,,,,,,2025-06-14 12:31:53.170 +0300,2025-06-14 12:31:53.170 +0300
5714,,,,,,,,,,,2025-06-14 12:31:53.170 +0300,2025-06-14 12:31:53.170 +0300
5715,,,,,,,,,,,2025-06-14 12:31:53.170 +0300,2025-06-14 12:31:53.170 +0300
5716,,,,,,,,,,,2025-06-14 12:31:53.170 +0300,2025-06-14 12:31:53.170 +0300
5717,,,,,,,,,,,2025-06-14 12:31:53.170 +0300,2025-06-14 12:31:53.170 +0300
5718,,,,,,,,,,,2025-06-14 12:31:53.170 +0300,2025-06-14 12:31:53.170 +0300
5719,,,,,,,,,,,2025-06-14 12:31:53.170 +0300,2025-06-14 12:31:53.170 +0300
5720,,,,,,,,,,,2025-06-14 12:31:53.170 +0300,2025-06-14 12:31:53.170 +0300
5721,,,,,,,,,,,2025-06-14 12:31:53.170 +0300,2025-06-14 12:31:53.170 +0300
5722,,,,,,,,,,,2025-06-14 12:31:53.170 +0300,2025-06-14 12:31:53.170 +0300
5723,,,,,,,,,,,2025-06-14 12:31:53.170 +0300,2025-06-14 12:31:53.170 +0300
5724,,,,,,,,,,,2025-06-14 12:31:53.170 +0300,2025-06-14 12:31:53.170 +0300
5725,,,,,,,,,,,2025-06-14 12:31:53.170 +0300,2025-06-14 12:31:53.170 +0300
5726,,,,,,,,,,,2025-06-14 12:31:53.170 +0300,2025-06-14 12:31:53.170 +0300
5727,,,,,,,,,,,2025-06-14 12:31:53.170 +0300,2025-06-14 12:31:53.170 +0300
5728,,,,,,,,,,,2025-06-14 12:31:53.170 +0300,2025-06-14 12:31:53.170 +0300
5729,,,,,,,,,,,2025-06-14 12:31:53.170 +0300,2025-06-14 12:31:53.170 +0300
5730,,,,,,,,,,,2025-06-14 12:31:53.170 +0300,2025-06-14 12:31:53.170 +0300
5731,,,,,,,,,,,2025-06-14 12:31:53.170 +0300,2025-06-14 12:31:53.170 +0300
5732,,,,,,,,,,,2025-06-14 12:31:53.170 +0300,2025-06-14 12:31:53.170 +0300
5733,,,,,,,,,,,2025-06-14 12:31:53.170 +0300,2025-06-14 12:31:53.170 +0300
5734,,,,,,,,,,,2025-06-14 12:31:53.170 +0300,2025-06-14 12:31:53.170 +0300
5735,,,,,,,,,,,2025-06-14 12:31:53.170 +0300,2025-06-14 12:31:53.170 +0300
5736,,,,,,,,,,,2025-06-14 12:31:53.170 +0300,2025-06-14 12:31:53.170 +0300
5737,,,,,,,,,,,2025-06-14 12:31:53.170 +0300,2025-06-14 12:31:53.170 +0300
5738,,,,,,,,,,,2025-06-14 12:31:53.170 +0300,2025-06-14 12:31:53.170 +0300
5739,,,,,,,,,,,2025-06-14 12:31:53.170 +0300,2025-06-14 12:31:53.170 +0300
5740,,,,,,,,,,,2025-06-14 12:31:53.170 +0300,2025-06-14 12:31:53.170 +0300
5741,,,,,,,,,,,2025-06-14 12:31:53.170 +0300,2025-06-14 12:31:53.170 +0300
5742,,,,,,,,,,,2025-06-14 12:31:53.170 +0300,2025-06-14 12:31:53.170 +0300
5743,,,,,,,,,,,2025-06-14 12:31:53.170 +0300,2025-06-14 12:31:53.170 +0300
5744,,,,,,,,,,,2025-06-14 12:31:53.170 +0300,2025-06-14 12:31:53.170 +0300
5745,,,,,,,,,,,2025-06-14 12:31:53.170 +0300,2025-06-14 12:31:53.170 +0300
5746,,,,,,,,,,,2025-06-14 12:31:53.170 +0300,2025-06-14 12:31:53.170 +0300
5747,,,,,,,,,,,2025-06-14 12:31:53.170 +0300,2025-06-14 12:31:53.170 +0300
5748,,,,,,,,,,,2025-06-14 12:31:53.170 +0300,2025-06-14 12:31:53.170 +0300
5749,,,,,,,,,,,2025-06-14 12:31:53.170 +0300,2025-06-14 12:31:53.170 +0300
5750,,,,,,,,,,,2025-06-14 12:31:53.170 +0300,2025-06-14 12:31:53.170 +0300
5751,,,,,,,,,,,2025-06-14 12:31:53.170 +0300,2025-06-14 12:31:53.170 +0300
5752,,,,,,,,,,,2025-06-14 12:31:53.170 +0300,2025-06-14 12:31:53.170 +0300
5753,,,,,,,,,,,2025-06-14 12:31:53.170 +0300,2025-06-14 12:31:53.170 +0300
5754,,,,,,,,,,,2025-06-14 12:31:53.170 +0300,2025-06-14 12:31:53.170 +0300
5755,,,,,,,,,,,2025-06-14 12:31:53.170 +0300,2025-06-14 12:31:53.170 +0300
5756,,,,,,,,,,,2025-06-14 12:31:53.170 +0300,2025-06-14 12:31:53.170 +0300
5757,,,,,,,,,,,2025-06-14 12:31:53.170 +0300,2025-06-14 12:31:53.170 +0300
5758,,,,,,,,,,,2025-06-14 12:31:53.170 +0300,2025-06-14 12:31:53.170 +0300
5759,,,,,,,,,,,2025-06-14 12:31:53.170 +0300,2025-06-14 12:31:53.170 +0300
5760,,,,,,,,,,,2025-06-14 12:31:53.170 +0300,2025-06-14 12:31:53.170 +0300
5761,,,,,,,,,,,2025-06-14 12:31:53.170 +0300,2025-06-14 12:31:53.170 +0300
5762,,,,,,,,,,,2025-06-14 12:31:53.170 +0300,2025-06-14 12:31:53.170 +0300
5763,,,,,,,,,,,2025-06-14 12:31:53.170 +0300,2025-06-14 12:31:53.170 +0300
5764,,,,,,,,,,,2025-06-14 12:31:53.170 +0300,2025-06-14 12:31:53.170 +0300
5765,,,,,,,,,,,2025-06-14 12:31:53.170 +0300,2025-06-14 12:31:53.170 +0300
5766,,,,,,,,,,,2025-06-14 12:31:53.170 +0300,2025-06-14 12:31:53.170 +0300
5767,,,,,,,,,,,2025-06-14 12:31:53.170 +0300,2025-06-14 12:31:53.170 +0300
5768,,,,,,,,,,,2025-06-14 12:31:53.170 +0300,2025-06-14 12:31:53.170 +0300
5769,,,,,,,,,,,2025-06-14 12:31:53.170 +0300,2025-06-14 12:31:53.170 +0300
5770,,,,,,,,,,,2025-06-14 12:31:53.170 +0300,2025-06-14 12:31:53.170 +0300
5771,,,,,,,,,,,2025-06-14 12:31:53.170 +0300,2025-06-14 12:31:53.170 +0300
5772,,,,,,,,,,,2025-06-14 12:31:53.170 +0300,2025-06-14 12:31:53.170 +0300
5773,,,,,,,,,,,2025-06-14 12:31:53.170 +0300,2025-06-14 12:31:53.170 +0300
5774,,,,,,,,,,,2025-06-14 12:31:53.170 +0300,2025-06-14 12:31:53.170 +0300
5775,,,,,,,,,,,2025-06-14 12:31:53.170 +0300,2025-06-14 12:31:53.170 +0300
5776,,,,,,,,,,,2025-06-14 12:31:53.170 +0300,2025-06-14 12:31:53.170 +0300
5777,,,,,,,,,,,2025-06-14 12:31:53.170 +0300,2025-06-14 12:31:53.170 +0300
5778,,,,,,,,,,,2025-06-14 12:31:53.170 +0300,2025-06-14 12:31:53.170 +0300
5779,,,,,,,,,,,2025-06-14 12:31:53.170 +0300,2025-06-14 12:31:53.170 +0300
5780,,,,,,,,,,,2025-06-14 12:31:53.170 +0300,2025-06-14 12:31:53.170 +0300
5781,,,,,,,,,,,2025-06-14 12:31:53.170 +0300,2025-06-14 12:31:53.170 +0300
5782,,,,,,,,,,,2025-06-14 12:31:53.170 +0300,2025-06-14 12:31:53.170 +0300
5783,,,,,,,,,,,2025-06-14 12:31:53.170 +0300,2025-06-14 12:31:53.170 +0300
5784,,,,,,,,,,,2025-06-14 12:31:53.170 +0300,2025-06-14 12:31:53.170 +0300
5785,,,,,,,,,,,2025-06-14 12:31:53.170 +0300,2025-06-14 12:31:53.170 +0300
5786,,,,,,,,,,,2025-06-14 12:31:53.170 +0300,2025-06-14 12:31:53.170 +0300
5787,,,,,,,,,,,2025-06-14 12:31:53.170 +0300,2025-06-14 12:31:53.170 +0300
5788,,,,,,,,,,,2025-06-14 12:31:53.170 +0300,2025-06-14 12:31:53.170 +0300
5789,,,,,,,,,,,2025-06-14 12:31:53.170 +0300,2025-06-14 12:31:53.170 +0300
5790,,,,,,,,,,,2025-06-14 12:31:53.170 +0300,2025-06-14 12:31:53.170 +0300
5791,,,,,,,,,,,2025-06-14 12:31:53.170 +0300,2025-06-14 12:31:53.170 +0300
5792,,,,,,,,,,,2025-06-14 12:31:53.170 +0300,2025-06-14 12:31:53.170 +0300
5793,,,,,,,,,,,2025-06-14 12:31:53.170 +0300,2025-06-14 12:31:53.170 +0300
5794,,,,,,,,,,,2025-06-14 12:31:53.170 +0300,2025-06-14 12:31:53.170 +0300
5795,,,,,,,,,,,2025-06-14 12:31:53.170 +0300,2025-06-14 12:31:53.170 +0300
5796,,,,,,,,,,,2025-06-14 12:31:53.170 +0300,2025-06-14 12:31:53.170 +0300
5797,,,,,,,,,,,2025-06-14 12:31:53.170 +0300,2025-06-14 12:31:53.170 +0300
5798,,,,,,,,,,,2025-06-14 12:31:53.170 +0300,2025-06-14 12:31:53.170 +0300
5799,,,,,,,,,,,2025-06-14 12:31:53.170 +0300,2025-06-14 12:31:53.170 +0300
5800,,,,,,,,,,,2025-06-14 12:31:53.170 +0300,2025-06-14 12:31:53.170 +0300
5801,,,,,,,,,,,2025-06-14 12:31:53.170 +0300,2025-06-14 12:31:53.170 +0300
5802,,,,,,,,,,,2025-06-14 12:31:53.170 +0300,2025-06-14 12:31:53.170 +0300
5803,,,,,,,,,,,2025-06-14 12:31:53.170 +0300,2025-06-14 12:31:53.170 +0300
5804,,,,,,,,,,,2025-06-14 12:31:53.170 +0300,2025-06-14 12:31:53.170 +0300
5805,,,,,,,,,,,2025-06-14 12:31:53.170 +0300,2025-06-14 12:31:53.170 +0300
5806,,,,,,,,,,,2025-06-14 12:31:53.170 +0300,2025-06-14 12:31:53.170 +0300
5807,,,,,,,,,,,2025-06-14 12:31:53.170 +0300,2025-06-14 12:31:53.170 +0300
5808,,,,,,,,,,,2025-06-14 12:31:53.170 +0300,2025-06-14 12:31:53.170 +0300
5809,,,,,,,,,,,2025-06-14 12:31:53.170 +0300,2025-06-14 12:31:53.170 +0300
5810,,,,,,,,,,,2025-06-14 12:31:53.170 +0300,2025-06-14 12:31:53.170 +0300
5811,,,,,,,,,,,2025-06-14 12:31:53.170 +0300,2025-06-14 12:31:53.170 +0300
5812,,,,,,,,,,,2025-06-14 12:31:53.170 +0300,2025-06-14 12:31:53.170 +0300
5813,,,,,,,,,,,2025-06-14 12:31:53.170 +0300,2025-06-14 12:31:53.170 +0300
5814,,,,,,,,,,,2025-06-14 12:31:53.170 +0300,2025-06-14 12:31:53.170 +0300
5815,,,,,,,,,,,2025-06-14 12:31:53.170 +0300,2025-06-14 12:31:53.170 +0300
5816,,,,,,,,,,,2025-06-14 12:31:53.170 +0300,2025-06-14 12:31:53.170 +0300
5817,,,,,,,,,,,2025-06-14 12:31:53.170 +0300,2025-06-14 12:31:53.170 +0300
5818,,,,,,,,,,,2025-06-14 12:31:53.170 +0300,2025-06-14 12:31:53.170 +0300
5819,,,,,,,,,,,2025-06-14 12:31:53.170 +0300,2025-06-14 12:31:53.170 +0300
5820,,,,,,,,,,,2025-06-14 12:31:53.170 +0300,2025-06-14 12:31:53.170 +0300
5821,,,,,,,,,,,2025-06-14 12:31:53.170 +0300,2025-06-14 12:31:53.170 +0300
5822,,,,,,,,,,,2025-06-14 12:31:53.170 +0300,2025-06-14 12:31:53.170 +0300
5823,,,,,,,,,,,2025-06-14 12:31:53.170 +0300,2025-06-14 12:31:53.170 +0300
5824,,,,,,,,,,,2025-06-14 12:31:53.170 +0300,2025-06-14 12:31:53.170 +0300
5825,,,,,,,,,,,2025-06-14 12:31:53.170 +0300,2025-06-14 12:31:53.170 +0300
5826,,,,,,,,,,,2025-06-14 12:31:53.170 +0300,2025-06-14 12:31:53.170 +0300
5827,,,,,,,,,,,2025-06-14 12:31:53.170 +0300,2025-06-14 12:31:53.170 +0300
5828,,,,,,,,,,,2025-06-14 12:31:53.170 +0300,2025-06-14 12:31:53.170 +0300
5829,,,,,,,,,,,2025-06-14 12:31:53.170 +0300,2025-06-14 12:31:53.170 +0300
5830,,,,,,,,,,,2025-06-14 12:31:53.170 +0300,2025-06-14 12:31:53.170 +0300
5831,,,,,,,,,,,2025-06-14 12:31:53.170 +0300,2025-06-14 12:31:53.170 +0300
5832,,,,,,,,,,,2025-06-14 12:31:53.170 +0300,2025-06-14 12:31:53.170 +0300
5833,,,,,,,,,,,2025-06-14 12:31:53.170 +0300,2025-06-14 12:31:53.170 +0300
5834,,,,,,,,,,,2025-06-14 12:31:53.170 +0300,2025-06-14 12:31:53.170 +0300
5835,,,,,,,,,,,2025-06-14 12:31:53.170 +0300,2025-06-14 12:31:53.170 +0300
5836,,,,,,,,,,,2025-06-14 12:31:53.170 +0300,2025-06-14 12:31:53.170 +0300
5837,,,,,,,,,,,2025-06-14 12:31:53.170 +0300,2025-06-14 12:31:53.170 +0300
5838,,,,,,,,,,,2025-06-14 12:31:53.170 +0300,2025-06-14 12:31:53.170 +0300
5839,,,,,,,,,,,2025-06-14 12:31:53.170 +0300,2025-06-14 12:31:53.170 +0300
5840,,,,,,,,,,,2025-06-14 12:31:53.170 +0300,2025-06-14 12:31:53.170 +0300
5841,,,,,,,,,,,2025-06-14 12:31:53.170 +0300,2025-06-14 12:31:53.170 +0300
5842,,,,,,,,,,,2025-06-14 12:31:53.170 +0300,2025-06-14 12:31:53.170 +0300
5843,,,,,,,,,,,2025-06-14 12:31:53.170 +0300,2025-06-14 12:31:53.170 +0300
5844,,,,,,,,,,,2025-06-14 12:31:53.170 +0300,2025-06-14 12:31:53.170 +0300
5845,,,,,,,,,,,2025-06-14 12:31:53.170 +0300,2025-06-14 12:31:53.170 +0300
5846,,,,,,,,,,,2025-06-14 12:31:53.170 +0300,2025-06-14 12:31:53.170 +0300
5847,,,,,,,,,,,2025-06-14 12:31:53.170 +0300,2025-06-14 12:31:53.170 +0300
5848,,,,,,,,,,,2025-06-14 12:31:53.170 +0300,2025-06-14 12:31:53.170 +0300
5849,,,,,,,,,,,2025-06-14 12:31:53.170 +0300,2025-06-14 12:31:53.170 +0300
5850,,,,,,,,,,,2025-06-14 12:31:53.170 +0300,2025-06-14 12:31:53.170 +0300
5851,,,,,,,,,,,2025-06-14 12:31:53.170 +0300,2025-06-14 12:31:53.170 +0300
5852,,,,,,,,,,,2025-06-14 12:31:53.170 +0300,2025-06-14 12:31:53.170 +0300
5853,,,,,,,,,,,2025-06-14 12:31:53.170 +0300,2025-06-14 12:31:53.170 +0300
5854,,,,,,,,,,,2025-06-14 12:31:53.170 +0300,2025-06-14 12:31:53.170 +0300
5855,,,,,,,,,,,2025-06-14 12:31:53.170 +0300,2025-06-14 12:31:53.170 +0300
5856,,,,,,,,,,,2025-06-14 12:31:53.170 +0300,2025-06-14 12:31:53.170 +0300
5857,,,,,,,,,,,2025-06-14 12:31:53.170 +0300,2025-06-14 12:31:53.170 +0300
5858,,,,,,,,,,,2025-06-14 12:31:53.170 +0300,2025-06-14 12:31:53.170 +0300
5859,,,,,,,,,,,2025-06-14 12:31:53.170 +0300,2025-06-14 12:31:53.170 +0300
5860,,,,,,,,,,,2025-06-14 12:31:53.170 +0300,2025-06-14 12:31:53.170 +0300
5861,,,,,,,,,,,2025-06-14 12:31:53.170 +0300,2025-06-14 12:31:53.170 +0300
5862,,,,,,,,,,,2025-06-14 12:31:53.170 +0300,2025-06-14 12:31:53.170 +0300
5863,,,,,,,,,,,2025-06-14 12:31:53.170 +0300,2025-06-14 12:31:53.170 +0300
5864,,,,,,,,,,,2025-06-14 12:31:53.170 +0300,2025-06-14 12:31:53.170 +0300
5865,,,,,,,,,,,2025-06-14 12:31:53.170 +0300,2025-06-14 12:31:53.170 +0300
5866,,,,,,,,,,,2025-06-14 12:31:53.170 +0300,2025-06-14 12:31:53.170 +0300
5867,,,,,,,,,,,2025-06-14 12:31:53.170 +0300,2025-06-14 12:31:53.170 +0300
5868,,,,,,,,,,,2025-06-14 12:31:53.170 +0300,2025-06-14 12:31:53.170 +0300
5869,,,,,,,,,,,2025-06-14 12:31:53.170 +0300,2025-06-14 12:31:53.170 +0300
5870,,,,,,,,,,,2025-06-14 12:31:53.170 +0300,2025-06-14 12:31:53.170 +0300
5871,,,,,,,,,,,2025-06-14 12:31:53.170 +0300,2025-06-14 12:31:53.170 +0300
5872,,,,,,,,,,,2025-06-14 12:31:53.170 +0300,2025-06-14 12:31:53.170 +0300
5873,,,,,,,,,,,2025-06-14 12:31:53.170 +0300,2025-06-14 12:31:53.170 +0300
5874,,,,,,,,,,,2025-06-14 12:31:53.170 +0300,2025-06-14 12:31:53.170 +0300
5875,,,,,,,,,,,2025-06-14 12:31:53.170 +0300,2025-06-14 12:31:53.170 +0300
5876,,,,,,,,,,,2025-06-14 12:31:53.170 +0300,2025-06-14 12:31:53.170 +0300
5877,,,,,,,,,,,2025-06-14 12:31:53.170 +0300,2025-06-14 12:31:53.170 +0300
5878,,,,,,,,,,,2025-06-14 12:31:53.170 +0300,2025-06-14 12:31:53.170 +0300
5879,,,,,,,,,,,2025-06-14 12:31:53.170 +0300,2025-06-14 12:31:53.170 +0300
5880,,,,,,,,,,,2025-06-14 12:31:53.170 +0300,2025-06-14 12:31:53.170 +0300
5881,,,,,,,,,,,2025-06-14 12:31:53.170 +0300,2025-06-14 12:31:53.170 +0300
5882,,,,,,,,,,,2025-06-14 12:31:53.170 +0300,2025-06-14 12:31:53.170 +0300
5883,,,,,,,,,,,2025-06-14 12:31:53.170 +0300,2025-06-14 12:31:53.170 +0300
5884,,,,,,,,,,,2025-06-14 12:31:53.170 +0300,2025-06-14 12:31:53.170 +0300
5885,,,,,,,,,,,2025-06-14 12:31:53.170 +0300,2025-06-14 12:31:53.170 +0300
5886,,,,,,,,,,,2025-06-14 12:31:53.170 +0300,2025-06-14 12:31:53.170 +0300
5887,,,,,,,,,,,2025-06-14 12:31:53.170 +0300,2025-06-14 12:31:53.170 +0300
5888,,,,,,,,,,,2025-06-14 12:31:53.170 +0300,2025-06-14 12:31:53.170 +0300
5889,,,,,,,,,,,2025-06-14 12:31:53.170 +0300,2025-06-14 12:31:53.170 +0300
5890,,,,,,,,,,,2025-06-14 12:31:53.170 +0300,2025-06-14 12:31:53.170 +0300
5891,,,,,,,,,,,2025-06-14 12:31:53.170 +0300,2025-06-14 12:31:53.170 +0300
5892,,,,,,,,,,,2025-06-14 12:31:53.170 +0300,2025-06-14 12:31:53.170 +0300
5893,,,,,,,,,,,2025-06-14 12:31:53.170 +0300,2025-06-14 12:31:53.170 +0300
5894,,,,,,,,,,,2025-06-14 12:31:53.170 +0300,2025-06-14 12:31:53.170 +0300
5895,,,,,,,,,,,2025-06-14 12:31:53.170 +0300,2025-06-14 12:31:53.170 +0300
5896,,,,,,,,,,,2025-06-14 12:31:53.170 +0300,2025-06-14 12:31:53.170 +0300
5897,,,,,,,,,,,2025-06-14 12:31:53.170 +0300,2025-06-14 12:31:53.170 +0300
5898,,,,,,,,,,,2025-06-14 12:31:53.170 +0300,2025-06-14 12:31:53.170 +0300
5899,,,,,,,,,,,2025-06-14 12:31:53.170 +0300,2025-06-14 12:31:53.170 +0300
5900,,,,,,,,,,,2025-06-14 12:31:53.170 +0300,2025-06-14 12:31:53.170 +0300
5901,,,,,,,,,,,2025-06-14 12:31:53.170 +0300,2025-06-14 12:31:53.170 +0300
5902,,,,,,,,,,,2025-06-14 12:31:53.170 +0300,2025-06-14 12:31:53.170 +0300
5903,,,,,,,,,,,2025-06-14 12:31:53.170 +0300,2025-06-14 12:31:53.170 +0300
5904,,,,,,,,,,,2025-06-14 12:31:53.170 +0300,2025-06-14 12:31:53.170 +0300
5905,,,,,,,,,,,2025-06-14 12:31:53.170 +0300,2025-06-14 12:31:53.170 +0300
5906,,,,,,,,,,,2025-06-14 12:31:53.170 +0300,2025-06-14 12:31:53.170 +0300
5907,,,,,,,,,,,2025-06-14 12:31:53.170 +0300,2025-06-14 12:31:53.170 +0300
5908,,,,,,,,,,,2025-06-14 12:31:53.170 +0300,2025-06-14 12:31:53.170 +0300
5909,,,,,,,,,,,2025-06-14 12:31:53.170 +0300,2025-06-14 12:31:53.170 +0300
5910,,,,,,,,,,,2025-06-14 12:31:53.170 +0300,2025-06-14 12:31:53.170 +0300
5911,,,,,,,,,,,2025-06-14 12:31:53.170 +0300,2025-06-14 12:31:53.170 +0300
5912,,,,,,,,,,,2025-06-14 12:31:53.170 +0300,2025-06-14 12:31:53.170 +0300
5913,,,,,,,,,,,2025-06-14 12:31:53.170 +0300,2025-06-14 12:31:53.170 +0300
5914,,,,,,,,,,,2025-06-14 12:31:53.170 +0300,2025-06-14 12:31:53.170 +0300
5915,,,,,,,,,,,2025-06-14 12:31:53.170 +0300,2025-06-14 12:31:53.170 +0300
5916,,,,,,,,,,,2025-06-14 12:31:53.170 +0300,2025-06-14 12:31:53.170 +0300
5917,,,,,,,,,,,2025-06-14 12:31:53.170 +0300,2025-06-14 12:31:53.170 +0300
5918,,,,,,,,,,,2025-06-14 12:31:53.170 +0300,2025-06-14 12:31:53.170 +0300
5919,,,,,,,,,,,2025-06-14 12:31:53.170 +0300,2025-06-14 12:31:53.170 +0300
5920,,,,,,,,,,,2025-06-14 12:31:53.170 +0300,2025-06-14 12:31:53.170 +0300
5921,,,,,,,,,,,2025-06-14 12:31:53.170 +0300,2025-06-14 12:31:53.170 +0300
5922,,,,,,,,,,,2025-06-14 12:31:53.170 +0300,2025-06-14 12:31:53.170 +0300
5923,,,,,,,,,,,2025-06-14 12:31:53.170 +0300,2025-06-14 12:31:53.170 +0300
5924,,,,,,,,,,,2025-06-14 12:31:53.170 +0300,2025-06-14 12:31:53.170 +0300
5925,,,,,,,,,,,2025-06-14 12:31:53.170 +0300,2025-06-14 12:31:53.170 +0300
5926,,,,,,,,,,,2025-06-14 12:31:53.170 +0300,2025-06-14 12:31:53.170 +0300
5927,,,,,,,,,,,2025-06-14 12:31:53.170 +0300,2025-06-14 12:31:53.170 +0300
5928,,,,,,,,,,,2025-06-14 12:31:53.170 +0300,2025-06-14 12:31:53.170 +0300
5929,,,,,,,,,,,2025-06-14 12:31:53.170 +0300,2025-06-14 12:31:53.170 +0300
5930,,,,,,,,,,,2025-06-14 12:31:53.170 +0300,2025-06-14 12:31:53.170 +0300
5931,,,,,,,,,,,2025-06-14 12:31:53.170 +0300,2025-06-14 12:31:53.170 +0300
5932,,,,,,,,,,,2025-06-14 12:31:53.170 +0300,2025-06-14 12:31:53.170 +0300
5933,,,,,,,,,,,2025-06-14 12:31:53.170 +0300,2025-06-14 12:31:53.170 +0300
5934,,,,,,,,,,,2025-06-14 12:31:53.170 +0300,2025-06-14 12:31:53.170 +0300
5935,,,,,,,,,,,2025-06-14 12:31:53.170 +0300,2025-06-14 12:31:53.170 +0300
5936,,,,,,,,,,,2025-06-14 12:31:53.170 +0300,2025-06-14 12:31:53.170 +0300
5937,,,,,,,,,,,2025-06-14 12:31:53.170 +0300,2025-06-14 12:31:53.170 +0300
5938,,,,,,,,,,,2025-06-14 12:31:53.170 +0300,2025-06-14 12:31:53.170 +0300
5939,,,,,,,,,,,2025-06-14 12:31:53.170 +0300,2025-06-14 12:31:53.170 +0300
5940,,,,,,,,,,,2025-06-14 12:31:53.170 +0300,2025-06-14 12:31:53.170 +0300
5941,,,,,,,,,,,2025-06-14 12:31:53.170 +0300,2025-06-14 12:31:53.170 +0300
5942,,,,,,,,,,,2025-06-14 12:31:53.170 +0300,2025-06-14 12:31:53.170 +0300
5943,,,,,,,,,,,2025-06-14 12:31:53.170 +0300,2025-06-14 12:31:53.170 +0300
5944,,,,,,,,,,,2025-06-14 12:31:53.170 +0300,2025-06-14 12:31:53.170 +0300
5945,,,,,,,,,,,2025-06-14 12:31:53.170 +0300,2025-06-14 12:31:53.170 +0300
5946,,,,,,,,,,,2025-06-14 12:31:53.170 +0300,2025-06-14 12:31:53.170 +0300
5947,,,,,,,,,,,2025-06-14 12:31:53.170 +0300,2025-06-14 12:31:53.170 +0300
5948,,,,,,,,,,,2025-06-14 12:31:53.170 +0300,2025-06-14 12:31:53.170 +0300
5949,,,,,,,,,,,2025-06-14 12:31:53.170 +0300,2025-06-14 12:31:53.170 +0300
5950,,,,,,,,,,,2025-06-14 12:31:53.170 +0300,2025-06-14 12:31:53.170 +0300
5951,,,,,,,,,,,2025-06-14 12:31:53.170 +0300,2025-06-14 12:31:53.170 +0300
5952,,,,,,,,,,,2025-06-14 12:31:53.170 +0300,2025-06-14 12:31:53.170 +0300
5953,,,,,,,,,,,2025-06-14 12:31:53.170 +0300,2025-06-14 12:31:53.170 +0300
5954,,,,,,,,,,,2025-06-14 12:31:53.170 +0300,2025-06-14 12:31:53.170 +0300
5955,,,,,,,,,,,2025-06-14 12:31:53.170 +0300,2025-06-14 12:31:53.170 +0300
5956,,,,,,,,,,,2025-06-14 12:31:53.170 +0300,2025-06-14 12:31:53.170 +0300
5957,,,,,,,,,,,2025-06-14 12:31:53.170 +0300,2025-06-14 12:31:53.170 +0300
5958,,,,,,,,,,,2025-06-14 12:31:53.170 +0300,2025-06-14 12:31:53.170 +0300
5959,,,,,,,,,,,2025-06-14 12:31:53.170 +0300,2025-06-14 12:31:53.170 +0300
5960,,,,,,,,,,,2025-06-14 12:31:53.170 +0300,2025-06-14 12:31:53.170 +0300
5961,,,,,,,,,,,2025-06-14 12:31:53.170 +0300,2025-06-14 12:31:53.170 +0300
5962,,,,,,,,,,,2025-06-14 12:31:53.170 +0300,2025-06-14 12:31:53.170 +0300
5963,,,,,,,,,,,2025-06-14 12:31:53.170 +0300,2025-06-14 12:31:53.170 +0300
5964,,,,,,,,,,,2025-06-14 12:31:53.170 +0300,2025-06-14 12:31:53.170 +0300
5965,,,,,,,,,,,2025-06-14 12:31:53.170 +0300,2025-06-14 12:31:53.170 +0300
5966,,,,,,,,,,,2025-06-14 12:31:53.170 +0300,2025-06-14 12:31:53.170 +0300
5967,,,,,,,,,,,2025-06-14 12:31:53.170 +0300,2025-06-14 12:31:53.170 +0300
5968,,,,,,,,,,,2025-06-14 12:31:53.170 +0300,2025-06-14 12:31:53.170 +0300
5969,,,,,,,,,,,2025-06-14 12:31:53.170 +0300,2025-06-14 12:31:53.170 +0300
5970,,,,,,,,,,,2025-06-14 12:31:53.170 +0300,2025-06-14 12:31:53.170 +0300
5971,,,,,,,,,,,2025-06-14 12:31:53.170 +0300,2025-06-14 12:31:53.170 +0300
5972,,,,,,,,,,,2025-06-14 12:31:53.170 +0300,2025-06-14 12:31:53.170 +0300
5973,,,,,,,,,,,2025-06-14 12:31:53.170 +0300,2025-06-14 12:31:53.170 +0300
5974,,,,,,,,,,,2025-06-14 12:31:53.170 +0300,2025-06-14 12:31:53.170 +0300
5975,,,,,,,,,,,2025-06-14 12:31:53.170 +0300,2025-06-14 12:31:53.170 +0300
5976,,,,,,,,,,,2025-06-14 12:31:53.170 +0300,2025-06-14 12:31:53.170 +0300
5977,,,,,,,,,,,2025-06-14 12:31:53.170 +0300,2025-06-14 12:31:53.170 +0300
5978,,,,,,,,,,,2025-06-14 12:31:53.170 +0300,2025-06-14 12:31:53.170 +0300
5979,,,,,,,,,,,2025-06-14 12:31:53.170 +0300,2025-06-14 12:31:53.170 +0300
5980,,,,,,,,,,,2025-06-14 12:31:53.170 +0300,2025-06-14 12:31:53.170 +0300
5981,,,,,,,,,,,2025-06-14 12:31:53.170 +0300,2025-06-14 12:31:53.170 +0300
5982,,,,,,,,,,,2025-06-14 12:31:53.170 +0300,2025-06-14 12:31:53.170 +0300
5983,,,,,,,,,,,2025-06-14 12:31:53.170 +0300,2025-06-14 12:31:53.170 +0300
5984,,,,,,,,,,,2025-06-14 12:31:53.170 +0300,2025-06-14 12:31:53.170 +0300
5985,,,,,,,,,,,2025-06-14 12:31:53.170 +0300,2025-06-14 12:31:53.170 +0300
5986,,,,,,,,,,,2025-06-14 12:31:53.170 +0300,2025-06-14 12:31:53.170 +0300
5987,,,,,,,,,,,2025-06-14 12:31:53.170 +0300,2025-06-14 12:31:53.170 +0300
5988,,,,,,,,,,,2025-06-14 12:31:53.170 +0300,2025-06-14 12:31:53.170 +0300
5989,,,,,,,,,,,2025-06-14 12:31:53.170 +0300,2025-06-14 12:31:53.170 +0300
5990,,,,,,,,,,,2025-06-14 12:31:53.170 +0300,2025-06-14 12:31:53.170 +0300
5991,,,,,,,,,,,2025-06-14 12:31:53.170 +0300,2025-06-14 12:31:53.170 +0300
5992,,,,,,,,,,,2025-06-14 12:31:53.170 +0300,2025-06-14 12:31:53.170 +0300
5993,,,,,,,,,,,2025-06-14 12:31:53.170 +0300,2025-06-14 12:31:53.170 +0300
5994,,,,,,,,,,,2025-06-14 12:31:53.170 +0300,2025-06-14 12:31:53.170 +0300
5995,,,,,,,,,,,2025-06-14 12:31:53.170 +0300,2025-06-14 12:31:53.170 +0300
5996,,,,,,,,,,,2025-06-14 12:31:53.170 +0300,2025-06-14 12:31:53.170 +0300
5997,,,,,,,,,,,2025-06-14 12:31:53.170 +0300,2025-06-14 12:31:53.170 +0300
5998,,,,,,,,,,,2025-06-14 12:31:53.170 +0300,2025-06-14 12:31:53.170 +0300
5999,,,,,,,,,,,2025-06-14 12:31:53.170 +0300,2025-06-14 12:31:53.170 +0300
6000,,,,,,,,,,,2025-06-14 12:31:53.170 +0300,2025-06-14 12:31:53.170 +0300
6001,,,,,,,,,,,2025-06-14 12:31:53.170 +0300,2025-06-14 12:31:53.170 +0300
6002,,,,,,,,,,,2025-06-14 12:31:53.170 +0300,2025-06-14 12:31:53.170 +0300
6003,,,,,,,,,,,2025-06-14 12:31:53.170 +0300,2025-06-14 12:31:53.170 +0300
6004,,,,,,,,,,,2025-06-14 12:31:53.170 +0300,2025-06-14 12:31:53.170 +0300
6005,,,,,,,,,,,2025-06-14 12:31:53.170 +0300,2025-06-14 12:31:53.170 +0300
6006,,,,,,,,,,,2025-06-14 12:31:53.170 +0300,2025-06-14 12:31:53.170 +0300
6007,,,,,,,,,,,2025-06-14 12:31:53.170 +0300,2025-06-14 12:31:53.170 +0300
6008,,,,,,,,,,,2025-06-14 12:31:53.170 +0300,2025-06-14 12:31:53.170 +0300
6009,,,,,,,,,,,2025-06-14 12:31:53.170 +0300,2025-06-14 12:31:53.170 +0300
6010,,,,,,,,,,,2025-06-14 12:31:53.170 +0300,2025-06-14 12:31:53.170 +0300
6011,,,,,,,,,,,2025-06-14 12:31:53.170 +0300,2025-06-14 12:31:53.170 +0300
6012,,,,,,,,,,,2025-06-14 12:31:53.170 +0300,2025-06-14 12:31:53.170 +0300
6013,,,,,,,,,,,2025-06-14 12:31:53.170 +0300,2025-06-14 12:31:53.170 +0300
6014,,,,,,,,,,,2025-06-14 12:31:53.170 +0300,2025-06-14 12:31:53.170 +0300
6015,,,,,,,,,,,2025-06-14 12:31:53.170 +0300,2025-06-14 12:31:53.170 +0300
6016,,,,,,,,,,,2025-06-14 12:31:53.170 +0300,2025-06-14 12:31:53.170 +0300
6017,,,,,,,,,,,2025-06-14 12:31:53.170 +0300,2025-06-14 12:31:53.170 +0300
6018,,,,,,,,,,,2025-06-14 12:31:53.170 +0300,2025-06-14 12:31:53.170 +0300
6019,,,,,,,,,,,2025-06-14 12:31:53.170 +0300,2025-06-14 12:31:53.170 +0300
6020,,,,,,,,,,,2025-06-14 12:31:53.170 +0300,2025-06-14 12:31:53.170 +0300
6021,,,,,,,,,,,2025-06-14 12:31:53.170 +0300,2025-06-14 12:31:53.170 +0300
6022,,,,,,,,,,,2025-06-14 12:31:53.170 +0300,2025-06-14 12:31:53.170 +0300
6023,,,,,,,,,,,2025-06-14 12:31:53.170 +0300,2025-06-14 12:31:53.170 +0300
6024,,,,,,,,,,,2025-06-14 12:31:53.170 +0300,2025-06-14 12:31:53.170 +0300
6025,,,,,,,,,,,2025-06-14 12:31:53.170 +0300,2025-06-14 12:31:53.170 +0300
6026,,,,,,,,,,,2025-06-14 12:31:53.170 +0300,2025-06-14 12:31:53.170 +0300
6027,,,,,,,,,,,2025-06-14 12:31:53.170 +0300,2025-06-14 12:31:53.170 +0300
6028,,,,,,,,,,,2025-06-14 12:31:53.170 +0300,2025-06-14 12:31:53.170 +0300
6029,,,,,,,,,,,2025-06-14 12:31:53.170 +0300,2025-06-14 12:31:53.170 +0300
6030,,,,,,,,,,,2025-06-14 12:31:53.170 +0300,2025-06-14 12:31:53.170 +0300
6031,,,,,,,,,,,2025-06-14 12:31:53.170 +0300,2025-06-14 12:31:53.170 +0300
6032,,,,,,,,,,,2025-06-14 12:31:53.170 +0300,2025-06-14 12:31:53.170 +0300
6033,,,,,,,,,,,2025-06-14 12:31:53.170 +0300,2025-06-14 12:31:53.170 +0300
6034,,,,,,,,,,,2025-06-14 12:31:53.170 +0300,2025-06-14 12:31:53.170 +0300
6035,,,,,,,,,,,2025-06-14 12:31:53.170 +0300,2025-06-14 12:31:53.170 +0300
6036,,,,,,,,,,,2025-06-14 12:31:53.170 +0300,2025-06-14 12:31:53.170 +0300
6037,,,,,,,,,,,2025-06-14 12:31:53.170 +0300,2025-06-14 12:31:53.170 +0300
6038,,,,,,,,,,,2025-06-14 12:31:53.170 +0300,2025-06-14 12:31:53.170 +0300
6039,,,,,,,,,,,2025-06-14 12:31:53.170 +0300,2025-06-14 12:31:53.170 +0300
6040,,,,,,,,,,,2025-06-14 12:31:53.170 +0300,2025-06-14 12:31:53.170 +0300
6041,,,,,,,,,,,2025-06-14 12:31:53.170 +0300,2025-06-14 12:31:53.170 +0300
6042,,,,,,,,,,,2025-06-14 12:31:53.170 +0300,2025-06-14 12:31:53.170 +0300
6043,,,,,,,,,,,2025-06-14 12:31:53.170 +0300,2025-06-14 12:31:53.170 +0300
6044,,,,,,,,,,,2025-06-14 12:31:53.170 +0300,2025-06-14 12:31:53.170 +0300
6045,,,,,,,,,,,2025-06-14 12:31:53.170 +0300,2025-06-14 12:31:53.170 +0300
6046,,,,,,,,,,,2025-06-14 12:31:53.170 +0300,2025-06-14 12:31:53.170 +0300
6047,,,,,,,,,,,2025-06-14 12:31:53.170 +0300,2025-06-14 12:31:53.170 +0300
6048,,,,,,,,,,,2025-06-14 12:31:53.170 +0300,2025-06-14 12:31:53.170 +0300
6049,,,,,,,,,,,2025-06-14 12:31:53.170 +0300,2025-06-14 12:31:53.170 +0300
6050,,,,,,,,,,,2025-06-14 12:31:53.170 +0300,2025-06-14 12:31:53.170 +0300
6051,,,,,,,,,,,2025-06-14 12:31:53.170 +0300,2025-06-14 12:31:53.170 +0300
6052,,,,,,,,,,,2025-06-14 12:31:53.170 +0300,2025-06-14 12:31:53.170 +0300
6053,,,,,,,,,,,2025-06-14 12:31:53.170 +0300,2025-06-14 12:31:53.170 +0300
6054,,,,,,,,,,,2025-06-14 12:31:53.170 +0300,2025-06-14 12:31:53.170 +0300
6055,,,,,,,,,,,2025-06-14 12:31:53.170 +0300,2025-06-14 12:31:53.170 +0300
6056,,,,,,,,,,,2025-06-14 12:31:53.170 +0300,2025-06-14 12:31:53.170 +0300
6057,,,,,,,,,,,2025-06-14 12:31:53.170 +0300,2025-06-14 12:31:53.170 +0300
6058,,,,,,,,,,,2025-06-14 12:31:53.170 +0300,2025-06-14 12:31:53.170 +0300
6059,,,,,,,,,,,2025-06-14 12:31:53.170 +0300,2025-06-14 12:31:53.170 +0300
6060,,,,,,,,,,,2025-06-14 12:31:53.170 +0300,2025-06-14 12:31:53.170 +0300
6061,,,,,,,,,,,2025-06-14 12:31:53.170 +0300,2025-06-14 12:31:53.170 +0300
6062,,,,,,,,,,,2025-06-14 12:31:53.170 +0300,2025-06-14 12:31:53.170 +0300
6063,,,,,,,,,,,2025-06-14 12:31:53.170 +0300,2025-06-14 12:31:53.170 +0300
6064,,,,,,,,,,,2025-06-14 12:31:53.170 +0300,2025-06-14 12:31:53.170 +0300
6065,,,,,,,,,,,2025-06-14 12:31:53.170 +0300,2025-06-14 12:31:53.170 +0300
6066,,,,,,,,,,,2025-06-14 12:31:53.170 +0300,2025-06-14 12:31:53.170 +0300
6067,,,,,,,,,,,2025-06-14 12:31:53.170 +0300,2025-06-14 12:31:53.170 +0300
6068,,,,,,,,,,,2025-06-14 12:31:53.170 +0300,2025-06-14 12:31:53.170 +0300
6069,,,,,,,,,,,2025-06-14 12:31:53.170 +0300,2025-06-14 12:31:53.170 +0300
6070,,,,,,,,,,,2025-06-14 12:31:53.170 +0300,2025-06-14 12:31:53.170 +0300
6071,,,,,,,,,,,2025-06-14 12:31:53.170 +0300,2025-06-14 12:31:53.170 +0300
6072,,,,,,,,,,,2025-06-14 12:31:53.170 +0300,2025-06-14 12:31:53.170 +0300
6073,,,,,,,,,,,2025-06-14 12:31:53.170 +0300,2025-06-14 12:31:53.170 +0300
6074,,,,,,,,,,,2025-06-14 12:31:53.170 +0300,2025-06-14 12:31:53.170 +0300
6075,,,,,,,,,,,2025-06-14 12:31:53.170 +0300,2025-06-14 12:31:53.170 +0300
6076,,,,,,,,,,,2025-06-14 12:31:53.170 +0300,2025-06-14 12:31:53.170 +0300
6077,,,,,,,,,,,2025-06-14 12:31:53.170 +0300,2025-06-14 12:31:53.170 +0300
6078,,,,,,,,,,,2025-06-14 12:31:53.170 +0300,2025-06-14 12:31:53.170 +0300
6079,,,,,,,,,,,2025-06-14 12:31:53.170 +0300,2025-06-14 12:31:53.170 +0300
6080,,,,,,,,,,,2025-06-14 12:31:53.170 +0300,2025-06-14 12:31:53.170 +0300
6081,,,,,,,,,,,2025-06-14 12:31:53.170 +0300,2025-06-14 12:31:53.170 +0300
6082,,,,,,,,,,,2025-06-14 12:31:53.170 +0300,2025-06-14 12:31:53.170 +0300
6083,,,,,,,,,,,2025-06-14 12:31:53.170 +0300,2025-06-14 12:31:53.170 +0300
6084,,,,,,,,,,,2025-06-14 12:31:53.170 +0300,2025-06-14 12:31:53.170 +0300
6085,,,,,,,,,,,2025-06-14 12:31:53.170 +0300,2025-06-14 12:31:53.170 +0300
6086,,,,,,,,,,,2025-06-14 12:31:53.170 +0300,2025-06-14 12:31:53.170 +0300
6087,,,,,,,,,,,2025-06-14 12:31:53.170 +0300,2025-06-14 12:31:53.170 +0300
6088,,,,,,,,,,,2025-06-14 12:31:53.170 +0300,2025-06-14 12:31:53.170 +0300
6089,,,,,,,,,,,2025-06-14 12:31:53.170 +0300,2025-06-14 12:31:53.170 +0300
6090,,,,,,,,,,,2025-06-14 12:31:53.170 +0300,2025-06-14 12:31:53.170 +0300
6091,,,,,,,,,,,2025-06-14 12:31:53.170 +0300,2025-06-14 12:31:53.170 +0300
6092,,,,,,,,,,,2025-06-14 12:31:53.170 +0300,2025-06-14 12:31:53.170 +0300
6093,,,,,,,,,,,2025-06-14 12:31:53.170 +0300,2025-06-14 12:31:53.170 +0300
6094,,,,,,,,,,,2025-06-14 12:31:53.170 +0300,2025-06-14 12:31:53.170 +0300
6095,,,,,,,,,,,2025-06-14 12:31:53.170 +0300,2025-06-14 12:31:53.170 +0300
6096,,,,,,,,,,,2025-06-14 12:31:53.170 +0300,2025-06-14 12:31:53.170 +0300
6097,,,,,,,,,,,2025-06-14 12:31:53.170 +0300,2025-06-14 12:31:53.170 +0300
6098,,,,,,,,,,,2025-06-14 12:31:53.170 +0300,2025-06-14 12:31:53.170 +0300
6099,,,,,,,,,,,2025-06-14 12:31:53.170 +0300,2025-06-14 12:31:53.170 +0300
6100,,,,,,,,,,,2025-06-14 12:31:53.170 +0300,2025-06-14 12:31:53.170 +0300
6101,,,,,,,,,,,2025-06-14 12:31:53.170 +0300,2025-06-14 12:31:53.170 +0300
6102,,,,,,,,,,,2025-06-14 12:31:53.170 +0300,2025-06-14 12:31:53.170 +0300
6103,,,,,,,,,,,2025-06-14 12:31:53.170 +0300,2025-06-14 12:31:53.170 +0300
6104,,,,,,,,,,,2025-06-14 12:31:53.170 +0300,2025-06-14 12:31:53.170 +0300
6105,,,,,,,,,,,2025-06-14 12:31:53.170 +0300,2025-06-14 12:31:53.170 +0300
6106,,,,,,,,,,,2025-06-14 12:31:53.170 +0300,2025-06-14 12:31:53.170 +0300
6107,,,,,,,,,,,2025-06-14 12:31:53.170 +0300,2025-06-14 12:31:53.170 +0300
6108,,,,,,,,,,,2025-06-14 12:31:53.170 +0300,2025-06-14 12:31:53.170 +0300
6109,,,,,,,,,,,2025-06-14 12:31:53.170 +0300,2025-06-14 12:31:53.170 +0300
6110,,,,,,,,,,,2025-06-14 12:31:53.170 +0300,2025-06-14 12:31:53.170 +0300
6111,,,,,,,,,,,2025-06-14 12:31:53.170 +0300,2025-06-14 12:31:53.170 +0300
6112,,,,,,,,,,,2025-06-14 12:31:53.170 +0300,2025-06-14 12:31:53.170 +0300
6113,,,,,,,,,,,2025-06-14 12:31:53.170 +0300,2025-06-14 12:31:53.170 +0300
6114,,,,,,,,,,,2025-06-14 12:31:53.170 +0300,2025-06-14 12:31:53.170 +0300
6115,,,,,,,,,,,2025-06-14 12:31:53.170 +0300,2025-06-14 12:31:53.170 +0300
6116,,,,,,,,,,,2025-06-14 12:31:53.170 +0300,2025-06-14 12:31:53.170 +0300
6117,,,,,,,,,,,2025-06-14 12:31:53.170 +0300,2025-06-14 12:31:53.170 +0300
6118,,,,,,,,,,,2025-06-14 12:31:53.170 +0300,2025-06-14 12:31:53.170 +0300
6119,,,,,,,,,,,2025-06-14 12:31:53.170 +0300,2025-06-14 12:31:53.170 +0300
6120,,,,,,,,,,,2025-06-14 12:31:53.170 +0300,2025-06-14 12:31:53.170 +0300
6121,,,,,,,,,,,2025-06-14 12:31:53.170 +0300,2025-06-14 12:31:53.170 +0300
6122,,,,,,,,,,,2025-06-14 12:31:53.170 +0300,2025-06-14 12:31:53.170 +0300
6123,,,,,,,,,,,2025-06-14 12:31:53.170 +0300,2025-06-14 12:31:53.170 +0300
6124,,,,,,,,,,,2025-06-14 12:31:53.170 +0300,2025-06-14 12:31:53.170 +0300
6125,,,,,,,,,,,2025-06-14 12:31:53.170 +0300,2025-06-14 12:31:53.170 +0300
6126,,,,,,,,,,,2025-06-14 12:31:53.170 +0300,2025-06-14 12:31:53.170 +0300
6127,,,,,,,,,,,2025-06-14 12:31:53.170 +0300,2025-06-14 12:31:53.170 +0300
6128,,,,,,,,,,,2025-06-14 12:31:53.170 +0300,2025-06-14 12:31:53.170 +0300
6129,,,,,,,,,,,2025-06-14 12:31:53.170 +0300,2025-06-14 12:31:53.170 +0300
6130,,,,,,,,,,,2025-06-14 12:31:53.170 +0300,2025-06-14 12:31:53.170 +0300
6131,,,,,,,,,,,2025-06-14 12:31:53.170 +0300,2025-06-14 12:31:53.170 +0300
6132,,,,,,,,,,,2025-06-14 12:31:53.170 +0300,2025-06-14 12:31:53.170 +0300
6133,,,,,,,,,,,2025-06-14 12:31:53.170 +0300,2025-06-14 12:31:53.170 +0300
6134,,,,,,,,,,,2025-06-14 12:31:53.170 +0300,2025-06-14 12:31:53.170 +0300
6135,,,,,,,,,,,2025-06-14 12:31:53.170 +0300,2025-06-14 12:31:53.170 +0300
6136,,,,,,,,,,,2025-06-14 12:31:53.170 +0300,2025-06-14 12:31:53.170 +0300
6137,,,,,,,,,,,2025-06-14 12:31:53.170 +0300,2025-06-14 12:31:53.170 +0300
6138,,,,,,,,,,,2025-06-14 12:31:53.170 +0300,2025-06-14 12:31:53.170 +0300
6139,,,,,,,,,,,2025-06-14 12:31:53.170 +0300,2025-06-14 12:31:53.170 +0300
6140,,,,,,,,,,,2025-06-14 12:31:53.170 +0300,2025-06-14 12:31:53.170 +0300
6141,,,,,,,,,,,2025-06-14 12:31:53.170 +0300,2025-06-14 12:31:53.170 +0300
6142,,,,,,,,,,,2025-06-14 12:31:53.170 +0300,2025-06-14 12:31:53.170 +0300
6143,,,,,,,,,,,2025-06-14 12:31:53.170 +0300,2025-06-14 12:31:53.170 +0300
6144,,,,,,,,,,,2025-06-14 12:31:53.170 +0300,2025-06-14 12:31:53.170 +0300
6145,,,,,,,,,,,2025-06-14 12:31:53.170 +0300,2025-06-14 12:31:53.170 +0300
6146,,,,,,,,,,,2025-06-14 12:31:53.170 +0300,2025-06-14 12:31:53.170 +0300
6147,,,,,,,,,,,2025-06-14 12:31:53.170 +0300,2025-06-14 12:31:53.170 +0300
6148,,,,,,,,,,,2025-06-14 12:31:53.170 +0300,2025-06-14 12:31:53.170 +0300
6149,,,,,,,,,,,2025-06-14 12:31:53.170 +0300,2025-06-14 12:31:53.170 +0300
6150,,,,,,,,,,,2025-06-14 12:31:53.170 +0300,2025-06-14 12:31:53.170 +0300
6151,,,,,,,,,,,2025-06-14 12:31:53.170 +0300,2025-06-14 12:31:53.170 +0300
6152,,,,,,,,,,,2025-06-14 12:31:53.170 +0300,2025-06-14 12:31:53.170 +0300
6153,,,,,,,,,,,2025-06-14 12:31:53.170 +0300,2025-06-14 12:31:53.170 +0300
6154,,,,,,,,,,,2025-06-14 12:31:53.170 +0300,2025-06-14 12:31:53.170 +0300
6155,,,,,,,,,,,2025-06-14 12:31:53.170 +0300,2025-06-14 12:31:53.170 +0300
6156,,,,,,,,,,,2025-06-14 12:31:53.170 +0300,2025-06-14 12:31:53.170 +0300
6157,,,,,,,,,,,2025-06-14 12:31:53.170 +0300,2025-06-14 12:31:53.170 +0300
6158,,,,,,,,,,,2025-06-14 12:31:53.170 +0300,2025-06-14 12:31:53.170 +0300
6159,,,,,,,,,,,2025-06-14 12:31:53.170 +0300,2025-06-14 12:31:53.170 +0300
6160,,,,,,,,,,,2025-06-14 12:31:53.170 +0300,2025-06-14 12:31:53.170 +0300
6161,,,,,,,,,,,2025-06-14 12:31:53.170 +0300,2025-06-14 12:31:53.170 +0300
6162,,,,,,,,,,,2025-06-14 12:31:53.170 +0300,2025-06-14 12:31:53.170 +0300
6163,,,,,,,,,,,2025-06-14 12:31:53.170 +0300,2025-06-14 12:31:53.170 +0300
6164,,,,,,,,,,,2025-06-14 12:31:53.170 +0300,2025-06-14 12:31:53.170 +0300
6165,,,,,,,,,,,2025-06-14 12:31:53.170 +0300,2025-06-14 12:31:53.170 +0300
6166,,,,,,,,,,,2025-06-14 12:31:53.170 +0300,2025-06-14 12:31:53.170 +0300
6167,,,,,,,,,,,2025-06-14 12:31:53.170 +0300,2025-06-14 12:31:53.170 +0300
6168,,,,,,,,,,,2025-06-14 12:31:53.170 +0300,2025-06-14 12:31:53.170 +0300
6169,,,,,,,,,,,2025-06-14 12:31:53.170 +0300,2025-06-14 12:31:53.170 +0300
6170,,,,,,,,,,,2025-06-14 12:31:53.170 +0300,2025-06-14 12:31:53.170 +0300
6171,,,,,,,,,,,2025-06-14 12:31:53.170 +0300,2025-06-14 12:31:53.170 +0300
6172,,,,,,,,,,,2025-06-14 12:31:53.170 +0300,2025-06-14 12:31:53.170 +0300
6173,,,,,,,,,,,2025-06-14 12:31:53.170 +0300,2025-06-14 12:31:53.170 +0300
6174,,,,,,,,,,,2025-06-14 12:31:53.170 +0300,2025-06-14 12:31:53.170 +0300
6175,,,,,,,,,,,2025-06-14 12:31:53.170 +0300,2025-06-14 12:31:53.170 +0300
6176,,,,,,,,,,,2025-06-14 12:31:53.170 +0300,2025-06-14 12:31:53.170 +0300
6177,,,,,,,,,,,2025-06-14 12:31:53.170 +0300,2025-06-14 12:31:53.170 +0300
6178,,,,,,,,,,,2025-06-14 12:31:53.170 +0300,2025-06-14 12:31:53.170 +0300
6179,,,,,,,,,,,2025-06-14 12:31:53.170 +0300,2025-06-14 12:31:53.170 +0300
6180,,,,,,,,,,,2025-06-14 12:31:53.170 +0300,2025-06-14 12:31:53.170 +0300
6181,,,,,,,,,,,2025-06-14 12:31:53.170 +0300,2025-06-14 12:31:53.170 +0300
6182,,,,,,,,,,,2025-06-14 12:31:53.170 +0300,2025-06-14 12:31:53.170 +0300
6183,,,,,,,,,,,2025-06-14 12:31:53.170 +0300,2025-06-14 12:31:53.170 +0300
6184,,,,,,,,,,,2025-06-14 12:31:53.170 +0300,2025-06-14 12:31:53.170 +0300
6185,,,,,,,,,,,2025-06-14 12:31:53.170 +0300,2025-06-14 12:31:53.170 +0300
6186,,,,,,,,,,,2025-06-14 12:31:53.170 +0300,2025-06-14 12:31:53.170 +0300
6187,,,,,,,,,,,2025-06-14 12:31:53.170 +0300,2025-06-14 12:31:53.170 +0300
6188,,,,,,,,,,,2025-06-14 12:31:53.170 +0300,2025-06-14 12:31:53.170 +0300
6189,,,,,,,,,,,2025-06-14 12:31:53.170 +0300,2025-06-14 12:31:53.170 +0300
6190,,,,,,,,,,,2025-06-14 12:31:53.170 +0300,2025-06-14 12:31:53.170 +0300
6191,,,,,,,,,,,2025-06-14 12:31:53.170 +0300,2025-06-14 12:31:53.170 +0300
6192,,,,,,,,,,,2025-06-14 12:31:53.170 +0300,2025-06-14 12:31:53.170 +0300
6193,,,,,,,,,,,2025-06-14 12:31:53.170 +0300,2025-06-14 12:31:53.170 +0300
6194,,,,,,,,,,,2025-06-14 12:31:53.170 +0300,2025-06-14 12:31:53.170 +0300
