"id","dataelement","categoryoptioncombo"
1,zkcKrH3z2Hs,NuGCerWN58O
2,zkcKrH3z2Hs,rDIYMMteqBO
3,zkcKrH3z2Hs,Os9njqZEjOb
4,zkcKrH3z2Hs,EwFHO5G420a
5,zkcKrH3z2Hs,suw2uRYvps1
6,zkcKrH3z2Hs,PXZxiZcVelu
7,zkcKrH3z2Hs,qMHtANd83kh
8,zkcKrH3z2Hs,nuMYxrh0R2i
9,zkcKrH3z2Hs,kBpgzphXpAR
10,zkcKrH3z2Hs,tDRDjpo0YoL
11,zkcKrH3z2Hs,aQ1xl7PpEBR
12,zkcKrH3z2Hs,hQErX90w0QX
13,zkcKrH3z2Hs,uTEkUkUPGlT
14,zkcKrH3z2Hs,kAIFR5chGAF
15,zkcKrH3z2Hs,Q6BZZU5OqUz
16,zkcKrH3z2Hs,kE2hYoEOdKZ
17,zkcKrH3z2Hs,YvuAd9YbUW1
18,zkcKrH3z2Hs,hzxRKJVw1qz
19,zkcKrH3z2Hs,TNRCya9Zcnm
20,zkcKrH3z2Hs,IINRfWBo1HP
21,zkcKrH3z2Hs,zHIgRxojTnV
22,zkcKrH3z2Hs,wwyAx7XFJxl
23,zkcKrH3z2Hs,KQym92Lq7PP
24,zkcKrH3z2Hs,f0IY8VORiY9
25,zkcKrH3z2Hs,k8HpYK6X99O
26,zkcKrH3z2Hs,iCBAGYxk6nz
27,zkcKrH3z2Hs,OLHl1lm5IdE
28,zkcKrH3z2Hs,pr06vcGskap
29,zkcKrH3z2Hs,jko8CGYBgS6
30,zkcKrH3z2Hs,Pdi7bTTavv2
31,zkcKrH3z2Hs,Xnvym8RgOAa
32,zkcKrH3z2Hs,XTCaoKHZWd5
33,zkcKrH3z2Hs,SkEFXSIXCat
34,zkcKrH3z2Hs,zFShLriNlnd
35,zkcKrH3z2Hs,lxdu4lHq3lu
36,zkcKrH3z2Hs,rSr0r0CxwDE
37,zkcKrH3z2Hs,bsvfgDGBWVf
38,zkcKrH3z2Hs,z9wYYxDZM9V
39,iuG6BhQnpCC,NuGCerWN58O
40,iuG6BhQnpCC,rDIYMMteqBO
41,iuG6BhQnpCC,Os9njqZEjOb
42,iuG6BhQnpCC,EwFHO5G420a
43,iuG6BhQnpCC,suw2uRYvps1
44,iuG6BhQnpCC,PXZxiZcVelu
45,iuG6BhQnpCC,qMHtANd83kh
46,iuG6BhQnpCC,nuMYxrh0R2i
47,iuG6BhQnpCC,kBpgzphXpAR
48,iuG6BhQnpCC,tDRDjpo0YoL
49,iuG6BhQnpCC,aQ1xl7PpEBR
50,iuG6BhQnpCC,hQErX90w0QX
51,iuG6BhQnpCC,uTEkUkUPGlT
52,iuG6BhQnpCC,kAIFR5chGAF
53,iuG6BhQnpCC,Q6BZZU5OqUz
54,iuG6BhQnpCC,kE2hYoEOdKZ
55,iuG6BhQnpCC,YvuAd9YbUW1
56,iuG6BhQnpCC,hzxRKJVw1qz
57,iuG6BhQnpCC,TNRCya9Zcnm
58,iuG6BhQnpCC,IINRfWBo1HP
59,iuG6BhQnpCC,zHIgRxojTnV
60,iuG6BhQnpCC,wwyAx7XFJxl
61,iuG6BhQnpCC,KQym92Lq7PP
62,iuG6BhQnpCC,f0IY8VORiY9
63,iuG6BhQnpCC,k8HpYK6X99O
64,iuG6BhQnpCC,iCBAGYxk6nz
65,iuG6BhQnpCC,OLHl1lm5IdE
66,iuG6BhQnpCC,pr06vcGskap
67,iuG6BhQnpCC,jko8CGYBgS6
68,iuG6BhQnpCC,Pdi7bTTavv2
69,iuG6BhQnpCC,Xnvym8RgOAa
70,iuG6BhQnpCC,XTCaoKHZWd5
71,iuG6BhQnpCC,SkEFXSIXCat
72,iuG6BhQnpCC,zFShLriNlnd
73,iuG6BhQnpCC,lxdu4lHq3lu
74,iuG6BhQnpCC,rSr0r0CxwDE
75,iuG6BhQnpCC,bsvfgDGBWVf
76,iuG6BhQnpCC,z9wYYxDZM9V
77,bEfUpX2HDji,NuGCerWN58O
78,bEfUpX2HDji,rDIYMMteqBO
79,bEfUpX2HDji,Os9njqZEjOb
80,bEfUpX2HDji,EwFHO5G420a
81,bEfUpX2HDji,suw2uRYvps1
82,bEfUpX2HDji,PXZxiZcVelu
83,bEfUpX2HDji,qMHtANd83kh
84,bEfUpX2HDji,nuMYxrh0R2i
85,bEfUpX2HDji,kBpgzphXpAR
86,bEfUpX2HDji,tDRDjpo0YoL
87,bEfUpX2HDji,aQ1xl7PpEBR
88,bEfUpX2HDji,hQErX90w0QX
89,bEfUpX2HDji,uTEkUkUPGlT
90,bEfUpX2HDji,kAIFR5chGAF
91,bEfUpX2HDji,Q6BZZU5OqUz
92,bEfUpX2HDji,kE2hYoEOdKZ
93,bEfUpX2HDji,YvuAd9YbUW1
94,bEfUpX2HDji,hzxRKJVw1qz
95,bEfUpX2HDji,TNRCya9Zcnm
96,bEfUpX2HDji,IINRfWBo1HP
97,bEfUpX2HDji,zHIgRxojTnV
98,bEfUpX2HDji,wwyAx7XFJxl
99,bEfUpX2HDji,KQym92Lq7PP
100,bEfUpX2HDji,f0IY8VORiY9
101,bEfUpX2HDji,k8HpYK6X99O
102,bEfUpX2HDji,iCBAGYxk6nz
103,bEfUpX2HDji,OLHl1lm5IdE
104,bEfUpX2HDji,pr06vcGskap
105,bEfUpX2HDji,jko8CGYBgS6
106,bEfUpX2HDji,Pdi7bTTavv2
107,bEfUpX2HDji,Xnvym8RgOAa
108,bEfUpX2HDji,XTCaoKHZWd5
109,bEfUpX2HDji,SkEFXSIXCat
110,bEfUpX2HDji,zFShLriNlnd
111,bEfUpX2HDji,lxdu4lHq3lu
112,bEfUpX2HDji,rSr0r0CxwDE
113,bEfUpX2HDji,bsvfgDGBWVf
114,bEfUpX2HDji,z9wYYxDZM9V
115,tlFcM5mDr3l,El1WCLEfU1W
116,tlFcM5mDr3l,l5ZbmIi2S9X
117,tlFcM5mDr3l,JKMVQm6XWfV
118,tlFcM5mDr3l,g4FCIGEaLfK
119,tlFcM5mDr3l,bgWP5Glwczt
120,tlFcM5mDr3l,Ivg7ljkyFSq
121,tlFcM5mDr3l,RoQbHNMbM6I
122,tlFcM5mDr3l,PW5uGcI6QnG
123,tlFcM5mDr3l,We5lD17Va8z
124,tlFcM5mDr3l,iiHv5OA8ziN
125,tlFcM5mDr3l,HvqasxV9uCg
126,tlFcM5mDr3l,D4mjK10Olph
127,tlFcM5mDr3l,H13wis50FWc
128,tlFcM5mDr3l,iNxlIiFFANo
129,tlFcM5mDr3l,ZNUi3R8HPJS
130,tlFcM5mDr3l,yzExuznqOHX
131,QkHZuYQlRJU,NuGCerWN58O
132,QkHZuYQlRJU,rDIYMMteqBO
133,QkHZuYQlRJU,Os9njqZEjOb
134,QkHZuYQlRJU,EwFHO5G420a
135,QkHZuYQlRJU,suw2uRYvps1
136,QkHZuYQlRJU,PXZxiZcVelu
137,QkHZuYQlRJU,qMHtANd83kh
138,QkHZuYQlRJU,nuMYxrh0R2i
139,QkHZuYQlRJU,kBpgzphXpAR
140,QkHZuYQlRJU,tDRDjpo0YoL
141,QkHZuYQlRJU,aQ1xl7PpEBR
142,QkHZuYQlRJU,hQErX90w0QX
143,QkHZuYQlRJU,uTEkUkUPGlT
144,QkHZuYQlRJU,kAIFR5chGAF
145,QkHZuYQlRJU,Q6BZZU5OqUz
146,QkHZuYQlRJU,kE2hYoEOdKZ
147,QkHZuYQlRJU,YvuAd9YbUW1
148,QkHZuYQlRJU,hzxRKJVw1qz
149,QkHZuYQlRJU,TNRCya9Zcnm
150,QkHZuYQlRJU,IINRfWBo1HP
151,QkHZuYQlRJU,zHIgRxojTnV
152,QkHZuYQlRJU,wwyAx7XFJxl
153,QkHZuYQlRJU,KQym92Lq7PP
154,QkHZuYQlRJU,f0IY8VORiY9
155,QkHZuYQlRJU,k8HpYK6X99O
156,QkHZuYQlRJU,iCBAGYxk6nz
157,QkHZuYQlRJU,OLHl1lm5IdE
158,QkHZuYQlRJU,pr06vcGskap
159,QkHZuYQlRJU,jko8CGYBgS6
160,QkHZuYQlRJU,Pdi7bTTavv2
161,QkHZuYQlRJU,Xnvym8RgOAa
162,QkHZuYQlRJU,XTCaoKHZWd5
163,QkHZuYQlRJU,SkEFXSIXCat
164,QkHZuYQlRJU,zFShLriNlnd
165,QkHZuYQlRJU,lxdu4lHq3lu
166,QkHZuYQlRJU,rSr0r0CxwDE
167,QkHZuYQlRJU,bsvfgDGBWVf
168,QkHZuYQlRJU,z9wYYxDZM9V
169,uZLHKBBxuMA,NuGCerWN58O
170,uZLHKBBxuMA,rDIYMMteqBO
171,uZLHKBBxuMA,Os9njqZEjOb
172,uZLHKBBxuMA,EwFHO5G420a
173,uZLHKBBxuMA,suw2uRYvps1
174,uZLHKBBxuMA,PXZxiZcVelu
175,uZLHKBBxuMA,qMHtANd83kh
176,uZLHKBBxuMA,nuMYxrh0R2i
177,uZLHKBBxuMA,kBpgzphXpAR
178,uZLHKBBxuMA,tDRDjpo0YoL
179,uZLHKBBxuMA,aQ1xl7PpEBR
180,uZLHKBBxuMA,hQErX90w0QX
181,uZLHKBBxuMA,uTEkUkUPGlT
182,uZLHKBBxuMA,kAIFR5chGAF
183,uZLHKBBxuMA,Q6BZZU5OqUz
184,uZLHKBBxuMA,kE2hYoEOdKZ
185,uZLHKBBxuMA,YvuAd9YbUW1
186,uZLHKBBxuMA,hzxRKJVw1qz
187,uZLHKBBxuMA,TNRCya9Zcnm
188,uZLHKBBxuMA,IINRfWBo1HP
189,uZLHKBBxuMA,zHIgRxojTnV
190,uZLHKBBxuMA,wwyAx7XFJxl
191,uZLHKBBxuMA,KQym92Lq7PP
192,uZLHKBBxuMA,f0IY8VORiY9
193,uZLHKBBxuMA,k8HpYK6X99O
194,uZLHKBBxuMA,iCBAGYxk6nz
195,uZLHKBBxuMA,OLHl1lm5IdE
196,uZLHKBBxuMA,pr06vcGskap
197,uZLHKBBxuMA,jko8CGYBgS6
198,uZLHKBBxuMA,Pdi7bTTavv2
199,uZLHKBBxuMA,Xnvym8RgOAa
200,uZLHKBBxuMA,XTCaoKHZWd5
201,uZLHKBBxuMA,SkEFXSIXCat
202,uZLHKBBxuMA,zFShLriNlnd
203,uZLHKBBxuMA,lxdu4lHq3lu
204,uZLHKBBxuMA,rSr0r0CxwDE
205,uZLHKBBxuMA,bsvfgDGBWVf
206,uZLHKBBxuMA,z9wYYxDZM9V
207,GXHvMQ2APjN,NuGCerWN58O
208,GXHvMQ2APjN,rDIYMMteqBO
209,GXHvMQ2APjN,Os9njqZEjOb
210,GXHvMQ2APjN,EwFHO5G420a
211,GXHvMQ2APjN,suw2uRYvps1
212,GXHvMQ2APjN,PXZxiZcVelu
213,GXHvMQ2APjN,qMHtANd83kh
214,GXHvMQ2APjN,nuMYxrh0R2i
215,GXHvMQ2APjN,kBpgzphXpAR
216,GXHvMQ2APjN,tDRDjpo0YoL
217,GXHvMQ2APjN,aQ1xl7PpEBR
218,GXHvMQ2APjN,hQErX90w0QX
219,GXHvMQ2APjN,uTEkUkUPGlT
220,GXHvMQ2APjN,kAIFR5chGAF
221,GXHvMQ2APjN,Q6BZZU5OqUz
222,GXHvMQ2APjN,kE2hYoEOdKZ
223,GXHvMQ2APjN,YvuAd9YbUW1
224,GXHvMQ2APjN,hzxRKJVw1qz
225,GXHvMQ2APjN,TNRCya9Zcnm
226,GXHvMQ2APjN,IINRfWBo1HP
227,GXHvMQ2APjN,zHIgRxojTnV
228,GXHvMQ2APjN,wwyAx7XFJxl
229,GXHvMQ2APjN,KQym92Lq7PP
230,GXHvMQ2APjN,f0IY8VORiY9
231,GXHvMQ2APjN,k8HpYK6X99O
232,GXHvMQ2APjN,iCBAGYxk6nz
233,GXHvMQ2APjN,OLHl1lm5IdE
234,GXHvMQ2APjN,pr06vcGskap
235,GXHvMQ2APjN,jko8CGYBgS6
236,GXHvMQ2APjN,Pdi7bTTavv2
237,GXHvMQ2APjN,Xnvym8RgOAa
238,GXHvMQ2APjN,XTCaoKHZWd5
239,GXHvMQ2APjN,SkEFXSIXCat
240,GXHvMQ2APjN,zFShLriNlnd
241,GXHvMQ2APjN,lxdu4lHq3lu
242,GXHvMQ2APjN,rSr0r0CxwDE
243,GXHvMQ2APjN,bsvfgDGBWVf
244,GXHvMQ2APjN,z9wYYxDZM9V
245,FP8zauFYRAk,NuGCerWN58O
246,FP8zauFYRAk,rDIYMMteqBO
247,FP8zauFYRAk,Os9njqZEjOb
248,FP8zauFYRAk,EwFHO5G420a
249,FP8zauFYRAk,suw2uRYvps1
250,FP8zauFYRAk,PXZxiZcVelu
251,FP8zauFYRAk,qMHtANd83kh
252,FP8zauFYRAk,nuMYxrh0R2i
253,FP8zauFYRAk,kBpgzphXpAR
254,FP8zauFYRAk,tDRDjpo0YoL
255,FP8zauFYRAk,aQ1xl7PpEBR
256,FP8zauFYRAk,hQErX90w0QX
257,FP8zauFYRAk,uTEkUkUPGlT
258,FP8zauFYRAk,kAIFR5chGAF
259,FP8zauFYRAk,Q6BZZU5OqUz
260,FP8zauFYRAk,kE2hYoEOdKZ
261,FP8zauFYRAk,YvuAd9YbUW1
262,FP8zauFYRAk,hzxRKJVw1qz
263,FP8zauFYRAk,TNRCya9Zcnm
264,FP8zauFYRAk,IINRfWBo1HP
265,FP8zauFYRAk,zHIgRxojTnV
266,FP8zauFYRAk,wwyAx7XFJxl
267,FP8zauFYRAk,KQym92Lq7PP
268,FP8zauFYRAk,f0IY8VORiY9
269,FP8zauFYRAk,k8HpYK6X99O
270,FP8zauFYRAk,iCBAGYxk6nz
271,FP8zauFYRAk,OLHl1lm5IdE
272,FP8zauFYRAk,pr06vcGskap
273,FP8zauFYRAk,jko8CGYBgS6
274,FP8zauFYRAk,Pdi7bTTavv2
275,FP8zauFYRAk,Xnvym8RgOAa
276,FP8zauFYRAk,XTCaoKHZWd5
277,FP8zauFYRAk,SkEFXSIXCat
278,FP8zauFYRAk,zFShLriNlnd
279,FP8zauFYRAk,lxdu4lHq3lu
280,FP8zauFYRAk,rSr0r0CxwDE
281,FP8zauFYRAk,bsvfgDGBWVf
282,FP8zauFYRAk,z9wYYxDZM9V
283,PK6aEgGkcXy,NuGCerWN58O
284,PK6aEgGkcXy,rDIYMMteqBO
285,PK6aEgGkcXy,Os9njqZEjOb
286,PK6aEgGkcXy,EwFHO5G420a
287,PK6aEgGkcXy,suw2uRYvps1
288,PK6aEgGkcXy,PXZxiZcVelu
289,PK6aEgGkcXy,qMHtANd83kh
290,PK6aEgGkcXy,nuMYxrh0R2i
291,PK6aEgGkcXy,kBpgzphXpAR
292,PK6aEgGkcXy,tDRDjpo0YoL
293,PK6aEgGkcXy,aQ1xl7PpEBR
294,PK6aEgGkcXy,hQErX90w0QX
295,PK6aEgGkcXy,uTEkUkUPGlT
296,PK6aEgGkcXy,kAIFR5chGAF
297,PK6aEgGkcXy,Q6BZZU5OqUz
298,PK6aEgGkcXy,kE2hYoEOdKZ
299,PK6aEgGkcXy,YvuAd9YbUW1
300,PK6aEgGkcXy,hzxRKJVw1qz
301,PK6aEgGkcXy,TNRCya9Zcnm
302,PK6aEgGkcXy,IINRfWBo1HP
303,PK6aEgGkcXy,zHIgRxojTnV
304,PK6aEgGkcXy,wwyAx7XFJxl
305,PK6aEgGkcXy,KQym92Lq7PP
306,PK6aEgGkcXy,f0IY8VORiY9
307,PK6aEgGkcXy,k8HpYK6X99O
308,PK6aEgGkcXy,iCBAGYxk6nz
309,PK6aEgGkcXy,OLHl1lm5IdE
310,PK6aEgGkcXy,pr06vcGskap
311,PK6aEgGkcXy,jko8CGYBgS6
312,PK6aEgGkcXy,Pdi7bTTavv2
313,PK6aEgGkcXy,Xnvym8RgOAa
314,PK6aEgGkcXy,XTCaoKHZWd5
315,PK6aEgGkcXy,SkEFXSIXCat
316,PK6aEgGkcXy,zFShLriNlnd
317,PK6aEgGkcXy,lxdu4lHq3lu
318,PK6aEgGkcXy,rSr0r0CxwDE
319,PK6aEgGkcXy,bsvfgDGBWVf
320,PK6aEgGkcXy,z9wYYxDZM9V
321,hjeV9pJJD6y,NuGCerWN58O
322,hjeV9pJJD6y,rDIYMMteqBO
323,hjeV9pJJD6y,Os9njqZEjOb
324,hjeV9pJJD6y,EwFHO5G420a
325,hjeV9pJJD6y,suw2uRYvps1
326,hjeV9pJJD6y,PXZxiZcVelu
327,hjeV9pJJD6y,qMHtANd83kh
328,hjeV9pJJD6y,nuMYxrh0R2i
329,hjeV9pJJD6y,kBpgzphXpAR
330,hjeV9pJJD6y,tDRDjpo0YoL
331,hjeV9pJJD6y,aQ1xl7PpEBR
332,hjeV9pJJD6y,hQErX90w0QX
333,hjeV9pJJD6y,uTEkUkUPGlT
334,hjeV9pJJD6y,kAIFR5chGAF
335,hjeV9pJJD6y,Q6BZZU5OqUz
336,hjeV9pJJD6y,kE2hYoEOdKZ
337,hjeV9pJJD6y,YvuAd9YbUW1
338,hjeV9pJJD6y,hzxRKJVw1qz
339,hjeV9pJJD6y,TNRCya9Zcnm
340,hjeV9pJJD6y,IINRfWBo1HP
341,hjeV9pJJD6y,zHIgRxojTnV
342,hjeV9pJJD6y,wwyAx7XFJxl
343,hjeV9pJJD6y,KQym92Lq7PP
344,hjeV9pJJD6y,f0IY8VORiY9
345,hjeV9pJJD6y,k8HpYK6X99O
346,hjeV9pJJD6y,iCBAGYxk6nz
347,hjeV9pJJD6y,OLHl1lm5IdE
348,hjeV9pJJD6y,pr06vcGskap
349,hjeV9pJJD6y,jko8CGYBgS6
350,hjeV9pJJD6y,Pdi7bTTavv2
351,hjeV9pJJD6y,Xnvym8RgOAa
352,hjeV9pJJD6y,XTCaoKHZWd5
353,hjeV9pJJD6y,SkEFXSIXCat
354,hjeV9pJJD6y,zFShLriNlnd
355,hjeV9pJJD6y,lxdu4lHq3lu
356,hjeV9pJJD6y,rSr0r0CxwDE
357,hjeV9pJJD6y,bsvfgDGBWVf
358,hjeV9pJJD6y,z9wYYxDZM9V
359,NIh8jIEDuIV,NuGCerWN58O
360,NIh8jIEDuIV,rDIYMMteqBO
361,NIh8jIEDuIV,Os9njqZEjOb
362,NIh8jIEDuIV,EwFHO5G420a
363,NIh8jIEDuIV,suw2uRYvps1
364,NIh8jIEDuIV,PXZxiZcVelu
365,NIh8jIEDuIV,qMHtANd83kh
366,NIh8jIEDuIV,nuMYxrh0R2i
367,NIh8jIEDuIV,kBpgzphXpAR
368,NIh8jIEDuIV,tDRDjpo0YoL
369,NIh8jIEDuIV,aQ1xl7PpEBR
370,NIh8jIEDuIV,hQErX90w0QX
371,NIh8jIEDuIV,uTEkUkUPGlT
372,NIh8jIEDuIV,kAIFR5chGAF
373,NIh8jIEDuIV,Q6BZZU5OqUz
374,NIh8jIEDuIV,kE2hYoEOdKZ
375,NIh8jIEDuIV,YvuAd9YbUW1
376,NIh8jIEDuIV,hzxRKJVw1qz
377,NIh8jIEDuIV,TNRCya9Zcnm
378,NIh8jIEDuIV,IINRfWBo1HP
379,NIh8jIEDuIV,zHIgRxojTnV
380,NIh8jIEDuIV,wwyAx7XFJxl
381,NIh8jIEDuIV,KQym92Lq7PP
382,NIh8jIEDuIV,f0IY8VORiY9
383,NIh8jIEDuIV,k8HpYK6X99O
384,NIh8jIEDuIV,iCBAGYxk6nz
385,NIh8jIEDuIV,OLHl1lm5IdE
386,NIh8jIEDuIV,pr06vcGskap
387,NIh8jIEDuIV,jko8CGYBgS6
388,NIh8jIEDuIV,Pdi7bTTavv2
389,NIh8jIEDuIV,Xnvym8RgOAa
390,NIh8jIEDuIV,XTCaoKHZWd5
391,NIh8jIEDuIV,SkEFXSIXCat
392,NIh8jIEDuIV,zFShLriNlnd
393,NIh8jIEDuIV,lxdu4lHq3lu
394,NIh8jIEDuIV,rSr0r0CxwDE
395,NIh8jIEDuIV,bsvfgDGBWVf
396,NIh8jIEDuIV,z9wYYxDZM9V
397,q39JDfp2RhC,NuGCerWN58O
398,q39JDfp2RhC,rDIYMMteqBO
399,q39JDfp2RhC,Os9njqZEjOb
400,q39JDfp2RhC,EwFHO5G420a
401,q39JDfp2RhC,suw2uRYvps1
402,q39JDfp2RhC,PXZxiZcVelu
403,q39JDfp2RhC,qMHtANd83kh
404,q39JDfp2RhC,nuMYxrh0R2i
405,q39JDfp2RhC,kBpgzphXpAR
406,q39JDfp2RhC,tDRDjpo0YoL
407,q39JDfp2RhC,aQ1xl7PpEBR
408,q39JDfp2RhC,hQErX90w0QX
409,q39JDfp2RhC,uTEkUkUPGlT
410,q39JDfp2RhC,kAIFR5chGAF
411,q39JDfp2RhC,Q6BZZU5OqUz
412,q39JDfp2RhC,kE2hYoEOdKZ
413,q39JDfp2RhC,YvuAd9YbUW1
414,q39JDfp2RhC,hzxRKJVw1qz
415,q39JDfp2RhC,TNRCya9Zcnm
416,q39JDfp2RhC,IINRfWBo1HP
417,q39JDfp2RhC,zHIgRxojTnV
418,q39JDfp2RhC,wwyAx7XFJxl
419,q39JDfp2RhC,KQym92Lq7PP
420,q39JDfp2RhC,f0IY8VORiY9
421,q39JDfp2RhC,k8HpYK6X99O
422,q39JDfp2RhC,iCBAGYxk6nz
423,q39JDfp2RhC,OLHl1lm5IdE
424,q39JDfp2RhC,pr06vcGskap
425,q39JDfp2RhC,jko8CGYBgS6
426,q39JDfp2RhC,Pdi7bTTavv2
427,q39JDfp2RhC,Xnvym8RgOAa
428,q39JDfp2RhC,XTCaoKHZWd5
429,q39JDfp2RhC,SkEFXSIXCat
430,q39JDfp2RhC,zFShLriNlnd
431,q39JDfp2RhC,lxdu4lHq3lu
432,q39JDfp2RhC,rSr0r0CxwDE
433,q39JDfp2RhC,bsvfgDGBWVf
434,q39JDfp2RhC,z9wYYxDZM9V
435,bQw8khPr6Il,NuGCerWN58O
436,bQw8khPr6Il,rDIYMMteqBO
437,bQw8khPr6Il,Os9njqZEjOb
438,bQw8khPr6Il,EwFHO5G420a
439,bQw8khPr6Il,suw2uRYvps1
440,bQw8khPr6Il,PXZxiZcVelu
441,bQw8khPr6Il,qMHtANd83kh
442,bQw8khPr6Il,nuMYxrh0R2i
443,bQw8khPr6Il,kBpgzphXpAR
444,bQw8khPr6Il,tDRDjpo0YoL
445,bQw8khPr6Il,aQ1xl7PpEBR
446,bQw8khPr6Il,hQErX90w0QX
447,bQw8khPr6Il,uTEkUkUPGlT
448,bQw8khPr6Il,kAIFR5chGAF
449,bQw8khPr6Il,Q6BZZU5OqUz
450,bQw8khPr6Il,kE2hYoEOdKZ
451,bQw8khPr6Il,YvuAd9YbUW1
452,bQw8khPr6Il,hzxRKJVw1qz
453,bQw8khPr6Il,TNRCya9Zcnm
454,bQw8khPr6Il,IINRfWBo1HP
455,bQw8khPr6Il,zHIgRxojTnV
456,bQw8khPr6Il,wwyAx7XFJxl
457,bQw8khPr6Il,KQym92Lq7PP
458,bQw8khPr6Il,f0IY8VORiY9
459,bQw8khPr6Il,k8HpYK6X99O
460,bQw8khPr6Il,iCBAGYxk6nz
461,bQw8khPr6Il,OLHl1lm5IdE
462,bQw8khPr6Il,pr06vcGskap
463,bQw8khPr6Il,jko8CGYBgS6
464,bQw8khPr6Il,Pdi7bTTavv2
465,bQw8khPr6Il,Xnvym8RgOAa
466,bQw8khPr6Il,XTCaoKHZWd5
467,bQw8khPr6Il,SkEFXSIXCat
468,bQw8khPr6Il,zFShLriNlnd
469,bQw8khPr6Il,lxdu4lHq3lu
470,bQw8khPr6Il,rSr0r0CxwDE
471,bQw8khPr6Il,bsvfgDGBWVf
472,bQw8khPr6Il,z9wYYxDZM9V
473,VmVKCCYeHiF,NuGCerWN58O
474,VmVKCCYeHiF,rDIYMMteqBO
475,VmVKCCYeHiF,Os9njqZEjOb
476,VmVKCCYeHiF,EwFHO5G420a
477,VmVKCCYeHiF,suw2uRYvps1
478,VmVKCCYeHiF,PXZxiZcVelu
479,VmVKCCYeHiF,qMHtANd83kh
480,VmVKCCYeHiF,nuMYxrh0R2i
481,VmVKCCYeHiF,kBpgzphXpAR
482,VmVKCCYeHiF,tDRDjpo0YoL
483,VmVKCCYeHiF,aQ1xl7PpEBR
484,VmVKCCYeHiF,hQErX90w0QX
485,VmVKCCYeHiF,uTEkUkUPGlT
486,VmVKCCYeHiF,kAIFR5chGAF
487,VmVKCCYeHiF,Q6BZZU5OqUz
488,VmVKCCYeHiF,kE2hYoEOdKZ
489,VmVKCCYeHiF,YvuAd9YbUW1
490,VmVKCCYeHiF,hzxRKJVw1qz
491,VmVKCCYeHiF,TNRCya9Zcnm
492,VmVKCCYeHiF,IINRfWBo1HP
493,VmVKCCYeHiF,zHIgRxojTnV
494,VmVKCCYeHiF,wwyAx7XFJxl
495,VmVKCCYeHiF,KQym92Lq7PP
496,VmVKCCYeHiF,f0IY8VORiY9
497,VmVKCCYeHiF,k8HpYK6X99O
498,VmVKCCYeHiF,iCBAGYxk6nz
499,VmVKCCYeHiF,OLHl1lm5IdE
500,VmVKCCYeHiF,pr06vcGskap
501,VmVKCCYeHiF,jko8CGYBgS6
502,VmVKCCYeHiF,Pdi7bTTavv2
503,VmVKCCYeHiF,Xnvym8RgOAa
504,VmVKCCYeHiF,XTCaoKHZWd5
505,VmVKCCYeHiF,SkEFXSIXCat
506,VmVKCCYeHiF,zFShLriNlnd
507,VmVKCCYeHiF,lxdu4lHq3lu
508,VmVKCCYeHiF,rSr0r0CxwDE
509,VmVKCCYeHiF,bsvfgDGBWVf
510,VmVKCCYeHiF,z9wYYxDZM9V
511,ElPJE2cN396,NuGCerWN58O
512,ElPJE2cN396,rDIYMMteqBO
513,ElPJE2cN396,Os9njqZEjOb
514,ElPJE2cN396,EwFHO5G420a
515,ElPJE2cN396,suw2uRYvps1
516,ElPJE2cN396,PXZxiZcVelu
517,ElPJE2cN396,qMHtANd83kh
518,ElPJE2cN396,nuMYxrh0R2i
519,ElPJE2cN396,kBpgzphXpAR
520,ElPJE2cN396,tDRDjpo0YoL
521,ElPJE2cN396,aQ1xl7PpEBR
522,ElPJE2cN396,hQErX90w0QX
523,ElPJE2cN396,uTEkUkUPGlT
524,ElPJE2cN396,kAIFR5chGAF
525,ElPJE2cN396,Q6BZZU5OqUz
526,ElPJE2cN396,kE2hYoEOdKZ
527,ElPJE2cN396,YvuAd9YbUW1
528,ElPJE2cN396,hzxRKJVw1qz
529,ElPJE2cN396,TNRCya9Zcnm
530,ElPJE2cN396,IINRfWBo1HP
531,ElPJE2cN396,zHIgRxojTnV
532,ElPJE2cN396,wwyAx7XFJxl
533,ElPJE2cN396,KQym92Lq7PP
534,ElPJE2cN396,f0IY8VORiY9
535,ElPJE2cN396,k8HpYK6X99O
536,ElPJE2cN396,iCBAGYxk6nz
537,ElPJE2cN396,OLHl1lm5IdE
538,ElPJE2cN396,pr06vcGskap
539,ElPJE2cN396,jko8CGYBgS6
540,ElPJE2cN396,Pdi7bTTavv2
541,ElPJE2cN396,Xnvym8RgOAa
542,ElPJE2cN396,XTCaoKHZWd5
543,ElPJE2cN396,SkEFXSIXCat
544,ElPJE2cN396,zFShLriNlnd
545,ElPJE2cN396,lxdu4lHq3lu
546,ElPJE2cN396,rSr0r0CxwDE
547,ElPJE2cN396,bsvfgDGBWVf
548,ElPJE2cN396,z9wYYxDZM9V
549,QKl0I3w2rWV,NuGCerWN58O
550,QKl0I3w2rWV,rDIYMMteqBO
551,QKl0I3w2rWV,Os9njqZEjOb
552,QKl0I3w2rWV,EwFHO5G420a
553,QKl0I3w2rWV,suw2uRYvps1
554,QKl0I3w2rWV,PXZxiZcVelu
555,QKl0I3w2rWV,qMHtANd83kh
556,QKl0I3w2rWV,nuMYxrh0R2i
557,QKl0I3w2rWV,kBpgzphXpAR
558,QKl0I3w2rWV,tDRDjpo0YoL
559,QKl0I3w2rWV,aQ1xl7PpEBR
560,QKl0I3w2rWV,hQErX90w0QX
561,QKl0I3w2rWV,uTEkUkUPGlT
562,QKl0I3w2rWV,kAIFR5chGAF
563,QKl0I3w2rWV,Q6BZZU5OqUz
564,QKl0I3w2rWV,kE2hYoEOdKZ
565,QKl0I3w2rWV,YvuAd9YbUW1
566,QKl0I3w2rWV,hzxRKJVw1qz
567,QKl0I3w2rWV,TNRCya9Zcnm
568,QKl0I3w2rWV,IINRfWBo1HP
569,QKl0I3w2rWV,zHIgRxojTnV
570,QKl0I3w2rWV,wwyAx7XFJxl
571,QKl0I3w2rWV,KQym92Lq7PP
572,QKl0I3w2rWV,f0IY8VORiY9
573,QKl0I3w2rWV,k8HpYK6X99O
574,QKl0I3w2rWV,iCBAGYxk6nz
575,QKl0I3w2rWV,OLHl1lm5IdE
576,QKl0I3w2rWV,pr06vcGskap
577,QKl0I3w2rWV,jko8CGYBgS6
578,QKl0I3w2rWV,Pdi7bTTavv2
579,QKl0I3w2rWV,Xnvym8RgOAa
580,QKl0I3w2rWV,XTCaoKHZWd5
581,QKl0I3w2rWV,SkEFXSIXCat
582,QKl0I3w2rWV,zFShLriNlnd
583,QKl0I3w2rWV,lxdu4lHq3lu
584,QKl0I3w2rWV,rSr0r0CxwDE
585,QKl0I3w2rWV,bsvfgDGBWVf
586,QKl0I3w2rWV,z9wYYxDZM9V
587,B1ZuDMZvjia,NhaCkK1zH9U
588,B1ZuDMZvjia,Vw05E7W9pGH
589,B1ZuDMZvjia,ZmDRpouk1Pf
590,B1ZuDMZvjia,DzD38k4YAqv
591,B1ZuDMZvjia,JCTWaWIToIm
592,B1ZuDMZvjia,cUhvdMpVZEL
593,B1ZuDMZvjia,swuPAWtLMIx
594,B1ZuDMZvjia,spQ43sM4seo
595,B1ZuDMZvjia,Ucc8ax90Wss
596,B1ZuDMZvjia,hIIg7SjaPlu
597,B1ZuDMZvjia,mAVXU4qekYI
598,B1ZuDMZvjia,Hs7ahtn8D2h
599,B1ZuDMZvjia,lt2RiSc1F5h
600,B1ZuDMZvjia,hQYaFWtsiEQ
601,B1ZuDMZvjia,V6XVOjhLEwA
602,B1ZuDMZvjia,QS8euMeXUNm
603,B1ZuDMZvjia,r51DzYZiHDg
604,B1ZuDMZvjia,TdFTHypaqWp
605,YeZvkmoBekI,s1Q38Ll9WxL
606,YeZvkmoBekI,lPmhlMRtquO
607,YeZvkmoBekI,m2TeadmNFyj
608,YeZvkmoBekI,rj9IJdHjZpH
609,YeZvkmoBekI,wPY4HF1hPKn
610,YeZvkmoBekI,ENA3tZYMEs4
611,YeZvkmoBekI,P5Ha0aIoR1p
612,YeZvkmoBekI,LhZGxQ7MTRf
613,YeZvkmoBekI,GubYOBYVxvo
614,YeZvkmoBekI,El1WCLEfU1W
615,YeZvkmoBekI,l5ZbmIi2S9X
616,YeZvkmoBekI,JKMVQm6XWfV
617,YeZvkmoBekI,g4FCIGEaLfK
618,YeZvkmoBekI,bgWP5Glwczt
619,YeZvkmoBekI,Ivg7ljkyFSq
620,YeZvkmoBekI,RoQbHNMbM6I
621,YeZvkmoBekI,PW5uGcI6QnG
622,YeZvkmoBekI,We5lD17Va8z
623,YeZvkmoBekI,iiHv5OA8ziN
624,YeZvkmoBekI,HvqasxV9uCg
625,YeZvkmoBekI,D4mjK10Olph
626,YeZvkmoBekI,H13wis50FWc
627,YeZvkmoBekI,iNxlIiFFANo
628,YeZvkmoBekI,ZNUi3R8HPJS
629,YeZvkmoBekI,yzExuznqOHX
630,CbaMIIppTA2,NuGCerWN58O
631,CbaMIIppTA2,rDIYMMteqBO
632,CbaMIIppTA2,Os9njqZEjOb
633,CbaMIIppTA2,EwFHO5G420a
634,CbaMIIppTA2,suw2uRYvps1
635,CbaMIIppTA2,PXZxiZcVelu
636,CbaMIIppTA2,qMHtANd83kh
637,CbaMIIppTA2,nuMYxrh0R2i
638,CbaMIIppTA2,kBpgzphXpAR
639,CbaMIIppTA2,tDRDjpo0YoL
640,CbaMIIppTA2,aQ1xl7PpEBR
641,CbaMIIppTA2,hQErX90w0QX
642,CbaMIIppTA2,uTEkUkUPGlT
643,CbaMIIppTA2,kAIFR5chGAF
644,CbaMIIppTA2,Q6BZZU5OqUz
645,CbaMIIppTA2,kE2hYoEOdKZ
646,CbaMIIppTA2,YvuAd9YbUW1
647,CbaMIIppTA2,hzxRKJVw1qz
648,CbaMIIppTA2,TNRCya9Zcnm
649,CbaMIIppTA2,IINRfWBo1HP
650,CbaMIIppTA2,zHIgRxojTnV
651,CbaMIIppTA2,wwyAx7XFJxl
652,CbaMIIppTA2,KQym92Lq7PP
653,CbaMIIppTA2,f0IY8VORiY9
654,CbaMIIppTA2,k8HpYK6X99O
655,CbaMIIppTA2,iCBAGYxk6nz
656,CbaMIIppTA2,OLHl1lm5IdE
657,CbaMIIppTA2,pr06vcGskap
658,CbaMIIppTA2,jko8CGYBgS6
659,CbaMIIppTA2,Pdi7bTTavv2
660,CbaMIIppTA2,Xnvym8RgOAa
661,CbaMIIppTA2,XTCaoKHZWd5
662,CbaMIIppTA2,SkEFXSIXCat
663,CbaMIIppTA2,zFShLriNlnd
664,CbaMIIppTA2,lxdu4lHq3lu
665,CbaMIIppTA2,rSr0r0CxwDE
666,CbaMIIppTA2,bsvfgDGBWVf
667,CbaMIIppTA2,z9wYYxDZM9V
668,FXFaZXRdos1,NuGCerWN58O
669,FXFaZXRdos1,rDIYMMteqBO
670,FXFaZXRdos1,Os9njqZEjOb
671,FXFaZXRdos1,EwFHO5G420a
672,FXFaZXRdos1,suw2uRYvps1
673,FXFaZXRdos1,PXZxiZcVelu
674,FXFaZXRdos1,qMHtANd83kh
675,FXFaZXRdos1,nuMYxrh0R2i
676,FXFaZXRdos1,kBpgzphXpAR
677,FXFaZXRdos1,tDRDjpo0YoL
678,FXFaZXRdos1,aQ1xl7PpEBR
679,FXFaZXRdos1,hQErX90w0QX
680,FXFaZXRdos1,uTEkUkUPGlT
681,FXFaZXRdos1,kAIFR5chGAF
682,FXFaZXRdos1,Q6BZZU5OqUz
683,FXFaZXRdos1,kE2hYoEOdKZ
684,FXFaZXRdos1,YvuAd9YbUW1
685,FXFaZXRdos1,hzxRKJVw1qz
686,FXFaZXRdos1,TNRCya9Zcnm
687,FXFaZXRdos1,IINRfWBo1HP
688,FXFaZXRdos1,zHIgRxojTnV
689,FXFaZXRdos1,wwyAx7XFJxl
690,FXFaZXRdos1,KQym92Lq7PP
691,FXFaZXRdos1,f0IY8VORiY9
692,FXFaZXRdos1,k8HpYK6X99O
693,FXFaZXRdos1,iCBAGYxk6nz
694,FXFaZXRdos1,OLHl1lm5IdE
695,FXFaZXRdos1,pr06vcGskap
696,FXFaZXRdos1,jko8CGYBgS6
697,FXFaZXRdos1,Pdi7bTTavv2
698,FXFaZXRdos1,Xnvym8RgOAa
699,FXFaZXRdos1,XTCaoKHZWd5
700,FXFaZXRdos1,SkEFXSIXCat
701,FXFaZXRdos1,zFShLriNlnd
702,FXFaZXRdos1,lxdu4lHq3lu
703,FXFaZXRdos1,rSr0r0CxwDE
704,FXFaZXRdos1,bsvfgDGBWVf
705,FXFaZXRdos1,z9wYYxDZM9V
706,KKEwuN4Cu2r,NuGCerWN58O
707,KKEwuN4Cu2r,rDIYMMteqBO
708,KKEwuN4Cu2r,Os9njqZEjOb
709,KKEwuN4Cu2r,EwFHO5G420a
710,KKEwuN4Cu2r,suw2uRYvps1
711,KKEwuN4Cu2r,PXZxiZcVelu
712,KKEwuN4Cu2r,qMHtANd83kh
713,KKEwuN4Cu2r,nuMYxrh0R2i
714,KKEwuN4Cu2r,kBpgzphXpAR
715,KKEwuN4Cu2r,tDRDjpo0YoL
716,KKEwuN4Cu2r,aQ1xl7PpEBR
717,KKEwuN4Cu2r,hQErX90w0QX
718,KKEwuN4Cu2r,uTEkUkUPGlT
719,KKEwuN4Cu2r,kAIFR5chGAF
720,KKEwuN4Cu2r,Q6BZZU5OqUz
721,KKEwuN4Cu2r,kE2hYoEOdKZ
722,KKEwuN4Cu2r,YvuAd9YbUW1
723,KKEwuN4Cu2r,hzxRKJVw1qz
724,KKEwuN4Cu2r,TNRCya9Zcnm
725,KKEwuN4Cu2r,IINRfWBo1HP
726,KKEwuN4Cu2r,zHIgRxojTnV
727,KKEwuN4Cu2r,wwyAx7XFJxl
728,KKEwuN4Cu2r,KQym92Lq7PP
729,KKEwuN4Cu2r,f0IY8VORiY9
730,KKEwuN4Cu2r,k8HpYK6X99O
731,KKEwuN4Cu2r,iCBAGYxk6nz
732,KKEwuN4Cu2r,OLHl1lm5IdE
733,KKEwuN4Cu2r,pr06vcGskap
734,KKEwuN4Cu2r,jko8CGYBgS6
735,KKEwuN4Cu2r,Pdi7bTTavv2
736,KKEwuN4Cu2r,Xnvym8RgOAa
737,KKEwuN4Cu2r,XTCaoKHZWd5
738,KKEwuN4Cu2r,SkEFXSIXCat
739,KKEwuN4Cu2r,zFShLriNlnd
740,KKEwuN4Cu2r,lxdu4lHq3lu
741,KKEwuN4Cu2r,rSr0r0CxwDE
742,KKEwuN4Cu2r,bsvfgDGBWVf
743,KKEwuN4Cu2r,z9wYYxDZM9V
744,ixjLXValrE6,NuGCerWN58O
745,ixjLXValrE6,rDIYMMteqBO
746,ixjLXValrE6,Os9njqZEjOb
747,ixjLXValrE6,EwFHO5G420a
748,ixjLXValrE6,suw2uRYvps1
749,ixjLXValrE6,PXZxiZcVelu
750,ixjLXValrE6,qMHtANd83kh
751,ixjLXValrE6,nuMYxrh0R2i
752,ixjLXValrE6,kBpgzphXpAR
753,ixjLXValrE6,tDRDjpo0YoL
754,ixjLXValrE6,aQ1xl7PpEBR
755,ixjLXValrE6,hQErX90w0QX
756,ixjLXValrE6,uTEkUkUPGlT
757,ixjLXValrE6,kAIFR5chGAF
758,ixjLXValrE6,Q6BZZU5OqUz
759,ixjLXValrE6,kE2hYoEOdKZ
760,ixjLXValrE6,YvuAd9YbUW1
761,ixjLXValrE6,hzxRKJVw1qz
762,ixjLXValrE6,TNRCya9Zcnm
763,ixjLXValrE6,IINRfWBo1HP
764,ixjLXValrE6,zHIgRxojTnV
765,ixjLXValrE6,wwyAx7XFJxl
766,ixjLXValrE6,KQym92Lq7PP
767,ixjLXValrE6,f0IY8VORiY9
768,ixjLXValrE6,k8HpYK6X99O
769,ixjLXValrE6,iCBAGYxk6nz
770,ixjLXValrE6,OLHl1lm5IdE
771,ixjLXValrE6,pr06vcGskap
772,ixjLXValrE6,jko8CGYBgS6
773,ixjLXValrE6,Pdi7bTTavv2
774,ixjLXValrE6,Xnvym8RgOAa
775,ixjLXValrE6,XTCaoKHZWd5
776,ixjLXValrE6,SkEFXSIXCat
777,ixjLXValrE6,zFShLriNlnd
778,ixjLXValrE6,lxdu4lHq3lu
779,ixjLXValrE6,rSr0r0CxwDE
780,ixjLXValrE6,bsvfgDGBWVf
781,ixjLXValrE6,z9wYYxDZM9V
782,HrQW6mAJFzZ,NhaCkK1zH9U
783,HrQW6mAJFzZ,Vw05E7W9pGH
784,HrQW6mAJFzZ,ZmDRpouk1Pf
785,HrQW6mAJFzZ,DzD38k4YAqv
786,HrQW6mAJFzZ,JCTWaWIToIm
787,HrQW6mAJFzZ,cUhvdMpVZEL
788,HrQW6mAJFzZ,swuPAWtLMIx
789,HrQW6mAJFzZ,spQ43sM4seo
790,HrQW6mAJFzZ,Ucc8ax90Wss
791,HrQW6mAJFzZ,hIIg7SjaPlu
792,HrQW6mAJFzZ,mAVXU4qekYI
793,HrQW6mAJFzZ,Hs7ahtn8D2h
794,HrQW6mAJFzZ,lt2RiSc1F5h
795,HrQW6mAJFzZ,hQYaFWtsiEQ
796,HrQW6mAJFzZ,V6XVOjhLEwA
797,HrQW6mAJFzZ,QS8euMeXUNm
798,HrQW6mAJFzZ,r51DzYZiHDg
799,HrQW6mAJFzZ,TdFTHypaqWp
800,bzvI9PS11f8,zYDFMYwl3j9
801,bzvI9PS11f8,cxONGtEdXac
802,pzajZC9a3Yp,NuGCerWN58O
803,pzajZC9a3Yp,rDIYMMteqBO
804,pzajZC9a3Yp,Os9njqZEjOb
805,pzajZC9a3Yp,EwFHO5G420a
806,pzajZC9a3Yp,suw2uRYvps1
807,pzajZC9a3Yp,PXZxiZcVelu
808,pzajZC9a3Yp,qMHtANd83kh
809,pzajZC9a3Yp,nuMYxrh0R2i
810,pzajZC9a3Yp,kBpgzphXpAR
811,pzajZC9a3Yp,tDRDjpo0YoL
812,pzajZC9a3Yp,aQ1xl7PpEBR
813,pzajZC9a3Yp,hQErX90w0QX
814,pzajZC9a3Yp,uTEkUkUPGlT
815,pzajZC9a3Yp,kAIFR5chGAF
816,pzajZC9a3Yp,Q6BZZU5OqUz
817,pzajZC9a3Yp,kE2hYoEOdKZ
818,pzajZC9a3Yp,YvuAd9YbUW1
819,pzajZC9a3Yp,hzxRKJVw1qz
820,pzajZC9a3Yp,TNRCya9Zcnm
821,pzajZC9a3Yp,IINRfWBo1HP
822,pzajZC9a3Yp,zHIgRxojTnV
823,pzajZC9a3Yp,wwyAx7XFJxl
824,pzajZC9a3Yp,KQym92Lq7PP
825,pzajZC9a3Yp,f0IY8VORiY9
826,pzajZC9a3Yp,k8HpYK6X99O
827,pzajZC9a3Yp,iCBAGYxk6nz
828,pzajZC9a3Yp,OLHl1lm5IdE
829,pzajZC9a3Yp,pr06vcGskap
830,pzajZC9a3Yp,jko8CGYBgS6
831,pzajZC9a3Yp,Pdi7bTTavv2
832,pzajZC9a3Yp,Xnvym8RgOAa
833,pzajZC9a3Yp,XTCaoKHZWd5
834,pzajZC9a3Yp,SkEFXSIXCat
835,pzajZC9a3Yp,zFShLriNlnd
836,pzajZC9a3Yp,lxdu4lHq3lu
837,pzajZC9a3Yp,rSr0r0CxwDE
838,pzajZC9a3Yp,bsvfgDGBWVf
839,pzajZC9a3Yp,z9wYYxDZM9V
840,TGZeRqNtLMc,NuGCerWN58O
841,TGZeRqNtLMc,rDIYMMteqBO
842,TGZeRqNtLMc,Os9njqZEjOb
843,TGZeRqNtLMc,EwFHO5G420a
844,TGZeRqNtLMc,suw2uRYvps1
845,TGZeRqNtLMc,PXZxiZcVelu
846,TGZeRqNtLMc,qMHtANd83kh
847,TGZeRqNtLMc,nuMYxrh0R2i
848,TGZeRqNtLMc,kBpgzphXpAR
849,TGZeRqNtLMc,tDRDjpo0YoL
850,TGZeRqNtLMc,aQ1xl7PpEBR
851,TGZeRqNtLMc,hQErX90w0QX
852,TGZeRqNtLMc,uTEkUkUPGlT
853,TGZeRqNtLMc,kAIFR5chGAF
854,TGZeRqNtLMc,Q6BZZU5OqUz
855,TGZeRqNtLMc,kE2hYoEOdKZ
856,TGZeRqNtLMc,YvuAd9YbUW1
857,TGZeRqNtLMc,hzxRKJVw1qz
858,TGZeRqNtLMc,TNRCya9Zcnm
859,TGZeRqNtLMc,IINRfWBo1HP
860,TGZeRqNtLMc,zHIgRxojTnV
861,TGZeRqNtLMc,wwyAx7XFJxl
862,TGZeRqNtLMc,KQym92Lq7PP
863,TGZeRqNtLMc,f0IY8VORiY9
864,TGZeRqNtLMc,k8HpYK6X99O
865,TGZeRqNtLMc,iCBAGYxk6nz
866,TGZeRqNtLMc,OLHl1lm5IdE
867,TGZeRqNtLMc,pr06vcGskap
868,TGZeRqNtLMc,jko8CGYBgS6
869,TGZeRqNtLMc,Pdi7bTTavv2
870,TGZeRqNtLMc,Xnvym8RgOAa
871,TGZeRqNtLMc,XTCaoKHZWd5
872,TGZeRqNtLMc,SkEFXSIXCat
873,TGZeRqNtLMc,zFShLriNlnd
874,TGZeRqNtLMc,lxdu4lHq3lu
875,TGZeRqNtLMc,rSr0r0CxwDE
876,TGZeRqNtLMc,bsvfgDGBWVf
877,TGZeRqNtLMc,z9wYYxDZM9V
878,lkZ8D4YmiGm,NuGCerWN58O
879,lkZ8D4YmiGm,rDIYMMteqBO
880,lkZ8D4YmiGm,Os9njqZEjOb
881,lkZ8D4YmiGm,EwFHO5G420a
882,lkZ8D4YmiGm,suw2uRYvps1
883,lkZ8D4YmiGm,PXZxiZcVelu
884,lkZ8D4YmiGm,qMHtANd83kh
885,lkZ8D4YmiGm,nuMYxrh0R2i
886,lkZ8D4YmiGm,kBpgzphXpAR
887,lkZ8D4YmiGm,tDRDjpo0YoL
888,lkZ8D4YmiGm,aQ1xl7PpEBR
889,lkZ8D4YmiGm,hQErX90w0QX
890,lkZ8D4YmiGm,uTEkUkUPGlT
891,lkZ8D4YmiGm,kAIFR5chGAF
892,lkZ8D4YmiGm,Q6BZZU5OqUz
893,lkZ8D4YmiGm,kE2hYoEOdKZ
894,lkZ8D4YmiGm,YvuAd9YbUW1
895,lkZ8D4YmiGm,hzxRKJVw1qz
896,lkZ8D4YmiGm,TNRCya9Zcnm
897,lkZ8D4YmiGm,IINRfWBo1HP
898,lkZ8D4YmiGm,zHIgRxojTnV
899,lkZ8D4YmiGm,wwyAx7XFJxl
900,lkZ8D4YmiGm,KQym92Lq7PP
901,lkZ8D4YmiGm,f0IY8VORiY9
902,lkZ8D4YmiGm,k8HpYK6X99O
903,lkZ8D4YmiGm,iCBAGYxk6nz
904,lkZ8D4YmiGm,OLHl1lm5IdE
905,lkZ8D4YmiGm,pr06vcGskap
906,lkZ8D4YmiGm,jko8CGYBgS6
907,lkZ8D4YmiGm,Pdi7bTTavv2
908,lkZ8D4YmiGm,Xnvym8RgOAa
909,lkZ8D4YmiGm,XTCaoKHZWd5
910,lkZ8D4YmiGm,SkEFXSIXCat
911,lkZ8D4YmiGm,zFShLriNlnd
912,lkZ8D4YmiGm,lxdu4lHq3lu
913,lkZ8D4YmiGm,rSr0r0CxwDE
914,lkZ8D4YmiGm,bsvfgDGBWVf
915,lkZ8D4YmiGm,z9wYYxDZM9V
916,ECgeqIAKq61,NuGCerWN58O
917,ECgeqIAKq61,rDIYMMteqBO
918,ECgeqIAKq61,Os9njqZEjOb
919,ECgeqIAKq61,EwFHO5G420a
920,ECgeqIAKq61,suw2uRYvps1
921,ECgeqIAKq61,PXZxiZcVelu
922,ECgeqIAKq61,qMHtANd83kh
923,ECgeqIAKq61,nuMYxrh0R2i
924,ECgeqIAKq61,kBpgzphXpAR
925,ECgeqIAKq61,tDRDjpo0YoL
926,ECgeqIAKq61,aQ1xl7PpEBR
927,ECgeqIAKq61,hQErX90w0QX
928,ECgeqIAKq61,uTEkUkUPGlT
929,ECgeqIAKq61,kAIFR5chGAF
930,ECgeqIAKq61,Q6BZZU5OqUz
931,ECgeqIAKq61,kE2hYoEOdKZ
932,ECgeqIAKq61,YvuAd9YbUW1
933,ECgeqIAKq61,hzxRKJVw1qz
934,ECgeqIAKq61,TNRCya9Zcnm
935,ECgeqIAKq61,IINRfWBo1HP
936,ECgeqIAKq61,zHIgRxojTnV
937,ECgeqIAKq61,wwyAx7XFJxl
938,ECgeqIAKq61,KQym92Lq7PP
939,ECgeqIAKq61,f0IY8VORiY9
940,ECgeqIAKq61,k8HpYK6X99O
941,ECgeqIAKq61,iCBAGYxk6nz
942,ECgeqIAKq61,OLHl1lm5IdE
943,ECgeqIAKq61,pr06vcGskap
944,ECgeqIAKq61,jko8CGYBgS6
945,ECgeqIAKq61,Pdi7bTTavv2
946,ECgeqIAKq61,Xnvym8RgOAa
947,ECgeqIAKq61,XTCaoKHZWd5
948,ECgeqIAKq61,SkEFXSIXCat
949,ECgeqIAKq61,zFShLriNlnd
950,ECgeqIAKq61,lxdu4lHq3lu
951,ECgeqIAKq61,rSr0r0CxwDE
952,ECgeqIAKq61,bsvfgDGBWVf
953,ECgeqIAKq61,z9wYYxDZM9V
954,UdjfaZc0By2,NuGCerWN58O
955,UdjfaZc0By2,rDIYMMteqBO
956,UdjfaZc0By2,Os9njqZEjOb
957,UdjfaZc0By2,EwFHO5G420a
958,UdjfaZc0By2,suw2uRYvps1
959,UdjfaZc0By2,PXZxiZcVelu
960,UdjfaZc0By2,qMHtANd83kh
961,UdjfaZc0By2,nuMYxrh0R2i
962,UdjfaZc0By2,kBpgzphXpAR
963,UdjfaZc0By2,tDRDjpo0YoL
964,UdjfaZc0By2,aQ1xl7PpEBR
965,UdjfaZc0By2,hQErX90w0QX
966,UdjfaZc0By2,uTEkUkUPGlT
967,UdjfaZc0By2,kAIFR5chGAF
968,UdjfaZc0By2,Q6BZZU5OqUz
969,UdjfaZc0By2,kE2hYoEOdKZ
970,UdjfaZc0By2,YvuAd9YbUW1
971,UdjfaZc0By2,hzxRKJVw1qz
972,UdjfaZc0By2,TNRCya9Zcnm
973,UdjfaZc0By2,IINRfWBo1HP
974,UdjfaZc0By2,zHIgRxojTnV
975,UdjfaZc0By2,wwyAx7XFJxl
976,UdjfaZc0By2,KQym92Lq7PP
977,UdjfaZc0By2,f0IY8VORiY9
978,UdjfaZc0By2,k8HpYK6X99O
979,UdjfaZc0By2,iCBAGYxk6nz
980,UdjfaZc0By2,OLHl1lm5IdE
981,UdjfaZc0By2,pr06vcGskap
982,UdjfaZc0By2,jko8CGYBgS6
983,UdjfaZc0By2,Pdi7bTTavv2
984,UdjfaZc0By2,Xnvym8RgOAa
985,UdjfaZc0By2,XTCaoKHZWd5
986,UdjfaZc0By2,SkEFXSIXCat
987,UdjfaZc0By2,zFShLriNlnd
988,UdjfaZc0By2,lxdu4lHq3lu
989,UdjfaZc0By2,rSr0r0CxwDE
990,UdjfaZc0By2,bsvfgDGBWVf
991,UdjfaZc0By2,z9wYYxDZM9V
992,AA4ynk0vo2W,NhaCkK1zH9U
993,AA4ynk0vo2W,Vw05E7W9pGH
994,AA4ynk0vo2W,ZmDRpouk1Pf
995,AA4ynk0vo2W,DzD38k4YAqv
996,AA4ynk0vo2W,JCTWaWIToIm
997,AA4ynk0vo2W,cUhvdMpVZEL
998,AA4ynk0vo2W,swuPAWtLMIx
999,AA4ynk0vo2W,spQ43sM4seo
1000,AA4ynk0vo2W,Ucc8ax90Wss
1001,AA4ynk0vo2W,hIIg7SjaPlu
1002,AA4ynk0vo2W,mAVXU4qekYI
1003,AA4ynk0vo2W,Hs7ahtn8D2h
1004,AA4ynk0vo2W,lt2RiSc1F5h
1005,AA4ynk0vo2W,hQYaFWtsiEQ
1006,AA4ynk0vo2W,V6XVOjhLEwA
1007,AA4ynk0vo2W,QS8euMeXUNm
1008,AA4ynk0vo2W,r51DzYZiHDg
1009,AA4ynk0vo2W,TdFTHypaqWp
1010,PrMFixkRYFr,zYDFMYwl3j9
1011,PrMFixkRYFr,cxONGtEdXac
1012,OMTjQbzZEIZ,NhaCkK1zH9U
1013,OMTjQbzZEIZ,Vw05E7W9pGH
1014,OMTjQbzZEIZ,ZmDRpouk1Pf
1015,OMTjQbzZEIZ,DzD38k4YAqv
1016,OMTjQbzZEIZ,JCTWaWIToIm
1017,OMTjQbzZEIZ,cUhvdMpVZEL
1018,OMTjQbzZEIZ,swuPAWtLMIx
1019,OMTjQbzZEIZ,spQ43sM4seo
1020,OMTjQbzZEIZ,Ucc8ax90Wss
1021,OMTjQbzZEIZ,hIIg7SjaPlu
1022,OMTjQbzZEIZ,mAVXU4qekYI
1023,OMTjQbzZEIZ,Hs7ahtn8D2h
1024,OMTjQbzZEIZ,lt2RiSc1F5h
1025,OMTjQbzZEIZ,hQYaFWtsiEQ
1026,OMTjQbzZEIZ,V6XVOjhLEwA
1027,OMTjQbzZEIZ,QS8euMeXUNm
1028,OMTjQbzZEIZ,r51DzYZiHDg
1029,OMTjQbzZEIZ,TdFTHypaqWp
1030,lkV8iGnIlx7,NuGCerWN58O
1031,lkV8iGnIlx7,rDIYMMteqBO
1032,lkV8iGnIlx7,Os9njqZEjOb
1033,lkV8iGnIlx7,EwFHO5G420a
1034,lkV8iGnIlx7,suw2uRYvps1
1035,lkV8iGnIlx7,PXZxiZcVelu
1036,lkV8iGnIlx7,qMHtANd83kh
1037,lkV8iGnIlx7,nuMYxrh0R2i
1038,lkV8iGnIlx7,kBpgzphXpAR
1039,lkV8iGnIlx7,tDRDjpo0YoL
1040,lkV8iGnIlx7,aQ1xl7PpEBR
1041,lkV8iGnIlx7,hQErX90w0QX
1042,lkV8iGnIlx7,uTEkUkUPGlT
1043,lkV8iGnIlx7,kAIFR5chGAF
1044,lkV8iGnIlx7,Q6BZZU5OqUz
1045,lkV8iGnIlx7,kE2hYoEOdKZ
1046,lkV8iGnIlx7,YvuAd9YbUW1
1047,lkV8iGnIlx7,hzxRKJVw1qz
1048,lkV8iGnIlx7,TNRCya9Zcnm
1049,lkV8iGnIlx7,IINRfWBo1HP
1050,lkV8iGnIlx7,zHIgRxojTnV
1051,lkV8iGnIlx7,wwyAx7XFJxl
1052,lkV8iGnIlx7,KQym92Lq7PP
1053,lkV8iGnIlx7,f0IY8VORiY9
1054,lkV8iGnIlx7,k8HpYK6X99O
1055,lkV8iGnIlx7,iCBAGYxk6nz
1056,lkV8iGnIlx7,OLHl1lm5IdE
1057,lkV8iGnIlx7,pr06vcGskap
1058,lkV8iGnIlx7,jko8CGYBgS6
1059,lkV8iGnIlx7,Pdi7bTTavv2
1060,lkV8iGnIlx7,Xnvym8RgOAa
1061,lkV8iGnIlx7,XTCaoKHZWd5
1062,lkV8iGnIlx7,SkEFXSIXCat
1063,lkV8iGnIlx7,zFShLriNlnd
1064,lkV8iGnIlx7,lxdu4lHq3lu
1065,lkV8iGnIlx7,rSr0r0CxwDE
1066,lkV8iGnIlx7,bsvfgDGBWVf
1067,lkV8iGnIlx7,z9wYYxDZM9V
1068,X2f80k3vfUy,NhaCkK1zH9U
1069,X2f80k3vfUy,Vw05E7W9pGH
1070,X2f80k3vfUy,ZmDRpouk1Pf
1071,X2f80k3vfUy,DzD38k4YAqv
1072,X2f80k3vfUy,JCTWaWIToIm
1073,X2f80k3vfUy,cUhvdMpVZEL
1074,X2f80k3vfUy,swuPAWtLMIx
1075,X2f80k3vfUy,spQ43sM4seo
1076,X2f80k3vfUy,Ucc8ax90Wss
1077,X2f80k3vfUy,hIIg7SjaPlu
1078,X2f80k3vfUy,mAVXU4qekYI
1079,X2f80k3vfUy,Hs7ahtn8D2h
1080,X2f80k3vfUy,lt2RiSc1F5h
1081,X2f80k3vfUy,hQYaFWtsiEQ
1082,X2f80k3vfUy,V6XVOjhLEwA
1083,X2f80k3vfUy,QS8euMeXUNm
1084,X2f80k3vfUy,r51DzYZiHDg
1085,X2f80k3vfUy,TdFTHypaqWp
1086,yfdODvYf6c5,NuGCerWN58O
1087,yfdODvYf6c5,rDIYMMteqBO
1088,yfdODvYf6c5,Os9njqZEjOb
1089,yfdODvYf6c5,EwFHO5G420a
1090,yfdODvYf6c5,suw2uRYvps1
1091,yfdODvYf6c5,PXZxiZcVelu
1092,yfdODvYf6c5,qMHtANd83kh
1093,yfdODvYf6c5,nuMYxrh0R2i
1094,yfdODvYf6c5,kBpgzphXpAR
1095,yfdODvYf6c5,tDRDjpo0YoL
1096,yfdODvYf6c5,aQ1xl7PpEBR
1097,yfdODvYf6c5,hQErX90w0QX
1098,yfdODvYf6c5,uTEkUkUPGlT
1099,yfdODvYf6c5,kAIFR5chGAF
1100,yfdODvYf6c5,Q6BZZU5OqUz
1101,yfdODvYf6c5,kE2hYoEOdKZ
1102,yfdODvYf6c5,YvuAd9YbUW1
1103,yfdODvYf6c5,hzxRKJVw1qz
1104,yfdODvYf6c5,TNRCya9Zcnm
1105,yfdODvYf6c5,IINRfWBo1HP
1106,yfdODvYf6c5,zHIgRxojTnV
1107,yfdODvYf6c5,wwyAx7XFJxl
1108,yfdODvYf6c5,KQym92Lq7PP
1109,yfdODvYf6c5,f0IY8VORiY9
1110,yfdODvYf6c5,k8HpYK6X99O
1111,yfdODvYf6c5,iCBAGYxk6nz
1112,yfdODvYf6c5,OLHl1lm5IdE
1113,yfdODvYf6c5,pr06vcGskap
1114,yfdODvYf6c5,jko8CGYBgS6
1115,yfdODvYf6c5,Pdi7bTTavv2
1116,yfdODvYf6c5,Xnvym8RgOAa
1117,yfdODvYf6c5,XTCaoKHZWd5
1118,yfdODvYf6c5,SkEFXSIXCat
1119,yfdODvYf6c5,zFShLriNlnd
1120,yfdODvYf6c5,lxdu4lHq3lu
1121,yfdODvYf6c5,rSr0r0CxwDE
1122,yfdODvYf6c5,bsvfgDGBWVf
1123,yfdODvYf6c5,z9wYYxDZM9V
1124,whUagoCxZR2,UjCp0EoNLcO
1125,whUagoCxZR2,Vqqg02nDm7h
1126,whUagoCxZR2,lAifkZP60pP
1127,whUagoCxZR2,X1XIGeQdh7v
1128,whUagoCxZR2,uXQYTOzWHiI
1129,whUagoCxZR2,nAgHnbXQ0fr
1130,whUagoCxZR2,lAL95zxPrnD
1131,whUagoCxZR2,U8z7XGspdBl
1132,whUagoCxZR2,cOvWAInVlWy
1133,whUagoCxZR2,vVpYRbV50zw
1134,whUagoCxZR2,Wwlugv3KtDa
1135,whUagoCxZR2,eZ6pjnzIyWc
1136,whUagoCxZR2,NUoRRDANCCn
1137,whUagoCxZR2,aWfNeMkH67i
1138,whUagoCxZR2,wqULvMnLQyO
1139,whUagoCxZR2,FouQkISsHx3
1140,whUagoCxZR2,Ssg4CTGAqlT
1141,whUagoCxZR2,BwxM0g1xd0y
1142,whUagoCxZR2,aVUUL7UMbLO
1143,whUagoCxZR2,o4rwb7lQcCI
1144,whUagoCxZR2,G7BOFrXItd9
1145,whUagoCxZR2,RwptPZ7KJpX
1146,whUagoCxZR2,zKWLT0b45bp
1147,whUagoCxZR2,jJAa709ViiX
1148,whUagoCxZR2,EsEJVa59wKp
1149,whUagoCxZR2,FQiYKg9qCRI
1150,whUagoCxZR2,IKKHJf7npa1
1151,whUagoCxZR2,GZGBNVVcoS9
1152,whUagoCxZR2,k68NA5vOiie
1153,whUagoCxZR2,yAvCvf0dFVg
1154,whUagoCxZR2,bZU5CsDeKZc
1155,whUagoCxZR2,aRRGSOzmT5G
1156,whUagoCxZR2,pbIqgHAFx84
1157,whUagoCxZR2,YDaxkmYhzbJ
1158,whUagoCxZR2,LaatZGYwEif
1159,whUagoCxZR2,lzYCixwI0gD
1160,whUagoCxZR2,br8dXmRamxT
1161,whUagoCxZR2,cMt0CyhpJpB
1162,whUagoCxZR2,kU3kPQ3tndd
1163,whUagoCxZR2,OFRaz9cVTXN
1164,whUagoCxZR2,YMUw3SkzuCu
1165,whUagoCxZR2,GtikmF3StlE
1166,whUagoCxZR2,Ugt9c7hImu2
1167,whUagoCxZR2,c6k00Uyf029
1168,whUagoCxZR2,bc6tpqIdwhK
1169,whUagoCxZR2,pWAdyuVyOMK
1170,whUagoCxZR2,Iq8CpdwAqtQ
1171,whUagoCxZR2,I3x9NSriasx
1172,whUagoCxZR2,FnbkPsY2fMj
1173,whUagoCxZR2,Ifr5Uza7rJs
1174,PKtfgXkmC16,NuGCerWN58O
1175,PKtfgXkmC16,rDIYMMteqBO
1176,PKtfgXkmC16,Os9njqZEjOb
1177,PKtfgXkmC16,EwFHO5G420a
1178,PKtfgXkmC16,suw2uRYvps1
1179,PKtfgXkmC16,PXZxiZcVelu
1180,PKtfgXkmC16,qMHtANd83kh
1181,PKtfgXkmC16,nuMYxrh0R2i
1182,PKtfgXkmC16,kBpgzphXpAR
1183,PKtfgXkmC16,tDRDjpo0YoL
1184,PKtfgXkmC16,aQ1xl7PpEBR
1185,PKtfgXkmC16,hQErX90w0QX
1186,PKtfgXkmC16,uTEkUkUPGlT
1187,PKtfgXkmC16,kAIFR5chGAF
1188,PKtfgXkmC16,Q6BZZU5OqUz
1189,PKtfgXkmC16,kE2hYoEOdKZ
1190,PKtfgXkmC16,YvuAd9YbUW1
1191,PKtfgXkmC16,hzxRKJVw1qz
1192,PKtfgXkmC16,TNRCya9Zcnm
1193,PKtfgXkmC16,IINRfWBo1HP
1194,PKtfgXkmC16,zHIgRxojTnV
1195,PKtfgXkmC16,wwyAx7XFJxl
1196,PKtfgXkmC16,KQym92Lq7PP
1197,PKtfgXkmC16,f0IY8VORiY9
1198,PKtfgXkmC16,k8HpYK6X99O
1199,PKtfgXkmC16,iCBAGYxk6nz
1200,PKtfgXkmC16,OLHl1lm5IdE
1201,PKtfgXkmC16,pr06vcGskap
1202,PKtfgXkmC16,jko8CGYBgS6
1203,PKtfgXkmC16,Pdi7bTTavv2
1204,PKtfgXkmC16,Xnvym8RgOAa
1205,PKtfgXkmC16,XTCaoKHZWd5
1206,PKtfgXkmC16,SkEFXSIXCat
1207,PKtfgXkmC16,zFShLriNlnd
1208,PKtfgXkmC16,lxdu4lHq3lu
1209,PKtfgXkmC16,rSr0r0CxwDE
1210,PKtfgXkmC16,bsvfgDGBWVf
1211,PKtfgXkmC16,z9wYYxDZM9V
1212,FyUmXwOgeXI,NuGCerWN58O
1213,FyUmXwOgeXI,rDIYMMteqBO
1214,FyUmXwOgeXI,Os9njqZEjOb
1215,FyUmXwOgeXI,EwFHO5G420a
1216,FyUmXwOgeXI,suw2uRYvps1
1217,FyUmXwOgeXI,PXZxiZcVelu
1218,FyUmXwOgeXI,qMHtANd83kh
1219,FyUmXwOgeXI,nuMYxrh0R2i
1220,FyUmXwOgeXI,kBpgzphXpAR
1221,FyUmXwOgeXI,tDRDjpo0YoL
1222,FyUmXwOgeXI,aQ1xl7PpEBR
1223,FyUmXwOgeXI,hQErX90w0QX
1224,FyUmXwOgeXI,uTEkUkUPGlT
1225,FyUmXwOgeXI,kAIFR5chGAF
1226,FyUmXwOgeXI,Q6BZZU5OqUz
1227,FyUmXwOgeXI,kE2hYoEOdKZ
1228,FyUmXwOgeXI,YvuAd9YbUW1
1229,FyUmXwOgeXI,hzxRKJVw1qz
1230,FyUmXwOgeXI,TNRCya9Zcnm
1231,FyUmXwOgeXI,IINRfWBo1HP
1232,FyUmXwOgeXI,zHIgRxojTnV
1233,FyUmXwOgeXI,wwyAx7XFJxl
1234,FyUmXwOgeXI,KQym92Lq7PP
1235,FyUmXwOgeXI,f0IY8VORiY9
1236,FyUmXwOgeXI,k8HpYK6X99O
1237,FyUmXwOgeXI,iCBAGYxk6nz
1238,FyUmXwOgeXI,OLHl1lm5IdE
1239,FyUmXwOgeXI,pr06vcGskap
1240,FyUmXwOgeXI,jko8CGYBgS6
1241,FyUmXwOgeXI,Pdi7bTTavv2
1242,FyUmXwOgeXI,Xnvym8RgOAa
1243,FyUmXwOgeXI,XTCaoKHZWd5
1244,FyUmXwOgeXI,SkEFXSIXCat
1245,FyUmXwOgeXI,zFShLriNlnd
1246,FyUmXwOgeXI,lxdu4lHq3lu
1247,FyUmXwOgeXI,rSr0r0CxwDE
1248,FyUmXwOgeXI,bsvfgDGBWVf
1249,FyUmXwOgeXI,z9wYYxDZM9V
1250,s04aBeIXNaB,NuGCerWN58O
1251,s04aBeIXNaB,rDIYMMteqBO
1252,s04aBeIXNaB,Os9njqZEjOb
1253,s04aBeIXNaB,EwFHO5G420a
1254,s04aBeIXNaB,suw2uRYvps1
1255,s04aBeIXNaB,PXZxiZcVelu
1256,s04aBeIXNaB,qMHtANd83kh
1257,s04aBeIXNaB,nuMYxrh0R2i
1258,s04aBeIXNaB,kBpgzphXpAR
1259,s04aBeIXNaB,tDRDjpo0YoL
1260,s04aBeIXNaB,aQ1xl7PpEBR
1261,s04aBeIXNaB,hQErX90w0QX
1262,s04aBeIXNaB,uTEkUkUPGlT
1263,s04aBeIXNaB,kAIFR5chGAF
1264,s04aBeIXNaB,Q6BZZU5OqUz
1265,s04aBeIXNaB,kE2hYoEOdKZ
1266,s04aBeIXNaB,YvuAd9YbUW1
1267,s04aBeIXNaB,hzxRKJVw1qz
1268,s04aBeIXNaB,TNRCya9Zcnm
1269,s04aBeIXNaB,IINRfWBo1HP
1270,s04aBeIXNaB,zHIgRxojTnV
1271,s04aBeIXNaB,wwyAx7XFJxl
1272,s04aBeIXNaB,KQym92Lq7PP
1273,s04aBeIXNaB,f0IY8VORiY9
1274,s04aBeIXNaB,k8HpYK6X99O
1275,s04aBeIXNaB,iCBAGYxk6nz
1276,s04aBeIXNaB,OLHl1lm5IdE
1277,s04aBeIXNaB,pr06vcGskap
1278,s04aBeIXNaB,jko8CGYBgS6
1279,s04aBeIXNaB,Pdi7bTTavv2
1280,s04aBeIXNaB,Xnvym8RgOAa
1281,s04aBeIXNaB,XTCaoKHZWd5
1282,s04aBeIXNaB,SkEFXSIXCat
1283,s04aBeIXNaB,zFShLriNlnd
1284,s04aBeIXNaB,lxdu4lHq3lu
1285,s04aBeIXNaB,rSr0r0CxwDE
1286,s04aBeIXNaB,bsvfgDGBWVf
1287,s04aBeIXNaB,z9wYYxDZM9V
1288,IfrzaSkweY8,NuGCerWN58O
1289,IfrzaSkweY8,rDIYMMteqBO
1290,IfrzaSkweY8,Os9njqZEjOb
1291,IfrzaSkweY8,EwFHO5G420a
1292,IfrzaSkweY8,suw2uRYvps1
1293,IfrzaSkweY8,PXZxiZcVelu
1294,IfrzaSkweY8,qMHtANd83kh
1295,IfrzaSkweY8,nuMYxrh0R2i
1296,IfrzaSkweY8,kBpgzphXpAR
1297,IfrzaSkweY8,tDRDjpo0YoL
1298,IfrzaSkweY8,aQ1xl7PpEBR
1299,IfrzaSkweY8,hQErX90w0QX
1300,IfrzaSkweY8,uTEkUkUPGlT
1301,IfrzaSkweY8,kAIFR5chGAF
1302,IfrzaSkweY8,Q6BZZU5OqUz
1303,IfrzaSkweY8,kE2hYoEOdKZ
1304,IfrzaSkweY8,YvuAd9YbUW1
1305,IfrzaSkweY8,hzxRKJVw1qz
1306,IfrzaSkweY8,TNRCya9Zcnm
1307,IfrzaSkweY8,IINRfWBo1HP
1308,IfrzaSkweY8,zHIgRxojTnV
1309,IfrzaSkweY8,wwyAx7XFJxl
1310,IfrzaSkweY8,KQym92Lq7PP
1311,IfrzaSkweY8,f0IY8VORiY9
1312,IfrzaSkweY8,k8HpYK6X99O
1313,IfrzaSkweY8,iCBAGYxk6nz
1314,IfrzaSkweY8,OLHl1lm5IdE
1315,IfrzaSkweY8,pr06vcGskap
1316,IfrzaSkweY8,jko8CGYBgS6
1317,IfrzaSkweY8,Pdi7bTTavv2
1318,IfrzaSkweY8,Xnvym8RgOAa
1319,IfrzaSkweY8,XTCaoKHZWd5
1320,IfrzaSkweY8,SkEFXSIXCat
1321,IfrzaSkweY8,zFShLriNlnd
1322,IfrzaSkweY8,lxdu4lHq3lu
1323,IfrzaSkweY8,rSr0r0CxwDE
1324,IfrzaSkweY8,bsvfgDGBWVf
1325,IfrzaSkweY8,z9wYYxDZM9V
1326,Cqm0jl6W4IF,NhaCkK1zH9U
1327,Cqm0jl6W4IF,Vw05E7W9pGH
1328,Cqm0jl6W4IF,ZmDRpouk1Pf
1329,Cqm0jl6W4IF,DzD38k4YAqv
1330,Cqm0jl6W4IF,JCTWaWIToIm
1331,Cqm0jl6W4IF,cUhvdMpVZEL
1332,Cqm0jl6W4IF,swuPAWtLMIx
1333,Cqm0jl6W4IF,spQ43sM4seo
1334,Cqm0jl6W4IF,Ucc8ax90Wss
1335,Cqm0jl6W4IF,hIIg7SjaPlu
1336,Cqm0jl6W4IF,mAVXU4qekYI
1337,Cqm0jl6W4IF,Hs7ahtn8D2h
1338,Cqm0jl6W4IF,lt2RiSc1F5h
1339,Cqm0jl6W4IF,hQYaFWtsiEQ
1340,Cqm0jl6W4IF,V6XVOjhLEwA
1341,Cqm0jl6W4IF,QS8euMeXUNm
1342,Cqm0jl6W4IF,r51DzYZiHDg
1343,Cqm0jl6W4IF,TdFTHypaqWp
1344,fQxnGk7GCWO,NuGCerWN58O
1345,fQxnGk7GCWO,rDIYMMteqBO
1346,fQxnGk7GCWO,Os9njqZEjOb
1347,fQxnGk7GCWO,EwFHO5G420a
1348,fQxnGk7GCWO,suw2uRYvps1
1349,fQxnGk7GCWO,PXZxiZcVelu
1350,fQxnGk7GCWO,qMHtANd83kh
1351,fQxnGk7GCWO,nuMYxrh0R2i
1352,fQxnGk7GCWO,kBpgzphXpAR
1353,fQxnGk7GCWO,tDRDjpo0YoL
1354,fQxnGk7GCWO,aQ1xl7PpEBR
1355,fQxnGk7GCWO,hQErX90w0QX
1356,fQxnGk7GCWO,uTEkUkUPGlT
1357,fQxnGk7GCWO,kAIFR5chGAF
1358,fQxnGk7GCWO,Q6BZZU5OqUz
1359,fQxnGk7GCWO,kE2hYoEOdKZ
1360,fQxnGk7GCWO,YvuAd9YbUW1
1361,fQxnGk7GCWO,hzxRKJVw1qz
1362,fQxnGk7GCWO,TNRCya9Zcnm
1363,fQxnGk7GCWO,IINRfWBo1HP
1364,fQxnGk7GCWO,zHIgRxojTnV
1365,fQxnGk7GCWO,wwyAx7XFJxl
1366,fQxnGk7GCWO,KQym92Lq7PP
1367,fQxnGk7GCWO,f0IY8VORiY9
1368,fQxnGk7GCWO,k8HpYK6X99O
1369,fQxnGk7GCWO,iCBAGYxk6nz
1370,fQxnGk7GCWO,OLHl1lm5IdE
1371,fQxnGk7GCWO,pr06vcGskap
1372,fQxnGk7GCWO,jko8CGYBgS6
1373,fQxnGk7GCWO,Pdi7bTTavv2
1374,fQxnGk7GCWO,Xnvym8RgOAa
1375,fQxnGk7GCWO,XTCaoKHZWd5
1376,fQxnGk7GCWO,SkEFXSIXCat
1377,fQxnGk7GCWO,zFShLriNlnd
1378,fQxnGk7GCWO,lxdu4lHq3lu
1379,fQxnGk7GCWO,rSr0r0CxwDE
1380,fQxnGk7GCWO,bsvfgDGBWVf
1381,fQxnGk7GCWO,z9wYYxDZM9V
1382,VxFaBpWRc9r,NuGCerWN58O
1383,VxFaBpWRc9r,rDIYMMteqBO
1384,VxFaBpWRc9r,Os9njqZEjOb
1385,VxFaBpWRc9r,EwFHO5G420a
1386,VxFaBpWRc9r,suw2uRYvps1
1387,VxFaBpWRc9r,PXZxiZcVelu
1388,VxFaBpWRc9r,qMHtANd83kh
1389,VxFaBpWRc9r,nuMYxrh0R2i
1390,VxFaBpWRc9r,kBpgzphXpAR
1391,VxFaBpWRc9r,tDRDjpo0YoL
1392,VxFaBpWRc9r,aQ1xl7PpEBR
1393,VxFaBpWRc9r,hQErX90w0QX
1394,VxFaBpWRc9r,uTEkUkUPGlT
1395,VxFaBpWRc9r,kAIFR5chGAF
1396,VxFaBpWRc9r,Q6BZZU5OqUz
1397,VxFaBpWRc9r,kE2hYoEOdKZ
1398,VxFaBpWRc9r,YvuAd9YbUW1
1399,VxFaBpWRc9r,hzxRKJVw1qz
1400,VxFaBpWRc9r,TNRCya9Zcnm
1401,VxFaBpWRc9r,IINRfWBo1HP
1402,VxFaBpWRc9r,zHIgRxojTnV
1403,VxFaBpWRc9r,wwyAx7XFJxl
1404,VxFaBpWRc9r,KQym92Lq7PP
1405,VxFaBpWRc9r,f0IY8VORiY9
1406,VxFaBpWRc9r,k8HpYK6X99O
1407,VxFaBpWRc9r,iCBAGYxk6nz
1408,VxFaBpWRc9r,OLHl1lm5IdE
1409,VxFaBpWRc9r,pr06vcGskap
1410,VxFaBpWRc9r,jko8CGYBgS6
1411,VxFaBpWRc9r,Pdi7bTTavv2
1412,VxFaBpWRc9r,Xnvym8RgOAa
1413,VxFaBpWRc9r,XTCaoKHZWd5
1414,VxFaBpWRc9r,SkEFXSIXCat
1415,VxFaBpWRc9r,zFShLriNlnd
1416,VxFaBpWRc9r,lxdu4lHq3lu
1417,VxFaBpWRc9r,rSr0r0CxwDE
1418,VxFaBpWRc9r,bsvfgDGBWVf
1419,VxFaBpWRc9r,z9wYYxDZM9V
1420,IzRsku0sI0O,NuGCerWN58O
1421,IzRsku0sI0O,rDIYMMteqBO
1422,IzRsku0sI0O,Os9njqZEjOb
1423,IzRsku0sI0O,EwFHO5G420a
1424,IzRsku0sI0O,suw2uRYvps1
1425,IzRsku0sI0O,PXZxiZcVelu
1426,IzRsku0sI0O,qMHtANd83kh
1427,IzRsku0sI0O,nuMYxrh0R2i
1428,IzRsku0sI0O,kBpgzphXpAR
1429,IzRsku0sI0O,tDRDjpo0YoL
1430,IzRsku0sI0O,aQ1xl7PpEBR
1431,IzRsku0sI0O,hQErX90w0QX
1432,IzRsku0sI0O,uTEkUkUPGlT
1433,IzRsku0sI0O,kAIFR5chGAF
1434,IzRsku0sI0O,Q6BZZU5OqUz
1435,IzRsku0sI0O,kE2hYoEOdKZ
1436,IzRsku0sI0O,YvuAd9YbUW1
1437,IzRsku0sI0O,hzxRKJVw1qz
1438,IzRsku0sI0O,TNRCya9Zcnm
1439,IzRsku0sI0O,IINRfWBo1HP
1440,IzRsku0sI0O,zHIgRxojTnV
1441,IzRsku0sI0O,wwyAx7XFJxl
1442,IzRsku0sI0O,KQym92Lq7PP
1443,IzRsku0sI0O,f0IY8VORiY9
1444,IzRsku0sI0O,k8HpYK6X99O
1445,IzRsku0sI0O,iCBAGYxk6nz
1446,IzRsku0sI0O,OLHl1lm5IdE
1447,IzRsku0sI0O,pr06vcGskap
1448,IzRsku0sI0O,jko8CGYBgS6
1449,IzRsku0sI0O,Pdi7bTTavv2
1450,IzRsku0sI0O,Xnvym8RgOAa
1451,IzRsku0sI0O,XTCaoKHZWd5
1452,IzRsku0sI0O,SkEFXSIXCat
1453,IzRsku0sI0O,zFShLriNlnd
1454,IzRsku0sI0O,lxdu4lHq3lu
1455,IzRsku0sI0O,rSr0r0CxwDE
1456,IzRsku0sI0O,bsvfgDGBWVf
1457,IzRsku0sI0O,z9wYYxDZM9V
1458,BryADApaERN,NuGCerWN58O
1459,BryADApaERN,rDIYMMteqBO
1460,BryADApaERN,Os9njqZEjOb
1461,BryADApaERN,EwFHO5G420a
1462,BryADApaERN,suw2uRYvps1
1463,BryADApaERN,PXZxiZcVelu
1464,BryADApaERN,qMHtANd83kh
1465,BryADApaERN,nuMYxrh0R2i
1466,BryADApaERN,kBpgzphXpAR
1467,BryADApaERN,tDRDjpo0YoL
1468,BryADApaERN,aQ1xl7PpEBR
1469,BryADApaERN,hQErX90w0QX
1470,BryADApaERN,uTEkUkUPGlT
1471,BryADApaERN,kAIFR5chGAF
1472,BryADApaERN,Q6BZZU5OqUz
1473,BryADApaERN,kE2hYoEOdKZ
1474,BryADApaERN,YvuAd9YbUW1
1475,BryADApaERN,hzxRKJVw1qz
1476,BryADApaERN,TNRCya9Zcnm
1477,BryADApaERN,IINRfWBo1HP
1478,BryADApaERN,zHIgRxojTnV
1479,BryADApaERN,wwyAx7XFJxl
1480,BryADApaERN,KQym92Lq7PP
1481,BryADApaERN,f0IY8VORiY9
1482,BryADApaERN,k8HpYK6X99O
1483,BryADApaERN,iCBAGYxk6nz
1484,BryADApaERN,OLHl1lm5IdE
1485,BryADApaERN,pr06vcGskap
1486,BryADApaERN,jko8CGYBgS6
1487,BryADApaERN,Pdi7bTTavv2
1488,BryADApaERN,Xnvym8RgOAa
1489,BryADApaERN,XTCaoKHZWd5
1490,BryADApaERN,SkEFXSIXCat
1491,BryADApaERN,zFShLriNlnd
1492,BryADApaERN,lxdu4lHq3lu
1493,BryADApaERN,rSr0r0CxwDE
1494,BryADApaERN,bsvfgDGBWVf
1495,BryADApaERN,z9wYYxDZM9V
1496,RGxBgMzUXLP,NuGCerWN58O
1497,RGxBgMzUXLP,rDIYMMteqBO
1498,RGxBgMzUXLP,Os9njqZEjOb
1499,RGxBgMzUXLP,EwFHO5G420a
1500,RGxBgMzUXLP,suw2uRYvps1
1501,RGxBgMzUXLP,PXZxiZcVelu
1502,RGxBgMzUXLP,qMHtANd83kh
1503,RGxBgMzUXLP,nuMYxrh0R2i
1504,RGxBgMzUXLP,kBpgzphXpAR
1505,RGxBgMzUXLP,tDRDjpo0YoL
1506,RGxBgMzUXLP,aQ1xl7PpEBR
1507,RGxBgMzUXLP,hQErX90w0QX
1508,RGxBgMzUXLP,uTEkUkUPGlT
1509,RGxBgMzUXLP,kAIFR5chGAF
1510,RGxBgMzUXLP,Q6BZZU5OqUz
1511,RGxBgMzUXLP,kE2hYoEOdKZ
1512,RGxBgMzUXLP,YvuAd9YbUW1
1513,RGxBgMzUXLP,hzxRKJVw1qz
1514,RGxBgMzUXLP,TNRCya9Zcnm
1515,RGxBgMzUXLP,IINRfWBo1HP
1516,RGxBgMzUXLP,zHIgRxojTnV
1517,RGxBgMzUXLP,wwyAx7XFJxl
1518,RGxBgMzUXLP,KQym92Lq7PP
1519,RGxBgMzUXLP,f0IY8VORiY9
1520,RGxBgMzUXLP,k8HpYK6X99O
1521,RGxBgMzUXLP,iCBAGYxk6nz
1522,RGxBgMzUXLP,OLHl1lm5IdE
1523,RGxBgMzUXLP,pr06vcGskap
1524,RGxBgMzUXLP,jko8CGYBgS6
1525,RGxBgMzUXLP,Pdi7bTTavv2
1526,RGxBgMzUXLP,Xnvym8RgOAa
1527,RGxBgMzUXLP,XTCaoKHZWd5
1528,RGxBgMzUXLP,SkEFXSIXCat
1529,RGxBgMzUXLP,zFShLriNlnd
1530,RGxBgMzUXLP,lxdu4lHq3lu
1531,RGxBgMzUXLP,rSr0r0CxwDE
1532,RGxBgMzUXLP,bsvfgDGBWVf
1533,RGxBgMzUXLP,z9wYYxDZM9V
1534,NMQF5ejz8RC,NhaCkK1zH9U
1535,NMQF5ejz8RC,Vw05E7W9pGH
1536,NMQF5ejz8RC,ZmDRpouk1Pf
1537,NMQF5ejz8RC,DzD38k4YAqv
1538,NMQF5ejz8RC,JCTWaWIToIm
1539,NMQF5ejz8RC,cUhvdMpVZEL
1540,NMQF5ejz8RC,swuPAWtLMIx
1541,NMQF5ejz8RC,spQ43sM4seo
1542,NMQF5ejz8RC,Ucc8ax90Wss
1543,NMQF5ejz8RC,hIIg7SjaPlu
1544,NMQF5ejz8RC,mAVXU4qekYI
1545,NMQF5ejz8RC,Hs7ahtn8D2h
1546,NMQF5ejz8RC,lt2RiSc1F5h
1547,NMQF5ejz8RC,hQYaFWtsiEQ
1548,NMQF5ejz8RC,V6XVOjhLEwA
1549,NMQF5ejz8RC,QS8euMeXUNm
1550,NMQF5ejz8RC,r51DzYZiHDg
1551,NMQF5ejz8RC,TdFTHypaqWp
1552,ETF0oyKHeOY,NuGCerWN58O
1553,ETF0oyKHeOY,rDIYMMteqBO
1554,ETF0oyKHeOY,Os9njqZEjOb
1555,ETF0oyKHeOY,EwFHO5G420a
1556,ETF0oyKHeOY,suw2uRYvps1
1557,ETF0oyKHeOY,PXZxiZcVelu
1558,ETF0oyKHeOY,qMHtANd83kh
1559,ETF0oyKHeOY,nuMYxrh0R2i
1560,ETF0oyKHeOY,kBpgzphXpAR
1561,ETF0oyKHeOY,tDRDjpo0YoL
1562,ETF0oyKHeOY,aQ1xl7PpEBR
1563,ETF0oyKHeOY,hQErX90w0QX
1564,ETF0oyKHeOY,uTEkUkUPGlT
1565,ETF0oyKHeOY,kAIFR5chGAF
1566,ETF0oyKHeOY,Q6BZZU5OqUz
1567,ETF0oyKHeOY,kE2hYoEOdKZ
1568,ETF0oyKHeOY,YvuAd9YbUW1
1569,ETF0oyKHeOY,hzxRKJVw1qz
1570,ETF0oyKHeOY,TNRCya9Zcnm
1571,ETF0oyKHeOY,IINRfWBo1HP
1572,ETF0oyKHeOY,zHIgRxojTnV
1573,ETF0oyKHeOY,wwyAx7XFJxl
1574,ETF0oyKHeOY,KQym92Lq7PP
1575,ETF0oyKHeOY,f0IY8VORiY9
1576,ETF0oyKHeOY,k8HpYK6X99O
1577,ETF0oyKHeOY,iCBAGYxk6nz
1578,ETF0oyKHeOY,OLHl1lm5IdE
1579,ETF0oyKHeOY,pr06vcGskap
1580,ETF0oyKHeOY,jko8CGYBgS6
1581,ETF0oyKHeOY,Pdi7bTTavv2
1582,ETF0oyKHeOY,Xnvym8RgOAa
1583,ETF0oyKHeOY,XTCaoKHZWd5
1584,ETF0oyKHeOY,SkEFXSIXCat
1585,ETF0oyKHeOY,zFShLriNlnd
1586,ETF0oyKHeOY,lxdu4lHq3lu
1587,ETF0oyKHeOY,rSr0r0CxwDE
1588,ETF0oyKHeOY,bsvfgDGBWVf
1589,ETF0oyKHeOY,z9wYYxDZM9V
1590,H12j4dDiwTl,NhaCkK1zH9U
1591,H12j4dDiwTl,Vw05E7W9pGH
1592,H12j4dDiwTl,ZmDRpouk1Pf
1593,H12j4dDiwTl,DzD38k4YAqv
1594,H12j4dDiwTl,JCTWaWIToIm
1595,H12j4dDiwTl,cUhvdMpVZEL
1596,H12j4dDiwTl,swuPAWtLMIx
1597,H12j4dDiwTl,spQ43sM4seo
1598,H12j4dDiwTl,Ucc8ax90Wss
1599,H12j4dDiwTl,hIIg7SjaPlu
1600,H12j4dDiwTl,mAVXU4qekYI
1601,H12j4dDiwTl,Hs7ahtn8D2h
1602,H12j4dDiwTl,lt2RiSc1F5h
1603,H12j4dDiwTl,hQYaFWtsiEQ
1604,H12j4dDiwTl,V6XVOjhLEwA
1605,H12j4dDiwTl,QS8euMeXUNm
1606,H12j4dDiwTl,r51DzYZiHDg
1607,H12j4dDiwTl,TdFTHypaqWp
1608,gSEcKGO3kJ6,NuGCerWN58O
1609,gSEcKGO3kJ6,rDIYMMteqBO
1610,gSEcKGO3kJ6,Os9njqZEjOb
1611,gSEcKGO3kJ6,EwFHO5G420a
1612,gSEcKGO3kJ6,suw2uRYvps1
1613,gSEcKGO3kJ6,PXZxiZcVelu
1614,gSEcKGO3kJ6,qMHtANd83kh
1615,gSEcKGO3kJ6,nuMYxrh0R2i
1616,gSEcKGO3kJ6,kBpgzphXpAR
1617,gSEcKGO3kJ6,tDRDjpo0YoL
1618,gSEcKGO3kJ6,aQ1xl7PpEBR
1619,gSEcKGO3kJ6,hQErX90w0QX
1620,gSEcKGO3kJ6,uTEkUkUPGlT
1621,gSEcKGO3kJ6,kAIFR5chGAF
1622,gSEcKGO3kJ6,Q6BZZU5OqUz
1623,gSEcKGO3kJ6,kE2hYoEOdKZ
1624,gSEcKGO3kJ6,YvuAd9YbUW1
1625,gSEcKGO3kJ6,hzxRKJVw1qz
1626,gSEcKGO3kJ6,TNRCya9Zcnm
1627,gSEcKGO3kJ6,IINRfWBo1HP
1628,gSEcKGO3kJ6,zHIgRxojTnV
1629,gSEcKGO3kJ6,wwyAx7XFJxl
1630,gSEcKGO3kJ6,KQym92Lq7PP
1631,gSEcKGO3kJ6,f0IY8VORiY9
1632,gSEcKGO3kJ6,k8HpYK6X99O
1633,gSEcKGO3kJ6,iCBAGYxk6nz
1634,gSEcKGO3kJ6,OLHl1lm5IdE
1635,gSEcKGO3kJ6,pr06vcGskap
1636,gSEcKGO3kJ6,jko8CGYBgS6
1637,gSEcKGO3kJ6,Pdi7bTTavv2
1638,gSEcKGO3kJ6,Xnvym8RgOAa
1639,gSEcKGO3kJ6,XTCaoKHZWd5
1640,gSEcKGO3kJ6,SkEFXSIXCat
1641,gSEcKGO3kJ6,zFShLriNlnd
1642,gSEcKGO3kJ6,lxdu4lHq3lu
1643,gSEcKGO3kJ6,rSr0r0CxwDE
1644,gSEcKGO3kJ6,bsvfgDGBWVf
1645,gSEcKGO3kJ6,z9wYYxDZM9V
1646,mmVAddrfRyP,zYDFMYwl3j9
1647,mmVAddrfRyP,cxONGtEdXac
1648,j6OoVROK9Dx,NuGCerWN58O
1649,j6OoVROK9Dx,rDIYMMteqBO
1650,j6OoVROK9Dx,Os9njqZEjOb
1651,j6OoVROK9Dx,EwFHO5G420a
1652,j6OoVROK9Dx,suw2uRYvps1
1653,j6OoVROK9Dx,PXZxiZcVelu
1654,j6OoVROK9Dx,qMHtANd83kh
1655,j6OoVROK9Dx,nuMYxrh0R2i
1656,j6OoVROK9Dx,kBpgzphXpAR
1657,j6OoVROK9Dx,tDRDjpo0YoL
1658,j6OoVROK9Dx,aQ1xl7PpEBR
1659,j6OoVROK9Dx,hQErX90w0QX
1660,j6OoVROK9Dx,uTEkUkUPGlT
1661,j6OoVROK9Dx,kAIFR5chGAF
1662,j6OoVROK9Dx,Q6BZZU5OqUz
1663,j6OoVROK9Dx,kE2hYoEOdKZ
1664,j6OoVROK9Dx,YvuAd9YbUW1
1665,j6OoVROK9Dx,hzxRKJVw1qz
1666,j6OoVROK9Dx,TNRCya9Zcnm
1667,j6OoVROK9Dx,IINRfWBo1HP
1668,j6OoVROK9Dx,zHIgRxojTnV
1669,j6OoVROK9Dx,wwyAx7XFJxl
1670,j6OoVROK9Dx,KQym92Lq7PP
1671,j6OoVROK9Dx,f0IY8VORiY9
1672,j6OoVROK9Dx,k8HpYK6X99O
1673,j6OoVROK9Dx,iCBAGYxk6nz
1674,j6OoVROK9Dx,OLHl1lm5IdE
1675,j6OoVROK9Dx,pr06vcGskap
1676,j6OoVROK9Dx,jko8CGYBgS6
1677,j6OoVROK9Dx,Pdi7bTTavv2
1678,j6OoVROK9Dx,Xnvym8RgOAa
1679,j6OoVROK9Dx,XTCaoKHZWd5
1680,j6OoVROK9Dx,SkEFXSIXCat
1681,j6OoVROK9Dx,zFShLriNlnd
1682,j6OoVROK9Dx,lxdu4lHq3lu
1683,j6OoVROK9Dx,rSr0r0CxwDE
1684,j6OoVROK9Dx,bsvfgDGBWVf
1685,j6OoVROK9Dx,z9wYYxDZM9V
1686,knviJf5LIdJ,NuGCerWN58O
1687,knviJf5LIdJ,rDIYMMteqBO
1688,knviJf5LIdJ,Os9njqZEjOb
1689,knviJf5LIdJ,EwFHO5G420a
1690,knviJf5LIdJ,suw2uRYvps1
1691,knviJf5LIdJ,PXZxiZcVelu
1692,knviJf5LIdJ,qMHtANd83kh
1693,knviJf5LIdJ,nuMYxrh0R2i
1694,knviJf5LIdJ,kBpgzphXpAR
1695,knviJf5LIdJ,tDRDjpo0YoL
1696,knviJf5LIdJ,aQ1xl7PpEBR
1697,knviJf5LIdJ,hQErX90w0QX
1698,knviJf5LIdJ,uTEkUkUPGlT
1699,knviJf5LIdJ,kAIFR5chGAF
1700,knviJf5LIdJ,Q6BZZU5OqUz
1701,knviJf5LIdJ,kE2hYoEOdKZ
1702,knviJf5LIdJ,YvuAd9YbUW1
1703,knviJf5LIdJ,hzxRKJVw1qz
1704,knviJf5LIdJ,TNRCya9Zcnm
1705,knviJf5LIdJ,IINRfWBo1HP
1706,knviJf5LIdJ,zHIgRxojTnV
1707,knviJf5LIdJ,wwyAx7XFJxl
1708,knviJf5LIdJ,KQym92Lq7PP
1709,knviJf5LIdJ,f0IY8VORiY9
1710,knviJf5LIdJ,k8HpYK6X99O
1711,knviJf5LIdJ,iCBAGYxk6nz
1712,knviJf5LIdJ,OLHl1lm5IdE
1713,knviJf5LIdJ,pr06vcGskap
1714,knviJf5LIdJ,jko8CGYBgS6
1715,knviJf5LIdJ,Pdi7bTTavv2
1716,knviJf5LIdJ,Xnvym8RgOAa
1717,knviJf5LIdJ,XTCaoKHZWd5
1718,knviJf5LIdJ,SkEFXSIXCat
1719,knviJf5LIdJ,zFShLriNlnd
1720,knviJf5LIdJ,lxdu4lHq3lu
1721,knviJf5LIdJ,rSr0r0CxwDE
1722,knviJf5LIdJ,bsvfgDGBWVf
1723,knviJf5LIdJ,z9wYYxDZM9V
1724,uv3Mzeprojw,NuGCerWN58O
1725,uv3Mzeprojw,rDIYMMteqBO
1726,uv3Mzeprojw,Os9njqZEjOb
1727,uv3Mzeprojw,EwFHO5G420a
1728,uv3Mzeprojw,suw2uRYvps1
1729,uv3Mzeprojw,PXZxiZcVelu
1730,uv3Mzeprojw,qMHtANd83kh
1731,uv3Mzeprojw,nuMYxrh0R2i
1732,uv3Mzeprojw,kBpgzphXpAR
1733,uv3Mzeprojw,tDRDjpo0YoL
1734,uv3Mzeprojw,aQ1xl7PpEBR
1735,uv3Mzeprojw,hQErX90w0QX
1736,uv3Mzeprojw,uTEkUkUPGlT
1737,uv3Mzeprojw,kAIFR5chGAF
1738,uv3Mzeprojw,Q6BZZU5OqUz
1739,uv3Mzeprojw,kE2hYoEOdKZ
1740,uv3Mzeprojw,YvuAd9YbUW1
1741,uv3Mzeprojw,hzxRKJVw1qz
1742,uv3Mzeprojw,TNRCya9Zcnm
1743,uv3Mzeprojw,IINRfWBo1HP
1744,uv3Mzeprojw,zHIgRxojTnV
1745,uv3Mzeprojw,wwyAx7XFJxl
1746,uv3Mzeprojw,KQym92Lq7PP
1747,uv3Mzeprojw,f0IY8VORiY9
1748,uv3Mzeprojw,k8HpYK6X99O
1749,uv3Mzeprojw,iCBAGYxk6nz
1750,uv3Mzeprojw,OLHl1lm5IdE
1751,uv3Mzeprojw,pr06vcGskap
1752,uv3Mzeprojw,jko8CGYBgS6
1753,uv3Mzeprojw,Pdi7bTTavv2
1754,uv3Mzeprojw,Xnvym8RgOAa
1755,uv3Mzeprojw,XTCaoKHZWd5
1756,uv3Mzeprojw,SkEFXSIXCat
1757,uv3Mzeprojw,zFShLriNlnd
1758,uv3Mzeprojw,lxdu4lHq3lu
1759,uv3Mzeprojw,rSr0r0CxwDE
1760,uv3Mzeprojw,bsvfgDGBWVf
1761,uv3Mzeprojw,z9wYYxDZM9V
1762,l8m3Ytr5OMD,NuGCerWN58O
1763,l8m3Ytr5OMD,rDIYMMteqBO
1764,l8m3Ytr5OMD,Os9njqZEjOb
1765,l8m3Ytr5OMD,EwFHO5G420a
1766,l8m3Ytr5OMD,suw2uRYvps1
1767,l8m3Ytr5OMD,PXZxiZcVelu
1768,l8m3Ytr5OMD,qMHtANd83kh
1769,l8m3Ytr5OMD,nuMYxrh0R2i
1770,l8m3Ytr5OMD,kBpgzphXpAR
1771,l8m3Ytr5OMD,tDRDjpo0YoL
1772,l8m3Ytr5OMD,aQ1xl7PpEBR
1773,l8m3Ytr5OMD,hQErX90w0QX
1774,l8m3Ytr5OMD,uTEkUkUPGlT
1775,l8m3Ytr5OMD,kAIFR5chGAF
1776,l8m3Ytr5OMD,Q6BZZU5OqUz
1777,l8m3Ytr5OMD,kE2hYoEOdKZ
1778,l8m3Ytr5OMD,YvuAd9YbUW1
1779,l8m3Ytr5OMD,hzxRKJVw1qz
1780,l8m3Ytr5OMD,TNRCya9Zcnm
1781,l8m3Ytr5OMD,IINRfWBo1HP
1782,l8m3Ytr5OMD,zHIgRxojTnV
1783,l8m3Ytr5OMD,wwyAx7XFJxl
1784,l8m3Ytr5OMD,KQym92Lq7PP
1785,l8m3Ytr5OMD,f0IY8VORiY9
1786,l8m3Ytr5OMD,k8HpYK6X99O
1787,l8m3Ytr5OMD,iCBAGYxk6nz
1788,l8m3Ytr5OMD,OLHl1lm5IdE
1789,l8m3Ytr5OMD,pr06vcGskap
1790,l8m3Ytr5OMD,jko8CGYBgS6
1791,l8m3Ytr5OMD,Pdi7bTTavv2
1792,l8m3Ytr5OMD,Xnvym8RgOAa
1793,l8m3Ytr5OMD,XTCaoKHZWd5
1794,l8m3Ytr5OMD,SkEFXSIXCat
1795,l8m3Ytr5OMD,zFShLriNlnd
1796,l8m3Ytr5OMD,lxdu4lHq3lu
1797,l8m3Ytr5OMD,rSr0r0CxwDE
1798,l8m3Ytr5OMD,bsvfgDGBWVf
1799,l8m3Ytr5OMD,z9wYYxDZM9V
1800,uXdH8J1d5w7,NhaCkK1zH9U
1801,uXdH8J1d5w7,Vw05E7W9pGH
1802,uXdH8J1d5w7,ZmDRpouk1Pf
1803,uXdH8J1d5w7,DzD38k4YAqv
1804,uXdH8J1d5w7,JCTWaWIToIm
1805,uXdH8J1d5w7,cUhvdMpVZEL
1806,uXdH8J1d5w7,swuPAWtLMIx
1807,uXdH8J1d5w7,spQ43sM4seo
1808,uXdH8J1d5w7,Ucc8ax90Wss
1809,uXdH8J1d5w7,hIIg7SjaPlu
1810,uXdH8J1d5w7,mAVXU4qekYI
1811,uXdH8J1d5w7,Hs7ahtn8D2h
1812,uXdH8J1d5w7,lt2RiSc1F5h
1813,uXdH8J1d5w7,hQYaFWtsiEQ
1814,uXdH8J1d5w7,V6XVOjhLEwA
1815,uXdH8J1d5w7,QS8euMeXUNm
1816,uXdH8J1d5w7,r51DzYZiHDg
1817,uXdH8J1d5w7,TdFTHypaqWp
1818,TOPtJ8evm2N,NuGCerWN58O
1819,TOPtJ8evm2N,rDIYMMteqBO
1820,TOPtJ8evm2N,Os9njqZEjOb
1821,TOPtJ8evm2N,EwFHO5G420a
1822,TOPtJ8evm2N,suw2uRYvps1
1823,TOPtJ8evm2N,PXZxiZcVelu
1824,TOPtJ8evm2N,qMHtANd83kh
1825,TOPtJ8evm2N,nuMYxrh0R2i
1826,TOPtJ8evm2N,kBpgzphXpAR
1827,TOPtJ8evm2N,tDRDjpo0YoL
1828,TOPtJ8evm2N,aQ1xl7PpEBR
1829,TOPtJ8evm2N,hQErX90w0QX
1830,TOPtJ8evm2N,uTEkUkUPGlT
1831,TOPtJ8evm2N,kAIFR5chGAF
1832,TOPtJ8evm2N,Q6BZZU5OqUz
1833,TOPtJ8evm2N,kE2hYoEOdKZ
1834,TOPtJ8evm2N,YvuAd9YbUW1
1835,TOPtJ8evm2N,hzxRKJVw1qz
1836,TOPtJ8evm2N,TNRCya9Zcnm
1837,TOPtJ8evm2N,IINRfWBo1HP
1838,TOPtJ8evm2N,zHIgRxojTnV
1839,TOPtJ8evm2N,wwyAx7XFJxl
1840,TOPtJ8evm2N,KQym92Lq7PP
1841,TOPtJ8evm2N,f0IY8VORiY9
1842,TOPtJ8evm2N,k8HpYK6X99O
1843,TOPtJ8evm2N,iCBAGYxk6nz
1844,TOPtJ8evm2N,OLHl1lm5IdE
1845,TOPtJ8evm2N,pr06vcGskap
1846,TOPtJ8evm2N,jko8CGYBgS6
1847,TOPtJ8evm2N,Pdi7bTTavv2
1848,TOPtJ8evm2N,Xnvym8RgOAa
1849,TOPtJ8evm2N,XTCaoKHZWd5
1850,TOPtJ8evm2N,SkEFXSIXCat
1851,TOPtJ8evm2N,zFShLriNlnd
1852,TOPtJ8evm2N,lxdu4lHq3lu
1853,TOPtJ8evm2N,rSr0r0CxwDE
1854,TOPtJ8evm2N,bsvfgDGBWVf
1855,TOPtJ8evm2N,z9wYYxDZM9V
1856,q5SmZ6mIU7W,NuGCerWN58O
1857,q5SmZ6mIU7W,rDIYMMteqBO
1858,q5SmZ6mIU7W,Os9njqZEjOb
1859,q5SmZ6mIU7W,EwFHO5G420a
1860,q5SmZ6mIU7W,suw2uRYvps1
1861,q5SmZ6mIU7W,PXZxiZcVelu
1862,q5SmZ6mIU7W,qMHtANd83kh
1863,q5SmZ6mIU7W,nuMYxrh0R2i
1864,q5SmZ6mIU7W,kBpgzphXpAR
1865,q5SmZ6mIU7W,tDRDjpo0YoL
1866,q5SmZ6mIU7W,aQ1xl7PpEBR
1867,q5SmZ6mIU7W,hQErX90w0QX
1868,q5SmZ6mIU7W,uTEkUkUPGlT
1869,q5SmZ6mIU7W,kAIFR5chGAF
1870,q5SmZ6mIU7W,Q6BZZU5OqUz
1871,q5SmZ6mIU7W,kE2hYoEOdKZ
1872,q5SmZ6mIU7W,YvuAd9YbUW1
1873,q5SmZ6mIU7W,hzxRKJVw1qz
1874,q5SmZ6mIU7W,TNRCya9Zcnm
1875,q5SmZ6mIU7W,IINRfWBo1HP
1876,q5SmZ6mIU7W,zHIgRxojTnV
1877,q5SmZ6mIU7W,wwyAx7XFJxl
1878,q5SmZ6mIU7W,KQym92Lq7PP
1879,q5SmZ6mIU7W,f0IY8VORiY9
1880,q5SmZ6mIU7W,k8HpYK6X99O
1881,q5SmZ6mIU7W,iCBAGYxk6nz
1882,q5SmZ6mIU7W,OLHl1lm5IdE
1883,q5SmZ6mIU7W,pr06vcGskap
1884,q5SmZ6mIU7W,jko8CGYBgS6
1885,q5SmZ6mIU7W,Pdi7bTTavv2
1886,q5SmZ6mIU7W,Xnvym8RgOAa
1887,q5SmZ6mIU7W,XTCaoKHZWd5
1888,q5SmZ6mIU7W,SkEFXSIXCat
1889,q5SmZ6mIU7W,zFShLriNlnd
1890,q5SmZ6mIU7W,lxdu4lHq3lu
1891,q5SmZ6mIU7W,rSr0r0CxwDE
1892,q5SmZ6mIU7W,bsvfgDGBWVf
1893,q5SmZ6mIU7W,z9wYYxDZM9V
1894,jX0Gx1SJGlJ,NuGCerWN58O
1895,jX0Gx1SJGlJ,rDIYMMteqBO
1896,jX0Gx1SJGlJ,Os9njqZEjOb
1897,jX0Gx1SJGlJ,EwFHO5G420a
1898,jX0Gx1SJGlJ,suw2uRYvps1
1899,jX0Gx1SJGlJ,PXZxiZcVelu
1900,jX0Gx1SJGlJ,qMHtANd83kh
1901,jX0Gx1SJGlJ,nuMYxrh0R2i
1902,jX0Gx1SJGlJ,kBpgzphXpAR
1903,jX0Gx1SJGlJ,tDRDjpo0YoL
1904,jX0Gx1SJGlJ,aQ1xl7PpEBR
1905,jX0Gx1SJGlJ,hQErX90w0QX
1906,jX0Gx1SJGlJ,uTEkUkUPGlT
1907,jX0Gx1SJGlJ,kAIFR5chGAF
1908,jX0Gx1SJGlJ,Q6BZZU5OqUz
1909,jX0Gx1SJGlJ,kE2hYoEOdKZ
1910,jX0Gx1SJGlJ,YvuAd9YbUW1
1911,jX0Gx1SJGlJ,hzxRKJVw1qz
1912,jX0Gx1SJGlJ,TNRCya9Zcnm
1913,jX0Gx1SJGlJ,IINRfWBo1HP
1914,jX0Gx1SJGlJ,zHIgRxojTnV
1915,jX0Gx1SJGlJ,wwyAx7XFJxl
1916,jX0Gx1SJGlJ,KQym92Lq7PP
1917,jX0Gx1SJGlJ,f0IY8VORiY9
1918,jX0Gx1SJGlJ,k8HpYK6X99O
1919,jX0Gx1SJGlJ,iCBAGYxk6nz
1920,jX0Gx1SJGlJ,OLHl1lm5IdE
1921,jX0Gx1SJGlJ,pr06vcGskap
1922,jX0Gx1SJGlJ,jko8CGYBgS6
1923,jX0Gx1SJGlJ,Pdi7bTTavv2
1924,jX0Gx1SJGlJ,Xnvym8RgOAa
1925,jX0Gx1SJGlJ,XTCaoKHZWd5
1926,jX0Gx1SJGlJ,SkEFXSIXCat
1927,jX0Gx1SJGlJ,zFShLriNlnd
1928,jX0Gx1SJGlJ,lxdu4lHq3lu
1929,jX0Gx1SJGlJ,rSr0r0CxwDE
1930,jX0Gx1SJGlJ,bsvfgDGBWVf
1931,jX0Gx1SJGlJ,z9wYYxDZM9V
1932,CDOMI288pdd,NuGCerWN58O
1933,CDOMI288pdd,rDIYMMteqBO
1934,CDOMI288pdd,Os9njqZEjOb
1935,CDOMI288pdd,EwFHO5G420a
1936,CDOMI288pdd,suw2uRYvps1
1937,CDOMI288pdd,PXZxiZcVelu
1938,CDOMI288pdd,qMHtANd83kh
1939,CDOMI288pdd,nuMYxrh0R2i
1940,CDOMI288pdd,kBpgzphXpAR
1941,CDOMI288pdd,tDRDjpo0YoL
1942,CDOMI288pdd,aQ1xl7PpEBR
1943,CDOMI288pdd,hQErX90w0QX
1944,CDOMI288pdd,uTEkUkUPGlT
1945,CDOMI288pdd,kAIFR5chGAF
1946,CDOMI288pdd,Q6BZZU5OqUz
1947,CDOMI288pdd,kE2hYoEOdKZ
1948,CDOMI288pdd,YvuAd9YbUW1
1949,CDOMI288pdd,hzxRKJVw1qz
1950,CDOMI288pdd,TNRCya9Zcnm
1951,CDOMI288pdd,IINRfWBo1HP
1952,CDOMI288pdd,zHIgRxojTnV
1953,CDOMI288pdd,wwyAx7XFJxl
1954,CDOMI288pdd,KQym92Lq7PP
1955,CDOMI288pdd,f0IY8VORiY9
1956,CDOMI288pdd,k8HpYK6X99O
1957,CDOMI288pdd,iCBAGYxk6nz
1958,CDOMI288pdd,OLHl1lm5IdE
1959,CDOMI288pdd,pr06vcGskap
1960,CDOMI288pdd,jko8CGYBgS6
1961,CDOMI288pdd,Pdi7bTTavv2
1962,CDOMI288pdd,Xnvym8RgOAa
1963,CDOMI288pdd,XTCaoKHZWd5
1964,CDOMI288pdd,SkEFXSIXCat
1965,CDOMI288pdd,zFShLriNlnd
1966,CDOMI288pdd,lxdu4lHq3lu
1967,CDOMI288pdd,rSr0r0CxwDE
1968,CDOMI288pdd,bsvfgDGBWVf
1969,CDOMI288pdd,z9wYYxDZM9V
1970,E7J1dVR7YET,NuGCerWN58O
1971,E7J1dVR7YET,rDIYMMteqBO
1972,E7J1dVR7YET,Os9njqZEjOb
1973,E7J1dVR7YET,EwFHO5G420a
1974,E7J1dVR7YET,suw2uRYvps1
1975,E7J1dVR7YET,PXZxiZcVelu
1976,E7J1dVR7YET,qMHtANd83kh
1977,E7J1dVR7YET,nuMYxrh0R2i
1978,E7J1dVR7YET,kBpgzphXpAR
1979,E7J1dVR7YET,tDRDjpo0YoL
1980,E7J1dVR7YET,aQ1xl7PpEBR
1981,E7J1dVR7YET,hQErX90w0QX
1982,E7J1dVR7YET,uTEkUkUPGlT
1983,E7J1dVR7YET,kAIFR5chGAF
1984,E7J1dVR7YET,Q6BZZU5OqUz
1985,E7J1dVR7YET,kE2hYoEOdKZ
1986,E7J1dVR7YET,YvuAd9YbUW1
1987,E7J1dVR7YET,hzxRKJVw1qz
1988,E7J1dVR7YET,TNRCya9Zcnm
1989,E7J1dVR7YET,IINRfWBo1HP
1990,E7J1dVR7YET,zHIgRxojTnV
1991,E7J1dVR7YET,wwyAx7XFJxl
1992,E7J1dVR7YET,KQym92Lq7PP
1993,E7J1dVR7YET,f0IY8VORiY9
1994,E7J1dVR7YET,k8HpYK6X99O
1995,E7J1dVR7YET,iCBAGYxk6nz
1996,E7J1dVR7YET,OLHl1lm5IdE
1997,E7J1dVR7YET,pr06vcGskap
1998,E7J1dVR7YET,jko8CGYBgS6
1999,E7J1dVR7YET,Pdi7bTTavv2
2000,E7J1dVR7YET,Xnvym8RgOAa
2001,E7J1dVR7YET,XTCaoKHZWd5
2002,E7J1dVR7YET,SkEFXSIXCat
2003,E7J1dVR7YET,zFShLriNlnd
2004,E7J1dVR7YET,lxdu4lHq3lu
2005,E7J1dVR7YET,rSr0r0CxwDE
2006,E7J1dVR7YET,bsvfgDGBWVf
2007,E7J1dVR7YET,z9wYYxDZM9V
2008,ba88RoLjWeN,NuGCerWN58O
2009,ba88RoLjWeN,rDIYMMteqBO
2010,ba88RoLjWeN,Os9njqZEjOb
2011,ba88RoLjWeN,EwFHO5G420a
2012,ba88RoLjWeN,suw2uRYvps1
2013,ba88RoLjWeN,PXZxiZcVelu
2014,ba88RoLjWeN,qMHtANd83kh
2015,ba88RoLjWeN,nuMYxrh0R2i
2016,ba88RoLjWeN,kBpgzphXpAR
2017,ba88RoLjWeN,tDRDjpo0YoL
2018,ba88RoLjWeN,aQ1xl7PpEBR
2019,ba88RoLjWeN,hQErX90w0QX
2020,ba88RoLjWeN,uTEkUkUPGlT
2021,ba88RoLjWeN,kAIFR5chGAF
2022,ba88RoLjWeN,Q6BZZU5OqUz
2023,ba88RoLjWeN,kE2hYoEOdKZ
2024,ba88RoLjWeN,YvuAd9YbUW1
2025,ba88RoLjWeN,hzxRKJVw1qz
2026,ba88RoLjWeN,TNRCya9Zcnm
2027,ba88RoLjWeN,IINRfWBo1HP
2028,ba88RoLjWeN,zHIgRxojTnV
2029,ba88RoLjWeN,wwyAx7XFJxl
2030,ba88RoLjWeN,KQym92Lq7PP
2031,ba88RoLjWeN,f0IY8VORiY9
2032,ba88RoLjWeN,k8HpYK6X99O
2033,ba88RoLjWeN,iCBAGYxk6nz
2034,ba88RoLjWeN,OLHl1lm5IdE
2035,ba88RoLjWeN,pr06vcGskap
2036,ba88RoLjWeN,jko8CGYBgS6
2037,ba88RoLjWeN,Pdi7bTTavv2
2038,ba88RoLjWeN,Xnvym8RgOAa
2039,ba88RoLjWeN,XTCaoKHZWd5
2040,ba88RoLjWeN,SkEFXSIXCat
2041,ba88RoLjWeN,zFShLriNlnd
2042,ba88RoLjWeN,lxdu4lHq3lu
2043,ba88RoLjWeN,rSr0r0CxwDE
2044,ba88RoLjWeN,bsvfgDGBWVf
2045,ba88RoLjWeN,z9wYYxDZM9V
2046,VfNqB98M72g,zYDFMYwl3j9
2047,VfNqB98M72g,cxONGtEdXac
2048,XtY4hEOydGQ,NuGCerWN58O
2049,XtY4hEOydGQ,rDIYMMteqBO
2050,XtY4hEOydGQ,Os9njqZEjOb
2051,XtY4hEOydGQ,EwFHO5G420a
2052,XtY4hEOydGQ,suw2uRYvps1
2053,XtY4hEOydGQ,PXZxiZcVelu
2054,XtY4hEOydGQ,qMHtANd83kh
2055,XtY4hEOydGQ,nuMYxrh0R2i
2056,XtY4hEOydGQ,kBpgzphXpAR
2057,XtY4hEOydGQ,tDRDjpo0YoL
2058,XtY4hEOydGQ,aQ1xl7PpEBR
2059,XtY4hEOydGQ,hQErX90w0QX
2060,XtY4hEOydGQ,uTEkUkUPGlT
2061,XtY4hEOydGQ,kAIFR5chGAF
2062,XtY4hEOydGQ,Q6BZZU5OqUz
2063,XtY4hEOydGQ,kE2hYoEOdKZ
2064,XtY4hEOydGQ,YvuAd9YbUW1
2065,XtY4hEOydGQ,hzxRKJVw1qz
2066,XtY4hEOydGQ,TNRCya9Zcnm
2067,XtY4hEOydGQ,IINRfWBo1HP
2068,XtY4hEOydGQ,zHIgRxojTnV
2069,XtY4hEOydGQ,wwyAx7XFJxl
2070,XtY4hEOydGQ,KQym92Lq7PP
2071,XtY4hEOydGQ,f0IY8VORiY9
2072,XtY4hEOydGQ,k8HpYK6X99O
2073,XtY4hEOydGQ,iCBAGYxk6nz
2074,XtY4hEOydGQ,OLHl1lm5IdE
2075,XtY4hEOydGQ,pr06vcGskap
2076,XtY4hEOydGQ,jko8CGYBgS6
2077,XtY4hEOydGQ,Pdi7bTTavv2
2078,XtY4hEOydGQ,Xnvym8RgOAa
2079,XtY4hEOydGQ,XTCaoKHZWd5
2080,XtY4hEOydGQ,SkEFXSIXCat
2081,XtY4hEOydGQ,zFShLriNlnd
2082,XtY4hEOydGQ,lxdu4lHq3lu
2083,XtY4hEOydGQ,rSr0r0CxwDE
2084,XtY4hEOydGQ,bsvfgDGBWVf
2085,XtY4hEOydGQ,z9wYYxDZM9V
2086,pTAVuOkxwX1,QbgxnB5uLLO
2087,pTAVuOkxwX1,I09yK4slQsq
2088,pTAVuOkxwX1,osheJaxKRXZ
2089,pTAVuOkxwX1,S9Sxfrc2lmD
2090,pTAVuOkxwX1,HSUJLPpUa0w
2091,pTAVuOkxwX1,sVPtPUprGsD
2092,pTAVuOkxwX1,PwTO5OE2i8N
2093,pTAVuOkxwX1,YQ5CdvbaXZk
2094,pTAVuOkxwX1,wVueivwLOt0
2095,pTAVuOkxwX1,WRaogwhd8Gt
2096,pTAVuOkxwX1,k2osZ4OaeKR
2097,pTAVuOkxwX1,UpQqohmnsuf
2098,pTAVuOkxwX1,NinXoNCjkcW
2099,pTAVuOkxwX1,hKlrxhU2P6l
2100,pTAVuOkxwX1,wqMDTUCxW1G
2101,pTAVuOkxwX1,KMWiZgjjX48
2102,pTAVuOkxwX1,RnsWy4WUfNJ
2103,pTAVuOkxwX1,wB56pCg6HKS
2104,pTAVuOkxwX1,vbM6PR09baM
2105,pTAVuOkxwX1,oznylMTgMlZ
2106,pTAVuOkxwX1,EHJ3vkcN0bj
2107,pTAVuOkxwX1,RtR4AeMuSca
2108,pTAVuOkxwX1,kRGT79yCNHb
2109,pTAVuOkxwX1,Y34N1AtZNf0
2110,pTAVuOkxwX1,yIsulODjNYg
2111,pTAVuOkxwX1,dufg5r4mYhj
2112,pTAVuOkxwX1,MhE1lX6fIMl
2113,pTAVuOkxwX1,WMGkZVSZRxa
2114,pTAVuOkxwX1,IRi4UoTeaT6
2115,pTAVuOkxwX1,drBmjTTXvl9
2116,pTAVuOkxwX1,NPs5YWjwm8r
2117,pTAVuOkxwX1,GxDNfS8cZ5V
2118,pTAVuOkxwX1,VeitMTnaBQx
2119,pTAVuOkxwX1,zed1cGn7YjH
2120,pTAVuOkxwX1,r81b2ULirvb
2121,pTAVuOkxwX1,gHQuqpQ6AHN
2122,jra3f86n3cx,NuGCerWN58O
2123,jra3f86n3cx,rDIYMMteqBO
2124,jra3f86n3cx,Os9njqZEjOb
2125,jra3f86n3cx,EwFHO5G420a
2126,jra3f86n3cx,suw2uRYvps1
2127,jra3f86n3cx,PXZxiZcVelu
2128,jra3f86n3cx,qMHtANd83kh
2129,jra3f86n3cx,nuMYxrh0R2i
2130,jra3f86n3cx,kBpgzphXpAR
2131,jra3f86n3cx,tDRDjpo0YoL
2132,jra3f86n3cx,aQ1xl7PpEBR
2133,jra3f86n3cx,hQErX90w0QX
2134,jra3f86n3cx,uTEkUkUPGlT
2135,jra3f86n3cx,kAIFR5chGAF
2136,jra3f86n3cx,Q6BZZU5OqUz
2137,jra3f86n3cx,kE2hYoEOdKZ
2138,jra3f86n3cx,YvuAd9YbUW1
2139,jra3f86n3cx,hzxRKJVw1qz
2140,jra3f86n3cx,TNRCya9Zcnm
2141,jra3f86n3cx,IINRfWBo1HP
2142,jra3f86n3cx,zHIgRxojTnV
2143,jra3f86n3cx,wwyAx7XFJxl
2144,jra3f86n3cx,KQym92Lq7PP
2145,jra3f86n3cx,f0IY8VORiY9
2146,jra3f86n3cx,k8HpYK6X99O
2147,jra3f86n3cx,iCBAGYxk6nz
2148,jra3f86n3cx,OLHl1lm5IdE
2149,jra3f86n3cx,pr06vcGskap
2150,jra3f86n3cx,jko8CGYBgS6
2151,jra3f86n3cx,Pdi7bTTavv2
2152,jra3f86n3cx,Xnvym8RgOAa
2153,jra3f86n3cx,XTCaoKHZWd5
2154,jra3f86n3cx,SkEFXSIXCat
2155,jra3f86n3cx,zFShLriNlnd
2156,jra3f86n3cx,lxdu4lHq3lu
2157,jra3f86n3cx,rSr0r0CxwDE
2158,jra3f86n3cx,bsvfgDGBWVf
2159,jra3f86n3cx,z9wYYxDZM9V
2160,TPGpabhyQKY,NuGCerWN58O
2161,TPGpabhyQKY,rDIYMMteqBO
2162,TPGpabhyQKY,Os9njqZEjOb
2163,TPGpabhyQKY,EwFHO5G420a
2164,TPGpabhyQKY,suw2uRYvps1
2165,TPGpabhyQKY,PXZxiZcVelu
2166,TPGpabhyQKY,qMHtANd83kh
2167,TPGpabhyQKY,nuMYxrh0R2i
2168,TPGpabhyQKY,kBpgzphXpAR
2169,TPGpabhyQKY,tDRDjpo0YoL
2170,TPGpabhyQKY,aQ1xl7PpEBR
2171,TPGpabhyQKY,hQErX90w0QX
2172,TPGpabhyQKY,uTEkUkUPGlT
2173,TPGpabhyQKY,kAIFR5chGAF
2174,TPGpabhyQKY,Q6BZZU5OqUz
2175,TPGpabhyQKY,kE2hYoEOdKZ
2176,TPGpabhyQKY,YvuAd9YbUW1
2177,TPGpabhyQKY,hzxRKJVw1qz
2178,TPGpabhyQKY,TNRCya9Zcnm
2179,TPGpabhyQKY,IINRfWBo1HP
2180,TPGpabhyQKY,zHIgRxojTnV
2181,TPGpabhyQKY,wwyAx7XFJxl
2182,TPGpabhyQKY,KQym92Lq7PP
2183,TPGpabhyQKY,f0IY8VORiY9
2184,TPGpabhyQKY,k8HpYK6X99O
2185,TPGpabhyQKY,iCBAGYxk6nz
2186,TPGpabhyQKY,OLHl1lm5IdE
2187,TPGpabhyQKY,pr06vcGskap
2188,TPGpabhyQKY,jko8CGYBgS6
2189,TPGpabhyQKY,Pdi7bTTavv2
2190,TPGpabhyQKY,Xnvym8RgOAa
2191,TPGpabhyQKY,XTCaoKHZWd5
2192,TPGpabhyQKY,SkEFXSIXCat
2193,TPGpabhyQKY,zFShLriNlnd
2194,TPGpabhyQKY,lxdu4lHq3lu
2195,TPGpabhyQKY,rSr0r0CxwDE
2196,TPGpabhyQKY,bsvfgDGBWVf
2197,TPGpabhyQKY,z9wYYxDZM9V
2198,OxV8NP5bYZB,NuGCerWN58O
2199,OxV8NP5bYZB,rDIYMMteqBO
2200,OxV8NP5bYZB,Os9njqZEjOb
2201,OxV8NP5bYZB,EwFHO5G420a
2202,OxV8NP5bYZB,suw2uRYvps1
2203,OxV8NP5bYZB,PXZxiZcVelu
2204,OxV8NP5bYZB,qMHtANd83kh
2205,OxV8NP5bYZB,nuMYxrh0R2i
2206,OxV8NP5bYZB,kBpgzphXpAR
2207,OxV8NP5bYZB,tDRDjpo0YoL
2208,OxV8NP5bYZB,aQ1xl7PpEBR
2209,OxV8NP5bYZB,hQErX90w0QX
2210,OxV8NP5bYZB,uTEkUkUPGlT
2211,OxV8NP5bYZB,kAIFR5chGAF
2212,OxV8NP5bYZB,Q6BZZU5OqUz
2213,OxV8NP5bYZB,kE2hYoEOdKZ
2214,OxV8NP5bYZB,YvuAd9YbUW1
2215,OxV8NP5bYZB,hzxRKJVw1qz
2216,OxV8NP5bYZB,TNRCya9Zcnm
2217,OxV8NP5bYZB,IINRfWBo1HP
2218,OxV8NP5bYZB,zHIgRxojTnV
2219,OxV8NP5bYZB,wwyAx7XFJxl
2220,OxV8NP5bYZB,KQym92Lq7PP
2221,OxV8NP5bYZB,f0IY8VORiY9
2222,OxV8NP5bYZB,k8HpYK6X99O
2223,OxV8NP5bYZB,iCBAGYxk6nz
2224,OxV8NP5bYZB,OLHl1lm5IdE
2225,OxV8NP5bYZB,pr06vcGskap
2226,OxV8NP5bYZB,jko8CGYBgS6
2227,OxV8NP5bYZB,Pdi7bTTavv2
2228,OxV8NP5bYZB,Xnvym8RgOAa
2229,OxV8NP5bYZB,XTCaoKHZWd5
2230,OxV8NP5bYZB,SkEFXSIXCat
2231,OxV8NP5bYZB,zFShLriNlnd
2232,OxV8NP5bYZB,lxdu4lHq3lu
2233,OxV8NP5bYZB,rSr0r0CxwDE
2234,OxV8NP5bYZB,bsvfgDGBWVf
2235,OxV8NP5bYZB,z9wYYxDZM9V
2236,gKYbue5hGUk,NuGCerWN58O
2237,gKYbue5hGUk,rDIYMMteqBO
2238,gKYbue5hGUk,Os9njqZEjOb
2239,gKYbue5hGUk,EwFHO5G420a
2240,gKYbue5hGUk,suw2uRYvps1
2241,gKYbue5hGUk,PXZxiZcVelu
2242,gKYbue5hGUk,qMHtANd83kh
2243,gKYbue5hGUk,nuMYxrh0R2i
2244,gKYbue5hGUk,kBpgzphXpAR
2245,gKYbue5hGUk,tDRDjpo0YoL
2246,gKYbue5hGUk,aQ1xl7PpEBR
2247,gKYbue5hGUk,hQErX90w0QX
2248,gKYbue5hGUk,uTEkUkUPGlT
2249,gKYbue5hGUk,kAIFR5chGAF
2250,gKYbue5hGUk,Q6BZZU5OqUz
2251,gKYbue5hGUk,kE2hYoEOdKZ
2252,gKYbue5hGUk,YvuAd9YbUW1
2253,gKYbue5hGUk,hzxRKJVw1qz
2254,gKYbue5hGUk,TNRCya9Zcnm
2255,gKYbue5hGUk,IINRfWBo1HP
2256,gKYbue5hGUk,zHIgRxojTnV
2257,gKYbue5hGUk,wwyAx7XFJxl
2258,gKYbue5hGUk,KQym92Lq7PP
2259,gKYbue5hGUk,f0IY8VORiY9
2260,gKYbue5hGUk,k8HpYK6X99O
2261,gKYbue5hGUk,iCBAGYxk6nz
2262,gKYbue5hGUk,OLHl1lm5IdE
2263,gKYbue5hGUk,pr06vcGskap
2264,gKYbue5hGUk,jko8CGYBgS6
2265,gKYbue5hGUk,Pdi7bTTavv2
2266,gKYbue5hGUk,Xnvym8RgOAa
2267,gKYbue5hGUk,XTCaoKHZWd5
2268,gKYbue5hGUk,SkEFXSIXCat
2269,gKYbue5hGUk,zFShLriNlnd
2270,gKYbue5hGUk,lxdu4lHq3lu
2271,gKYbue5hGUk,rSr0r0CxwDE
2272,gKYbue5hGUk,bsvfgDGBWVf
2273,gKYbue5hGUk,z9wYYxDZM9V
2274,GO57rl52q6r,NuGCerWN58O
2275,GO57rl52q6r,rDIYMMteqBO
2276,GO57rl52q6r,Os9njqZEjOb
2277,GO57rl52q6r,EwFHO5G420a
2278,GO57rl52q6r,suw2uRYvps1
2279,GO57rl52q6r,PXZxiZcVelu
2280,GO57rl52q6r,qMHtANd83kh
2281,GO57rl52q6r,nuMYxrh0R2i
2282,GO57rl52q6r,kBpgzphXpAR
2283,GO57rl52q6r,tDRDjpo0YoL
2284,GO57rl52q6r,aQ1xl7PpEBR
2285,GO57rl52q6r,hQErX90w0QX
2286,GO57rl52q6r,uTEkUkUPGlT
2287,GO57rl52q6r,kAIFR5chGAF
2288,GO57rl52q6r,Q6BZZU5OqUz
2289,GO57rl52q6r,kE2hYoEOdKZ
2290,GO57rl52q6r,YvuAd9YbUW1
2291,GO57rl52q6r,hzxRKJVw1qz
2292,GO57rl52q6r,TNRCya9Zcnm
2293,GO57rl52q6r,IINRfWBo1HP
2294,GO57rl52q6r,zHIgRxojTnV
2295,GO57rl52q6r,wwyAx7XFJxl
2296,GO57rl52q6r,KQym92Lq7PP
2297,GO57rl52q6r,f0IY8VORiY9
2298,GO57rl52q6r,k8HpYK6X99O
2299,GO57rl52q6r,iCBAGYxk6nz
2300,GO57rl52q6r,OLHl1lm5IdE
2301,GO57rl52q6r,pr06vcGskap
2302,GO57rl52q6r,jko8CGYBgS6
2303,GO57rl52q6r,Pdi7bTTavv2
2304,GO57rl52q6r,Xnvym8RgOAa
2305,GO57rl52q6r,XTCaoKHZWd5
2306,GO57rl52q6r,SkEFXSIXCat
2307,GO57rl52q6r,zFShLriNlnd
2308,GO57rl52q6r,lxdu4lHq3lu
2309,GO57rl52q6r,rSr0r0CxwDE
2310,GO57rl52q6r,bsvfgDGBWVf
2311,GO57rl52q6r,z9wYYxDZM9V
2312,VtsxIu19MH4,NuGCerWN58O
2313,VtsxIu19MH4,rDIYMMteqBO
2314,VtsxIu19MH4,Os9njqZEjOb
2315,VtsxIu19MH4,EwFHO5G420a
2316,VtsxIu19MH4,suw2uRYvps1
2317,VtsxIu19MH4,PXZxiZcVelu
2318,VtsxIu19MH4,qMHtANd83kh
2319,VtsxIu19MH4,nuMYxrh0R2i
2320,VtsxIu19MH4,kBpgzphXpAR
2321,VtsxIu19MH4,tDRDjpo0YoL
2322,VtsxIu19MH4,aQ1xl7PpEBR
2323,VtsxIu19MH4,hQErX90w0QX
2324,VtsxIu19MH4,uTEkUkUPGlT
2325,VtsxIu19MH4,kAIFR5chGAF
2326,VtsxIu19MH4,Q6BZZU5OqUz
2327,VtsxIu19MH4,kE2hYoEOdKZ
2328,VtsxIu19MH4,YvuAd9YbUW1
2329,VtsxIu19MH4,hzxRKJVw1qz
2330,VtsxIu19MH4,TNRCya9Zcnm
2331,VtsxIu19MH4,IINRfWBo1HP
2332,VtsxIu19MH4,zHIgRxojTnV
2333,VtsxIu19MH4,wwyAx7XFJxl
2334,VtsxIu19MH4,KQym92Lq7PP
2335,VtsxIu19MH4,f0IY8VORiY9
2336,VtsxIu19MH4,k8HpYK6X99O
2337,VtsxIu19MH4,iCBAGYxk6nz
2338,VtsxIu19MH4,OLHl1lm5IdE
2339,VtsxIu19MH4,pr06vcGskap
2340,VtsxIu19MH4,jko8CGYBgS6
2341,VtsxIu19MH4,Pdi7bTTavv2
2342,VtsxIu19MH4,Xnvym8RgOAa
2343,VtsxIu19MH4,XTCaoKHZWd5
2344,VtsxIu19MH4,SkEFXSIXCat
2345,VtsxIu19MH4,zFShLriNlnd
2346,VtsxIu19MH4,lxdu4lHq3lu
2347,VtsxIu19MH4,rSr0r0CxwDE
2348,VtsxIu19MH4,bsvfgDGBWVf
2349,VtsxIu19MH4,z9wYYxDZM9V
2350,qpb8pzoWhJo,NuGCerWN58O
2351,qpb8pzoWhJo,rDIYMMteqBO
2352,qpb8pzoWhJo,Os9njqZEjOb
2353,qpb8pzoWhJo,EwFHO5G420a
2354,qpb8pzoWhJo,suw2uRYvps1
2355,qpb8pzoWhJo,PXZxiZcVelu
2356,qpb8pzoWhJo,qMHtANd83kh
2357,qpb8pzoWhJo,nuMYxrh0R2i
2358,qpb8pzoWhJo,kBpgzphXpAR
2359,qpb8pzoWhJo,tDRDjpo0YoL
2360,qpb8pzoWhJo,aQ1xl7PpEBR
2361,qpb8pzoWhJo,hQErX90w0QX
2362,qpb8pzoWhJo,uTEkUkUPGlT
2363,qpb8pzoWhJo,kAIFR5chGAF
2364,qpb8pzoWhJo,Q6BZZU5OqUz
2365,qpb8pzoWhJo,kE2hYoEOdKZ
2366,qpb8pzoWhJo,YvuAd9YbUW1
2367,qpb8pzoWhJo,hzxRKJVw1qz
2368,qpb8pzoWhJo,TNRCya9Zcnm
2369,qpb8pzoWhJo,IINRfWBo1HP
2370,qpb8pzoWhJo,zHIgRxojTnV
2371,qpb8pzoWhJo,wwyAx7XFJxl
2372,qpb8pzoWhJo,KQym92Lq7PP
2373,qpb8pzoWhJo,f0IY8VORiY9
2374,qpb8pzoWhJo,k8HpYK6X99O
2375,qpb8pzoWhJo,iCBAGYxk6nz
2376,qpb8pzoWhJo,OLHl1lm5IdE
2377,qpb8pzoWhJo,pr06vcGskap
2378,qpb8pzoWhJo,jko8CGYBgS6
2379,qpb8pzoWhJo,Pdi7bTTavv2
2380,qpb8pzoWhJo,Xnvym8RgOAa
2381,qpb8pzoWhJo,XTCaoKHZWd5
2382,qpb8pzoWhJo,SkEFXSIXCat
2383,qpb8pzoWhJo,zFShLriNlnd
2384,qpb8pzoWhJo,lxdu4lHq3lu
2385,qpb8pzoWhJo,rSr0r0CxwDE
2386,qpb8pzoWhJo,bsvfgDGBWVf
2387,qpb8pzoWhJo,z9wYYxDZM9V
2388,bOFpbhWOOgD,s1Q38Ll9WxL
2389,bOFpbhWOOgD,lPmhlMRtquO
2390,bOFpbhWOOgD,m2TeadmNFyj
2391,bOFpbhWOOgD,rj9IJdHjZpH
2392,bOFpbhWOOgD,wPY4HF1hPKn
2393,bOFpbhWOOgD,ENA3tZYMEs4
2394,bOFpbhWOOgD,P5Ha0aIoR1p
2395,bOFpbhWOOgD,LhZGxQ7MTRf
2396,bOFpbhWOOgD,GubYOBYVxvo
2397,bOFpbhWOOgD,El1WCLEfU1W
2398,bOFpbhWOOgD,l5ZbmIi2S9X
2399,bOFpbhWOOgD,JKMVQm6XWfV
2400,bOFpbhWOOgD,g4FCIGEaLfK
2401,bOFpbhWOOgD,bgWP5Glwczt
2402,bOFpbhWOOgD,Ivg7ljkyFSq
2403,bOFpbhWOOgD,RoQbHNMbM6I
2404,bOFpbhWOOgD,PW5uGcI6QnG
2405,bOFpbhWOOgD,We5lD17Va8z
2406,bOFpbhWOOgD,iiHv5OA8ziN
2407,bOFpbhWOOgD,HvqasxV9uCg
2408,bOFpbhWOOgD,D4mjK10Olph
2409,bOFpbhWOOgD,H13wis50FWc
2410,bOFpbhWOOgD,iNxlIiFFANo
2411,bOFpbhWOOgD,ZNUi3R8HPJS
2412,bOFpbhWOOgD,yzExuznqOHX
2413,qEEB2h1gE6W,NuGCerWN58O
2414,qEEB2h1gE6W,rDIYMMteqBO
2415,qEEB2h1gE6W,Os9njqZEjOb
2416,qEEB2h1gE6W,EwFHO5G420a
2417,qEEB2h1gE6W,suw2uRYvps1
2418,qEEB2h1gE6W,PXZxiZcVelu
2419,qEEB2h1gE6W,qMHtANd83kh
2420,qEEB2h1gE6W,nuMYxrh0R2i
2421,qEEB2h1gE6W,kBpgzphXpAR
2422,qEEB2h1gE6W,tDRDjpo0YoL
2423,qEEB2h1gE6W,aQ1xl7PpEBR
2424,qEEB2h1gE6W,hQErX90w0QX
2425,qEEB2h1gE6W,uTEkUkUPGlT
2426,qEEB2h1gE6W,kAIFR5chGAF
2427,qEEB2h1gE6W,Q6BZZU5OqUz
2428,qEEB2h1gE6W,kE2hYoEOdKZ
2429,qEEB2h1gE6W,YvuAd9YbUW1
2430,qEEB2h1gE6W,hzxRKJVw1qz
2431,qEEB2h1gE6W,TNRCya9Zcnm
2432,qEEB2h1gE6W,IINRfWBo1HP
2433,qEEB2h1gE6W,zHIgRxojTnV
2434,qEEB2h1gE6W,wwyAx7XFJxl
2435,qEEB2h1gE6W,KQym92Lq7PP
2436,qEEB2h1gE6W,f0IY8VORiY9
2437,qEEB2h1gE6W,k8HpYK6X99O
2438,qEEB2h1gE6W,iCBAGYxk6nz
2439,qEEB2h1gE6W,OLHl1lm5IdE
2440,qEEB2h1gE6W,pr06vcGskap
2441,qEEB2h1gE6W,jko8CGYBgS6
2442,qEEB2h1gE6W,Pdi7bTTavv2
2443,qEEB2h1gE6W,Xnvym8RgOAa
2444,qEEB2h1gE6W,XTCaoKHZWd5
2445,qEEB2h1gE6W,SkEFXSIXCat
2446,qEEB2h1gE6W,zFShLriNlnd
2447,qEEB2h1gE6W,lxdu4lHq3lu
2448,qEEB2h1gE6W,rSr0r0CxwDE
2449,qEEB2h1gE6W,bsvfgDGBWVf
2450,qEEB2h1gE6W,z9wYYxDZM9V
2451,fM0ESv4jafp,NuGCerWN58O
2452,fM0ESv4jafp,rDIYMMteqBO
2453,fM0ESv4jafp,Os9njqZEjOb
2454,fM0ESv4jafp,EwFHO5G420a
2455,fM0ESv4jafp,suw2uRYvps1
2456,fM0ESv4jafp,PXZxiZcVelu
2457,fM0ESv4jafp,qMHtANd83kh
2458,fM0ESv4jafp,nuMYxrh0R2i
2459,fM0ESv4jafp,kBpgzphXpAR
2460,fM0ESv4jafp,tDRDjpo0YoL
2461,fM0ESv4jafp,aQ1xl7PpEBR
2462,fM0ESv4jafp,hQErX90w0QX
2463,fM0ESv4jafp,uTEkUkUPGlT
2464,fM0ESv4jafp,kAIFR5chGAF
2465,fM0ESv4jafp,Q6BZZU5OqUz
2466,fM0ESv4jafp,kE2hYoEOdKZ
2467,fM0ESv4jafp,YvuAd9YbUW1
2468,fM0ESv4jafp,hzxRKJVw1qz
2469,fM0ESv4jafp,TNRCya9Zcnm
2470,fM0ESv4jafp,IINRfWBo1HP
2471,fM0ESv4jafp,zHIgRxojTnV
2472,fM0ESv4jafp,wwyAx7XFJxl
2473,fM0ESv4jafp,KQym92Lq7PP
2474,fM0ESv4jafp,f0IY8VORiY9
2475,fM0ESv4jafp,k8HpYK6X99O
2476,fM0ESv4jafp,iCBAGYxk6nz
2477,fM0ESv4jafp,OLHl1lm5IdE
2478,fM0ESv4jafp,pr06vcGskap
2479,fM0ESv4jafp,jko8CGYBgS6
2480,fM0ESv4jafp,Pdi7bTTavv2
2481,fM0ESv4jafp,Xnvym8RgOAa
2482,fM0ESv4jafp,XTCaoKHZWd5
2483,fM0ESv4jafp,SkEFXSIXCat
2484,fM0ESv4jafp,zFShLriNlnd
2485,fM0ESv4jafp,lxdu4lHq3lu
2486,fM0ESv4jafp,rSr0r0CxwDE
2487,fM0ESv4jafp,bsvfgDGBWVf
2488,fM0ESv4jafp,z9wYYxDZM9V
2489,akdh08NYxTi,NuGCerWN58O
2490,akdh08NYxTi,rDIYMMteqBO
2491,akdh08NYxTi,Os9njqZEjOb
2492,akdh08NYxTi,EwFHO5G420a
2493,akdh08NYxTi,suw2uRYvps1
2494,akdh08NYxTi,PXZxiZcVelu
2495,akdh08NYxTi,qMHtANd83kh
2496,akdh08NYxTi,nuMYxrh0R2i
2497,akdh08NYxTi,kBpgzphXpAR
2498,akdh08NYxTi,tDRDjpo0YoL
2499,akdh08NYxTi,aQ1xl7PpEBR
2500,akdh08NYxTi,hQErX90w0QX
2501,akdh08NYxTi,uTEkUkUPGlT
2502,akdh08NYxTi,kAIFR5chGAF
2503,akdh08NYxTi,Q6BZZU5OqUz
2504,akdh08NYxTi,kE2hYoEOdKZ
2505,akdh08NYxTi,YvuAd9YbUW1
2506,akdh08NYxTi,hzxRKJVw1qz
2507,akdh08NYxTi,TNRCya9Zcnm
2508,akdh08NYxTi,IINRfWBo1HP
2509,akdh08NYxTi,zHIgRxojTnV
2510,akdh08NYxTi,wwyAx7XFJxl
2511,akdh08NYxTi,KQym92Lq7PP
2512,akdh08NYxTi,f0IY8VORiY9
2513,akdh08NYxTi,k8HpYK6X99O
2514,akdh08NYxTi,iCBAGYxk6nz
2515,akdh08NYxTi,OLHl1lm5IdE
2516,akdh08NYxTi,pr06vcGskap
2517,akdh08NYxTi,jko8CGYBgS6
2518,akdh08NYxTi,Pdi7bTTavv2
2519,akdh08NYxTi,Xnvym8RgOAa
2520,akdh08NYxTi,XTCaoKHZWd5
2521,akdh08NYxTi,SkEFXSIXCat
2522,akdh08NYxTi,zFShLriNlnd
2523,akdh08NYxTi,lxdu4lHq3lu
2524,akdh08NYxTi,rSr0r0CxwDE
2525,akdh08NYxTi,bsvfgDGBWVf
2526,akdh08NYxTi,z9wYYxDZM9V
2527,YjXDDpPui8r,s1Q38Ll9WxL
2528,YjXDDpPui8r,lPmhlMRtquO
2529,YjXDDpPui8r,m2TeadmNFyj
2530,YjXDDpPui8r,rj9IJdHjZpH
2531,YjXDDpPui8r,wPY4HF1hPKn
2532,YjXDDpPui8r,ENA3tZYMEs4
2533,YjXDDpPui8r,P5Ha0aIoR1p
2534,YjXDDpPui8r,LhZGxQ7MTRf
2535,YjXDDpPui8r,GubYOBYVxvo
2536,YjXDDpPui8r,El1WCLEfU1W
2537,YjXDDpPui8r,l5ZbmIi2S9X
2538,YjXDDpPui8r,JKMVQm6XWfV
2539,YjXDDpPui8r,g4FCIGEaLfK
2540,YjXDDpPui8r,bgWP5Glwczt
2541,YjXDDpPui8r,Ivg7ljkyFSq
2542,YjXDDpPui8r,RoQbHNMbM6I
2543,YjXDDpPui8r,PW5uGcI6QnG
2544,YjXDDpPui8r,We5lD17Va8z
2545,YjXDDpPui8r,iiHv5OA8ziN
2546,YjXDDpPui8r,HvqasxV9uCg
2547,YjXDDpPui8r,D4mjK10Olph
2548,YjXDDpPui8r,H13wis50FWc
2549,YjXDDpPui8r,iNxlIiFFANo
2550,YjXDDpPui8r,ZNUi3R8HPJS
2551,YjXDDpPui8r,yzExuznqOHX
2552,ETA7LpinDUq,NuGCerWN58O
2553,ETA7LpinDUq,rDIYMMteqBO
2554,ETA7LpinDUq,Os9njqZEjOb
2555,ETA7LpinDUq,EwFHO5G420a
2556,ETA7LpinDUq,suw2uRYvps1
2557,ETA7LpinDUq,PXZxiZcVelu
2558,ETA7LpinDUq,qMHtANd83kh
2559,ETA7LpinDUq,nuMYxrh0R2i
2560,ETA7LpinDUq,kBpgzphXpAR
2561,ETA7LpinDUq,tDRDjpo0YoL
2562,ETA7LpinDUq,aQ1xl7PpEBR
2563,ETA7LpinDUq,hQErX90w0QX
2564,ETA7LpinDUq,uTEkUkUPGlT
2565,ETA7LpinDUq,kAIFR5chGAF
2566,ETA7LpinDUq,Q6BZZU5OqUz
2567,ETA7LpinDUq,kE2hYoEOdKZ
2568,ETA7LpinDUq,YvuAd9YbUW1
2569,ETA7LpinDUq,hzxRKJVw1qz
2570,ETA7LpinDUq,TNRCya9Zcnm
2571,ETA7LpinDUq,IINRfWBo1HP
2572,ETA7LpinDUq,zHIgRxojTnV
2573,ETA7LpinDUq,wwyAx7XFJxl
2574,ETA7LpinDUq,KQym92Lq7PP
2575,ETA7LpinDUq,f0IY8VORiY9
2576,ETA7LpinDUq,k8HpYK6X99O
2577,ETA7LpinDUq,iCBAGYxk6nz
2578,ETA7LpinDUq,OLHl1lm5IdE
2579,ETA7LpinDUq,pr06vcGskap
2580,ETA7LpinDUq,jko8CGYBgS6
2581,ETA7LpinDUq,Pdi7bTTavv2
2582,ETA7LpinDUq,Xnvym8RgOAa
2583,ETA7LpinDUq,XTCaoKHZWd5
2584,ETA7LpinDUq,SkEFXSIXCat
2585,ETA7LpinDUq,zFShLriNlnd
2586,ETA7LpinDUq,lxdu4lHq3lu
2587,ETA7LpinDUq,rSr0r0CxwDE
2588,ETA7LpinDUq,bsvfgDGBWVf
2589,ETA7LpinDUq,z9wYYxDZM9V
2590,aNS4HTvvBdt,NuGCerWN58O
2591,aNS4HTvvBdt,rDIYMMteqBO
2592,aNS4HTvvBdt,Os9njqZEjOb
2593,aNS4HTvvBdt,EwFHO5G420a
2594,aNS4HTvvBdt,suw2uRYvps1
2595,aNS4HTvvBdt,PXZxiZcVelu
2596,aNS4HTvvBdt,qMHtANd83kh
2597,aNS4HTvvBdt,nuMYxrh0R2i
2598,aNS4HTvvBdt,kBpgzphXpAR
2599,aNS4HTvvBdt,tDRDjpo0YoL
2600,aNS4HTvvBdt,aQ1xl7PpEBR
2601,aNS4HTvvBdt,hQErX90w0QX
2602,aNS4HTvvBdt,uTEkUkUPGlT
2603,aNS4HTvvBdt,kAIFR5chGAF
2604,aNS4HTvvBdt,Q6BZZU5OqUz
2605,aNS4HTvvBdt,kE2hYoEOdKZ
2606,aNS4HTvvBdt,YvuAd9YbUW1
2607,aNS4HTvvBdt,hzxRKJVw1qz
2608,aNS4HTvvBdt,TNRCya9Zcnm
2609,aNS4HTvvBdt,IINRfWBo1HP
2610,aNS4HTvvBdt,zHIgRxojTnV
2611,aNS4HTvvBdt,wwyAx7XFJxl
2612,aNS4HTvvBdt,KQym92Lq7PP
2613,aNS4HTvvBdt,f0IY8VORiY9
2614,aNS4HTvvBdt,k8HpYK6X99O
2615,aNS4HTvvBdt,iCBAGYxk6nz
2616,aNS4HTvvBdt,OLHl1lm5IdE
2617,aNS4HTvvBdt,pr06vcGskap
2618,aNS4HTvvBdt,jko8CGYBgS6
2619,aNS4HTvvBdt,Pdi7bTTavv2
2620,aNS4HTvvBdt,Xnvym8RgOAa
2621,aNS4HTvvBdt,XTCaoKHZWd5
2622,aNS4HTvvBdt,SkEFXSIXCat
2623,aNS4HTvvBdt,zFShLriNlnd
2624,aNS4HTvvBdt,lxdu4lHq3lu
2625,aNS4HTvvBdt,rSr0r0CxwDE
2626,aNS4HTvvBdt,bsvfgDGBWVf
2627,aNS4HTvvBdt,z9wYYxDZM9V
2628,L7mEaCOHpq3,NhaCkK1zH9U
2629,L7mEaCOHpq3,Vw05E7W9pGH
2630,L7mEaCOHpq3,ZmDRpouk1Pf
2631,L7mEaCOHpq3,DzD38k4YAqv
2632,L7mEaCOHpq3,JCTWaWIToIm
2633,L7mEaCOHpq3,cUhvdMpVZEL
2634,L7mEaCOHpq3,swuPAWtLMIx
2635,L7mEaCOHpq3,spQ43sM4seo
2636,L7mEaCOHpq3,Ucc8ax90Wss
2637,L7mEaCOHpq3,hIIg7SjaPlu
2638,L7mEaCOHpq3,mAVXU4qekYI
2639,L7mEaCOHpq3,Hs7ahtn8D2h
2640,L7mEaCOHpq3,lt2RiSc1F5h
2641,L7mEaCOHpq3,hQYaFWtsiEQ
2642,L7mEaCOHpq3,V6XVOjhLEwA
2643,L7mEaCOHpq3,QS8euMeXUNm
2644,L7mEaCOHpq3,r51DzYZiHDg
2645,L7mEaCOHpq3,TdFTHypaqWp
2646,Y3IqHbFqofa,NhaCkK1zH9U
2647,Y3IqHbFqofa,Vw05E7W9pGH
2648,Y3IqHbFqofa,ZmDRpouk1Pf
2649,Y3IqHbFqofa,DzD38k4YAqv
2650,Y3IqHbFqofa,JCTWaWIToIm
2651,Y3IqHbFqofa,cUhvdMpVZEL
2652,Y3IqHbFqofa,swuPAWtLMIx
2653,Y3IqHbFqofa,spQ43sM4seo
2654,Y3IqHbFqofa,Ucc8ax90Wss
2655,Y3IqHbFqofa,hIIg7SjaPlu
2656,Y3IqHbFqofa,mAVXU4qekYI
2657,Y3IqHbFqofa,Hs7ahtn8D2h
2658,Y3IqHbFqofa,lt2RiSc1F5h
2659,Y3IqHbFqofa,hQYaFWtsiEQ
2660,Y3IqHbFqofa,V6XVOjhLEwA
2661,Y3IqHbFqofa,QS8euMeXUNm
2662,Y3IqHbFqofa,r51DzYZiHDg
2663,Y3IqHbFqofa,TdFTHypaqWp
2664,rWJzGbXv75e,El1WCLEfU1W
2665,rWJzGbXv75e,l5ZbmIi2S9X
2666,rWJzGbXv75e,JKMVQm6XWfV
2667,rWJzGbXv75e,g4FCIGEaLfK
2668,rWJzGbXv75e,bgWP5Glwczt
2669,rWJzGbXv75e,Ivg7ljkyFSq
2670,rWJzGbXv75e,RoQbHNMbM6I
2671,rWJzGbXv75e,PW5uGcI6QnG
2672,rWJzGbXv75e,We5lD17Va8z
2673,rWJzGbXv75e,iiHv5OA8ziN
2674,rWJzGbXv75e,HvqasxV9uCg
2675,rWJzGbXv75e,D4mjK10Olph
2676,rWJzGbXv75e,H13wis50FWc
2677,rWJzGbXv75e,iNxlIiFFANo
2678,rWJzGbXv75e,ZNUi3R8HPJS
2679,rWJzGbXv75e,yzExuznqOHX
2680,MLml19ikx5S,NuGCerWN58O
2681,MLml19ikx5S,rDIYMMteqBO
2682,MLml19ikx5S,Os9njqZEjOb
2683,MLml19ikx5S,EwFHO5G420a
2684,MLml19ikx5S,suw2uRYvps1
2685,MLml19ikx5S,PXZxiZcVelu
2686,MLml19ikx5S,qMHtANd83kh
2687,MLml19ikx5S,nuMYxrh0R2i
2688,MLml19ikx5S,kBpgzphXpAR
2689,MLml19ikx5S,tDRDjpo0YoL
2690,MLml19ikx5S,aQ1xl7PpEBR
2691,MLml19ikx5S,hQErX90w0QX
2692,MLml19ikx5S,uTEkUkUPGlT
2693,MLml19ikx5S,kAIFR5chGAF
2694,MLml19ikx5S,Q6BZZU5OqUz
2695,MLml19ikx5S,kE2hYoEOdKZ
2696,MLml19ikx5S,YvuAd9YbUW1
2697,MLml19ikx5S,hzxRKJVw1qz
2698,MLml19ikx5S,TNRCya9Zcnm
2699,MLml19ikx5S,IINRfWBo1HP
2700,MLml19ikx5S,zHIgRxojTnV
2701,MLml19ikx5S,wwyAx7XFJxl
2702,MLml19ikx5S,KQym92Lq7PP
2703,MLml19ikx5S,f0IY8VORiY9
2704,MLml19ikx5S,k8HpYK6X99O
2705,MLml19ikx5S,iCBAGYxk6nz
2706,MLml19ikx5S,OLHl1lm5IdE
2707,MLml19ikx5S,pr06vcGskap
2708,MLml19ikx5S,jko8CGYBgS6
2709,MLml19ikx5S,Pdi7bTTavv2
2710,MLml19ikx5S,Xnvym8RgOAa
2711,MLml19ikx5S,XTCaoKHZWd5
2712,MLml19ikx5S,SkEFXSIXCat
2713,MLml19ikx5S,zFShLriNlnd
2714,MLml19ikx5S,lxdu4lHq3lu
2715,MLml19ikx5S,rSr0r0CxwDE
2716,MLml19ikx5S,bsvfgDGBWVf
2717,MLml19ikx5S,z9wYYxDZM9V
2718,maU3KOrc6m1,s1Q38Ll9WxL
2719,maU3KOrc6m1,lPmhlMRtquO
2720,maU3KOrc6m1,m2TeadmNFyj
2721,maU3KOrc6m1,rj9IJdHjZpH
2722,maU3KOrc6m1,wPY4HF1hPKn
2723,maU3KOrc6m1,ENA3tZYMEs4
2724,maU3KOrc6m1,P5Ha0aIoR1p
2725,maU3KOrc6m1,LhZGxQ7MTRf
2726,maU3KOrc6m1,GubYOBYVxvo
2727,maU3KOrc6m1,El1WCLEfU1W
2728,maU3KOrc6m1,l5ZbmIi2S9X
2729,maU3KOrc6m1,JKMVQm6XWfV
2730,maU3KOrc6m1,g4FCIGEaLfK
2731,maU3KOrc6m1,bgWP5Glwczt
2732,maU3KOrc6m1,Ivg7ljkyFSq
2733,maU3KOrc6m1,RoQbHNMbM6I
2734,maU3KOrc6m1,PW5uGcI6QnG
2735,maU3KOrc6m1,We5lD17Va8z
2736,maU3KOrc6m1,iiHv5OA8ziN
2737,maU3KOrc6m1,HvqasxV9uCg
2738,maU3KOrc6m1,D4mjK10Olph
2739,maU3KOrc6m1,H13wis50FWc
2740,maU3KOrc6m1,iNxlIiFFANo
2741,maU3KOrc6m1,ZNUi3R8HPJS
2742,maU3KOrc6m1,yzExuznqOHX
2743,TKQ3G7kNBcS,NuGCerWN58O
2744,TKQ3G7kNBcS,rDIYMMteqBO
2745,TKQ3G7kNBcS,Os9njqZEjOb
2746,TKQ3G7kNBcS,EwFHO5G420a
2747,TKQ3G7kNBcS,suw2uRYvps1
2748,TKQ3G7kNBcS,PXZxiZcVelu
2749,TKQ3G7kNBcS,qMHtANd83kh
2750,TKQ3G7kNBcS,nuMYxrh0R2i
2751,TKQ3G7kNBcS,kBpgzphXpAR
2752,TKQ3G7kNBcS,tDRDjpo0YoL
2753,TKQ3G7kNBcS,aQ1xl7PpEBR
2754,TKQ3G7kNBcS,hQErX90w0QX
2755,TKQ3G7kNBcS,uTEkUkUPGlT
2756,TKQ3G7kNBcS,kAIFR5chGAF
2757,TKQ3G7kNBcS,Q6BZZU5OqUz
2758,TKQ3G7kNBcS,kE2hYoEOdKZ
2759,TKQ3G7kNBcS,YvuAd9YbUW1
2760,TKQ3G7kNBcS,hzxRKJVw1qz
2761,TKQ3G7kNBcS,TNRCya9Zcnm
2762,TKQ3G7kNBcS,IINRfWBo1HP
2763,TKQ3G7kNBcS,zHIgRxojTnV
2764,TKQ3G7kNBcS,wwyAx7XFJxl
2765,TKQ3G7kNBcS,KQym92Lq7PP
2766,TKQ3G7kNBcS,f0IY8VORiY9
2767,TKQ3G7kNBcS,k8HpYK6X99O
2768,TKQ3G7kNBcS,iCBAGYxk6nz
2769,TKQ3G7kNBcS,OLHl1lm5IdE
2770,TKQ3G7kNBcS,pr06vcGskap
2771,TKQ3G7kNBcS,jko8CGYBgS6
2772,TKQ3G7kNBcS,Pdi7bTTavv2
2773,TKQ3G7kNBcS,Xnvym8RgOAa
2774,TKQ3G7kNBcS,XTCaoKHZWd5
2775,TKQ3G7kNBcS,SkEFXSIXCat
2776,TKQ3G7kNBcS,zFShLriNlnd
2777,TKQ3G7kNBcS,lxdu4lHq3lu
2778,TKQ3G7kNBcS,rSr0r0CxwDE
2779,TKQ3G7kNBcS,bsvfgDGBWVf
2780,TKQ3G7kNBcS,z9wYYxDZM9V
2781,C7DkbhG6SHW,NuGCerWN58O
2782,C7DkbhG6SHW,rDIYMMteqBO
2783,C7DkbhG6SHW,Os9njqZEjOb
2784,C7DkbhG6SHW,EwFHO5G420a
2785,C7DkbhG6SHW,suw2uRYvps1
2786,C7DkbhG6SHW,PXZxiZcVelu
2787,C7DkbhG6SHW,qMHtANd83kh
2788,C7DkbhG6SHW,nuMYxrh0R2i
2789,C7DkbhG6SHW,kBpgzphXpAR
2790,C7DkbhG6SHW,tDRDjpo0YoL
2791,C7DkbhG6SHW,aQ1xl7PpEBR
2792,C7DkbhG6SHW,hQErX90w0QX
2793,C7DkbhG6SHW,uTEkUkUPGlT
2794,C7DkbhG6SHW,kAIFR5chGAF
2795,C7DkbhG6SHW,Q6BZZU5OqUz
2796,C7DkbhG6SHW,kE2hYoEOdKZ
2797,C7DkbhG6SHW,YvuAd9YbUW1
2798,C7DkbhG6SHW,hzxRKJVw1qz
2799,C7DkbhG6SHW,TNRCya9Zcnm
2800,C7DkbhG6SHW,IINRfWBo1HP
2801,C7DkbhG6SHW,zHIgRxojTnV
2802,C7DkbhG6SHW,wwyAx7XFJxl
2803,C7DkbhG6SHW,KQym92Lq7PP
2804,C7DkbhG6SHW,f0IY8VORiY9
2805,C7DkbhG6SHW,k8HpYK6X99O
2806,C7DkbhG6SHW,iCBAGYxk6nz
2807,C7DkbhG6SHW,OLHl1lm5IdE
2808,C7DkbhG6SHW,pr06vcGskap
2809,C7DkbhG6SHW,jko8CGYBgS6
2810,C7DkbhG6SHW,Pdi7bTTavv2
2811,C7DkbhG6SHW,Xnvym8RgOAa
2812,C7DkbhG6SHW,XTCaoKHZWd5
2813,C7DkbhG6SHW,SkEFXSIXCat
2814,C7DkbhG6SHW,zFShLriNlnd
2815,C7DkbhG6SHW,lxdu4lHq3lu
2816,C7DkbhG6SHW,rSr0r0CxwDE
2817,C7DkbhG6SHW,bsvfgDGBWVf
2818,C7DkbhG6SHW,z9wYYxDZM9V
2819,JOVwz3kWARQ,NhaCkK1zH9U
2820,JOVwz3kWARQ,Vw05E7W9pGH
2821,JOVwz3kWARQ,ZmDRpouk1Pf
2822,JOVwz3kWARQ,DzD38k4YAqv
2823,JOVwz3kWARQ,JCTWaWIToIm
2824,JOVwz3kWARQ,cUhvdMpVZEL
2825,JOVwz3kWARQ,swuPAWtLMIx
2826,JOVwz3kWARQ,spQ43sM4seo
2827,JOVwz3kWARQ,Ucc8ax90Wss
2828,JOVwz3kWARQ,hIIg7SjaPlu
2829,JOVwz3kWARQ,mAVXU4qekYI
2830,JOVwz3kWARQ,Hs7ahtn8D2h
2831,JOVwz3kWARQ,lt2RiSc1F5h
2832,JOVwz3kWARQ,hQYaFWtsiEQ
2833,JOVwz3kWARQ,V6XVOjhLEwA
2834,JOVwz3kWARQ,QS8euMeXUNm
2835,JOVwz3kWARQ,r51DzYZiHDg
2836,JOVwz3kWARQ,TdFTHypaqWp
2837,ZvALAo6aQuK,NuGCerWN58O
2838,ZvALAo6aQuK,rDIYMMteqBO
2839,ZvALAo6aQuK,Os9njqZEjOb
2840,ZvALAo6aQuK,EwFHO5G420a
2841,ZvALAo6aQuK,suw2uRYvps1
2842,ZvALAo6aQuK,PXZxiZcVelu
2843,ZvALAo6aQuK,qMHtANd83kh
2844,ZvALAo6aQuK,nuMYxrh0R2i
2845,ZvALAo6aQuK,kBpgzphXpAR
2846,ZvALAo6aQuK,tDRDjpo0YoL
2847,ZvALAo6aQuK,aQ1xl7PpEBR
2848,ZvALAo6aQuK,hQErX90w0QX
2849,ZvALAo6aQuK,uTEkUkUPGlT
2850,ZvALAo6aQuK,kAIFR5chGAF
2851,ZvALAo6aQuK,Q6BZZU5OqUz
2852,ZvALAo6aQuK,kE2hYoEOdKZ
2853,ZvALAo6aQuK,YvuAd9YbUW1
2854,ZvALAo6aQuK,hzxRKJVw1qz
2855,ZvALAo6aQuK,TNRCya9Zcnm
2856,ZvALAo6aQuK,IINRfWBo1HP
2857,ZvALAo6aQuK,zHIgRxojTnV
2858,ZvALAo6aQuK,wwyAx7XFJxl
2859,ZvALAo6aQuK,KQym92Lq7PP
2860,ZvALAo6aQuK,f0IY8VORiY9
2861,ZvALAo6aQuK,k8HpYK6X99O
2862,ZvALAo6aQuK,iCBAGYxk6nz
2863,ZvALAo6aQuK,OLHl1lm5IdE
2864,ZvALAo6aQuK,pr06vcGskap
2865,ZvALAo6aQuK,jko8CGYBgS6
2866,ZvALAo6aQuK,Pdi7bTTavv2
2867,ZvALAo6aQuK,Xnvym8RgOAa
2868,ZvALAo6aQuK,XTCaoKHZWd5
2869,ZvALAo6aQuK,SkEFXSIXCat
2870,ZvALAo6aQuK,zFShLriNlnd
2871,ZvALAo6aQuK,lxdu4lHq3lu
2872,ZvALAo6aQuK,rSr0r0CxwDE
2873,ZvALAo6aQuK,bsvfgDGBWVf
2874,ZvALAo6aQuK,z9wYYxDZM9V
2875,UJh7AsotZjd,NhaCkK1zH9U
2876,UJh7AsotZjd,Vw05E7W9pGH
2877,UJh7AsotZjd,ZmDRpouk1Pf
2878,UJh7AsotZjd,DzD38k4YAqv
2879,UJh7AsotZjd,JCTWaWIToIm
2880,UJh7AsotZjd,cUhvdMpVZEL
2881,UJh7AsotZjd,swuPAWtLMIx
2882,UJh7AsotZjd,spQ43sM4seo
2883,UJh7AsotZjd,Ucc8ax90Wss
2884,UJh7AsotZjd,hIIg7SjaPlu
2885,UJh7AsotZjd,mAVXU4qekYI
2886,UJh7AsotZjd,Hs7ahtn8D2h
2887,UJh7AsotZjd,lt2RiSc1F5h
2888,UJh7AsotZjd,hQYaFWtsiEQ
2889,UJh7AsotZjd,V6XVOjhLEwA
2890,UJh7AsotZjd,QS8euMeXUNm
2891,UJh7AsotZjd,r51DzYZiHDg
2892,UJh7AsotZjd,TdFTHypaqWp
2893,vFHITfiDo9g,NuGCerWN58O
2894,vFHITfiDo9g,rDIYMMteqBO
2895,vFHITfiDo9g,Os9njqZEjOb
2896,vFHITfiDo9g,EwFHO5G420a
2897,vFHITfiDo9g,suw2uRYvps1
2898,vFHITfiDo9g,PXZxiZcVelu
2899,vFHITfiDo9g,qMHtANd83kh
2900,vFHITfiDo9g,nuMYxrh0R2i
2901,vFHITfiDo9g,kBpgzphXpAR
2902,vFHITfiDo9g,tDRDjpo0YoL
2903,vFHITfiDo9g,aQ1xl7PpEBR
2904,vFHITfiDo9g,hQErX90w0QX
2905,vFHITfiDo9g,uTEkUkUPGlT
2906,vFHITfiDo9g,kAIFR5chGAF
2907,vFHITfiDo9g,Q6BZZU5OqUz
2908,vFHITfiDo9g,kE2hYoEOdKZ
2909,vFHITfiDo9g,YvuAd9YbUW1
2910,vFHITfiDo9g,hzxRKJVw1qz
2911,vFHITfiDo9g,TNRCya9Zcnm
2912,vFHITfiDo9g,IINRfWBo1HP
2913,vFHITfiDo9g,zHIgRxojTnV
2914,vFHITfiDo9g,wwyAx7XFJxl
2915,vFHITfiDo9g,KQym92Lq7PP
2916,vFHITfiDo9g,f0IY8VORiY9
2917,vFHITfiDo9g,k8HpYK6X99O
2918,vFHITfiDo9g,iCBAGYxk6nz
2919,vFHITfiDo9g,OLHl1lm5IdE
2920,vFHITfiDo9g,pr06vcGskap
2921,vFHITfiDo9g,jko8CGYBgS6
2922,vFHITfiDo9g,Pdi7bTTavv2
2923,vFHITfiDo9g,Xnvym8RgOAa
2924,vFHITfiDo9g,XTCaoKHZWd5
2925,vFHITfiDo9g,SkEFXSIXCat
2926,vFHITfiDo9g,zFShLriNlnd
2927,vFHITfiDo9g,lxdu4lHq3lu
2928,vFHITfiDo9g,rSr0r0CxwDE
2929,vFHITfiDo9g,bsvfgDGBWVf
2930,vFHITfiDo9g,z9wYYxDZM9V
2931,PEIto9f565c,NuGCerWN58O
2932,PEIto9f565c,rDIYMMteqBO
2933,PEIto9f565c,Os9njqZEjOb
2934,PEIto9f565c,EwFHO5G420a
2935,PEIto9f565c,suw2uRYvps1
2936,PEIto9f565c,PXZxiZcVelu
2937,PEIto9f565c,qMHtANd83kh
2938,PEIto9f565c,nuMYxrh0R2i
2939,PEIto9f565c,kBpgzphXpAR
2940,PEIto9f565c,tDRDjpo0YoL
2941,PEIto9f565c,aQ1xl7PpEBR
2942,PEIto9f565c,hQErX90w0QX
2943,PEIto9f565c,uTEkUkUPGlT
2944,PEIto9f565c,kAIFR5chGAF
2945,PEIto9f565c,Q6BZZU5OqUz
2946,PEIto9f565c,kE2hYoEOdKZ
2947,PEIto9f565c,YvuAd9YbUW1
2948,PEIto9f565c,hzxRKJVw1qz
2949,PEIto9f565c,TNRCya9Zcnm
2950,PEIto9f565c,IINRfWBo1HP
2951,PEIto9f565c,zHIgRxojTnV
2952,PEIto9f565c,wwyAx7XFJxl
2953,PEIto9f565c,KQym92Lq7PP
2954,PEIto9f565c,f0IY8VORiY9
2955,PEIto9f565c,k8HpYK6X99O
2956,PEIto9f565c,iCBAGYxk6nz
2957,PEIto9f565c,OLHl1lm5IdE
2958,PEIto9f565c,pr06vcGskap
2959,PEIto9f565c,jko8CGYBgS6
2960,PEIto9f565c,Pdi7bTTavv2
2961,PEIto9f565c,Xnvym8RgOAa
2962,PEIto9f565c,XTCaoKHZWd5
2963,PEIto9f565c,SkEFXSIXCat
2964,PEIto9f565c,zFShLriNlnd
2965,PEIto9f565c,lxdu4lHq3lu
2966,PEIto9f565c,rSr0r0CxwDE
2967,PEIto9f565c,bsvfgDGBWVf
2968,PEIto9f565c,z9wYYxDZM9V
2969,jj1e5h3hKoU,NuGCerWN58O
2970,jj1e5h3hKoU,rDIYMMteqBO
2971,jj1e5h3hKoU,Os9njqZEjOb
2972,jj1e5h3hKoU,EwFHO5G420a
2973,jj1e5h3hKoU,suw2uRYvps1
2974,jj1e5h3hKoU,PXZxiZcVelu
2975,jj1e5h3hKoU,qMHtANd83kh
2976,jj1e5h3hKoU,nuMYxrh0R2i
2977,jj1e5h3hKoU,kBpgzphXpAR
2978,jj1e5h3hKoU,tDRDjpo0YoL
2979,jj1e5h3hKoU,aQ1xl7PpEBR
2980,jj1e5h3hKoU,hQErX90w0QX
2981,jj1e5h3hKoU,uTEkUkUPGlT
2982,jj1e5h3hKoU,kAIFR5chGAF
2983,jj1e5h3hKoU,Q6BZZU5OqUz
2984,jj1e5h3hKoU,kE2hYoEOdKZ
2985,jj1e5h3hKoU,YvuAd9YbUW1
2986,jj1e5h3hKoU,hzxRKJVw1qz
2987,jj1e5h3hKoU,TNRCya9Zcnm
2988,jj1e5h3hKoU,IINRfWBo1HP
2989,jj1e5h3hKoU,zHIgRxojTnV
2990,jj1e5h3hKoU,wwyAx7XFJxl
2991,jj1e5h3hKoU,KQym92Lq7PP
2992,jj1e5h3hKoU,f0IY8VORiY9
2993,jj1e5h3hKoU,k8HpYK6X99O
2994,jj1e5h3hKoU,iCBAGYxk6nz
2995,jj1e5h3hKoU,OLHl1lm5IdE
2996,jj1e5h3hKoU,pr06vcGskap
2997,jj1e5h3hKoU,jko8CGYBgS6
2998,jj1e5h3hKoU,Pdi7bTTavv2
2999,jj1e5h3hKoU,Xnvym8RgOAa
3000,jj1e5h3hKoU,XTCaoKHZWd5
3001,jj1e5h3hKoU,SkEFXSIXCat
3002,jj1e5h3hKoU,zFShLriNlnd
3003,jj1e5h3hKoU,lxdu4lHq3lu
3004,jj1e5h3hKoU,rSr0r0CxwDE
3005,jj1e5h3hKoU,bsvfgDGBWVf
3006,jj1e5h3hKoU,z9wYYxDZM9V
3007,oo3wnd22nov,NuGCerWN58O
3008,oo3wnd22nov,rDIYMMteqBO
3009,oo3wnd22nov,Os9njqZEjOb
3010,oo3wnd22nov,EwFHO5G420a
3011,oo3wnd22nov,suw2uRYvps1
3012,oo3wnd22nov,PXZxiZcVelu
3013,oo3wnd22nov,qMHtANd83kh
3014,oo3wnd22nov,nuMYxrh0R2i
3015,oo3wnd22nov,kBpgzphXpAR
3016,oo3wnd22nov,tDRDjpo0YoL
3017,oo3wnd22nov,aQ1xl7PpEBR
3018,oo3wnd22nov,hQErX90w0QX
3019,oo3wnd22nov,uTEkUkUPGlT
3020,oo3wnd22nov,kAIFR5chGAF
3021,oo3wnd22nov,Q6BZZU5OqUz
3022,oo3wnd22nov,kE2hYoEOdKZ
3023,oo3wnd22nov,YvuAd9YbUW1
3024,oo3wnd22nov,hzxRKJVw1qz
3025,oo3wnd22nov,TNRCya9Zcnm
3026,oo3wnd22nov,IINRfWBo1HP
3027,oo3wnd22nov,zHIgRxojTnV
3028,oo3wnd22nov,wwyAx7XFJxl
3029,oo3wnd22nov,KQym92Lq7PP
3030,oo3wnd22nov,f0IY8VORiY9
3031,oo3wnd22nov,k8HpYK6X99O
3032,oo3wnd22nov,iCBAGYxk6nz
3033,oo3wnd22nov,OLHl1lm5IdE
3034,oo3wnd22nov,pr06vcGskap
3035,oo3wnd22nov,jko8CGYBgS6
3036,oo3wnd22nov,Pdi7bTTavv2
3037,oo3wnd22nov,Xnvym8RgOAa
3038,oo3wnd22nov,XTCaoKHZWd5
3039,oo3wnd22nov,SkEFXSIXCat
3040,oo3wnd22nov,zFShLriNlnd
3041,oo3wnd22nov,lxdu4lHq3lu
3042,oo3wnd22nov,rSr0r0CxwDE
3043,oo3wnd22nov,bsvfgDGBWVf
3044,oo3wnd22nov,z9wYYxDZM9V
3045,Hd86JRRJIl4,NhaCkK1zH9U
3046,Hd86JRRJIl4,Vw05E7W9pGH
3047,Hd86JRRJIl4,ZmDRpouk1Pf
3048,Hd86JRRJIl4,DzD38k4YAqv
3049,Hd86JRRJIl4,JCTWaWIToIm
3050,Hd86JRRJIl4,cUhvdMpVZEL
3051,Hd86JRRJIl4,swuPAWtLMIx
3052,Hd86JRRJIl4,spQ43sM4seo
3053,Hd86JRRJIl4,Ucc8ax90Wss
3054,Hd86JRRJIl4,hIIg7SjaPlu
3055,Hd86JRRJIl4,mAVXU4qekYI
3056,Hd86JRRJIl4,Hs7ahtn8D2h
3057,Hd86JRRJIl4,lt2RiSc1F5h
3058,Hd86JRRJIl4,hQYaFWtsiEQ
3059,Hd86JRRJIl4,V6XVOjhLEwA
3060,Hd86JRRJIl4,QS8euMeXUNm
3061,Hd86JRRJIl4,r51DzYZiHDg
3062,Hd86JRRJIl4,TdFTHypaqWp
3063,xQhma7YsvNb,NuGCerWN58O
3064,xQhma7YsvNb,rDIYMMteqBO
3065,xQhma7YsvNb,Os9njqZEjOb
3066,xQhma7YsvNb,EwFHO5G420a
3067,xQhma7YsvNb,suw2uRYvps1
3068,xQhma7YsvNb,PXZxiZcVelu
3069,xQhma7YsvNb,qMHtANd83kh
3070,xQhma7YsvNb,nuMYxrh0R2i
3071,xQhma7YsvNb,kBpgzphXpAR
3072,xQhma7YsvNb,tDRDjpo0YoL
3073,xQhma7YsvNb,aQ1xl7PpEBR
3074,xQhma7YsvNb,hQErX90w0QX
3075,xQhma7YsvNb,uTEkUkUPGlT
3076,xQhma7YsvNb,kAIFR5chGAF
3077,xQhma7YsvNb,Q6BZZU5OqUz
3078,xQhma7YsvNb,kE2hYoEOdKZ
3079,xQhma7YsvNb,YvuAd9YbUW1
3080,xQhma7YsvNb,hzxRKJVw1qz
3081,xQhma7YsvNb,TNRCya9Zcnm
3082,xQhma7YsvNb,IINRfWBo1HP
3083,xQhma7YsvNb,zHIgRxojTnV
3084,xQhma7YsvNb,wwyAx7XFJxl
3085,xQhma7YsvNb,KQym92Lq7PP
3086,xQhma7YsvNb,f0IY8VORiY9
3087,xQhma7YsvNb,k8HpYK6X99O
3088,xQhma7YsvNb,iCBAGYxk6nz
3089,xQhma7YsvNb,OLHl1lm5IdE
3090,xQhma7YsvNb,pr06vcGskap
3091,xQhma7YsvNb,jko8CGYBgS6
3092,xQhma7YsvNb,Pdi7bTTavv2
3093,xQhma7YsvNb,Xnvym8RgOAa
3094,xQhma7YsvNb,XTCaoKHZWd5
3095,xQhma7YsvNb,SkEFXSIXCat
3096,xQhma7YsvNb,zFShLriNlnd
3097,xQhma7YsvNb,lxdu4lHq3lu
3098,xQhma7YsvNb,rSr0r0CxwDE
3099,xQhma7YsvNb,bsvfgDGBWVf
3100,xQhma7YsvNb,z9wYYxDZM9V
3101,L7fgRVNiyWq,NuGCerWN58O
3102,L7fgRVNiyWq,rDIYMMteqBO
3103,L7fgRVNiyWq,Os9njqZEjOb
3104,L7fgRVNiyWq,EwFHO5G420a
3105,L7fgRVNiyWq,suw2uRYvps1
3106,L7fgRVNiyWq,PXZxiZcVelu
3107,L7fgRVNiyWq,qMHtANd83kh
3108,L7fgRVNiyWq,nuMYxrh0R2i
3109,L7fgRVNiyWq,kBpgzphXpAR
3110,L7fgRVNiyWq,tDRDjpo0YoL
3111,L7fgRVNiyWq,aQ1xl7PpEBR
3112,L7fgRVNiyWq,hQErX90w0QX
3113,L7fgRVNiyWq,uTEkUkUPGlT
3114,L7fgRVNiyWq,kAIFR5chGAF
3115,L7fgRVNiyWq,Q6BZZU5OqUz
3116,L7fgRVNiyWq,kE2hYoEOdKZ
3117,L7fgRVNiyWq,YvuAd9YbUW1
3118,L7fgRVNiyWq,hzxRKJVw1qz
3119,L7fgRVNiyWq,TNRCya9Zcnm
3120,L7fgRVNiyWq,IINRfWBo1HP
3121,L7fgRVNiyWq,zHIgRxojTnV
3122,L7fgRVNiyWq,wwyAx7XFJxl
3123,L7fgRVNiyWq,KQym92Lq7PP
3124,L7fgRVNiyWq,f0IY8VORiY9
3125,L7fgRVNiyWq,k8HpYK6X99O
3126,L7fgRVNiyWq,iCBAGYxk6nz
3127,L7fgRVNiyWq,OLHl1lm5IdE
3128,L7fgRVNiyWq,pr06vcGskap
3129,L7fgRVNiyWq,jko8CGYBgS6
3130,L7fgRVNiyWq,Pdi7bTTavv2
3131,L7fgRVNiyWq,Xnvym8RgOAa
3132,L7fgRVNiyWq,XTCaoKHZWd5
3133,L7fgRVNiyWq,SkEFXSIXCat
3134,L7fgRVNiyWq,zFShLriNlnd
3135,L7fgRVNiyWq,lxdu4lHq3lu
3136,L7fgRVNiyWq,rSr0r0CxwDE
3137,L7fgRVNiyWq,bsvfgDGBWVf
3138,L7fgRVNiyWq,z9wYYxDZM9V
3139,x0X3FCdwtlB,NhaCkK1zH9U
3140,x0X3FCdwtlB,Vw05E7W9pGH
3141,x0X3FCdwtlB,ZmDRpouk1Pf
3142,x0X3FCdwtlB,DzD38k4YAqv
3143,x0X3FCdwtlB,JCTWaWIToIm
3144,x0X3FCdwtlB,cUhvdMpVZEL
3145,x0X3FCdwtlB,swuPAWtLMIx
3146,x0X3FCdwtlB,spQ43sM4seo
3147,x0X3FCdwtlB,Ucc8ax90Wss
3148,x0X3FCdwtlB,hIIg7SjaPlu
3149,x0X3FCdwtlB,mAVXU4qekYI
3150,x0X3FCdwtlB,Hs7ahtn8D2h
3151,x0X3FCdwtlB,lt2RiSc1F5h
3152,x0X3FCdwtlB,hQYaFWtsiEQ
3153,x0X3FCdwtlB,V6XVOjhLEwA
3154,x0X3FCdwtlB,QS8euMeXUNm
3155,x0X3FCdwtlB,r51DzYZiHDg
3156,x0X3FCdwtlB,TdFTHypaqWp
3157,RwXwDknB03E,NuGCerWN58O
3158,RwXwDknB03E,rDIYMMteqBO
3159,RwXwDknB03E,Os9njqZEjOb
3160,RwXwDknB03E,EwFHO5G420a
3161,RwXwDknB03E,suw2uRYvps1
3162,RwXwDknB03E,PXZxiZcVelu
3163,RwXwDknB03E,qMHtANd83kh
3164,RwXwDknB03E,nuMYxrh0R2i
3165,RwXwDknB03E,kBpgzphXpAR
3166,RwXwDknB03E,tDRDjpo0YoL
3167,RwXwDknB03E,aQ1xl7PpEBR
3168,RwXwDknB03E,hQErX90w0QX
3169,RwXwDknB03E,uTEkUkUPGlT
3170,RwXwDknB03E,kAIFR5chGAF
3171,RwXwDknB03E,Q6BZZU5OqUz
3172,RwXwDknB03E,kE2hYoEOdKZ
3173,RwXwDknB03E,YvuAd9YbUW1
3174,RwXwDknB03E,hzxRKJVw1qz
3175,RwXwDknB03E,TNRCya9Zcnm
3176,RwXwDknB03E,IINRfWBo1HP
3177,RwXwDknB03E,zHIgRxojTnV
3178,RwXwDknB03E,wwyAx7XFJxl
3179,RwXwDknB03E,KQym92Lq7PP
3180,RwXwDknB03E,f0IY8VORiY9
3181,RwXwDknB03E,k8HpYK6X99O
3182,RwXwDknB03E,iCBAGYxk6nz
3183,RwXwDknB03E,OLHl1lm5IdE
3184,RwXwDknB03E,pr06vcGskap
3185,RwXwDknB03E,jko8CGYBgS6
3186,RwXwDknB03E,Pdi7bTTavv2
3187,RwXwDknB03E,Xnvym8RgOAa
3188,RwXwDknB03E,XTCaoKHZWd5
3189,RwXwDknB03E,SkEFXSIXCat
3190,RwXwDknB03E,zFShLriNlnd
3191,RwXwDknB03E,lxdu4lHq3lu
3192,RwXwDknB03E,rSr0r0CxwDE
3193,RwXwDknB03E,bsvfgDGBWVf
3194,RwXwDknB03E,z9wYYxDZM9V
3195,X5dGVcJ5YG1,NhaCkK1zH9U
3196,X5dGVcJ5YG1,Vw05E7W9pGH
3197,X5dGVcJ5YG1,ZmDRpouk1Pf
3198,X5dGVcJ5YG1,DzD38k4YAqv
3199,X5dGVcJ5YG1,JCTWaWIToIm
3200,X5dGVcJ5YG1,cUhvdMpVZEL
3201,X5dGVcJ5YG1,swuPAWtLMIx
3202,X5dGVcJ5YG1,spQ43sM4seo
3203,X5dGVcJ5YG1,Ucc8ax90Wss
3204,X5dGVcJ5YG1,hIIg7SjaPlu
3205,X5dGVcJ5YG1,mAVXU4qekYI
3206,X5dGVcJ5YG1,Hs7ahtn8D2h
3207,X5dGVcJ5YG1,lt2RiSc1F5h
3208,X5dGVcJ5YG1,hQYaFWtsiEQ
3209,X5dGVcJ5YG1,V6XVOjhLEwA
3210,X5dGVcJ5YG1,QS8euMeXUNm
3211,X5dGVcJ5YG1,r51DzYZiHDg
3212,X5dGVcJ5YG1,TdFTHypaqWp
3213,ZgFaQaY0jJV,UjCp0EoNLcO
3214,ZgFaQaY0jJV,Vqqg02nDm7h
3215,ZgFaQaY0jJV,lAifkZP60pP
3216,ZgFaQaY0jJV,X1XIGeQdh7v
3217,ZgFaQaY0jJV,uXQYTOzWHiI
3218,ZgFaQaY0jJV,nAgHnbXQ0fr
3219,ZgFaQaY0jJV,lAL95zxPrnD
3220,ZgFaQaY0jJV,U8z7XGspdBl
3221,ZgFaQaY0jJV,cOvWAInVlWy
3222,ZgFaQaY0jJV,vVpYRbV50zw
3223,ZgFaQaY0jJV,Wwlugv3KtDa
3224,ZgFaQaY0jJV,eZ6pjnzIyWc
3225,ZgFaQaY0jJV,NUoRRDANCCn
3226,ZgFaQaY0jJV,aWfNeMkH67i
3227,ZgFaQaY0jJV,wqULvMnLQyO
3228,ZgFaQaY0jJV,FouQkISsHx3
3229,ZgFaQaY0jJV,Ssg4CTGAqlT
3230,ZgFaQaY0jJV,BwxM0g1xd0y
3231,ZgFaQaY0jJV,aVUUL7UMbLO
3232,ZgFaQaY0jJV,o4rwb7lQcCI
3233,ZgFaQaY0jJV,G7BOFrXItd9
3234,ZgFaQaY0jJV,RwptPZ7KJpX
3235,ZgFaQaY0jJV,zKWLT0b45bp
3236,ZgFaQaY0jJV,jJAa709ViiX
3237,ZgFaQaY0jJV,EsEJVa59wKp
3238,ZgFaQaY0jJV,FQiYKg9qCRI
3239,ZgFaQaY0jJV,IKKHJf7npa1
3240,ZgFaQaY0jJV,GZGBNVVcoS9
3241,ZgFaQaY0jJV,k68NA5vOiie
3242,ZgFaQaY0jJV,yAvCvf0dFVg
3243,ZgFaQaY0jJV,bZU5CsDeKZc
3244,ZgFaQaY0jJV,aRRGSOzmT5G
3245,ZgFaQaY0jJV,pbIqgHAFx84
3246,ZgFaQaY0jJV,YDaxkmYhzbJ
3247,ZgFaQaY0jJV,LaatZGYwEif
3248,ZgFaQaY0jJV,lzYCixwI0gD
3249,ZgFaQaY0jJV,br8dXmRamxT
3250,ZgFaQaY0jJV,cMt0CyhpJpB
3251,ZgFaQaY0jJV,kU3kPQ3tndd
3252,ZgFaQaY0jJV,OFRaz9cVTXN
3253,ZgFaQaY0jJV,YMUw3SkzuCu
3254,ZgFaQaY0jJV,GtikmF3StlE
3255,ZgFaQaY0jJV,Ugt9c7hImu2
3256,ZgFaQaY0jJV,c6k00Uyf029
3257,ZgFaQaY0jJV,bc6tpqIdwhK
3258,ZgFaQaY0jJV,pWAdyuVyOMK
3259,ZgFaQaY0jJV,Iq8CpdwAqtQ
3260,ZgFaQaY0jJV,I3x9NSriasx
3261,ZgFaQaY0jJV,FnbkPsY2fMj
3262,ZgFaQaY0jJV,Ifr5Uza7rJs
3263,s6rSXW5KFIP,NuGCerWN58O
3264,s6rSXW5KFIP,rDIYMMteqBO
3265,s6rSXW5KFIP,Os9njqZEjOb
3266,s6rSXW5KFIP,EwFHO5G420a
3267,s6rSXW5KFIP,suw2uRYvps1
3268,s6rSXW5KFIP,PXZxiZcVelu
3269,s6rSXW5KFIP,qMHtANd83kh
3270,s6rSXW5KFIP,nuMYxrh0R2i
3271,s6rSXW5KFIP,kBpgzphXpAR
3272,s6rSXW5KFIP,tDRDjpo0YoL
3273,s6rSXW5KFIP,aQ1xl7PpEBR
3274,s6rSXW5KFIP,hQErX90w0QX
3275,s6rSXW5KFIP,uTEkUkUPGlT
3276,s6rSXW5KFIP,kAIFR5chGAF
3277,s6rSXW5KFIP,Q6BZZU5OqUz
3278,s6rSXW5KFIP,kE2hYoEOdKZ
3279,s6rSXW5KFIP,YvuAd9YbUW1
3280,s6rSXW5KFIP,hzxRKJVw1qz
3281,s6rSXW5KFIP,TNRCya9Zcnm
3282,s6rSXW5KFIP,IINRfWBo1HP
3283,s6rSXW5KFIP,zHIgRxojTnV
3284,s6rSXW5KFIP,wwyAx7XFJxl
3285,s6rSXW5KFIP,KQym92Lq7PP
3286,s6rSXW5KFIP,f0IY8VORiY9
3287,s6rSXW5KFIP,k8HpYK6X99O
3288,s6rSXW5KFIP,iCBAGYxk6nz
3289,s6rSXW5KFIP,OLHl1lm5IdE
3290,s6rSXW5KFIP,pr06vcGskap
3291,s6rSXW5KFIP,jko8CGYBgS6
3292,s6rSXW5KFIP,Pdi7bTTavv2
3293,s6rSXW5KFIP,Xnvym8RgOAa
3294,s6rSXW5KFIP,XTCaoKHZWd5
3295,s6rSXW5KFIP,SkEFXSIXCat
3296,s6rSXW5KFIP,zFShLriNlnd
3297,s6rSXW5KFIP,lxdu4lHq3lu
3298,s6rSXW5KFIP,rSr0r0CxwDE
3299,s6rSXW5KFIP,bsvfgDGBWVf
3300,s6rSXW5KFIP,z9wYYxDZM9V
3301,K9FZCIgTZxr,NuGCerWN58O
3302,K9FZCIgTZxr,rDIYMMteqBO
3303,K9FZCIgTZxr,Os9njqZEjOb
3304,K9FZCIgTZxr,EwFHO5G420a
3305,K9FZCIgTZxr,suw2uRYvps1
3306,K9FZCIgTZxr,PXZxiZcVelu
3307,K9FZCIgTZxr,qMHtANd83kh
3308,K9FZCIgTZxr,nuMYxrh0R2i
3309,K9FZCIgTZxr,kBpgzphXpAR
3310,K9FZCIgTZxr,tDRDjpo0YoL
3311,K9FZCIgTZxr,aQ1xl7PpEBR
3312,K9FZCIgTZxr,hQErX90w0QX
3313,K9FZCIgTZxr,uTEkUkUPGlT
3314,K9FZCIgTZxr,kAIFR5chGAF
3315,K9FZCIgTZxr,Q6BZZU5OqUz
3316,K9FZCIgTZxr,kE2hYoEOdKZ
3317,K9FZCIgTZxr,YvuAd9YbUW1
3318,K9FZCIgTZxr,hzxRKJVw1qz
3319,K9FZCIgTZxr,TNRCya9Zcnm
3320,K9FZCIgTZxr,IINRfWBo1HP
3321,K9FZCIgTZxr,zHIgRxojTnV
3322,K9FZCIgTZxr,wwyAx7XFJxl
3323,K9FZCIgTZxr,KQym92Lq7PP
3324,K9FZCIgTZxr,f0IY8VORiY9
3325,K9FZCIgTZxr,k8HpYK6X99O
3326,K9FZCIgTZxr,iCBAGYxk6nz
3327,K9FZCIgTZxr,OLHl1lm5IdE
3328,K9FZCIgTZxr,pr06vcGskap
3329,K9FZCIgTZxr,jko8CGYBgS6
3330,K9FZCIgTZxr,Pdi7bTTavv2
3331,K9FZCIgTZxr,Xnvym8RgOAa
3332,K9FZCIgTZxr,XTCaoKHZWd5
3333,K9FZCIgTZxr,SkEFXSIXCat
3334,K9FZCIgTZxr,zFShLriNlnd
3335,K9FZCIgTZxr,lxdu4lHq3lu
3336,K9FZCIgTZxr,rSr0r0CxwDE
3337,K9FZCIgTZxr,bsvfgDGBWVf
3338,K9FZCIgTZxr,z9wYYxDZM9V
3339,pvHnyRb8lZe,zYDFMYwl3j9
3340,pvHnyRb8lZe,cxONGtEdXac
3341,AEpynPLCgZy,NuGCerWN58O
3342,AEpynPLCgZy,rDIYMMteqBO
3343,AEpynPLCgZy,Os9njqZEjOb
3344,AEpynPLCgZy,EwFHO5G420a
3345,AEpynPLCgZy,suw2uRYvps1
3346,AEpynPLCgZy,PXZxiZcVelu
3347,AEpynPLCgZy,qMHtANd83kh
3348,AEpynPLCgZy,nuMYxrh0R2i
3349,AEpynPLCgZy,kBpgzphXpAR
3350,AEpynPLCgZy,tDRDjpo0YoL
3351,AEpynPLCgZy,aQ1xl7PpEBR
3352,AEpynPLCgZy,hQErX90w0QX
3353,AEpynPLCgZy,uTEkUkUPGlT
3354,AEpynPLCgZy,kAIFR5chGAF
3355,AEpynPLCgZy,Q6BZZU5OqUz
3356,AEpynPLCgZy,kE2hYoEOdKZ
3357,AEpynPLCgZy,YvuAd9YbUW1
3358,AEpynPLCgZy,hzxRKJVw1qz
3359,AEpynPLCgZy,TNRCya9Zcnm
3360,AEpynPLCgZy,IINRfWBo1HP
3361,AEpynPLCgZy,zHIgRxojTnV
3362,AEpynPLCgZy,wwyAx7XFJxl
3363,AEpynPLCgZy,KQym92Lq7PP
3364,AEpynPLCgZy,f0IY8VORiY9
3365,AEpynPLCgZy,k8HpYK6X99O
3366,AEpynPLCgZy,iCBAGYxk6nz
3367,AEpynPLCgZy,OLHl1lm5IdE
3368,AEpynPLCgZy,pr06vcGskap
3369,AEpynPLCgZy,jko8CGYBgS6
3370,AEpynPLCgZy,Pdi7bTTavv2
3371,AEpynPLCgZy,Xnvym8RgOAa
3372,AEpynPLCgZy,XTCaoKHZWd5
3373,AEpynPLCgZy,SkEFXSIXCat
3374,AEpynPLCgZy,zFShLriNlnd
3375,AEpynPLCgZy,lxdu4lHq3lu
3376,AEpynPLCgZy,rSr0r0CxwDE
3377,AEpynPLCgZy,bsvfgDGBWVf
3378,AEpynPLCgZy,z9wYYxDZM9V
3379,nf6H4eZhq7L,NuGCerWN58O
3380,nf6H4eZhq7L,rDIYMMteqBO
3381,nf6H4eZhq7L,Os9njqZEjOb
3382,nf6H4eZhq7L,EwFHO5G420a
3383,nf6H4eZhq7L,suw2uRYvps1
3384,nf6H4eZhq7L,PXZxiZcVelu
3385,nf6H4eZhq7L,qMHtANd83kh
3386,nf6H4eZhq7L,nuMYxrh0R2i
3387,nf6H4eZhq7L,kBpgzphXpAR
3388,nf6H4eZhq7L,tDRDjpo0YoL
3389,nf6H4eZhq7L,aQ1xl7PpEBR
3390,nf6H4eZhq7L,hQErX90w0QX
3391,nf6H4eZhq7L,uTEkUkUPGlT
3392,nf6H4eZhq7L,kAIFR5chGAF
3393,nf6H4eZhq7L,Q6BZZU5OqUz
3394,nf6H4eZhq7L,kE2hYoEOdKZ
3395,nf6H4eZhq7L,YvuAd9YbUW1
3396,nf6H4eZhq7L,hzxRKJVw1qz
3397,nf6H4eZhq7L,TNRCya9Zcnm
3398,nf6H4eZhq7L,IINRfWBo1HP
3399,nf6H4eZhq7L,zHIgRxojTnV
3400,nf6H4eZhq7L,wwyAx7XFJxl
3401,nf6H4eZhq7L,KQym92Lq7PP
3402,nf6H4eZhq7L,f0IY8VORiY9
3403,nf6H4eZhq7L,k8HpYK6X99O
3404,nf6H4eZhq7L,iCBAGYxk6nz
3405,nf6H4eZhq7L,OLHl1lm5IdE
3406,nf6H4eZhq7L,pr06vcGskap
3407,nf6H4eZhq7L,jko8CGYBgS6
3408,nf6H4eZhq7L,Pdi7bTTavv2
3409,nf6H4eZhq7L,Xnvym8RgOAa
3410,nf6H4eZhq7L,XTCaoKHZWd5
3411,nf6H4eZhq7L,SkEFXSIXCat
3412,nf6H4eZhq7L,zFShLriNlnd
3413,nf6H4eZhq7L,lxdu4lHq3lu
3414,nf6H4eZhq7L,rSr0r0CxwDE
3415,nf6H4eZhq7L,bsvfgDGBWVf
3416,nf6H4eZhq7L,z9wYYxDZM9V
3417,zuKD5ZhPXzP,NuGCerWN58O
3418,zuKD5ZhPXzP,rDIYMMteqBO
3419,zuKD5ZhPXzP,Os9njqZEjOb
3420,zuKD5ZhPXzP,EwFHO5G420a
3421,zuKD5ZhPXzP,suw2uRYvps1
3422,zuKD5ZhPXzP,PXZxiZcVelu
3423,zuKD5ZhPXzP,qMHtANd83kh
3424,zuKD5ZhPXzP,nuMYxrh0R2i
3425,zuKD5ZhPXzP,kBpgzphXpAR
3426,zuKD5ZhPXzP,tDRDjpo0YoL
3427,zuKD5ZhPXzP,aQ1xl7PpEBR
3428,zuKD5ZhPXzP,hQErX90w0QX
3429,zuKD5ZhPXzP,uTEkUkUPGlT
3430,zuKD5ZhPXzP,kAIFR5chGAF
3431,zuKD5ZhPXzP,Q6BZZU5OqUz
3432,zuKD5ZhPXzP,kE2hYoEOdKZ
3433,zuKD5ZhPXzP,YvuAd9YbUW1
3434,zuKD5ZhPXzP,hzxRKJVw1qz
3435,zuKD5ZhPXzP,TNRCya9Zcnm
3436,zuKD5ZhPXzP,IINRfWBo1HP
3437,zuKD5ZhPXzP,zHIgRxojTnV
3438,zuKD5ZhPXzP,wwyAx7XFJxl
3439,zuKD5ZhPXzP,KQym92Lq7PP
3440,zuKD5ZhPXzP,f0IY8VORiY9
3441,zuKD5ZhPXzP,k8HpYK6X99O
3442,zuKD5ZhPXzP,iCBAGYxk6nz
3443,zuKD5ZhPXzP,OLHl1lm5IdE
3444,zuKD5ZhPXzP,pr06vcGskap
3445,zuKD5ZhPXzP,jko8CGYBgS6
3446,zuKD5ZhPXzP,Pdi7bTTavv2
3447,zuKD5ZhPXzP,Xnvym8RgOAa
3448,zuKD5ZhPXzP,XTCaoKHZWd5
3449,zuKD5ZhPXzP,SkEFXSIXCat
3450,zuKD5ZhPXzP,zFShLriNlnd
3451,zuKD5ZhPXzP,lxdu4lHq3lu
3452,zuKD5ZhPXzP,rSr0r0CxwDE
3453,zuKD5ZhPXzP,bsvfgDGBWVf
3454,zuKD5ZhPXzP,z9wYYxDZM9V
3455,OvBVwxy1PzJ,NuGCerWN58O
3456,OvBVwxy1PzJ,rDIYMMteqBO
3457,OvBVwxy1PzJ,Os9njqZEjOb
3458,OvBVwxy1PzJ,EwFHO5G420a
3459,OvBVwxy1PzJ,suw2uRYvps1
3460,OvBVwxy1PzJ,PXZxiZcVelu
3461,OvBVwxy1PzJ,qMHtANd83kh
3462,OvBVwxy1PzJ,nuMYxrh0R2i
3463,OvBVwxy1PzJ,kBpgzphXpAR
3464,OvBVwxy1PzJ,tDRDjpo0YoL
3465,OvBVwxy1PzJ,aQ1xl7PpEBR
3466,OvBVwxy1PzJ,hQErX90w0QX
3467,OvBVwxy1PzJ,uTEkUkUPGlT
3468,OvBVwxy1PzJ,kAIFR5chGAF
3469,OvBVwxy1PzJ,Q6BZZU5OqUz
3470,OvBVwxy1PzJ,kE2hYoEOdKZ
3471,OvBVwxy1PzJ,YvuAd9YbUW1
3472,OvBVwxy1PzJ,hzxRKJVw1qz
3473,OvBVwxy1PzJ,TNRCya9Zcnm
3474,OvBVwxy1PzJ,IINRfWBo1HP
3475,OvBVwxy1PzJ,zHIgRxojTnV
3476,OvBVwxy1PzJ,wwyAx7XFJxl
3477,OvBVwxy1PzJ,KQym92Lq7PP
3478,OvBVwxy1PzJ,f0IY8VORiY9
3479,OvBVwxy1PzJ,k8HpYK6X99O
3480,OvBVwxy1PzJ,iCBAGYxk6nz
3481,OvBVwxy1PzJ,OLHl1lm5IdE
3482,OvBVwxy1PzJ,pr06vcGskap
3483,OvBVwxy1PzJ,jko8CGYBgS6
3484,OvBVwxy1PzJ,Pdi7bTTavv2
3485,OvBVwxy1PzJ,Xnvym8RgOAa
3486,OvBVwxy1PzJ,XTCaoKHZWd5
3487,OvBVwxy1PzJ,SkEFXSIXCat
3488,OvBVwxy1PzJ,zFShLriNlnd
3489,OvBVwxy1PzJ,lxdu4lHq3lu
3490,OvBVwxy1PzJ,rSr0r0CxwDE
3491,OvBVwxy1PzJ,bsvfgDGBWVf
3492,OvBVwxy1PzJ,z9wYYxDZM9V
3493,RLrhTwd07sm,NuGCerWN58O
3494,RLrhTwd07sm,rDIYMMteqBO
3495,RLrhTwd07sm,Os9njqZEjOb
3496,RLrhTwd07sm,EwFHO5G420a
3497,RLrhTwd07sm,suw2uRYvps1
3498,RLrhTwd07sm,PXZxiZcVelu
3499,RLrhTwd07sm,qMHtANd83kh
3500,RLrhTwd07sm,nuMYxrh0R2i
3501,RLrhTwd07sm,kBpgzphXpAR
3502,RLrhTwd07sm,tDRDjpo0YoL
3503,RLrhTwd07sm,aQ1xl7PpEBR
3504,RLrhTwd07sm,hQErX90w0QX
3505,RLrhTwd07sm,uTEkUkUPGlT
3506,RLrhTwd07sm,kAIFR5chGAF
3507,RLrhTwd07sm,Q6BZZU5OqUz
3508,RLrhTwd07sm,kE2hYoEOdKZ
3509,RLrhTwd07sm,YvuAd9YbUW1
3510,RLrhTwd07sm,hzxRKJVw1qz
3511,RLrhTwd07sm,TNRCya9Zcnm
3512,RLrhTwd07sm,IINRfWBo1HP
3513,RLrhTwd07sm,zHIgRxojTnV
3514,RLrhTwd07sm,wwyAx7XFJxl
3515,RLrhTwd07sm,KQym92Lq7PP
3516,RLrhTwd07sm,f0IY8VORiY9
3517,RLrhTwd07sm,k8HpYK6X99O
3518,RLrhTwd07sm,iCBAGYxk6nz
3519,RLrhTwd07sm,OLHl1lm5IdE
3520,RLrhTwd07sm,pr06vcGskap
3521,RLrhTwd07sm,jko8CGYBgS6
3522,RLrhTwd07sm,Pdi7bTTavv2
3523,RLrhTwd07sm,Xnvym8RgOAa
3524,RLrhTwd07sm,XTCaoKHZWd5
3525,RLrhTwd07sm,SkEFXSIXCat
3526,RLrhTwd07sm,zFShLriNlnd
3527,RLrhTwd07sm,lxdu4lHq3lu
3528,RLrhTwd07sm,rSr0r0CxwDE
3529,RLrhTwd07sm,bsvfgDGBWVf
3530,RLrhTwd07sm,z9wYYxDZM9V
3531,Awti6leYV0Z,QbgxnB5uLLO
3532,Awti6leYV0Z,I09yK4slQsq
3533,Awti6leYV0Z,osheJaxKRXZ
3534,Awti6leYV0Z,S9Sxfrc2lmD
3535,Awti6leYV0Z,HSUJLPpUa0w
3536,Awti6leYV0Z,sVPtPUprGsD
3537,Awti6leYV0Z,PwTO5OE2i8N
3538,Awti6leYV0Z,YQ5CdvbaXZk
3539,Awti6leYV0Z,wVueivwLOt0
3540,Awti6leYV0Z,WRaogwhd8Gt
3541,Awti6leYV0Z,k2osZ4OaeKR
3542,Awti6leYV0Z,UpQqohmnsuf
3543,Awti6leYV0Z,NinXoNCjkcW
3544,Awti6leYV0Z,hKlrxhU2P6l
3545,Awti6leYV0Z,wqMDTUCxW1G
3546,Awti6leYV0Z,KMWiZgjjX48
3547,Awti6leYV0Z,RnsWy4WUfNJ
3548,Awti6leYV0Z,wB56pCg6HKS
3549,Awti6leYV0Z,vbM6PR09baM
3550,Awti6leYV0Z,oznylMTgMlZ
3551,Awti6leYV0Z,EHJ3vkcN0bj
3552,Awti6leYV0Z,RtR4AeMuSca
3553,Awti6leYV0Z,kRGT79yCNHb
3554,Awti6leYV0Z,Y34N1AtZNf0
3555,Awti6leYV0Z,yIsulODjNYg
3556,Awti6leYV0Z,dufg5r4mYhj
3557,Awti6leYV0Z,MhE1lX6fIMl
3558,Awti6leYV0Z,WMGkZVSZRxa
3559,Awti6leYV0Z,IRi4UoTeaT6
3560,Awti6leYV0Z,drBmjTTXvl9
3561,Awti6leYV0Z,NPs5YWjwm8r
3562,Awti6leYV0Z,GxDNfS8cZ5V
3563,Awti6leYV0Z,VeitMTnaBQx
3564,Awti6leYV0Z,zed1cGn7YjH
3565,Awti6leYV0Z,r81b2ULirvb
3566,Awti6leYV0Z,gHQuqpQ6AHN
3567,wAXQacgbD4u,NuGCerWN58O
3568,wAXQacgbD4u,rDIYMMteqBO
3569,wAXQacgbD4u,Os9njqZEjOb
3570,wAXQacgbD4u,EwFHO5G420a
3571,wAXQacgbD4u,suw2uRYvps1
3572,wAXQacgbD4u,PXZxiZcVelu
3573,wAXQacgbD4u,qMHtANd83kh
3574,wAXQacgbD4u,nuMYxrh0R2i
3575,wAXQacgbD4u,kBpgzphXpAR
3576,wAXQacgbD4u,tDRDjpo0YoL
3577,wAXQacgbD4u,aQ1xl7PpEBR
3578,wAXQacgbD4u,hQErX90w0QX
3579,wAXQacgbD4u,uTEkUkUPGlT
3580,wAXQacgbD4u,kAIFR5chGAF
3581,wAXQacgbD4u,Q6BZZU5OqUz
3582,wAXQacgbD4u,kE2hYoEOdKZ
3583,wAXQacgbD4u,YvuAd9YbUW1
3584,wAXQacgbD4u,hzxRKJVw1qz
3585,wAXQacgbD4u,TNRCya9Zcnm
3586,wAXQacgbD4u,IINRfWBo1HP
3587,wAXQacgbD4u,zHIgRxojTnV
3588,wAXQacgbD4u,wwyAx7XFJxl
3589,wAXQacgbD4u,KQym92Lq7PP
3590,wAXQacgbD4u,f0IY8VORiY9
3591,wAXQacgbD4u,k8HpYK6X99O
3592,wAXQacgbD4u,iCBAGYxk6nz
3593,wAXQacgbD4u,OLHl1lm5IdE
3594,wAXQacgbD4u,pr06vcGskap
3595,wAXQacgbD4u,jko8CGYBgS6
3596,wAXQacgbD4u,Pdi7bTTavv2
3597,wAXQacgbD4u,Xnvym8RgOAa
3598,wAXQacgbD4u,XTCaoKHZWd5
3599,wAXQacgbD4u,SkEFXSIXCat
3600,wAXQacgbD4u,zFShLriNlnd
3601,wAXQacgbD4u,lxdu4lHq3lu
3602,wAXQacgbD4u,rSr0r0CxwDE
3603,wAXQacgbD4u,bsvfgDGBWVf
3604,wAXQacgbD4u,z9wYYxDZM9V
3605,thQULvRchio,HllvX50cXC0
3606,X79SyXTY713,NhaCkK1zH9U
3607,X79SyXTY713,Vw05E7W9pGH
3608,X79SyXTY713,ZmDRpouk1Pf
3609,X79SyXTY713,DzD38k4YAqv
3610,X79SyXTY713,JCTWaWIToIm
3611,X79SyXTY713,cUhvdMpVZEL
3612,X79SyXTY713,swuPAWtLMIx
3613,X79SyXTY713,spQ43sM4seo
3614,X79SyXTY713,Ucc8ax90Wss
3615,X79SyXTY713,hIIg7SjaPlu
3616,X79SyXTY713,mAVXU4qekYI
3617,X79SyXTY713,Hs7ahtn8D2h
3618,X79SyXTY713,lt2RiSc1F5h
3619,X79SyXTY713,hQYaFWtsiEQ
3620,X79SyXTY713,V6XVOjhLEwA
3621,X79SyXTY713,QS8euMeXUNm
3622,X79SyXTY713,r51DzYZiHDg
3623,X79SyXTY713,TdFTHypaqWp
3624,zr8RscthjI8,NuGCerWN58O
3625,zr8RscthjI8,rDIYMMteqBO
3626,zr8RscthjI8,Os9njqZEjOb
3627,zr8RscthjI8,EwFHO5G420a
3628,zr8RscthjI8,suw2uRYvps1
3629,zr8RscthjI8,PXZxiZcVelu
3630,zr8RscthjI8,qMHtANd83kh
3631,zr8RscthjI8,nuMYxrh0R2i
3632,zr8RscthjI8,kBpgzphXpAR
3633,zr8RscthjI8,tDRDjpo0YoL
3634,zr8RscthjI8,aQ1xl7PpEBR
3635,zr8RscthjI8,hQErX90w0QX
3636,zr8RscthjI8,uTEkUkUPGlT
3637,zr8RscthjI8,kAIFR5chGAF
3638,zr8RscthjI8,Q6BZZU5OqUz
3639,zr8RscthjI8,kE2hYoEOdKZ
3640,zr8RscthjI8,YvuAd9YbUW1
3641,zr8RscthjI8,hzxRKJVw1qz
3642,zr8RscthjI8,TNRCya9Zcnm
3643,zr8RscthjI8,IINRfWBo1HP
3644,zr8RscthjI8,zHIgRxojTnV
3645,zr8RscthjI8,wwyAx7XFJxl
3646,zr8RscthjI8,KQym92Lq7PP
3647,zr8RscthjI8,f0IY8VORiY9
3648,zr8RscthjI8,k8HpYK6X99O
3649,zr8RscthjI8,iCBAGYxk6nz
3650,zr8RscthjI8,OLHl1lm5IdE
3651,zr8RscthjI8,pr06vcGskap
3652,zr8RscthjI8,jko8CGYBgS6
3653,zr8RscthjI8,Pdi7bTTavv2
3654,zr8RscthjI8,Xnvym8RgOAa
3655,zr8RscthjI8,XTCaoKHZWd5
3656,zr8RscthjI8,SkEFXSIXCat
3657,zr8RscthjI8,zFShLriNlnd
3658,zr8RscthjI8,lxdu4lHq3lu
3659,zr8RscthjI8,rSr0r0CxwDE
3660,zr8RscthjI8,bsvfgDGBWVf
3661,zr8RscthjI8,z9wYYxDZM9V
3662,Ih9jYCT5z1k,NuGCerWN58O
3663,Ih9jYCT5z1k,rDIYMMteqBO
3664,Ih9jYCT5z1k,Os9njqZEjOb
3665,Ih9jYCT5z1k,EwFHO5G420a
3666,Ih9jYCT5z1k,suw2uRYvps1
3667,Ih9jYCT5z1k,PXZxiZcVelu
3668,Ih9jYCT5z1k,qMHtANd83kh
3669,Ih9jYCT5z1k,nuMYxrh0R2i
3670,Ih9jYCT5z1k,kBpgzphXpAR
3671,Ih9jYCT5z1k,tDRDjpo0YoL
3672,Ih9jYCT5z1k,aQ1xl7PpEBR
3673,Ih9jYCT5z1k,hQErX90w0QX
3674,Ih9jYCT5z1k,uTEkUkUPGlT
3675,Ih9jYCT5z1k,kAIFR5chGAF
3676,Ih9jYCT5z1k,Q6BZZU5OqUz
3677,Ih9jYCT5z1k,kE2hYoEOdKZ
3678,Ih9jYCT5z1k,YvuAd9YbUW1
3679,Ih9jYCT5z1k,hzxRKJVw1qz
3680,Ih9jYCT5z1k,TNRCya9Zcnm
3681,Ih9jYCT5z1k,IINRfWBo1HP
3682,Ih9jYCT5z1k,zHIgRxojTnV
3683,Ih9jYCT5z1k,wwyAx7XFJxl
3684,Ih9jYCT5z1k,KQym92Lq7PP
3685,Ih9jYCT5z1k,f0IY8VORiY9
3686,Ih9jYCT5z1k,k8HpYK6X99O
3687,Ih9jYCT5z1k,iCBAGYxk6nz
3688,Ih9jYCT5z1k,OLHl1lm5IdE
3689,Ih9jYCT5z1k,pr06vcGskap
3690,Ih9jYCT5z1k,jko8CGYBgS6
3691,Ih9jYCT5z1k,Pdi7bTTavv2
3692,Ih9jYCT5z1k,Xnvym8RgOAa
3693,Ih9jYCT5z1k,XTCaoKHZWd5
3694,Ih9jYCT5z1k,SkEFXSIXCat
3695,Ih9jYCT5z1k,zFShLriNlnd
3696,Ih9jYCT5z1k,lxdu4lHq3lu
3697,Ih9jYCT5z1k,rSr0r0CxwDE
3698,Ih9jYCT5z1k,bsvfgDGBWVf
3699,Ih9jYCT5z1k,z9wYYxDZM9V
3700,IPExN3zDZXK,NuGCerWN58O
3701,IPExN3zDZXK,rDIYMMteqBO
3702,IPExN3zDZXK,Os9njqZEjOb
3703,IPExN3zDZXK,EwFHO5G420a
3704,IPExN3zDZXK,suw2uRYvps1
3705,IPExN3zDZXK,PXZxiZcVelu
3706,IPExN3zDZXK,qMHtANd83kh
3707,IPExN3zDZXK,nuMYxrh0R2i
3708,IPExN3zDZXK,kBpgzphXpAR
3709,IPExN3zDZXK,tDRDjpo0YoL
3710,IPExN3zDZXK,aQ1xl7PpEBR
3711,IPExN3zDZXK,hQErX90w0QX
3712,IPExN3zDZXK,uTEkUkUPGlT
3713,IPExN3zDZXK,kAIFR5chGAF
3714,IPExN3zDZXK,Q6BZZU5OqUz
3715,IPExN3zDZXK,kE2hYoEOdKZ
3716,IPExN3zDZXK,YvuAd9YbUW1
3717,IPExN3zDZXK,hzxRKJVw1qz
3718,IPExN3zDZXK,TNRCya9Zcnm
3719,IPExN3zDZXK,IINRfWBo1HP
3720,IPExN3zDZXK,zHIgRxojTnV
3721,IPExN3zDZXK,wwyAx7XFJxl
3722,IPExN3zDZXK,KQym92Lq7PP
3723,IPExN3zDZXK,f0IY8VORiY9
3724,IPExN3zDZXK,k8HpYK6X99O
3725,IPExN3zDZXK,iCBAGYxk6nz
3726,IPExN3zDZXK,OLHl1lm5IdE
3727,IPExN3zDZXK,pr06vcGskap
3728,IPExN3zDZXK,jko8CGYBgS6
3729,IPExN3zDZXK,Pdi7bTTavv2
3730,IPExN3zDZXK,Xnvym8RgOAa
3731,IPExN3zDZXK,XTCaoKHZWd5
3732,IPExN3zDZXK,SkEFXSIXCat
3733,IPExN3zDZXK,zFShLriNlnd
3734,IPExN3zDZXK,lxdu4lHq3lu
3735,IPExN3zDZXK,rSr0r0CxwDE
3736,IPExN3zDZXK,bsvfgDGBWVf
3737,IPExN3zDZXK,z9wYYxDZM9V
3738,PE0osI3WRt7,NuGCerWN58O
3739,PE0osI3WRt7,rDIYMMteqBO
3740,PE0osI3WRt7,Os9njqZEjOb
3741,PE0osI3WRt7,EwFHO5G420a
3742,PE0osI3WRt7,suw2uRYvps1
3743,PE0osI3WRt7,PXZxiZcVelu
3744,PE0osI3WRt7,qMHtANd83kh
3745,PE0osI3WRt7,nuMYxrh0R2i
3746,PE0osI3WRt7,kBpgzphXpAR
3747,PE0osI3WRt7,tDRDjpo0YoL
3748,PE0osI3WRt7,aQ1xl7PpEBR
3749,PE0osI3WRt7,hQErX90w0QX
3750,PE0osI3WRt7,uTEkUkUPGlT
3751,PE0osI3WRt7,kAIFR5chGAF
3752,PE0osI3WRt7,Q6BZZU5OqUz
3753,PE0osI3WRt7,kE2hYoEOdKZ
3754,PE0osI3WRt7,YvuAd9YbUW1
3755,PE0osI3WRt7,hzxRKJVw1qz
3756,PE0osI3WRt7,TNRCya9Zcnm
3757,PE0osI3WRt7,IINRfWBo1HP
3758,PE0osI3WRt7,zHIgRxojTnV
3759,PE0osI3WRt7,wwyAx7XFJxl
3760,PE0osI3WRt7,KQym92Lq7PP
3761,PE0osI3WRt7,f0IY8VORiY9
3762,PE0osI3WRt7,k8HpYK6X99O
3763,PE0osI3WRt7,iCBAGYxk6nz
3764,PE0osI3WRt7,OLHl1lm5IdE
3765,PE0osI3WRt7,pr06vcGskap
3766,PE0osI3WRt7,jko8CGYBgS6
3767,PE0osI3WRt7,Pdi7bTTavv2
3768,PE0osI3WRt7,Xnvym8RgOAa
3769,PE0osI3WRt7,XTCaoKHZWd5
3770,PE0osI3WRt7,SkEFXSIXCat
3771,PE0osI3WRt7,zFShLriNlnd
3772,PE0osI3WRt7,lxdu4lHq3lu
3773,PE0osI3WRt7,rSr0r0CxwDE
3774,PE0osI3WRt7,bsvfgDGBWVf
3775,PE0osI3WRt7,z9wYYxDZM9V
3776,z7giveOfzkg,NuGCerWN58O
3777,z7giveOfzkg,rDIYMMteqBO
3778,z7giveOfzkg,Os9njqZEjOb
3779,z7giveOfzkg,EwFHO5G420a
3780,z7giveOfzkg,suw2uRYvps1
3781,z7giveOfzkg,PXZxiZcVelu
3782,z7giveOfzkg,qMHtANd83kh
3783,z7giveOfzkg,nuMYxrh0R2i
3784,z7giveOfzkg,kBpgzphXpAR
3785,z7giveOfzkg,tDRDjpo0YoL
3786,z7giveOfzkg,aQ1xl7PpEBR
3787,z7giveOfzkg,hQErX90w0QX
3788,z7giveOfzkg,uTEkUkUPGlT
3789,z7giveOfzkg,kAIFR5chGAF
3790,z7giveOfzkg,Q6BZZU5OqUz
3791,z7giveOfzkg,kE2hYoEOdKZ
3792,z7giveOfzkg,YvuAd9YbUW1
3793,z7giveOfzkg,hzxRKJVw1qz
3794,z7giveOfzkg,TNRCya9Zcnm
3795,z7giveOfzkg,IINRfWBo1HP
3796,z7giveOfzkg,zHIgRxojTnV
3797,z7giveOfzkg,wwyAx7XFJxl
3798,z7giveOfzkg,KQym92Lq7PP
3799,z7giveOfzkg,f0IY8VORiY9
3800,z7giveOfzkg,k8HpYK6X99O
3801,z7giveOfzkg,iCBAGYxk6nz
3802,z7giveOfzkg,OLHl1lm5IdE
3803,z7giveOfzkg,pr06vcGskap
3804,z7giveOfzkg,jko8CGYBgS6
3805,z7giveOfzkg,Pdi7bTTavv2
3806,z7giveOfzkg,Xnvym8RgOAa
3807,z7giveOfzkg,XTCaoKHZWd5
3808,z7giveOfzkg,SkEFXSIXCat
3809,z7giveOfzkg,zFShLriNlnd
3810,z7giveOfzkg,lxdu4lHq3lu
3811,z7giveOfzkg,rSr0r0CxwDE
3812,z7giveOfzkg,bsvfgDGBWVf
3813,z7giveOfzkg,z9wYYxDZM9V
3814,srW9rfrKqm0,NuGCerWN58O
3815,srW9rfrKqm0,rDIYMMteqBO
3816,srW9rfrKqm0,Os9njqZEjOb
3817,srW9rfrKqm0,EwFHO5G420a
3818,srW9rfrKqm0,suw2uRYvps1
3819,srW9rfrKqm0,PXZxiZcVelu
3820,srW9rfrKqm0,qMHtANd83kh
3821,srW9rfrKqm0,nuMYxrh0R2i
3822,srW9rfrKqm0,kBpgzphXpAR
3823,srW9rfrKqm0,tDRDjpo0YoL
3824,srW9rfrKqm0,aQ1xl7PpEBR
3825,srW9rfrKqm0,hQErX90w0QX
3826,srW9rfrKqm0,uTEkUkUPGlT
3827,srW9rfrKqm0,kAIFR5chGAF
3828,srW9rfrKqm0,Q6BZZU5OqUz
3829,srW9rfrKqm0,kE2hYoEOdKZ
3830,srW9rfrKqm0,YvuAd9YbUW1
3831,srW9rfrKqm0,hzxRKJVw1qz
3832,srW9rfrKqm0,TNRCya9Zcnm
3833,srW9rfrKqm0,IINRfWBo1HP
3834,srW9rfrKqm0,zHIgRxojTnV
3835,srW9rfrKqm0,wwyAx7XFJxl
3836,srW9rfrKqm0,KQym92Lq7PP
3837,srW9rfrKqm0,f0IY8VORiY9
3838,srW9rfrKqm0,k8HpYK6X99O
3839,srW9rfrKqm0,iCBAGYxk6nz
3840,srW9rfrKqm0,OLHl1lm5IdE
3841,srW9rfrKqm0,pr06vcGskap
3842,srW9rfrKqm0,jko8CGYBgS6
3843,srW9rfrKqm0,Pdi7bTTavv2
3844,srW9rfrKqm0,Xnvym8RgOAa
3845,srW9rfrKqm0,XTCaoKHZWd5
3846,srW9rfrKqm0,SkEFXSIXCat
3847,srW9rfrKqm0,zFShLriNlnd
3848,srW9rfrKqm0,lxdu4lHq3lu
3849,srW9rfrKqm0,rSr0r0CxwDE
3850,srW9rfrKqm0,bsvfgDGBWVf
3851,srW9rfrKqm0,z9wYYxDZM9V
3852,ob9NxusLSNa,HllvX50cXC0
3853,WKgXTYQWqnR,HllvX50cXC0
3854,aplOyNr7F6v,NuGCerWN58O
3855,aplOyNr7F6v,rDIYMMteqBO
3856,aplOyNr7F6v,Os9njqZEjOb
3857,aplOyNr7F6v,EwFHO5G420a
3858,aplOyNr7F6v,suw2uRYvps1
3859,aplOyNr7F6v,PXZxiZcVelu
3860,aplOyNr7F6v,qMHtANd83kh
3861,aplOyNr7F6v,nuMYxrh0R2i
3862,aplOyNr7F6v,kBpgzphXpAR
3863,aplOyNr7F6v,tDRDjpo0YoL
3864,aplOyNr7F6v,aQ1xl7PpEBR
3865,aplOyNr7F6v,hQErX90w0QX
3866,aplOyNr7F6v,uTEkUkUPGlT
3867,aplOyNr7F6v,kAIFR5chGAF
3868,aplOyNr7F6v,Q6BZZU5OqUz
3869,aplOyNr7F6v,kE2hYoEOdKZ
3870,aplOyNr7F6v,YvuAd9YbUW1
3871,aplOyNr7F6v,hzxRKJVw1qz
3872,aplOyNr7F6v,TNRCya9Zcnm
3873,aplOyNr7F6v,IINRfWBo1HP
3874,aplOyNr7F6v,zHIgRxojTnV
3875,aplOyNr7F6v,wwyAx7XFJxl
3876,aplOyNr7F6v,KQym92Lq7PP
3877,aplOyNr7F6v,f0IY8VORiY9
3878,aplOyNr7F6v,k8HpYK6X99O
3879,aplOyNr7F6v,iCBAGYxk6nz
3880,aplOyNr7F6v,OLHl1lm5IdE
3881,aplOyNr7F6v,pr06vcGskap
3882,aplOyNr7F6v,jko8CGYBgS6
3883,aplOyNr7F6v,Pdi7bTTavv2
3884,aplOyNr7F6v,Xnvym8RgOAa
3885,aplOyNr7F6v,XTCaoKHZWd5
3886,aplOyNr7F6v,SkEFXSIXCat
3887,aplOyNr7F6v,zFShLriNlnd
3888,aplOyNr7F6v,lxdu4lHq3lu
3889,aplOyNr7F6v,rSr0r0CxwDE
3890,aplOyNr7F6v,bsvfgDGBWVf
3891,aplOyNr7F6v,z9wYYxDZM9V
3892,JEn2WYikQ36,zYDFMYwl3j9
3893,JEn2WYikQ36,cxONGtEdXac
3894,HngmKmdkgqq,zYDFMYwl3j9
3895,HngmKmdkgqq,cxONGtEdXac
3896,J0aWnRgmQY3,NuGCerWN58O
3897,J0aWnRgmQY3,rDIYMMteqBO
3898,J0aWnRgmQY3,Os9njqZEjOb
3899,J0aWnRgmQY3,EwFHO5G420a
3900,J0aWnRgmQY3,suw2uRYvps1
3901,J0aWnRgmQY3,PXZxiZcVelu
3902,J0aWnRgmQY3,qMHtANd83kh
3903,J0aWnRgmQY3,nuMYxrh0R2i
3904,J0aWnRgmQY3,kBpgzphXpAR
3905,J0aWnRgmQY3,tDRDjpo0YoL
3906,J0aWnRgmQY3,aQ1xl7PpEBR
3907,J0aWnRgmQY3,hQErX90w0QX
3908,J0aWnRgmQY3,uTEkUkUPGlT
3909,J0aWnRgmQY3,kAIFR5chGAF
3910,J0aWnRgmQY3,Q6BZZU5OqUz
3911,J0aWnRgmQY3,kE2hYoEOdKZ
3912,J0aWnRgmQY3,YvuAd9YbUW1
3913,J0aWnRgmQY3,hzxRKJVw1qz
3914,J0aWnRgmQY3,TNRCya9Zcnm
3915,J0aWnRgmQY3,IINRfWBo1HP
3916,J0aWnRgmQY3,zHIgRxojTnV
3917,J0aWnRgmQY3,wwyAx7XFJxl
3918,J0aWnRgmQY3,KQym92Lq7PP
3919,J0aWnRgmQY3,f0IY8VORiY9
3920,J0aWnRgmQY3,k8HpYK6X99O
3921,J0aWnRgmQY3,iCBAGYxk6nz
3922,J0aWnRgmQY3,OLHl1lm5IdE
3923,J0aWnRgmQY3,pr06vcGskap
3924,J0aWnRgmQY3,jko8CGYBgS6
3925,J0aWnRgmQY3,Pdi7bTTavv2
3926,J0aWnRgmQY3,Xnvym8RgOAa
3927,J0aWnRgmQY3,XTCaoKHZWd5
3928,J0aWnRgmQY3,SkEFXSIXCat
3929,J0aWnRgmQY3,zFShLriNlnd
3930,J0aWnRgmQY3,lxdu4lHq3lu
3931,J0aWnRgmQY3,rSr0r0CxwDE
3932,J0aWnRgmQY3,bsvfgDGBWVf
3933,J0aWnRgmQY3,z9wYYxDZM9V
3934,LqDNxT8Wnda,NuGCerWN58O
3935,LqDNxT8Wnda,rDIYMMteqBO
3936,LqDNxT8Wnda,Os9njqZEjOb
3937,LqDNxT8Wnda,EwFHO5G420a
3938,LqDNxT8Wnda,suw2uRYvps1
3939,LqDNxT8Wnda,PXZxiZcVelu
3940,LqDNxT8Wnda,qMHtANd83kh
3941,LqDNxT8Wnda,nuMYxrh0R2i
3942,LqDNxT8Wnda,kBpgzphXpAR
3943,LqDNxT8Wnda,tDRDjpo0YoL
3944,LqDNxT8Wnda,aQ1xl7PpEBR
3945,LqDNxT8Wnda,hQErX90w0QX
3946,LqDNxT8Wnda,uTEkUkUPGlT
3947,LqDNxT8Wnda,kAIFR5chGAF
3948,LqDNxT8Wnda,Q6BZZU5OqUz
3949,LqDNxT8Wnda,kE2hYoEOdKZ
3950,LqDNxT8Wnda,YvuAd9YbUW1
3951,LqDNxT8Wnda,hzxRKJVw1qz
3952,LqDNxT8Wnda,TNRCya9Zcnm
3953,LqDNxT8Wnda,IINRfWBo1HP
3954,LqDNxT8Wnda,zHIgRxojTnV
3955,LqDNxT8Wnda,wwyAx7XFJxl
3956,LqDNxT8Wnda,KQym92Lq7PP
3957,LqDNxT8Wnda,f0IY8VORiY9
3958,LqDNxT8Wnda,k8HpYK6X99O
3959,LqDNxT8Wnda,iCBAGYxk6nz
3960,LqDNxT8Wnda,OLHl1lm5IdE
3961,LqDNxT8Wnda,pr06vcGskap
3962,LqDNxT8Wnda,jko8CGYBgS6
3963,LqDNxT8Wnda,Pdi7bTTavv2
3964,LqDNxT8Wnda,Xnvym8RgOAa
3965,LqDNxT8Wnda,XTCaoKHZWd5
3966,LqDNxT8Wnda,SkEFXSIXCat
3967,LqDNxT8Wnda,zFShLriNlnd
3968,LqDNxT8Wnda,lxdu4lHq3lu
3969,LqDNxT8Wnda,rSr0r0CxwDE
3970,LqDNxT8Wnda,bsvfgDGBWVf
3971,LqDNxT8Wnda,z9wYYxDZM9V
3972,yE0mfs46vXL,NuGCerWN58O
3973,yE0mfs46vXL,rDIYMMteqBO
3974,yE0mfs46vXL,Os9njqZEjOb
3975,yE0mfs46vXL,EwFHO5G420a
3976,yE0mfs46vXL,suw2uRYvps1
3977,yE0mfs46vXL,PXZxiZcVelu
3978,yE0mfs46vXL,qMHtANd83kh
3979,yE0mfs46vXL,nuMYxrh0R2i
3980,yE0mfs46vXL,kBpgzphXpAR
3981,yE0mfs46vXL,tDRDjpo0YoL
3982,yE0mfs46vXL,aQ1xl7PpEBR
3983,yE0mfs46vXL,hQErX90w0QX
3984,yE0mfs46vXL,uTEkUkUPGlT
3985,yE0mfs46vXL,kAIFR5chGAF
3986,yE0mfs46vXL,Q6BZZU5OqUz
3987,yE0mfs46vXL,kE2hYoEOdKZ
3988,yE0mfs46vXL,YvuAd9YbUW1
3989,yE0mfs46vXL,hzxRKJVw1qz
3990,yE0mfs46vXL,TNRCya9Zcnm
3991,yE0mfs46vXL,IINRfWBo1HP
3992,yE0mfs46vXL,zHIgRxojTnV
3993,yE0mfs46vXL,wwyAx7XFJxl
3994,yE0mfs46vXL,KQym92Lq7PP
3995,yE0mfs46vXL,f0IY8VORiY9
3996,yE0mfs46vXL,k8HpYK6X99O
3997,yE0mfs46vXL,iCBAGYxk6nz
3998,yE0mfs46vXL,OLHl1lm5IdE
3999,yE0mfs46vXL,pr06vcGskap
4000,yE0mfs46vXL,jko8CGYBgS6
4001,yE0mfs46vXL,Pdi7bTTavv2
4002,yE0mfs46vXL,Xnvym8RgOAa
4003,yE0mfs46vXL,XTCaoKHZWd5
4004,yE0mfs46vXL,SkEFXSIXCat
4005,yE0mfs46vXL,zFShLriNlnd
4006,yE0mfs46vXL,lxdu4lHq3lu
4007,yE0mfs46vXL,rSr0r0CxwDE
4008,yE0mfs46vXL,bsvfgDGBWVf
4009,yE0mfs46vXL,z9wYYxDZM9V
4010,J2dpUiRnv1E,NhaCkK1zH9U
4011,J2dpUiRnv1E,Vw05E7W9pGH
4012,J2dpUiRnv1E,ZmDRpouk1Pf
4013,J2dpUiRnv1E,DzD38k4YAqv
4014,J2dpUiRnv1E,JCTWaWIToIm
4015,J2dpUiRnv1E,cUhvdMpVZEL
4016,J2dpUiRnv1E,swuPAWtLMIx
4017,J2dpUiRnv1E,spQ43sM4seo
4018,J2dpUiRnv1E,Ucc8ax90Wss
4019,J2dpUiRnv1E,hIIg7SjaPlu
4020,J2dpUiRnv1E,mAVXU4qekYI
4021,J2dpUiRnv1E,Hs7ahtn8D2h
4022,J2dpUiRnv1E,lt2RiSc1F5h
4023,J2dpUiRnv1E,hQYaFWtsiEQ
4024,J2dpUiRnv1E,V6XVOjhLEwA
4025,J2dpUiRnv1E,QS8euMeXUNm
4026,J2dpUiRnv1E,r51DzYZiHDg
4027,J2dpUiRnv1E,TdFTHypaqWp
4028,OAtfMhrWHbW,NuGCerWN58O
4029,OAtfMhrWHbW,rDIYMMteqBO
4030,OAtfMhrWHbW,Os9njqZEjOb
4031,OAtfMhrWHbW,EwFHO5G420a
4032,OAtfMhrWHbW,suw2uRYvps1
4033,OAtfMhrWHbW,PXZxiZcVelu
4034,OAtfMhrWHbW,qMHtANd83kh
4035,OAtfMhrWHbW,nuMYxrh0R2i
4036,OAtfMhrWHbW,kBpgzphXpAR
4037,OAtfMhrWHbW,tDRDjpo0YoL
4038,OAtfMhrWHbW,aQ1xl7PpEBR
4039,OAtfMhrWHbW,hQErX90w0QX
4040,OAtfMhrWHbW,uTEkUkUPGlT
4041,OAtfMhrWHbW,kAIFR5chGAF
4042,OAtfMhrWHbW,Q6BZZU5OqUz
4043,OAtfMhrWHbW,kE2hYoEOdKZ
4044,OAtfMhrWHbW,YvuAd9YbUW1
4045,OAtfMhrWHbW,hzxRKJVw1qz
4046,OAtfMhrWHbW,TNRCya9Zcnm
4047,OAtfMhrWHbW,IINRfWBo1HP
4048,OAtfMhrWHbW,zHIgRxojTnV
4049,OAtfMhrWHbW,wwyAx7XFJxl
4050,OAtfMhrWHbW,KQym92Lq7PP
4051,OAtfMhrWHbW,f0IY8VORiY9
4052,OAtfMhrWHbW,k8HpYK6X99O
4053,OAtfMhrWHbW,iCBAGYxk6nz
4054,OAtfMhrWHbW,OLHl1lm5IdE
4055,OAtfMhrWHbW,pr06vcGskap
4056,OAtfMhrWHbW,jko8CGYBgS6
4057,OAtfMhrWHbW,Pdi7bTTavv2
4058,OAtfMhrWHbW,Xnvym8RgOAa
4059,OAtfMhrWHbW,XTCaoKHZWd5
4060,OAtfMhrWHbW,SkEFXSIXCat
4061,OAtfMhrWHbW,zFShLriNlnd
4062,OAtfMhrWHbW,lxdu4lHq3lu
4063,OAtfMhrWHbW,rSr0r0CxwDE
4064,OAtfMhrWHbW,bsvfgDGBWVf
4065,OAtfMhrWHbW,z9wYYxDZM9V
4066,VegOyJnr07r,NuGCerWN58O
4067,VegOyJnr07r,rDIYMMteqBO
4068,VegOyJnr07r,Os9njqZEjOb
4069,VegOyJnr07r,EwFHO5G420a
4070,VegOyJnr07r,suw2uRYvps1
4071,VegOyJnr07r,PXZxiZcVelu
4072,VegOyJnr07r,qMHtANd83kh
4073,VegOyJnr07r,nuMYxrh0R2i
4074,VegOyJnr07r,kBpgzphXpAR
4075,VegOyJnr07r,tDRDjpo0YoL
4076,VegOyJnr07r,aQ1xl7PpEBR
4077,VegOyJnr07r,hQErX90w0QX
4078,VegOyJnr07r,uTEkUkUPGlT
4079,VegOyJnr07r,kAIFR5chGAF
4080,VegOyJnr07r,Q6BZZU5OqUz
4081,VegOyJnr07r,kE2hYoEOdKZ
4082,VegOyJnr07r,YvuAd9YbUW1
4083,VegOyJnr07r,hzxRKJVw1qz
4084,VegOyJnr07r,TNRCya9Zcnm
4085,VegOyJnr07r,IINRfWBo1HP
4086,VegOyJnr07r,zHIgRxojTnV
4087,VegOyJnr07r,wwyAx7XFJxl
4088,VegOyJnr07r,KQym92Lq7PP
4089,VegOyJnr07r,f0IY8VORiY9
4090,VegOyJnr07r,k8HpYK6X99O
4091,VegOyJnr07r,iCBAGYxk6nz
4092,VegOyJnr07r,OLHl1lm5IdE
4093,VegOyJnr07r,pr06vcGskap
4094,VegOyJnr07r,jko8CGYBgS6
4095,VegOyJnr07r,Pdi7bTTavv2
4096,VegOyJnr07r,Xnvym8RgOAa
4097,VegOyJnr07r,XTCaoKHZWd5
4098,VegOyJnr07r,SkEFXSIXCat
4099,VegOyJnr07r,zFShLriNlnd
4100,VegOyJnr07r,lxdu4lHq3lu
4101,VegOyJnr07r,rSr0r0CxwDE
4102,VegOyJnr07r,bsvfgDGBWVf
4103,VegOyJnr07r,z9wYYxDZM9V
4104,mPbUQ5nEAJS,NuGCerWN58O
4105,mPbUQ5nEAJS,rDIYMMteqBO
4106,mPbUQ5nEAJS,Os9njqZEjOb
4107,mPbUQ5nEAJS,EwFHO5G420a
4108,mPbUQ5nEAJS,suw2uRYvps1
4109,mPbUQ5nEAJS,PXZxiZcVelu
4110,mPbUQ5nEAJS,qMHtANd83kh
4111,mPbUQ5nEAJS,nuMYxrh0R2i
4112,mPbUQ5nEAJS,kBpgzphXpAR
4113,mPbUQ5nEAJS,tDRDjpo0YoL
4114,mPbUQ5nEAJS,aQ1xl7PpEBR
4115,mPbUQ5nEAJS,hQErX90w0QX
4116,mPbUQ5nEAJS,uTEkUkUPGlT
4117,mPbUQ5nEAJS,kAIFR5chGAF
4118,mPbUQ5nEAJS,Q6BZZU5OqUz
4119,mPbUQ5nEAJS,kE2hYoEOdKZ
4120,mPbUQ5nEAJS,YvuAd9YbUW1
4121,mPbUQ5nEAJS,hzxRKJVw1qz
4122,mPbUQ5nEAJS,TNRCya9Zcnm
4123,mPbUQ5nEAJS,IINRfWBo1HP
4124,mPbUQ5nEAJS,zHIgRxojTnV
4125,mPbUQ5nEAJS,wwyAx7XFJxl
4126,mPbUQ5nEAJS,KQym92Lq7PP
4127,mPbUQ5nEAJS,f0IY8VORiY9
4128,mPbUQ5nEAJS,k8HpYK6X99O
4129,mPbUQ5nEAJS,iCBAGYxk6nz
4130,mPbUQ5nEAJS,OLHl1lm5IdE
4131,mPbUQ5nEAJS,pr06vcGskap
4132,mPbUQ5nEAJS,jko8CGYBgS6
4133,mPbUQ5nEAJS,Pdi7bTTavv2
4134,mPbUQ5nEAJS,Xnvym8RgOAa
4135,mPbUQ5nEAJS,XTCaoKHZWd5
4136,mPbUQ5nEAJS,SkEFXSIXCat
4137,mPbUQ5nEAJS,zFShLriNlnd
4138,mPbUQ5nEAJS,lxdu4lHq3lu
4139,mPbUQ5nEAJS,rSr0r0CxwDE
4140,mPbUQ5nEAJS,bsvfgDGBWVf
4141,mPbUQ5nEAJS,z9wYYxDZM9V
4142,SWyDuZLO6MC,NuGCerWN58O
4143,SWyDuZLO6MC,rDIYMMteqBO
4144,SWyDuZLO6MC,Os9njqZEjOb
4145,SWyDuZLO6MC,EwFHO5G420a
4146,SWyDuZLO6MC,suw2uRYvps1
4147,SWyDuZLO6MC,PXZxiZcVelu
4148,SWyDuZLO6MC,qMHtANd83kh
4149,SWyDuZLO6MC,nuMYxrh0R2i
4150,SWyDuZLO6MC,kBpgzphXpAR
4151,SWyDuZLO6MC,tDRDjpo0YoL
4152,SWyDuZLO6MC,aQ1xl7PpEBR
4153,SWyDuZLO6MC,hQErX90w0QX
4154,SWyDuZLO6MC,uTEkUkUPGlT
4155,SWyDuZLO6MC,kAIFR5chGAF
4156,SWyDuZLO6MC,Q6BZZU5OqUz
4157,SWyDuZLO6MC,kE2hYoEOdKZ
4158,SWyDuZLO6MC,YvuAd9YbUW1
4159,SWyDuZLO6MC,hzxRKJVw1qz
4160,SWyDuZLO6MC,TNRCya9Zcnm
4161,SWyDuZLO6MC,IINRfWBo1HP
4162,SWyDuZLO6MC,zHIgRxojTnV
4163,SWyDuZLO6MC,wwyAx7XFJxl
4164,SWyDuZLO6MC,KQym92Lq7PP
4165,SWyDuZLO6MC,f0IY8VORiY9
4166,SWyDuZLO6MC,k8HpYK6X99O
4167,SWyDuZLO6MC,iCBAGYxk6nz
4168,SWyDuZLO6MC,OLHl1lm5IdE
4169,SWyDuZLO6MC,pr06vcGskap
4170,SWyDuZLO6MC,jko8CGYBgS6
4171,SWyDuZLO6MC,Pdi7bTTavv2
4172,SWyDuZLO6MC,Xnvym8RgOAa
4173,SWyDuZLO6MC,XTCaoKHZWd5
4174,SWyDuZLO6MC,SkEFXSIXCat
4175,SWyDuZLO6MC,zFShLriNlnd
4176,SWyDuZLO6MC,lxdu4lHq3lu
4177,SWyDuZLO6MC,rSr0r0CxwDE
4178,SWyDuZLO6MC,bsvfgDGBWVf
4179,SWyDuZLO6MC,z9wYYxDZM9V
4180,A3ClKL4jEmR,NuGCerWN58O
4181,A3ClKL4jEmR,rDIYMMteqBO
4182,A3ClKL4jEmR,Os9njqZEjOb
4183,A3ClKL4jEmR,EwFHO5G420a
4184,A3ClKL4jEmR,suw2uRYvps1
4185,A3ClKL4jEmR,PXZxiZcVelu
4186,A3ClKL4jEmR,qMHtANd83kh
4187,A3ClKL4jEmR,nuMYxrh0R2i
4188,A3ClKL4jEmR,kBpgzphXpAR
4189,A3ClKL4jEmR,tDRDjpo0YoL
4190,A3ClKL4jEmR,aQ1xl7PpEBR
4191,A3ClKL4jEmR,hQErX90w0QX
4192,A3ClKL4jEmR,uTEkUkUPGlT
4193,A3ClKL4jEmR,kAIFR5chGAF
4194,A3ClKL4jEmR,Q6BZZU5OqUz
4195,A3ClKL4jEmR,kE2hYoEOdKZ
4196,A3ClKL4jEmR,YvuAd9YbUW1
4197,A3ClKL4jEmR,hzxRKJVw1qz
4198,A3ClKL4jEmR,TNRCya9Zcnm
4199,A3ClKL4jEmR,IINRfWBo1HP
4200,A3ClKL4jEmR,zHIgRxojTnV
4201,A3ClKL4jEmR,wwyAx7XFJxl
4202,A3ClKL4jEmR,KQym92Lq7PP
4203,A3ClKL4jEmR,f0IY8VORiY9
4204,A3ClKL4jEmR,k8HpYK6X99O
4205,A3ClKL4jEmR,iCBAGYxk6nz
4206,A3ClKL4jEmR,OLHl1lm5IdE
4207,A3ClKL4jEmR,pr06vcGskap
4208,A3ClKL4jEmR,jko8CGYBgS6
4209,A3ClKL4jEmR,Pdi7bTTavv2
4210,A3ClKL4jEmR,Xnvym8RgOAa
4211,A3ClKL4jEmR,XTCaoKHZWd5
4212,A3ClKL4jEmR,SkEFXSIXCat
4213,A3ClKL4jEmR,zFShLriNlnd
4214,A3ClKL4jEmR,lxdu4lHq3lu
4215,A3ClKL4jEmR,rSr0r0CxwDE
4216,A3ClKL4jEmR,bsvfgDGBWVf
4217,A3ClKL4jEmR,z9wYYxDZM9V
4218,Mq6tKpTxmlG,NhaCkK1zH9U
4219,Mq6tKpTxmlG,Vw05E7W9pGH
4220,Mq6tKpTxmlG,ZmDRpouk1Pf
4221,Mq6tKpTxmlG,DzD38k4YAqv
4222,Mq6tKpTxmlG,JCTWaWIToIm
4223,Mq6tKpTxmlG,cUhvdMpVZEL
4224,Mq6tKpTxmlG,swuPAWtLMIx
4225,Mq6tKpTxmlG,spQ43sM4seo
4226,Mq6tKpTxmlG,Ucc8ax90Wss
4227,Mq6tKpTxmlG,hIIg7SjaPlu
4228,Mq6tKpTxmlG,mAVXU4qekYI
4229,Mq6tKpTxmlG,Hs7ahtn8D2h
4230,Mq6tKpTxmlG,lt2RiSc1F5h
4231,Mq6tKpTxmlG,hQYaFWtsiEQ
4232,Mq6tKpTxmlG,V6XVOjhLEwA
4233,Mq6tKpTxmlG,QS8euMeXUNm
4234,Mq6tKpTxmlG,r51DzYZiHDg
4235,Mq6tKpTxmlG,TdFTHypaqWp
4236,zGRSfvFzFUZ,NuGCerWN58O
4237,zGRSfvFzFUZ,rDIYMMteqBO
4238,zGRSfvFzFUZ,Os9njqZEjOb
4239,zGRSfvFzFUZ,EwFHO5G420a
4240,zGRSfvFzFUZ,suw2uRYvps1
4241,zGRSfvFzFUZ,PXZxiZcVelu
4242,zGRSfvFzFUZ,qMHtANd83kh
4243,zGRSfvFzFUZ,nuMYxrh0R2i
4244,zGRSfvFzFUZ,kBpgzphXpAR
4245,zGRSfvFzFUZ,tDRDjpo0YoL
4246,zGRSfvFzFUZ,aQ1xl7PpEBR
4247,zGRSfvFzFUZ,hQErX90w0QX
4248,zGRSfvFzFUZ,uTEkUkUPGlT
4249,zGRSfvFzFUZ,kAIFR5chGAF
4250,zGRSfvFzFUZ,Q6BZZU5OqUz
4251,zGRSfvFzFUZ,kE2hYoEOdKZ
4252,zGRSfvFzFUZ,YvuAd9YbUW1
4253,zGRSfvFzFUZ,hzxRKJVw1qz
4254,zGRSfvFzFUZ,TNRCya9Zcnm
4255,zGRSfvFzFUZ,IINRfWBo1HP
4256,zGRSfvFzFUZ,zHIgRxojTnV
4257,zGRSfvFzFUZ,wwyAx7XFJxl
4258,zGRSfvFzFUZ,KQym92Lq7PP
4259,zGRSfvFzFUZ,f0IY8VORiY9
4260,zGRSfvFzFUZ,k8HpYK6X99O
4261,zGRSfvFzFUZ,iCBAGYxk6nz
4262,zGRSfvFzFUZ,OLHl1lm5IdE
4263,zGRSfvFzFUZ,pr06vcGskap
4264,zGRSfvFzFUZ,jko8CGYBgS6
4265,zGRSfvFzFUZ,Pdi7bTTavv2
4266,zGRSfvFzFUZ,Xnvym8RgOAa
4267,zGRSfvFzFUZ,XTCaoKHZWd5
4268,zGRSfvFzFUZ,SkEFXSIXCat
4269,zGRSfvFzFUZ,zFShLriNlnd
4270,zGRSfvFzFUZ,lxdu4lHq3lu
4271,zGRSfvFzFUZ,rSr0r0CxwDE
4272,zGRSfvFzFUZ,bsvfgDGBWVf
4273,zGRSfvFzFUZ,z9wYYxDZM9V
4274,ErdjiQmllPR,NuGCerWN58O
4275,ErdjiQmllPR,rDIYMMteqBO
4276,ErdjiQmllPR,Os9njqZEjOb
4277,ErdjiQmllPR,EwFHO5G420a
4278,ErdjiQmllPR,suw2uRYvps1
4279,ErdjiQmllPR,PXZxiZcVelu
4280,ErdjiQmllPR,qMHtANd83kh
4281,ErdjiQmllPR,nuMYxrh0R2i
4282,ErdjiQmllPR,kBpgzphXpAR
4283,ErdjiQmllPR,tDRDjpo0YoL
4284,ErdjiQmllPR,aQ1xl7PpEBR
4285,ErdjiQmllPR,hQErX90w0QX
4286,ErdjiQmllPR,uTEkUkUPGlT
4287,ErdjiQmllPR,kAIFR5chGAF
4288,ErdjiQmllPR,Q6BZZU5OqUz
4289,ErdjiQmllPR,kE2hYoEOdKZ
4290,ErdjiQmllPR,YvuAd9YbUW1
4291,ErdjiQmllPR,hzxRKJVw1qz
4292,ErdjiQmllPR,TNRCya9Zcnm
4293,ErdjiQmllPR,IINRfWBo1HP
4294,ErdjiQmllPR,zHIgRxojTnV
4295,ErdjiQmllPR,wwyAx7XFJxl
4296,ErdjiQmllPR,KQym92Lq7PP
4297,ErdjiQmllPR,f0IY8VORiY9
4298,ErdjiQmllPR,k8HpYK6X99O
4299,ErdjiQmllPR,iCBAGYxk6nz
4300,ErdjiQmllPR,OLHl1lm5IdE
4301,ErdjiQmllPR,pr06vcGskap
4302,ErdjiQmllPR,jko8CGYBgS6
4303,ErdjiQmllPR,Pdi7bTTavv2
4304,ErdjiQmllPR,Xnvym8RgOAa
4305,ErdjiQmllPR,XTCaoKHZWd5
4306,ErdjiQmllPR,SkEFXSIXCat
4307,ErdjiQmllPR,zFShLriNlnd
4308,ErdjiQmllPR,lxdu4lHq3lu
4309,ErdjiQmllPR,rSr0r0CxwDE
4310,ErdjiQmllPR,bsvfgDGBWVf
4311,ErdjiQmllPR,z9wYYxDZM9V
4312,lFPwFylHwXg,NuGCerWN58O
4313,lFPwFylHwXg,rDIYMMteqBO
4314,lFPwFylHwXg,Os9njqZEjOb
4315,lFPwFylHwXg,EwFHO5G420a
4316,lFPwFylHwXg,suw2uRYvps1
4317,lFPwFylHwXg,PXZxiZcVelu
4318,lFPwFylHwXg,qMHtANd83kh
4319,lFPwFylHwXg,nuMYxrh0R2i
4320,lFPwFylHwXg,kBpgzphXpAR
4321,lFPwFylHwXg,tDRDjpo0YoL
4322,lFPwFylHwXg,aQ1xl7PpEBR
4323,lFPwFylHwXg,hQErX90w0QX
4324,lFPwFylHwXg,uTEkUkUPGlT
4325,lFPwFylHwXg,kAIFR5chGAF
4326,lFPwFylHwXg,Q6BZZU5OqUz
4327,lFPwFylHwXg,kE2hYoEOdKZ
4328,lFPwFylHwXg,YvuAd9YbUW1
4329,lFPwFylHwXg,hzxRKJVw1qz
4330,lFPwFylHwXg,TNRCya9Zcnm
4331,lFPwFylHwXg,IINRfWBo1HP
4332,lFPwFylHwXg,zHIgRxojTnV
4333,lFPwFylHwXg,wwyAx7XFJxl
4334,lFPwFylHwXg,KQym92Lq7PP
4335,lFPwFylHwXg,f0IY8VORiY9
4336,lFPwFylHwXg,k8HpYK6X99O
4337,lFPwFylHwXg,iCBAGYxk6nz
4338,lFPwFylHwXg,OLHl1lm5IdE
4339,lFPwFylHwXg,pr06vcGskap
4340,lFPwFylHwXg,jko8CGYBgS6
4341,lFPwFylHwXg,Pdi7bTTavv2
4342,lFPwFylHwXg,Xnvym8RgOAa
4343,lFPwFylHwXg,XTCaoKHZWd5
4344,lFPwFylHwXg,SkEFXSIXCat
4345,lFPwFylHwXg,zFShLriNlnd
4346,lFPwFylHwXg,lxdu4lHq3lu
4347,lFPwFylHwXg,rSr0r0CxwDE
4348,lFPwFylHwXg,bsvfgDGBWVf
4349,lFPwFylHwXg,z9wYYxDZM9V
4350,liN9vtMWfln,zYDFMYwl3j9
4351,liN9vtMWfln,cxONGtEdXac
4352,HINFxC4414B,NuGCerWN58O
4353,HINFxC4414B,rDIYMMteqBO
4354,HINFxC4414B,Os9njqZEjOb
4355,HINFxC4414B,EwFHO5G420a
4356,HINFxC4414B,suw2uRYvps1
4357,HINFxC4414B,PXZxiZcVelu
4358,HINFxC4414B,qMHtANd83kh
4359,HINFxC4414B,nuMYxrh0R2i
4360,HINFxC4414B,kBpgzphXpAR
4361,HINFxC4414B,tDRDjpo0YoL
4362,HINFxC4414B,aQ1xl7PpEBR
4363,HINFxC4414B,hQErX90w0QX
4364,HINFxC4414B,uTEkUkUPGlT
4365,HINFxC4414B,kAIFR5chGAF
4366,HINFxC4414B,Q6BZZU5OqUz
4367,HINFxC4414B,kE2hYoEOdKZ
4368,HINFxC4414B,YvuAd9YbUW1
4369,HINFxC4414B,hzxRKJVw1qz
4370,HINFxC4414B,TNRCya9Zcnm
4371,HINFxC4414B,IINRfWBo1HP
4372,HINFxC4414B,zHIgRxojTnV
4373,HINFxC4414B,wwyAx7XFJxl
4374,HINFxC4414B,KQym92Lq7PP
4375,HINFxC4414B,f0IY8VORiY9
4376,HINFxC4414B,k8HpYK6X99O
4377,HINFxC4414B,iCBAGYxk6nz
4378,HINFxC4414B,OLHl1lm5IdE
4379,HINFxC4414B,pr06vcGskap
4380,HINFxC4414B,jko8CGYBgS6
4381,HINFxC4414B,Pdi7bTTavv2
4382,HINFxC4414B,Xnvym8RgOAa
4383,HINFxC4414B,XTCaoKHZWd5
4384,HINFxC4414B,SkEFXSIXCat
4385,HINFxC4414B,zFShLriNlnd
4386,HINFxC4414B,lxdu4lHq3lu
4387,HINFxC4414B,rSr0r0CxwDE
4388,HINFxC4414B,bsvfgDGBWVf
4389,HINFxC4414B,z9wYYxDZM9V
4390,SFMipMUafSk,NuGCerWN58O
4391,SFMipMUafSk,rDIYMMteqBO
4392,SFMipMUafSk,Os9njqZEjOb
4393,SFMipMUafSk,EwFHO5G420a
4394,SFMipMUafSk,suw2uRYvps1
4395,SFMipMUafSk,PXZxiZcVelu
4396,SFMipMUafSk,qMHtANd83kh
4397,SFMipMUafSk,nuMYxrh0R2i
4398,SFMipMUafSk,kBpgzphXpAR
4399,SFMipMUafSk,tDRDjpo0YoL
4400,SFMipMUafSk,aQ1xl7PpEBR
4401,SFMipMUafSk,hQErX90w0QX
4402,SFMipMUafSk,uTEkUkUPGlT
4403,SFMipMUafSk,kAIFR5chGAF
4404,SFMipMUafSk,Q6BZZU5OqUz
4405,SFMipMUafSk,kE2hYoEOdKZ
4406,SFMipMUafSk,YvuAd9YbUW1
4407,SFMipMUafSk,hzxRKJVw1qz
4408,SFMipMUafSk,TNRCya9Zcnm
4409,SFMipMUafSk,IINRfWBo1HP
4410,SFMipMUafSk,zHIgRxojTnV
4411,SFMipMUafSk,wwyAx7XFJxl
4412,SFMipMUafSk,KQym92Lq7PP
4413,SFMipMUafSk,f0IY8VORiY9
4414,SFMipMUafSk,k8HpYK6X99O
4415,SFMipMUafSk,iCBAGYxk6nz
4416,SFMipMUafSk,OLHl1lm5IdE
4417,SFMipMUafSk,pr06vcGskap
4418,SFMipMUafSk,jko8CGYBgS6
4419,SFMipMUafSk,Pdi7bTTavv2
4420,SFMipMUafSk,Xnvym8RgOAa
4421,SFMipMUafSk,XTCaoKHZWd5
4422,SFMipMUafSk,SkEFXSIXCat
4423,SFMipMUafSk,zFShLriNlnd
4424,SFMipMUafSk,lxdu4lHq3lu
4425,SFMipMUafSk,rSr0r0CxwDE
4426,SFMipMUafSk,bsvfgDGBWVf
4427,SFMipMUafSk,z9wYYxDZM9V
4428,JmRq1MqMzBu,NuGCerWN58O
4429,JmRq1MqMzBu,rDIYMMteqBO
4430,JmRq1MqMzBu,Os9njqZEjOb
4431,JmRq1MqMzBu,EwFHO5G420a
4432,JmRq1MqMzBu,suw2uRYvps1
4433,JmRq1MqMzBu,PXZxiZcVelu
4434,JmRq1MqMzBu,qMHtANd83kh
4435,JmRq1MqMzBu,nuMYxrh0R2i
4436,JmRq1MqMzBu,kBpgzphXpAR
4437,JmRq1MqMzBu,tDRDjpo0YoL
4438,JmRq1MqMzBu,aQ1xl7PpEBR
4439,JmRq1MqMzBu,hQErX90w0QX
4440,JmRq1MqMzBu,uTEkUkUPGlT
4441,JmRq1MqMzBu,kAIFR5chGAF
4442,JmRq1MqMzBu,Q6BZZU5OqUz
4443,JmRq1MqMzBu,kE2hYoEOdKZ
4444,JmRq1MqMzBu,YvuAd9YbUW1
4445,JmRq1MqMzBu,hzxRKJVw1qz
4446,JmRq1MqMzBu,TNRCya9Zcnm
4447,JmRq1MqMzBu,IINRfWBo1HP
4448,JmRq1MqMzBu,zHIgRxojTnV
4449,JmRq1MqMzBu,wwyAx7XFJxl
4450,JmRq1MqMzBu,KQym92Lq7PP
4451,JmRq1MqMzBu,f0IY8VORiY9
4452,JmRq1MqMzBu,k8HpYK6X99O
4453,JmRq1MqMzBu,iCBAGYxk6nz
4454,JmRq1MqMzBu,OLHl1lm5IdE
4455,JmRq1MqMzBu,pr06vcGskap
4456,JmRq1MqMzBu,jko8CGYBgS6
4457,JmRq1MqMzBu,Pdi7bTTavv2
4458,JmRq1MqMzBu,Xnvym8RgOAa
4459,JmRq1MqMzBu,XTCaoKHZWd5
4460,JmRq1MqMzBu,SkEFXSIXCat
4461,JmRq1MqMzBu,zFShLriNlnd
4462,JmRq1MqMzBu,lxdu4lHq3lu
4463,JmRq1MqMzBu,rSr0r0CxwDE
4464,JmRq1MqMzBu,bsvfgDGBWVf
4465,JmRq1MqMzBu,z9wYYxDZM9V
4466,AWAS2U51uWn,NhaCkK1zH9U
4467,AWAS2U51uWn,Vw05E7W9pGH
4468,AWAS2U51uWn,ZmDRpouk1Pf
4469,AWAS2U51uWn,DzD38k4YAqv
4470,AWAS2U51uWn,JCTWaWIToIm
4471,AWAS2U51uWn,cUhvdMpVZEL
4472,AWAS2U51uWn,swuPAWtLMIx
4473,AWAS2U51uWn,spQ43sM4seo
4474,AWAS2U51uWn,Ucc8ax90Wss
4475,AWAS2U51uWn,hIIg7SjaPlu
4476,AWAS2U51uWn,mAVXU4qekYI
4477,AWAS2U51uWn,Hs7ahtn8D2h
4478,AWAS2U51uWn,lt2RiSc1F5h
4479,AWAS2U51uWn,hQYaFWtsiEQ
4480,AWAS2U51uWn,V6XVOjhLEwA
4481,AWAS2U51uWn,QS8euMeXUNm
4482,AWAS2U51uWn,r51DzYZiHDg
4483,AWAS2U51uWn,TdFTHypaqWp
4484,BHTtK7k5gOs,NhaCkK1zH9U
4485,BHTtK7k5gOs,Vw05E7W9pGH
4486,BHTtK7k5gOs,ZmDRpouk1Pf
4487,BHTtK7k5gOs,DzD38k4YAqv
4488,BHTtK7k5gOs,JCTWaWIToIm
4489,BHTtK7k5gOs,cUhvdMpVZEL
4490,BHTtK7k5gOs,swuPAWtLMIx
4491,BHTtK7k5gOs,spQ43sM4seo
4492,BHTtK7k5gOs,Ucc8ax90Wss
4493,BHTtK7k5gOs,hIIg7SjaPlu
4494,BHTtK7k5gOs,mAVXU4qekYI
4495,BHTtK7k5gOs,Hs7ahtn8D2h
4496,BHTtK7k5gOs,lt2RiSc1F5h
4497,BHTtK7k5gOs,hQYaFWtsiEQ
4498,BHTtK7k5gOs,V6XVOjhLEwA
4499,BHTtK7k5gOs,QS8euMeXUNm
4500,BHTtK7k5gOs,r51DzYZiHDg
4501,BHTtK7k5gOs,TdFTHypaqWp
4502,L9TJ6VZU68p,NuGCerWN58O
4503,L9TJ6VZU68p,rDIYMMteqBO
4504,L9TJ6VZU68p,Os9njqZEjOb
4505,L9TJ6VZU68p,EwFHO5G420a
4506,L9TJ6VZU68p,suw2uRYvps1
4507,L9TJ6VZU68p,PXZxiZcVelu
4508,L9TJ6VZU68p,qMHtANd83kh
4509,L9TJ6VZU68p,nuMYxrh0R2i
4510,L9TJ6VZU68p,kBpgzphXpAR
4511,L9TJ6VZU68p,tDRDjpo0YoL
4512,L9TJ6VZU68p,aQ1xl7PpEBR
4513,L9TJ6VZU68p,hQErX90w0QX
4514,L9TJ6VZU68p,uTEkUkUPGlT
4515,L9TJ6VZU68p,kAIFR5chGAF
4516,L9TJ6VZU68p,Q6BZZU5OqUz
4517,L9TJ6VZU68p,kE2hYoEOdKZ
4518,L9TJ6VZU68p,YvuAd9YbUW1
4519,L9TJ6VZU68p,hzxRKJVw1qz
4520,L9TJ6VZU68p,TNRCya9Zcnm
4521,L9TJ6VZU68p,IINRfWBo1HP
4522,L9TJ6VZU68p,zHIgRxojTnV
4523,L9TJ6VZU68p,wwyAx7XFJxl
4524,L9TJ6VZU68p,KQym92Lq7PP
4525,L9TJ6VZU68p,f0IY8VORiY9
4526,L9TJ6VZU68p,k8HpYK6X99O
4527,L9TJ6VZU68p,iCBAGYxk6nz
4528,L9TJ6VZU68p,OLHl1lm5IdE
4529,L9TJ6VZU68p,pr06vcGskap
4530,L9TJ6VZU68p,jko8CGYBgS6
4531,L9TJ6VZU68p,Pdi7bTTavv2
4532,L9TJ6VZU68p,Xnvym8RgOAa
4533,L9TJ6VZU68p,XTCaoKHZWd5
4534,L9TJ6VZU68p,SkEFXSIXCat
4535,L9TJ6VZU68p,zFShLriNlnd
4536,L9TJ6VZU68p,lxdu4lHq3lu
4537,L9TJ6VZU68p,rSr0r0CxwDE
4538,L9TJ6VZU68p,bsvfgDGBWVf
4539,L9TJ6VZU68p,z9wYYxDZM9V
4540,fMgS4JDyWVX,NhaCkK1zH9U
4541,fMgS4JDyWVX,Vw05E7W9pGH
4542,fMgS4JDyWVX,ZmDRpouk1Pf
4543,fMgS4JDyWVX,DzD38k4YAqv
4544,fMgS4JDyWVX,JCTWaWIToIm
4545,fMgS4JDyWVX,cUhvdMpVZEL
4546,fMgS4JDyWVX,swuPAWtLMIx
4547,fMgS4JDyWVX,spQ43sM4seo
4548,fMgS4JDyWVX,Ucc8ax90Wss
4549,fMgS4JDyWVX,hIIg7SjaPlu
4550,fMgS4JDyWVX,mAVXU4qekYI
4551,fMgS4JDyWVX,Hs7ahtn8D2h
4552,fMgS4JDyWVX,lt2RiSc1F5h
4553,fMgS4JDyWVX,hQYaFWtsiEQ
4554,fMgS4JDyWVX,V6XVOjhLEwA
4555,fMgS4JDyWVX,QS8euMeXUNm
4556,fMgS4JDyWVX,r51DzYZiHDg
4557,fMgS4JDyWVX,TdFTHypaqWp
4558,quOjEQM1GHq,NuGCerWN58O
4559,quOjEQM1GHq,rDIYMMteqBO
4560,quOjEQM1GHq,Os9njqZEjOb
4561,quOjEQM1GHq,EwFHO5G420a
4562,quOjEQM1GHq,suw2uRYvps1
4563,quOjEQM1GHq,PXZxiZcVelu
4564,quOjEQM1GHq,qMHtANd83kh
4565,quOjEQM1GHq,nuMYxrh0R2i
4566,quOjEQM1GHq,kBpgzphXpAR
4567,quOjEQM1GHq,tDRDjpo0YoL
4568,quOjEQM1GHq,aQ1xl7PpEBR
4569,quOjEQM1GHq,hQErX90w0QX
4570,quOjEQM1GHq,uTEkUkUPGlT
4571,quOjEQM1GHq,kAIFR5chGAF
4572,quOjEQM1GHq,Q6BZZU5OqUz
4573,quOjEQM1GHq,kE2hYoEOdKZ
4574,quOjEQM1GHq,YvuAd9YbUW1
4575,quOjEQM1GHq,hzxRKJVw1qz
4576,quOjEQM1GHq,TNRCya9Zcnm
4577,quOjEQM1GHq,IINRfWBo1HP
4578,quOjEQM1GHq,zHIgRxojTnV
4579,quOjEQM1GHq,wwyAx7XFJxl
4580,quOjEQM1GHq,KQym92Lq7PP
4581,quOjEQM1GHq,f0IY8VORiY9
4582,quOjEQM1GHq,k8HpYK6X99O
4583,quOjEQM1GHq,iCBAGYxk6nz
4584,quOjEQM1GHq,OLHl1lm5IdE
4585,quOjEQM1GHq,pr06vcGskap
4586,quOjEQM1GHq,jko8CGYBgS6
4587,quOjEQM1GHq,Pdi7bTTavv2
4588,quOjEQM1GHq,Xnvym8RgOAa
4589,quOjEQM1GHq,XTCaoKHZWd5
4590,quOjEQM1GHq,SkEFXSIXCat
4591,quOjEQM1GHq,zFShLriNlnd
4592,quOjEQM1GHq,lxdu4lHq3lu
4593,quOjEQM1GHq,rSr0r0CxwDE
4594,quOjEQM1GHq,bsvfgDGBWVf
4595,quOjEQM1GHq,z9wYYxDZM9V
4596,q1778KPeI04,NhaCkK1zH9U
4597,q1778KPeI04,Vw05E7W9pGH
4598,q1778KPeI04,ZmDRpouk1Pf
4599,q1778KPeI04,DzD38k4YAqv
4600,q1778KPeI04,JCTWaWIToIm
4601,q1778KPeI04,cUhvdMpVZEL
4602,q1778KPeI04,swuPAWtLMIx
4603,q1778KPeI04,spQ43sM4seo
4604,q1778KPeI04,Ucc8ax90Wss
4605,q1778KPeI04,hIIg7SjaPlu
4606,q1778KPeI04,mAVXU4qekYI
4607,q1778KPeI04,Hs7ahtn8D2h
4608,q1778KPeI04,lt2RiSc1F5h
4609,q1778KPeI04,hQYaFWtsiEQ
4610,q1778KPeI04,V6XVOjhLEwA
4611,q1778KPeI04,QS8euMeXUNm
4612,q1778KPeI04,r51DzYZiHDg
4613,q1778KPeI04,TdFTHypaqWp
4614,Qhh1yL0Rms9,HllvX50cXC0
4615,JDj52ZDkYOS,NhaCkK1zH9U
4616,JDj52ZDkYOS,Vw05E7W9pGH
4617,JDj52ZDkYOS,ZmDRpouk1Pf
4618,JDj52ZDkYOS,DzD38k4YAqv
4619,JDj52ZDkYOS,JCTWaWIToIm
4620,JDj52ZDkYOS,cUhvdMpVZEL
4621,JDj52ZDkYOS,swuPAWtLMIx
4622,JDj52ZDkYOS,spQ43sM4seo
4623,JDj52ZDkYOS,Ucc8ax90Wss
4624,JDj52ZDkYOS,hIIg7SjaPlu
4625,JDj52ZDkYOS,mAVXU4qekYI
4626,JDj52ZDkYOS,Hs7ahtn8D2h
4627,JDj52ZDkYOS,lt2RiSc1F5h
4628,JDj52ZDkYOS,hQYaFWtsiEQ
4629,JDj52ZDkYOS,V6XVOjhLEwA
4630,JDj52ZDkYOS,QS8euMeXUNm
4631,JDj52ZDkYOS,r51DzYZiHDg
4632,JDj52ZDkYOS,TdFTHypaqWp
4633,oiqo2iI1Y2B,NuGCerWN58O
4634,oiqo2iI1Y2B,rDIYMMteqBO
4635,oiqo2iI1Y2B,Os9njqZEjOb
4636,oiqo2iI1Y2B,EwFHO5G420a
4637,oiqo2iI1Y2B,suw2uRYvps1
4638,oiqo2iI1Y2B,PXZxiZcVelu
4639,oiqo2iI1Y2B,qMHtANd83kh
4640,oiqo2iI1Y2B,nuMYxrh0R2i
4641,oiqo2iI1Y2B,kBpgzphXpAR
4642,oiqo2iI1Y2B,tDRDjpo0YoL
4643,oiqo2iI1Y2B,aQ1xl7PpEBR
4644,oiqo2iI1Y2B,hQErX90w0QX
4645,oiqo2iI1Y2B,uTEkUkUPGlT
4646,oiqo2iI1Y2B,kAIFR5chGAF
4647,oiqo2iI1Y2B,Q6BZZU5OqUz
4648,oiqo2iI1Y2B,kE2hYoEOdKZ
4649,oiqo2iI1Y2B,YvuAd9YbUW1
4650,oiqo2iI1Y2B,hzxRKJVw1qz
4651,oiqo2iI1Y2B,TNRCya9Zcnm
4652,oiqo2iI1Y2B,IINRfWBo1HP
4653,oiqo2iI1Y2B,zHIgRxojTnV
4654,oiqo2iI1Y2B,wwyAx7XFJxl
4655,oiqo2iI1Y2B,KQym92Lq7PP
4656,oiqo2iI1Y2B,f0IY8VORiY9
4657,oiqo2iI1Y2B,k8HpYK6X99O
4658,oiqo2iI1Y2B,iCBAGYxk6nz
4659,oiqo2iI1Y2B,OLHl1lm5IdE
4660,oiqo2iI1Y2B,pr06vcGskap
4661,oiqo2iI1Y2B,jko8CGYBgS6
4662,oiqo2iI1Y2B,Pdi7bTTavv2
4663,oiqo2iI1Y2B,Xnvym8RgOAa
4664,oiqo2iI1Y2B,XTCaoKHZWd5
4665,oiqo2iI1Y2B,SkEFXSIXCat
4666,oiqo2iI1Y2B,zFShLriNlnd
4667,oiqo2iI1Y2B,lxdu4lHq3lu
4668,oiqo2iI1Y2B,rSr0r0CxwDE
4669,oiqo2iI1Y2B,bsvfgDGBWVf
4670,oiqo2iI1Y2B,z9wYYxDZM9V
4671,YO2bn9akmtj,NuGCerWN58O
4672,YO2bn9akmtj,rDIYMMteqBO
4673,YO2bn9akmtj,Os9njqZEjOb
4674,YO2bn9akmtj,EwFHO5G420a
4675,YO2bn9akmtj,suw2uRYvps1
4676,YO2bn9akmtj,PXZxiZcVelu
4677,YO2bn9akmtj,qMHtANd83kh
4678,YO2bn9akmtj,nuMYxrh0R2i
4679,YO2bn9akmtj,kBpgzphXpAR
4680,YO2bn9akmtj,tDRDjpo0YoL
4681,YO2bn9akmtj,aQ1xl7PpEBR
4682,YO2bn9akmtj,hQErX90w0QX
4683,YO2bn9akmtj,uTEkUkUPGlT
4684,YO2bn9akmtj,kAIFR5chGAF
4685,YO2bn9akmtj,Q6BZZU5OqUz
4686,YO2bn9akmtj,kE2hYoEOdKZ
4687,YO2bn9akmtj,YvuAd9YbUW1
4688,YO2bn9akmtj,hzxRKJVw1qz
4689,YO2bn9akmtj,TNRCya9Zcnm
4690,YO2bn9akmtj,IINRfWBo1HP
4691,YO2bn9akmtj,zHIgRxojTnV
4692,YO2bn9akmtj,wwyAx7XFJxl
4693,YO2bn9akmtj,KQym92Lq7PP
4694,YO2bn9akmtj,f0IY8VORiY9
4695,YO2bn9akmtj,k8HpYK6X99O
4696,YO2bn9akmtj,iCBAGYxk6nz
4697,YO2bn9akmtj,OLHl1lm5IdE
4698,YO2bn9akmtj,pr06vcGskap
4699,YO2bn9akmtj,jko8CGYBgS6
4700,YO2bn9akmtj,Pdi7bTTavv2
4701,YO2bn9akmtj,Xnvym8RgOAa
4702,YO2bn9akmtj,XTCaoKHZWd5
4703,YO2bn9akmtj,SkEFXSIXCat
4704,YO2bn9akmtj,zFShLriNlnd
4705,YO2bn9akmtj,lxdu4lHq3lu
4706,YO2bn9akmtj,rSr0r0CxwDE
4707,YO2bn9akmtj,bsvfgDGBWVf
4708,YO2bn9akmtj,z9wYYxDZM9V
4709,IxYvAyDOluI,zYDFMYwl3j9
4710,IxYvAyDOluI,cxONGtEdXac
4711,JGmRJAukcnB,zYDFMYwl3j9
4712,JGmRJAukcnB,cxONGtEdXac
4713,xkcVpx3wAl5,NuGCerWN58O
4714,xkcVpx3wAl5,rDIYMMteqBO
4715,xkcVpx3wAl5,Os9njqZEjOb
4716,xkcVpx3wAl5,EwFHO5G420a
4717,xkcVpx3wAl5,suw2uRYvps1
4718,xkcVpx3wAl5,PXZxiZcVelu
4719,xkcVpx3wAl5,qMHtANd83kh
4720,xkcVpx3wAl5,nuMYxrh0R2i
4721,xkcVpx3wAl5,kBpgzphXpAR
4722,xkcVpx3wAl5,tDRDjpo0YoL
4723,xkcVpx3wAl5,aQ1xl7PpEBR
4724,xkcVpx3wAl5,hQErX90w0QX
4725,xkcVpx3wAl5,uTEkUkUPGlT
4726,xkcVpx3wAl5,kAIFR5chGAF
4727,xkcVpx3wAl5,Q6BZZU5OqUz
4728,xkcVpx3wAl5,kE2hYoEOdKZ
4729,xkcVpx3wAl5,YvuAd9YbUW1
4730,xkcVpx3wAl5,hzxRKJVw1qz
4731,xkcVpx3wAl5,TNRCya9Zcnm
4732,xkcVpx3wAl5,IINRfWBo1HP
4733,xkcVpx3wAl5,zHIgRxojTnV
4734,xkcVpx3wAl5,wwyAx7XFJxl
4735,xkcVpx3wAl5,KQym92Lq7PP
4736,xkcVpx3wAl5,f0IY8VORiY9
4737,xkcVpx3wAl5,k8HpYK6X99O
4738,xkcVpx3wAl5,iCBAGYxk6nz
4739,xkcVpx3wAl5,OLHl1lm5IdE
4740,xkcVpx3wAl5,pr06vcGskap
4741,xkcVpx3wAl5,jko8CGYBgS6
4742,xkcVpx3wAl5,Pdi7bTTavv2
4743,xkcVpx3wAl5,Xnvym8RgOAa
4744,xkcVpx3wAl5,XTCaoKHZWd5
4745,xkcVpx3wAl5,SkEFXSIXCat
4746,xkcVpx3wAl5,zFShLriNlnd
4747,xkcVpx3wAl5,lxdu4lHq3lu
4748,xkcVpx3wAl5,rSr0r0CxwDE
4749,xkcVpx3wAl5,bsvfgDGBWVf
4750,xkcVpx3wAl5,z9wYYxDZM9V
4751,gvor2Qlw4qV,NuGCerWN58O
4752,gvor2Qlw4qV,rDIYMMteqBO
4753,gvor2Qlw4qV,Os9njqZEjOb
4754,gvor2Qlw4qV,EwFHO5G420a
4755,gvor2Qlw4qV,suw2uRYvps1
4756,gvor2Qlw4qV,PXZxiZcVelu
4757,gvor2Qlw4qV,qMHtANd83kh
4758,gvor2Qlw4qV,nuMYxrh0R2i
4759,gvor2Qlw4qV,kBpgzphXpAR
4760,gvor2Qlw4qV,tDRDjpo0YoL
4761,gvor2Qlw4qV,aQ1xl7PpEBR
4762,gvor2Qlw4qV,hQErX90w0QX
4763,gvor2Qlw4qV,uTEkUkUPGlT
4764,gvor2Qlw4qV,kAIFR5chGAF
4765,gvor2Qlw4qV,Q6BZZU5OqUz
4766,gvor2Qlw4qV,kE2hYoEOdKZ
4767,gvor2Qlw4qV,YvuAd9YbUW1
4768,gvor2Qlw4qV,hzxRKJVw1qz
4769,gvor2Qlw4qV,TNRCya9Zcnm
4770,gvor2Qlw4qV,IINRfWBo1HP
4771,gvor2Qlw4qV,zHIgRxojTnV
4772,gvor2Qlw4qV,wwyAx7XFJxl
4773,gvor2Qlw4qV,KQym92Lq7PP
4774,gvor2Qlw4qV,f0IY8VORiY9
4775,gvor2Qlw4qV,k8HpYK6X99O
4776,gvor2Qlw4qV,iCBAGYxk6nz
4777,gvor2Qlw4qV,OLHl1lm5IdE
4778,gvor2Qlw4qV,pr06vcGskap
4779,gvor2Qlw4qV,jko8CGYBgS6
4780,gvor2Qlw4qV,Pdi7bTTavv2
4781,gvor2Qlw4qV,Xnvym8RgOAa
4782,gvor2Qlw4qV,XTCaoKHZWd5
4783,gvor2Qlw4qV,SkEFXSIXCat
4784,gvor2Qlw4qV,zFShLriNlnd
4785,gvor2Qlw4qV,lxdu4lHq3lu
4786,gvor2Qlw4qV,rSr0r0CxwDE
4787,gvor2Qlw4qV,bsvfgDGBWVf
4788,gvor2Qlw4qV,z9wYYxDZM9V
4789,vIcnu9cnTQX,NhaCkK1zH9U
4790,vIcnu9cnTQX,Vw05E7W9pGH
4791,vIcnu9cnTQX,ZmDRpouk1Pf
4792,vIcnu9cnTQX,DzD38k4YAqv
4793,vIcnu9cnTQX,JCTWaWIToIm
4794,vIcnu9cnTQX,cUhvdMpVZEL
4795,vIcnu9cnTQX,swuPAWtLMIx
4796,vIcnu9cnTQX,spQ43sM4seo
4797,vIcnu9cnTQX,Ucc8ax90Wss
4798,vIcnu9cnTQX,hIIg7SjaPlu
4799,vIcnu9cnTQX,mAVXU4qekYI
4800,vIcnu9cnTQX,Hs7ahtn8D2h
4801,vIcnu9cnTQX,lt2RiSc1F5h
4802,vIcnu9cnTQX,hQYaFWtsiEQ
4803,vIcnu9cnTQX,V6XVOjhLEwA
4804,vIcnu9cnTQX,QS8euMeXUNm
4805,vIcnu9cnTQX,r51DzYZiHDg
4806,vIcnu9cnTQX,TdFTHypaqWp
4807,ueIoXNSnsMD,NuGCerWN58O
4808,ueIoXNSnsMD,rDIYMMteqBO
4809,ueIoXNSnsMD,Os9njqZEjOb
4810,ueIoXNSnsMD,EwFHO5G420a
4811,ueIoXNSnsMD,suw2uRYvps1
4812,ueIoXNSnsMD,PXZxiZcVelu
4813,ueIoXNSnsMD,qMHtANd83kh
4814,ueIoXNSnsMD,nuMYxrh0R2i
4815,ueIoXNSnsMD,kBpgzphXpAR
4816,ueIoXNSnsMD,tDRDjpo0YoL
4817,ueIoXNSnsMD,aQ1xl7PpEBR
4818,ueIoXNSnsMD,hQErX90w0QX
4819,ueIoXNSnsMD,uTEkUkUPGlT
4820,ueIoXNSnsMD,kAIFR5chGAF
4821,ueIoXNSnsMD,Q6BZZU5OqUz
4822,ueIoXNSnsMD,kE2hYoEOdKZ
4823,ueIoXNSnsMD,YvuAd9YbUW1
4824,ueIoXNSnsMD,hzxRKJVw1qz
4825,ueIoXNSnsMD,TNRCya9Zcnm
4826,ueIoXNSnsMD,IINRfWBo1HP
4827,ueIoXNSnsMD,zHIgRxojTnV
4828,ueIoXNSnsMD,wwyAx7XFJxl
4829,ueIoXNSnsMD,KQym92Lq7PP
4830,ueIoXNSnsMD,f0IY8VORiY9
4831,ueIoXNSnsMD,k8HpYK6X99O
4832,ueIoXNSnsMD,iCBAGYxk6nz
4833,ueIoXNSnsMD,OLHl1lm5IdE
4834,ueIoXNSnsMD,pr06vcGskap
4835,ueIoXNSnsMD,jko8CGYBgS6
4836,ueIoXNSnsMD,Pdi7bTTavv2
4837,ueIoXNSnsMD,Xnvym8RgOAa
4838,ueIoXNSnsMD,XTCaoKHZWd5
4839,ueIoXNSnsMD,SkEFXSIXCat
4840,ueIoXNSnsMD,zFShLriNlnd
4841,ueIoXNSnsMD,lxdu4lHq3lu
4842,ueIoXNSnsMD,rSr0r0CxwDE
4843,ueIoXNSnsMD,bsvfgDGBWVf
4844,ueIoXNSnsMD,z9wYYxDZM9V
4845,Vls8lkSWWdm,NuGCerWN58O
4846,Vls8lkSWWdm,rDIYMMteqBO
4847,Vls8lkSWWdm,Os9njqZEjOb
4848,Vls8lkSWWdm,EwFHO5G420a
4849,Vls8lkSWWdm,suw2uRYvps1
4850,Vls8lkSWWdm,PXZxiZcVelu
4851,Vls8lkSWWdm,qMHtANd83kh
4852,Vls8lkSWWdm,nuMYxrh0R2i
4853,Vls8lkSWWdm,kBpgzphXpAR
4854,Vls8lkSWWdm,tDRDjpo0YoL
4855,Vls8lkSWWdm,aQ1xl7PpEBR
4856,Vls8lkSWWdm,hQErX90w0QX
4857,Vls8lkSWWdm,uTEkUkUPGlT
4858,Vls8lkSWWdm,kAIFR5chGAF
4859,Vls8lkSWWdm,Q6BZZU5OqUz
4860,Vls8lkSWWdm,kE2hYoEOdKZ
4861,Vls8lkSWWdm,YvuAd9YbUW1
4862,Vls8lkSWWdm,hzxRKJVw1qz
4863,Vls8lkSWWdm,TNRCya9Zcnm
4864,Vls8lkSWWdm,IINRfWBo1HP
4865,Vls8lkSWWdm,zHIgRxojTnV
4866,Vls8lkSWWdm,wwyAx7XFJxl
4867,Vls8lkSWWdm,KQym92Lq7PP
4868,Vls8lkSWWdm,f0IY8VORiY9
4869,Vls8lkSWWdm,k8HpYK6X99O
4870,Vls8lkSWWdm,iCBAGYxk6nz
4871,Vls8lkSWWdm,OLHl1lm5IdE
4872,Vls8lkSWWdm,pr06vcGskap
4873,Vls8lkSWWdm,jko8CGYBgS6
4874,Vls8lkSWWdm,Pdi7bTTavv2
4875,Vls8lkSWWdm,Xnvym8RgOAa
4876,Vls8lkSWWdm,XTCaoKHZWd5
4877,Vls8lkSWWdm,SkEFXSIXCat
4878,Vls8lkSWWdm,zFShLriNlnd
4879,Vls8lkSWWdm,lxdu4lHq3lu
4880,Vls8lkSWWdm,rSr0r0CxwDE
4881,Vls8lkSWWdm,bsvfgDGBWVf
4882,Vls8lkSWWdm,z9wYYxDZM9V
4883,vVKO5cEkDhe,NuGCerWN58O
4884,vVKO5cEkDhe,rDIYMMteqBO
4885,vVKO5cEkDhe,Os9njqZEjOb
4886,vVKO5cEkDhe,EwFHO5G420a
4887,vVKO5cEkDhe,suw2uRYvps1
4888,vVKO5cEkDhe,PXZxiZcVelu
4889,vVKO5cEkDhe,qMHtANd83kh
4890,vVKO5cEkDhe,nuMYxrh0R2i
4891,vVKO5cEkDhe,kBpgzphXpAR
4892,vVKO5cEkDhe,tDRDjpo0YoL
4893,vVKO5cEkDhe,aQ1xl7PpEBR
4894,vVKO5cEkDhe,hQErX90w0QX
4895,vVKO5cEkDhe,uTEkUkUPGlT
4896,vVKO5cEkDhe,kAIFR5chGAF
4897,vVKO5cEkDhe,Q6BZZU5OqUz
4898,vVKO5cEkDhe,kE2hYoEOdKZ
4899,vVKO5cEkDhe,YvuAd9YbUW1
4900,vVKO5cEkDhe,hzxRKJVw1qz
4901,vVKO5cEkDhe,TNRCya9Zcnm
4902,vVKO5cEkDhe,IINRfWBo1HP
4903,vVKO5cEkDhe,zHIgRxojTnV
4904,vVKO5cEkDhe,wwyAx7XFJxl
4905,vVKO5cEkDhe,KQym92Lq7PP
4906,vVKO5cEkDhe,f0IY8VORiY9
4907,vVKO5cEkDhe,k8HpYK6X99O
4908,vVKO5cEkDhe,iCBAGYxk6nz
4909,vVKO5cEkDhe,OLHl1lm5IdE
4910,vVKO5cEkDhe,pr06vcGskap
4911,vVKO5cEkDhe,jko8CGYBgS6
4912,vVKO5cEkDhe,Pdi7bTTavv2
4913,vVKO5cEkDhe,Xnvym8RgOAa
4914,vVKO5cEkDhe,XTCaoKHZWd5
4915,vVKO5cEkDhe,SkEFXSIXCat
4916,vVKO5cEkDhe,zFShLriNlnd
4917,vVKO5cEkDhe,lxdu4lHq3lu
4918,vVKO5cEkDhe,rSr0r0CxwDE
4919,vVKO5cEkDhe,bsvfgDGBWVf
4920,vVKO5cEkDhe,z9wYYxDZM9V
4921,IX4MLm1sNag,s1Q38Ll9WxL
4922,IX4MLm1sNag,lPmhlMRtquO
4923,IX4MLm1sNag,m2TeadmNFyj
4924,IX4MLm1sNag,rj9IJdHjZpH
4925,IX4MLm1sNag,wPY4HF1hPKn
4926,IX4MLm1sNag,ENA3tZYMEs4
4927,IX4MLm1sNag,P5Ha0aIoR1p
4928,IX4MLm1sNag,LhZGxQ7MTRf
4929,IX4MLm1sNag,GubYOBYVxvo
4930,IX4MLm1sNag,El1WCLEfU1W
4931,IX4MLm1sNag,l5ZbmIi2S9X
4932,IX4MLm1sNag,JKMVQm6XWfV
4933,IX4MLm1sNag,g4FCIGEaLfK
4934,IX4MLm1sNag,bgWP5Glwczt
4935,IX4MLm1sNag,Ivg7ljkyFSq
4936,IX4MLm1sNag,RoQbHNMbM6I
4937,IX4MLm1sNag,PW5uGcI6QnG
4938,IX4MLm1sNag,We5lD17Va8z
4939,IX4MLm1sNag,iiHv5OA8ziN
4940,IX4MLm1sNag,HvqasxV9uCg
4941,IX4MLm1sNag,D4mjK10Olph
4942,IX4MLm1sNag,H13wis50FWc
4943,IX4MLm1sNag,iNxlIiFFANo
4944,IX4MLm1sNag,ZNUi3R8HPJS
4945,IX4MLm1sNag,yzExuznqOHX
4946,B404cBe6vUa,NuGCerWN58O
4947,B404cBe6vUa,rDIYMMteqBO
4948,B404cBe6vUa,Os9njqZEjOb
4949,B404cBe6vUa,EwFHO5G420a
4950,B404cBe6vUa,suw2uRYvps1
4951,B404cBe6vUa,PXZxiZcVelu
4952,B404cBe6vUa,qMHtANd83kh
4953,B404cBe6vUa,nuMYxrh0R2i
4954,B404cBe6vUa,kBpgzphXpAR
4955,B404cBe6vUa,tDRDjpo0YoL
4956,B404cBe6vUa,aQ1xl7PpEBR
4957,B404cBe6vUa,hQErX90w0QX
4958,B404cBe6vUa,uTEkUkUPGlT
4959,B404cBe6vUa,kAIFR5chGAF
4960,B404cBe6vUa,Q6BZZU5OqUz
4961,B404cBe6vUa,kE2hYoEOdKZ
4962,B404cBe6vUa,YvuAd9YbUW1
4963,B404cBe6vUa,hzxRKJVw1qz
4964,B404cBe6vUa,TNRCya9Zcnm
4965,B404cBe6vUa,IINRfWBo1HP
4966,B404cBe6vUa,zHIgRxojTnV
4967,B404cBe6vUa,wwyAx7XFJxl
4968,B404cBe6vUa,KQym92Lq7PP
4969,B404cBe6vUa,f0IY8VORiY9
4970,B404cBe6vUa,k8HpYK6X99O
4971,B404cBe6vUa,iCBAGYxk6nz
4972,B404cBe6vUa,OLHl1lm5IdE
4973,B404cBe6vUa,pr06vcGskap
4974,B404cBe6vUa,jko8CGYBgS6
4975,B404cBe6vUa,Pdi7bTTavv2
4976,B404cBe6vUa,Xnvym8RgOAa
4977,B404cBe6vUa,XTCaoKHZWd5
4978,B404cBe6vUa,SkEFXSIXCat
4979,B404cBe6vUa,zFShLriNlnd
4980,B404cBe6vUa,lxdu4lHq3lu
4981,B404cBe6vUa,rSr0r0CxwDE
4982,B404cBe6vUa,bsvfgDGBWVf
4983,B404cBe6vUa,z9wYYxDZM9V
4984,XRhlkNZgSnL,NuGCerWN58O
4985,XRhlkNZgSnL,rDIYMMteqBO
4986,XRhlkNZgSnL,Os9njqZEjOb
4987,XRhlkNZgSnL,EwFHO5G420a
4988,XRhlkNZgSnL,suw2uRYvps1
4989,XRhlkNZgSnL,PXZxiZcVelu
4990,XRhlkNZgSnL,qMHtANd83kh
4991,XRhlkNZgSnL,nuMYxrh0R2i
4992,XRhlkNZgSnL,kBpgzphXpAR
4993,XRhlkNZgSnL,tDRDjpo0YoL
4994,XRhlkNZgSnL,aQ1xl7PpEBR
4995,XRhlkNZgSnL,hQErX90w0QX
4996,XRhlkNZgSnL,uTEkUkUPGlT
4997,XRhlkNZgSnL,kAIFR5chGAF
4998,XRhlkNZgSnL,Q6BZZU5OqUz
4999,XRhlkNZgSnL,kE2hYoEOdKZ
5000,XRhlkNZgSnL,YvuAd9YbUW1
5001,XRhlkNZgSnL,hzxRKJVw1qz
5002,XRhlkNZgSnL,TNRCya9Zcnm
5003,XRhlkNZgSnL,IINRfWBo1HP
5004,XRhlkNZgSnL,zHIgRxojTnV
5005,XRhlkNZgSnL,wwyAx7XFJxl
5006,XRhlkNZgSnL,KQym92Lq7PP
5007,XRhlkNZgSnL,f0IY8VORiY9
5008,XRhlkNZgSnL,k8HpYK6X99O
5009,XRhlkNZgSnL,iCBAGYxk6nz
5010,XRhlkNZgSnL,OLHl1lm5IdE
5011,XRhlkNZgSnL,pr06vcGskap
5012,XRhlkNZgSnL,jko8CGYBgS6
5013,XRhlkNZgSnL,Pdi7bTTavv2
5014,XRhlkNZgSnL,Xnvym8RgOAa
5015,XRhlkNZgSnL,XTCaoKHZWd5
5016,XRhlkNZgSnL,SkEFXSIXCat
5017,XRhlkNZgSnL,zFShLriNlnd
5018,XRhlkNZgSnL,lxdu4lHq3lu
5019,XRhlkNZgSnL,rSr0r0CxwDE
5020,XRhlkNZgSnL,bsvfgDGBWVf
5021,XRhlkNZgSnL,z9wYYxDZM9V
5022,A5KIhcIuEpe,zYDFMYwl3j9
5023,A5KIhcIuEpe,cxONGtEdXac
5024,OXhfRlSKAKN,NuGCerWN58O
5025,OXhfRlSKAKN,rDIYMMteqBO
5026,OXhfRlSKAKN,Os9njqZEjOb
5027,OXhfRlSKAKN,EwFHO5G420a
5028,OXhfRlSKAKN,suw2uRYvps1
5029,OXhfRlSKAKN,PXZxiZcVelu
5030,OXhfRlSKAKN,qMHtANd83kh
5031,OXhfRlSKAKN,nuMYxrh0R2i
5032,OXhfRlSKAKN,kBpgzphXpAR
5033,OXhfRlSKAKN,tDRDjpo0YoL
5034,OXhfRlSKAKN,aQ1xl7PpEBR
5035,OXhfRlSKAKN,hQErX90w0QX
5036,OXhfRlSKAKN,uTEkUkUPGlT
5037,OXhfRlSKAKN,kAIFR5chGAF
5038,OXhfRlSKAKN,Q6BZZU5OqUz
5039,OXhfRlSKAKN,kE2hYoEOdKZ
5040,OXhfRlSKAKN,YvuAd9YbUW1
5041,OXhfRlSKAKN,hzxRKJVw1qz
5042,OXhfRlSKAKN,TNRCya9Zcnm
5043,OXhfRlSKAKN,IINRfWBo1HP
5044,OXhfRlSKAKN,zHIgRxojTnV
5045,OXhfRlSKAKN,wwyAx7XFJxl
5046,OXhfRlSKAKN,KQym92Lq7PP
5047,OXhfRlSKAKN,f0IY8VORiY9
5048,OXhfRlSKAKN,k8HpYK6X99O
5049,OXhfRlSKAKN,iCBAGYxk6nz
5050,OXhfRlSKAKN,OLHl1lm5IdE
5051,OXhfRlSKAKN,pr06vcGskap
5052,OXhfRlSKAKN,jko8CGYBgS6
5053,OXhfRlSKAKN,Pdi7bTTavv2
5054,OXhfRlSKAKN,Xnvym8RgOAa
5055,OXhfRlSKAKN,XTCaoKHZWd5
5056,OXhfRlSKAKN,SkEFXSIXCat
5057,OXhfRlSKAKN,zFShLriNlnd
5058,OXhfRlSKAKN,lxdu4lHq3lu
5059,OXhfRlSKAKN,rSr0r0CxwDE
5060,OXhfRlSKAKN,bsvfgDGBWVf
5061,OXhfRlSKAKN,z9wYYxDZM9V
5062,VKcgmbdiqig,NuGCerWN58O
5063,VKcgmbdiqig,rDIYMMteqBO
5064,VKcgmbdiqig,Os9njqZEjOb
5065,VKcgmbdiqig,EwFHO5G420a
5066,VKcgmbdiqig,suw2uRYvps1
5067,VKcgmbdiqig,PXZxiZcVelu
5068,VKcgmbdiqig,qMHtANd83kh
5069,VKcgmbdiqig,nuMYxrh0R2i
5070,VKcgmbdiqig,kBpgzphXpAR
5071,VKcgmbdiqig,tDRDjpo0YoL
5072,VKcgmbdiqig,aQ1xl7PpEBR
5073,VKcgmbdiqig,hQErX90w0QX
5074,VKcgmbdiqig,uTEkUkUPGlT
5075,VKcgmbdiqig,kAIFR5chGAF
5076,VKcgmbdiqig,Q6BZZU5OqUz
5077,VKcgmbdiqig,kE2hYoEOdKZ
5078,VKcgmbdiqig,YvuAd9YbUW1
5079,VKcgmbdiqig,hzxRKJVw1qz
5080,VKcgmbdiqig,TNRCya9Zcnm
5081,VKcgmbdiqig,IINRfWBo1HP
5082,VKcgmbdiqig,zHIgRxojTnV
5083,VKcgmbdiqig,wwyAx7XFJxl
5084,VKcgmbdiqig,KQym92Lq7PP
5085,VKcgmbdiqig,f0IY8VORiY9
5086,VKcgmbdiqig,k8HpYK6X99O
5087,VKcgmbdiqig,iCBAGYxk6nz
5088,VKcgmbdiqig,OLHl1lm5IdE
5089,VKcgmbdiqig,pr06vcGskap
5090,VKcgmbdiqig,jko8CGYBgS6
5091,VKcgmbdiqig,Pdi7bTTavv2
5092,VKcgmbdiqig,Xnvym8RgOAa
5093,VKcgmbdiqig,XTCaoKHZWd5
5094,VKcgmbdiqig,SkEFXSIXCat
5095,VKcgmbdiqig,zFShLriNlnd
5096,VKcgmbdiqig,lxdu4lHq3lu
5097,VKcgmbdiqig,rSr0r0CxwDE
5098,VKcgmbdiqig,bsvfgDGBWVf
5099,VKcgmbdiqig,z9wYYxDZM9V
5100,EJEPYpIMPJ1,NuGCerWN58O
5101,EJEPYpIMPJ1,rDIYMMteqBO
5102,EJEPYpIMPJ1,Os9njqZEjOb
5103,EJEPYpIMPJ1,EwFHO5G420a
5104,EJEPYpIMPJ1,suw2uRYvps1
5105,EJEPYpIMPJ1,PXZxiZcVelu
5106,EJEPYpIMPJ1,qMHtANd83kh
5107,EJEPYpIMPJ1,nuMYxrh0R2i
5108,EJEPYpIMPJ1,kBpgzphXpAR
5109,EJEPYpIMPJ1,tDRDjpo0YoL
5110,EJEPYpIMPJ1,aQ1xl7PpEBR
5111,EJEPYpIMPJ1,hQErX90w0QX
5112,EJEPYpIMPJ1,uTEkUkUPGlT
5113,EJEPYpIMPJ1,kAIFR5chGAF
5114,EJEPYpIMPJ1,Q6BZZU5OqUz
5115,EJEPYpIMPJ1,kE2hYoEOdKZ
5116,EJEPYpIMPJ1,YvuAd9YbUW1
5117,EJEPYpIMPJ1,hzxRKJVw1qz
5118,EJEPYpIMPJ1,TNRCya9Zcnm
5119,EJEPYpIMPJ1,IINRfWBo1HP
5120,EJEPYpIMPJ1,zHIgRxojTnV
5121,EJEPYpIMPJ1,wwyAx7XFJxl
5122,EJEPYpIMPJ1,KQym92Lq7PP
5123,EJEPYpIMPJ1,f0IY8VORiY9
5124,EJEPYpIMPJ1,k8HpYK6X99O
5125,EJEPYpIMPJ1,iCBAGYxk6nz
5126,EJEPYpIMPJ1,OLHl1lm5IdE
5127,EJEPYpIMPJ1,pr06vcGskap
5128,EJEPYpIMPJ1,jko8CGYBgS6
5129,EJEPYpIMPJ1,Pdi7bTTavv2
5130,EJEPYpIMPJ1,Xnvym8RgOAa
5131,EJEPYpIMPJ1,XTCaoKHZWd5
5132,EJEPYpIMPJ1,SkEFXSIXCat
5133,EJEPYpIMPJ1,zFShLriNlnd
5134,EJEPYpIMPJ1,lxdu4lHq3lu
5135,EJEPYpIMPJ1,rSr0r0CxwDE
5136,EJEPYpIMPJ1,bsvfgDGBWVf
5137,EJEPYpIMPJ1,z9wYYxDZM9V
5138,jbEx7AMlcaL,NuGCerWN58O
5139,jbEx7AMlcaL,rDIYMMteqBO
5140,jbEx7AMlcaL,Os9njqZEjOb
5141,jbEx7AMlcaL,EwFHO5G420a
5142,jbEx7AMlcaL,suw2uRYvps1
5143,jbEx7AMlcaL,PXZxiZcVelu
5144,jbEx7AMlcaL,qMHtANd83kh
5145,jbEx7AMlcaL,nuMYxrh0R2i
5146,jbEx7AMlcaL,kBpgzphXpAR
5147,jbEx7AMlcaL,tDRDjpo0YoL
5148,jbEx7AMlcaL,aQ1xl7PpEBR
5149,jbEx7AMlcaL,hQErX90w0QX
5150,jbEx7AMlcaL,uTEkUkUPGlT
5151,jbEx7AMlcaL,kAIFR5chGAF
5152,jbEx7AMlcaL,Q6BZZU5OqUz
5153,jbEx7AMlcaL,kE2hYoEOdKZ
5154,jbEx7AMlcaL,YvuAd9YbUW1
5155,jbEx7AMlcaL,hzxRKJVw1qz
5156,jbEx7AMlcaL,TNRCya9Zcnm
5157,jbEx7AMlcaL,IINRfWBo1HP
5158,jbEx7AMlcaL,zHIgRxojTnV
5159,jbEx7AMlcaL,wwyAx7XFJxl
5160,jbEx7AMlcaL,KQym92Lq7PP
5161,jbEx7AMlcaL,f0IY8VORiY9
5162,jbEx7AMlcaL,k8HpYK6X99O
5163,jbEx7AMlcaL,iCBAGYxk6nz
5164,jbEx7AMlcaL,OLHl1lm5IdE
5165,jbEx7AMlcaL,pr06vcGskap
5166,jbEx7AMlcaL,jko8CGYBgS6
5167,jbEx7AMlcaL,Pdi7bTTavv2
5168,jbEx7AMlcaL,Xnvym8RgOAa
5169,jbEx7AMlcaL,XTCaoKHZWd5
5170,jbEx7AMlcaL,SkEFXSIXCat
5171,jbEx7AMlcaL,zFShLriNlnd
5172,jbEx7AMlcaL,lxdu4lHq3lu
5173,jbEx7AMlcaL,rSr0r0CxwDE
5174,jbEx7AMlcaL,bsvfgDGBWVf
5175,jbEx7AMlcaL,z9wYYxDZM9V
5176,d47TRuULOxq,NuGCerWN58O
5177,d47TRuULOxq,rDIYMMteqBO
5178,d47TRuULOxq,Os9njqZEjOb
5179,d47TRuULOxq,EwFHO5G420a
5180,d47TRuULOxq,suw2uRYvps1
5181,d47TRuULOxq,PXZxiZcVelu
5182,d47TRuULOxq,qMHtANd83kh
5183,d47TRuULOxq,nuMYxrh0R2i
5184,d47TRuULOxq,kBpgzphXpAR
5185,d47TRuULOxq,tDRDjpo0YoL
5186,d47TRuULOxq,aQ1xl7PpEBR
5187,d47TRuULOxq,hQErX90w0QX
5188,d47TRuULOxq,uTEkUkUPGlT
5189,d47TRuULOxq,kAIFR5chGAF
5190,d47TRuULOxq,Q6BZZU5OqUz
5191,d47TRuULOxq,kE2hYoEOdKZ
5192,d47TRuULOxq,YvuAd9YbUW1
5193,d47TRuULOxq,hzxRKJVw1qz
5194,d47TRuULOxq,TNRCya9Zcnm
5195,d47TRuULOxq,IINRfWBo1HP
5196,d47TRuULOxq,zHIgRxojTnV
5197,d47TRuULOxq,wwyAx7XFJxl
5198,d47TRuULOxq,KQym92Lq7PP
5199,d47TRuULOxq,f0IY8VORiY9
5200,d47TRuULOxq,k8HpYK6X99O
5201,d47TRuULOxq,iCBAGYxk6nz
5202,d47TRuULOxq,OLHl1lm5IdE
5203,d47TRuULOxq,pr06vcGskap
5204,d47TRuULOxq,jko8CGYBgS6
5205,d47TRuULOxq,Pdi7bTTavv2
5206,d47TRuULOxq,Xnvym8RgOAa
5207,d47TRuULOxq,XTCaoKHZWd5
5208,d47TRuULOxq,SkEFXSIXCat
5209,d47TRuULOxq,zFShLriNlnd
5210,d47TRuULOxq,lxdu4lHq3lu
5211,d47TRuULOxq,rSr0r0CxwDE
5212,d47TRuULOxq,bsvfgDGBWVf
5213,d47TRuULOxq,z9wYYxDZM9V
5214,ayyaR38gTg2,NuGCerWN58O
5215,ayyaR38gTg2,rDIYMMteqBO
5216,ayyaR38gTg2,Os9njqZEjOb
5217,ayyaR38gTg2,EwFHO5G420a
5218,ayyaR38gTg2,suw2uRYvps1
5219,ayyaR38gTg2,PXZxiZcVelu
5220,ayyaR38gTg2,qMHtANd83kh
5221,ayyaR38gTg2,nuMYxrh0R2i
5222,ayyaR38gTg2,kBpgzphXpAR
5223,ayyaR38gTg2,tDRDjpo0YoL
5224,ayyaR38gTg2,aQ1xl7PpEBR
5225,ayyaR38gTg2,hQErX90w0QX
5226,ayyaR38gTg2,uTEkUkUPGlT
5227,ayyaR38gTg2,kAIFR5chGAF
5228,ayyaR38gTg2,Q6BZZU5OqUz
5229,ayyaR38gTg2,kE2hYoEOdKZ
5230,ayyaR38gTg2,YvuAd9YbUW1
5231,ayyaR38gTg2,hzxRKJVw1qz
5232,ayyaR38gTg2,TNRCya9Zcnm
5233,ayyaR38gTg2,IINRfWBo1HP
5234,ayyaR38gTg2,zHIgRxojTnV
5235,ayyaR38gTg2,wwyAx7XFJxl
5236,ayyaR38gTg2,KQym92Lq7PP
5237,ayyaR38gTg2,f0IY8VORiY9
5238,ayyaR38gTg2,k8HpYK6X99O
5239,ayyaR38gTg2,iCBAGYxk6nz
5240,ayyaR38gTg2,OLHl1lm5IdE
5241,ayyaR38gTg2,pr06vcGskap
5242,ayyaR38gTg2,jko8CGYBgS6
5243,ayyaR38gTg2,Pdi7bTTavv2
5244,ayyaR38gTg2,Xnvym8RgOAa
5245,ayyaR38gTg2,XTCaoKHZWd5
5246,ayyaR38gTg2,SkEFXSIXCat
5247,ayyaR38gTg2,zFShLriNlnd
5248,ayyaR38gTg2,lxdu4lHq3lu
5249,ayyaR38gTg2,rSr0r0CxwDE
5250,ayyaR38gTg2,bsvfgDGBWVf
5251,ayyaR38gTg2,z9wYYxDZM9V
5252,DGLzNeDJJP3,NuGCerWN58O
5253,DGLzNeDJJP3,rDIYMMteqBO
5254,DGLzNeDJJP3,Os9njqZEjOb
5255,DGLzNeDJJP3,EwFHO5G420a
5256,DGLzNeDJJP3,suw2uRYvps1
5257,DGLzNeDJJP3,PXZxiZcVelu
5258,DGLzNeDJJP3,qMHtANd83kh
5259,DGLzNeDJJP3,nuMYxrh0R2i
5260,DGLzNeDJJP3,kBpgzphXpAR
5261,DGLzNeDJJP3,tDRDjpo0YoL
5262,DGLzNeDJJP3,aQ1xl7PpEBR
5263,DGLzNeDJJP3,hQErX90w0QX
5264,DGLzNeDJJP3,uTEkUkUPGlT
5265,DGLzNeDJJP3,kAIFR5chGAF
5266,DGLzNeDJJP3,Q6BZZU5OqUz
5267,DGLzNeDJJP3,kE2hYoEOdKZ
5268,DGLzNeDJJP3,YvuAd9YbUW1
5269,DGLzNeDJJP3,hzxRKJVw1qz
5270,DGLzNeDJJP3,TNRCya9Zcnm
5271,DGLzNeDJJP3,IINRfWBo1HP
5272,DGLzNeDJJP3,zHIgRxojTnV
5273,DGLzNeDJJP3,wwyAx7XFJxl
5274,DGLzNeDJJP3,KQym92Lq7PP
5275,DGLzNeDJJP3,f0IY8VORiY9
5276,DGLzNeDJJP3,k8HpYK6X99O
5277,DGLzNeDJJP3,iCBAGYxk6nz
5278,DGLzNeDJJP3,OLHl1lm5IdE
5279,DGLzNeDJJP3,pr06vcGskap
5280,DGLzNeDJJP3,jko8CGYBgS6
5281,DGLzNeDJJP3,Pdi7bTTavv2
5282,DGLzNeDJJP3,Xnvym8RgOAa
5283,DGLzNeDJJP3,XTCaoKHZWd5
5284,DGLzNeDJJP3,SkEFXSIXCat
5285,DGLzNeDJJP3,zFShLriNlnd
5286,DGLzNeDJJP3,lxdu4lHq3lu
5287,DGLzNeDJJP3,rSr0r0CxwDE
5288,DGLzNeDJJP3,bsvfgDGBWVf
5289,DGLzNeDJJP3,z9wYYxDZM9V
5290,jQIXa7iwRs1,NhaCkK1zH9U
5291,jQIXa7iwRs1,Vw05E7W9pGH
5292,jQIXa7iwRs1,ZmDRpouk1Pf
5293,jQIXa7iwRs1,DzD38k4YAqv
5294,jQIXa7iwRs1,JCTWaWIToIm
5295,jQIXa7iwRs1,cUhvdMpVZEL
5296,jQIXa7iwRs1,swuPAWtLMIx
5297,jQIXa7iwRs1,spQ43sM4seo
5298,jQIXa7iwRs1,Ucc8ax90Wss
5299,jQIXa7iwRs1,hIIg7SjaPlu
5300,jQIXa7iwRs1,mAVXU4qekYI
5301,jQIXa7iwRs1,Hs7ahtn8D2h
5302,jQIXa7iwRs1,lt2RiSc1F5h
5303,jQIXa7iwRs1,hQYaFWtsiEQ
5304,jQIXa7iwRs1,V6XVOjhLEwA
5305,jQIXa7iwRs1,QS8euMeXUNm
5306,jQIXa7iwRs1,r51DzYZiHDg
5307,jQIXa7iwRs1,TdFTHypaqWp
5308,lc0JJzstJxL,NhaCkK1zH9U
5309,lc0JJzstJxL,Vw05E7W9pGH
5310,lc0JJzstJxL,ZmDRpouk1Pf
5311,lc0JJzstJxL,DzD38k4YAqv
5312,lc0JJzstJxL,JCTWaWIToIm
5313,lc0JJzstJxL,cUhvdMpVZEL
5314,lc0JJzstJxL,swuPAWtLMIx
5315,lc0JJzstJxL,spQ43sM4seo
5316,lc0JJzstJxL,Ucc8ax90Wss
5317,lc0JJzstJxL,hIIg7SjaPlu
5318,lc0JJzstJxL,mAVXU4qekYI
5319,lc0JJzstJxL,Hs7ahtn8D2h
5320,lc0JJzstJxL,lt2RiSc1F5h
5321,lc0JJzstJxL,hQYaFWtsiEQ
5322,lc0JJzstJxL,V6XVOjhLEwA
5323,lc0JJzstJxL,QS8euMeXUNm
5324,lc0JJzstJxL,r51DzYZiHDg
5325,lc0JJzstJxL,TdFTHypaqWp
5326,EA8SKWhyMDe,NuGCerWN58O
5327,EA8SKWhyMDe,rDIYMMteqBO
5328,EA8SKWhyMDe,Os9njqZEjOb
5329,EA8SKWhyMDe,EwFHO5G420a
5330,EA8SKWhyMDe,suw2uRYvps1
5331,EA8SKWhyMDe,PXZxiZcVelu
5332,EA8SKWhyMDe,qMHtANd83kh
5333,EA8SKWhyMDe,nuMYxrh0R2i
5334,EA8SKWhyMDe,kBpgzphXpAR
5335,EA8SKWhyMDe,tDRDjpo0YoL
5336,EA8SKWhyMDe,aQ1xl7PpEBR
5337,EA8SKWhyMDe,hQErX90w0QX
5338,EA8SKWhyMDe,uTEkUkUPGlT
5339,EA8SKWhyMDe,kAIFR5chGAF
5340,EA8SKWhyMDe,Q6BZZU5OqUz
5341,EA8SKWhyMDe,kE2hYoEOdKZ
5342,EA8SKWhyMDe,YvuAd9YbUW1
5343,EA8SKWhyMDe,hzxRKJVw1qz
5344,EA8SKWhyMDe,TNRCya9Zcnm
5345,EA8SKWhyMDe,IINRfWBo1HP
5346,EA8SKWhyMDe,zHIgRxojTnV
5347,EA8SKWhyMDe,wwyAx7XFJxl
5348,EA8SKWhyMDe,KQym92Lq7PP
5349,EA8SKWhyMDe,f0IY8VORiY9
5350,EA8SKWhyMDe,k8HpYK6X99O
5351,EA8SKWhyMDe,iCBAGYxk6nz
5352,EA8SKWhyMDe,OLHl1lm5IdE
5353,EA8SKWhyMDe,pr06vcGskap
5354,EA8SKWhyMDe,jko8CGYBgS6
5355,EA8SKWhyMDe,Pdi7bTTavv2
5356,EA8SKWhyMDe,Xnvym8RgOAa
5357,EA8SKWhyMDe,XTCaoKHZWd5
5358,EA8SKWhyMDe,SkEFXSIXCat
5359,EA8SKWhyMDe,zFShLriNlnd
5360,EA8SKWhyMDe,lxdu4lHq3lu
5361,EA8SKWhyMDe,rSr0r0CxwDE
5362,EA8SKWhyMDe,bsvfgDGBWVf
5363,EA8SKWhyMDe,z9wYYxDZM9V
5364,Bi74zPog4Hm,NuGCerWN58O
5365,Bi74zPog4Hm,rDIYMMteqBO
5366,Bi74zPog4Hm,Os9njqZEjOb
5367,Bi74zPog4Hm,EwFHO5G420a
5368,Bi74zPog4Hm,suw2uRYvps1
5369,Bi74zPog4Hm,PXZxiZcVelu
5370,Bi74zPog4Hm,qMHtANd83kh
5371,Bi74zPog4Hm,nuMYxrh0R2i
5372,Bi74zPog4Hm,kBpgzphXpAR
5373,Bi74zPog4Hm,tDRDjpo0YoL
5374,Bi74zPog4Hm,aQ1xl7PpEBR
5375,Bi74zPog4Hm,hQErX90w0QX
5376,Bi74zPog4Hm,uTEkUkUPGlT
5377,Bi74zPog4Hm,kAIFR5chGAF
5378,Bi74zPog4Hm,Q6BZZU5OqUz
5379,Bi74zPog4Hm,kE2hYoEOdKZ
5380,Bi74zPog4Hm,YvuAd9YbUW1
5381,Bi74zPog4Hm,hzxRKJVw1qz
5382,Bi74zPog4Hm,TNRCya9Zcnm
5383,Bi74zPog4Hm,IINRfWBo1HP
5384,Bi74zPog4Hm,zHIgRxojTnV
5385,Bi74zPog4Hm,wwyAx7XFJxl
5386,Bi74zPog4Hm,KQym92Lq7PP
5387,Bi74zPog4Hm,f0IY8VORiY9
5388,Bi74zPog4Hm,k8HpYK6X99O
5389,Bi74zPog4Hm,iCBAGYxk6nz
5390,Bi74zPog4Hm,OLHl1lm5IdE
5391,Bi74zPog4Hm,pr06vcGskap
5392,Bi74zPog4Hm,jko8CGYBgS6
5393,Bi74zPog4Hm,Pdi7bTTavv2
5394,Bi74zPog4Hm,Xnvym8RgOAa
5395,Bi74zPog4Hm,XTCaoKHZWd5
5396,Bi74zPog4Hm,SkEFXSIXCat
5397,Bi74zPog4Hm,zFShLriNlnd
5398,Bi74zPog4Hm,lxdu4lHq3lu
5399,Bi74zPog4Hm,rSr0r0CxwDE
5400,Bi74zPog4Hm,bsvfgDGBWVf
5401,Bi74zPog4Hm,z9wYYxDZM9V
5402,qRO9rGx5vuz,NuGCerWN58O
5403,qRO9rGx5vuz,rDIYMMteqBO
5404,qRO9rGx5vuz,Os9njqZEjOb
5405,qRO9rGx5vuz,EwFHO5G420a
5406,qRO9rGx5vuz,suw2uRYvps1
5407,qRO9rGx5vuz,PXZxiZcVelu
5408,qRO9rGx5vuz,qMHtANd83kh
5409,qRO9rGx5vuz,nuMYxrh0R2i
5410,qRO9rGx5vuz,kBpgzphXpAR
5411,qRO9rGx5vuz,tDRDjpo0YoL
5412,qRO9rGx5vuz,aQ1xl7PpEBR
5413,qRO9rGx5vuz,hQErX90w0QX
5414,qRO9rGx5vuz,uTEkUkUPGlT
5415,qRO9rGx5vuz,kAIFR5chGAF
5416,qRO9rGx5vuz,Q6BZZU5OqUz
5417,qRO9rGx5vuz,kE2hYoEOdKZ
5418,qRO9rGx5vuz,YvuAd9YbUW1
5419,qRO9rGx5vuz,hzxRKJVw1qz
5420,qRO9rGx5vuz,TNRCya9Zcnm
5421,qRO9rGx5vuz,IINRfWBo1HP
5422,qRO9rGx5vuz,zHIgRxojTnV
5423,qRO9rGx5vuz,wwyAx7XFJxl
5424,qRO9rGx5vuz,KQym92Lq7PP
5425,qRO9rGx5vuz,f0IY8VORiY9
5426,qRO9rGx5vuz,k8HpYK6X99O
5427,qRO9rGx5vuz,iCBAGYxk6nz
5428,qRO9rGx5vuz,OLHl1lm5IdE
5429,qRO9rGx5vuz,pr06vcGskap
5430,qRO9rGx5vuz,jko8CGYBgS6
5431,qRO9rGx5vuz,Pdi7bTTavv2
5432,qRO9rGx5vuz,Xnvym8RgOAa
5433,qRO9rGx5vuz,XTCaoKHZWd5
5434,qRO9rGx5vuz,SkEFXSIXCat
5435,qRO9rGx5vuz,zFShLriNlnd
5436,qRO9rGx5vuz,lxdu4lHq3lu
5437,qRO9rGx5vuz,rSr0r0CxwDE
5438,qRO9rGx5vuz,bsvfgDGBWVf
5439,qRO9rGx5vuz,z9wYYxDZM9V
5440,dBEUByNcFVs,NuGCerWN58O
5441,dBEUByNcFVs,rDIYMMteqBO
5442,dBEUByNcFVs,Os9njqZEjOb
5443,dBEUByNcFVs,EwFHO5G420a
5444,dBEUByNcFVs,suw2uRYvps1
5445,dBEUByNcFVs,PXZxiZcVelu
5446,dBEUByNcFVs,qMHtANd83kh
5447,dBEUByNcFVs,nuMYxrh0R2i
5448,dBEUByNcFVs,kBpgzphXpAR
5449,dBEUByNcFVs,tDRDjpo0YoL
5450,dBEUByNcFVs,aQ1xl7PpEBR
5451,dBEUByNcFVs,hQErX90w0QX
5452,dBEUByNcFVs,uTEkUkUPGlT
5453,dBEUByNcFVs,kAIFR5chGAF
5454,dBEUByNcFVs,Q6BZZU5OqUz
5455,dBEUByNcFVs,kE2hYoEOdKZ
5456,dBEUByNcFVs,YvuAd9YbUW1
5457,dBEUByNcFVs,hzxRKJVw1qz
5458,dBEUByNcFVs,TNRCya9Zcnm
5459,dBEUByNcFVs,IINRfWBo1HP
5460,dBEUByNcFVs,zHIgRxojTnV
5461,dBEUByNcFVs,wwyAx7XFJxl
5462,dBEUByNcFVs,KQym92Lq7PP
5463,dBEUByNcFVs,f0IY8VORiY9
5464,dBEUByNcFVs,k8HpYK6X99O
5465,dBEUByNcFVs,iCBAGYxk6nz
5466,dBEUByNcFVs,OLHl1lm5IdE
5467,dBEUByNcFVs,pr06vcGskap
5468,dBEUByNcFVs,jko8CGYBgS6
5469,dBEUByNcFVs,Pdi7bTTavv2
5470,dBEUByNcFVs,Xnvym8RgOAa
5471,dBEUByNcFVs,XTCaoKHZWd5
5472,dBEUByNcFVs,SkEFXSIXCat
5473,dBEUByNcFVs,zFShLriNlnd
5474,dBEUByNcFVs,lxdu4lHq3lu
5475,dBEUByNcFVs,rSr0r0CxwDE
5476,dBEUByNcFVs,bsvfgDGBWVf
5477,dBEUByNcFVs,z9wYYxDZM9V
5478,NuUOyDgZBiT,NhaCkK1zH9U
5479,NuUOyDgZBiT,Vw05E7W9pGH
5480,NuUOyDgZBiT,ZmDRpouk1Pf
5481,NuUOyDgZBiT,DzD38k4YAqv
5482,NuUOyDgZBiT,JCTWaWIToIm
5483,NuUOyDgZBiT,cUhvdMpVZEL
5484,NuUOyDgZBiT,swuPAWtLMIx
5485,NuUOyDgZBiT,spQ43sM4seo
5486,NuUOyDgZBiT,Ucc8ax90Wss
5487,NuUOyDgZBiT,hIIg7SjaPlu
5488,NuUOyDgZBiT,mAVXU4qekYI
5489,NuUOyDgZBiT,Hs7ahtn8D2h
5490,NuUOyDgZBiT,lt2RiSc1F5h
5491,NuUOyDgZBiT,hQYaFWtsiEQ
5492,NuUOyDgZBiT,V6XVOjhLEwA
5493,NuUOyDgZBiT,QS8euMeXUNm
5494,NuUOyDgZBiT,r51DzYZiHDg
5495,NuUOyDgZBiT,TdFTHypaqWp
5496,b43eApehNU5,NhaCkK1zH9U
5497,b43eApehNU5,Vw05E7W9pGH
5498,b43eApehNU5,ZmDRpouk1Pf
5499,b43eApehNU5,DzD38k4YAqv
5500,b43eApehNU5,JCTWaWIToIm
5501,b43eApehNU5,cUhvdMpVZEL
5502,b43eApehNU5,swuPAWtLMIx
5503,b43eApehNU5,spQ43sM4seo
5504,b43eApehNU5,Ucc8ax90Wss
5505,b43eApehNU5,hIIg7SjaPlu
5506,b43eApehNU5,mAVXU4qekYI
5507,b43eApehNU5,Hs7ahtn8D2h
5508,b43eApehNU5,lt2RiSc1F5h
5509,b43eApehNU5,hQYaFWtsiEQ
5510,b43eApehNU5,V6XVOjhLEwA
5511,b43eApehNU5,QS8euMeXUNm
5512,b43eApehNU5,r51DzYZiHDg
5513,b43eApehNU5,TdFTHypaqWp
5514,kYeaerGu5Sp,NuGCerWN58O
5515,kYeaerGu5Sp,rDIYMMteqBO
5516,kYeaerGu5Sp,Os9njqZEjOb
5517,kYeaerGu5Sp,EwFHO5G420a
5518,kYeaerGu5Sp,suw2uRYvps1
5519,kYeaerGu5Sp,PXZxiZcVelu
5520,kYeaerGu5Sp,qMHtANd83kh
5521,kYeaerGu5Sp,nuMYxrh0R2i
5522,kYeaerGu5Sp,kBpgzphXpAR
5523,kYeaerGu5Sp,tDRDjpo0YoL
5524,kYeaerGu5Sp,aQ1xl7PpEBR
5525,kYeaerGu5Sp,hQErX90w0QX
5526,kYeaerGu5Sp,uTEkUkUPGlT
5527,kYeaerGu5Sp,kAIFR5chGAF
5528,kYeaerGu5Sp,Q6BZZU5OqUz
5529,kYeaerGu5Sp,kE2hYoEOdKZ
5530,kYeaerGu5Sp,YvuAd9YbUW1
5531,kYeaerGu5Sp,hzxRKJVw1qz
5532,kYeaerGu5Sp,TNRCya9Zcnm
5533,kYeaerGu5Sp,IINRfWBo1HP
5534,kYeaerGu5Sp,zHIgRxojTnV
5535,kYeaerGu5Sp,wwyAx7XFJxl
5536,kYeaerGu5Sp,KQym92Lq7PP
5537,kYeaerGu5Sp,f0IY8VORiY9
5538,kYeaerGu5Sp,k8HpYK6X99O
5539,kYeaerGu5Sp,iCBAGYxk6nz
5540,kYeaerGu5Sp,OLHl1lm5IdE
5541,kYeaerGu5Sp,pr06vcGskap
5542,kYeaerGu5Sp,jko8CGYBgS6
5543,kYeaerGu5Sp,Pdi7bTTavv2
5544,kYeaerGu5Sp,Xnvym8RgOAa
5545,kYeaerGu5Sp,XTCaoKHZWd5
5546,kYeaerGu5Sp,SkEFXSIXCat
5547,kYeaerGu5Sp,zFShLriNlnd
5548,kYeaerGu5Sp,lxdu4lHq3lu
5549,kYeaerGu5Sp,rSr0r0CxwDE
5550,kYeaerGu5Sp,bsvfgDGBWVf
5551,kYeaerGu5Sp,z9wYYxDZM9V
5552,cJZx0AH0h5t,NuGCerWN58O
5553,cJZx0AH0h5t,rDIYMMteqBO
5554,cJZx0AH0h5t,Os9njqZEjOb
5555,cJZx0AH0h5t,EwFHO5G420a
5556,cJZx0AH0h5t,suw2uRYvps1
5557,cJZx0AH0h5t,PXZxiZcVelu
5558,cJZx0AH0h5t,qMHtANd83kh
5559,cJZx0AH0h5t,nuMYxrh0R2i
5560,cJZx0AH0h5t,kBpgzphXpAR
5561,cJZx0AH0h5t,tDRDjpo0YoL
5562,cJZx0AH0h5t,aQ1xl7PpEBR
5563,cJZx0AH0h5t,hQErX90w0QX
5564,cJZx0AH0h5t,uTEkUkUPGlT
5565,cJZx0AH0h5t,kAIFR5chGAF
5566,cJZx0AH0h5t,Q6BZZU5OqUz
5567,cJZx0AH0h5t,kE2hYoEOdKZ
5568,cJZx0AH0h5t,YvuAd9YbUW1
5569,cJZx0AH0h5t,hzxRKJVw1qz
5570,cJZx0AH0h5t,TNRCya9Zcnm
5571,cJZx0AH0h5t,IINRfWBo1HP
5572,cJZx0AH0h5t,zHIgRxojTnV
5573,cJZx0AH0h5t,wwyAx7XFJxl
5574,cJZx0AH0h5t,KQym92Lq7PP
5575,cJZx0AH0h5t,f0IY8VORiY9
5576,cJZx0AH0h5t,k8HpYK6X99O
5577,cJZx0AH0h5t,iCBAGYxk6nz
5578,cJZx0AH0h5t,OLHl1lm5IdE
5579,cJZx0AH0h5t,pr06vcGskap
5580,cJZx0AH0h5t,jko8CGYBgS6
5581,cJZx0AH0h5t,Pdi7bTTavv2
5582,cJZx0AH0h5t,Xnvym8RgOAa
5583,cJZx0AH0h5t,XTCaoKHZWd5
5584,cJZx0AH0h5t,SkEFXSIXCat
5585,cJZx0AH0h5t,zFShLriNlnd
5586,cJZx0AH0h5t,lxdu4lHq3lu
5587,cJZx0AH0h5t,rSr0r0CxwDE
5588,cJZx0AH0h5t,bsvfgDGBWVf
5589,cJZx0AH0h5t,z9wYYxDZM9V
5590,WR9KOrG5eOU,NuGCerWN58O
5591,WR9KOrG5eOU,rDIYMMteqBO
5592,WR9KOrG5eOU,Os9njqZEjOb
5593,WR9KOrG5eOU,EwFHO5G420a
5594,WR9KOrG5eOU,suw2uRYvps1
5595,WR9KOrG5eOU,PXZxiZcVelu
5596,WR9KOrG5eOU,qMHtANd83kh
5597,WR9KOrG5eOU,nuMYxrh0R2i
5598,WR9KOrG5eOU,kBpgzphXpAR
5599,WR9KOrG5eOU,tDRDjpo0YoL
5600,WR9KOrG5eOU,aQ1xl7PpEBR
5601,WR9KOrG5eOU,hQErX90w0QX
5602,WR9KOrG5eOU,uTEkUkUPGlT
5603,WR9KOrG5eOU,kAIFR5chGAF
5604,WR9KOrG5eOU,Q6BZZU5OqUz
5605,WR9KOrG5eOU,kE2hYoEOdKZ
5606,WR9KOrG5eOU,YvuAd9YbUW1
5607,WR9KOrG5eOU,hzxRKJVw1qz
5608,WR9KOrG5eOU,TNRCya9Zcnm
5609,WR9KOrG5eOU,IINRfWBo1HP
5610,WR9KOrG5eOU,zHIgRxojTnV
5611,WR9KOrG5eOU,wwyAx7XFJxl
5612,WR9KOrG5eOU,KQym92Lq7PP
5613,WR9KOrG5eOU,f0IY8VORiY9
5614,WR9KOrG5eOU,k8HpYK6X99O
5615,WR9KOrG5eOU,iCBAGYxk6nz
5616,WR9KOrG5eOU,OLHl1lm5IdE
5617,WR9KOrG5eOU,pr06vcGskap
5618,WR9KOrG5eOU,jko8CGYBgS6
5619,WR9KOrG5eOU,Pdi7bTTavv2
5620,WR9KOrG5eOU,Xnvym8RgOAa
5621,WR9KOrG5eOU,XTCaoKHZWd5
5622,WR9KOrG5eOU,SkEFXSIXCat
5623,WR9KOrG5eOU,zFShLriNlnd
5624,WR9KOrG5eOU,lxdu4lHq3lu
5625,WR9KOrG5eOU,rSr0r0CxwDE
5626,WR9KOrG5eOU,bsvfgDGBWVf
5627,WR9KOrG5eOU,z9wYYxDZM9V
5628,wijLWeMLi7p,NuGCerWN58O
5629,wijLWeMLi7p,rDIYMMteqBO
5630,wijLWeMLi7p,Os9njqZEjOb
5631,wijLWeMLi7p,EwFHO5G420a
5632,wijLWeMLi7p,suw2uRYvps1
5633,wijLWeMLi7p,PXZxiZcVelu
5634,wijLWeMLi7p,qMHtANd83kh
5635,wijLWeMLi7p,nuMYxrh0R2i
5636,wijLWeMLi7p,kBpgzphXpAR
5637,wijLWeMLi7p,tDRDjpo0YoL
5638,wijLWeMLi7p,aQ1xl7PpEBR
5639,wijLWeMLi7p,hQErX90w0QX
5640,wijLWeMLi7p,uTEkUkUPGlT
5641,wijLWeMLi7p,kAIFR5chGAF
5642,wijLWeMLi7p,Q6BZZU5OqUz
5643,wijLWeMLi7p,kE2hYoEOdKZ
5644,wijLWeMLi7p,YvuAd9YbUW1
5645,wijLWeMLi7p,hzxRKJVw1qz
5646,wijLWeMLi7p,TNRCya9Zcnm
5647,wijLWeMLi7p,IINRfWBo1HP
5648,wijLWeMLi7p,zHIgRxojTnV
5649,wijLWeMLi7p,wwyAx7XFJxl
5650,wijLWeMLi7p,KQym92Lq7PP
5651,wijLWeMLi7p,f0IY8VORiY9
5652,wijLWeMLi7p,k8HpYK6X99O
5653,wijLWeMLi7p,iCBAGYxk6nz
5654,wijLWeMLi7p,OLHl1lm5IdE
5655,wijLWeMLi7p,pr06vcGskap
5656,wijLWeMLi7p,jko8CGYBgS6
5657,wijLWeMLi7p,Pdi7bTTavv2
5658,wijLWeMLi7p,Xnvym8RgOAa
5659,wijLWeMLi7p,XTCaoKHZWd5
5660,wijLWeMLi7p,SkEFXSIXCat
5661,wijLWeMLi7p,zFShLriNlnd
5662,wijLWeMLi7p,lxdu4lHq3lu
5663,wijLWeMLi7p,rSr0r0CxwDE
5664,wijLWeMLi7p,bsvfgDGBWVf
5665,wijLWeMLi7p,z9wYYxDZM9V
5666,kknn6Lkfrzx,zYDFMYwl3j9
5667,kknn6Lkfrzx,cxONGtEdXac
5668,lJMuWh74uGR,NuGCerWN58O
5669,lJMuWh74uGR,rDIYMMteqBO
5670,lJMuWh74uGR,Os9njqZEjOb
5671,lJMuWh74uGR,EwFHO5G420a
5672,lJMuWh74uGR,suw2uRYvps1
5673,lJMuWh74uGR,PXZxiZcVelu
5674,lJMuWh74uGR,qMHtANd83kh
5675,lJMuWh74uGR,nuMYxrh0R2i
5676,lJMuWh74uGR,kBpgzphXpAR
5677,lJMuWh74uGR,tDRDjpo0YoL
5678,lJMuWh74uGR,aQ1xl7PpEBR
5679,lJMuWh74uGR,hQErX90w0QX
5680,lJMuWh74uGR,uTEkUkUPGlT
5681,lJMuWh74uGR,kAIFR5chGAF
5682,lJMuWh74uGR,Q6BZZU5OqUz
5683,lJMuWh74uGR,kE2hYoEOdKZ
5684,lJMuWh74uGR,YvuAd9YbUW1
5685,lJMuWh74uGR,hzxRKJVw1qz
5686,lJMuWh74uGR,TNRCya9Zcnm
5687,lJMuWh74uGR,IINRfWBo1HP
5688,lJMuWh74uGR,zHIgRxojTnV
5689,lJMuWh74uGR,wwyAx7XFJxl
5690,lJMuWh74uGR,KQym92Lq7PP
5691,lJMuWh74uGR,f0IY8VORiY9
5692,lJMuWh74uGR,k8HpYK6X99O
5693,lJMuWh74uGR,iCBAGYxk6nz
5694,lJMuWh74uGR,OLHl1lm5IdE
5695,lJMuWh74uGR,pr06vcGskap
5696,lJMuWh74uGR,jko8CGYBgS6
5697,lJMuWh74uGR,Pdi7bTTavv2
5698,lJMuWh74uGR,Xnvym8RgOAa
5699,lJMuWh74uGR,XTCaoKHZWd5
5700,lJMuWh74uGR,SkEFXSIXCat
5701,lJMuWh74uGR,zFShLriNlnd
5702,lJMuWh74uGR,lxdu4lHq3lu
5703,lJMuWh74uGR,rSr0r0CxwDE
5704,lJMuWh74uGR,bsvfgDGBWVf
5705,lJMuWh74uGR,z9wYYxDZM9V
5706,jXSCCk7QO7e,NhaCkK1zH9U
5707,jXSCCk7QO7e,Vw05E7W9pGH
5708,jXSCCk7QO7e,ZmDRpouk1Pf
5709,jXSCCk7QO7e,DzD38k4YAqv
5710,jXSCCk7QO7e,JCTWaWIToIm
5711,jXSCCk7QO7e,cUhvdMpVZEL
5712,jXSCCk7QO7e,swuPAWtLMIx
5713,jXSCCk7QO7e,spQ43sM4seo
5714,jXSCCk7QO7e,Ucc8ax90Wss
5715,jXSCCk7QO7e,hIIg7SjaPlu
5716,jXSCCk7QO7e,mAVXU4qekYI
5717,jXSCCk7QO7e,Hs7ahtn8D2h
5718,jXSCCk7QO7e,lt2RiSc1F5h
5719,jXSCCk7QO7e,hQYaFWtsiEQ
5720,jXSCCk7QO7e,V6XVOjhLEwA
5721,jXSCCk7QO7e,QS8euMeXUNm
5722,jXSCCk7QO7e,r51DzYZiHDg
5723,jXSCCk7QO7e,TdFTHypaqWp
5724,cI8MjIFaEon,NuGCerWN58O
5725,cI8MjIFaEon,rDIYMMteqBO
5726,cI8MjIFaEon,Os9njqZEjOb
5727,cI8MjIFaEon,EwFHO5G420a
5728,cI8MjIFaEon,suw2uRYvps1
5729,cI8MjIFaEon,PXZxiZcVelu
5730,cI8MjIFaEon,qMHtANd83kh
5731,cI8MjIFaEon,nuMYxrh0R2i
5732,cI8MjIFaEon,kBpgzphXpAR
5733,cI8MjIFaEon,tDRDjpo0YoL
5734,cI8MjIFaEon,aQ1xl7PpEBR
5735,cI8MjIFaEon,hQErX90w0QX
5736,cI8MjIFaEon,uTEkUkUPGlT
5737,cI8MjIFaEon,kAIFR5chGAF
5738,cI8MjIFaEon,Q6BZZU5OqUz
5739,cI8MjIFaEon,kE2hYoEOdKZ
5740,cI8MjIFaEon,YvuAd9YbUW1
5741,cI8MjIFaEon,hzxRKJVw1qz
5742,cI8MjIFaEon,TNRCya9Zcnm
5743,cI8MjIFaEon,IINRfWBo1HP
5744,cI8MjIFaEon,zHIgRxojTnV
5745,cI8MjIFaEon,wwyAx7XFJxl
5746,cI8MjIFaEon,KQym92Lq7PP
5747,cI8MjIFaEon,f0IY8VORiY9
5748,cI8MjIFaEon,k8HpYK6X99O
5749,cI8MjIFaEon,iCBAGYxk6nz
5750,cI8MjIFaEon,OLHl1lm5IdE
5751,cI8MjIFaEon,pr06vcGskap
5752,cI8MjIFaEon,jko8CGYBgS6
5753,cI8MjIFaEon,Pdi7bTTavv2
5754,cI8MjIFaEon,Xnvym8RgOAa
5755,cI8MjIFaEon,XTCaoKHZWd5
5756,cI8MjIFaEon,SkEFXSIXCat
5757,cI8MjIFaEon,zFShLriNlnd
5758,cI8MjIFaEon,lxdu4lHq3lu
5759,cI8MjIFaEon,rSr0r0CxwDE
5760,cI8MjIFaEon,bsvfgDGBWVf
5761,cI8MjIFaEon,z9wYYxDZM9V
5762,OH7tUHi2c0F,NhaCkK1zH9U
5763,OH7tUHi2c0F,Vw05E7W9pGH
5764,OH7tUHi2c0F,ZmDRpouk1Pf
5765,OH7tUHi2c0F,DzD38k4YAqv
5766,OH7tUHi2c0F,JCTWaWIToIm
5767,OH7tUHi2c0F,cUhvdMpVZEL
5768,OH7tUHi2c0F,swuPAWtLMIx
5769,OH7tUHi2c0F,spQ43sM4seo
5770,OH7tUHi2c0F,Ucc8ax90Wss
5771,OH7tUHi2c0F,hIIg7SjaPlu
5772,OH7tUHi2c0F,mAVXU4qekYI
5773,OH7tUHi2c0F,Hs7ahtn8D2h
5774,OH7tUHi2c0F,lt2RiSc1F5h
5775,OH7tUHi2c0F,hQYaFWtsiEQ
5776,OH7tUHi2c0F,V6XVOjhLEwA
5777,OH7tUHi2c0F,QS8euMeXUNm
5778,OH7tUHi2c0F,r51DzYZiHDg
5779,OH7tUHi2c0F,TdFTHypaqWp
5780,ANVuBX6mN5O,NuGCerWN58O
5781,ANVuBX6mN5O,rDIYMMteqBO
5782,ANVuBX6mN5O,Os9njqZEjOb
5783,ANVuBX6mN5O,EwFHO5G420a
5784,ANVuBX6mN5O,suw2uRYvps1
5785,ANVuBX6mN5O,PXZxiZcVelu
5786,ANVuBX6mN5O,qMHtANd83kh
5787,ANVuBX6mN5O,nuMYxrh0R2i
5788,ANVuBX6mN5O,kBpgzphXpAR
5789,ANVuBX6mN5O,tDRDjpo0YoL
5790,ANVuBX6mN5O,aQ1xl7PpEBR
5791,ANVuBX6mN5O,hQErX90w0QX
5792,ANVuBX6mN5O,uTEkUkUPGlT
5793,ANVuBX6mN5O,kAIFR5chGAF
5794,ANVuBX6mN5O,Q6BZZU5OqUz
5795,ANVuBX6mN5O,kE2hYoEOdKZ
5796,ANVuBX6mN5O,YvuAd9YbUW1
5797,ANVuBX6mN5O,hzxRKJVw1qz
5798,ANVuBX6mN5O,TNRCya9Zcnm
5799,ANVuBX6mN5O,IINRfWBo1HP
5800,ANVuBX6mN5O,zHIgRxojTnV
5801,ANVuBX6mN5O,wwyAx7XFJxl
5802,ANVuBX6mN5O,KQym92Lq7PP
5803,ANVuBX6mN5O,f0IY8VORiY9
5804,ANVuBX6mN5O,k8HpYK6X99O
5805,ANVuBX6mN5O,iCBAGYxk6nz
5806,ANVuBX6mN5O,OLHl1lm5IdE
5807,ANVuBX6mN5O,pr06vcGskap
5808,ANVuBX6mN5O,jko8CGYBgS6
5809,ANVuBX6mN5O,Pdi7bTTavv2
5810,ANVuBX6mN5O,Xnvym8RgOAa
5811,ANVuBX6mN5O,XTCaoKHZWd5
5812,ANVuBX6mN5O,SkEFXSIXCat
5813,ANVuBX6mN5O,zFShLriNlnd
5814,ANVuBX6mN5O,lxdu4lHq3lu
5815,ANVuBX6mN5O,rSr0r0CxwDE
5816,ANVuBX6mN5O,bsvfgDGBWVf
5817,ANVuBX6mN5O,z9wYYxDZM9V
5818,J9JFCJaqQMo,NhaCkK1zH9U
5819,J9JFCJaqQMo,Vw05E7W9pGH
5820,J9JFCJaqQMo,ZmDRpouk1Pf
5821,J9JFCJaqQMo,DzD38k4YAqv
5822,J9JFCJaqQMo,JCTWaWIToIm
5823,J9JFCJaqQMo,cUhvdMpVZEL
5824,J9JFCJaqQMo,swuPAWtLMIx
5825,J9JFCJaqQMo,spQ43sM4seo
5826,J9JFCJaqQMo,Ucc8ax90Wss
5827,J9JFCJaqQMo,hIIg7SjaPlu
5828,J9JFCJaqQMo,mAVXU4qekYI
5829,J9JFCJaqQMo,Hs7ahtn8D2h
5830,J9JFCJaqQMo,lt2RiSc1F5h
5831,J9JFCJaqQMo,hQYaFWtsiEQ
5832,J9JFCJaqQMo,V6XVOjhLEwA
5833,J9JFCJaqQMo,QS8euMeXUNm
5834,J9JFCJaqQMo,r51DzYZiHDg
5835,J9JFCJaqQMo,TdFTHypaqWp
5836,nfwdXzbBQ6G,NuGCerWN58O
5837,nfwdXzbBQ6G,rDIYMMteqBO
5838,nfwdXzbBQ6G,Os9njqZEjOb
5839,nfwdXzbBQ6G,EwFHO5G420a
5840,nfwdXzbBQ6G,suw2uRYvps1
5841,nfwdXzbBQ6G,PXZxiZcVelu
5842,nfwdXzbBQ6G,qMHtANd83kh
5843,nfwdXzbBQ6G,nuMYxrh0R2i
5844,nfwdXzbBQ6G,kBpgzphXpAR
5845,nfwdXzbBQ6G,tDRDjpo0YoL
5846,nfwdXzbBQ6G,aQ1xl7PpEBR
5847,nfwdXzbBQ6G,hQErX90w0QX
5848,nfwdXzbBQ6G,uTEkUkUPGlT
5849,nfwdXzbBQ6G,kAIFR5chGAF
5850,nfwdXzbBQ6G,Q6BZZU5OqUz
5851,nfwdXzbBQ6G,kE2hYoEOdKZ
5852,nfwdXzbBQ6G,YvuAd9YbUW1
5853,nfwdXzbBQ6G,hzxRKJVw1qz
5854,nfwdXzbBQ6G,TNRCya9Zcnm
5855,nfwdXzbBQ6G,IINRfWBo1HP
5856,nfwdXzbBQ6G,zHIgRxojTnV
5857,nfwdXzbBQ6G,wwyAx7XFJxl
5858,nfwdXzbBQ6G,KQym92Lq7PP
5859,nfwdXzbBQ6G,f0IY8VORiY9
5860,nfwdXzbBQ6G,k8HpYK6X99O
5861,nfwdXzbBQ6G,iCBAGYxk6nz
5862,nfwdXzbBQ6G,OLHl1lm5IdE
5863,nfwdXzbBQ6G,pr06vcGskap
5864,nfwdXzbBQ6G,jko8CGYBgS6
5865,nfwdXzbBQ6G,Pdi7bTTavv2
5866,nfwdXzbBQ6G,Xnvym8RgOAa
5867,nfwdXzbBQ6G,XTCaoKHZWd5
5868,nfwdXzbBQ6G,SkEFXSIXCat
5869,nfwdXzbBQ6G,zFShLriNlnd
5870,nfwdXzbBQ6G,lxdu4lHq3lu
5871,nfwdXzbBQ6G,rSr0r0CxwDE
5872,nfwdXzbBQ6G,bsvfgDGBWVf
5873,nfwdXzbBQ6G,z9wYYxDZM9V
5874,D2KpisjmxEj,NuGCerWN58O
5875,D2KpisjmxEj,rDIYMMteqBO
5876,D2KpisjmxEj,Os9njqZEjOb
5877,D2KpisjmxEj,EwFHO5G420a
5878,D2KpisjmxEj,suw2uRYvps1
5879,D2KpisjmxEj,PXZxiZcVelu
5880,D2KpisjmxEj,qMHtANd83kh
5881,D2KpisjmxEj,nuMYxrh0R2i
5882,D2KpisjmxEj,kBpgzphXpAR
5883,D2KpisjmxEj,tDRDjpo0YoL
5884,D2KpisjmxEj,aQ1xl7PpEBR
5885,D2KpisjmxEj,hQErX90w0QX
5886,D2KpisjmxEj,uTEkUkUPGlT
5887,D2KpisjmxEj,kAIFR5chGAF
5888,D2KpisjmxEj,Q6BZZU5OqUz
5889,D2KpisjmxEj,kE2hYoEOdKZ
5890,D2KpisjmxEj,YvuAd9YbUW1
5891,D2KpisjmxEj,hzxRKJVw1qz
5892,D2KpisjmxEj,TNRCya9Zcnm
5893,D2KpisjmxEj,IINRfWBo1HP
5894,D2KpisjmxEj,zHIgRxojTnV
5895,D2KpisjmxEj,wwyAx7XFJxl
5896,D2KpisjmxEj,KQym92Lq7PP
5897,D2KpisjmxEj,f0IY8VORiY9
5898,D2KpisjmxEj,k8HpYK6X99O
5899,D2KpisjmxEj,iCBAGYxk6nz
5900,D2KpisjmxEj,OLHl1lm5IdE
5901,D2KpisjmxEj,pr06vcGskap
5902,D2KpisjmxEj,jko8CGYBgS6
5903,D2KpisjmxEj,Pdi7bTTavv2
5904,D2KpisjmxEj,Xnvym8RgOAa
5905,D2KpisjmxEj,XTCaoKHZWd5
5906,D2KpisjmxEj,SkEFXSIXCat
5907,D2KpisjmxEj,zFShLriNlnd
5908,D2KpisjmxEj,lxdu4lHq3lu
5909,D2KpisjmxEj,rSr0r0CxwDE
5910,D2KpisjmxEj,bsvfgDGBWVf
5911,D2KpisjmxEj,z9wYYxDZM9V
