"id","dataelement","categoryoptioncombo"
1,gvQM2vI6GKw,HllvX50cXC0
2,Q0k12OVrEG3,SM9d5ybWcr0
3,Q0k12OVrEG3,H5MiomGgbbi
4,Q0k12OVrEG3,OUPWAOZojRb
5,CJae9c7sI7f,rCzvys285kN
6,CJae9c7sI7f,VZrxjCi8cQi
7,CJae9c7sI7f,ZgnHXnu30cI
8,CJae9c7sI7f,fHgwVjoElmE
9,wZlUyHUI8dk,rCzvys285kN
10,wZlUyHUI8dk,VZrxjCi8cQi
11,wZlUyHUI8dk,ZgnHXnu30cI
12,wZlUyHUI8dk,fHgwVjoElmE
13,idmpo87icoK,HllvX50cXC0
14,gJeXUZ3dpma,Kq56swi3KAi
15,gJeXUZ3dpma,oVc5PtW8IsH
16,gJeXUZ3dpma,dqUlEsSUs8w
17,gJeXUZ3dpma,xgiuSKF9lKY
18,gJeXUZ3dpma,WQ8FzlyAWIM
19,VQ6E8ZmnNxp,HllvX50cXC0
20,zeSxSpquU0H,rCzvys285kN
21,zeSxSpquU0H,VZrxjCi8cQi
22,zeSxSpquU0H,ZgnHXnu30cI
23,zeSxSpquU0H,fHgwVjoElmE
24,Z8rXH9xroHx,Ddg0cceghIM
25,Z8rXH9xroHx,raVzuvAVYrE
26,Z8rXH9xroHx,eKedYQVxjWn
27,Z8rXH9xroHx,h7RYzvDS7Kc
28,Z8rXH9xroHx,mTSF9OkOVvI
29,Z8rXH9xroHx,QK1rNyJE2vo
30,Z8rXH9xroHx,zShlA5MAVHQ
31,Z8rXH9xroHx,hTVLtGKGXV5
32,Z8rXH9xroHx,rCzvys285kN
33,Z8rXH9xroHx,VZrxjCi8cQi
34,Z8rXH9xroHx,ZgnHXnu30cI
35,Z8rXH9xroHx,fHgwVjoElmE
36,qFwOlUTz4Hd,rCzvys285kN
37,qFwOlUTz4Hd,VZrxjCi8cQi
38,qFwOlUTz4Hd,ZgnHXnu30cI
39,qFwOlUTz4Hd,fHgwVjoElmE
40,DOEpDUlToUV,h6Pad0c6ic0
41,DOEpDUlToUV,acibdlEhhxw
42,DOEpDUlToUV,EKm949hzsgY
43,DOEpDUlToUV,vGHDZm2UPq5
44,DOEpDUlToUV,gP0qIQwYVZx
45,DOEpDUlToUV,vDOMBTXYpkl
46,DOEpDUlToUV,xyzkAnT5ApT
47,DOEpDUlToUV,mJnJWk4Ih48
48,DOEpDUlToUV,I1IHrbBF2fm
49,DOEpDUlToUV,wlZ7QBEZWE2
50,DOEpDUlToUV,HJ8vavGBwnt
51,DOEpDUlToUV,b1p4v65Fds7
52,IJmubXIxBqN,rCzvys285kN
53,IJmubXIxBqN,VZrxjCi8cQi
54,IJmubXIxBqN,ZgnHXnu30cI
55,IJmubXIxBqN,fHgwVjoElmE
56,vf0VgcuRSym,yabsZCXTQRM
57,vf0VgcuRSym,yWdrn6SiVZ9
58,vf0VgcuRSym,zLX9lB6eIHI
59,vf0VgcuRSym,C9j1R3XeUB3
60,vf0VgcuRSym,sBvVzuUN7ty
61,vf0VgcuRSym,JqdVRiI92bd
62,vf0VgcuRSym,tD3pn44uScE
63,vf0VgcuRSym,Mv9SNsGCT5e
64,vf0VgcuRSym,rU0HnmI7P8S
65,vf0VgcuRSym,pfXBcPz6khi
66,Rp34ZFo33hs,rCzvys285kN
67,Rp34ZFo33hs,VZrxjCi8cQi
68,Rp34ZFo33hs,ZgnHXnu30cI
69,Rp34ZFo33hs,fHgwVjoElmE
70,CedUmoEkMFI,Ddg0cceghIM
71,CedUmoEkMFI,raVzuvAVYrE
72,CedUmoEkMFI,eKedYQVxjWn
73,CedUmoEkMFI,h7RYzvDS7Kc
74,CedUmoEkMFI,mTSF9OkOVvI
75,CedUmoEkMFI,QK1rNyJE2vo
76,CedUmoEkMFI,zShlA5MAVHQ
77,CedUmoEkMFI,hTVLtGKGXV5
78,CedUmoEkMFI,rCzvys285kN
79,CedUmoEkMFI,VZrxjCi8cQi
80,CedUmoEkMFI,ZgnHXnu30cI
81,CedUmoEkMFI,fHgwVjoElmE
82,ZIlLc6OJZue,rCzvys285kN
83,ZIlLc6OJZue,VZrxjCi8cQi
84,ZIlLc6OJZue,ZgnHXnu30cI
85,ZIlLc6OJZue,fHgwVjoElmE
86,BPsIQouk7LK,Kq56swi3KAi
87,BPsIQouk7LK,oVc5PtW8IsH
88,BPsIQouk7LK,dqUlEsSUs8w
89,BPsIQouk7LK,xgiuSKF9lKY
90,BPsIQouk7LK,WQ8FzlyAWIM
91,YXiRy13J8ss,rCzvys285kN
92,YXiRy13J8ss,VZrxjCi8cQi
93,YXiRy13J8ss,ZgnHXnu30cI
94,YXiRy13J8ss,fHgwVjoElmE
95,mGKDIxfiFrw,rCzvys285kN
96,mGKDIxfiFrw,VZrxjCi8cQi
97,mGKDIxfiFrw,ZgnHXnu30cI
98,mGKDIxfiFrw,fHgwVjoElmE
99,sMuHFQUWXu4,rCzvys285kN
100,sMuHFQUWXu4,VZrxjCi8cQi
101,sMuHFQUWXu4,ZgnHXnu30cI
102,sMuHFQUWXu4,fHgwVjoElmE
103,HQ6yO2v07qc,rCzvys285kN
104,HQ6yO2v07qc,VZrxjCi8cQi
105,HQ6yO2v07qc,ZgnHXnu30cI
106,HQ6yO2v07qc,fHgwVjoElmE
107,vdt4YnvpmUd,HllvX50cXC0
108,cMq1VyIjLeT,SgtJVRGlRIo
109,cMq1VyIjLeT,nusEBjg8bes
110,cMq1VyIjLeT,sHKK94BX2Rp
111,cMq1VyIjLeT,kkV0Rfqo4Ru
112,cMq1VyIjLeT,UKCxMVgAc2s
113,cMq1VyIjLeT,WyNau0T37h4
114,cMq1VyIjLeT,OhmzAkCmkjU
115,cMq1VyIjLeT,oIxEDq59GUL
116,cMq1VyIjLeT,DHWRwZkFHqc
117,cMq1VyIjLeT,mJNtXTVt6T1
118,UdrpMpo5qVf,Kq56swi3KAi
119,UdrpMpo5qVf,oVc5PtW8IsH
120,UdrpMpo5qVf,dqUlEsSUs8w
121,UdrpMpo5qVf,xgiuSKF9lKY
122,UdrpMpo5qVf,WQ8FzlyAWIM
123,VMCH30sQHwC,d0tWwN5O6NO
124,VMCH30sQHwC,Ve34gUv8xMH
125,VMCH30sQHwC,OE9AdLE48yj
126,VMCH30sQHwC,NFNV30tIn8T
127,VMCH30sQHwC,AmyeUte6IfQ
128,VMCH30sQHwC,KLjBWPSSfqG
129,VMCH30sQHwC,QwmgfRLXySv
130,VMCH30sQHwC,VyCuYZXDXiO
131,VMCH30sQHwC,Zacetp7r5HC
132,VMCH30sQHwC,a9NFxaXN9KD
133,VMCH30sQHwC,sBkrGKNQ0uz
134,VMCH30sQHwC,A2ZsKFXp6Vn
135,VMCH30sQHwC,eDQHbmqfA0E
136,VMCH30sQHwC,lvYG6LfU4Jo
137,VMCH30sQHwC,Z2df6EDsYk1
138,VMCH30sQHwC,rkbc2xbaa8g
139,VMCH30sQHwC,dBzKnHTWCkK
140,VMCH30sQHwC,GMPyv2RPvxm
141,VMCH30sQHwC,gp5AoqZCBjE
142,VMCH30sQHwC,rsV4LLJt5Lw
143,VMCH30sQHwC,rCzvys285kN
144,VMCH30sQHwC,VZrxjCi8cQi
145,VMCH30sQHwC,ZgnHXnu30cI
146,VMCH30sQHwC,fHgwVjoElmE
147,CPggKpmOySl,rCzvys285kN
148,CPggKpmOySl,VZrxjCi8cQi
149,CPggKpmOySl,ZgnHXnu30cI
150,CPggKpmOySl,fHgwVjoElmE
151,FjtjjiIA4Oq,HllvX50cXC0
152,lR9X9RCGwNx,HllvX50cXC0
153,rEc5mpcLOh1,rCzvys285kN
154,rEc5mpcLOh1,VZrxjCi8cQi
155,rEc5mpcLOh1,ZgnHXnu30cI
156,rEc5mpcLOh1,fHgwVjoElmE
157,wITMtfNGZAB,HllvX50cXC0
158,Ywkn1hJ0neb,rCzvys285kN
159,Ywkn1hJ0neb,VZrxjCi8cQi
160,Ywkn1hJ0neb,ZgnHXnu30cI
161,Ywkn1hJ0neb,fHgwVjoElmE
162,uOIcdqdg5JR,rCzvys285kN
163,uOIcdqdg5JR,VZrxjCi8cQi
164,uOIcdqdg5JR,ZgnHXnu30cI
165,uOIcdqdg5JR,fHgwVjoElmE
166,jKvViwMuURP,HllvX50cXC0
167,tF2QBzkj3Pv,rCzvys285kN
168,tF2QBzkj3Pv,VZrxjCi8cQi
169,tF2QBzkj3Pv,ZgnHXnu30cI
170,tF2QBzkj3Pv,fHgwVjoElmE
171,V4e4taKv2AA,HllvX50cXC0
172,v0mwWVHLsE0,HllvX50cXC0
173,zHbNyYRr4Ok,q7cFI8zjhAp
174,zHbNyYRr4Ok,UGTbjOrSMsh
175,FaY9S3yGdIK,Ddg0cceghIM
176,FaY9S3yGdIK,raVzuvAVYrE
177,FaY9S3yGdIK,eKedYQVxjWn
178,FaY9S3yGdIK,h7RYzvDS7Kc
179,FaY9S3yGdIK,mTSF9OkOVvI
180,FaY9S3yGdIK,QK1rNyJE2vo
181,FaY9S3yGdIK,zShlA5MAVHQ
182,FaY9S3yGdIK,hTVLtGKGXV5
183,FaY9S3yGdIK,rCzvys285kN
184,FaY9S3yGdIK,VZrxjCi8cQi
185,FaY9S3yGdIK,ZgnHXnu30cI
186,FaY9S3yGdIK,fHgwVjoElmE
187,Q5kxZic9BMc,rCzvys285kN
188,Q5kxZic9BMc,VZrxjCi8cQi
189,Q5kxZic9BMc,ZgnHXnu30cI
190,Q5kxZic9BMc,fHgwVjoElmE
191,eNWIPTl3hUo,yabsZCXTQRM
192,eNWIPTl3hUo,yWdrn6SiVZ9
193,eNWIPTl3hUo,zLX9lB6eIHI
194,eNWIPTl3hUo,C9j1R3XeUB3
195,eNWIPTl3hUo,sBvVzuUN7ty
196,eNWIPTl3hUo,JqdVRiI92bd
197,eNWIPTl3hUo,tD3pn44uScE
198,eNWIPTl3hUo,Mv9SNsGCT5e
199,eNWIPTl3hUo,rU0HnmI7P8S
200,eNWIPTl3hUo,pfXBcPz6khi
201,UVIA1adr8Zw,rCzvys285kN
202,UVIA1adr8Zw,VZrxjCi8cQi
203,UVIA1adr8Zw,ZgnHXnu30cI
204,UVIA1adr8Zw,fHgwVjoElmE
205,LFFHoPWVivy,rCzvys285kN
206,LFFHoPWVivy,VZrxjCi8cQi
207,LFFHoPWVivy,ZgnHXnu30cI
208,LFFHoPWVivy,fHgwVjoElmE
209,zl7HivKMT1K,rCzvys285kN
210,zl7HivKMT1K,VZrxjCi8cQi
211,zl7HivKMT1K,ZgnHXnu30cI
212,zl7HivKMT1K,fHgwVjoElmE
213,oQiuuiJwmYQ,yabsZCXTQRM
214,oQiuuiJwmYQ,yWdrn6SiVZ9
215,oQiuuiJwmYQ,zLX9lB6eIHI
216,oQiuuiJwmYQ,C9j1R3XeUB3
217,oQiuuiJwmYQ,sBvVzuUN7ty
218,oQiuuiJwmYQ,JqdVRiI92bd
219,oQiuuiJwmYQ,tD3pn44uScE
220,oQiuuiJwmYQ,Mv9SNsGCT5e
221,oQiuuiJwmYQ,rU0HnmI7P8S
222,oQiuuiJwmYQ,pfXBcPz6khi
223,m6YllL0oIft,Kq56swi3KAi
224,m6YllL0oIft,oVc5PtW8IsH
225,m6YllL0oIft,dqUlEsSUs8w
226,m6YllL0oIft,xgiuSKF9lKY
227,m6YllL0oIft,WQ8FzlyAWIM
228,dcLQBgJ6shF,rCzvys285kN
229,dcLQBgJ6shF,VZrxjCi8cQi
230,dcLQBgJ6shF,ZgnHXnu30cI
231,dcLQBgJ6shF,fHgwVjoElmE
232,UfI1sqbHMCM,rCzvys285kN
233,UfI1sqbHMCM,VZrxjCi8cQi
234,UfI1sqbHMCM,ZgnHXnu30cI
235,UfI1sqbHMCM,fHgwVjoElmE
236,DMw36RjdbFF,H70ZAB6lFN0
237,DMw36RjdbFF,CIJDVuBKosw
238,DMw36RjdbFF,YDcKEg7NPUj
239,DMw36RjdbFF,KQhpICg4pDD
240,DMw36RjdbFF,Ksn2fJ16UEA
241,DMw36RjdbFF,lvJU5xtFVD3
242,DMw36RjdbFF,oi3paDSTmNH
243,DMw36RjdbFF,d08q7V502jy
244,DMw36RjdbFF,U9cCBvHO2ns
245,DMw36RjdbFF,GZBOk5wzcv2
246,DMw36RjdbFF,eRffJvd314E
247,DMw36RjdbFF,gwUlCDcQqtU
248,DMw36RjdbFF,qqn2zBahp5x
249,DMw36RjdbFF,Hm0nPWUgUFu
250,DMw36RjdbFF,Jtjfp2JhFiL
251,DMw36RjdbFF,kRZ6ivAxbCI
252,DMw36RjdbFF,Ml0L5CB2mbs
253,DMw36RjdbFF,QsKFFmPfXYP
254,DMw36RjdbFF,mOHhwKjpIV9
255,DMw36RjdbFF,oKX78wjCeaN
256,vF25duFNCS2,rCzvys285kN
257,vF25duFNCS2,VZrxjCi8cQi
258,vF25duFNCS2,ZgnHXnu30cI
259,vF25duFNCS2,fHgwVjoElmE
260,TOyterBj30O,HllvX50cXC0
261,qQqspI9Ussz,rCzvys285kN
262,qQqspI9Ussz,VZrxjCi8cQi
263,qQqspI9Ussz,ZgnHXnu30cI
264,qQqspI9Ussz,fHgwVjoElmE
265,DHoJw575WLD,Kq56swi3KAi
266,DHoJw575WLD,oVc5PtW8IsH
267,DHoJw575WLD,dqUlEsSUs8w
268,DHoJw575WLD,xgiuSKF9lKY
269,DHoJw575WLD,WQ8FzlyAWIM
270,LSrwJqzz8h4,rCzvys285kN
271,LSrwJqzz8h4,VZrxjCi8cQi
272,LSrwJqzz8h4,ZgnHXnu30cI
273,LSrwJqzz8h4,fHgwVjoElmE
274,kQJEKtlzV3y,rCzvys285kN
275,kQJEKtlzV3y,VZrxjCi8cQi
276,kQJEKtlzV3y,ZgnHXnu30cI
277,kQJEKtlzV3y,fHgwVjoElmE
278,AOihKRVlIC6,q7cFI8zjhAp
279,AOihKRVlIC6,UGTbjOrSMsh
280,ENN55ASK3Kg,q7cFI8zjhAp
281,ENN55ASK3Kg,UGTbjOrSMsh
282,gTZfFXg8ChV,yabsZCXTQRM
283,gTZfFXg8ChV,yWdrn6SiVZ9
284,gTZfFXg8ChV,zLX9lB6eIHI
285,gTZfFXg8ChV,C9j1R3XeUB3
286,gTZfFXg8ChV,sBvVzuUN7ty
287,gTZfFXg8ChV,JqdVRiI92bd
288,gTZfFXg8ChV,tD3pn44uScE
289,gTZfFXg8ChV,Mv9SNsGCT5e
290,gTZfFXg8ChV,rU0HnmI7P8S
291,gTZfFXg8ChV,pfXBcPz6khi
292,cjmlydIwU9A,rCzvys285kN
293,cjmlydIwU9A,VZrxjCi8cQi
294,cjmlydIwU9A,ZgnHXnu30cI
295,cjmlydIwU9A,fHgwVjoElmE
296,IYWgEa8BVrm,HllvX50cXC0
297,hnKT07rI10V,rCzvys285kN
298,hnKT07rI10V,VZrxjCi8cQi
299,hnKT07rI10V,ZgnHXnu30cI
300,hnKT07rI10V,fHgwVjoElmE
301,N3604UVj1de,rCzvys285kN
302,N3604UVj1de,VZrxjCi8cQi
303,N3604UVj1de,ZgnHXnu30cI
304,N3604UVj1de,fHgwVjoElmE
305,jhz22OpKKTZ,rCzvys285kN
306,jhz22OpKKTZ,VZrxjCi8cQi
307,jhz22OpKKTZ,ZgnHXnu30cI
308,jhz22OpKKTZ,fHgwVjoElmE
309,dEpH6RyUOkD,SM9d5ybWcr0
310,dEpH6RyUOkD,H5MiomGgbbi
311,dEpH6RyUOkD,OUPWAOZojRb
312,d6v0X5nid8m,rCzvys285kN
313,d6v0X5nid8m,VZrxjCi8cQi
314,d6v0X5nid8m,ZgnHXnu30cI
315,d6v0X5nid8m,fHgwVjoElmE
316,OKoTaba5aHk,q7cFI8zjhAp
317,OKoTaba5aHk,UGTbjOrSMsh
318,l9XYmLyopoe,h6Pad0c6ic0
319,l9XYmLyopoe,acibdlEhhxw
320,l9XYmLyopoe,EKm949hzsgY
321,l9XYmLyopoe,vGHDZm2UPq5
322,l9XYmLyopoe,gP0qIQwYVZx
323,l9XYmLyopoe,vDOMBTXYpkl
324,l9XYmLyopoe,xyzkAnT5ApT
325,l9XYmLyopoe,mJnJWk4Ih48
326,l9XYmLyopoe,I1IHrbBF2fm
327,l9XYmLyopoe,wlZ7QBEZWE2
328,l9XYmLyopoe,HJ8vavGBwnt
329,l9XYmLyopoe,b1p4v65Fds7
330,pzJFoINfkef,rCzvys285kN
331,pzJFoINfkef,VZrxjCi8cQi
332,pzJFoINfkef,ZgnHXnu30cI
333,pzJFoINfkef,fHgwVjoElmE
334,BCKu9yj32cc,q7cFI8zjhAp
335,BCKu9yj32cc,UGTbjOrSMsh
336,jaD6HuE0Mey,QbWmboyft5U
337,jaD6HuE0Mey,IvH2NxNT1i2
338,jaD6HuE0Mey,KXQVCmilMrN
339,jaD6HuE0Mey,AQmOIr8mkhA
340,jaD6HuE0Mey,aBwgn3seEeJ
341,jaD6HuE0Mey,KlaBA6uAve7
342,lf3vYXro500,rCzvys285kN
343,lf3vYXro500,VZrxjCi8cQi
344,lf3vYXro500,ZgnHXnu30cI
345,lf3vYXro500,fHgwVjoElmE
346,vNcebhczYC3,HllvX50cXC0
347,bRhyUH8NBNb,rCzvys285kN
348,bRhyUH8NBNb,VZrxjCi8cQi
349,bRhyUH8NBNb,ZgnHXnu30cI
350,bRhyUH8NBNb,fHgwVjoElmE
351,JomcjLiimsZ,rCzvys285kN
352,JomcjLiimsZ,VZrxjCi8cQi
353,JomcjLiimsZ,ZgnHXnu30cI
354,JomcjLiimsZ,fHgwVjoElmE
355,yPGlU5Xqjm2,Kq56swi3KAi
356,yPGlU5Xqjm2,oVc5PtW8IsH
357,yPGlU5Xqjm2,dqUlEsSUs8w
358,yPGlU5Xqjm2,xgiuSKF9lKY
359,yPGlU5Xqjm2,WQ8FzlyAWIM
360,R81HIkiYIjR,Kq56swi3KAi
361,R81HIkiYIjR,oVc5PtW8IsH
362,R81HIkiYIjR,dqUlEsSUs8w
363,R81HIkiYIjR,xgiuSKF9lKY
364,R81HIkiYIjR,WQ8FzlyAWIM
365,bXgiNZ0GeQR,rCzvys285kN
366,bXgiNZ0GeQR,VZrxjCi8cQi
367,bXgiNZ0GeQR,ZgnHXnu30cI
368,bXgiNZ0GeQR,fHgwVjoElmE
369,iturQyW99RW,HllvX50cXC0
370,XuFJz2c2NmL,rCzvys285kN
371,XuFJz2c2NmL,VZrxjCi8cQi
372,XuFJz2c2NmL,ZgnHXnu30cI
373,XuFJz2c2NmL,fHgwVjoElmE
374,yMSYuGrhzXI,rCzvys285kN
375,yMSYuGrhzXI,VZrxjCi8cQi
376,yMSYuGrhzXI,ZgnHXnu30cI
377,yMSYuGrhzXI,fHgwVjoElmE
378,TZaJLK2Wye7,NdimbHlmGB1
379,TZaJLK2Wye7,VOOkKOAttyR
380,TZaJLK2Wye7,q33Jr73momc
381,TZaJLK2Wye7,NThAKEjWS24
382,TZaJLK2Wye7,LHh04IA7nsJ
383,TZaJLK2Wye7,jYSOZj8kVzc
384,TZaJLK2Wye7,Bnt7abK0gqb
385,TZaJLK2Wye7,OptiiLdMwqD
386,TZaJLK2Wye7,e8VpasQuKOf
387,TZaJLK2Wye7,icfcJwOA3HY
388,TZaJLK2Wye7,dVLQmjChiB5
389,TZaJLK2Wye7,inLYcBvHZSR
390,TZaJLK2Wye7,Y6uGpgGb7R5
391,TZaJLK2Wye7,tjG9Nt0wdwM
392,tNyVMeobfib,HllvX50cXC0
393,dvybLjgBVOs,q7cFI8zjhAp
394,dvybLjgBVOs,UGTbjOrSMsh
395,SgTjL8hJ1uS,rCzvys285kN
396,SgTjL8hJ1uS,VZrxjCi8cQi
397,SgTjL8hJ1uS,ZgnHXnu30cI
398,SgTjL8hJ1uS,fHgwVjoElmE
399,KUR1yjLJYoa,rCzvys285kN
400,KUR1yjLJYoa,VZrxjCi8cQi
401,KUR1yjLJYoa,ZgnHXnu30cI
402,KUR1yjLJYoa,fHgwVjoElmE
403,pYLaZhHmbUs,rCzvys285kN
404,pYLaZhHmbUs,VZrxjCi8cQi
405,pYLaZhHmbUs,ZgnHXnu30cI
406,pYLaZhHmbUs,fHgwVjoElmE
407,A74OhwgALvY,zIogUIZ3vka
408,A74OhwgALvY,zd1pRGptqYg
409,A74OhwgALvY,zIiMJYqRmdk
410,A74OhwgALvY,hzd1Drc6Vko
411,A74OhwgALvY,BASPbm88210
412,DyjdpW0NZAi,q7cFI8zjhAp
413,DyjdpW0NZAi,UGTbjOrSMsh
414,FbqzQB58GNY,rCzvys285kN
415,FbqzQB58GNY,VZrxjCi8cQi
416,FbqzQB58GNY,ZgnHXnu30cI
417,FbqzQB58GNY,fHgwVjoElmE
418,OaO8dGIIMVV,rCzvys285kN
419,OaO8dGIIMVV,VZrxjCi8cQi
420,OaO8dGIIMVV,ZgnHXnu30cI
421,OaO8dGIIMVV,fHgwVjoElmE
422,F0d8x2uFFGy,HllvX50cXC0
423,xdvasVfPi7m,rCzvys285kN
424,xdvasVfPi7m,VZrxjCi8cQi
425,xdvasVfPi7m,ZgnHXnu30cI
426,xdvasVfPi7m,fHgwVjoElmE
427,daUTHW3uNC1,rCzvys285kN
428,daUTHW3uNC1,VZrxjCi8cQi
429,daUTHW3uNC1,ZgnHXnu30cI
430,daUTHW3uNC1,fHgwVjoElmE
431,yAYDE41DniJ,rCzvys285kN
432,yAYDE41DniJ,VZrxjCi8cQi
433,yAYDE41DniJ,ZgnHXnu30cI
434,yAYDE41DniJ,fHgwVjoElmE
435,ihT00Ek6a40,Ddg0cceghIM
436,ihT00Ek6a40,raVzuvAVYrE
437,ihT00Ek6a40,eKedYQVxjWn
438,ihT00Ek6a40,h7RYzvDS7Kc
439,ihT00Ek6a40,mTSF9OkOVvI
440,ihT00Ek6a40,QK1rNyJE2vo
441,ihT00Ek6a40,zShlA5MAVHQ
442,ihT00Ek6a40,hTVLtGKGXV5
443,ihT00Ek6a40,rCzvys285kN
444,ihT00Ek6a40,VZrxjCi8cQi
445,ihT00Ek6a40,ZgnHXnu30cI
446,ihT00Ek6a40,fHgwVjoElmE
447,w0WtgT6SgZa,yabsZCXTQRM
448,w0WtgT6SgZa,yWdrn6SiVZ9
449,w0WtgT6SgZa,zLX9lB6eIHI
450,w0WtgT6SgZa,C9j1R3XeUB3
451,w0WtgT6SgZa,sBvVzuUN7ty
452,w0WtgT6SgZa,JqdVRiI92bd
453,w0WtgT6SgZa,tD3pn44uScE
454,w0WtgT6SgZa,Mv9SNsGCT5e
455,w0WtgT6SgZa,rU0HnmI7P8S
456,w0WtgT6SgZa,pfXBcPz6khi
457,zsZUdulI8bl,h6Pad0c6ic0
458,zsZUdulI8bl,acibdlEhhxw
459,zsZUdulI8bl,EKm949hzsgY
460,zsZUdulI8bl,vGHDZm2UPq5
461,zsZUdulI8bl,gP0qIQwYVZx
462,zsZUdulI8bl,vDOMBTXYpkl
463,zsZUdulI8bl,xyzkAnT5ApT
464,zsZUdulI8bl,mJnJWk4Ih48
465,zsZUdulI8bl,I1IHrbBF2fm
466,zsZUdulI8bl,wlZ7QBEZWE2
467,zsZUdulI8bl,HJ8vavGBwnt
468,zsZUdulI8bl,b1p4v65Fds7
469,lK5C48YJcUQ,yabsZCXTQRM
470,lK5C48YJcUQ,yWdrn6SiVZ9
471,lK5C48YJcUQ,zLX9lB6eIHI
472,lK5C48YJcUQ,C9j1R3XeUB3
473,lK5C48YJcUQ,sBvVzuUN7ty
474,lK5C48YJcUQ,JqdVRiI92bd
475,lK5C48YJcUQ,tD3pn44uScE
476,lK5C48YJcUQ,Mv9SNsGCT5e
477,lK5C48YJcUQ,rU0HnmI7P8S
478,lK5C48YJcUQ,pfXBcPz6khi
479,Hmn8Kciu33M,rCzvys285kN
480,Hmn8Kciu33M,VZrxjCi8cQi
481,Hmn8Kciu33M,ZgnHXnu30cI
482,Hmn8Kciu33M,fHgwVjoElmE
483,WLkbsi704oA,rCzvys285kN
484,WLkbsi704oA,VZrxjCi8cQi
485,WLkbsi704oA,ZgnHXnu30cI
486,WLkbsi704oA,fHgwVjoElmE
487,raA4iDPPWbn,HllvX50cXC0
488,ohXcG1L3DqI,HllvX50cXC0
489,lf7Mt2NefM4,iSgFSZgdKmp
490,lf7Mt2NefM4,B3FjMFN7dLF
491,lf7Mt2NefM4,YhjB5CCmgKe
492,lf7Mt2NefM4,wC1NfGYAPK8
493,lf7Mt2NefM4,FCIspDovDFZ
494,lf7Mt2NefM4,wbl4XOJUu4w
495,lf7Mt2NefM4,Wfx0A1dy4iB
496,lf7Mt2NefM4,Qehx71IqOYm
497,RkhwAIeNXGh,q7cFI8zjhAp
498,RkhwAIeNXGh,UGTbjOrSMsh
499,Eg9lOfQkV6t,Ddg0cceghIM
500,Eg9lOfQkV6t,raVzuvAVYrE
501,Eg9lOfQkV6t,eKedYQVxjWn
502,Eg9lOfQkV6t,h7RYzvDS7Kc
503,Eg9lOfQkV6t,mTSF9OkOVvI
504,Eg9lOfQkV6t,QK1rNyJE2vo
505,Eg9lOfQkV6t,zShlA5MAVHQ
506,Eg9lOfQkV6t,hTVLtGKGXV5
507,Eg9lOfQkV6t,rCzvys285kN
508,Eg9lOfQkV6t,VZrxjCi8cQi
509,Eg9lOfQkV6t,ZgnHXnu30cI
510,Eg9lOfQkV6t,fHgwVjoElmE
511,Qv0hdlvNErS,Ddg0cceghIM
512,Qv0hdlvNErS,raVzuvAVYrE
513,Qv0hdlvNErS,eKedYQVxjWn
514,Qv0hdlvNErS,h7RYzvDS7Kc
515,Qv0hdlvNErS,mTSF9OkOVvI
516,Qv0hdlvNErS,QK1rNyJE2vo
517,Qv0hdlvNErS,zShlA5MAVHQ
518,Qv0hdlvNErS,hTVLtGKGXV5
519,Qv0hdlvNErS,rCzvys285kN
520,Qv0hdlvNErS,VZrxjCi8cQi
521,Qv0hdlvNErS,ZgnHXnu30cI
522,Qv0hdlvNErS,fHgwVjoElmE
523,ezFHh8VeBTn,HllvX50cXC0
524,opWJppbNZCF,HllvX50cXC0
525,o5xK6qLqldi,SgtJVRGlRIo
526,o5xK6qLqldi,nusEBjg8bes
527,o5xK6qLqldi,sHKK94BX2Rp
528,o5xK6qLqldi,kkV0Rfqo4Ru
529,o5xK6qLqldi,UKCxMVgAc2s
530,o5xK6qLqldi,WyNau0T37h4
531,o5xK6qLqldi,OhmzAkCmkjU
532,o5xK6qLqldi,oIxEDq59GUL
533,o5xK6qLqldi,DHWRwZkFHqc
534,o5xK6qLqldi,mJNtXTVt6T1
535,v0hfRlfkriq,rCzvys285kN
536,v0hfRlfkriq,VZrxjCi8cQi
537,v0hfRlfkriq,ZgnHXnu30cI
538,v0hfRlfkriq,fHgwVjoElmE
539,TdJkcRdZtZy,rCzvys285kN
540,TdJkcRdZtZy,VZrxjCi8cQi
541,TdJkcRdZtZy,ZgnHXnu30cI
542,TdJkcRdZtZy,fHgwVjoElmE
543,lGxp2j4EdZk,r6izn2XFqEc
544,lGxp2j4EdZk,NYHvlXEt4Ak
545,lGxp2j4EdZk,A8rYH97KrsT
546,lGxp2j4EdZk,GNNdPRsjO2n
547,lGxp2j4EdZk,mtJPFOZgbxi
548,lGxp2j4EdZk,VSQdmcsGlPJ
549,lGxp2j4EdZk,cYqRrSx1FDh
550,lGxp2j4EdZk,tNGX99SZlLN
551,lGxp2j4EdZk,u5FiIkNknnZ
552,lGxp2j4EdZk,J0tZbSIQgJh
553,lGxp2j4EdZk,Yx9LGiAEzJI
554,lGxp2j4EdZk,wgxsjUMb8Rw
555,LBi9QhO72gt,HllvX50cXC0
556,LqdB3eomqf3,HllvX50cXC0
557,dfaUCTHQIo8,XJatc66P7A6
558,dfaUCTHQIo8,rj8MoomuB9C
559,dfaUCTHQIo8,lm5yShJh32E
560,dfaUCTHQIo8,U3H71QfQ3EM
561,dfaUCTHQIo8,u77V67JXHpb
562,dfaUCTHQIo8,Agwj0d0hsc5
563,dfaUCTHQIo8,CHqKEyZAHxD
564,dfaUCTHQIo8,ToY1RNX7epJ
565,dfaUCTHQIo8,vBmPAWZQDVs
566,dfaUCTHQIo8,dvlThSdHovb
567,dfaUCTHQIo8,QE0t2SWaRky
568,dfaUCTHQIo8,LPATiUAUj1c
569,dfaUCTHQIo8,sQZH5BgucFf
570,dfaUCTHQIo8,xg4v26gsfy0
571,dfaUCTHQIo8,ObYelhgHfKG
572,dfaUCTHQIo8,vUgKzac3JnH
573,dfaUCTHQIo8,rJw5ESKTTCI
574,dfaUCTHQIo8,LqXPAf6aXaj
575,dfaUCTHQIo8,cskjOuUM9Ej
576,dfaUCTHQIo8,S55CGFRkdpq
577,Rpwy5Jk10x9,rCzvys285kN
578,Rpwy5Jk10x9,VZrxjCi8cQi
579,Rpwy5Jk10x9,ZgnHXnu30cI
580,Rpwy5Jk10x9,fHgwVjoElmE
581,ZlmtbTF2ASR,rCzvys285kN
582,ZlmtbTF2ASR,VZrxjCi8cQi
583,ZlmtbTF2ASR,ZgnHXnu30cI
584,ZlmtbTF2ASR,fHgwVjoElmE
585,VrdRc2bufzi,q7cFI8zjhAp
586,VrdRc2bufzi,UGTbjOrSMsh
587,OVXwex3hHG6,rCzvys285kN
588,OVXwex3hHG6,VZrxjCi8cQi
589,OVXwex3hHG6,ZgnHXnu30cI
590,OVXwex3hHG6,fHgwVjoElmE
591,f9N0OUZiPqv,q7cFI8zjhAp
592,f9N0OUZiPqv,UGTbjOrSMsh
593,yla08nBdBKT,yabsZCXTQRM
594,yla08nBdBKT,yWdrn6SiVZ9
595,yla08nBdBKT,zLX9lB6eIHI
596,yla08nBdBKT,C9j1R3XeUB3
597,yla08nBdBKT,sBvVzuUN7ty
598,yla08nBdBKT,JqdVRiI92bd
599,yla08nBdBKT,tD3pn44uScE
600,yla08nBdBKT,Mv9SNsGCT5e
601,yla08nBdBKT,rU0HnmI7P8S
602,yla08nBdBKT,pfXBcPz6khi
603,C5dcyGU9i66,HllvX50cXC0
604,CUAumK84NhX,rCzvys285kN
605,CUAumK84NhX,VZrxjCi8cQi
606,CUAumK84NhX,ZgnHXnu30cI
607,CUAumK84NhX,fHgwVjoElmE
608,kZwLRNvQnby,HllvX50cXC0
609,ltA8M9atTR1,NdimbHlmGB1
610,ltA8M9atTR1,VOOkKOAttyR
611,ltA8M9atTR1,q33Jr73momc
612,ltA8M9atTR1,NThAKEjWS24
613,ltA8M9atTR1,LHh04IA7nsJ
614,ltA8M9atTR1,jYSOZj8kVzc
615,ltA8M9atTR1,Bnt7abK0gqb
616,ltA8M9atTR1,OptiiLdMwqD
617,ltA8M9atTR1,e8VpasQuKOf
618,ltA8M9atTR1,icfcJwOA3HY
619,ltA8M9atTR1,dVLQmjChiB5
620,ltA8M9atTR1,inLYcBvHZSR
621,ltA8M9atTR1,Y6uGpgGb7R5
622,ltA8M9atTR1,tjG9Nt0wdwM
623,ovc2MZWZu6e,rCzvys285kN
624,ovc2MZWZu6e,VZrxjCi8cQi
625,ovc2MZWZu6e,ZgnHXnu30cI
626,ovc2MZWZu6e,fHgwVjoElmE
627,yHSq2dmeCEk,rCzvys285kN
628,yHSq2dmeCEk,VZrxjCi8cQi
629,yHSq2dmeCEk,ZgnHXnu30cI
630,yHSq2dmeCEk,fHgwVjoElmE
631,EKucWpRdbRL,HllvX50cXC0
632,qhCSSSr8F97,Kq56swi3KAi
633,qhCSSSr8F97,oVc5PtW8IsH
634,qhCSSSr8F97,dqUlEsSUs8w
635,qhCSSSr8F97,xgiuSKF9lKY
636,qhCSSSr8F97,WQ8FzlyAWIM
637,K2yMiF2plkp,HllvX50cXC0
638,jfmbEbkEoxx,q7cFI8zjhAp
639,jfmbEbkEoxx,UGTbjOrSMsh
640,VMu1fKA09Y4,rCzvys285kN
641,VMu1fKA09Y4,VZrxjCi8cQi
642,VMu1fKA09Y4,ZgnHXnu30cI
643,VMu1fKA09Y4,fHgwVjoElmE
644,mmHnl1ZokVu,rCzvys285kN
645,mmHnl1ZokVu,VZrxjCi8cQi
646,mmHnl1ZokVu,ZgnHXnu30cI
647,mmHnl1ZokVu,fHgwVjoElmE
648,xt5Z2Lu4zWy,rCzvys285kN
649,xt5Z2Lu4zWy,VZrxjCi8cQi
650,xt5Z2Lu4zWy,ZgnHXnu30cI
651,xt5Z2Lu4zWy,fHgwVjoElmE
652,Xo9NH4cCUo7,HllvX50cXC0
653,HI1nDThtnag,rCzvys285kN
654,HI1nDThtnag,VZrxjCi8cQi
655,HI1nDThtnag,ZgnHXnu30cI
656,HI1nDThtnag,fHgwVjoElmE
657,glOutQy7Xf7,rCzvys285kN
658,glOutQy7Xf7,VZrxjCi8cQi
659,glOutQy7Xf7,ZgnHXnu30cI
660,glOutQy7Xf7,fHgwVjoElmE
661,AH2jKSkLju4,HllvX50cXC0
662,SOXZuO3gM8x,rCzvys285kN
663,SOXZuO3gM8x,VZrxjCi8cQi
664,SOXZuO3gM8x,ZgnHXnu30cI
665,SOXZuO3gM8x,fHgwVjoElmE
666,kq26U1G27oZ,H70ZAB6lFN0
667,kq26U1G27oZ,CIJDVuBKosw
668,kq26U1G27oZ,YDcKEg7NPUj
669,kq26U1G27oZ,KQhpICg4pDD
670,kq26U1G27oZ,Ksn2fJ16UEA
671,kq26U1G27oZ,lvJU5xtFVD3
672,kq26U1G27oZ,oi3paDSTmNH
673,kq26U1G27oZ,d08q7V502jy
674,kq26U1G27oZ,U9cCBvHO2ns
675,kq26U1G27oZ,GZBOk5wzcv2
676,kq26U1G27oZ,eRffJvd314E
677,kq26U1G27oZ,gwUlCDcQqtU
678,kq26U1G27oZ,qqn2zBahp5x
679,kq26U1G27oZ,Hm0nPWUgUFu
680,kq26U1G27oZ,Jtjfp2JhFiL
681,kq26U1G27oZ,kRZ6ivAxbCI
682,kq26U1G27oZ,Ml0L5CB2mbs
683,kq26U1G27oZ,QsKFFmPfXYP
684,kq26U1G27oZ,mOHhwKjpIV9
685,kq26U1G27oZ,oKX78wjCeaN
686,pGK81UigSza,r6izn2XFqEc
687,pGK81UigSza,NYHvlXEt4Ak
688,pGK81UigSza,A8rYH97KrsT
689,pGK81UigSza,GNNdPRsjO2n
690,pGK81UigSza,mtJPFOZgbxi
691,pGK81UigSza,VSQdmcsGlPJ
692,pGK81UigSza,cYqRrSx1FDh
693,pGK81UigSza,tNGX99SZlLN
694,pGK81UigSza,u5FiIkNknnZ
695,pGK81UigSza,J0tZbSIQgJh
696,pGK81UigSza,Yx9LGiAEzJI
697,pGK81UigSza,wgxsjUMb8Rw
698,yv29ldwWIHE,HllvX50cXC0
699,CHZmPKvMWFe,rCzvys285kN
700,CHZmPKvMWFe,VZrxjCi8cQi
701,CHZmPKvMWFe,ZgnHXnu30cI
702,CHZmPKvMWFe,fHgwVjoElmE
703,HHkRHaNQiYs,yabsZCXTQRM
704,HHkRHaNQiYs,yWdrn6SiVZ9
705,HHkRHaNQiYs,zLX9lB6eIHI
706,HHkRHaNQiYs,C9j1R3XeUB3
707,HHkRHaNQiYs,sBvVzuUN7ty
708,HHkRHaNQiYs,JqdVRiI92bd
709,HHkRHaNQiYs,tD3pn44uScE
710,HHkRHaNQiYs,Mv9SNsGCT5e
711,HHkRHaNQiYs,rU0HnmI7P8S
712,HHkRHaNQiYs,pfXBcPz6khi
713,wgTZIEsmSny,rCzvys285kN
714,wgTZIEsmSny,VZrxjCi8cQi
715,wgTZIEsmSny,ZgnHXnu30cI
716,wgTZIEsmSny,fHgwVjoElmE
717,v70YDEPYNmu,HllvX50cXC0
718,m9EIlnDCSTB,rCzvys285kN
719,m9EIlnDCSTB,VZrxjCi8cQi
720,m9EIlnDCSTB,ZgnHXnu30cI
721,m9EIlnDCSTB,fHgwVjoElmE
722,Mp7O6KtbGlI,rCzvys285kN
723,Mp7O6KtbGlI,VZrxjCi8cQi
724,Mp7O6KtbGlI,ZgnHXnu30cI
725,Mp7O6KtbGlI,fHgwVjoElmE
726,nWV5jl8Zc5q,rCzvys285kN
727,nWV5jl8Zc5q,VZrxjCi8cQi
728,nWV5jl8Zc5q,ZgnHXnu30cI
729,nWV5jl8Zc5q,fHgwVjoElmE
730,K6TjpCYCC2t,HllvX50cXC0
731,HOhljVgTvSL,HllvX50cXC0
732,d0SAmcQD81f,rCzvys285kN
733,d0SAmcQD81f,VZrxjCi8cQi
734,d0SAmcQD81f,ZgnHXnu30cI
735,d0SAmcQD81f,fHgwVjoElmE
736,LdDbRqrKiNf,q7cFI8zjhAp
737,LdDbRqrKiNf,UGTbjOrSMsh
738,FddbJtODAdy,h6Pad0c6ic0
739,FddbJtODAdy,acibdlEhhxw
740,FddbJtODAdy,EKm949hzsgY
741,FddbJtODAdy,vGHDZm2UPq5
742,FddbJtODAdy,gP0qIQwYVZx
743,FddbJtODAdy,vDOMBTXYpkl
744,FddbJtODAdy,xyzkAnT5ApT
745,FddbJtODAdy,mJnJWk4Ih48
746,FddbJtODAdy,I1IHrbBF2fm
747,FddbJtODAdy,wlZ7QBEZWE2
748,FddbJtODAdy,HJ8vavGBwnt
749,FddbJtODAdy,b1p4v65Fds7
750,qtycGtVct8P,rCzvys285kN
751,qtycGtVct8P,VZrxjCi8cQi
752,qtycGtVct8P,ZgnHXnu30cI
753,qtycGtVct8P,fHgwVjoElmE
754,uzNV6toZeFj,rCzvys285kN
755,uzNV6toZeFj,VZrxjCi8cQi
756,uzNV6toZeFj,ZgnHXnu30cI
757,uzNV6toZeFj,fHgwVjoElmE
758,BtCpvBuxPGW,q7cFI8zjhAp
759,BtCpvBuxPGW,UGTbjOrSMsh
760,IRQHM1CBkp4,rCzvys285kN
761,IRQHM1CBkp4,VZrxjCi8cQi
762,IRQHM1CBkp4,ZgnHXnu30cI
763,IRQHM1CBkp4,fHgwVjoElmE
764,hD6oSYR7Y6E,h6Pad0c6ic0
765,hD6oSYR7Y6E,acibdlEhhxw
766,hD6oSYR7Y6E,EKm949hzsgY
767,hD6oSYR7Y6E,vGHDZm2UPq5
768,hD6oSYR7Y6E,gP0qIQwYVZx
769,hD6oSYR7Y6E,vDOMBTXYpkl
770,hD6oSYR7Y6E,xyzkAnT5ApT
771,hD6oSYR7Y6E,mJnJWk4Ih48
772,hD6oSYR7Y6E,I1IHrbBF2fm
773,hD6oSYR7Y6E,wlZ7QBEZWE2
774,hD6oSYR7Y6E,HJ8vavGBwnt
775,hD6oSYR7Y6E,b1p4v65Fds7
776,kTNR0V38fJ1,rCzvys285kN
777,kTNR0V38fJ1,VZrxjCi8cQi
778,kTNR0V38fJ1,ZgnHXnu30cI
779,kTNR0V38fJ1,fHgwVjoElmE
780,jJ5h2IlSZ01,rCzvys285kN
781,jJ5h2IlSZ01,VZrxjCi8cQi
782,jJ5h2IlSZ01,ZgnHXnu30cI
783,jJ5h2IlSZ01,fHgwVjoElmE
784,p7I8eXtvCtH,HllvX50cXC0
785,pEZczKZAAIy,rCzvys285kN
786,pEZczKZAAIy,VZrxjCi8cQi
787,pEZczKZAAIy,ZgnHXnu30cI
788,pEZczKZAAIy,fHgwVjoElmE
789,gN39aS9aNKr,r6izn2XFqEc
790,gN39aS9aNKr,NYHvlXEt4Ak
791,gN39aS9aNKr,A8rYH97KrsT
792,gN39aS9aNKr,GNNdPRsjO2n
793,gN39aS9aNKr,mtJPFOZgbxi
794,gN39aS9aNKr,VSQdmcsGlPJ
795,gN39aS9aNKr,cYqRrSx1FDh
796,gN39aS9aNKr,tNGX99SZlLN
797,gN39aS9aNKr,u5FiIkNknnZ
798,gN39aS9aNKr,J0tZbSIQgJh
799,gN39aS9aNKr,Yx9LGiAEzJI
800,gN39aS9aNKr,wgxsjUMb8Rw
801,RArmWwpOZKC,rCzvys285kN
802,RArmWwpOZKC,VZrxjCi8cQi
803,RArmWwpOZKC,ZgnHXnu30cI
804,RArmWwpOZKC,fHgwVjoElmE
805,F5ZQ5kiFrIh,rCzvys285kN
806,F5ZQ5kiFrIh,VZrxjCi8cQi
807,F5ZQ5kiFrIh,ZgnHXnu30cI
808,F5ZQ5kiFrIh,fHgwVjoElmE
809,ZDOXr72PIRo,rCzvys285kN
810,ZDOXr72PIRo,VZrxjCi8cQi
811,ZDOXr72PIRo,ZgnHXnu30cI
812,ZDOXr72PIRo,fHgwVjoElmE
813,Aq8XNtKppCj,yabsZCXTQRM
814,Aq8XNtKppCj,yWdrn6SiVZ9
815,Aq8XNtKppCj,zLX9lB6eIHI
816,Aq8XNtKppCj,C9j1R3XeUB3
817,Aq8XNtKppCj,sBvVzuUN7ty
818,Aq8XNtKppCj,JqdVRiI92bd
819,Aq8XNtKppCj,tD3pn44uScE
820,Aq8XNtKppCj,Mv9SNsGCT5e
821,Aq8XNtKppCj,rU0HnmI7P8S
822,Aq8XNtKppCj,pfXBcPz6khi
823,f3dPv2Y8mNJ,rCzvys285kN
824,f3dPv2Y8mNJ,VZrxjCi8cQi
825,f3dPv2Y8mNJ,ZgnHXnu30cI
826,f3dPv2Y8mNJ,fHgwVjoElmE
827,Oo6kbn4NLM8,HllvX50cXC0
828,YOPFBX0Oz33,rCzvys285kN
829,YOPFBX0Oz33,VZrxjCi8cQi
830,YOPFBX0Oz33,ZgnHXnu30cI
831,YOPFBX0Oz33,fHgwVjoElmE
832,vyHBTXys1fJ,HllvX50cXC0
833,ZoPc492lncm,HllvX50cXC0
834,fIaMy9BfYIr,q7cFI8zjhAp
835,fIaMy9BfYIr,UGTbjOrSMsh
836,TTQUftZqrM9,rCzvys285kN
837,TTQUftZqrM9,VZrxjCi8cQi
838,TTQUftZqrM9,ZgnHXnu30cI
839,TTQUftZqrM9,fHgwVjoElmE
840,CZVQpoqMiJj,yabsZCXTQRM
841,CZVQpoqMiJj,yWdrn6SiVZ9
842,CZVQpoqMiJj,zLX9lB6eIHI
843,CZVQpoqMiJj,C9j1R3XeUB3
844,CZVQpoqMiJj,sBvVzuUN7ty
845,CZVQpoqMiJj,JqdVRiI92bd
846,CZVQpoqMiJj,tD3pn44uScE
847,CZVQpoqMiJj,Mv9SNsGCT5e
848,CZVQpoqMiJj,rU0HnmI7P8S
849,CZVQpoqMiJj,pfXBcPz6khi
850,heWK279wU8B,rCzvys285kN
851,heWK279wU8B,VZrxjCi8cQi
852,heWK279wU8B,ZgnHXnu30cI
853,heWK279wU8B,fHgwVjoElmE
854,gHjJrtw9vQX,rCzvys285kN
855,gHjJrtw9vQX,VZrxjCi8cQi
856,gHjJrtw9vQX,ZgnHXnu30cI
857,gHjJrtw9vQX,fHgwVjoElmE
858,afhCurNrWoD,Kq56swi3KAi
859,afhCurNrWoD,oVc5PtW8IsH
860,afhCurNrWoD,dqUlEsSUs8w
861,afhCurNrWoD,xgiuSKF9lKY
862,afhCurNrWoD,WQ8FzlyAWIM
863,aYxcUnPci7h,r6izn2XFqEc
864,aYxcUnPci7h,NYHvlXEt4Ak
865,aYxcUnPci7h,A8rYH97KrsT
866,aYxcUnPci7h,GNNdPRsjO2n
867,aYxcUnPci7h,mtJPFOZgbxi
868,aYxcUnPci7h,VSQdmcsGlPJ
869,aYxcUnPci7h,cYqRrSx1FDh
870,aYxcUnPci7h,tNGX99SZlLN
871,aYxcUnPci7h,u5FiIkNknnZ
872,aYxcUnPci7h,J0tZbSIQgJh
873,aYxcUnPci7h,Yx9LGiAEzJI
874,aYxcUnPci7h,wgxsjUMb8Rw
875,y1tRJxQTQCI,rCzvys285kN
876,y1tRJxQTQCI,VZrxjCi8cQi
877,y1tRJxQTQCI,ZgnHXnu30cI
878,y1tRJxQTQCI,fHgwVjoElmE
879,dMjMeJhBwLY,rCzvys285kN
880,dMjMeJhBwLY,VZrxjCi8cQi
881,dMjMeJhBwLY,ZgnHXnu30cI
882,dMjMeJhBwLY,fHgwVjoElmE
883,OgsO6jkh0UF,HllvX50cXC0
884,vyOajQA5xTu,XJatc66P7A6
885,vyOajQA5xTu,rj8MoomuB9C
886,vyOajQA5xTu,lm5yShJh32E
887,vyOajQA5xTu,U3H71QfQ3EM
888,vyOajQA5xTu,u77V67JXHpb
889,vyOajQA5xTu,Agwj0d0hsc5
890,vyOajQA5xTu,CHqKEyZAHxD
891,vyOajQA5xTu,ToY1RNX7epJ
892,vyOajQA5xTu,vBmPAWZQDVs
893,vyOajQA5xTu,dvlThSdHovb
894,vyOajQA5xTu,QE0t2SWaRky
895,vyOajQA5xTu,LPATiUAUj1c
896,vyOajQA5xTu,sQZH5BgucFf
897,vyOajQA5xTu,xg4v26gsfy0
898,vyOajQA5xTu,ObYelhgHfKG
899,vyOajQA5xTu,vUgKzac3JnH
900,vyOajQA5xTu,rJw5ESKTTCI
901,vyOajQA5xTu,LqXPAf6aXaj
902,vyOajQA5xTu,cskjOuUM9Ej
903,vyOajQA5xTu,S55CGFRkdpq
904,RXPwgce8vco,d0tWwN5O6NO
905,RXPwgce8vco,Ve34gUv8xMH
906,RXPwgce8vco,OE9AdLE48yj
907,RXPwgce8vco,NFNV30tIn8T
908,RXPwgce8vco,AmyeUte6IfQ
909,RXPwgce8vco,KLjBWPSSfqG
910,RXPwgce8vco,QwmgfRLXySv
911,RXPwgce8vco,VyCuYZXDXiO
912,RXPwgce8vco,Zacetp7r5HC
913,RXPwgce8vco,a9NFxaXN9KD
914,RXPwgce8vco,sBkrGKNQ0uz
915,RXPwgce8vco,A2ZsKFXp6Vn
916,RXPwgce8vco,eDQHbmqfA0E
917,RXPwgce8vco,lvYG6LfU4Jo
918,RXPwgce8vco,Z2df6EDsYk1
919,RXPwgce8vco,rkbc2xbaa8g
920,RXPwgce8vco,dBzKnHTWCkK
921,RXPwgce8vco,GMPyv2RPvxm
922,RXPwgce8vco,gp5AoqZCBjE
923,RXPwgce8vco,rsV4LLJt5Lw
924,RXPwgce8vco,rCzvys285kN
925,RXPwgce8vco,VZrxjCi8cQi
926,RXPwgce8vco,ZgnHXnu30cI
927,RXPwgce8vco,fHgwVjoElmE
928,RBf23BhwFTi,rCzvys285kN
929,RBf23BhwFTi,VZrxjCi8cQi
930,RBf23BhwFTi,ZgnHXnu30cI
931,RBf23BhwFTi,fHgwVjoElmE
932,vlAE4TnSEC4,yabsZCXTQRM
933,vlAE4TnSEC4,yWdrn6SiVZ9
934,vlAE4TnSEC4,zLX9lB6eIHI
935,vlAE4TnSEC4,C9j1R3XeUB3
936,vlAE4TnSEC4,sBvVzuUN7ty
937,vlAE4TnSEC4,JqdVRiI92bd
938,vlAE4TnSEC4,tD3pn44uScE
939,vlAE4TnSEC4,Mv9SNsGCT5e
940,vlAE4TnSEC4,rU0HnmI7P8S
941,vlAE4TnSEC4,pfXBcPz6khi
942,vlAE4TnSEC4,Kq56swi3KAi
943,vlAE4TnSEC4,oVc5PtW8IsH
944,vlAE4TnSEC4,dqUlEsSUs8w
945,vlAE4TnSEC4,xgiuSKF9lKY
946,vlAE4TnSEC4,WQ8FzlyAWIM
947,WBzy5Tcl3gQ,rCzvys285kN
948,WBzy5Tcl3gQ,VZrxjCi8cQi
949,WBzy5Tcl3gQ,ZgnHXnu30cI
950,WBzy5Tcl3gQ,fHgwVjoElmE
951,GgegJ0u8RNy,Kq56swi3KAi
952,GgegJ0u8RNy,oVc5PtW8IsH
953,GgegJ0u8RNy,dqUlEsSUs8w
954,GgegJ0u8RNy,xgiuSKF9lKY
955,GgegJ0u8RNy,WQ8FzlyAWIM
956,RSojLgY4g9M,HllvX50cXC0
957,KWrxprIvsEJ,rCzvys285kN
958,KWrxprIvsEJ,VZrxjCi8cQi
959,KWrxprIvsEJ,ZgnHXnu30cI
960,KWrxprIvsEJ,fHgwVjoElmE
961,vf2p7mMsCFK,h6Pad0c6ic0
962,vf2p7mMsCFK,acibdlEhhxw
963,vf2p7mMsCFK,EKm949hzsgY
964,vf2p7mMsCFK,vGHDZm2UPq5
965,vf2p7mMsCFK,gP0qIQwYVZx
966,vf2p7mMsCFK,vDOMBTXYpkl
967,vf2p7mMsCFK,xyzkAnT5ApT
968,vf2p7mMsCFK,mJnJWk4Ih48
969,vf2p7mMsCFK,I1IHrbBF2fm
970,vf2p7mMsCFK,wlZ7QBEZWE2
971,vf2p7mMsCFK,HJ8vavGBwnt
972,vf2p7mMsCFK,b1p4v65Fds7
973,VwhQY87SKV1,HllvX50cXC0
974,U4CaZSIMbkY,r6izn2XFqEc
975,U4CaZSIMbkY,NYHvlXEt4Ak
976,U4CaZSIMbkY,A8rYH97KrsT
977,U4CaZSIMbkY,GNNdPRsjO2n
978,U4CaZSIMbkY,mtJPFOZgbxi
979,U4CaZSIMbkY,VSQdmcsGlPJ
980,U4CaZSIMbkY,cYqRrSx1FDh
981,U4CaZSIMbkY,tNGX99SZlLN
982,U4CaZSIMbkY,u5FiIkNknnZ
983,U4CaZSIMbkY,J0tZbSIQgJh
984,U4CaZSIMbkY,Yx9LGiAEzJI
985,U4CaZSIMbkY,wgxsjUMb8Rw
986,sXLkdJuHPUm,h6Pad0c6ic0
987,sXLkdJuHPUm,acibdlEhhxw
988,sXLkdJuHPUm,EKm949hzsgY
989,sXLkdJuHPUm,vGHDZm2UPq5
990,sXLkdJuHPUm,gP0qIQwYVZx
991,sXLkdJuHPUm,vDOMBTXYpkl
992,sXLkdJuHPUm,xyzkAnT5ApT
993,sXLkdJuHPUm,mJnJWk4Ih48
994,sXLkdJuHPUm,I1IHrbBF2fm
995,sXLkdJuHPUm,wlZ7QBEZWE2
996,sXLkdJuHPUm,HJ8vavGBwnt
997,sXLkdJuHPUm,b1p4v65Fds7
998,fdONCNSJ7nn,iSgFSZgdKmp
999,fdONCNSJ7nn,B3FjMFN7dLF
1000,fdONCNSJ7nn,YhjB5CCmgKe
1001,fdONCNSJ7nn,wC1NfGYAPK8
1002,fdONCNSJ7nn,FCIspDovDFZ
1003,fdONCNSJ7nn,wbl4XOJUu4w
1004,fdONCNSJ7nn,Wfx0A1dy4iB
1005,fdONCNSJ7nn,Qehx71IqOYm
1006,ByBrKCeV16r,rCzvys285kN
1007,ByBrKCeV16r,VZrxjCi8cQi
1008,ByBrKCeV16r,ZgnHXnu30cI
1009,ByBrKCeV16r,fHgwVjoElmE
1010,TdK95Z8L8Us,q7cFI8zjhAp
1011,TdK95Z8L8Us,UGTbjOrSMsh
1012,pqB94cPNswT,q7cFI8zjhAp
1013,pqB94cPNswT,UGTbjOrSMsh
1014,rPeXVEjtw7D,h6Pad0c6ic0
1015,rPeXVEjtw7D,acibdlEhhxw
1016,rPeXVEjtw7D,EKm949hzsgY
1017,rPeXVEjtw7D,vGHDZm2UPq5
1018,rPeXVEjtw7D,gP0qIQwYVZx
1019,rPeXVEjtw7D,vDOMBTXYpkl
1020,rPeXVEjtw7D,xyzkAnT5ApT
1021,rPeXVEjtw7D,mJnJWk4Ih48
1022,rPeXVEjtw7D,I1IHrbBF2fm
1023,rPeXVEjtw7D,wlZ7QBEZWE2
1024,rPeXVEjtw7D,HJ8vavGBwnt
1025,rPeXVEjtw7D,b1p4v65Fds7
1026,IwouoE2x0dR,rCzvys285kN
1027,IwouoE2x0dR,VZrxjCi8cQi
1028,IwouoE2x0dR,ZgnHXnu30cI
1029,IwouoE2x0dR,fHgwVjoElmE
1030,aU1fTAAnFqm,HllvX50cXC0
1031,JYcSrtHDFbf,rCzvys285kN
1032,JYcSrtHDFbf,VZrxjCi8cQi
1033,JYcSrtHDFbf,ZgnHXnu30cI
1034,JYcSrtHDFbf,fHgwVjoElmE
1035,RRoeiHTe1xq,rCzvys285kN
1036,RRoeiHTe1xq,VZrxjCi8cQi
1037,RRoeiHTe1xq,ZgnHXnu30cI
1038,RRoeiHTe1xq,fHgwVjoElmE
1039,FiSYzTGPRPV,rCzvys285kN
1040,FiSYzTGPRPV,VZrxjCi8cQi
1041,FiSYzTGPRPV,ZgnHXnu30cI
1042,FiSYzTGPRPV,fHgwVjoElmE
1043,UZjlHNU31ri,rCzvys285kN
1044,UZjlHNU31ri,VZrxjCi8cQi
1045,UZjlHNU31ri,ZgnHXnu30cI
1046,UZjlHNU31ri,fHgwVjoElmE
1047,NdjpWnigebk,rCzvys285kN
1048,NdjpWnigebk,VZrxjCi8cQi
1049,NdjpWnigebk,ZgnHXnu30cI
1050,NdjpWnigebk,fHgwVjoElmE
1051,S4B7SNssEeo,rCzvys285kN
1052,S4B7SNssEeo,VZrxjCi8cQi
1053,S4B7SNssEeo,ZgnHXnu30cI
1054,S4B7SNssEeo,fHgwVjoElmE
1055,JnHjQU3KVKk,HllvX50cXC0
1056,CqAgkcN82T5,rCzvys285kN
1057,CqAgkcN82T5,VZrxjCi8cQi
1058,CqAgkcN82T5,ZgnHXnu30cI
1059,CqAgkcN82T5,fHgwVjoElmE
1060,o9f7NB93omG,WalQ4zu7RLz
1061,o9f7NB93omG,r01f3QfmLJS
1062,o9f7NB93omG,bmT820wlIV5
1063,o9f7NB93omG,vrSTfWaEZfP
1064,o9f7NB93omG,RKbp3GCvRrF
1065,o9f7NB93omG,I28asEo67Mt
1066,THvhqQBDJMa,r6izn2XFqEc
1067,THvhqQBDJMa,NYHvlXEt4Ak
1068,THvhqQBDJMa,A8rYH97KrsT
1069,THvhqQBDJMa,GNNdPRsjO2n
1070,THvhqQBDJMa,mtJPFOZgbxi
1071,THvhqQBDJMa,VSQdmcsGlPJ
1072,THvhqQBDJMa,cYqRrSx1FDh
1073,THvhqQBDJMa,tNGX99SZlLN
1074,THvhqQBDJMa,u5FiIkNknnZ
1075,THvhqQBDJMa,J0tZbSIQgJh
1076,THvhqQBDJMa,Yx9LGiAEzJI
1077,THvhqQBDJMa,wgxsjUMb8Rw
1078,irvbsJsCKSX,HllvX50cXC0
1079,zYm5NllhUiO,rCzvys285kN
1080,zYm5NllhUiO,VZrxjCi8cQi
1081,zYm5NllhUiO,ZgnHXnu30cI
1082,zYm5NllhUiO,fHgwVjoElmE
1083,bvL958q3qt3,HllvX50cXC0
1084,qwpp3buONDM,rCzvys285kN
1085,qwpp3buONDM,VZrxjCi8cQi
1086,qwpp3buONDM,ZgnHXnu30cI
1087,qwpp3buONDM,fHgwVjoElmE
1088,hEpHkND3EBx,rCzvys285kN
1089,hEpHkND3EBx,VZrxjCi8cQi
1090,hEpHkND3EBx,ZgnHXnu30cI
1091,hEpHkND3EBx,fHgwVjoElmE
1092,gXSzqABNyvn,h6Pad0c6ic0
1093,gXSzqABNyvn,acibdlEhhxw
1094,gXSzqABNyvn,EKm949hzsgY
1095,gXSzqABNyvn,vGHDZm2UPq5
1096,gXSzqABNyvn,gP0qIQwYVZx
1097,gXSzqABNyvn,vDOMBTXYpkl
1098,gXSzqABNyvn,xyzkAnT5ApT
1099,gXSzqABNyvn,mJnJWk4Ih48
1100,gXSzqABNyvn,I1IHrbBF2fm
1101,gXSzqABNyvn,wlZ7QBEZWE2
1102,gXSzqABNyvn,HJ8vavGBwnt
1103,gXSzqABNyvn,b1p4v65Fds7
1104,pHYEZh01ziY,HllvX50cXC0
1105,wzlKfcpShtJ,rCzvys285kN
1106,wzlKfcpShtJ,VZrxjCi8cQi
1107,wzlKfcpShtJ,ZgnHXnu30cI
1108,wzlKfcpShtJ,fHgwVjoElmE
1109,pGghUqwFbhU,Cn7Sbn1cmaJ
1110,pGghUqwFbhU,Vsm9HAH7Jyq
1111,pGghUqwFbhU,Spvx3gdpnkj
1112,pGghUqwFbhU,DbUSKRk6Z7x
1113,pGghUqwFbhU,OOMLP3gYLKq
1114,pGghUqwFbhU,cLh8II1swIK
1115,pGghUqwFbhU,YyglM1loCC3
1116,pGghUqwFbhU,yrO9l7ykS22
1117,pGghUqwFbhU,stkNJM5iYAB
1118,pGghUqwFbhU,keby93gYnGG
1119,pGghUqwFbhU,JjZuytPl7Cw
1120,pGghUqwFbhU,Qjab56noHMt
1121,LSJ8x3R8Zv9,rCzvys285kN
1122,LSJ8x3R8Zv9,VZrxjCi8cQi
1123,LSJ8x3R8Zv9,ZgnHXnu30cI
1124,LSJ8x3R8Zv9,fHgwVjoElmE
1125,z5PkcPrK3fT,QbWmboyft5U
1126,z5PkcPrK3fT,IvH2NxNT1i2
1127,z5PkcPrK3fT,KXQVCmilMrN
1128,z5PkcPrK3fT,AQmOIr8mkhA
1129,z5PkcPrK3fT,aBwgn3seEeJ
1130,z5PkcPrK3fT,KlaBA6uAve7
1131,WHNUWBXbXoD,rCzvys285kN
1132,WHNUWBXbXoD,VZrxjCi8cQi
1133,WHNUWBXbXoD,ZgnHXnu30cI
1134,WHNUWBXbXoD,fHgwVjoElmE
1135,KObLiBsY0pJ,rCzvys285kN
1136,KObLiBsY0pJ,VZrxjCi8cQi
1137,KObLiBsY0pJ,ZgnHXnu30cI
1138,KObLiBsY0pJ,fHgwVjoElmE
1139,sa9HWAcLlkt,rCzvys285kN
1140,sa9HWAcLlkt,VZrxjCi8cQi
1141,sa9HWAcLlkt,ZgnHXnu30cI
1142,sa9HWAcLlkt,fHgwVjoElmE
1143,fK0miFW7Gws,rCzvys285kN
1144,fK0miFW7Gws,VZrxjCi8cQi
1145,fK0miFW7Gws,ZgnHXnu30cI
1146,fK0miFW7Gws,fHgwVjoElmE
1147,O0mZlq4yYtv,rCzvys285kN
1148,O0mZlq4yYtv,VZrxjCi8cQi
1149,O0mZlq4yYtv,ZgnHXnu30cI
1150,O0mZlq4yYtv,fHgwVjoElmE
1151,JVQWjuXk7iv,HllvX50cXC0
1152,LO7YR6ZoUju,Kq56swi3KAi
1153,LO7YR6ZoUju,oVc5PtW8IsH
1154,LO7YR6ZoUju,dqUlEsSUs8w
1155,LO7YR6ZoUju,xgiuSKF9lKY
1156,LO7YR6ZoUju,WQ8FzlyAWIM
1157,YeCTIMF9blM,rCzvys285kN
1158,YeCTIMF9blM,VZrxjCi8cQi
1159,YeCTIMF9blM,ZgnHXnu30cI
1160,YeCTIMF9blM,fHgwVjoElmE
1161,yfvpymADFUU,rCzvys285kN
1162,yfvpymADFUU,VZrxjCi8cQi
1163,yfvpymADFUU,ZgnHXnu30cI
1164,yfvpymADFUU,fHgwVjoElmE
1165,zTP8AouOl6o,rCzvys285kN
1166,zTP8AouOl6o,VZrxjCi8cQi
1167,zTP8AouOl6o,ZgnHXnu30cI
1168,zTP8AouOl6o,fHgwVjoElmE
1169,Pda0kNZCTbm,HllvX50cXC0
1170,ryrsW2Ll2iy,rCzvys285kN
1171,ryrsW2Ll2iy,VZrxjCi8cQi
1172,ryrsW2Ll2iy,ZgnHXnu30cI
1173,ryrsW2Ll2iy,fHgwVjoElmE
1174,RC3ha4jhvip,HllvX50cXC0
1175,DBoJ9PjborC,H70ZAB6lFN0
1176,DBoJ9PjborC,CIJDVuBKosw
1177,DBoJ9PjborC,YDcKEg7NPUj
1178,DBoJ9PjborC,KQhpICg4pDD
1179,DBoJ9PjborC,Ksn2fJ16UEA
1180,DBoJ9PjborC,lvJU5xtFVD3
1181,DBoJ9PjborC,oi3paDSTmNH
1182,DBoJ9PjborC,d08q7V502jy
1183,DBoJ9PjborC,U9cCBvHO2ns
1184,DBoJ9PjborC,GZBOk5wzcv2
1185,DBoJ9PjborC,eRffJvd314E
1186,DBoJ9PjborC,gwUlCDcQqtU
1187,DBoJ9PjborC,qqn2zBahp5x
1188,DBoJ9PjborC,Hm0nPWUgUFu
1189,DBoJ9PjborC,Jtjfp2JhFiL
1190,DBoJ9PjborC,kRZ6ivAxbCI
1191,DBoJ9PjborC,Ml0L5CB2mbs
1192,DBoJ9PjborC,QsKFFmPfXYP
1193,DBoJ9PjborC,mOHhwKjpIV9
1194,DBoJ9PjborC,oKX78wjCeaN
1195,d9GWZJJ2r9T,HllvX50cXC0
1196,k2V7ZVpazLK,HllvX50cXC0
1197,JyBli1Cgxxy,okytTs4lVtF
1198,JyBli1Cgxxy,vqCWJv9BBf8
1199,JyBli1Cgxxy,Tn87kKIUzdH
1200,JyBli1Cgxxy,fI5tz0ACrww
1201,JyBli1Cgxxy,aK47vxl89ma
1202,JyBli1Cgxxy,WcQxBXNAPj2
1203,PuNEZM4FqHI,rCzvys285kN
1204,PuNEZM4FqHI,VZrxjCi8cQi
1205,PuNEZM4FqHI,ZgnHXnu30cI
1206,PuNEZM4FqHI,fHgwVjoElmE
1207,Qm3xIWNrswZ,HllvX50cXC0
1208,OivUOeFSRuF,rCzvys285kN
1209,OivUOeFSRuF,VZrxjCi8cQi
1210,OivUOeFSRuF,ZgnHXnu30cI
1211,OivUOeFSRuF,fHgwVjoElmE
1212,xRoQvrhFzQk,rCzvys285kN
1213,xRoQvrhFzQk,VZrxjCi8cQi
1214,xRoQvrhFzQk,ZgnHXnu30cI
1215,xRoQvrhFzQk,fHgwVjoElmE
1216,wCHJqtGX4rE,rCzvys285kN
1217,wCHJqtGX4rE,VZrxjCi8cQi
1218,wCHJqtGX4rE,ZgnHXnu30cI
1219,wCHJqtGX4rE,fHgwVjoElmE
1220,z69FgLBBCGZ,yabsZCXTQRM
1221,z69FgLBBCGZ,yWdrn6SiVZ9
1222,z69FgLBBCGZ,zLX9lB6eIHI
1223,z69FgLBBCGZ,C9j1R3XeUB3
1224,z69FgLBBCGZ,sBvVzuUN7ty
1225,z69FgLBBCGZ,JqdVRiI92bd
1226,z69FgLBBCGZ,tD3pn44uScE
1227,z69FgLBBCGZ,Mv9SNsGCT5e
1228,z69FgLBBCGZ,rU0HnmI7P8S
1229,z69FgLBBCGZ,pfXBcPz6khi
1230,rYSxm54kq7k,HllvX50cXC0
1231,InpXo2p84TL,HllvX50cXC0
1232,ftI4unKDI8y,rCzvys285kN
1233,ftI4unKDI8y,VZrxjCi8cQi
1234,ftI4unKDI8y,ZgnHXnu30cI
1235,ftI4unKDI8y,fHgwVjoElmE
1236,bNiJfmcpKn9,HllvX50cXC0
1237,KfnSCoFlDnU,NdimbHlmGB1
1238,KfnSCoFlDnU,VOOkKOAttyR
1239,KfnSCoFlDnU,q33Jr73momc
1240,KfnSCoFlDnU,NThAKEjWS24
1241,KfnSCoFlDnU,LHh04IA7nsJ
1242,KfnSCoFlDnU,jYSOZj8kVzc
1243,KfnSCoFlDnU,Bnt7abK0gqb
1244,KfnSCoFlDnU,OptiiLdMwqD
1245,KfnSCoFlDnU,e8VpasQuKOf
1246,KfnSCoFlDnU,icfcJwOA3HY
1247,KfnSCoFlDnU,dVLQmjChiB5
1248,KfnSCoFlDnU,inLYcBvHZSR
1249,KfnSCoFlDnU,Y6uGpgGb7R5
1250,KfnSCoFlDnU,tjG9Nt0wdwM
1251,ZMzULqYFejW,rCzvys285kN
1252,ZMzULqYFejW,VZrxjCi8cQi
1253,ZMzULqYFejW,ZgnHXnu30cI
1254,ZMzULqYFejW,fHgwVjoElmE
1255,hyJ3JKX5ZWi,r6izn2XFqEc
1256,hyJ3JKX5ZWi,NYHvlXEt4Ak
1257,hyJ3JKX5ZWi,A8rYH97KrsT
1258,hyJ3JKX5ZWi,GNNdPRsjO2n
1259,hyJ3JKX5ZWi,mtJPFOZgbxi
1260,hyJ3JKX5ZWi,VSQdmcsGlPJ
1261,hyJ3JKX5ZWi,cYqRrSx1FDh
1262,hyJ3JKX5ZWi,tNGX99SZlLN
1263,hyJ3JKX5ZWi,u5FiIkNknnZ
1264,hyJ3JKX5ZWi,J0tZbSIQgJh
1265,hyJ3JKX5ZWi,Yx9LGiAEzJI
1266,hyJ3JKX5ZWi,wgxsjUMb8Rw
1267,Dmwjae6G7Il,rCzvys285kN
1268,Dmwjae6G7Il,VZrxjCi8cQi
1269,Dmwjae6G7Il,ZgnHXnu30cI
1270,Dmwjae6G7Il,fHgwVjoElmE
1271,K0kWyPsTdeW,yabsZCXTQRM
1272,K0kWyPsTdeW,yWdrn6SiVZ9
1273,K0kWyPsTdeW,zLX9lB6eIHI
1274,K0kWyPsTdeW,C9j1R3XeUB3
1275,K0kWyPsTdeW,sBvVzuUN7ty
1276,K0kWyPsTdeW,JqdVRiI92bd
1277,K0kWyPsTdeW,tD3pn44uScE
1278,K0kWyPsTdeW,Mv9SNsGCT5e
1279,K0kWyPsTdeW,rU0HnmI7P8S
1280,K0kWyPsTdeW,pfXBcPz6khi
1281,OnOT1iAxc7o,rCzvys285kN
1282,OnOT1iAxc7o,VZrxjCi8cQi
1283,OnOT1iAxc7o,ZgnHXnu30cI
1284,OnOT1iAxc7o,fHgwVjoElmE
1285,gR42CnXue9S,HllvX50cXC0
1286,Mkk2BejAlg8,rCzvys285kN
1287,Mkk2BejAlg8,VZrxjCi8cQi
1288,Mkk2BejAlg8,ZgnHXnu30cI
1289,Mkk2BejAlg8,fHgwVjoElmE
1290,Oi25Tc9WDiL,HllvX50cXC0
1291,Ael9lOq2Lii,rCzvys285kN
1292,Ael9lOq2Lii,VZrxjCi8cQi
1293,Ael9lOq2Lii,ZgnHXnu30cI
1294,Ael9lOq2Lii,fHgwVjoElmE
1295,TtVr7NcpbYi,yabsZCXTQRM
1296,TtVr7NcpbYi,yWdrn6SiVZ9
1297,TtVr7NcpbYi,zLX9lB6eIHI
1298,TtVr7NcpbYi,C9j1R3XeUB3
1299,TtVr7NcpbYi,sBvVzuUN7ty
1300,TtVr7NcpbYi,JqdVRiI92bd
1301,TtVr7NcpbYi,tD3pn44uScE
1302,TtVr7NcpbYi,Mv9SNsGCT5e
1303,TtVr7NcpbYi,rU0HnmI7P8S
1304,TtVr7NcpbYi,pfXBcPz6khi
1305,uH4RGku7590,HllvX50cXC0
1306,D9fECoo4MRN,Ddg0cceghIM
1307,D9fECoo4MRN,raVzuvAVYrE
1308,D9fECoo4MRN,eKedYQVxjWn
1309,D9fECoo4MRN,h7RYzvDS7Kc
1310,D9fECoo4MRN,mTSF9OkOVvI
1311,D9fECoo4MRN,QK1rNyJE2vo
1312,D9fECoo4MRN,zShlA5MAVHQ
1313,D9fECoo4MRN,hTVLtGKGXV5
1314,D9fECoo4MRN,rCzvys285kN
1315,D9fECoo4MRN,VZrxjCi8cQi
1316,D9fECoo4MRN,ZgnHXnu30cI
1317,D9fECoo4MRN,fHgwVjoElmE
1318,sDLD6q8wOCn,HllvX50cXC0
1319,ei5lYOjxZHE,rCzvys285kN
1320,ei5lYOjxZHE,VZrxjCi8cQi
1321,ei5lYOjxZHE,ZgnHXnu30cI
1322,ei5lYOjxZHE,fHgwVjoElmE
1323,jSC9Uwyvrc3,rCzvys285kN
1324,jSC9Uwyvrc3,VZrxjCi8cQi
1325,jSC9Uwyvrc3,ZgnHXnu30cI
1326,jSC9Uwyvrc3,fHgwVjoElmE
1327,CXOHeFmTDMC,SgtJVRGlRIo
1328,CXOHeFmTDMC,nusEBjg8bes
1329,CXOHeFmTDMC,sHKK94BX2Rp
1330,CXOHeFmTDMC,kkV0Rfqo4Ru
1331,CXOHeFmTDMC,UKCxMVgAc2s
1332,CXOHeFmTDMC,WyNau0T37h4
1333,CXOHeFmTDMC,OhmzAkCmkjU
1334,CXOHeFmTDMC,oIxEDq59GUL
1335,CXOHeFmTDMC,DHWRwZkFHqc
1336,CXOHeFmTDMC,mJNtXTVt6T1
1337,gAQ2gtcTQhm,rCzvys285kN
1338,gAQ2gtcTQhm,VZrxjCi8cQi
1339,gAQ2gtcTQhm,ZgnHXnu30cI
1340,gAQ2gtcTQhm,fHgwVjoElmE
1341,AUaWEyiUsAo,Kq56swi3KAi
1342,AUaWEyiUsAo,oVc5PtW8IsH
1343,AUaWEyiUsAo,dqUlEsSUs8w
1344,AUaWEyiUsAo,xgiuSKF9lKY
1345,AUaWEyiUsAo,WQ8FzlyAWIM
1346,jo4anAK0YTh,rCzvys285kN
1347,jo4anAK0YTh,VZrxjCi8cQi
1348,jo4anAK0YTh,ZgnHXnu30cI
1349,jo4anAK0YTh,fHgwVjoElmE
1350,X0AhqgBlnrN,rCzvys285kN
1351,X0AhqgBlnrN,VZrxjCi8cQi
1352,X0AhqgBlnrN,ZgnHXnu30cI
1353,X0AhqgBlnrN,fHgwVjoElmE
1354,svcsVtSEczN,rCzvys285kN
1355,svcsVtSEczN,VZrxjCi8cQi
1356,svcsVtSEczN,ZgnHXnu30cI
1357,svcsVtSEczN,fHgwVjoElmE
1358,JmFsHeCFDVq,h6Pad0c6ic0
1359,JmFsHeCFDVq,acibdlEhhxw
1360,JmFsHeCFDVq,EKm949hzsgY
1361,JmFsHeCFDVq,vGHDZm2UPq5
1362,JmFsHeCFDVq,gP0qIQwYVZx
1363,JmFsHeCFDVq,vDOMBTXYpkl
1364,JmFsHeCFDVq,xyzkAnT5ApT
1365,JmFsHeCFDVq,mJnJWk4Ih48
1366,JmFsHeCFDVq,I1IHrbBF2fm
1367,JmFsHeCFDVq,wlZ7QBEZWE2
1368,JmFsHeCFDVq,HJ8vavGBwnt
1369,JmFsHeCFDVq,b1p4v65Fds7
1370,WbYLtP8uika,rCzvys285kN
1371,WbYLtP8uika,VZrxjCi8cQi
1372,WbYLtP8uika,ZgnHXnu30cI
1373,WbYLtP8uika,fHgwVjoElmE
1374,UNjwoydBBNa,okytTs4lVtF
1375,UNjwoydBBNa,vqCWJv9BBf8
1376,UNjwoydBBNa,Tn87kKIUzdH
1377,UNjwoydBBNa,fI5tz0ACrww
1378,UNjwoydBBNa,aK47vxl89ma
1379,UNjwoydBBNa,WcQxBXNAPj2
1380,LqiYBWdxeW7,HllvX50cXC0
1381,m9X2VA14WuA,rCzvys285kN
1382,m9X2VA14WuA,VZrxjCi8cQi
1383,m9X2VA14WuA,ZgnHXnu30cI
1384,m9X2VA14WuA,fHgwVjoElmE
1385,cZZzWLRMeph,HllvX50cXC0
1386,NOT5Yw9h7CE,HllvX50cXC0
1387,rVd1oH5jN86,q7cFI8zjhAp
1388,rVd1oH5jN86,UGTbjOrSMsh
1389,gVTR2hiXVmW,rCzvys285kN
1390,gVTR2hiXVmW,VZrxjCi8cQi
1391,gVTR2hiXVmW,ZgnHXnu30cI
1392,gVTR2hiXVmW,fHgwVjoElmE
1393,Y1biSYPLuHl,Kq56swi3KAi
1394,Y1biSYPLuHl,oVc5PtW8IsH
1395,Y1biSYPLuHl,dqUlEsSUs8w
1396,Y1biSYPLuHl,xgiuSKF9lKY
1397,Y1biSYPLuHl,WQ8FzlyAWIM
1398,i9fIIRAoqxP,yabsZCXTQRM
1399,i9fIIRAoqxP,yWdrn6SiVZ9
1400,i9fIIRAoqxP,zLX9lB6eIHI
1401,i9fIIRAoqxP,C9j1R3XeUB3
1402,i9fIIRAoqxP,sBvVzuUN7ty
1403,i9fIIRAoqxP,JqdVRiI92bd
1404,i9fIIRAoqxP,tD3pn44uScE
1405,i9fIIRAoqxP,Mv9SNsGCT5e
1406,i9fIIRAoqxP,rU0HnmI7P8S
1407,i9fIIRAoqxP,pfXBcPz6khi
1408,BxXjGKIpi01,HllvX50cXC0
1409,enNgc58gwiM,q7cFI8zjhAp
1410,enNgc58gwiM,UGTbjOrSMsh
1411,eMSV2KsTCMY,rCzvys285kN
1412,eMSV2KsTCMY,VZrxjCi8cQi
1413,eMSV2KsTCMY,ZgnHXnu30cI
1414,eMSV2KsTCMY,fHgwVjoElmE
1415,XXlXlwddirw,HllvX50cXC0
1416,RBsR3Kmn5Ji,HllvX50cXC0
1417,Ve2aozpWDuB,yabsZCXTQRM
1418,Ve2aozpWDuB,yWdrn6SiVZ9
1419,Ve2aozpWDuB,zLX9lB6eIHI
1420,Ve2aozpWDuB,C9j1R3XeUB3
1421,Ve2aozpWDuB,sBvVzuUN7ty
1422,Ve2aozpWDuB,JqdVRiI92bd
1423,Ve2aozpWDuB,tD3pn44uScE
1424,Ve2aozpWDuB,Mv9SNsGCT5e
1425,Ve2aozpWDuB,rU0HnmI7P8S
1426,Ve2aozpWDuB,pfXBcPz6khi
1427,XDyaUqmBzdI,HllvX50cXC0
1428,WHhIb1H471q,rCzvys285kN
1429,WHhIb1H471q,VZrxjCi8cQi
1430,WHhIb1H471q,ZgnHXnu30cI
1431,WHhIb1H471q,fHgwVjoElmE
1432,JcKxXChRZIn,HllvX50cXC0
1433,G3qsihJWUFM,rCzvys285kN
1434,G3qsihJWUFM,VZrxjCi8cQi
1435,G3qsihJWUFM,ZgnHXnu30cI
1436,G3qsihJWUFM,fHgwVjoElmE
1437,Q4lOPvB6Zs2,rCzvys285kN
1438,Q4lOPvB6Zs2,VZrxjCi8cQi
1439,Q4lOPvB6Zs2,ZgnHXnu30cI
1440,Q4lOPvB6Zs2,fHgwVjoElmE
1441,HKY8BpjpV5k,rCzvys285kN
1442,HKY8BpjpV5k,VZrxjCi8cQi
1443,HKY8BpjpV5k,ZgnHXnu30cI
1444,HKY8BpjpV5k,fHgwVjoElmE
1445,pBKsAlh8HnH,rCzvys285kN
1446,pBKsAlh8HnH,VZrxjCi8cQi
1447,pBKsAlh8HnH,ZgnHXnu30cI
1448,pBKsAlh8HnH,fHgwVjoElmE
1449,dln07lFc7V9,HllvX50cXC0
1450,NQ7dTz23aAa,Kq56swi3KAi
1451,NQ7dTz23aAa,oVc5PtW8IsH
1452,NQ7dTz23aAa,dqUlEsSUs8w
1453,NQ7dTz23aAa,xgiuSKF9lKY
1454,NQ7dTz23aAa,WQ8FzlyAWIM
1455,VESSRu8hSXB,rCzvys285kN
1456,VESSRu8hSXB,VZrxjCi8cQi
1457,VESSRu8hSXB,ZgnHXnu30cI
1458,VESSRu8hSXB,fHgwVjoElmE
1459,LPlsVhadZbb,rCzvys285kN
1460,LPlsVhadZbb,VZrxjCi8cQi
1461,LPlsVhadZbb,ZgnHXnu30cI
1462,LPlsVhadZbb,fHgwVjoElmE
1463,Jhj6UP6572d,HllvX50cXC0
1464,HWsIOGrZuee,rCzvys285kN
1465,HWsIOGrZuee,VZrxjCi8cQi
1466,HWsIOGrZuee,ZgnHXnu30cI
1467,HWsIOGrZuee,fHgwVjoElmE
1468,ygTNuKLb0Vy,rCzvys285kN
1469,ygTNuKLb0Vy,VZrxjCi8cQi
1470,ygTNuKLb0Vy,ZgnHXnu30cI
1471,ygTNuKLb0Vy,fHgwVjoElmE
1472,XwydjcQlZOI,rCzvys285kN
1473,XwydjcQlZOI,VZrxjCi8cQi
1474,XwydjcQlZOI,ZgnHXnu30cI
1475,XwydjcQlZOI,fHgwVjoElmE
1476,ozoM5EGvsJ6,rCzvys285kN
1477,ozoM5EGvsJ6,VZrxjCi8cQi
1478,ozoM5EGvsJ6,ZgnHXnu30cI
1479,ozoM5EGvsJ6,fHgwVjoElmE
1480,tXnOKJkOPvJ,rCzvys285kN
1481,tXnOKJkOPvJ,VZrxjCi8cQi
1482,tXnOKJkOPvJ,ZgnHXnu30cI
1483,tXnOKJkOPvJ,fHgwVjoElmE
1484,mKY7DVqHCC6,QbWmboyft5U
1485,mKY7DVqHCC6,IvH2NxNT1i2
1486,mKY7DVqHCC6,KXQVCmilMrN
1487,mKY7DVqHCC6,AQmOIr8mkhA
1488,mKY7DVqHCC6,aBwgn3seEeJ
1489,mKY7DVqHCC6,KlaBA6uAve7
1490,FfxcPHmgIWS,rCzvys285kN
1491,FfxcPHmgIWS,VZrxjCi8cQi
1492,FfxcPHmgIWS,ZgnHXnu30cI
1493,FfxcPHmgIWS,fHgwVjoElmE
1494,mGC9ciByZZl,rCzvys285kN
1495,mGC9ciByZZl,VZrxjCi8cQi
1496,mGC9ciByZZl,ZgnHXnu30cI
1497,mGC9ciByZZl,fHgwVjoElmE
1498,T3tC2yUwP7N,h6Pad0c6ic0
1499,T3tC2yUwP7N,acibdlEhhxw
1500,T3tC2yUwP7N,EKm949hzsgY
1501,T3tC2yUwP7N,vGHDZm2UPq5
1502,T3tC2yUwP7N,gP0qIQwYVZx
1503,T3tC2yUwP7N,vDOMBTXYpkl
1504,T3tC2yUwP7N,xyzkAnT5ApT
1505,T3tC2yUwP7N,mJnJWk4Ih48
1506,T3tC2yUwP7N,I1IHrbBF2fm
1507,T3tC2yUwP7N,wlZ7QBEZWE2
1508,T3tC2yUwP7N,HJ8vavGBwnt
1509,T3tC2yUwP7N,b1p4v65Fds7
1510,QaduuMiuCqZ,HllvX50cXC0
1511,uLEwmtgKXMi,rCzvys285kN
1512,uLEwmtgKXMi,VZrxjCi8cQi
1513,uLEwmtgKXMi,ZgnHXnu30cI
1514,uLEwmtgKXMi,fHgwVjoElmE
1515,nX0AhJjdZeF,zIogUIZ3vka
1516,nX0AhJjdZeF,zd1pRGptqYg
1517,nX0AhJjdZeF,zIiMJYqRmdk
1518,nX0AhJjdZeF,hzd1Drc6Vko
1519,nX0AhJjdZeF,BASPbm88210
1520,JeALw6paf8K,HllvX50cXC0
1521,pvmgvMhsxun,yabsZCXTQRM
1522,pvmgvMhsxun,yWdrn6SiVZ9
1523,pvmgvMhsxun,zLX9lB6eIHI
1524,pvmgvMhsxun,C9j1R3XeUB3
1525,pvmgvMhsxun,sBvVzuUN7ty
1526,pvmgvMhsxun,JqdVRiI92bd
1527,pvmgvMhsxun,tD3pn44uScE
1528,pvmgvMhsxun,Mv9SNsGCT5e
1529,pvmgvMhsxun,rU0HnmI7P8S
1530,pvmgvMhsxun,pfXBcPz6khi
1531,pvmgvMhsxun,rCzvys285kN
1532,pvmgvMhsxun,VZrxjCi8cQi
1533,pvmgvMhsxun,ZgnHXnu30cI
1534,pvmgvMhsxun,fHgwVjoElmE
1535,yV4hWa8938u,yabsZCXTQRM
1536,yV4hWa8938u,yWdrn6SiVZ9
1537,yV4hWa8938u,zLX9lB6eIHI
1538,yV4hWa8938u,C9j1R3XeUB3
1539,yV4hWa8938u,sBvVzuUN7ty
1540,yV4hWa8938u,JqdVRiI92bd
1541,yV4hWa8938u,tD3pn44uScE
1542,yV4hWa8938u,Mv9SNsGCT5e
1543,yV4hWa8938u,rU0HnmI7P8S
1544,yV4hWa8938u,pfXBcPz6khi
1545,hSCixXb6CVv,rCzvys285kN
1546,hSCixXb6CVv,VZrxjCi8cQi
1547,hSCixXb6CVv,ZgnHXnu30cI
1548,hSCixXb6CVv,fHgwVjoElmE
1549,ySJ5xPJ2R0M,QbWmboyft5U
1550,ySJ5xPJ2R0M,IvH2NxNT1i2
1551,ySJ5xPJ2R0M,KXQVCmilMrN
1552,ySJ5xPJ2R0M,AQmOIr8mkhA
1553,ySJ5xPJ2R0M,aBwgn3seEeJ
1554,ySJ5xPJ2R0M,KlaBA6uAve7
1555,cvUfP5ZHUaY,rCzvys285kN
1556,cvUfP5ZHUaY,VZrxjCi8cQi
1557,cvUfP5ZHUaY,ZgnHXnu30cI
1558,cvUfP5ZHUaY,fHgwVjoElmE
1559,iXbejagWQ8S,HllvX50cXC0
1560,R39MIoKivhS,rCzvys285kN
1561,R39MIoKivhS,VZrxjCi8cQi
1562,R39MIoKivhS,ZgnHXnu30cI
1563,R39MIoKivhS,fHgwVjoElmE
1564,DcH9tnKJbXq,rCzvys285kN
1565,DcH9tnKJbXq,VZrxjCi8cQi
1566,DcH9tnKJbXq,ZgnHXnu30cI
1567,DcH9tnKJbXq,fHgwVjoElmE
1568,kfnKksFMkj5,HllvX50cXC0
1569,phbDnO5BOTI,rCzvys285kN
1570,phbDnO5BOTI,VZrxjCi8cQi
1571,phbDnO5BOTI,ZgnHXnu30cI
1572,phbDnO5BOTI,fHgwVjoElmE
1573,Pg8NJzaXQPP,rCzvys285kN
1574,Pg8NJzaXQPP,VZrxjCi8cQi
1575,Pg8NJzaXQPP,ZgnHXnu30cI
1576,Pg8NJzaXQPP,fHgwVjoElmE
1577,r1LR0la7yPq,q7cFI8zjhAp
1578,r1LR0la7yPq,UGTbjOrSMsh
1579,JqtIzFBoPP8,rCzvys285kN
1580,JqtIzFBoPP8,VZrxjCi8cQi
1581,JqtIzFBoPP8,ZgnHXnu30cI
1582,JqtIzFBoPP8,fHgwVjoElmE
1583,sOJDZJ4r6vH,h6Pad0c6ic0
1584,sOJDZJ4r6vH,acibdlEhhxw
1585,sOJDZJ4r6vH,EKm949hzsgY
1586,sOJDZJ4r6vH,vGHDZm2UPq5
1587,sOJDZJ4r6vH,gP0qIQwYVZx
1588,sOJDZJ4r6vH,vDOMBTXYpkl
1589,sOJDZJ4r6vH,xyzkAnT5ApT
1590,sOJDZJ4r6vH,mJnJWk4Ih48
1591,sOJDZJ4r6vH,I1IHrbBF2fm
1592,sOJDZJ4r6vH,wlZ7QBEZWE2
1593,sOJDZJ4r6vH,HJ8vavGBwnt
1594,sOJDZJ4r6vH,b1p4v65Fds7
1595,FjdpEDQcNLS,yabsZCXTQRM
1596,FjdpEDQcNLS,yWdrn6SiVZ9
1597,FjdpEDQcNLS,zLX9lB6eIHI
1598,FjdpEDQcNLS,C9j1R3XeUB3
1599,FjdpEDQcNLS,sBvVzuUN7ty
1600,FjdpEDQcNLS,JqdVRiI92bd
1601,FjdpEDQcNLS,tD3pn44uScE
1602,FjdpEDQcNLS,Mv9SNsGCT5e
1603,FjdpEDQcNLS,rU0HnmI7P8S
1604,FjdpEDQcNLS,pfXBcPz6khi
1605,FjdpEDQcNLS,rCzvys285kN
1606,FjdpEDQcNLS,VZrxjCi8cQi
1607,FjdpEDQcNLS,ZgnHXnu30cI
1608,FjdpEDQcNLS,fHgwVjoElmE
1609,SmFAlm1PgYQ,HllvX50cXC0
1610,IfthLzsKFQy,HllvX50cXC0
1611,yN924DLR1Be,rCzvys285kN
1612,yN924DLR1Be,VZrxjCi8cQi
1613,yN924DLR1Be,ZgnHXnu30cI
1614,yN924DLR1Be,fHgwVjoElmE
1615,lDqmErjSNwy,q7cFI8zjhAp
1616,lDqmErjSNwy,UGTbjOrSMsh
1617,TYA1arMDs70,Kq56swi3KAi
1618,TYA1arMDs70,oVc5PtW8IsH
1619,TYA1arMDs70,dqUlEsSUs8w
1620,TYA1arMDs70,xgiuSKF9lKY
1621,TYA1arMDs70,WQ8FzlyAWIM
1622,FCWPOC69EMQ,r6izn2XFqEc
1623,FCWPOC69EMQ,NYHvlXEt4Ak
1624,FCWPOC69EMQ,A8rYH97KrsT
1625,FCWPOC69EMQ,GNNdPRsjO2n
1626,FCWPOC69EMQ,mtJPFOZgbxi
1627,FCWPOC69EMQ,VSQdmcsGlPJ
1628,FCWPOC69EMQ,cYqRrSx1FDh
1629,FCWPOC69EMQ,tNGX99SZlLN
1630,FCWPOC69EMQ,u5FiIkNknnZ
1631,FCWPOC69EMQ,J0tZbSIQgJh
1632,FCWPOC69EMQ,Yx9LGiAEzJI
1633,FCWPOC69EMQ,wgxsjUMb8Rw
1634,M7MAmRvwYeP,rCzvys285kN
1635,M7MAmRvwYeP,VZrxjCi8cQi
1636,M7MAmRvwYeP,ZgnHXnu30cI
1637,M7MAmRvwYeP,fHgwVjoElmE
1638,eOzvaIUGILC,rCzvys285kN
1639,eOzvaIUGILC,VZrxjCi8cQi
1640,eOzvaIUGILC,ZgnHXnu30cI
1641,eOzvaIUGILC,fHgwVjoElmE
1642,d9QFUiHleAm,rCzvys285kN
1643,d9QFUiHleAm,VZrxjCi8cQi
1644,d9QFUiHleAm,ZgnHXnu30cI
1645,d9QFUiHleAm,fHgwVjoElmE
1646,tn8XK61Cswx,rCzvys285kN
1647,tn8XK61Cswx,VZrxjCi8cQi
1648,tn8XK61Cswx,ZgnHXnu30cI
1649,tn8XK61Cswx,fHgwVjoElmE
1650,l5o7Uxq3GkZ,rCzvys285kN
1651,l5o7Uxq3GkZ,VZrxjCi8cQi
1652,l5o7Uxq3GkZ,ZgnHXnu30cI
1653,l5o7Uxq3GkZ,fHgwVjoElmE
1654,Nsh7bm92BtF,q7cFI8zjhAp
1655,Nsh7bm92BtF,UGTbjOrSMsh
1656,KT8EudDsMoZ,QbWmboyft5U
1657,KT8EudDsMoZ,IvH2NxNT1i2
1658,KT8EudDsMoZ,KXQVCmilMrN
1659,KT8EudDsMoZ,AQmOIr8mkhA
1660,KT8EudDsMoZ,aBwgn3seEeJ
1661,KT8EudDsMoZ,KlaBA6uAve7
1662,vkfDZUxHJtT,rCzvys285kN
1663,vkfDZUxHJtT,VZrxjCi8cQi
1664,vkfDZUxHJtT,ZgnHXnu30cI
1665,vkfDZUxHJtT,fHgwVjoElmE
1666,tgl7h4ObMuM,rCzvys285kN
1667,tgl7h4ObMuM,VZrxjCi8cQi
1668,tgl7h4ObMuM,ZgnHXnu30cI
1669,tgl7h4ObMuM,fHgwVjoElmE
1670,IbiK1GS74qv,rCzvys285kN
1671,IbiK1GS74qv,VZrxjCi8cQi
1672,IbiK1GS74qv,ZgnHXnu30cI
1673,IbiK1GS74qv,fHgwVjoElmE
1674,qkHXPPOeGEK,rCzvys285kN
1675,qkHXPPOeGEK,VZrxjCi8cQi
1676,qkHXPPOeGEK,ZgnHXnu30cI
1677,qkHXPPOeGEK,fHgwVjoElmE
1678,ffBFGlRya0n,q7cFI8zjhAp
1679,ffBFGlRya0n,UGTbjOrSMsh
1680,SPsCuFhxoeY,HllvX50cXC0
1681,xwimA2sbeck,HllvX50cXC0
1682,dysKhRPVuDG,SM9d5ybWcr0
1683,dysKhRPVuDG,H5MiomGgbbi
1684,dysKhRPVuDG,OUPWAOZojRb
1685,KmItAWc1PZU,r6izn2XFqEc
1686,KmItAWc1PZU,NYHvlXEt4Ak
1687,KmItAWc1PZU,A8rYH97KrsT
1688,KmItAWc1PZU,GNNdPRsjO2n
1689,KmItAWc1PZU,mtJPFOZgbxi
1690,KmItAWc1PZU,VSQdmcsGlPJ
1691,KmItAWc1PZU,cYqRrSx1FDh
1692,KmItAWc1PZU,tNGX99SZlLN
1693,KmItAWc1PZU,u5FiIkNknnZ
1694,KmItAWc1PZU,J0tZbSIQgJh
1695,KmItAWc1PZU,Yx9LGiAEzJI
1696,KmItAWc1PZU,wgxsjUMb8Rw
1697,q2icKHpCjtU,q7cFI8zjhAp
1698,q2icKHpCjtU,UGTbjOrSMsh
1699,FppZriY3Geq,rCzvys285kN
1700,FppZriY3Geq,VZrxjCi8cQi
1701,FppZriY3Geq,ZgnHXnu30cI
1702,FppZriY3Geq,fHgwVjoElmE
1703,yhaXVosKdzk,H70ZAB6lFN0
1704,yhaXVosKdzk,CIJDVuBKosw
1705,yhaXVosKdzk,YDcKEg7NPUj
1706,yhaXVosKdzk,KQhpICg4pDD
1707,yhaXVosKdzk,Ksn2fJ16UEA
1708,yhaXVosKdzk,lvJU5xtFVD3
1709,yhaXVosKdzk,oi3paDSTmNH
1710,yhaXVosKdzk,d08q7V502jy
1711,yhaXVosKdzk,U9cCBvHO2ns
1712,yhaXVosKdzk,GZBOk5wzcv2
1713,yhaXVosKdzk,eRffJvd314E
1714,yhaXVosKdzk,gwUlCDcQqtU
1715,yhaXVosKdzk,qqn2zBahp5x
1716,yhaXVosKdzk,Hm0nPWUgUFu
1717,yhaXVosKdzk,Jtjfp2JhFiL
1718,yhaXVosKdzk,kRZ6ivAxbCI
1719,yhaXVosKdzk,Ml0L5CB2mbs
1720,yhaXVosKdzk,QsKFFmPfXYP
1721,yhaXVosKdzk,mOHhwKjpIV9
1722,yhaXVosKdzk,oKX78wjCeaN
1723,KqKwHbBJpIg,yabsZCXTQRM
1724,KqKwHbBJpIg,yWdrn6SiVZ9
1725,KqKwHbBJpIg,zLX9lB6eIHI
1726,KqKwHbBJpIg,C9j1R3XeUB3
1727,KqKwHbBJpIg,sBvVzuUN7ty
1728,KqKwHbBJpIg,JqdVRiI92bd
1729,KqKwHbBJpIg,tD3pn44uScE
1730,KqKwHbBJpIg,Mv9SNsGCT5e
1731,KqKwHbBJpIg,rU0HnmI7P8S
1732,KqKwHbBJpIg,pfXBcPz6khi
1733,VHJ7HaWtwry,SgtJVRGlRIo
1734,VHJ7HaWtwry,nusEBjg8bes
1735,VHJ7HaWtwry,sHKK94BX2Rp
1736,VHJ7HaWtwry,kkV0Rfqo4Ru
1737,VHJ7HaWtwry,UKCxMVgAc2s
1738,VHJ7HaWtwry,WyNau0T37h4
1739,VHJ7HaWtwry,OhmzAkCmkjU
1740,VHJ7HaWtwry,oIxEDq59GUL
1741,VHJ7HaWtwry,DHWRwZkFHqc
1742,VHJ7HaWtwry,mJNtXTVt6T1
1743,OXQoBAPB4CS,rCzvys285kN
1744,OXQoBAPB4CS,VZrxjCi8cQi
1745,OXQoBAPB4CS,ZgnHXnu30cI
1746,OXQoBAPB4CS,fHgwVjoElmE
1747,MMIcAwkZg3M,rCzvys285kN
1748,MMIcAwkZg3M,VZrxjCi8cQi
1749,MMIcAwkZg3M,ZgnHXnu30cI
1750,MMIcAwkZg3M,fHgwVjoElmE
1751,HNe1T5nv2nE,rCzvys285kN
1752,HNe1T5nv2nE,VZrxjCi8cQi
1753,HNe1T5nv2nE,ZgnHXnu30cI
1754,HNe1T5nv2nE,fHgwVjoElmE
1755,g3KLTAJ73y4,rCzvys285kN
1756,g3KLTAJ73y4,VZrxjCi8cQi
1757,g3KLTAJ73y4,ZgnHXnu30cI
1758,g3KLTAJ73y4,fHgwVjoElmE
1759,Kg1shMvQg6L,rCzvys285kN
1760,Kg1shMvQg6L,VZrxjCi8cQi
1761,Kg1shMvQg6L,ZgnHXnu30cI
1762,Kg1shMvQg6L,fHgwVjoElmE
1763,zii7ZA2vBlv,rCzvys285kN
1764,zii7ZA2vBlv,VZrxjCi8cQi
1765,zii7ZA2vBlv,ZgnHXnu30cI
1766,zii7ZA2vBlv,fHgwVjoElmE
1767,HNE7RjyfJfK,rCzvys285kN
1768,HNE7RjyfJfK,VZrxjCi8cQi
1769,HNE7RjyfJfK,ZgnHXnu30cI
1770,HNE7RjyfJfK,fHgwVjoElmE
1771,yritQ2a7EZM,rCzvys285kN
1772,yritQ2a7EZM,VZrxjCi8cQi
1773,yritQ2a7EZM,ZgnHXnu30cI
1774,yritQ2a7EZM,fHgwVjoElmE
1775,sZnRxCdLM18,H70ZAB6lFN0
1776,sZnRxCdLM18,CIJDVuBKosw
1777,sZnRxCdLM18,YDcKEg7NPUj
1778,sZnRxCdLM18,KQhpICg4pDD
1779,sZnRxCdLM18,Ksn2fJ16UEA
1780,sZnRxCdLM18,lvJU5xtFVD3
1781,sZnRxCdLM18,oi3paDSTmNH
1782,sZnRxCdLM18,d08q7V502jy
1783,sZnRxCdLM18,U9cCBvHO2ns
1784,sZnRxCdLM18,GZBOk5wzcv2
1785,sZnRxCdLM18,eRffJvd314E
1786,sZnRxCdLM18,gwUlCDcQqtU
1787,sZnRxCdLM18,qqn2zBahp5x
1788,sZnRxCdLM18,Hm0nPWUgUFu
1789,sZnRxCdLM18,Jtjfp2JhFiL
1790,sZnRxCdLM18,kRZ6ivAxbCI
1791,sZnRxCdLM18,Ml0L5CB2mbs
1792,sZnRxCdLM18,QsKFFmPfXYP
1793,sZnRxCdLM18,mOHhwKjpIV9
1794,sZnRxCdLM18,oKX78wjCeaN
1795,vL5h1uh9FER,HllvX50cXC0
1796,X3jt1am9eaH,WalQ4zu7RLz
1797,X3jt1am9eaH,r01f3QfmLJS
1798,X3jt1am9eaH,bmT820wlIV5
1799,X3jt1am9eaH,vrSTfWaEZfP
1800,X3jt1am9eaH,RKbp3GCvRrF
1801,X3jt1am9eaH,I28asEo67Mt
1802,cNEqr3S2KqO,SM9d5ybWcr0
1803,cNEqr3S2KqO,H5MiomGgbbi
1804,cNEqr3S2KqO,OUPWAOZojRb
1805,SSz8tPnaP5p,q7cFI8zjhAp
1806,SSz8tPnaP5p,UGTbjOrSMsh
1807,RGyFGigYArb,h6Pad0c6ic0
1808,RGyFGigYArb,acibdlEhhxw
1809,RGyFGigYArb,EKm949hzsgY
1810,RGyFGigYArb,vGHDZm2UPq5
1811,RGyFGigYArb,gP0qIQwYVZx
1812,RGyFGigYArb,vDOMBTXYpkl
1813,RGyFGigYArb,xyzkAnT5ApT
1814,RGyFGigYArb,mJnJWk4Ih48
1815,RGyFGigYArb,I1IHrbBF2fm
1816,RGyFGigYArb,wlZ7QBEZWE2
1817,RGyFGigYArb,HJ8vavGBwnt
1818,RGyFGigYArb,b1p4v65Fds7
1819,Qbg55H2iUnL,rCzvys285kN
1820,Qbg55H2iUnL,VZrxjCi8cQi
1821,Qbg55H2iUnL,ZgnHXnu30cI
1822,Qbg55H2iUnL,fHgwVjoElmE
1823,W64onHk9SXI,HllvX50cXC0
1824,m6fyPxkyiJy,Kq56swi3KAi
1825,m6fyPxkyiJy,oVc5PtW8IsH
1826,m6fyPxkyiJy,dqUlEsSUs8w
1827,m6fyPxkyiJy,xgiuSKF9lKY
1828,m6fyPxkyiJy,WQ8FzlyAWIM
1829,xfdupdekZgg,rCzvys285kN
1830,xfdupdekZgg,VZrxjCi8cQi
1831,xfdupdekZgg,ZgnHXnu30cI
1832,xfdupdekZgg,fHgwVjoElmE
1833,gDvlabwkgYL,yabsZCXTQRM
1834,gDvlabwkgYL,yWdrn6SiVZ9
1835,gDvlabwkgYL,zLX9lB6eIHI
1836,gDvlabwkgYL,C9j1R3XeUB3
1837,gDvlabwkgYL,sBvVzuUN7ty
1838,gDvlabwkgYL,JqdVRiI92bd
1839,gDvlabwkgYL,tD3pn44uScE
1840,gDvlabwkgYL,Mv9SNsGCT5e
1841,gDvlabwkgYL,rU0HnmI7P8S
1842,gDvlabwkgYL,pfXBcPz6khi
1843,gDvlabwkgYL,rCzvys285kN
1844,gDvlabwkgYL,VZrxjCi8cQi
1845,gDvlabwkgYL,ZgnHXnu30cI
1846,gDvlabwkgYL,fHgwVjoElmE
1847,mFAPor45Fj8,h6Pad0c6ic0
1848,mFAPor45Fj8,acibdlEhhxw
1849,mFAPor45Fj8,EKm949hzsgY
1850,mFAPor45Fj8,vGHDZm2UPq5
1851,mFAPor45Fj8,gP0qIQwYVZx
1852,mFAPor45Fj8,vDOMBTXYpkl
1853,mFAPor45Fj8,xyzkAnT5ApT
1854,mFAPor45Fj8,mJnJWk4Ih48
1855,mFAPor45Fj8,I1IHrbBF2fm
1856,mFAPor45Fj8,wlZ7QBEZWE2
1857,mFAPor45Fj8,HJ8vavGBwnt
1858,mFAPor45Fj8,b1p4v65Fds7
1859,zI85IhMWKgY,Kq56swi3KAi
1860,zI85IhMWKgY,oVc5PtW8IsH
1861,zI85IhMWKgY,dqUlEsSUs8w
1862,zI85IhMWKgY,xgiuSKF9lKY
1863,zI85IhMWKgY,WQ8FzlyAWIM
1864,AlGU4azoEQ6,rCzvys285kN
1865,AlGU4azoEQ6,VZrxjCi8cQi
1866,AlGU4azoEQ6,ZgnHXnu30cI
1867,AlGU4azoEQ6,fHgwVjoElmE
1868,AUiExBmzSeh,rCzvys285kN
1869,AUiExBmzSeh,VZrxjCi8cQi
1870,AUiExBmzSeh,ZgnHXnu30cI
1871,AUiExBmzSeh,fHgwVjoElmE
1872,gWt2iWnZS3d,HllvX50cXC0
1873,eauxMyf8nAy,q7cFI8zjhAp
1874,eauxMyf8nAy,UGTbjOrSMsh
1875,wPibKro0oHZ,rCzvys285kN
1876,wPibKro0oHZ,VZrxjCi8cQi
1877,wPibKro0oHZ,ZgnHXnu30cI
1878,wPibKro0oHZ,fHgwVjoElmE
1879,zeWfiZxvpyo,XJatc66P7A6
1880,zeWfiZxvpyo,rj8MoomuB9C
1881,zeWfiZxvpyo,lm5yShJh32E
1882,zeWfiZxvpyo,U3H71QfQ3EM
1883,zeWfiZxvpyo,u77V67JXHpb
1884,zeWfiZxvpyo,Agwj0d0hsc5
1885,zeWfiZxvpyo,CHqKEyZAHxD
1886,zeWfiZxvpyo,ToY1RNX7epJ
1887,zeWfiZxvpyo,vBmPAWZQDVs
1888,zeWfiZxvpyo,dvlThSdHovb
1889,zeWfiZxvpyo,QE0t2SWaRky
1890,zeWfiZxvpyo,LPATiUAUj1c
1891,zeWfiZxvpyo,sQZH5BgucFf
1892,zeWfiZxvpyo,xg4v26gsfy0
1893,zeWfiZxvpyo,ObYelhgHfKG
1894,zeWfiZxvpyo,vUgKzac3JnH
1895,zeWfiZxvpyo,rJw5ESKTTCI
1896,zeWfiZxvpyo,LqXPAf6aXaj
1897,zeWfiZxvpyo,cskjOuUM9Ej
1898,zeWfiZxvpyo,S55CGFRkdpq
1899,GniTZ5vOhze,rCzvys285kN
1900,GniTZ5vOhze,VZrxjCi8cQi
1901,GniTZ5vOhze,ZgnHXnu30cI
1902,GniTZ5vOhze,fHgwVjoElmE
1903,NfmGGzB8lxx,HllvX50cXC0
1904,b7XWAQx1lJi,HllvX50cXC0
1905,ZaEdzrj8DVz,rCzvys285kN
1906,ZaEdzrj8DVz,VZrxjCi8cQi
1907,ZaEdzrj8DVz,ZgnHXnu30cI
1908,ZaEdzrj8DVz,fHgwVjoElmE
1909,FW0bnz2WX4c,Ddg0cceghIM
1910,FW0bnz2WX4c,raVzuvAVYrE
1911,FW0bnz2WX4c,eKedYQVxjWn
1912,FW0bnz2WX4c,h7RYzvDS7Kc
1913,FW0bnz2WX4c,mTSF9OkOVvI
1914,FW0bnz2WX4c,QK1rNyJE2vo
1915,FW0bnz2WX4c,zShlA5MAVHQ
1916,FW0bnz2WX4c,hTVLtGKGXV5
1917,FW0bnz2WX4c,rCzvys285kN
1918,FW0bnz2WX4c,VZrxjCi8cQi
1919,FW0bnz2WX4c,ZgnHXnu30cI
1920,FW0bnz2WX4c,fHgwVjoElmE
1921,MjNB8pXAupb,rCzvys285kN
1922,MjNB8pXAupb,VZrxjCi8cQi
1923,MjNB8pXAupb,ZgnHXnu30cI
1924,MjNB8pXAupb,fHgwVjoElmE
1925,dxYRmaUw8jf,XJatc66P7A6
1926,dxYRmaUw8jf,rj8MoomuB9C
1927,dxYRmaUw8jf,lm5yShJh32E
1928,dxYRmaUw8jf,U3H71QfQ3EM
1929,dxYRmaUw8jf,u77V67JXHpb
1930,dxYRmaUw8jf,Agwj0d0hsc5
1931,dxYRmaUw8jf,CHqKEyZAHxD
1932,dxYRmaUw8jf,ToY1RNX7epJ
1933,dxYRmaUw8jf,vBmPAWZQDVs
1934,dxYRmaUw8jf,dvlThSdHovb
1935,dxYRmaUw8jf,QE0t2SWaRky
1936,dxYRmaUw8jf,LPATiUAUj1c
1937,dxYRmaUw8jf,sQZH5BgucFf
1938,dxYRmaUw8jf,xg4v26gsfy0
1939,dxYRmaUw8jf,ObYelhgHfKG
1940,dxYRmaUw8jf,vUgKzac3JnH
1941,dxYRmaUw8jf,rJw5ESKTTCI
1942,dxYRmaUw8jf,LqXPAf6aXaj
1943,dxYRmaUw8jf,cskjOuUM9Ej
1944,dxYRmaUw8jf,S55CGFRkdpq
1945,RYPR9RFgVcE,rCzvys285kN
1946,RYPR9RFgVcE,VZrxjCi8cQi
1947,RYPR9RFgVcE,ZgnHXnu30cI
1948,RYPR9RFgVcE,fHgwVjoElmE
1949,Ow0yhI7RE2b,rCzvys285kN
1950,Ow0yhI7RE2b,VZrxjCi8cQi
1951,Ow0yhI7RE2b,ZgnHXnu30cI
1952,Ow0yhI7RE2b,fHgwVjoElmE
1953,ywWQTpGVgfY,Kq56swi3KAi
1954,ywWQTpGVgfY,oVc5PtW8IsH
1955,ywWQTpGVgfY,dqUlEsSUs8w
1956,ywWQTpGVgfY,xgiuSKF9lKY
1957,ywWQTpGVgfY,WQ8FzlyAWIM
1958,CpT3wUk0OaP,d0tWwN5O6NO
1959,CpT3wUk0OaP,Ve34gUv8xMH
1960,CpT3wUk0OaP,OE9AdLE48yj
1961,CpT3wUk0OaP,NFNV30tIn8T
1962,CpT3wUk0OaP,AmyeUte6IfQ
1963,CpT3wUk0OaP,KLjBWPSSfqG
1964,CpT3wUk0OaP,QwmgfRLXySv
1965,CpT3wUk0OaP,VyCuYZXDXiO
1966,CpT3wUk0OaP,Zacetp7r5HC
1967,CpT3wUk0OaP,a9NFxaXN9KD
1968,CpT3wUk0OaP,sBkrGKNQ0uz
1969,CpT3wUk0OaP,A2ZsKFXp6Vn
1970,CpT3wUk0OaP,eDQHbmqfA0E
1971,CpT3wUk0OaP,lvYG6LfU4Jo
1972,CpT3wUk0OaP,Z2df6EDsYk1
1973,CpT3wUk0OaP,rkbc2xbaa8g
1974,CpT3wUk0OaP,dBzKnHTWCkK
1975,CpT3wUk0OaP,GMPyv2RPvxm
1976,CpT3wUk0OaP,gp5AoqZCBjE
1977,CpT3wUk0OaP,rsV4LLJt5Lw
1978,CpT3wUk0OaP,rCzvys285kN
1979,CpT3wUk0OaP,VZrxjCi8cQi
1980,CpT3wUk0OaP,ZgnHXnu30cI
1981,CpT3wUk0OaP,fHgwVjoElmE
1982,N5xpEcIyNY4,yabsZCXTQRM
1983,N5xpEcIyNY4,yWdrn6SiVZ9
1984,N5xpEcIyNY4,zLX9lB6eIHI
1985,N5xpEcIyNY4,C9j1R3XeUB3
1986,N5xpEcIyNY4,sBvVzuUN7ty
1987,N5xpEcIyNY4,JqdVRiI92bd
1988,N5xpEcIyNY4,tD3pn44uScE
1989,N5xpEcIyNY4,Mv9SNsGCT5e
1990,N5xpEcIyNY4,rU0HnmI7P8S
1991,N5xpEcIyNY4,pfXBcPz6khi
1992,N5xpEcIyNY4,Kq56swi3KAi
1993,N5xpEcIyNY4,oVc5PtW8IsH
1994,N5xpEcIyNY4,dqUlEsSUs8w
1995,N5xpEcIyNY4,xgiuSKF9lKY
1996,N5xpEcIyNY4,WQ8FzlyAWIM
1997,HiwMSf39nhM,rCzvys285kN
1998,HiwMSf39nhM,VZrxjCi8cQi
1999,HiwMSf39nhM,ZgnHXnu30cI
2000,HiwMSf39nhM,fHgwVjoElmE
2001,AuAOIfCuBUp,rCzvys285kN
2002,AuAOIfCuBUp,VZrxjCi8cQi
2003,AuAOIfCuBUp,ZgnHXnu30cI
2004,AuAOIfCuBUp,fHgwVjoElmE
2005,AxVUBRsLXFs,rCzvys285kN
2006,AxVUBRsLXFs,VZrxjCi8cQi
2007,AxVUBRsLXFs,ZgnHXnu30cI
2008,AxVUBRsLXFs,fHgwVjoElmE
2009,yZNuDyBfsJc,HllvX50cXC0
2010,egXL3Z2AfT7,HllvX50cXC0
2011,KIm219Ii1IK,h6Pad0c6ic0
2012,KIm219Ii1IK,acibdlEhhxw
2013,KIm219Ii1IK,EKm949hzsgY
2014,KIm219Ii1IK,vGHDZm2UPq5
2015,KIm219Ii1IK,gP0qIQwYVZx
2016,KIm219Ii1IK,vDOMBTXYpkl
2017,KIm219Ii1IK,xyzkAnT5ApT
2018,KIm219Ii1IK,mJnJWk4Ih48
2019,KIm219Ii1IK,I1IHrbBF2fm
2020,KIm219Ii1IK,wlZ7QBEZWE2
2021,KIm219Ii1IK,HJ8vavGBwnt
2022,KIm219Ii1IK,b1p4v65Fds7
2023,v4YTvlCTH4D,yabsZCXTQRM
2024,v4YTvlCTH4D,yWdrn6SiVZ9
2025,v4YTvlCTH4D,zLX9lB6eIHI
2026,v4YTvlCTH4D,C9j1R3XeUB3
2027,v4YTvlCTH4D,sBvVzuUN7ty
2028,v4YTvlCTH4D,JqdVRiI92bd
2029,v4YTvlCTH4D,tD3pn44uScE
2030,v4YTvlCTH4D,Mv9SNsGCT5e
2031,v4YTvlCTH4D,rU0HnmI7P8S
2032,v4YTvlCTH4D,pfXBcPz6khi
2033,v4YTvlCTH4D,Kq56swi3KAi
2034,v4YTvlCTH4D,oVc5PtW8IsH
2035,v4YTvlCTH4D,dqUlEsSUs8w
2036,v4YTvlCTH4D,xgiuSKF9lKY
2037,v4YTvlCTH4D,WQ8FzlyAWIM
2038,DKqHUFbWRTP,WalQ4zu7RLz
2039,DKqHUFbWRTP,r01f3QfmLJS
2040,DKqHUFbWRTP,bmT820wlIV5
2041,DKqHUFbWRTP,vrSTfWaEZfP
2042,DKqHUFbWRTP,RKbp3GCvRrF
2043,DKqHUFbWRTP,I28asEo67Mt
2044,EG28OsuzOGh,NdimbHlmGB1
2045,EG28OsuzOGh,VOOkKOAttyR
2046,EG28OsuzOGh,q33Jr73momc
2047,EG28OsuzOGh,NThAKEjWS24
2048,EG28OsuzOGh,LHh04IA7nsJ
2049,EG28OsuzOGh,jYSOZj8kVzc
2050,EG28OsuzOGh,Bnt7abK0gqb
2051,EG28OsuzOGh,OptiiLdMwqD
2052,EG28OsuzOGh,e8VpasQuKOf
2053,EG28OsuzOGh,icfcJwOA3HY
2054,EG28OsuzOGh,dVLQmjChiB5
2055,EG28OsuzOGh,inLYcBvHZSR
2056,EG28OsuzOGh,Y6uGpgGb7R5
2057,EG28OsuzOGh,tjG9Nt0wdwM
2058,rHp5CUB5WLX,HllvX50cXC0
2059,ZWpqIceJFh3,rCzvys285kN
2060,ZWpqIceJFh3,VZrxjCi8cQi
2061,ZWpqIceJFh3,ZgnHXnu30cI
2062,ZWpqIceJFh3,fHgwVjoElmE
2063,kegZCzuDaEF,rCzvys285kN
2064,kegZCzuDaEF,VZrxjCi8cQi
2065,kegZCzuDaEF,ZgnHXnu30cI
2066,kegZCzuDaEF,fHgwVjoElmE
2067,EDfiff7Yyw9,HllvX50cXC0
2068,aYWNhfQt1f4,rCzvys285kN
2069,aYWNhfQt1f4,VZrxjCi8cQi
2070,aYWNhfQt1f4,ZgnHXnu30cI
2071,aYWNhfQt1f4,fHgwVjoElmE
2072,mLb7dxlEIrF,HllvX50cXC0
2073,WSTD4fbEcn7,rCzvys285kN
2074,WSTD4fbEcn7,VZrxjCi8cQi
2075,WSTD4fbEcn7,ZgnHXnu30cI
2076,WSTD4fbEcn7,fHgwVjoElmE
2077,PEp4S6H8A5q,HllvX50cXC0
2078,DGz8vjuaY5x,HllvX50cXC0
2079,KC2IGeMOyQg,HllvX50cXC0
2080,G6Up7f2m8IZ,rCzvys285kN
2081,G6Up7f2m8IZ,VZrxjCi8cQi
2082,G6Up7f2m8IZ,ZgnHXnu30cI
2083,G6Up7f2m8IZ,fHgwVjoElmE
2084,bdzt06oCXUl,rCzvys285kN
2085,bdzt06oCXUl,VZrxjCi8cQi
2086,bdzt06oCXUl,ZgnHXnu30cI
2087,bdzt06oCXUl,fHgwVjoElmE
2088,n0EDVq8SomT,rCzvys285kN
2089,n0EDVq8SomT,VZrxjCi8cQi
2090,n0EDVq8SomT,ZgnHXnu30cI
2091,n0EDVq8SomT,fHgwVjoElmE
2092,gy9BLxScR4w,rCzvys285kN
2093,gy9BLxScR4w,VZrxjCi8cQi
2094,gy9BLxScR4w,ZgnHXnu30cI
2095,gy9BLxScR4w,fHgwVjoElmE
2096,ThcfDagtF5Z,HllvX50cXC0
2097,Rcj04tQtE3Z,rCzvys285kN
2098,Rcj04tQtE3Z,VZrxjCi8cQi
2099,Rcj04tQtE3Z,ZgnHXnu30cI
2100,Rcj04tQtE3Z,fHgwVjoElmE
2101,rYpzr0sZpE0,rCzvys285kN
2102,rYpzr0sZpE0,VZrxjCi8cQi
2103,rYpzr0sZpE0,ZgnHXnu30cI
2104,rYpzr0sZpE0,fHgwVjoElmE
2105,d9GlyyzbtH7,rCzvys285kN
2106,d9GlyyzbtH7,VZrxjCi8cQi
2107,d9GlyyzbtH7,ZgnHXnu30cI
2108,d9GlyyzbtH7,fHgwVjoElmE
2109,tUrE7lLu5zM,HllvX50cXC0
2110,aJI7aoGUzpF,q7cFI8zjhAp
2111,aJI7aoGUzpF,UGTbjOrSMsh
2112,SBCcx0wiuUd,rCzvys285kN
2113,SBCcx0wiuUd,VZrxjCi8cQi
2114,SBCcx0wiuUd,ZgnHXnu30cI
2115,SBCcx0wiuUd,fHgwVjoElmE
2116,qwPxn9Worvq,Kq56swi3KAi
2117,qwPxn9Worvq,oVc5PtW8IsH
2118,qwPxn9Worvq,dqUlEsSUs8w
2119,qwPxn9Worvq,xgiuSKF9lKY
2120,qwPxn9Worvq,WQ8FzlyAWIM
2121,AqulYj4FjX6,rCzvys285kN
2122,AqulYj4FjX6,VZrxjCi8cQi
2123,AqulYj4FjX6,ZgnHXnu30cI
2124,AqulYj4FjX6,fHgwVjoElmE
2125,tUj0laRvwHM,rCzvys285kN
2126,tUj0laRvwHM,VZrxjCi8cQi
2127,tUj0laRvwHM,ZgnHXnu30cI
2128,tUj0laRvwHM,fHgwVjoElmE
2129,DQdnYmcfOnt,q7cFI8zjhAp
2130,DQdnYmcfOnt,UGTbjOrSMsh
2131,uzGmiNswkny,q7cFI8zjhAp
2132,uzGmiNswkny,UGTbjOrSMsh
2133,xIDIBhREMyw,rCzvys285kN
2134,xIDIBhREMyw,VZrxjCi8cQi
2135,xIDIBhREMyw,ZgnHXnu30cI
2136,xIDIBhREMyw,fHgwVjoElmE
2137,QmlhUL99jdt,Kq56swi3KAi
2138,QmlhUL99jdt,oVc5PtW8IsH
2139,QmlhUL99jdt,dqUlEsSUs8w
2140,QmlhUL99jdt,xgiuSKF9lKY
2141,QmlhUL99jdt,WQ8FzlyAWIM
2142,zaHYBIpnntL,rCzvys285kN
2143,zaHYBIpnntL,VZrxjCi8cQi
2144,zaHYBIpnntL,ZgnHXnu30cI
2145,zaHYBIpnntL,fHgwVjoElmE
2146,KekRHq7li6v,rCzvys285kN
2147,KekRHq7li6v,VZrxjCi8cQi
2148,KekRHq7li6v,ZgnHXnu30cI
2149,KekRHq7li6v,fHgwVjoElmE
2150,SUHhAi9uMOh,r6izn2XFqEc
2151,SUHhAi9uMOh,NYHvlXEt4Ak
2152,SUHhAi9uMOh,A8rYH97KrsT
2153,SUHhAi9uMOh,GNNdPRsjO2n
2154,SUHhAi9uMOh,mtJPFOZgbxi
2155,SUHhAi9uMOh,VSQdmcsGlPJ
2156,SUHhAi9uMOh,cYqRrSx1FDh
2157,SUHhAi9uMOh,tNGX99SZlLN
2158,SUHhAi9uMOh,u5FiIkNknnZ
2159,SUHhAi9uMOh,J0tZbSIQgJh
2160,SUHhAi9uMOh,Yx9LGiAEzJI
2161,SUHhAi9uMOh,wgxsjUMb8Rw
2162,edxUdwIZLTy,q7cFI8zjhAp
2163,edxUdwIZLTy,UGTbjOrSMsh
2164,lCcUElft2pg,yabsZCXTQRM
2165,lCcUElft2pg,yWdrn6SiVZ9
2166,lCcUElft2pg,zLX9lB6eIHI
2167,lCcUElft2pg,C9j1R3XeUB3
2168,lCcUElft2pg,sBvVzuUN7ty
2169,lCcUElft2pg,JqdVRiI92bd
2170,lCcUElft2pg,tD3pn44uScE
2171,lCcUElft2pg,Mv9SNsGCT5e
2172,lCcUElft2pg,rU0HnmI7P8S
2173,lCcUElft2pg,pfXBcPz6khi
2174,MT4cUKjhkxJ,HllvX50cXC0
2175,HyGhE244Xpy,HllvX50cXC0
2176,JXDidYOcYLp,rCzvys285kN
2177,JXDidYOcYLp,VZrxjCi8cQi
2178,JXDidYOcYLp,ZgnHXnu30cI
2179,JXDidYOcYLp,fHgwVjoElmE
2180,OAnxvnKsh1k,rCzvys285kN
2181,OAnxvnKsh1k,VZrxjCi8cQi
2182,OAnxvnKsh1k,ZgnHXnu30cI
2183,OAnxvnKsh1k,fHgwVjoElmE
2184,YKBOIwmeplt,rCzvys285kN
2185,YKBOIwmeplt,VZrxjCi8cQi
2186,YKBOIwmeplt,ZgnHXnu30cI
2187,YKBOIwmeplt,fHgwVjoElmE
2188,dmos1rqHz1C,rCzvys285kN
2189,dmos1rqHz1C,VZrxjCi8cQi
2190,dmos1rqHz1C,ZgnHXnu30cI
2191,dmos1rqHz1C,fHgwVjoElmE
2192,efqN7OkV44i,rCzvys285kN
2193,efqN7OkV44i,VZrxjCi8cQi
2194,efqN7OkV44i,ZgnHXnu30cI
2195,efqN7OkV44i,fHgwVjoElmE
2196,BRUt7It9I2B,rCzvys285kN
2197,BRUt7It9I2B,VZrxjCi8cQi
2198,BRUt7It9I2B,ZgnHXnu30cI
2199,BRUt7It9I2B,fHgwVjoElmE
2200,CxmadI5pAA1,QbWmboyft5U
2201,CxmadI5pAA1,IvH2NxNT1i2
2202,CxmadI5pAA1,KXQVCmilMrN
2203,CxmadI5pAA1,AQmOIr8mkhA
2204,CxmadI5pAA1,aBwgn3seEeJ
2205,CxmadI5pAA1,KlaBA6uAve7
2206,KWrD4iHUAnP,rCzvys285kN
2207,KWrD4iHUAnP,VZrxjCi8cQi
2208,KWrD4iHUAnP,ZgnHXnu30cI
2209,KWrD4iHUAnP,fHgwVjoElmE
2210,B7taodYrMCs,HllvX50cXC0
2211,J7Paq3SJcaH,Cn7Sbn1cmaJ
2212,J7Paq3SJcaH,Vsm9HAH7Jyq
2213,J7Paq3SJcaH,Spvx3gdpnkj
2214,J7Paq3SJcaH,DbUSKRk6Z7x
2215,J7Paq3SJcaH,OOMLP3gYLKq
2216,J7Paq3SJcaH,cLh8II1swIK
2217,J7Paq3SJcaH,YyglM1loCC3
2218,J7Paq3SJcaH,yrO9l7ykS22
2219,J7Paq3SJcaH,stkNJM5iYAB
2220,J7Paq3SJcaH,keby93gYnGG
2221,J7Paq3SJcaH,JjZuytPl7Cw
2222,J7Paq3SJcaH,Qjab56noHMt
2223,JqSAy127nkG,rCzvys285kN
2224,JqSAy127nkG,VZrxjCi8cQi
2225,JqSAy127nkG,ZgnHXnu30cI
2226,JqSAy127nkG,fHgwVjoElmE
2227,VUYrPLMhMBA,rCzvys285kN
2228,VUYrPLMhMBA,VZrxjCi8cQi
2229,VUYrPLMhMBA,ZgnHXnu30cI
2230,VUYrPLMhMBA,fHgwVjoElmE
2231,zwqtwM9v4kq,rCzvys285kN
2232,zwqtwM9v4kq,VZrxjCi8cQi
2233,zwqtwM9v4kq,ZgnHXnu30cI
2234,zwqtwM9v4kq,fHgwVjoElmE
2235,adABR5Pf517,SM9d5ybWcr0
2236,adABR5Pf517,H5MiomGgbbi
2237,adABR5Pf517,OUPWAOZojRb
2238,NiTWwBINRfZ,rCzvys285kN
2239,NiTWwBINRfZ,VZrxjCi8cQi
2240,NiTWwBINRfZ,ZgnHXnu30cI
2241,NiTWwBINRfZ,fHgwVjoElmE
2242,AobaAcEGTTA,rCzvys285kN
2243,AobaAcEGTTA,VZrxjCi8cQi
2244,AobaAcEGTTA,ZgnHXnu30cI
2245,AobaAcEGTTA,fHgwVjoElmE
2246,H1TVgFhvbtM,HllvX50cXC0
2247,wSEiwbzS12h,HllvX50cXC0
2248,tVqgjoVGM58,rCzvys285kN
2249,tVqgjoVGM58,VZrxjCi8cQi
2250,tVqgjoVGM58,ZgnHXnu30cI
2251,tVqgjoVGM58,fHgwVjoElmE
2252,EfTTIIPehJp,rCzvys285kN
2253,EfTTIIPehJp,VZrxjCi8cQi
2254,EfTTIIPehJp,ZgnHXnu30cI
2255,EfTTIIPehJp,fHgwVjoElmE
2256,dkyYj6FBGIV,rCzvys285kN
2257,dkyYj6FBGIV,VZrxjCi8cQi
2258,dkyYj6FBGIV,ZgnHXnu30cI
2259,dkyYj6FBGIV,fHgwVjoElmE
2260,jnJHVdpCZ4R,d0tWwN5O6NO
2261,jnJHVdpCZ4R,Ve34gUv8xMH
2262,jnJHVdpCZ4R,OE9AdLE48yj
2263,jnJHVdpCZ4R,NFNV30tIn8T
2264,jnJHVdpCZ4R,AmyeUte6IfQ
2265,jnJHVdpCZ4R,KLjBWPSSfqG
2266,jnJHVdpCZ4R,QwmgfRLXySv
2267,jnJHVdpCZ4R,VyCuYZXDXiO
2268,jnJHVdpCZ4R,Zacetp7r5HC
2269,jnJHVdpCZ4R,a9NFxaXN9KD
2270,jnJHVdpCZ4R,sBkrGKNQ0uz
2271,jnJHVdpCZ4R,A2ZsKFXp6Vn
2272,jnJHVdpCZ4R,eDQHbmqfA0E
2273,jnJHVdpCZ4R,lvYG6LfU4Jo
2274,jnJHVdpCZ4R,Z2df6EDsYk1
2275,jnJHVdpCZ4R,rkbc2xbaa8g
2276,jnJHVdpCZ4R,dBzKnHTWCkK
2277,jnJHVdpCZ4R,GMPyv2RPvxm
2278,jnJHVdpCZ4R,gp5AoqZCBjE
2279,jnJHVdpCZ4R,rsV4LLJt5Lw
2280,jnJHVdpCZ4R,rCzvys285kN
2281,jnJHVdpCZ4R,VZrxjCi8cQi
2282,jnJHVdpCZ4R,ZgnHXnu30cI
2283,jnJHVdpCZ4R,fHgwVjoElmE
2284,kBfGeUictzC,rCzvys285kN
2285,kBfGeUictzC,VZrxjCi8cQi
2286,kBfGeUictzC,ZgnHXnu30cI
2287,kBfGeUictzC,fHgwVjoElmE
2288,zEqnsEWsIfy,HllvX50cXC0
2289,PVFjRgGwPOO,Kq56swi3KAi
2290,PVFjRgGwPOO,oVc5PtW8IsH
2291,PVFjRgGwPOO,dqUlEsSUs8w
2292,PVFjRgGwPOO,xgiuSKF9lKY
2293,PVFjRgGwPOO,WQ8FzlyAWIM
2294,YsQ07TQ4xKd,q7cFI8zjhAp
2295,YsQ07TQ4xKd,UGTbjOrSMsh
2296,At85qp2WnZz,h6Pad0c6ic0
2297,At85qp2WnZz,acibdlEhhxw
2298,At85qp2WnZz,EKm949hzsgY
2299,At85qp2WnZz,vGHDZm2UPq5
2300,At85qp2WnZz,gP0qIQwYVZx
2301,At85qp2WnZz,vDOMBTXYpkl
2302,At85qp2WnZz,xyzkAnT5ApT
2303,At85qp2WnZz,mJnJWk4Ih48
2304,At85qp2WnZz,I1IHrbBF2fm
2305,At85qp2WnZz,wlZ7QBEZWE2
2306,At85qp2WnZz,HJ8vavGBwnt
2307,At85qp2WnZz,b1p4v65Fds7
2308,S6jrXc8Q7WS,rCzvys285kN
2309,S6jrXc8Q7WS,VZrxjCi8cQi
2310,S6jrXc8Q7WS,ZgnHXnu30cI
2311,S6jrXc8Q7WS,fHgwVjoElmE
2312,d9rj748qoSW,rCzvys285kN
2313,d9rj748qoSW,VZrxjCi8cQi
2314,d9rj748qoSW,ZgnHXnu30cI
2315,d9rj748qoSW,fHgwVjoElmE
2316,BayF6dc48Zf,rCzvys285kN
2317,BayF6dc48Zf,VZrxjCi8cQi
2318,BayF6dc48Zf,ZgnHXnu30cI
2319,BayF6dc48Zf,fHgwVjoElmE
2320,VQyGSllecX0,rCzvys285kN
2321,VQyGSllecX0,VZrxjCi8cQi
2322,VQyGSllecX0,ZgnHXnu30cI
2323,VQyGSllecX0,fHgwVjoElmE
2324,KITTv63Kn1I,HllvX50cXC0
2325,b4BpYiSOpJk,HllvX50cXC0
2326,Qe8yHVdy35G,rCzvys285kN
2327,Qe8yHVdy35G,VZrxjCi8cQi
2328,Qe8yHVdy35G,ZgnHXnu30cI
2329,Qe8yHVdy35G,fHgwVjoElmE
2330,znk2vBtDKVU,rCzvys285kN
2331,znk2vBtDKVU,VZrxjCi8cQi
2332,znk2vBtDKVU,ZgnHXnu30cI
2333,znk2vBtDKVU,fHgwVjoElmE
2334,RsEkchIdMIf,HllvX50cXC0
2335,tmAMPUwLMhD,Kq56swi3KAi
2336,tmAMPUwLMhD,oVc5PtW8IsH
2337,tmAMPUwLMhD,dqUlEsSUs8w
2338,tmAMPUwLMhD,xgiuSKF9lKY
2339,tmAMPUwLMhD,WQ8FzlyAWIM
2340,eCmR63qiibD,rCzvys285kN
2341,eCmR63qiibD,VZrxjCi8cQi
2342,eCmR63qiibD,ZgnHXnu30cI
2343,eCmR63qiibD,fHgwVjoElmE
2344,VR6h1H5OWK3,yabsZCXTQRM
2345,VR6h1H5OWK3,yWdrn6SiVZ9
2346,VR6h1H5OWK3,zLX9lB6eIHI
2347,VR6h1H5OWK3,C9j1R3XeUB3
2348,VR6h1H5OWK3,sBvVzuUN7ty
2349,VR6h1H5OWK3,JqdVRiI92bd
2350,VR6h1H5OWK3,tD3pn44uScE
2351,VR6h1H5OWK3,Mv9SNsGCT5e
2352,VR6h1H5OWK3,rU0HnmI7P8S
2353,VR6h1H5OWK3,pfXBcPz6khi
2354,NLGvr8eF63p,rCzvys285kN
2355,NLGvr8eF63p,VZrxjCi8cQi
2356,NLGvr8eF63p,ZgnHXnu30cI
2357,NLGvr8eF63p,fHgwVjoElmE
2358,l74Up3OSZaB,rCzvys285kN
2359,l74Up3OSZaB,VZrxjCi8cQi
2360,l74Up3OSZaB,ZgnHXnu30cI
2361,l74Up3OSZaB,fHgwVjoElmE
2362,Z3XjnRKouCJ,h6Pad0c6ic0
2363,Z3XjnRKouCJ,acibdlEhhxw
2364,Z3XjnRKouCJ,EKm949hzsgY
2365,Z3XjnRKouCJ,vGHDZm2UPq5
2366,Z3XjnRKouCJ,gP0qIQwYVZx
2367,Z3XjnRKouCJ,vDOMBTXYpkl
2368,Z3XjnRKouCJ,xyzkAnT5ApT
2369,Z3XjnRKouCJ,mJnJWk4Ih48
2370,Z3XjnRKouCJ,I1IHrbBF2fm
2371,Z3XjnRKouCJ,wlZ7QBEZWE2
2372,Z3XjnRKouCJ,HJ8vavGBwnt
2373,Z3XjnRKouCJ,b1p4v65Fds7
2374,s5eD3fBwDHV,HllvX50cXC0
2375,sP4ONfU2xjA,h6Pad0c6ic0
2376,sP4ONfU2xjA,acibdlEhhxw
2377,sP4ONfU2xjA,EKm949hzsgY
2378,sP4ONfU2xjA,vGHDZm2UPq5
2379,sP4ONfU2xjA,gP0qIQwYVZx
2380,sP4ONfU2xjA,vDOMBTXYpkl
2381,sP4ONfU2xjA,xyzkAnT5ApT
2382,sP4ONfU2xjA,mJnJWk4Ih48
2383,sP4ONfU2xjA,I1IHrbBF2fm
2384,sP4ONfU2xjA,wlZ7QBEZWE2
2385,sP4ONfU2xjA,HJ8vavGBwnt
2386,sP4ONfU2xjA,b1p4v65Fds7
2387,r0RycgGHS5Q,h6Pad0c6ic0
2388,r0RycgGHS5Q,acibdlEhhxw
2389,r0RycgGHS5Q,EKm949hzsgY
2390,r0RycgGHS5Q,vGHDZm2UPq5
2391,r0RycgGHS5Q,gP0qIQwYVZx
2392,r0RycgGHS5Q,vDOMBTXYpkl
2393,r0RycgGHS5Q,xyzkAnT5ApT
2394,r0RycgGHS5Q,mJnJWk4Ih48
2395,r0RycgGHS5Q,I1IHrbBF2fm
2396,r0RycgGHS5Q,wlZ7QBEZWE2
2397,r0RycgGHS5Q,HJ8vavGBwnt
2398,r0RycgGHS5Q,b1p4v65Fds7
2399,Cf7Hkr5CAoY,rCzvys285kN
2400,Cf7Hkr5CAoY,VZrxjCi8cQi
2401,Cf7Hkr5CAoY,ZgnHXnu30cI
2402,Cf7Hkr5CAoY,fHgwVjoElmE
2403,ORdlcBTzOgk,rCzvys285kN
2404,ORdlcBTzOgk,VZrxjCi8cQi
2405,ORdlcBTzOgk,ZgnHXnu30cI
2406,ORdlcBTzOgk,fHgwVjoElmE
2407,xvcx2X32983,Ddg0cceghIM
2408,xvcx2X32983,raVzuvAVYrE
2409,xvcx2X32983,eKedYQVxjWn
2410,xvcx2X32983,h7RYzvDS7Kc
2411,xvcx2X32983,mTSF9OkOVvI
2412,xvcx2X32983,QK1rNyJE2vo
2413,xvcx2X32983,zShlA5MAVHQ
2414,xvcx2X32983,hTVLtGKGXV5
2415,xvcx2X32983,rCzvys285kN
2416,xvcx2X32983,VZrxjCi8cQi
2417,xvcx2X32983,ZgnHXnu30cI
2418,xvcx2X32983,fHgwVjoElmE
2419,avSPHPOgQ1E,yabsZCXTQRM
2420,avSPHPOgQ1E,yWdrn6SiVZ9
2421,avSPHPOgQ1E,zLX9lB6eIHI
2422,avSPHPOgQ1E,C9j1R3XeUB3
2423,avSPHPOgQ1E,sBvVzuUN7ty
2424,avSPHPOgQ1E,JqdVRiI92bd
2425,avSPHPOgQ1E,tD3pn44uScE
2426,avSPHPOgQ1E,Mv9SNsGCT5e
2427,avSPHPOgQ1E,rU0HnmI7P8S
2428,avSPHPOgQ1E,pfXBcPz6khi
2429,avSPHPOgQ1E,rCzvys285kN
2430,avSPHPOgQ1E,VZrxjCi8cQi
2431,avSPHPOgQ1E,ZgnHXnu30cI
2432,avSPHPOgQ1E,fHgwVjoElmE
2433,RFiAvKOyyiy,HllvX50cXC0
2434,Ru9L7TnoKEN,H70ZAB6lFN0
2435,Ru9L7TnoKEN,CIJDVuBKosw
2436,Ru9L7TnoKEN,YDcKEg7NPUj
2437,Ru9L7TnoKEN,KQhpICg4pDD
2438,Ru9L7TnoKEN,Ksn2fJ16UEA
2439,Ru9L7TnoKEN,lvJU5xtFVD3
2440,Ru9L7TnoKEN,oi3paDSTmNH
2441,Ru9L7TnoKEN,d08q7V502jy
2442,Ru9L7TnoKEN,U9cCBvHO2ns
2443,Ru9L7TnoKEN,GZBOk5wzcv2
2444,Ru9L7TnoKEN,eRffJvd314E
2445,Ru9L7TnoKEN,gwUlCDcQqtU
2446,Ru9L7TnoKEN,qqn2zBahp5x
2447,Ru9L7TnoKEN,Hm0nPWUgUFu
2448,Ru9L7TnoKEN,Jtjfp2JhFiL
2449,Ru9L7TnoKEN,kRZ6ivAxbCI
2450,Ru9L7TnoKEN,Ml0L5CB2mbs
2451,Ru9L7TnoKEN,QsKFFmPfXYP
2452,Ru9L7TnoKEN,mOHhwKjpIV9
2453,Ru9L7TnoKEN,oKX78wjCeaN
2454,jqpTQUwkCNQ,rCzvys285kN
2455,jqpTQUwkCNQ,VZrxjCi8cQi
2456,jqpTQUwkCNQ,ZgnHXnu30cI
2457,jqpTQUwkCNQ,fHgwVjoElmE
2458,B84rSoVL685,yabsZCXTQRM
2459,B84rSoVL685,yWdrn6SiVZ9
2460,B84rSoVL685,zLX9lB6eIHI
2461,B84rSoVL685,C9j1R3XeUB3
2462,B84rSoVL685,sBvVzuUN7ty
2463,B84rSoVL685,JqdVRiI92bd
2464,B84rSoVL685,tD3pn44uScE
2465,B84rSoVL685,Mv9SNsGCT5e
2466,B84rSoVL685,rU0HnmI7P8S
2467,B84rSoVL685,pfXBcPz6khi
2468,krBQ4OPkGHt,rCzvys285kN
2469,krBQ4OPkGHt,VZrxjCi8cQi
2470,krBQ4OPkGHt,ZgnHXnu30cI
2471,krBQ4OPkGHt,fHgwVjoElmE
2472,YLvsUOL8WEs,rCzvys285kN
2473,YLvsUOL8WEs,VZrxjCi8cQi
2474,YLvsUOL8WEs,ZgnHXnu30cI
2475,YLvsUOL8WEs,fHgwVjoElmE
2476,ojc6DvWVJBq,rCzvys285kN
2477,ojc6DvWVJBq,VZrxjCi8cQi
2478,ojc6DvWVJBq,ZgnHXnu30cI
2479,ojc6DvWVJBq,fHgwVjoElmE
2480,RMQ0tjd8t4v,rCzvys285kN
2481,RMQ0tjd8t4v,VZrxjCi8cQi
2482,RMQ0tjd8t4v,ZgnHXnu30cI
2483,RMQ0tjd8t4v,fHgwVjoElmE
2484,k9E4BLbBth3,HllvX50cXC0
2485,NkqL5xQgH9j,rCzvys285kN
2486,NkqL5xQgH9j,VZrxjCi8cQi
2487,NkqL5xQgH9j,ZgnHXnu30cI
2488,NkqL5xQgH9j,fHgwVjoElmE
2489,Sa8LzYtZvy6,rCzvys285kN
2490,Sa8LzYtZvy6,VZrxjCi8cQi
2491,Sa8LzYtZvy6,ZgnHXnu30cI
2492,Sa8LzYtZvy6,fHgwVjoElmE
2493,AY2Uuk5EFXu,rCzvys285kN
2494,AY2Uuk5EFXu,VZrxjCi8cQi
2495,AY2Uuk5EFXu,ZgnHXnu30cI
2496,AY2Uuk5EFXu,fHgwVjoElmE
2497,doj7NR9Nlod,Ddg0cceghIM
2498,doj7NR9Nlod,raVzuvAVYrE
2499,doj7NR9Nlod,eKedYQVxjWn
2500,doj7NR9Nlod,h7RYzvDS7Kc
2501,doj7NR9Nlod,mTSF9OkOVvI
2502,doj7NR9Nlod,QK1rNyJE2vo
2503,doj7NR9Nlod,zShlA5MAVHQ
2504,doj7NR9Nlod,hTVLtGKGXV5
2505,doj7NR9Nlod,rCzvys285kN
2506,doj7NR9Nlod,VZrxjCi8cQi
2507,doj7NR9Nlod,ZgnHXnu30cI
2508,doj7NR9Nlod,fHgwVjoElmE
2509,wFZdjFBdByd,rCzvys285kN
2510,wFZdjFBdByd,VZrxjCi8cQi
2511,wFZdjFBdByd,ZgnHXnu30cI
2512,wFZdjFBdByd,fHgwVjoElmE
2513,OmAzsGFWoMA,rCzvys285kN
2514,OmAzsGFWoMA,VZrxjCi8cQi
2515,OmAzsGFWoMA,ZgnHXnu30cI
2516,OmAzsGFWoMA,fHgwVjoElmE
2517,O55NodLFpjw,rCzvys285kN
2518,O55NodLFpjw,VZrxjCi8cQi
2519,O55NodLFpjw,ZgnHXnu30cI
2520,O55NodLFpjw,fHgwVjoElmE
2521,LNveKIXGpbN,rCzvys285kN
2522,LNveKIXGpbN,VZrxjCi8cQi
2523,LNveKIXGpbN,ZgnHXnu30cI
2524,LNveKIXGpbN,fHgwVjoElmE
2525,TZhF5Ygb0s6,rCzvys285kN
2526,TZhF5Ygb0s6,VZrxjCi8cQi
2527,TZhF5Ygb0s6,ZgnHXnu30cI
2528,TZhF5Ygb0s6,fHgwVjoElmE
2529,bPH64HIfcEa,yabsZCXTQRM
2530,bPH64HIfcEa,yWdrn6SiVZ9
2531,bPH64HIfcEa,zLX9lB6eIHI
2532,bPH64HIfcEa,C9j1R3XeUB3
2533,bPH64HIfcEa,sBvVzuUN7ty
2534,bPH64HIfcEa,JqdVRiI92bd
2535,bPH64HIfcEa,tD3pn44uScE
2536,bPH64HIfcEa,Mv9SNsGCT5e
2537,bPH64HIfcEa,rU0HnmI7P8S
2538,bPH64HIfcEa,pfXBcPz6khi
2539,ZMxLnNWHeiC,iSgFSZgdKmp
2540,ZMxLnNWHeiC,B3FjMFN7dLF
2541,ZMxLnNWHeiC,YhjB5CCmgKe
2542,ZMxLnNWHeiC,wC1NfGYAPK8
2543,ZMxLnNWHeiC,FCIspDovDFZ
2544,ZMxLnNWHeiC,wbl4XOJUu4w
2545,ZMxLnNWHeiC,Wfx0A1dy4iB
2546,ZMxLnNWHeiC,Qehx71IqOYm
2547,bnhid8VxwrL,rCzvys285kN
2548,bnhid8VxwrL,VZrxjCi8cQi
2549,bnhid8VxwrL,ZgnHXnu30cI
2550,bnhid8VxwrL,fHgwVjoElmE
2551,H4zQ1jIygbY,HllvX50cXC0
2552,fPUsA7yOen4,rCzvys285kN
2553,fPUsA7yOen4,VZrxjCi8cQi
2554,fPUsA7yOen4,ZgnHXnu30cI
2555,fPUsA7yOen4,fHgwVjoElmE
2556,mPlRIBh2zlN,rCzvys285kN
2557,mPlRIBh2zlN,VZrxjCi8cQi
2558,mPlRIBh2zlN,ZgnHXnu30cI
2559,mPlRIBh2zlN,fHgwVjoElmE
2560,S2el0LizOtm,rCzvys285kN
2561,S2el0LizOtm,VZrxjCi8cQi
2562,S2el0LizOtm,ZgnHXnu30cI
2563,S2el0LizOtm,fHgwVjoElmE
2564,CiuwvTmgmJj,yabsZCXTQRM
2565,CiuwvTmgmJj,yWdrn6SiVZ9
2566,CiuwvTmgmJj,zLX9lB6eIHI
2567,CiuwvTmgmJj,C9j1R3XeUB3
2568,CiuwvTmgmJj,sBvVzuUN7ty
2569,CiuwvTmgmJj,JqdVRiI92bd
2570,CiuwvTmgmJj,tD3pn44uScE
2571,CiuwvTmgmJj,Mv9SNsGCT5e
2572,CiuwvTmgmJj,rU0HnmI7P8S
2573,CiuwvTmgmJj,pfXBcPz6khi
2574,CiuwvTmgmJj,rCzvys285kN
2575,CiuwvTmgmJj,VZrxjCi8cQi
2576,CiuwvTmgmJj,ZgnHXnu30cI
2577,CiuwvTmgmJj,fHgwVjoElmE
2578,IwEJq5Jsfid,rCzvys285kN
2579,IwEJq5Jsfid,VZrxjCi8cQi
2580,IwEJq5Jsfid,ZgnHXnu30cI
2581,IwEJq5Jsfid,fHgwVjoElmE
2582,JmrZPitsaj1,HllvX50cXC0
2583,e1tvZG8X8IW,rCzvys285kN
2584,e1tvZG8X8IW,VZrxjCi8cQi
2585,e1tvZG8X8IW,ZgnHXnu30cI
2586,e1tvZG8X8IW,fHgwVjoElmE
2587,jTWeXGk0tD9,rCzvys285kN
2588,jTWeXGk0tD9,VZrxjCi8cQi
2589,jTWeXGk0tD9,ZgnHXnu30cI
2590,jTWeXGk0tD9,fHgwVjoElmE
2591,ZdTB8r8X8hA,HllvX50cXC0
2592,CT6FIEW5Ct8,rCzvys285kN
2593,CT6FIEW5Ct8,VZrxjCi8cQi
2594,CT6FIEW5Ct8,ZgnHXnu30cI
2595,CT6FIEW5Ct8,fHgwVjoElmE
2596,tmozIFXxpia,rCzvys285kN
2597,tmozIFXxpia,VZrxjCi8cQi
2598,tmozIFXxpia,ZgnHXnu30cI
2599,tmozIFXxpia,fHgwVjoElmE
2600,lc3oy0hclHp,h6Pad0c6ic0
2601,lc3oy0hclHp,acibdlEhhxw
2602,lc3oy0hclHp,EKm949hzsgY
2603,lc3oy0hclHp,vGHDZm2UPq5
2604,lc3oy0hclHp,gP0qIQwYVZx
2605,lc3oy0hclHp,vDOMBTXYpkl
2606,lc3oy0hclHp,xyzkAnT5ApT
2607,lc3oy0hclHp,mJnJWk4Ih48
2608,lc3oy0hclHp,I1IHrbBF2fm
2609,lc3oy0hclHp,wlZ7QBEZWE2
2610,lc3oy0hclHp,HJ8vavGBwnt
2611,lc3oy0hclHp,b1p4v65Fds7
2612,GttK7iH5a5I,rCzvys285kN
2613,GttK7iH5a5I,VZrxjCi8cQi
2614,GttK7iH5a5I,ZgnHXnu30cI
2615,GttK7iH5a5I,fHgwVjoElmE
2616,BXf9gxMRvYM,HllvX50cXC0
2617,hSrTiWZ8HHx,rCzvys285kN
2618,hSrTiWZ8HHx,VZrxjCi8cQi
2619,hSrTiWZ8HHx,ZgnHXnu30cI
2620,hSrTiWZ8HHx,fHgwVjoElmE
2621,KuTXtcHhm6r,d0tWwN5O6NO
2622,KuTXtcHhm6r,Ve34gUv8xMH
2623,KuTXtcHhm6r,OE9AdLE48yj
2624,KuTXtcHhm6r,NFNV30tIn8T
2625,KuTXtcHhm6r,AmyeUte6IfQ
2626,KuTXtcHhm6r,KLjBWPSSfqG
2627,KuTXtcHhm6r,QwmgfRLXySv
2628,KuTXtcHhm6r,VyCuYZXDXiO
2629,KuTXtcHhm6r,Zacetp7r5HC
2630,KuTXtcHhm6r,a9NFxaXN9KD
2631,KuTXtcHhm6r,sBkrGKNQ0uz
2632,KuTXtcHhm6r,A2ZsKFXp6Vn
2633,KuTXtcHhm6r,eDQHbmqfA0E
2634,KuTXtcHhm6r,lvYG6LfU4Jo
2635,KuTXtcHhm6r,Z2df6EDsYk1
2636,KuTXtcHhm6r,rkbc2xbaa8g
2637,KuTXtcHhm6r,dBzKnHTWCkK
2638,KuTXtcHhm6r,GMPyv2RPvxm
2639,KuTXtcHhm6r,gp5AoqZCBjE
2640,KuTXtcHhm6r,rsV4LLJt5Lw
2641,Ai45siHVs0U,HllvX50cXC0
2642,JxpT8qlPqNy,rCzvys285kN
2643,JxpT8qlPqNy,VZrxjCi8cQi
2644,JxpT8qlPqNy,ZgnHXnu30cI
2645,JxpT8qlPqNy,fHgwVjoElmE
2646,ta9qHC2STYJ,yabsZCXTQRM
2647,ta9qHC2STYJ,yWdrn6SiVZ9
2648,ta9qHC2STYJ,zLX9lB6eIHI
2649,ta9qHC2STYJ,C9j1R3XeUB3
2650,ta9qHC2STYJ,sBvVzuUN7ty
2651,ta9qHC2STYJ,JqdVRiI92bd
2652,ta9qHC2STYJ,tD3pn44uScE
2653,ta9qHC2STYJ,Mv9SNsGCT5e
2654,ta9qHC2STYJ,rU0HnmI7P8S
2655,ta9qHC2STYJ,pfXBcPz6khi
2656,ta9qHC2STYJ,Kq56swi3KAi
2657,ta9qHC2STYJ,oVc5PtW8IsH
2658,ta9qHC2STYJ,dqUlEsSUs8w
2659,ta9qHC2STYJ,xgiuSKF9lKY
2660,ta9qHC2STYJ,WQ8FzlyAWIM
2661,yzJGgK2gkKv,HllvX50cXC0
2662,S1YHBvo1SVX,yabsZCXTQRM
2663,S1YHBvo1SVX,yWdrn6SiVZ9
2664,S1YHBvo1SVX,zLX9lB6eIHI
2665,S1YHBvo1SVX,C9j1R3XeUB3
2666,S1YHBvo1SVX,sBvVzuUN7ty
2667,S1YHBvo1SVX,JqdVRiI92bd
2668,S1YHBvo1SVX,tD3pn44uScE
2669,S1YHBvo1SVX,Mv9SNsGCT5e
2670,S1YHBvo1SVX,rU0HnmI7P8S
2671,S1YHBvo1SVX,pfXBcPz6khi
2672,FRLjpKeP7wn,HllvX50cXC0
2673,C1xDbL0qtLC,Kq56swi3KAi
2674,C1xDbL0qtLC,oVc5PtW8IsH
2675,C1xDbL0qtLC,dqUlEsSUs8w
2676,C1xDbL0qtLC,xgiuSKF9lKY
2677,C1xDbL0qtLC,WQ8FzlyAWIM
2678,rKyyB0dqSWO,rCzvys285kN
2679,rKyyB0dqSWO,VZrxjCi8cQi
2680,rKyyB0dqSWO,ZgnHXnu30cI
2681,rKyyB0dqSWO,fHgwVjoElmE
2682,pSeaUc8uGfR,Ddg0cceghIM
2683,pSeaUc8uGfR,raVzuvAVYrE
2684,pSeaUc8uGfR,eKedYQVxjWn
2685,pSeaUc8uGfR,h7RYzvDS7Kc
2686,pSeaUc8uGfR,mTSF9OkOVvI
2687,pSeaUc8uGfR,QK1rNyJE2vo
2688,pSeaUc8uGfR,zShlA5MAVHQ
2689,pSeaUc8uGfR,hTVLtGKGXV5
2690,pSeaUc8uGfR,rCzvys285kN
2691,pSeaUc8uGfR,VZrxjCi8cQi
2692,pSeaUc8uGfR,ZgnHXnu30cI
2693,pSeaUc8uGfR,fHgwVjoElmE
2694,tNA5hDRYuJI,rCzvys285kN
2695,tNA5hDRYuJI,VZrxjCi8cQi
2696,tNA5hDRYuJI,ZgnHXnu30cI
2697,tNA5hDRYuJI,fHgwVjoElmE
2698,NaEMW8G7Ky0,rCzvys285kN
2699,NaEMW8G7Ky0,VZrxjCi8cQi
2700,NaEMW8G7Ky0,ZgnHXnu30cI
2701,NaEMW8G7Ky0,fHgwVjoElmE
2702,YORxNe7szgK,rCzvys285kN
2703,YORxNe7szgK,VZrxjCi8cQi
2704,YORxNe7szgK,ZgnHXnu30cI
2705,YORxNe7szgK,fHgwVjoElmE
2706,OHZWY18Tn6S,yabsZCXTQRM
2707,OHZWY18Tn6S,yWdrn6SiVZ9
2708,OHZWY18Tn6S,zLX9lB6eIHI
2709,OHZWY18Tn6S,C9j1R3XeUB3
2710,OHZWY18Tn6S,sBvVzuUN7ty
2711,OHZWY18Tn6S,JqdVRiI92bd
2712,OHZWY18Tn6S,tD3pn44uScE
2713,OHZWY18Tn6S,Mv9SNsGCT5e
2714,OHZWY18Tn6S,rU0HnmI7P8S
2715,OHZWY18Tn6S,pfXBcPz6khi
2716,R2vTR8afAEo,rCzvys285kN
2717,R2vTR8afAEo,VZrxjCi8cQi
2718,R2vTR8afAEo,ZgnHXnu30cI
2719,R2vTR8afAEo,fHgwVjoElmE
2720,RYq5BxOFkiP,rCzvys285kN
2721,RYq5BxOFkiP,VZrxjCi8cQi
2722,RYq5BxOFkiP,ZgnHXnu30cI
2723,RYq5BxOFkiP,fHgwVjoElmE
2724,cs3kZ6uMBay,HllvX50cXC0
2725,nXox7WQx9TE,rCzvys285kN
2726,nXox7WQx9TE,VZrxjCi8cQi
2727,nXox7WQx9TE,ZgnHXnu30cI
2728,nXox7WQx9TE,fHgwVjoElmE
2729,pRZrTLDN7Ge,rCzvys285kN
2730,pRZrTLDN7Ge,VZrxjCi8cQi
2731,pRZrTLDN7Ge,ZgnHXnu30cI
2732,pRZrTLDN7Ge,fHgwVjoElmE
2733,GGQKzkvbb9i,NdimbHlmGB1
2734,GGQKzkvbb9i,VOOkKOAttyR
2735,GGQKzkvbb9i,q33Jr73momc
2736,GGQKzkvbb9i,NThAKEjWS24
2737,GGQKzkvbb9i,LHh04IA7nsJ
2738,GGQKzkvbb9i,jYSOZj8kVzc
2739,GGQKzkvbb9i,Bnt7abK0gqb
2740,GGQKzkvbb9i,OptiiLdMwqD
2741,GGQKzkvbb9i,e8VpasQuKOf
2742,GGQKzkvbb9i,icfcJwOA3HY
2743,GGQKzkvbb9i,dVLQmjChiB5
2744,GGQKzkvbb9i,inLYcBvHZSR
2745,GGQKzkvbb9i,Y6uGpgGb7R5
2746,GGQKzkvbb9i,tjG9Nt0wdwM
2747,lR4euhSXE52,h6Pad0c6ic0
2748,lR4euhSXE52,acibdlEhhxw
2749,lR4euhSXE52,EKm949hzsgY
2750,lR4euhSXE52,vGHDZm2UPq5
2751,lR4euhSXE52,gP0qIQwYVZx
2752,lR4euhSXE52,vDOMBTXYpkl
2753,lR4euhSXE52,xyzkAnT5ApT
2754,lR4euhSXE52,mJnJWk4Ih48
2755,lR4euhSXE52,I1IHrbBF2fm
2756,lR4euhSXE52,wlZ7QBEZWE2
2757,lR4euhSXE52,HJ8vavGBwnt
2758,lR4euhSXE52,b1p4v65Fds7
2759,N7tA0f3vH8g,rCzvys285kN
2760,N7tA0f3vH8g,VZrxjCi8cQi
2761,N7tA0f3vH8g,ZgnHXnu30cI
2762,N7tA0f3vH8g,fHgwVjoElmE
2763,oRztWjPFjbk,HllvX50cXC0
2764,jRpz78CUX9D,HllvX50cXC0
2765,PIySVhx6DJS,rCzvys285kN
2766,PIySVhx6DJS,VZrxjCi8cQi
2767,PIySVhx6DJS,ZgnHXnu30cI
2768,PIySVhx6DJS,fHgwVjoElmE
2769,BB07cBjzx1Q,HllvX50cXC0
2770,qeXMtmBzN2G,rCzvys285kN
2771,qeXMtmBzN2G,VZrxjCi8cQi
2772,qeXMtmBzN2G,ZgnHXnu30cI
2773,qeXMtmBzN2G,fHgwVjoElmE
2774,zWlAJsGjAaZ,SgtJVRGlRIo
2775,zWlAJsGjAaZ,nusEBjg8bes
2776,zWlAJsGjAaZ,sHKK94BX2Rp
2777,zWlAJsGjAaZ,kkV0Rfqo4Ru
2778,zWlAJsGjAaZ,UKCxMVgAc2s
2779,zWlAJsGjAaZ,WyNau0T37h4
2780,zWlAJsGjAaZ,OhmzAkCmkjU
2781,zWlAJsGjAaZ,oIxEDq59GUL
2782,zWlAJsGjAaZ,DHWRwZkFHqc
2783,zWlAJsGjAaZ,mJNtXTVt6T1
2784,jVhHcxK4Ezl,rCzvys285kN
2785,jVhHcxK4Ezl,VZrxjCi8cQi
2786,jVhHcxK4Ezl,ZgnHXnu30cI
2787,jVhHcxK4Ezl,fHgwVjoElmE
2788,rV2c6U1HPuK,rCzvys285kN
2789,rV2c6U1HPuK,VZrxjCi8cQi
2790,rV2c6U1HPuK,ZgnHXnu30cI
2791,rV2c6U1HPuK,fHgwVjoElmE
2792,aA8oVJK06Ao,rCzvys285kN
2793,aA8oVJK06Ao,VZrxjCi8cQi
2794,aA8oVJK06Ao,ZgnHXnu30cI
2795,aA8oVJK06Ao,fHgwVjoElmE
2796,aAOrgaWlle1,rCzvys285kN
2797,aAOrgaWlle1,VZrxjCi8cQi
2798,aAOrgaWlle1,ZgnHXnu30cI
2799,aAOrgaWlle1,fHgwVjoElmE
2800,RVcTJPya585,Kq56swi3KAi
2801,RVcTJPya585,oVc5PtW8IsH
2802,RVcTJPya585,dqUlEsSUs8w
2803,RVcTJPya585,xgiuSKF9lKY
2804,RVcTJPya585,WQ8FzlyAWIM
2805,zkn2qShb3US,Kq56swi3KAi
2806,zkn2qShb3US,oVc5PtW8IsH
2807,zkn2qShb3US,dqUlEsSUs8w
2808,zkn2qShb3US,xgiuSKF9lKY
2809,zkn2qShb3US,WQ8FzlyAWIM
2810,HE0hEQ6XSPD,yabsZCXTQRM
2811,HE0hEQ6XSPD,yWdrn6SiVZ9
2812,HE0hEQ6XSPD,zLX9lB6eIHI
2813,HE0hEQ6XSPD,C9j1R3XeUB3
2814,HE0hEQ6XSPD,sBvVzuUN7ty
2815,HE0hEQ6XSPD,JqdVRiI92bd
2816,HE0hEQ6XSPD,tD3pn44uScE
2817,HE0hEQ6XSPD,Mv9SNsGCT5e
2818,HE0hEQ6XSPD,rU0HnmI7P8S
2819,HE0hEQ6XSPD,pfXBcPz6khi
2820,kXQsXcipryz,rCzvys285kN
2821,kXQsXcipryz,VZrxjCi8cQi
2822,kXQsXcipryz,ZgnHXnu30cI
2823,kXQsXcipryz,fHgwVjoElmE
2824,CS2ZHUFBbfS,rCzvys285kN
2825,CS2ZHUFBbfS,VZrxjCi8cQi
2826,CS2ZHUFBbfS,ZgnHXnu30cI
2827,CS2ZHUFBbfS,fHgwVjoElmE
2828,nfrl00O8GUa,rCzvys285kN
2829,nfrl00O8GUa,VZrxjCi8cQi
2830,nfrl00O8GUa,ZgnHXnu30cI
2831,nfrl00O8GUa,fHgwVjoElmE
2832,FrYhWkEihGx,q7cFI8zjhAp
2833,FrYhWkEihGx,UGTbjOrSMsh
2834,dlMzl3BN7PQ,XJatc66P7A6
2835,dlMzl3BN7PQ,rj8MoomuB9C
2836,dlMzl3BN7PQ,lm5yShJh32E
2837,dlMzl3BN7PQ,U3H71QfQ3EM
2838,dlMzl3BN7PQ,u77V67JXHpb
2839,dlMzl3BN7PQ,Agwj0d0hsc5
2840,dlMzl3BN7PQ,CHqKEyZAHxD
2841,dlMzl3BN7PQ,ToY1RNX7epJ
2842,dlMzl3BN7PQ,vBmPAWZQDVs
2843,dlMzl3BN7PQ,dvlThSdHovb
2844,dlMzl3BN7PQ,QE0t2SWaRky
2845,dlMzl3BN7PQ,LPATiUAUj1c
2846,dlMzl3BN7PQ,sQZH5BgucFf
2847,dlMzl3BN7PQ,xg4v26gsfy0
2848,dlMzl3BN7PQ,ObYelhgHfKG
2849,dlMzl3BN7PQ,vUgKzac3JnH
2850,dlMzl3BN7PQ,rJw5ESKTTCI
2851,dlMzl3BN7PQ,LqXPAf6aXaj
2852,dlMzl3BN7PQ,cskjOuUM9Ej
2853,dlMzl3BN7PQ,S55CGFRkdpq
2854,HbYbBXc0iwg,rCzvys285kN
2855,HbYbBXc0iwg,VZrxjCi8cQi
2856,HbYbBXc0iwg,ZgnHXnu30cI
2857,HbYbBXc0iwg,fHgwVjoElmE
2858,GujGx9Ci89n,HllvX50cXC0
2859,gyIxURfKEia,yabsZCXTQRM
2860,gyIxURfKEia,yWdrn6SiVZ9
2861,gyIxURfKEia,zLX9lB6eIHI
2862,gyIxURfKEia,C9j1R3XeUB3
2863,gyIxURfKEia,sBvVzuUN7ty
2864,gyIxURfKEia,JqdVRiI92bd
2865,gyIxURfKEia,tD3pn44uScE
2866,gyIxURfKEia,Mv9SNsGCT5e
2867,gyIxURfKEia,rU0HnmI7P8S
2868,gyIxURfKEia,pfXBcPz6khi
2869,gyIxURfKEia,rCzvys285kN
2870,gyIxURfKEia,VZrxjCi8cQi
2871,gyIxURfKEia,ZgnHXnu30cI
2872,gyIxURfKEia,fHgwVjoElmE
2873,EazbwMgh0Z6,rCzvys285kN
2874,EazbwMgh0Z6,VZrxjCi8cQi
2875,EazbwMgh0Z6,ZgnHXnu30cI
2876,EazbwMgh0Z6,fHgwVjoElmE
2877,FJdpnF1uLL3,QbWmboyft5U
2878,FJdpnF1uLL3,IvH2NxNT1i2
2879,FJdpnF1uLL3,KXQVCmilMrN
2880,FJdpnF1uLL3,AQmOIr8mkhA
2881,FJdpnF1uLL3,aBwgn3seEeJ
2882,FJdpnF1uLL3,KlaBA6uAve7
2883,qvgd9b1NbRG,rCzvys285kN
2884,qvgd9b1NbRG,VZrxjCi8cQi
2885,qvgd9b1NbRG,ZgnHXnu30cI
2886,qvgd9b1NbRG,fHgwVjoElmE
2887,BApFZDwesEO,rCzvys285kN
2888,BApFZDwesEO,VZrxjCi8cQi
2889,BApFZDwesEO,ZgnHXnu30cI
2890,BApFZDwesEO,fHgwVjoElmE
2891,z367UL3IWCa,yabsZCXTQRM
2892,z367UL3IWCa,yWdrn6SiVZ9
2893,z367UL3IWCa,zLX9lB6eIHI
2894,z367UL3IWCa,C9j1R3XeUB3
2895,z367UL3IWCa,sBvVzuUN7ty
2896,z367UL3IWCa,JqdVRiI92bd
2897,z367UL3IWCa,tD3pn44uScE
2898,z367UL3IWCa,Mv9SNsGCT5e
2899,z367UL3IWCa,rU0HnmI7P8S
2900,z367UL3IWCa,pfXBcPz6khi
2901,z367UL3IWCa,rCzvys285kN
2902,z367UL3IWCa,VZrxjCi8cQi
2903,z367UL3IWCa,ZgnHXnu30cI
2904,z367UL3IWCa,fHgwVjoElmE
2905,K0pNTBJ2iEH,yabsZCXTQRM
2906,K0pNTBJ2iEH,yWdrn6SiVZ9
2907,K0pNTBJ2iEH,zLX9lB6eIHI
2908,K0pNTBJ2iEH,C9j1R3XeUB3
2909,K0pNTBJ2iEH,sBvVzuUN7ty
2910,K0pNTBJ2iEH,JqdVRiI92bd
2911,K0pNTBJ2iEH,tD3pn44uScE
2912,K0pNTBJ2iEH,Mv9SNsGCT5e
2913,K0pNTBJ2iEH,rU0HnmI7P8S
2914,K0pNTBJ2iEH,pfXBcPz6khi
2915,p0lBB9fMKcg,rCzvys285kN
2916,p0lBB9fMKcg,VZrxjCi8cQi
2917,p0lBB9fMKcg,ZgnHXnu30cI
2918,p0lBB9fMKcg,fHgwVjoElmE
2919,lOLb0CrqSf2,HllvX50cXC0
2920,F0J4YKJGDDG,rCzvys285kN
2921,F0J4YKJGDDG,VZrxjCi8cQi
2922,F0J4YKJGDDG,ZgnHXnu30cI
2923,F0J4YKJGDDG,fHgwVjoElmE
2924,RKlXrxRfUwN,rCzvys285kN
2925,RKlXrxRfUwN,VZrxjCi8cQi
2926,RKlXrxRfUwN,ZgnHXnu30cI
2927,RKlXrxRfUwN,fHgwVjoElmE
2928,RpqzO7uOoEn,rCzvys285kN
2929,RpqzO7uOoEn,VZrxjCi8cQi
2930,RpqzO7uOoEn,ZgnHXnu30cI
2931,RpqzO7uOoEn,fHgwVjoElmE
2932,Z8k0WNMNXAN,HllvX50cXC0
2933,oetCmJsi1kn,rCzvys285kN
2934,oetCmJsi1kn,VZrxjCi8cQi
2935,oetCmJsi1kn,ZgnHXnu30cI
2936,oetCmJsi1kn,fHgwVjoElmE
2937,vdbRl1Gidb2,rCzvys285kN
2938,vdbRl1Gidb2,VZrxjCi8cQi
2939,vdbRl1Gidb2,ZgnHXnu30cI
2940,vdbRl1Gidb2,fHgwVjoElmE
2941,PwYIkUq93Pi,rCzvys285kN
2942,PwYIkUq93Pi,VZrxjCi8cQi
2943,PwYIkUq93Pi,ZgnHXnu30cI
2944,PwYIkUq93Pi,fHgwVjoElmE
2945,A9CZ0GJSpkN,HllvX50cXC0
2946,EUVcNfbC4FP,rCzvys285kN
2947,EUVcNfbC4FP,VZrxjCi8cQi
2948,EUVcNfbC4FP,ZgnHXnu30cI
2949,EUVcNfbC4FP,fHgwVjoElmE
2950,OmGATKpdVIS,rCzvys285kN
2951,OmGATKpdVIS,VZrxjCi8cQi
2952,OmGATKpdVIS,ZgnHXnu30cI
2953,OmGATKpdVIS,fHgwVjoElmE
2954,MYc7jpW62KC,rCzvys285kN
2955,MYc7jpW62KC,VZrxjCi8cQi
2956,MYc7jpW62KC,ZgnHXnu30cI
2957,MYc7jpW62KC,fHgwVjoElmE
2958,cqRTzpFMkC1,rCzvys285kN
2959,cqRTzpFMkC1,VZrxjCi8cQi
2960,cqRTzpFMkC1,ZgnHXnu30cI
2961,cqRTzpFMkC1,fHgwVjoElmE
2962,tjazrX1EoOe,rCzvys285kN
2963,tjazrX1EoOe,VZrxjCi8cQi
2964,tjazrX1EoOe,ZgnHXnu30cI
2965,tjazrX1EoOe,fHgwVjoElmE
2966,WbT1IhqJmoV,HllvX50cXC0
2967,jd5byhTDPYZ,HllvX50cXC0
2968,dBxPu3tbQso,yabsZCXTQRM
2969,dBxPu3tbQso,yWdrn6SiVZ9
2970,dBxPu3tbQso,zLX9lB6eIHI
2971,dBxPu3tbQso,C9j1R3XeUB3
2972,dBxPu3tbQso,sBvVzuUN7ty
2973,dBxPu3tbQso,JqdVRiI92bd
2974,dBxPu3tbQso,tD3pn44uScE
2975,dBxPu3tbQso,Mv9SNsGCT5e
2976,dBxPu3tbQso,rU0HnmI7P8S
2977,dBxPu3tbQso,pfXBcPz6khi
2978,dBxPu3tbQso,rCzvys285kN
2979,dBxPu3tbQso,VZrxjCi8cQi
2980,dBxPu3tbQso,ZgnHXnu30cI
2981,dBxPu3tbQso,fHgwVjoElmE
2982,TWbdyLvcknX,rCzvys285kN
2983,TWbdyLvcknX,VZrxjCi8cQi
2984,TWbdyLvcknX,ZgnHXnu30cI
2985,TWbdyLvcknX,fHgwVjoElmE
2986,Uy4JaNUAtmr,rCzvys285kN
2987,Uy4JaNUAtmr,VZrxjCi8cQi
2988,Uy4JaNUAtmr,ZgnHXnu30cI
2989,Uy4JaNUAtmr,fHgwVjoElmE
2990,EKcnRWonQBp,h6Pad0c6ic0
2991,EKcnRWonQBp,acibdlEhhxw
2992,EKcnRWonQBp,EKm949hzsgY
2993,EKcnRWonQBp,vGHDZm2UPq5
2994,EKcnRWonQBp,gP0qIQwYVZx
2995,EKcnRWonQBp,vDOMBTXYpkl
2996,EKcnRWonQBp,xyzkAnT5ApT
2997,EKcnRWonQBp,mJnJWk4Ih48
2998,EKcnRWonQBp,I1IHrbBF2fm
2999,EKcnRWonQBp,wlZ7QBEZWE2
3000,EKcnRWonQBp,HJ8vavGBwnt
3001,EKcnRWonQBp,b1p4v65Fds7
3002,I0gnbdMZnJ8,rCzvys285kN
3003,I0gnbdMZnJ8,VZrxjCi8cQi
3004,I0gnbdMZnJ8,ZgnHXnu30cI
3005,I0gnbdMZnJ8,fHgwVjoElmE
3006,lWTPZoN8Dqz,rCzvys285kN
3007,lWTPZoN8Dqz,VZrxjCi8cQi
3008,lWTPZoN8Dqz,ZgnHXnu30cI
3009,lWTPZoN8Dqz,fHgwVjoElmE
3010,OwmgCtG3qmU,HllvX50cXC0
3011,u6CMTVPiK2Q,rCzvys285kN
3012,u6CMTVPiK2Q,VZrxjCi8cQi
3013,u6CMTVPiK2Q,ZgnHXnu30cI
3014,u6CMTVPiK2Q,fHgwVjoElmE
3015,EU0aQlGIPSJ,HllvX50cXC0
3016,KaiRlcMERhC,rCzvys285kN
3017,KaiRlcMERhC,VZrxjCi8cQi
3018,KaiRlcMERhC,ZgnHXnu30cI
3019,KaiRlcMERhC,fHgwVjoElmE
3020,P1E6YuY0796,Ddg0cceghIM
3021,P1E6YuY0796,raVzuvAVYrE
3022,P1E6YuY0796,eKedYQVxjWn
3023,P1E6YuY0796,h7RYzvDS7Kc
3024,P1E6YuY0796,mTSF9OkOVvI
3025,P1E6YuY0796,QK1rNyJE2vo
3026,P1E6YuY0796,zShlA5MAVHQ
3027,P1E6YuY0796,hTVLtGKGXV5
3028,uf4DV6krJZK,rCzvys285kN
3029,uf4DV6krJZK,VZrxjCi8cQi
3030,uf4DV6krJZK,ZgnHXnu30cI
3031,uf4DV6krJZK,fHgwVjoElmE
3032,EdXsyNmvIkk,rCzvys285kN
3033,EdXsyNmvIkk,VZrxjCi8cQi
3034,EdXsyNmvIkk,ZgnHXnu30cI
3035,EdXsyNmvIkk,fHgwVjoElmE
3036,DPdFnwVaO51,rCzvys285kN
3037,DPdFnwVaO51,VZrxjCi8cQi
3038,DPdFnwVaO51,ZgnHXnu30cI
3039,DPdFnwVaO51,fHgwVjoElmE
3040,DqvsBvVRZ2w,rCzvys285kN
3041,DqvsBvVRZ2w,VZrxjCi8cQi
3042,DqvsBvVRZ2w,ZgnHXnu30cI
3043,DqvsBvVRZ2w,fHgwVjoElmE
3044,MrWZX65NlkQ,Ddg0cceghIM
3045,MrWZX65NlkQ,raVzuvAVYrE
3046,MrWZX65NlkQ,eKedYQVxjWn
3047,MrWZX65NlkQ,h7RYzvDS7Kc
3048,MrWZX65NlkQ,mTSF9OkOVvI
3049,MrWZX65NlkQ,QK1rNyJE2vo
3050,MrWZX65NlkQ,zShlA5MAVHQ
3051,MrWZX65NlkQ,hTVLtGKGXV5
3052,YdQWiv77sIU,rCzvys285kN
3053,YdQWiv77sIU,VZrxjCi8cQi
3054,YdQWiv77sIU,ZgnHXnu30cI
3055,YdQWiv77sIU,fHgwVjoElmE
3056,jNmVc18NP3m,HllvX50cXC0
3057,r6EHRaatenm,HllvX50cXC0
3058,G82PelWjLJY,NdimbHlmGB1
3059,G82PelWjLJY,VOOkKOAttyR
3060,G82PelWjLJY,q33Jr73momc
3061,G82PelWjLJY,NThAKEjWS24
3062,G82PelWjLJY,LHh04IA7nsJ
3063,G82PelWjLJY,jYSOZj8kVzc
3064,G82PelWjLJY,Bnt7abK0gqb
3065,G82PelWjLJY,OptiiLdMwqD
3066,G82PelWjLJY,e8VpasQuKOf
3067,G82PelWjLJY,icfcJwOA3HY
3068,G82PelWjLJY,dVLQmjChiB5
3069,G82PelWjLJY,inLYcBvHZSR
3070,G82PelWjLJY,Y6uGpgGb7R5
3071,G82PelWjLJY,tjG9Nt0wdwM
3072,GIfMCoupyd8,HllvX50cXC0
3073,O3ob0D3j0jh,rCzvys285kN
3074,O3ob0D3j0jh,VZrxjCi8cQi
3075,O3ob0D3j0jh,ZgnHXnu30cI
3076,O3ob0D3j0jh,fHgwVjoElmE
3077,wHXG0JXic4s,SM9d5ybWcr0
3078,wHXG0JXic4s,H5MiomGgbbi
3079,wHXG0JXic4s,OUPWAOZojRb
3080,rd0kWjxPK28,NdimbHlmGB1
3081,rd0kWjxPK28,VOOkKOAttyR
3082,rd0kWjxPK28,q33Jr73momc
3083,rd0kWjxPK28,NThAKEjWS24
3084,rd0kWjxPK28,LHh04IA7nsJ
3085,rd0kWjxPK28,jYSOZj8kVzc
3086,rd0kWjxPK28,Bnt7abK0gqb
3087,rd0kWjxPK28,OptiiLdMwqD
3088,rd0kWjxPK28,e8VpasQuKOf
3089,rd0kWjxPK28,icfcJwOA3HY
3090,rd0kWjxPK28,dVLQmjChiB5
3091,rd0kWjxPK28,inLYcBvHZSR
3092,rd0kWjxPK28,Y6uGpgGb7R5
3093,rd0kWjxPK28,tjG9Nt0wdwM
3094,II4l1baVtAy,HllvX50cXC0
3095,yyeGISz359x,h6Pad0c6ic0
3096,yyeGISz359x,acibdlEhhxw
3097,yyeGISz359x,EKm949hzsgY
3098,yyeGISz359x,vGHDZm2UPq5
3099,yyeGISz359x,gP0qIQwYVZx
3100,yyeGISz359x,vDOMBTXYpkl
3101,yyeGISz359x,xyzkAnT5ApT
3102,yyeGISz359x,mJnJWk4Ih48
3103,yyeGISz359x,I1IHrbBF2fm
3104,yyeGISz359x,wlZ7QBEZWE2
3105,yyeGISz359x,HJ8vavGBwnt
3106,yyeGISz359x,b1p4v65Fds7
3107,qUdDZTe4q21,HllvX50cXC0
3108,Qg8vXh8Yl6a,rCzvys285kN
3109,Qg8vXh8Yl6a,VZrxjCi8cQi
3110,Qg8vXh8Yl6a,ZgnHXnu30cI
3111,Qg8vXh8Yl6a,fHgwVjoElmE
3112,yLX4o9peOsQ,rCzvys285kN
3113,yLX4o9peOsQ,VZrxjCi8cQi
3114,yLX4o9peOsQ,ZgnHXnu30cI
3115,yLX4o9peOsQ,fHgwVjoElmE
3116,nu4DRHqmkeW,HllvX50cXC0
3117,nMPHGMjMvZR,HllvX50cXC0
3118,zKPIYeXkjwr,rCzvys285kN
3119,zKPIYeXkjwr,VZrxjCi8cQi
3120,zKPIYeXkjwr,ZgnHXnu30cI
3121,zKPIYeXkjwr,fHgwVjoElmE
3122,EUab6vIaeg1,q7cFI8zjhAp
3123,EUab6vIaeg1,UGTbjOrSMsh
3124,pKZjR8CuA8j,rCzvys285kN
3125,pKZjR8CuA8j,VZrxjCi8cQi
3126,pKZjR8CuA8j,ZgnHXnu30cI
3127,pKZjR8CuA8j,fHgwVjoElmE
3128,whGjjiKHde6,rCzvys285kN
3129,whGjjiKHde6,VZrxjCi8cQi
3130,whGjjiKHde6,ZgnHXnu30cI
3131,whGjjiKHde6,fHgwVjoElmE
3132,qBYowPpvLjH,q7cFI8zjhAp
3133,qBYowPpvLjH,UGTbjOrSMsh
3134,bJ59qfdAfAT,r6izn2XFqEc
3135,bJ59qfdAfAT,NYHvlXEt4Ak
3136,bJ59qfdAfAT,A8rYH97KrsT
3137,bJ59qfdAfAT,GNNdPRsjO2n
3138,bJ59qfdAfAT,mtJPFOZgbxi
3139,bJ59qfdAfAT,VSQdmcsGlPJ
3140,bJ59qfdAfAT,cYqRrSx1FDh
3141,bJ59qfdAfAT,tNGX99SZlLN
3142,bJ59qfdAfAT,u5FiIkNknnZ
3143,bJ59qfdAfAT,J0tZbSIQgJh
3144,bJ59qfdAfAT,Yx9LGiAEzJI
3145,bJ59qfdAfAT,wgxsjUMb8Rw
3146,bvo3ZHoUvOe,HllvX50cXC0
3147,jh4UPyELuvz,rCzvys285kN
3148,jh4UPyELuvz,VZrxjCi8cQi
3149,jh4UPyELuvz,ZgnHXnu30cI
3150,jh4UPyELuvz,fHgwVjoElmE
3151,Wr9KVsGQLd4,HllvX50cXC0
3152,iqQy1EQQXwA,HllvX50cXC0
3153,KbjnNpQmoYy,zIogUIZ3vka
3154,KbjnNpQmoYy,zd1pRGptqYg
3155,KbjnNpQmoYy,zIiMJYqRmdk
3156,KbjnNpQmoYy,hzd1Drc6Vko
3157,KbjnNpQmoYy,BASPbm88210
3158,m9C00kjbZ5Z,EvwmPeuq453
3159,m9C00kjbZ5Z,ieonoHwDTH1
3160,oRuwiWtsLBk,rCzvys285kN
3161,oRuwiWtsLBk,VZrxjCi8cQi
3162,oRuwiWtsLBk,ZgnHXnu30cI
3163,oRuwiWtsLBk,fHgwVjoElmE
3164,hGrhfoXO36K,rCzvys285kN
3165,hGrhfoXO36K,VZrxjCi8cQi
3166,hGrhfoXO36K,ZgnHXnu30cI
3167,hGrhfoXO36K,fHgwVjoElmE
3168,LtFTYVv8Aao,HllvX50cXC0
3169,gBI7w5S06zy,HllvX50cXC0
3170,ygMuVIQj7sa,q7cFI8zjhAp
3171,ygMuVIQj7sa,UGTbjOrSMsh
3172,Thf0ZKIMjjs,rCzvys285kN
3173,Thf0ZKIMjjs,VZrxjCi8cQi
3174,Thf0ZKIMjjs,ZgnHXnu30cI
3175,Thf0ZKIMjjs,fHgwVjoElmE
3176,nwAiQ0eKbWk,HllvX50cXC0
3177,kB8WE8RqPT3,rCzvys285kN
3178,kB8WE8RqPT3,VZrxjCi8cQi
3179,kB8WE8RqPT3,ZgnHXnu30cI
3180,kB8WE8RqPT3,fHgwVjoElmE
3181,CfD5IYqRbAe,rCzvys285kN
3182,CfD5IYqRbAe,VZrxjCi8cQi
3183,CfD5IYqRbAe,ZgnHXnu30cI
3184,CfD5IYqRbAe,fHgwVjoElmE
3185,DzHeCMVkkX9,HllvX50cXC0
3186,bjjF5TZuyHD,rCzvys285kN
3187,bjjF5TZuyHD,VZrxjCi8cQi
3188,bjjF5TZuyHD,ZgnHXnu30cI
3189,bjjF5TZuyHD,fHgwVjoElmE
3190,FXMKf4qHAzn,rCzvys285kN
3191,FXMKf4qHAzn,VZrxjCi8cQi
3192,FXMKf4qHAzn,ZgnHXnu30cI
3193,FXMKf4qHAzn,fHgwVjoElmE
3194,IsDitH1JRvk,rCzvys285kN
3195,IsDitH1JRvk,VZrxjCi8cQi
3196,IsDitH1JRvk,ZgnHXnu30cI
3197,IsDitH1JRvk,fHgwVjoElmE
3198,HRLdjyBvu7M,rCzvys285kN
3199,HRLdjyBvu7M,VZrxjCi8cQi
3200,HRLdjyBvu7M,ZgnHXnu30cI
3201,HRLdjyBvu7M,fHgwVjoElmE
3202,wrZHKuHvODn,Kq56swi3KAi
3203,wrZHKuHvODn,oVc5PtW8IsH
3204,wrZHKuHvODn,dqUlEsSUs8w
3205,wrZHKuHvODn,xgiuSKF9lKY
3206,wrZHKuHvODn,WQ8FzlyAWIM
3207,fAz4wFqRUpJ,HllvX50cXC0
3208,q9T2flpGaLH,yabsZCXTQRM
3209,q9T2flpGaLH,yWdrn6SiVZ9
3210,q9T2flpGaLH,zLX9lB6eIHI
3211,q9T2flpGaLH,C9j1R3XeUB3
3212,q9T2flpGaLH,sBvVzuUN7ty
3213,q9T2flpGaLH,JqdVRiI92bd
3214,q9T2flpGaLH,tD3pn44uScE
3215,q9T2flpGaLH,Mv9SNsGCT5e
3216,q9T2flpGaLH,rU0HnmI7P8S
3217,q9T2flpGaLH,pfXBcPz6khi
3218,qdEEWfpWqom,rCzvys285kN
3219,qdEEWfpWqom,VZrxjCi8cQi
3220,qdEEWfpWqom,ZgnHXnu30cI
3221,qdEEWfpWqom,fHgwVjoElmE
3222,hIzgkgQvyVR,rCzvys285kN
3223,hIzgkgQvyVR,VZrxjCi8cQi
3224,hIzgkgQvyVR,ZgnHXnu30cI
3225,hIzgkgQvyVR,fHgwVjoElmE
3226,ZqjrJKp0kdu,HllvX50cXC0
3227,w4IoG3gTox9,rCzvys285kN
3228,w4IoG3gTox9,VZrxjCi8cQi
3229,w4IoG3gTox9,ZgnHXnu30cI
3230,w4IoG3gTox9,fHgwVjoElmE
3231,bshHls66K2a,HllvX50cXC0
3232,i3xjciE89Uv,NdimbHlmGB1
3233,i3xjciE89Uv,VOOkKOAttyR
3234,i3xjciE89Uv,q33Jr73momc
3235,i3xjciE89Uv,NThAKEjWS24
3236,i3xjciE89Uv,LHh04IA7nsJ
3237,i3xjciE89Uv,jYSOZj8kVzc
3238,i3xjciE89Uv,Bnt7abK0gqb
3239,i3xjciE89Uv,OptiiLdMwqD
3240,i3xjciE89Uv,e8VpasQuKOf
3241,i3xjciE89Uv,icfcJwOA3HY
3242,i3xjciE89Uv,dVLQmjChiB5
3243,i3xjciE89Uv,inLYcBvHZSR
3244,i3xjciE89Uv,Y6uGpgGb7R5
3245,i3xjciE89Uv,tjG9Nt0wdwM
3246,jmHEyfyfaA1,rCzvys285kN
3247,jmHEyfyfaA1,VZrxjCi8cQi
3248,jmHEyfyfaA1,ZgnHXnu30cI
3249,jmHEyfyfaA1,fHgwVjoElmE
3250,ubHq9cyJZdJ,HllvX50cXC0
3251,s9ZBdsfMwaA,HllvX50cXC0
3252,U8YFuKAmbGO,HllvX50cXC0
3253,le6WxMHZpu0,rCzvys285kN
3254,le6WxMHZpu0,VZrxjCi8cQi
3255,le6WxMHZpu0,ZgnHXnu30cI
3256,le6WxMHZpu0,fHgwVjoElmE
3257,hhIhmeRkGnf,q7cFI8zjhAp
3258,hhIhmeRkGnf,UGTbjOrSMsh
3259,weXCnTwNRdi,HllvX50cXC0
3260,xnnnkXJG3fn,h6Pad0c6ic0
3261,xnnnkXJG3fn,acibdlEhhxw
3262,xnnnkXJG3fn,EKm949hzsgY
3263,xnnnkXJG3fn,vGHDZm2UPq5
3264,xnnnkXJG3fn,gP0qIQwYVZx
3265,xnnnkXJG3fn,vDOMBTXYpkl
3266,xnnnkXJG3fn,xyzkAnT5ApT
3267,xnnnkXJG3fn,mJnJWk4Ih48
3268,xnnnkXJG3fn,I1IHrbBF2fm
3269,xnnnkXJG3fn,wlZ7QBEZWE2
3270,xnnnkXJG3fn,HJ8vavGBwnt
3271,xnnnkXJG3fn,b1p4v65Fds7
3272,eK8sOdxg1Pr,HllvX50cXC0
3273,GwQD5HqHGIv,rCzvys285kN
3274,GwQD5HqHGIv,VZrxjCi8cQi
3275,GwQD5HqHGIv,ZgnHXnu30cI
3276,GwQD5HqHGIv,fHgwVjoElmE
3277,prhagkMNed5,yabsZCXTQRM
3278,prhagkMNed5,yWdrn6SiVZ9
3279,prhagkMNed5,zLX9lB6eIHI
3280,prhagkMNed5,C9j1R3XeUB3
3281,prhagkMNed5,sBvVzuUN7ty
3282,prhagkMNed5,JqdVRiI92bd
3283,prhagkMNed5,tD3pn44uScE
3284,prhagkMNed5,Mv9SNsGCT5e
3285,prhagkMNed5,rU0HnmI7P8S
3286,prhagkMNed5,pfXBcPz6khi
3287,prhagkMNed5,rCzvys285kN
3288,prhagkMNed5,VZrxjCi8cQi
3289,prhagkMNed5,ZgnHXnu30cI
3290,prhagkMNed5,fHgwVjoElmE
3291,qzvqQM4fyiv,rCzvys285kN
3292,qzvqQM4fyiv,VZrxjCi8cQi
3293,qzvqQM4fyiv,ZgnHXnu30cI
3294,qzvqQM4fyiv,fHgwVjoElmE
3295,veP2evH8SsP,rCzvys285kN
3296,veP2evH8SsP,VZrxjCi8cQi
3297,veP2evH8SsP,ZgnHXnu30cI
3298,veP2evH8SsP,fHgwVjoElmE
3299,un0XVEV2Fqt,rCzvys285kN
3300,un0XVEV2Fqt,VZrxjCi8cQi
3301,un0XVEV2Fqt,ZgnHXnu30cI
3302,un0XVEV2Fqt,fHgwVjoElmE
3303,C8RYyoXFsc9,rCzvys285kN
3304,C8RYyoXFsc9,VZrxjCi8cQi
3305,C8RYyoXFsc9,ZgnHXnu30cI
3306,C8RYyoXFsc9,fHgwVjoElmE
3307,yRooH6UG4le,Kq56swi3KAi
3308,yRooH6UG4le,oVc5PtW8IsH
3309,yRooH6UG4le,dqUlEsSUs8w
3310,yRooH6UG4le,xgiuSKF9lKY
3311,yRooH6UG4le,WQ8FzlyAWIM
3312,RYJkjLg5ajk,yabsZCXTQRM
3313,RYJkjLg5ajk,yWdrn6SiVZ9
3314,RYJkjLg5ajk,zLX9lB6eIHI
3315,RYJkjLg5ajk,C9j1R3XeUB3
3316,RYJkjLg5ajk,sBvVzuUN7ty
3317,RYJkjLg5ajk,JqdVRiI92bd
3318,RYJkjLg5ajk,tD3pn44uScE
3319,RYJkjLg5ajk,Mv9SNsGCT5e
3320,RYJkjLg5ajk,rU0HnmI7P8S
3321,RYJkjLg5ajk,pfXBcPz6khi
3322,T6RBb1AxiY5,q7cFI8zjhAp
3323,T6RBb1AxiY5,UGTbjOrSMsh
3324,NvCGcAtXiXK,r6izn2XFqEc
3325,NvCGcAtXiXK,NYHvlXEt4Ak
3326,NvCGcAtXiXK,A8rYH97KrsT
3327,NvCGcAtXiXK,GNNdPRsjO2n
3328,NvCGcAtXiXK,mtJPFOZgbxi
3329,NvCGcAtXiXK,VSQdmcsGlPJ
3330,NvCGcAtXiXK,cYqRrSx1FDh
3331,NvCGcAtXiXK,tNGX99SZlLN
3332,NvCGcAtXiXK,u5FiIkNknnZ
3333,NvCGcAtXiXK,J0tZbSIQgJh
3334,NvCGcAtXiXK,Yx9LGiAEzJI
3335,NvCGcAtXiXK,wgxsjUMb8Rw
3336,oYHon2ApTD6,rCzvys285kN
3337,oYHon2ApTD6,VZrxjCi8cQi
3338,oYHon2ApTD6,ZgnHXnu30cI
3339,oYHon2ApTD6,fHgwVjoElmE
3340,Zpl0xOpVCUa,rCzvys285kN
3341,Zpl0xOpVCUa,VZrxjCi8cQi
3342,Zpl0xOpVCUa,ZgnHXnu30cI
3343,Zpl0xOpVCUa,fHgwVjoElmE
3344,MkpBT2vT5Ea,HllvX50cXC0
3345,iijcLVV5qaL,rCzvys285kN
3346,iijcLVV5qaL,VZrxjCi8cQi
3347,iijcLVV5qaL,ZgnHXnu30cI
3348,iijcLVV5qaL,fHgwVjoElmE
3349,iAO5o2Kaymt,q7cFI8zjhAp
3350,iAO5o2Kaymt,UGTbjOrSMsh
3351,BWZFz9RJRPI,rCzvys285kN
3352,BWZFz9RJRPI,VZrxjCi8cQi
3353,BWZFz9RJRPI,ZgnHXnu30cI
3354,BWZFz9RJRPI,fHgwVjoElmE
3355,vjrC2olbOKq,rCzvys285kN
3356,vjrC2olbOKq,VZrxjCi8cQi
3357,vjrC2olbOKq,ZgnHXnu30cI
3358,vjrC2olbOKq,fHgwVjoElmE
3359,xYxuRKfAcSu,rCzvys285kN
3360,xYxuRKfAcSu,VZrxjCi8cQi
3361,xYxuRKfAcSu,ZgnHXnu30cI
3362,xYxuRKfAcSu,fHgwVjoElmE
3363,Pn8SNyHIWV1,rCzvys285kN
3364,Pn8SNyHIWV1,VZrxjCi8cQi
3365,Pn8SNyHIWV1,ZgnHXnu30cI
3366,Pn8SNyHIWV1,fHgwVjoElmE
3367,WHy8DT5B7vt,SM9d5ybWcr0
3368,WHy8DT5B7vt,H5MiomGgbbi
3369,WHy8DT5B7vt,OUPWAOZojRb
3370,Pj6hUQdwJpS,q7cFI8zjhAp
3371,Pj6hUQdwJpS,UGTbjOrSMsh
3372,qcOBX76SchU,q7cFI8zjhAp
3373,qcOBX76SchU,UGTbjOrSMsh
3374,K1JNzNElR0D,rCzvys285kN
3375,K1JNzNElR0D,VZrxjCi8cQi
3376,K1JNzNElR0D,ZgnHXnu30cI
3377,K1JNzNElR0D,fHgwVjoElmE
3378,L6wdIbx613d,d0tWwN5O6NO
3379,L6wdIbx613d,Ve34gUv8xMH
3380,L6wdIbx613d,OE9AdLE48yj
3381,L6wdIbx613d,NFNV30tIn8T
3382,L6wdIbx613d,AmyeUte6IfQ
3383,L6wdIbx613d,KLjBWPSSfqG
3384,L6wdIbx613d,QwmgfRLXySv
3385,L6wdIbx613d,VyCuYZXDXiO
3386,L6wdIbx613d,Zacetp7r5HC
3387,L6wdIbx613d,a9NFxaXN9KD
3388,L6wdIbx613d,sBkrGKNQ0uz
3389,L6wdIbx613d,A2ZsKFXp6Vn
3390,L6wdIbx613d,eDQHbmqfA0E
3391,L6wdIbx613d,lvYG6LfU4Jo
3392,L6wdIbx613d,Z2df6EDsYk1
3393,L6wdIbx613d,rkbc2xbaa8g
3394,L6wdIbx613d,dBzKnHTWCkK
3395,L6wdIbx613d,GMPyv2RPvxm
3396,L6wdIbx613d,gp5AoqZCBjE
3397,L6wdIbx613d,rsV4LLJt5Lw
3398,P0ClXAhllg9,HllvX50cXC0
3399,UMtBH5OMxDU,zIogUIZ3vka
3400,UMtBH5OMxDU,zd1pRGptqYg
3401,UMtBH5OMxDU,zIiMJYqRmdk
3402,UMtBH5OMxDU,hzd1Drc6Vko
3403,UMtBH5OMxDU,BASPbm88210
3404,WsK3n8195Um,yabsZCXTQRM
3405,WsK3n8195Um,yWdrn6SiVZ9
3406,WsK3n8195Um,zLX9lB6eIHI
3407,WsK3n8195Um,C9j1R3XeUB3
3408,WsK3n8195Um,sBvVzuUN7ty
3409,WsK3n8195Um,JqdVRiI92bd
3410,WsK3n8195Um,tD3pn44uScE
3411,WsK3n8195Um,Mv9SNsGCT5e
3412,WsK3n8195Um,rU0HnmI7P8S
3413,WsK3n8195Um,pfXBcPz6khi
3414,WsK3n8195Um,rCzvys285kN
3415,WsK3n8195Um,VZrxjCi8cQi
3416,WsK3n8195Um,ZgnHXnu30cI
3417,WsK3n8195Um,fHgwVjoElmE
3418,peCnN1t4pJa,h6Pad0c6ic0
3419,peCnN1t4pJa,acibdlEhhxw
3420,peCnN1t4pJa,EKm949hzsgY
3421,peCnN1t4pJa,vGHDZm2UPq5
3422,peCnN1t4pJa,gP0qIQwYVZx
3423,peCnN1t4pJa,vDOMBTXYpkl
3424,peCnN1t4pJa,xyzkAnT5ApT
3425,peCnN1t4pJa,mJnJWk4Ih48
3426,peCnN1t4pJa,I1IHrbBF2fm
3427,peCnN1t4pJa,wlZ7QBEZWE2
3428,peCnN1t4pJa,HJ8vavGBwnt
3429,peCnN1t4pJa,b1p4v65Fds7
3430,ucpSiMvW6WA,HllvX50cXC0
3431,bXGtRI5c0lC,HllvX50cXC0
3432,dTSlsl0LHkf,rCzvys285kN
3433,dTSlsl0LHkf,VZrxjCi8cQi
3434,dTSlsl0LHkf,ZgnHXnu30cI
3435,dTSlsl0LHkf,fHgwVjoElmE
3436,JGDjxV9eOZf,HllvX50cXC0
3437,Gf96wB2FmOY,yabsZCXTQRM
3438,Gf96wB2FmOY,yWdrn6SiVZ9
3439,Gf96wB2FmOY,zLX9lB6eIHI
3440,Gf96wB2FmOY,C9j1R3XeUB3
3441,Gf96wB2FmOY,sBvVzuUN7ty
3442,Gf96wB2FmOY,JqdVRiI92bd
3443,Gf96wB2FmOY,tD3pn44uScE
3444,Gf96wB2FmOY,Mv9SNsGCT5e
3445,Gf96wB2FmOY,rU0HnmI7P8S
3446,Gf96wB2FmOY,pfXBcPz6khi
3447,Gf96wB2FmOY,rCzvys285kN
3448,Gf96wB2FmOY,VZrxjCi8cQi
3449,Gf96wB2FmOY,ZgnHXnu30cI
3450,Gf96wB2FmOY,fHgwVjoElmE
3451,v6mC85laAn4,rCzvys285kN
3452,v6mC85laAn4,VZrxjCi8cQi
3453,v6mC85laAn4,ZgnHXnu30cI
3454,v6mC85laAn4,fHgwVjoElmE
3455,WtMzN70ijvr,rCzvys285kN
3456,WtMzN70ijvr,VZrxjCi8cQi
3457,WtMzN70ijvr,ZgnHXnu30cI
3458,WtMzN70ijvr,fHgwVjoElmE
3459,vNHfWrPtBdh,HllvX50cXC0
3460,rRJTO2ZWPCb,HllvX50cXC0
3461,rkp8brCFwTS,rCzvys285kN
3462,rkp8brCFwTS,VZrxjCi8cQi
3463,rkp8brCFwTS,ZgnHXnu30cI
3464,rkp8brCFwTS,fHgwVjoElmE
3465,BGwDPhm8gxu,yabsZCXTQRM
3466,BGwDPhm8gxu,yWdrn6SiVZ9
3467,BGwDPhm8gxu,zLX9lB6eIHI
3468,BGwDPhm8gxu,C9j1R3XeUB3
3469,BGwDPhm8gxu,sBvVzuUN7ty
3470,BGwDPhm8gxu,JqdVRiI92bd
3471,BGwDPhm8gxu,tD3pn44uScE
3472,BGwDPhm8gxu,Mv9SNsGCT5e
3473,BGwDPhm8gxu,rU0HnmI7P8S
3474,BGwDPhm8gxu,pfXBcPz6khi
3475,ZjntwzGg2Xr,HllvX50cXC0
3476,PS1LPVl81S9,rCzvys285kN
3477,PS1LPVl81S9,VZrxjCi8cQi
3478,PS1LPVl81S9,ZgnHXnu30cI
3479,PS1LPVl81S9,fHgwVjoElmE
3480,QfUyv22js0T,rCzvys285kN
3481,QfUyv22js0T,VZrxjCi8cQi
3482,QfUyv22js0T,ZgnHXnu30cI
3483,QfUyv22js0T,fHgwVjoElmE
3484,BHeeZ6Mf0SB,q7cFI8zjhAp
3485,BHeeZ6Mf0SB,UGTbjOrSMsh
3486,KmmvneviOuk,rCzvys285kN
3487,KmmvneviOuk,VZrxjCi8cQi
3488,KmmvneviOuk,ZgnHXnu30cI
3489,KmmvneviOuk,fHgwVjoElmE
3490,WFhe7rxwqWE,q7cFI8zjhAp
3491,WFhe7rxwqWE,UGTbjOrSMsh
3492,R9l3TcJpS5I,XJatc66P7A6
3493,R9l3TcJpS5I,rj8MoomuB9C
3494,R9l3TcJpS5I,lm5yShJh32E
3495,R9l3TcJpS5I,U3H71QfQ3EM
3496,R9l3TcJpS5I,u77V67JXHpb
3497,R9l3TcJpS5I,Agwj0d0hsc5
3498,R9l3TcJpS5I,CHqKEyZAHxD
3499,R9l3TcJpS5I,ToY1RNX7epJ
3500,R9l3TcJpS5I,vBmPAWZQDVs
3501,R9l3TcJpS5I,dvlThSdHovb
3502,R9l3TcJpS5I,QE0t2SWaRky
3503,R9l3TcJpS5I,LPATiUAUj1c
3504,R9l3TcJpS5I,sQZH5BgucFf
3505,R9l3TcJpS5I,xg4v26gsfy0
3506,R9l3TcJpS5I,ObYelhgHfKG
3507,R9l3TcJpS5I,vUgKzac3JnH
3508,R9l3TcJpS5I,rJw5ESKTTCI
3509,R9l3TcJpS5I,LqXPAf6aXaj
3510,R9l3TcJpS5I,cskjOuUM9Ej
3511,R9l3TcJpS5I,S55CGFRkdpq
3512,muM9bCzUQv6,h6Pad0c6ic0
3513,muM9bCzUQv6,acibdlEhhxw
3514,muM9bCzUQv6,EKm949hzsgY
3515,muM9bCzUQv6,vGHDZm2UPq5
3516,muM9bCzUQv6,gP0qIQwYVZx
3517,muM9bCzUQv6,vDOMBTXYpkl
3518,muM9bCzUQv6,xyzkAnT5ApT
3519,muM9bCzUQv6,mJnJWk4Ih48
3520,muM9bCzUQv6,I1IHrbBF2fm
3521,muM9bCzUQv6,wlZ7QBEZWE2
3522,muM9bCzUQv6,HJ8vavGBwnt
3523,muM9bCzUQv6,b1p4v65Fds7
3524,qAEeRxAKj3V,rCzvys285kN
3525,qAEeRxAKj3V,VZrxjCi8cQi
3526,qAEeRxAKj3V,ZgnHXnu30cI
3527,qAEeRxAKj3V,fHgwVjoElmE
3528,B7ubNOPBEAz,rCzvys285kN
3529,B7ubNOPBEAz,VZrxjCi8cQi
3530,B7ubNOPBEAz,ZgnHXnu30cI
3531,B7ubNOPBEAz,fHgwVjoElmE
3532,GHVSykYKkPK,HllvX50cXC0
3533,b5T4MRu8mT7,rCzvys285kN
3534,b5T4MRu8mT7,VZrxjCi8cQi
3535,b5T4MRu8mT7,ZgnHXnu30cI
3536,b5T4MRu8mT7,fHgwVjoElmE
3537,C5bLe7kUiVm,HllvX50cXC0
3538,oCFCgyXiN8Q,Ddg0cceghIM
3539,oCFCgyXiN8Q,raVzuvAVYrE
3540,oCFCgyXiN8Q,eKedYQVxjWn
3541,oCFCgyXiN8Q,h7RYzvDS7Kc
3542,oCFCgyXiN8Q,mTSF9OkOVvI
3543,oCFCgyXiN8Q,QK1rNyJE2vo
3544,oCFCgyXiN8Q,zShlA5MAVHQ
3545,oCFCgyXiN8Q,hTVLtGKGXV5
3546,oCFCgyXiN8Q,rCzvys285kN
3547,oCFCgyXiN8Q,VZrxjCi8cQi
3548,oCFCgyXiN8Q,ZgnHXnu30cI
3549,oCFCgyXiN8Q,fHgwVjoElmE
3550,cEHMW5ELyXd,q7cFI8zjhAp
3551,cEHMW5ELyXd,UGTbjOrSMsh
3552,tEwdEvBBBJI,Ddg0cceghIM
3553,tEwdEvBBBJI,raVzuvAVYrE
3554,tEwdEvBBBJI,eKedYQVxjWn
3555,tEwdEvBBBJI,h7RYzvDS7Kc
3556,tEwdEvBBBJI,mTSF9OkOVvI
3557,tEwdEvBBBJI,QK1rNyJE2vo
3558,tEwdEvBBBJI,zShlA5MAVHQ
3559,tEwdEvBBBJI,hTVLtGKGXV5
3560,tEwdEvBBBJI,rCzvys285kN
3561,tEwdEvBBBJI,VZrxjCi8cQi
3562,tEwdEvBBBJI,ZgnHXnu30cI
3563,tEwdEvBBBJI,fHgwVjoElmE
3564,WEqd9m2dW77,HllvX50cXC0
3565,nzgeBjLfGwa,HllvX50cXC0
3566,lcfyWmkZiSN,NdimbHlmGB1
3567,lcfyWmkZiSN,VOOkKOAttyR
3568,lcfyWmkZiSN,q33Jr73momc
3569,lcfyWmkZiSN,NThAKEjWS24
3570,lcfyWmkZiSN,LHh04IA7nsJ
3571,lcfyWmkZiSN,jYSOZj8kVzc
3572,lcfyWmkZiSN,Bnt7abK0gqb
3573,lcfyWmkZiSN,OptiiLdMwqD
3574,lcfyWmkZiSN,e8VpasQuKOf
3575,lcfyWmkZiSN,icfcJwOA3HY
3576,lcfyWmkZiSN,dVLQmjChiB5
3577,lcfyWmkZiSN,inLYcBvHZSR
3578,lcfyWmkZiSN,Y6uGpgGb7R5
3579,lcfyWmkZiSN,tjG9Nt0wdwM
3580,WITj8VzdeKr,SgtJVRGlRIo
3581,WITj8VzdeKr,nusEBjg8bes
3582,WITj8VzdeKr,sHKK94BX2Rp
3583,WITj8VzdeKr,kkV0Rfqo4Ru
3584,WITj8VzdeKr,UKCxMVgAc2s
3585,WITj8VzdeKr,WyNau0T37h4
3586,WITj8VzdeKr,OhmzAkCmkjU
3587,WITj8VzdeKr,oIxEDq59GUL
3588,WITj8VzdeKr,DHWRwZkFHqc
3589,WITj8VzdeKr,mJNtXTVt6T1
3590,NqrHEiuD6Wm,h6Pad0c6ic0
3591,NqrHEiuD6Wm,acibdlEhhxw
3592,NqrHEiuD6Wm,EKm949hzsgY
3593,NqrHEiuD6Wm,vGHDZm2UPq5
3594,NqrHEiuD6Wm,gP0qIQwYVZx
3595,NqrHEiuD6Wm,vDOMBTXYpkl
3596,NqrHEiuD6Wm,xyzkAnT5ApT
3597,NqrHEiuD6Wm,mJnJWk4Ih48
3598,NqrHEiuD6Wm,I1IHrbBF2fm
3599,NqrHEiuD6Wm,wlZ7QBEZWE2
3600,NqrHEiuD6Wm,HJ8vavGBwnt
3601,NqrHEiuD6Wm,b1p4v65Fds7
3602,X5stldnhNtf,rCzvys285kN
3603,X5stldnhNtf,VZrxjCi8cQi
3604,X5stldnhNtf,ZgnHXnu30cI
3605,X5stldnhNtf,fHgwVjoElmE
3606,jRGyRhteaoi,WalQ4zu7RLz
3607,jRGyRhteaoi,r01f3QfmLJS
3608,jRGyRhteaoi,bmT820wlIV5
3609,jRGyRhteaoi,vrSTfWaEZfP
3610,jRGyRhteaoi,RKbp3GCvRrF
3611,jRGyRhteaoi,I28asEo67Mt
3612,tSQtRbk5LVB,rCzvys285kN
3613,tSQtRbk5LVB,VZrxjCi8cQi
3614,tSQtRbk5LVB,ZgnHXnu30cI
3615,tSQtRbk5LVB,fHgwVjoElmE
3616,eDSbcOur4jY,yabsZCXTQRM
3617,eDSbcOur4jY,yWdrn6SiVZ9
3618,eDSbcOur4jY,zLX9lB6eIHI
3619,eDSbcOur4jY,C9j1R3XeUB3
3620,eDSbcOur4jY,sBvVzuUN7ty
3621,eDSbcOur4jY,JqdVRiI92bd
3622,eDSbcOur4jY,tD3pn44uScE
3623,eDSbcOur4jY,Mv9SNsGCT5e
3624,eDSbcOur4jY,rU0HnmI7P8S
3625,eDSbcOur4jY,pfXBcPz6khi
3626,uDlya0eRCDl,rCzvys285kN
3627,uDlya0eRCDl,VZrxjCi8cQi
3628,uDlya0eRCDl,ZgnHXnu30cI
3629,uDlya0eRCDl,fHgwVjoElmE
3630,ZhNKESX1NRx,rCzvys285kN
3631,ZhNKESX1NRx,VZrxjCi8cQi
3632,ZhNKESX1NRx,ZgnHXnu30cI
3633,ZhNKESX1NRx,fHgwVjoElmE
3634,eFQffu3MwMp,h6Pad0c6ic0
3635,eFQffu3MwMp,acibdlEhhxw
3636,eFQffu3MwMp,EKm949hzsgY
3637,eFQffu3MwMp,vGHDZm2UPq5
3638,eFQffu3MwMp,gP0qIQwYVZx
3639,eFQffu3MwMp,vDOMBTXYpkl
3640,eFQffu3MwMp,xyzkAnT5ApT
3641,eFQffu3MwMp,mJnJWk4Ih48
3642,eFQffu3MwMp,I1IHrbBF2fm
3643,eFQffu3MwMp,wlZ7QBEZWE2
3644,eFQffu3MwMp,HJ8vavGBwnt
3645,eFQffu3MwMp,b1p4v65Fds7
3646,V5uah2b1hVc,rCzvys285kN
3647,V5uah2b1hVc,VZrxjCi8cQi
3648,V5uah2b1hVc,ZgnHXnu30cI
3649,V5uah2b1hVc,fHgwVjoElmE
3650,hdpNGld5BFj,QbWmboyft5U
3651,hdpNGld5BFj,IvH2NxNT1i2
3652,hdpNGld5BFj,KXQVCmilMrN
3653,hdpNGld5BFj,AQmOIr8mkhA
3654,hdpNGld5BFj,aBwgn3seEeJ
3655,hdpNGld5BFj,KlaBA6uAve7
3656,pZDIHyZOWK4,HllvX50cXC0
3657,ZGSTOjx1jas,rCzvys285kN
3658,ZGSTOjx1jas,VZrxjCi8cQi
3659,ZGSTOjx1jas,ZgnHXnu30cI
3660,ZGSTOjx1jas,fHgwVjoElmE
3661,GCbiOTBHplW,r6izn2XFqEc
3662,GCbiOTBHplW,NYHvlXEt4Ak
3663,GCbiOTBHplW,A8rYH97KrsT
3664,GCbiOTBHplW,GNNdPRsjO2n
3665,GCbiOTBHplW,mtJPFOZgbxi
3666,GCbiOTBHplW,VSQdmcsGlPJ
3667,GCbiOTBHplW,cYqRrSx1FDh
3668,GCbiOTBHplW,tNGX99SZlLN
3669,GCbiOTBHplW,u5FiIkNknnZ
3670,GCbiOTBHplW,J0tZbSIQgJh
3671,GCbiOTBHplW,Yx9LGiAEzJI
3672,GCbiOTBHplW,wgxsjUMb8Rw
3673,qt5v2VfnCAo,yabsZCXTQRM
3674,qt5v2VfnCAo,yWdrn6SiVZ9
3675,qt5v2VfnCAo,zLX9lB6eIHI
3676,qt5v2VfnCAo,C9j1R3XeUB3
3677,qt5v2VfnCAo,sBvVzuUN7ty
3678,qt5v2VfnCAo,JqdVRiI92bd
3679,qt5v2VfnCAo,tD3pn44uScE
3680,qt5v2VfnCAo,Mv9SNsGCT5e
3681,qt5v2VfnCAo,rU0HnmI7P8S
3682,qt5v2VfnCAo,pfXBcPz6khi
3683,qt5v2VfnCAo,rCzvys285kN
3684,qt5v2VfnCAo,VZrxjCi8cQi
3685,qt5v2VfnCAo,ZgnHXnu30cI
3686,qt5v2VfnCAo,fHgwVjoElmE
3687,OTlyw79GLSO,rCzvys285kN
3688,OTlyw79GLSO,VZrxjCi8cQi
3689,OTlyw79GLSO,ZgnHXnu30cI
3690,OTlyw79GLSO,fHgwVjoElmE
3691,cxckLUMdHIh,rCzvys285kN
3692,cxckLUMdHIh,VZrxjCi8cQi
3693,cxckLUMdHIh,ZgnHXnu30cI
3694,cxckLUMdHIh,fHgwVjoElmE
3695,wtCYH8ZPgo0,SgtJVRGlRIo
3696,wtCYH8ZPgo0,nusEBjg8bes
3697,wtCYH8ZPgo0,sHKK94BX2Rp
3698,wtCYH8ZPgo0,kkV0Rfqo4Ru
3699,wtCYH8ZPgo0,UKCxMVgAc2s
3700,wtCYH8ZPgo0,WyNau0T37h4
3701,wtCYH8ZPgo0,OhmzAkCmkjU
3702,wtCYH8ZPgo0,oIxEDq59GUL
3703,wtCYH8ZPgo0,DHWRwZkFHqc
3704,wtCYH8ZPgo0,mJNtXTVt6T1
3705,ldj7UdolnHM,rCzvys285kN
3706,ldj7UdolnHM,VZrxjCi8cQi
3707,ldj7UdolnHM,ZgnHXnu30cI
3708,ldj7UdolnHM,fHgwVjoElmE
3709,jAUpa2atDba,okytTs4lVtF
3710,jAUpa2atDba,vqCWJv9BBf8
3711,jAUpa2atDba,Tn87kKIUzdH
3712,jAUpa2atDba,fI5tz0ACrww
3713,jAUpa2atDba,aK47vxl89ma
3714,jAUpa2atDba,WcQxBXNAPj2
3715,XBb2jUyTZKR,rCzvys285kN
3716,XBb2jUyTZKR,VZrxjCi8cQi
3717,XBb2jUyTZKR,ZgnHXnu30cI
3718,XBb2jUyTZKR,fHgwVjoElmE
3719,tdPTp21S6O7,rCzvys285kN
3720,tdPTp21S6O7,VZrxjCi8cQi
3721,tdPTp21S6O7,ZgnHXnu30cI
3722,tdPTp21S6O7,fHgwVjoElmE
3723,HofyztyLzvS,Kq56swi3KAi
3724,HofyztyLzvS,oVc5PtW8IsH
3725,HofyztyLzvS,dqUlEsSUs8w
3726,HofyztyLzvS,xgiuSKF9lKY
3727,HofyztyLzvS,WQ8FzlyAWIM
3728,E8rU6SWAcIB,rCzvys285kN
3729,E8rU6SWAcIB,VZrxjCi8cQi
3730,E8rU6SWAcIB,ZgnHXnu30cI
3731,E8rU6SWAcIB,fHgwVjoElmE
3732,VDGy92JtHYf,rCzvys285kN
3733,VDGy92JtHYf,VZrxjCi8cQi
3734,VDGy92JtHYf,ZgnHXnu30cI
3735,VDGy92JtHYf,fHgwVjoElmE
3736,r88aHyDdGzG,q7cFI8zjhAp
3737,r88aHyDdGzG,UGTbjOrSMsh
3738,E8jJhvBQKNf,rCzvys285kN
3739,E8jJhvBQKNf,VZrxjCi8cQi
3740,E8jJhvBQKNf,ZgnHXnu30cI
3741,E8jJhvBQKNf,fHgwVjoElmE
3742,D7qvycaK9lD,Ddg0cceghIM
3743,D7qvycaK9lD,raVzuvAVYrE
3744,D7qvycaK9lD,eKedYQVxjWn
3745,D7qvycaK9lD,h7RYzvDS7Kc
3746,D7qvycaK9lD,mTSF9OkOVvI
3747,D7qvycaK9lD,QK1rNyJE2vo
3748,D7qvycaK9lD,zShlA5MAVHQ
3749,D7qvycaK9lD,hTVLtGKGXV5
3750,D7qvycaK9lD,rCzvys285kN
3751,D7qvycaK9lD,VZrxjCi8cQi
3752,D7qvycaK9lD,ZgnHXnu30cI
3753,D7qvycaK9lD,fHgwVjoElmE
3754,NiFpmskP3EW,lMia9HGX5GB
3755,NiFpmskP3EW,NFGmr82EyFC
3756,NiFpmskP3EW,LUeYf4bzMHH
3757,NiFpmskP3EW,k695c5imRv9
3758,NiFpmskP3EW,cY3az39am2A
3759,NiFpmskP3EW,RpILCCx5sJR
3760,NiFpmskP3EW,Dr8RVmsMrjG
3761,NiFpmskP3EW,oc8Bqjbk5b7
3762,NiFpmskP3EW,qBY48Po2myZ
3763,NiFpmskP3EW,NnRHQgASNoG
3764,NiFpmskP3EW,pd5SpilDGzm
3765,NiFpmskP3EW,yKuRtW430La
3766,NiFpmskP3EW,Yh9BUl7wOlq
3767,NiFpmskP3EW,fkADImpwXj1
3768,NiFpmskP3EW,muohNzhl6b4
3769,NiFpmskP3EW,ZsVdlnhMsPS
3770,NiFpmskP3EW,imELtBWfoOH
3771,NiFpmskP3EW,VFFHJa3AvtA
3772,NiFpmskP3EW,spzAtkez2O5
3773,NiFpmskP3EW,gRPdcJ3T0Ha
3774,NiFpmskP3EW,Kq56swi3KAi
3775,NiFpmskP3EW,oVc5PtW8IsH
3776,NiFpmskP3EW,dqUlEsSUs8w
3777,NiFpmskP3EW,xgiuSKF9lKY
3778,NiFpmskP3EW,WQ8FzlyAWIM
3779,PEyVc0YGi3F,rCzvys285kN
3780,PEyVc0YGi3F,VZrxjCi8cQi
3781,PEyVc0YGi3F,ZgnHXnu30cI
3782,PEyVc0YGi3F,fHgwVjoElmE
3783,Uf7APQIbOzl,H70ZAB6lFN0
3784,Uf7APQIbOzl,CIJDVuBKosw
3785,Uf7APQIbOzl,YDcKEg7NPUj
3786,Uf7APQIbOzl,KQhpICg4pDD
3787,Uf7APQIbOzl,Ksn2fJ16UEA
3788,Uf7APQIbOzl,lvJU5xtFVD3
3789,Uf7APQIbOzl,oi3paDSTmNH
3790,Uf7APQIbOzl,d08q7V502jy
3791,Uf7APQIbOzl,U9cCBvHO2ns
3792,Uf7APQIbOzl,GZBOk5wzcv2
3793,Uf7APQIbOzl,eRffJvd314E
3794,Uf7APQIbOzl,gwUlCDcQqtU
3795,Uf7APQIbOzl,qqn2zBahp5x
3796,Uf7APQIbOzl,Hm0nPWUgUFu
3797,Uf7APQIbOzl,Jtjfp2JhFiL
3798,Uf7APQIbOzl,kRZ6ivAxbCI
3799,Uf7APQIbOzl,Ml0L5CB2mbs
3800,Uf7APQIbOzl,QsKFFmPfXYP
3801,Uf7APQIbOzl,mOHhwKjpIV9
3802,Uf7APQIbOzl,oKX78wjCeaN
3803,xvg0a0cXTyR,rCzvys285kN
3804,xvg0a0cXTyR,VZrxjCi8cQi
3805,xvg0a0cXTyR,ZgnHXnu30cI
3806,xvg0a0cXTyR,fHgwVjoElmE
3807,asr9oUdpsKV,rCzvys285kN
3808,asr9oUdpsKV,VZrxjCi8cQi
3809,asr9oUdpsKV,ZgnHXnu30cI
3810,asr9oUdpsKV,fHgwVjoElmE
3811,Qkl3YRnIYeH,rCzvys285kN
3812,Qkl3YRnIYeH,VZrxjCi8cQi
3813,Qkl3YRnIYeH,ZgnHXnu30cI
3814,Qkl3YRnIYeH,fHgwVjoElmE
3815,KfxJMuWWKfr,rCzvys285kN
3816,KfxJMuWWKfr,VZrxjCi8cQi
3817,KfxJMuWWKfr,ZgnHXnu30cI
3818,KfxJMuWWKfr,fHgwVjoElmE
3819,ra4Ik6B8MvZ,r6izn2XFqEc
3820,ra4Ik6B8MvZ,NYHvlXEt4Ak
3821,ra4Ik6B8MvZ,A8rYH97KrsT
3822,ra4Ik6B8MvZ,GNNdPRsjO2n
3823,ra4Ik6B8MvZ,mtJPFOZgbxi
3824,ra4Ik6B8MvZ,VSQdmcsGlPJ
3825,ra4Ik6B8MvZ,cYqRrSx1FDh
3826,ra4Ik6B8MvZ,tNGX99SZlLN
3827,ra4Ik6B8MvZ,u5FiIkNknnZ
3828,ra4Ik6B8MvZ,J0tZbSIQgJh
3829,ra4Ik6B8MvZ,Yx9LGiAEzJI
3830,ra4Ik6B8MvZ,wgxsjUMb8Rw
3831,QfhHUEnqqeT,rCzvys285kN
3832,QfhHUEnqqeT,VZrxjCi8cQi
3833,QfhHUEnqqeT,ZgnHXnu30cI
3834,QfhHUEnqqeT,fHgwVjoElmE
3835,w4H7WVVREEz,rCzvys285kN
3836,w4H7WVVREEz,VZrxjCi8cQi
3837,w4H7WVVREEz,ZgnHXnu30cI
3838,w4H7WVVREEz,fHgwVjoElmE
3839,vEKh9XytYCC,rCzvys285kN
3840,vEKh9XytYCC,VZrxjCi8cQi
3841,vEKh9XytYCC,ZgnHXnu30cI
3842,vEKh9XytYCC,fHgwVjoElmE
3843,Jo4dpEeYCE0,r6izn2XFqEc
3844,Jo4dpEeYCE0,NYHvlXEt4Ak
3845,Jo4dpEeYCE0,A8rYH97KrsT
3846,Jo4dpEeYCE0,GNNdPRsjO2n
3847,Jo4dpEeYCE0,mtJPFOZgbxi
3848,Jo4dpEeYCE0,VSQdmcsGlPJ
3849,Jo4dpEeYCE0,cYqRrSx1FDh
3850,Jo4dpEeYCE0,tNGX99SZlLN
3851,Jo4dpEeYCE0,u5FiIkNknnZ
3852,Jo4dpEeYCE0,J0tZbSIQgJh
3853,Jo4dpEeYCE0,Yx9LGiAEzJI
3854,Jo4dpEeYCE0,wgxsjUMb8Rw
3855,QvlggWB62I9,HllvX50cXC0
3856,bFTyvNhFrju,rCzvys285kN
3857,bFTyvNhFrju,VZrxjCi8cQi
3858,bFTyvNhFrju,ZgnHXnu30cI
3859,bFTyvNhFrju,fHgwVjoElmE
3860,rDHYXNoYRda,rCzvys285kN
3861,rDHYXNoYRda,VZrxjCi8cQi
3862,rDHYXNoYRda,ZgnHXnu30cI
3863,rDHYXNoYRda,fHgwVjoElmE
3864,WOIQPJ0Q4ch,HllvX50cXC0
3865,trVttSsNF5j,rCzvys285kN
3866,trVttSsNF5j,VZrxjCi8cQi
3867,trVttSsNF5j,ZgnHXnu30cI
3868,trVttSsNF5j,fHgwVjoElmE
3869,GK3g91KLHgN,rCzvys285kN
3870,GK3g91KLHgN,VZrxjCi8cQi
3871,GK3g91KLHgN,ZgnHXnu30cI
3872,GK3g91KLHgN,fHgwVjoElmE
3873,DJz3do91AE0,WalQ4zu7RLz
3874,DJz3do91AE0,r01f3QfmLJS
3875,DJz3do91AE0,bmT820wlIV5
3876,DJz3do91AE0,vrSTfWaEZfP
3877,DJz3do91AE0,RKbp3GCvRrF
3878,DJz3do91AE0,I28asEo67Mt
3879,ZP2lc5ILV2U,rCzvys285kN
3880,ZP2lc5ILV2U,VZrxjCi8cQi
3881,ZP2lc5ILV2U,ZgnHXnu30cI
3882,ZP2lc5ILV2U,fHgwVjoElmE
3883,rrCNknVDR4M,HllvX50cXC0
3884,zxJANb0dG3q,rCzvys285kN
3885,zxJANb0dG3q,VZrxjCi8cQi
3886,zxJANb0dG3q,ZgnHXnu30cI
3887,zxJANb0dG3q,fHgwVjoElmE
3888,NCgaw5FEJXO,HllvX50cXC0
3889,MzsvdI8DzET,rCzvys285kN
3890,MzsvdI8DzET,VZrxjCi8cQi
3891,MzsvdI8DzET,ZgnHXnu30cI
3892,MzsvdI8DzET,fHgwVjoElmE
3893,UWT7ufBkREK,HllvX50cXC0
3894,RCC7NoyX5zS,rCzvys285kN
3895,RCC7NoyX5zS,VZrxjCi8cQi
3896,RCC7NoyX5zS,ZgnHXnu30cI
3897,RCC7NoyX5zS,fHgwVjoElmE
3898,QT0d0my2ute,rCzvys285kN
3899,QT0d0my2ute,VZrxjCi8cQi
3900,QT0d0my2ute,ZgnHXnu30cI
3901,QT0d0my2ute,fHgwVjoElmE
3902,QWIfLFOY95Q,HllvX50cXC0
3903,yL8Pr1clayW,Kq56swi3KAi
3904,yL8Pr1clayW,oVc5PtW8IsH
3905,yL8Pr1clayW,dqUlEsSUs8w
3906,yL8Pr1clayW,xgiuSKF9lKY
3907,yL8Pr1clayW,WQ8FzlyAWIM
3908,W68PHKMMwxh,rCzvys285kN
3909,W68PHKMMwxh,VZrxjCi8cQi
3910,W68PHKMMwxh,ZgnHXnu30cI
3911,W68PHKMMwxh,fHgwVjoElmE
3912,QvZxMe5I0xh,rCzvys285kN
3913,QvZxMe5I0xh,VZrxjCi8cQi
3914,QvZxMe5I0xh,ZgnHXnu30cI
3915,QvZxMe5I0xh,fHgwVjoElmE
3916,MX5ze6e9iP2,rCzvys285kN
3917,MX5ze6e9iP2,VZrxjCi8cQi
3918,MX5ze6e9iP2,ZgnHXnu30cI
3919,MX5ze6e9iP2,fHgwVjoElmE
3920,S1mwgZM4Me0,HllvX50cXC0
3921,RnVHavaAqoh,rCzvys285kN
3922,RnVHavaAqoh,VZrxjCi8cQi
3923,RnVHavaAqoh,ZgnHXnu30cI
3924,RnVHavaAqoh,fHgwVjoElmE
3925,EhKuP4LgnGA,HllvX50cXC0
3926,UwnR5kr982Y,XJatc66P7A6
3927,UwnR5kr982Y,rj8MoomuB9C
3928,UwnR5kr982Y,lm5yShJh32E
3929,UwnR5kr982Y,U3H71QfQ3EM
3930,UwnR5kr982Y,u77V67JXHpb
3931,UwnR5kr982Y,Agwj0d0hsc5
3932,UwnR5kr982Y,CHqKEyZAHxD
3933,UwnR5kr982Y,ToY1RNX7epJ
3934,UwnR5kr982Y,vBmPAWZQDVs
3935,UwnR5kr982Y,dvlThSdHovb
3936,UwnR5kr982Y,QE0t2SWaRky
3937,UwnR5kr982Y,LPATiUAUj1c
3938,UwnR5kr982Y,sQZH5BgucFf
3939,UwnR5kr982Y,xg4v26gsfy0
3940,UwnR5kr982Y,ObYelhgHfKG
3941,UwnR5kr982Y,vUgKzac3JnH
3942,UwnR5kr982Y,rJw5ESKTTCI
3943,UwnR5kr982Y,LqXPAf6aXaj
3944,UwnR5kr982Y,cskjOuUM9Ej
3945,UwnR5kr982Y,S55CGFRkdpq
3946,Y0A7mwUh5mH,rCzvys285kN
3947,Y0A7mwUh5mH,VZrxjCi8cQi
3948,Y0A7mwUh5mH,ZgnHXnu30cI
3949,Y0A7mwUh5mH,fHgwVjoElmE
3950,e8eGQhy208v,HllvX50cXC0
3951,ZHB4D9EJfnd,HllvX50cXC0
3952,ydNC9VfOeGM,yabsZCXTQRM
3953,ydNC9VfOeGM,yWdrn6SiVZ9
3954,ydNC9VfOeGM,zLX9lB6eIHI
3955,ydNC9VfOeGM,C9j1R3XeUB3
3956,ydNC9VfOeGM,sBvVzuUN7ty
3957,ydNC9VfOeGM,JqdVRiI92bd
3958,ydNC9VfOeGM,tD3pn44uScE
3959,ydNC9VfOeGM,Mv9SNsGCT5e
3960,ydNC9VfOeGM,rU0HnmI7P8S
3961,ydNC9VfOeGM,pfXBcPz6khi
3962,ydNC9VfOeGM,rCzvys285kN
3963,ydNC9VfOeGM,VZrxjCi8cQi
3964,ydNC9VfOeGM,ZgnHXnu30cI
3965,ydNC9VfOeGM,fHgwVjoElmE
3966,NSKZ3Y4fGN1,yabsZCXTQRM
3967,NSKZ3Y4fGN1,yWdrn6SiVZ9
3968,NSKZ3Y4fGN1,zLX9lB6eIHI
3969,NSKZ3Y4fGN1,C9j1R3XeUB3
3970,NSKZ3Y4fGN1,sBvVzuUN7ty
3971,NSKZ3Y4fGN1,JqdVRiI92bd
3972,NSKZ3Y4fGN1,tD3pn44uScE
3973,NSKZ3Y4fGN1,Mv9SNsGCT5e
3974,NSKZ3Y4fGN1,rU0HnmI7P8S
3975,NSKZ3Y4fGN1,pfXBcPz6khi
3976,NSKZ3Y4fGN1,rCzvys285kN
3977,NSKZ3Y4fGN1,VZrxjCi8cQi
3978,NSKZ3Y4fGN1,ZgnHXnu30cI
3979,NSKZ3Y4fGN1,fHgwVjoElmE
3980,IK7m3dy69hJ,HllvX50cXC0
3981,MmGY4GKQ08E,HllvX50cXC0
3982,j6u8ooZFP72,rCzvys285kN
3983,j6u8ooZFP72,VZrxjCi8cQi
3984,j6u8ooZFP72,ZgnHXnu30cI
3985,j6u8ooZFP72,fHgwVjoElmE
3986,NA5eZeN05j9,rCzvys285kN
3987,NA5eZeN05j9,VZrxjCi8cQi
3988,NA5eZeN05j9,ZgnHXnu30cI
3989,NA5eZeN05j9,fHgwVjoElmE
3990,aqLds1sPJcw,H70ZAB6lFN0
3991,aqLds1sPJcw,CIJDVuBKosw
3992,aqLds1sPJcw,YDcKEg7NPUj
3993,aqLds1sPJcw,KQhpICg4pDD
3994,aqLds1sPJcw,Ksn2fJ16UEA
3995,aqLds1sPJcw,lvJU5xtFVD3
3996,aqLds1sPJcw,oi3paDSTmNH
3997,aqLds1sPJcw,d08q7V502jy
3998,aqLds1sPJcw,U9cCBvHO2ns
3999,aqLds1sPJcw,GZBOk5wzcv2
4000,aqLds1sPJcw,eRffJvd314E
4001,aqLds1sPJcw,gwUlCDcQqtU
4002,aqLds1sPJcw,qqn2zBahp5x
4003,aqLds1sPJcw,Hm0nPWUgUFu
4004,aqLds1sPJcw,Jtjfp2JhFiL
4005,aqLds1sPJcw,kRZ6ivAxbCI
4006,aqLds1sPJcw,Ml0L5CB2mbs
4007,aqLds1sPJcw,QsKFFmPfXYP
4008,aqLds1sPJcw,mOHhwKjpIV9
4009,aqLds1sPJcw,oKX78wjCeaN
4010,vnvuNpQaQwF,HllvX50cXC0
4011,G0iJ46ccCdb,WalQ4zu7RLz
4012,G0iJ46ccCdb,r01f3QfmLJS
4013,G0iJ46ccCdb,bmT820wlIV5
4014,G0iJ46ccCdb,vrSTfWaEZfP
4015,G0iJ46ccCdb,RKbp3GCvRrF
4016,G0iJ46ccCdb,I28asEo67Mt
4017,TYU87IDIZ7h,rCzvys285kN
4018,TYU87IDIZ7h,VZrxjCi8cQi
4019,TYU87IDIZ7h,ZgnHXnu30cI
4020,TYU87IDIZ7h,fHgwVjoElmE
4021,jMCeB9KiH4n,rCzvys285kN
4022,jMCeB9KiH4n,VZrxjCi8cQi
4023,jMCeB9KiH4n,ZgnHXnu30cI
4024,jMCeB9KiH4n,fHgwVjoElmE
4025,BwkikubZJae,rCzvys285kN
4026,BwkikubZJae,VZrxjCi8cQi
4027,BwkikubZJae,ZgnHXnu30cI
4028,BwkikubZJae,fHgwVjoElmE
4029,crZ9DO45S89,Kq56swi3KAi
4030,crZ9DO45S89,oVc5PtW8IsH
4031,crZ9DO45S89,dqUlEsSUs8w
4032,crZ9DO45S89,xgiuSKF9lKY
4033,crZ9DO45S89,WQ8FzlyAWIM
4034,kjY1TgXO9cV,HllvX50cXC0
4035,my8OSGk4Rdz,HllvX50cXC0
4036,hlAZIm0HvAZ,h6Pad0c6ic0
4037,hlAZIm0HvAZ,acibdlEhhxw
4038,hlAZIm0HvAZ,EKm949hzsgY
4039,hlAZIm0HvAZ,vGHDZm2UPq5
4040,hlAZIm0HvAZ,gP0qIQwYVZx
4041,hlAZIm0HvAZ,vDOMBTXYpkl
4042,hlAZIm0HvAZ,xyzkAnT5ApT
4043,hlAZIm0HvAZ,mJnJWk4Ih48
4044,hlAZIm0HvAZ,I1IHrbBF2fm
4045,hlAZIm0HvAZ,wlZ7QBEZWE2
4046,hlAZIm0HvAZ,HJ8vavGBwnt
4047,hlAZIm0HvAZ,b1p4v65Fds7
4048,ZaFyGP34kVV,rCzvys285kN
4049,ZaFyGP34kVV,VZrxjCi8cQi
4050,ZaFyGP34kVV,ZgnHXnu30cI
4051,ZaFyGP34kVV,fHgwVjoElmE
4052,bP0lbUAPCH2,WalQ4zu7RLz
4053,bP0lbUAPCH2,r01f3QfmLJS
4054,bP0lbUAPCH2,bmT820wlIV5
4055,bP0lbUAPCH2,vrSTfWaEZfP
4056,bP0lbUAPCH2,RKbp3GCvRrF
4057,bP0lbUAPCH2,I28asEo67Mt
4058,E1XDuFCP5ZF,rCzvys285kN
4059,E1XDuFCP5ZF,VZrxjCi8cQi
4060,E1XDuFCP5ZF,ZgnHXnu30cI
4061,E1XDuFCP5ZF,fHgwVjoElmE
4062,WLzv46Pa4si,HllvX50cXC0
4063,oQycIbBMAKX,WalQ4zu7RLz
4064,oQycIbBMAKX,r01f3QfmLJS
4065,oQycIbBMAKX,bmT820wlIV5
4066,oQycIbBMAKX,vrSTfWaEZfP
4067,oQycIbBMAKX,RKbp3GCvRrF
4068,oQycIbBMAKX,I28asEo67Mt
4069,N3ZBSDlbCOB,HllvX50cXC0
4070,REXHANFrEJC,rCzvys285kN
4071,REXHANFrEJC,VZrxjCi8cQi
4072,REXHANFrEJC,ZgnHXnu30cI
4073,REXHANFrEJC,fHgwVjoElmE
4074,U17bGhMaH9B,yabsZCXTQRM
4075,U17bGhMaH9B,yWdrn6SiVZ9
4076,U17bGhMaH9B,zLX9lB6eIHI
4077,U17bGhMaH9B,C9j1R3XeUB3
4078,U17bGhMaH9B,sBvVzuUN7ty
4079,U17bGhMaH9B,JqdVRiI92bd
4080,U17bGhMaH9B,tD3pn44uScE
4081,U17bGhMaH9B,Mv9SNsGCT5e
4082,U17bGhMaH9B,rU0HnmI7P8S
4083,U17bGhMaH9B,pfXBcPz6khi
4084,U17bGhMaH9B,Kq56swi3KAi
4085,U17bGhMaH9B,oVc5PtW8IsH
4086,U17bGhMaH9B,dqUlEsSUs8w
4087,U17bGhMaH9B,xgiuSKF9lKY
4088,U17bGhMaH9B,WQ8FzlyAWIM
4089,HpYivdZS2l8,rCzvys285kN
4090,HpYivdZS2l8,VZrxjCi8cQi
4091,HpYivdZS2l8,ZgnHXnu30cI
4092,HpYivdZS2l8,fHgwVjoElmE
4093,VSBUiE9vbY7,rCzvys285kN
4094,VSBUiE9vbY7,VZrxjCi8cQi
4095,VSBUiE9vbY7,ZgnHXnu30cI
4096,VSBUiE9vbY7,fHgwVjoElmE
4097,HkI0xDwvvr8,rCzvys285kN
4098,HkI0xDwvvr8,VZrxjCi8cQi
4099,HkI0xDwvvr8,ZgnHXnu30cI
4100,HkI0xDwvvr8,fHgwVjoElmE
4101,pkIQIFtCODt,rCzvys285kN
4102,pkIQIFtCODt,VZrxjCi8cQi
4103,pkIQIFtCODt,ZgnHXnu30cI
4104,pkIQIFtCODt,fHgwVjoElmE
4105,hv8QKUsQhEf,SM9d5ybWcr0
4106,hv8QKUsQhEf,H5MiomGgbbi
4107,hv8QKUsQhEf,OUPWAOZojRb
4108,vdGRzAaIR6Q,q7cFI8zjhAp
4109,vdGRzAaIR6Q,UGTbjOrSMsh
4110,lu1d5wM8yur,rCzvys285kN
4111,lu1d5wM8yur,VZrxjCi8cQi
4112,lu1d5wM8yur,ZgnHXnu30cI
4113,lu1d5wM8yur,fHgwVjoElmE
4114,NWjwPK64kgj,h6Pad0c6ic0
4115,NWjwPK64kgj,acibdlEhhxw
4116,NWjwPK64kgj,EKm949hzsgY
4117,NWjwPK64kgj,vGHDZm2UPq5
4118,NWjwPK64kgj,gP0qIQwYVZx
4119,NWjwPK64kgj,vDOMBTXYpkl
4120,NWjwPK64kgj,xyzkAnT5ApT
4121,NWjwPK64kgj,mJnJWk4Ih48
4122,NWjwPK64kgj,I1IHrbBF2fm
4123,NWjwPK64kgj,wlZ7QBEZWE2
4124,NWjwPK64kgj,HJ8vavGBwnt
4125,NWjwPK64kgj,b1p4v65Fds7
4126,FwNJD2RlyfX,HllvX50cXC0
4127,FHawQZ0WR0i,rCzvys285kN
4128,FHawQZ0WR0i,VZrxjCi8cQi
4129,FHawQZ0WR0i,ZgnHXnu30cI
4130,FHawQZ0WR0i,fHgwVjoElmE
4131,m1F0odI3nY6,HllvX50cXC0
4132,YCsUpoXhmcV,H70ZAB6lFN0
4133,YCsUpoXhmcV,CIJDVuBKosw
4134,YCsUpoXhmcV,YDcKEg7NPUj
4135,YCsUpoXhmcV,KQhpICg4pDD
4136,YCsUpoXhmcV,Ksn2fJ16UEA
4137,YCsUpoXhmcV,lvJU5xtFVD3
4138,YCsUpoXhmcV,oi3paDSTmNH
4139,YCsUpoXhmcV,d08q7V502jy
4140,YCsUpoXhmcV,U9cCBvHO2ns
4141,YCsUpoXhmcV,GZBOk5wzcv2
4142,YCsUpoXhmcV,eRffJvd314E
4143,YCsUpoXhmcV,gwUlCDcQqtU
4144,YCsUpoXhmcV,qqn2zBahp5x
4145,YCsUpoXhmcV,Hm0nPWUgUFu
4146,YCsUpoXhmcV,Jtjfp2JhFiL
4147,YCsUpoXhmcV,kRZ6ivAxbCI
4148,YCsUpoXhmcV,Ml0L5CB2mbs
4149,YCsUpoXhmcV,QsKFFmPfXYP
4150,YCsUpoXhmcV,mOHhwKjpIV9
4151,YCsUpoXhmcV,oKX78wjCeaN
4152,ZavQSFEftEi,rCzvys285kN
4153,ZavQSFEftEi,VZrxjCi8cQi
4154,ZavQSFEftEi,ZgnHXnu30cI
4155,ZavQSFEftEi,fHgwVjoElmE
4156,ZUpS5SUz7Zf,lMia9HGX5GB
4157,ZUpS5SUz7Zf,NFGmr82EyFC
4158,ZUpS5SUz7Zf,LUeYf4bzMHH
4159,ZUpS5SUz7Zf,k695c5imRv9
4160,ZUpS5SUz7Zf,cY3az39am2A
4161,ZUpS5SUz7Zf,RpILCCx5sJR
4162,ZUpS5SUz7Zf,Dr8RVmsMrjG
4163,ZUpS5SUz7Zf,oc8Bqjbk5b7
4164,ZUpS5SUz7Zf,qBY48Po2myZ
4165,ZUpS5SUz7Zf,NnRHQgASNoG
4166,ZUpS5SUz7Zf,pd5SpilDGzm
4167,ZUpS5SUz7Zf,yKuRtW430La
4168,ZUpS5SUz7Zf,Yh9BUl7wOlq
4169,ZUpS5SUz7Zf,fkADImpwXj1
4170,ZUpS5SUz7Zf,muohNzhl6b4
4171,ZUpS5SUz7Zf,ZsVdlnhMsPS
4172,ZUpS5SUz7Zf,imELtBWfoOH
4173,ZUpS5SUz7Zf,VFFHJa3AvtA
4174,ZUpS5SUz7Zf,spzAtkez2O5
4175,ZUpS5SUz7Zf,gRPdcJ3T0Ha
4176,ZUpS5SUz7Zf,Kq56swi3KAi
4177,ZUpS5SUz7Zf,oVc5PtW8IsH
4178,ZUpS5SUz7Zf,dqUlEsSUs8w
4179,ZUpS5SUz7Zf,xgiuSKF9lKY
4180,ZUpS5SUz7Zf,WQ8FzlyAWIM
4181,bc3yiLh7BDD,HllvX50cXC0
4182,m2IVzRQsBTg,rCzvys285kN
4183,m2IVzRQsBTg,VZrxjCi8cQi
4184,m2IVzRQsBTg,ZgnHXnu30cI
4185,m2IVzRQsBTg,fHgwVjoElmE
4186,FeLnRH2vgP0,HllvX50cXC0
4187,oShhEuaVRH3,rCzvys285kN
4188,oShhEuaVRH3,VZrxjCi8cQi
4189,oShhEuaVRH3,ZgnHXnu30cI
4190,oShhEuaVRH3,fHgwVjoElmE
4191,OF4OPicUWsC,rCzvys285kN
4192,OF4OPicUWsC,VZrxjCi8cQi
4193,OF4OPicUWsC,ZgnHXnu30cI
4194,OF4OPicUWsC,fHgwVjoElmE
4195,OeGeSyYymj2,rCzvys285kN
4196,OeGeSyYymj2,VZrxjCi8cQi
4197,OeGeSyYymj2,ZgnHXnu30cI
4198,OeGeSyYymj2,fHgwVjoElmE
4199,NmuVqacmasa,yabsZCXTQRM
4200,NmuVqacmasa,yWdrn6SiVZ9
4201,NmuVqacmasa,zLX9lB6eIHI
4202,NmuVqacmasa,C9j1R3XeUB3
4203,NmuVqacmasa,sBvVzuUN7ty
4204,NmuVqacmasa,JqdVRiI92bd
4205,NmuVqacmasa,tD3pn44uScE
4206,NmuVqacmasa,Mv9SNsGCT5e
4207,NmuVqacmasa,rU0HnmI7P8S
4208,NmuVqacmasa,pfXBcPz6khi
4209,NmuVqacmasa,Kq56swi3KAi
4210,NmuVqacmasa,oVc5PtW8IsH
4211,NmuVqacmasa,dqUlEsSUs8w
4212,NmuVqacmasa,xgiuSKF9lKY
4213,NmuVqacmasa,WQ8FzlyAWIM
4214,oGakFLvGSd3,rCzvys285kN
4215,oGakFLvGSd3,VZrxjCi8cQi
4216,oGakFLvGSd3,ZgnHXnu30cI
4217,oGakFLvGSd3,fHgwVjoElmE
4218,RNoPse2lznb,rCzvys285kN
4219,RNoPse2lznb,VZrxjCi8cQi
4220,RNoPse2lznb,ZgnHXnu30cI
4221,RNoPse2lznb,fHgwVjoElmE
4222,sXHc5qzfGc4,rCzvys285kN
4223,sXHc5qzfGc4,VZrxjCi8cQi
4224,sXHc5qzfGc4,ZgnHXnu30cI
4225,sXHc5qzfGc4,fHgwVjoElmE
4226,BDxKZh3eFcR,rCzvys285kN
4227,BDxKZh3eFcR,VZrxjCi8cQi
4228,BDxKZh3eFcR,ZgnHXnu30cI
4229,BDxKZh3eFcR,fHgwVjoElmE
4230,lU90CM3Irg8,rCzvys285kN
4231,lU90CM3Irg8,VZrxjCi8cQi
4232,lU90CM3Irg8,ZgnHXnu30cI
4233,lU90CM3Irg8,fHgwVjoElmE
4234,thUG7gedVE8,yabsZCXTQRM
4235,thUG7gedVE8,yWdrn6SiVZ9
4236,thUG7gedVE8,zLX9lB6eIHI
4237,thUG7gedVE8,C9j1R3XeUB3
4238,thUG7gedVE8,sBvVzuUN7ty
4239,thUG7gedVE8,JqdVRiI92bd
4240,thUG7gedVE8,tD3pn44uScE
4241,thUG7gedVE8,Mv9SNsGCT5e
4242,thUG7gedVE8,rU0HnmI7P8S
4243,thUG7gedVE8,pfXBcPz6khi
4244,tYvZ2UWfyHU,rCzvys285kN
4245,tYvZ2UWfyHU,VZrxjCi8cQi
4246,tYvZ2UWfyHU,ZgnHXnu30cI
4247,tYvZ2UWfyHU,fHgwVjoElmE
4248,WsaykeJyRtc,rCzvys285kN
4249,WsaykeJyRtc,VZrxjCi8cQi
4250,WsaykeJyRtc,ZgnHXnu30cI
4251,WsaykeJyRtc,fHgwVjoElmE
4252,brQDQb6pfmG,rCzvys285kN
4253,brQDQb6pfmG,VZrxjCi8cQi
4254,brQDQb6pfmG,ZgnHXnu30cI
4255,brQDQb6pfmG,fHgwVjoElmE
4256,g62Xw2WokMQ,SgtJVRGlRIo
4257,g62Xw2WokMQ,nusEBjg8bes
4258,g62Xw2WokMQ,sHKK94BX2Rp
4259,g62Xw2WokMQ,kkV0Rfqo4Ru
4260,g62Xw2WokMQ,UKCxMVgAc2s
4261,g62Xw2WokMQ,WyNau0T37h4
4262,g62Xw2WokMQ,OhmzAkCmkjU
4263,g62Xw2WokMQ,oIxEDq59GUL
4264,g62Xw2WokMQ,DHWRwZkFHqc
4265,g62Xw2WokMQ,mJNtXTVt6T1
4266,OMKNInWswIX,h6Pad0c6ic0
4267,OMKNInWswIX,acibdlEhhxw
4268,OMKNInWswIX,EKm949hzsgY
4269,OMKNInWswIX,vGHDZm2UPq5
4270,OMKNInWswIX,gP0qIQwYVZx
4271,OMKNInWswIX,vDOMBTXYpkl
4272,OMKNInWswIX,xyzkAnT5ApT
4273,OMKNInWswIX,mJnJWk4Ih48
4274,OMKNInWswIX,I1IHrbBF2fm
4275,OMKNInWswIX,wlZ7QBEZWE2
4276,OMKNInWswIX,HJ8vavGBwnt
4277,OMKNInWswIX,b1p4v65Fds7
4278,AtqPLxuomkm,rCzvys285kN
4279,AtqPLxuomkm,VZrxjCi8cQi
4280,AtqPLxuomkm,ZgnHXnu30cI
4281,AtqPLxuomkm,fHgwVjoElmE
4282,Sxcw9x1mOur,rCzvys285kN
4283,Sxcw9x1mOur,VZrxjCi8cQi
4284,Sxcw9x1mOur,ZgnHXnu30cI
4285,Sxcw9x1mOur,fHgwVjoElmE
