section_id,hmis_code,hmis_name,eafya_id,eafya_name
1.3.3,62,Neonatal Tetanus,190,Other tetanus
1.3.3,62,Neonatal Tetanus,189,Obstetrical tetanus
1.3.3,62,Neonatal Tetanus,188,Tetanus neonatorum
1.3.3,194,ND01. Neonatal Sepsis(0-7days),7137,Sepsis of newborn due to anaerobes
1.3.3,194,ND01. Neonatal Sepsis(0-7days),7138,Other bacterial sepsis of newborn
1.3.3,194,ND01. Neonatal Sepsis(0-7days),7139,"Bacterial sepsis of newborn, unspecified"
1.3.3,194,ND01. Neonatal Sepsis(0-7days),7131,Bacterial sepsis of newborn
1.3.3,194,ND01. Neonatal Sepsis(0-7days),7132,"Sepsis of newborn due to streptococcus, group B"
1.3.3,194,ND01. Neonatal Sepsis(0-7days),7133,Sepsis of newborn due to other and unspecified streptococci
1.3.3,194,ND01. Neonatal Sepsis(0-7days),7134,Sepsis of newborn due to Staphylococcus aureus
1.3.3,194,ND01. Neonatal Sepsis(0-7days),7135,Sepsis of newborn due to other and unspecified staphylococci
1.3.3,194,ND01. Neonatal Sepsis(0-7days),7136,Sepsis of newborn due to Escherichia coli
1.3.3,195,ND02. Neonatal Sepsis(8-28days),7136,Sepsis of newborn due to Escherichia coli
1.3.3,195,ND02. Neonatal Sepsis(8-28days),7138,Other bacterial sepsis of newborn
1.3.3,195,ND02. Neonatal Sepsis(8-28days),7137,Sepsis of newborn due to anaerobes
1.3.3,195,ND02. Neonatal Sepsis(8-28days),7135,Sepsis of newborn due to other and unspecified staphylococci
1.3.3,195,ND02. Neonatal Sepsis(8-28days),7131,Bacterial sepsis of newborn
1.3.3,195,ND02. Neonatal Sepsis(8-28days),7132,"Sepsis of newborn due to streptococcus, group B"
1.3.3,195,ND02. Neonatal Sepsis(8-28days),7133,Sepsis of newborn due to other and unspecified streptococci
1.3.3,195,ND02. Neonatal Sepsis(8-28days),7134,Sepsis of newborn due to Staphylococcus aureus
1.3.3,195,ND02. Neonatal Sepsis(8-28days),7135,Sepsis of newborn due to other and unspecified staphylococci
1.3.3,195,ND02. Neonatal Sepsis(8-28days),7139,"Bacterial sepsis of newborn, unspecified"
1.3.3,196,ND03. Neonatal Pneumonia (0-7days),7083,"Congenital pneumonia, unspecified"
1.3.3,196,ND03. Neonatal Pneumonia (0-7days),7080,Congenital pneumonia due to Pseudomonas
1.3.3,196,ND03. Neonatal Pneumonia (0-7days),7081,Congenital pneumonia due to other bacterial agents
1.3.3,196,ND03. Neonatal Pneumonia (0-7days),7077,Congenital pneumonia due to staphylococcus
1.3.3,196,ND03. Neonatal Pneumonia (0-7days),7076,Congenital pneumonia due to Chlamydia
1.3.3,196,ND03. Neonatal Pneumonia (0-7days),7075,Congenital pneumonia due to viral agent
1.3.3,196,ND03. Neonatal Pneumonia (0-7days),7074,Congenital pneumonia
1.3.3,196,ND03. Neonatal Pneumonia (0-7days),7082,Congenital pneumonia due to other organisms
1.3.3,196,ND03. Neonatal Pneumonia (0-7days),7078,"Congenital pneumonia due to streptococcus, group B"
1.3.3,196,ND03. Neonatal Pneumonia (0-7days),7079,Congenital pneumonia due to Escherichia coli
1.3.3,197,ND05. Neonatal Meningitis,7140,Other congenital infectious and parasitic diseases
1.3.3,197,ND05. Neonatal Meningitis,22649,Neonatal meningitis 
1.3.3,198,ND06. Neonatal Jaundice,7206,Neonatal jaundice due to bleeding
1.3.3,198,ND06. Neonatal Jaundice,7219,"Neonatal jaundice, unspecified"
1.3.3,198,ND06. Neonatal Jaundice,7218,Neonatal jaundice from other specified causes
1.3.3,198,ND06. Neonatal Jaundice,7217,Neonatal jaundice from breast milk inhibitor
1.3.3,198,ND06. Neonatal Jaundice,7216,Neonatal jaundice from other and unspecified hepatocellular damage
1.3.3,198,ND06. Neonatal Jaundice,7214,Neonatal jaundice associated with preterm delivery
1.3.3,198,ND06. Neonatal Jaundice,7213,Neonatal jaundice from other and unspecified causes
1.3.3,198,ND06. Neonatal Jaundice,7212,"Neonatal jaundice due to excessive haemolysis, unspecified"
1.3.3,198,ND06. Neonatal Jaundice,7211,Neonatal jaundice due to other specified excessive haemolysis
1.3.3,198,ND06. Neonatal Jaundice,7210,Neonatal jaundice due to swallowed maternal blood
1.3.3,198,ND06. Neonatal Jaundice,7209,Neonatal jaundice due to drugs or toxins transmitted from mother or given to newborn
1.3.3,198,ND06. Neonatal Jaundice,7208,Neonatal jaundice due to polycythaemia
1.3.3,198,ND06. Neonatal Jaundice,7207,Neonatal jaundice due to infection
1.3.3,198,ND06. Neonatal Jaundice,7205,Neonatal jaundice due to bruising
1.3.3,198,ND06. Neonatal Jaundice,7204,Neonatal jaundice due to other excessive haemolysis
1.3.3,200,ND08. Other Neonatal Conditions,7272,Other neonatal peritonitis
1.3.3,200,ND08. Other Neonatal Conditions,7186,Other neonatal gastrointestinal haemorrhage
1.3.3,200,ND08. Other Neonatal Conditions,7236,Other neonatal hypoglycaemia
1.3.3,200,ND08. Other Neonatal Conditions,7182,Other neonatal haemorrhages
1.3.3,200,ND08. Other Neonatal Conditions,22539,Preterm newborn unspecified 
1.3.3,200,ND08. Other Neonatal Conditions,22529,Preterm newborn 
1.3.3,200,ND08. Other Neonatal Conditions,22530,Preterm newborn gestational age 28 completed weeks 
1.3.3,200,ND08. Other Neonatal Conditions,22531,Preterm newborn gestational age 29 completed weeks 
1.3.3,200,ND08. Other Neonatal Conditions,22532,Preterm newborn gestational age 30 completed weeks 
1.3.3,200,ND08. Other Neonatal Conditions,22533,Preterm newborn gestational age 31 completed weeks 
1.3.3,200,ND08. Other Neonatal Conditions,22534,Preterm newborn gestational age 32 completed weeks 
1.3.3,200,ND08. Other Neonatal Conditions,22535,Preterm newborn gestational age 33 completed weeks 
1.3.3,200,ND08. Other Neonatal Conditions,22536,Preterm newborn gestational age 34 completed weeks 
1.3.3,200,ND08. Other Neonatal Conditions,22537,Preterm newborn gestational age 35 completed weeks 
1.3.3,200,ND08. Other Neonatal Conditions,22538,Preterm newborn gestational age 36 completed weeks 
1.3.3,217,EC03. Ophthalmianeonatorum,7415,Congenital malformation of optic disc
1.3.3,636,ND04. Neonatal Pneumonia (8-28days),7078,"Congenital pneumonia due to streptococcus, group B"
1.3.3,636,ND04. Neonatal Pneumonia (8-28days),7080,Congenital pneumonia due to Pseudomonas
1.3.10,732,PT04. Chronic respiratory diseases,7102,Chronic respiratory disease originating in the perinatal period
1.3.10,732,PT04. Chronic respiratory diseases,4413,Chronic respiratory failure
1.3.10,732,PT04. Chronic respiratory diseases,4355,"Chronic respiratory conditions due to chemicals, gases, fumes and vapours"
1.3.10,732,PT04. Chronic respiratory diseases,7106,Unspecified chronic respiratory disease originating in the perinatal period
1.3.10,732,PT04. Chronic respiratory diseases,7105,Other chronic respiratory diseases originating in the perinatal period
1.3.10,732,PT04. Chronic respiratory diseases,4355,"Chronic respiratory conditions due to chemicals, gases, fumes and vapours"
1.3.10,732,PT04. Chronic respiratory diseases,15519,Chronic respiratory acidosis 
1.3.10,732,PT04. Chronic respiratory diseases,19147,Chronic respiratory failure 
1.3.10,732,PT04. Chronic respiratory diseases,19148,Chronic respiratory failure Type I 
1.3.10,732,PT04. Chronic respiratory diseases,19149,Chronic respiratory failure Type II 
1.3.10,732,PT04. Chronic respiratory diseases,19150,Chronic respiratory failure unspecified 
1.3.10,732,PT04. Chronic respiratory diseases,22796,Chronic respiratory disease originating in the perinatal period 
1.3.10,732,PT04. Chronic respiratory diseases,22798,Other specified chronic respiratory disease originating in the perinatal period 
1.3.10,732,PT04. Chronic respiratory diseases,22799,Chronic respiratory disease originating in the perinatal period unspecified 
1.3.17,261,EM03. Other Endocrine and Metabolic Diseases,2392,Other postprocedural endocrine and metabolic disorders
1.3.17,261,EM03. Other Endocrine and Metabolic Diseases,2394,Nutritional and metabolic disorders in diseases classified elsewhere
1.3.17,261,EM03. Other Endocrine and Metabolic Diseases,2382,Other specified metabolic disorders
1.3.17,261,EM03. Other Endocrine and Metabolic Diseases,2173,Other endocrine disorders
1.3.17,261,EM03. Other Endocrine and Metabolic Diseases,2181,"Endocrine disorder, unspecified"
1.3.17,261,EM03. Other Endocrine and Metabolic Diseases,2384,"Postprocedural endocrine and metabolic disorders, not elsewhere classified"
1.3.17,261,EM03. Other Endocrine and Metabolic Diseases,6520,Metabolic disorders following abortion and ectopic and molar pregnancy
1.3.17,261,EM03. Other Endocrine and Metabolic Diseases,2383,"Metabolic disorder, unspecified"
1.3.17,261,EM03. Other Endocrine and Metabolic Diseases,2393,"Postprocedural endocrine and metabolic disorder, unspecified"
1.3.17,261,EM03. Other Endocrine and Metabolic Diseases,3133,Polyneuropathy in other endocrine and metabolic diseases
1.3.17,261,EM03. Other Endocrine and Metabolic Diseases,3247,Autonomic neuropathy in endocrine and metabolic diseases
1.3.17,261,EM03. Other Endocrine and Metabolic Diseases,17271,Autonomic neuropathy in endocrine and metabolic diseases 
1.3.17,261,EM03. Other Endocrine and Metabolic Diseases,28562,Special screening examination for endocrine and metabolic disorder 
1.3.17,261,EM03. Other Endocrine and Metabolic Diseases,28564,Other specified special screening examination for endocrine and metabolic disorder 
1.3.17,261,EM03. Other Endocrine and Metabolic Diseases,28566,Special screening examination for endocrine and metabolic disorder unspecified 
1.3.8,227,MH04. Bipolar disorders,2591,"Bipolar affective disorder, current episode severe depression without psychotic symptoms"
1.3.8,227,MH04. Bipolar disorders,2592,"Bipolar affective disorder, current episode severe depression with psychotic symptoms"
1.3.8,227,MH04. Bipolar disorders,2586,Bipolar affective disorder
1.3.8,227,MH04. Bipolar disorders,2587,"Bipolar affective disorder, current episode hypomanic"
1.3.8,227,MH04. Bipolar disorders,2588,"Bipolar affective disorder, current episode manic without psychotic symptoms"
1.3.8,227,MH04. Bipolar disorders,2589,"Bipolar affective disorder, current episode manic with psychotic symptoms"
1.3.8,227,MH04. Bipolar disorders,2590,"Bipolar affective disorder, current episode mild or moderate depression"
1.3.8,227,MH04. Bipolar disorders,2591,"Bipolar affective disorder, current episode severe depression without psychotic symptoms"
1.3.8,227,MH04. Bipolar disorders,2593,"Bipolar affective disorder, current episode mixed"
1.3.8,227,MH04. Bipolar disorders,2594,"Bipolar affective disorder, currently in remission"
1.3.8,227,MH04. Bipolar disorders,2595,Other bipolar affective disorders
1.3.8,227,MH04. Bipolar disorders,2596,"Bipolar affective disorder, unspecified"
1.3.8,227,MH04. Bipolar disorders,15695,Bipolar type I disorder 
1.3.8,227,MH04. Bipolar disorders,15696,Bipolar type I disorder current episode manic without psychotic symptoms 
1.3.8,227,MH04. Bipolar disorders,15697,Bipolar type I disorder current episode manic with psychotic symptoms 
1.3.8,227,MH04. Bipolar disorders,15698,Bipolar type I disorder current episode hypomanic 
1.3.8,227,MH04. Bipolar disorders,15699,Bipolar type I disorder current episode depressive mild 
1.3.8,227,MH04. Bipolar disorders,15700,Bipolar type I disorder current episode depressive moderate without psychotic symptoms 
1.3.8,227,MH04. Bipolar disorders,15701,Bipolar type I disorder current episode depressive moderate with psychotic symptoms 
1.3.8,227,MH04. Bipolar disorders,15702,Bipolar type I disorder current episode depressive severe without psychotic symptoms 
1.3.8,227,MH04. Bipolar disorders,15703,Bipolar type I disorder current episode depressive severe with psychotic symptoms 
1.3.8,227,MH04. Bipolar disorders,15704,Bipolar type I disorder current episode depressive unspecified severity 
1.3.8,227,MH04. Bipolar disorders,15705,Bipolar type I disorder current episode mixed without psychotic symptoms 
1.3.8,227,MH04. Bipolar disorders,15706,Bipolar type I disorder current episode mixed with psychotic symptoms 
1.3.8,227,MH04. Bipolar disorders,15707,Bipolar type I disorder currently in partial remission most recent episode manic or hypomanic 
1.3.8,227,MH04. Bipolar disorders,15708,Bipolar type I disorder currently in partial remission most recent episode depressive 
1.3.8,227,MH04. Bipolar disorders,15709,Bipolar type I disorder currently in partial remission most recent episode mixed 
1.3.8,227,MH04. Bipolar disorders,15710,Bipolar type I disorder currently in partial remission most recent episode unspecified 
1.3.8,227,MH04. Bipolar disorders,15711,Bipolar type I disorder currently in full remission 
1.3.8,227,MH04. Bipolar disorders,15712,Other specified bipolar type I disorder 
1.3.8,227,MH04. Bipolar disorders,15713,Bipolar type I disorder unspecified 
1.3.8,227,MH04. Bipolar disorders,15714,Bipolar type II disorder 
1.3.8,227,MH04. Bipolar disorders,15715,Bipolar type II disorder current episode hypomanic 
1.3.8,227,MH04. Bipolar disorders,15716,Bipolar type II disorder current episode depressive mild 
1.3.8,227,MH04. Bipolar disorders,15717,Bipolar type II disorder current episode depressive moderate without psychotic symptoms 
1.3.8,227,MH04. Bipolar disorders,15718,Bipolar type II disorder current episode depressive moderate with psychotic symptoms 
1.3.8,227,MH04. Bipolar disorders,15719,Bipolar type II disorder current episode depressive severe without psychotic symptoms 
1.3.8,227,MH04. Bipolar disorders,15720,Bipolar type II disorder current episode depressive severe with psychotic symptoms 
1.3.8,227,MH04. Bipolar disorders,15721,Bipolar type II disorder current episode depressive unspecified severity 
1.3.8,227,MH04. Bipolar disorders,15722,Bipolar type II disorder currently in partial remission most recent episode hypomanic 
1.3.8,227,MH04. Bipolar disorders,15723,Bipolar type II disorder currently in partial remission most recent episode depressive 
1.3.8,227,MH04. Bipolar disorders,15724,Bipolar type II disorder currently in partial remission most recent episode unspecified 
1.3.8,227,MH04. Bipolar disorders,15725,Bipolar type II disorder currently in full remission 
1.3.8,227,MH04. Bipolar disorders,15726,Other specified bipolar type II disorder 
1.3.8,227,MH04. Bipolar disorders,15727,Bipolar type II disorder unspecified 
1.3.8,227,MH04. Bipolar disorders,15729,Other specified bipolar or related disorders 
1.3.8,227,MH04. Bipolar disorders,15730,Bipolar or related disorders unspecified 
1.3.8,227,MH04. Bipolar disorders,2590,"Bipolar affective disorder, current episode mild or moderate depression"
1.3.8,227,MH04. Bipolar disorders,2589,"Bipolar affective disorder, current episode manic with psychotic symptoms"
1.3.8,227,MH04. Bipolar disorders,2588,"Bipolar affective disorder, current episode manic without psychotic symptoms"
1.3.8,227,MH04. Bipolar disorders,2587,"Bipolar affective disorder, current episode hypomanic"
1.3.8,227,MH04. Bipolar disorders,2586,Bipolar affective disorder
1.3.8,227,MH04. Bipolar disorders,2596,"Bipolar affective disorder, unspecified"
1.3.8,227,MH04. Bipolar disorders,2595,Other bipolar affective disorders
1.3.8,227,MH04. Bipolar disorders,2594,"Bipolar affective disorder, currently in remission"
1.3.8,227,MH04. Bipolar disorders,2593,"Bipolar affective disorder, current episode mixed"
1.3.8,227,MH04. Bipolar disorders,2592,"Bipolar affective disorder, current episode severe depression with psychotic symptoms"
1.3.8,229,MH07. Epilepsy,2994,"Epilepsy, unspecified"
1.3.8,229,MH07. Epilepsy,2793,Acquired aphasia with epilepsy [Landau-Kleffner]
1.3.8,229,MH07. Epilepsy,2984,Epilepsy
1.3.8,229,MH07. Epilepsy,2985,Localization-related (focal)(partial) idiopathic epilepsy and epileptic syndromes with seizures of localized onset
1.3.8,229,MH07. Epilepsy,2986,Localization-related (focal)(partial) symptomatic epilepsy and epileptic syndromes with simple partial seizures
1.3.8,229,MH07. Epilepsy,2987,Localization-related (focal)(partial) symptomatic epilepsy and epileptic syndromes with complex partial seizures
1.3.8,229,MH07. Epilepsy,2988,Generalized idiopathic epilepsy and epileptic syndromes
1.3.8,229,MH07. Epilepsy,2989,Other generalized epilepsy and epileptic syndromes
1.3.8,229,MH07. Epilepsy,2993,Other epilepsy
1.3.8,229,MH07. Epilepsy,2994,"Epilepsy, unspecified"
1.3.8,229,MH07. Epilepsy,11953,Family history of epilepsy and other diseases of the nervous system
1.3.8,229,MH07. Epilepsy,16722,Epilepsy due to structural or metabolic conditions or diseases 
1.3.8,229,MH07. Epilepsy,16723,Epilepsy due to prenatal or perinatal brain insults 
1.3.8.,229,MH07. Epilepsy,16724,Epilepsy due to prenatal or perinatal vascular insults 
1.3.8,229,MH07. Epilepsy,16726,Epilepsy due to neonatal hypoxic ischemic encephalopathy 
1.3.8,229,MH07. Epilepsy,16727,Epilepsy due to other prenatal or perinatal brain insults 
1.3.8,229,MH07. Epilepsy,16728,Epilepsy due to unspecified prenatal or perinatal brain insults 
1.3.8,229,MH07. Epilepsy,16729,Epilepsy due to cerebrovascular disorders 
1.3.8,229,MH07. Epilepsy,16730,Epilepsy due to degenerative brain disorders 
1.3.8,229,MH07. Epilepsy,16731,Epilepsy due to dementias 
1.3.8,229,MH07. Epilepsy,16732,Epilepsy due to central nervous system infections or infestations 
1.3.8,229,MH07. Epilepsy,16733,Epilepsy due to injuries to the head 
1.3.8,229,MH07. Epilepsy,16734,Epilepsy due to tumours of the nervous system 
1.3.8,229,MH07. Epilepsy,16735,Epilepsy with mesial temporal sclerosis 
1.3.8,229,MH07. Epilepsy,16736,Epilepsy due to immune disorders 
1.3.8,229,MH07. Epilepsy,16737,Epilepsy due to abnormalities of brain development 
1.3.8,229,MH07. Epilepsy,16738,Epilepsy due to genetic syndromes with widespread or progressive effects 
1.3.8,229,MH07. Epilepsy,16739,Epilepsy due to multiple sclerosis or other demyelinating disorders 
1.3.8,229,MH07. Epilepsy,16740,Epilepsy due to other structural or metabolic condition or disease 
1.3.8,229,MH07. Epilepsy,16741,Epilepsy due to unspecified structural or metabolic condition or disease 
1.3.8,229,MH07. Epilepsy,16742,Genetic or presumed genetic syndromes primarily expressed as epilepsy 
1.3.8,229,MH07. Epilepsy,16744,Pyridoxal dependent epilepsy 
1.3.8,229,MH07. Epilepsy,16748,Benign familial infantile epilepsy 
1.3.8,229,MH07. Epilepsy,16750,Epilepsy of infancy with migrating focal seizures 
1.3.8,229,MH07. Epilepsy,16754,Benign childhood epilepsy with centro-temporal spikes 
1.3.8,229,MH07. Epilepsy,16755,Childhood absence epilepsy 
1.3.8,229,MH07. Epilepsy,16756,Epilepsy with myoclonic-astatic seizures 
1.3.8,229,MH07. Epilepsy,16761,Juvenile myoclonic epilepsy 
1.3.8,229,MH07. Epilepsy,16762,Juvenile absence epilepsy 
1.3.8,229,MH07. Epilepsy,16763,Benign adult familial myoclonus epilepsy 
1.3.8,229,MH07. Epilepsy,16768,Progressive myoclonic epilepsy 
1.3.8,229,MH07. Epilepsy,16771,Other specified genetic or presumed genetic syndromes primarily expressed as epilepsy 
1.3.8,229,MH07. Epilepsy,16772,Genetic or presumed genetic syndromes primarily expressed as epilepsy unspecified 
1.3.8,229,MH07. Epilepsy,16806,Other specified epilepsy or seizures 
1.3.8,229,MH07. Epilepsy,16807,Epilepsy or seizures unspecified 
1.3.8,229,MH07. Epilepsy,25573,Sudden unexpected death in epilepsy 
1.3.8,229,MH07. Epilepsy,2993,Other epilepsy
1.3.8,229,MH07. Epilepsy,2984,Epilepsy
1.3.8,229,MH07. Epilepsy,2989,Other generalized epilepsy and epileptic syndromes
1.3.8,229,MH07. Epilepsy,2988,Generalized idiopathic epilepsy and epileptic syndromes
1.3.8,229,MH07. Epilepsy,2987,Localization-related (focal)(partial) symptomatic epilepsy and epileptic syndromes with complex partial seizures
1.3.8,229,MH07. Epilepsy,2986,Localization-related (focal)(partial) symptomatic epilepsy and epileptic syndromes with simple partial seizures
1.3.8,229,MH07. Epilepsy,2985,Localization-related (focal)(partial) idiopathic epilepsy and epileptic syndromes with seizures of localized onset
1.3.8,232,MH05. Schizophrenia,2552,Catatonic schizophrenia
1.3.8,232,MH05. Schizophrenia,2424,Organic delusional [schizophrenia-like] disorder
1.3.8,232,MH05. Schizophrenia,2549,Schizophrenia
1.3.8,232,MH05. Schizophrenia,2550,Paranoid schizophrenia
1.3.8,232,MH05. Schizophrenia,2551,Hebephrenic schizophrenia
1.3.8,232,MH05. Schizophrenia,2552,Catatonic schizophrenia
1.3.8,232,MH05. Schizophrenia,2553,Undifferentiated schizophrenia
1.3.8,232,MH05. Schizophrenia,2555,Residual schizophrenia
1.3.8,232,MH05. Schizophrenia,2556,Simple schizophrenia
1.3.8,232,MH05. Schizophrenia,2557,Other schizophrenia
1.3.8,232,MH05. Schizophrenia,2558,"Schizophrenia, unspecified"
1.3.8,232,MH05. Schizophrenia,2565,Acute polymorphic psychotic disorder without symptoms of schizophrenia
1.3.8,232,MH05. Schizophrenia,2566,Acute polymorphic psychotic disorder with symptoms of schizophrenia
1.3.8,232,MH05. Schizophrenia,2567,Acute schizophrenia-like psychotic disorder
1.3.8,232,MH05. Schizophrenia,15629,Schizophrenia first episode 
1.3.8,232,MH05. Schizophrenia,15630,Schizophrenia first episode currently symptomatic 
1.3.8,232,MH05. Schizophrenia,15631,Schizophrenia first episode in partial remission 
1.3.8,232,MH05. Schizophrenia,15632,Schizophrenia first episode in full remission 
1.3.8,232,MH05. Schizophrenia,15633,Schizophrenia first episode unspecified 
1.3.8,232,MH05. Schizophrenia,15634,Schizophrenia multiple episodes 
1.3.8,232,MH05. Schizophrenia,15635,Schizophrenia multiple episodes currently symptomatic 
1.3.8,232,MH05. Schizophrenia,15636,Schizophrenia multiple episodes in partial remission 
1.3.8,232,MH05. Schizophrenia,15637,Schizophrenia multiple episodes in full remission 
1.3.8,232,MH05. Schizophrenia,15638,Schizophrenia multiple episodes unspecified 
1.3.8,232,MH05. Schizophrenia,15639,Schizophrenia continuous 
1.3.8,232,MH05. Schizophrenia,15640,Schizophrenia continuous currently symptomatic 
1.3.8,232,MH05. Schizophrenia,15641,Schizophrenia continuous in partial remission 
1.3.8,232,MH05. Schizophrenia,15642,Schizophrenia continuous in full remission 
1.3.8,232,MH05. Schizophrenia,15643,Schizophrenia continuous unspecified 
1.3.8,232,MH05. Schizophrenia,15644,Other specified episode of schizophrenia 
1.3.8,232,MH05. Schizophrenia,15645,Schizophrenia episode unspecified 
1.3.8,232,MH05. Schizophrenia,15691,Schizophrenia or other primary psychotic disorders unspecified 
1.3.8,232,MH05. Schizophrenia,2549,Schizophrenia
1.3.8,232,MH05. Schizophrenia,2550,Paranoid schizophrenia
1.3.8,232,MH05. Schizophrenia,2551,Hebephrenic schizophrenia
1.3.8,232,MH05. Schizophrenia,2553,Undifferentiated schizophrenia
1.3.8,232,MH05. Schizophrenia,2555,Residual schizophrenia
1.3.8,232,MH05. Schizophrenia,2556,Simple schizophrenia
1.3.8,232,MH05. Schizophrenia,2557,Other schizophrenia
1.3.8,232,MH05. Schizophrenia,2558,"Schizophrenia, unspecified"
1.3.8,673,MH01. Anxiety Disorders,2633,Other specified anxiety disorders
1.3.8,673,MH01. Anxiety Disorders,2622,Phobic anxiety disorders
1.3.8,673,MH01. Anxiety Disorders,2626,Other phobic anxiety disorders
1.3.8,673,MH01. Anxiety Disorders,2628,Other anxiety disorders
1.3.8,673,MH01. Anxiety Disorders,2634,"Anxiety disorder, unspecified"
1.3.8,673,MH01. Anxiety Disorders,2632,Other mixed anxiety disorders
1.3.8,674,MH02. Anxiety Disorders due to gender based violence,2632,Other mixed anxiety disorders
1.3.8,674,MH02. Anxiety Disorders due to gender based violence,2629,Panic disorder [episodic paroxysmal anxiety]
1.3.8,674,MH02. Anxiety Disorders due to gender based violence,2834,Phobic anxiety disorder of childhood
1.3.8,674,MH02. Anxiety Disorders due to gender based violence,2835,Social anxiety disorder of childhood
1.3.8,674,MH02. Anxiety Disorders due to gender based violence,2630,Generalized anxiety disorder
1.3.8,675,MH03. Unipolar Depressive Disorder,2611,"Recurrent depressive disorder, unspecified"
1.3.8,675,MH03. Unipolar Depressive Disorder,2604,Recurrent depressive disorder
1.3.8,675,MH03. Unipolar Depressive Disorder,2605,"Recurrent depressive disorder, current episode mild"
1.3.8,675,MH03. Unipolar Depressive Disorder,2606,"Recurrent depressive disorder, current episode moderate"
1.3.8,675,MH03. Unipolar Depressive Disorder,2607,"Recurrent depressive disorder, current episode severe without psychotic symptoms"
1.3.8,675,MH03. Unipolar Depressive Disorder,2608,"Recurrent depressive disorder, current episode severe with psychotic symptoms"
1.3.8,675,MH03. Unipolar Depressive Disorder,2609,"Recurrent depressive disorder, currently in remission"
1.3.8,675,MH03. Unipolar Depressive Disorder,2610,Other recurrent depressive disorders
1.3.8,675,MH03. Unipolar Depressive Disorder,2611,"Recurrent depressive disorder, unspecified"
1.3.8,675,MH03. Unipolar Depressive Disorder,2631,Mixed anxiety and depressive disorder
1.3.8,675,MH03. Unipolar Depressive Disorder,15731,Single episode depressive disorder 
1.3.8,675,MH03. Unipolar Depressive Disorder,15732,Single episode depressive disorder mild 
1.3.8,675,MH03. Unipolar Depressive Disorder,15733,Single episode depressive disorder moderate without psychotic symptoms 
1.3.8,675,MH03. Unipolar Depressive Disorder,15734,Single episode depressive disorder moderate with psychotic symptoms 
1.3.8,675,MH03. Unipolar Depressive Disorder,15735,Single episode depressive disorder severe without psychotic symptoms 
1.3.8,675,MH03. Unipolar Depressive Disorder,15736,Single episode depressive disorder severe with psychotic symptoms 
1.3.8,675,MH03. Unipolar Depressive Disorder,15737,Single episode depressive disorder unspecified severity 
1.3.8,675,MH03. Unipolar Depressive Disorder,15738,Single episode depressive disorder currently in partial remission 
1.3.8,675,MH03. Unipolar Depressive Disorder,15739,Single episode depressive disorder currently in full remission 
1.3.8,675,MH03. Unipolar Depressive Disorder,15740,Other specified single episode depressive disorder 
1.3.8,675,MH03. Unipolar Depressive Disorder,15741,Single episode depressive disorder unspecified 
1.3.8,675,MH03. Unipolar Depressive Disorder,15742,Recurrent depressive disorder 
1.3.8,675,MH03. Unipolar Depressive Disorder,15743,Recurrent depressive disorder current episode mild 
1.3.8,675,MH03. Unipolar Depressive Disorder,15744,Recurrent depressive disorder current episode moderate without psychotic symptoms 
1.3.8,675,MH03. Unipolar Depressive Disorder,15745,Recurrent depressive disorder current episode moderate with psychotic symptoms 
1.3.8,675,MH03. Unipolar Depressive Disorder,15746,Recurrent depressive disorder current episode severe without psychotic symptoms 
1.3.8,675,MH03. Unipolar Depressive Disorder,15747,Recurrent depressive disorder current episode severe with psychotic symptoms 
1.3.8,675,MH03. Unipolar Depressive Disorder,15748,Recurrent depressive disorder current episode unspecified severity 
1.3.8,675,MH03. Unipolar Depressive Disorder,15749,Recurrent depressive disorder currently in partial remission 
1.3.8,675,MH03. Unipolar Depressive Disorder,15750,Recurrent depressive disorder currently in full remission 
1.3.8,675,MH03. Unipolar Depressive Disorder,15751,Other specified recurrent depressive disorder 
1.3.8,675,MH03. Unipolar Depressive Disorder,15752,Recurrent depressive disorder unspecified 
1.3.8,675,MH03. Unipolar Depressive Disorder,15755,Other specified depressive disorders 
1.3.8,675,MH03. Unipolar Depressive Disorder,15756,Depressive disorders unspecified 
1.3.8,675,MH03. Unipolar Depressive Disorder,2631,Mixed anxiety and depressive disorder
1.3.8,675,MH03. Unipolar Depressive Disorder,2829,Depressive conduct disorder
1.3.8,676,MH06. Post -Traumatic Stress Disorder,2643,Post-traumatic stress disorder
1.3.8,676,MH06. Post -Traumatic Stress Disorder,11650,Routine postpartum follow-up
1.3.8,676,MH06. Post -Traumatic Stress Disorder,15802,Complex post traumatic stress disorder 
1.3.8,677,MH08. HIV related psychosis,11519,Contact with and exposure to human immunodeficiency virus [HIV]
1.3.8,678,MH09. Alzheimer disease,2959,"Alzheimer disease, unspecified"
1.3.8,678,MH09. Alzheimer disease,2958,Other Alzheimer disease
1.3.8,678,MH09. Alzheimer disease,2957,Alzheimer disease with late onset
1.3.8,678,MH09. Alzheimer disease,2955,Alzheimer disease
1.3.8,678,MH09. Alzheimer disease,2673,Atypical anorexia nervosa
1.3.8,678,MH09. Alzheimer disease,2399,"Dementia in Alzheimer disease, unspecified"
1.3.8,678,MH09. Alzheimer disease,2395,Dementia in Alzheimer disease
1.3.8,678,MH09. Alzheimer disease,2396,Dementia in Alzheimer disease with early onset
1.3.8,678,MH09. Alzheimer disease,2397,Dementia in Alzheimer disease with late onset
1.3.8,678,MH09. Alzheimer disease,2398,"Dementia in Alzheimer disease, atypical or mixed type"
1.3.8,678,MH09. Alzheimer disease,2399,"Dementia in Alzheimer disease, unspecified"
1.3.8,678,MH09. Alzheimer disease,2958,Other Alzheimer disease
1.3.8,678,MH09. Alzheimer disease,2959,"Alzheimer disease, unspecified"
1.3.8,678,MH09. Alzheimer disease,2956,Alzheimer disease with early onset
1.3.8,678,MH09. Alzheimer disease,2957,Alzheimer disease with late onset
1.3.8,678,MH09. Alzheimer disease,16263,Dementia due to Alzheimer disease 
1.3.8,678,MH09. Alzheimer disease,16372,Dementia due to Alzheimer disease with early onset 
1.3.8,678,MH09. Alzheimer disease,16373,Dementia due to Alzheimer disease with late onset 
1.3.8,678,MH09. Alzheimer disease,16374,Alzheimer disease dementia mixed type with cerebrovascular disease 
1.3.8,678,MH09. Alzheimer disease,16375,Alzheimer disease dementia mixed type with other nonvascular aetiologies 
1.3.8,678,MH09. Alzheimer disease,16376,Dementia due to Alzheimer disease onset unknown or unspecified 
1.3.8,679,MH10. HIV related dementia,11523,Asymptomatic human immunodeficiency virus [HIV] infection status
1.3.8,679,MH10. HIV related dementia,16361,Mild neurocognitive disorder 
1.3.8,679,,16389,Dementia due to human immunodeficiency virus 
1.3.8,679,MH10. HIV related dementia,553,HIV disease resulting in encephalopathy
1.3.8,679,MH10. HIV related dementia,16409,Neurocognitive disorders unspecified 
1.3.8,679,MH10. HIV related dementia,2412,Dementia in human immunodeficiency virus [HIV] disease
1.3.8,680,MH11. Alcohol related Dementia,2448,Mental and behavioural disorders due to use of alcohol: Other mental and behavioural disorders
1.3.8,680,MH11. Alcohol related Dementia,16380,Dementia due to psychoactive substances including medications 
1.3.8,680,MH11. Alcohol related Dementia,2208,Wernicke encephalopathy
1.3.8,680,MH11. Alcohol related Dementia,15181,Korsakoff syndrome 
1.3.8,680,MH11. Alcohol related Dementia,16381,Dementia due to use of alcohol 
1.3.8,680,MH11. Alcohol related Dementia,2449,Mental and behavioural disorders due to use of alcohol: Unspecified mental and behavioural disorder
1.3.8,681,"MH12. Dementia due to stroke (Diabetes, Hypertension)",2409,Dementia in Creutzfeldt-Jakob disease
1.3.8,681,"MH12. Dementia due to stroke (Diabetes, Hypertension)",2417,"Delirium not superimposed on dementia, so described"
1.3.8,681,"MH12. Dementia due to stroke (Diabetes, Hypertension)",2400,Vascular dementia
1.3.8,681,"MH12. Dementia due to stroke (Diabetes, Hypertension)",2401,Vascular dementia of acute onset
1.3.8,681,"MH12. Dementia due to stroke (Diabetes, Hypertension)",2403,Subcortical vascular dementia
1.3.8,681,"MH12. Dementia due to stroke (Diabetes, Hypertension)",2404,Mixed cortical and subcortical vascular dementia
1.3.8,681,"MH12. Dementia due to stroke (Diabetes, Hypertension)",2405,Other vascular dementia
1.3.8,681,"MH12. Dementia due to stroke (Diabetes, Hypertension)",2406,"Vascular dementia, unspecified"
1.3.8,682,MH13. Other form of Dementia,2396,Dementia in Alzheimer disease with early onset
1.3.8,682,MH13. Other form of Dementia,2398,"Dementia in Alzheimer disease, atypical or mixed type"
1.3.8,682,MH13. Other form of Dementia,2407,Dementia in other diseases classified elsewhere
1.3.8,682,MH13. Other form of Dementia,2408,Dementia in Pick disease
1.3.8,682,MH13. Other form of Dementia,2409,Dementia in Creutzfeldt-Jakob disease
1.3.8,682,MH13. Other form of Dementia,2410,Dementia in Huntington disease
1.3.8,682,MH13. Other form of Dementia,2411,Dementia in Parkinson disease
1.3.8,682,MH13. Other form of Dementia,2412,Dementia in human immunodeficiency virus [HIV] disease
1.3.8,682,MH13. Other form of Dementia,2413,Dementia in other specified diseases classified elsewhere
1.3.8,682,MH13. Other form of Dementia,2414,Unspecified dementia
1.3.8,682,MH13. Other form of Dementia,2417,"Delirium not superimposed on dementia, so described"
1.3.8,682,MH13. Other form of Dementia,2418,Delirium superimposed on dementia
1.3.8,682,MH13. Other form of Dementia,16039,Dementia due to prion disease 
1.3.8,682,MH13. Other form of Dementia,16263,Dementia due to Alzheimer disease 
1.3.8,682,MH13. Other form of Dementia,16372,Dementia due to Alzheimer disease with early onset 
1.3.8,682,MH13. Other form of Dementia,16373,Dementia due to Alzheimer disease with late onset 
1.3.8,682,MH13. Other form of Dementia,16374,Alzheimer disease dementia mixed type with cerebrovascular disease 
1.3.8,682,MH13. Other form of Dementia,16375,Alzheimer disease dementia mixed type with other nonvascular aetiologies 
1.3.8,682,MH13. Other form of Dementia,16376,Dementia due to Alzheimer disease onset unknown or unspecified 
1.3.8,682,MH13. Other form of Dementia,16377,Dementia due to cerebrovascular disease 
1.3.8,682,MH13. Other form of Dementia,16378,Dementia due to Lewy body disease 
1.3.8,682,MH13. Other form of Dementia,16379,Frontotemporal dementia 
1.3.8,682,MH13. Other form of Dementia,16380,Dementia due to psychoactive substances including medications 
1.3.8,682,MH13. Other form of Dementia,16381,Dementia due to use of alcohol 
1.3.8,682,MH13. Other form of Dementia,16382,Dementia due to use of sedatives hypnotics or anxiolytics 
1.3.8,682,MH13. Other form of Dementia,16383,Dementia due to use of volatile inhalants 
1.3.8,682,MH13. Other form of Dementia,16384,Dementia due to other specified psychoactive substance 
1.3.8,682,MH13. Other form of Dementia,16385,Dementia due to diseases classified elsewhere 
1.3.8,682,MH13. Other form of Dementia,16386,Dementia due to Parkinson disease 
1.3.8,682,MH13. Other form of Dementia,16387,Dementia due to Huntington disease 
1.3.8,682,MH13. Other form of Dementia,16388,Dementia due to exposure to heavy metals and other toxins 
1.3.8,682,MH13. Other form of Dementia,16390,Dementia due to multiple sclerosis 
1.3.8,682,MH13. Other form of Dementia,16391,Dementia due to normal pressure hydrocephalus 
1.3.8,682,MH13. Other form of Dementia,16392,Dementia due to injury to the head 
1.3.8,682,MH13. Other form of Dementia,16393,Dementia due to pellagra 
1.3.8,682,MH13. Other form of Dementia,16394,Dementia due to Down syndrome 
1.3.8,682,MH13. Other form of Dementia,16395,Dementia due to other specified diseases classified elsewhere 
1.3.8,682,MH13. Other form of Dementia,16396,Behavioural or psychological disturbances in dementia 
1.3.8,682,MH13. Other form of Dementia,16397,Psychotic symptoms in dementia 
1.3.8,682,MH13. Other form of Dementia,16398,Mood symptoms in dementia 
1.3.8,682,MH13. Other form of Dementia,16399,Anxiety symptoms in dementia 
1.3.8,682,MH13. Other form of Dementia,16400,Apathy in dementia 
1.3.8,682,MH13. Other form of Dementia,16401,Agitation or aggression in dementia 
1.3.8,682,MH13. Other form of Dementia,16402,Disinhibition in dementia 
1.3.8,682,MH13. Other form of Dementia,16403,Wandering in dementia 
1.3.8,682,MH13. Other form of Dementia,16404,Other specified behavioural or psychological disturbances in dementia 
1.3.8,682,MH13. Other form of Dementia,16405,Behavioural or psychological disturbances in dementia unspecified 
1.3.8,682,MH13. Other form of Dementia,16406,Dementia other specified cause 
1.3.8,682,MH13. Other form of Dementia,16407,Dementia unknown or unspecified cause 
1.3.8,682,MH13. Other form of Dementia,16731,Epilepsy due to dementias 
1.3.8,682,MH13. Other form of Dementia,29508,Dementia disorder (TM1) 
1.3.8,682,MH13. Other form of Dementia,2399,"Dementia in Alzheimer disease, unspecified"
1.3.8,682,MH13. Other form of Dementia,2407,Dementia in other diseases classified elsewhere
1.3.8,682,MH13. Other form of Dementia,2395,Dementia in Alzheimer disease
1.3.8,683,MH14. Other Adult Mental Health Conditions,11780,Other physical and mental strain related to work
1.3.8,684,MH15. Internet addiction,2726,Pathological gambling
1.3.8,684,MH15. Internet addiction,16298,Gaming disorder 
1.3.8,684,MH15. Internet addiction,16299,Gaming disorder predominantly online 
1.3.8,684,MH15. Internet addiction,16300,Gaming disorder predominantly offline 
1.3.8,684,MH15. Internet addiction,16301,Gaming disorder unspecified 
1.3.8,684,MH15. Internet addiction,2730,Other habit and impulse disorders
1.3.8,685,MH16. Alcohol Use Disorder,11883,Alcohol abuse counselling and surveillance
1.3.8,685,MH16. Alcohol Use Disorder,11891,Alcohol use
1.3.8,685,MH16. Alcohol Use Disorder,16292,Other specified disorders due to substance use 
1.3.8,685,MH16. Alcohol Use Disorder,16293,Disorders due to substance use unspecified 
1.3.8,686,MH17. Substance (Drug) use Disorder,11196,"Drug or medicament, unspecified"
1.3.8,687,MH18. Delirium,2510,Mental and behavioural disorders due to use of hallucinogens: Withdrawal state with delirium
1.3.8,687,MH18. Delirium,2419,Other delirium
1.3.8,687,MH18. Delirium,2416,"Delirium, not induced by alcohol and other psychoactive substances"
1.3.8,687,MH18. Delirium,2417,"Delirium not superimposed on dementia, so described"
1.3.8,687,MH18. Delirium,2418,Delirium superimposed on dementia
1.3.8,687,MH18. Delirium,2420,"Delirium, unspecified"
1.3.8,687,MH18. Delirium,2444,Mental and behavioural disorders due to use of alcohol: Withdrawal state with delirium
1.3.8,687,MH18. Delirium,2455,Mental and behavioural disorders due to use of opioids: Withdrawal state with delirium
1.3.8,687,MH18. Delirium,2466,Mental and behavioural disorders due to use of cannabinoids: Withdrawal state with delirium
1.3.8,687,MH18. Delirium,2477,Mental and behavioural disorders due to use of sedatives or hypnotics: Withdrawal state with delirium
1.3.8,687,MH18. Delirium,2488,Mental and behavioural disorders due to use of cocaine: Withdrawal state with delirium
1.3.8,687,MH18. Delirium,2499,"Mental and behavioural disorders due to use of other stimulants, including caffeine: Withdrawal state with delirium"
1.3.8,687,MH18. Delirium,2510,Mental and behavioural disorders due to use of hallucinogens: Withdrawal state with delirium
1.3.8,687,MH18. Delirium,2521,Mental and behavioural disorders due to use of tobacco: Withdrawal state with delirium
1.3.8,687,MH18. Delirium,2532,Mental and behavioural disorders due to use of volatile solvents: Withdrawal state with delirium
1.3.8,687,MH18. Delirium,2543,Mental and behavioural disorders due to multiple drug use and use of other psychoactive substances: Withdrawal state with delirium
1.3.8,687,MH18. Delirium,15898,Alcohol-induced delirium 
1.3.8,687,MH18. Delirium,15923,Cannabis-induced delirium 
1.3.8,687,MH18. Delirium,15946,Synthetic cannabinoid-induced delirium 
1.3.8,687,MH18. Delirium,15967,Opioid-induced delirium 
1.3.8,687,MH18. Delirium,15993,Sedative hypnotic or anxiolytic-induced delirium 
1.3.8,687,MH18. Delirium,16014,Cocaine-induced delirium 
1.3.8,687,MH18. Delirium,16042,Stimulant-induced delirium including amphetamines methamphetamine or methcathinone 
1.3.8,687,MH18. Delirium,16071,Synthetic cathinone-induced delirium 
1.3.8,687,MH18. Delirium,16110,Hallucinogen-induced delirium 
1.3.8,687,MH18. Delirium,16148,Volatile inhalant-induced delirium 
1.3.8,687,MH18. Delirium,16169,MDMA or related drug-induced delirium including MDA 
1.3.8,687,MH18. Delirium,16189,Dissociative drug-induced delirium including ketamine or PCP 
1.3.8,687,MH18. Delirium,16216,Delirium induced by other specified psychoactive substance including medications 
1.3.8,687,MH18. Delirium,16246,Delirium induced by multiple specified psychoactive substances including medications 
1.3.8,687,MH18. Delirium,16275,Delirium induced by unknown or unspecified psychoactive substance 
1.3.8,687,MH18. Delirium,16355,Delirium 
1.3.8,687,MH18. Delirium,16356,Delirium due to disease classified elsewhere 
1.3.8,687,MH18. Delirium,16357,Delirium due to psychoactive substances including medications 
1.3.8,687,MH18. Delirium,16358,Delirium due to multiple etiological factors 
1.3.8,687,MH18. Delirium,16359,Delirium other specified cause 
1.3.8,687,MH18. Delirium,16360,Delirium unspecified or unknown cause 
1.3.8,687,MH18. Delirium,2419,Other delirium
1.3.8,687,MH18. Delirium,2420,"Delirium, unspecified"
1.3.8,687,MH18. Delirium,2543,Mental and behavioural disorders due to multiple drug use and use of other psychoactive substances: Withdrawal state with delirium
1.3.8,687,MH18. Delirium,2532,Mental and behavioural disorders due to use of volatile solvents: Withdrawal state with delirium
1.3.8,687,MH18. Delirium,2521,Mental and behavioural disorders due to use of tobacco: Withdrawal state with delirium
1.3.8,688,MH19. Intellectual disability,2789,Specific developmental disorders of speech and language
1.3.8,688,MH19. Intellectual disability,15583,Disorders of intellectual development 
1.3.8,688,MH19. Intellectual disability,15589,Disorders of intellectual development unspecified 
1.3.8,688,MH19. Intellectual disability,24323,Conditions with disorders of intellectual development as a relevant clinical feature 
1.3.8,688,MH19. Intellectual disability,24329,Other specified conditions with disorders of intellectual development as a relevant clinical feature 
1.3.8,688,MH19. Intellectual disability,24330,Conditions with disorders of intellectual development as a relevant clinical feature unspecified 
1.3.8,689,MH20. Autism spectrum disorders,2807,Atypical autism
1.3.8,689,MH20. Autism spectrum disorders,2806,Childhood autism
1.3.8,689,MH20. Autism spectrum disorders,15600,Autism spectrum disorder 
1.3.8,689,MH20. Autism spectrum disorders,15601,Autism spectrum disorder without disorder of intellectual development and with mild or no impairment of functional language 
1.3.8,689,MH20. Autism spectrum disorders,15602,Autism spectrum disorder with disorder of intellectual development and with mild or no impairment of functional language 
1.3.8,689,MH20. Autism spectrum disorders,15603,Autism spectrum disorder without disorder of intellectual development and with impaired functional language 
1.3.8,689,MH20. Autism spectrum disorders,15604,Autism spectrum disorder with disorder of intellectual development and with impaired functional language 
1.3.8,689,MH20. Autism spectrum disorders,15605,Autism spectrum disorder with disorder of intellectual development and with absence of functional language 
1.3.8,689,MH20. Autism spectrum disorders,15606,Other specified autism spectrum disorder 
1.3.8,689,MH20. Autism spectrum disorders,15607,Autism spectrum disorder unspecified 
1.3.15,774,DS01.Individuals with Difficulty in seeing,3535,Visual impairment including blindness (binocular or monocular)
1.3.15,774,DS01.Individuals with Difficulty in seeing,3537,"Severe visual impairment, binocular"
1.3.15,774,DS01.Individuals with Difficulty in seeing,3538,"Moderate visual impairment, binocular"
1.3.15,774,DS01.Individuals with Difficulty in seeing,3539,"Mild or no visual impairment, binocular"
1.3.15,774,DS01.Individuals with Difficulty in seeing,3541,"Severe visual impairment, monocular"
1.3.15,774,DS01.Individuals with Difficulty in seeing,3542,"Moderate visual impairment, monocular"
1.3.15,774,DS01.Individuals with Difficulty in seeing,3543,Unspecified visual impairment (binocular)
1.3.15,774,DS01.Individuals with Difficulty in seeing,11961,"Family history of other disabilities and chronic diseases leading to disablement, not elsewhere classified"
,,,,
1.3.15,775,DS02.Individuals with Albinism,2270,Albinism
1.3.15,775,DS02.Individuals with Albinism,20343,Albinism or other specified genetically-determined hypomelanotic disorders 
1.3.15,775,DS02.Individuals with Albinism,20344,Oculocutaneous albinism 
1.3.15,775,DS02.Individuals with Albinism,5227,Other disorders of pigmentation
1.3.15,775,DS02.Individuals with Albinism,5236,Other specified disorders of pigmentation
1.3.15,775,DS02.Individuals with Albinism,11509,"Special screening examination for congenital malformations, deformations and chromosomal abnormalities"
1.3.15,775,DS02.Individuals with Albinism,11960,"Family history of congenital malformations, deformations and chromosomal abnormalities"
1.3.15,775,DS02.Individuals with Albinism,12005,"Personal history of congenital malformations, deformations and chromosomal abnormalities"
,,,,
1.3.15,,DS03. individuals with diffuclty in hearing,3657,Conductive and sensorineural hearing loss
1.3.15,,DS03. individuals with diffuclty in hearing,3658,"Conductive hearing loss, bilateral"
1.3.15,,DS03. individuals with diffuclty in hearing,3659,"Conductive hearing loss, unilateral with unrestricted hearing on the contralateral side"
1.3.15,,DS03. individuals with diffuclty in hearing,3660,"Conductive hearing loss, unspecified"
1.3.15,,DS03. individuals with diffuclty in hearing,3661,"Sensorineural hearing loss, bilateral"
1.3.15,,DS03. individuals with diffuclty in hearing,3662,"Sensorineural hearing loss, unilateral with unrestricted hearing on the contralateral side"
1.3.15,,DS03. individuals with diffuclty in hearing,3663,"Sensorineural hearing loss, unspecified"
1.3.15,,DS03. individuals with diffuclty in hearing,3664,"Mixed conductive and sensorineural hearing loss, bilateral"
1.3.15,,DS03. individuals with diffuclty in hearing,3665,"Mixed conductive and sensorineural hearing loss, unilateral with unrestricted hearing on the contralateral side"
1.3.15,,DS03. individuals with diffuclty in hearing,3666,"Mixed conductive and sensorineural hearing loss, unspecified"
1.3.15,,DS03. individuals with diffuclty in hearing,3667,Other hearing loss
1.3.15,,DS03. individuals with diffuclty in hearing,3668,Ototoxic hearing loss
1.3.15,,DS03. individuals with diffuclty in hearing,3670,Sudden idiopathic hearing loss
1.3.15,,DS03. individuals with diffuclty in hearing,3672,Other specified hearing loss
1.3.15,,DS03. individuals with diffuclty in hearing,3673,"Hearing loss, unspecified"
1.3.15,,DS03. individuals with diffuclty in hearing,11955,Family history of deafness and hearing loss
1.3.15,,DS03. individuals with diffuclty in hearing,18138,Sudden idiopathic hearing loss 
1.3.15,,DS03. individuals with diffuclty in hearing,18184,Congenital conductive hearing loss 
1.3.15,,DS03. individuals with diffuclty in hearing,18185,Congenital sensorineural hearing loss 
1.3.15,,DS03. individuals with diffuclty in hearing,18186,Congenital mixed conductive and sensorineural hearing loss 
1.3.15,,DS03. individuals with diffuclty in hearing,18190,Acquired conductive hearing loss 
1.3.15,,DS03. individuals with diffuclty in hearing,18191,Acquired sensorineural hearing loss 
1.3.15,,DS03. individuals with diffuclty in hearing,18192,Acquired mixed conductive and sensorineural hearing loss 
1.3.15,,DS03. individuals with diffuclty in hearing,18196,Ototoxic hearing loss 
1.3.15,,DS03. individuals with diffuclty in hearing,18198,Hereditary hearing loss 
1.3.15,,DS03. individuals with diffuclty in hearing,18195,Deafness not otherwise specified 
1.3.15,,DS03. individuals with diffuclty in hearing,24055,Syndromic genetic deafness 
1.3.15,,DS03. individuals with diffuclty in hearing,24058,Progressive deafness with stapes fixation 
1.3.15,,DS03. individuals with diffuclty in hearing,24061,Other specified syndromic genetic deafness 
1.3.15,,DS03. individuals with diffuclty in hearing,24062,Syndromic genetic deafness unspecified 
1.3.15,,DS03. individuals with diffuclty in hearing,29467,Sudden deafness disorder (TM1) 
1.3.15,,DS03. individuals with diffuclty in hearing,29468,Gradual deafness disorder (TM1) 
1.3.15,,DS03. individuals with diffuclty in hearing,29469,Other specified deafness disorders (TM1) 
1.3.15,,DS03. individuals with diffuclty in hearing,29470,Deafness disorders (TM1) unspecified 
,,,,
1.3.15,,DS04. Idividuals with speech difficulties,15590,Developmental speech or language disorders 
1.3.15,,DS04. Idividuals with speech difficulties,15598,Other specified developmental speech or language disorders 
1.3.15,,DS04. Idividuals with speech difficulties,15599,Developmental speech or language disorders unspecified 
1.3.15,,DS04. Idividuals with speech difficulties,15626,Other specified neurodevelopmental disorders 
1.3.15,,DS04. Idividuals with speech difficulties,15627,Neurodevelopmental disorders unspecified 
1.3.15,,DS04. Idividuals with speech difficulties,16423,Other specified secondary neurodevelopmental syndrome 
1.3.15,,DS04. Idividuals with speech difficulties,16424,Secondary neurodevelopmental syndrome unspecified 
1.3.15,,DS04. Idividuals with speech difficulties,16444,Other specified mental behavioural or neurodevelopmental disorders 
1.3.15,,DS04. Idividuals with speech difficulties,16445,Mental behavioural or neurodevelopmental disorders unspecified 
1.3.15,,DS04. Idividuals with speech difficulties,16421,Secondary neurodevelopmental syndrome 
1.3.15,,DS04. Idividuals with speech difficulties,15591,Developmental speech sound disorder 
1.3.15,,DS04. Idividuals with speech difficulties,15592,Developmental speech fluency disorder 
,,,,
1.3.15,,DS05. Individuals with delayed age specif motor development,15615,Developmental motor coordination disorder 
1.3.15,,DS05. Individuals with delayed age specif motor development,7319,Congenital hypotonia
1.3.15,,DS05. Individuals with delayed age specif motor development,21684,Hypotonia-cystinuria type 1 
1.3.15,,DS05. Individuals with delayed age specif motor development,22750,Congenital hypotonia 
1.3.15,,DS05. Individuals with delayed age specif motor development,22815,Hypotonia of hypopharynx in neonate 
1.3.15,,DS05. Individuals with delayed age specif motor development,2377,Other metabolic disorders
1.3.15,,DS05. Individuals with delayed age specif motor development,2382,Other specified metabolic disorders
1.3.15,,DS05. Individuals with delayed age specif motor development,2384,"Postprocedural endocrine and metabolic disorders, not elsewhere classified"
1.3.15,,DS05. Individuals with delayed age specif motor development,2392,Other postprocedural endocrine and metabolic disorders
1.3.15,,DS05. Individuals with delayed age specif motor development,2394,Nutritional and metabolic disorders in diseases classified elsewhere
1.3.15,,DS05. Individuals with delayed age specif motor development,5407,Crystal arthropathy in other metabolic disorders
1.3.15,,DS05. Individuals with delayed age specif motor development,5411,"Arthropathies in other endocrine, nutritional and metabolic disorders"
1.3.15,,DS05. Individuals with delayed age specif motor development,6520,Metabolic disorders following abortion and ectopic and molar pregnancy
1.3.15,,DS05. Individuals with delayed age specif motor development,15568,Other specified metabolic disorders 
1.3.15,,DS05. Individuals with delayed age specif motor development,15569,Metabolic disorders unspecified 
1.3.15,,DS05. Individuals with delayed age specif motor development,16606,Tremor due to metabolic disorders 
1.3.15,,DS05. Individuals with delayed age specif motor development,17016,Radiculopathy due to metabolic disorders 
1.3.15,,DS05. Individuals with delayed age specif motor development,21963,Metabolic disorders following abortion ectopic or molar pregnancy 
1.3.15,,DS05. Individuals with delayed age specif motor development,22890,Transitory endocrine or metabolic disorders specific to fetus or newborn unspecified 
1.3.15,,DS05. Individuals with delayed age specif motor development,3146,Muscular dystrophy
1.3.15,,DS05. Individuals with delayed age specif motor development,16970,Juvenile form spinal muscular dystrophy Type III 
1.3.15,,DS05. Individuals with delayed age specif motor development,17102,Muscular dystrophy 
1.3.15,,DS05. Individuals with delayed age specif motor development,17103,Becker muscular dystrophy 
1.3.15,,DS05. Individuals with delayed age specif motor development,17104,Duchenne muscular dystrophy 
1.3.15,,DS05. Individuals with delayed age specif motor development,17105,Emery-Dreifuss muscular dystrophy 
1.3.15,,DS05. Individuals with delayed age specif motor development,17106,Facioscapulohumeral muscular dystrophy 
1.3.15,,DS05. Individuals with delayed age specif motor development,17107,Limb-girdle muscular dystrophy 
1.3.15,,DS05. Individuals with delayed age specif motor development,17108,Dominant limb-girdle muscular dystrophy 
1.3.15,,DS05. Individuals with delayed age specif motor development,17109,Recessive limb-girdle muscular dystrophy 
1.3.15,,DS05. Individuals with delayed age specif motor development,17110,Other specified limb-girdle muscular dystrophy 
1.3.15,,DS05. Individuals with delayed age specif motor development,17111,Limb-girdle muscular dystrophy unspecified 
1.3.15,,DS05. Individuals with delayed age specif motor development,17112,Scapuloperoneal muscular dystrophy 
1.3.15,,DS05. Individuals with delayed age specif motor development,17113,Congenital muscular dystrophy 
1.3.15,,DS05. Individuals with delayed age specif motor development,17114,Other specified muscular dystrophy 
1.3.15,,DS05. Individuals with delayed age specif motor development,17115,Muscular dystrophy unspecified 
1.3.15,,DS05. Individuals with delayed age specif motor development,17915,Muscular dystrophy affecting extraocular muscle 
1.3.15,,DS05. Individuals with delayed age specif motor development,44208,Duchenne muscular dystrophy therapy 
,,,,
1.3.15,,DS06. individuals with Dwarfism,15076,Growth hormone deficiency 
1.3.15,,DS06. individuals with Dwarfism,7867,Achondroplasia
1.3.15,,DS06. individuals with Dwarfism,23889,Achondroplasia 
1.3.15,,DS06. individuals with Dwarfism,23915,Multiple epiphyseal dysplasia or pseudoachondroplasia 
1.3.15,,DS06. individuals with Dwarfism,23916,Pseudoachondroplasia 
1.3.15,,DS06. individuals with Dwarfism,23918,Other specified multiple epiphyseal dysplasia or pseudoachondroplasia 
1.3.15,,DS06. individuals with Dwarfism,23919,Multiple epiphyseal dysplasia or pseudoachondroplasia unspecified 
1.3.15,,DS06. individuals with Dwarfism,23890,Hypochondroplasia 
1.3.15,,DS06. individuals with Dwarfism,7870,Spondyloepiphyseal dysplasia
1.3.15,,DS06. individuals with Dwarfism,23892,Diastrophic dysplasia 
1.3.15,,DS06. individuals with Dwarfism,23948,Osteogenesis imperfecta 
1.3.15,,DS06. individuals with Dwarfism,15051,Pseudohypoparathyroidism 
,,,,
1.3.15,,DS07. Individuals with Difficulty understanding,15593,Developmental language disorder 
1.3.15,,DS07. Individuals with Difficulty understanding,15594,Developmental language disorder with impairment of receptive and expressive language 
1.3.15,,DS07. Individuals with Difficulty understanding,15595,Developmental language disorder with impairment of mainly expressive language 
1.3.15,,DS07. Individuals with Difficulty understanding,15596,Developmental language disorder with impairment of mainly pragmatic language 
1.3.15,,DS07. Individuals with Difficulty understanding,15597,Developmental language disorder with other specified language impairment 
1.3.15,,DS07. Individuals with Difficulty understanding,15600,Autism spectrum disorder 
1.3.15,,DS07. Individuals with Difficulty understanding,15601,Autism spectrum disorder without disorder of intellectual development and with mild or no impairment of functional language 
1.3.15,,DS07. Individuals with Difficulty understanding,15602,Autism spectrum disorder with disorder of intellectual development and with mild or no impairment of functional language 
1.3.15,,DS07. Individuals with Difficulty understanding,15603,Autism spectrum disorder without disorder of intellectual development and with impaired functional language 
1.3.15,,DS07. Individuals with Difficulty understanding,15604,Autism spectrum disorder with disorder of intellectual development and with impaired functional language 
1.3.15,,DS07. Individuals with Difficulty understanding,15605,Autism spectrum disorder with disorder of intellectual development and with absence of functional language 
1.3.15,,DS07. Individuals with Difficulty understanding,15606,Other specified autism spectrum disorder 
1.3.15,,DS07. Individuals with Difficulty understanding,15607,Autism spectrum disorder unspecified 
1.3.15,,DS07. Individuals with Difficulty understanding,17181,Intellectual developmental disorder due to nutritional deficiency 
1.3.15,,DS07. Individuals with Difficulty understanding,2793,Acquired aphasia with epilepsy [Landau-Kleffner]
1.3.15,,DS07. Individuals with Difficulty understanding,8208,Dysphasia and aphasia
1.3.15,,DS07. Individuals with Difficulty understanding,16776,Acquired epileptic aphasia 
1.3.15,,DS07. Individuals with Difficulty understanding,24418,Aphasia 
,,,,
1.3.15,,DS08. Individuals with difficulty in remembering,16379,Frontotemporal dementia 
1.3.15,,DS08. Individuals with difficulty in remembering,2400,Vascular dementia
1.3.15,,DS08. Individuals with difficulty in remembering,2401,Vascular dementia of acute onset
1.3.15,,DS08. Individuals with difficulty in remembering,2403,Subcortical vascular dementia
1.3.15,,DS08. Individuals with difficulty in remembering,2404,Mixed cortical and subcortical vascular dementia
1.3.15,,DS08. Individuals with difficulty in remembering,2405,Other vascular dementia
1.3.15,,DS08. Individuals with difficulty in remembering,2406,"Vascular dementia, unspecified"
1.3.15,,DS08. Individuals with difficulty in remembering,2648,Dissociative amnesia
1.3.15,,DS08. Individuals with difficulty in remembering,15830,Dissociative amnesia 
1.3.15,,DS08. Individuals with difficulty in remembering,15831,Dissociative amnesia with dissociative fugue 
1.3.15,,DS08. Individuals with difficulty in remembering,15832,Dissociative amnesia without dissociative fugue 
1.3.15,,DS08. Individuals with difficulty in remembering,15833,Dissociative amnesia unspecified 
,,,,
1.3.15,,DS09. Individuals with Difficulty in reading,8211,"Dyslexia and other symbolic dysfunctions, not elsewhere classified"
1.3.15,,DS09. Individuals with Difficulty in reading,8212,Dyslexia and alexia
1.3.15,,DS09. Individuals with Difficulty in reading,24705,Dyslexia and alexia 
1.3.15,,DS09. Individuals with Difficulty in reading,17181,Intellectual developmental disorder due to nutritional deficiency 
,,,,
1.3.15,,DS10. Individuals with Difficulty in writing,15600,Autism spectrum disorder 
1.3.15,,DS10. Individuals with Difficulty in writing,15601,Autism spectrum disorder without disorder of intellectual development and with mild or no impairment of functional language 
1.3.15,,DS10. Individuals with Difficulty in writing,15602,Autism spectrum disorder with disorder of intellectual development and with mild or no impairment of functional language 
1.3.15,,DS10. Individuals with Difficulty in writing,15603,Autism spectrum disorder without disorder of intellectual development and with impaired functional language 
1.3.15,,DS10. Individuals with Difficulty in writing,15604,Autism spectrum disorder with disorder of intellectual development and with impaired functional language 
1.3.15,,DS10. Individuals with Difficulty in writing,15605,Autism spectrum disorder with disorder of intellectual development and with absence of functional language 
1.3.15,,DS10. Individuals with Difficulty in writing,15606,Other specified autism spectrum disorder 
1.3.15,,DS10. Individuals with Difficulty in writing,15607,Autism spectrum disorder unspecified 
1.3.15,,DS10. Individuals with Difficulty in writing,24708,Agraphia 
1.3.15,,DS10. Individuals with Difficulty in writing,8209,Dysarthria and anarthria
1.3.15,,DS10. Individuals with Difficulty in writing,24420,Dysarthria 
1.3.15,,DS10. Individuals with Difficulty in writing,24422,Other specified dysarthria 
1.3.15,,DS10. Individuals with Difficulty in writing,24423,Dysarthria unspecified 
1.3.15,,DS10. Individuals with Difficulty in writing,3169,Cerebral palsy
1.3.15,,DS10. Individuals with Difficulty in writing,3170,Spastic quadriplegic cerebral palsy
1.3.15,,DS10. Individuals with Difficulty in writing,3171,Spastic diplegic cerebral palsy
1.3.15,,DS10. Individuals with Difficulty in writing,3172,Spastic hemiplegic cerebral palsy
1.3.15,,DS10. Individuals with Difficulty in writing,3173,Dyskinetic cerebral palsy
1.3.15,,DS10. Individuals with Difficulty in writing,3174,Ataxic cerebral palsy
1.3.15,,DS10. Individuals with Difficulty in writing,3175,Other cerebral palsy
1.3.15,,DS10. Individuals with Difficulty in writing,3176,"Cerebral palsy, unspecified"
1.3.15,,DS10. Individuals with Difficulty in writing,17164,Spastic cerebral palsy 
1.3.15,,DS10. Individuals with Difficulty in writing,17165,Spastic unilateral cerebral palsy 
1.3.15,,DS10. Individuals with Difficulty in writing,17166,Spastic bilateral cerebral palsy 
1.3.15,,DS10. Individuals with Difficulty in writing,17167,Spastic quadriplegic cerebral palsy 
1.3.15,,DS10. Individuals with Difficulty in writing,17168,Spastic diplegic cerebral palsy 
1.3.15,,DS10. Individuals with Difficulty in writing,17169,Spastic bilateral cerebral palsy unspecified 
1.3.15,,DS10. Individuals with Difficulty in writing,17170,Other specified spastic cerebral palsy 
1.3.15,,DS10. Individuals with Difficulty in writing,17171,Spastic cerebral palsy unspecified 
1.3.15,,DS10. Individuals with Difficulty in writing,17172,Dyskinetic cerebral palsy 
1.3.15,,DS10. Individuals with Difficulty in writing,17173,Ataxic cerebral palsy 
1.3.15,,DS10. Individuals with Difficulty in writing,17175,Other specified cerebral palsy 
1.3.15,,DS10. Individuals with Difficulty in writing,17176,Cerebral palsy unspecified 
,,,,
1.3.15,,DS11. Individuals with Difficulty in self-care,2955,Alzheimer disease
1.3.15,,,25753,Unspecified diffuse traumatic brain injury 
1.3.15,,,25771,Unspecified focal traumatic brain injury 
1.3.15,,,2969,Multiple sclerosis
1.3.15,,,20904,Rheumatoid Arthritis
,,,,
1.3.15,,DS12.  Individuals with Mentally impairment,15627,Neurodevelopmental disorders unspecified 
,,,,
1.3.15,,DS13. Individuals with Emotionally impairment,2610,Other recurrent depressive disorders
1.3.15,,,15755,Other specified depressive disorders 
1.3.15,,,15756,Depressive disorders unspecified 
1.3.15,,,2614,Dysthymia
,,,,
1.3.1,51,EP01. Malaria,,
1.3.1,51,EP01. Malaria,710,Plasmodium falciparum malaria
1.3.1,51,EP01. Malaria,713,"Plasmodium falciparum malaria, unspecified"
1.3.1,51,EP01. Malaria,714,Plasmodium vivax malaria
1.3.1,51,EP01. Malaria,718,Plasmodium malariae malaria
1.3.1,51,EP01. Malaria,722,Other parasitologically confirmed malaria
1.3.1,51,EP01. Malaria,726,Unspecified malaria
1.3.1,51,EP01. Malaria,716,Plasmodium vivax malaria with other complications
1.3.1,51,EP01. Malaria,717,Plasmodium vivax malaria without complication
1.3.1,51,EP01. Malaria,719,Plasmodium malariae malaria with nephropathy
1.3.1,51,EP01. Malaria,720,Plasmodium malariae malaria with other complications
1.3.1,51,EP01. Malaria,721,Plasmodium malariae malaria without complication
1.3.1,51,EP01. Malaria,723,Plasmodium ovale malaria
1.3.1,51,EP01. Malaria,724,Malaria due to simian plasmodia
1.3.1,51,EP01. Malaria,7144,Congenital falciparum malaria
1.3.1,51,EP01. Malaria,7145,Other congenital malaria
1.3.1,51,EP01. Malaria,9435,Antimalarials and drugs acting on other blood protozoa
1.3.1,51,EP01. Malaria,11033,Antimalarials and drugs acting on other blood protozoa
1.3.1,51,EP01. Malaria,711,Plasmodium falciparum malaria with cerebral complications
1.3.1,51,EP01. Malaria,712,Other severe and complicated Plasmodium falciparum malaria
1.3.1,51,EP01. Malaria,715,Plasmodium vivax malaria with rupture of spleen
1.3.1,51,EP01. Malaria,725,"Other parasitologically confirmed malaria, not elsewhere classified"
1.3.1,51,EP01. Malaria,12626,Human immunodeficiency virus disease associated with malaria 
1.3.1,51,EP01. Malaria,12627,HIV disease clinical stage 1 associated with malaria 
1.3.1,51,EP01. Malaria,12628,HIV disease clinical stage 2 associated with malaria 
1.3.1,51,EP01. Malaria,12629,HIV disease clinical stage 3 associated with malaria 
1.3.1,51,EP01. Malaria,12630,HIV disease clinical stage 4 associated with malaria 
1.3.1,51,EP01. Malaria,12631,Kaposi sarcoma associated with human immunodeficiency virus disease associated with malaria 
1.3.1,51,EP01. Malaria,12632,Other specified HIV disease clinical stage 4 associated with malaria 
1.3.1,51,EP01. Malaria,12633,HIV disease clinical stage 4 associated with malaria unspecified 
1.3.1,51,EP01. Malaria,12634,Human immunodeficiency virus disease associated with malaria clinical stage unspecified 
1.3.1,51,EP01. Malaria,12635,Human immunodeficiency virus disease without mention of tuberculosis or malaria 
1.3.1,51,EP01. Malaria,12636,HIV disease clinical stage 1 without mention of tuberculosis or malaria 
1.3.1,51,EP01. Malaria,12637,HIV disease clinical stage 2 without mention of tuberculosis or malaria 
1.3.1,51,EP01. Malaria,12638,HIV disease clinical stage 3 without mention of tuberculosis or malaria 
1.3.1,51,EP01. Malaria,12639,HIV disease clinical stage 4 without mention of tuberculosis or malaria 
1.3.1,51,EP01. Malaria,13017,Malaria due to Plasmodium falciparum 
1.3.1,51,EP01. Malaria,13018,Plasmodium falciparum malaria with cerebral complications 
1.3.1,51,EP01. Malaria,13019,Other severe and complicated Plasmodium falciparum malaria 
1.3.1,51,EP01. Malaria,13020,Malaria due to Plasmodium falciparum unspecified 
1.3.1,51,EP01. Malaria,13021,Malaria due to Plasmodium vivax 
1.3.1,51,EP01. Malaria,13022,Plasmodium vivax malaria with rupture of spleen 
1.3.1,51,EP01. Malaria,13023,Malaria due to Plasmodium vivax with other complications 
1.3.1,51,EP01. Malaria,13024,Plasmodium vivax malaria without complication 
1.3.1,51,EP01. Malaria,13025,Malaria due to Plasmodium malariae 
1.3.1,51,EP01. Malaria,13026,Plasmodium malariae malaria with nephropathy 
1.3.1,51,EP01. Malaria,13027,Malaria due to Plasmodium malariae with other complications 
1.3.1,51,EP01. Malaria,13028,Plasmodium malariae malaria without complication 
1.3.1,51,EP01. Malaria,13029,Malaria due to Plasmodium ovale 
1.3.1,51,EP01. Malaria,13030,Other parasitologically confirmed malaria 
1.3.1,51,EP01. Malaria,13031,Malaria without parasitological confirmation 
1.3.1,51,EP01. Malaria,13032,Malaria unspecified 
1.3.1,51,EP01. Malaria,22385,Malaria complicating pregnancy childbirth or the puerperium 
1.3.1,51,EP01. Malaria,22641,Congenital falciparum malaria 
1.3.1,51,EP01. Malaria,38638,Antimalarial 
1.3.1,51,EP01. Malaria,40028,Anti-infective antimalarial 
1.3.1,51,EP01. Malaria,41970,Antimalarial pyrimidine derivative 
1.3.1,51,EP01. Malaria,42127,Antimalarial prophylactic 
1.3.1,51,EP01. Malaria,45825,Plasmodium malariae 
,,,,
1.3.1,152,EP02. Acute Flaccid Paralysis,3182,Flaccid paraplegia
1.3.1,152,EP02. Acute Flaccid Paralysis,3185,Flaccid tetraplegia
1.3.1,152,EP02. Acute Flaccid Paralysis,6130,"Flaccid neuropathic bladder, not elsewhere classified"
1.3.1,152,EP02. Acute Flaccid Paralysis,24716,Flaccid tetraplegia 
1.3.1,152,EP02. Acute Flaccid Paralysis,24720,Flaccid diplegia of upper extremities 
1.3.1,152,EP02. Acute Flaccid Paralysis,24726,Flaccid hemiplegia 
1.3.1,152,EP02. Acute Flaccid Paralysis,24730,Flaccid monoplegia of upper extremity 
1.3.1,152,EP02. Acute Flaccid Paralysis,24734,Flaccid monoplegia of lower extremity 
,,,,
1.3.1,153,EP03. Animal Bites (suspected rabies),394,"Rabies, unspecified"
1.3.1,153,EP03. Animal Bites (suspected rabies),391,Rabies
1.3.1,153,EP03. Animal Bites (suspected rabies),392,Sylvatic rabies
1.3.1,153,EP03. Animal Bites (suspected rabies),393,Urban rabies
1.3.1,153,EP03. Animal Bites (suspected rabies),11516,Contact with and exposure to rabies
1.3.1,153,EP03. Animal Bites (suspected rabies),11547,Need for immunization against rabies
1.3.1,153,EP03. Animal Bites (suspected rabies),12643,Rabies 
1.3.1,153,EP03. Animal Bites (suspected rabies),28978,Need for immunization against rabies 
1.3.1,153,EP03. Animal Bites (suspected rabies),29106,Contact with or exposure to rabies 
1.3.1,153,EP03. Animal Bites (suspected rabies),41417,Antirabies hyperimmune serum 
1.3.1,153,EP03. Animal Bites (suspected rabies),41997,Rabies immunoglobulin 
1.3.1,153,EP03. Animal Bites (suspected rabies),42768,Rabies vaccines 
1.3.1,153,EP03. Animal Bites (suspected rabies),43170,Rabies inactivated whole virus 
1.3.1,153,EP03. Animal Bites (suspected rabies),45801,Rabies virus 
,,,,
1.3.1,154,EP04. Cholera,2,"Cholera due to Vibrio cholerae 01, biovar cholerae"
1.3.1,154,EP04. Cholera,3,"Cholera due to Vibrio cholerae 01, biovar eltor"
1.3.1,154,EP04. Cholera,4,"Cholera, unspecified"
1.3.1,154,EP04. Cholera,11200,Cholera vaccine
1.3.1,154,EP04. Cholera,11535,Need for immunization against cholera alone
1.3.1,154,EP04. Cholera,11561,Need for immunization against cholera with typhoid-paratyphoid [cholera + TAB]
1.3.1,154,EP04. Cholera,1,Cholera
1.3.1,154,EP04. Cholera,28965,Need for immunization against cholera alone 
1.3.1,154,EP04. Cholera,28993,Need for immunization against cholera with typhoid-paratyphoid 
1.3.1,154,EP04. Cholera,29101,Exposure to cholera 
1.3.1,154,EP04. Cholera,38789,Cholera combinations with typhoid vaccine inactivated whole cell 
1.3.1,154,EP04. Cholera,39370,Cholera vaccines 
1.3.1,154,EP04. Cholera,40641,Cholera inactivated whole cell 
1.3.1,154,EP04. Cholera,42970,Cholera live attenuated 
1.3.1,154,EP04. Cholera,45712,Vibrio cholera O1 biovar eltor 
1.3.1,154,EP04. Cholera,45829,Vibrio cholera 
1.3.1,154,EP04. Cholera,45924,Vibrio cholera O1 biovar cholerae 
,,,,
1.3.1,155,EP05. Dysentery,44,Acute amoebic dysentery
1.3.1,155,EP05. Dysentery,29345,Dysentery disorder (TM1) 
1.3.1,,,,
1.3.1,156,EP06. Guinea Worm,13080,Dracunculiasis
,,,,
1.3.1,157,EP01b. Malaria Total,712,Other severe and complicated Plasmodium falciparum malaria
1.3.1,157,EP01b. Malaria Total,726,Unspecified malaria
1.3.1,157,EP01b. Malaria Total,725,"Other parasitologically confirmed malaria, not elsewhere classified"
1.3.1,157,EP01b. Malaria Total,713,"Plasmodium falciparum malaria, unspecified"
1.3.1,157,EP01b. Malaria Total,711,Plasmodium falciparum malaria with cerebral complications
1.3.1,157,EP01b. Malaria Total,724,Malaria due to simian plasmodia
1.3.1,157,EP01b. Malaria Total,723,Plasmodium ovale malaria
1.3.1,157,EP01b. Malaria Total,722,Other parasitologically confirmed malaria
1.3.1,157,EP01b. Malaria Total,710,Plasmodium falciparum malaria
1.3.1,157,EP01b. Malaria Total,721,Plasmodium malariae malaria without complication
1.3.1,157,EP01b. Malaria Total,720,Plasmodium malariae malaria with other complications
1.3.1,157,EP01b. Malaria Total,719,Plasmodium malariae malaria with nephropathy
1.3.1,157,EP01b. Malaria Total,718,Plasmodium malariae malaria
1.3.1,157,EP01b. Malaria Total,717,Plasmodium vivax malaria without complication
1.3.1,157,EP01b. Malaria Total,716,Plasmodium vivax malaria with other complications
1.3.1,157,EP01b. Malaria Total,715,Plasmodium vivax malaria with rupture of spleen
1.3.1,157,EP01b. Malaria Total,714,Plasmodium vivax malaria
1.3.1,158,EP01c. Malaria Confirmed (Microscopic & RDT),725,"Other parasitologically confirmed malaria, not elsewhere classified"
1.3.1,158,EP01c. Malaria Confirmed (Microscopic & RDT),722,Other parasitologically confirmed malaria
,,,,
1.3.1,159,EP07. Measles,496,Rubella [German measles]
1.3.1,159,EP07. Measles,495,Measles without complication
1.3.1,159,EP07. Measles,489,Measles complicated by encephalitis
1.3.1,159,EP07. Measles,490,Measles complicated by meningitis
1.3.1,159,EP07. Measles,491,Measles complicated by pneumonia
1.3.1,159,EP07. Measles,493,Measles with intestinal complications
1.3.1,159,EP07. Measles,494,Measles with other complications
1.3.1,159,EP07. Measles,11549,Need for immunization against measles alone
1.3.1,159,EP07. Measles,11565,Need for immunization against measles-mumps-rubella [MMR]
1.3.1,159,EP07. Measles,488,Measles
1.3.1,159,EP07. Measles,492,Measles complicated by otitis media
1.3.1,159,EP07. Measles,12898,Measles 
1.3.1,159,EP07. Measles,12899,Measles without complication 
1.3.1,159,EP07. Measles,12900,Measles complicated by encephalitis 
1.3.1,159,EP07. Measles,12901,Measles complicated by meningitis 
1.3.1,159,EP07. Measles,12902,Measles with other complications 
1.3.1,159,EP07. Measles,28980,Need for immunization against measles alone 
1.3.1,159,EP07. Measles,28997,Need for immunization against measles-mumps-rubella 
1.3.1,159,EP07. Measles,38815,Measles immunoglobulin 
1.3.1,159,EP07. Measles,39202,Measles combinations with rubella live attenuated 
1.3.1,159,EP07. Measles,39353,Measles vaccines 
1.3.1,159,EP07. Measles,40895,Measles combinations with mumps rubella and varicella live attenuated 
1.3.1,159,EP07. Measles,44148,Measles live attenuated 
1.3.1,159,EP07. Measles,44305,Measles combinations with mumps and rubella live attenuated 
1.3.1,159,EP07. Measles,44573,Measles combinations with mumps live attenuated 
1.3.1,159,EP07. Measles,45337,Measles virus 
,,,,
1.3.1,160,EP08. Bacterial Meningitis,2862,"Bacterial meningitis, not elsewhere classified"
1.3.1,160,EP08. Bacterial Meningitis,2867,Other bacterial meningitis
1.3.1,160,EP08. Bacterial Meningitis,2868,"Bacterial meningitis, unspecified"
1.3.1,160,EP08. Bacterial Meningitis,12670,Bacterial meningitis 
1.3.1,160,EP08. Bacterial Meningitis,12672,Other specified bacterial meningitis 
1.3.1,160,EP08. Bacterial Meningitis,12673,Bacterial meningitis unspecified 
,,,,
1.3.1,161,EP09. Neonatal tetanus,12514,Tetanus neonatorum 
,,,,
1.3.1,162,EP10. Plague,12476,Plague 
1.3.1,162,EP10. Plague,12477,Bubonic plague 
1.3.1,162,EP10. Plague,12478,Cellulocutaneous plague 
1.3.1,162,EP10. Plague,12479,Pneumonic plague 
1.3.1,162,EP10. Plague,118,Septicaemic plague
1.3.1,162,EP10. Plague,12480,Plague meningitis 
1.3.1,162,EP10. Plague,12481,Other specified plague 
1.3.1,162,EP10. Plague,12482,Plague unspecified 
1.3.1,162,EP10. Plague,28968,Need for immunization against plague 
1.3.1,162,EP10. Plague,40017,Plague inactivated whole cell 
1.3.1,162,EP10. Plague,44466,Plague vaccines 
,,,,
1.3.1,163,EP11. Yellow Fever,443,Yellow fever
1.3.1,163,EP11. Yellow Fever,444,Sylvatic yellow fever
1.3.1,163,EP11. Yellow Fever,445,Urban yellow fever
1.3.1,163,EP11. Yellow Fever,446,"Yellow fever, unspecified"
1.3.1,163,EP11. Yellow Fever,11548,Need for immunization against yellow fever
1.3.1,163,EP11. Yellow Fever,12734,Yellow fever 
1.3.1,163,EP11. Yellow Fever,28979,Need for immunization against yellow fever 
1.3.1,163,EP11. Yellow Fever,38177,Yellow fever vaccine 
1.3.1,163,EP11. Yellow Fever,39961,Yellow fever live attenuated 
1.3.1,163,EP11. Yellow Fever,46015,Yellow fever virus 
,,,,
1.3.1,164,EP12. Other Viral Hemorrhagic Fevers,447,Arenaviral haemorrhagic fever
1.3.1,164,EP12. Other Viral Hemorrhagic Fevers,442,Unspecified arthropod-borne viral fever
1.3.1,164,EP12. Other Viral Hemorrhagic Fevers,434,Rift Valley fever
1.3.1,164,EP12. Other Viral Hemorrhagic Fevers,449,Machupo haemorrhagic fever
1.3.1,164,EP12. Other Viral Hemorrhagic Fevers,450,Lassa fever
1.3.1,164,EP12. Other Viral Hemorrhagic Fevers,451,Other arenaviral haemorrhagic fevers
1.3.1,164,EP12. Other Viral Hemorrhagic Fevers,453,"Other viral haemorrhagic fevers, not elsewhere classified"
1.3.1,164,EP12. Other Viral Hemorrhagic Fevers,452,"Arenaviral haemorrhagic fever, unspecified"
1.3.1,164,EP12. Other Viral Hemorrhagic Fevers,438,Oropouche virus disease
1.3.1,164,EP12. Other Viral Hemorrhagic Fevers,439,Sandfly fever
1.3.1,164,EP12. Other Viral Hemorrhagic Fevers,437,"Other arthropod-borne viral fevers, not elsewhere classified"
1.3.1,164,EP12. Other Viral Hemorrhagic Fevers,440,Colorado tick fever
1.3.1,164,EP12. Other Viral Hemorrhagic Fevers,441,Other specified arthropod-borne viral fevers
1.3.1,164,EP12. Other Viral Hemorrhagic Fevers,436,"Mosquito-borne viral fever, unspecified"
1.3.1,164,EP12. Other Viral Hemorrhagic Fevers,435,Other specified mosquito-borne viral fevers
1.3.1,164,EP12. Other Viral Hemorrhagic Fevers,448,Junin haemorrhagic fever
1.3.1,164,EP12. Other Viral Hemorrhagic Fevers,433,West Nile virus infection
1.3.1,164,EP12. Other Viral Hemorrhagic Fevers,432,Venezuelan equine fever
1.3.1,164,EP12. Other Viral Hemorrhagic Fevers,460,Other specified viral haemorrhagic fevers
1.3.1,164,EP12. Other Viral Hemorrhagic Fevers,459,Haemorrhagic fever with renal syndrome
1.3.1,164,EP12. Other Viral Hemorrhagic Fevers,431,O'nyong-nyong fever
1.3.1,164,EP12. Other Viral Hemorrhagic Fevers,430,Chikungunya virus disease
1.3.1,164,EP12. Other Viral Hemorrhagic Fevers,458,Ebola virus disease
1.3.1,164,EP12. Other Viral Hemorrhagic Fevers,458,Ebola virus disease
1.3.1,164,EP12. Other Viral Hemorrhagic Fevers,429,Other mosquito-borne viral fevers
1.3.1,164,EP12. Other Viral Hemorrhagic Fevers,428,Dengue haemorrhagic fever
1.3.1,164,EP12. Other Viral Hemorrhagic Fevers,457,Marburg virus disease
1.3.1,164,EP12. Other Viral Hemorrhagic Fevers,456,Kyasanur Forest disease
1.3.1,164,EP12. Other Viral Hemorrhagic Fevers,427,Dengue fever [classical dengue]
1.3.1,164,EP12. Other Viral Hemorrhagic Fevers,455,Omsk haemorrhagic fever
1.3.1,164,EP12. Other Viral Hemorrhagic Fevers,454,Crimean-Congo haemorrhagic fever
,,,,
1.3.1,165,EP13. Severe Acute Respiratory Infection(SARI),4354,"Other acute and subacute respiratory conditions due to chemicals, gases, fumes and vapours"
1.3.1,165,EP13. Severe Acute Respiratory Infection(SARI),4174,Acute upper respiratory infections of multiple and unspecified sites
1.3.1,165,EP13. Severe Acute Respiratory Infection(SARI),4177,"Acute upper respiratory infection, unspecified"
1.3.1,165,EP13. Severe Acute Respiratory Infection(SARI),4176,Other acute upper respiratory infections of multiple sites
,,,,
1.3.1,166,EP14. Adverse Events Following Immunization(AEFI),9825,"Other complications following immunization, not elsewhere classified"
1.3.1,166,EP14. Adverse Events Following Immunization(AEFI),9824,Infection following immunization
,,,,
1.3.1,167,EP15. Typhoid Fever,5,Typhoid and paratyphoid fevers
1.3.1,167,EP15. Typhoid Fever,6,Typhoid fever
1.3.1,167,EP15. Typhoid Fever,7,Paratyphoid fever A
1.3.1,167,EP15. Typhoid Fever,8,Paratyphoid fever B
1.3.1,167,EP15. Typhoid Fever,9,Paratyphoid fever C
1.3.1,167,EP15. Typhoid Fever,10,"Paratyphoid fever, unspecified"
1.3.1,167,EP15. Typhoid Fever,12227,Typhoid fever 
1.3.1,167,EP15. Typhoid Fever,12229,Other specified typhoid fever 
1.3.1,167,EP15. Typhoid Fever,12230,Typhoid fever unspecified 
1.3.1,167,EP15. Typhoid Fever,12231,Paratyphoid fever 
,,,,
1.3.1,168,EP16. Presumptive MDRTB cases,11440,Observation for suspected tuberculosis
1.3.1,168,EP16. Presumptive MDRTB cases,28501,Observation for suspected tuberculosis ruled out 
,,,,
1.3.1,169,"EP17. Other Emerging infectious Diseases specify e.g. Influenza like illness (ILI), SARS",4174,Acute upper respiratory infections of multiple and unspecified sites
1.3.1,169,"EP17. Other Emerging infectious Diseases specify e.g. Influenza like illness (ILI), SARS",4176,Other acute upper respiratory infections of multiple sites
1.3.1,169,"EP17. Other Emerging infectious Diseases specify e.g. Influenza like illness (ILI), SARS",18836,Acute upper respiratory infections of multiple and unspecified sites 
1.3.1,169,"EP17. Other Emerging infectious Diseases specify e.g. Influenza like illness (ILI), SARS",18838,Acute upper respiratory infections of multiple sites 
1.3.1,169,"EP17. Other Emerging infectious Diseases specify e.g. Influenza like illness (ILI), SARS",18997,Respiratory infections not elsewhere classified 
1.3.1,169,"EP17. Other Emerging infectious Diseases specify e.g. Influenza like illness (ILI), SARS",12119,Severe acute respiratory syndrome [SARS]
1.3.1,169,"EP17. Other Emerging infectious Diseases specify e.g. Influenza like illness (ILI), SARS",12120,"Severe acute respiratory syndrome [SARS], unspecified"
1.3.1,169,"EP17. Other Emerging infectious Diseases specify e.g. Influenza like illness (ILI), SARS",12774,Severe acute respiratory syndrome 
1.3.1,169,"EP17. Other Emerging infectious Diseases specify e.g. Influenza like illness (ILI), SARS",45379,Severe Acute Respiratory Syndrome coronavirus 
,,,,
1.3.1,634,EP01d. Malaria cases treated,719,Plasmodium malariae malaria with nephropathy
1.3.1,634,EP01d. Malaria cases treated,723,Plasmodium ovale malaria
1.3.1,634,EP01d. Malaria cases treated,721,Plasmodium malariae malaria without complication
1.3.1,634,EP01d. Malaria cases treated,720,Plasmodium malariae malaria with other complications
1.3.1,634,EP01d. Malaria cases treated,718,Plasmodium malariae malaria
1.3.1,634,EP01d. Malaria cases treated,717,Plasmodium vivax malaria without complication
1.3.1,634,EP01d. Malaria cases treated,716,Plasmodium vivax malaria with other complications
1.3.1,634,EP01d. Malaria cases treated,715,Plasmodium vivax malaria with rupture of spleen
1.3.1,634,EP01d. Malaria cases treated,714,Plasmodium vivax malaria
1.3.1,634,EP01d. Malaria cases treated,713,"Plasmodium falciparum malaria, unspecified"
1.3.1,634,EP01d. Malaria cases treated,712,Other severe and complicated Plasmodium falciparum malaria
1.3.1,634,EP01d. Malaria cases treated,711,Plasmodium falciparum malaria with cerebral complications
1.3.1,634,EP01d. Malaria cases treated,710,Plasmodium falciparum malaria
1.3.11,242,CA01. Cervical Cancer,1198,Exocervix
1.3.11,242,CA01. Cervical Cancer,1200,"Cervix uteri, unspecified"
1.3.11,242,CA01. Cervical Cancer,1196,Malignant neoplasm of cervix uteri
1.3.11,242,CA01. Cervical Cancer,1197,Endocervix
1.3.11,242,CA01. Cervical Cancer,1199,Overlapping lesion of cervix uteri
1.3.11,243,CA02. Prostate Cancer,1226,Malignant neoplasm of prostate
,,,,
1.3.11,244,CA03. Breast Cancer,11938,Family history of malignant neoplasm of breast
1.3.11,244,CA03. Breast Cancer,11981,Personal history of malignant neoplasm of breast
1.3.11,244,CA03. Breast Cancer,29039,Personal history of malignant neoplasm of breast 
1.3.11,244,CA03. Breast Cancer,29077,Family history of malignant neoplasm of breast 
1.3.11,244,CA03. Breast Cancer,1186,Axillary tail of breast
1.3.11,244,CA03. Breast Cancer,1187,Overlapping lesion of breast
1.3.11,244,CA03. Breast Cancer,1188,"Breast, unspecified"
1.3.11,244,CA03. Breast Cancer,1179,Malignant neoplasm of breast
1.3.11,244,CA03. Breast Cancer,1180,Nipple and areola
1.3.11,244,CA03. Breast Cancer,1181,Central portion of breast
1.3.11,244,CA03. Breast Cancer,1182,Upper-inner quadrant of breast
1.3.11,244,CA03. Breast Cancer,1183,Lower-inner quadrant of breast
1.3.11,244,CA03. Breast Cancer,1185,Lower-outer quadrant of breast
1.3.11,244,CA03. Breast Cancer,1184,Upper-outer quadrant of breast
1.3.11,245,CA04. Lung Cancer,1066,Malignant neoplasm of nasal cavity and middle ear
1.3.11,245,CA04. Lung Cancer,1069,Malignant neoplasm of accessory sinuses
1.3.11,245,CA04. Lung Cancer,1076,Malignant neoplasm of larynx
1.3.11,245,CA04. Lung Cancer,1083,Malignant neoplasm of trachea
1.3.11,245,CA04. Lung Cancer,1091,Malignant neoplasm of thymus
1.3.11,245,CA04. Lung Cancer,1092,"Malignant neoplasm of heart, mediastinum and pleura"
1.3.11,245,CA04. Lung Cancer,1099,Malignant neoplasm of other and ill-defined sites in the respiratory system and intrathoracic organs
1.3.11,245,CA04. Lung Cancer,1088,"Lower lobe, bronchus or lung"
1.3.11,245,CA04. Lung Cancer,1086,"Upper lobe, bronchus or lung"
1.3.11,245,CA04. Lung Cancer,1085,Main bronchus
1.3.11,245,CA04. Lung Cancer,1084,Malignant neoplasm of bronchus and lung
1.3.11,245,CA04. Lung Cancer,1090,"Bronchus or lung, unspecified"
1.3.11,245,CA04. Lung Cancer,1089,Overlapping lesion of bronchus and lung
1.3.11,245,CA04. Lung Cancer,1087,"Middle lobe, bronchus or lung"
1.3.11,246,CA05. Liver Cancer,1331,Secondary malignant neoplasm of liver and intrahepatic bile duct
1.3.11,247,CA05. Liver Cancer,13722,Malignant neoplasm of liver 
1.3.11,248,CA05. Liver Cancer,13727,Other specified malignant neoplasm of liver 
1.3.11,246,CA05. Liver Cancer,1044,Other specified carcinomas of liver
1.3.11,246,CA05. Liver Cancer,1045,"Liver, unspecified"
1.3.11,246,CA05. Liver Cancer,1038,Malignant neoplasm of liver and intrahepatic bile ducts
1.3.11,246,CA05. Liver Cancer,1039,Liver cell carcinoma
1.3.11,246,CA05. Liver Cancer,1040,Intrahepatic bile duct carcinoma
1.3.11,246,CA05. Liver Cancer,1041,Hepatoblastoma
1.3.11,246,CA05. Liver Cancer,1042,Angiosarcoma of liver
1.3.11,246,CA05. Liver Cancer,1043,Other sarcomas of liver
1.3.11,247,CA06. Colon Cancer,1029,Overlapping lesion of colon
1.3.11,247,CA06. Colon Cancer,1022,Appendix
1.3.11,247,CA06. Colon Cancer,1023,Ascending colon
1.3.11,247,CA06. Colon Cancer,1028,Sigmoid colon
1.3.11,247,CA06. Colon Cancer,1024,Hepatic flexure
1.3.11,247,CA06. Colon Cancer,1026,Splenic flexure
1.3.11,247,CA06. Colon Cancer,1025,Transverse colon
1.3.11,247,CA06. Colon Cancer,1027,Descending colon
1.3.11,247,CA06. Colon Cancer,1020,Malignant neoplasm of colon
1.3.11,247,CA06. Colon Cancer,1021,Caecum
1.3.11,247,CA06. Colon Cancer,1030,"Colon, unspecified"
1.3.11,247,CA06. Colon Cancer,13670,Malignant neoplasm of ascending colon and right flexure of colon 
1.3.11,247,CA06. Colon Cancer,13671,Adenocarcinoma of ascending colon or right flexure of colon 
1.3.11,247,CA06. Colon Cancer,13672,Other specified malignant neoplasm of ascending colon and right flexure of colon 
1.3.11,247,CA06. Colon Cancer,13673,Malignant neoplasm of ascending colon and right flexure of colon unspecified 
1.3.11,247,CA06. Colon Cancer,13674,Malignant neoplasm of descending colon and splenic flexure of colon 
1.3.11,247,CA06. Colon Cancer,13675,Adenocarcinoma of descending colon or splenic flexure of colon 
1.3.11,247,CA06. Colon Cancer,13676,Other specified malignant neoplasm of descending colon and splenic flexure of colon 
1.3.11,247,CA06. Colon Cancer,13677,Malignant neoplasm of descending colon and splenic flexure of colon unspecified 
1.3.11,247,CA06. Colon Cancer,13678,Malignant neoplasm of transverse colon 
1.3.11,247,CA06. Colon Cancer,13679,Adenocarcinoma of transverse colon 
1.3.11,247,CA06. Colon Cancer,13680,Other specified malignant neoplasm of transverse colon 
1.3.11,247,CA06. Colon Cancer,13681,Malignant neoplasm of transverse colon unspecified 
1.3.11,247,CA06. Colon Cancer,13682,Malignant neoplasm of sigmoid colon 
1.3.11,247,CA06. Colon Cancer,13683,Adenocarcinoma of sigmoid colon 
1.3.11,247,CA06. Colon Cancer,13684,Other specified malignant neoplasm of sigmoid colon 
1.3.11,247,CA06. Colon Cancer,13685,Malignant neoplasm of sigmoid colon unspecified 
1.3.11,247,CA06. Colon Cancer,13686,Other specified malignant neoplasms of colon 
1.3.11,247,CA06. Colon Cancer,13687,Malignant neoplasms of colon unspecified 
1.3.11,247,CA06. Colon Cancer,13871,Mesothelioma of mesocolon 
1.3.11,248,CA07. Kaposis Sarcoma,1148,Kaposi sarcoma of soft tissue
1.3.11,248,CA07. Kaposis Sarcoma,1151,Kaposi sarcoma of other sites
1.3.11,248,CA07. Kaposis Sarcoma,1153,"Kaposi sarcoma, unspecified"
1.3.11,248,CA07. Kaposis Sarcoma,1152,Kaposi sarcoma of multiple organs
1.3.11,248,CA07. Kaposis Sarcoma,1150,Kaposi sarcoma of lymph nodes
1.3.11,248,CA07. Kaposis Sarcoma,1149,Kaposi sarcoma of palate
1.3.11,696,CA08. Other Cancers,1343,"Secondary malignant neoplasm, unspecified site"
1.3.4,202,NC01. Sickle Cell Anaemia,14520,Sickle cell disorders or other haemoglobinopathies 
1.3.4,202,NC01. Sickle Cell Anaemia,14521,Sickle cell trait 
1.3.4,202,NC01. Sickle Cell Anaemia,14522,Sickle cell disease without crisis 
1.3.4,202,NC01. Sickle Cell Anaemia,14523,Sickle cell disease with crisis 
1.3.4,202,NC01. Sickle Cell Anaemia,14533,Other specified sickle cell disorders or other haemoglobinopathies 
1.3.4,202,NC01. Sickle Cell Anaemia,14534,Sickle cell disorders or other haemoglobinopathies unspecified 
1.3.4,203,NC02. Other types of Anaemia,1869,Secondary sideroblastic anaemia due to disease
1.3.4,203,NC02. Other types of Anaemia,1868,Hereditary sideroblastic anaemia
1.3.4,203,NC02. Other types of Anaemia,1867,Other anaemias
1.3.4,203,NC02. Other types of Anaemia,1866,Anaemia in other chronic diseases classified elsewhere
1.3.4,203,NC02. Other types of Anaemia,1865,Anaemia in neoplastic disease
1.3.4,203,NC02. Other types of Anaemia,1864,Anaemia in chronic diseases classified elsewhere
1.3.4,203,NC02. Other types of Anaemia,1863,Acute posthaemorrhagic anaemia
1.3.4,203,NC02. Other types of Anaemia,1862,"Aplastic anaemia, unspecified"
1.3.4,203,NC02. Other types of Anaemia,1861,Other specified aplastic anaemias
1.3.4,203,NC02. Other types of Anaemia,1860,Idiopathic aplastic anaemia
1.3.4,203,NC02. Other types of Anaemia,1859,Aplastic anaemia due to other external agents
1.3.4,203,NC02. Other types of Anaemia,1858,Drug-induced aplastic anaemia
1.3.4,203,NC02. Other types of Anaemia,1857,Constitutional aplastic anaemia
1.3.4,203,NC02. Other types of Anaemia,1856,Other aplastic anaemias
1.3.4,203,NC02. Other types of Anaemia,1850,"Acquired haemolytic anaemia, unspecified"
1.3.4,203,NC02. Other types of Anaemia,1842,Drug-induced autoimmune haemolytic anaemia
1.3.4,203,NC02. Other types of Anaemia,6936,"Anaemia complicating pregnancy, childbirth and the puerperium"
1.3.4,203,NC02. Other types of Anaemia,1874,"Anaemia, unspecified"
1.3.4,203,NC02. Other types of Anaemia,1873,Other specified anaemias
1.3.4,203,NC02. Other types of Anaemia,1872,Congenital dyserythropoietic anaemia
1.3.4,203,NC02. Other types of Anaemia,1871,Other sideroblastic anaemias
1.3.4,203,NC02. Other types of Anaemia,1870,Secondary sideroblastic anaemia due to drugs and toxins
1.3.4,203,NC02. Other types of Anaemia,1849,Other acquired haemolytic anaemias
1.3.4,203,NC02. Other types of Anaemia,1846,Other nonautoimmune haemolytic anaemias
1.3.4,203,NC02. Other types of Anaemia,1844,Drug-induced nonautoimmune haemolytic anaemia
1.3.4,203,NC02. Other types of Anaemia,1843,Other autoimmune haemolytic anaemias
1.3.4,203,NC02. Other types of Anaemia,1841,Acquired haemolytic anaemia
1.3.4,203,NC02. Other types of Anaemia,1840,"Hereditary haemolytic anaemia, unspecified"
1.3.4,203,NC02. Other types of Anaemia,1839,Other specified hereditary haemolytic anaemias
1.3.4,203,NC02. Other types of Anaemia,1835,Other hereditary haemolytic anaemias
1.3.4,203,NC02. Other types of Anaemia,1820,"Anaemia due to enzyme disorder, unspecified"
1.3.4,203,NC02. Other types of Anaemia,1819,Other anaemias due to enzyme disorders
1.3.4,203,NC02. Other types of Anaemia,1818,Anaemia due to disorders of nucleotide metabolism
1.3.4,203,NC02. Other types of Anaemia,1817,Anaemia due to disorders of glycolytic enzymes
1.3.4,203,NC02. Other types of Anaemia,1816,Anaemia due to other disorders of glutathione metabolism
1.3.4,203,NC02. Other types of Anaemia,1815,Anaemia due to glucose-6-phosphate dehydrogenase [G6PD] deficiency
1.3.4,203,NC02. Other types of Anaemia,1814,Anaemia due to enzyme disorders
1.3.4,203,NC02. Other types of Anaemia,1813,"Nutritional anaemia, unspecified"
1.3.4,203,NC02. Other types of Anaemia,1812,Other specified nutritional anaemias
1.3.4,203,NC02. Other types of Anaemia,1811,Scorbutic anaemia
1.3.4,203,NC02. Other types of Anaemia,1810,"Other megaloblastic anaemias, not elsewhere classified"
1.3.4,203,NC02. Other types of Anaemia,1809,Protein deficiency anaemia
1.3.4,203,NC02. Other types of Anaemia,1808,Other nutritional anaemias
1.3.4,203,NC02. Other types of Anaemia,1807,"Folate deficiency anaemia, unspecified"
1.3.4,203,NC02. Other types of Anaemia,1806,Other folate deficiency anaemias
1.3.4,203,NC02. Other types of Anaemia,1805,Drug-induced folate deficiency anaemia
1.3.4,203,NC02. Other types of Anaemia,1804,Dietary folate deficiency anaemia
1.3.4,203,NC02. Other types of Anaemia,1803,Folate deficiency anaemia
1.3.4,203,NC02. Other types of Anaemia,1802,Vitamin B
1.3.4,203,NC02. Other types of Anaemia,1801,Other vitamin B
1.3.4,203,NC02. Other types of Anaemia,1800,Other dietary vitamin B
1.3.4,203,NC02. Other types of Anaemia,1797,Vitamin B
1.3.4,203,NC02. Other types of Anaemia,1796,Vitamin B
1.3.4,203,NC02. Other types of Anaemia,1795,"Iron deficiency anaemia, unspecified"
1.3.4,203,NC02. Other types of Anaemia,1794,Other iron deficiency anaemias
1.3.4,203,NC02. Other types of Anaemia,1793,Sideropenic dysphagia
1.3.4,203,NC02. Other types of Anaemia,1792,Iron deficiency anaemia secondary to blood loss (chronic)
1.3.4,203,NC02. Other types of Anaemia,1791,Iron deficiency anaemia
1.3.4,203,NC02. Other types of Anaemia,1768,Refractory anaemia with multi-lineage dysplasia
1.3.4,203,NC02. Other types of Anaemia,1767,"Refractory anaemia, unspecified"
1.3.4,203,NC02. Other types of Anaemia,1766,Refractory anaemia with excess of blasts [RAEB]
1.3.4,203,NC02. Other types of Anaemia,1765,Refractory anaemia with ring sideroblasts
1.3.4,203,NC02. Other types of Anaemia,1764,"Refractory anaemia without ring sideroblasts, so stated"
1.3.4,203,NC02. Other types of Anaemia,7224,Anaemia of prematurity
1.3.4,203,NC02. Other types of Anaemia,7225,Congenital anaemia from fetal blood loss
1.3.4,203,NC02. Other types of Anaemia,7226,"Other congenital anaemias, not elsewhere classified"
1.3.4,203,NC02. Other types of Anaemia,11061,Iron preparations and other anti-hypochromic-anaemia preparations
1.3.4,203,NC02. Other types of Anaemia,11062,Vitamin B
1.3.4,204,NC03. Gastro-Intestinal Disorders(non-Infective),4611,Gastritis and duodenitis
1.3.4,204,NC03. Gastro-Intestinal Disorders(non-Infective),4613,Other acute gastritis
1.3.4,204,NC03. Gastro-Intestinal Disorders(non-Infective),4612,Acute haemorrhagic gastritis
1.3.4,204,NC03. Gastro-Intestinal Disorders(non-Infective),4614,Alcoholic gastritis
1.3.4,204,NC03. Gastro-Intestinal Disorders(non-Infective),4617,"Chronic gastritis, unspecified"
1.3.4,204,NC03. Gastro-Intestinal Disorders(non-Infective),4616,Chronic atrophic gastritis
1.3.4,204,NC03. Gastro-Intestinal Disorders(non-Infective),4615,Chronic superficial gastritis
1.3.4,204,NC03. Gastro-Intestinal Disorders(non-Infective),4909,"Gastrointestinal haemorrhage, unspecified"
1.3.4,204,NC03. Gastro-Intestinal Disorders(non-Infective),4906,Other diseases of digestive system
1.3.4,204,NC03. Gastro-Intestinal Disorders(non-Infective),12162,"Haemorrhoids, unspecified"
1.3.4,204,NC03. Gastro-Intestinal Disorders(non-Infective),4618,Other gastritis
1.3.4,204,NC03. Gastro-Intestinal Disorders(non-Infective),4619,"Gastritis, unspecified"
1.3.4,204,NC03. Gastro-Intestinal Disorders(non-Infective),4591,"Peptic ulcer, site unspecified"
1.3.4,204,NC03. Gastro-Intestinal Disorders(non-Infective),19437,Gastritis 
1.3.4,204,NC03. Gastro-Intestinal Disorders(non-Infective),19438,Autoimmune gastritis 
1.3.4,204,NC03. Gastro-Intestinal Disorders(non-Infective),19439,Helicobacter pylori induced gastritis 
1.3.4,204,NC03. Gastro-Intestinal Disorders(non-Infective),19440,Eosinophilic gastritis 
1.3.4,204,NC03. Gastro-Intestinal Disorders(non-Infective),19441,Lymphocytic gastritis 
1.3.4,204,NC03. Gastro-Intestinal Disorders(non-Infective),19442,Allergic gastritis 
1.3.4,204,NC03. Gastro-Intestinal Disorders(non-Infective),19443,Allergic gastritis due to IgE-mediated hypersensitivity 
1.3.4,204,NC03. Gastro-Intestinal Disorders(non-Infective),19444,Allergic gastritis due to non-IgE-mediated hypersensitivity 
1.3.4,204,NC03. Gastro-Intestinal Disorders(non-Infective),19445,Other specified allergic gastritis 
1.3.4,204,NC03. Gastro-Intestinal Disorders(non-Infective),19446,Allergic gastritis unspecified 
1.3.4,204,NC03. Gastro-Intestinal Disorders(non-Infective),19447,Gastritis due to duodenogastric reflux 
1.3.4,204,NC03. Gastro-Intestinal Disorders(non-Infective),19449,Gastritis of unknown aetiology with specific endoscopic or pathological features 
1.3.4,204,NC03. Gastro-Intestinal Disorders(non-Infective),19450,Acute superficial gastritis of unknown aetiology 
1.3.4,204,NC03. Gastro-Intestinal Disorders(non-Infective),19451,Chronic superficial gastritis of unknown aetiology 
1.3.4,204,NC03. Gastro-Intestinal Disorders(non-Infective),19452,Acute haemorrhagic gastritis of unknown aetiology 
1.3.4,204,NC03. Gastro-Intestinal Disorders(non-Infective),19453,Chronic atrophic gastritis of unknown aetiology 
1.3.4,204,NC03. Gastro-Intestinal Disorders(non-Infective),19454,Metaplastic gastritis of unknown aetiology 
1.3.4,204,NC03. Gastro-Intestinal Disorders(non-Infective),19455,Granulomatous gastritis of unknown aetiology 
1.3.4,204,NC03. Gastro-Intestinal Disorders(non-Infective),19456,Hypertrophic gastritis of unknown aetiology 
1.3.4,204,NC03. Gastro-Intestinal Disorders(non-Infective),19457,Other specified gastritis of unknown aetiology with specific endoscopic or pathological features 
1.3.4,204,NC03. Gastro-Intestinal Disorders(non-Infective),19458,Gastritis due to external causes 
1.3.4,204,NC03. Gastro-Intestinal Disorders(non-Infective),19459,Alcoholic gastritis 
1.3.4,204,NC03. Gastro-Intestinal Disorders(non-Infective),19460,Radiation gastritis 
1.3.4,204,NC03. Gastro-Intestinal Disorders(non-Infective),19461,Chemical gastritis 
1.3.4,204,NC03. Gastro-Intestinal Disorders(non-Infective),19462,Drug-induced gastritis 
1.3.4,204,NC03. Gastro-Intestinal Disorders(non-Infective),19463,Gastritis due to external causes unspecified 
1.3.4,204,NC03. Gastro-Intestinal Disorders(non-Infective),19465,Other specified gastritis 
1.3.4,204,NC03. Gastro-Intestinal Disorders(non-Infective),19466,Gastritis unspecified 
1.3.4,205,NC04. Pain Requiring Palliative Care,8226,"Pain, not elsewhere classified"
1.3.4.,205,NC04. Pain Requiring Palliative Care,11735,Palliative care
1.3.23,704,RB01. Alcohol use,11891,Alcohol use
1.3.23,,,28580,Contact with health services for alcohol use counselling or surveillance
1.3.23,,,29178,Hazardous alcohol use
1.3.23,,,33603,Alcohol use no suspicion or evidence of alcohol use by any person involved in the injury event
1.3.23,,,33797,Alcohol use suspicion or evidence of alcohol use by other persons involved in the injury event
1.3.23,,,33867,Alcohol use suspicion or evidence of alcohol use by the injured person
1.3.23,,,34357,Alcohol use suspicion or evidence of alcohol use by both the injured person and other persons involved in the injury event
1.3.23,,,34520,Alcohol use no information available
1.3.23,705,RB02. Tobacco use,11890,Tobacco use
1.3.23,,,28582,Contact with health services for tobacco use counselling
1.3.23,,,29193,Tobacco use
1.3.23,706,RB03. Tobacco exposure,11801,Exposure to tobacco smoke
1.3.20,51,EP01. Malaria,726,Unspecified malaria
1.3.20,52,Cholera,2,"Cholera due to Vibrio cholerae 01, biovar cholerae"
1.3.20,52,Cholera,3,"Cholera due to Vibrio cholerae 01, biovar eltor"
1.3.20,52,Cholera,4,"Cholera, unspecified"
1.3.20,52,Cholera,11561,Need for immunization against cholera with typhoid-paratyphoid [cholera + TAB]
1.3.20,52,Cholera,11200,Cholera vaccine
1.3.20,52,Cholera,11535,Need for immunization against cholera alone
1.3.20,52,Cholera,1,Cholera
1.3.20,53,Typhoid,11199,Typhoid and paratyphoid vaccine
1.3.20,53,Typhoid,11563,Need for immunization against diphtheria-tetanus-pertussis with typhoid-paratyphoid [DTP + TAB]
1.3.20,53,Typhoid,11561,Need for immunization against cholera with typhoid-paratyphoid [cholera + TAB]
1.3.20,53,Typhoid,11536,Need for immunization against typhoid-paratyphoid alone [TAB]
1.3.20,53,Typhoid,11525,Carrier of typhoid
1.3.20,53,Typhoid,6,Typhoid fever
1.3.20,53,Typhoid,7,Paratyphoid fever A
1.3.20,53,Typhoid,8,Paratyphoid fever B
1.3.20,53,Typhoid,9,Paratyphoid fever C
1.3.20,53,Typhoid,10,"Paratyphoid fever, unspecified"
1.3.20,53,Typhoid,5,Typhoid and paratyphoid fevers
1.3.20,54,Dysentrery(Bacillary),44,Acute amoebic dysentery
1.3.20,54,Dysentrery(Bacillary),5333,Postdysenteric arthropathy
1.3.20,54,Dysentrery(Bacillary),18,Shigellosis due to Shigella dysenteriae
1.3.20,54,Dysentrery(Bacillary),46,Amoebic nondysenteric colitis
1.3.20,55,Measles,491,Measles complicated by pneumonia
1.3.20,55,Measles,492,Measles complicated by otitis media
1.3.20,55,Measles,493,Measles with intestinal complications
1.3.20,55,Measles,494,Measles with other complications
1.3.20,55,Measles,495,Measles without complication
1.3.20,55,Measles,11549,Need for immunization against measles alone
1.3.20,55,Measles,490,Measles complicated by meningitis
1.3.20,55,Measles,489,Measles complicated by encephalitis
1.3.20,55,Measles,488,Measles
1.3.20,55,Measles,496,Rubella [German measles]
1.3.20,55,Measles,11565,Need for immunization against measles-mumps-rubella [MMR]
1.3.20,56,Meningococcal Meningitis,205,Meningococcal meningitis
1.3.20,57,Plague,116,Pneumonic plague
1.3.20,57,Plague,118,Septicaemic plague
1.3.20,57,Plague,11538,Need for immunization against plague
1.3.20,57,Plague,11201,Plague vaccine
1.3.20,57,Plague,117,Plague meningitis
1.3.20,57,Plague,119,Other forms of plague
1.3.20,57,Plague,115,Cellulocutaneous plague
1.3.20,57,Plague,114,Bubonic plague
1.3.20,57,Plague,113,Plague
1.3.20,57,Plague,120,"Plague, unspecified"
1.3.20,58,Yellow Fever,446,"Yellow fever, unspecified"
1.3.20,58,Yellow Fever,443,Yellow fever
1.3.20,58,Yellow Fever,445,Urban yellow fever
1.3.20,58,Yellow Fever,444,Sylvatic yellow fever
1.3.20,58,Yellow Fever,11548,Need for immunization against yellow fever
1.3.20,59,Viral Haemorrhagic Fevers,451,Other arenaviral haemorrhagic fevers
1.3.20,59,Viral Haemorrhagic Fevers,461,Unspecified viral haemorrhagic fever
1.3.20,59,Viral Haemorrhagic Fevers,460,Other specified viral haemorrhagic fevers
1.3.20,59,Viral Haemorrhagic Fevers,453,"Other viral haemorrhagic fevers, not elsewhere classified"
1.3.20,59,Viral Haemorrhagic Fevers,452,"Arenaviral haemorrhagic fever, unspecified"
1.3.20,59,Viral Haemorrhagic Fevers,447,Arenaviral haemorrhagic fever
1.3.20,62,Neonatal Tetanus,11202,Tetanus vaccine
1.3.20,62,Neonatal Tetanus,11540,Need for immunization against tetanus alone
1.3.20,62,Neonatal Tetanus,190,Other tetanus
1.3.20,62,Neonatal Tetanus,11564,Need for immunization against diphtheria-tetanus-pertussis with poliomyelitis [DTP + polio]
1.3.20,62,Neonatal Tetanus,189,Obstetrical tetanus
1.3.20,62,Neonatal Tetanus,188,Tetanus neonatorum
1.3.20,64,Suspected MDR/XDR TB,101,"Tuberculosis of intestines, peritoneum and mesenteric glands"
1.3.20,64,Suspected MDR/XDR TB,100,Tuberculous peripheral lymphadenopathy
1.3.20,64,Suspected MDR/XDR TB,99,Tuberculosis of genitourinary system
1.3.20,64,Suspected MDR/XDR TB,98,Tuberculosis of bones and joints
1.3.20,64,Suspected MDR/XDR TB,97,Tuberculosis of other organs
1.3.20,64,Suspected MDR/XDR TB,96,"Tuberculosis of nervous system, unspecified"
1.3.20,64,Suspected MDR/XDR TB,95,Other tuberculosis of nervous system
1.3.20,64,Suspected MDR/XDR TB,94,Meningeal tuberculoma
1.3.20,64,Suspected MDR/XDR TB,4333,Pneumoconiosis associated with tuberculosis
1.3.20,64,Suspected MDR/XDR TB,93,Tuberculous meningitis
1.3.20,64,Suspected MDR/XDR TB,92,Tuberculosis of nervous system
1.3.20,64,Suspected MDR/XDR TB,91,"Respiratory tuberculosis unspecified, without mention of bacteriological or histological confirmation"
1.3.20,64,Suspected MDR/XDR TB,7141,Congenital tuberculosis
1.3.20,64,Suspected MDR/XDR TB,90,"Other respiratory tuberculosis, without mention of bacteriological or histological confirmation"
1.3.20,64,Suspected MDR/XDR TB,106,Tuberculosis of other specified organs
1.3.20,64,Suspected MDR/XDR TB,108,Acute miliary tuberculosis of a single specified site
1.3.20,64,Suspected MDR/XDR TB,109,Acute miliary tuberculosis of multiple sites
1.3.20,64,Suspected MDR/XDR TB,110,"Acute miliary tuberculosis, unspecified"
1.3.20,64,Suspected MDR/XDR TB,111,Other miliary tuberculosis
1.3.20,64,Suspected MDR/XDR TB,112,"Miliary tuberculosis, unspecified"
1.3.20,64,Suspected MDR/XDR TB,74,"Tuberculosis of lung, confirmed histologically"
1.3.20,64,Suspected MDR/XDR TB,73,"Tuberculosis of lung, confirmed by culture only"
1.3.20,64,Suspected MDR/XDR TB,72,"Tuberculosis of lung, confirmed by sputum microscopy with or without culture"
1.3.20,64,Suspected MDR/XDR TB,71,"Respiratory tuberculosis, bacteriologically and histologically confirmed"
1.3.20,64,Suspected MDR/XDR TB,6265,Tuberculous infection of cervix uteri
1.3.20,64,Suspected MDR/XDR TB,6266,Female tuberculous pelvic inflammatory disease
1.3.20,64,Suspected MDR/XDR TB,4568,Tuberculous oesophagitis
1.3.20,64,Suspected MDR/XDR TB,4782,Tuberculous peritonitis
1.3.20,64,Suspected MDR/XDR TB,4913,"Tuberculous disorders of intestines, peritoneum and mesenteric glands"
1.3.20,64,Suspected MDR/XDR TB,5324,Tuberculous arthritis
1.3.20,64,Suspected MDR/XDR TB,6142,Tuberculous cystitis
1.3.20,64,Suspected MDR/XDR TB,5620,Tuberculosis of spine
1.3.20,64,Suspected MDR/XDR TB,6925,"Tuberculosis complicating pregnancy, childbirth and the puerperium"
1.3.20,64,Suspected MDR/XDR TB,5869,Tuberculosis of bone
1.3.20,64,Suspected MDR/XDR TB,102,Tuberculosis of skin and subcutaneous tissue
1.3.20,64,Suspected MDR/XDR TB,103,Tuberculosis of eye
1.3.20,64,Suspected MDR/XDR TB,104,Tuberculosis of ear
1.3.20,64,Suspected MDR/XDR TB,105,Tuberculosis of adrenal glands
1.3.20,64,Suspected MDR/XDR TB,107,Miliary tuberculosis
1.3.20,64,Suspected MDR/XDR TB,89,Primary respiratory tuberculosis without mention of bacteriological or histological confirmation
1.3.20,64,Suspected MDR/XDR TB,88,"Tuberculous pleurisy, without mention of bacteriological or histological confirmation"
1.3.20,64,Suspected MDR/XDR TB,87,"Tuberculosis of larynx, trachea and bronchus, without mention of bacteriological or histological confirmation"
1.3.20,64,Suspected MDR/XDR TB,86,"Tuberculosis of intrathoracic lymph nodes, without mention of bacteriological or histological confirmation"
1.3.20,64,Suspected MDR/XDR TB,85,"Tuberculosis of lung, without mention of bacteriological or histological confirmation"
1.3.20,64,Suspected MDR/XDR TB,170,Tuberculoid leprosy
1.3.20,64,Suspected MDR/XDR TB,171,Borderline tuberculoid leprosy
1.3.20,64,Suspected MDR/XDR TB,7935,Tuberous sclerosis
1.3.20,64,Suspected MDR/XDR TB,8298,Abnormal reaction to tuberculin test
1.3.20,64,Suspected MDR/XDR TB,84,"Tuberculosis of lung, bacteriological and histological examination not done"
1.3.20,64,Suspected MDR/XDR TB,83,"Tuberculosis of lung, bacteriologically and histologically negative"
1.3.20,64,Suspected MDR/XDR TB,874,Sequelae of respiratory and unspecified tuberculosis
1.3.20,64,Suspected MDR/XDR TB,873,Sequelae of tuberculosis of other organs
1.3.20,64,Suspected MDR/XDR TB,872,Sequelae of tuberculosis of bones and joints
1.3.20,64,Suspected MDR/XDR TB,871,Sequelae of genitourinary tuberculosis
1.3.20,64,Suspected MDR/XDR TB,870,Sequelae of central nervous system tuberculosis
1.3.20,64,Suspected MDR/XDR TB,869,Sequelae of tuberculosis
1.3.20,64,Suspected MDR/XDR TB,82,"Respiratory tuberculosis, not confirmed bacteriologically or histologically"
1.3.20,64,Suspected MDR/XDR TB,81,"Respiratory tuberculosis unspecified, confirmed bacteriologically and histologically"
1.3.20,64,Suspected MDR/XDR TB,11440,Observation for suspected tuberculosis
1.3.20,64,Suspected MDR/XDR TB,11483,Special screening examination for respiratory tuberculosis
1.3.20,64,Suspected MDR/XDR TB,11514,Contact with and exposure to tuberculosis
1.3.20,64,Suspected MDR/XDR TB,80,"Other respiratory tuberculosis, confirmed bacteriologically and histologically"
1.3.20,64,Suspected MDR/XDR TB,79,"Primary respiratory tuberculosis, confirmed bacteriologically and histologically"
1.3.20,64,Suspected MDR/XDR TB,78,"Tuberculous pleurisy, confirmed bacteriologically and histologically"
1.3.20,64,Suspected MDR/XDR TB,77,"Tuberculosis of larynx, trachea and bronchus, confirmed bacteriologically and histologically"
1.3.20,64,Suspected MDR/XDR TB,11537,Need for immunization against tuberculosis [BCG]
1.3.20,64,Suspected MDR/XDR TB,76,"Tuberculosis of intrathoracic lymph nodes, confirmed bacteriologically and histologically"
1.3.20,64,Suspected MDR/XDR TB,75,"Tuberculosis of lung, confirmed by unspecified means"
1.3.20,65,Anthrax,131,Pulmonary anthrax
1.3.20,65,Anthrax,132,Gastrointestinal anthrax
1.3.20,65,Anthrax,133,Anthrax sepsis
1.3.20,65,Anthrax,134,Other forms of anthrax
1.3.20,65,Anthrax,135,"Anthrax, unspecified"
1.3.20,65,Anthrax,130,Cutaneous anthrax
1.3.20,65,Anthrax,129,Anthrax
1.3.20,67,Acute Malnutrition,2191,Moderate protein-energy malnutrition
1.3.20,67,Acute Malnutrition,2190,Protein-energy malnutrition of moderate and mild degree
1.3.20,67,Acute Malnutrition,2192,Mild protein-energy malnutrition
1.3.20,152,EP02. Acute Flaccid Paralysis,3178,Flaccid hemiplegia
1.3.20,152,EP02. Acute Flaccid Paralysis,3185,Flaccid tetraplegia
1.3.20,152,EP02. Acute Flaccid Paralysis,3182,Flaccid paraplegia
1.3.20,153,EP03. Animal Bites (suspected rabies),10814,Bitten or struck by dog
1.3.20,154,EP04. Cholera,2,"Cholera due to Vibrio cholerae 01, biovar cholerae"
1.3.20,154,EP04. Cholera,1,Cholera
1.3.20,154,EP04. Cholera,4,"Cholera, unspecified"
1.3.20,154,EP04. Cholera,3,"Cholera due to Vibrio cholerae 01, biovar eltor"
1.3.20,155,EP05. Dysentery,44,Acute amoebic dysentery
1.3.20,156,EP06. Guinea Worm,801,Dracunculiasis
1.3.20,157,EP01b. Malaria Total,712,Other severe and complicated Plasmodium falciparum malaria
1.3.20,157,EP01b. Malaria Total,726,Unspecified malaria
1.3.20,157,EP01b. Malaria Total,725,"Other parasitologically confirmed malaria, not elsewhere classified"
1.3.20,157,EP01b. Malaria Total,713,"Plasmodium falciparum malaria, unspecified"
1.3.20,157,EP01b. Malaria Total,711,Plasmodium falciparum malaria with cerebral complications
1.3.20,157,EP01b. Malaria Total,724,Malaria due to simian plasmodia
1.3.20,157,EP01b. Malaria Total,723,Plasmodium ovale malaria
1.3.20,157,EP01b. Malaria Total,722,Other parasitologically confirmed malaria
1.3.20,157,EP01b. Malaria Total,710,Plasmodium falciparum malaria
1.3.20,157,EP01b. Malaria Total,721,Plasmodium malariae malaria without complication
1.3.20,157,EP01b. Malaria Total,720,Plasmodium malariae malaria with other complications
1.3.20,157,EP01b. Malaria Total,719,Plasmodium malariae malaria with nephropathy
1.3.20,157,EP01b. Malaria Total,718,Plasmodium malariae malaria
1.3.20,157,EP01b. Malaria Total,717,Plasmodium vivax malaria without complication
1.3.20,157,EP01b. Malaria Total,716,Plasmodium vivax malaria with other complications
1.3.20,157,EP01b. Malaria Total,715,Plasmodium vivax malaria with rupture of spleen
1.3.20,157,EP01b. Malaria Total,714,Plasmodium vivax malaria
1.3.20,158,EP01c. Malaria Confirmed (Microscopic & RDT),725,"Other parasitologically confirmed malaria, not elsewhere classified"
1.3.20,158,EP01c. Malaria Confirmed (Microscopic & RDT),722,Other parasitologically confirmed malaria
1.3.20,159,EP07. Measles,492,Measles complicated by otitis media
1.3.20,159,EP07. Measles,494,Measles with other complications
1.3.20,159,EP07. Measles,489,Measles complicated by encephalitis
1.3.20,159,EP07. Measles,490,Measles complicated by meningitis
1.3.20,159,EP07. Measles,493,Measles with intestinal complications
1.3.20,159,EP07. Measles,491,Measles complicated by pneumonia
1.3.20,159,EP07. Measles,496,Rubella [German measles]
1.3.20,159,EP07. Measles,495,Measles without complication
1.3.20,159,EP07. Measles,488,Measles
1.3.20,160,EP08. Bacterial Meningitis,2869,Meningitis in bacterial diseases classified elsewhere
1.3.20,160,EP08. Bacterial Meningitis,2867,Other bacterial meningitis
1.3.20,160,EP08. Bacterial Meningitis,2868,"Bacterial meningitis, unspecified"
1.3.20,160,EP08. Bacterial Meningitis,2862,"Bacterial meningitis, not elsewhere classified"
1.3.20,161,EP09. Neonatal tetanus,188,Tetanus neonatorum
1.3.20,162,EP10. Plague,120,"Plague, unspecified"
1.3.20,162,EP10. Plague,113,Plague
1.3.20,162,EP10. Plague,114,Bubonic plague
1.3.20,162,EP10. Plague,115,Cellulocutaneous plague
1.3.20,162,EP10. Plague,116,Pneumonic plague
1.3.20,162,EP10. Plague,117,Plague meningitis
1.3.20,162,EP10. Plague,118,Septicaemic plague
1.3.20,162,EP10. Plague,119,Other forms of plague
1.3.20,163,EP11. Yellow Fever,444,Sylvatic yellow fever
1.3.20,163,EP11. Yellow Fever,443,Yellow fever
1.3.20,163,EP11. Yellow Fever,446,"Yellow fever, unspecified"
1.3.20,163,EP11. Yellow Fever,445,Urban yellow fever
1.3.20,164,EP12. Other Viral Hemorrhagic Fevers,447,Arenaviral haemorrhagic fever
1.3.20,164,EP12. Other Viral Hemorrhagic Fevers,442,Unspecified arthropod-borne viral fever
1.3.20,164,EP12. Other Viral Hemorrhagic Fevers,434,Rift Valley fever
1.3.20,164,EP12. Other Viral Hemorrhagic Fevers,449,Machupo haemorrhagic fever
1.3.20,164,EP12. Other Viral Hemorrhagic Fevers,450,Lassa fever
1.3.20,164,EP12. Other Viral Hemorrhagic Fevers,451,Other arenaviral haemorrhagic fevers
1.3.20,164,EP12. Other Viral Hemorrhagic Fevers,453,"Other viral haemorrhagic fevers, not elsewhere classified"
1.3.20,164,EP12. Other Viral Hemorrhagic Fevers,452,"Arenaviral haemorrhagic fever, unspecified"
1.3.20,164,EP12. Other Viral Hemorrhagic Fevers,438,Oropouche virus disease
1.3.20,164,EP12. Other Viral Hemorrhagic Fevers,439,Sandfly fever
1.3.20,164,EP12. Other Viral Hemorrhagic Fevers,437,"Other arthropod-borne viral fevers, not elsewhere classified"
1.3.20,164,EP12. Other Viral Hemorrhagic Fevers,440,Colorado tick fever
1.3.20,164,EP12. Other Viral Hemorrhagic Fevers,441,Other specified arthropod-borne viral fevers
1.3.20,164,EP12. Other Viral Hemorrhagic Fevers,436,"Mosquito-borne viral fever, unspecified"
1.3.20,164,EP12. Other Viral Hemorrhagic Fevers,435,Other specified mosquito-borne viral fevers
1.3.20,164,EP12. Other Viral Hemorrhagic Fevers,448,Junin haemorrhagic fever
1.3.20,164,EP12. Other Viral Hemorrhagic Fevers,433,West Nile virus infection
1.3.20,164,EP12. Other Viral Hemorrhagic Fevers,432,Venezuelan equine fever
1.3.20,164,EP12. Other Viral Hemorrhagic Fevers,460,Other specified viral haemorrhagic fevers
1.3.20,164,EP12. Other Viral Hemorrhagic Fevers,459,Haemorrhagic fever with renal syndrome
1.3.20,164,EP12. Other Viral Hemorrhagic Fevers,431,O'nyong-nyong fever
1.3.20,164,EP12. Other Viral Hemorrhagic Fevers,430,Chikungunya virus disease
1.3.20,164,EP12. Other Viral Hemorrhagic Fevers,458,Ebola virus disease
1.3.20,164,EP12. Other Viral Hemorrhagic Fevers,458,Ebola virus disease
1.3.20,164,EP12. Other Viral Hemorrhagic Fevers,429,Other mosquito-borne viral fevers
1.3.20,164,EP12. Other Viral Hemorrhagic Fevers,428,Dengue haemorrhagic fever
1.3.20,164,EP12. Other Viral Hemorrhagic Fevers,457,Marburg virus disease
1.3.20,164,EP12. Other Viral Hemorrhagic Fevers,456,Kyasanur Forest disease
1.3.20,164,EP12. Other Viral Hemorrhagic Fevers,427,Dengue fever [classical dengue]
1.3.20,164,EP12. Other Viral Hemorrhagic Fevers,455,Omsk haemorrhagic fever
1.3.20,164,EP12. Other Viral Hemorrhagic Fevers,454,Crimean-Congo haemorrhagic fever
1.3.20,165,EP13. Severe Acute Respiratory Infection(SARI),4354,"Other acute and subacute respiratory conditions due to chemicals, gases, fumes and vapours"
1.3.20,165,EP13. Severe Acute Respiratory Infection(SARI),4174,Acute upper respiratory infections of multiple and unspecified sites
1.3.20,165,EP13. Severe Acute Respiratory Infection(SARI),4177,"Acute upper respiratory infection, unspecified"
1.3.20,165,EP13. Severe Acute Respiratory Infection(SARI),4176,Other acute upper respiratory infections of multiple sites
1.3.20,166,EP14. Adverse Events Following Immunization(AEFI),9825,"Other complications following immunization, not elsewhere classified"
1.3.20,166,EP14. Adverse Events Following Immunization(AEFI),9824,Infection following immunization
1.3.20,167,EP15. Typhoid Fever,6,Typhoid fever
1.3.20,168,EP16. Presumptive MDRTB cases,112,"Miliary tuberculosis, unspecified"
1.3.20,169,"EP17. Other Emerging infectious Diseases specify e.g. Influenza like illness (ILI), SARS",12120,"Severe acute respiratory syndrome [SARS], unspecified"
1.3.20,169,"EP17. Other Emerging infectious Diseases specify e.g. Influenza like illness (ILI), SARS",12119,Severe acute respiratory syndrome [SARS]
1.3.20,171,CD01. Diarrhea-Acute,4730,Functional diarrhoea
1.3.20,171,CD01. Diarrhea-Acute,4726,Irritable bowel syndrome with diarrhoea
1.3.20,171,CD01. Diarrhea-Acute,4700,"Noninfective gastroenteritis and colitis, unspecified"
1.3.20,171,CD01. Diarrhea-Acute,4624,Acute dilatation of stomach
1.3.20,171,CD01. Diarrhea-Acute,7274,Noninfective neonatal diarrhoea
1.3.20,172,CD02. Diarrhea-Persistent,7636,Persistent cloaca
1.3.20,173,CD03. Urethral discharges,8159,Urethral discharge
1.3.20,174,CD04. Genital ulcers,6205,Ulcer of penis
1.3.20,174,CD04. Genital ulcers,6283,Ulceration of vulva
1.3.20,174,CD04. Genital ulcers,6282,Ulceration of vagina
1.3.20,175,CD05. Sexually Transmitted Infection due to (Sexual Gender Based Violence),301,Other sexually transmitted chlamydial diseases
1.3.20,175,CD05. Sexually Transmitted Infection due to (Sexual Gender Based Violence),321,Unspecified sexually transmitted disease
1.3.20,176,CD06. Other Sexually Transmitted Infections,320,Other specified predominantly sexually transmitted diseases
1.3.20,176,CD06. Other Sexually Transmitted Infections,318,"Other predominantly sexually transmitted diseases, not elsewhere classified"
1.3.20,176,CD06. Other Sexually Transmitted Infections,307,Sexually transmitted chlamydial infection of other sites
1.3.20,177,CD07. Urinary Tract Infections(UTI),6866,Other genitourinary tract infections following delivery
1.3.20,177,CD07. Urinary Tract Infections(UTI),6865,Urinary tract infection following delivery
1.3.20,177,CD07. Urinary Tract Infections(UTI),304,"Chlamydial infection of genitourinary tract, unspecified"
1.3.20,177,CD07. Urinary Tract Infections(UTI),302,Chlamydial infection of lower genitourinary tract
1.3.20,177,CD07. Urinary Tract Infections(UTI),292,Gonococcal infection of lower genitourinary tract with periurethral and accessory gland abscess
1.3.20,177,CD07. Urinary Tract Infections(UTI),291,Gonococcal infection of lower genitourinary tract without periurethral or accessory gland abscess
1.3.20,177,CD07. Urinary Tract Infections(UTI),7154,Neonatal urinary tract infection
1.3.20,177,CD07. Urinary Tract Infections(UTI),6568,Infections of genitourinary tract in pregnancy
1.3.20,177,CD07. Urinary Tract Infections(UTI),6572,Infections of other parts of urinary tract in pregnancy
1.3.20,177,CD07. Urinary Tract Infections(UTI),6573,Unspecified infection of urinary tract in pregnancy
1.3.20,177,CD07. Urinary Tract Infections(UTI),6091,Calculus of lower urinary tract
1.3.20,177,CD07. Urinary Tract Infections(UTI),6094,Other lower urinary tract calculus
1.3.20,177,CD07. Urinary Tract Infections(UTI),6097,Urinary calculus in schistosomiasis [bilharziasis]
1.3.20,177,CD07. Urinary Tract Infections(UTI),6100,Disorders resulting from impaired renal tubular function
1.3.20,177,CD07. Urinary Tract Infections(UTI),6103,Other disorders resulting from impaired renal tubular function
1.3.20,177,CD07. Urinary Tract Infections(UTI),6106,Small kidney of unknown cause
1.3.20,177,CD07. Urinary Tract Infections(UTI),6575,Other and unspecified genitourinary tract infection in pregnancy
1.3.20,177,CD07. Urinary Tract Infections(UTI),6947,Fetus and newborn affected by maternal renal and urinary tract diseases
1.3.20,178,CD08. Intestinal Worms,836,"Intestinal helminthiasis, unspecified"
1.3.20,178,CD08. Intestinal Worms,815,Other hookworm diseases
1.3.20,178,CD08. Intestinal Worms,812,Hookworm diseases
1.3.20,178,CD08. Intestinal Worms,816,"Hookworm disease, unspecified"
1.3.20,178,CD08. Intestinal Worms,837,"Intestinal parasitism, unspecified"
1.3.20,178,CD08. Intestinal Worms,826,Trichuriasis
1.3.20,178,CD08. Intestinal Worms,835,Unspecified intestinal parasitism
1.3.20,179,CD09. Hematological Meningitis,2863,Haemophilus meningitis
1.3.20,180,CD10. Other types of meningitis,418,Adenoviral meningitis
1.3.20,180,CD10. Other types of meningitis,2873,Meningitis in other specified infectious and parasitic diseases classified elsewhere
1.3.20,180,CD10. Other types of meningitis,2871,Meningitis in viral diseases classified elsewhere
1.3.20,180,CD10. Other types of meningitis,417,Enteroviral meningitis
1.3.20,180,CD10. Other types of meningitis,205,Meningococcal meningitis
1.3.20,180,CD10. Other types of meningitis,184,Listerial meningitis and meningoencephalitis
1.3.20,180,CD10. Other types of meningitis,2864,Pneumococcal meningitis
1.3.20,180,CD10. Other types of meningitis,2879,"Meningitis, unspecified"
1.3.20,180,CD10. Other types of meningitis,2878,Meningitis due to other specified causes
1.3.20,180,CD10. Other types of meningitis,2877,Benign recurrent meningitis [Mollaret]
1.3.20,180,CD10. Other types of meningitis,2876,Chronic meningitis
1.3.20,180,CD10. Other types of meningitis,2875,Nonpyogenic meningitis
1.3.20,180,CD10. Other types of meningitis,2874,Meningitis due to other and unspecified causes
1.3.20,180,CD10. Other types of meningitis,2870,Meningitis in other infectious and parasitic diseases classified elsewhere
1.3.20,180,CD10. Other types of meningitis,2865,Streptococcal meningitis
1.3.20,180,CD10. Other types of meningitis,626,Candidal meningitis
1.3.20,180,CD10. Other types of meningitis,93,Tuberculous meningitis
1.3.20,180,CD10. Other types of meningitis,2866,Staphylococcal meningitis
1.3.20,180,CD10. Other types of meningitis,421,"Viral meningitis, unspecified"
1.3.20,180,CD10. Other types of meningitis,420,Other viral meningitis
1.3.20,180,CD10. Other types of meningitis,117,Plague meningitis
1.3.20,180,CD10. Other types of meningitis,419,Lymphocytic choriomeningitis
1.3.20,180,CD10. Other types of meningitis,2872,Meningitis in mycoses
1.3.20,180,CD10. Other types of meningitis,571,Mumps meningitis
1.3.20,180,CD10. Other types of meningitis,636,Coccidioidomycosis meningitis
1.3.20,180,CD10. Other types of meningitis,466,Herpesviral meningitis
1.3.20,180,CD10. Other types of meningitis,2863,Haemophilus meningitis
1.3.20,180,CD10. Other types of meningitis,473,Varicella meningitis
1.3.20,180,CD10. Other types of meningitis,416,Viral meningitis
1.3.20,180,CD10. Other types of meningitis,480,Zoster meningitis
1.3.20,180,CD10. Other types of meningitis,490,Measles complicated by meningitis
1.3.20,181,CD11. No pneumonia - Cough or cold,8056,Cough
1.3.20,181,CD11. No pneumonia - Cough or cold,4150,Acute nasopharyngitis [common cold]
1.3.20,182,CD12. Pneumonia,4189,Respiratory syncytial virus pneumonia
1.3.20,182,CD12. Pneumonia,4180,"Influenza with pneumonia, seasonal influenza virus identified"
1.3.20,182,CD12. Pneumonia,4184,"Influenza with pneumonia, virus not identified"
1.3.20,182,CD12. Pneumonia,4187,"Viral pneumonia, not elsewhere classified"
1.3.20,182,CD12. Pneumonia,4188,Adenoviral pneumonia
1.3.20,182,CD12. Pneumonia,4190,Parainfluenza virus pneumonia
1.3.20,182,CD12. Pneumonia,4191,Human metapneumovirus pneumonia
1.3.20,182,CD12. Pneumonia,4192,Other viral pneumonia
1.3.20,182,CD12. Pneumonia,4193,"Viral pneumonia, unspecified"
1.3.20,182,CD12. Pneumonia,4194,Pneumonia due to Streptococcus pneumoniae
1.3.20,182,CD12. Pneumonia,4195,Pneumonia due to Haemophilus influenzae
1.3.20,182,CD12. Pneumonia,4196,"Bacterial pneumonia, not elsewhere classified"
1.3.20,182,CD12. Pneumonia,4197,Pneumonia due to Klebsiella pneumoniae
1.3.20,182,CD12. Pneumonia,4198,Pneumonia due to Pseudomonas
1.3.20,182,CD12. Pneumonia,4199,Pneumonia due to staphylococcus
1.3.20,182,CD12. Pneumonia,4200,"Pneumonia due to streptococcus, group B"
1.3.20,182,CD12. Pneumonia,4201,Pneumonia due to other streptococci
1.3.20,182,CD12. Pneumonia,4202,Pneumonia due to Escherichia coli
1.3.20,182,CD12. Pneumonia,4203,Pneumonia due to other Gram-negative bacteria
1.3.20,182,CD12. Pneumonia,4204,Pneumonia due to Mycoplasma pneumoniae
1.3.20,182,CD12. Pneumonia,4205,Other bacterial pneumonia
1.3.20,182,CD12. Pneumonia,4206,"Bacterial pneumonia, unspecified"
1.3.20,182,CD12. Pneumonia,4207,"Pneumonia due to other infectious organisms, not elsewhere classified"
1.3.20,182,CD12. Pneumonia,4208,Chlamydial pneumonia
1.3.20,182,CD12. Pneumonia,4209,Pneumonia due to other specified infectious organisms
1.3.20,182,CD12. Pneumonia,4210,Pneumonia in diseases classified elsewhere
1.3.20,182,CD12. Pneumonia,4211,Pneumonia in bacterial diseases classified elsewhere
1.3.20,182,CD12. Pneumonia,4212,Pneumonia in viral diseases classified elsewhere
1.3.20,182,CD12. Pneumonia,4213,Pneumonia in mycoses
1.3.20,182,CD12. Pneumonia,4214,Pneumonia in parasitic diseases
1.3.20,182,CD12. Pneumonia,4215,Pneumonia in other diseases classified elsewhere
1.3.20,182,CD12. Pneumonia,4216,"Pneumonia, organism unspecified"
1.3.20,182,CD12. Pneumonia,4217,"Bronchopneumonia, unspecified"
1.3.20,182,CD12. Pneumonia,4218,"Lobar pneumonia, unspecified"
1.3.20,182,CD12. Pneumonia,4219,"Hypostatic pneumonia, unspecified"
1.3.20,182,CD12. Pneumonia,4220,"Other pneumonia, organism unspecified"
1.3.20,182,CD12. Pneumonia,4221,"Pneumonia, unspecified"
1.3.20,182,CD12. Pneumonia,4223,Acute bronchitis due to Mycoplasma pneumoniae
1.3.20,182,CD12. Pneumonia,4380,Abscess of lung with pneumonia
1.3.20,182,CD12. Pneumonia,475,Varicella pneumonia
1.3.20,183,CD14. Skin Diseases,12163,Excessive and redundant skin and subcutaneous tissue
1.3.20,183,CD14. Skin Diseases,12074,Skin transplant status
1.3.20,183,CD14. Skin Diseases,11175,"Topical agents primarily affecting skin and mucous membrane and ophthalmological, otorhinolaryngological and dental drugs"
1.3.20,183,CD14. Skin Diseases,12159,Residual haemorrhoidal skin tags
1.3.20,189,CD15. Tetanus (over 28 days),188,Tetanus neonatorum
1.3.20,190,CD16. Sleeping sickness,735,"African trypanosomiasis, unspecified"
1.3.20,190,CD16. Sleeping sickness,734,Rhodesiense trypanosomiasis
1.3.20,190,CD16. Sleeping sickness,732,African trypanosomiasis
1.3.20,190,CD16. Sleeping sickness,733,Gambiense trypanosomiasis
1.3.20,191,CD17. Pelvic Inflammatory Disease(PID),6262,Other specified female pelvic inflammatory diseases
1.3.20,191,CD17. Pelvic Inflammatory Disease(PID),6263,"Female pelvic inflammatory disease, unspecified"
1.3.20,191,CD17. Pelvic Inflammatory Disease(PID),6270,Female pelvic inflammatory disorders in other diseases classified elsewhere
1.3.20,191,CD17. Pelvic Inflammatory Disease(PID),6266,Female tuberculous pelvic inflammatory disease
1.3.20,191,CD17. Pelvic Inflammatory Disease(PID),6267,Female syphilitic pelvic inflammatory disease
1.3.20,191,CD17. Pelvic Inflammatory Disease(PID),6268,Female gonococcal pelvic inflammatory disease
1.3.20,191,CD17. Pelvic Inflammatory Disease(PID),6269,Female chlamydial pelvic inflammatory disease
1.3.20,191,CD17. Pelvic Inflammatory Disease(PID),6254,Other female pelvic inflammatory diseases
1.3.20,191,CD17. Pelvic Inflammatory Disease(PID),6264,Female pelvic inflammatory disorders in diseases classified elsewhere
1.3.20,192,CD18. Brucellosis,140,Brucellosis due to Brucella canis
1.3.20,192,CD18. Brucellosis,141,Other brucellosis
1.3.20,192,CD18. Brucellosis,142,"Brucellosis, unspecified"
1.3.20,192,CD18. Brucellosis,136,Brucellosis
1.3.20,192,CD18. Brucellosis,137,Brucellosis due to Brucella melitensis
1.3.20,192,CD18. Brucellosis,138,Brucellosis due to Brucella abortus
1.3.20,192,CD18. Brucellosis,139,Brucellosis due to Brucella suis
1.3.20,194,ND01. Neonatal Sepsis(0-7days),7137,Sepsis of newborn due to anaerobes
1.3.20,194,ND01. Neonatal Sepsis(0-7days),7138,Other bacterial sepsis of newborn
1.3.20,194,ND01. Neonatal Sepsis(0-7days),7139,"Bacterial sepsis of newborn, unspecified"
1.3.20,195,ND02. Neonatal Sepsis(8-28days),7136,Sepsis of newborn due to Escherichia coli
1.3.20,195,ND02. Neonatal Sepsis(8-28days),7138,Other bacterial sepsis of newborn
1.3.20,195,ND02. Neonatal Sepsis(8-28days),7137,Sepsis of newborn due to anaerobes
1.3.20,195,ND02. Neonatal Sepsis(8-28days),7135,Sepsis of newborn due to other and unspecified staphylococci
1.3.20,196,ND03. Neonatal Pneumonia (0-7days),7083,"Congenital pneumonia, unspecified"
1.3.20,196,ND03. Neonatal Pneumonia (0-7days),7080,Congenital pneumonia due to Pseudomonas
1.3.20,196,ND03. Neonatal Pneumonia (0-7days),7081,Congenital pneumonia due to other bacterial agents
1.3.20,196,ND03. Neonatal Pneumonia (0-7days),7077,Congenital pneumonia due to staphylococcus
1.3.20,196,ND03. Neonatal Pneumonia (0-7days),7076,Congenital pneumonia due to Chlamydia
1.3.20,196,ND03. Neonatal Pneumonia (0-7days),7075,Congenital pneumonia due to viral agent
1.3.20,196,ND03. Neonatal Pneumonia (0-7days),7074,Congenital pneumonia
1.3.20,196,ND03. Neonatal Pneumonia (0-7days),7082,Congenital pneumonia due to other organisms
1.3.20,196,ND03. Neonatal Pneumonia (0-7days),7078,"Congenital pneumonia due to streptococcus, group B"
1.3.20,196,ND03. Neonatal Pneumonia (0-7days),7079,Congenital pneumonia due to Escherichia coli
1.3.20,197,ND05. Neonatal Meningitis,7140,Other congenital infectious and parasitic diseases
1.3.20,198,ND06. Neonatal Jaundice,7206,Neonatal jaundice due to bleeding
1.3.20,198,ND06. Neonatal Jaundice,7219,"Neonatal jaundice, unspecified"
1.3.20,198,ND06. Neonatal Jaundice,7218,Neonatal jaundice from other specified causes
1.3.20,198,ND06. Neonatal Jaundice,7217,Neonatal jaundice from breast milk inhibitor
1.3.20,198,ND06. Neonatal Jaundice,7216,Neonatal jaundice from other and unspecified hepatocellular damage
1.3.20,198,ND06. Neonatal Jaundice,7214,Neonatal jaundice associated with preterm delivery
1.3.20,198,ND06. Neonatal Jaundice,7213,Neonatal jaundice from other and unspecified causes
1.3.20,198,ND06. Neonatal Jaundice,7212,"Neonatal jaundice due to excessive haemolysis, unspecified"
1.3.20,198,ND06. Neonatal Jaundice,7211,Neonatal jaundice due to other specified excessive haemolysis
1.3.20,198,ND06. Neonatal Jaundice,7210,Neonatal jaundice due to swallowed maternal blood
1.3.20,198,ND06. Neonatal Jaundice,7209,Neonatal jaundice due to drugs or toxins transmitted from mother or given to newborn
1.3.20,198,ND06. Neonatal Jaundice,7208,Neonatal jaundice due to polycythaemia
1.3.20,198,ND06. Neonatal Jaundice,7207,Neonatal jaundice due to infection
1.3.20,198,ND06. Neonatal Jaundice,7205,Neonatal jaundice due to bruising
1.3.20,198,ND06. Neonatal Jaundice,7204,Neonatal jaundice due to other excessive haemolysis
1.3.20,199,ND07. Premature baby (as a condition for management),6689,"Premature rupture of membranes, unspecified"
1.3.20,200,ND08. Other Neonatal Conditions,7272,Other neonatal peritonitis
1.3.20,200,ND08. Other Neonatal Conditions,7186,Other neonatal gastrointestinal haemorrhage
1.3.20,200,ND08. Other Neonatal Conditions,7236,Other neonatal hypoglycaemia
1.3.20,200,ND08. Other Neonatal Conditions,7182,Other neonatal haemorrhages
1.3.20,202,NC01. Sickle Cell Anaemia,1831,Sickle-cell anaemia without crisis
1.3.20,202,NC01. Sickle Cell Anaemia,1830,Sickle-cell anaemia with crisis
1.3.20,203,NC02. Other types of Anaemia,1869,Secondary sideroblastic anaemia due to disease
1.3.20,203,NC02. Other types of Anaemia,1868,Hereditary sideroblastic anaemia
1.3.20,203,NC02. Other types of Anaemia,1867,Other anaemias
1.3.20,203,NC02. Other types of Anaemia,1866,Anaemia in other chronic diseases classified elsewhere
1.3.20,203,NC02. Other types of Anaemia,1865,Anaemia in neoplastic disease
1.3.20,203,NC02. Other types of Anaemia,1864,Anaemia in chronic diseases classified elsewhere
1.3.20,203,NC02. Other types of Anaemia,1863,Acute posthaemorrhagic anaemia
1.3.20,203,NC02. Other types of Anaemia,1862,"Aplastic anaemia, unspecified"
1.3.20,203,NC02. Other types of Anaemia,1861,Other specified aplastic anaemias
1.3.20,203,NC02. Other types of Anaemia,1860,Idiopathic aplastic anaemia
1.3.20,203,NC02. Other types of Anaemia,1859,Aplastic anaemia due to other external agents
1.3.20,203,NC02. Other types of Anaemia,1858,Drug-induced aplastic anaemia
1.3.20,203,NC02. Other types of Anaemia,1857,Constitutional aplastic anaemia
1.3.20,203,NC02. Other types of Anaemia,1856,Other aplastic anaemias
1.3.20,203,NC02. Other types of Anaemia,1850,"Acquired haemolytic anaemia, unspecified"
1.3.20,203,NC02. Other types of Anaemia,1842,Drug-induced autoimmune haemolytic anaemia
1.3.20,203,NC02. Other types of Anaemia,6936,"Anaemia complicating pregnancy, childbirth and the puerperium"
1.3.20,203,NC02. Other types of Anaemia,1874,"Anaemia, unspecified"
1.3.20,203,NC02. Other types of Anaemia,1873,Other specified anaemias
1.3.20,203,NC02. Other types of Anaemia,1872,Congenital dyserythropoietic anaemia
1.3.20,203,NC02. Other types of Anaemia,1871,Other sideroblastic anaemias
1.3.20,203,NC02. Other types of Anaemia,1870,Secondary sideroblastic anaemia due to drugs and toxins
1.3.20,203,NC02. Other types of Anaemia,1849,Other acquired haemolytic anaemias
1.3.20,203,NC02. Other types of Anaemia,1846,Other nonautoimmune haemolytic anaemias
1.3.20,203,NC02. Other types of Anaemia,1844,Drug-induced nonautoimmune haemolytic anaemia
1.3.20,203,NC02. Other types of Anaemia,1843,Other autoimmune haemolytic anaemias
1.3.20,203,NC02. Other types of Anaemia,1841,Acquired haemolytic anaemia
1.3.20,203,NC02. Other types of Anaemia,1840,"Hereditary haemolytic anaemia, unspecified"
1.3.20,203,NC02. Other types of Anaemia,1839,Other specified hereditary haemolytic anaemias
1.3.20,203,NC02. Other types of Anaemia,1835,Other hereditary haemolytic anaemias
1.3.20,203,NC02. Other types of Anaemia,1820,"Anaemia due to enzyme disorder, unspecified"
1.3.20,203,NC02. Other types of Anaemia,1819,Other anaemias due to enzyme disorders
1.3.20,203,NC02. Other types of Anaemia,1818,Anaemia due to disorders of nucleotide metabolism
1.3.20,203,NC02. Other types of Anaemia,1817,Anaemia due to disorders of glycolytic enzymes
1.3.20,203,NC02. Other types of Anaemia,1816,Anaemia due to other disorders of glutathione metabolism
1.3.20,203,NC02. Other types of Anaemia,1815,Anaemia due to glucose-6-phosphate dehydrogenase [G6PD] deficiency
1.3.20,203,NC02. Other types of Anaemia,1814,Anaemia due to enzyme disorders
1.3.20,203,NC02. Other types of Anaemia,1813,"Nutritional anaemia, unspecified"
1.3.20,203,NC02. Other types of Anaemia,1812,Other specified nutritional anaemias
1.3.20,203,NC02. Other types of Anaemia,1811,Scorbutic anaemia
1.3.20,203,NC02. Other types of Anaemia,1810,"Other megaloblastic anaemias, not elsewhere classified"
1.3.20,203,NC02. Other types of Anaemia,1809,Protein deficiency anaemia
1.3.20,203,NC02. Other types of Anaemia,1808,Other nutritional anaemias
1.3.20,203,NC02. Other types of Anaemia,1807,"Folate deficiency anaemia, unspecified"
1.3.20,203,NC02. Other types of Anaemia,1806,Other folate deficiency anaemias
1.3.20,203,NC02. Other types of Anaemia,1805,Drug-induced folate deficiency anaemia
1.3.20,203,NC02. Other types of Anaemia,1804,Dietary folate deficiency anaemia
1.3.20,203,NC02. Other types of Anaemia,1803,Folate deficiency anaemia
1.3.20,203,NC02. Other types of Anaemia,1802,Vitamin B
1.3.20,203,NC02. Other types of Anaemia,1801,Other vitamin B
1.3.20,203,NC02. Other types of Anaemia,1800,Other dietary vitamin B
1.3.20,203,NC02. Other types of Anaemia,1797,Vitamin B
1.3.20,203,NC02. Other types of Anaemia,1796,Vitamin B
1.3.20,203,NC02. Other types of Anaemia,1795,"Iron deficiency anaemia, unspecified"
1.3.20,203,NC02. Other types of Anaemia,1794,Other iron deficiency anaemias
1.3.20,203,NC02. Other types of Anaemia,1793,Sideropenic dysphagia
1.3.20,203,NC02. Other types of Anaemia,1792,Iron deficiency anaemia secondary to blood loss (chronic)
1.3.20,203,NC02. Other types of Anaemia,1791,Iron deficiency anaemia
1.3.20,203,NC02. Other types of Anaemia,1768,Refractory anaemia with multi-lineage dysplasia
1.3.20,203,NC02. Other types of Anaemia,1767,"Refractory anaemia, unspecified"
1.3.20,203,NC02. Other types of Anaemia,1766,Refractory anaemia with excess of blasts [RAEB]
1.3.20,203,NC02. Other types of Anaemia,1765,Refractory anaemia with ring sideroblasts
1.3.20,203,NC02. Other types of Anaemia,1764,"Refractory anaemia without ring sideroblasts, so stated"
1.3.20,203,NC02. Other types of Anaemia,7224,Anaemia of prematurity
1.3.20,203,NC02. Other types of Anaemia,7225,Congenital anaemia from fetal blood loss
1.3.20,203,NC02. Other types of Anaemia,7226,"Other congenital anaemias, not elsewhere classified"
1.3.20,203,NC02. Other types of Anaemia,11061,Iron preparations and other anti-hypochromic-anaemia preparations
1.3.20,203,NC02. Other types of Anaemia,11062,Vitamin B
1.3.20,204,NC03. Gastro-Intestinal Disorders(non-Infective),4611,Gastritis and duodenitis
1.3.20,204,NC03. Gastro-Intestinal Disorders(non-Infective),4613,Other acute gastritis
1.3.20,204,NC03. Gastro-Intestinal Disorders(non-Infective),4612,Acute haemorrhagic gastritis
1.3.20,204,NC03. Gastro-Intestinal Disorders(non-Infective),4614,Alcoholic gastritis
1.3.20,204,NC03. Gastro-Intestinal Disorders(non-Infective),4617,"Chronic gastritis, unspecified"
1.3.20,204,NC03. Gastro-Intestinal Disorders(non-Infective),4616,Chronic atrophic gastritis
1.3.20,204,NC03. Gastro-Intestinal Disorders(non-Infective),4615,Chronic superficial gastritis
1.3.20,204,NC03. Gastro-Intestinal Disorders(non-Infective),4909,"Gastrointestinal haemorrhage, unspecified"
1.3.20,204,NC03. Gastro-Intestinal Disorders(non-Infective),4906,Other diseases of digestive system
1.3.20,204,NC03. Gastro-Intestinal Disorders(non-Infective),12162,"Haemorrhoids, unspecified"
1.3.20,204,NC03. Gastro-Intestinal Disorders(non-Infective),4618,Other gastritis
1.3.20,204,NC03. Gastro-Intestinal Disorders(non-Infective),4619,"Gastritis, unspecified"
1.3.20,204,NC03. Gastro-Intestinal Disorders(non-Infective),4591,"Peptic ulcer, site unspecified"
1.3.20,205,NC04. Pain Requiring Palliative Care,8226,"Pain, not elsewhere classified"
1.3.20,205,NC04. Pain Requiring Palliative Care,11735,Palliative care
1.3.20,207,OD01. Dental Caries,4444,Caries limited to enamel
1.3.20,207,OD01. Dental Caries,4450,"Dental caries, unspecified"
1.3.20,207,OD01. Dental Caries,4445,Caries of dentine
1.3.20,207,OD01. Dental Caries,4447,Arrested dental caries
1.3.20,207,OD01. Dental Caries,4443,Dental caries
1.3.20,207,OD01. Dental Caries,4449,Other dental caries
1.3.20,208,OD02. Gingivitis,4474,Acute gingivitis
1.3.20,208,OD02. Gingivitis,7765,"Congenital subluxation of hip, unspecified"
1.3.20,208,OD02. Gingivitis,4473,Gingivitis and periodontal diseases
1.3.20,209,OD03. HIV-Orallesions,548,"HIV disease resulting in other malignant neoplasms of lymphoid, haematopoietic and related tissue"
1.3.20,209,OD03. HIV-Orallesions,556,HIV disease resulting in multiple diseases classified elsewhere
1.3.20,210,OD04. Oral Cancers,8279,"Dry mouth, unspecified"
1.3.20,211,OD05. Other Oral Conditions,8279,"Dry mouth, unspecified"
1.3.20,211,OD05. Other Oral Conditions,954,Retromolar area
1.3.20,211,OD05. Other Oral Conditions,953,Vestibule of mouth
1.3.20,211,OD05. Other Oral Conditions,952,Cheek mucosa
1.3.20,213,EN01. Otitis media acute and chronic,3584,Chronic serous otitis media
1.3.20,213,EN01. Otitis media acute and chronic,3583,Other acute nonsuppurative otitis media
1.3.20,213,EN01. Otitis media acute and chronic,3582,Acute serous otitis media
1.3.20,213,EN01. Otitis media acute and chronic,3581,Nonsuppurative otitis media
1.3.20,213,EN01. Otitis media acute and chronic,3598,Otitis media in other diseases classified elsewhere
1.3.20,213,EN01. Otitis media acute and chronic,3597,Otitis media in viral diseases classified elsewhere
1.3.20,213,EN01. Otitis media acute and chronic,3596,Otitis media in bacterial diseases classified elsewhere
1.3.20,213,EN01. Otitis media acute and chronic,3595,Otitis media in diseases classified elsewhere
1.3.20,213,EN01. Otitis media acute and chronic,3594,"Otitis media, unspecified"
1.3.20,213,EN01. Otitis media acute and chronic,3593,"Suppurative otitis media, unspecified"
1.3.20,213,EN01. Otitis media acute and chronic,3592,Other chronic suppurative otitis media
1.3.20,213,EN01. Otitis media acute and chronic,3591,Chronic atticoantral suppurative otitis media
1.3.20,213,EN01. Otitis media acute and chronic,3590,Chronic tubotympanic suppurative otitis media
1.3.20,213,EN01. Otitis media acute and chronic,3589,Acute suppurative otitis media
1.3.20,213,EN01. Otitis media acute and chronic,3588,Suppurative and unspecified otitis media
1.3.20,213,EN01. Otitis media acute and chronic,3587,"Nonsuppurative otitis media, unspecified"
1.3.20,213,EN01. Otitis media acute and chronic,3586,Other chronic nonsuppurative otitis media
1.3.20,213,EN01. Otitis media acute and chronic,3585,Chronic mucoid otitis media
1.3.20,,,3581,Nonsuppurative otitis media
1.3.20,,,3582,Acute serous otitis media
1.3.20,,,3583,Other acute nonsuppurative otitis media
1.3.20,,,3584,Chronic serous otitis media
1.3.20,,,3585,Chronic mucoid otitis media
1.3.20,,,3586,Other chronic nonsuppurative otitis media
1.3.20,,,3587,"Nonsuppurative otitis media, unspecified"
1.3.20,,,3588,Suppurative and unspecified otitis media
1.3.20,,,3589,Acute suppurative otitis media
1.3.20,,,3590,Chronic tubotympanic suppurative otitis media
1.3.20,,,3591,Chronic atticoantral suppurative otitis media
1.3.20,,,3592,Other chronic suppurative otitis media
1.3.20,,,3593,"Suppurative otitis media, unspecified"
1.3.20,,,3594,"Otitis media, unspecified"
1.3.20,,,3595,Otitis media in diseases classified elsewhere
1.3.20,,,3596,Otitis media in bacterial diseases classified elsewhere
1.3.20,,,3597,Otitis media in viral diseases classified elsewhere
1.3.20,,,3598,Otitis media in other diseases classified elsewhere
1.3.20,,,492,Measles complicated by otitis media
1.3.20,,,18096,Acute serous or mucoid otitis media
1.3.20,,,18097,Acute nonserous nonsuppurative otitis media
1.3.20,,,18098,Chronic serous or mucoid otitis media
1.3.20,,,18099,Noninfected otitis media with effusion
1.3.20,,,18100,Nonsuppurative otitis media unspecified
1.3.20,,,18101,Acute suppurative otitis media
1.3.20,,,18102,Chronic suppurative otitis media
1.3.20,,,18103,Chronic tubotympanic suppurative otitis media
1.3.20,,,18104,Chronic atticoantral suppurative otitis media
1.3.20,,,18105,Other chronic suppurative otitis media
1.3.20,,,18106,Chronic suppurative otitis media unspecified
1.3.20,,,18107,Other specified suppurative otitis media
1.3.20,,,18108,Suppurative otitis media unspecified
1.3.20,,,18109,Acute otitis media
1.3.20,,,18110,Chronic otitis media
1.3.20,,,18111,Other specified otitis media
1.3.20,,,18112,Otitis media unspecified
1.3.20,,,,
1.3.20,213,EN01. Otitis media acute and chronic,492,Measles complicated by otitis media
1.3.20,213,EN01. Otitis media acute and chronic,18096,Acute serous or mucoid otitis media
1.3.20,213,EN01. Otitis media acute and chronic,18097,Acute nonserous nonsuppurative otitis media
1.3.20,213,EN01. Otitis media acute and chronic,18098,Chronic serous or mucoid otitis media
1.3.20,213,EN01. Otitis media acute and chronic,18099,Noninfected otitis media with effusion
1.3.20,213,EN01. Otitis media acute and chronic,18100,Nonsuppurative otitis media unspecified
1.3.20,213,EN01. Otitis media acute and chronic,18101,Acute suppurative otitis media
1.3.20,213,EN01. Otitis media acute and chronic,18102,Chronic suppurative otitis media
1.3.20,213,EN01. Otitis media acute and chronic,18103,Chronic tubotympanic suppurative otitis media
1..3.20,213,EN01. Otitis media acute and chronic,18104,Chronic atticoantral suppurative otitis media
1.3.20,213,EN01. Otitis media acute and chronic,18105,Other chronic suppurative otitis media
1.3.20,213,EN01. Otitis media acute and chronic,18106,Chronic suppurative otitis media unspecified
1.3.20,213,EN01. Otitis media acute and chronic,18107,Other specified suppurative otitis media
1.3.20,213,EN01. Otitis media acute and chronic,18108,Suppurative otitis media unspecified
1.3.20,213,EN01. Otitis media acute and chronic,18109,Acute otitis media
1.3.20,213,EN01. Otitis media acute and chronic,18110,Chronic otitis media
1.3.20,213,EN01. Otitis media acute and chronic,18111,Other specified otitis media
1.3.20,213,EN01. Otitis media acute and chronic,18112,Otitis media unspecified
1.3.20,214,EN03. Hearing loss,3659,"Conductive hearing loss, unilateral with unrestricted hearing on the contralateral side"
1.3.20,214,EN03. Hearing loss,3657,Conductive and sensorineural hearing loss
1.3.20,214,EN03. Hearing loss,3663,"Sensorineural hearing loss, unspecified"
1.3.20,214,EN03. Hearing loss,3662,"Sensorineural hearing loss, unilateral with unrestricted hearing on the contralateral side"
1.3.20,214,EN03. Hearing loss,3661,"Sensorineural hearing loss, bilateral"
1.3.20,214,EN03. Hearing loss,3660,"Conductive hearing loss, unspecified"
1.3.20,214,EN03. Hearing loss,3658,"Conductive hearing loss, bilateral"
1.3.20,214,EN03. Hearing loss,3673,"Hearing loss, unspecified"
1.3.20,214,EN03. Hearing loss,3672,Other specified hearing loss
1.3.20,214,EN03. Hearing loss,3670,Sudden idiopathic hearing loss
1.3.20,214,EN03. Hearing loss,3668,Ototoxic hearing loss
1.3.20,214,EN03. Hearing loss,3667,Other hearing loss
1.3.20,214,EN03. Hearing loss,3666,"Mixed conductive and sensorineural hearing loss, unspecified"
1.3.20,214,EN03. Hearing loss,3665,"Mixed conductive and sensorineural hearing loss, unilateral with unrestricted hearing on the contralateral side"
1.3.20,214,EN03. Hearing loss,3664,"Mixed conductive and sensorineural hearing loss, bilateral"
1.3.20,214,EN03. Hearing loss,11955,Family history of deafness and hearing loss
1.3.20,214,EN03. Hearing loss,18138,Sudden idiopathic hearing loss
1.3.20,214,EN03. Hearing loss,18184,Congenital conductive hearing loss
1.3.20,214,EN03. Hearing loss,18185,Congenital sensorineural hearing loss
1.3.20,214,EN03. Hearing loss,18186,Congenital mixed conductive and sensorineural hearing loss
1.3.20,214,EN03. Hearing loss,18190,Acquired conductive hearing loss
1.3.20,214,EN03. Hearing loss,18191,Acquired sensorineural hearing loss
1.3.20,214,EN03. Hearing loss,18192,Acquired mixed conductive and sensorineural hearing loss
1.3.20,214,EN03. Hearing loss,18196,Ototoxic hearing loss
1.3.20,214,EN03. Hearing loss,18198,Hereditary hearing loss
1.3.20,215,EN17. Other ENT conditions,3605,"Eustachian tube disorder, unspecified"
1.3.20,215,EN17. Other ENT conditions,3603,Patulous Eustachian tube
1.3.20,215,EN17. Other ENT conditions,3602,Other disorders of Eustachian tube
1.3.20,215,EN17. Other ENT conditions,3600,Eustachian salpingitis
1.3.20,217,EC03. Ophthalmianeonatorum,7415,Congenital malformation of optic disc
1.3.20,220,EC09. Glaucoma,3448,Glaucoma secondary to eye inflammation
1.3.20,220,EC09. Glaucoma,3443,Glaucoma
1.3.20,220,EC09. Glaucoma,7420,Congenital glaucoma
1.3.20,220,EC09. Glaucoma,3455,Glaucoma in other diseases classified elsewhere
1.3.20,220,EC09. Glaucoma,3454,"Glaucoma in endocrine, nutritional and metabolic diseases"
1.3.20,220,EC09. Glaucoma,3453,Glaucoma in diseases classified elsewhere
1.3.20,220,EC09. Glaucoma,3452,"Glaucoma, unspecified"
1.3.20,220,EC09. Glaucoma,3451,Other glaucoma
1.3.20,220,EC09. Glaucoma,3450,Glaucoma secondary to drugs
1.3.20,220,EC09. Glaucoma,3449,Glaucoma secondary to other eye disorders
1.3.20,220,EC09. Glaucoma,3447,Glaucoma secondary to eye trauma
1.3.20,220,EC09. Glaucoma,3446,Primary angle-closure glaucoma
1.3.20,220,EC09. Glaucoma,3445,Primary open-angle glaucoma
1.3.20,220,EC09. Glaucoma,3444,Glaucoma suspect
1.3.20,221,EC10. Trachoma,351,Trachoma
1.3.20,221,EC10. Trachoma,354,"Trachoma, unspecified"
1.3.20,221,EC10. Trachoma,352,Initial stage of trachoma
1.3.20,221,EC10. Trachoma,353,Active stage of trachoma
1.3.20,222,EC18. Tumors,1448,Malignant mast cell tumour
1.3.20,223,EC26. Blindness,3535,Visual impairment including blindness (binocular or monocular)
1.3.20,223,EC26. Blindness,3532,Night blindness
1.3.20,223,EC26. Blindness,3540,"Blindness, monocular"
1.3.20,223,EC26. Blindness,3536,"Blindness, binocular"
1.3.20,225,EC27. Other eye conditions,3376,Senile incipient cataract
1.3.20,225,EC27. Other eye conditions,3377,Senile nuclear cataract
1.3.20,225,EC27. Other eye conditions,3375,Senile cataract
1.3.20,225,EC27. Other eye conditions,3385,Drug-induced cataract
1.3.20,227,MH04. Bipolar disorders,2591,"Bipolar affective disorder, current episode severe depression without psychotic symptoms"
1.3.20,227,MH04. Bipolar disorders,2590,"Bipolar affective disorder, current episode mild or moderate depression"
1.3.20,227,MH04. Bipolar disorders,2589,"Bipolar affective disorder, current episode manic with psychotic symptoms"
1.3.20,227,MH04. Bipolar disorders,2588,"Bipolar affective disorder, current episode manic without psychotic symptoms"
1.3.20,227,MH04. Bipolar disorders,2587,"Bipolar affective disorder, current episode hypomanic"
1.3.20,227,MH04. Bipolar disorders,2586,Bipolar affective disorder
1.3.20,227,MH04. Bipolar disorders,2596,"Bipolar affective disorder, unspecified"
1.3.20,227,MH04. Bipolar disorders,2595,Other bipolar affective disorders
1.3.20,227,MH04. Bipolar disorders,2594,"Bipolar affective disorder, currently in remission"
1.3.20,227,MH04. Bipolar disorders,2593,"Bipolar affective disorder, current episode mixed"
1.3.20,227,MH04. Bipolar disorders,2592,"Bipolar affective disorder, current episode severe depression with psychotic symptoms"
1.3.20,229,MH07. Epilepsy,2994,"Epilepsy, unspecified"
1.3.20,229,MH07. Epilepsy,2993,Other epilepsy
1.3.20,229,MH07. Epilepsy,2984,Epilepsy
1.3.20,229,MH07. Epilepsy,2989,Other generalized epilepsy and epileptic syndromes
1.3.20,229,MH07. Epilepsy,2988,Generalized idiopathic epilepsy and epileptic syndromes
1.3.20,229,MH07. Epilepsy,2987,Localization-related (focal)(partial) symptomatic epilepsy and epileptic syndromes with complex partial seizures
1.3.20,229,MH07. Epilepsy,2986,Localization-related (focal)(partial) symptomatic epilepsy and epileptic syndromes with simple partial seizures
1.3.20,229,MH07. Epilepsy,2985,Localization-related (focal)(partial) idiopathic epilepsy and epileptic syndromes with seizures of localized onset
1.3.20,232,MH05. Schizophrenia,2552,Catatonic schizophrenia
1.3.20,232,MH05. Schizophrenia,2549,Schizophrenia
1.3.20,232,MH05. Schizophrenia,2550,Paranoid schizophrenia
1.3.20,232,MH05. Schizophrenia,2551,Hebephrenic schizophrenia
1.3.20,232,MH05. Schizophrenia,2553,Undifferentiated schizophrenia
1.3.20,232,MH05. Schizophrenia,2555,Residual schizophrenia
1.3.20,232,MH05. Schizophrenia,2556,Simple schizophrenia
1.3.20,232,MH05. Schizophrenia,2557,Other schizophrenia
1.3.20,232,MH05. Schizophrenia,2558,"Schizophrenia, unspecified"
1.3.20,239,CR01. Asthma,4313,Predominantly allergic asthma
1.3.20,239,CR01. Asthma,4312,Asthma
1.3.20,239,CR01. Asthma,4316,"Asthma, unspecified"
1.3.20,239,CR01. Asthma,4315,Mixed asthma
1.3.20,239,CR01. Asthma,4314,Nonallergic asthma
1.3.20,240,CR02. Chronic Obstructive Pulmonary Disease (COPD),4307,Other chronic obstructive pulmonary disease
1.3.20,240,CR02. Chronic Obstructive Pulmonary Disease (COPD),4309,"Chronic obstructive pulmonary disease with acute exacerbation, unspecified"
1.3.20,240,CR02. Chronic Obstructive Pulmonary Disease (COPD),4311,"Chronic obstructive pulmonary disease, unspecified"
1.3.20,240,CR02. Chronic Obstructive Pulmonary Disease (COPD),4310,Other specified chronic obstructive pulmonary disease
1.3.20,240,CR02. Chronic Obstructive Pulmonary Disease (COPD),4308,Chronic obstructive pulmonary disease with acute lower respiratory infection
1.3.20,242,CA01. Cervical Cancer,1198,Exocervix
1.3.20,242,CA01. Cervical Cancer,1200,"Cervix uteri, unspecified"
1.3.20,242,CA01. Cervical Cancer,1196,Malignant neoplasm of cervix uteri
1.3.20,242,CA01. Cervical Cancer,1197,Endocervix
1.3.20,242,CA01. Cervical Cancer,1199,Overlapping lesion of cervix uteri
1.3.20,243,CA02. Prostate Cancer,1226,Malignant neoplasm of prostate
1.3.20,244,CA03. Breast Cancer,1186,Axillary tail of breast
1.3.20,244,CA03. Breast Cancer,1187,Overlapping lesion of breast
1.3.20,244,CA03. Breast Cancer,1188,"Breast, unspecified"
1.3.20,244,CA03. Breast Cancer,1179,Malignant neoplasm of breast
1.3.20,244,CA03. Breast Cancer,1180,Nipple and areola
1.3.20,244,CA03. Breast Cancer,1181,Central portion of breast
1.3.20,244,CA03. Breast Cancer,1182,Upper-inner quadrant of breast
1.3.20,244,CA03. Breast Cancer,1183,Lower-inner quadrant of breast
1.3.20,244,CA03. Breast Cancer,1185,Lower-outer quadrant of breast
1.3.20,244,CA03. Breast Cancer,1184,Upper-outer quadrant of breast
1.3.20,245,CA04. Lung Cancer,1088,"Lower lobe, bronchus or lung"
1.3.20,245,CA04. Lung Cancer,1086,"Upper lobe, bronchus or lung"
1.3.20,245,CA04. Lung Cancer,1085,Main bronchus
1.3.20,245,CA04. Lung Cancer,1084,Malignant neoplasm of bronchus and lung
1.3.20,245,CA04. Lung Cancer,1090,"Bronchus or lung, unspecified"
1.3.20,245,CA04. Lung Cancer,1089,Overlapping lesion of bronchus and lung
1.3.20,245,CA04. Lung Cancer,1087,"Middle lobe, bronchus or lung"
1.3.20,246,CA05. Liver Cancer,1044,Other specified carcinomas of liver
1.3.20,246,CA05. Liver Cancer,1045,"Liver, unspecified"
1.3.20,246,CA05. Liver Cancer,1038,Malignant neoplasm of liver and intrahepatic bile ducts
1.3.20,246,CA05. Liver Cancer,1039,Liver cell carcinoma
1.3.20,246,CA05. Liver Cancer,1040,Intrahepatic bile duct carcinoma
1.3.20,246,CA05. Liver Cancer,1041,Hepatoblastoma
1.3.20,246,CA05. Liver Cancer,1042,Angiosarcoma of liver
1.3.20,246,CA05. Liver Cancer,1043,Other sarcomas of liver
1.3.20,247,CA06. Colon Cancer,1029,Overlapping lesion of colon
1.3.20,247,CA06. Colon Cancer,1022,Appendix
1.3.20,247,CA06. Colon Cancer,1023,Ascending colon
1.3.20,247,CA06. Colon Cancer,1028,Sigmoid colon
1.3.20,247,CA06. Colon Cancer,1024,Hepatic flexure
1.3.20,247,CA06. Colon Cancer,1026,Splenic flexure
1.3.20,247,CA06. Colon Cancer,1025,Transverse colon
1.3.20,247,CA06. Colon Cancer,1027,Descending colon
1.3.20,247,CA06. Colon Cancer,1020,Malignant neoplasm of colon
1.3.20,247,CA06. Colon Cancer,1021,Caecum
1.3.20,247,CA06. Colon Cancer,1030,"Colon, unspecified"
1.3.20,248,CA07. Kaposis Sarcoma,1148,Kaposi sarcoma of soft tissue
1.3.20,248,CA07. Kaposis Sarcoma,1151,Kaposi sarcoma of other sites
1.3.20,248,CA07. Kaposis Sarcoma,1153,"Kaposi sarcoma, unspecified"
1.3.20,248,CA07. Kaposis Sarcoma,1152,Kaposi sarcoma of multiple organs
1.3.20,248,CA07. Kaposis Sarcoma,1150,Kaposi sarcoma of lymph nodes
1.3.20,248,CA07. Kaposis Sarcoma,1149,Kaposi sarcoma of palate
1.3.20,251,CV01. Stroke/Cardiovascular Accident(CVA),3027,Brain stem stroke syndrome
1.3.20,251,CV01. Stroke/Cardiovascular Accident(CVA),3976,"Stroke, not specified as haemorrhage or infarction"
1.3.20,251,CV01. Stroke/Cardiovascular Accident(CVA),3028,Cerebellar stroke syndrome
1.3.20,252,CV02. Hypertension,3799,Other secondary pulmonary hypertension
1.3.20,252,CV02. Hypertension,7119,Neonatal hypertension
1.3.20,252,CV02. Hypertension,8048,"Elevated blood-pressure reading, without diagnosis of hypertension"
1.3.20,252,CV02. Hypertension,6531,"Unspecified pre-existing hypertension complicating pregnancy, childbirth and the puerperium"
1.3.20,252,CV02. Hypertension,3215,Benign intracranial hypertension
1.3.20,252,CV02. Hypertension,6530,"Pre-existing secondary hypertension complicating pregnancy, childbirth and the puerperium"
1.3.20,252,CV02. Hypertension,3797,Primary pulmonary hypertension
1.3.20,252,CV02. Hypertension,4835,Portal hypertension
1.3.20,252,CV02. Hypertension,3751,"Secondary hypertension, unspecified"
1.3.20,252,CV02. Hypertension,3750,Other secondary hypertension
1.3.20,252,CV02. Hypertension,3749,Hypertension secondary to endocrine disorders
1.3.20,252,CV02. Hypertension,3748,Hypertension secondary to other renal disorders
1.3.20,252,CV02. Hypertension,3747,Renovascular hypertension
1.3.20,252,CV02. Hypertension,3746,Secondary hypertension
1.3.20,252,CV02. Hypertension,3734,Essential (primary) hypertension
1.3.20,252,CV02. Hypertension,6526,"Pre-existing essential hypertension complicating pregnancy, childbirth and the puerperium"
1.3.20,252,CV02. Hypertension,6525,"Pre-existing hypertension complicating pregnancy, childbirth and the puerperium"
1.3.20,253,CV03. Heart failure,3925,"Heart failure, unspecified"
1.3.20,253,CV03. Heart failure,3923,Congestive heart failure
1.3.20,253,CV03. Heart failure,3922,Heart failure
1.3.20,254,CV04. Ischemic Heart Diseases,3781,Other forms of acute ischaemic heart disease
1.3.20,254,CV04. Ischemic Heart Diseases,3789,Ischaemic cardiomyopathy
1.3.20,254,CV04. Ischemic Heart Diseases,3778,Other acute ischaemic heart diseases
1.3.20,254,CV04. Ischemic Heart Diseases,3782,"Acute ischaemic heart disease, unspecified"
1.3.20,255,CV05. Rheumatic Heart Diseases,3728,Other rheumatic heart diseases
1.3.20,255,CV05. Rheumatic Heart Diseases,3732,Other specified rheumatic heart diseases
1.3.20,255,CV05. Rheumatic Heart Diseases,3733,"Rheumatic heart disease, unspecified"
1.3.20,255,CV05. Rheumatic Heart Diseases,3699,"Acute rheumatic heart disease, unspecified"
1.3.20,255,CV05. Rheumatic Heart Diseases,3698,Other acute rheumatic heart disease
1.3.20,256,CV06. Chronic Heart Diseases,3792,"Chronic ischaemic heart disease, unspecified"
1.3.20,257,CV07. Other Cardiovascular Diseases,3933,"Cardiovascular disease, unspecified"
1.3.20,257,CV07. Other Cardiovascular Diseases,3796,Other pulmonary heart diseases
1.3.20,257,CV07. Other Cardiovascular Diseases,3800,Other specified pulmonary heart diseases
1.3.20,257,CV07. Other Cardiovascular Diseases,3935,Other ill-defined heart diseases
1.3.20,259,EM01. Diabetes mellitus,2037,Insulin-dependent diabetes mellitus: With peripheral circulatory complications
1.3.20,259,EM01. Diabetes mellitus,2036,Insulin-dependent diabetes mellitus: With neurological complications
1.3.20,259,EM01. Diabetes mellitus,2082,Unspecified diabetes mellitus: With other specified complications
1.3.20,259,EM01. Diabetes mellitus,2081,Unspecified diabetes mellitus: With peripheral circulatory complications
1.3.20,259,EM01. Diabetes mellitus,2080,Unspecified diabetes mellitus: With neurological complications
1.3.20,259,EM01. Diabetes mellitus,2079,Unspecified diabetes mellitus: With ophthalmic complications
1.3.20,259,EM01. Diabetes mellitus,2078,Unspecified diabetes mellitus: With renal complications
1.3.20,259,EM01. Diabetes mellitus,2077,Unspecified diabetes mellitus: With ketoacidosis
1.3.20,259,EM01. Diabetes mellitus,2076,Unspecified diabetes mellitus: With coma
1.3.20,259,EM01. Diabetes mellitus,2075,Unspecified diabetes mellitus
1.3.20,259,EM01. Diabetes mellitus,2074,Other specified diabetes mellitus: Without complications
1.3.20,259,EM01. Diabetes mellitus,2073,Other specified diabetes mellitus: With unspecified complications
1.3.20,259,EM01. Diabetes mellitus,2072,Other specified diabetes mellitus: With multiple complications
1.3.20,259,EM01. Diabetes mellitus,2071,Other specified diabetes mellitus: With other specified complications
1.3.20,259,EM01. Diabetes mellitus,2070,Other specified diabetes mellitus: With peripheral circulatory complications
1.3.20,259,EM01. Diabetes mellitus,2069,Other specified diabetes mellitus: With neurological complications
1.3.20,259,EM01. Diabetes mellitus,2068,Other specified diabetes mellitus: With ophthalmic complications
1.3.20,259,EM01. Diabetes mellitus,2067,Other specified diabetes mellitus: With renal complications
1.3.20,259,EM01. Diabetes mellitus,2066,Other specified diabetes mellitus: With ketoacidosis
1.3.20,259,EM01. Diabetes mellitus,2065,Other specified diabetes mellitus: With coma
1.3.20,259,EM01. Diabetes mellitus,2064,Other specified diabetes mellitus
1.3.20,259,EM01. Diabetes mellitus,2063,Malnutrition-related diabetes mellitus: Without complications
1.3.20,259,EM01. Diabetes mellitus,2062,Malnutrition-related diabetes mellitus: With unspecified complications
1.3.20,259,EM01. Diabetes mellitus,2061,Malnutrition-related diabetes mellitus: With multiple complications
1.3.20,259,EM01. Diabetes mellitus,2060,Malnutrition-related diabetes mellitus: With other specified complications
1.3.20,259,EM01. Diabetes mellitus,2059,Malnutrition-related diabetes mellitus: With peripheral circulatory complications
1.3.20,259,EM01. Diabetes mellitus,2051,Non-insulin-dependent diabetes mellitus: With unspecified complications
1.3.20,259,EM01. Diabetes mellitus,2038,Insulin-dependent diabetes mellitus: With other specified complications
1.3.20,259,EM01. Diabetes mellitus,2039,Insulin-dependent diabetes mellitus: With multiple complications
1.3.20,259,EM01. Diabetes mellitus,2052,Non-insulin-dependent diabetes mellitus: Without complications
1.3.20,259,EM01. Diabetes mellitus,2040,Insulin-dependent diabetes mellitus: With unspecified complications
1.3.20,259,EM01. Diabetes mellitus,2058,Malnutrition-related diabetes mellitus: With neurological complications
1.3.20,259,EM01. Diabetes mellitus,2041,Insulin-dependent diabetes mellitus: Without complications
1.3.20,259,EM01. Diabetes mellitus,2042,Type 2 diabetes mellitus
1.3.20,259,EM01. Diabetes mellitus,2054,Malnutrition-related diabetes mellitus: With coma
1.3.20,259,EM01. Diabetes mellitus,2053,Malnutrition-related diabetes mellitus
1.3.20,259,EM01. Diabetes mellitus,2043,Non-insulin-dependent diabetes mellitus: With coma
1.3.20,259,EM01. Diabetes mellitus,2044,Non-insulin-dependent diabetes mellitus: With ketoacidosis
1.3.20,259,EM01. Diabetes mellitus,2035,Insulin-dependent diabetes mellitus: With ophthalmic complications
1.3.20,259,EM01. Diabetes mellitus,2034,Insulin-dependent diabetes mellitus: With renal complications
1.3.20,259,EM01. Diabetes mellitus,6579,Pre-existing malnutrition-related diabetes mellitus
1.3.20,259,EM01. Diabetes mellitus,2033,Insulin-dependent diabetes mellitus: With ketoacidosis
1.3.20,259,EM01. Diabetes mellitus,6580,"Pre-existing diabetes mellitus, unspecified"
1.3.20,259,EM01. Diabetes mellitus,2032,Insulin-dependent diabetes mellitus: With coma
1.3.20,259,EM01. Diabetes mellitus,6576,Diabetes mellitus in pregnancy
1.3.20,259,EM01. Diabetes mellitus,6577,Pre-existing type 1 diabetes mellitus
1.3.20,259,EM01. Diabetes mellitus,2045,Non-insulin-dependent diabetes mellitus: With renal complications
1.3.20,259,EM01. Diabetes mellitus,2046,Non-insulin-dependent diabetes mellitus: With ophthalmic complications
1.3.20,259,EM01. Diabetes mellitus,2047,Non-insulin-dependent diabetes mellitus: With neurological complications
1.3.20,259,EM01. Diabetes mellitus,6581,Diabetes mellitus arising in pregnancy
1.3.20,259,EM01. Diabetes mellitus,2057,Malnutrition-related diabetes mellitus: With ophthalmic complications
1.3.20,259,EM01. Diabetes mellitus,6582,"Diabetes mellitus in pregnancy, unspecified"
1.3.20,259,EM01. Diabetes mellitus,7234,Neonatal diabetes mellitus
1.3.20,259,EM01. Diabetes mellitus,2031,Type 1 diabetes mellitus
1.3.20,259,EM01. Diabetes mellitus,2056,Malnutrition-related diabetes mellitus: With renal complications
1.3.20,259,EM01. Diabetes mellitus,2055,Malnutrition-related diabetes mellitus: With ketoacidosis
1.3.20,259,EM01. Diabetes mellitus,6578,Pre-existing type 2 diabetes mellitus
1.3.20,259,EM01. Diabetes mellitus,2048,Non-insulin-dependent diabetes mellitus: With peripheral circulatory complications
1.3.20,259,EM01. Diabetes mellitus,2049,Non-insulin-dependent diabetes mellitus: With other specified complications
1.3.20,259,EM01. Diabetes mellitus,2050,Non-insulin-dependent diabetes mellitus: With multiple complications
1.3.20,259,EM01. Diabetes mellitus,2083,Unspecified diabetes mellitus: With multiple complications
1.3.20,259,EM01. Diabetes mellitus,2084,Unspecified diabetes mellitus: With unspecified complications
1.3.20,259,EM01. Diabetes mellitus,2085,Unspecified diabetes mellitus: Without complications
1.3.20,260,EM02. Thyroid Disease,2024,Other chronic thyroiditis
1.3.20,260,EM02. Thyroid Disease,2011,Thyrotoxicosis with toxic single thyroid nodule
1.3.20,260,EM02. Thyroid Disease,2018,Thyroiditis
1.3.20,260,EM02. Thyroid Disease,2385,Postprocedural hypothyroidism
1.3.20,260,EM02. Thyroid Disease,1994,Other hypothyroidism
1.3.20,260,EM02. Thyroid Disease,1997,Hypothyroidism due to medicaments and other exogenous substances
1.3.20,260,EM02. Thyroid Disease,1998,Postinfectious hypothyroidism
1.3.20,260,EM02. Thyroid Disease,2001,Other specified hypothyroidism
1.3.20,260,EM02. Thyroid Disease,2002,"Hypothyroidism, unspecified"
1.3.20,260,EM02. Thyroid Disease,2025,"Thyroiditis, unspecified"
1.3.20,261,EM03. Other Endocrine and Metabolic Diseases,2392,Other postprocedural endocrine and metabolic disorders
1.3.20,261,EM03. Other Endocrine and Metabolic Diseases,2394,Nutritional and metabolic disorders in diseases classified elsewhere
1.3.20,261,EM03. Other Endocrine and Metabolic Diseases,2382,Other specified metabolic disorders
1.3.20,261,EM03. Other Endocrine and Metabolic Diseases,2173,Other endocrine disorders
1.3.20,261,EM03. Other Endocrine and Metabolic Diseases,2181,"Endocrine disorder, unspecified"
1.3.20,261,EM03. Other Endocrine and Metabolic Diseases,2384,"Postprocedural endocrine and metabolic disorders, not elsewhere classified"
1.3.20,261,EM03. Other Endocrine and Metabolic Diseases,6520,Metabolic disorders following abortion and ectopic and molar pregnancy
1.3.20,261,EM03. Other Endocrine and Metabolic Diseases,2383,"Metabolic disorder, unspecified"
1.3.20,267,IN01. Jaw injuries,8469,Sprain and strain of jaw
1.3.20,267,IN01. Jaw injuries,8465,Dislocation of jaw
1.3.20,268,IN02. Road traffic Injuries,10655,Person on outside of all-terrain or other off-road motor vehicle injured in nontraffic accident
1.3.20,268,IN02. Road traffic Injuries,10656,Unspecified occupant of all-terrain or other off-road motor vehicle injured in nontraffic accident
1.3.20,268,IN02. Road traffic Injuries,10647,"Occupant of special all-terrain or other motor vehicle designed primarily for off-road use, injured in transport accident"
1.3.20,270,IN03. Injuries due to Gender based violence,9713,Sexual abuse
1.3.20,270,IN03. Injuries due to Gender based violence,9712,Physical abuse
1.3.20,270,IN03. Injuries due to Gender based violence,9714,Psychological abuse
1.3.20,271,IN04. Injuries (Trauma due to other causes),9738,Traumatic anuria
1.3.20,271,IN04. Injuries (Trauma due to other causes),10912,Exposure to unspecified factor causing other and unspecified injury
1.3.20,271,IN04. Injuries (Trauma due to other causes),10704,Accident to watercraft causing other injury: Water-skis
1.3.20,271,IN04. Injuries (Trauma due to other causes),10703,Accident to watercraft causing other injury: Inflatable craft (nonpowered)
1.3.20,271,IN04. Injuries (Trauma due to other causes),10702,Accident to watercraft causing other injury: Canoe or kayak
1.3.20,271,IN04. Injuries (Trauma due to other causes),9888,Sequelae of certain early complications of trauma
1.3.20,271,IN04. Injuries (Trauma due to other causes),9869,Sequelae of crushing injury and traumatic amputation of lower limb
1.3.20,271,IN04. Injuries (Trauma due to other causes),9859,Sequelae of crushing injury and traumatic amputation of upper limb
1.3.20,271,IN04. Injuries (Trauma due to other causes),10778,Diving or jumping into water causing injury other than drowning or submersion
1.3.20,271,IN04. Injuries (Trauma due to other causes),10748,Accident to nonpowered aircraft causing injury to occupant
1.3.20,271,IN04. Injuries (Trauma due to other causes),10740,Accident to powered aircraft causing injury to occupant
1.3.20,271,IN04. Injuries (Trauma due to other causes),10706,Accident to watercraft causing other injury: Unspecified watercraft
1.3.20,271,IN04. Injuries (Trauma due to other causes),10705,Accident to watercraft causing other injury: Other unpowered watercraft
1.3.20,272,IN05a. Animal bites Domestic,10814,Bitten or struck by dog
1.3.20,273,IN05b. Animal bites Wild,10876,Contact with other specified venomous animals
1.3.20,273,IN05b. Animal bites Wild,10816,Contact with marine animal
1.3.20,274,IN07. Insect bites,10817,Bitten or stung by nonvenomous insect and other nonvenomous arthropods
1.3.20,275,IN06. Snake bites,10869,Contact with venomous snakes and lizards
1.3.20,275,IN06. Snake bites,7244,Transitory neonatal hypoparathyroidism
1.3.20,277,MN01. Tooth extractions,4499,"Loss of teeth due to accident, extraction or local periodontal disease"
1.3.20,278,MN02. Dental Fillings,12111,Other specified postsurgical states
1.3.20,279,MN03. Other Minor Operations,11658,Routine and ritual circumcision
1.3.20,279,MN03. Other Minor Operations,11662,Follow-up care involving plastic surgery
1.3.20,281,NT01. Leishmaniasis,728,Visceral leishmaniasis
1.3.20,281,NT01. Leishmaniasis,731,"Leishmaniasis, unspecified"
1.3.20,281,NT01. Leishmaniasis,730,Mucocutaneous leishmaniasis
1.3.20,281,NT01. Leishmaniasis,729,Cutaneous leishmaniasis
1.3.20,281,NT01. Leishmaniasis,727,Leishmaniasis
1.3.20,281,NT01. Leishmaniasis,11557,Need for immunization against leishmaniasis
1.3.20,281,NT01. Leishmaniasis,13053,Leishmaniasis
1.3.20,281,NT01. Leishmaniasis,13054,Visceral leishmaniasis
1.3.20,281,NT01. Leishmaniasis,13055,Cutaneous leishmaniasis
1.3.20,281,NT01. Leishmaniasis,13056,Mucocutaneous leishmaniasis
1.3.20,281,NT01. Leishmaniasis,13057,Leishmaniasis unspecified
1.3.20,281,NT01. Leishmaniasis,28989,Need for immunization against leishmaniasis
1.3.20,282,NT02. Lymphatic Filariasis (hydrocele),6188,Encysted hydrocele
1.3.20,282,NT02. Lymphatic Filariasis (hydrocele),7291,Congenital hydrocele
1.3.20,282,NT02. Lymphatic Filariasis (hydrocele),6191,"Hydrocele, unspecified"
1.3.20,282,NT02. Lymphatic Filariasis (hydrocele),6190,Other hydrocele
1.3.20,282,NT02. Lymphatic Filariasis (hydrocele),6187,Hydrocele and spermatocele
1.3.20,282,NT02. Lymphatic Filariasis (hydrocele),6189,Infected hydrocele
1.3.20,283,NT03. Lymphatic Filariasis (Lympoedema),4140,Postmastectomy lymphoedema syndrome
1.3.20,283,NT03. Lymphatic Filariasis (Lympoedema),4127,"Lymphoedema, not elsewhere classified"
1.3.20,283,NT03. Lymphatic Filariasis (Lympoedema),7908,Hereditary lymphoedema
1.3.20,283,NT03. Lymphatic Filariasis (Lympoedema),13086,Lymphatic filariasis
1.3.20,283,NT03. Lymphatic Filariasis (Lympoedema),13090,Lymphatic filariasis unspecified
1.3.20,283,NT03. Lymphatic Filariasis (Lympoedema),18759,Lymphoedema due to lymphatic filariasis
1.3.20,284,NT04. q,758,Schistosomiasis due to Schistosoma haematobium [urinary schistosomiasis]
1.3.20,285,NT05. Intestinal Schistosomiasis,759,Schistosomiasis due to Schistosoma mansoni [intestinal schistosomiasis]
1.3.20,286,NT06. Onchocerciasis,802,Onchocerciasis
1.3.20,288,MC01. Abortions due to Gender-Based Violence (GBV),11602,"Pregnant state, incidental"
1.3.20,289,MC02. Abortions due to other causes,6522,Other venous complications following abortion and ectopic and molar pregnancy
1.3.20,289,MC02. Abortions due to other causes,6523,Other complications following abortion and ectopic and molar pregnancy
1.3.20,289,MC02. Abortions due to other causes,6524,"Complication following abortion and ectopic and molar pregnancy, unspecified"
1.3.20,289,MC02. Abortions due to other causes,6622,Continuing pregnancy after abortion of one fetus or more
1.3.20,289,MC02. Abortions due to other causes,6517,Embolism following abortion and ectopic and molar pregnancy
1.3.20,289,MC02. Abortions due to other causes,6518,Shock following abortion and ectopic and molar pregnancy
1.3.20,289,MC02. Abortions due to other causes,6519,Renal failure following abortion and ectopic and molar pregnancy
1.3.20,289,MC02. Abortions due to other causes,6520,Metabolic disorders following abortion and ectopic and molar pregnancy
1.3.20,289,MC02. Abortions due to other causes,6521,Damage to pelvic organs and tissues following abortion and ectopic and molar pregnancy
1.3.20,290,MC04. Malaria in pregnancy,6924,"Maternal infectious and parasitic diseases classifiable elsewhere but complicating pregnancy, childbirth and the puerperium"
1.3.20,290,MC04. Malaria in pregnancy,6933,"Other maternal infectious and parasitic diseases complicating pregnancy, childbirth and the puerperium"
1.3.20,290,MC04. Malaria in pregnancy,6934,"Unspecified maternal infectious or parasitic disease complicating pregnancy, childbirth and the puerperium"
1.3.20,291,MC05. High blood pressure in pregnancy,6537,Gestational [pregnancy-induced] hypertension
1.3.20,292,MC06. Obstructed labour,6745,Obstructed labour due to deformed pelvis
1.3.20,292,MC06. Obstructed labour,6741,Obstructed labour due to compound presentation
1.3.20,292,MC06. Obstructed labour,6740,Obstructed labour due to shoulder presentation
1.3.20,292,MC06. Obstructed labour,6746,Obstructed labour due to generally contracted pelvis
1.3.20,292,MC06. Obstructed labour,6747,Obstructed labour due to pelvic inlet contraction
1.3.20,292,MC06. Obstructed labour,6748,Obstructed labour due to pelvic outlet and mid-cavity contraction
1.3.20,292,MC06. Obstructed labour,6749,"Obstructed labour due to fetopelvic disproportion, unspecified"
1.3.20,292,MC06. Obstructed labour,6750,Obstructed labour due to abnormality of maternal pelvic organs
1.3.20,292,MC06. Obstructed labour,6757,Obstructed labour due to other abnormalities of fetus
1.3.20,292,MC06. Obstructed labour,6751,Obstructed labour due to other maternal pelvic abnormalities
1.3.20,292,MC06. Obstructed labour,6739,Obstructed labour due to brow presentation
1.3.20,292,MC06. Obstructed labour,6738,Obstructed labour due to face presentation
1.3.20,292,MC06. Obstructed labour,6744,Obstructed labour due to maternal pelvic abnormality
1.3.20,292,MC06. Obstructed labour,6737,Obstructed labour due to breech presentation
1.3.20,292,MC06. Obstructed labour,6736,Obstructed labour due to incomplete rotation of fetal head
1.3.20,292,MC06. Obstructed labour,6753,Other obstructed labour
1.3.20,292,MC06. Obstructed labour,6754,Obstructed labour due to shoulder dystocia
1.3.20,292,MC06. Obstructed labour,6755,Obstructed labour due to locked twins
1.3.20,292,MC06. Obstructed labour,6756,Obstructed labour due to unusually large fetus
1.3.20,292,MC06. Obstructed labour,6735,Obstructed labour due to malposition and malpresentation of fetus
1.3.20,292,MC06. Obstructed labour,6742,Obstructed labour due to other malposition and malpresentation
1.3.20,292,MC06. Obstructed labour,6743,"Obstructed labour due to malposition and malpresentation, unspecified"
1.3.20,292,MC06. Obstructed labour,6752,"Obstructed labour due to maternal pelvic abnormality, unspecified"
1.3.20,293,MC07. Puerperal sepsis,6861,Puerperal sepsis
1.3.20,294,MC08. Haemorrhage related to pregnancy (APH),6551,Other haemorrhage in early pregnancy
1.3.20,294,MC08. Haemorrhage related to pregnancy (APH),6549,Haemorrhage in early pregnancy
1.3.20,294,MC08. Haemorrhage related to pregnancy (APH),6552,"Haemorrhage in early pregnancy, unspecified"
1.3.20,633,EP01a. Suspected Fever,8221,Fever of other and unknown origin
1.3.20,633,EP01a. Suspected Fever,8224,"Fever, unspecified"
1.3.20,633,EP01a. Suspected Fever,8223,Other specified fever
1.3.20,633,EP01a. Suspected Fever,8222,Drug-induced fever
1.3.20,633,EP01a. Suspected Fever,453,"Other viral haemorrhagic fevers, not elsewhere classified"
1.3.20,634,EP01d. Malaria cases treated,719,Plasmodium malariae malaria with nephropathy
1.3.20,634,EP01d. Malaria cases treated,723,Plasmodium ovale malaria
1.3.20,634,EP01d. Malaria cases treated,721,Plasmodium malariae malaria without complication
1.3.20,634,EP01d. Malaria cases treated,720,Plasmodium malariae malaria with other complications
1.3.20,634,EP01d. Malaria cases treated,718,Plasmodium malariae malaria
1.3.20,634,EP01d. Malaria cases treated,717,Plasmodium vivax malaria without complication
1.3.20,634,EP01d. Malaria cases treated,716,Plasmodium vivax malaria with other complications
1.3.20,634,EP01d. Malaria cases treated,715,Plasmodium vivax malaria with rupture of spleen
1.3.20,634,EP01d. Malaria cases treated,714,Plasmodium vivax malaria
1.3.20,634,EP01d. Malaria cases treated,713,"Plasmodium falciparum malaria, unspecified"
1.3.20,634,EP01d. Malaria cases treated,712,Other severe and complicated Plasmodium falciparum malaria
1.3.20,634,EP01d. Malaria cases treated,711,Plasmodium falciparum malaria with cerebral complications
1.3.20,634,EP01d. Malaria cases treated,710,Plasmodium falciparum malaria
1.3.20,635,CD13. Severe Pneumonia,4206,"Bacterial pneumonia, unspecified"
1.3.20,636,ND04. Neonatal Pneumonia (8-28days),7078,"Congenital pneumonia due to streptococcus, group B"
1.3.20,636,ND04. Neonatal Pneumonia (8-28days),7080,Congenital pneumonia due to Pseudomonas
1.3.20,215,EN17. Other ENT conditions,5365,Other enteropathic arthropathies
1.3.20,215,EN17. Other ENT conditions,5774,"Other enthesopathies, not elsewhere classified"
1.3.20,215,EN17. Other ENT conditions,5765,"Other enthesopathies of lower limb, excluding foot"
1.3.20,215,EN17. Other ENT conditions,5767,Other enthesopathies
1.3.20,215,EN17. Other ENT conditions,5773,Other enthesopathy of foot
1.3.20,637,EN02. Mastoiditis,3611,"Mastoiditis, unspecified"
1.3.20,637,EN02. Mastoiditis,3606,Mastoiditis and related conditions
1.3.20,637,EN02. Mastoiditis,3607,Acute mastoiditis
1.3.20,637,EN02. Mastoiditis,3608,Chronic mastoiditis
1.3.20,637,EN02. Mastoiditis,3610,Other mastoiditis and related conditions
1.3.20,637,EN02. Mastoiditis,3611,"Mastoiditis, unspecified"
1.3.20,637,EN02. Mastoiditis,3633,Mastoiditis in infectious and parasitic diseases classified elsewhere
1.3.20,637,EN02. Mastoiditis,18120,Mastoiditis or related conditions
1.3.20,637,EN02. Mastoiditis,18121,Acute mastoiditis
1.3.20,637,EN02. Mastoiditis,18122,Chronic mastoiditis
1.3.20,637,EN02. Mastoiditis,18124,Mastoiditis not elsewhere classified
1.3.20,637,EN02. Mastoiditis,18125,Other specified mastoiditis or related conditions
1.3.20,638,EN04. Rhinitis,4246,Chronic rhinitis
1.3.20,638,EN04. Rhinitis,4243,Other allergic rhinitis
1.3.20,638,EN04. Rhinitis,4244,"Allergic rhinitis, unspecified"
1.3.20,638,EN04. Rhinitis,4245,"Chronic rhinitis, nasopharyngitis and pharyngitis"
1.3.20,639,EN05. Sinusitis,4256,"Chronic sinusitis, unspecified"
1.3.20,639,EN05. Sinusitis,4254,Chronic pansinusitis
1.3.20,639,EN05. Sinusitis,4255,Other chronic sinusitis
1.3.20,639,EN05. Sinusitis,4151,Acute sinusitis
1.3.20,639,EN05. Sinusitis,4152,Acute maxillary sinusitis
1.3.20,639,EN05. Sinusitis,4153,Acute frontal sinusitis
1.3.20,639,EN05. Sinusitis,4154,Acute ethmoidal sinusitis
1.3.20,639,EN05. Sinusitis,4155,Acute sphenoidal sinusitis
1.3.20,639,EN05. Sinusitis,4156,Acute pansinusitis
1.3.20,639,EN05. Sinusitis,4157,Other acute sinusitis
1.3.20,639,EN05. Sinusitis,4158,"Acute sinusitis, unspecified"
1.3.20,639,EN05. Sinusitis,4249,Chronic sinusitis
1.3.20,639,EN05. Sinusitis,4250,Chronic maxillary sinusitis
1.3.20,639,EN05. Sinusitis,4251,Chronic frontal sinusitis
1.3.20,639,EN05. Sinusitis,4252,Chronic ethmoidal sinusitis
1.3.20,639,EN05. Sinusitis,4253,Chronic sphenoidal sinusitis
1.3.20,639,EN05. Sinusitis,4254,Chronic pansinusitis
1.3.20,639,EN05. Sinusitis,4255,Other chronic sinusitis
1.3.20,639,EN05. Sinusitis,4256,"Chronic sinusitis, unspecified"
1.3.20,639,EN05. Sinusitis,18812,Acute sinusitis
1.3.20,639,EN05. Sinusitis,18860,Chronic rhinosinusitis
1.3.20,639,EN05. Sinusitis,18862,Other specified chronic rhinosinusitis
1.3.20,639,EN05. Sinusitis,18863,Chronic rhinosinusitis unspecified
1.3.20,639,EN05. Sinusitis,29472,Nasal sinusitis disorder (TM1)
1.3.20,640,EN06.  Epixtasis,8051,Epistaxis
1.3.20,640,EN06.  Epixtasis,8051,Epistaxis
1.3.20,640,EN06.  Epixtasis,22684,Neonatal epistaxis
1.3.20,640,EN06.  Epixtasis,24859,Epistaxis
1.3.20,641,EN07.  Adenoid Hypertrophy,4273,Other chronic diseases of tonsils and adenoids
1.3.20,641,EN07.  Adenoid Hypertrophy,4271,Hypertrophy of adenoids
1.3.20,641,EN07.  Adenoid Hypertrophy,4272,Hypertrophy of tonsils with hypertrophy of adenoids
1.3.20,641,EN07.  Adenoid Hypertrophy,18870,Hypertrophy of adenoids
1.3.20,642,EN08.  Foreign Body in nose ear and aero-digestive system,9242,Foreign body in nostril
1.3.20,642,EN08.  Foreign Body in nose ear and aero-digestive system,27702,Unintentional exposure to foreign body in orifice
1.3.20,642,EN08.  Foreign Body in nose ear and aero-digestive system,27807,Intentional self-harm by foreign body in orifice
1.3.20,642,EN08.  Foreign Body in nose ear and aero-digestive system,27910,Assault by foreign body in orifice or eye
1.3.20,642,EN08.  Foreign Body in nose ear and aero-digestive system,28068,Exposure to foreign body in orifice or eye with undetermined intent
1.3.20,642,EN08.  Foreign Body in nose ear and aero-digestive system,34001,Foreign body in orifice
1.3.20,642,EN08.  Foreign Body in nose ear and aero-digestive system,27559,Other specified injury poisoning or certain other consequences of external causes
1.3.20,642,EN08.  Foreign Body in nose ear and aero-digestive system,27560,Unspecified injury poisoning or certain other consequences of external causes
1.3.20,643,EN09.  Infected pre-auricular sinuses and abscess,4531,Cellulitis and abscess of mouth
1.3.20,644,EN10. Otitis external,3579,Otitis externa in other diseases classified elsewhere
1.3.20,644,EN10. Otitis external,3558,Otitis externa
1.3.20,644,EN10. Otitis external,3561,Malignant otitis externa
1.3.20,644,EN10. Otitis external,3562,Other infective otitis externa
1.3.20,644,EN10. Otitis external,3564,"Acute otitis externa, noninfective"
1.3.20,644,EN10. Otitis external,3565,Other otitis externa
1.3.20,644,EN10. Otitis external,3566,"Otitis externa, unspecified"
1.3.20,644,EN10. Otitis external,3575,Otitis externa in bacterial diseases classified elsewhere
1.3.20,644,EN10. Otitis external,3576,Otitis externa in viral diseases classified elsewhere
1.3.20,644,EN10. Otitis external,3577,Otitis externa in mycoses
1.3.20,644,EN10. Otitis external,3578,Otitis externa in other infectious and parasitic diseases classified elsewhere
1.3.20,644,EN10. Otitis external,3579,Otitis externa in other diseases classified elsewhere
1.3.20,644,EN10. Otitis external,17843,Chronic otitis externa
1.3.20,644,EN10. Otitis external,18072,Malignant otitis externa
1.3.20,644,EN10. Otitis external,18077,Seborrhoeic otitis externa
1.3.20,644,EN10. Otitis external,18078,Acute noninfectious otitis externa
1.3.20,644,EN10. Otitis external,18082,Other specified otitis externa
1.3.20,644,EN10. Otitis external,18083,Otitis externa unspecified
1.3.20,645,EN11. Mastoid abscess,3559,Abscess of external ear
1.3.20,645,EN11. Mastoid abscess,3631,"Disorder of middle ear and mastoid, unspecified"
1.3.20,646,EN12. Vertigo,3646,Vertigo of central origin
1.3.20,646,EN12. Vertigo,3645,Other peripheral vertigo
1.3.20,646,EN12. Vertigo,424,Epidemic vertigo
1.3.20,646,EN12. Vertigo,3643,Benign paroxysmal vertigo
1.3.20,646,EN12. Vertigo,15812,Dissociative neurological symptom disorder with vertigo or dizziness
1.3.20,646,EN12. Vertigo,18155,Benign positional paroxysmal vertigo
1.3.20,646,EN12. Vertigo,18175,Other peripheral vertigo
1.3.20,646,EN12. Vertigo,24692,Vertigo
1.3.20,646,EN12. Vertigo,24693,Vertigo of central origin
1.3.20,646,EN12. Vertigo,24694,Other specified vertigo
1.3.20,646,EN12. Vertigo,24695,Vertigo unspecified
1.3.20,646,EN12. Vertigo,29484,Vertigo disorder (TM1)
1.3.20,647,EN13. Tonsillitis,4164,Streptococcal tonsillitis
1.3.20,647,EN13. Tonsillitis,4166,"Acute tonsillitis, unspecified"
1.3.20,647,EN13. Tonsillitis,4269,Chronic tonsillitis
1.3.20,647,EN13. Tonsillitis,4165,Acute tonsillitis due to other specified organisms
1.3.20,647,EN13. Tonsillitis,4163,Acute tonsillitis
1.3.20,647,EN13. Tonsillitis,465,Herpesviral gingivostomatitis and pharyngotonsillitis
1.3.20,647,EN13. Tonsillitis,4269,Chronic tonsillitis
1.3.20,647,EN13. Tonsillitis,18821,Acute tonsillitis
1.3.20,647,EN13. Tonsillitis,18822,Streptococcal tonsillitis
1.3.20,647,EN13. Tonsillitis,18823,Other specified acute tonsillitis
1.3.20,647,EN13. Tonsillitis,18824,Acute tonsillitis unspecified
1.3.20,647,EN13. Tonsillitis,29474,Tonsillitis disorder (TM1)
1.3.20,648,EN14. Tonsilar hypertrophy,4270,Hypertrophy of tonsils
1.3.20,648,EN14. Tonsilar hypertrophy,4272,Hypertrophy of tonsils with hypertrophy of adenoids
1.3.20,648,EN14. Tonsilar hypertrophy,18869,Hypertrophy of tonsils
1.3.20,649,EN15. Tinnitus,3680,Tinnitus
1.3.20,649,EN15. Tinnitus,24795,Tinnitus
1.3.20,649,EN15. Tinnitus,29466,Tinnitus disorder (TM1)
1.3.20,649,EN15. Tinnitus,29483,Cerebral tinnitus disorder (TM1)
1.3.20,650,EN16. Head and Neck cancer,9269,Burn of third degree of head and neck
1.3.20,650,EN16. Head and Neck cancer,12030,Acquired absence of part of head and neck
1.3.20,650,EN16. Head and Neck cancer,4936,"Acute lymphadenitis of face, head and neck"
1.3.20,651,EC01. Allergic conjunctivitis,9236,Foreign body in conjunctival sac
1.3.20,652,EC02. Bacterial conjunctivitis,11534,Need for immunization against single bacterial diseases
1.3.20,653,EC04. Other forms of conjunctivitis,9236,Foreign body in conjunctival sac
1.3.20,654,EC05. Corneal Ulcers/ Keratitis,5122,Actinic keratosis
1.3.20,655,EC06. Unoperable cataract(>6/60),1395,Malignant immunoproliferative diseases
1.3.20,656,EC07. Operable Cataract(<6/60),11264,Failure in suture or ligature during surgical operation
1.3.20,657,EC08. Refractive Errors,6906,Retracted nipple associated with childbirth
1.3.20,658,EC11. Vitamin A Deficiency,2247,Sequelae of vitamin A deficiency
1.3.20,659,EC12. Ocular Trauma and Burns,9325,Corrosion of eyelid and periocular area
1.3.20,660,EC13. Diabetic Retinopathy(All stages),3441,Diabetic retinopathy
1.3.20,661,"EC14. Chorioretinal, Macular & Vitreous Disorders",3433,Degeneration of macula and posterior pole
1.3.20,662,EC15. Uveitis,5573,Juvenile idiopathic scoliosis
1.3.20,663,EC16. Endophthalmitis,3476,Endophthalmitis in diseases classified elsewhere
1.3.20,664,EC17. Corneal scars (Non trachomatous),3342,Other corneal oedema
1.3.20,665,EC19. Strabismus,3509,"Strabismus, unspecified"
1.3.20,666,EC20. Ptosis and other lid Disorders,7382,Congenital ptosis
1.3.20,667,EC21. Squamous Cell Carcinoma of Conjunctiva,5071,Other papulosquamous disorders
1.3.20,668,EC22. Retinoblastoma,3437,Separation of retinal layers
1.3.20,669,EC23. Other Malignant Tumours,1129,Other malignant neoplasms of skin
1.3.20,670,EC24. Other Benign Tumours/Growths,1601,Other benign neoplasms of connective and other soft tissue
1.3.20,671,EC25. Other Eye Disorders,10890,Victim of cataclysmic storm
1.3.20,671,EC25. Other Eye Disorders,3397,Cataract in other diseases classified elsewhere
1.3.20,672,EC28. Spectacles Dispensed,12103,Presence of spectacles and contact lenses
1.3.20,673,MH01. Anxiety Disorders,2633,Other specified anxiety disorders
1.3.20,673,MH01. Anxiety Disorders,2634,"Anxiety disorder, unspecified"
1.3.20,673,MH01. Anxiety Disorders,2632,Other mixed anxiety disorders
1.3.20,674,MH02. Anxiety Disorders due to gender based violence,2632,Other mixed anxiety disorders
1.3.20,674,MH02. Anxiety Disorders due to gender based violence,2629,Panic disorder [episodic paroxysmal anxiety]
1.3.20,674,MH02. Anxiety Disorders due to gender based violence,2834,Phobic anxiety disorder of childhood
1.3.20,674,MH02. Anxiety Disorders due to gender based violence,2835,Social anxiety disorder of childhood
1.3.20,674,MH02. Anxiety Disorders due to gender based violence,2630,Generalized anxiety disorder
1.3.20,675,MH03. Unipolar Depressive Disorder,2611,"Recurrent depressive disorder, unspecified"
1.3.20,675,MH03. Unipolar Depressive Disorder,2631,Mixed anxiety and depressive disorder
1.3.20,675,MH03. Unipolar Depressive Disorder,2829,Depressive conduct disorder
1.3.20,676,MH06. Post -Traumatic Stress Disorder,2643,Post-traumatic stress disorder
1.3.20,676,MH06. Post -Traumatic Stress Disorder,11650,Routine postpartum follow-up
1.3.20,677,MH08. HIV related psychosis,11519,Contact with and exposure to human immunodeficiency virus [HIV]
1.3.20,678,MH09. Alzheimerâ€™s disease,2959,"Alzheimer disease, unspecified"
1.3.20,678,MH09. Alzheimerâ€™s disease,2958,Other Alzheimer disease
1.3.20,678,MH09. Alzheimerâ€™s disease,2957,Alzheimer disease with late onset
1.3.20,678,MH09. Alzheimerâ€™s disease,2955,Alzheimer disease
1.3.20,678,MH09. Alzheimerâ€™s disease,2673,Atypical anorexia nervosa
1.3.20,678,MH09. Alzheimerâ€™s disease,2399,"Dementia in Alzheimer disease, unspecified"
1.3.20,679,MH10. HIV related dementia,11523,Asymptomatic human immunodeficiency virus [HIV] infection status
1.3.20,679,MH10. HIV related dementia,2412,Dementia in human immunodeficiency virus [HIV] disease
1.3.20,680,MH11. Alcohol related Dementia,2448,Mental and behavioural disorders due to use of alcohol: Other mental and behavioural disorders
1.3.20,680,MH11. Alcohol related Dementia,2449,Mental and behavioural disorders due to use of alcohol: Unspecified mental and behavioural disorder
1.3.20,681,"MH12. Dementia due to stroke (Diabetes, Hypertension)",2409,Dementia in Creutzfeldt-Jakob disease
1.3.20,681,"MH12. Dementia due to stroke (Diabetes, Hypertension)",2417,"Delirium not superimposed on dementia, so described"
1.3.20,682,MH13. Other form of Dementia,2396,Dementia in Alzheimer disease with early onset
1.3.20,682,MH13. Other form of Dementia,2398,"Dementia in Alzheimer disease, atypical or mixed type"
1.3.20,682,MH13. Other form of Dementia,2399,"Dementia in Alzheimer disease, unspecified"
1.3.20,682,MH13. Other form of Dementia,2407,Dementia in other diseases classified elsewhere
1.3.20,682,MH13. Other form of Dementia,2395,Dementia in Alzheimer disease
1.3.20,683,MH14. Other Adult Mental Health Conditions,11780,Other physical and mental strain related to work
1.3.20,684,MH15. Internet addiction,2726,Pathological gambling
1.3.20,684,MH15. Internet addiction,2730,Other habit and impulse disorders
1.3.20,685,MH16. Alcohol Use Disorder,11883,Alcohol abuse counselling and surveillance
1.3.20,685,MH16. Alcohol Use Disorder,11891,Alcohol use
1.3.20,686,MH17. Substance (Drug) use Disorder,11196,"Drug or medicament, unspecified"
1.3.20,687,MH18. Delirium,2510,Mental and behavioural disorders due to use of hallucinogens: Withdrawal state with delirium
1.3.20,687,MH18. Delirium,2419,Other delirium
1.3.20,687,MH18. Delirium,2420,"Delirium, unspecified"
1.3.20,687,MH18. Delirium,2543,Mental and behavioural disorders due to multiple drug use and use of other psychoactive substances: Withdrawal state with delirium
1.3.20,687,MH18. Delirium,2532,Mental and behavioural disorders due to use of volatile solvents: Withdrawal state with delirium
1.3.20,687,MH18. Delirium,2521,Mental and behavioural disorders due to use of tobacco: Withdrawal state with delirium
1.3.20,688,MH19. Intellectual disability,2789,Specific developmental disorders of speech and language
1.3.20,689,MH20. Autism spectrum disorders,2807,Atypical autism
1.3.20,689,MH20. Autism spectrum disorders,2806,Childhood autism
1.3.20,692,NE01. Aphasia or Loss of Language due to stroke,8208,Dysphasia and aphasia
1.3.20,693,NE02. Dysarthria or Speech Disorder due to stroke,8209,Dysarthria and anarthria
1.3.20,694,NE03. Parkinson's disease,2952,Other specified extrapyramidal and movement disorders
1.3.20,694,NE03. Parkinson's disease,2954,Extrapyramidal and movement disorders in diseases classified elsewhere
1.3.20,694,NE03. Parkinson's disease,2953,"Extrapyramidal and movement disorder, unspecified"
1.3.20,694,NE03. Parkinson's disease,2944,Other extrapyramidal and movement disorders
1.3.20,695,NE21. Attempted Suicide / Self Harm,11860,Seeking and accepting behavioural and psychological interventions known to be hazardous and harmful
1.3.20,695,NE21. Attempted Suicide / Self Harm,11374,"Sequelae of intentional self-harm, assault and events of undetermined intent"
1.3.20,695,NE21. Attempted Suicide / Self Harm,11375,Sequelae of intentional self-harm
1.3.20,695,NE21. Attempted Suicide / Self Harm,11191,Pharmaceutical excipients
1.3.20,695,NE21. Attempted Suicide / Self Harm,10937,Intentional self-harm by unspecified means
1.3.20,695,NE21. Attempted Suicide / Self Harm,10936,Intentional self-harm by other specified means
1.3.20,695,NE21. Attempted Suicide / Self Harm,10935,Intentional self-harm by crashing of motor vehicle
1.3.20,695,NE21. Attempted Suicide / Self Harm,10934,Intentional self-harm by jumping or lying before moving object
1.3.20,695,NE21. Attempted Suicide / Self Harm,11859,"Seeking and accepting physical, nutritional and chemical interventions known to be hazardous and harmful"
1.3.20,695,NE21. Attempted Suicide / Self Harm,12045,Personal history of self-harm
1.3.20,696,CA08. Other Cancers,1343,"Secondary malignant neoplasm, unspecified site"
1.3.20,697,IN02a. Road Traffic Injuries (Motor Vehicle),10682,"Person injured in unspecified motor-vehicle accident, traffic"
1.3.20,697,IN02a. Road Traffic Injuries (Motor Vehicle),10493,Bus occupant injured in collision with pedestrian or animal: Unspecified bus occupant injured in traffic accident
1.3.20,697,IN02a. Road Traffic Injuries (Motor Vehicle),10492,Bus occupant injured in collision with pedestrian or animal: Person on outside of vehicle injured in traffic accident
1.3.20,697,IN02a. Road Traffic Injuries (Motor Vehicle),11371,Sequelae of motor-vehicle accident
1.3.20,697,IN02a. Road Traffic Injuries (Motor Vehicle),10491,Bus occupant injured in collision with pedestrian or animal: Passenger injured in traffic accident
1.3.20,697,IN02a. Road Traffic Injuries (Motor Vehicle),10956,Assault by crashing of motor vehicle
1.3.20,697,IN02a. Road Traffic Injuries (Motor Vehicle),10996,"Crashing of motor vehicle, undetermined intent"
1.3.20,698,IN02b. Road Traffic Injuries (Motor Cycle),10074,Motorcycle rider injured in other and unspecified transport accidents
1.3.20,698,IN02b. Road Traffic Injuries (Motor Cycle),10070,Motorcycle rider injured in noncollision transport accident: Person injured while boarding or alighting
1.3.20,698,IN02b. Road Traffic Injuries (Motor Cycle),10082,Motorcycle rider [any] injured in other specified transport accidents
1.3.20,698,IN02b. Road Traffic Injuries (Motor Cycle),10081,Unspecified motorcycle rider injured in collision with other and unspecified motor vehicles in traffic accident
1.3.20,698,IN02b. Road Traffic Injuries (Motor Cycle),10078,Motorcycle rider [any] injured in unspecified nontraffic accident
1.3.20,698,IN02b. Road Traffic Injuries (Motor Cycle),10072,Motorcycle rider injured in noncollision transport accident: Passenger injured in traffic accident
1.3.20,698,IN02b. Road Traffic Injuries (Motor Cycle),10083,Motorcycle rider [any] injured in unspecified traffic accident
1.3.20,698,IN02b. Road Traffic Injuries (Motor Cycle),10073,Motorcycle rider injured in noncollision transport accident: Unspecified motorcycle rider injured in traffic accident
1.3.20,699,IN02c. Road Traffic Injuries (Bicycle),10001,Pedal cyclist [any] injured in unspecified traffic accident
1.3.20,699,IN02c. Road Traffic Injuries (Bicycle),10000,Pedal cyclist [any] injured in other specified transport accidents
1.3.20,699,IN02c. Road Traffic Injuries (Bicycle),9999,Unspecified pedal cyclist injured in collision with other and unspecified motor vehicles in traffic accident
1.3.20,700,IN02d. Road Traffic Injuries (Others),10585,Rider or occupant injured by fall from or being thrown from animal or animal-drawn vehicle in noncollision accident
1.3.20,700,IN02d. Road Traffic Injuries (Others),10584,Animal-rider or occupant of animal-drawn vehicle injured in transport accident
1.3.20,700,IN02d. Road Traffic Injuries (Others),10586,Rider or occupant injured in collision with pedestrian or animal
1.3.20,701,MC03. Number of Post Abortion women who received FP,6522,Other venous complications following abortion and ectopic and molar pregnancy
1.3.20,702,MC09. Haemorrhage related to pregnancy (PPH),6799,Postpartum haemorrhage
1.3.20,702,MC09. Haemorrhage related to pregnancy (PPH),6802,Delayed and secondary postpartum haemorrhage
1.3.20,704,RB01. Alcohol use,11891,Alcohol use
1.3.20,,,11891,Alcohol use
1.3.20,,,28580,Contact with health services for alcohol use counselling or surveillance
1.3.20,,,29178,Hazardous alcohol use
1.3.20,,,33603,Alcohol use no suspicion or evidence of alcohol use by any person involved in the injury event
1.3.20,,,33797,Alcohol use suspicion or evidence of alcohol use by other persons involved in the injury event
1.3.20,,,33867,Alcohol use suspicion or evidence of alcohol use by the injured person
1.3.20,,,34357,Alcohol use suspicion or evidence of alcohol use by both the injured person and other persons involved in the injury event
1.3.20,,,34520,Alcohol use no information available
1.3.20,705,RB02. Tobacco use,11890,Tobacco use
1.3.20,,,11890,Tobacco use
1.3.20,,,28582,Contact with health services for tobacco use counselling
1.3.20,,,29193,Tobacco use
1.3.20,706,RB03. Tobacco exposure,11801,Exposure to tobacco smoke
1.3.20,707,NE04. Dementia or excessive forgetfulness due to advanced age,2429,Mild cognitive disorder
1.3.20,708,NE05. Amyotrophic Lateral Sclerosis (ALS),2910,Motor neuron disease
1.3.20,709,NE06. Speech disorders due to Head Injuries (penetrating or closed),2795,"Developmental disorder of speech and language, unspecified"
1.3.20,709,NE06. Speech disorders due to Head Injuries (penetrating or closed),2790,Specific speech articulation disorder
1.3.20,709,NE06. Speech disorders due to Head Injuries (penetrating or closed),2791,Expressive language disorder
1.3.20,709,NE06. Speech disorders due to Head Injuries (penetrating or closed),2792,Receptive language disorder
1.3.20,710,NE07. Persons in Coma / Emergency Care,8168,"Coma, unspecified"
1.3.20,712,NE09. Down Syndrome (DS),7964,"Down syndrome, unspecified"
1.3.20,712,NE09. Down Syndrome (DS),7960,Down syndrome
1.3.20,714,NE11. Child abuse and neglect,11831,Problems related to alleged physical abuse of child
1.3.20,714,NE11. Child abuse and neglect,11840,Emotional neglect of child
1.3.20,714,NE11. Child abuse and neglect,11830,Problems related to alleged sexual abuse of child by person outside primary support group
1.3.20,715,NE12. Attention Deficit Hyperactivity disorder (ADHD),2819,Other hyperkinetic disorders
1.3.20,715,NE12. Attention Deficit Hyperactivity disorder (ADHD),2820,"Hyperkinetic disorder, unspecified"
1.3.20,715,NE12. Attention Deficit Hyperactivity disorder (ADHD),2818,Hyperkinetic conduct disorder
1.3.20,715,NE12. Attention Deficit Hyperactivity disorder (ADHD),2817,Disturbance of activity and attention
1.3.20,715,NE12. Attention Deficit Hyperactivity disorder (ADHD),2816,Hyperkinetic disorders
1.3.20,716,NE13. Learning Disability,2801,Other developmental disorders of scholastic skills
1.3.20,716,NE13. Learning Disability,2802,"Developmental disorder of scholastic skills, unspecified"
1.3.20,716,NE13. Learning Disability,2800,Mixed disorder of scholastic skills
1.3.20,716,NE13. Learning Disability,2799,Specific disorder of arithmetical skills
1.3.20,716,NE13. Learning Disability,2798,Specific spelling disorder
1.3.20,716,NE13. Learning Disability,2797,Specific reading disorder
1.3.20,717,NE14. Conduct disorders,2818,Hyperkinetic conduct disorder
1.3.20,717,NE14. Conduct disorders,2821,Conduct disorders
1.3.20,717,NE14. Conduct disorders,2827,"Conduct disorder, unspecified"
1.3.20,717,NE14. Conduct disorders,2829,Depressive conduct disorder
1.3.20,717,NE14. Conduct disorders,2823,Unsocialized conduct disorder
1.3.20,717,NE14. Conduct disorders,2824,Socialized conduct disorder
1.3.20,717,NE14. Conduct disorders,2826,Other conduct disorders
1.3.20,717,NE14. Conduct disorders,2822,Conduct disorder confined to the family context
1.3.20,718,"NE15. Eating disorders (anorexia, Bulimia, other feeding)",8261,Anorexia
1.3.20,718,"NE15. Eating disorders (anorexia, Bulimia, other feeding)",2679,"Eating disorder, unspecified"
1.3.20,718,"NE15. Eating disorders (anorexia, Bulimia, other feeding)",2674,Bulimia nervosa
1.3.20,718,"NE15. Eating disorders (anorexia, Bulimia, other feeding)",2678,Other eating disorders
1.3.20,718,"NE15. Eating disorders (anorexia, Bulimia, other feeding)",2671,Eating disorders
1.3.20,718,"NE15. Eating disorders (anorexia, Bulimia, other feeding)",2854,Feeding disorder of infancy and childhood
1.3.20,719,NE16. Somatoform disorders,2663,Persistent somatoform pain disorder
1.3.20,719,NE16. Somatoform disorders,2658,Somatoform disorders
1.3.20,719,NE16. Somatoform disorders,2660,Undifferentiated somatoform disorder
1.3.20,719,NE16. Somatoform disorders,2664,Other somatoform disorders
1.3.20,719,NE16. Somatoform disorders,2662,Somatoform autonomic dysfunction
1.3.20,719,NE16. Somatoform disorders,2665,"Somatoform disorder, unspecified"
1.3.20,720,NE17. Sleeping Disorders,2684,Sleepwalking [somnambulism]
1.3.20,720,NE17. Sleeping Disorders,3039,Other sleep disorders
1.3.20,720,NE17. Sleeping Disorders,3040,"Sleep disorder, unspecified"
1.3.20,720,NE17. Sleeping Disorders,2681,Nonorganic insomnia
1.3.20,720,NE17. Sleeping Disorders,2682,Nonorganic hypersomnia
1.3.20,720,NE17. Sleeping Disorders,2686,Nightmares
1.3.20,720,NE17. Sleeping Disorders,3034,Disorders of initiating and maintaining sleep [insomnias]
1.3.20,720,NE17. Sleeping Disorders,3035,Disorders of excessive somnolence [hypersomnias]
1.3.20,720,NE17. Sleeping Disorders,3036,Disorders of the sleep-wake schedule
1.3.20,720,NE17. Sleeping Disorders,3037,Sleep apnoea
1.3.20,720,NE17. Sleeping Disorders,3038,Narcolepsy and cataplexy
1.3.20,721,NE18. Enuresis / Encopresis,2853,Nonorganic encopresis
1.3.20,721,NE18. Enuresis / Encopresis,2852,Nonorganic enuresis
1.3.20,722,NE19. Other childhood mental Disorders,2820,"Hyperkinetic disorder, unspecified"
1.3.20,722,NE19. Other childhood mental Disorders,2816,Hyperkinetic disorders
1.3.20,722,NE19. Other childhood mental Disorders,2819,Other hyperkinetic disorders
1.3.20,723,NE20. Mental illness due other Medical / Surgical conditions,2579,Unspecified nonorganic psychosis
1.3.20,729,PT01. Muscular disorders,5682,"Disorder of muscle, unspecified"
1.3.20,730,PT02. Joint dysfunction,5500,"Other specific joint derangements, not elsewhere classified"
1.3.20,730,PT02. Joint dysfunction,5491,Other specific joint derangements
1.3.20,730,PT02. Joint dysfunction,5512,"Joint disorder, unspecified"
1.3.20,730,PT02. Joint dysfunction,5511,Other specified joint disorders
1.3.20,730,PT02. Joint dysfunction,5501,"Joint derangement, unspecified"
1.3.20,731,PT03. Soft tissue injuries,5785,Other specified soft tissue disorders
1.3.20,731,PT03. Soft tissue injuries,5786,"Soft tissue disorder, unspecified"
1.3.20,731,PT03. Soft tissue injuries,5776,"Other soft tissue disorders, not elsewhere classified"
1.3.20,732,PT04. Chronic respiratory diseases,7102,Chronic respiratory disease originating in the perinatal period
1.3.20,732,PT04. Chronic respiratory diseases,4413,Chronic respiratory failure
1.3.20,732,PT04. Chronic respiratory diseases,4355,"Chronic respiratory conditions due to chemicals, gases, fumes and vapours"
1.3.20,732,PT04. Chronic respiratory diseases,7106,Unspecified chronic respiratory disease originating in the perinatal period
1.3.20,732,PT04. Chronic respiratory diseases,7105,Other chronic respiratory diseases originating in the perinatal period
1.3.20,733,PT05. Chest trauma/Injury,7780,"Congenital musculoskeletal deformities of head, face, spine and chest"
1.3.20,733,PT05. Chest trauma/Injury,8596,Flail chest
1.3.20,733,PT05. Chest trauma/Injury,8071,Other chest pain
1.3.20,733,PT05. Chest trauma/Injury,8069,Chest pain on breathing
1.3.20,733,PT05. Chest trauma/Injury,8640,Crushed chest
1.3.20,733,PT05. Chest trauma/Injury,8067,Pain in throat and chest
1.3.20,733,PT05. Chest trauma/Injury,5914,Acquired deformity of chest and rib
1.3.20,733,PT05. Chest trauma/Injury,7789,Other congenital deformities of chest
1.3.20,733,PT05. Chest trauma/Injury,8072,"Chest pain, unspecified"
1.3.20,734,PT06. Paralysis due to spinal cord injury and other diseases,9182,Injuries of brain and cranial nerves with injuries of nerves and spinal cord at neck level
1.3.20,734,PT06. Paralysis due to spinal cord injury and other diseases,8682,Concussion and oedema of lumbar spinal cord
1.3.20,734,PT06. Paralysis due to spinal cord injury and other diseases,8683,Other injury of lumbar spinal cord
1.3.20,734,PT06. Paralysis due to spinal cord injury and other diseases,9847,Sequelae of injury of spinal cord
1.3.20,734,PT06. Paralysis due to spinal cord injury and other diseases,9183,Injuries of nerves and spinal cord involving other multiple body regions
1.3.20,734,PT06. Paralysis due to spinal cord injury and other diseases,9195,"Injury of spinal cord, level unspecified"
1.3.20,734,PT06. Paralysis due to spinal cord injury and other diseases,3156,Periodic paralysis
1.3.20,735,PT07. Cerebral Palsy/Delayed motor or sensory development milestones.(CP),3169,Cerebral palsy
1.3.20,735,PT07. Cerebral Palsy/Delayed motor or sensory development milestones.(CP),3176,"Cerebral palsy, unspecified"
1.3.20,735,PT07. Cerebral Palsy/Delayed motor or sensory development milestones.(CP),3175,Other cerebral palsy
1.3.20,735,PT07. Cerebral Palsy/Delayed motor or sensory development milestones.(CP),3174,Ataxic cerebral palsy
1.3.20,735,PT07. Cerebral Palsy/Delayed motor or sensory development milestones.(CP),3173,Dyskinetic cerebral palsy
1.3.20,735,PT07. Cerebral Palsy/Delayed motor or sensory development milestones.(CP),3171,Spastic diplegic cerebral palsy
1.3.20,736,PT08. Upper Motor Neuron Lesions (UMN),2910,Motor neuron disease
1.3.20,736,PT08. Upper Motor Neuron Lesions (UMN),8473,Injury of oculomotor nerve
1.3.20,737,PT09. Facial palsy,8453,Fracture of skull and facial bones
1.3.20,737,PT09. Facial palsy,3043,Atypical facial pain
1.3.20,737,PT09. Facial palsy,8461,Multiple fractures involving skull and facial bones
1.3.20,737,PT09. Facial palsy,8477,Injury of facial nerve
1.3.20,737,PT09. Facial palsy,7944,Congenital malformation syndromes predominantly affecting facial appearance
1.3.20,737,PT09. Facial palsy,8462,Fractures of other skull and facial bones
1.3.20,737,PT09. Facial palsy,9837,Sequelae of fracture of skull and facial bones
1.3.20,738,PT10. Lower Motor neuron lesions (LMN),3232,Other specified diseases of spinal cord
1.3.20,739,PT11. Gynaecological obstetric and urogenital conditions,6388,Secondary oligomenorrhoea
1.3.20,739,PT11. Gynaecological obstetric and urogenital conditions,6385,Secondary amenorrhoea
1.3.20,739,PT11. Gynaecological obstetric and urogenital conditions,6408,Secondary dysmenorrhoea
1.3.20,740,PT12. Amputee,9174,Traumatic amputation of both arms [any level]
1.3.20,740,PT12. Amputee,9815,Complications peculiar to reattachment and amputation
1.3.20,740,PT12. Amputee,9819,Neuroma of amputation stump
1.3.20,740,PT12. Amputee,9820,Infection of amputation stump
1.3.20,740,PT12. Amputee,9821,Necrosis of amputation stump
1.3.20,740,PT12. Amputee,9822,Other and unspecified complications of amputation stump
1.3.20,740,PT12. Amputee,9859,Sequelae of crushing injury and traumatic amputation of upper limb
1.3.20,740,PT12. Amputee,9869,Sequelae of crushing injury and traumatic amputation of lower limb
1.3.20,740,PT12. Amputee,11355,Amputation of limb(s)
1.3.20,740,PT12. Amputee,9231,Crushing injury and traumatic amputation of unspecified body region
1.3.20,740,PT12. Amputee,9220,"Traumatic amputation of lower limb, level unspecified"
1.3.20,740,PT12. Amputee,9209,"Traumatic amputation of upper limb, level unspecified"
1.3.20,740,PT12. Amputee,9198,"Traumatic amputation of trunk, level unspecified"
1.3.20,740,PT12. Amputee,9180,"Multiple traumatic amputations, unspecified"
1.3.20,740,PT12. Amputee,9179,Traumatic amputations involving other combinations of body regions
1.3.20,740,PT12. Amputee,9178,"Traumatic amputation of upper and lower limbs, any combination [any level]"
1.3.20,740,PT12. Amputee,9175,Traumatic amputation of both feet
1.3.20,740,PT12. Amputee,9173,"Traumatic amputation of one hand and other arm [any level, except hand]"
1.3.20,740,PT12. Amputee,9172,Traumatic amputation of both hands
1.3.20,740,PT12. Amputee,9171,Traumatic amputations involving multiple body regions
1.3.20,741,PT13. Altered Posture and gait,8133,Abnormalities of gait and mobility
1.3.20,741,PT13. Altered Posture and gait,8146,Abnormal posture
1.3.20,741,PT13. Altered Posture and gait,8138,Other and unspecified abnormalities of gait and mobility
1.3.20,741,PT13. Altered Posture and gait,8135,Paralytic gait
1.3.20,741,PT13. Altered Posture and gait,8134,Ataxic gait
1.3.20,742,PT14. Injection Neuritis/Acute flaccid paralysis,3178,Flaccid hemiplegia
1.3.20,742,PT14. Injection Neuritis/Acute flaccid paralysis,5779,"Neuralgia and neuritis, unspecified"
1.3.20,742,PT14. Injection Neuritis/Acute flaccid paralysis,3185,Flaccid tetraplegia
1.3.20,742,PT14. Injection Neuritis/Acute flaccid paralysis,3182,Flaccid paraplegia
1.3.20,743,PT15. Congenital abnormalities,7824,Congenital absence of foot and toe(s)
1.3.20,743,PT15. Congenital abnormalities,7814,Congenital absence of hand and finger(s)
1.3.20,743,PT15. Congenital abnormalities,7813,Congenital absence of both forearm and hand
1.3.20,743,PT15. Congenital abnormalities,7812,Congenital absence of upper arm and forearm with hand present
1.3.20,743,PT15. Congenital abnormalities,7959,"Congenital malformation, unspecified"
1.3.20,743,PT15. Congenital abnormalities,7832,Congenital absence of unspecified limb(s)
1.3.20,743,PT15. Congenital abnormalities,7823,Congenital absence of both lower leg and foot
1.3.20,744,"PT16. Spine disorders e.g neck, thoracic, lumber, coccygeal pains",8663,Fracture of lumbar spine and pelvis
1.3.20,744,"PT16. Spine disorders e.g neck, thoracic, lumber, coccygeal pains",9191,"Other injuries of spine and trunk, level unspecified"
1.3.20,744,"PT16. Spine disorders e.g neck, thoracic, lumber, coccygeal pains",8541,"Dislocation, sprain and strain of joints and ligaments at neck level"
1.3.20,744,"PT16. Spine disorders e.g neck, thoracic, lumber, coccygeal pains",8680,Sprain and strain of other and unspecified parts of lumbar spine and pelvis
1.3.20,744,"PT16. Spine disorders e.g neck, thoracic, lumber, coccygeal pains",8672,"Dislocation, sprain and strain of joints and ligaments of lumbar spine and pelvis"
1.3.20,744,"PT16. Spine disorders e.g neck, thoracic, lumber, coccygeal pains",8670,Multiple fractures of lumbar spine and pelvis
1.3.20,744,"PT16. Spine disorders e.g neck, thoracic, lumber, coccygeal pains",8562,Injury of multiple blood vessels at neck level
1.3.20,745,PT17. Lymph oedema,4140,Postmastectomy lymphoedema syndrome
1.3.20,745,PT17. Lymph oedema,4127,"Lymphoedema, not elsewhere classified"
1.3.20,745,PT17. Lymph oedema,7908,Hereditary lymphoedema
1.3.20,746,PT18. Patients prescribed with assistive devices,11704,Fitting and adjustment of other specified devices
1.3.20,746,PT18. Patients prescribed with assistive devices,11335,"Physical medicine devices associated with adverse incidents: Surgical instruments, materials and devices (including sutures)"
1.3.20,746,PT18. Patients prescribed with assistive devices,11334,"Physical medicine devices associated with adverse incidents: Prosthetic and other implants, materials and accessory devices"
1.3.20,746,PT18. Patients prescribed with assistive devices,11341,"General- and plastic-surgery devices associated with adverse incidents: Surgical instruments, materials and devices (including sutures)"
1.3.20,746,PT18. Patients prescribed with assistive devices,11348,"Other and unspecified medical devices associated with adverse incidents: Miscellaneous devices, not elsewhere classified"
1.3.20,747,PT19. Others,8258,Other lack of expected normal physiological development
1.3.20,747,PT19. Others,8256,Lack of expected normal physiological development
1.3.20,747,PT19. Others,2707,Unspecified behavioural syndromes associated with physiological disturbances and physical factors
1.3.20,749,OT01. Neuro-developmental Disorders,2814,Other disorders of psychological development
1.3.20,750,OT02. Sensory Integration disorders,3030,Pure sensory lacunar syndrome
1.3.20,750,OT02. Sensory Integration disorders,3112,Hereditary motor and sensory neuropathy
1.3.20,750,OT02. Sensory Integration disorders,2654,Dissociative anaesthesia and sensory loss
1.3.20,751,OT03. Adult Neurological Disorders,2757,Other specified disorders of adult personality and behaviour
1.3.20,751,OT03. Adult Neurological Disorders,2758,Unspecified disorder of adult personality and behaviour
1.3.20,751,OT03. Adult Neurological Disorders,2754,Other disorders of adult personality and behaviour
1.3.20,752,OT04. Burn Injuries,9362,"Burn of second degree, body region unspecified"
1.3.20,752,OT04. Burn Injuries,9332,Burn involving larynx and trachea with lung
1.3.20,752,OT04. Burn Injuries,9342,Burn of other parts of alimentary tract
1.3.20,752,OT04. Burn Injuries,9343,Burn of internal genitourinary organs
1.3.20,752,OT04. Burn Injuries,9344,Burn of other and unspecified internal organs
1.3.20,752,OT04. Burn Injuries,9359,"Burn and corrosion, body region unspecified"
1.3.20,752,OT04. Burn Injuries,9360,"Burn of unspecified body region, unspecified degree"
1.3.20,752,OT04. Burn Injuries,9361,"Burn of first degree, body region unspecified"
1.3.20,752,OT04. Burn Injuries,9363,"Burn of third degree, body region unspecified"
1.3.20,752,OT04. Burn Injuries,9880,Sequelae of burn and corrosion classifiable only according to extent of body surface involved
1.3.20,752,OT04. Burn Injuries,11900,Burn-out
1.3.20,753,OT05. Post-burn contractures,5706,Other contracture of tendon (sheath)
1.3.20,753,OT05. Post-burn contractures,5497,Contracture of joint
1.3.20,753,OT05. Post-burn contractures,5678,Contracture of muscle
1.3.20,754,OT06. Orthopaedic Conditions,11706,Other orthopaedic follow-up care
1.3.20,754,OT06. Orthopaedic Conditions,11708,Other specified orthopaedic follow-up care
1.3.20,754,OT06. Orthopaedic Conditions,11709,"Orthopaedic follow-up care, unspecified"
1.3.20,754,OT06. Orthopaedic Conditions,12095,Presence of orthopaedic joint implants
1.3.20,754,OT06. Orthopaedic Conditions,11703,Fitting and adjustment of orthopaedic device
1.3.20,755,OT07. Mental Health Conditions,2400,Vascular dementia
1.3.20,756,OT08. Birth Defects and Trauma,7059,Other specified birth injuries
1.3.20,756,OT08. Birth Defects and Trauma,7054,Sternomastoid injury due to birth injury
1.3.20,756,OT08. Birth Defects and Trauma,7060,"Birth injury, unspecified"
1.3.20,756,OT08. Birth Defects and Trauma,7056,Birth injury to face
1.3.20,757,OT09 Arthrogryposis,7839,Arthrogryposis multiplex congenita
1.3.20,758,OT10. HIV/AIDS,11963,Family history of human immunodeficiency virus [HIV] disease
1.3.20,758,OT10. HIV/AIDS,11886,Human immunodeficiency virus [HIV] counselling
1.3.20,758,OT10. HIV/AIDS,11523,Asymptomatic human immunodeficiency virus [HIV] infection status
1.3.20,758,OT10. HIV/AIDS,11519,Contact with and exposure to human immunodeficiency virus [HIV]
1.3.20,758,OT10. HIV/AIDS,561,HIV disease resulting in other specified conditions
1.3.20,758,OT10. HIV/AIDS,560,"HIV disease resulting in haematological and immunological abnormalities, not elsewhere classified"
1.3.20,758,OT10. HIV/AIDS,6932,"Human immunodeficiency virus [HIV] disease complicating pregnancy, childbirth and the puerperium"
1.3.20,759,OT11. Diabetes,11966,Family history of diabetes mellitus
1.3.20,759,OT11. Diabetes,7234,Neonatal diabetes mellitus
1.3.20,759,OT11. Diabetes,6581,Diabetes mellitus arising in pregnancy
1.3.20,759,OT11. Diabetes,11503,Special screening examination for diabetes mellitus
1.3.20,760,OT12. Cancer,1775,Monoclonal gammopathy of undetermined significance (MGUS)
1.3.20,760,OT12. Cancer,1774,Chronic myeloproliferative disease
1.3.20,761,OT13 Other chronic conditions,11952,Family history of certain disabilities and chronic diseases leading to disablement
1.3.20,761,OT13 Other chronic conditions,12142,Chronic atrial fibrillation
1.3.20,761,OT13 Other chronic conditions,8228,Chronic intractable pain
1.3.20,761,OT13 Other chronic conditions,11961,"Family history of other disabilities and chronic diseases leading to disablement, not elsewhere classified"
1.3.20,761,OT13 Other chronic conditions,11958,Family history of asthma and other chronic lower respiratory diseases
1.3.20,762,OT14. Cardiac Conditions,12080,Presence of electronic cardiac devices
1.3.20,762,OT14. Cardiac Conditions,11719,Cardiac rehabilitation
1.3.20,762,OT14. Cardiac Conditions,11689,Adjustment and management of cardiac devices
1.3.20,762,OT14. Cardiac Conditions,12087,"Presence of cardiac and vascular implant and graft, unspecified"
1.3.20,762,OT14. Cardiac Conditions,12086,Presence of other cardiac and vascular implants and grafts
1.3.20,762,OT14. Cardiac Conditions,12079,Presence of cardiac and vascular implants and grafts
1.3.20,763,OT15. Patients prescribed with assistive devices,12080,Presence of electronic cardiac devices
1.3.20,765,SL01. Speech and language delay or disorder,2795,"Developmental disorder of speech and language, unspecified"
1.3.20,766,SL02. Motor speech disorders,8210,Other and unspecified speech disturbances
1.3.20,767,SL03. Hearing impairments,3670,Sudden idiopathic hearing loss
1.3.20,768,SL04. Voice disorders,8220,Other and unspecified voice disturbances
1.3.20,769,SL05. Dysfluency /stammering,2857,Stuttering [stammering]
1.3.20,770,SL06. Acquired neurological disorders,2793,Acquired aphasia with epilepsy [Landau-Kleffner]
1.3.20,771,SL07. Cleft lip and palate,7587,Unspecified cleft palate with unilateral cleft lip
1.3.20,772,SL08. Others,3667,Other hearing loss
1.3.20,774,DS01.Individuals with Difficulty in seeing,11961,"Family history of other disabilities and chronic diseases leading to disablement, not elsewhere classified"
1.3.20,775,DS02.Individuals with Albinism,2270,Albinism
1.3.20,777,MC10. Breast Cancer Total Screened,1188,"Breast, unspecified"
1.3.20,779,MC10. Breast Cancer Number with Breast Cancers,1188,"Breast, unspecified"
1.3.20,780,MC11. Cervical Cancer Total Screened,1200,"Cervix uteri, unspecified"
1.3.20,781,MC11. Cervical Cancer Number with Cervical Cancer,6355,Old laceration of cervix uteri
1.3.20,781,MC11. Cervical Cancer Number with Cervical Cancer,6336,"Other noninflammatory disorders of uterus, except cervix"
1.3.20,782,OP01. All Others,10770,Fall involving other furniture
1.3.20,782,OP01. All Others,12010,Personal history of allergy to sulfonamides
1.3.20,783,OP02. Other Diagnoses (specify priority diseases for District),12165,Sudden infant death syndrome with mention of autopsy
1.3.20,783,OP02. Other Diagnoses (specify priority diseases for District),10721,"Accident on board watercraft without accident to watercraft, not causing drowning and submersion: Fishing boat"
1.3.20,784,DT01. Deaths in OPD,8428,"Other sudden death, cause unknown"
1.3.20,786,ES01. Number of emergency cases at the facility,6843,Delivery by emergency caesarean section
1.3.20,787,ES02. Patients that receive care at the scene of emergency,11624,Antenatal screening for isoimmunization
1.3.20,788,ES03. Emergency cases that arrive at the facility using an Ambulance,12172,Emergency use of U06
1.3.20,789,ES04. Number of patients assessed for level of consciousness using GCS/ other comma score,9548,Anti-common-cold drugs
1.3.20,790,ES05. Number of patients accessing care within 1hr in an emergency unit,11380,Sequelae of misadventures to patients during surgical and medical procedures
1.3.20,791,ES06. Number of patients who develop complications within 24 hours after management/care,11382,"Sequelae of surgical and medical procedures as the cause of abnormal reaction of the patient, or of later complication, without mention of misadventure at the time of the procedure"
1.3.20,792,ES07. Number of patients with hypoxemia administered with oxygen,11043,Insulin and oral hypoglycaemic [antidiabetic] drugs
1.3.20,793,ES08. Number of patients with external haemorrhages controlled,4099,External haemorrhoids with other complications
1.3.20,794,ES09a. Medical emergencies Deaths,8429,Instantaneous death
1.3.20,795,ES09b. Obstetrics gynaecology Deaths,7322,Fetal death of unspecified cause
1.3.20,796,ES09c. Paediatric emergencies Death,7322,Fetal death of unspecified cause
1.3.20,797,ES09d. Surgical emergencies Death,6915,Obstetric death of unspecified cause
1.3.20,798,ES09e. Road traffic Injuries Deaths,3905,"Sudden cardiac death, so described"
1.3.20,799,ES09f.  Burns Deaths,8428,"Other sudden death, cause unknown"
1.3.20,800,ES09g. Poisoning  Emergency Deaths,9542,Poisoning by agents primarily acting on smooth and skeletal muscles and the respiratory system
1.3.20,,,802,Onchocerciasis
1.3.20,,,13100,Onchocerciasis
1.3.20,,,13101,Onchocerciasis of the eye
1.3.20,,,13102,Onchocerciasis of the skin
1.3.20,,,13103,Other specified onchocerciasis
,,,,
1.3.16,251,CV01. Stroke/Cardiovascular Accident(CVA),3027,Brain stem stroke syndrome
1.3.16,251,CV01. Stroke/Cardiovascular Accident(CVA),3976,"Stroke, not specified as haemorrhage or infarction"
1.3.16,251,CV01. Stroke/Cardiovascular Accident(CVA),3028,Cerebellar stroke syndrome
1.3.16,251,CV01. Stroke/Cardiovascular Accident(CVA),4013,"Sequelae of stroke, not specified as haemorrhage or infarction"
1.3.16,251,CV01. Stroke/Cardiovascular Accident(CVA),9678,Heatstroke and sunstroke
1.3.16,251,CV01. Stroke/Cardiovascular Accident(CVA),11956,Family history of stroke
1.3.16,251,CV01. Stroke/Cardiovascular Accident(CVA),16856,Cerebral ischaemic stroke 
1.3.16,251,CV01. Stroke/Cardiovascular Accident(CVA),16857,Cerebral ischaemic stroke due to extracranial large artery atherosclerosis 
1.3.16,251,CV01. Stroke/Cardiovascular Accident(CVA),16858,Cerebral ischaemic stroke due to intracranial large artery atherosclerosis 
1.3.16,251,CV01. Stroke/Cardiovascular Accident(CVA),16859,Cerebral ischaemic stroke due to embolic occlusion 
1.3.16,251,CV01. Stroke/Cardiovascular Accident(CVA),16860,Cerebral ischaemic stroke due to cardiac embolism 
1.3.16,251,CV01. Stroke/Cardiovascular Accident(CVA),16861,Cerebral ischaemic stroke due to aortic arch embolism 
1.3.16,251,CV01. Stroke/Cardiovascular Accident(CVA),16862,Cerebral ischaemic stroke due to paradoxical embolism 
1.3.16,251,CV01. Stroke/Cardiovascular Accident(CVA),16863,Cerebral ischaemic stroke due to other specified embolic occlusion 
1.3.16,251,CV01. Stroke/Cardiovascular Accident(CVA),16864,Cerebral ischaemic stroke due to embolic occlusion unspecified 
1.3.16,251,CV01. Stroke/Cardiovascular Accident(CVA),16865,Cerebral ischaemic stroke due to small artery occlusion 
1.3.16,251,CV01. Stroke/Cardiovascular Accident(CVA),16866,Cerebral ischaemic stroke due to other known cause 
1.3.16,251,CV01. Stroke/Cardiovascular Accident(CVA),16867,Cerebral ischaemic stroke due to global hypoperfusion with watershed infarct 
1.3.16,251,CV01. Stroke/Cardiovascular Accident(CVA),16868,Cerebral ischaemic stroke due to other non-atherosclerotic arteriopathy 
1.3.16,251,CV01. Stroke/Cardiovascular Accident(CVA),16869,Cerebral ischaemic stroke due to hypercoagulable state 
1.3.16,251,CV01. Stroke/Cardiovascular Accident(CVA),16870,Cerebral ischaemic stroke in association with subarachnoid haemorrhage 
1.3.16,251,CV01. Stroke/Cardiovascular Accident(CVA),16871,Cerebral ischemic stroke from dissection 
1.3.16,251,CV01. Stroke/Cardiovascular Accident(CVA),16872,Cerebral ischaemic stroke of unknown cause 
1.3.16,251,CV01. Stroke/Cardiovascular Accident(CVA),16873,Cerebral ischaemic stroke due to unspecified occlusion or stenosis of extracranial large artery 
1.3.16,251,CV01. Stroke/Cardiovascular Accident(CVA),16874,Cerebral ischaemic stroke due to unspecified occlusion or stenosis of intracranial large artery 
1.3.16,251,CV01. Stroke/Cardiovascular Accident(CVA),16875,Cerebral ischaemic stroke unspecified 
1.3.16,251,CV01. Stroke/Cardiovascular Accident(CVA),16878,Stroke not known if ischaemic or haemorrhagic 
1.3.16,251,CV01. Stroke/Cardiovascular Accident(CVA),16904,Migraine-induced stroke 
1.3.16,251,CV01. Stroke/Cardiovascular Accident(CVA),16916,Late effects of cerebral ischemic stroke 
1.3.16,251,CV01. Stroke/Cardiovascular Accident(CVA),16920,Late effects of stroke not known if ischaemic or haemorrhagic 
1.3.16,251,CV01. Stroke/Cardiovascular Accident(CVA),16924,Brainstem stroke syndrome 
1.3.16,251,CV01. Stroke/Cardiovascular Accident(CVA),16925,Cerebellar stroke syndrome 
1.3.16,251,CV01. Stroke/Cardiovascular Accident(CVA),22733,Perinatal arterial stroke 
1.3.16,251,CV01. Stroke/Cardiovascular Accident(CVA),27505,Heat stroke 
1.3.16,251,CV01. Stroke/Cardiovascular Accident(CVA),27525,Exertional heat stroke 
1.3.16,251,CV01. Stroke/Cardiovascular Accident(CVA),29094,Family history of stroke 
1.3.16,251,CV01. Stroke/Cardiovascular Accident(CVA),29488,Prodrome of wind stroke disorder (TM1) 
1.3.16,251,CV01. Stroke/Cardiovascular Accident(CVA),29489,Sequela of wind stroke disorder (TM1) 
1.3.16,251,CV01. Stroke/Cardiovascular Accident(CVA),29490,Other specified wind stroke disorders (TM1) 
1.3.16,251,CV01. Stroke/Cardiovascular Accident(CVA),29491,Wind stroke disorders (TM1) unspecified 
1.3.16,252,CV02. Hypertension,3799,Other secondary pulmonary hypertension
1.3.16,252,CV02. Hypertension,7119,Neonatal hypertension
1.3.16,252,CV02. Hypertension,8048,"Elevated blood-pressure reading, without diagnosis of hypertension"
1.3.16,252,CV02. Hypertension,6531,"Unspecified pre-existing hypertension complicating pregnancy, childbirth and the puerperium"
1.3.16,252,CV02. Hypertension,3215,Benign intracranial hypertension
1.3.16,252,CV02. Hypertension,6530,"Pre-existing secondary hypertension complicating pregnancy, childbirth and the puerperium"
1.3.16,252,CV02. Hypertension,3797,Primary pulmonary hypertension
1.3.16,252,CV02. Hypertension,4835,Portal hypertension
1.3.16,252,CV02. Hypertension,3751,"Secondary hypertension, unspecified"
1.3.16,252,CV02. Hypertension,3750,Other secondary hypertension
1.3.16,252,CV02. Hypertension,3749,Hypertension secondary to endocrine disorders
1.3.16,252,CV02. Hypertension,3748,Hypertension secondary to other renal disorders
1.3.16,252,CV02. Hypertension,3747,Renovascular hypertension
1.3.16,252,CV02. Hypertension,3746,Secondary hypertension
1.3.16,252,CV02. Hypertension,3734,Essential (primary) hypertension
1.3.16,252,CV02. Hypertension,6526,"Pre-existing essential hypertension complicating pregnancy, childbirth and the puerperium"
1.3.16,252,CV02. Hypertension,6525,"Pre-existing hypertension complicating pregnancy, childbirth and the puerperium"
1.3.16,252,CV02. Hypertension,3735,Hypertensive heart disease
1.3.16,252,CV02. Hypertension,3736,Hypertensive heart disease with (congestive) heart failure
1.3.16,252,CV02. Hypertension,3737,Hypertensive heart disease without (congestive) heart failure
1.3.16,252,CV02. Hypertension,3741,Hypertensive heart and renal disease
1.3.16,252,CV02. Hypertension,3742,Hypertensive heart and renal disease with (congestive) heart failure
1.3.16,252,CV02. Hypertension,3743,Hypertensive heart and renal disease with renal failure
1.3.16,252,CV02. Hypertension,3744,Hypertensive heart and renal disease with both (congestive) heart failure and renal failure
1.3.16,252,CV02. Hypertension,3745,"Hypertensive heart and renal disease, unspecified"
1.3.16,252,CV02. Hypertension,3734,Essential (primary) hypertension
1.3.16,252,CV02. Hypertension,3735,Hypertensive heart disease
1.3.16,252,CV02. Hypertension,3736,Hypertensive heart disease with (congestive) heart failure
1.3.16,252,CV02. Hypertension,3737,Hypertensive heart disease without (congestive) heart failure
1.3.16,252,CV02. Hypertension,3738,Hypertensive renal disease
1.3.16,252,CV02. Hypertension,3739,Hypertensive renal disease with renal failure
1.3.16,252,CV02. Hypertension,3740,Hypertensive renal disease without renal failure
1.3.16,252,CV02. Hypertension,3741,Hypertensive heart and renal disease
1.3.16,252,CV02. Hypertension,3742,Hypertensive heart and renal disease with (congestive) heart failure
1.3.16,252,CV02. Hypertension,3743,Hypertensive heart and renal disease with renal failure
1.3.16,252,CV02. Hypertension,3744,Hypertensive heart and renal disease with both (congestive) heart failure and renal failure
1.3.16,252,CV02. Hypertension,3745,"Hypertensive heart and renal disease, unspecified"
1.3.16,252,CV02. Hypertension,3746,Secondary hypertension
1.3.16,252,CV02. Hypertension,3747,Renovascular hypertension
1.3.16,252,CV02. Hypertension,3748,Hypertension secondary to other renal disorders
1.3.16,252,CV02. Hypertension,3749,Hypertension secondary to endocrine disorders
1.3.16,252,CV02. Hypertension,3750,Other secondary hypertension
1.3.16,252,CV02. Hypertension,3751,"Secondary hypertension, unspecified"
1.3.16,252,CV02. Hypertension,6525,"Pre-existing hypertension complicating pregnancy, childbirth and the puerperium"
1.3.16,252,CV02. Hypertension,6526,"Pre-existing essential hypertension complicating pregnancy, childbirth and the puerperium"
1.3.16,252,CV02. Hypertension,6527,"Pre-existing hypertensive heart disease complicating pregnancy, childbirth and the puerperium"
1.3.16,252,CV02. Hypertension,6528,"Pre-existing hypertensive renal disease complicating pregnancy, childbirth and the puerperium"
1.3.16,252,CV02. Hypertension,6529,"Pre-existing hypertensive heart and renal disease complicating pregnancy, childbirth and the puerperium"
1.3.16,252,CV02. Hypertension,6530,"Pre-existing secondary hypertension complicating pregnancy, childbirth and the puerperium"
1.3.16,252,CV02. Hypertension,6531,"Unspecified pre-existing hypertension complicating pregnancy, childbirth and the puerperium"
1.3.16,252,CV02. Hypertension,6532,Pre-eclampsia superimposed on chronic hypertension
1.3.16,252,CV02. Hypertension,6533,Gestational [pregnancy-induced] oedema and proteinuria without hypertension
1.3.16,252,CV02. Hypertension,6537,Gestational [pregnancy-induced] hypertension
1.3.16,252,CV02. Hypertension,6548,Unspecified maternal hypertension
1.3.16,252,CV02. Hypertension,18219,Essential hypertension 
1.3.16,252,CV02. Hypertension,18220,Combined diastolic and systolic hypertension 
1.3.16,252,CV02. Hypertension,18221,Isolated diastolic hypertension 
1.3.16,252,CV02. Hypertension,18222,Isolated systolic hypertension 
1.3.16,252,CV02. Hypertension,18223,Other specified essential hypertension 
1.3.16,252,CV02. Hypertension,18224,Essential hypertension unspecified 
1.3.16,252,CV02. Hypertension,18225,Hypertensive heart disease 
1.3.16,252,CV02. Hypertension,18226,Hypertensive renal disease 
1.3.16,252,CV02. Hypertension,18227,Hypertensive crisis 
1.3.16,252,CV02. Hypertension,18228,Secondary hypertension 
1.3.16,252,CV02. Hypertension,18229,Combined diastolic and systolic secondary hypertension 
1.3.16,252,CV02. Hypertension,18230,Isolated diastolic secondary hypertension 
1.3.16,252,CV02. Hypertension,18231,Isolated systolic secondary hypertension 
1.3.16,252,CV02. Hypertension,18232,Other specified secondary hypertension 
1.3.16,252,CV02. Hypertension,18233,Secondary hypertension unspecified 
1.3.16,252,CV02. Hypertension,21969,Pre-existing hypertension complicating pregnancy childbirth or the puerperium 
1.3.16,252,CV02. Hypertension,21970,Pre-existing essential hypertension complicating pregnancy childbirth or the puerperium 
1.3.16,252,CV02. Hypertension,21971,Pre-existing hypertensive heart disease complicating pregnancy childbirth or the puerperium 
1.3.16,252,CV02. Hypertension,21972,Pre-existing hypertensive renal disease complicating pregnancy childbirth or the puerperium 
1.3.16,252,CV02. Hypertension,21973,Pre-existing hypertensive heart and renal disease complicating pregnancy childbirth or the puerperium 
1.3.16,252,CV02. Hypertension,21974,Pre-existing secondary hypertension complicating pregnancy childbirth or the puerperium 
1.3.16,252,CV02. Hypertension,21975,Other specified pre-existing hypertension complicating pregnancy childbirth or the puerperium 
1.3.16,252,CV02. Hypertension,21976,Pre-existing hypertension complicating pregnancy childbirth or the puerperium unspecified 
1.3.16,252,CV02. Hypertension,21977,Pre-eclampsia superimposed on chronic hypertension 
1.3.16,252,CV02. Hypertension,21982,Gestational hypertension 
1.3.16,252,CV02. Hypertension,21993,Oedema proteinuria or hypertensive disorders in pregnancy childbirth or the puerperium unspecified 
1.3.16,253,CV03. Heart failure,3925,"Heart failure, unspecified"
1.3.16,253,CV03. Heart failure,3923,Congestive heart failure
1.3.16,253,CV03. Heart failure,3922,Heart failure
1.3.16,253,CV03. Heart failure,18566,Congestive heart failure 
1.3.16,253,CV03. Heart failure,18575,Other specified heart failure 
1.3.16,253,CV03. Heart failure,18576,Heart failure unspecified 
1.3.16,253,CV03. Heart failure,18566,Congestive heart failure 
1.3.16,253,CV03. Heart failure,18567,Left ventricular failure 
1.3.16,253,CV03. Heart failure,18568,Left ventricular failure with preserved ejection fraction 
1.3.16,253,CV03. Heart failure,18569,Left ventricular failure with mid range ejection fraction 
1.3.16,253,CV03. Heart failure,18570,Left ventricular failure with reduced ejection fraction 
1.3.16,253,CV03. Heart failure,18571,Left ventricular failure unspecified 
1.3.16,253,CV03. Heart failure,18572,High output syndromes 
1.3.16,253,CV03. Heart failure,18573,Right ventricular failure 
1.3.16,253,CV03. Heart failure,18574,Biventricular failure 
1.3.16,253,CV03. Heart failure,18575,Other specified heart failure 
1.3.16,253,CV03. Heart failure,18576,Heart failure unspecified 
1.3.16,254,CV04. Ischemic Heart Diseases,3781,Other forms of acute ischaemic heart disease
1.3.16,254,CV04. Ischemic Heart Diseases,3789,Ischaemic cardiomyopathy
1.3.16,254,CV04. Ischemic Heart Diseases,3778,Other acute ischaemic heart diseases
1.3.16,254,CV04. Ischemic Heart Diseases,3782,"Acute ischaemic heart disease, unspecified"
1.3.16,254,CV04. Ischemic Heart Diseases,3773,Rupture of cardiac wall without haemopericardium as current complication following acute myocardial infarction
1.3.16,254,CV04. Ischemic Heart Diseases,3783,Chronic ischaemic heart disease
1.3.16,254,CV04. Ischemic Heart Diseases,3785,Atherosclerotic heart disease
1.3.16,254,CV04. Ischemic Heart Diseases,3787,Aneurysm of heart
1.3.16,254,CV04. Ischemic Heart Diseases,3791,Other forms of chronic ischaemic heart disease
1.3.16,254,CV04. Ischemic Heart Diseases,3792,"Chronic ischaemic heart disease, unspecified"
1.3.16,254,CV04. Ischemic Heart Diseases,3752,Angina pectoris
1.3.16,254,CV04. Ischemic Heart Diseases,3753,Unstable angina
1.3.16,254,CV04. Ischemic Heart Diseases,3754,Angina pectoris with documented spasm
1.3.16,254,CV04. Ischemic Heart Diseases,3755,Other forms of angina pectoris
1.3.16,254,CV04. Ischemic Heart Diseases,3756,"Angina pectoris, unspecified"
1.3.16,254,CV04. Ischemic Heart Diseases,3757,Acute myocardial infarction
1.3.16,254,CV04. Ischemic Heart Diseases,3758,Acute transmural myocardial infarction of anterior wall
1.3.16,254,CV04. Ischemic Heart Diseases,3759,Acute transmural myocardial infarction of inferior wall
1.3.16,254,CV04. Ischemic Heart Diseases,3760,Acute transmural myocardial infarction of other sites
1.3.16,254,CV04. Ischemic Heart Diseases,3761,Acute transmural myocardial infarction of unspecified site
1.3.16,254,CV04. Ischemic Heart Diseases,3762,Acute subendocardial myocardial infarction
1.3.16,254,CV04. Ischemic Heart Diseases,3763,"Acute myocardial infarction, unspecified"
1.3.16,254,CV04. Ischemic Heart Diseases,3764,Subsequent myocardial infarction
1.3.16,254,CV04. Ischemic Heart Diseases,3765,Subsequent myocardial infarction of anterior wall
1.3.16,254,CV04. Ischemic Heart Diseases,3766,Subsequent myocardial infarction of inferior wall
1.3.16,254,CV04. Ischemic Heart Diseases,3767,Subsequent myocardial infarction of other sites
1.3.16,254,CV04. Ischemic Heart Diseases,3768,Subsequent myocardial infarction of unspecified site
1.3.16,254,CV04. Ischemic Heart Diseases,3769,Certain current complications following acute myocardial infarction
1.3.16,254,CV04. Ischemic Heart Diseases,3770,Haemopericardium as current complication following acute myocardial infarction
1.3.16,254,CV04. Ischemic Heart Diseases,3771,Atrial septal defect as current complication following acute myocardial infarction
1.3.16,254,CV04. Ischemic Heart Diseases,3772,Ventricular septal defect as current complication following acute myocardial infarction
1.3.16,254,CV04. Ischemic Heart Diseases,3773,Rupture of cardiac wall without haemopericardium as current complication following acute myocardial infarction
1.3.16,254,CV04. Ischemic Heart Diseases,3774,Rupture of chordae tendineae as current complication following acute myocardial infarction
1.3.16,254,CV04. Ischemic Heart Diseases,3775,Rupture of papillary muscle as current complication following acute myocardial infarction
1.3.1.6,254,CV04. Ischemic Heart Diseases,3776,"Thrombosis of atrium, auricular appendage, and ventricle as current complications following acute myocardial infarction"
1.3.16,254,CV04. Ischemic Heart Diseases,3777,Other current complications following acute myocardial infarction
1.3.16,254,CV04. Ischemic Heart Diseases,3778,Other acute ischaemic heart diseases
1.3.16,254,CV04. Ischemic Heart Diseases,3779,Coronary thrombosis not resulting in myocardial infarction
1.3.16,254,CV04. Ischemic Heart Diseases,3780,Dressler syndrome
1.3.16,254,CV04. Ischemic Heart Diseases,3781,Other forms of acute ischaemic heart disease
1.3.16,254,CV04. Ischemic Heart Diseases,3782,"Acute ischaemic heart disease, unspecified"
1.3.16,254,CV04. Ischemic Heart Diseases,3783,Chronic ischaemic heart disease
1.3.16,254,CV04. Ischemic Heart Diseases,3784,"Atherosclerotic cardiovascular disease, so described"
1.3.16,254,CV04. Ischemic Heart Diseases,3785,Atherosclerotic heart disease
1.3.16,254,CV04. Ischemic Heart Diseases,3786,Old myocardial infarction
1.3.16,254,CV04. Ischemic Heart Diseases,3787,Aneurysm of heart
1.3.16,254,CV04. Ischemic Heart Diseases,3788,Coronary artery aneurysm and dissection
1.3.16,254,CV04. Ischemic Heart Diseases,3789,Ischaemic cardiomyopathy
1.3.16,254,CV04. Ischemic Heart Diseases,3790,Silent myocardial ischaemia
1.3.16,254,CV04. Ischemic Heart Diseases,18238,Angina pectoris 
1.3.16,254,CV04. Ischemic Heart Diseases,18239,Unstable angina 
1.3.16,254,CV04. Ischemic Heart Diseases,18240,Stable angina 
1.3.16,254,CV04. Ischemic Heart Diseases,18241,Other specified angina pectoris 
1.3.16,254,CV04. Ischemic Heart Diseases,18242,Angina pectoris unspecified 
1.3.16,254,CV04. Ischemic Heart Diseases,18243,Acute myocardial infarction 
1.3.16,254,CV04. Ischemic Heart Diseases,18244,Acute ST elevation myocardial infarction 
1.3.16,254,CV04. Ischemic Heart Diseases,18245,Acute non-ST elevation myocardial infarction 
1.3.16,254,CV04. Ischemic Heart Diseases,18246,Acute myocardial infarction unspecified 
1.3.16,254,CV04. Ischemic Heart Diseases,18247,Subsequent myocardial infarction 
1.3.16,254,CV04. Ischemic Heart Diseases,18248,Subsequent myocardial infarction STEMI 
1.3.16,254,CV04. Ischemic Heart Diseases,18249,Subsequent myocardial infarction NSTEMI 
1.3.16,254,CV04. Ischemic Heart Diseases,18250,Subsequent myocardial infarction unspecified 
1.3.16,254,CV04. Ischemic Heart Diseases,18251,Coronary thrombosis not resulting in myocardial infarction 
1.3.16,254,CV04. Ischemic Heart Diseases,18252,Acute ischaemic heart disease unspecified 
1.3.16,254,CV04. Ischemic Heart Diseases,18253,Old myocardial infarction 
1.3.16,254,CV04. Ischemic Heart Diseases,18254,Ischaemic cardiomyopathy 
1.3.16,254,CV04. Ischemic Heart Diseases,18255,Dilated cardiomyopathy due to congenital anomaly of coronary artery 
1.3.16,254,CV04. Ischemic Heart Diseases,18256,Other specified ischaemic cardiomyopathy 
1.3.16,254,CV04. Ischemic Heart Diseases,18257,Ischaemic cardiomyopathy unspecified 
1.3.16,254,CV04. Ischemic Heart Diseases,18258,Coronary atherosclerosis 
1.3.16,254,CV04. Ischemic Heart Diseases,18259,Coronary atherosclerosis of native coronary artery 
1.3.16,254,CV04. Ischemic Heart Diseases,18260,Coronary atherosclerosis of autologous bypass graft 
1.3.16,254,CV04. Ischemic Heart Diseases,18261,Coronary atherosclerosis of arterial autologous bypass graft 
1.3.16,254,CV04. Ischemic Heart Diseases,18262,Coronary atherosclerosis of venous autologous bypass graft 
1.3.16,254,CV04. Ischemic Heart Diseases,18263,Coronary atherosclerosis of unspecified autologous bypass graft 
1.3.16,254,CV04. Ischemic Heart Diseases,18264,Coronary atherosclerosis of non-autologous bypass graft 
1.3.16,254,CV04. Ischemic Heart Diseases,18265,Coronary atherosclerosis unspecified site 
1.3.16,254,CV04. Ischemic Heart Diseases,18266,Other specified chronic ischaemic heart disease 
1.3.16,254,CV04. Ischemic Heart Diseases,18267,Chronic ischaemic heart disease unspecified 
1.3.16,254,CV04. Ischemic Heart Diseases,18268,Certain current complications following acute myocardial infarction 
1.3.16,254,CV04. Ischemic Heart Diseases,18269,Dressler syndrome 
1.3.16,254,CV04. Ischemic Heart Diseases,18270,Other pericarditis as current complication following acute myocardial infarction 
1.3.16,254,CV04. Ischemic Heart Diseases,18271,Ventricular aneurysm as current complication following acute myocardial infarction 
1.3.16,254,CV04. Ischemic Heart Diseases,18272,Ventricular septal defect as current complication following acute myocardial infarction 
1.3.16,254,CV04. Ischemic Heart Diseases,18273,Cardiac rupture as current complication following acute myocardial infarction 
1.3.16,254,CV04. Ischemic Heart Diseases,18274,Pulmonary embolism as current complication following acute myocardial infarction 
1.3.16,254,CV04. Ischemic Heart Diseases,18275,Rupture of papillary muscle or chordae tendineae as current complication following acute myocardial infarction 
1.3.16,254,CV04. Ischemic Heart Diseases,18276,Mural thrombus as current complication following acute myocardial infarction 
1.3.16,254,CV04. Ischemic Heart Diseases,18277,Arrhythmia as current complication following acute myocardial infarction 
1.3.16,254,CV04. Ischemic Heart Diseases,18278,Cardiogenic shock unrelated to mechanical complications as current complication following acute myocardial infarction 
1.3.16,254,CV04. Ischemic Heart Diseases,18279,Other specified current complications following acute myocardial infarction 
1.3.16,254,CV04. Ischemic Heart Diseases,18280,Certain current complications following acute myocardial infarction unspecified 
1.3.16,254,CV04. Ischemic Heart Diseases,18281,Ischaemic heart diseases unspecified 
1.3.16,255,CV05. Rheumatic Heart Diseases,3728,Other rheumatic heart diseases
1.3.16,255,CV05. Rheumatic Heart Diseases,3732,Other specified rheumatic heart diseases
1.3.16,255,CV05. Rheumatic Heart Diseases,3733,"Rheumatic heart disease, unspecified"
1.3.16,255,CV05. Rheumatic Heart Diseases,3699,"Acute rheumatic heart disease, unspecified"
1.3.16,255,CV05. Rheumatic Heart Diseases,3698,Other acute rheumatic heart disease
1.3.16,255,CV05. Rheumatic Heart Diseases,3693,Rheumatic fever without mention of heart involvement
1.3.16,255,CV05. Rheumatic Heart Diseases,3694,Rheumatic fever with heart involvement
1.3.16,255,CV05. Rheumatic Heart Diseases,3701,Rheumatic chorea with heart involvement
1.3.16,255,CV05. Rheumatic Heart Diseases,3702,Rheumatic chorea without heart involvement
1.3.16,255,CV05. Rheumatic Heart Diseases,3703,Rheumatic mitral valve diseases
1.3.16,255,CV05. Rheumatic Heart Diseases,3704,Mitral stenosis
1.3.16,255,CV05. Rheumatic Heart Diseases,3705,Rheumatic mitral insufficiency
1.3.16,255,CV05. Rheumatic Heart Diseases,3706,Mitral stenosis with insufficiency
1.3.16,255,CV05. Rheumatic Heart Diseases,3707,Other mitral valve diseases
1.3.16,255,CV05. Rheumatic Heart Diseases,3708,"Mitral valve disease, unspecified"
1.3.16,255,CV05. Rheumatic Heart Diseases,3709,Rheumatic aortic valve diseases
1.3.16,255,CV05. Rheumatic Heart Diseases,3710,Rheumatic aortic stenosis
1.3.16,255,CV05. Rheumatic Heart Diseases,3711,Rheumatic aortic insufficiency
1.3.16,255,CV05. Rheumatic Heart Diseases,3712,Rheumatic aortic stenosis with insufficiency
1.3.16,255,CV05. Rheumatic Heart Diseases,3713,Other rheumatic aortic valve diseases
1.3.16,255,CV05. Rheumatic Heart Diseases,3714,"Rheumatic aortic valve disease, unspecified"
1.3.16,255,CV05. Rheumatic Heart Diseases,3715,Rheumatic tricuspid valve diseases
1.3.16,255,CV05. Rheumatic Heart Diseases,3716,Tricuspid stenosis
1.3.16,255,CV05. Rheumatic Heart Diseases,3717,Tricuspid insufficiency
1.3.16,255,CV05. Rheumatic Heart Diseases,3718,Tricuspid stenosis with insufficiency
1.3.16,255,CV05. Rheumatic Heart Diseases,3719,Other tricuspid valve diseases
1.3.16,255,CV05. Rheumatic Heart Diseases,3720,"Tricuspid valve disease, unspecified"
1.3.16,255,CV05. Rheumatic Heart Diseases,3721,Multiple valve diseases
1.3.16,255,CV05. Rheumatic Heart Diseases,3722,Disorders of both mitral and aortic valves
1.3.16,255,CV05. Rheumatic Heart Diseases,3723,Disorders of both mitral and tricuspid valves
1.3.16,255,CV05. Rheumatic Heart Diseases,3724,Disorders of both aortic and tricuspid valves
1.3.16,255,CV05. Rheumatic Heart Diseases,3725,"Combined disorders of mitral, aortic and tricuspid valves"
1.3.16,255,CV05. Rheumatic Heart Diseases,3726,Other multiple valve diseases
1.3.16,255,CV05. Rheumatic Heart Diseases,3727,"Multiple valve disease, unspecified"
1.3.16,255,CV05. Rheumatic Heart Diseases,3728,Other rheumatic heart diseases
1.3.16,255,CV05. Rheumatic Heart Diseases,3729,Rheumatic myocarditis
1.3.16,255,CV05. Rheumatic Heart Diseases,3730,"Rheumatic diseases of endocardium, valve unspecified"
1.3.16,255,CV05. Rheumatic Heart Diseases,3732,Other specified rheumatic heart diseases
1.3.16,255,CV05. Rheumatic Heart Diseases,3733,"Rheumatic heart disease, unspecified"
1.3.16,256,CV06. Chronic Heart Diseases,3731,Chronic rheumatic pericarditis
1.3.16,256,CV06. Chronic Heart Diseases,3792,"Chronic ischaemic heart disease, unspecified"
1.3.16,257,CV07. Other Cardiovascular Diseases,3933,"Cardiovascular disease, unspecified"
1.3.16,257,CV07. Other Cardiovascular Diseases,3796,Other pulmonary heart diseases
1.3.16,257,CV07. Other Cardiovascular Diseases,3800,Other specified pulmonary heart diseases
1.3.16,257,CV07. Other Cardiovascular Diseases,3935,Other ill-defined heart diseases
1.3.16,257,CV07. Other Cardiovascular Diseases,3798,Kyphoscoliotic heart disease
1.3.16,257,CV07. Other Cardiovascular Diseases,3801,"Pulmonary heart disease, unspecified"
1.3.16,257,CV07. Other Cardiovascular Diseases,3851,Endocarditis and heart valve disorders in diseases classified elsewhere
1.3.16,257,CV07. Other Cardiovascular Diseases,3899,Other specified heart block
1.3.16,257,CV07. Other Cardiovascular Diseases,3922,Heart failure
1.3.16,257,CV07. Other Cardiovascular Diseases,3923,Congestive heart failure
1.3.16,257,CV07. Other Cardiovascular Diseases,3925,"Heart failure, unspecified"
1.3.16,257,CV07. Other Cardiovascular Diseases,3926,Complications and ill-defined descriptions of heart disease
1.3.16,257,CV07. Other Cardiovascular Diseases,3935,Other ill-defined heart diseases
1.3.16,257,CV07. Other Cardiovascular Diseases,3937,Other heart disorders in diseases classified elsewhere
1.3.16,257,CV07. Other Cardiovascular Diseases,3938,Other heart disorders in bacterial diseases classified elsewhere
1.3.16,257,CV07. Other Cardiovascular Diseases,3939,Other heart disorders in other infectious and parasitic diseases classified elsewhere
1.3.16,257,CV07. Other Cardiovascular Diseases,3940,Other heart disorders in other diseases classified elsewhere
1.3.16,257,CV07. Other Cardiovascular Diseases,3936,"Heart disease, unspecified"
1.3.16,257,CV07. Other Cardiovascular Diseases,4131,Hypotension
1.3.16,257,CV07. Other Cardiovascular Diseases,4132,Idiopathic hypotension
1.3.16,257,CV07. Other Cardiovascular Diseases,4133,Orthostatic hypotension
1.3.16,257,CV07. Other Cardiovascular Diseases,4134,Hypotension due to drugs
1.3.16,257,CV07. Other Cardiovascular Diseases,4135,Other hypotension
1.3.16,257,CV07. Other Cardiovascular Diseases,4136,"Hypotension, unspecified"
1.3.16,257,CV07. Other Cardiovascular Diseases,4137,"Postprocedural disorders of circulatory system, not elsewhere classified"
1.3.16,257,CV07. Other Cardiovascular Diseases,4138,Postcardiotomy syndrome
1.3.16,257,CV07. Other Cardiovascular Diseases,4139,Other functional disturbances following cardiac surgery
1.3.16,257,CV07. Other Cardiovascular Diseases,4140,Postmastectomy lymphoedema syndrome
1.3.16,257,CV07. Other Cardiovascular Diseases,4141,"Other postprocedural disorders of circulatory system, not elsewhere classified"
1.3.16,257,CV07. Other Cardiovascular Diseases,4142,"Postprocedural disorder of circulatory system, unspecified"
1.3.16,257,CV07. Other Cardiovascular Diseases,4143,Other disorders of circulatory system in diseases classified elsewhere
1.3.16,257,CV07. Other Cardiovascular Diseases,4144,Cardiovascular syphilis
1.3.16,257,CV07. Other Cardiovascular Diseases,4145,Cardiovascular disorders in other infectious and parasitic diseases classified elsewhere
1.3.16,257,CV07. Other Cardiovascular Diseases,4146,Oesophageal varices without bleeding in diseases classified elsewhere
1.3.16,257,CV07. Other Cardiovascular Diseases,4147,Oesophageal varices with bleeding in diseases classified elsewhere
1.3.16,257,CV07. Other Cardiovascular Diseases,4148,Other specified disorders of circulatory system in diseases classified elsewhere
1.3.16,257,CV07. Other Cardiovascular Diseases,4149,Other and unspecified disorders of circulatory system
1.3.16,257,CV07. Other Cardiovascular Diseases,7506,Other congenital malformations of great arteries
1.3.16,257,CV07. Other Cardiovascular Diseases,7451,Congenital malformations of cardiac chambers and connections
1.3.16,257,CV07. Other Cardiovascular Diseases,7452,Common arterial trunk
1.3.16,257,CV07. Other Cardiovascular Diseases,7453,Double outlet right ventricle
1.3.16,257,CV07. Other Cardiovascular Diseases,7454,Double outlet left ventricle
1.3.16,257,CV07. Other Cardiovascular Diseases,7455,Discordant ventriculoarterial connection
1.3.16,257,CV07. Other Cardiovascular Diseases,7456,Double inlet ventricle
1.3.16,257,CV07. Other Cardiovascular Diseases,7457,Discordant atrioventricular connection
1.3.16,257,CV07. Other Cardiovascular Diseases,7458,Isomerism of atrial appendages
1.3.16,257,CV07. Other Cardiovascular Diseases,7459,Other congenital malformations of cardiac chambers and connections
1.3.16,257,CV07. Other Cardiovascular Diseases,7460,"Congenital malformation of cardiac chambers and connections, unspecified"
1.3.16,257,CV07. Other Cardiovascular Diseases,7461,Congenital malformations of cardiac septa
1.3.16,257,CV07. Other Cardiovascular Diseases,7462,Ventricular septal defect
1.3.16,257,CV07. Other Cardiovascular Diseases,7463,Atrial septal defect
1.3.16,257,CV07. Other Cardiovascular Diseases,7464,Atrioventricular septal defect
1.3.16,257,CV07. Other Cardiovascular Diseases,7465,Tetralogy of Fallot
1.3.16,257,CV07. Other Cardiovascular Diseases,7466,Aortopulmonary septal defect
1.3.16,257,CV07. Other Cardiovascular Diseases,7467,Other congenital malformations of cardiac septa
1.3.16,257,CV07. Other Cardiovascular Diseases,7468,"Congenital malformation of cardiac septum, unspecified"
1.3.16,257,CV07. Other Cardiovascular Diseases,7469,Congenital malformations of pulmonary and tricuspid valves
1.3.16,257,CV07. Other Cardiovascular Diseases,7470,Pulmonary valve atresia
1.3.16,257,CV07. Other Cardiovascular Diseases,7471,Congenital pulmonary valve stenosis
1.3.16,257,CV07. Other Cardiovascular Diseases,7472,Congenital pulmonary valve insufficiency
1.3.16,257,CV07. Other Cardiovascular Diseases,7473,Other congenital malformations of pulmonary valve
1.3.16,257,CV07. Other Cardiovascular Diseases,7474,Congenital tricuspid stenosis
1.3.16,257,CV07. Other Cardiovascular Diseases,7475,Ebstein anomaly
1.3.16,257,CV07. Other Cardiovascular Diseases,7476,Hypoplastic right heart syndrome
1.3.16,257,CV07. Other Cardiovascular Diseases,7477,Other congenital malformations of tricuspid valve
1.3.16,257,CV07. Other Cardiovascular Diseases,7478,"Congenital malformation of tricuspid valve, unspecified"
1.3.16,257,CV07. Other Cardiovascular Diseases,7479,Congenital malformations of aortic and mitral valves
1.3.16,257,CV07. Other Cardiovascular Diseases,7480,Congenital stenosis of aortic valve
1.3.16,257,CV07. Other Cardiovascular Diseases,7481,Congenital insufficiency of aortic valve
1.3.16,257,CV07. Other Cardiovascular Diseases,7482,Congenital mitral stenosis
1.3.16,257,CV07. Other Cardiovascular Diseases,7483,Congenital mitral insufficiency
1.3.16,257,CV07. Other Cardiovascular Diseases,7484,Hypoplastic left heart syndrome
1.3.16,257,CV07. Other Cardiovascular Diseases,7485,Other congenital malformations of aortic and mitral valves
1.3.16,257,CV07. Other Cardiovascular Diseases,7486,"Congenital malformation of aortic and mitral valves, unspecified"
1.3.16,257,CV07. Other Cardiovascular Diseases,7487,Other congenital malformations of heart
1.3.16,257,CV07. Other Cardiovascular Diseases,7488,Dextrocardia
1.3.16,257,CV07. Other Cardiovascular Diseases,7489,Laevocardia
1.3.16,257,CV07. Other Cardiovascular Diseases,7490,Cor triatriatum
1.3.16,257,CV07. Other Cardiovascular Diseases,7491,Pulmonary infundibular stenosis
1.3.16,257,CV07. Other Cardiovascular Diseases,7492,Congenital subaortic stenosis
1.3.16,257,CV07. Other Cardiovascular Diseases,7493,Malformation of coronary vessels
1.3.16,257,CV07. Other Cardiovascular Diseases,7494,Congenital heart block
1.3.16,257,CV07. Other Cardiovascular Diseases,7495,Other specified congenital malformations of heart
1.3.16,257,CV07. Other Cardiovascular Diseases,7496,"Congenital malformation of heart, unspecified"
1.3.16,257,CV07. Other Cardiovascular Diseases,7497,Congenital malformations of great arteries
1.3.16,257,CV07. Other Cardiovascular Diseases,7498,Patent ductus arteriosus
1.3.16,257,CV07. Other Cardiovascular Diseases,7499,Coarctation of aorta
1.3.16,257,CV07. Other Cardiovascular Diseases,7500,Atresia of aorta
1.3.16,257,CV07. Other Cardiovascular Diseases,7501,Stenosis of aorta
1.3.16,257,CV07. Other Cardiovascular Diseases,7502,Other congenital malformations of aorta
1.3.16,257,CV07. Other Cardiovascular Diseases,7503,Atresia of pulmonary artery
1.3.16,257,CV07. Other Cardiovascular Diseases,7504,Stenosis of pulmonary artery
1.3.16,257,CV07. Other Cardiovascular Diseases,7505,Other congenital malformations of pulmonary artery
1.3.16,257,CV07. Other Cardiovascular Diseases,7507,"Congenital malformation of great arteries, unspecified"
1.3.16,257,CV07. Other Cardiovascular Diseases,7508,Congenital malformations of great veins
1.3.16,257,CV07. Other Cardiovascular Diseases,7509,Congenital stenosis of vena cava
1.3.16,257,CV07. Other Cardiovascular Diseases,7510,Persistent left superior vena cava
1.3.16,257,CV07. Other Cardiovascular Diseases,7511,Total anomalous pulmonary venous connection
1.3.16,257,CV07. Other Cardiovascular Diseases,7512,Partial anomalous pulmonary venous connection
1.3.16,257,CV07. Other Cardiovascular Diseases,7513,"Anomalous pulmonary venous connection, unspecified"
1.3.16,257,CV07. Other Cardiovascular Diseases,7514,Anomalous portal venous connection
1.3.16,257,CV07. Other Cardiovascular Diseases,7515,Portal vein-hepatic artery fistula
1.3.16,257,CV07. Other Cardiovascular Diseases,7516,Other congenital malformations of great veins
1.3.16,257,CV07. Other Cardiovascular Diseases,7517,"Congenital malformation of great vein, unspecified"
1.3.16,257,CV07. Other Cardiovascular Diseases,7518,Other congenital malformations of peripheral vascular system
1.3.16,257,CV07. Other Cardiovascular Diseases,7519,Congenital absence and hypoplasia of umbilical artery
1.3.16,257,CV07. Other Cardiovascular Diseases,7520,Congenital renal artery stenosis
1.3.16,257,CV07. Other Cardiovascular Diseases,7521,Other congenital malformations of renal artery
1.3.16,257,CV07. Other Cardiovascular Diseases,7522,Peripheral arteriovenous malformation
1.3.16,257,CV07. Other Cardiovascular Diseases,7523,Congenital phlebectasia
1.3.16,257,CV07. Other Cardiovascular Diseases,7524,Other specified congenital malformations of peripheral vascular system
1.3.16,257,CV07. Other Cardiovascular Diseases,7525,"Congenital malformation of peripheral vascular system, unspecified"
1.3.16,257,CV07. Other Cardiovascular Diseases,7526,Other congenital malformations of circulatory system
1.3.16,257,CV07. Other Cardiovascular Diseases,7527,Arteriovenous malformation of precerebral vessels
1.3.16,257,CV07. Other Cardiovascular Diseases,7528,Other malformations of precerebral vessels
1.3.16,257,CV07. Other Cardiovascular Diseases,7529,Arteriovenous malformation of cerebral vessels
1.3.16,257,CV07. Other Cardiovascular Diseases,7530,Other malformations of cerebral vessels
1.3.16,257,CV07. Other Cardiovascular Diseases,7531,Other specified congenital malformations of circulatory system
1.3.16,257,CV07. Other Cardiovascular Diseases,7532,"Congenital malformation of circulatory system, unspecified"
1.3.16,257,CV07. Other Cardiovascular Diseases,18768,Postcardiotomy syndrome 
1.3.16,257,CV07. Other Cardiovascular Diseases,18769,Other functional disturbances following cardiac surgery 
1.3.16,257,CV07. Other Cardiovascular Diseases,18770,Postprocedural valve disorders 
1.3.16,257,CV07. Other Cardiovascular Diseases,18771,Postprocedural mitral valve stenosis 
1.3.16,257,CV07. Other Cardiovascular Diseases,18772,Postprocedural mitral valve insufficiency 
1.3.16,257,CV07. Other Cardiovascular Diseases,18773,Postprocedural aortic valve stenosis 
1.3.16,257,CV07. Other Cardiovascular Diseases,18774,Postprocedural aortic valve insufficiency 
1.3.16,257,CV07. Other Cardiovascular Diseases,18775,Postprocedural tricuspid valve stenosis 
1.3.16,257,CV07. Other Cardiovascular Diseases,18776,Postprocedural tricuspid valve insufficiency 
1.3.16,257,CV07. Other Cardiovascular Diseases,18777,Postprocedural pulmonary valve stenosis 
1.3.16,257,CV07. Other Cardiovascular Diseases,18778,Postprocedural pulmonary valve insufficiency 
1.3.16,257,CV07. Other Cardiovascular Diseases,18779,Postprocedural true or false aortic aneurysm 
1.3.16,257,CV07. Other Cardiovascular Diseases,18780,Postprocedural disorder of circulatory system following repair of congenital heart or great vessel anomaly 
1.3.16,257,CV07. Other Cardiovascular Diseases,18781,Acquired abnormality of the neopulmonary valve 
1.3.16,257,CV07. Other Cardiovascular Diseases,18782,Neopulmonary valve stenosis 
1.3.16,257,CV07. Other Cardiovascular Diseases,18783,Neopulmonary valve regurgitation 
1.3.16,257,CV07. Other Cardiovascular Diseases,18784,Postprocedural right-sided atrioventricular valvar abnormality in double-inlet ventricle 
1.3.16,257,CV07. Other Cardiovascular Diseases,18785,Postprocedural left-sided atrioventricular valvar abnormality in double-inlet ventricle 
1.3.16,257,CV07. Other Cardiovascular Diseases,18786,Postprocedural common atrioventricular valvar abnormality in double-inlet ventricle 
1.3.16,257,CV07. Other Cardiovascular Diseases,18787,Postprocedural ventricular septal defect disorder 
1.3.16,257,CV07. Other Cardiovascular Diseases,18788,Postprocedural aortic disorder related to congenital heart anomaly 
1.3.16,257,CV07. Other Cardiovascular Diseases,18789,Postprocedural arterial duct disorder 
1.3.16,257,CV07. Other Cardiovascular Diseases,18790,Postprocedural disorder following cardiovascular conduit or shunt procedure 
1.3.16,257,CV07. Other Cardiovascular Diseases,18791,Postprocedural pulmonary arterial tree disorder 
1.3.16,257,CV07. Other Cardiovascular Diseases,18792,Postprocedural pulmonary trunk stenosis 
1.3.16,257,CV07. Other Cardiovascular Diseases,18793,Postprocedural right pulmonary artery stenosis 
1.3.16,257,CV07. Other Cardiovascular Diseases,18794,Postprocedural pulmonary venous disorder 
1.3.16,257,CV07. Other Cardiovascular Diseases,18795,Postprocedural residual or recurrent interatrial communication 
1.3.16,257,CV07. Other Cardiovascular Diseases,18796,Postprocedural ventricular abnormality 
1.3.16,257,CV07. Other Cardiovascular Diseases,18797,Cardiac transplant associated coronary allograft vasculopathy 
1.3.16,257,CV07. Other Cardiovascular Diseases,18798,Lymphoedema due to surgery or radiotherapy 
1.3.16,257,CV07. Other Cardiovascular Diseases,18799,Postmastectomy lymphoedema syndrome 
1.3.16,257,CV07. Other Cardiovascular Diseases,18800,Lymphoedema due to other medical or surgical procedures 
1.3.16,257,CV07. Other Cardiovascular Diseases,18801,Inferior caval vein obstruction due to foreign body 
1.3.16,257,CV07. Other Cardiovascular Diseases,18802,Superior caval vein obstruction due to foreign body 
1.3.16,257,CV07. Other Cardiovascular Diseases,18803,Postprocedural right atrial complication 
1.3.16,257,CV07. Other Cardiovascular Diseases,18804,Postprocedural right atrial perforation 
1.3.16,257,CV07. Other Cardiovascular Diseases,18805,Right atrial erosion due to implanted device 
1.3.16,257,CV07. Other Cardiovascular Diseases,18806,Postprocedural left atrial complication 
1.3.16,257,CV07. Other Cardiovascular Diseases,18807,Postprocedural left atrial perforation 
1.3.16,257,CV07. Other Cardiovascular Diseases,18808,Left atrial erosion due to implanted device 
1.3.16,257,CV07. Other Cardiovascular Diseases,18809,Other specified diseases of the circulatory system 
1.3.16,257,CV07. Other Cardiovascular Diseases,18810,Diseases of the circulatory system unspecified 
1.3.16,257,CV07. Other Cardiovascular Diseases,24823,Cardiac arrest unspecified 
1.3.16,257,CV07. Other Cardiovascular Diseases,24798,Abnormal blood-pressure reading without diagnosis 
1.3.16,257,CV07. Other Cardiovascular Diseases,24806,Nonspecific low blood-pressure reading 
1.3.16,257,CV07. Other Cardiovascular Diseases,24807,Other specified abnormal blood-pressure reading without diagnosis 
1.3.16,257,CV07. Other Cardiovascular Diseases,24808,Abnormal blood-pressure reading without diagnosis unspecified 
1.3.16,257,CV07. Other Cardiovascular Diseases,24809,Abnormalities of heart beat 
1.3.16,257,CV07. Other Cardiovascular Diseases,24810,Tachycardia unspecified 
1.3.16,257,CV07. Other Cardiovascular Diseases,24811,Bradycardia unspecified 
1.3.16,257,CV07. Other Cardiovascular Diseases,24812,Palpitations 
1.3.16,257,CV07. Other Cardiovascular Diseases,24813,Paroxysmal tachycardia 
1.3.16,257,CV07. Other Cardiovascular Diseases,24814,Pulseless electrical activity not elsewhere classified 
1.3.16,257,CV07. Other Cardiovascular Diseases,24815,Other specified abnormalities of heart beat 
1.3.16,257,CV07. Other Cardiovascular Diseases,24816,Abnormalities of heart beat unspecified 
1.3.16,257,CV07. Other Cardiovascular Diseases,24817,Cardiac arrest 
1.3.16,257,CV07. Other Cardiovascular Diseases,24818,Ventricular tachycardia and fibrillation cardiac arrest 
1.3.16,257,CV07. Other Cardiovascular Diseases,24819,Bradycardic cardiac arrest 
1.3.16,257,CV07. Other Cardiovascular Diseases,24820,Asystolic cardiac arrest 
1.3.16,257,CV07. Other Cardiovascular Diseases,24821,Cardiac arrest with pulseless electrical activity 
1.3.16,257,CV07. Other Cardiovascular Diseases,24822,Cardiopulmonary arrest 
1.3.16,257,CV07. Other Cardiovascular Diseases,24824,Cardiac murmurs and other cardiac sounds 
1.3.16,257,CV07. Other Cardiovascular Diseases,24825,Benign and innocent cardiac murmurs 
1.3.16,257,CV07. Other Cardiovascular Diseases,24826,Other cardiac sounds 
1.3.16,257,CV07. Other Cardiovascular Diseases,24827,Cardiac murmurs and sounds unspecified 
1.3.16,257,CV07. Other Cardiovascular Diseases,24828,Cardiovascular pain 
1.3.16,257,CV07. Other Cardiovascular Diseases,24829,Gangrene 
1.3.16,257,CV07. Other Cardiovascular Diseases,24830,Precordial pain 
1.3.16,257,CV07. Other Cardiovascular Diseases,24831,Pressure or tightness of heart 
1.3.16,257,CV07. Other Cardiovascular Diseases,24832,Prominent veins 
1.3.16,257,CV07. Other Cardiovascular Diseases,24833,Other specified symptoms or signs involving the circulatory system 
1.3.16,257,CV07. Other Cardiovascular Diseases,24834,Clinical findings on diagnostic imaging of heart or coronary circulation 
1.3.16,257,CV07. Other Cardiovascular Diseases,24835,Results of function studies of the circulatory system 
1.3.16,257,CV07. Other Cardiovascular Diseases,24836,Other specified symptoms signs or clinical findings of the circulatory system 
1.3.16,257,CV07. Other Cardiovascular Diseases,4032,Aneurysm and dissection of carotid artery
1.3.16,257,CV07. Other Cardiovascular Diseases,4033,Aneurysm and dissection of artery of upper extremity
1.3.16,257,CV07. Other Cardiovascular Diseases,4034,Aneurysm and dissection of renal artery
1.3.16,257,CV07. Other Cardiovascular Diseases,4069,"Disorders of arteries, arterioles and capillaries in diseases classified elsewhere"
1.3.16,257,CV07. Other Cardiovascular Diseases,4015,Atherosclerosis
1.3.16,257,CV07. Other Cardiovascular Diseases,4016,Atherosclerosis of aorta
1.3.16,257,CV07. Other Cardiovascular Diseases,4017,Atherosclerosis of renal artery
1.3.16,257,CV07. Other Cardiovascular Diseases,4018,Atherosclerosis of arteries of extremities
1.3.16,257,CV07. Other Cardiovascular Diseases,4019,Atherosclerosis of other arteries
1.3.16,257,CV07. Other Cardiovascular Diseases,4020,Generalized and unspecified atherosclerosis
1.3.16,257,CV07. Other Cardiovascular Diseases,4021,Aortic aneurysm and dissection
1.3.16,257,CV07. Other Cardiovascular Diseases,4022,Dissection of aorta [any part]
1.3.16,257,CV07. Other Cardiovascular Diseases,4023,"Thoracic aortic aneurysm, ruptured"
1.3.16,257,CV07. Other Cardiovascular Diseases,4024,"Thoracic aortic aneurysm, without mention of rupture"
1.3.16,257,CV07. Other Cardiovascular Diseases,4025,"Abdominal aortic aneurysm, ruptured"
1.3.16,257,CV07. Other Cardiovascular Diseases,4026,"Abdominal aortic aneurysm, without mention of rupture"
1.3.16,257,CV07. Other Cardiovascular Diseases,4027,"Thoracoabdominal aortic aneurysm, ruptured"
1.3.16,257,CV07. Other Cardiovascular Diseases,4028,"Thoracoabdominal aortic aneurysm, without mention of rupture"
1.3.16,257,CV07. Other Cardiovascular Diseases,4029,"Aortic aneurysm of unspecified site, ruptured"
1.3.16,257,CV07. Other Cardiovascular Diseases,4030,"Aortic aneurysm of unspecified site, without mention of rupture"
1.3.16,257,CV07. Other Cardiovascular Diseases,4031,Other aneurysm and dissection
1.3.16,257,CV07. Other Cardiovascular Diseases,4035,Aneurysm and dissection of iliac artery
1.3.16,257,CV07. Other Cardiovascular Diseases,4036,Aneurysm and dissection of artery of lower extremity
1.3.16,257,CV07. Other Cardiovascular Diseases,4037,Aneurysm and dissection of other precerebral arteries
1.3.16,257,CV07. Other Cardiovascular Diseases,4038,Aneurysm and dissection of other specified arteries
1.3.16,257,CV07. Other Cardiovascular Diseases,4039,Aneurysm and dissection of unspecified site
1.3.16,257,CV07. Other Cardiovascular Diseases,4040,Other peripheral vascular diseases
1.3.16,257,CV07. Other Cardiovascular Diseases,4041,Raynaud syndrome
1.3.16,257,CV07. Other Cardiovascular Diseases,4042,Thromboangiitis obliterans [Buerger]
1.3.16,257,CV07. Other Cardiovascular Diseases,4043,Other specified peripheral vascular diseases
1.3.16,257,CV07. Other Cardiovascular Diseases,4044,"Peripheral vascular disease, unspecified"
1.3.16,257,CV07. Other Cardiovascular Diseases,4045,Arterial embolism and thrombosis
1.3.16,257,CV07. Other Cardiovascular Diseases,4046,Embolism and thrombosis of abdominal aorta
1.3.16,257,CV07. Other Cardiovascular Diseases,4047,Embolism and thrombosis of other and unspecified parts of aorta
1.3.16,257,CV07. Other Cardiovascular Diseases,4048,Embolism and thrombosis of arteries of upper extremities
1.3.16,257,CV07. Other Cardiovascular Diseases,4049,Embolism and thrombosis of arteries of lower extremities
1.3.16,257,CV07. Other Cardiovascular Diseases,4050,"Embolism and thrombosis of arteries of extremities, unspecified"
1.3.16,257,CV07. Other Cardiovascular Diseases,4051,Embolism and thrombosis of iliac artery
1.3.16,257,CV07. Other Cardiovascular Diseases,4052,Embolism and thrombosis of other arteries
1.3.16,257,CV07. Other Cardiovascular Diseases,4053,Embolism and thrombosis of unspecified artery
1.3.16,257,CV07. Other Cardiovascular Diseases,4054,Other disorders of arteries and arterioles
1.3.16,257,CV07. Other Cardiovascular Diseases,4055,"Arteriovenous fistula, acquired"
1.3.16,257,CV07. Other Cardiovascular Diseases,4056,Stricture of artery
1.3.16,257,CV07. Other Cardiovascular Diseases,4057,Rupture of artery
1.3.16,257,CV07. Other Cardiovascular Diseases,4058,Arterial fibromuscular dysplasia
1.3.16,257,CV07. Other Cardiovascular Diseases,4059,Coeliac artery compression syndrome
1.3.16,257,CV07. Other Cardiovascular Diseases,4060,Necrosis of artery
1.3.16,257,CV07. Other Cardiovascular Diseases,4061,"Arteritis, unspecified"
1.3.16,257,CV07. Other Cardiovascular Diseases,4062,Other specified disorders of arteries and arterioles
1.3.16,257,CV07. Other Cardiovascular Diseases,4063,"Disorder of arteries and arterioles, unspecified"
1.3.16,257,CV07. Other Cardiovascular Diseases,4064,Diseases of capillaries
1.3.16,257,CV07. Other Cardiovascular Diseases,4065,Hereditary haemorrhagic telangiectasia
1.3.16,257,CV07. Other Cardiovascular Diseases,4066,"Naevus, non-neoplastic"
1.3.16,257,CV07. Other Cardiovascular Diseases,4067,Other diseases of capillaries
1.3.16,257,CV07. Other Cardiovascular Diseases,4068,"Disease of capillaries, unspecified"
1.3.16,257,CV07. Other Cardiovascular Diseases,4070,Aneurysm of aorta in diseases classified elsewhere
1.3.16,257,CV07. Other Cardiovascular Diseases,4071,Aortitis in diseases classified elsewhere
1.3.16,257,CV07. Other Cardiovascular Diseases,4072,Peripheral angiopathy in diseases classified elsewhere
1.3.16,257,CV07. Other Cardiovascular Diseases,4073,"Other disorders of arteries, arterioles and capillaries in diseases classified elsewhere"
1.3.16,257,CV07. Other Cardiovascular Diseases,12146,Aneurysm and dissection of vertebral artery
1.3.16,257,CV07. Other Cardiovascular Diseases,18577,Acute arterial occlusion 
1.3.16,257,CV07. Other Cardiovascular Diseases,18578,Acute upper limb arterial occlusion 
1.3.16,257,CV07. Other Cardiovascular Diseases,18579,Acute thromboembolic upper limb arterial occlusion 
1.3.16,257,CV07. Other Cardiovascular Diseases,18580,Acute thrombotic upper limb arterial occlusion 
1.3.16,257,CV07. Other Cardiovascular Diseases,18581,Other specified acute upper limb arterial occlusion 
1.3.16,257,CV07. Other Cardiovascular Diseases,18582,Acute upper limb arterial occlusion unspecified 
1.3.16,257,CV07. Other Cardiovascular Diseases,18583,Acute aortoiliac occlusion 
1.3.16,257,CV07. Other Cardiovascular Diseases,18584,Acute thromboembolic aortoiliac occlusion 
1.3.16,257,CV07. Other Cardiovascular Diseases,18585,Acute thrombotic aortoiliac occlusion 
1.3.16,257,CV07. Other Cardiovascular Diseases,18586,Other specified acute aortoiliac occlusion 
1.3.16,257,CV07. Other Cardiovascular Diseases,18587,Acute aortoiliac occlusion unspecified 
1.3.16,257,CV07. Other Cardiovascular Diseases,18588,Acute lower limb arterial occlusion 
1.3.16,257,CV07. Other Cardiovascular Diseases,18589,Acute thromboembolic lower limb arterial occlusion 
1.3.16,257,CV07. Other Cardiovascular Diseases,18590,Acute thrombotic lower limb arterial occlusion 
1.3.16,257,CV07. Other Cardiovascular Diseases,18591,Other specified acute lower limb arterial occlusion 
1.3.16,257,CV07. Other Cardiovascular Diseases,18592,Acute lower limb arterial occlusion unspecified 
1.3.16,257,CV07. Other Cardiovascular Diseases,18593,Other specified acute arterial occlusion 
1.3.16,257,CV07. Other Cardiovascular Diseases,18594,Acute arterial occlusion unspecified 
1.3.16,257,CV07. Other Cardiovascular Diseases,18595,Atherosclerotic chronic arterial occlusive disease 
1.3.16,257,CV07. Other Cardiovascular Diseases,18596,Lower limb atherosclerosis 
1.3.16,257,CV07. Other Cardiovascular Diseases,18597,Atherosclerosis of aorta 
1.3.16,257,CV07. Other Cardiovascular Diseases,18598,Atherosclerosis of renal artery 
1.3.16,257,CV07. Other Cardiovascular Diseases,18599,Aortic bifurcation syndrome 
1.3.16,257,CV07. Other Cardiovascular Diseases,18600,Other specified atherosclerotic chronic arterial occlusive disease 
1.3.16,257,CV07. Other Cardiovascular Diseases,18601,Atherosclerotic chronic arterial occlusive disease unspecified 
1.3.16,257,CV07. Other Cardiovascular Diseases,18602,Non-atherosclerotic chronic arterial occlusive disease 
1.3.16,257,CV07. Other Cardiovascular Diseases,18603,Arterial fibromuscular dysplasia 
1.3.16,257,CV07. Other Cardiovascular Diseases,18604,Other specified non-atherosclerotic chronic arterial occlusive disease 
1.3.16,257,CV07. Other Cardiovascular Diseases,18605,Non-atherosclerotic chronic arterial occlusive disease unspecified 
1.3.16,257,CV07. Other Cardiovascular Diseases,18606,Raynaud phenomenon 
1.3.16,257,CV07. Other Cardiovascular Diseases,18607,Primary Raynaud disease 
1.3.16,257,CV07. Other Cardiovascular Diseases,18608,Secondary Raynaud phenomenon 
1.3.16,257,CV07. Other Cardiovascular Diseases,18609,Raynaud phenomenon unspecified 
1.3.16,257,CV07. Other Cardiovascular Diseases,18610,Other specified chronic arterial occlusive disease 
1.3.16,257,CV07. Other Cardiovascular Diseases,18611,Chronic arterial occlusive disease unspecified 
1.3.16,257,CV07. Other Cardiovascular Diseases,18612,Aortic aneurysm or dissection 
1.3.16,257,CV07. Other Cardiovascular Diseases,18613,Thoracic aortic dissection ascending aorta dissection and propagation beyond arch 
1.3.16,257,CV07. Other Cardiovascular Diseases,18614,Thoracic aortic dissection ascending aorta dissection and propagation beyond arch with perforation 
1.3.16,257,CV07. Other Cardiovascular Diseases,18615,Thoracic aortic dissection ascending aorta dissection and propagation beyond arch with rupture 
1.3.16,257,CV07. Other Cardiovascular Diseases,18616,Thoracic aortic dissection ascending aorta dissection and propagation beyond arch without mention of perforation or rupture 
1.3.16,257,CV07. Other Cardiovascular Diseases,18617,Other specified thoracic aortic dissection ascending aorta dissection and propagation beyond arch 
1.3.16,257,CV07. Other Cardiovascular Diseases,18618,Thoracic aortic dissection ascending aorta dissection and propagation beyond arch unspecified 
1.3.16,257,CV07. Other Cardiovascular Diseases,18619,Ascending aorta dissection not beyond arch 
1.3.16,257,CV07. Other Cardiovascular Diseases,18620,Ascending aorta dissection not beyond arch with perforation 
1.3.16,257,CV07. Other Cardiovascular Diseases,18621,Ascending aorta dissection not beyond arch with rupture 
1.3.16,257,CV07. Other Cardiovascular Diseases,18622,Ascending aorta dissection not beyond arch without mention of perforation or rupture 
1.3.16,257,CV07. Other Cardiovascular Diseases,18623,Other specified ascending aorta dissection not beyond arch 
1.3.16,257,CV07. Other Cardiovascular Diseases,18624,Ascending aorta dissection not beyond arch unspecified 
1.3.16,257,CV07. Other Cardiovascular Diseases,18625,Descending aorta dissection and distal propagation 
1.3.16,257,CV07. Other Cardiovascular Diseases,18626,Descending aorta dissection and distal propagation with perforation 
1.3.16,257,CV07. Other Cardiovascular Diseases,18627,Descending aorta dissection and distal propagation with rupture 
1.3.16,257,CV07. Other Cardiovascular Diseases,18628,Descending aorta dissection and distal propagation without mention of perforation or rupture 
1.3.16,257,CV07. Other Cardiovascular Diseases,18629,Other specified descending aorta dissection and distal propagation 
1.3.16,257,CV07. Other Cardiovascular Diseases,18630,Descending aorta dissection and distal propagation unspecified 
1.3.16,257,CV07. Other Cardiovascular Diseases,18631,Thoracic aortic aneurysm 
1.3.16,257,CV07. Other Cardiovascular Diseases,18632,Thoracic aortic aneurysm with perforation 
1.3.16,257,CV07. Other Cardiovascular Diseases,18633,Thoracic aortic aneurysm with rupture 
1.3.16,257,CV07. Other Cardiovascular Diseases,18634,Thoracic aortic aneurysm without mention of perforation or rupture 
1.3.16,257,CV07. Other Cardiovascular Diseases,18635,Other specified thoracic aortic aneurysm 
1.3.16,257,CV07. Other Cardiovascular Diseases,18636,Thoracic aortic aneurysm unspecified 
1.3.16,257,CV07. Other Cardiovascular Diseases,18637,Abdominal aortic aneurysm 
1.3.16,257,CV07. Other Cardiovascular Diseases,18638,Abdominal aortic aneurysm with perforation 
1.3.16,257,CV07. Other Cardiovascular Diseases,18639,Abdominal aortic aneurysm with rupture 
1.3.16,257,CV07. Other Cardiovascular Diseases,18640,Other specified abdominal aortic aneurysm 
1.3.16,257,CV07. Other Cardiovascular Diseases,18641,Abdominal aortic aneurysm unspecified 
1.3.16,257,CV07. Other Cardiovascular Diseases,18642,Thoracoabdominal aortic aneurysm 
1.3.16,257,CV07. Other Cardiovascular Diseases,18643,Thoracoabdominal aortic aneurysm with perforation 
1.3.16,257,CV07. Other Cardiovascular Diseases,18644,Thoracoabdominal aortic aneurysm with rupture 
1.3.16,257,CV07. Other Cardiovascular Diseases,18645,Thoracoabdominal aortic aneurysm without mention of perforation or rupture 
1.3.16,257,CV07. Other Cardiovascular Diseases,18646,Other specified thoracoabdominal aortic aneurysm 
1.3.16,257,CV07. Other Cardiovascular Diseases,18647,Thoracoabdominal aortic aneurysm unspecified 
1.3.16,257,CV07. Other Cardiovascular Diseases,18648,Aortic aneurysm or dissection unspecified 
1.3.16,257,CV07. Other Cardiovascular Diseases,18649,Arterial aneurysm or dissection excluding aorta 
1.3.16,257,CV07. Other Cardiovascular Diseases,18650,Aneurysm or dissection of carotid artery 
1.3.16,257,CV07. Other Cardiovascular Diseases,18651,Aneurysm or dissection of vertebral artery 
1.3.16,257,CV07. Other Cardiovascular Diseases,18652,Aneurysm or dissection of other precerebral arteries 
1.3.16,257,CV07. Other Cardiovascular Diseases,18653,Aneurysm or dissection of artery of upper extremity 
1.3.16,257,CV07. Other Cardiovascular Diseases,18654,Aneurysm or dissection of renal artery 
1.3.16,257,CV07. Other Cardiovascular Diseases,18655,Aneurysm or dissection of iliac artery 
1.3.16,257,CV07. Other Cardiovascular Diseases,18656,Aneurysm or dissection of artery of lower extremity 
1.3.16,257,CV07. Other Cardiovascular Diseases,18657,Aneurysm and dissection of other artery excluding aorta 
1.3.16,257,CV07. Other Cardiovascular Diseases,18658,Aneurysm and dissection of unspecified artery 
1.3.16,257,CV07. Other Cardiovascular Diseases,18659,Certain specified disorders of arteries or arterioles 
1.3.16,257,CV07. Other Cardiovascular Diseases,18660,Segmental arterial mediolysis 
1.3.16,257,CV07. Other Cardiovascular Diseases,18661,Arteriovenous fistula acquired 
1.3.16,257,CV07. Other Cardiovascular Diseases,18662,Stricture of artery 
1.3.16,257,CV07. Other Cardiovascular Diseases,18663,Rupture of artery 
1.3.16,257,CV07. Other Cardiovascular Diseases,18664,Necrosis of artery 
1.3.16,257,CV07. Other Cardiovascular Diseases,18665,Coeliac artery compression syndrome 
1.3.16,257,CV07. Other Cardiovascular Diseases,18666,Congenital great vessel related acquired abnormality 
1.3.16,257,CV07. Other Cardiovascular Diseases,18667,Certain acquired abnormalities of aorta 
1.3.16,257,CV07. Other Cardiovascular Diseases,18668,Acquired abnormality of aortic arch branch 
1.3.16,257,CV07. Other Cardiovascular Diseases,18669,Acquired ascending aorta or root dilation 
1.3.16,257,CV07. Other Cardiovascular Diseases,18670,Other specified certain acquired abnormalities of aorta 
1.3.16,257,CV07. Other Cardiovascular Diseases,18671,Certain acquired abnormalities of aorta unspecified 
1.3.16,257,CV07. Other Cardiovascular Diseases,18672,Other specified disorders of arteries or arterioles 
1.3.16,257,CV07. Other Cardiovascular Diseases,18673,Secondary disorders of arteries and arterioles 
1.3.16,257,CV07. Other Cardiovascular Diseases,18674,Arterial cystic medial diseases 
1.3.16,257,CV07. Other Cardiovascular Diseases,18675,Hypothenar hammer syndrome 
1.3.16,257,CV07. Other Cardiovascular Diseases,18676,Iliac artery arteriopathy 
1.3.16,257,CV07. Other Cardiovascular Diseases,18677,Popliteal entrapment syndrome 
1.3.16,257,CV07. Other Cardiovascular Diseases,18678,Cholesterol atheroembolism 
1.3.16,257,CV07. Other Cardiovascular Diseases,18679,Cholesterol atheroembolism to kidneys 
1.3.16,257,CV07. Other Cardiovascular Diseases,18680,Cholesterol atheroembolism to other specified sites 
1.3.16,257,CV07. Other Cardiovascular Diseases,18681,Cholesterol atheroembolism to unspecified site 
1.3.16,257,CV07. Other Cardiovascular Diseases,18682,Other specified secondary disorders of arteries and arterioles 
1.3.16,257,CV07. Other Cardiovascular Diseases,18683,Secondary disorders of arteries and arterioles unspecified 
1.3.16,257,CV07. Other Cardiovascular Diseases,18684,Diabetic foot ulcer 
1.3.16,257,CV07. Other Cardiovascular Diseases,18685,Asymptomatic stenosis of intracranial or extracranial artery 
1.3.16,257,CV07. Other Cardiovascular Diseases,18686,Asymptomatic occlusion of intracranial or extracranial artery 
1.3.16,257,CV07. Other Cardiovascular Diseases,18687,Other specified diseases of arteries or arterioles 
1.3.16,257,CV07. Other Cardiovascular Diseases,18688,Diseases of arteries or arterioles unspecified 
1.3.16,257,CV07. Other Cardiovascular Diseases,3793,Pulmonary embolism
1.3.16,257,CV07. Other Cardiovascular Diseases,3794,Pulmonary embolism with mention of acute cor pulmonale
1.3.16,257,CV07. Other Cardiovascular Diseases,3795,Pulmonary embolism without mention of acute cor pulmonale
1.3.16,257,CV07. Other Cardiovascular Diseases,3796,Other pulmonary heart diseases
1.3.16,257,CV07. Other Cardiovascular Diseases,3797,Primary pulmonary hypertension
1.3.16,257,CV07. Other Cardiovascular Diseases,3798,Kyphoscoliotic heart disease
1.3.16,257,CV07. Other Cardiovascular Diseases,3799,Other secondary pulmonary hypertension
1.3.16,257,CV07. Other Cardiovascular Diseases,3800,Other specified pulmonary heart diseases
1.3.16,257,CV07. Other Cardiovascular Diseases,3801,"Pulmonary heart disease, unspecified"
1.3.16,257,CV07. Other Cardiovascular Diseases,3802,Other diseases of pulmonary vessels
1.3.16,257,CV07. Other Cardiovascular Diseases,3803,Arteriovenous fistula of pulmonary vessels
1.3.16,257,CV07. Other Cardiovascular Diseases,3804,Aneurysm of pulmonary artery
1.3.16,257,CV07. Other Cardiovascular Diseases,3805,Other specified diseases of pulmonary vessels
1.3.16,257,CV07. Other Cardiovascular Diseases,3806,"Disease of pulmonary vessels, unspecified"
1.3.16,257,CV07. Other Cardiovascular Diseases,18296,Pulmonary thromboembolism 
1.3.16,257,CV07. Other Cardiovascular Diseases,18297,Acute pulmonary thromboembolism 
1.3.16,257,CV07. Other Cardiovascular Diseases,18298,Chronic pulmonary thromboembolism 
1.3.16,257,CV07. Other Cardiovascular Diseases,18299,Pulmonary thromboembolism unspecified 
1.3.16,257,CV07. Other Cardiovascular Diseases,18300,Pulmonary hypertension 
1.3.16,257,CV07. Other Cardiovascular Diseases,18301,Pulmonary arterial hypertension 
1.3.16,257,CV07. Other Cardiovascular Diseases,18302,Pulmonary hypertension due to left heart disease 
1.3.16,257,CV07. Other Cardiovascular Diseases,18303,Pulmonary hypertension due to lung disease or hypoxia 
1.3.16,257,CV07. Other Cardiovascular Diseases,18304,Chronic thromboembolic pulmonary hypertension 
1.3.16,257,CV07. Other Cardiovascular Diseases,18305,Pulmonary hypertension with multifactorial mechanism 
1.3.16,257,CV07. Other Cardiovascular Diseases,18306,Cor pulmonale 
1.3.16,257,CV07. Other Cardiovascular Diseases,18307,Pulmonary hypertension unspecified 
1.3.16,257,CV07. Other Cardiovascular Diseases,18308,Certain specified diseases of pulmonary vessels 
1.3.16,257,CV07. Other Cardiovascular Diseases,18309,Arteriovenous fistula of pulmonary vessels 
1.3.16,257,CV07. Other Cardiovascular Diseases,18310,Aneurysm of pulmonary artery 
1.3.16,257,CV07. Other Cardiovascular Diseases,18311,Aneurysm of pulmonary artery with perforation 
1.3.16,257,CV07. Other Cardiovascular Diseases,18312,Aneurysm of pulmonary artery with rupture 
1.3.16,257,CV07. Other Cardiovascular Diseases,18313,Aneurysm of pulmonary artery without mention of perforation or rupture 
1.3.16,257,CV07. Other Cardiovascular Diseases,18314,Other specified aneurysm of pulmonary artery 
1.3.16,257,CV07. Other Cardiovascular Diseases,18315,Aneurysm of pulmonary artery unspecified 
1.3.16,257,CV07. Other Cardiovascular Diseases,18316,Rupture of pulmonary vessels 
1.3.16,257,CV07. Other Cardiovascular Diseases,18317,Acquired pulmonary arterial tree abnormality 
1.3.16,257,CV07. Other Cardiovascular Diseases,18318,Acquired pulmonary venous abnormality 
1.3.16,257,CV07. Other Cardiovascular Diseases,18319,Acquired pulmonary venous obstruction 
1.3.16,257,CV07. Other Cardiovascular Diseases,18320,Other specified acquired pulmonary venous abnormality 
1.3.16,257,CV07. Other Cardiovascular Diseases,18321,Acquired pulmonary venous abnormality unspecified 
1.3.16,257,CV07. Other Cardiovascular Diseases,18322,Other specified pulmonary heart disease or diseases of pulmonary circulation 
1.3.16,257,CV07. Other Cardiovascular Diseases,18323,Pulmonary heart disease or diseases of pulmonary circulation unspecified 
1.3.5,207,OD01. Dental Caries,4444,Caries limited to enamel
1.3.5,207,OD01. Dental Caries,4450,"Dental caries, unspecified"
1.3.5,207,OD01. Dental Caries,4445,Caries of dentine
1.3.5,207,OD01. Dental Caries,4447,Arrested dental caries
1.3.5,207,OD01. Dental Caries,4443,Dental caries
1.3.5,207,OD01. Dental Caries,4449,Other dental caries
1.3.5,207,OD01. Dental Caries,19324,Anomalies of dental arch relationship
1.3.5,207,OD01. Dental Caries,20757,Allergic contact dermatitis due to dental materials
1.3.5,207,OD01. Dental Caries,23885,Syndromes with dental anomalies as a major feature
1.3.5,207,OD01. Dental Caries,25357,Chronic dental pain
1.3.5,207,OD01. Dental Caries,25828,Injury of hard dental tissues and pulp
1.3.5,207,OD01. Dental Caries,25836,Other specified injury of hard dental tissues and pulp
1.3.5,207,OD01. Dental Caries,25837,Injury of hard dental tissues and pulp unspecified
1.3.5,207,OD01. Dental Caries,28227,Dental procedure associated with injury or harm in therapeutic use
1.3.5,207,OD01. Dental Caries,28228,Dental procedure associated with injury or harm open approach
1.3.5,207,OD01. Dental Caries,28229,Dental procedure associated with injury or harm percutaneous approach
1.3.5,207,OD01. Dental Caries,28230,Dental procedure associated with injury or harm endoscopic approach
1.3.5,207,OD01. Dental Caries,28231,Dental procedure associated with injury or harm other specified approach
1.3.5,207,OD01. Dental Caries,28232,Dental procedure associated with injury or harm unspecified approach
1.3.5,207,OD01. Dental Caries,28416,Foreign body accidentally left in body as mode of injury or harm
1.3.5,207,OD01. Dental Caries,28479,Dental examination
1.3.5,207,OD01. Dental Caries,28727,Foreign body accidentally left in body without injury or harm
1.3.5,207,OD01. Dental Caries,28828,Fitting or adjustment of dental prosthetic device
1.3.5,207,OD01. Dental Caries,28866,Presence of dental prosthetic device
1.3.5,207,OD01. Dental Caries,34796,Dental care products
1.3.5,207,OD01. Dental Caries,43847,Fluoride medicinal dental use
1.3.5,207,OD01. Dental Caries,11175,"Topical agents primarily affecting skin and mucous membrane and ophthalmological, otorhinolaryngological and dental drugs"
1.3.5,207,OD01. Dental Caries,11183,"Dental drugs, topically applied"
1.3.5,207,OD01. Dental Caries,11225,Foreign object accidentally left in body during surgical and medical care
1.3.5,207,OD01. Dental Caries,11420,Dental examination
1.3.5,207,OD01. Dental Caries,11699,Fitting and adjustment of dental prosthetic device
1.3.5,207,OD01. Dental Caries,12102,Presence of dental prosthetic device (complete)(partial)
1.3.5,207,OD01. Dental Caries,4501,Retained dental root
1.3.5,207,OD01. Dental Caries,19246,Dental caries
1.3.5,207,OD01. Dental Caries,19253,Posteruptive colour changes of dental hard tissues
1.3.5,207,OD01. Dental Caries,19254,Chronic dental injuries
1.3.5,207,OD01. Dental Caries,19284,Retained dental root
1.3.5,207,OD01. Dental Caries,4459,Posteruptive colour changes of dental hard tissues
1.3.5,208,OD02. Gingivitis,4474,Acute gingivitis
1.3.5,208,OD02. Gingivitis,7765,"Congenital subluxation of hip, unspecified"
1.3.5,208,OD02. Gingivitis,4473,Gingivitis and periodontal diseases
1.3.5,208,OD02. Gingivitis,4475,Chronic gingivitis
1.3.5,208,OD02. Gingivitis,12570,Necrotising ulcerative gingivitis
1.3.5,208,OD02. Gingivitis,12572,Other specified necrotising ulcerative gingivitis
1.3.5,208,OD02. Gingivitis,12573,Necrotising ulcerative gingivitis unspecified
1.3.5,208,OD02. Gingivitis,19288,Allergic gingivitis
1.3.5,208,OD02. Gingivitis,19289,Catarrhal gingivitis
1.3.5,208,OD02. Gingivitis,19290,Eruptive gingivitis
1.3.5,208,OD02. Gingivitis,19291,Atrophic senile gingivitis
1.3.5,208,OD02. Gingivitis,19315,Cotton-roll gingivitis
1.3.5,209,OD03. HIV-Orallesions,548,"HIV disease resulting in other malignant neoplasms of lymphoid, haematopoietic and related tissue"
1.3.5,209,OD03. HIV-Orallesions,12888,Encephalitis due to herpes simplex virus
1.3.5,209,OD03. HIV-Orallesions,45551,Herpes simplex virus-1
1.3.5,209,OD03. HIV-Orallesions,45695,Herpes simplex virus-2
1.3.5,209,OD03. HIV-Orallesions,19168,Leukoplakia
1.3.5,209,OD03. HIV-Orallesions,19169,Hairy leukoplakia
1.3.5,209,OD03. HIV-Orallesions,21377,Leukoplakia of vagina
1.3.5,209,OD03. HIV-Orallesions,4536,"Leukoplakia and other disturbances of oral epithelium, including tongue"
1.3.5,209,OD03. HIV-Orallesions,4537,Hairy leukoplakia
1.3.5,209,OD03. HIV-Orallesions,29408,Thrush disorder (TM1)
1.3.5,209,OD03. HIV-Orallesions,556,HIV disease resulting in multiple diseases classified elsewhere
1.3.5,210,OD04. Oral Cancers,8279,"Dry mouth, unspecified"
1.3.5,210,OD04. Oral Cancers,917,Malignant neoplasm of lip
1.3.5,210,OD04. Oral Cancers,927,Malignant neoplasm of base of tongue
1.3.5,210,OD04. Oral Cancers,928,Malignant neoplasm of other and unspecified parts of tongue
1.3.5,210,OD04. Oral Cancers,936,Malignant neoplasm of gum
1.3.5,210,OD04. Oral Cancers,940,Malignant neoplasm of floor of mouth
1.3.5,210,OD04. Oral Cancers,945,Malignant neoplasm of palate
1.3.5,210,OD04. Oral Cancers,951,Malignant neoplasm of other and unspecified parts of mouth
1.3.5,210,OD04. Oral Cancers,13555,Malignant neoplasms of lip
1.3.5,210,OD04. Oral Cancers,13558,Other specified malignant neoplasms of lip
1.3.5,210,OD04. Oral Cancers,13559,Malignant neoplasms of lip unspecified
1.3.5,210,OD04. Oral Cancers,13560,Malignant neoplasms of base of tongue
1.3.5,210,OD04. Oral Cancers,13562,Other specified malignant neoplasms of base of tongue
1.3.5,210,OD04. Oral Cancers,13563,Malignant neoplasms of base of tongue unspecified
1.3.5,210,OD04. Oral Cancers,13564,Malignant neoplasms of other or unspecified parts of tongue
1.3.5,210,OD04. Oral Cancers,13567,Other specified malignant neoplasms of other and unspecified parts of tongue
1.3.5,210,OD04. Oral Cancers,13568,Malignant neoplasms of other or unspecified parts of tongue unspecified
1.3.5,210,OD04. Oral Cancers,13569,Malignant neoplasms of gum
1.3.5,210,OD04. Oral Cancers,13571,Other specified malignant neoplasm of gum
1.3.5,210,OD04. Oral Cancers,13572,Malignant neoplasms of gum unspecified
1.3.5,210,OD04. Oral Cancers,13573,Malignant neoplasms of floor of mouth
1.3.5,210,OD04. Oral Cancers,13575,Other specified malignant neoplasm of floor of mouth
1.3.5,210,OD04. Oral Cancers,13576,Malignant neoplasms of floor of mouth unspecified
1.3.5,210,OD04. Oral Cancers,13577,Malignant neoplasms of palate
1.3.5,210,OD04. Oral Cancers,13580,Other specified malignant neoplasm of palate
1.3.5,210,OD04. Oral Cancers,13581,Malignant neoplasms of palate unspecified
1.3.5,210,OD04. Oral Cancers,13582,Malignant neoplasms of other or unspecified parts of mouth
1.3.5,210,OD04. Oral Cancers,13584,Other specified malignant neoplasms of other and unspecified parts of mouth
1.3.5,210,OD04. Oral Cancers,13585,Malignant neoplasms of other or unspecified parts of mouth unspecified
1.3.5,211,OD05. Other Oral Conditions,8279,"Dry mouth, unspecified"
1.3.5,211,OD05. Other Oral Conditions,954,Retromolar area
1.3.5,211,OD05. Other Oral Conditions,953,Vestibule of mouth
1.3.5,211,OD05. Other Oral Conditions,952,Cheek mucosa
1.3.5,211,OD05. Other Oral Conditions,4543,Glossitis
1.3.5,211,OD05. Other Oral Conditions,4545,Median rhomboid glossitis
1.3.5,211,OD05. Other Oral Conditions,19201,Glossitis
1.3.5,211,OD05. Other Oral Conditions,19204,Median rhomboid glossitis
1.3.5,211,OD05. Other Oral Conditions,19338,Burning mouth syndrome
1.3.5,211,OD05. Other Oral Conditions,20215,Erosive oral lichen planus
1.3.5,211,OD05. Other Oral Conditions,20216,Oral lichen planus unspecified
1.3.5,211,OD05. Other Oral Conditions,19195,Xerostomia
1.3.5,211,OD05. Other Oral Conditions,8103,Halitosis
1.3.5,211,OD05. Other Oral Conditions,24919,Halitosis
1.3.5,211,OD05. Other Oral Conditions,14278,Benign neoplasm of lip oral cavity or pharynx
1.3.5,211,OD05. Other Oral Conditions,14279,Benign neoplasm of lip
1.3.5,211,OD05. Other Oral Conditions,14280,Benign neoplasm of tongue
1.3.5,211,OD05. Other Oral Conditions,14281,Benign neoplasm of floor of mouth
1.3.5,211,OD05. Other Oral Conditions,14282,Benign neoplasm of other or unspecified parts of mouth
1.3.5,211,OD05. Other Oral Conditions,19320,Micrognathia
1.3.5,211,OD05. Other Oral Conditions,7590,Ankyloglossia
1.3.5,211,OD05. Other Oral Conditions,23196,Ankyloglossia
1.3.5,211,OD05. Other Oral Conditions,4467,Acute apical periodontitis of pulpal origin
1.3.5,211,OD05. Other Oral Conditions,4468,Chronic apical periodontitis
1.3.5,211,OD05. Other Oral Conditions,4476,Acute periodontitis
1.3.5,211,OD05. Other Oral Conditions,4477,Chronic periodontitis
1.3.5,211,OD05. Other Oral Conditions,19272,Periapical periodontitis
1.3.5,211,OD05. Other Oral Conditions,19273,Acute apical periodontitis of pulpal origin
1.3.5,211,OD05. Other Oral Conditions,19274,Chronic apical periodontitis
1.3.5,211,OD05. Other Oral Conditions,19275,Other specified periapical periodontitis
1.3.5,211,OD05. Other Oral Conditions,19276,Periapical periodontitis unspecified
1.3.5,211,OD05. Other Oral Conditions,19298,Acute periodontitis
1.3.5,211,OD05. Other Oral Conditions,19299,Aggressive periodontitis
1.3.5,211,OD05. Other Oral Conditions,19302,Necrotising ulcerative periodontitis
1.3.6,213,EN01. Otitis media acute and chronic,3584,Chronic serous otitis media
1.3.6,213,EN01. Otitis media acute and chronic,3583,Other acute nonsuppurative otitis media
1.3.6,213,EN01. Otitis media acute and chronic,3582,Acute serous otitis media
1.3.6,213,EN01. Otitis media acute and chronic,3581,Nonsuppurative otitis media
1.3.6,213,EN01. Otitis media acute and chronic,3598,Otitis media in other diseases classified elsewhere
1.3.6,213,EN01. Otitis media acute and chronic,3597,Otitis media in viral diseases classified elsewhere
1.3.6,213,EN01. Otitis media acute and chronic,3596,Otitis media in bacterial diseases classified elsewhere
1.3.6,213,EN01. Otitis media acute and chronic,3595,Otitis media in diseases classified elsewhere
1.3.6,213,EN01. Otitis media acute and chronic,3594,"Otitis media, unspecified"
1.3.6,213,EN01. Otitis media acute and chronic,3593,"Suppurative otitis media, unspecified"
1.3.6,213,EN01. Otitis media acute and chronic,3592,Other chronic suppurative otitis media
1.3.6,213,EN01. Otitis media acute and chronic,3591,Chronic atticoantral suppurative otitis media
1.3.6,213,EN01. Otitis media acute and chronic,3590,Chronic tubotympanic suppurative otitis media
1.3.6,213,EN01. Otitis media acute and chronic,3589,Acute suppurative otitis media
1.3.6,213,EN01. Otitis media acute and chronic,3588,Suppurative and unspecified otitis media
1.3.6,213,EN01. Otitis media acute and chronic,3587,"Nonsuppurative otitis media, unspecified"
1.3.6,213,EN01. Otitis media acute and chronic,3586,Other chronic nonsuppurative otitis media
1.3.6,213,EN01. Otitis media acute and chronic,3585,Chronic mucoid otitis media
1.3.6,213,EN01. Otitis media acute and chronic,492,Measles complicated by otitis media
1.3.6,213,EN01. Otitis media acute and chronic,18096,Acute serous or mucoid otitis media
1.3.6,213,EN01. Otitis media acute and chronic,18097,Acute nonserous nonsuppurative otitis media
1.3.6,213,EN01. Otitis media acute and chronic,18098,Chronic serous or mucoid otitis media
1.3.6,213,EN01. Otitis media acute and chronic,18099,Noninfected otitis media with effusion
1.3.6,213,EN01. Otitis media acute and chronic,18100,Nonsuppurative otitis media unspecified
1.3.6,213,EN01. Otitis media acute and chronic,18101,Acute suppurative otitis media
1.3.6,213,EN01. Otitis media acute and chronic,18102,Chronic suppurative otitis media
1.3.6,213,EN01. Otitis media acute and chronic,18103,Chronic tubotympanic suppurative otitis media
1.3.6,213,EN01. Otitis media acute and chronic,18104,Chronic atticoantral suppurative otitis media
1.3.6,213,EN01. Otitis media acute and chronic,18105,Other chronic suppurative otitis media
1.3.6,213,EN01. Otitis media acute and chronic,18106,Chronic suppurative otitis media unspecified
1.3.6,213,EN01. Otitis media acute and chronic,18107,Other specified suppurative otitis media
1.3.6,213,EN01. Otitis media acute and chronic,18108,Suppurative otitis media unspecified
1.3.6,213,EN01. Otitis media acute and chronic,18109,Acute otitis media
1.3.6,213,EN01. Otitis media acute and chronic,18110,Chronic otitis media
1.3.6,213,EN01. Otitis media acute and chronic,18111,Other specified otitis media
1.3.6,213,EN01. Otitis media acute and chronic,18112,Otitis media unspecified
1.3.6,214,EN03. Hearing loss,3659,"Conductive hearing loss, unilateral with unrestricted hearing on the contralateral side"
1.3.6,214,EN03. Hearing loss,3657,Conductive and sensorineural hearing loss
1.3.6,214,EN03. Hearing loss,3663,"Sensorineural hearing loss, unspecified"
1.3.6,214,EN03. Hearing loss,3662,"Sensorineural hearing loss, unilateral with unrestricted hearing on the contralateral side"
1.3.6,214,EN03. Hearing loss,3661,"Sensorineural hearing loss, bilateral"
1.3.6,214,EN03. Hearing loss,3660,"Conductive hearing loss, unspecified"
1.3.6,214,EN03. Hearing loss,3658,"Conductive hearing loss, bilateral"
1.3.6,214,EN03. Hearing loss,3673,"Hearing loss, unspecified"
1.3.6,214,EN03. Hearing loss,3672,Other specified hearing loss
1.3.6,214,EN03. Hearing loss,3670,Sudden idiopathic hearing loss
1.3.6,214,EN03. Hearing loss,3668,Ototoxic hearing loss
1.3.6,214,EN03. Hearing loss,3667,Other hearing loss
1.3.6,214,EN03. Hearing loss,3666,"Mixed conductive and sensorineural hearing loss, unspecified"
1.3.6,214,EN03. Hearing loss,3665,"Mixed conductive and sensorineural hearing loss, unilateral with unrestricted hearing on the contralateral side"
1.3.6,214,EN03. Hearing loss,3664,"Mixed conductive and sensorineural hearing loss, bilateral"
1.3.6,214,EN03. Hearing loss,11955,Family history of deafness and hearing loss
1.3.6,214,EN03. Hearing loss,18138,Sudden idiopathic hearing loss
1.3.6,214,EN03. Hearing loss,18184,Congenital conductive hearing loss
1.3.6,214,EN03. Hearing loss,18185,Congenital sensorineural hearing loss
1.3.6,214,EN03. Hearing loss,18186,Congenital mixed conductive and sensorineural hearing loss
1.3.6,214,EN03. Hearing loss,18190,Acquired conductive hearing loss
1.3.6,214,EN03. Hearing loss,18191,Acquired sensorineural hearing loss
1.3.6,214,EN03. Hearing loss,18192,Acquired mixed conductive and sensorineural hearing loss
1.3.6,214,EN03. Hearing loss,18196,Ototoxic hearing loss
1.3.6,214,EN03. Hearing loss,18198,Hereditary hearing loss
1.3.6,215,EN17. Other ENT conditions,3605,"Eustachian tube disorder, unspecified"
1.3.6,215,EN17. Other ENT conditions,3603,Patulous Eustachian tube
1.3.6,215,EN17. Other ENT conditions,3602,Other disorders of Eustachian tube
1.3.6,215,EN17. Other ENT conditions,3600,Eustachian salpingitis
1.3.6,215,EN17. Other ENT conditions,5365,Other enteropathic arthropathies
1.3.6,215,EN17. Other ENT conditions,5774,"Other enthesopathies, not elsewhere classified"
1.3.6,215,EN17. Other ENT conditions,5765,"Other enthesopathies of lower limb, excluding foot"
1.3.6,215,EN17. Other ENT conditions,5767,Other enthesopathies
1.3.6,215,EN17. Other ENT conditions,5773,Other enthesopathy of foot
1.3.6,637,EN02. Mastoiditis,3611,"Mastoiditis, unspecified"
1.3.6,637,EN02. Mastoiditis,3606,Mastoiditis and related conditions
1.3.6,637,EN02. Mastoiditis,3607,Acute mastoiditis
1.3.6,637,EN02. Mastoiditis,3608,Chronic mastoiditis
1.3.6,637,EN02. Mastoiditis,3610,Other mastoiditis and related conditions
1.3.6,637,EN02. Mastoiditis,3611,"Mastoiditis, unspecified"
1.3.6,637,EN02. Mastoiditis,3633,Mastoiditis in infectious and parasitic diseases classified elsewhere
1.3.6,637,EN02. Mastoiditis,18120,Mastoiditis or related conditions
1.3.6,637,EN02. Mastoiditis,18121,Acute mastoiditis
1.3.6,637,EN02. Mastoiditis,18122,Chronic mastoiditis
1.3.6,637,EN02. Mastoiditis,18124,Mastoiditis not elsewhere classified
1.3.6,637,EN02. Mastoiditis,18125,Other specified mastoiditis or related conditions
1.3.6,638,EN04. Rhinitis,4246,Chronic rhinitis
1.3.6,638,EN04. Rhinitis,4243,Other allergic rhinitis
1.3.6,638,EN04. Rhinitis,4244,"Allergic rhinitis, unspecified"
1.3.6,638,EN04. Rhinitis,4245,"Chronic rhinitis, nasopharyngitis and pharyngitis"
1.3.6,639,EN05. Sinusitis,4256,"Chronic sinusitis, unspecified"
1.3.6,639,EN05. Sinusitis,4254,Chronic pansinusitis
1.3.6,639,EN05. Sinusitis,4255,Other chronic sinusitis
1.3.6,639,EN05. Sinusitis,4151,Acute sinusitis
1.3.6,639,EN05. Sinusitis,4152,Acute maxillary sinusitis
1.3.6,639,EN05. Sinusitis,4153,Acute frontal sinusitis
1.3.6,639,EN05. Sinusitis,4154,Acute ethmoidal sinusitis
1.3.6,639,EN05. Sinusitis,4155,Acute sphenoidal sinusitis
1.3.6,639,EN05. Sinusitis,4156,Acute pansinusitis
1.3.6,639,EN05. Sinusitis,4157,Other acute sinusitis
1.3.6,639,EN05. Sinusitis,4158,"Acute sinusitis, unspecified"
1.3.6,639,EN05. Sinusitis,4249,Chronic sinusitis
1.3.6,639,EN05. Sinusitis,4250,Chronic maxillary sinusitis
1.3.6,639,EN05. Sinusitis,4251,Chronic frontal sinusitis
1.3.6,639,EN05. Sinusitis,4252,Chronic ethmoidal sinusitis
1.3.6,639,EN05. Sinusitis,4253,Chronic sphenoidal sinusitis
1.3.6,639,EN05. Sinusitis,4254,Chronic pansinusitis
1.3.6,639,EN05. Sinusitis,4255,Other chronic sinusitis
1.3.6,639,EN05. Sinusitis,4256,"Chronic sinusitis, unspecified"
1.3.6,639,EN05. Sinusitis,18812,Acute sinusitis
1.3.6,639,EN05. Sinusitis,18860,Chronic rhinosinusitis
1.3.6,639,EN05. Sinusitis,18862,Other specified chronic rhinosinusitis
1.3.6,639,EN05. Sinusitis,18863,Chronic rhinosinusitis unspecified
1.3.6,639,EN05. Sinusitis,29472,Nasal sinusitis disorder (TM1)
1.3.6,640,EN06. Epixtasis,8051,Epistaxis
1.3.6,640,EN06. Epixtasis,8051,Epistaxis
1.3.6,640,EN06. Epixtasis,22684,Neonatal epistaxis
1.3.6,640,EN06. Epixtasis,24859,Epistaxis
1.3.6,641,EN07. Adenoid Hypertrophy,4273,Other chronic diseases of tonsils and adenoids
1.3.6,641,EN07. Adenoid Hypertrophy,4271,Hypertrophy of adenoids
1.3.6,641,EN07. Adenoid Hypertrophy,4272,Hypertrophy of tonsils with hypertrophy of adenoids
1.3.6,641,EN07. Adenoid Hypertrophy,18870,Hypertrophy of adenoids
1.3.6,642,EN08. Foreign Body in nose ear and aero-digestive system,9242,Foreign body in nostril
1.3.6,642,EN08. Foreign Body in nose ear and aero-digestive system,27702,Unintentional exposure to foreign body in orifice
1.3.6,642,EN08. Foreign Body in nose ear and aero-digestive system,27807,Intentional self-harm by foreign body in orifice
1.3.6,642,EN08. Foreign Body in nose ear and aero-digestive system,27910,Assault by foreign body in orifice or eye
1.3.6,642,EN08. Foreign Body in nose ear and aero-digestive system,28068,Exposure to foreign body in orifice or eye with undetermined intent
1.3.6,642,EN08. Foreign Body in nose ear and aero-digestive system,34001,Foreign body in orifice
1.3.6,642,EN08. Foreign Body in nose ear and aero-digestive system,27559,Other specified injury poisoning or certain other consequences of external causes
1.3.6,642,EN08. Foreign Body in nose ear and aero-digestive system,27560,Unspecified injury poisoning or certain other consequences of external causes
1.3.6,643,EN09. Infected pre-auricular sinuses and abscess,4531,Cellulitis and abscess of mouth
1.3.6,644,EN10. Otitis external,3579,Otitis externa in other diseases classified elsewhere
1.3.6,644,EN10. Otitis external,3558,Otitis externa
1.3.6,644,EN10. Otitis external,3561,Malignant otitis externa
1.3.6,644,EN10. Otitis external,3562,Other infective otitis externa
1.3.6,644,EN10. Otitis external,3564,"Acute otitis externa, noninfective"
1.3.6,644,EN10. Otitis external,3565,Other otitis externa
1.3.6,644,EN10. Otitis external,3566,"Otitis externa, unspecified"
1.3.6,644,EN10. Otitis external,3575,Otitis externa in bacterial diseases classified elsewhere
1.3.6,644,EN10. Otitis external,3576,Otitis externa in viral diseases classified elsewhere
1.3.6,644,EN10. Otitis external,3577,Otitis externa in mycoses
1.3.6,644,EN10. Otitis external,3578,Otitis externa in other infectious and parasitic diseases classified elsewhere
1.3.6,644,EN10. Otitis external,3579,Otitis externa in other diseases classified elsewhere
1.3.6,644,EN10. Otitis external,17843,Chronic otitis externa
1.3.6,644,EN10. Otitis external,18072,Malignant otitis externa
1.3.6,644,EN10. Otitis external,18077,Seborrhoeic otitis externa
1.3.6,644,EN10. Otitis external,18078,Acute noninfectious otitis externa
1.3.6,644,EN10. Otitis external,18082,Other specified otitis externa
1.3.6,644,EN10. Otitis external,18083,Otitis externa unspecified
1.3.6,645,EN11. Mastoid abscess,3559,Abscess of external ear
1.3.6,645,EN11. Mastoid abscess,3631,"Disorder of middle ear and mastoid, unspecified"
1.3.6,646,EN12. Vertigo,3646,Vertigo of central origin
1.3.6,646,EN12. Vertigo,3645,Other peripheral vertigo
1.3.6,646,EN12. Vertigo,424,Epidemic vertigo
1.3.6,646,EN12. Vertigo,3643,Benign paroxysmal vertigo
1.3.6,646,EN12. Vertigo,15812,Dissociative neurological symptom disorder with vertigo or dizziness
1.3.6,646,EN12. Vertigo,18155,Benign positional paroxysmal vertigo
1.3.6,646,EN12. Vertigo,18175,Other peripheral vertigo
1.3.6,646,EN12. Vertigo,24692,Vertigo
1.3.6,646,EN12. Vertigo,24693,Vertigo of central origin
1.3.6,646,EN12. Vertigo,24694,Other specified vertigo
1.3.6,646,EN12. Vertigo,24695,Vertigo unspecified
1.3.6,646,EN12. Vertigo,29484,Vertigo disorder (TM1)
1.3.6,647,EN13. Tonsillitis,4164,Streptococcal tonsillitis
1.3.6,647,EN13. Tonsillitis,4166,"Acute tonsillitis, unspecified"
1.3.6,647,EN13. Tonsillitis,4269,Chronic tonsillitis
1.3.6,647,EN13. Tonsillitis,4165,Acute tonsillitis due to other specified organisms
1.3.6,647,EN13. Tonsillitis,4163,Acute tonsillitis
1.3.6,647,EN13. Tonsillitis,465,Herpesviral gingivostomatitis and pharyngotonsillitis
1.3.6,647,EN13. Tonsillitis,4269,Chronic tonsillitis
1.3.6,647,EN13. Tonsillitis,18821,Acute tonsillitis
1.3.6,647,EN13. Tonsillitis,18822,Streptococcal tonsillitis
1.3.6,647,EN13. Tonsillitis,18823,Other specified acute tonsillitis
1.3.6,647,EN13. Tonsillitis,18824,Acute tonsillitis unspecified
1.3.6,647,EN13. Tonsillitis,29474,Tonsillitis disorder (TM1)
1.3.6,648,EN14. Tonsilar hypertrophy,4270,Hypertrophy of tonsils
1.3.6,648,EN14. Tonsilar hypertrophy,4272,Hypertrophy of tonsils with hypertrophy of adenoids
1.3.6,648,EN14. Tonsilar hypertrophy,18869,Hypertrophy of tonsils
1.3.6,649,EN15. Tinnitus,3680,Tinnitus
1.3.6,649,EN15. Tinnitus,24795,Tinnitus
1.3.6,649,EN15. Tinnitus,29466,Tinnitus disorder (TM1)
1.3.6,649,EN15. Tinnitus,29483,Cerebral tinnitus disorder (TM1)
1.3.6,650,EN16. Head and Neck cancer,9269,Burn of third degree of head and neck
1.3.6,650,EN16. Head and Neck cancer,12030,Acquired absence of part of head and neck
1.3.6,650,EN16. Head and Neck cancer,4936,"Acute lymphadenitis of face, head and neck"
1.3.2,171,CD01. Diarrhea-Acute,4730,Functional diarrhoea
1.3.2,171,CD01. Diarrhea-Acute,4726,Irritable bowel syndrome with diarrhoea
1.3.2,171,CD01. Diarrhea-Acute,7274,Noninfective neonatal diarrhoea
1.3.2,171,CD01. Diarrhea-Acute,4726,Irritable bowel syndrome with diarrhoea
1.3.2,171,CD01. Diarrhea-Acute,4700,"Noninfective gastroenteritis and colitis, unspecified"
1.3.2,171,CD01. Diarrhea-Acute,4730,Functional diarrhoea
1.3.2,171,CD01. Diarrhea-Acute,7274,Noninfective neonatal diarrhoea
1.3.2,171,CD01. Diarrhea-Acute,4624,Acute dilatation of stomach
1.3.2,171,CD01. Diarrhea-Acute,19568,Syndromic diarrhoea
1.3.2,171,CD01. Diarrhea-Acute,20088,Irritable bowel syndrome diarrhoea predominant
1.3.2,171,CD01. Diarrhea-Acute,20094,Functional diarrhoea
1.3.2,171,CD01. Diarrhea-Acute,22933,Noninfectious neonatal diarrhoea
1.3.2,171,CD01. Diarrhea-Acute,24935,Diarrhoea
1.3.2,172,CD02. Diarrhea-Persistent,29344,Diarrhea disorder (TM1)
1.3.2,172,CD02. Diarrhea-Persistent,29514,Severe vomiting and diarrhoea disorder (TM1)
1.3.2,173,CD03. Urethral discharges,8159,Urethral discharge
1.3.2,173,CD03. Urethral discharges,25203,Urethral discharge
1.3.2,174,CD04. Genital ulcers,6205,Ulcer of penis
1.3.2,174,CD04. Genital ulcers,6282,Ulceration of vagina
1.3.2,174,CD04. Genital ulcers,6283,Ulceration of vulva
1.3.2,174,CD04. Genital ulcers,6285,Vulvovaginal ulceration and inflammation in diseases classified elsewhere
1.3.2,174,CD04. Genital ulcers,6286,Ulceration of vulva in infectious and parasitic diseases classified elsewhere
1.3.2,174,CD04. Genital ulcers,6288,Vulvovaginal ulceration and inflammation in other diseases classified elsewhere
1.3.2,174,CD04. Genital ulcers,21291,Genital ulcer of vulva
1.3.2,174,CD04. Genital ulcers,21292,Vulvovaginal ulceration and inflammation
1.3.2,174,CD04. Genital ulcers,21293,Vulvovaginal ulceration
1.3.2,174,CD04. Genital ulcers,21294,Other specified vulvovaginal ulceration and inflammation
1.3.2,174,CD04. Genital ulcers,21295,Vulvovaginal ulceration and inflammation unspecified
1.3.2,174,CD04. Genital ulcers,21311,Genital ulcer disease of vagina
1.3.2,174,CD04. Genital ulcers,21512,Ulcerative or erosive disorders of the vulva
1.3.2,174,CD04. Genital ulcers,21514,Other specified ulcerative or erosive disorders of the vulva
1.3.2,174,CD04. Genital ulcers,21521,Ulcerative disorders of the penis or scrotum
1.3.2,174,CD04. Genital ulcers,21523,Ulcer of penis of uncertain nature
1.3.2,174,CD04. Genital ulcers,21524,Other specified ulcerative disorders of penis and scrotum
1.3.2,175,CD05. Sexually Transmitted Infection due to (Sexual Gender Based Violence),301,Other sexually transmitted chlamydial diseases
1.3.2,175,CD05. Sexually Transmitted Infection due to (Sexual Gender Based Violence),321,Unspecified sexually transmitted disease
1.3.2,176,CD06. Other Sexually Transmitted Infections,261,Congenital syphilis
1.3.2,176,CD06. Other Sexually Transmitted Infections,271,Early syphilis
1.3.2,176,CD06. Other Sexually Transmitted Infections,272,Primary genital syphilis
1.3.2,176,CD06. Other Sexually Transmitted Infections,273,Primary anal syphilis
1.3.2,176,CD06. Other Sexually Transmitted Infections,274,Primary syphilis of other sites
1.3.2,176,CD06. Other Sexually Transmitted Infections,275,Secondary syphilis of skin and mucous membranes
1.3.2,176,CD06. Other Sexually Transmitted Infections,276,Other secondary syphilis
1.3.2,176,CD06. Other Sexually Transmitted Infections,277,"Early syphilis, latent"
1.3.2,176,CD06. Other Sexually Transmitted Infections,278,"Early syphilis, unspecified"
1.3.2,176,CD06. Other Sexually Transmitted Infections,279,Late syphilis
1.3.2,176,CD06. Other Sexually Transmitted Infections,280,Cardiovascular syphilis
1.3.2,176,CD06. Other Sexually Transmitted Infections,281,Symptomatic neurosyphilis
1.3.2,176,CD06. Other Sexually Transmitted Infections,282,Asymptomatic neurosyphilis
1.3.2,176,CD06. Other Sexually Transmitted Infections,283,"Neurosyphilis, unspecified"
1.3.2,176,CD06. Other Sexually Transmitted Infections,284,Other symptomatic late syphilis
1.3.2,176,CD06. Other Sexually Transmitted Infections,263,"Early congenital syphilis, latent"
1.3.2,176,CD06. Other Sexually Transmitted Infections,264,"Early congenital syphilis, unspecified"
1.3.2,176,CD06. Other Sexually Transmitted Infections,265,Late congenital syphilitic oculopathy
1.3.2,176,CD06. Other Sexually Transmitted Infections,266,Late congenital neurosyphilis [juvenile neurosyphilis]
1.3.2,176,CD06. Other Sexually Transmitted Infections,267,"Other late congenital syphilis, symptomatic"
1.3.2,176,CD06. Other Sexually Transmitted Infections,268,"Late congenital syphilis, latent"
1.3.2,176,CD06. Other Sexually Transmitted Infections,269,"Late congenital syphilis, unspecified"
1.3.2,176,CD06. Other Sexually Transmitted Infections,270,"Congenital syphilis, unspecified"
1.3.2,176,CD06. Other Sexually Transmitted Infections,285,"Late syphilis, latent"
1.3.2,176,CD06. Other Sexually Transmitted Infections,286,"Late syphilis, unspecified"
1.3.2,176,CD06. Other Sexually Transmitted Infections,287,Other and unspecified syphilis
1.3.2,176,CD06. Other Sexually Transmitted Infections,288,"Latent syphilis, unspecified as early or late"
1.3.2,176,CD06. Other Sexually Transmitted Infections,289,"Syphilis, unspecified"
1.3.2,176,CD06. Other Sexually Transmitted Infections,290,Gonococcal infection
1.3.2,176,CD06. Other Sexually Transmitted Infections,291,Gonococcal infection of lower genitourinary tract without periurethral or accessory gland abscess
1.3.2,176,CD06. Other Sexually Transmitted Infections,292,Gonococcal infection of lower genitourinary tract with periurethral and accessory gland abscess
1.3.2,176,CD06. Other Sexually Transmitted Infections,293,Gonococcal pelviperitonitis and other gonococcal genitourinary infections
1.3.2,176,CD06. Other Sexually Transmitted Infections,294,Gonococcal infection of eye
1.3.2,176,CD06. Other Sexually Transmitted Infections,295,Gonococcal infection of musculoskeletal system
1.3.2,176,CD06. Other Sexually Transmitted Infections,296,Gonococcal pharyngitis
1.3.2,176,CD06. Other Sexually Transmitted Infections,297,Gonococcal infection of anus and rectum
1.3.2,176,CD06. Other Sexually Transmitted Infections,298,Other gonococcal infections
1.3.2,176,CD06. Other Sexually Transmitted Infections,299,"Gonococcal infection, unspecified"
1.3.2,176,CD06. Other Sexually Transmitted Infections,300,Chlamydial lymphogranuloma (venereum)
1.3.2,176,CD06. Other Sexually Transmitted Infections,301,Other sexually transmitted chlamydial diseases
1.3.2,176,CD06. Other Sexually Transmitted Infections,302,Chlamydial infection of lower genitourinary tract
1.3.2,176,CD06. Other Sexually Transmitted Infections,303,Chlamydial infection of pelviperitoneum and other genitourinary organs
1.3.2,176,CD06. Other Sexually Transmitted Infections,304,"Chlamydial infection of genitourinary tract, unspecified"
1.3.2,176,CD06. Other Sexually Transmitted Infections,305,Chlamydial infection of anus and rectum
1.3.2,176,CD06. Other Sexually Transmitted Infections,306,Chlamydial infection of pharynx
1.3.2,176,CD06. Other Sexually Transmitted Infections,307,Sexually transmitted chlamydial infection of other sites
1.3.2,176,CD06. Other Sexually Transmitted Infections,308,Chancroid
1.3.2,176,CD06. Other Sexually Transmitted Infections,309,Granuloma inguinale
1.3.2,176,CD06. Other Sexually Transmitted Infections,310,Trichomoniasis
1.3.2,176,CD06. Other Sexually Transmitted Infections,311,Urogenital trichomoniasis
1.3.2,176,CD06. Other Sexually Transmitted Infections,312,Trichomoniasis of other sites
1.3.2,176,CD06. Other Sexually Transmitted Infections,313,"Trichomoniasis, unspecified"
1.3.2,176,CD06. Other Sexually Transmitted Infections,314,Anogenital herpesviral [herpes simplex] infection
1.3.2,176,CD06. Other Sexually Transmitted Infections,315,Herpesviral infection of genitalia and urogenital tract
1.3.2,176,CD06. Other Sexually Transmitted Infections,316,Herpesviral infection of perianal skin and rectum
1.3.2,176,CD06. Other Sexually Transmitted Infections,317,"Anogenital herpesviral infection, unspecified"
1.3.2,176,CD06. Other Sexually Transmitted Infections,318,"Other predominantly sexually transmitted diseases, not elsewhere classified"
1.3.2,176,CD06. Other Sexually Transmitted Infections,319,Anogenital (venereal) warts
1.3.2,176,CD06. Other Sexually Transmitted Infections,320,Other specified predominantly sexually transmitted diseases
1.3.2,176,CD06. Other Sexually Transmitted Infections,321,Unspecified sexually transmitted disease
1.3.2,177,CD07. Urinary Tract Infections(UTI),6866,Other genitourinary tract infections following delivery
1.3.2,177,CD07. Urinary Tract Infections(UTI),6865,Urinary tract infection following delivery
1.3.2,177,CD07. Urinary Tract Infections(UTI),304,"Chlamydial infection of genitourinary tract, unspecified"
1.3.2,177,CD07. Urinary Tract Infections(UTI),302,Chlamydial infection of lower genitourinary tract
1.3.2,177,CD07. Urinary Tract Infections(UTI),292,Gonococcal infection of lower genitourinary tract with periurethral and accessory gland abscess
1.3.2,177,CD07. Urinary Tract Infections(UTI),291,Gonococcal infection of lower genitourinary tract without periurethral or accessory gland abscess
1.3.2,177,CD07. Urinary Tract Infections(UTI),7154,Neonatal urinary tract infection
1.3.2,177,CD07. Urinary Tract Infections(UTI),6568,Infections of genitourinary tract in pregnancy
1.3.2,177,CD07. Urinary Tract Infections(UTI),6572,Infections of other parts of urinary tract in pregnancy
1.3.2,177,CD07. Urinary Tract Infections(UTI),6573,Unspecified infection of urinary tract in pregnancy
1.3.2,177,CD07. Urinary Tract Infections(UTI),6091,Calculus of lower urinary tract
1.3.2,177,CD07. Urinary Tract Infections(UTI),6094,Other lower urinary tract calculus
1.3.2,177,CD07. Urinary Tract Infections(UTI),6097,Urinary calculus in schistosomiasis [bilharziasis]
1.3.2,177,CD07. Urinary Tract Infections(UTI),6100,Disorders resulting from impaired renal tubular function
1.3.2,177,CD07. Urinary Tract Infections(UTI),6103,Other disorders resulting from impaired renal tubular function
1.3.2,177,CD07. Urinary Tract Infections(UTI),6106,Small kidney of unknown cause
1.3.2,177,CD07. Urinary Tract Infections(UTI),6575,Other and unspecified genitourinary tract infection in pregnancy
1.3.2,177,CD07. Urinary Tract Infections(UTI),6947,Fetus and newborn affected by maternal renal and urinary tract diseases
1.3.2,177,CD07. Urinary Tract Infections(UTI),6165,"Urinary tract infection, site not specified"
1.3.2,177,CD07. Urinary Tract Infections(UTI),6575,Other and unspecified genitourinary tract infection in pregnancy
1.3.2,177,CD07. Urinary Tract Infections(UTI),6865,Urinary tract infection following delivery
1.3.2,177,CD07. Urinary Tract Infections(UTI),6866,Other genitourinary tract infections following delivery
1.3.2,177,CD07. Urinary Tract Infections(UTI),7154,Neonatal urinary tract infection
1.3.2,177,CD07. Urinary Tract Infections(UTI),21742,Urinary tract infection site not specified
1.3.2,177,CD07. Urinary Tract Infections(UTI),21743,Urinary tract infection site not specified due to Escherichia coli
1.3.2,177,CD07. Urinary Tract Infections(UTI),21744,Urinary tract infection site not specified due to Klebsiella pneumoniae
1.3.2,177,CD07. Urinary Tract Infections(UTI),21745,Urinary tract infection site not specified due to Proteus
1.3.2,177,CD07. Urinary Tract Infections(UTI),21746,Urinary tract infection site not specified due to other agent
1.3.2,177,CD07. Urinary Tract Infections(UTI),21747,Urinary tract infection site and agent not specified
1.3.2,177,CD07. Urinary Tract Infections(UTI),22315,Urinary tract infection following delivery
1.3.2,177,CD07. Urinary Tract Infections(UTI),22647,Neonatal urinary tract infection
1.3.2,177,CD07. Urinary Tract Infections(UTI),6119,Cystitis
1.3.2,177,CD07. Urinary Tract Infections(UTI),6120,Acute cystitis
1.3.2,177,CD07. Urinary Tract Infections(UTI),6121,Interstitial cystitis (chronic)
1.3.2,177,CD07. Urinary Tract Infections(UTI),6122,Other chronic cystitis
1.3.2,177,CD07. Urinary Tract Infections(UTI),6125,Other cystitis
1.3.2,177,CD07. Urinary Tract Infections(UTI),6126,"Cystitis, unspecified"
1.3.2,177,CD07. Urinary Tract Infections(UTI),6144,Urethritis and urethral syndrome
1.3.2,177,CD07. Urinary Tract Infections(UTI),6146,Nonspecific urethritis
1.3.2,177,CD07. Urinary Tract Infections(UTI),6147,Other urethritis
1.3.2,177,CD07. Urinary Tract Infections(UTI),6162,Urethritis in diseases classified elsewhere
1.3.2,177,CD07. Urinary Tract Infections(UTI),21713,Urethritis and urethral syndrome
1.3.2,177,CD07. Urinary Tract Infections(UTI),21715,Nonspecific urethritis
1.3.2,177,CD07. Urinary Tract Infections(UTI),21716,Other specified urethritis and urethral syndrome
1.3.2,177,CD07. Urinary Tract Infections(UTI),21717,Urethritis and urethral syndrome unspecified
1.3.2,177,CD07. Urinary Tract Infections(UTI),6148,"Urethral syndrome, unspecified"
1.3.2,177,CD07. Urinary Tract Infections(UTI),21615,Acute pyelonephritis
1.3.2,177,CD07. Urinary Tract Infections(UTI),6041,"Tubulo-interstitial nephritis, not specified as acute or chronic"
1.3.2,177,CD07. Urinary Tract Infections(UTI),21614,Acute tubulo-interstitial nephritis
1.3.2,177,CD07. Urinary Tract Infections(UTI),21618,Tubulo-interstitial nephritis not specified as acute or chronic
1.3.2,177,CD07. Urinary Tract Infections(UTI),21619,Chronic tubulo-interstitial nephritis
1.3.2,177,CD07. Urinary Tract Infections(UTI),21623,Other specified chronic tubulo-interstitial nephritis
1.3.2,177,CD07. Urinary Tract Infections(UTI),21624,Chronic tubulo-interstitial nephritis unspecified
1.3.2,178,CD08. Intestinal Worms,817,Ascariasis
1.3.2,178,CD08. Intestinal Worms,818,Ascariasis with intestinal complications
1.3.2,178,CD08. Intestinal Worms,819,Ascariasis with other complications
1.3.2,178,CD08. Intestinal Worms,820,"Ascariasis, unspecified"
1.3.2,178,CD08. Intestinal Worms,13075,Ascariasis
1.3.2,178,CD08. Intestinal Worms,830,Intestinal capillariasis
1.3.2,178,CD08. Intestinal Worms,13076,Capillariasis
1.3.2,178,CD08. Intestinal Worms,13077,Capillariasis of the intestine
1.3.2,178,CD08. Intestinal Worms,13078,Other specified capillariasis
1.3.2,178,CD08. Intestinal Worms,13079,Capillariasis unspecified
1.3.2,178,CD08. Intestinal Worms,757,Schistosomiasis [bilharziasis]
1.3.2,178,CD08. Intestinal Worms,758,Schistosomiasis due to Schistosoma haematobium [urinary schistosomiasis]
1.3.2,178,CD08. Intestinal Worms,759,Schistosomiasis due to Schistosoma mansoni [intestinal schistosomiasis]
1.3.2,178,CD08. Intestinal Worms,760,Schistosomiasis due to Schistosoma japonicum
1.3.2,178,CD08. Intestinal Worms,761,Cercarial dermatitis
1.3.2,178,CD08. Intestinal Worms,762,Other schistosomiases
1.3.2,178,CD08. Intestinal Worms,763,"Schistosomiasis, unspecified"
1.3.2,178,CD08. Intestinal Worms,764,Other fluke infections
1.3.2,178,CD08. Intestinal Worms,765,Opisthorchiasis
1.3.2,178,CD08. Intestinal Worms,766,Clonorchiasis
1.3.2,178,CD08. Intestinal Worms,767,Dicrocoeliasis
1.3.2,178,CD08. Intestinal Worms,768,Fascioliasis
1.3.2,178,CD08. Intestinal Worms,769,Paragonimiasis
1.3.2,178,CD08. Intestinal Worms,770,Fasciolopsiasis
1.3.2,178,CD08. Intestinal Worms,771,Other specified fluke infections
1.3.2,178,CD08. Intestinal Worms,772,"Fluke infection, unspecified"
1.3.2,178,CD08. Intestinal Worms,773,Echinococcosis
1.3.2,178,CD08. Intestinal Worms,777,"Echinococcus granulosus infection, other and multiple sites"
1.3.2,178,CD08. Intestinal Worms,778,"Echinococcus granulosus infection, unspecified"
1.3.2,178,CD08. Intestinal Worms,780,"Echinococcus multilocularis infection, other and multiple sites"
1.3.2,178,CD08. Intestinal Worms,781,"Echinococcus multilocularis infection, unspecified"
1.3.2,178,CD08. Intestinal Worms,782,"Echinococcosis, unspecified, of liver"
1.3.2,178,CD08. Intestinal Worms,783,"Echinococcosis, other and unspecified"
1.3.2,178,CD08. Intestinal Worms,784,Taeniasis
1.3.2,178,CD08. Intestinal Worms,785,Taenia solium taeniasis
1.3.2,178,CD08. Intestinal Worms,786,Taenia saginata taeniasis
1.3.2,178,CD08. Intestinal Worms,787,"Taeniasis, unspecified"
1.3.2,178,CD08. Intestinal Worms,788,Cysticercosis
1.3.2,178,CD08. Intestinal Worms,793,Diphyllobothriasis and sparganosis
1.3.2,178,CD08. Intestinal Worms,794,Diphyllobothriasis
1.3.2,178,CD08. Intestinal Worms,795,Sparganosis
1.3.2,178,CD08. Intestinal Worms,796,Other cestode infections
1.3.2,178,CD08. Intestinal Worms,797,Hymenolepiasis
1.3.2,178,CD08. Intestinal Worms,798,Dipylidiasis
1.3.2,178,CD08. Intestinal Worms,799,Other specified cestode infections
1.3.2,178,CD08. Intestinal Worms,800,"Cestode infection, unspecified"
1.3.2,178,CD08. Intestinal Worms,801,Dracunculiasis
1.3.2,178,CD08. Intestinal Worms,802,Onchocerciasis
1.3.2,178,CD08. Intestinal Worms,803,Filariasis
1.3.2,178,CD08. Intestinal Worms,804,Filariasis due to Wuchereria bancrofti
1.3.2,178,CD08. Intestinal Worms,805,Filariasis due to Brugia malayi
1.3.2,178,CD08. Intestinal Worms,806,Filariasis due to Brugia timori
1.3.2,178,CD08. Intestinal Worms,807,Loiasis
1.3.2,178,CD08. Intestinal Worms,808,Mansonelliasis
1.3.2,178,CD08. Intestinal Worms,809,Other filariases
1.3.2,178,CD08. Intestinal Worms,810,"Filariasis, unspecified"
1.3.2,178,CD08. Intestinal Worms,811,Trichinellosis
1.3.2,178,CD08. Intestinal Worms,812,Hookworm diseases
1.3.2,178,CD08. Intestinal Worms,813,Ancylostomiasis
1.3.2,178,CD08. Intestinal Worms,814,Necatoriasis
1.3.2,178,CD08. Intestinal Worms,815,Other hookworm diseases
1.3.2,178,CD08. Intestinal Worms,816,"Hookworm disease, unspecified"
1.3.2,178,CD08. Intestinal Worms,790,Cysticercosis of eye
1.3.2,178,CD08. Intestinal Worms,791,Cysticercosis of other sites
1.3.2,178,CD08. Intestinal Worms,792,"Cysticercosis, unspecified"
1.3.2,178,CD08. Intestinal Worms,817,Ascariasis
1.3.2,178,CD08. Intestinal Worms,818,Ascariasis with intestinal complications
1.3.2,178,CD08. Intestinal Worms,819,Ascariasis with other complications
1.3.2,178,CD08. Intestinal Worms,820,"Ascariasis, unspecified"
1.3.2,178,CD08. Intestinal Worms,821,Strongyloidiasis
1.3.2,178,CD08. Intestinal Worms,822,Intestinal strongyloidiasis
1.3.2,178,CD08. Intestinal Worms,823,Cutaneous strongyloidiasis
1.3.2,178,CD08. Intestinal Worms,824,Disseminated strongyloidiasis
1.3.2,178,CD08. Intestinal Worms,825,"Strongyloidiasis, unspecified"
1.3.2,178,CD08. Intestinal Worms,826,Trichuriasis
1.3.2,178,CD08. Intestinal Worms,827,Enterobiasis
1.3.2,178,CD08. Intestinal Worms,828,"Other intestinal helminthiases, not elsewhere classified"
1.3.2,178,CD08. Intestinal Worms,829,Anisakiasis
1.3.2,178,CD08. Intestinal Worms,830,Intestinal capillariasis
1.3.2,178,CD08. Intestinal Worms,831,Trichostrongyliasis
1.3.2,178,CD08. Intestinal Worms,832,Intestinal angiostrongyliasis
1.3.2,178,CD08. Intestinal Worms,833,Mixed intestinal helminthiases
1.3.2,178,CD08. Intestinal Worms,834,Other specified intestinal helminthiases
1.3.2,178,CD08. Intestinal Worms,835,Unspecified intestinal parasitism
1.3.2,178,CD08. Intestinal Worms,836,"Intestinal helminthiasis, unspecified"
1.3.2,178,CD08. Intestinal Worms,837,"Intestinal parasitism, unspecified"
1.3.2,178,CD08. Intestinal Worms,838,Other helminthiases
1.3.2,178,CD08. Intestinal Worms,839,Visceral larva migrans
1.3.2,178,CD08. Intestinal Worms,840,Gnathostomiasis
1.3.2,178,CD08. Intestinal Worms,841,Angiostrongyliasis due to Parastrongylus cantonensis
1.3.2,178,CD08. Intestinal Worms,842,Syngamiasis
1.3.2,178,CD08. Intestinal Worms,843,Internal hirudiniasis
1.3.2,178,CD08. Intestinal Worms,844,Other specified helminthiases
1.3.2,178,CD08. Intestinal Worms,845,"Helminthiasis, unspecified"
1.3.2,178,CD08. Intestinal Worms,789,Cysticercosis of central nervous system
1.3.2,178,CD08. Intestinal Worms,13081,Enterobiasis
1.3.2,178,CD08. Intestinal Worms,13094,Gnathostomiasis
1.3.2,178,CD08. Intestinal Worms,13096,Ancylostomiasis
1.3.2,178,CD08. Intestinal Worms,13097,Necatoriasis
1.3.2,178,CD08. Intestinal Worms,13098,Cutaneous larva migrans
1.3.2,178,CD08. Intestinal Worms,13099,Oesophagostomiasis
1.3.2,178,CD08. Intestinal Worms,13104,Strongyloidiasis
1.3.2,178,CD08. Intestinal Worms,13108,Trichostrongyliasis
1.3.2,178,CD08. Intestinal Worms,13109,Trichuriasis
1.3.2,178,CD08. Intestinal Worms,13110,Uncinariosis
1.3.2,178,CD08. Intestinal Worms,13111,Other specified diseases due to nematodes
1.3.2,178,CD08. Intestinal Worms,13112,Diseases due to nematodes unspecified
1.3.2,178,CD08. Intestinal Worms,13113,Cysticercosis
1.3.2,178,CD08. Intestinal Worms,13117,Other specified cysticercosis
1.3.2,178,CD08. Intestinal Worms,13118,Cysticercosis unspecified
1.3.2,178,CD08. Intestinal Worms,13119,Diphyllobothriasis
1.3.2,178,CD08. Intestinal Worms,13159,Diphyllobothriasis and sparganosis
1.3.2,178,CD08. Intestinal Worms,13120,Dipylidiasis
1.3.2,178,CD08. Intestinal Worms,13121,Echinococcosis
1.3.2,178,CD08. Intestinal Worms,13126,Other specified echinococcosis
1.3.2,178,CD08. Intestinal Worms,13127,Echinococcosis unspecified
1.3.2,178,CD08. Intestinal Worms,13128,Hymenolepiasis
1.3.2,178,CD08. Intestinal Worms,13129,Sparganosis
1.3.2,178,CD08. Intestinal Worms,13130,Taeniasis
1.3.2,178,CD08. Intestinal Worms,13131,Taeniasis due to Taenia solium
1.3.2,178,CD08. Intestinal Worms,13132,Taeniasis due to Taenia saginata
1.3.2,178,CD08. Intestinal Worms,13133,Other specified taeniasis
1.3.2,178,CD08. Intestinal Worms,13134,Taeniasis unspecified
1.3.2,178,CD08. Intestinal Worms,13135,Other specified diseases due to cestodes
1.3.2,178,CD08. Intestinal Worms,13136,Diseases due to cestodes unspecified
1.3.2,178,CD08. Intestinal Worms,13140,Fasciolopsiasis
1.3.2,178,CD08. Intestinal Worms,13141,Opisthorchiasis
1.3.2,178,CD08. Intestinal Worms,13142,Paragonimiasis
1.3.2,178,CD08. Intestinal Worms,13143,Schistosomiasis
1.3.2,178,CD08. Intestinal Worms,13144,Schistosomiasis due to Schistosoma haematobium
1.3.2,178,CD08. Intestinal Worms,13145,Schistosomiasis due to Schistosoma mansoni
1.3.2,178,CD08. Intestinal Worms,13146,Schistosomiasis due to Schistosoma japonicum
1.3.2,178,CD08. Intestinal Worms,13150,Schistosomiasis due to unspecified or unknown Schistosoma species
1.3.2,178,CD08. Intestinal Worms,13147,Other schistosomiases
1.3.2,178,CD08. Intestinal Worms,13155,Intestinal parasitic infestation not otherwise specified
1.3.2,179,CD09. Hematological Meningitis,2863,Haemophilus meningitis
1.3.2,180,CD10. Other types of meningitis,93,Tuberculous meningitis
1.3.2,180,CD10. Other types of meningitis,117,Plague meningitis
1.3.2,180,CD10. Other types of meningitis,184,Listerial meningitis and meningoencephalitis
1.3.2,180,CD10. Other types of meningitis,416,Viral meningitis
1.3.2,180,CD10. Other types of meningitis,417,Enteroviral meningitis
1.3.2,180,CD10. Other types of meningitis,418,Adenoviral meningitis
1.3.2,180,CD10. Other types of meningitis,419,Lymphocytic choriomeningitis
1.3.2,180,CD10. Other types of meningitis,421,"Viral meningitis, unspecified"
1.3.2,180,CD10. Other types of meningitis,466,Herpesviral meningitis
1.3.2,180,CD10. Other types of meningitis,473,Varicella meningitis
1.3.2,180,CD10. Other types of meningitis,480,Zoster meningitis
1.3.2,180,CD10. Other types of meningitis,490,Measles complicated by meningitis
1.3.2,180,CD10. Other types of meningitis,571,Mumps meningitis
1.3.2,180,CD10. Other types of meningitis,626,Candidal meningitis
1.3.2,180,CD10. Other types of meningitis,636,Coccidioidomycosis meningitis
1.3.2,180,CD10. Other types of meningitis,2862,"Bacterial meningitis, not elsewhere classified"
1.3.2,180,CD10. Other types of meningitis,2863,Haemophilus meningitis
1.3.2,180,CD10. Other types of meningitis,2864,Pneumococcal meningitis
1.3.2,180,CD10. Other types of meningitis,2865,Streptococcal meningitis
1.3.2,180,CD10. Other types of meningitis,2866,Staphylococcal meningitis
1.3.2,180,CD10. Other types of meningitis,2867,Other bacterial meningitis
1.3.2,180,CD10. Other types of meningitis,2868,"Bacterial meningitis, unspecified"
1.3.2,180,CD10. Other types of meningitis,2869,Meningitis in bacterial diseases classified elsewhere
1.3.2,180,CD10. Other types of meningitis,2870,Meningitis in other infectious and parasitic diseases classified elsewhere
1.3.2,180,CD10. Other types of meningitis,2871,Meningitis in viral diseases classified elsewhere
1.3.2,180,CD10. Other types of meningitis,2872,Meningitis in mycoses
1.3.2,180,CD10. Other types of meningitis,2873,Meningitis in other specified infectious and parasitic diseases classified elsewhere
1.3.2,180,CD10. Other types of meningitis,2874,Meningitis due to other and unspecified causes
1.3.2,180,CD10. Other types of meningitis,2875,Nonpyogenic meningitis
1.3.2,180,CD10. Other types of meningitis,2876,Chronic meningitis
1.3.2,180,CD10. Other types of meningitis,2877,Benign recurrent meningitis [Mollaret]
1.3.2,180,CD10. Other types of meningitis,2878,Meningitis due to other specified causes
1.3.2,180,CD10. Other types of meningitis,2879,"Meningitis, unspecified"
1.3.2,180,CD10. Other types of meningitis,205,Meningococcal meningitis
1.3.2,180,CD10. Other types of meningitis,420,Other viral meningitis
1.3.2,180,CD10. Other types of meningitis,12670,Bacterial meningitis
1.3.2,180,CD10. Other types of meningitis,12359,Tuberculous meningitis
1.3.2,180,CD10. Other types of meningitis,12427,Meningitis due to Streptococcus
1.3.2,180,CD10. Other types of meningitis,12428,Meningitis due to Staphylococcus
1.3.2,180,CD10. Other types of meningitis,12480,Plague meningitis
1.3.2,180,CD10. Other types of meningitis,12531,Listerial meningitis or meningoencephalitis
1.3.2,180,CD10. Other types of meningitis,12540,Meningococcal meningitis
1.3.2,180,CD10. Other types of meningitis,12655,Viral meningitis not elsewhere classified
1.3.2,180,CD10. Other types of meningitis,12656,Enteroviral meningitis
1.3.2,180,CD10. Other types of meningitis,12657,Meningitis due to adenovirus
1.3.2,180,CD10. Other types of meningitis,12658,Other specified viral meningitis not elsewhere classified
1.3.2,180,CD10. Other types of meningitis,12659,Viral meningitis not elsewhere classified unspecified
1.3.2,180,CD10. Other types of meningitis,12660,Lymphocytic choriomeningitis
1.3.2,180,CD10. Other types of meningitis,12669,Infectious meningitis not elsewhere classified
1.3.2,180,CD10. Other types of meningitis,12671,Meningitis due to Haemophilus influenzae
1.3.2,180,CD10. Other types of meningitis,12672,Other specified bacterial meningitis
1.3.2,180,CD10. Other types of meningitis,12673,Bacterial meningitis unspecified
1.3.2,180,CD10. Other types of meningitis,12674,Fungal meningitis
1.3.2,180,CD10. Other types of meningitis,12675,Meningitis due to Cryptococcus neoformans
1.3.2,180,CD10. Other types of meningitis,12676,Other specified fungal meningitis
1.3.2,180,CD10. Other types of meningitis,12677,Fungal meningitis unspecified
1.3.2,180,CD10. Other types of meningitis,12678,Parasitic or protozoal meningitis
1.3.2,180,CD10. Other types of meningitis,12679,Benign recurrent meningitis
1.3.2,180,CD10. Other types of meningitis,12680,Other specified infectious meningitis not elsewhere classified
1.3.2,180,CD10. Other types of meningitis,12681,Infectious meningitis not elsewhere classified unspecified
1.3.2,180,CD10. Other types of meningitis,12780,Meningitis due to mumps virus
1.3.2,180,CD10. Other types of meningitis,12859,Varicella meningitis
1.3.2,180,CD10. Other types of meningitis,12887,Herpes simplex meningitis
1.3.2,180,CD10. Other types of meningitis,12901,Measles complicated by meningitis
1.3.2,180,CD10. Other types of meningitis,12943,Candida meningitis
1.3.2,180,CD10. Other types of meningitis,12957,Coccidioides meningitis
1.3.2,180,CD10. Other types of meningitis,13036,Meningitis in Gambiense trypanosomiasis
1.3.2,180,CD10. Other types of meningitis,13040,Meningitis in Rhodesiense trypanosomiasis
1.3.2,180,CD10. Other types of meningitis,13050,Meningitis in Chagas disease
1.3.2,180,CD10. Other types of meningitis,13070,Eosinophilic meningitis due to Angiostrongylus cantonensis
1.3.2,180,CD10. Other types of meningitis,13115,Meningitis due to Cysticercosis
1.3.2,180,CD10. Other types of meningitis,17317,Neoplastic meningitis
1.3.2,180,CD10. Other types of meningitis,17318,Chemical meningitis
1.3.2,180,CD10. Other types of meningitis,17319,Inflammatory meningitis
1.3.2,180,CD10. Other types of meningitis,17324,Pachymeningitis due to infection
1.3.2,180,CD10. Other types of meningitis,17325,Idiopathic hypertrophic pachymeningitis
1.3.2,180,CD10. Other types of meningitis,17326,Other specified pachymeningitis
1.3.2,180,CD10. Other types of meningitis,17327,Pachymeningitis unspecified
1.3.2,180,CD10. Other types of meningitis,45626,Lymphocytic choriomeningitis virus
1.3.2,180,CD10. Other types of meningitis,17323,Pachymeningitis
1.3.2,180,CD10. Other types of meningitis,17353,Postprocedural meningitis
1.3.2,181,CD11. No pneumonia - Cough or cold,8056,Cough
1.3.2,181,CD11. No pneumonia - Cough or cold,4150,Acute nasopharyngitis [common cold]
1.3.2,181,CD11. No pneumonia - Cough or cold,29351,Common cold disorder (TM1)
1.3.2,181,CD11. No pneumonia - Cough or cold,29512,Seasonal cold disorder (TM1)
1.3.2,181,CD11. No pneumonia - Cough or cold,24858,Cough
1.3.2,181,CD11. No pneumonia - Cough or cold,29352,Cough with dyspnea disorder (TM1)
1.3.2,181,CD11. No pneumonia - Cough or cold,29353,Other specified cough disorders (TM1)
1.3.2,181,CD11. No pneumonia - Cough or cold,29354,Cough disorders (TM1) unspecified
1.3.2,182,CD12. Pneumonia,475,Varicella pneumonia
1.3.2,182,CD12. Pneumonia,887,Streptococcus pneumoniae as the cause of diseases classified to other chapters
1.3.2,182,CD12. Pneumonia,895,Klebsiella pneumoniae [K. pneumoniae] as the cause of diseases classified to other chapters
1.3.2,182,CD12. Pneumonia,4180,"Influenza with pneumonia, seasonal influenza virus identified"
1.3.2,182,CD12. Pneumonia,4184,"Influenza with pneumonia, virus not identified"
1.3.2,182,CD12. Pneumonia,4187,"Viral pneumonia, not elsewhere classified"
1.3.2,182,CD12. Pneumonia,4188,Adenoviral pneumonia
1.3.2,182,CD12. Pneumonia,4189,Respiratory syncytial virus pneumonia
1.3.2,182,CD12. Pneumonia,4190,Parainfluenza virus pneumonia
1.3.2,182,CD12. Pneumonia,4191,Human metapneumovirus pneumonia
1.3.2,182,CD12. Pneumonia,4192,Other viral pneumonia
1.3.2,182,CD12. Pneumonia,4193,"Viral pneumonia, unspecified"
1.3.2,182,CD12. Pneumonia,4194,Pneumonia due to Streptococcus pneumoniae
1.3.2,182,CD12. Pneumonia,4195,Pneumonia due to Haemophilus influenzae
1.3.2,182,CD12. Pneumonia,4196,"Bacterial pneumonia, not elsewhere classified"
1.3.2,182,CD12. Pneumonia,4197,Pneumonia due to Klebsiella pneumoniae
1.3.2,182,CD12. Pneumonia,4198,Pneumonia due to Pseudomonas
1.3.2,182,CD12. Pneumonia,4199,Pneumonia due to staphylococcus
1.3.2,182,CD12. Pneumonia,4200,"Pneumonia due to streptococcus, group B"
1.3.2,182,CD12. Pneumonia,4201,Pneumonia due to other streptococci
1.3.2,182,CD12. Pneumonia,4202,Pneumonia due to Escherichia coli
1.3.2,182,CD12. Pneumonia,4203,Pneumonia due to other Gram-negative bacteria
1.3.2,182,CD12. Pneumonia,4204,Pneumonia due to Mycoplasma pneumoniae
1.3.2,182,CD12. Pneumonia,4205,Other bacterial pneumonia
1.3.2,182,CD12. Pneumonia,4206,"Bacterial pneumonia, unspecified"
1.3.2,182,CD12. Pneumonia,4207,"Pneumonia due to other infectious organisms, not elsewhere classified"
1.3.2,182,CD12. Pneumonia,4208,Chlamydial pneumonia
1.3.2,182,CD12. Pneumonia,4209,Pneumonia due to other specified infectious organisms
1.3.2,182,CD12. Pneumonia,4210,Pneumonia in diseases classified elsewhere
1.3.2,182,CD12. Pneumonia,4211,Pneumonia in bacterial diseases classified elsewhere
1.3.2,182,CD12. Pneumonia,4212,Pneumonia in viral diseases classified elsewhere
1.3.2,182,CD12. Pneumonia,4213,Pneumonia in mycoses
1.3.2,182,CD12. Pneumonia,4214,Pneumonia in parasitic diseases
1.3.2,182,CD12. Pneumonia,4215,Pneumonia in other diseases classified elsewhere
1.3.2,182,CD12. Pneumonia,4216,"Pneumonia, organism unspecified"
1.3.2,182,CD12. Pneumonia,4217,"Bronchopneumonia, unspecified"
1.3.2,182,CD12. Pneumonia,4218,"Lobar pneumonia, unspecified"
1.3.2,182,CD12. Pneumonia,4219,"Hypostatic pneumonia, unspecified"
1.3.2,182,CD12. Pneumonia,4220,"Other pneumonia, organism unspecified"
1.3.2,182,CD12. Pneumonia,4221,"Pneumonia, unspecified"
1.3.2,182,CD12. Pneumonia,4223,Acute bronchitis due to Mycoplasma pneumoniae
1.3.2,182,CD12. Pneumonia,4380,Abscess of lung with pneumonia
1.3.2,182,CD12. Pneumonia,4381,Abscess of lung without pneumonia
1.3.2,182,CD12. Pneumonia,7074,Congenital pneumonia
1.3.2,182,CD12. Pneumonia,7075,Congenital pneumonia due to viral agent
1.3.2,182,CD12. Pneumonia,7076,Congenital pneumonia due to Chlamydia
1.3.2,182,CD12. Pneumonia,7077,Congenital pneumonia due to staphylococcus
1.3.2,182,CD12. Pneumonia,7078,"Congenital pneumonia due to streptococcus, group B"
1.3.2,182,CD12. Pneumonia,7079,Congenital pneumonia due to Escherichia coli
1.3.2,182,CD12. Pneumonia,7080,Congenital pneumonia due to Pseudomonas
1.3.2,182,CD12. Pneumonia,7081,Congenital pneumonia due to other bacterial agents
1.3.2,182,CD12. Pneumonia,7082,Congenital pneumonia due to other organisms
1.3.2,182,CD12. Pneumonia,7083,"Congenital pneumonia, unspecified"
1.3.2,182,CD12. Pneumonia,217,Sepsis due to Streptococcus pneumoniae
1.3.2,182,CD12. Pneumonia,540,HIV disease resulting in Pneumocystis jirovecii pneumonia
1.3.2,182,CD12. Pneumonia,894,Mycoplasma pneumoniae [M. pneumoniae] as the cause of diseases classified to other chapters
1.3.2,182,CD12. Pneumonia,18950,Pneumonia
1.3.2,182,CD12. Pneumonia,18951,Bacterial pneumonia
1.3.2,182,CD12. Pneumonia,18952,Pneumonia due to Chlamydophila pneumoniae
1.3.2,182,CD12. Pneumonia,18953,Pneumonia due to Escherichia coli
1.3.2,182,CD12. Pneumonia,18954,Pneumonia due to Haemophilus influenzae
1.3.2,182,CD12. Pneumonia,18955,Pneumonia due to Klebsiella pneumoniae
1.3.2,182,CD12. Pneumonia,18956,Pneumonia due to Mycoplasma pneumoniae
1.3.2,182,CD12. Pneumonia,18957,Pneumonia due to Pseudomonas aeruginosa
1.3.2,182,CD12. Pneumonia,18958,Pneumonia due to Staphylococcus
1.3.2,182,CD12. Pneumonia,18959,Pneumonia due to Streptococcus pneumoniae
1.3.2,182,CD12. Pneumonia,18960,Pneumonia due to Beta-haemolytic streptococcus
1.3.2,182,CD12. Pneumonia,18961,Pneumonia due to other specified bacteria
1.3.2,182,CD12. Pneumonia,18962,Bacterial pneumonia unspecified
1.3.2,182,CD12. Pneumonia,18963,Viral pneumonia
1.3.2,182,CD12. Pneumonia,18964,Pneumonia due to Adenovirus
1.3.2,182,CD12. Pneumonia,18965,Pneumonia due to Respiratory syncytial virus
1.3.2,182,CD12. Pneumonia,18966,Pneumonia due to parainfluenza virus
1.3.2,182,CD12. Pneumonia,18967,Pneumonia due to Human metapneumovirus
1.3.2,182,CD12. Pneumonia,18968,Pneumonia due to other specified virus
1.3.2,182,CD12. Pneumonia,18969,Viral pneumonia unspecified
1.3.2,182,CD12. Pneumonia,18970,Fungal pneumonia
1.3.2,182,CD12. Pneumonia,18971,Pneumonia due to pneumocystis
1.3.2,182,CD12. Pneumonia,18972,Other specified fungal pneumonia
1.3.2,182,CD12. Pneumonia,18973,Fungal pneumonia unspecified
1.3.2,182,CD12. Pneumonia,18974,Other specified pneumonia
1.3.2,182,CD12. Pneumonia,18975,Pneumonia organism unspecified
1.3.2,182,CD12. Pneumonia,18991,Abscess of lung with pneumonia
1.3.2,182,CD12. Pneumonia,19077,Lymphoid interstitial pneumonia
1.3.2,182,CD12. Pneumonia,19963,Peritonitis due to Streptococcus pneumoniae
1.3.2,182,CD12. Pneumonia,21744,Urinary tract infection site not specified due to Klebsiella pneumoniae
1.3.2,182,CD12. Pneumonia,22775,Congenital pneumonia
1.3.2,182,CD12. Pneumonia,25453,Antibiotic resistant Klebsiella pneumoniae
1.3.2,182,CD12. Pneumonia,25454,Sulfonamide or trimethoprim resistant Klebsiella pneumoniae
1.3.2,182,CD12. Pneumonia,25455,Fluoroquinolone resistant Klebsiella pneumoniae
1.3.2,182,CD12. Pneumonia,25456,Third-generation cephalosporin resistant Klebsiella pneumoniae
1.3.2,182,CD12. Pneumonia,25457,Fourth-generation cephalosporin resistant Klebsiella pneumoniae
1.3.2,182,CD12. Pneumonia,25458,Carbapenem resistant Klebsiella pneumoniae
1.3.2,182,CD12. Pneumonia,25459,Polymyxin resistant Klebsiella pneumoniae
1.3.2,182,CD12. Pneumonia,25460,Extended-spectrum beta-lactamase producing Klebsiella pneumoniae
1.3.2,182,CD12. Pneumonia,25461,Klebsiella pneumoniae resistant to other antibiotic
1.3.2,182,CD12. Pneumonia,25462,Klebsiella pneumoniae resistant to unspecified antibiotic
1.3.2,182,CD12. Pneumonia,25511,Antibiotic resistant Streptococcus pneumoniae
1.3.2,182,CD12. Pneumonia,25512,Penicillin resistant Streptococcus pneumoniae
1.3.2,182,CD12. Pneumonia,25513,Sulfonamide and trimethoprim resistant Streptococcus pneumoniae
1.3.2,182,CD12. Pneumonia,25514,Third-generation cephalosporins resistant Streptococcus pneumoniae
1.3.2,182,CD12. Pneumonia,25515,Streptococcus pneumoniae resistant to other antibiotic
1.3.2,182,CD12. Pneumonia,25516,Streptococcus pneumoniae resistant to unspecified antibiotic
1.3.2,182,CD12. Pneumonia,45525,Streptococcus pneumoniae
1.3.2,182,CD12. Pneumonia,45600,Mycoplasma pneumoniae
1.3.2,182,CD12. Pneumonia,45748,Streptococcus pseudopneumoniae
1.3.2,182,CD12. Pneumonia,45788,Klebsiella pneumoniae
1.3.2,182,CD12. Pneumonia,45983,Chlamydia pneumoniae
1.3.2,183,CD14. Skin Diseases,12163,Excessive and redundant skin and subcutaneous tissue
1.3.2,183,CD14. Skin Diseases,11175,"Topical agents primarily affecting skin and mucous membrane and ophthalmological, otorhinolaryngological and dental drugs"
1.3.2,183,CD14. Skin Diseases,12159,Residual haemorrhoidal skin tags
1.3.2,183,CD14. Skin Diseases,5195,Rosacea
1.3.2,183,CD14. Skin Diseases,486,Smallpox
1.3.2,183,CD14. Skin Diseases,487,Monkeypox
1.3.2,183,CD14. Skin Diseases,496,Rubella [German measles]
1.3.2,183,CD14. Skin Diseases,495,Measles without complication
1.3.2,183,CD14. Skin Diseases,497,Rubella with neurological complications
1.3.2,183,CD14. Skin Diseases,462,Herpesviral [herpes simplex] infections
1.3.2,183,CD14. Skin Diseases,463,Eczema herpeticum
1.3.2,183,CD14. Skin Diseases,464,Herpesviral vesicular dermatitis
1.3.2,183,CD14. Skin Diseases,466,Herpesviral meningitis
1.3.2,183,CD14. Skin Diseases,467,Herpesviral encephalitis
1.3.2,183,CD14. Skin Diseases,468,Herpesviral ocular disease
1.3.2,183,CD14. Skin Diseases,469,Disseminated herpesviral disease
1.3.2,183,CD14. Skin Diseases,470,Other forms of herpesviral infection
1.3.2,183,CD14. Skin Diseases,471,"Herpesviral infection, unspecified"
1.3.2,183,CD14. Skin Diseases,472,Varicella [chickenpox]
1.3.2,183,CD14. Skin Diseases,473,Varicella meningitis
1.3.2,183,CD14. Skin Diseases,474,Varicella encephalitis
1.3.2,183,CD14. Skin Diseases,476,Varicella with other complications
1.3.2,183,CD14. Skin Diseases,477,Varicella without complication
1.3.2,183,CD14. Skin Diseases,478,Zoster [herpes zoster]
1.3.2,183,CD14. Skin Diseases,479,Zoster encephalitis
1.3.2,183,CD14. Skin Diseases,480,Zoster meningitis
1.3.2,183,CD14. Skin Diseases,481,Zoster with other nervous system involvement
1.3.2,183,CD14. Skin Diseases,482,Zoster ocular disease
1.3.2,183,CD14. Skin Diseases,483,Disseminated zoster
1.3.2,183,CD14. Skin Diseases,484,Zoster with other complications
1.3.2,183,CD14. Skin Diseases,485,Zoster without complication
1.3.2,183,CD14. Skin Diseases,475,Varicella pneumonia
1.3.2,183,CD14. Skin Diseases,498,Rubella with other complications
1.3.2,183,CD14. Skin Diseases,499,Rubella without complication
1.3.2,183,CD14. Skin Diseases,500,Viral warts
1.3.2,183,CD14. Skin Diseases,501,"Other viral infections characterized by skin and mucous membrane lesions, not elsewhere classified"
1.3.2,183,CD14. Skin Diseases,502,Other orthopoxvirus infections
1.3.2,183,CD14. Skin Diseases,503,Molluscum contagiosum
1.3.2,183,CD14. Skin Diseases,504,Exanthema subitum [sixth disease]
1.3.2,183,CD14. Skin Diseases,505,Erythema infectiosum [fifth disease]
1.3.2,183,CD14. Skin Diseases,506,Enteroviral vesicular stomatitis with exanthem
1.3.2,183,CD14. Skin Diseases,507,Enteroviral vesicular pharyngitis
1.3.2,183,CD14. Skin Diseases,508,Other specified viral infections characterized by skin and mucous membrane lesions
1.3.2,183,CD14. Skin Diseases,509,Unspecified viral infection characterized by skin and mucous membrane lesions
1.3.2,183,CD14. Skin Diseases,489,Measles complicated by encephalitis
1.3.2,183,CD14. Skin Diseases,490,Measles complicated by meningitis
1.3.2,183,CD14. Skin Diseases,491,Measles complicated by pneumonia
1.3.2,183,CD14. Skin Diseases,493,Measles with intestinal complications
1.3.2,183,CD14. Skin Diseases,494,Measles with other complications
1.3.2,183,CD14. Skin Diseases,1118,Malignant melanoma of skin
1.3.2,183,CD14. Skin Diseases,1119,Malignant melanoma of lip
1.3.2,183,CD14. Skin Diseases,1120,"Malignant melanoma of eyelid, including canthus"
1.3.2,183,CD14. Skin Diseases,1121,Malignant melanoma of ear and external auricular canal
1.3.2,183,CD14. Skin Diseases,1122,Malignant melanoma of other and unspecified parts of face
1.3.2,183,CD14. Skin Diseases,1123,Malignant melanoma of scalp and neck
1.3.2,183,CD14. Skin Diseases,1124,Malignant melanoma of trunk
1.3.2,183,CD14. Skin Diseases,1125,"Malignant melanoma of upper limb, including shoulder"
1.3.2,183,CD14. Skin Diseases,1126,"Malignant melanoma of lower limb, including hip"
1.3.2,183,CD14. Skin Diseases,1127,Overlapping malignant melanoma of skin
1.3.2,183,CD14. Skin Diseases,1128,"Malignant melanoma of skin, unspecified"
1.3.2,183,CD14. Skin Diseases,1129,Other malignant neoplasms of skin
1.3.2,183,CD14. Skin Diseases,1138,Overlapping lesion of skin
1.3.2,183,CD14. Skin Diseases,1139,"Malignant neoplasm of skin, unspecified"
1.3.2,183,CD14. Skin Diseases,4916,Staphylococcal scalded skin syndrome
1.3.2,183,CD14. Skin Diseases,4917,Impetigo
1.3.2,183,CD14. Skin Diseases,4918,Impetigo [any organism] [any site]
1.3.2,183,CD14. Skin Diseases,4919,Impetiginization of other dermatoses
1.3.2,183,CD14. Skin Diseases,4920,"Cutaneous abscess, furuncle and carbuncle"
1.3.2,183,CD14. Skin Diseases,4921,"Cutaneous abscess, furuncle and carbuncle of face"
1.3.2,183,CD14. Skin Diseases,4922,"Cutaneous abscess, furuncle and carbuncle of neck"
1.3.2,183,CD14. Skin Diseases,4923,"Cutaneous abscess, furuncle and carbuncle of trunk"
1.3.2,183,CD14. Skin Diseases,4924,"Cutaneous abscess, furuncle and carbuncle of buttock"
1.3.2,183,CD14. Skin Diseases,4925,"Cutaneous abscess, furuncle and carbuncle of limb"
1.3.2,183,CD14. Skin Diseases,4926,"Cutaneous abscess, furuncle and carbuncle of other sites"
1.3.2,183,CD14. Skin Diseases,4927,"Cutaneous abscess, furuncle and carbuncle, unspecified"
1.3.2,183,CD14. Skin Diseases,4928,Cellulitis
1.3.2,183,CD14. Skin Diseases,4929,Cellulitis of finger and toe
1.3.2,183,CD14. Skin Diseases,4930,Cellulitis of other parts of limb
1.3.2,183,CD14. Skin Diseases,4931,Cellulitis of face
1.3.2,183,CD14. Skin Diseases,4932,Cellulitis of trunk
1.3.2,183,CD14. Skin Diseases,4933,Cellulitis of other sites
1.3.2,183,CD14. Skin Diseases,4934,"Cellulitis, unspecified"
1.3.2,183,CD14. Skin Diseases,4935,Acute lymphadenitis
1.3.2,183,CD14. Skin Diseases,4936,"Acute lymphadenitis of face, head and neck"
1.3.2,183,CD14. Skin Diseases,4937,Acute lymphadenitis of trunk
1.3.2,183,CD14. Skin Diseases,4938,Acute lymphadenitis of upper limb
1.3.2,183,CD14. Skin Diseases,4939,Acute lymphadenitis of lower limb
1.3.2,183,CD14. Skin Diseases,4940,Acute lymphadenitis of other sites
1.3.2,183,CD14. Skin Diseases,4941,"Acute lymphadenitis, unspecified"
1.3.2,183,CD14. Skin Diseases,4942,Pilonidal cyst
1.3.2,183,CD14. Skin Diseases,4943,Pilonidal cyst with abscess
1.3.2,183,CD14. Skin Diseases,4944,Pilonidal cyst without abscess
1.3.2,183,CD14. Skin Diseases,4945,Other local infections of skin and subcutaneous tissue
1.3.2,183,CD14. Skin Diseases,4946,Pyoderma
1.3.2,183,CD14. Skin Diseases,4947,Erythrasma
1.3.2,183,CD14. Skin Diseases,4948,Other specified local infections of skin and subcutaneous tissue
1.3.2,183,CD14. Skin Diseases,4949,"Local infection of skin and subcutaneous tissue, unspecified"
1.3.2,183,CD14. Skin Diseases,5167,Pseudopelade
1.3.2,183,CD14. Skin Diseases,5107,Sunburn
1.3.2,183,CD14. Skin Diseases,5108,Sunburn of first degree
1.3.2,183,CD14. Skin Diseases,5109,Sunburn of second degree
1.3.2,183,CD14. Skin Diseases,5110,Sunburn of third degree
1.3.2,183,CD14. Skin Diseases,5111,Other sunburn
1.3.2,183,CD14. Skin Diseases,5112,"Sunburn, unspecified"
1.3.2,183,CD14. Skin Diseases,5113,Other acute skin changes due to ultraviolet radiation
1.3.2,183,CD14. Skin Diseases,5114,Drug phototoxic response
1.3.2,183,CD14. Skin Diseases,5115,Drug photoallergic response
1.3.2,183,CD14. Skin Diseases,5116,Photocontact dermatitis [berloque dermatitis]
1.3.2,183,CD14. Skin Diseases,5117,Solar urticaria
1.3.2,183,CD14. Skin Diseases,5118,Polymorphous light eruption
1.3.2,183,CD14. Skin Diseases,5119,Other specified acute skin changes due to ultraviolet radiation
1.3.2,183,CD14. Skin Diseases,5120,"Acute skin change due to ultraviolet radiation, unspecified"
1.3.2,183,CD14. Skin Diseases,5121,Skin changes due to chronic exposure to nonionizing radiation
1.3.2,183,CD14. Skin Diseases,5122,Actinic keratosis
1.3.2,183,CD14. Skin Diseases,5123,Actinic reticuloid
1.3.2,183,CD14. Skin Diseases,5124,Cutis rhomboidalis nuchae
1.3.2,183,CD14. Skin Diseases,5125,Poikiloderma of Civatte
1.3.2,183,CD14. Skin Diseases,5126,Cutis laxa senilis
1.3.2,183,CD14. Skin Diseases,5127,Actinic granuloma
1.3.2,183,CD14. Skin Diseases,5192,Acne excoriee
1.3.2,183,CD14. Skin Diseases,5194,"Acne, unspecified"
1.3.2,183,CD14. Skin Diseases,5128,Other skin changes due to chronic exposure to nonionizing radiation
1.3.2,183,CD14. Skin Diseases,5129,"Skin changes due to chronic exposure to nonionizing radiation, unspecified"
1.3.2,183,CD14. Skin Diseases,5130,Radiodermatitis
1.3.2,183,CD14. Skin Diseases,5131,Acute radiodermatitis
1.3.2,183,CD14. Skin Diseases,5132,Chronic radiodermatitis
1.3.2,183,CD14. Skin Diseases,5133,"Radiodermatitis, unspecified"
1.3.2,183,CD14. Skin Diseases,5134,Other disorders of skin and subcutaneous tissue related to radiation
1.3.2,183,CD14. Skin Diseases,5135,Erythema ab igne [dermatitis ab igne]
1.3.2,183,CD14. Skin Diseases,5136,Other specified disorders of skin and subcutaneous tissue related to radiation
1.3.2,183,CD14. Skin Diseases,5137,"Disorder of skin and subcutaneous tissue related to radiation, unspecified"
1.3.2,183,CD14. Skin Diseases,5138,Nail disorders
1.3.2,183,CD14. Skin Diseases,5139,Ingrowing nail
1.3.2,183,CD14. Skin Diseases,5140,Onycholysis
1.3.2,183,CD14. Skin Diseases,5141,Onychogryphosis
1.3.2,183,CD14. Skin Diseases,5142,Nail dystrophy
1.3.2,183,CD14. Skin Diseases,5143,Beau lines
1.3.2,183,CD14. Skin Diseases,5144,Yellow nail syndrome
1.3.2,183,CD14. Skin Diseases,5145,Other nail disorders
1.3.2,183,CD14. Skin Diseases,5146,"Nail disorder, unspecified"
1.3.2,183,CD14. Skin Diseases,5147,Nail disorders in diseases classified elsewhere
1.3.2,183,CD14. Skin Diseases,5148,Clubbed nail pachydermoperiostosis
1.3.2,183,CD14. Skin Diseases,5149,Nail disorders in other diseases classified elsewhere
1.3.2,183,CD14. Skin Diseases,5150,Alopecia areata
1.3.2,183,CD14. Skin Diseases,5151,Alopecia (capitis) totalis
1.3.2,183,CD14. Skin Diseases,5152,Alopecia universalis
1.3.2,183,CD14. Skin Diseases,5153,Ophiasis
1.3.2,183,CD14. Skin Diseases,5154,Other alopecia areata
1.3.2,183,CD14. Skin Diseases,5155,"Alopecia areata, unspecified"
1.3.2,183,CD14. Skin Diseases,5156,Androgenic alopecia
1.3.2,183,CD14. Skin Diseases,5157,Drug-induced androgenic alopecia
1.3.2,183,CD14. Skin Diseases,5158,Other androgenic alopecia
1.3.2,183,CD14. Skin Diseases,5159,"Androgenic alopecia, unspecified"
1.3.2,183,CD14. Skin Diseases,5160,Other nonscarring hair loss
1.3.2,183,CD14. Skin Diseases,5161,Telogen effluvium
1.3.2,183,CD14. Skin Diseases,5162,Anagen effluvium
1.3.2,183,CD14. Skin Diseases,5163,Alopecia mucinosa
1.3.2,183,CD14. Skin Diseases,5164,Other specified nonscarring hair loss
1.3.2,183,CD14. Skin Diseases,5165,"Nonscarring hair loss, unspecified"
1.3.2,183,CD14. Skin Diseases,5166,Cicatricial alopecia [scarring hair loss]
1.3.2,183,CD14. Skin Diseases,5168,Lichen planopilaris
1.3.2,183,CD14. Skin Diseases,5169,Folliculitis decalvans
1.3.2,183,CD14. Skin Diseases,5170,Perifolliculitis capitis abscedens
1.3.2,183,CD14. Skin Diseases,5171,Folliculitis ulerythematosa reticulata
1.3.2,183,CD14. Skin Diseases,5172,Other cicatricial alopecia
1.3.2,183,CD14. Skin Diseases,5173,"Cicatricial alopecia, unspecified"
1.3.2,183,CD14. Skin Diseases,5174,Hair colour and hair shaft abnormalities
1.3.2,183,CD14. Skin Diseases,5175,Trichorrhexis nodosa
1.3.2,183,CD14. Skin Diseases,5176,Variations in hair colour
1.3.2,183,CD14. Skin Diseases,5177,Other hair colour and hair shaft abnormalities
1.3.2,183,CD14. Skin Diseases,5178,"Hair colour and hair shaft abnormality, unspecified"
1.3.2,183,CD14. Skin Diseases,5179,Hypertrichosis
1.3.2,183,CD14. Skin Diseases,5180,Hirsutism
1.3.2,183,CD14. Skin Diseases,5181,Acquired hypertrichosis lanuginosa
1.3.2,183,CD14. Skin Diseases,5182,Localized hypertrichosis
1.3.2,183,CD14. Skin Diseases,5183,Polytrichia
1.3.2,183,CD14. Skin Diseases,5184,Other hypertrichosis
1.3.2,183,CD14. Skin Diseases,5185,"Hypertrichosis, unspecified"
1.3.2,183,CD14. Skin Diseases,5186,Acne
1.3.2,183,CD14. Skin Diseases,5187,Acne vulgaris
1.3.2,183,CD14. Skin Diseases,5188,Acne conglobata
1.3.2,183,CD14. Skin Diseases,5189,Acne varioliformis
1.3.2,183,CD14. Skin Diseases,5190,Acne tropica
1.3.2,183,CD14. Skin Diseases,5191,Infantile acne
1.3.2,183,CD14. Skin Diseases,5193,Other acne
1.3.2,183,CD14. Skin Diseases,5196,Perioral dermatitis
1.3.2,183,CD14. Skin Diseases,5197,Rhinophyma
1.3.2,183,CD14. Skin Diseases,5198,Other rosacea
1.3.2,183,CD14. Skin Diseases,5199,"Rosacea, unspecified"
1.3.2,183,CD14. Skin Diseases,5200,Follicular cysts of skin and subcutaneous tissue
1.3.2,183,CD14. Skin Diseases,5201,Epidermal cyst
1.3.2,183,CD14. Skin Diseases,5202,Trichilemmal cyst
1.3.2,183,CD14. Skin Diseases,5203,Steatocystoma multiplex
1.3.2,183,CD14. Skin Diseases,5204,Other follicular cysts of skin and subcutaneous tissue
1.3.2,183,CD14. Skin Diseases,5205,"Follicular cyst of skin and subcutaneous tissue, unspecified"
1.3.2,183,CD14. Skin Diseases,5206,Other follicular disorders
1.3.2,183,CD14. Skin Diseases,5207,Acne keloid
1.3.2,183,CD14. Skin Diseases,5208,Pseudofolliculitis barbae
1.3.2,183,CD14. Skin Diseases,5209,Hidradenitis suppurativa
1.3.2,183,CD14. Skin Diseases,5210,Other specified follicular disorders
1.3.2,183,CD14. Skin Diseases,5211,"Follicular disorder, unspecified"
1.3.2,183,CD14. Skin Diseases,5212,Eccrine sweat disorders
1.3.2,183,CD14. Skin Diseases,5213,Miliaria rubra
1.3.2,183,CD14. Skin Diseases,5214,Miliaria crystallina
1.3.2,183,CD14. Skin Diseases,5215,Miliaria profunda
1.3.2,183,CD14. Skin Diseases,5216,"Miliaria, unspecified"
1.3.2,183,CD14. Skin Diseases,5217,Anhidrosis
1.3.2,183,CD14. Skin Diseases,5218,Other eccrine sweat disorders
1.3.2,183,CD14. Skin Diseases,5219,"Eccrine sweat disorder, unspecified"
1.3.2,183,CD14. Skin Diseases,5220,Apocrine sweat disorders
1.3.2,183,CD14. Skin Diseases,5221,Bromhidrosis
1.3.2,183,CD14. Skin Diseases,5222,Chromhidrosis
1.3.2,183,CD14. Skin Diseases,5223,Apocrine miliaria
1.3.2,183,CD14. Skin Diseases,5224,Other apocrine sweat disorders
1.3.2,183,CD14. Skin Diseases,5225,"Apocrine sweat disorder, unspecified"
1.3.2,183,CD14. Skin Diseases,5226,Vitiligo
1.3.2,183,CD14. Skin Diseases,5227,Other disorders of pigmentation
1.3.2,183,CD14. Skin Diseases,5228,Postinflammatory hyperpigmentation
1.3.2,183,CD14. Skin Diseases,5229,Chloasma
1.3.2,183,CD14. Skin Diseases,5230,Freckles
1.3.2,183,CD14. Skin Diseases,5231,Cafe au lait spots
1.3.2,183,CD14. Skin Diseases,5232,Other melanin hyperpigmentation
1.3.2,183,CD14. Skin Diseases,5233,"Leukoderma, not elsewhere classified"
1.3.2,183,CD14. Skin Diseases,5234,Other disorders of diminished melanin formation
1.3.2,183,CD14. Skin Diseases,5235,Pigmented purpuric dermatosis
1.3.2,183,CD14. Skin Diseases,5236,Other specified disorders of pigmentation
1.3.2,183,CD14. Skin Diseases,5237,"Disorder of pigmentation, unspecified"
1.3.2,183,CD14. Skin Diseases,5238,Seborrhoeic keratosis
1.3.2,183,CD14. Skin Diseases,5239,Acanthosis nigricans
1.3.2,183,CD14. Skin Diseases,5240,Corns and callosities
1.3.2,183,CD14. Skin Diseases,5241,Other epidermal thickening
1.3.2,183,CD14. Skin Diseases,5242,Acquired ichthyosis
1.3.2,183,CD14. Skin Diseases,5243,Acquired keratosis [keratoderma] palmaris et plantaris
1.3.2,183,CD14. Skin Diseases,5244,Keratosis punctata (palmaris et plantaris)
1.3.2,183,CD14. Skin Diseases,5245,Xerosis cutis
1.3.2,183,CD14. Skin Diseases,5246,Other specified epidermal thickening
1.3.2,183,CD14. Skin Diseases,5247,"Epidermal thickening, unspecified"
1.3.2,183,CD14. Skin Diseases,5248,Keratoderma in diseases classified elsewhere
1.3.2,183,CD14. Skin Diseases,5249,Transepidermal elimination disorders
1.3.2,183,CD14. Skin Diseases,5250,Keratosis follicularis et parafollicularis in cutem penetrans [Kyrle]
1.3.2,183,CD14. Skin Diseases,5251,Reactive perforating collagenosis
1.3.2,183,CD14. Skin Diseases,5252,Elastosis perforans serpiginosa
1.3.2,183,CD14. Skin Diseases,5253,Other transepidermal elimination disorders
1.3.2,183,CD14. Skin Diseases,5254,"Transepidermal elimination disorder, unspecified"
1.3.2,183,CD14. Skin Diseases,5255,Pyoderma gangrenosum
1.3.2,183,CD14. Skin Diseases,5256,Decubitus ulcer and pressure area
1.3.2,183,CD14. Skin Diseases,5257,Stage I decubitus ulcer and pressure area
1.3.2,183,CD14. Skin Diseases,5258,Stage II decubitus ulcer
1.3.2,183,CD14. Skin Diseases,5259,Stage III decubitus ulcer
1.3.2,183,CD14. Skin Diseases,5260,Stage IV decubitus ulcer
1.3.2,183,CD14. Skin Diseases,5261,"Decubitus ulcer and pressure area, unspecified"
1.3.2,183,CD14. Skin Diseases,5262,Atrophic disorders of skin
1.3.2,183,CD14. Skin Diseases,5263,Lichen sclerosus et atrophicus
1.3.2,183,CD14. Skin Diseases,5264,Anetoderma of Schweninger-Buzzi
1.3.2,183,CD14. Skin Diseases,5265,Anetoderma of Jadassohn-Pellizzari
1.3.2,183,CD14. Skin Diseases,5266,Atrophoderma of Pasini and Pierini
1.3.2,183,CD14. Skin Diseases,5267,Acrodermatitis chronica atrophicans
1.3.2,183,CD14. Skin Diseases,5268,Scar conditions and fibrosis of skin
1.3.2,183,CD14. Skin Diseases,5269,Striae atrophicae
1.3.2,183,CD14. Skin Diseases,5270,Other atrophic disorders of skin
1.3.2,183,CD14. Skin Diseases,5271,"Atrophic disorder of skin, unspecified"
1.3.2,183,CD14. Skin Diseases,5272,Hypertrophic disorders of skin
1.3.2,183,CD14. Skin Diseases,5273,Hypertrophic scar
1.3.2,183,CD14. Skin Diseases,5274,Other hypertrophic disorders of skin
1.3.2,183,CD14. Skin Diseases,5275,"Hypertrophic disorder of skin, unspecified"
1.3.2,183,CD14. Skin Diseases,5276,Granulomatous disorders of skin and subcutaneous tissue
1.3.2,183,CD14. Skin Diseases,5277,Granuloma annulare
1.3.2,183,CD14. Skin Diseases,5278,"Necrobiosis lipoidica, not elsewhere classified"
1.3.2,183,CD14. Skin Diseases,5279,Granuloma faciale [eosinophilic granuloma of skin]
1.3.2,183,CD14. Skin Diseases,5280,Foreign body granuloma of skin and subcutaneous tissue
1.3.2,183,CD14. Skin Diseases,5281,Other granulomatous disorders of skin and subcutaneous tissue
1.3.2,183,CD14. Skin Diseases,5282,"Granulomatous disorder of skin and subcutaneous tissue, unspecified"
1.3.2,183,CD14. Skin Diseases,5283,Lupus erythematosus
1.3.2,183,CD14. Skin Diseases,5284,Discoid lupus erythematosus
1.3.2,183,CD14. Skin Diseases,5285,Subacute cutaneous lupus erythematosus
1.3.2,183,CD14. Skin Diseases,5286,Other local lupus erythematosus
1.3.2,183,CD14. Skin Diseases,5287,Other localized connective tissue disorders
1.3.2,183,CD14. Skin Diseases,5288,Localized scleroderma [morphea]
1.3.2,183,CD14. Skin Diseases,5289,Linear scleroderma
1.3.2,183,CD14. Skin Diseases,5290,Calcinosis cutis
1.3.2,183,CD14. Skin Diseases,5291,Sclerodactyly
1.3.2,183,CD14. Skin Diseases,5292,Gottron papules
1.3.2,183,CD14. Skin Diseases,5293,Poikiloderma vasculare atrophicans
1.3.2,183,CD14. Skin Diseases,5294,Ainhum
1.3.2,183,CD14. Skin Diseases,5295,Other specified localized connective tissue disorders
1.3.2,183,CD14. Skin Diseases,5296,"Localized connective tissue disorder, unspecified"
1.3.2,183,CD14. Skin Diseases,5297,"Vasculitis limited to skin, not elsewhere classified"
1.3.2,183,CD14. Skin Diseases,5298,Livedoid vasculitis
1.3.2,183,CD14. Skin Diseases,5299,Erythema elevatum diutinum
1.3.2,183,CD14. Skin Diseases,5300,Other vasculitis limited to skin
1.3.2,183,CD14. Skin Diseases,5301,"Vasculitis limited to skin, unspecified"
1.3.2,183,CD14. Skin Diseases,5302,"Ulcer of lower limb, not elsewhere classified"
1.3.2,183,CD14. Skin Diseases,5303,"Other disorders of skin and subcutaneous tissue, not elsewhere classified"
1.3.2,183,CD14. Skin Diseases,5304,Pyogenic granuloma
1.3.2,183,CD14. Skin Diseases,5305,Factitial dermatitis
1.3.2,183,CD14. Skin Diseases,5306,Febrile neutrophilic dermatosis [Sweet]
1.3.2,183,CD14. Skin Diseases,5307,Eosinophilic cellulitis [Wells]
1.3.2,183,CD14. Skin Diseases,5308,"Chronic ulcer of skin, not elsewhere classified"
1.3.2,183,CD14. Skin Diseases,5309,Mucinosis of skin
1.3.2,183,CD14. Skin Diseases,5310,Other infiltrative disorders of skin and subcutaneous tissue
1.3.2,183,CD14. Skin Diseases,5311,Other specified disorders of skin and subcutaneous tissue
1.3.2,183,CD14. Skin Diseases,5312,"Disorder of skin and subcutaneous tissue, unspecified"
1.3.2,183,CD14. Skin Diseases,5313,Other disorders of skin and subcutaneous tissue in diseases classified elsewhere
1.3.2,183,CD14. Skin Diseases,5314,Amyloidosis of skin
1.3.2,183,CD14. Skin Diseases,5315,Other specified disorders of skin and subcutaneous tissue in diseases classified elsewhere
1.3.2,183,CD14. Skin Diseases,8105,Disturbances of skin sensation
1.3.2,183,CD14. Skin Diseases,8106,Anaesthesia of skin
1.3.2,183,CD14. Skin Diseases,8107,Hypoaesthesia of skin
1.3.2,183,CD14. Skin Diseases,8108,Paraesthesia of skin
1.3.2,183,CD14. Skin Diseases,8109,Hyperaesthesia
1.3.2,183,CD14. Skin Diseases,8110,Other and unspecified disturbances of skin sensation
1.3.2,183,CD14. Skin Diseases,8111,Rash and other nonspecific skin eruption
1.3.2,183,CD14. Skin Diseases,8112,"Localized swelling, mass and lump of skin and subcutaneous tissue"
1.3.2,183,CD14. Skin Diseases,8113,"Localized swelling, mass and lump, head"
1.3.2,183,CD14. Skin Diseases,8114,"Localized swelling, mass and lump, neck"
1.3.2,183,CD14. Skin Diseases,8115,"Localized swelling, mass and lump, trunk"
1.3.2,183,CD14. Skin Diseases,8116,"Localized swelling, mass and lump, upper limb"
1.3.2,183,CD14. Skin Diseases,8117,"Localized swelling, mass and lump, lower limb"
1.3.2,183,CD14. Skin Diseases,8118,"Localized swelling, mass and lump, multiple sites"
1.3.2,183,CD14. Skin Diseases,8119,"Localized swelling, mass and lump, unspecified"
1.3.2,183,CD14. Skin Diseases,8120,Other skin changes
1.3.2,183,CD14. Skin Diseases,8121,Cyanosis
1.3.2,183,CD14. Skin Diseases,8122,Pallor
1.3.2,183,CD14. Skin Diseases,8123,Flushing
1.3.2,183,CD14. Skin Diseases,8124,Spontaneous ecchymoses
1.3.2,183,CD14. Skin Diseases,8125,Changes in skin texture
1.3.2,183,CD14. Skin Diseases,8126,Other and unspecified skin changes
1.3.2,183,CD14. Skin Diseases,12163,Excessive and redundant skin and subcutaneous tissue
1.3.2,183,CD14. Skin Diseases,465,Herpesviral gingivostomatitis and pharyngotonsillitis
1.3.2,183,CD14. Skin Diseases,488,Measles
1.3.2,183,CD14. Skin Diseases,492,Measles complicated by otitis media
1.3.2,183,CD14. Skin Diseases,20603,Venous lake
1.3.2,183,CD14. Skin Diseases,25049,Rash
1.3.2,183,CD14. Skin Diseases,12431,Bacterial cellulitis erysipelas or lymphangitis
1.3.2,183,CD14. Skin Diseases,12432,Erysipelas
1.3.2,183,CD14. Skin Diseases,12433,Erysipelas of face
1.3.2,183,CD14. Skin Diseases,12434,Erysipelas of external ear
1.3.2,183,CD14. Skin Diseases,12435,Erysipelas of lower limb
1.3.2,183,CD14. Skin Diseases,12436,Erysipelas of other specified site
1.3.2,183,CD14. Skin Diseases,12437,Streptococcal cellulitis of skin
1.3.2,183,CD14. Skin Diseases,12438,Staphylococcal cellulitis of skin
1.3.2,183,CD14. Skin Diseases,12439,Ascending bacterial lymphangitis
1.3.2,183,CD14. Skin Diseases,12440,Bacterial cellulitis or lymphangitis due to other specified bacterium
1.3.2,183,CD14. Skin Diseases,12441,Bacterial cellulitis or lymphangitis due to unspecified bacterium
1.3.2,183,CD14. Skin Diseases,12442,Necrotising fasciitis
1.3.2,183,CD14. Skin Diseases,12443,Streptococcal necrotising fasciitis
1.3.2,183,CD14. Skin Diseases,12444,Polymicrobial necrotising fasciitis
1.3.2,183,CD14. Skin Diseases,12445,Neonatal necrotising fasciitis
1.3.2,183,CD14. Skin Diseases,12446,Necrotising fasciitis due to other specified bacterial infection
1.3.2,183,CD14. Skin Diseases,12447,Necrotising fasciitis unspecified
1.3.2,183,CD14. Skin Diseases,12448,Impetigo
1.3.2,183,CD14. Skin Diseases,12449,Bullous impetigo
1.3.2,183,CD14. Skin Diseases,12450,Non-bullous impetigo
1.3.2,183,CD14. Skin Diseases,12451,Secondary impetiginisation of the skin
1.3.2,183,CD14. Skin Diseases,12452,Other specified impetigo
1.3.2,183,CD14. Skin Diseases,12453,Impetigo unspecified
1.3.2,183,CD14. Skin Diseases,12454,Ecthyma
1.3.2,183,CD14. Skin Diseases,12455,Streptococcal ecthyma
1.3.2,183,CD14. Skin Diseases,12456,Staphylococcal ecthyma
1.3.2,183,CD14. Skin Diseases,12457,Ecthyma gangrenosum
1.3.2,183,CD14. Skin Diseases,12458,Other specified ecthyma
1.3.2,183,CD14. Skin Diseases,12459,Ecthyma unspecified
1.3.2,183,CD14. Skin Diseases,12460,Superficial bacterial folliculitis
1.3.2,183,CD14. Skin Diseases,12461,Staphylococcus aureus superficial folliculitis
1.3.2,183,CD14. Skin Diseases,12462,Superficial bacterial folliculitis due to other specified organism
1.3.2,183,CD14. Skin Diseases,12463,Superficial bacterial folliculitis due to unspecified organism
1.3.2,183,CD14. Skin Diseases,12464,Deep bacterial folliculitis or pyogenic abscess of the skin
1.3.2,183,CD14. Skin Diseases,12465,Furuncle
1.3.2,183,CD14. Skin Diseases,12466,Carbuncle
1.3.2,183,CD14. Skin Diseases,12467,Furunculosis
1.3.2,183,CD14. Skin Diseases,12468,Pyogenic abscess of the skin
1.3.2,183,CD14. Skin Diseases,12469,Chronic deep bacterial folliculitis
1.3.2,183,CD14. Skin Diseases,12470,Other specified pyogenic bacterial infection of skin and subcutaneous tissue
1.3.2,183,CD14. Skin Diseases,12846,Other specified infections due to poxvirus
1.3.2,183,CD14. Skin Diseases,12847,Infections due to poxvirus unspecified
1.3.2,183,CD14. Skin Diseases,12849,Digital or periungual warts
1.3.2,183,CD14. Skin Diseases,12850,Plantar warts
1.3.2,183,CD14. Skin Diseases,12851,Other specified common warts
1.3.2,183,CD14. Skin Diseases,12854,Focal epithelial hyperplasia of oral mucous membranes
1.3.2,183,CD14. Skin Diseases,12856,Viral warts not elsewhere classified
1.3.2,183,CD14. Skin Diseases,12858,Varicella without complication
1.3.2,183,CD14. Skin Diseases,12859,Varicella meningitis
1.3.2,183,CD14. Skin Diseases,12860,Varicella encephalitis
1.3.2,183,CD14. Skin Diseases,12861,Varicella with other specified complication
1.3.2,183,CD14. Skin Diseases,12863,Zoster without complications
1.3.2,183,CD14. Skin Diseases,12864,Ophthalmic zoster
1.3.2,183,CD14. Skin Diseases,12865,Disseminated zoster
1.3.2,183,CD14. Skin Diseases,12866,Zoster with central nervous system involvement
1.3.2,183,CD14. Skin Diseases,12867,Acute neuropathy of cranial nerve due to zoster
1.3.2,183,CD14. Skin Diseases,12868,Acute trigeminal zoster neuropathy
1.3.2,183,CD14. Skin Diseases,12869,Acute herpetic geniculate ganglionitis
1.3.2,183,CD14. Skin Diseases,12870,Other specified acute neuropathy of cranial nerve due to zoster
1.3.2,183,CD14. Skin Diseases,12871,Postherpetic polyneuropathy
1.3.2,183,CD14. Skin Diseases,12872,Zoster with other specified complications
1.3.2,183,CD14. Skin Diseases,12873,Zoster unspecified
1.3.2,183,CD14. Skin Diseases,12874,Herpes simplex infections
1.3.2,183,CD14. Skin Diseases,12875,Herpes simplex infection of skin or mucous membrane
1.3.2,183,CD14. Skin Diseases,12876,Herpes simplex infection of skin
1.3.2,183,CD14. Skin Diseases,12877,Herpes simplex labialis
1.3.2,183,CD14. Skin Diseases,12878,Herpes simplex gingivostomatitis
1.3.2,183,CD14. Skin Diseases,12879,Disseminated cutaneous herpes simplex infection complicating other skin diseases
1.3.2,183,CD14. Skin Diseases,12880,Other specified herpes simplex infection of skin or mucous membrane
1.3.2,183,CD14. Skin Diseases,12881,Herpes simplex infection of the eye
1.3.2,183,CD14. Skin Diseases,12882,Herpes simplex keratitis
1.3.2,183,CD14. Skin Diseases,12883,Herpes simplex infection of eyelid
1.3.2,183,CD14. Skin Diseases,12884,Other specified herpes simplex infection of the eye
1.3.2,183,CD14. Skin Diseases,12885,Herpes simplex infection of the eye unspecified
1.3.2,183,CD14. Skin Diseases,12886,Herpes simplex infection of central nervous system
1.3.2,183,CD14. Skin Diseases,12887,Herpes simplex meningitis
1.3.2,183,CD14. Skin Diseases,12888,Encephalitis due to herpes simplex virus
1.3.2,183,CD14. Skin Diseases,12889,Disseminated herpes simplex infection
1.3.2,183,CD14. Skin Diseases,12890,Other specified herpes simplex infections
1.3.2,183,CD14. Skin Diseases,12891,Herpes simplex infections unspecified
1.3.2,183,CD14. Skin Diseases,12892,Roseola infantum
1.3.2,183,CD14. Skin Diseases,12893,Rubella
1.3.2,183,CD14. Skin Diseases,12894,Rubella with neurological complications
1.3.2,183,CD14. Skin Diseases,12895,Rubella arthritis
1.3.2,183,CD14. Skin Diseases,12896,Rubella without complication
1.3.2,183,CD14. Skin Diseases,12897,Rubella with other specified complication
1.3.2,183,CD14. Skin Diseases,12898,Measles
1.3.2,183,CD14. Skin Diseases,12899,Measles without complication
1.3.2,183,CD14. Skin Diseases,12900,Measles complicated by encephalitis
1.3.2,183,CD14. Skin Diseases,12901,Measles complicated by meningitis
1.3.2,183,CD14. Skin Diseases,12902,Measles with other complications
1.3.2,183,CD14. Skin Diseases,12903,Erythema infectiosum
1.3.2,183,CD14. Skin Diseases,12904,Picornavirus infections presenting in the skin or mucous membranes
1.3.2,183,CD14. Skin Diseases,12905,Enteroviral vesicular stomatitis
1.3.2,183,CD14. Skin Diseases,12906,Enteroviral vesicular pharyngitis
1.3.2,183,CD14. Skin Diseases,12907,Enteroviral exanthematous fever
1.3.2,183,CD14. Skin Diseases,12908,Foot and mouth disease
1.3.2,183,CD14. Skin Diseases,12909,Other specified picornavirus infections presenting in the skin or mucous membranes
1.3.2,183,CD14. Skin Diseases,12910,Other specified viral infections characterised by skin or mucous membrane lesions
1.3.2,183,CD14. Skin Diseases,12911,Viral infections characterised by skin or mucous membrane lesions unspecified
1.3.2,183,CD14. Skin Diseases,20123,Viral exanthem due to unknown or unspecified agent
1.3.2,183,CD14. Skin Diseases,20124,Viral exanthem due to other specified virus
1.3.2,183,CD14. Skin Diseases,20125,Pityriasis rosea
1.3.2,183,CD14. Skin Diseases,20126,Papular purpuric gloves and socks syndrome
1.3.2,183,CD14. Skin Diseases,20127,Infantile papular acrodermatitis
1.3.2,183,CD14. Skin Diseases,20128,Necrolytic acral erythema
1.3.2,183,CD14. Skin Diseases,20129,Unspecified skin disorder attributable to viral infection
1.3.2,183,CD14. Skin Diseases,20130,Tropical phagedaenic ulcer
1.3.2,183,CD14. Skin Diseases,20131,Psoriasis
1.3.2,183,CD14. Skin Diseases,20132,Toxin-mediated cutaneous reactions to distant or systemic bacterial infection
1.3.2,183,CD14. Skin Diseases,20133,Erythema marginatum rheumaticum
1.3.2,183,CD14. Skin Diseases,20134,Streptococcal toxin-mediated perineal erythema
1.3.2,183,CD14. Skin Diseases,20135,Staphylococcal scalded skin syndrome
1.3.2,183,CD14. Skin Diseases,20136,Staphylococcal scarlatina
1.3.2,183,CD14. Skin Diseases,20137,Other specified toxin-mediated cutaneous reactions to distant or systemic bacterial infection
1.3.2,183,CD14. Skin Diseases,20138,Skin complications of BCG immunisation
1.3.2,183,CD14. Skin Diseases,20139,Cutaneous involvement by other specified bacterial infection
1.3.2,183,CD14. Skin Diseases,20140,Cutaneous involvement by unspecified bacterial infection
1.3.2,183,CD14. Skin Diseases,20141,Certain skin disorders attributable to fungal infection
1.3.2,183,CD14. Skin Diseases,20142,Subcutaneous mycoses
1.3.2,183,CD14. Skin Diseases,20143,Systemic mycoses affecting skin
1.3.2,183,CD14. Skin Diseases,20144,Skin involvement in other specified fungal infection
1.3.2,183,CD14. Skin Diseases,20145,Fungal infection of the skin unspecified
1.3.2,183,CD14. Skin Diseases,20146,Cutaneous involvement by other specified infection or infestation
1.3.2,183,CD14. Skin Diseases,20290,Dermatoses resulting from disturbed metabolic processes
1.3.2,183,CD14. Skin Diseases,20291,Diabetic skin lesions
1.3.2,183,CD14. Skin Diseases,20292,Cutaneous mucinosis
1.3.2,183,CD14. Skin Diseases,20293,Pretibial myxoedema
1.3.2,183,CD14. Skin Diseases,20294,Lichen myxoedematosus
1.3.2,183,CD14. Skin Diseases,20295,Reticular erythematous mucinosis
1.3.2,183,CD14. Skin Diseases,20296,Other specified forms of cutaneous mucinosis
1.3.2,183,CD14. Skin Diseases,20297,Cutaneous and subcutaneous xanthomata
1.3.2,183,CD14. Skin Diseases,20298,Plane xanthoma
1.3.2,183,CD14. Skin Diseases,20299,Tuberous xanthoma
1.3.2,183,CD14. Skin Diseases,20300,Eruptive xanthoma
1.3.2,183,CD14. Skin Diseases,20301,Tendinous xanthoma
1.3.2,183,CD14. Skin Diseases,20302,Xanthoma due to specified disorder of lipid metabolism
1.3.2,183,CD14. Skin Diseases,20303,Cutaneous and subcutaneous xanthomata of unspecified type
1.3.2,183,CD14. Skin Diseases,20304,Porphyria or pseudoporphyria affecting the skin
1.3.2,183,CD14. Skin Diseases,20305,Pseudoporphyria
1.3.2,183,CD14. Skin Diseases,20306,Other specified porphyria or pseudoporphyria affecting the skin
1.3.2,183,CD14. Skin Diseases,20307,Calcification of skin or subcutaneous tissue
1.3.2,183,CD14. Skin Diseases,20308,Dystrophic calcification of the skin of uncertain or unspecified aetiology
1.3.2,183,CD14. Skin Diseases,20309,Calcific panniculitis
1.3.2,183,CD14. Skin Diseases,20310,Calcific arteriolopathy
1.3.2,183,CD14. Skin Diseases,20311,Other specified calcification of skin or subcutaneous tissue
1.3.2,183,CD14. Skin Diseases,20312,Other specified metabolic and nutritional disorders affecting the skin
1.3.2,183,CD14. Skin Diseases,20313,Genetic syndromes with poikiloderma
1.3.2,183,CD14. Skin Diseases,20314,Other specified genetic syndromes affecting the skin
1.3.2,183,CD14. Skin Diseases,20315,Genetic disorders of keratinisation
1.3.2,183,CD14. Skin Diseases,20316,Non-syndromic ichthyosis
1.3.2,183,CD14. Skin Diseases,20317,Ichthyosis vulgaris
1.3.2,183,CD14. Skin Diseases,20318,X-linked ichthyosis
1.3.2,183,CD14. Skin Diseases,20319,Autosomal recessive congenital ichthyosis
1.3.2,183,CD14. Skin Diseases,20320,Keratinopathic ichthyoses
1.3.2,183,CD14. Skin Diseases,20321,Other specified or unclassifiable non-syndromic ichthyosis
1.3.2,183,CD14. Skin Diseases,20322,Hereditary skin peeling
1.3.2,183,CD14. Skin Diseases,20323,Hereditary acantholytic dermatoses
1.3.2,183,CD14. Skin Diseases,20324,Hereditary palmoplantar keratodermas
1.3.2,183,CD14. Skin Diseases,20325,Diffuse palmoplantar keratodermas
1.3.2,183,CD14. Skin Diseases,20326,Focal palmoplantar keratodermas
1.3.2,183,CD14. Skin Diseases,20327,Papular palmoplantar keratodermas
1.3.2,183,CD14. Skin Diseases,20328,Burning feet syndrome
1.3.2,183,CD14. Skin Diseases,20329,Hereditary palmoplantar keratoderma of unspecified type
1.3.2,183,CD14. Skin Diseases,20330,Other specified genetic disorders of keratinisation
1.3.2,183,CD14. Skin Diseases,20331,Genetic defects of hair or hair growth
1.3.2,183,CD14. Skin Diseases,20332,Genetic defects of the hair shaft
1.3.2,183,CD14. Skin Diseases,20333,Genetic syndromes with abnormalities of the hair shaft
1.3.2,183,CD14. Skin Diseases,20334,Hereditary alopecia or hypotrichosis
1.3.2,183,CD14. Skin Diseases,20335,Genetic syndromes with alopecia or hypotrichosis
1.3.2,183,CD14. Skin Diseases,20336,Genetically-determined hypertrichosis
1.3.2,183,CD14. Skin Diseases,20337,Other specified genetic defects of hair or hair growth
1.3.2,183,CD14. Skin Diseases,20338,Genetic defects of nails or nail growth
1.3.2,183,CD14. Skin Diseases,20339,Inherited deformities of nails
1.3.2,183,CD14. Skin Diseases,20340,Genetic disorders of skin pigmentation
1.3.2,183,CD14. Skin Diseases,20341,Non-syndromic genetically-determined hypermelanosis or lentiginosis
1.3.2,183,CD14. Skin Diseases,20342,Syndromic genetically-determined hypermelanosis or lentiginosis
1.3.2,183,CD14. Skin Diseases,20343,Albinism or other specified genetically-determined hypomelanotic disorders
1.3.2,183,CD14. Skin Diseases,20344,Oculocutaneous albinism
1.3.2,183,CD14. Skin Diseases,20345,Other specified genetically-determined hypomelanotic disorders
1.3.2,183,CD14. Skin Diseases,20346,Other specified genetic disorders of skin pigmentation
1.3.2,183,CD14. Skin Diseases,20347,Epidermolysis bullosa simplex
1.3.2,183,CD14. Skin Diseases,20348,Junctional epidermolysis bullosa
1.3.2,183,CD14. Skin Diseases,20349,Dystrophic epidermolysis bullosa
1.3.2,183,CD14. Skin Diseases,20350,Syndromic epidermolysis bullosa
1.3.2,183,CD14. Skin Diseases,20351,Epidermolysis bullosa
1.3.2,183,CD14. Skin Diseases,20352,Pseudoxanthoma elasticum
1.3.2,183,CD14. Skin Diseases,20353,Other specified genetic disorders affecting dermal matrix proteins
1.3.2,183,CD14. Skin Diseases,20354,Developmental anomalies of the umbilicus
1.3.2,183,CD14. Skin Diseases,20355,Other specified developmental anomalies affecting the skin
1.3.2,183,CD14. Skin Diseases,20356,Other specified genetic and developmental disorders affecting the skin
1.3.2,183,CD14. Skin Diseases,20357,Pruritus
1.3.2,183,CD14. Skin Diseases,20358,Pruritus due to skin disorder
1.3.2,183,CD14. Skin Diseases,20359,Pruritus due to systemic disorder
1.3.2,183,CD14. Skin Diseases,20360,Uraemic pruritus
1.3.2,183,CD14. Skin Diseases,20361,Cholestatic pruritus
1.3.2,183,CD14. Skin Diseases,20362,Haemodialysis-associated pruritus
1.3.2,183,CD14. Skin Diseases,20363,Pruritus due to other specified systemic disorder
1.3.2,183,CD14. Skin Diseases,20364,Drug-induced pruritus
1.3.2,183,CD14. Skin Diseases,20365,Pruritus due to neurological disorder
1.3.2,183,CD14. Skin Diseases,20366,Psychogenic pruritus
1.3.2,183,CD14. Skin Diseases,20367,Anogenital pruritus
1.3.2,183,CD14. Skin Diseases,20368,Pruritus of unknown cause
1.3.2,183,CD14. Skin Diseases,20369,Pruritus of other specified type or aetiology
1.3.2,183,CD14. Skin Diseases,20370,Pruritus unspecified
1.3.2,183,CD14. Skin Diseases,20371,Prurigo
1.3.2,183,CD14. Skin Diseases,20372,Nodular prurigo
1.3.2,183,CD14. Skin Diseases,20373,Atopic prurigo
1.3.2,183,CD14. Skin Diseases,20374,Prurigo unspecified
1.3.2,183,CD14. Skin Diseases,20375,Mucocutaneous or cutaneous pain syndromes
1.3.2,183,CD14. Skin Diseases,20376,Penoscrotodynia
1.3.2,183,CD14. Skin Diseases,20377,Scalp dysaesthesia
1.3.2,183,CD14. Skin Diseases,20378,Other specified disturbances of cutaneous sensation
1.3.2,183,CD14. Skin Diseases,20379,Artefactual skin disorder
1.3.2,183,CD14. Skin Diseases,20380,Simulated skin disease
1.3.2,183,CD14. Skin Diseases,20381,Painful bruising syndrome
1.3.2,183,CD14. Skin Diseases,20382,Other specified self-inflicted skin disorders
1.3.2,183,CD14. Skin Diseases,20383,Other specified psychological or psychiatric conditions affecting the skin
1.3.2,183,CD14. Skin Diseases,20384,Neuropathic skin damage
1.3.2,183,CD14. Skin Diseases,20385,Neuropathic skin ulceration
1.3.2,183,CD14. Skin Diseases,20386,Other specified neuropathic skin damage
1.3.2,183,CD14. Skin Diseases,20387,Cutaneous involvement in other specified neurological condition
1.3.2,183,CD14. Skin Diseases,20388,Ichthyoses
1.3.2,183,CD14. Skin Diseases,20389,Acquired ichthyosis
1.3.2,183,CD14. Skin Diseases,20390,Ichthyosis of unspecified type
1.3.2,183,CD14. Skin Diseases,20391,Diffuse epidermal hyperkeratosis and acanthosis
1.3.2,183,CD14. Skin Diseases,20392,Acanthosis nigricans
1.3.2,183,CD14. Skin Diseases,20393,Benign acanthosis nigricans
1.3.2,183,CD14. Skin Diseases,20394,Other specified acanthosis nigricans
1.3.2,183,CD14. Skin Diseases,20395,Acanthosis nigricans unspecified
1.3.2,183,CD14. Skin Diseases,20396,Other specified hyperkeratotic and acanthotic dermatoses
1.3.2,183,CD14. Skin Diseases,20397,Porokeratoses
1.3.2,183,CD14. Skin Diseases,20398,Skin peeling
1.3.2,183,CD14. Skin Diseases,20399,Xerosis cutis or asteatosis
1.3.2,183,CD14. Skin Diseases,20400,Palmoplantar keratodermas
1.3.2,183,CD14. Skin Diseases,20401,Acquired palmoplantar keratodermas
1.3.2,183,CD14. Skin Diseases,20402,Palmoplantar keratoderma unspecified
1.3.2,183,CD14. Skin Diseases,20403,Keratosis pilaris
1.3.2,183,CD14. Skin Diseases,20404,Other specified disorders of epidermal keratinisation
1.3.2,183,CD14. Skin Diseases,20405,Acquired hypermelanosis
1.3.2,183,CD14. Skin Diseases,20406,Physiological hypermelanosis
1.3.2,183,CD14. Skin Diseases,20407,Suntan
1.3.2,183,CD14. Skin Diseases,20408,Tanning due to exposure to artificial sources of ultraviolet radiation
1.3.2,183,CD14. Skin Diseases,20409,Melasma
1.3.2,183,CD14. Skin Diseases,20410,Postinflammatory hypermelanosis
1.3.2,183,CD14. Skin Diseases,20411,Hypermelanosis of other specified aetiology
1.3.2,183,CD14. Skin Diseases,20412,Hypermelanosis of unspecified aetiology
1.3.2,183,CD14. Skin Diseases,20413,Acquired melanotic macules or lentigines
1.3.2,183,CD14. Skin Diseases,20414,Freckles
1.3.2,183,CD14. Skin Diseases,20415,Mucosal melanosis
1.3.2,183,CD14. Skin Diseases,20416,Penile melanotic macule
1.3.2,183,CD14. Skin Diseases,20417,Vulval melanotic macule
1.3.2,183,CD14. Skin Diseases,20418,Other specified mucosal melanosis
1.3.2,183,CD14. Skin Diseases,20419,Other specified acquired melanotic macules or lentigines
1.3.2,183,CD14. Skin Diseases,20420,Endogenous non-melanin pigmentation
1.3.2,183,CD14. Skin Diseases,20421,Haemosiderin pigmentation of skin
1.3.2,183,CD14. Skin Diseases,20422,Other specified endogenous non-melanin pigmentation
1.3.2,183,CD14. Skin Diseases,20423,Acquired hypomelanotic disorders
1.3.2,183,CD14. Skin Diseases,20424,Vitiligo
1.3.2,183,CD14. Skin Diseases,20425,Hypomelanosis due to exposure to chemicals
1.3.2,183,CD14. Skin Diseases,20426,Postinflammatory hypomelanosis
1.3.2,183,CD14. Skin Diseases,20427,Vogt-Koyanagi-Harada syndrome
1.3.2,183,CD14. Skin Diseases,20428,Acquired hypomelanosis due to other specified disorder
1.3.2,183,CD14. Skin Diseases,20429,Acquired hypomelanosis of unknown or unspecified aetiology
1.3.2,183,CD14. Skin Diseases,20430,Abnormal skin pigmentation
1.3.2,183,CD14. Skin Diseases,20431,Other specified disorders of skin pigmentation
1.3.2,183,CD14. Skin Diseases,20432,Alopecia or hair loss
1.3.2,183,CD14. Skin Diseases,20433,Male pattern hair loss
1.3.2,183,CD14. Skin Diseases,20434,Female pattern hair loss
1.3.2,183,CD14. Skin Diseases,20435,Alopecia areata
1.3.2,183,CD14. Skin Diseases,20436,Patchy alopecia areata of scalp
1.3.2,183,CD14. Skin Diseases,20437,Alopecia totalis
1.3.2,183,CD14. Skin Diseases,20438,Other specified forms of alopecia areata
1.3.2,183,CD14. Skin Diseases,20439,Alopecia areata unspecified
1.3.2,183,CD14. Skin Diseases,20440,Telogen effluvium
1.3.2,183,CD14. Skin Diseases,20441,Acute telogen effluvium
1.3.2,183,CD14. Skin Diseases,20442,Postpartum telogen effluvium
1.3.2,183,CD14. Skin Diseases,20443,Telogen hair shedding due to other specified cause
1.3.2,183,CD14. Skin Diseases,20444,Anagen effluvium
1.3.2,183,CD14. Skin Diseases,20445,Scarring alopecia
1.3.2,183,CD14. Skin Diseases,20446,Folliculitis decalvans
1.3.2,183,CD14. Skin Diseases,20447,Dissecting cellulitis
1.3.2,183,CD14. Skin Diseases,20448,Scarring alopecia due to other specified cause
1.3.2,183,CD14. Skin Diseases,20449,Scarring alopecia of unknown or unspecified aetiology
1.3.2,183,CD14. Skin Diseases,20450,Other specified alopecia or hair loss
1.3.2,183,CD14. Skin Diseases,20451,Alopecia unspecified
1.3.2,183,CD14. Skin Diseases,20452,Hypertrichosis
1.3.2,183,CD14. Skin Diseases,20453,Hirsutism and syndromes with hirsutism
1.3.2,183,CD14. Skin Diseases,20454,Constitutional hirsutism
1.3.2,183,CD14. Skin Diseases,20455,Hirsutism associated with hyperandrogenaemia
1.3.2,183,CD14. Skin Diseases,20456,Hirsutism unspecified
1.3.2,183,CD14. Skin Diseases,20457,Acquired disorders of the hair shaft
1.3.2,183,CD14. Skin Diseases,20460,Premature canities
1.3.2,183,CD14. Skin Diseases,20461,Acquired poliosis
1.3.2,183,CD14. Skin Diseases,20462,Other specified acquired disorders of the hair shaft
1.3.2,183,CD14. Skin Diseases,20463,Other specified disorders of hair
1.3.2,183,CD14. Skin Diseases,20464,Acne
1.3.2,183,CD14. Skin Diseases,20465,Comedonal acne
1.3.2,183,CD14. Skin Diseases,20466,Superficial mixed comedonal and papulopustular acne
1.3.2,183,CD14. Skin Diseases,20467,Papulopustular acne
1.3.2,183,CD14. Skin Diseases,20468,Nodular acne
1.3.2,183,CD14. Skin Diseases,20469,Severe inflammatory acne
1.3.2,183,CD14. Skin Diseases,20470,Acne fulminans
1.3.2,183,CD14. Skin Diseases,20471,Acne conglobata
1.3.2,183,CD14. Skin Diseases,20472,Other specified severe inflammatory acne
1.3.2,183,CD14. Skin Diseases,20473,Severe inflammatory acne unspecified
1.3.2,183,CD14. Skin Diseases,20474,Acne scarring
1.3.2,183,CD14. Skin Diseases,20475,Infantile acne
1.3.2,183,CD14. Skin Diseases,20476,Other specified acne
1.3.2,183,CD14. Skin Diseases,20477,Acne unspecified
1.3.2,183,CD14. Skin Diseases,20478,Acneform inflammatory disorders
1.3.2,183,CD14. Skin Diseases,20479,Folliculitis cruris pustulosa atrophicans
1.3.2,183,CD14. Skin Diseases,20480,Acneform reactions to halogenated aromatic hydrocarbons
1.3.2,183,CD14. Skin Diseases,20481,Other specified acneform inflammatory disorders
1.3.2,183,CD14. Skin Diseases,20482,Rosacea and related disorders
1.3.2,183,CD14. Skin Diseases,20483,Rosacea
1.3.2,183,CD14. Skin Diseases,20484,Erythematotelangiectatic rosacea
1.3.2,183,CD14. Skin Diseases,20485,Papulopustular rosacea
1.3.2,183,CD14. Skin Diseases,20486,Phymatous rosacea
1.3.2,183,CD14. Skin Diseases,20487,Other specified rosacea
1.3.2,183,CD14. Skin Diseases,20488,Periorificial dermatitis
1.3.2,183,CD14. Skin Diseases,20489,Other specified rosacea-like disorders
1.3.2,183,CD14. Skin Diseases,20490,Disorders of the sebaceous gland
1.3.2,183,CD14. Skin Diseases,20491,Heterotopic sebaceous glands
1.3.2,183,CD14. Skin Diseases,20492,Sebaceous gland hyperplasia
1.3.2,183,CD14. Skin Diseases,20493,Seborrhoea
1.3.2,183,CD14. Skin Diseases,20494,Disorders involving the apocrine follicular unit
1.3.2,183,CD14. Skin Diseases,20495,Hidradenitis suppurativa
1.3.2,183,CD14. Skin Diseases,20496,Apocrine sweat disorders
1.3.2,183,CD14. Skin Diseases,20497,Other specified disorders involving the hair follicle
1.3.2,183,CD14. Skin Diseases,20498,Hyperhidrosis
1.3.2,183,CD14. Skin Diseases,20499,Localised hyperhidrosis
1.3.2,183,CD14. Skin Diseases,20500,Palmoplantar hyperhidrosis
1.3.2,183,CD14. Skin Diseases,20501,Axillary hyperhidrosis
1.3.2,183,CD14. Skin Diseases,20502,Craniofacial hyperhidrosis
1.3.2,183,CD14. Skin Diseases,20503,Other specified localised hyperhidrosis
1.3.2,183,CD14. Skin Diseases,20504,Localised hyperhidrosis unspecified
1.3.2,183,CD14. Skin Diseases,20505,Primary generalised hyperhidrosis
1.3.2,183,CD14. Skin Diseases,20506,Hyperhidrosis unspecified
1.3.2,183,CD14. Skin Diseases,20507,Hypohidrosis
1.3.2,183,CD14. Skin Diseases,20508,Hypohidrosis attributable to defective sudomotor innervation or function
1.3.2,183,CD14. Skin Diseases,20509,Hypohidrosis due to genetic abnormalities of eccrine gland structure or function
1.3.2,183,CD14. Skin Diseases,20510,Hypohidrosis of undetermined aetiology
1.3.2,183,CD14. Skin Diseases,20511,Other specified forms of hypohidrosis
1.3.2,183,CD14. Skin Diseases,20512,Hypohidrosis unspecified
1.3.2,183,CD14. Skin Diseases,20513,Miliaria
1.3.2,183,CD14. Skin Diseases,20514,Neonatal miliaria
1.3.2,183,CD14. Skin Diseases,20515,Other specified forms of miliaria
1.3.2,183,CD14. Skin Diseases,20516,Other specified disorders of eccrine sweat glands or sweating
1.3.2,183,CD14. Skin Diseases,20517,Acquired deformities of the nail plate
1.3.2,183,CD14. Skin Diseases,20518,Abnormality of nail shape
1.3.2,183,CD14. Skin Diseases,20519,Abnormality of nail surface
1.3.2,183,CD14. Skin Diseases,20520,Nail pitting
1.3.2,183,CD14. Skin Diseases,20521,Other specified abnormality of nail surface
1.3.2,183,CD14. Skin Diseases,20522,Onycholysis
1.3.2,183,CD14. Skin Diseases,20523,Nail hypertrophy
1.3.2,183,CD14. Skin Diseases,20524,Nail atrophy
1.3.2,183,CD14. Skin Diseases,20525,Nail dystrophy not otherwise specified
1.3.2,183,CD14. Skin Diseases,20526,Other specified acquired deformities of the nail plate
1.3.2,183,CD14. Skin Diseases,20527,Acquired abnormalities of nail colour
1.3.2,183,CD14. Skin Diseases,20528,Melanonychia
1.3.2,183,CD14. Skin Diseases,20529,Yellow nail syndrome
1.3.2,183,CD14. Skin Diseases,20530,Other abnormalities of nail colour
1.3.2,183,CD14. Skin Diseases,20531,Infections of the nail or perionychium
1.3.2,183,CD14. Skin Diseases,20532,Acute bacterial paronychia
1.3.2,183,CD14. Skin Diseases,20533,Onychomycosis
1.3.2,183,CD14. Skin Diseases,20534,Other specified infections of the nail or perionychium
1.3.2,183,CD14. Skin Diseases,20535,Certain disorders affecting the nails or perionychium
1.3.2,183,CD14. Skin Diseases,20536,Nail fragility
1.3.2,183,CD14. Skin Diseases,20537,Ingrowing nail
1.3.2,183,CD14. Skin Diseases,20538,Ingrowing toenail
1.3.2,183,CD14. Skin Diseases,20539,Infected ingrowing toenail
1.3.2,183,CD14. Skin Diseases,20540,Chronic paronychia
1.3.2,183,CD14. Skin Diseases,20541,Nail disorder associated with specified dermatosis
1.3.2,183,CD14. Skin Diseases,20542,Nail disorder associated with specified systemic disease
1.3.2,183,CD14. Skin Diseases,20543,Eczematous nail dystrophy
1.3.2,183,CD14. Skin Diseases,20544,Other specified nail disorder
1.3.2,183,CD14. Skin Diseases,20545,Other specified disorders of the nail or perionychium
1.3.2,183,CD14. Skin Diseases,20546,Disorders of the nail or perionychium unspecified
1.3.2,183,CD14. Skin Diseases,20547,Acute cutaneous distension syndrome
1.3.2,183,CD14. Skin Diseases,20548,Epidermal fragility
1.3.2,183,CD14. Skin Diseases,20549,Atrophy or degeneration of dermal or subcutaneous connective tissue
1.3.2,183,CD14. Skin Diseases,20550,Corticosteroid-induced skin atrophy
1.3.2,183,CD14. Skin Diseases,20551,Stretch marks
1.3.2,183,CD14. Skin Diseases,20552,Stretch marks of pregnancy
1.3.2,183,CD14. Skin Diseases,20553,Stretch marks of other specified aetiology
1.3.2,183,CD14. Skin Diseases,20554,Atrophic scarring of the skin
1.3.2,183,CD14. Skin Diseases,20555,Skin fragility
1.3.2,183,CD14. Skin Diseases,20556,Genetically-determined skin fragility
1.3.2,183,CD14. Skin Diseases,20557,Age-related skin fragility
1.3.2,183,CD14. Skin Diseases,20558,Purpura or bruising due to vascular fragility
1.3.2,183,CD14. Skin Diseases,20559,Other specified atrophy or degeneration of dermal or subcutaneous connective tissue
1.3.2,183,CD14. Skin Diseases,20560,Atrophy or degeneration of dermal or subcutaneous connective tissue unspecified type
1.3.2,183,CD14. Skin Diseases,20561,Abnormalities of dermal elastin
1.3.2,183,CD14. Skin Diseases,20562,Cutis laxa
1.3.2,183,CD14. Skin Diseases,20563,Anetoderma
1.3.2,183,CD14. Skin Diseases,20564,Other specified dermatoses characterised by abnormal dermal elastin
1.3.2,183,CD14. Skin Diseases,20565,Acquired poikiloderma
1.3.2,183,CD14. Skin Diseases,20566,Keloid or hypertrophic scars
1.3.2,183,CD14. Skin Diseases,20567,Keloid
1.3.2,183,CD14. Skin Diseases,20568,Ear-lobe keloid
1.3.2,183,CD14. Skin Diseases,20569,Other specified keloid
1.3.2,183,CD14. Skin Diseases,20570,Keloid unspecified
1.3.2,183,CD14. Skin Diseases,20571,Hypertrophic scar
1.3.2,183,CD14. Skin Diseases,20572,Other specified keloidal disorders
1.3.2,183,CD14. Skin Diseases,20573,Superficial fibromatoses
1.3.2,183,CD14. Skin Diseases,20574,Other specified fibromatous disorders of skin and soft tissue
1.3.2,183,CD14. Skin Diseases,20575,Perforating dermatoses
1.3.2,183,CD14. Skin Diseases,20576,Acquired perforating dermatosis
1.3.2,183,CD14. Skin Diseases,20577,Other specified perforating dermatoses
1.3.2,183,CD14. Skin Diseases,20578,Other specified disorders of cutaneous connective tissue
1.3.2,183,CD14. Skin Diseases,20579,Necrobiotic granulomatous skin disorders
1.3.2,183,CD14. Skin Diseases,20580,Granuloma annulare
1.3.2,183,CD14. Skin Diseases,20581,Necrobiosis lipoidica
1.3.2,183,CD14. Skin Diseases,20582,Dermal dendrocyte Class IIa histiocytoses
1.3.2,183,CD14. Skin Diseases,20583,Other specified histiocytic and granulomatous disorders of the skin
1.3.2,183,CD14. Skin Diseases,20584,Benign lymphocytic infiltration of the skin
1.3.2,183,CD14. Skin Diseases,20585,Lymphocytoma cutis
1.3.2,183,CD14. Skin Diseases,20586,Panniculitis
1.3.2,183,CD14. Skin Diseases,20587,Pancreatic enzyme panniculitis
1.3.2,183,CD14. Skin Diseases,20588,Panniculitis of other specified aetiology
1.3.2,183,CD14. Skin Diseases,20589,Panniculitis of undetermined or unspecified etiology
1.3.2,183,CD14. Skin Diseases,20590,Lipoatrophy or lipodystrophy
1.3.2,183,CD14. Skin Diseases,20591,Acquired partial lipodystrophy
1.3.2,183,CD14. Skin Diseases,20592,Localised lipoatrophy and lipodystrophy
1.3.2,183,CD14. Skin Diseases,20593,Other specified forms of lipodystrophy and lipoatrophy
1.3.2,183,CD14. Skin Diseases,20594,Lipodystrophy of unspecified type
1.3.2,183,CD14. Skin Diseases,20595,Certain noninflammatory disorders of subcutaneous fat
1.3.2,183,CD14. Skin Diseases,20596,Fat hypertrophy
1.3.2,183,CD14. Skin Diseases,20597,Subcutaneous lipomatosis
1.3.2,183,CD14. Skin Diseases,20598,Lipoedema
1.3.2,183,CD14. Skin Diseases,20599,Cellulite
1.3.2,183,CD14. Skin Diseases,20600,Other specified noninflammatory disorders of subcutaneous fat
1.3.2,183,CD14. Skin Diseases,20601,Other specified disorders of subcutaneous fat
1.3.2,183,CD14. Skin Diseases,20602,Acquired malformations of cutaneous blood vessels
1.3.2,183,CD14. Skin Diseases,20604,Angiokeratoma
1.3.2,183,CD14. Skin Diseases,20605,Lower limb venous telangiectases
1.3.2,183,CD14. Skin Diseases,20606,Spider telangiectasis
1.3.2,183,CD14. Skin Diseases,20607,Generalised essential telangiectasia
1.3.2,183,CD14. Skin Diseases,20608,Other specified acquired malformations of cutaneous blood vessels
1.3.2,183,CD14. Skin Diseases,20609,Acquired malformations of cutaneous blood vessels unspecified
1.3.2,183,CD14. Skin Diseases,20610,Cutaneous vascular malformation unspecified
1.3.2,183,CD14. Skin Diseases,20611,Purpura or bruising due to disorders of coagulation
1.3.2,183,CD14. Skin Diseases,20612,Traumatic purpura
1.3.2,183,CD14. Skin Diseases,20613,Other specified purpura
1.3.2,183,CD14. Skin Diseases,20614,Purpura of unspecified aetiology
1.3.2,183,CD14. Skin Diseases,20615,Vasculitis or capillaritis involving the skin
1.3.2,183,CD14. Skin Diseases,20616,Capillaritis
1.3.2,183,CD14. Skin Diseases,20617,Vasculitis affecting small cutaneous blood vessels
1.3.2,183,CD14. Skin Diseases,20618,Urticarial vasculitis
1.3.2,183,CD14. Skin Diseases,20619,Other specified vasculitis affecting small cutaneous blood vessels
1.3.2,183,CD14. Skin Diseases,20620,Localised cutaneous vasculitis
1.3.2,183,CD14. Skin Diseases,20621,Granuloma faciale
1.3.2,183,CD14. Skin Diseases,20622,Other specified localised cutaneous vasculitis
1.3.2,183,CD14. Skin Diseases,20623,Cutaneous vasculitis unspecified
1.3.2,183,CD14. Skin Diseases,20624,Livedoid vasculopathy
1.3.2,183,CD14. Skin Diseases,20625,Other specified dermatoses attributable to hyperviscosity or microvascular occlusion
1.3.2,183,CD14. Skin Diseases,20626,Ischaemic ulceration of skin
1.3.2,183,CD14. Skin Diseases,20627,Lower limb venous eczema
1.3.2,183,CD14. Skin Diseases,20628,Other specified dermatoses due to venous disease
1.3.2,183,CD14. Skin Diseases,20629,Dermatoses due to venous disease unspecified
1.3.2,183,CD14. Skin Diseases,20630,Other specified dermatoses resulting from vascular insufficiency
1.3.2,183,CD14. Skin Diseases,20631,Vasodilatation of extremities
1.3.2,183,CD14. Skin Diseases,20632,Vasoconstriction of extremities
1.3.2,183,CD14. Skin Diseases,20633,Flushing disorders
1.3.2,183,CD14. Skin Diseases,20634,Skin disorders localised to the scalp
1.3.2,183,CD14. Skin Diseases,20635,Scalp folliculitis
1.3.2,183,CD14. Skin Diseases,20636,Erosive pustular dermatosis of scalp
1.3.2,183,CD14. Skin Diseases,20637,Pityriasis amiantacea
1.3.2,183,CD14. Skin Diseases,20638,Other specified scalp disorders not elsewhere classifiable
1.3.2,183,CD14. Skin Diseases,20639,Contact dermatitis of external ear
1.3.2,183,CD14. Skin Diseases,20640,Allergic contact dermatitis of external ear
1.3.2,183,CD14. Skin Diseases,20641,Other specified inflammatory disorder of external ear
1.3.2,183,CD14. Skin Diseases,20642,Inflammatory disorder of external ear unspecified
1.3.2,183,CD14. Skin Diseases,20643,Anal pruritus
1.3.2,183,CD14. Skin Diseases,20644,Infections of the anus or perianal skin
1.3.2,183,CD14. Skin Diseases,20645,Inflammatory dermatoses of the perianal area
1.3.2,183,CD14. Skin Diseases,20646,Sacrococcygeal pilonidal disease
1.3.2,183,CD14. Skin Diseases,20647,Sacrococcygeal pilonidal sinus
1.3.2,183,CD14. Skin Diseases,20648,Sacrococcygeal pilonidal cyst
1.3.2,183,CD14. Skin Diseases,20649,Sacrococcygeal pilonidal abscess
1.3.2,183,CD14. Skin Diseases,20650,Other specified skin disorders involving the genital and perianal regions
1.3.2,183,CD14. Skin Diseases,20651,Skin disorders involving other specific body regions
1.3.2,183,CD14. Skin Diseases,20652,Skin disorders involving certain specific body regions unspecified
1.3.2,183,CD14. Skin Diseases,20653,Neonatal viral infections involving the skin
1.3.2,183,CD14. Skin Diseases,20654,Neonatal pyogenic skin infections
1.3.2,183,CD14. Skin Diseases,20655,Neonatal fungal infections involving the skin
1.3.2,183,CD14. Skin Diseases,20656,Neonatal skin infection unspecified
1.3.2,183,CD14. Skin Diseases,20657,Other specified skin disorders specific to the perinatal or neonatal period
1.3.2,183,CD14. Skin Diseases,20658,Dermatoses of infancy
1.3.2,183,CD14. Skin Diseases,20659,Infantile seborrhoeic dermatitis
1.3.2,183,CD14. Skin Diseases,20660,Cradle cap
1.3.2,183,CD14. Skin Diseases,20661,Disseminated infantile seborrhoeic dermatitis
1.3.2,183,CD14. Skin Diseases,20662,Psoriasiform napkin dermatitis
1.3.2,183,CD14. Skin Diseases,20663,Infantile napkin dermatoses
1.3.2,183,CD14. Skin Diseases,20664,Primary irritant napkin dermatitis
1.3.2,183,CD14. Skin Diseases,20665,Other specified infantile napkin dermatoses
1.3.2,183,CD14. Skin Diseases,20666,Erythrodermas of infancy
1.3.2,183,CD14. Skin Diseases,20667,Acute haemorrhagic oedema of infancy
1.3.2,183,CD14. Skin Diseases,20668,Other specified dermatoses of infancy
1.3.2,183,CD14. Skin Diseases,20708,Pressure ulceration
1.3.2,183,CD14. Skin Diseases,20709,Pressure ulceration grade 1
1.3.2,183,CD14. Skin Diseases,20710,Pressure ulceration grade 2
1.3.2,183,CD14. Skin Diseases,20711,Pressure ulceration grade 3
1.3.2,183,CD14. Skin Diseases,20712,Pressure ulceration grade 4
1.3.2,183,CD14. Skin Diseases,20713,Suspected deep pressure-induced tissue damage depth unknown
1.3.2,183,CD14. Skin Diseases,20714,Pressure ulceration ungradable
1.3.2,183,CD14. Skin Diseases,20715,Pressure ulcer of unspecified grade
1.3.2,183,CD14. Skin Diseases,20716,Dermatoses provoked by friction or mechanical stress
1.3.2,183,CD14. Skin Diseases,20717,Corns or callosities
1.3.2,183,CD14. Skin Diseases,20718,Hard corn
1.3.2,183,CD14. Skin Diseases,20719,Soft corn
1.3.2,183,CD14. Skin Diseases,20720,Callosity unspecified
1.3.2,183,CD14. Skin Diseases,20721,Friction blister
1.3.2,183,CD14. Skin Diseases,20722,Other specified skin damage due to repetitive friction and mechanical trauma
1.3.2,183,CD14. Skin Diseases,20723,Dermatoses due to foreign bodies
1.3.2,183,CD14. Skin Diseases,20724,Tattoos or tattoo reactions
1.3.2,183,CD14. Skin Diseases,20725,Foreign body reaction to inorganic matter in the skin
1.3.2,183,CD14. Skin Diseases,20726,Foreign body reaction to organic matter in the skin
1.3.2,183,CD14. Skin Diseases,20727,Foreign body granuloma of skin
1.3.2,183,CD14. Skin Diseases,20728,Other specified reaction to foreign body in the skin
1.3.2,183,CD14. Skin Diseases,20729,Scar of skin not elsewhere classified
1.3.2,183,CD14. Skin Diseases,20730,Other specified dermatoses provoked or exacerbated by exposure to cold
1.3.2,183,CD14. Skin Diseases,20731,Erythema ab igne
1.3.2,183,CD14. Skin Diseases,20732,Other specified dermatoses provoked by heat or electricity
1.3.2,183,CD14. Skin Diseases,20733,Photoaging of the skin
1.3.2,183,CD14. Skin Diseases,20734,Actinic elastosis
1.3.2,183,CD14. Skin Diseases,20735,Actinic lentigo
1.3.2,183,CD14. Skin Diseases,20736,Actinic lentiginosis
1.3.2,183,CD14. Skin Diseases,20737,Actinic telangiectasia
1.3.2,183,CD14. Skin Diseases,20738,Other specified chronic effects of ultraviolet radiation on the skin
1.3.2,183,CD14. Skin Diseases,20739,Autoimmune or other photodermatoses
1.3.2,183,CD14. Skin Diseases,20740,Polymorphic light eruption
1.3.2,183,CD14. Skin Diseases,20741,Chronic actinic dermatitis
1.3.2,183,CD14. Skin Diseases,20742,Other specified photodermatoses
1.3.2,183,CD14. Skin Diseases,20743,Sunburn
1.3.2,183,CD14. Skin Diseases,20744,Sunburn erythema
1.3.2,183,CD14. Skin Diseases,20745,Sunburn with blisters or exudation
1.3.2,183,CD14. Skin Diseases,20746,Burn from exposure to artificial source of ultraviolet radiation
1.3.2,183,CD14. Skin Diseases,20747,Burn from exposure to therapeutic ultraviolet radiation
1.3.2,183,CD14. Skin Diseases,20748,Other specified burn from exposure to artificial source of ultraviolet radiation
1.3.2,183,CD14. Skin Diseases,20749,Burn from exposure to artificial source of ultraviolet radiation unspecified
1.3.2,183,CD14. Skin Diseases,20750,Acute effects of ultraviolet radiation on normal skin unspecified
1.3.2,183,CD14. Skin Diseases,20751,Other specified dermatoses provoked by light or UV radiation
1.3.2,183,CD14. Skin Diseases,20752,Chronic effects of ionizing radiation on the skin
1.3.2,183,CD14. Skin Diseases,20753,Dermatoses due to ionizing radiation unspecified
1.3.2,183,CD14. Skin Diseases,20754,Allergic contact dermatitis
1.3.2,183,CD14. Skin Diseases,20755,Allergic contact dermatitis due to clothing or footwear
1.3.2,183,CD14. Skin Diseases,20756,Allergic contact dermatitis due to cosmetics or fragrances
1.3.2,183,CD14. Skin Diseases,20757,Allergic contact dermatitis due to dental materials
1.3.2,183,CD14. Skin Diseases,20758,Allergic contact dermatitis due to food flavours or additives
1.3.2,183,CD14. Skin Diseases,20759,Allergic contact dermatitis due to hairdressing products
1.3.2,183,CD14. Skin Diseases,20760,Allergic contact dermatitis due to industrial biocides cutting oils or disinfectants
1.3.2,183,CD14. Skin Diseases,20761,Allergic contact dermatitis due to metals or metal salts
1.3.2,183,CD14. Skin Diseases,20762,Allergic contact dermatitis due to allergenic haptens derived from plants or organic matter
1.3.2,183,CD14. Skin Diseases,20763,Allergic contact dermatitis due to plastics glues or resin systems
1.3.2,183,CD14. Skin Diseases,20764,Allergic contact dermatitis due to preservatives or biocides
1.3.2,183,CD14. Skin Diseases,20765,Allergic contact dermatitis due to rubber chemicals
1.3.2,183,CD14. Skin Diseases,20766,Allergic contact dermatitis due to systemic medicaments
1.3.2,183,CD14. Skin Diseases,20767,Allergic contact dermatitis due to topical medicaments
1.3.2,183,CD14. Skin Diseases,20768,Other specified allergic contact dermatitis
1.3.2,183,CD14. Skin Diseases,20769,Allergic contact dermatitis unspecified
1.3.2,183,CD14. Skin Diseases,20770,Photo-allergic contact dermatitis
1.3.2,183,CD14. Skin Diseases,20771,Irritant contact dermatitis
1.3.2,183,CD14. Skin Diseases,20772,Irritant contact dermatitis from specified external agents
1.3.2,183,CD14. Skin Diseases,20773,Irritant contact dermatitis due to wet work
1.3.2,183,CD14. Skin Diseases,20774,Irritant contact dermatitis due to solvents
1.3.2,183,CD14. Skin Diseases,20775,Irritant contact dermatitis due to exposure to acids alkalis or other specified chemical irritants
1.3.2,183,CD14. Skin Diseases,20776,Irritant contact dermatitis due to cosmetics or emollients
1.3.2,183,CD14. Skin Diseases,20777,Irritant contact dermatitis due to topical medicaments or antimicrobials
1.3.2,183,CD14. Skin Diseases,20778,Irritant contact dermatitis due to plants or other vegetable matter
1.3.2,183,CD14. Skin Diseases,20779,Irritant contact dermatitis due to foods
1.3.2,183,CD14. Skin Diseases,20780,Irritant contact dermatitis of specified site
1.3.2,183,CD14. Skin Diseases,20781,Irritant contact dermatitis of external ear
1.3.2,183,CD14. Skin Diseases,20782,Irritant contact blepharoconjunctivitis
1.3.2,183,CD14. Skin Diseases,20783,Irritant contact dermatitis of hands
1.3.2,183,CD14. Skin Diseases,20784,Irritant contact dermatitis of vulva
1.3.2,183,CD14. Skin Diseases,20785,Irritant contact dermatitis of other specified site
1.3.2,183,CD14. Skin Diseases,20786,Irritant contact dermatitis due to friction sweating or contact with body fluids
1.3.2,183,CD14. Skin Diseases,20787,Intertriginous dermatitis due to friction sweating or contact with body fluids
1.3.2,183,CD14. Skin Diseases,20788,Irritant contact dermatitis due to saliva
1.3.2,183,CD14. Skin Diseases,20789,Irritant contact dermatitis due to incontinence
1.3.2,183,CD14. Skin Diseases,20790,Irritant contact dermatitis related to stoma or fistula
1.3.2,183,CD14. Skin Diseases,20791,Irritant contact dermatitis related to skin contact with prostheses or surgical appliances
1.3.2,183,CD14. Skin Diseases,20792,Disorders of patella
1.3.2,183,CD14. Skin Diseases,20793,Irritant contact dermatitis due to other specified cause
1.3.2,183,CD14. Skin Diseases,20794,Irritant contact dermatitis unspecified
1.3.2,183,CD14. Skin Diseases,20795,Allergic contact urticaria
1.3.2,183,CD14. Skin Diseases,20796,Oral allergy syndrome
1.3.2,183,CD14. Skin Diseases,20797,Contact urticaria due to food allergen
1.3.2,183,CD14. Skin Diseases,20798,Other specified allergic contact urticaria
1.3.2,183,CD14. Skin Diseases,20799,Protein contact dermatitis
1.3.2,183,CD14. Skin Diseases,20800,Allergic contact sensitisation
1.3.2,183,CD14. Skin Diseases,20801,Phototoxic reaction to fragrance or cosmetics
1.3.2,183,CD14. Skin Diseases,20802,Phototoxic reaction to skin contact with other specified photoactive agent
1.3.2,183,CD14. Skin Diseases,20803,Phototoxic dermatitis unspecified
1.3.2,183,CD14. Skin Diseases,20804,Cutaneous reactions to venomous or noxious animals
1.3.2,183,CD14. Skin Diseases,20805,Cutaneous insect bite reactions
1.3.2,183,CD14. Skin Diseases,20806,Papular urticaria
1.3.2,183,CD14. Skin Diseases,20807,Bullous insect bite reaction
1.3.2,183,CD14. Skin Diseases,20808,Persistent insect bite reaction
1.3.2,183,CD14. Skin Diseases,20809,Other specified cutaneous insect bite reactions
1.3.2,183,CD14. Skin Diseases,20810,Cutaneous insect bite reactions unspecified
1.3.2,183,CD14. Skin Diseases,20811,Other specified skin disorders provoked by external factors
1.3.2,183,CD14. Skin Diseases,20812,Cutaneous cysts
1.3.2,183,CD14. Skin Diseases,20813,Epidermoid cyst
1.3.2,183,CD14. Skin Diseases,20814,Infected epidermoid cyst
1.3.2,183,CD14. Skin Diseases,20815,Epidermoid cyst unspecified
1.3.2,183,CD14. Skin Diseases,20816,Trichilemmal cyst
1.3.2,183,CD14. Skin Diseases,20817,Digital myxoid pseudocyst
1.3.2,183,CD14. Skin Diseases,20818,Hidrocystoma
1.3.2,183,CD14. Skin Diseases,20819,Other specified cutaneous cysts
1.3.2,183,CD14. Skin Diseases,20820,Cutaneous cysts unspecified
1.3.2,183,CD14. Skin Diseases,20821,Skin tags or polyps
1.3.2,183,CD14. Skin Diseases,20822,Fibroepithelial polyp of skin
1.3.2,183,CD14. Skin Diseases,20823,Multiple skin tags
1.3.2,183,CD14. Skin Diseases,20824,Polyp of skin not elsewhere classified
1.3.2,183,CD14. Skin Diseases,20825,Actinic keratosis and other discrete epidermal dysplasias
1.3.2,183,CD14. Skin Diseases,20826,Actinic keratosis
1.3.2,183,CD14. Skin Diseases,20827,Diffuse actinic keratinocyte dysplasia
1.3.2,183,CD14. Skin Diseases,20828,Other discrete epidermal dysplasias
1.3.2,183,CD14. Skin Diseases,20829,Dermatoses which may presage cutaneous lymphoma
1.3.2,183,CD14. Skin Diseases,20830,Large plaque parapsoriasis
1.3.2,183,CD14. Skin Diseases,20831,Poikiloderma vasculare atrophicans
1.3.2,183,CD14. Skin Diseases,20832,Primary cutaneous plasmacytosis
1.3.2,183,CD14. Skin Diseases,20833,Histiocytoses of uncertain malignant potential
1.3.2,183,CD14. Skin Diseases,20837,Unsatisfactory surgical scar of skin
1.3.2,183,CD14. Skin Diseases,20838,Keloidal surgical scar
1.3.2,183,CD14. Skin Diseases,20839,Hypertrophic surgical scar
1.3.2,183,CD14. Skin Diseases,20840,Atrophic surgical scar
1.3.2,183,CD14. Skin Diseases,20841,Expanded surgical scar
1.3.2,183,CD14. Skin Diseases,20842,Cutaneous flap necrosis
1.3.2,183,CD14. Skin Diseases,20843,Myocutaneous flap necrosis
1.3.2,183,CD14. Skin Diseases,20844,Skin graft failure
1.3.2,183,CD14. Skin Diseases,20845,Composite graft failure
1.3.2,183,CD14. Skin Diseases,20846,Acute radiodermatitis following radiotherapy
1.3.2,183,CD14. Skin Diseases,20847,Chronic radiodermatitis following radiotherapy
1.3.2,183,CD14. Skin Diseases,20848,Radionecrosis of skin due to therapeutic ionizing irradiation
1.3.2,183,CD14. Skin Diseases,20849,Unsatisfactory outcome from cutaneous cosmetic surgical procedure
1.3.2,183,CD14. Skin Diseases,20850,Adverse reaction to dermal or deep fillers
1.3.2,183,CD14. Skin Diseases,20851,Adverse reaction to chemical peel
1.3.2,183,CD14. Skin Diseases,20852,Adverse reaction to injection of neurotoxin
1.3.2,183,CD14. Skin Diseases,20853,Unsatisfactory outcome from cosmetic laser surgery
1.3.2,183,CD14. Skin Diseases,20854,Hypomelanosis resulting from cosmetic procedure
1.3.2,183,CD14. Skin Diseases,20855,Dyspigmentation resulting from cosmetic procedure
1.3.2,183,CD14. Skin Diseases,20856,Fibrosis or scarring following cosmetic procedure
1.3.2,183,CD14. Skin Diseases,20857,Adverse cutaneous effects of diagnostic procedures
1.3.2,183,CD14. Skin Diseases,20858,Other specified diseases of the skin
1.3.2,183,CD14. Skin Diseases,20859,Skin disease of unspecified nature
1.3.2,183,CD14. Skin Diseases,25000,Skin lesion of uncertain or unspecified nature
1.3.2,183,CD14. Skin Diseases,25001,Skin lesion of uncertain nature
1.3.2,183,CD14. Skin Diseases,25002,Pigmented skin lesion of uncertain nature
1.3.2,183,CD14. Skin Diseases,25003,Ulcer of skin of uncertain nature
1.3.2,183,CD14. Skin Diseases,25004,Keratosis of skin of uncertain or unspecified nature
1.3.2,183,CD14. Skin Diseases,25005,Skin lesion of unspecified nature
1.3.2,183,CD14. Skin Diseases,25006,Low back pain
1.3.2,183,CD14. Skin Diseases,25007,Subcutaneous swelling mass or lump of uncertain or unspecified nature
1.3.2,183,CD14. Skin Diseases,25008,Acute skin eruption of uncertain or unspecified nature
1.3.2,183,CD14. Skin Diseases,25009,Acute erythematous skin eruption
1.3.2,183,CD14. Skin Diseases,25010,Acute purpuric skin eruption
1.3.2,183,CD14. Skin Diseases,25011,Acute urticarial skin eruption
1.3.2,183,CD14. Skin Diseases,25012,Acute maculopapular skin eruption
1.3.2,183,CD14. Skin Diseases,25013,Acute papular skin eruption
1.3.2,183,CD14. Skin Diseases,25014,Acute exudative skin eruption
1.3.2,183,CD14. Skin Diseases,25015,Acute blistering skin eruption
1.3.2,183,CD14. Skin Diseases,25016,Acute desquamating skin eruption
1.3.2,183,CD14. Skin Diseases,25017,Acute discoid or annular skin eruption
1.3.2,183,CD14. Skin Diseases,25018,Acute excoriation of skin
1.3.2,183,CD14. Skin Diseases,25019,Other specified acute skin eruption of uncertain or unspecified nature
1.3.2,183,CD14. Skin Diseases,25020,Chronic skin disorder of uncertain or unspecified nature
1.3.2,183,CD14. Skin Diseases,25021,Chronic erythematous skin disorder
1.3.2,183,CD14. Skin Diseases,25022,Chronic urticarial skin disorder
1.3.2,183,CD14. Skin Diseases,25023,Chronic papular skin disorder
1.3.2,183,CD14. Skin Diseases,25024,Chronic blistering skin disorder
1.3.2,183,CD14. Skin Diseases,25025,Chronic scaling or hyperkeratotic skin disorder
1.3.2,183,CD14. Skin Diseases,25026,Chronic lichenified skin disorder
1.3.2,183,CD14. Skin Diseases,25027,Chronic discoid or annular skin disorder
1.3.2,183,CD14. Skin Diseases,25028,Chronic excoriation of skin
1.3.2,183,CD14. Skin Diseases,25029,Non-specific cutaneous vascular signs
1.3.2,183,CD14. Skin Diseases,25030,Erythema
1.3.2,183,CD14. Skin Diseases,25031,Cyanosis
1.3.2,183,CD14. Skin Diseases,25032,Pallor
1.3.2,183,CD14. Skin Diseases,25033,Petechiae
1.3.2,183,CD14. Skin Diseases,25034,Flushing
1.3.2,183,CD14. Skin Diseases,25035,Disturbances of skin sensation of unspecified aetiology
1.3.2,183,CD14. Skin Diseases,25036,Burning of skin
1.3.2,183,CD14. Skin Diseases,25037,Itching of skin
1.3.2,183,CD14. Skin Diseases,25038,Pain or tenderness of skin
1.3.2,183,CD14. Skin Diseases,25039,Stinging of skin
1.3.2,183,CD14. Skin Diseases,25040,Tingling of skin
1.3.2,183,CD14. Skin Diseases,25041,Other specified disturbance of skin sensation
1.3.2,183,CD14. Skin Diseases,25042,Miscellaneous non-specific skin-related symptoms and signs
1.3.2,183,CD14. Skin Diseases,25043,Abnormal sensitivity to light or UV radiation of uncertain or unspecified nature
1.3.2,183,CD14. Skin Diseases,25044,Changes in skin texture
1.3.2,183,CD14. Skin Diseases,25045,Excess and redundant skin
1.3.2,183,CD14. Skin Diseases,25046,Symptom or complaint relating to hair or scalp
1.3.2,183,CD14. Skin Diseases,25047,Symptom or complaint relating to nails
1.3.2,183,CD14. Skin Diseases,25048,Complaint of abnormal sweating
1.3.2,183,CD14. Skin Diseases,25050,Rash localised
1.3.2,183,CD14. Skin Diseases,25051,Rash generalised
1.3.2,183,CD14. Skin Diseases,25052,Other specified rash
1.3.2,183,CD14. Skin Diseases,25053,Rash unspecified
1.3.2,183,CD14. Skin Diseases,25054,Other specified skin changes
1.3.2,183,CD14. Skin Diseases,25055,Skin disorder of uncertain or unspecified nature
1.3.2,183,CD14. Skin Diseases,25056,Other specified symptoms or signs involving the skin
1.3.2,183,CD14. Skin Diseases,12839,Smallpox
1.3.2,183,CD14. Skin Diseases,12840,Monkeypox
1.3.2,183,CD14. Skin Diseases,12841,Cowpox
1.3.2,183,CD14. Skin Diseases,12842,Vaccinia
1.3.2,183,CD14. Skin Diseases,12843,Buffalopox
1.3.2,183,CD14. Skin Diseases,12844,Orf
1.3.2,183,CD14. Skin Diseases,12845,Molluscum contagiosum
1.3.2,183,CD14. Skin Diseases,12848,Common warts
1.3.2,183,CD14. Skin Diseases,12852,Plane warts
1.3.2,183,CD14. Skin Diseases,12853,Warts of lips or oral cavity
1.3.2,183,CD14. Skin Diseases,12855,Wart virus proliferation in immune-deficient states
1.3.2,183,CD14. Skin Diseases,12857,Varicella
1.3.2,183,CD14. Skin Diseases,12862,Zoster
1.3.2,183,CD14. Skin Diseases,5027,Prurigo nodularis
1.3.2,183,CD14. Skin Diseases,5041,Erythema intertrigo
1.3.2,183,CD14. Skin Diseases,5042,Pityriasis alba
1.3.2,183,CD14. Skin Diseases,4977,Atopic dermatitis
1.3.2,183,CD14. Skin Diseases,4978,Besnier prurigo
1.3.2,183,CD14. Skin Diseases,4979,Other atopic dermatitis
1.3.2,183,CD14. Skin Diseases,4980,"Atopic dermatitis, unspecified"
1.3.2,183,CD14. Skin Diseases,4981,Seborrhoeic dermatitis
1.3.2,183,CD14. Skin Diseases,4982,Seborrhoea capitis
1.3.2,183,CD14. Skin Diseases,4983,Seborrhoeic infantile dermatitis
1.3.2,183,CD14. Skin Diseases,4984,Other seborrhoeic dermatitis
1.3.2,183,CD14. Skin Diseases,4985,"Seborrhoeic dermatitis, unspecified"
1.3.2,183,CD14. Skin Diseases,4986,Diaper [napkin] dermatitis
1.3.2,183,CD14. Skin Diseases,4987,Allergic contact dermatitis
1.3.2,183,CD14. Skin Diseases,4988,Allergic contact dermatitis due to metals
1.3.2,183,CD14. Skin Diseases,4989,Allergic contact dermatitis due to adhesives
1.3.2,183,CD14. Skin Diseases,4990,Allergic contact dermatitis due to cosmetics
1.3.2,183,CD14. Skin Diseases,4991,Allergic contact dermatitis due to drugs in contact with skin
1.3.2,183,CD14. Skin Diseases,4992,Allergic contact dermatitis due to dyes
1.3.2,183,CD14. Skin Diseases,4993,Allergic contact dermatitis due to other chemical products
1.3.2,183,CD14. Skin Diseases,4994,Allergic contact dermatitis due to food in contact with skin
1.3.2,183,CD14. Skin Diseases,4995,"Allergic contact dermatitis due to plants, except food"
1.3.2,183,CD14. Skin Diseases,4996,Allergic contact dermatitis due to other agents
1.3.2,183,CD14. Skin Diseases,4997,"Allergic contact dermatitis, unspecified cause"
1.3.2,183,CD14. Skin Diseases,4998,Irritant contact dermatitis
1.3.2,183,CD14. Skin Diseases,4999,Irritant contact dermatitis due to detergents
1.3.2,183,CD14. Skin Diseases,5000,Irritant contact dermatitis due to oils and greases
1.3.2,183,CD14. Skin Diseases,5001,Irritant contact dermatitis due to solvents
1.3.2,183,CD14. Skin Diseases,5002,Irritant contact dermatitis due to cosmetics
1.3.2,183,CD14. Skin Diseases,5003,Irritant contact dermatitis due to drugs in contact with skin
1.3.2,183,CD14. Skin Diseases,5004,Irritant contact dermatitis due to other chemical products
1.3.2,183,CD14. Skin Diseases,5005,Irritant contact dermatitis due to food in contact with skin
1.3.2,183,CD14. Skin Diseases,5006,"Irritant contact dermatitis due to plants, except food"
1.3.2,183,CD14. Skin Diseases,5007,Irritant contact dermatitis due to other agents
1.3.2,183,CD14. Skin Diseases,5008,"Irritant contact dermatitis, unspecified cause"
1.3.2,183,CD14. Skin Diseases,5009,Unspecified contact dermatitis
1.3.2,183,CD14. Skin Diseases,5010,Unspecified contact dermatitis due to cosmetics
1.3.2,183,CD14. Skin Diseases,5011,Unspecified contact dermatitis due to drugs in contact with skin
1.3.2,183,CD14. Skin Diseases,5012,Unspecified contact dermatitis due to dyes
1.3.2,183,CD14. Skin Diseases,5013,Unspecified contact dermatitis due to other chemical products
1.3.2,183,CD14. Skin Diseases,5014,Unspecified contact dermatitis due to food in contact with skin
1.3.2,183,CD14. Skin Diseases,5015,"Unspecified contact dermatitis due to plants, except food"
1.3.2,183,CD14. Skin Diseases,5016,Unspecified contact dermatitis due to other agents
1.3.2,183,CD14. Skin Diseases,5017,"Unspecified contact dermatitis, unspecified cause"
1.3.2,183,CD14. Skin Diseases,5018,Exfoliative dermatitis
1.3.2,183,CD14. Skin Diseases,5019,Dermatitis due to substances taken internally
1.3.2,183,CD14. Skin Diseases,5020,Generalized skin eruption due to drugs and medicaments
1.3.2,183,CD14. Skin Diseases,5021,Localized skin eruption due to drugs and medicaments
1.3.2,183,CD14. Skin Diseases,5022,Dermatitis due to ingested food
1.3.2,183,CD14. Skin Diseases,5023,Dermatitis due to other substances taken internally
1.3.2,183,CD14. Skin Diseases,5024,Dermatitis due to unspecified substance taken internally
1.3.2,183,CD14. Skin Diseases,5025,Lichen simplex chronicus and prurigo
1.3.2,183,CD14. Skin Diseases,5026,Lichen simplex chronicus
1.3.2,183,CD14. Skin Diseases,5028,Other prurigo
1.3.2,183,CD14. Skin Diseases,5029,Pruritus
1.3.2,183,CD14. Skin Diseases,5030,Pruritus ani
1.3.2,183,CD14. Skin Diseases,5031,Pruritus scroti
1.3.2,183,CD14. Skin Diseases,5032,Pruritus vulvae
1.3.2,183,CD14. Skin Diseases,5033,"Anogenital pruritus, unspecified"
1.3.2,183,CD14. Skin Diseases,5034,Other pruritus
1.3.2,183,CD14. Skin Diseases,5035,"Pruritus, unspecified"
1.3.2,183,CD14. Skin Diseases,5036,Other dermatitis
1.3.2,183,CD14. Skin Diseases,5037,Nummular dermatitis
1.3.2,183,CD14. Skin Diseases,5038,Dyshidrosis [pompholyx]
1.3.2,183,CD14. Skin Diseases,5039,Cutaneous autosensitization
1.3.2,183,CD14. Skin Diseases,5040,Infective dermatitis
1.3.2,183,CD14. Skin Diseases,5043,Other specified dermatitis
1.3.2,183,CD14. Skin Diseases,5044,"Dermatitis, unspecified"
1.3.2,189,CD15. Tetanus (over 28 days),189,Obstetrical tetanus
1.3.2,189,CD15. Tetanus (over 28 days),190,Other tetanus
1.3.2,189,CD15. Tetanus (over 28 days),12512,Tetanus
1.3.2,189,CD15. Tetanus (over 28 days),12513,Obstetrical tetanus
1.3.2,190,CD16. Sleeping sickness,732,African trypanosomiasis
1.3.2,190,CD16. Sleeping sickness,733,Gambiense trypanosomiasis
1.3.2,190,CD16. Sleeping sickness,734,Rhodesiense trypanosomiasis
1.3.2,190,CD16. Sleeping sickness,735,"African trypanosomiasis, unspecified"
1.3.2,190,CD16. Sleeping sickness,13034,African trypanosomiasis
1.3.2,190,CD16. Sleeping sickness,13035,Gambiense trypanosomiasis
1.3.2,190,CD16. Sleeping sickness,13037,Other specified gambiense trypanosomiasis
1.3.2,190,CD16. Sleeping sickness,13038,Gambiense trypanosomiasis unspecified
1.3.2,190,CD16. Sleeping sickness,13039,Rhodesiense trypanosomiasis
1.3.2,190,CD16. Sleeping sickness,13040,Meningitis in Rhodesiense trypanosomiasis
1.3.2,190,CD16. Sleeping sickness,13041,Other specified rhodesiense trypanosomiasis
1.3.2,190,CD16. Sleeping sickness,13042,Rhodesiense trypanosomiasis unspecified
1.3.2,190,CD16. Sleeping sickness,13043,Other specified african trypanosomiasis
1.3.2,190,CD16. Sleeping sickness,13044,African trypanosomiasis unspecified
1.3.2,190,CD16. Sleeping sickness,733,Gambiense trypanosomiasis
1.3.2,191,CD17. Pelvic Inflammatory Disease(PID),6245,Salpingitis and oophoritis
1.3.2,191,CD17. Pelvic Inflammatory Disease(PID),6246,Acute salpingitis and oophoritis
1.3.2,191,CD17. Pelvic Inflammatory Disease(PID),6247,Chronic salpingitis and oophoritis
1.3.2,191,CD17. Pelvic Inflammatory Disease(PID),6248,"Salpingitis and oophoritis, unspecified"
1.3.2,191,CD17. Pelvic Inflammatory Disease(PID),6249,"Inflammatory disease of uterus, except cervix"
1.3.2,191,CD17. Pelvic Inflammatory Disease(PID),6250,Acute inflammatory disease of uterus
1.3.2,191,CD17. Pelvic Inflammatory Disease(PID),6251,Chronic inflammatory disease of uterus
1.3.2,191,CD17. Pelvic Inflammatory Disease(PID),6252,"Inflammatory disease of uterus, unspecified"
1.3.2,191,CD17. Pelvic Inflammatory Disease(PID),6253,Inflammatory disease of cervix uteri
1.3.2,191,CD17. Pelvic Inflammatory Disease(PID),6254,Other female pelvic inflammatory diseases
1.3.2,191,CD17. Pelvic Inflammatory Disease(PID),6255,Acute parametritis and pelvic cellulitis
1.3.2,191,CD17. Pelvic Inflammatory Disease(PID),6256,Chronic parametritis and pelvic cellulitis
1.3.2,191,CD17. Pelvic Inflammatory Disease(PID),6257,Unspecified parametritis and pelvic cellulitis
1.3.2,191,CD17. Pelvic Inflammatory Disease(PID),6258,Female acute pelvic peritonitis
1.3.2,191,CD17. Pelvic Inflammatory Disease(PID),6259,Female chronic pelvic peritonitis
1.3.2,191,CD17. Pelvic Inflammatory Disease(PID),6260,"Female pelvic peritonitis, unspecified"
1.3.2,191,CD17. Pelvic Inflammatory Disease(PID),6261,Female pelvic peritoneal adhesions
1.3.2,191,CD17. Pelvic Inflammatory Disease(PID),6262,Other specified female pelvic inflammatory diseases
1.3.2,191,CD17. Pelvic Inflammatory Disease(PID),6263,"Female pelvic inflammatory disease, unspecified"
1.3.2,191,CD17. Pelvic Inflammatory Disease(PID),6264,Female pelvic inflammatory disorders in diseases classified elsewhere
1.3.2,191,CD17. Pelvic Inflammatory Disease(PID),6265,Tuberculous infection of cervix uteri
1.3.2,191,CD17. Pelvic Inflammatory Disease(PID),6266,Female tuberculous pelvic inflammatory disease
1.3.2,191,CD17. Pelvic Inflammatory Disease(PID),6267,Female syphilitic pelvic inflammatory disease
1.3.2,191,CD17. Pelvic Inflammatory Disease(PID),6268,Female gonococcal pelvic inflammatory disease
1.3.2,191,CD17. Pelvic Inflammatory Disease(PID),6269,Female chlamydial pelvic inflammatory disease
1.3.2,191,CD17. Pelvic Inflammatory Disease(PID),6270,Female pelvic inflammatory disorders in other diseases classified elsewhere
1.3.2,191,CD17. Pelvic Inflammatory Disease(PID),6271,Diseases of Bartholin gland
1.3.2,191,CD17. Pelvic Inflammatory Disease(PID),6272,Cyst of Bartholin gland
1.3.2,191,CD17. Pelvic Inflammatory Disease(PID),6273,Abscess of Bartholin gland
1.3.2,191,CD17. Pelvic Inflammatory Disease(PID),6274,Other diseases of Bartholin gland
1.3.2,191,CD17. Pelvic Inflammatory Disease(PID),6275,"Disease of Bartholin gland, unspecified"
1.3.2,191,CD17. Pelvic Inflammatory Disease(PID),6276,Other inflammation of vagina and vulva
1.3.2,191,CD17. Pelvic Inflammatory Disease(PID),6277,Acute vaginitis
1.3.2,191,CD17. Pelvic Inflammatory Disease(PID),6278,Subacute and chronic vaginitis
1.3.2,191,CD17. Pelvic Inflammatory Disease(PID),6279,Acute vulvitis
1.3.2,191,CD17. Pelvic Inflammatory Disease(PID),6280,Subacute and chronic vulvitis
1.3.2,191,CD17. Pelvic Inflammatory Disease(PID),6281,Abscess of vulva
1.3.2,191,CD17. Pelvic Inflammatory Disease(PID),6284,Other specified inflammation of vagina and vulva
1.3.2,191,CD17. Pelvic Inflammatory Disease(PID),6287,"Vaginitis, vulvitis and vulvovaginitis in infectious and parasitic diseases classified elsewhere"
1.3.2,192,CD18. Brucellosis,136,Brucellosis
1.3.2,192,CD18. Brucellosis,137,Brucellosis due to Brucella melitensis
1.3.2,192,CD18. Brucellosis,138,Brucellosis due to Brucella abortus
1.3.2,192,CD18. Brucellosis,139,Brucellosis due to Brucella suis
1.3.2,192,CD18. Brucellosis,140,Brucellosis due to Brucella canis
1.3.2,192,CD18. Brucellosis,141,Other brucellosis
1.3.2,192,CD18. Brucellosis,142,"Brucellosis, unspecified"
1.3.2,192,CD18. Brucellosis,5621,Brucella spondylitis
1.3.2,192,CD18. Brucellosis,12487,Brucellosis
1.3.2,192,CD18. Brucellosis,43470,Brucellosis vaccines
1.3.2,192,CD18. Brucellosis,43523,Brucella antigen
1.3.2,192,CD18. Brucellosis,45394,Brucella
1.3.2,192,CD18. Brucellosis,45535,Brucella suis
1.3.2,192,CD18. Brucellosis,45806,Brucella abortus
1.3.2,192,CD18. Brucellosis,45866,Brucella melitensis
1.3.2,192,CD18. Brucellosis,45874,Brucella canis
1.3.2,635,CD13. Severe Pneumonia,887,Streptococcus pneumoniae as the cause of diseases classified to other chapters
1.3.2,635,CD13. Severe Pneumonia,4194,Pneumonia due to Streptococcus pneumoniae
1.3.2,635,CD13. Severe Pneumonia,217,Sepsis due to Streptococcus pneumoniae
1.3.2,635,CD13. Severe Pneumonia,18959,Pneumonia due to Streptococcus pneumoniae
1.3.2,635,CD13. Severe Pneumonia,19963,Peritonitis due to Streptococcus pneumoniae
1.3.2,635,CD13. Severe Pneumonia,25511,Antibiotic resistant Streptococcus pneumoniae
1.3.2,635,CD13. Severe Pneumonia,25512,Penicillin resistant Streptococcus pneumoniae
1.3.2,635,CD13. Severe Pneumonia,25513,Sulfonamide and trimethoprim resistant Streptococcus pneumoniae
1.3.2,635,CD13. Severe Pneumonia,25514,Third-generation cephalosporins resistant Streptococcus pneumoniae
1.3.2,635,CD13. Severe Pneumonia,25515,Streptococcus pneumoniae resistant to other antibiotic
1.3.2,635,CD13. Severe Pneumonia,25516,Streptococcus pneumoniae resistant to unspecified antibiotic
1.3.2,635,CD13. Severe Pneumonia,45525,Streptococcus pneumoniae
1.3.2,635,CD13. Severe Pneumonia,4196,"Bacterial pneumonia, not elsewhere classified"
1.3.2,635,CD13. Severe Pneumonia,4205,Other bacterial pneumonia
1.3.2,635,CD13. Severe Pneumonia,4206,"Bacterial pneumonia, unspecified"
1.3.2,635,CD13. Severe Pneumonia,18951,Bacterial pneumonia
1.3.2,635,CD13. Severe Pneumonia,18962,Bacterial pneumonia unspecified
1.3.2,635,CD13. Severe Pneumonia,19028,Pneumonitis due to inhalation of food or vomit
1.3.2,635,CD13. Severe Pneumonia,249,Legionnaires disease
1.3.2,635,CD13. Severe Pneumonia,12528,Legionnaires disease
,,,,
1.3.9,692,NE01. Aphasia or Loss of Language due to stroke,8208,Dysphasia and aphasia
1.3.9,692,NE01. Aphasia or Loss of Language due to stroke,24418,Aphasia 
1.3.9,692,NE01. Aphasia or Loss of Language due to stroke,4012,Sequelae of cerebral infarction
1.3.9,692,NE01. Aphasia or Loss of Language due to stroke,24419,Dysphasia 
1.3.9,693,NE02. Dysarthria or Speech Disorder due to stroke,8209,Dysarthria and anarthria
1.3.9,693,NE02. Dysarthria or Speech Disorder due to stroke,24420,Dysarthria 
1.3.9,693,NE02. Dysarthria or Speech Disorder due to stroke,24422,Other specified dysarthria 
1.3.9,693,NE02. Dysarthria or Speech Disorder due to stroke,24423,Dysarthria unspecified 
1.3.9,693,NE02. Dysarthria or Speech Disorder due to stroke,24421,Anarthria 
1.3.9,694,NE03. Parkinson's disease,2952,Other specified extrapyramidal and movement disorders
1.3.9,694,NE03. Parkinson's disease,2954,Extrapyramidal and movement disorders in diseases classified elsewhere
1.3.9,694,NE03. Parkinson's disease,2953,"Extrapyramidal and movement disorder, unspecified"
1.3.9,694,NE03. Parkinson's disease,2944,Other extrapyramidal and movement disorders
1.3.9,694,NE03. Parkinson's disease,2919,Parkinson disease
1.3.9,694,NE03. Parkinson's disease,2920,Secondary parkinsonism
1.3.9,694,NE03. Parkinson's disease,2922,Other drug-induced secondary parkinsonism
1.3.9,694,NE03. Parkinson's disease,2923,Secondary parkinsonism due to other external agents
1.3.9,694,NE03. Parkinson's disease,2924,Postencephalitic parkinsonism
1.3.9,694,NE03. Parkinson's disease,2925,Vascular parkinsonism
1.3.9,694,NE03. Parkinson's disease,2926,Other secondary parkinsonism
1.3.9,694,NE03. Parkinson's disease,2927,"Secondary parkinsonism, unspecified"
1.3.9,694,NE03. Parkinson's disease,2928,Parkinsonism in diseases classified elsewhere
1.3.9,694,NE03. Parkinson's disease,2932,"Multiple system atrophy, parkinsonian type [MSA-P]"
1.3.9,694,NE03. Parkinson's disease,16526,Parkinsonism 
1.3.9,694,NE03. Parkinson's disease,16527,Parkinson disease 
1.3.9,694,NE03. Parkinson's disease,16528,Sporadic Parkinson disease 
1.3.9,694,NE03. Parkinson's disease,16529,Familial Parkinson disease 
1.3.9,694,NE03. Parkinson's disease,16530,Other specified Parkinson disease 
1.3.9,694,NE03. Parkinson's disease,16531,Parkinson disease unspecified 
1.3.9,694,NE03. Parkinson's disease,16532,Atypical parkinsonism 
1.3.9,694,NE03. Parkinson's disease,16534,Other specified atypical parkinsonism 
1.3.9,694,NE03. Parkinson's disease,16535,Atypical parkinsonism unspecified 
1.3.9,694,NE03. Parkinson's disease,16536,Secondary parkinsonism 
1.3.9,694,NE03. Parkinson's disease,16537,Parkinsonism due to heredodegenerative disorders 
1.3.9,694,NE03. Parkinson's disease,16538,Hemiparkinsonism hemiatrophy syndrome 
1.3.9,694,NE03. Parkinson's disease,16539,Infectious or postinfectious parkinsonism 
1.3.9,694,NE03. Parkinson's disease,16540,Vascular parkinsonism 
1.3.9,694,NE03. Parkinson's disease,16541,Drug-induced parkinsonism 
1.3.9,694,NE03. Parkinson's disease,16542,Post traumatic Parkinsonism 
1.3.9,694,NE03. Parkinson's disease,16543,Parkinsonism due to structural lesions 
1.3.9,694,NE03. Parkinson's disease,16544,Other specified secondary parkinsonism 
1.3.9,694,NE03. Parkinson's disease,16545,Secondary parkinsonism unspecified 
1.3.9,694,NE03. Parkinson's disease,16546,Functional parkinsonism 
1.3.9,694,NE03. Parkinson's disease,16547,Other specified parkinsonism 
1.3.9,694,NE03. Parkinson's disease,16548,Parkinsonism unspecified 
1.3.9,694,NE03. Parkinson's disease,17262,Multiple system atrophy Parkinsonism 
1.3.9,694,NE03. Parkinson's disease,18549,Wolff-Parkinson-White syndrome 
1.3.9,694,NE03. Parkinson's disease,24325,Early-onset parkinsonism - intellectual deficit 
1.3.9,694,NE03. Parkinson's disease,2411,Dementia in Parkinson disease
1.3.9,694,NE03. Parkinson's disease,15824,Dissociative neurological symptom disorder with Parkinsonism 
1.3.9,695,NE21. Attempted Suicide / Self Harm,11860,Seeking and accepting behavioural and psychological interventions known to be hazardous and harmful
1.3.9,695,NE21. Attempted Suicide / Self Harm,11374,"Sequelae of intentional self-harm, assault and events of undetermined intent"
1.3.9,695,NE21. Attempted Suicide / Self Harm,11375,Sequelae of intentional self-harm
1.3.9,695,NE21. Attempted Suicide / Self Harm,11191,Pharmaceutical excipients
1.3.9,695,NE21. Attempted Suicide / Self Harm,10937,Intentional self-harm by unspecified means
1.3.9,695,NE21. Attempted Suicide / Self Harm,10936,Intentional self-harm by other specified means
1.3.9,695,NE21. Attempted Suicide / Self Harm,10935,Intentional self-harm by crashing of motor vehicle
1.3.9,695,NE21. Attempted Suicide / Self Harm,10934,Intentional self-harm by jumping or lying before moving object
1.3.9,695,NE21. Attempted Suicide / Self Harm,11859,"Seeking and accepting physical, nutritional and chemical interventions known to be hazardous and harmful"
1.3.9,695,NE21. Attempted Suicide / Self Harm,12045,Personal history of self-harm
1.3.9,695,NE21. Attempted Suicide / Self Harm,10934,Intentional self-harm by jumping or lying before moving object
1.3.9,695,NE21. Attempted Suicide / Self Harm,10923,"Intentional self-harm by hanging, strangulation and suffocation"
1.3.9,695,NE21. Attempted Suicide / Self Harm,10924,Intentional self-harm by drowning and submersion
1.3.9,695,NE21. Attempted Suicide / Self Harm,10925,Intentional self-harm by handgun discharge
1.3.9,695,NE21. Attempted Suicide / Self Harm,10926,"Intentional self-harm by rifle, shotgun and larger firearm discharge"
1.3.9,695,NE21. Attempted Suicide / Self Harm,10927,Intentional self-harm by other and unspecified firearm discharge
1.3.9,695,NE21. Attempted Suicide / Self Harm,10928,Intentional self-harm by explosive material
1.3.9,695,NE21. Attempted Suicide / Self Harm,10929,"Intentional self-harm by smoke, fire and flames"
1.3.9,695,NE21. Attempted Suicide / Self Harm,10930,"Intentional self-harm by steam, hot vapours and hot objects"
1.3.9,695,NE21. Attempted Suicide / Self Harm,10931,Intentional self-harm by sharp object
1.3.9,695,NE21. Attempted Suicide / Self Harm,10932,Intentional self-harm by blunt object
1.3.9,695,NE21. Attempted Suicide / Self Harm,10933,Intentional self-harm by jumping from a high place
1.3.9,695,NE21. Attempted Suicide / Self Harm,10935,Intentional self-harm by crashing of motor vehicle
1.3.9,695,NE21. Attempted Suicide / Self Harm,10936,Intentional self-harm by other specified means
1.3.9,695,NE21. Attempted Suicide / Self Harm,10937,Intentional self-harm by unspecified means
1.3.9,695,NE21. Attempted Suicide / Self Harm,11374,"Sequelae of intentional self-harm, assault and events of undetermined intent"
1.3.9,695,NE21. Attempted Suicide / Self Harm,11375,Sequelae of intentional self-harm
1.3.9,695,NE21. Attempted Suicide / Self Harm,12045,Personal history of self-harm
1.3.9,695,NE21. Attempted Suicide / Self Harm,27720,Intentional self-harm by land transport road traffic injury event 
1.3.9,695,NE21. Attempted Suicide / Self Harm,27721,Intentional self-harm by land transport off-road nontraffic injury event 
1.3.9,695,NE21. Attempted Suicide / Self Harm,27722,Intentional self-harm by land transport injury event unknown whether traffic or nontraffic 
1.3.9,695,NE21. Attempted Suicide / Self Harm,27723,Intentional self-harm by railway transport injury event 
1.3.9,695,NE21. Attempted Suicide / Self Harm,27724,Intentional self-harm by water transport injury event with water vessel damaged disabled or destroyed 
1.3.9,695,NE21. Attempted Suicide / Self Harm,27725,Intentional self-harm by water transport injury event with water vessel not damaged disabled or destroyed 
1.3.9,695,NE21. Attempted Suicide / Self Harm,27726,Intentional self-harm by water transport injury event with water vessel not damaged disabled or destroyed causing submersion or drowning 
1.3.9,695,NE21. Attempted Suicide / Self Harm,27727,Intentional self-harm by water transport injury event with water vessel not damaged disabled or destroyed causing other injury 
1.3.9,695,NE21. Attempted Suicide / Self Harm,27728,Intentional self-harm by water transport injury event with water vessel not damaged disabled or destroyed unspecified 
1.3.9,695,NE21. Attempted Suicide / Self Harm,27729,Intentional self-harm by water transport injury event with damage to water vessel unspecified 
1.3.9,695,NE21. Attempted Suicide / Self Harm,27730,Intentional self-harm by air or space transport injury event with aircraft or spacecraft damaged disabled or destroyed 
1.3.9,695,NE21. Attempted Suicide / Self Harm,27731,Intentional self-harm by air or space transport injury event with aircraft or spacecraft not damaged disabled or destroyed 
1.3.9,695,NE21. Attempted Suicide / Self Harm,27732,Intentional self-harm by air or space transport injury event with damage to aircraft or spacecraft unspecified 
1.3.9,695,NE21. Attempted Suicide / Self Harm,27733,Intentional self-harm by other specified transport injury event 
1.3.9,695,NE21. Attempted Suicide / Self Harm,27734,Intentional self-harm by transport injury event unspecified 
1.3.9,695,NE21. Attempted Suicide / Self Harm,27735,Intentional self-harm by fall or jump on same level or from less than 1 metre 
1.3.9,695,NE21. Attempted Suicide / Self Harm,27736,Intentional self-harm by fall or jump from a height of 1 metre or more 
1.3.9,695,NE21. Attempted Suicide / Self Harm,27737,Other specified intentional self-harm by fall or jump 
1.3.9,695,NE21. Attempted Suicide / Self Harm,27738,Intentional self-harm by fall or jump unspecified 
1.3.9,695,NE21. Attempted Suicide / Self Harm,27739,Intentional self-harm by being struck kicked or bumped by person 
1.3.9,695,NE21. Attempted Suicide / Self Harm,27740,Intentional self-harm by being struck kicked or bumped by animal 
1.3.9,695,NE21. Attempted Suicide / Self Harm,27741,Intentional self-harm by being stepped on or crushed by person 
1.3.9,695,NE21. Attempted Suicide / Self Harm,27742,Intentional self-harm by being stepped on or crushed by animal 
1.3.9,695,NE21. Attempted Suicide / Self Harm,27743,Intentional self-harm by being bitten by animal 
1.3.9,695,NE21. Attempted Suicide / Self Harm,27744,Intentional self-harm by being scratched or clawed by person 
1.3.9,695,NE21. Attempted Suicide / Self Harm,27745,Intentional self-harm by being scratched or clawed by animal 
1.3.9,695,NE21. Attempted Suicide / Self Harm,27746,Intentional self-harm by being stung or envenomated by animal 
1.3.9,695,NE21. Attempted Suicide / Self Harm,27747,Intentional self-harm by contact with plant 
1.3.9,695,NE21. Attempted Suicide / Self Harm,27748,Other specified type of intentional self-harm by contact with person animal or plant 
1.3.9,695,NE21. Attempted Suicide / Self Harm,27749,Intentional self-harm by contact with person animal or plant type unspecified 
1.3.9,695,NE21. Attempted Suicide / Self Harm,27750,Intentional self-harm by being struck by projectile from firearm 
1.3.9,695,NE21. Attempted Suicide / Self Harm,27751,Intentional self-harm by projectile from handgun 
1.3.9,695,NE21. Attempted Suicide / Self Harm,27752,Intentional self-harm by projectile from rifle shotgun or larger firearm 
1.3.9,695,NE21. Attempted Suicide / Self Harm,27753,Other specified intentional self-harm by being struck by projectile from firearm 
1.3.9,695,NE21. Attempted Suicide / Self Harm,27754,Intentional self-harm by being struck by projectile from firearm unspecified 
1.3.9,695,NE21. Attempted Suicide / Self Harm,27755,Intentional self-harm by being struck by moving object not elsewhere classified 
1.3.9,695,NE21. Attempted Suicide / Self Harm,27756,Intentional self-harm by striking against stationary object 
1.3.9,695,NE21. Attempted Suicide / Self Harm,27757,Intentional self-harm by being cut or pierced by sharp object 
1.3.9,695,NE21. Attempted Suicide / Self Harm,27758,Intentional self-harm by being cut or pierced by knife sword or dagger 
1.3.9,695,NE21. Attempted Suicide / Self Harm,27759,Intentional self-harm by being cut or pierced by sharp glass 
1.3.9,695,NE21. Attempted Suicide / Self Harm,27760,Other specified intentional self-harm by being cut or pierced by sharp object 
1.3.9,695,NE21. Attempted Suicide / Self Harm,27761,Intentional self-harm by being cut or pierced by sharp object unspecified 
1.3.9,695,NE21. Attempted Suicide / Self Harm,27762,Intentional self-harm by being struck by blunt object 
1.3.9,695,NE21. Attempted Suicide / Self Harm,27763,Intentional self-harm by being caught crushed jammed or pinched between objects 
1.3.9,695,NE21. Attempted Suicide / Self Harm,27766,Intentional self-harm by drowning or submersion while in body of water 
1.3.9,695,NE21. Attempted Suicide / Self Harm,27767,Intentional self-harm by drowning or submersion following fall into body of water 
1.3.9,695,NE21. Attempted Suicide / Self Harm,27768,Intentional self-harm by injury other than drowning while in body of water 
1.3.9,695,NE21. Attempted Suicide / Self Harm,27769,Intentional self-harm by injury other than drowning following fall into body of water 
1.3.9,695,NE21. Attempted Suicide / Self Harm,27770,Intentional self-harm by immersion submersion or falling into water unspecified 
1.3.9,695,NE21. Attempted Suicide / Self Harm,27771,Intentional self-harm by threat to breathing by suffocation from object covering mouth or nose 
1.3.9,695,NE21. Attempted Suicide / Self Harm,27772,Intentional self-harm by threat to breathing by hanging 
1.3.9,695,NE21. Attempted Suicide / Self Harm,27773,Intentional self-harm by threat to breathing by strangulation 
1.3.9,695,NE21. Attempted Suicide / Self Harm,27774,Intentional self-harm by threat to breathing by external compression of airways or chest 
1.3.9,695,NE21. Attempted Suicide / Self Harm,27775,Intentional self-harm by inhalation or ingestion of gastric contents 
1.3.9,695,NE21. Attempted Suicide / Self Harm,27776,Intentional self-harm by threat to breathing by inhalation or ingestion of liquids 
1.3.9,695,NE21. Attempted Suicide / Self Harm,27777,Intentional self-harm by threat to breathing by inhalation or ingestion of food 
1.3.9,695,NE21. Attempted Suicide / Self Harm,27778,Intentional self-harm by threat to breathing by inhalation or ingestion of other objects or materials 
1.3.9,695,NE21. Attempted Suicide / Self Harm,27779,Intentional self-harm by threat to breathing from low oxygen environment 
1.3.9,695,NE21. Attempted Suicide / Self Harm,27780,Other specified intentional self-harm by threat to breathing 
1.3.9,695,NE21. Attempted Suicide / Self Harm,27781,Intentional self-harm by threat to breathing unspecified 
1.3.9,695,NE21. Attempted Suicide / Self Harm,27782,Intentional self-harm by exposure to controlled fire 
1.3.9,695,NE21. Attempted Suicide / Self Harm,27783,Intentional self-harm by exposure to uncontrolled fire 
1.3.9,695,NE21. Attempted Suicide / Self Harm,27784,Intentional self-harm by exposure to ignition or melting of material 
1.3.9,695,NE21. Attempted Suicide / Self Harm,27785,Intentional self-harm by contact with hot object or liquid 
1.3.9,695,NE21. Attempted Suicide / Self Harm,27786,Intentional self-harm by exposure to steam hot vapour air or gases 
1.3.9,695,NE21. Attempted Suicide / Self Harm,27787,Intentional self-harm by exposure to excessive heat 
1.3.9,695,NE21. Attempted Suicide / Self Harm,27788,Intentional self-harm by exposure to excessive cold 
1.3.9,695,NE21. Attempted Suicide / Self Harm,27789,Intentional self-harm by exposure to other specified thermal mechanism 
1.3.9,695,NE21. Attempted Suicide / Self Harm,27790,Intentional self-harm by exposure to unspecified thermal mechanism 
1.3.9,695,NE21. Attempted Suicide / Self Harm,27791,Intentional self-harm by exposure to or harmful effects of opioids or related analgesics 
1.3.9,695,NE21. Attempted Suicide / Self Harm,27792,Intentional self-harm by exposure to or harmful effects of sedative hypnotic drugs or other CNS depressants 
1.3.9,695,NE21. Attempted Suicide / Self Harm,27793,Intentional self-harm by exposure to or harmful effects of psychostimulants 
1.3.9,695,NE21. Attempted Suicide / Self Harm,27794,Intentional self-harm by exposure to or harmful effects of cannabinoids or hallucinogens 
1.3.9,695,NE21. Attempted Suicide / Self Harm,27795,Intentional self-harm by exposure to or harmful effects of analgesics antipyretics or nonsteroidal anti-inflammatory drugs 
1.3.9,695,NE21. Attempted Suicide / Self Harm,27796,Intentional self-harm by exposure to or harmful effects of antidepressants 
1.3.9,695,NE21. Attempted Suicide / Self Harm,27797,Intentional self-harm by exposure to or harmful effects of antipsychotics 
1.3.9,695,NE21. Attempted Suicide / Self Harm,27798,Intentional self-harm by exposure to or harmful effects of antiepileptics or antiparkinsonism drugs 
1.3.9,695,NE21. Attempted Suicide / Self Harm,27799,Intentional self-harm by and exposure to other and unspecified drug medicament and biological substance 
1.3.9,695,NE21. Attempted Suicide / Self Harm,27800,Intentional self-harm by exposure to or harmful effects of multiple drugs medicaments or biological substances 
1.3.9,695,NE21. Attempted Suicide / Self Harm,27801,Intentional self-harm by exposure to or harmful effects of alcohols 
1.3.9,695,NE21. Attempted Suicide / Self Harm,27802,Intentional self-harm by exposure to or harmful effects of organic solvents 
1.3.9,695,NE21. Attempted Suicide / Self Harm,27803,Intentional self-harm by exposure to or harmful effects of carbon monoxide 
1.3.9,695,NE21. Attempted Suicide / Self Harm,27804,Intentional self-harm by exposure to or harmful effects of pesticides 
1.3.9,695,NE21. Attempted Suicide / Self Harm,27805,Intentional self-harm by exposure to or harmful effects of corrosive substances 
1.3.9,695,NE21. Attempted Suicide / Self Harm,27806,Intentional self-harm by exposure to or harmful effects of other or unspecified substances chiefly nonmedicinal as to source 
1.3.9,695,NE21. Attempted Suicide / Self Harm,27807,Intentional self-harm by foreign body in orifice 
1.3.9,695,NE21. Attempted Suicide / Self Harm,27808,Intentional self-harm by exposure to electric current 
1.3.9,695,NE21. Attempted Suicide / Self Harm,27809,Intentional self-harm by exposure to sunlight 
1.3.9,695,NE21. Attempted Suicide / Self Harm,27810,Intentional self-harm by exposure to radiation 
1.3.9,695,NE21. Attempted Suicide / Self Harm,27811,Intentional self-harm by exposure to high or low air pressure or changes in air pressure 
1.3.9,695,NE21. Attempted Suicide / Self Harm,27812,Intentional self-harm by explosion or rupture of pressurised materials or object 
1.3.9,695,NE21. Attempted Suicide / Self Harm,27813,Intentional self-harm by physical overexertion 
1.3.9,695,NE21. Attempted Suicide / Self Harm,27814,Intentional self-harm by lack of food 
1.3.9,695,NE21. Attempted Suicide / Self Harm,27815,Intentional self-harm by lack of water 
1.3.9,695,NE21. Attempted Suicide / Self Harm,27816,Intentional self-harm by other specified privation 
1.3.9,695,NE21. Attempted Suicide / Self Harm,27817,Other specified intentional self-harm 
1.3.9,695,NE21. Attempted Suicide / Self Harm,27818,Intentional self-harm unspecified 
1.3.9,695,NE21. Attempted Suicide / Self Harm,29068,Personal history of self-harm 
1.3.9,695,NE21. Attempted Suicide / Self Harm,33825,Proximal risk factors for intentional self-harm Suicide of a relative partner or friend 
1.3.9,695,NE21. Attempted Suicide / Self Harm,33829,Proximal risk factors for intentional self-harm Conflict in relationship with offspring 
1.3.9,695,NE21. Attempted Suicide / Self Harm,34174,Proximal risk factors for intentional self-harm Substance abuse 
1.3.9,695,NE21. Attempted Suicide / Self Harm,34117,Proximal risk factors for intentional self-harm Unspecified manner of death of a relative partner or friend 
1.3.9,695,NE21. Attempted Suicide / Self Harm,34186,Proximal risk factors for intentional self-harm Neglect 
1.3.9,695,NE21. Attempted Suicide / Self Harm,34189,Intentional self-harm not known or not determined if person intended to die 
1.3.9,695,NE21. Attempted Suicide / Self Harm,34241,Proximal risk factors for intentional self-harm Legal system encounters 
1.3.9,695,NE21. Attempted Suicide / Self Harm,34301,Proximal risk factors for intentional self-harm Unwanted pregnancy 
1.3.9,695,NE21. Attempted Suicide / Self Harm,34665,Proximal risk factors for intentional self-harm Dowry 
1.3.9,695,NE21. Attempted Suicide / Self Harm,34794,Proximal risk factors for intentional self-harm HIV or AIDS 
1.3.9,695,NE21. Attempted Suicide / Self Harm,34799,Intentional self-harm person did not intend to die 
1.3.9,695,NE21. Attempted Suicide / Self Harm,35111,Proximal risk factors for intentional self-harm Conflict in relationship with parent 
1.3.9,695,NE21. Attempted Suicide / Self Harm,35141,Proximal risk factors for intentional self-harm Cultural issue 
1.3.9,695,NE21. Attempted Suicide / Self Harm,35189,Proximal risk factors for intentional self-harm Work-related 
1.3.9,695,NE21. Attempted Suicide / Self Harm,35250,Proximal risk factors for intentional self-harm Postpartum depression 
1.3.9,695,NE21. Attempted Suicide / Self Harm,35525,Proximal risk factors for intentional self-harm Sexual abuse 
1.3.9,695,NE21. Attempted Suicide / Self Harm,35549,Proximal risk factors for intentional self-harm School-related problem 
1.3.9,695,NE21. Attempted Suicide / Self Harm,35554,Proximal risk factors for intentional self-harm Physical abuse 
1.3.9,695,NE21. Attempted Suicide / Self Harm,35591,Proximal risk factors for intentional self-harm Other manner of death of a relative partner or friend 
1.3.9,695,NE21. Attempted Suicide / Self Harm,35700,Intentional self-harm person intended to die 
1.3.9,695,NE21. Attempted Suicide / Self Harm,35705,Proximal risk factors for intentional self-harm Religious belief or affiliation 
1.3.9,695,NE21. Attempted Suicide / Self Harm,35838,Proximal risk factors for intentional self-harm Conflict in relationship with spouse partner boy/girlfriend 
1.3.9,707,NE04. Dementia or excessive forgetfulness due to advanced age,2429,Mild cognitive disorder
1.3.9,707,NE04. Dementia or excessive forgetfulness due to advanced age,24444,Age-associated cognitive decline 
1.3.9,707,NE04. Dementia or excessive forgetfulness due to advanced age,2395,Dementia in Alzheimer disease
1.3.9,707,NE04. Dementia or excessive forgetfulness due to advanced age,2396,Dementia in Alzheimer disease with early onset
1.3.9,707,NE04. Dementia or excessive forgetfulness due to advanced age,2397,Dementia in Alzheimer disease with late onset
1.3.9,707,NE04. Dementia or excessive forgetfulness due to advanced age,2398,"Dementia in Alzheimer disease, atypical or mixed type"
1.3.9,707,NE04. Dementia or excessive forgetfulness due to advanced age,2399,"Dementia in Alzheimer disease, unspecified"
1.3.9,707,NE04. Dementia or excessive forgetfulness due to advanced age,2400,Vascular dementia
1.3.9,707,NE04. Dementia or excessive forgetfulness due to advanced age,2401,Vascular dementia of acute onset
1.3.9,707,NE04. Dementia or excessive forgetfulness due to advanced age,2402,Multi-infarct dementia
1.3.9,707,NE04. Dementia or excessive forgetfulness due to advanced age,2403,Subcortical vascular dementia
1.3.9,707,NE04. Dementia or excessive forgetfulness due to advanced age,2404,Mixed cortical and subcortical vascular dementia
1.3.9,707,NE04. Dementia or excessive forgetfulness due to advanced age,2405,Other vascular dementia
1.3.9,707,NE04. Dementia or excessive forgetfulness due to advanced age,2406,"Vascular dementia, unspecified"
1.3.9,707,NE04. Dementia or excessive forgetfulness due to advanced age,2407,Dementia in other diseases classified elsewhere
1.3.9,707,NE04. Dementia or excessive forgetfulness due to advanced age,2408,Dementia in Pick disease
1.3.9,707,NE04. Dementia or excessive forgetfulness due to advanced age,2409,Dementia in Creutzfeldt-Jakob disease
1.3.9,707,NE04. Dementia or excessive forgetfulness due to advanced age,2410,Dementia in Huntington disease
1.3.9,707,NE04. Dementia or excessive forgetfulness due to advanced age,2411,Dementia in Parkinson disease
1.3.9,707,NE04. Dementia or excessive forgetfulness due to advanced age,2412,Dementia in human immunodeficiency virus [HIV] disease
1.3.9,707,NE04. Dementia or excessive forgetfulness due to advanced age,2413,Dementia in other specified diseases classified elsewhere
1.3.9,707,NE04. Dementia or excessive forgetfulness due to advanced age,2414,Unspecified dementia
1.3.9,707,NE04. Dementia or excessive forgetfulness due to advanced age,2417,"Delirium not superimposed on dementia, so described"
1.3.9,707,NE04. Dementia or excessive forgetfulness due to advanced age,2418,Delirium superimposed on dementia
1.3.9,707,NE04. Dementia or excessive forgetfulness due to advanced age,16039,Dementia due to prion disease 
1.3.9,707,NE04. Dementia or excessive forgetfulness due to advanced age,16263,Dementia due to Alzheimer disease 
1.3.9,707,NE04. Dementia or excessive forgetfulness due to advanced age,16372,Dementia due to Alzheimer disease with early onset 
1.3.9,707,NE04. Dementia or excessive forgetfulness due to advanced age,16373,Dementia due to Alzheimer disease with late onset 
1.3.9,707,NE04. Dementia or excessive forgetfulness due to advanced age,16374,Alzheimer disease dementia mixed type with cerebrovascular disease 
1.3.9,707,NE04. Dementia or excessive forgetfulness due to advanced age,16375,Alzheimer disease dementia mixed type with other nonvascular aetiologies 
1.3.9,707,NE04. Dementia or excessive forgetfulness due to advanced age,16376,Dementia due to Alzheimer disease onset unknown or unspecified 
1.3.9,707,NE04. Dementia or excessive forgetfulness due to advanced age,16377,Dementia due to cerebrovascular disease 
1.3.9,707,NE04. Dementia or excessive forgetfulness due to advanced age,16378,Dementia due to Lewy body disease 
1.3.9,707,NE04. Dementia or excessive forgetfulness due to advanced age,16379,Frontotemporal dementia 
1.3.9,707,NE04. Dementia or excessive forgetfulness due to advanced age,16380,Dementia due to psychoactive substances including medications 
1.3.9,707,NE04. Dementia or excessive forgetfulness due to advanced age,16381,Dementia due to use of alcohol 
1.3.9,707,NE04. Dementia or excessive forgetfulness due to advanced age,16382,Dementia due to use of sedatives hypnotics or anxiolytics 
1.3.9,707,NE04. Dementia or excessive forgetfulness due to advanced age,16383,Dementia due to use of volatile inhalants 
1.3.9,707,NE04. Dementia or excessive forgetfulness due to advanced age,16384,Dementia due to other specified psychoactive substance 
1.3.9,707,NE04. Dementia or excessive forgetfulness due to advanced age,16385,Dementia due to diseases classified elsewhere 
1.3.9,707,NE04. Dementia or excessive forgetfulness due to advanced age,16386,Dementia due to Parkinson disease 
1.3.9,707,NE04. Dementia or excessive forgetfulness due to advanced age,16387,Dementia due to Huntington disease 
1.3.9,707,NE04. Dementia or excessive forgetfulness due to advanced age,16388,Dementia due to exposure to heavy metals and other toxins 
1.3.9,707,NE04. Dementia or excessive forgetfulness due to advanced age,16389,Dementia due to human immunodeficiency virus 
1.3.9,707,NE04. Dementia or excessive forgetfulness due to advanced age,16390,Dementia due to multiple sclerosis 
1.3.9,707,NE04. Dementia or excessive forgetfulness due to advanced age,16391,Dementia due to normal pressure hydrocephalus 
1.3.9,707,NE04. Dementia or excessive forgetfulness due to advanced age,16392,Dementia due to injury to the head 
1.3.9,707,NE04. Dementia or excessive forgetfulness due to advanced age,16393,Dementia due to pellagra 
1.3.9,707,NE04. Dementia or excessive forgetfulness due to advanced age,16394,Dementia due to Down syndrome 
1.3.9,707,NE04. Dementia or excessive forgetfulness due to advanced age,16395,Dementia due to other specified diseases classified elsewhere 
1.3.9,707,NE04. Dementia or excessive forgetfulness due to advanced age,16396,Behavioural or psychological disturbances in dementia 
1.3.9,707,NE04. Dementia or excessive forgetfulness due to advanced age,16397,Psychotic symptoms in dementia 
1.3.9,707,NE04. Dementia or excessive forgetfulness due to advanced age,16398,Mood symptoms in dementia 
1.3.9,707,NE04. Dementia or excessive forgetfulness due to advanced age,16399,Anxiety symptoms in dementia 
1.3.9,707,NE04. Dementia or excessive forgetfulness due to advanced age,16400,Apathy in dementia 
1.3.9,707,NE04. Dementia or excessive forgetfulness due to advanced age,16401,Agitation or aggression in dementia 
1.3.9,707,NE04. Dementia or excessive forgetfulness due to advanced age,16402,Disinhibition in dementia 
1.3.9,707,NE04. Dementia or excessive forgetfulness due to advanced age,16403,Wandering in dementia 
1.3.9,707,NE04. Dementia or excessive forgetfulness due to advanced age,16404,Other specified behavioural or psychological disturbances in dementia 
1.3.9,707,NE04. Dementia or excessive forgetfulness due to advanced age,16405,Behavioural or psychological disturbances in dementia unspecified 
1.3.9,707,NE04. Dementia or excessive forgetfulness due to advanced age,16406,Dementia other specified cause 
1.3.9,707,NE04. Dementia or excessive forgetfulness due to advanced age,16407,Dementia unknown or unspecified cause 
1.3.9,707,NE04. Dementia or excessive forgetfulness due to advanced age,16731,Epilepsy due to dementias 
1.3.9,707,NE04. Dementia or excessive forgetfulness due to advanced age,29508,Dementia disorder (TM1) 
1.3.9,708,NE05. Amyotrophic Lateral Sclerosis (ALS),2910,Motor neuron disease
1.3.9,708,NE05. Amyotrophic Lateral Sclerosis (ALS),16958,Amyotrophic lateral sclerosis 
1.3.9,708,NE05. Amyotrophic Lateral Sclerosis (ALS),16962,Amyotrophic lateral sclerosis-Plus 
1.3.9,708,NE05. Amyotrophic Lateral Sclerosis (ALS),16957,Motor neuron disease 
1.3.9,708,NE05. Amyotrophic Lateral Sclerosis (ALS),16958,Amyotrophic lateral sclerosis 
1.3.9,708,NE05. Amyotrophic Lateral Sclerosis (ALS),16959,Progressive pseudobulbar palsy 
1.3.9,708,NE05. Amyotrophic Lateral Sclerosis (ALS),16960,Progressive muscular atrophy 
1.3.9,708,NE05. Amyotrophic Lateral Sclerosis (ALS),16961,Primary lateral sclerosis 
1.3.9,708,NE05. Amyotrophic Lateral Sclerosis (ALS),16963,Monomelic amyotrophy 
1.3.9,708,NE05. Amyotrophic Lateral Sclerosis (ALS),16964,Madras type motor neuron disease 
1.3.9,708,NE05. Amyotrophic Lateral Sclerosis (ALS),16965,Other specified motor neuron disease 
1.3.9,708,NE05. Amyotrophic Lateral Sclerosis (ALS),16966,Motor neuron disease unspecified 
1.3.9,708,NE05. Amyotrophic Lateral Sclerosis (ALS),16967,Spinal muscular atrophy 
1.3.9,708,NE05. Amyotrophic Lateral Sclerosis (ALS),16968,Infantile spinal muscular atrophy Type I 
1.3.9,708,NE05. Amyotrophic Lateral Sclerosis (ALS),16969,Late infantile spinal muscular atrophy Type II 
1.3.9,708,NE05. Amyotrophic Lateral Sclerosis (ALS),16970,Juvenile form spinal muscular dystrophy Type III 
1.3.9,708,NE05. Amyotrophic Lateral Sclerosis (ALS),16971,Adult onset spinal muscular atrophy Type IV 
1.3.9,708,NE05. Amyotrophic Lateral Sclerosis (ALS),16972,Localised spinal muscular atrophy 
1.3.9,708,NE05. Amyotrophic Lateral Sclerosis (ALS),16973,Other specified spinal muscular atrophy 
1.3.9,708,NE05. Amyotrophic Lateral Sclerosis (ALS),16974,Spinal muscular atrophy unspecified 
1.3.9,708,NE05. Amyotrophic Lateral Sclerosis (ALS),16975,Post polio progressive muscular atrophy 
1.3.9,708,NE05. Amyotrophic Lateral Sclerosis (ALS),16976,Other specified motor neuron diseases or related disorders 
1.3.9,708,NE05. Amyotrophic Lateral Sclerosis (ALS),16977,Motor neuron diseases or related disorders unspecified 
1.3.9,708,NE05. Amyotrophic Lateral Sclerosis (ALS),16900,Progressive bulbar palsy 
1.3.9,708,NE05. Amyotrophic Lateral Sclerosis (ALS),16961,Primary lateral sclerosis 
1.3.9,708,NE05. Amyotrophic Lateral Sclerosis (ALS),2907,Spinal muscular atrophy and related syndromes
1.3.9,708,NE05. Amyotrophic Lateral Sclerosis (ALS),2908,"Infantile spinal muscular atrophy, type I [Werdnig-Hoffman]"
1.3.9,708,NE05. Amyotrophic Lateral Sclerosis (ALS),2909,Other inherited spinal muscular atrophy
1.3.9,708,NE05. Amyotrophic Lateral Sclerosis (ALS),2912,"Spinal muscular atrophy, unspecified"
1.3.9,709,NE06. Speech disorders due to Head Injuries (penetrating or closed),2795,"Developmental disorder of speech and language, unspecified"
1.3.9,709,NE06. Speech disorders due to Head Injuries (penetrating or closed),2790,Specific speech articulation disorder
1.3.9,709,NE06. Speech disorders due to Head Injuries (penetrating or closed),2791,Expressive language disorder
1.3.9,709,NE06. Speech disorders due to Head Injuries (penetrating or closed),2792,Receptive language disorder
1.3.9,710,NE07. Persons in Coma / Emergency Care,8168,"Coma, unspecified"
1.3.9,710,NE07. Persons in Coma / Emergency Care,17312,Other specified minimally conscious state 
1.3.9,710,NE07. Persons in Coma / Emergency Care,17313,Minimally conscious state unspecified 
1.3.9,710,NE07. Persons in Coma / Emergency Care,17314,Other specified disorders of consciousness 
1.3.9,710,NE07. Persons in Coma / Emergency Care,17315,Disorders of consciousness unspecified 
1.3.9,710,NE07. Persons in Coma / Emergency Care,17307,Persistent vegetative state 
1.3.9,710,NE07. Persons in Coma / Emergency Care,17308,Permanent vegetative state 
1.3.9,710,NE07. Persons in Coma / Emergency Care,17309,Minimally conscious state 
1.3.9,710,NE07. Persons in Coma / Emergency Care,17310,Minimally conscious state plus 
1.3.9,710,NE07. Persons in Coma / Emergency Care,17311,Minimally conscious state minus 
1.3.9,710,NE07. Persons in Coma / Emergency Care,8165,"Somnolence, stupor and coma"
1.3.9,712,NE09. Down Syndrome (DS),7964,"Down syndrome, unspecified"
1.3.9,712,NE09. Down Syndrome (DS),7960,Down syndrome
1.3.9,712,NE09. Down Syndrome (DS),13317,Myeloid proliferation associated with Down syndrome 
1.3.9,712,NE09. Down Syndrome (DS),13319,Myeloid leukaemia associated with Down syndrome 
1.3.9,712,NE09. Down Syndrome (DS),13320,Other specified myeloid proliferation associated with Down syndrome 
1.3.9,712,NE09. Down Syndrome (DS),13321,Myeloid proliferation associated with Down syndrome unspecified 
1.3.9,712,NE09. Down Syndrome (DS),16394,Dementia due to Down syndrome 
1.3.9,712,NE09. Down Syndrome (DS),36946,Myeloid leukaemia associated with Down Syndrome 
1.3.9,714,NE11. Child abuse and neglect,11831,Problems related to alleged physical abuse of child
1.3.9,714,NE11. Child abuse and neglect,11840,Emotional neglect of child
1.3.9,714,NE11. Child abuse and neglect,11830,Problems related to alleged sexual abuse of child by person outside primary support group
1.3.9,714,NE11. Child abuse and neglect,11829,Problems related to alleged sexual abuse of child by person within primary support group
1.3.9,714,NE11. Child abuse and neglect,11830,Problems related to alleged sexual abuse of child by person outside primary support group
1.3.9,714,NE11. Child abuse and neglect,11831,Problems related to alleged physical abuse of child
1.3.9,714,NE11. Child abuse and neglect,11839,Hostility towards and scapegoating of child
1.3.9,714,NE11. Child abuse and neglect,28096,Physical maltreatment 
1.3.9,714,NE11. Child abuse and neglect,28097,Sexual maltreatment 
1.3.9,714,NE11. Child abuse and neglect,28098,Psychological maltreatment 
1.3.9,714,NE11. Child abuse and neglect,28099,Other specified maltreatment 
1.3.9,714,NE11. Child abuse and neglect,28100,Maltreatment unspecified 
1.3.9,715,NE12. Attention Deficit Hyperactivity disorder (ADHD),2819,Other hyperkinetic disorders
1.3.9,715,NE12. Attention Deficit Hyperactivity disorder (ADHD),2820,"Hyperkinetic disorder, unspecified"
1.3.9,715,NE12. Attention Deficit Hyperactivity disorder (ADHD),2818,Hyperkinetic conduct disorder
1.3.9,715,NE12. Attention Deficit Hyperactivity disorder (ADHD),2817,Disturbance of activity and attention
1.3.9,715,NE12. Attention Deficit Hyperactivity disorder (ADHD),2816,Hyperkinetic disorders
1.3.9,715,NE12. Attention Deficit Hyperactivity disorder (ADHD),15616,Attention deficit hyperactivity disorder 
1.3.9,715,NE12. Attention Deficit Hyperactivity disorder (ADHD),15617,Attention deficit hyperactivity disorder predominantly inattentive presentation 
1.3.9,715,NE12. Attention Deficit Hyperactivity disorder (ADHD),15618,Attention deficit hyperactivity disorder predominantly hyperactive-impulsive presentation 
1.3.9,715,NE12. Attention Deficit Hyperactivity disorder (ADHD),15619,Attention deficit hyperactivity disorder combined presentation 
1.3.9,715,NE12. Attention Deficit Hyperactivity disorder (ADHD),15620,Attention deficit hyperactivity disorder other specified presentation 
1.3.9,715,NE12. Attention Deficit Hyperactivity disorder (ADHD),15621,Attention deficit hyperactivity disorder presentation unspecified 
1.3.9,716,NE13. Learning Disability,2801,Other developmental disorders of scholastic skills
1.3.9,716,NE13. Learning Disability,2802,"Developmental disorder of scholastic skills, unspecified"
1.3.9,716,NE13. Learning Disability,2800,Mixed disorder of scholastic skills
1.3.9,716,NE13. Learning Disability,2799,Specific disorder of arithmetical skills
1.3.9,716,NE13. Learning Disability,2798,Specific spelling disorder
1.3.9,716,NE13. Learning Disability,2797,Specific reading disorder
1.3.9,716,NE13. Learning Disability,15584,Disorder of intellectual development mild 
1.3.9,716,NE13. Learning Disability,15585,Disorder of intellectual development moderate 
1.3.9,716,NE13. Learning Disability,15586,Disorder of intellectual development severe 
1.3.9,716,NE13. Learning Disability,15587,Disorder of intellectual development profound 
1.3.9,716,NE13. Learning Disability,15588,Disorder of intellectual development provisional 
1.3.9,716,NE13. Learning Disability,15601,Autism spectrum disorder without disorder of intellectual development and with mild or no impairment of functional language 
1.3.9,716,NE13. Learning Disability,15602,Autism spectrum disorder with disorder of intellectual development and with mild or no impairment of functional language 
1.3.9,716,NE13. Learning Disability,15603,Autism spectrum disorder without disorder of intellectual development and with impaired functional language 
1.3.9,716,NE13. Learning Disability,15604,Autism spectrum disorder with disorder of intellectual development and with impaired functional language 
1.3.9,716,NE13. Learning Disability,15605,Autism spectrum disorder with disorder of intellectual development and with absence of functional language 
1.3.9,716,NE13. Learning Disability,15608,Developmental learning disorder 
1.3.9,716,NE13. Learning Disability,15609,Developmental learning disorder with impairment in reading 
1.3.9,716,NE13. Learning Disability,15611,Developmental learning disorder with impairment in written expression 
1.3.9,716,NE13. Learning Disability,15612,Developmental learning disorder with impairment in mathematics 
1.3.9,716,NE13. Learning Disability,15613,Developmental learning disorder with other specified impairment of learning 
1.3.9,716,NE13. Learning Disability,15614,Developmental learning disorder unspecified 
1.3.9,717,NE14. Conduct disorders,2818,Hyperkinetic conduct disorder
1.3.9,717,NE14. Conduct disorders,2821,Conduct disorders
1.3.9,717,NE14. Conduct disorders,2827,"Conduct disorder, unspecified"
1.3.9,717,NE14. Conduct disorders,2829,Depressive conduct disorder
1.3.9,717,NE14. Conduct disorders,2823,Unsocialized conduct disorder
1.3.9,717,NE14. Conduct disorders,2824,Socialized conduct disorder
1.3.9,717,NE14. Conduct disorders,2826,Other conduct disorders
1.3.9,717,NE14. Conduct disorders,2822,Conduct disorder confined to the family context
1.3.9,717,NE14. Conduct disorders,16320,Conduct-dissocial disorder 
1.3.9,717,NE14. Conduct disorders,16321,Conduct-dissocial disorder childhood onset 
1.3.9,717,NE14. Conduct disorders,16322,Conduct-dissocial disorder childhood onset with limited prosocial emotions 
1.3.9,717,NE14. Conduct disorders,16323,Conduct-dissocial disorder childhood onset with typical prosocial emotions 
1.3.9,717,NE14. Conduct disorders,16324,Conduct-dissocial disorder childhood onset unspecified 
1.3.9,717,NE14. Conduct disorders,16325,Conduct-dissocial disorder adolescent onset 
1.3.9,717,NE14. Conduct disorders,16326,Conduct-dissocial disorder adolescent onset with limited prosocial emotions 
1.3.9,717,NE14. Conduct disorders,16327,Conduct-dissocial disorder adolescent onset with typical prosocial emotions 
1.3.9,717,NE14. Conduct disorders,16328,Other specified conduct-dissocial disorder adolescent onset 
1.3.9,717,NE14. Conduct disorders,16329,Conduct-dissocial disorder unspecified 
1.3.9,717,NE14. Conduct disorders,2825,Oppositional defiant disorder
1.3.9,717,NE14. Conduct disorders,16310,Oppositional defiant disorder 
1.3.9,717,NE14. Conduct disorders,16311,Oppositional defiant disorder with chronic irritability-anger 
1.3.9,717,NE14. Conduct disorders,16312,Oppositional defiant disorder with chronic irritability-anger with limited prosocial emotions 
1.3.9,717,NE14. Conduct disorders,16313,Oppositional defiant disorder with chronic irritability-anger with typical prosocial emotions 
1.3.9,717,NE14. Conduct disorders,16314,Oppositional defiant disorder with chronic irritability-anger unspecified 
1.3.9,717,NE14. Conduct disorders,16315,Oppositional defiant disorder without chronic irritability-anger 
1.3.9,717,NE14. Conduct disorders,16316,Oppositional defiant disorder without chronic irritability-anger with limited prosocial emotions 
1.3.9,717,NE14. Conduct disorders,16317,Oppositional defiant disorder without chronic irritability-anger with typical prosocial emotions 
1.3.9,717,NE14. Conduct disorders,16318,Oppositional defiant disorder without chronic irritability-anger unspecified 
1.3.9,717,NE14. Conduct disorders,16319,Oppositional defiant disorder unspecified 
1.3.9,717,NE14. Conduct disorders,2818,Hyperkinetic conduct disorder
1.3.9,717,NE14. Conduct disorders,2821,Conduct disorders
1.3.9,717,NE14. Conduct disorders,2822,Conduct disorder confined to the family context
1.3.9,717,NE14. Conduct disorders,2823,Unsocialized conduct disorder
1.3.9,717,NE14. Conduct disorders,2824,Socialized conduct disorder
1.3.9,717,NE14. Conduct disorders,2826,Other conduct disorders
1.3.9,717,NE14. Conduct disorders,2827,"Conduct disorder, unspecified"
1.3.9,717,NE14. Conduct disorders,2829,Depressive conduct disorder
1.3.9,718,"NE15. Eating disorders (anorexia, Bulimia, other feeding)",8261,Anorexia
1.3.9,718,"NE15. Eating disorders (anorexia, Bulimia, other feeding)",2679,"Eating disorder, unspecified"
1.3.9,718,"NE15. Eating disorders (anorexia, Bulimia, other feeding)",2674,Bulimia nervosa
1.3.9,718,"NE15. Eating disorders (anorexia, Bulimia, other feeding)",2678,Other eating disorders
1.3.9,718,"NE15. Eating disorders (anorexia, Bulimia, other feeding)",2671,Eating disorders
1.3.9,718,"NE15. Eating disorders (anorexia, Bulimia, other feeding)",2854,Feeding disorder of infancy and childhood
1.3.9,718,"NE15. Eating disorders (anorexia, Bulimia, other feeding)",2672,Anorexia nervosa
1.3.9,718,"NE15. Eating disorders (anorexia, Bulimia, other feeding)",2673,Atypical anorexia nervosa
1.3.9,718,"NE15. Eating disorders (anorexia, Bulimia, other feeding)",15841,Anorexia Nervosa 
1.3.9,718,"NE15. Eating disorders (anorexia, Bulimia, other feeding)",15842,Anorexia Nervosa with significantly low body weight 
1.3.9,718,"NE15. Eating disorders (anorexia, Bulimia, other feeding)",15843,Anorexia Nervosa with significantly low body weight restricting pattern 
1.3.9,718,"NE15. Eating disorders (anorexia, Bulimia, other feeding)",15844,Anorexia Nervosa with significantly low body weight binge-purge pattern 
1.3.9,718,"NE15. Eating disorders (anorexia, Bulimia, other feeding)",15845,Anorexia Nervosa with significantly low body weight unspecified 
1.3.9,718,"NE15. Eating disorders (anorexia, Bulimia, other feeding)",15846,Anorexia Nervosa with dangerously low body weight 
1.3.9,718,"NE15. Eating disorders (anorexia, Bulimia, other feeding)",15847,Anorexia Nervosa with dangerously low body weight restricting pattern 
1.3.9,718,"NE15. Eating disorders (anorexia, Bulimia, other feeding)",15848,Anorexia Nervosa with dangerously low body weight binge-purge pattern 
1.3.9,718,"NE15. Eating disorders (anorexia, Bulimia, other feeding)",15849,Anorexia Nervosa with dangerously low body weight unspecified 
1.3.9,718,"NE15. Eating disorders (anorexia, Bulimia, other feeding)",15850,Anorexia Nervosa in recovery with normal body weight 
1.3.9,718,"NE15. Eating disorders (anorexia, Bulimia, other feeding)",15851,Other specified anorexia Nervosa 
1.3.9,718,"NE15. Eating disorders (anorexia, Bulimia, other feeding)",15852,Anorexia Nervosa unspecified 
1.3.9,718,"NE15. Eating disorders (anorexia, Bulimia, other feeding)",2674,Bulimia nervosa
1.3.9,718,"NE15. Eating disorders (anorexia, Bulimia, other feeding)",2675,Atypical bulimia nervosa
1.3.9,718,"NE15. Eating disorders (anorexia, Bulimia, other feeding)",15853,Bulimia Nervosa 
1.3.9,718,"NE15. Eating disorders (anorexia, Bulimia, other feeding)",15854,Binge eating disorder 
1.3.9,718,"NE15. Eating disorders (anorexia, Bulimia, other feeding)",15855,Avoidant-restrictive food intake disorder 
1.3.9,718,"NE15. Eating disorders (anorexia, Bulimia, other feeding)",15856,Pica 
1.3.9,718,"NE15. Eating disorders (anorexia, Bulimia, other feeding)",15857,Rumination-regurgitation disorder 
1.3.9,718,"NE15. Eating disorders (anorexia, Bulimia, other feeding)",15858,Other specified feeding or eating disorders 
1.3.9,718,"NE15. Eating disorders (anorexia, Bulimia, other feeding)",15859,Feeding or eating disorders unspecified 
1.3.9,718,"NE15. Eating disorders (anorexia, Bulimia, other feeding)",15855,Avoidant-restrictive food intake disorder 
1.3.9,719,NE16. Somatoform disorders,2663,Persistent somatoform pain disorder
1.3.9,719,NE16. Somatoform disorders,2658,Somatoform disorders
1.3.9,719,NE16. Somatoform disorders,2660,Undifferentiated somatoform disorder
1.3.9,719,NE16. Somatoform disorders,2664,Other somatoform disorders
1.3.9,719,NE16. Somatoform disorders,2662,Somatoform autonomic dysfunction
1.3.9,719,NE16. Somatoform disorders,2665,"Somatoform disorder, unspecified"
1.3.9,719,NE16. Somatoform disorders,15870,Bodily distress disorder 
1.3.9,719,NE16. Somatoform disorders,15871,Mild bodily distress disorder 
1.3.9,719,NE16. Somatoform disorders,15872,Moderate bodily distress disorder 
1.3.9,719,NE16. Somatoform disorders,15873,Severe bodily distress disorder 
1.3.9,719,NE16. Somatoform disorders,15874,Bodily distress disorder unspecified 
1.3.9,719,NE16. Somatoform disorders,15786,Hypochondriasis 
1.3.9,719,NE16. Somatoform disorders,15787,Hypochondriasis with fair to good insight 
1.3.9,719,NE16. Somatoform disorders,15788,Hypochondriasis with poor to absent insight 
1.3.9,719,NE16. Somatoform disorders,15789,Hypochondriasis unspecified 
1.3.9,719,NE16. Somatoform disorders,15814,Dissociative neurological symptom disorder with non-epileptic seizures 
1.3.9,719,NE16. Somatoform disorders,15810,Dissociative neurological symptom disorder with visual disturbance 
1.3.9,719,NE16. Somatoform disorders,15811,Dissociative neurological symptom disorder with auditory disturbance 
1.3.9,719,NE16. Somatoform disorders,15812,Dissociative neurological symptom disorder with vertigo or dizziness 
1.3.9,719,NE16. Somatoform disorders,15813,Dissociative neurological symptom disorder with other sensory disturbance 
1.3.9,719,NE16. Somatoform disorders,15814,Dissociative neurological symptom disorder with non-epileptic seizures 
1.3.9,719,NE16. Somatoform disorders,15815,Dissociative neurological symptom disorder with speech disturbance 
1.3.9,719,NE16. Somatoform disorders,15816,Dissociative neurological symptom disorder with paresis or weakness 
1.3.9,719,NE16. Somatoform disorders,15817,Dissociative neurological symptom disorder with gait disturbance 
1.3.9,719,NE16. Somatoform disorders,15818,Dissociative neurological symptom disorder with movement disturbance 
1.3.9,719,NE16. Somatoform disorders,15819,Dissociative neurological symptom disorder with chorea 
1.3.9,719,NE16. Somatoform disorders,15820,Dissociative neurological symptom disorder with myoclonus 
1.3.9,719,NE16. Somatoform disorders,15821,Dissociative neurological symptom disorder with tremor 
1.3.9,719,NE16. Somatoform disorders,15822,Dissociative neurological symptom disorder with dystonia 
1.3.9,719,NE16. Somatoform disorders,15823,Dissociative neurological symptom disorder with facial spasm 
1.3.9,719,NE16. Somatoform disorders,15824,Dissociative neurological symptom disorder with Parkinsonism 
1.3.9,719,NE16. Somatoform disorders,15825,Dissociative neurological symptom disorder with other specified movement disturbance 
1.3.9,719,NE16. Somatoform disorders,15826,Dissociative neurological symptom disorder with unspecified movement disturbance 
1.3.9,719,NE16. Somatoform disorders,15827,Dissociative neurological symptom disorder with cognitive symptoms 
1.3.9,719,NE16. Somatoform disorders,15828,Dissociative neurological symptom disorder with other specified symptoms 
1.3.9,719,NE16. Somatoform disorders,15829,Dissociative neurological symptom disorder with unspecified symptoms 
1.3.9,719,NE16. Somatoform disorders,2648,Dissociative amnesia
1.3.9,719,NE16. Somatoform disorders,15830,Dissociative amnesia 
1.3.9,719,NE16. Somatoform disorders,15831,Dissociative amnesia with dissociative fugue 
1.3.9,719,NE16. Somatoform disorders,15832,Dissociative amnesia without dissociative fugue 
1.3.9,719,NE16. Somatoform disorders,15833,Dissociative amnesia unspecified 
1.3.9,719,NE16. Somatoform disorders,2649,Dissociative fugue
1.3.9,719,NE16. Somatoform disorders,15831,Dissociative amnesia with dissociative fugue 
1.3.9,719,NE16. Somatoform disorders,15832,Dissociative amnesia without dissociative fugue 
1.3.9,719,NE16. Somatoform disorders,2651,Trance and possession disorders
1.3.9,720,NE17. Sleeping Disorders,2684,Sleepwalking [somnambulism]
1.3.9,720,NE17. Sleeping Disorders,3039,Other sleep disorders
1.3.9,720,NE17. Sleeping Disorders,3040,"Sleep disorder, unspecified"
1.3.9,720,NE17. Sleeping Disorders,2681,Nonorganic insomnia
1.3.9,720,NE17. Sleeping Disorders,2682,Nonorganic hypersomnia
1.3.9,720,NE17. Sleeping Disorders,2686,Nightmares
1.3.9,720,NE17. Sleeping Disorders,3034,Disorders of initiating and maintaining sleep [insomnias]
1.3.9,720,NE17. Sleeping Disorders,3035,Disorders of excessive somnolence [hypersomnias]
1.3.9,720,NE17. Sleeping Disorders,3036,Disorders of the sleep-wake schedule
1.3.9,720,NE17. Sleeping Disorders,3037,Sleep apnoea
1.3.9,720,NE17. Sleeping Disorders,3038,Narcolepsy and cataplexy
1.3.9,720,NE17. Sleeping Disorders,16446,Chronic insomnia 
1.3.9,720,NE17. Sleeping Disorders,16447,Short-term insomnia 
1.3.9,720,NE17. Sleeping Disorders,16448,Insomnia disorders unspecified 
1.3.9,720,NE17. Sleeping Disorders,16449,Narcolepsy 
1.3.9,720,NE17. Sleeping Disorders,16450,Narcolepsy Type 1 
1.3.9,720,NE17. Sleeping Disorders,16451,Narcolepsy Type 2 
1.3.9,720,NE17. Sleeping Disorders,16452,Narcolepsy unspecified 
1.3.9,720,NE17. Sleeping Disorders,16453,Idiopathic hypersomnia 
1.3.9,720,NE17. Sleeping Disorders,16454,Kleine-Levin syndrome 
1.3.9,720,NE17. Sleeping Disorders,16455,Hypersomnia due to a medical condition 
1.3.9,720,NE17. Sleeping Disorders,16456,Hypersomnia due to a medication or substance 
1.3.9,720,NE17. Sleeping Disorders,16457,Hypersomnia associated with a mental disorder 
1.3.9,720,NE17. Sleeping Disorders,16458,Insufficient sleep syndrome 
1.3.9,720,NE17. Sleeping Disorders,16459,Other specified hypersomnolence disorders 
1.3.9,720,NE17. Sleeping Disorders,16460,Hypersomnolence disorders unspecified 
1.3.9,720,NE17. Sleeping Disorders,16461,Central sleep apnoeas 
1.3.9,720,NE17. Sleeping Disorders,16462,Primary central sleep apnoea 
1.3.9,720,NE17. Sleeping Disorders,16463,Primary central sleep apnoea of infancy 
1.3.9,720,NE17. Sleeping Disorders,16464,Primary central sleep apnoea of prematurity 
1.3.9,720,NE17. Sleeping Disorders,16465,Central sleep apnoea due to a medical condition with Cheyne-Stokes breathing 
1.3.9,720,NE17. Sleeping Disorders,16466,Central sleep apnoea due to a medical condition without Cheyne-Stokes breathing 
1.3.9,720,NE17. Sleeping Disorders,16467,Central sleep apnoea due to high-altitude periodic breathing 
1.3.9,720,NE17. Sleeping Disorders,16468,Central sleep apnoea due to a medication or substance 
1.3.9,720,NE17. Sleeping Disorders,16469,Treatment-emergent central sleep apnoea 
1.3.9,720,NE17. Sleeping Disorders,16470,Other specified central sleep apnoeas 
1.3.9,720,NE17. Sleeping Disorders,16471,Central sleep apnoeas unspecified 
1.3.9,720,NE17. Sleeping Disorders,16472,Obstructive sleep apnoea 
1.3.9,720,NE17. Sleeping Disorders,16473,Sleep-related hypoventilation or hypoxemia disorders 
1.3.9,720,NE17. Sleeping Disorders,16474,Obesity hypoventilation syndrome 
1.3.9,720,NE17. Sleeping Disorders,16475,Congenital central alveolar sleep-related hypoventilation 
1.3.9,720,NE17. Sleeping Disorders,16476,Non-congenital central hypoventilation with hypothalamic abnormalities 
1.3.9,720,NE17. Sleeping Disorders,16477,Idiopathic central alveolar hypoventilation 
1.3.9,720,NE17. Sleeping Disorders,16478,Sleep-related hypoventilation due to a medication or substance 
1.3.9,720,NE17. Sleeping Disorders,16479,Sleep-related hypoventilation due to medical condition 
1.3.9,720,NE17. Sleeping Disorders,16480,Sleep-related hypoxemia due to a medical condition 
1.3.9,720,NE17. Sleeping Disorders,16481,Other specified sleep-related hypoventilation or hypoxemia disorders 
1.3.9,720,NE17. Sleeping Disorders,16482,Sleep-related hypoventilation or hypoxemia disorders unspecified 
1.3.9,720,NE17. Sleeping Disorders,16483,Other specified sleep-related breathing disorders 
1.3.9,720,NE17. Sleeping Disorders,16484,Sleep-related breathing disorders unspecified 
1.3.9,720,NE17. Sleeping Disorders,16485,Delayed sleep-wake phase disorder 
1.3.9,720,NE17. Sleeping Disorders,16486,Advanced sleep-wake phase disorder 
1.3.9,720,NE17. Sleeping Disorders,16487,Irregular sleep-wake rhythm disorder 
1.3.9,720,NE17. Sleeping Disorders,16488,Non-24 hour sleep-wake rhythm disorder 
1.3.9,720,NE17. Sleeping Disorders,16489,Circadian rhythm sleep-wake disorder shift work type 
1.3.9,720,NE17. Sleeping Disorders,16490,Circadian rhythm sleep-wake disorder jet lag type 
1.3.9,720,NE17. Sleeping Disorders,16491,Circadian rhythm sleep-wake disorders unspecified 
1.3.9,720,NE17. Sleeping Disorders,16492,Restless legs syndrome 
1.3.9,720,NE17. Sleeping Disorders,16493,Periodic limb movement disorder 
1.3.9,720,NE17. Sleeping Disorders,16494,Sleep-related leg cramps 
1.3.9,720,NE17. Sleeping Disorders,16495,Sleep-related bruxism 
1.3.9,720,NE17. Sleeping Disorders,16496,Sleep-related rhythmic movement disorder 
1.3.9,720,NE17. Sleeping Disorders,16497,Benign sleep myoclonus of infancy 
1.3.9,720,NE17. Sleeping Disorders,16498,Propriospinal myoclonus at sleep onset 
1.3.9,720,NE17. Sleeping Disorders,16499,Sleep-related movement disorder due to a medical condition 
1.3.9,720,NE17. Sleeping Disorders,16501,Sleep-related movement disorder due to a medication or substance 
1.3.9,720,NE17. Sleeping Disorders,16502,Other specified sleep-related movement disorders 
1.3.9,720,NE17. Sleeping Disorders,16503,Sleep-related movement disorders unspecified 
1.3.9,720,NE17. Sleeping Disorders,16504,Disorders of arousal from non-REM sleep 
1.3.9,720,NE17. Sleeping Disorders,16505,Confusional arousals 
1.3.9,720,NE17. Sleeping Disorders,16506,Sleepwalking disorder 
1.3.9,720,NE17. Sleeping Disorders,16507,Sleep terrors 
1.3.9,720,NE17. Sleeping Disorders,16508,Sleep-related eating disorder 
1.3.9,720,NE17. Sleeping Disorders,16509,Other specified disorders of arousal from non-REM sleep 
1.3.9,720,NE17. Sleeping Disorders,16510,Disorders of arousal from non-REM sleep unspecified 
1.3.9,720,NE17. Sleeping Disorders,16511,Parasomnias related to REM sleep 
1.3.9,720,NE17. Sleeping Disorders,16512,REM sleep behaviour disorder 
1.3.9,720,NE17. Sleeping Disorders,16513,Recurrent isolated sleep paralysis 
1.3.9,720,NE17. Sleeping Disorders,16514,Nightmare disorder 
1.3.9,720,NE17. Sleeping Disorders,16515,Other specified parasomnias related to REM sleep 
1.3.9,720,NE17. Sleeping Disorders,16516,Parasomnias related to REM sleep unspecified 
1.3.9,720,NE17. Sleeping Disorders,16517,Other parasomnias 
1.3.9,720,NE17. Sleeping Disorders,16518,Hypnagogic exploding head syndrome 
1.3.9,720,NE17. Sleeping Disorders,16519,Sleep-related hallucinations 
1.3.9,720,NE17. Sleeping Disorders,16520,Parasomnia disorder due to a medical condition 
1.3.9,720,NE17. Sleeping Disorders,16521,Parasomnia disorder due to a medication or substance 
1.3.9,720,NE17. Sleeping Disorders,16522,Other specified parasomnia disorders 
1.3.9,720,NE17. Sleeping Disorders,16523,Parasomnia disorders unspecified 
1.3.9,720,NE17. Sleeping Disorders,16524,Other specified sleep-wake disorders 
1.3.9,720,NE17. Sleeping Disorders,16525,Sleep-wake disorders unspecified 
1.3.9,720,NE17. Sleeping Disorders,24747,Sleeptalking 
1.3.9,720,NE17. Sleeping Disorders,2680,Nonorganic sleep disorders
1.3.9,720,NE17. Sleeping Disorders,2683,Nonorganic disorder of the sleep-wake schedule
1.3.9,720,NE17. Sleeping Disorders,2684,Sleepwalking [somnambulism]
1.3.9,720,NE17. Sleeping Disorders,2685,Sleep terrors [night terrors]
1.3.9,720,NE17. Sleeping Disorders,2687,Other nonorganic sleep disorders
1.3.9,720,NE17. Sleeping Disorders,2688,"Nonorganic sleep disorder, unspecified"
1.3.9,720,NE17. Sleeping Disorders,3033,Sleep disorders
1.3.9,720,NE17. Sleeping Disorders,3034,Disorders of initiating and maintaining sleep [insomnias]
1.3.9,720,NE17. Sleeping Disorders,3036,Disorders of the sleep-wake schedule
1.3.9,720,NE17. Sleeping Disorders,3037,Sleep apnoea
1.3.9,720,NE17. Sleeping Disorders,3039,Other sleep disorders
1.3.9,720,NE17. Sleeping Disorders,3040,"Sleep disorder, unspecified"
1.3.9,720,NE17. Sleeping Disorders,7111,Primary sleep apnoea of newborn
1.3.9,720,NE17. Sleeping Disorders,12043,Personal history of unhealthy sleep-wake schedule
1.3.9,720,NE18. Enuresis / Encopresis,2853,Nonorganic encopresis
1.3.9,720,NE18. Enuresis / Encopresis,2852,Nonorganic enuresis
1.3.9,720,NE18. Enuresis / Encopresis,15860,Enuresis 
1.3.9,720,NE18. Enuresis / Encopresis,15861,Nocturnal enuresis 
1.3.9,720,NE18. Enuresis / Encopresis,15862,Diurnal enuresis 
1.3.9,720,NE18. Enuresis / Encopresis,15863,Nocturnal and diurnal enuresis 
1.3.9,720,NE18. Enuresis / Encopresis,15864,Enuresis unspecified 
1.3.9,720,NE18. Enuresis / Encopresis,29370,Enuresis disorder (TM1) 
1.3.9,720,NE18. Enuresis / Encopresis,15865,Encopresis 
1.3.9,720,NE18. Enuresis / Encopresis,15866,Encopresis with constipation or overflow incontinence 
1.3.9,720,NE18. Enuresis / Encopresis,15867,Encopresis without constipation or overflow incontinence 
1.3.9,720,NE18. Enuresis / Encopresis,15868,Encopresis unspecified 
1.3.9,720,NE18. Enuresis / Encopresis,15869,Elimination disorders unspecified 
1.3.9,720,NE19. Other childhood mental Disorders,2820,"Hyperkinetic disorder, unspecified"
1.3.9,720,NE19. Other childhood mental Disorders,2816,Hyperkinetic disorders
1.3.9,720,NE19. Other childhood mental Disorders,2819,Other hyperkinetic disorders
1.3.9,720,NE19. Other childhood mental Disorders,15600,Autism spectrum disorder 
1.3.9,720,NE19. Other childhood mental Disorders,15601,Autism spectrum disorder without disorder of intellectual development and with mild or no impairment of functional language 
1.3.9,720,NE19. Other childhood mental Disorders,15602,Autism spectrum disorder with disorder of intellectual development and with mild or no impairment of functional language 
1.3.9,720,NE19. Other childhood mental Disorders,15603,Autism spectrum disorder without disorder of intellectual development and with impaired functional language 
1.3.9,720,NE19. Other childhood mental Disorders,15604,Autism spectrum disorder with disorder of intellectual development and with impaired functional language 
1.3.9,720,NE19. Other childhood mental Disorders,15605,Autism spectrum disorder with disorder of intellectual development and with absence of functional language 
1.3.9,720,NE19. Other childhood mental Disorders,15606,Other specified autism spectrum disorder 
1.3.9,720,NE19. Other childhood mental Disorders,15607,Autism spectrum disorder unspecified 
1.3.9,720,NE19. Other childhood mental Disorders,15590,Developmental speech or language disorders 
1.3.9,720,NE19. Other childhood mental Disorders,15598,Other specified developmental speech or language disorders 
1.3.9,720,NE19. Other childhood mental Disorders,15599,Developmental speech or language disorders unspecified 
1.3.9,720,NE19. Other childhood mental Disorders,15615,Developmental motor coordination disorder 
1.3.9,720,NE19. Other childhood mental Disorders,2856,Stereotyped movement disorders
1.3.9,720,NE19. Other childhood mental Disorders,15622,Stereotyped movement disorder 
1.3.9,720,NE19. Other childhood mental Disorders,15623,Stereotyped movement disorder without self-injury 
1.3.9,720,NE19. Other childhood mental Disorders,15624,Stereotyped movement disorder with self-injury 
1.3.9,720,NE19. Other childhood mental Disorders,15625,Stereotyped movement disorder unspecified 
1.3.9,720,NE19. Other childhood mental Disorders,16615,Tic disorders 
1.3.9,720,NE19. Other childhood mental Disorders,16629,Tic disorders unspecified 
1.3.9,720,NE19. Other childhood mental Disorders,16616,Primary tics or tic disorders 
1.3.9,720,NE19. Other childhood mental Disorders,16621,Other specified primary tics or tic disorders 
1.3.9,720,NE19. Other childhood mental Disorders,16622,Primary tics or tic disorders unspecified 
1.3.9,720,NE19. Other childhood mental Disorders,16628,Other specified tic disorders 
1.3.9,720,NE19. Other childhood mental Disorders,2841,Reactive attachment disorder of childhood
1.3.9,720,NE19. Other childhood mental Disorders,15805,Reactive attachment disorder 
1.3.9,720,NE19. Other childhood mental Disorders,15806,Disinhibited social engagement disorder 
1.3.9,720,NE19. Other childhood mental Disorders,2833,Separation anxiety disorder of childhood
1.3.9,720,NE19. Other childhood mental Disorders,2834,Phobic anxiety disorder of childhood
1.3.9,720,NE19. Other childhood mental Disorders,2835,Social anxiety disorder of childhood
1.3.9,720,NE19. Other childhood mental Disorders,2836,Sibling rivalry disorder
1.3.9,720,NE19. Other childhood mental Disorders,2837,Other childhood emotional disorders
1.3.9,720,NE19. Other childhood mental Disorders,2838,"Childhood emotional disorder, unspecified"
1.3.9,723,NE20. Mental illness due other Medical / Surgical conditions,2579,Unspecified nonorganic psychosis
1.3.9,723,NE20. Mental illness due other Medical / Surgical conditions,16357,Delirium due to psychoactive substances including medications 
1.3.9,723,NE20. Mental illness due other Medical / Surgical conditions,16216,Delirium induced by other specified psychoactive substance including medications 
1.3.9,723,NE20. Mental illness due other Medical / Surgical conditions,16246,Delirium induced by multiple specified psychoactive substances including medications 
1.3.9,723,NE20. Mental illness due other Medical / Surgical conditions,15693,Catatonia induced by substances or medications 
1.3.9,723,NE20. Mental illness due other Medical / Surgical conditions,16426,Secondary psychotic syndrome with hallucinations 
1.3.9,723,NE20. Mental illness due other Medical / Surgical conditions,16427,Secondary psychotic syndrome with delusions 
1.3.9,723,NE20. Mental illness due other Medical / Surgical conditions,16428,Secondary psychotic syndrome with hallucinations and delusions 
1.3.9,723,NE20. Mental illness due other Medical / Surgical conditions,16429,Secondary psychotic syndrome with unspecified symptoms 
1.3.9,723,NE20. Mental illness due other Medical / Surgical conditions,16425,Secondary psychotic syndrome 
1.3.9,723,NE20. Mental illness due other Medical / Surgical conditions,2705,Psychological and behavioural factors associated with disorders or diseases classified elsewhere
1.3.9,723,NE20. Mental illness due other Medical / Surgical conditions,16413,Psychological or behavioural factors affecting disorders or diseases classified elsewhere 
1.3.13,749,OT01. Neuro-developmental Disorders,2814,Other disorders of psychological development
1.3.13,749,OT01. Neuro-developmental Disorders,15626,Other specified neurodevelopmental disorders
1.3.13,749,OT01. Neuro-developmental Disorders,15627,Neurodevelopmental disorders unspecified
1.3.13,749,OT01. Neuro-developmental Disorders,16444,Other specified mental behavioural or neurodevelopmental disorders
1.3.13,749,OT01. Neuro-developmental Disorders,16445,Mental behavioural or neurodevelopmental disorders unspecified
1.3.13,749,OT01. Neuro-developmental Disorders,,
1.3.13,750,OT02. Sensory Integration disorders,3030,Pure sensory lacunar syndrome
1.3.13,750,OT02. Sensory Integration disorders,3112,Hereditary motor and sensory neuropathy
1.3.13,750,OT02. Sensory Integration disorders,2654,Dissociative anaesthesia and sensory loss
1.3.13,750,OT02. Sensory Integration disorders,3023,Vascular syndromes of brain in cerebrovascular diseases
1.3.13,750,OT02. Sensory Integration disorders,3992,Other cerebrovascular diseases
1.3.13,750,OT02. Sensory Integration disorders,4001,Other specified cerebrovascular diseases
1.3.13,750,OT02. Sensory Integration disorders,4014,Sequelae of other and unspecified cerebrovascular diseases
1.3.13,750,OT02. Sensory Integration disorders,16884,Certain specified cerebrovascular diseases
1.3.13,750,OT02. Sensory Integration disorders,16907,Hereditary cerebrovascular diseases
1.3.13,750,OT02. Sensory Integration disorders,16910,Other specified hereditary cerebrovascular diseases
1.3.13,750,OT02. Sensory Integration disorders,16911,Hereditary cerebrovascular diseases unspecified
1.3.13,750,OT02. Sensory Integration disorders,16923,Vascular syndromes of brain in cerebrovascular diseases
1.3.13,750,OT02. Sensory Integration disorders,16934,Other specified vascular syndromes of brain in cerebrovascular diseases
1.3.13,750,OT02. Sensory Integration disorders,16935,Vascular syndromes of brain in cerebrovascular diseases unspecified
1.3.13,750,OT02. Sensory Integration disorders,16936,Cerebrovascular diseases unspecified
1.3.13,751,OT03. Adult Neurological Disorders,2757,Other specified disorders of adult personality and behaviour
1.3.13,751,OT03. Adult Neurological Disorders,2758,Unspecified disorder of adult personality and behaviour
1.3.13,751,OT03. Adult Neurological Disorders,2754,Other disorders of adult personality and behaviour
1.3.13,752,OT04. Burn Injuries,9362,"Burn of second degree, body region unspecified"
1.3.13,752,OT04. Burn Injuries,9332,Burn involving larynx and trachea with lung
1.3.13,752,OT04. Burn Injuries,9342,Burn of other parts of alimentary tract
1.3.13,752,OT04. Burn Injuries,9343,Burn of internal genitourinary organs
1.3.13,752,OT04. Burn Injuries,9344,Burn of other and unspecified internal organs
1.3.13,752,OT04. Burn Injuries,9359,"Burn and corrosion, body region unspecified"
1.3.13,752,OT04. Burn Injuries,9360,"Burn of unspecified body region, unspecified degree"
1.3.13,752,OT04. Burn Injuries,9361,"Burn of first degree, body region unspecified"
1.3.13,752,OT04. Burn Injuries,9363,"Burn of third degree, body region unspecified"
1.3.13,752,OT04. Burn Injuries,9880,Sequelae of burn and corrosion classifiable only according to extent of body surface involved
1.3.13,752,OT04. Burn Injuries,11900,Burn-out
1.3.13,752,OT04. Burn Injuries,5669,Calcification and ossification of muscles associated with burns
1.3.13,752,OT04. Burn Injuries,9350,Burns and corrosions of multiple body regions
1.3.13,752,OT04. Burn Injuries,9351,"Burns of multiple regions, unspecified degree"
1.3.13,752,OT04. Burn Injuries,9352,"Burns of multiple regions, no more than first-degree burns mentioned"
1.3.13,752,OT04. Burn Injuries,9353,"Burns of multiple regions, no more than second-degree burns mentioned"
1.3.13,752,OT04. Burn Injuries,9354,"Burns of multiple regions, at least one burn of third degree mentioned"
1.3.13,752,OT04. Burn Injuries,9368,Burns classified according to extent of body surface involved
1.3.13,752,OT04. Burn Injuries,9369,Burns involving less than 10% of body surface
1.3.13,752,OT04. Burn Injuries,9370,Burns involving 10-19% of body surface
1.3.13,752,OT04. Burn Injuries,9371,Burns involving 20-29% of body surface
1.3.13,752,OT04. Burn Injuries,9372,Burns involving 30-39% of body surface
1.3.13,752,OT04. Burn Injuries,9373,Burns involving 40-49% of body surface
1.3.13,752,OT04. Burn Injuries,9374,Burns involving 50-59% of body surface
1.3.13,752,OT04. Burn Injuries,9375,Burns involving 60-69% of body surface
1.3.13,752,OT04. Burn Injuries,9376,Burns involving 70-79% of body surface
1.3.13,752,OT04. Burn Injuries,9377,Burns involving 80-89% of body surface
1.3.13,752,OT04. Burn Injuries,9378,Burns involving 90% or more of body surface
1.3.13,752,OT04. Burn Injuries,9875,"Sequelae of burns, corrosions and frostbite"
1.3.13,752,OT04. Burn Injuries,27423,Burns of external body surface other specified site
1.3.13,752,OT04. Burn Injuries,27424,Burns of external body surface unspecified site
1.3.13,752,OT04. Burn Injuries,27428,Burns of unspecified internal organ
1.3.13,752,OT04. Burn Injuries,27429,Burns of multiple body regions
1.3.13,752,OT04. Burn Injuries,27431,Burns unspecified
1.3.13,752,OT04. Burn Injuries,37571,Burns involving 50-59% of body surface
1.3.13,752,OT04. Burn Injuries,37572,Burns involving 80-89% of body surface
1.3.13,752,OT04. Burn Injuries,37577,Burns involving 10-19% of body surface
1.3.13,752,OT04. Burn Injuries,37585,Burns involving 40-49% of body surface
1.3.13,752,OT04. Burn Injuries,37590,Burns involving 60-69% of body surface
1.3.13,752,OT04. Burn Injuries,37596,Burns involving less than 5% of body surface
1.3.13,752,OT04. Burn Injuries,37599,Burns involving less than 10% of body surface
1.3.13,752,OT04. Burn Injuries,37600,Burns involving 20-29% of body surface
1.3.13,752,OT04. Burn Injuries,37618,Burns involving 70-79% of body surface
1.3.13,752,OT04. Burn Injuries,37619,Burns involving 5-9% of body surface
1.3.13,752,OT04. Burn Injuries,37622,Burns involving 30-39% of body surface
1.3.13,752,OT04. Burn Injuries,37631,Burns involving 90% or more of body surface
1.3.13,753,OT05. Post-burn contractures,5706,Other contracture of tendon (sheath)
1.3.13,753,OT05. Post-burn contractures,5497,Contracture of joint
1.3.13,753,OT05. Post-burn contractures,5678,Contracture of muscle
1.3.13,754,OT06. Orthopaedic Conditions,11706,Other orthopaedic follow-up care
1.3.13,754,OT06. Orthopaedic Conditions,11708,Other specified orthopaedic follow-up care
1.3.13,754,OT06. Orthopaedic Conditions,11709,"Orthopaedic follow-up care, unspecified"
1.3.13,754,OT06. Orthopaedic Conditions,12095,Presence of orthopaedic joint implants
1.3.13,754,OT06. Orthopaedic Conditions,11703,Fitting and adjustment of orthopaedic device
1.3.13,755,OT07. Mental Health Conditions,2400,Vascular dementia
1.3.13,756,OT08. Birth Defects and Trauma,7059,Other specified birth injuries
1.3.13,756,OT08. Birth Defects and Trauma,7054,Sternomastoid injury due to birth injury
1.3.13,756,OT08. Birth Defects and Trauma,7060,"Birth injury, unspecified"
1.3.13,756,OT08. Birth Defects and Trauma,7056,Birth injury to face
1.3.13,757,OT09 Arthrogryposis,7839,Arthrogryposis multiplex congenita
1.3.13,757,OT09 Arthrogryposis,23968,Arthrogryposis syndromes
1.3.13,757,OT09 Arthrogryposis,23970,Arthrogryposis multiplex congenita
1.3.13,757,OT09 Arthrogryposis,23971,Other specified arthrogryposis syndromes
1.3.13,757,OT09 Arthrogryposis,23972,Arthrogryposis syndromes unspecified
1.3.13,758,OT10. HIV/AIDS,11963,Family history of human immunodeficiency virus [HIV] disease
1.3.13,758,OT10. HIV/AIDS,11886,Human immunodeficiency virus [HIV] counselling
1.3.13,758,OT10. HIV/AIDS,11523,Asymptomatic human immunodeficiency virus [HIV] infection status
1.3.13,758,OT10. HIV/AIDS,11519,Contact with and exposure to human immunodeficiency virus [HIV]
1.3.13,758,OT10. HIV/AIDS,561,HIV disease resulting in other specified conditions
1.3.13,758,OT10. HIV/AIDS,560,"HIV disease resulting in haematological and immunological abnormalities, not elsewhere classified"
1.3.13,758,OT10. HIV/AIDS,6932,"Human immunodeficiency virus [HIV] disease complicating pregnancy, childbirth and the puerperium"
1.3.13,758,OT11. Diabetes,533,Human immunodeficiency virus [HIV] disease resulting in infectious and parasitic diseases
1.3.13,758,OT11. Diabetes,534,HIV disease resulting in mycobacterial infection
1.3.13,758,OT11. Diabetes,535,HIV disease resulting in other bacterial infections
1.3.13,758,OT11. Diabetes,536,HIV disease resulting in cytomegaloviral disease
1.3.13,758,OT11. Diabetes,537,HIV disease resulting in other viral infections
1.3.13,758,OT11. Diabetes,538,HIV disease resulting in candidiasis
1.3.13,758,OT11. Diabetes,539,HIV disease resulting in other mycoses
1.3.13,758,OT11. Diabetes,541,HIV disease resulting in multiple infections
1.3.13,758,OT11. Diabetes,542,HIV disease resulting in other infectious and parasitic diseases
1.3.13,758,OT11. Diabetes,548,"HIV disease resulting in other malignant neoplasms of lymphoid, haematopoietic and related tissue"
1.3.13,758,OT11. Diabetes,557,Human immunodeficiency virus [HIV] disease resulting in other conditions
1.3.13,758,OT11. Diabetes,544,Human immunodeficiency virus [HIV] disease resulting in malignant neoplasms
1.3.13,758,OT11. Diabetes,545,HIV disease resulting in Kaposi sarcoma
1.3.13,758,OT11. Diabetes,546,HIV disease resulting in Burkitt lymphoma
1.3.13,758,OT11. Diabetes,547,HIV disease resulting in other types of non-Hodgkin lymphoma
1.3.13,758,OT11. Diabetes,549,HIV disease resulting in multiple malignant neoplasms
1.3.13,758,OT11. Diabetes,550,HIV disease resulting in other malignant neoplasms
1.3.13,758,OT11. Diabetes,551,HIV disease resulting in unspecified malignant neoplasm
1.3.13,758,OT11. Diabetes,552,Human immunodeficiency virus [HIV] disease resulting in other specified diseases
1.3.13,758,OT11. Diabetes,553,HIV disease resulting in encephalopathy
1.3.13,758,OT11. Diabetes,554,HIV disease resulting in lymphoid interstitial pneumonitis
1.3.13,758,OT11. Diabetes,555,HIV disease resulting in wasting syndrome
1.3.13,758,OT11. Diabetes,556,HIV disease resulting in multiple diseases classified elsewhere
1.3.13,758,OT11. Diabetes,558,Acute HIV infection syndrome
1.3.13,758,OT11. Diabetes,559,HIV disease resulting in (persistent) generalized lymphadenopathy
1.3.13,758,OT11. Diabetes,560,"HIV disease resulting in haematological and immunological abnormalities, not elsewhere classified"
1.3.13,758,OT11. Diabetes,561,HIV disease resulting in other specified conditions
1.3.13,758,OT11. Diabetes,562,Unspecified human immunodeficiency virus [HIV] disease
1.3.13,758,OT11. Diabetes,2412,Dementia in human immunodeficiency virus [HIV] disease
1.3.13,758,OT11. Diabetes,6932,"Human immunodeficiency virus [HIV] disease complicating pregnancy, childbirth and the puerperium"
1.3.13,758,OT11. Diabetes,8295,Laboratory evidence of human immunodeficiency virus [HIV]
1.3.13,758,OT11. Diabetes,11486,Special screening examination for human immunodeficiency virus [HIV]
1.3.13,758,OT11. Diabetes,11519,Contact with and exposure to human immunodeficiency virus [HIV]
1.3.13,758,OT11. Diabetes,11523,Asymptomatic human immunodeficiency virus [HIV] infection status
1.3.13,758,OT11. Diabetes,11886,Human immunodeficiency virus [HIV] counselling
1.3.13,758,OT11. Diabetes,11963,Family history of human immunodeficiency virus [HIV] disease
1.3.13,758,OT11. Diabetes,540,HIV disease resulting in Pneumocystis jirovecii pneumonia
1.3.13,758,OT11. Diabetes,543,HIV disease resulting in unspecified infectious or parasitic disease
1.3.13,758,OT11. Diabetes,12618,HIV disease clinical stage 1 associated with tuberculosis
1.3.13,758,OT11. Diabetes,12619,HIV disease clinical stage 2 associated with tuberculosis
1.3.13,758,OT11. Diabetes,12620,HIV disease clinical stage 3 associated with tuberculosis
1.3.13,758,OT11. Diabetes,12621,HIV disease clinical stage 4 associated with tuberculosis
1.3.13,758,OT11. Diabetes,12623,Other specified HIV disease clinical stage 4 associated with tuberculosis
1.3.13,758,OT11. Diabetes,12624,HIV disease clinical stage 4 associated with tuberculosis unspecified
1.3.13,758,OT11. Diabetes,12627,HIV disease clinical stage 1 associated with malaria
1.3.13,758,OT11. Diabetes,12628,HIV disease clinical stage 2 associated with malaria
1.3.13,758,OT11. Diabetes,12629,HIV disease clinical stage 3 associated with malaria
1.3.13,758,OT11. Diabetes,12630,HIV disease clinical stage 4 associated with malaria
1.3.13,758,OT11. Diabetes,12632,Other specified HIV disease clinical stage 4 associated with malaria
1.3.13,758,OT11. Diabetes,12633,HIV disease clinical stage 4 associated with malaria unspecified
1.3.13,758,OT11. Diabetes,12636,HIV disease clinical stage 1 without mention of tuberculosis or malaria
1.3.13,758,OT11. Diabetes,12637,HIV disease clinical stage 2 without mention of tuberculosis or malaria
1.3.13,758,OT11. Diabetes,12638,HIV disease clinical stage 3 without mention of tuberculosis or malaria
1.3.13,758,OT11. Diabetes,12639,HIV disease clinical stage 4 without mention of tuberculosis or malaria
1.3.13,758,OT11. Diabetes,17711,HIV retinitis
1.3.13,758,OT11. Diabetes,34794,Proximal risk factors for intentional self-harm HIV or AIDS
1.3.13,759,OT11. Diabetes,11966,Family history of diabetes mellitus
1.3.13,759,OT11. Diabetes,7234,Neonatal diabetes mellitus
1.3.13,759,OT11. Diabetes,6581,Diabetes mellitus arising in pregnancy
1.3.13,759,OT11. Diabetes,11503,Special screening examination for diabetes mellitus
1.3.13,760,OT11. Diabetes,2077,Unspecified diabetes mellitus: With ketoacidosis
1.3.13,760,OT11. Diabetes,2031,Type 1 diabetes mellitus
1.3.13,760,OT11. Diabetes,2032,Insulin-dependent diabetes mellitus: With coma
1.3.13,760,OT11. Diabetes,2033,Insulin-dependent diabetes mellitus: With ketoacidosis
1.3.13,760,OT11. Diabetes,2034,Insulin-dependent diabetes mellitus: With renal complications
1.3.13,760,OT11. Diabetes,2035,Insulin-dependent diabetes mellitus: With ophthalmic complications
1.3.13,760,OT11. Diabetes,2036,Insulin-dependent diabetes mellitus: With neurological complications
1.3.13,760,OT11. Diabetes,2037,Insulin-dependent diabetes mellitus: With peripheral circulatory complications
1.3.13,760,OT11. Diabetes,2038,Insulin-dependent diabetes mellitus: With other specified complications
1.3.13,760,OT11. Diabetes,2039,Insulin-dependent diabetes mellitus: With multiple complications
1.3.13,760,OT11. Diabetes,2040,Insulin-dependent diabetes mellitus: With unspecified complications
1.3.13,760,OT11. Diabetes,2041,Insulin-dependent diabetes mellitus: Without complications
1.3.13,760,OT11. Diabetes,2042,Type 2 diabetes mellitus
1.3.13,760,OT11. Diabetes,2043,Non-insulin-dependent diabetes mellitus: With coma
1.3.13,760,OT11. Diabetes,2044,Non-insulin-dependent diabetes mellitus: With ketoacidosis
1.3.13,760,OT11. Diabetes,2045,Non-insulin-dependent diabetes mellitus: With renal complications
1.3.13,760,OT11. Diabetes,2046,Non-insulin-dependent diabetes mellitus: With ophthalmic complications
1.3.13,760,OT11. Diabetes,2047,Non-insulin-dependent diabetes mellitus: With neurological complications
1.3.13,760,OT11. Diabetes,2048,Non-insulin-dependent diabetes mellitus: With peripheral circulatory complications
1.3.13,760,OT11. Diabetes,2049,Non-insulin-dependent diabetes mellitus: With other specified complications
1.3.13,760,OT11. Diabetes,2050,Non-insulin-dependent diabetes mellitus: With multiple complications
1.3.13,760,OT11. Diabetes,2051,Non-insulin-dependent diabetes mellitus: With unspecified complications
1.3.13,760,OT11. Diabetes,2052,Non-insulin-dependent diabetes mellitus: Without complications
1.3.13,760,OT11. Diabetes,2053,Malnutrition-related diabetes mellitus
1.3.13,760,OT11. Diabetes,2054,Malnutrition-related diabetes mellitus: With coma
1.3.13,760,OT11. Diabetes,2055,Malnutrition-related diabetes mellitus: With ketoacidosis
1.3.13,760,OT11. Diabetes,2056,Malnutrition-related diabetes mellitus: With renal complications
1.3.13,760,OT11. Diabetes,2057,Malnutrition-related diabetes mellitus: With ophthalmic complications
1.3.13,760,OT11. Diabetes,2058,Malnutrition-related diabetes mellitus: With neurological complications
1.3.13,760,OT11. Diabetes,2059,Malnutrition-related diabetes mellitus: With peripheral circulatory complications
1.3.13,760,OT11. Diabetes,2060,Malnutrition-related diabetes mellitus: With other specified complications
1.3.13,760,OT11. Diabetes,2061,Malnutrition-related diabetes mellitus: With multiple complications
1.3.13,760,OT11. Diabetes,2062,Malnutrition-related diabetes mellitus: With unspecified complications
1.3.13,760,OT11. Diabetes,2063,Malnutrition-related diabetes mellitus: Without complications
1.3.13,760,OT11. Diabetes,2064,Other specified diabetes mellitus
1.3.13,760,OT11. Diabetes,2065,Other specified diabetes mellitus: With coma
1.3.13,760,OT11. Diabetes,2066,Other specified diabetes mellitus: With ketoacidosis
1.3.13,760,OT11. Diabetes,2067,Other specified diabetes mellitus: With renal complications
1.3.13,760,OT11. Diabetes,2068,Other specified diabetes mellitus: With ophthalmic complications
1.3.13,760,OT11. Diabetes,2069,Other specified diabetes mellitus: With neurological complications
1.3.13,760,OT11. Diabetes,2070,Other specified diabetes mellitus: With peripheral circulatory complications
1.3.13,760,OT11. Diabetes,2071,Other specified diabetes mellitus: With other specified complications
1.3.13,760,OT11. Diabetes,2072,Other specified diabetes mellitus: With multiple complications
1.3.13,760,OT11. Diabetes,2073,Other specified diabetes mellitus: With unspecified complications
1.3.13,760,OT11. Diabetes,2074,Other specified diabetes mellitus: Without complications
1.3.13,760,OT11. Diabetes,2075,Unspecified diabetes mellitus
1.3.13,760,OT11. Diabetes,2076,Unspecified diabetes mellitus: With coma
1.3.13,760,OT11. Diabetes,2078,Unspecified diabetes mellitus: With renal complications
1.3.13,760,OT11. Diabetes,2079,Unspecified diabetes mellitus: With ophthalmic complications
1.3.13,760,OT11. Diabetes,2080,Unspecified diabetes mellitus: With neurological complications
1.3.13,760,OT11. Diabetes,2081,Unspecified diabetes mellitus: With peripheral circulatory complications
1.3.13,760,OT11. Diabetes,2082,Unspecified diabetes mellitus: With other specified complications
1.3.13,760,OT11. Diabetes,2083,Unspecified diabetes mellitus: With multiple complications
1.3.13,760,OT11. Diabetes,2084,Unspecified diabetes mellitus: With unspecified complications
1.3.13,760,OT11. Diabetes,2085,Unspecified diabetes mellitus: Without complications
1.3.13,760,OT11. Diabetes,2116,Diabetes insipidus
1.3.13,760,OT11. Diabetes,6031,Glomerular disorders in diabetes mellitus
1.3.13,760,OT11. Diabetes,6102,Nephrogenic diabetes insipidus
1.3.13,760,OT11. Diabetes,6576,Diabetes mellitus in pregnancy
1.3.13,760,OT11. Diabetes,6577,Pre-existing type 1 diabetes mellitus
1.3.13,760,OT11. Diabetes,6578,Pre-existing type 2 diabetes mellitus
1.3.13,760,OT11. Diabetes,6579,Pre-existing malnutrition-related diabetes mellitus
1.3.13,760,OT11. Diabetes,6580,"Pre-existing diabetes mellitus, unspecified"
1.3.13,760,OT11. Diabetes,6581,Diabetes mellitus arising in pregnancy
1.3.13,760,OT11. Diabetes,6582,"Diabetes mellitus in pregnancy, unspecified"
1.3.13,760,OT11. Diabetes,7232,Syndrome of infant of mother with gestational diabetes
1.3.13,760,OT11. Diabetes,7234,Neonatal diabetes mellitus
1.3.13,760,OT11. Diabetes,11503,Special screening examination for diabetes mellitus
1.3.13,760,OT11. Diabetes,11966,Family history of diabetes mellitus
1.3.13,760,OT11. Diabetes,14995,Type 1 diabetes mellitus
1.3.13,760,OT11. Diabetes,14996,Type 2 diabetes mellitus
1.3.13,760,OT11. Diabetes,14997,Malnutrition-related diabetes mellitus
1.3.13,760,OT11. Diabetes,14998,Diabetes mellitus other specified type
1.3.13,760,OT11. Diabetes,14999,Diabetes mellitus due to genetic defects of beta cell function
1.3.13,760,OT11. Diabetes,15000,Diabetes mellitus due to genetic defects in insulin action
1.3.13,760,OT11. Diabetes,15001,Diabetes mellitus due to diseases of the exocrine pancreas
1.3.13,760,OT11. Diabetes,15002,Diabetes mellitus due to endocrinopathies
1.3.13,760,OT11. Diabetes,15003,Diabetes mellitus due to drug or chemical
1.3.13,760,OT11. Diabetes,15004,Diabetes mellitus due to uncommon forms of immune-mediated diabetes
1.3.13,760,OT11. Diabetes,15005,Diabetes mellitus due to other genetic syndromes
1.3.13,760,OT11. Diabetes,15006,Diabetes mellitus due to clinically defined subtypes or syndromes
1.3.13,760,OT11. Diabetes,15007,Diabetes mellitus due to other specified cause
1.3.13,760,OT11. Diabetes,15008,Diabetes mellitus type unspecified
1.3.13,760,OT11. Diabetes,15013,Hypoglycaemia in the context of diabetes mellitus
1.3.13,760,OT11. Diabetes,15014,Hypoglycaemia in the context of diabetes mellitus without coma
1.3.13,760,OT11. Diabetes,15015,Hypoglycaemia in the context of diabetes mellitus with coma
1.3.13,760,OT11. Diabetes,15016,Hypoglycaemia in the context of diabetes unspecified
1.3.13,760,OT11. Diabetes,15025,Uncontrolled or unstable diabetes mellitus
1.3.13,760,OT11. Diabetes,15026,Other specified acute complications of diabetes mellitus
1.3.13,760,OT11. Diabetes,15032,Hypoglycaemia without associated diabetes
1.3.13,760,OT11. Diabetes,15082,Central diabetes insipidus
1.3.13,760,OT11. Diabetes,17268,Autonomic neuropathy due to diabetes mellitus
1.3.13,760,OT11. Diabetes,21694,Nephrogenic diabetes insipidus
1.3.13,760,OT11. Diabetes,22040,Diabetes mellitus in pregnancy
1.3.13,760,OT11. Diabetes,22041,Pre-existing type 1 diabetes mellitus in pregnancy
1.3.13,760,OT11. Diabetes,22042,Pre-existing type 2 diabetes mellitus in pregnancy
1.3.13,760,OT11. Diabetes,22043,Diabetes mellitus arising in pregnancy
1.3.13,760,OT11. Diabetes,22044,Other specified diabetes mellitus in pregnancy
1.3.13,760,OT11. Diabetes,22045,Diabetes mellitus in pregnancy unspecified
1.3.13,760,OT11. Diabetes,22841,Syndrome of infant of mother with gestational diabetes
1.3.13,760,OT11. Diabetes,22843,Neonatal diabetes mellitus
1.3.13,760,OT11. Diabetes,22844,Transient neonatal diabetes mellitus
1.3.13,760,OT11. Diabetes,22845,Other specified neonatal diabetes mellitus
1.3.13,760,OT11. Diabetes,22846,Neonatal diabetes mellitus unspecified
1.3.13,760,OT11. Diabetes,28563,Special screening examination for diabetes mellitus
1.3.13,760,OT11. Diabetes,29087,Family history of diabetes mellitus
1.3.13,760,OT12. Cancer,1775,Monoclonal gammopathy of undetermined significance (MGUS)
1.3.13,760,OT12. Cancer,1774,Chronic myeloproliferative disease
1.3.13,760,OT12. Cancer,13898,Hereditary breast and ovarian cancer syndrome
1.3.13,760,OT12. Cancer,20699,Dermatoses resulting from cytotoxic or cancer chemotherapy
1.3.13,760,OT12. Cancer,25277,Fear of cancer
1.3.13,760,OT12. Cancer,25278,Fear of cancer of digestive system
1.3.13,760,OT12. Cancer,25279,Fear of breast cancer female
1.3.13,760,OT12. Cancer,25280,Fear of genital cancer male
1.3.13,760,OT12. Cancer,25281,Other specified fear of cancer
1.3.13,760,OT12. Cancer,25282,Fear of cancer unspecified
1.3.13,760,OT12. Cancer,25329,Chronic cancer related pain
1.3.13,760,OT12. Cancer,25330,Chronic cancer pain
1.3.13,760,OT12. Cancer,25331,Chronic post cancer treatment pain
1.3.13,760,OT12. Cancer,25332,Other specified chronic cancer related pain
1.3.13,760,OT12. Cancer,25333,Chronic cancer related pain unspecified
1.3.13,760,OT12. Cancer,36564,Precancerous melanosis NOS
1.3.13,760,OT12. Cancer,37165,Malignant melanoma in precancerous melanosis
1.3.13,760,OT12. Cancer,39922,Antibiotic anticancer
1.3.13,760,OT12. Cancer,43519,Cancer chemotherapy drug regimen
1.3.13,760,OT12. Cancer,44822,Anticancer agents
1.3.13,760,OT12. Cancer,44837,Hormone cancer therapy
1.3.13,761,OT13 Other chronic conditions,11952,Family history of certain disabilities and chronic diseases leading to disablement
1.3.13,761,OT13 Other chronic conditions,12142,Chronic atrial fibrillation
1.3.13,761,OT13 Other chronic conditions,8228,Chronic intractable pain
1.3.13,761,OT13 Other chronic conditions,11961,"Family history of other disabilities and chronic diseases leading to disablement, not elsewhere classified"
1.3.13,761,OT13 Other chronic conditions,11958,Family history of asthma and other chronic lower respiratory diseases
1.3.13,762,OT14. Cardiac Conditions,12080,Presence of electronic cardiac devices
1.3.13,762,OT14. Cardiac Conditions,11719,Cardiac rehabilitation
1.3.13,762,OT14. Cardiac Conditions,11689,Adjustment and management of cardiac devices
1.3.13,762,OT14. Cardiac Conditions,12087,"Presence of cardiac and vascular implant and graft, unspecified"
1.3.13,762,OT14. Cardiac Conditions,12086,Presence of other cardiac and vascular implants and grafts
1.3.13,762,OT14. Cardiac Conditions,12079,Presence of cardiac and vascular implants and grafts
1.3.13,763,OT15. Patients prescribed with assistive devices,12080,Presence of electronic cardiac devices
1.3.7,217,EC03. Ophthalmianeonatorum,,
1.3.7,220,EC09. Glaucoma,3443,Glaucoma
1.3.7,220,EC09. Glaucoma,3444,Glaucoma suspect
1.3.7,220,EC09. Glaucoma,3445,Primary open-angle glaucoma
1.3.7,220,EC09. Glaucoma,3446,Primary angle-closure glaucoma
1.3.7,220,EC09. Glaucoma,3447,Glaucoma secondary to eye trauma
1.3.7,220,EC09. Glaucoma,3448,Glaucoma secondary to eye inflammation
1.3.7,220,EC09. Glaucoma,3449,Glaucoma secondary to other eye disorders
1.3.7,220,EC09. Glaucoma,3450,Glaucoma secondary to drugs
1.3.7,220,EC09. Glaucoma,3451,Other glaucoma
1.3.7,220,EC09. Glaucoma,3452,"Glaucoma, unspecified"
1.3.7,220,EC09. Glaucoma,3453,Glaucoma in diseases classified elsewhere
1.3.7,220,EC09. Glaucoma,3454,"Glaucoma in endocrine, nutritional and metabolic diseases"
1.3.7,220,EC09. Glaucoma,3455,Glaucoma in other diseases classified elsewhere
1.3.7,220,EC09. Glaucoma,7420,Congenital glaucoma
1.3.7,220,EC09. Glaucoma,17660,Subcapsular glaucomatous flecks
1.3.7,220,EC09. Glaucoma,17817,Glaucomatous optic neuropathy
1.3.7,220,EC09. Glaucoma,17835,Glaucoma suspect
1.3.7,220,EC09. Glaucoma,17836,Glaucoma
1.3.7,220,EC09. Glaucoma,17837,Primary open-angle glaucoma
1.3.7,220,EC09. Glaucoma,17838,Normal tension glaucoma
1.3.7,220,EC09. Glaucoma,17840,Other specified primary open-angle glaucoma
1.3.7,220,EC09. Glaucoma,17841,Primary open-angle glaucoma unspecified
1.3.7,220,EC09. Glaucoma,17842,Primary angle closure and angle closure glaucoma
1.3.7,220,EC09. Glaucoma,17846,Primary angle closure glaucoma
1.3.7,220,EC09. Glaucoma,17851,Condition after acute angle-closure glaucoma attack
1.3.7,220,EC09. Glaucoma,17852,Other specified primary angle closure and angle closure glaucoma
1.3.7,220,EC09. Glaucoma,17853,Primary angle closure and angle closure glaucoma unspecified
1.3.7,220,EC09. Glaucoma,17854,Secondary open-angle glaucoma
1.3.7,220,EC09. Glaucoma,17855,Pseudoexfoliative open-angle glaucoma
1.3.7,220,EC09. Glaucoma,17856,Pigmentary open-angle glaucoma
1.3.7,220,EC09. Glaucoma,17857,Lens-induced secondary open-angle glaucoma
1.3.7,220,EC09. Glaucoma,17858,Glaucoma associated with intraocular haemorrhage
1.3.7,220,EC09. Glaucoma,17859,Glaucoma due to eye inflammation
1.3.7,220,EC09. Glaucoma,17860,Glaucomato-cyclitic crisis
1.3.7,220,EC09. Glaucoma,17861,Secondary open-angle glaucoma due to parasitic eye disease
1.3.7,220,EC09. Glaucoma,17862,Glaucoma due to intraocular tumours
1.3.7,220,EC09. Glaucoma,17863,Glaucoma associated with retinal detachment
1.3.7,220,EC09. Glaucoma,17864,Glaucoma due to eye trauma
1.3.7,220,EC09. Glaucoma,17865,Glaucoma due to drugs
1.3.7,220,EC09. Glaucoma,17866,Glaucoma caused by increased episcleral venous pressure
1.3.7,220,EC09. Glaucoma,17867,Secondary glaucoma due to extra-ocular mass
1.3.7,220,EC09. Glaucoma,17868,Other specified secondary open-angle glaucoma
1.3.7,220,EC09. Glaucoma,17869,Secondary open-angle glaucoma unspecified
1.3.7,220,EC09. Glaucoma,17870,Secondary angle closure glaucoma
1.3.7,220,EC09. Glaucoma,17871,Secondary angle closure glaucoma with pupillary block
1.3.7,220,EC09. Glaucoma,17872,Secondary angle closure glaucoma without pupillary block
1.3.7,220,EC09. Glaucoma,17873,Neovascular secondary angle closure glaucoma
1.3.7,220,EC09. Glaucoma,17874,Secondary angle closure glaucoma due to endothelial overgrowth
1.3.7,220,EC09. Glaucoma,17875,Secondary angle closure glaucoma due to epithelial ingrowth
1.3.7,220,EC09. Glaucoma,17876,Ciliary block glaucoma
1.3.7,220,EC09. Glaucoma,17877,Secondary angle closure glaucoma due to other anterior displacement of the lens-iris diaphragm
1.3.7,220,EC09. Glaucoma,17878,Other specified secondary angle closure glaucoma
1.3.7,220,EC09. Glaucoma,17879,Secondary angle closure glaucoma unspecified
1.3.7,220,EC09. Glaucoma,17880,Developmental glaucoma
1.3.7,220,EC09. Glaucoma,17881,Primary congenital glaucoma
1.3.7,220,EC09. Glaucoma,17882,Primary infantile glaucoma
1.3.7,220,EC09. Glaucoma,17883,Secondary childhood glaucoma
1.3.7,220,EC09. Glaucoma,17884,Other specified developmental glaucoma
1.3.7,220,EC09. Glaucoma,17885,Developmental glaucoma unspecified
1.3.7,220,EC09. Glaucoma,17886,Glaucoma unspecified
1.3.7,220,EC09. Glaucoma,17887,Other specified glaucoma or glaucoma suspect
1.3.7,220,EC09. Glaucoma,17888,Glaucoma or glaucoma suspect unspecified
1.3.7,220,EC09. Glaucoma,18007,Conjunctival blebitis after glaucoma surgery
1.3.7,220,EC09. Glaucoma,18008,Complications with glaucoma drainage devices
1.3.7,220,EC09. Glaucoma,18009,Glaucoma due to ocular surgery or laser
1.3.7,220,EC09. Glaucoma,29462,Wind glaucoma disorder (TM1)
1.3.7,221,EC10. Trachoma,351,Trachoma
1.3.7,221,EC10. Trachoma,352,Initial stage of trachoma
1.3.7,221,EC10. Trachoma,353,Active stage of trachoma
1.3.7,221,EC10. Trachoma,354,"Trachoma, unspecified"
1.3.7,221,EC10. Trachoma,878,Sequelae of trachoma
1.3.7,221,EC10. Trachoma,12580,Trachoma
1.3.7,221,EC10. Trachoma,12581,Initial stage of trachoma
1.3.7,221,EC10. Trachoma,12582,Active stage of trachoma
1.3.7,221,EC10. Trachoma,12583,Other specified trachoma
1.3.7,221,EC10. Trachoma,12584,Trachoma unspecified
1.3.7,221,EC10. Trachoma,13195,Sequelae of trachoma
1.3.7,221,EC10. Trachoma,45606,Chlamydia trachomatis
1.3.7,222,EC18. Tumors,1448,Malignant mast cell tumour
1.3.7,223,EC26. Blindness,3535,Visual impairment including blindness (binocular or monocular)
1.3.7,223,EC26. Blindness,3532,Night blindness
1.3.7,223,EC26. Blindness,3540,"Blindness, monocular"
1.3.7,223,EC26. Blindness,3536,"Blindness, binocular"
1.3.7,223,EC26. Blindness,2201,Vitamin A deficiency with night blindness
1.3.7,223,EC26. Blindness,11954,Family history of blindness and visual loss
1.3.7,223,EC26. Blindness,15154,Vitamin A deficiency with night blindness
1.3.7,223,EC26. Blindness,15160,Vitamin A deficiency with xerophthalmic scars of cornea or blindness
1.3.7,223,EC26. Blindness,18054,Vision impairment including blindness
1.3.7,223,EC26. Blindness,18059,Blindness binocular
1.3.7,223,EC26. Blindness,18060,Blindness monocular
1.3.7,223,EC26. Blindness,18061,Other specified vision impairment including blindness
1.3.7,223,EC26. Blindness,18062,Vision impairment including blindness unspecified
1.3.7,223,EC26. Blindness,29461,Night blindness disorder (TM1)
1.3.7,223,EC26. Blindness,,
1.3.7,225,EC27. Other eye conditions,3376,Senile incipient cataract
1.3.7,225,EC27. Other eye conditions,3377,Senile nuclear cataract
1.3.7,225,EC27. Other eye conditions,3375,Senile cataract
1.3.7,225,EC27. Other eye conditions,3385,Drug-induced cataract
1.3.7,225,EC27. Other eye conditions,9236,Foreign body in conjunctival sac
1.3.7,225,EC27. Other eye conditions,11534,Need for immunization against single bacterial diseases
1.3.7,225,EC27. Other eye conditions,9236,Foreign body in conjunctival sac
1.3.7,651,EC01. Allergic conjunctivitis,5122,Actinic keratosis
1.3.7,652,EC02. Bacterial conjunctivitis,1395,Malignant immunoproliferative diseases
1.3.7,653,EC04. Other forms of conjunctivitis,11264,Failure in suture or ligature during surgical operation
1.3.7,654,EC05. Corneal Ulcers/ Keratitis,6906,Retracted nipple associated with childbirth
1.3.7,654,EC05. Corneal Ulcers/ Keratitis,3326,Keratitis
1.3.7,654,EC05. Corneal Ulcers/ Keratitis,3328,Other superficial keratitis without conjunctivitis
1.3.7,654,EC05. Corneal Ulcers/ Keratitis,3330,Interstitial and deep keratitis
1.3.7,654,EC05. Corneal Ulcers/ Keratitis,3332,Other keratitis
1.3.7,654,EC05. Corneal Ulcers/ Keratitis,3333,"Keratitis, unspecified"
1.3.7,654,EC05. Corneal Ulcers/ Keratitis,3352,Herpesviral keratitis and keratoconjunctivitis
1.3.7,654,EC05. Corneal Ulcers/ Keratitis,3353,Keratitis and keratoconjunctivitis in other infectious and parasitic diseases classified elsewhere
1.3.7,654,EC05. Corneal Ulcers/ Keratitis,3354,Keratitis and keratoconjunctivitis in other diseases classified elsewhere
1.3.7,654,EC05. Corneal Ulcers/ Keratitis,12882,Herpes simplex keratitis
1.3.7,654,EC05. Corneal Ulcers/ Keratitis,17555,Infectious keratitis
1.3.7,654,EC05. Corneal Ulcers/ Keratitis,17556,Traumatic keratitis
1.3.7,654,EC05. Corneal Ulcers/ Keratitis,17557,Exposure keratitis
1.3.7,654,EC05. Corneal Ulcers/ Keratitis,17558,Neurotrophic keratitis
1.3.7,654,EC05. Corneal Ulcers/ Keratitis,17559,Autoimmune keratitis
1.3.7,654,EC05. Corneal Ulcers/ Keratitis,17585,Sclerosing keratitis
1.3.7,655,EC06. Unoperable cataract(>6/60),2247,Sequelae of vitamin A deficiency
1.3.7,656,EC07. Operable Cataract(<6/60),9325,Corrosion of eyelid and periocular area
1.3.7,657,EC08. Refractive Errors,3441,Diabetic retinopathy
1.3.7,658,EC11. Vitamin A Deficiency,3433,Degeneration of macula and posterior pole
1.3.7,658,EC11. Vitamin A Deficiency,2195,Vitamin A deficiency
1.3.7,658,EC11. Vitamin A Deficiency,2196,Vitamin A deficiency with conjunctival xerosis
1.3.7,658,EC11. Vitamin A Deficiency,2197,Vitamin A deficiency with Bitot spot and conjunctival xerosis
1.3.7,658,EC11. Vitamin A Deficiency,2198,Vitamin A deficiency with corneal xerosis
1.3.7,658,EC11. Vitamin A Deficiency,2199,Vitamin A deficiency with corneal ulceration and xerosis
1.3.7,658,EC11. Vitamin A Deficiency,2200,Vitamin A deficiency with keratomalacia
1.3.7,658,EC11. Vitamin A Deficiency,2201,Vitamin A deficiency with night blindness
1.3.7,658,EC11. Vitamin A Deficiency,2202,Vitamin A deficiency with xerophthalmic scars of cornea
1.3.7,658,EC11. Vitamin A Deficiency,2203,Other ocular manifestations of vitamin A deficiency
1.3.7,658,EC11. Vitamin A Deficiency,2204,Other manifestations of vitamin A deficiency
1.3.7,658,EC11. Vitamin A Deficiency,2205,"Vitamin A deficiency, unspecified"
1.3.7,658,EC11. Vitamin A Deficiency,2247,Sequelae of vitamin A deficiency
1.3.7,658,EC11. Vitamin A Deficiency,14478,Acquired vitamin A deficiency anaemia
1.3.7,658,EC11. Vitamin A Deficiency,15153,Vitamin A deficiency
1.3.7,658,EC11. Vitamin A Deficiency,15154,Vitamin A deficiency with night blindness
1.3.7,658,EC11. Vitamin A Deficiency,15155,Vitamin A deficiency with conjunctival xerosis
1.3.7,658,EC11. Vitamin A Deficiency,15157,Vitamin A deficiency with conjunctival xerosis and Bitot s spots
1.3.7,658,EC11. Vitamin A Deficiency,15158,Vitamin A deficiency with corneal xerosis
1.3.7,658,EC11. Vitamin A Deficiency,15159,Vitamin A deficiency with corneal ulceration or keratomalacia
1.3.7,658,EC11. Vitamin A Deficiency,15160,Vitamin A deficiency with xerophthalmic scars of cornea or blindness
1.3.7,658,EC11. Vitamin A Deficiency,15161,Vitamin A deficiency with other specified manifestations
1.3.7,658,EC11. Vitamin A Deficiency,15162,Vitamin A deficiency unspecified
1.3.7,658,EC11. Vitamin A Deficiency,15214,Sequelae of vitamin A deficiency
1.3.7,659,EC12. Ocular Trauma and Burns,5573,Juvenile idiopathic scoliosis
1.3.7,659,EC12. Ocular Trauma and Burns,5584,Other deforming dorsopathies
1.3.7,659,EC12. Ocular Trauma and Burns,5592,Other specified deforming dorsopathies
1.3.7,659,EC12. Ocular Trauma and Burns,,
1.3.7,660,EC13. Diabetic Retinopathy(All stages),3476,Endophthalmitis in diseases classified elsewhere
1.3.7,660,EC13. Diabetic Retinopathy(All stages),3441,Diabetic retinopathy
1.3.7,660,EC13. Diabetic Retinopathy(All stages),17693,Diabetic retinopathy
1.3.7,660,EC13. Diabetic Retinopathy(All stages),17694,Nonproliferative diabetic retinopathy
1.3.7,660,EC13. Diabetic Retinopathy(All stages),17695,Proliferative diabetic retinopathy
1.3.7,660,EC13. Diabetic Retinopathy(All stages),17697,Diabetic retinopathy unspecified
1.3.7,660,EC13. Diabetic Retinopathy(All stages),,
1.3.7,661,"EC14. Chorioretinal, Macular & Vitreous Disorders",3342,Other corneal oedema
1.3.7,662,EC15. Uveitis,3509,"Strabismus, unspecified"
1.3.7,662,EC15. Uveitis,17610,Anterior uveitis
1.3.7,662,EC15. Uveitis,17611,Anterior uveitis not associated with systemic conditions
1.3.7,662,EC15. Uveitis,17612,Anterior uveitis associated with systemic conditions
1.3.7,662,EC15. Uveitis,17613,Infection-associated anterior uveitis
1.3.7,662,EC15. Uveitis,17614,Primary anterior uveitis
1.3.7,662,EC15. Uveitis,17615,Other specified anterior uveitis
1.3.7,662,EC15. Uveitis,17616,Anterior uveitis unspecified
1.3.7,662,EC15. Uveitis,17783,Panuveitis
1.3.7,662,EC15. Uveitis,17784,Noninfectious panuveitis
1.3.7,662,EC15. Uveitis,17785,Infectious panuveitis
1.3.7,662,EC15. Uveitis,17787,Other specified panuveitis
1.3.7,662,EC15. Uveitis,17788,Panuveitis unspecified
1.3.7,662,EC15. Uveitis,17790,Sympathetic uveitis
1.3.7,662,EC15. Uveitis,17820,Optic disc swelling associated with uveitis
1.3.7,663,EC16. Endophthalmitis,7382,Congenital ptosis
1.3.7,663,EC16. Endophthalmitis,17610,Anterior uveitis
1.3.7,663,EC16. Endophthalmitis,17611,Anterior uveitis not associated with systemic conditions
1.3.7,663,EC16. Endophthalmitis,17612,Anterior uveitis associated with systemic conditions
1.3.7,663,EC16. Endophthalmitis,17613,Infection-associated anterior uveitis
1.3.7,663,EC16. Endophthalmitis,17614,Primary anterior uveitis
1.3.7,663,EC16. Endophthalmitis,17615,Other specified anterior uveitis
1.3.7,663,EC16. Endophthalmitis,17616,Anterior uveitis unspecified
1.3.7,663,EC16. Endophthalmitis,17783,Panuveitis
1.3.7,663,EC16. Endophthalmitis,17784,Noninfectious panuveitis
1.3.7,663,EC16. Endophthalmitis,17785,Infectious panuveitis
1.3.7,663,EC16. Endophthalmitis,17787,Other specified panuveitis
1.3.7,663,EC16. Endophthalmitis,17788,Panuveitis unspecified
1.3.7,663,EC16. Endophthalmitis,17790,Sympathetic uveitis
1.3.7,663,EC16. Endophthalmitis,17820,Optic disc swelling associated with uveitis
1.3.7,664,EC17. Corneal scars (Non trachomatous),5071,Other papulosquamous disorders
1.3.7,664,EC17. Corneal scars (Non trachomatous),3334,Corneal scars and opacities
1.3.7,664,EC17. Corneal scars (Non trachomatous),3337,Other corneal scars and opacities
1.3.7,664,EC17. Corneal scars (Non trachomatous),17561,Corneal scars or opacities
1.3.7,664,EC17. Corneal scars (Non trachomatous),17564,Other specified corneal scars or opacities
1.3.7,664,EC17. Corneal scars (Non trachomatous),17565,Corneal scars or opacities unspecified
1.3.7,664,EC17. Corneal scars (Non trachomatous),,
1.3.7,665,EC19. Strabismus,3437,Separation of retinal layers
1.3.7,665,EC19. Strabismus,3492,Paralytic strabismus
1.3.7,665,EC19. Strabismus,3498,Other paralytic strabismus
1.3.7,665,EC19. Strabismus,3499,"Paralytic strabismus, unspecified"
1.3.7,665,EC19. Strabismus,3500,Other strabismus
1.3.7,665,EC19. Strabismus,3501,Convergent concomitant strabismus
1.3.7,665,EC19. Strabismus,3502,Divergent concomitant strabismus
1.3.7,665,EC19. Strabismus,3503,Vertical strabismus
1.3.7,665,EC19. Strabismus,3507,Mechanical strabismus
1.3.7,665,EC19. Strabismus,3508,Other specified strabismus
1.3.7,665,EC19. Strabismus,3509,"Strabismus, unspecified"
1.3.7,665,EC19. Strabismus,17889,Non paralytic strabismus
1.3.7,665,EC19. Strabismus,17892,Vertical or torsional strabismus
1.3.7,665,EC19. Strabismus,17893,Intermittent strabismus
1.3.7,665,EC19. Strabismus,17896,Other specified intermittent strabismus
1.3.7,665,EC19. Strabismus,17897,Intermittent strabismus unspecified
1.3.7,665,EC19. Strabismus,17899,Mechanical strabismus
1.3.7,665,EC19. Strabismus,17900,Other specified non paralytic strabismus
1.3.7,665,EC19. Strabismus,17901,Non paralytic strabismus unspecified
1.3.7,665,EC19. Strabismus,17984,Other specified strabismus or ocular motility disorders
1.3.7,665,EC19. Strabismus,17985,Strabismus or ocular motility disorders unspecified
1.3.7,666,EC20. Ptosis and other lid Disorders,1129,Other malignant neoplasms of skin
1.3.7,667,EC21. Squamous Cell Carcinoma of Conjunctiva,1601,Other benign neoplasms of connective and other soft tissue
1.3.7,667,EC21. Squamous Cell Carcinoma of Conjunctiva,14020,Squamous cell carcinoma of conjunctiva
1.3.7,668,EC22. Retinoblastoma,10890,Victim of cataclysmic storm
1.3.7,668,EC22. Retinoblastoma,14031,Retinoblastoma
1.3.7,668,EC22. Retinoblastoma,36227,Retinoblastoma diffuse
1.3.7,668,EC22. Retinoblastoma,36318,Retinoblastoma spontaneously regressed
1.3.7,668,EC22. Retinoblastoma,36979,Retinoblastoma differentiated
1.3.7,668,EC22. Retinoblastoma,37163,Retinoblastoma undifferentiated
1.3.7,668,EC22. Retinoblastoma,37392,Retinoblastoma NOS
1.3.7,668,EC22. Retinoblastoma,,
1.3.7,669,EC23. Other Malignant Tumours,3397,Cataract in other diseases classified elsewhere
1.3.7,670,EC24. Other Benign Tumours/Growths,12103,Presence of spectacles and contact lenses
1.3.7,671,EC25. Other Eye Disorders,247,"Other bacterial diseases, not elsewhere classified"
1.3.7,671,EC25. Other Eye Disorders,5326,Arthritis in other bacterial diseases classified elsewhere
"1,3.7",,,3449,Glaucoma secondary to other eye disorders
1.3.7,672,EC28. Spectacles Dispensed,11484,Special screening examination for other bacterial diseases
1.3.7,672,EC28. Spectacles Dispensed,11696,Fitting and adjustment of spectacles and contact lenses
1.3.7,672,EC28. Spectacles Dispensed,12103,Presence of spectacles and contact lenses
1.3.7,672,EC28. Spectacles Dispensed,28830,Fitting or adjustment of spectacles or contact lenses
1.3.14,765,SL01. Speech and language delay or disorder,2795,"Developmental disorder of speech and language, unspecified"
1.3.14,766,SL02. Motor speech disorders,8210,Other and unspecified speech disturbances
1.3.14,767,SL03. Hearing impairments,3670,Sudden idiopathic hearing loss
1.3.14,768,SL04. Voice disorders,8220,Other and unspecified voice disturbances
1.3.14,769,SL05. Dysfluency /stammering,2857,Stuttering [stammering]
1.3.14,770,SL06. Acquired neurological disorders,2793,Acquired aphasia with epilepsy [Landau-Kleffner]
1.3.14,771,SL07. Cleft lip and palate,7587,Unspecified cleft palate with unilateral cleft lip
1.3.14,772,SL08. Others,3667,Other hearing loss
1.3.22,782,OP01. All Others,10770,Fall involving other furniture
1.3.22,28468,Other specified external causes of morbidity or mortality,28468,Other specified external causes of morbidity or mortality
1.3.22,28469,External causes of morbidity or mortality unspecified,28469,External causes of morbidity or mortality unspecified
1.3.22,28469,External causes of morbidity or mortality unspecified,8282,Unknown and unspecified causes of morbidity
1.3.22,28469,External causes of morbidity or mortality unspecified,25420,Unknown and unspecified causes of morbidity
1.3.22,28469,External causes of morbidity or mortality unspecified,27718,Other unintentional cause of morbidity or mortality
1.3.22,28469,External causes of morbidity or mortality unspecified,27719,Unspecified unintentional cause of morbidity or mortality
1.3.22,28469,External causes of morbidity or mortality unspecified,28469,External causes of morbidity or mortality unspecified
1.3.22,28469,External causes of morbidity or mortality unspecified,8432,Other ill-defined and unspecified causes of mortality
1.3.22,28469,External causes of morbidity or mortality unspecified,25572,Other ill-defined and unspecified causes of mortality
1.3.22,28469,External causes of morbidity or mortality unspecified,27718,Other unintentional cause of morbidity or mortality
1.3.22,28469,External causes of morbidity or mortality unspecified,27719,Unspecified unintentional cause of morbidity or mortality
1.3.22,28469,External causes of morbidity or mortality unspecified,28468,Other specified external causes of morbidity or mortality
1.3.22,28469,External causes of morbidity or mortality unspecified,28469,External causes of morbidity or mortality unspecified
1.3.22,28469,External causes of morbidity or mortality unspecified,,
1.3.22,782,OP01. All Others,12010,Personal history of allergy to sulfonamides
1.3.22,783,OP02. Other Diagnoses (specify priority diseases for District),12165,Sudden infant death syndrome with mention of autopsy
1.3.22,783,OP02. Other Diagnoses (specify priority diseases for District),10721,"Accident on board watercraft without accident to watercraft, not causing drowning and submersion: Fishing boat"
1.3.22,784,DT01. Deaths in OPD,8428,"Other sudden death, cause unknown"
