"id","dataset_code","dataset_name","dataset_id","dataelement","dataelement_code","dataelement_name","optioncombo_code","optioncombo_name"
3397,HMIS108,HMIS 108 - IPD Monthly Report,EBqVAQRmiPm,L6wdIbx613d,CA13a,CA13a. Oesophageal Cancer - Cases,rsV4LLJt5Lw,"65+Yrs, Female, Known"
3385,HMIS108,HMIS 108 - IPD Monthly Report,EBqVAQRmiPm,L6wdIbx613d,CA13a,CA13a. Oesophageal Cancer - Cases,VyCuYZXDXiO,"15-17 Yrs, Female, Known"
3389,HMIS108,HMIS 108 - IPD Monthly Report,EBqVAQRmiPm,L6wdIbx613d,CA13a,CA13a. Oesophageal Cancer - Cases,A2ZsKFXp6Vn,"18-39 Yrs, Female, Known"
3386,HMIS108,HMIS 108 - IPD Monthly Report,EBqVAQRmiPm,L6wdIbx613d,CA13a,CA13a. Oesophageal Cancer - Cases,Zacetp7r5HC,"18-39 Yrs, Male, New"
3387,HMIS108,HMIS 108 - IPD Monthly Report,EBqVAQRmiPm,L6wdIbx613d,CA13a,CA13a. Oesophageal Cancer - Cases,a9NFxaXN9KD,"18-39 Yrs, Male, Known"
3388,HMIS108,HMIS 108 - IPD Monthly Report,EBqVAQRmiPm,L6wdIbx613d,CA13a,CA13a. Oesophageal Cancer - Cases,sBkrGKNQ0uz,"18-39 Yrs, Female, New"
3379,HMIS108,HMIS 108 - IPD Monthly Report,EBqVAQRmiPm,L6wdIbx613d,CA13a,CA13a. Oesophageal Cancer - Cases,Ve34gUv8xMH,"0-14Yrs, Male, Known"
3380,HMIS108,HMIS 108 - IPD Monthly Report,EBqVAQRmiPm,L6wdIbx613d,CA13a,CA13a. Oesophageal Cancer - Cases,OE9AdLE48yj,"0-14Yrs, Female, New"
3381,HMIS108,HMIS 108 - IPD Monthly Report,EBqVAQRmiPm,L6wdIbx613d,CA13a,CA13a. Oesophageal Cancer - Cases,NFNV30tIn8T,"0-14Yrs, Female, Known"
3382,HMIS108,HMIS 108 - IPD Monthly Report,EBqVAQRmiPm,L6wdIbx613d,CA13a,CA13a. Oesophageal Cancer - Cases,AmyeUte6IfQ,"15-17 Yrs, Male, New"
3383,HMIS108,HMIS 108 - IPD Monthly Report,EBqVAQRmiPm,L6wdIbx613d,CA13a,CA13a. Oesophageal Cancer - Cases,KLjBWPSSfqG,"15-17 Yrs, Male, Known"
3384,HMIS108,HMIS 108 - IPD Monthly Report,EBqVAQRmiPm,L6wdIbx613d,CA13a,CA13a. Oesophageal Cancer - Cases,QwmgfRLXySv,"15-17 Yrs, Female, New"
3378,HMIS108,HMIS 108 - IPD Monthly Report,EBqVAQRmiPm,L6wdIbx613d,CA13a,CA13a. Oesophageal Cancer - Cases,d0tWwN5O6NO,"0-14Yrs, Male, New"
3390,HMIS108,HMIS 108 - IPD Monthly Report,EBqVAQRmiPm,L6wdIbx613d,CA13a,CA13a. Oesophageal Cancer - Cases,eDQHbmqfA0E,"40-64 Yrs, Male, New"
3391,HMIS108,HMIS 108 - IPD Monthly Report,EBqVAQRmiPm,L6wdIbx613d,CA13a,CA13a. Oesophageal Cancer - Cases,lvYG6LfU4Jo,"40-64 Yrs, Male, Known"
3392,HMIS108,HMIS 108 - IPD Monthly Report,EBqVAQRmiPm,L6wdIbx613d,CA13a,CA13a. Oesophageal Cancer - Cases,Z2df6EDsYk1,"40-64 Yrs, Female, New"
3393,HMIS108,HMIS 108 - IPD Monthly Report,EBqVAQRmiPm,L6wdIbx613d,CA13a,CA13a. Oesophageal Cancer - Cases,rkbc2xbaa8g,"40-64 Yrs, Female, Known"
3394,HMIS108,HMIS 108 - IPD Monthly Report,EBqVAQRmiPm,L6wdIbx613d,CA13a,CA13a. Oesophageal Cancer - Cases,dBzKnHTWCkK,"65+Yrs, Male, New"
3395,HMIS108,HMIS 108 - IPD Monthly Report,EBqVAQRmiPm,L6wdIbx613d,CA13a,CA13a. Oesophageal Cancer - Cases,GMPyv2RPvxm,"65+Yrs, Male, Known"
3396,HMIS108,HMIS 108 - IPD Monthly Report,EBqVAQRmiPm,L6wdIbx613d,CA13a,CA13a. Oesophageal Cancer - Cases,gp5AoqZCBjE,"65+Yrs, Female, New"
2626,HMIS108,HMIS 108 - IPD Monthly Report,EBqVAQRmiPm,KuTXtcHhm6r,CA13B,CA13b. Oesophageal Cancer - Deaths,KLjBWPSSfqG,"15-17 Yrs, Male, Known"
2625,HMIS108,HMIS 108 - IPD Monthly Report,EBqVAQRmiPm,KuTXtcHhm6r,CA13B,CA13b. Oesophageal Cancer - Deaths,AmyeUte6IfQ,"15-17 Yrs, Male, New"
2624,HMIS108,HMIS 108 - IPD Monthly Report,EBqVAQRmiPm,KuTXtcHhm6r,CA13B,CA13b. Oesophageal Cancer - Deaths,NFNV30tIn8T,"0-14Yrs, Female, Known"
2623,HMIS108,HMIS 108 - IPD Monthly Report,EBqVAQRmiPm,KuTXtcHhm6r,CA13B,CA13b. Oesophageal Cancer - Deaths,OE9AdLE48yj,"0-14Yrs, Female, New"
2622,HMIS108,HMIS 108 - IPD Monthly Report,EBqVAQRmiPm,KuTXtcHhm6r,CA13B,CA13b. Oesophageal Cancer - Deaths,Ve34gUv8xMH,"0-14Yrs, Male, Known"
2621,HMIS108,HMIS 108 - IPD Monthly Report,EBqVAQRmiPm,KuTXtcHhm6r,CA13B,CA13b. Oesophageal Cancer - Deaths,d0tWwN5O6NO,"0-14Yrs, Male, New"
2640,HMIS108,HMIS 108 - IPD Monthly Report,EBqVAQRmiPm,KuTXtcHhm6r,CA13B,CA13b. Oesophageal Cancer - Deaths,rsV4LLJt5Lw,"65+Yrs, Female, Known"
2639,HMIS108,HMIS 108 - IPD Monthly Report,EBqVAQRmiPm,KuTXtcHhm6r,CA13B,CA13b. Oesophageal Cancer - Deaths,gp5AoqZCBjE,"65+Yrs, Female, New"
2638,HMIS108,HMIS 108 - IPD Monthly Report,EBqVAQRmiPm,KuTXtcHhm6r,CA13B,CA13b. Oesophageal Cancer - Deaths,GMPyv2RPvxm,"65+Yrs, Male, Known"
2637,HMIS108,HMIS 108 - IPD Monthly Report,EBqVAQRmiPm,KuTXtcHhm6r,CA13B,CA13b. Oesophageal Cancer - Deaths,dBzKnHTWCkK,"65+Yrs, Male, New"
2636,HMIS108,HMIS 108 - IPD Monthly Report,EBqVAQRmiPm,KuTXtcHhm6r,CA13B,CA13b. Oesophageal Cancer - Deaths,rkbc2xbaa8g,"40-64 Yrs, Female, Known"
2635,HMIS108,HMIS 108 - IPD Monthly Report,EBqVAQRmiPm,KuTXtcHhm6r,CA13B,CA13b. Oesophageal Cancer - Deaths,Z2df6EDsYk1,"40-64 Yrs, Female, New"
2634,HMIS108,HMIS 108 - IPD Monthly Report,EBqVAQRmiPm,KuTXtcHhm6r,CA13B,CA13b. Oesophageal Cancer - Deaths,lvYG6LfU4Jo,"40-64 Yrs, Male, Known"
2633,HMIS108,HMIS 108 - IPD Monthly Report,EBqVAQRmiPm,KuTXtcHhm6r,CA13B,CA13b. Oesophageal Cancer - Deaths,eDQHbmqfA0E,"40-64 Yrs, Male, New"
2632,HMIS108,HMIS 108 - IPD Monthly Report,EBqVAQRmiPm,KuTXtcHhm6r,CA13B,CA13b. Oesophageal Cancer - Deaths,A2ZsKFXp6Vn,"18-39 Yrs, Female, Known"
2631,HMIS108,HMIS 108 - IPD Monthly Report,EBqVAQRmiPm,KuTXtcHhm6r,CA13B,CA13b. Oesophageal Cancer - Deaths,sBkrGKNQ0uz,"18-39 Yrs, Female, New"
2630,HMIS108,HMIS 108 - IPD Monthly Report,EBqVAQRmiPm,KuTXtcHhm6r,CA13B,CA13b. Oesophageal Cancer - Deaths,a9NFxaXN9KD,"18-39 Yrs, Male, Known"
2629,HMIS108,HMIS 108 - IPD Monthly Report,EBqVAQRmiPm,KuTXtcHhm6r,CA13B,CA13b. Oesophageal Cancer - Deaths,Zacetp7r5HC,"18-39 Yrs, Male, New"
2628,HMIS108,HMIS 108 - IPD Monthly Report,EBqVAQRmiPm,KuTXtcHhm6r,CA13B,CA13b. Oesophageal Cancer - Deaths,VyCuYZXDXiO,"15-17 Yrs, Female, Known"
2627,HMIS108,HMIS 108 - IPD Monthly Report,EBqVAQRmiPm,KuTXtcHhm6r,CA13B,CA13b. Oesophageal Cancer - Deaths,QwmgfRLXySv,"15-17 Yrs, Female, New"
2077,HMIS108,HMIS 108 - IPD Monthly Report,EBqVAQRmiPm,PEp4S6H8A5q,AC01,AC01. Spinal Cord Injury (SCI),HllvX50cXC0,default
556,HMIS108,HMIS 108 - IPD Monthly Report,EBqVAQRmiPm,LqdB3eomqf3,AC02,AC02. Traumatic Brain Injury (TBI),HllvX50cXC0,default
2967,HMIS108,HMIS 108 - IPD Monthly Report,EBqVAQRmiPm,jd5byhTDPYZ,AC03,AC03. Amputation,HllvX50cXC0,default
3920,HMIS108,HMIS 108 - IPD Monthly Report,EBqVAQRmiPm,S1mwgZM4Me0,AC04,AC04. Burns,HllvX50cXC0,default
1872,HMIS108,HMIS 108 - IPD Monthly Report,EBqVAQRmiPm,gWt2iWnZS3d,AC05,AC05. Stroke,HllvX50cXC0,default
2150,HMIS108,HMIS 108 - IPD Monthly Report,EBqVAQRmiPm,SUHhAi9uMOh,AP01,AP01. Mobility,r6izn2XFqEc,"0-4Yrs, Male"
2161,HMIS108,HMIS 108 - IPD Monthly Report,EBqVAQRmiPm,SUHhAi9uMOh,AP01,AP01. Mobility,wgxsjUMb8Rw,"60+Yrs, Female"
2160,HMIS108,HMIS 108 - IPD Monthly Report,EBqVAQRmiPm,SUHhAi9uMOh,AP01,AP01. Mobility,Yx9LGiAEzJI,"60+Yrs, Male"
2159,HMIS108,HMIS 108 - IPD Monthly Report,EBqVAQRmiPm,SUHhAi9uMOh,AP01,AP01. Mobility,J0tZbSIQgJh,"35-59Yrs, Female"
2158,HMIS108,HMIS 108 - IPD Monthly Report,EBqVAQRmiPm,SUHhAi9uMOh,AP01,AP01. Mobility,u5FiIkNknnZ,"35-59Yrs, Male"
2157,HMIS108,HMIS 108 - IPD Monthly Report,EBqVAQRmiPm,SUHhAi9uMOh,AP01,AP01. Mobility,tNGX99SZlLN,"20 – 34Yrs, Female"
2156,HMIS108,HMIS 108 - IPD Monthly Report,EBqVAQRmiPm,SUHhAi9uMOh,AP01,AP01. Mobility,cYqRrSx1FDh,"20 – 34Yrs, Male"
2155,HMIS108,HMIS 108 - IPD Monthly Report,EBqVAQRmiPm,SUHhAi9uMOh,AP01,AP01. Mobility,VSQdmcsGlPJ,"10-19Yrs, Female"
2154,HMIS108,HMIS 108 - IPD Monthly Report,EBqVAQRmiPm,SUHhAi9uMOh,AP01,AP01. Mobility,mtJPFOZgbxi,"10-19Yrs, Male"
2153,HMIS108,HMIS 108 - IPD Monthly Report,EBqVAQRmiPm,SUHhAi9uMOh,AP01,AP01. Mobility,GNNdPRsjO2n,"5-9Yrs, Female"
2152,HMIS108,HMIS 108 - IPD Monthly Report,EBqVAQRmiPm,SUHhAi9uMOh,AP01,AP01. Mobility,A8rYH97KrsT,"5-9Yrs, Male"
2151,HMIS108,HMIS 108 - IPD Monthly Report,EBqVAQRmiPm,SUHhAi9uMOh,AP01,AP01. Mobility,NYHvlXEt4Ak,"0-4Yrs, Female"
3854,HMIS108,HMIS 108 - IPD Monthly Report,EBqVAQRmiPm,Jo4dpEeYCE0,AP02,AP02. Hearing,wgxsjUMb8Rw,"60+Yrs, Female"
3844,HMIS108,HMIS 108 - IPD Monthly Report,EBqVAQRmiPm,Jo4dpEeYCE0,AP02,AP02. Hearing,NYHvlXEt4Ak,"0-4Yrs, Female"
3845,HMIS108,HMIS 108 - IPD Monthly Report,EBqVAQRmiPm,Jo4dpEeYCE0,AP02,AP02. Hearing,A8rYH97KrsT,"5-9Yrs, Male"
3846,HMIS108,HMIS 108 - IPD Monthly Report,EBqVAQRmiPm,Jo4dpEeYCE0,AP02,AP02. Hearing,GNNdPRsjO2n,"5-9Yrs, Female"
3847,HMIS108,HMIS 108 - IPD Monthly Report,EBqVAQRmiPm,Jo4dpEeYCE0,AP02,AP02. Hearing,mtJPFOZgbxi,"10-19Yrs, Male"
3848,HMIS108,HMIS 108 - IPD Monthly Report,EBqVAQRmiPm,Jo4dpEeYCE0,AP02,AP02. Hearing,VSQdmcsGlPJ,"10-19Yrs, Female"
3849,HMIS108,HMIS 108 - IPD Monthly Report,EBqVAQRmiPm,Jo4dpEeYCE0,AP02,AP02. Hearing,cYqRrSx1FDh,"20 – 34Yrs, Male"
3850,HMIS108,HMIS 108 - IPD Monthly Report,EBqVAQRmiPm,Jo4dpEeYCE0,AP02,AP02. Hearing,tNGX99SZlLN,"20 – 34Yrs, Female"
3851,HMIS108,HMIS 108 - IPD Monthly Report,EBqVAQRmiPm,Jo4dpEeYCE0,AP02,AP02. Hearing,u5FiIkNknnZ,"35-59Yrs, Male"
3852,HMIS108,HMIS 108 - IPD Monthly Report,EBqVAQRmiPm,Jo4dpEeYCE0,AP02,AP02. Hearing,J0tZbSIQgJh,"35-59Yrs, Female"
3843,HMIS108,HMIS 108 - IPD Monthly Report,EBqVAQRmiPm,Jo4dpEeYCE0,AP02,AP02. Hearing,r6izn2XFqEc,"0-4Yrs, Male"
3853,HMIS108,HMIS 108 - IPD Monthly Report,EBqVAQRmiPm,Jo4dpEeYCE0,AP02,AP02. Hearing,Yx9LGiAEzJI,"60+Yrs, Male"
551,HMIS108,HMIS 108 - IPD Monthly Report,EBqVAQRmiPm,lGxp2j4EdZk,AP03,AP03. Vision,u5FiIkNknnZ,"35-59Yrs, Male"
545,HMIS108,HMIS 108 - IPD Monthly Report,EBqVAQRmiPm,lGxp2j4EdZk,AP03,AP03. Vision,A8rYH97KrsT,"5-9Yrs, Male"
546,HMIS108,HMIS 108 - IPD Monthly Report,EBqVAQRmiPm,lGxp2j4EdZk,AP03,AP03. Vision,GNNdPRsjO2n,"5-9Yrs, Female"
554,HMIS108,HMIS 108 - IPD Monthly Report,EBqVAQRmiPm,lGxp2j4EdZk,AP03,AP03. Vision,wgxsjUMb8Rw,"60+Yrs, Female"
547,HMIS108,HMIS 108 - IPD Monthly Report,EBqVAQRmiPm,lGxp2j4EdZk,AP03,AP03. Vision,mtJPFOZgbxi,"10-19Yrs, Male"
548,HMIS108,HMIS 108 - IPD Monthly Report,EBqVAQRmiPm,lGxp2j4EdZk,AP03,AP03. Vision,VSQdmcsGlPJ,"10-19Yrs, Female"
549,HMIS108,HMIS 108 - IPD Monthly Report,EBqVAQRmiPm,lGxp2j4EdZk,AP03,AP03. Vision,cYqRrSx1FDh,"20 – 34Yrs, Male"
550,HMIS108,HMIS 108 - IPD Monthly Report,EBqVAQRmiPm,lGxp2j4EdZk,AP03,AP03. Vision,tNGX99SZlLN,"20 – 34Yrs, Female"
552,HMIS108,HMIS 108 - IPD Monthly Report,EBqVAQRmiPm,lGxp2j4EdZk,AP03,AP03. Vision,J0tZbSIQgJh,"35-59Yrs, Female"
553,HMIS108,HMIS 108 - IPD Monthly Report,EBqVAQRmiPm,lGxp2j4EdZk,AP03,AP03. Vision,Yx9LGiAEzJI,"60+Yrs, Male"
543,HMIS108,HMIS 108 - IPD Monthly Report,EBqVAQRmiPm,lGxp2j4EdZk,AP03,AP03. Vision,r6izn2XFqEc,"0-4Yrs, Male"
544,HMIS108,HMIS 108 - IPD Monthly Report,EBqVAQRmiPm,lGxp2j4EdZk,AP03,AP03. Vision,NYHvlXEt4Ak,"0-4Yrs, Female"
1262,HMIS108,HMIS 108 - IPD Monthly Report,EBqVAQRmiPm,hyJ3JKX5ZWi,AP04,AP04. Communication,tNGX99SZlLN,"20 – 34Yrs, Female"
1261,HMIS108,HMIS 108 - IPD Monthly Report,EBqVAQRmiPm,hyJ3JKX5ZWi,AP04,AP04. Communication,cYqRrSx1FDh,"20 – 34Yrs, Male"
1255,HMIS108,HMIS 108 - IPD Monthly Report,EBqVAQRmiPm,hyJ3JKX5ZWi,AP04,AP04. Communication,r6izn2XFqEc,"0-4Yrs, Male"
1260,HMIS108,HMIS 108 - IPD Monthly Report,EBqVAQRmiPm,hyJ3JKX5ZWi,AP04,AP04. Communication,VSQdmcsGlPJ,"10-19Yrs, Female"
1258,HMIS108,HMIS 108 - IPD Monthly Report,EBqVAQRmiPm,hyJ3JKX5ZWi,AP04,AP04. Communication,GNNdPRsjO2n,"5-9Yrs, Female"
1259,HMIS108,HMIS 108 - IPD Monthly Report,EBqVAQRmiPm,hyJ3JKX5ZWi,AP04,AP04. Communication,mtJPFOZgbxi,"10-19Yrs, Male"
1266,HMIS108,HMIS 108 - IPD Monthly Report,EBqVAQRmiPm,hyJ3JKX5ZWi,AP04,AP04. Communication,wgxsjUMb8Rw,"60+Yrs, Female"
1265,HMIS108,HMIS 108 - IPD Monthly Report,EBqVAQRmiPm,hyJ3JKX5ZWi,AP04,AP04. Communication,Yx9LGiAEzJI,"60+Yrs, Male"
1264,HMIS108,HMIS 108 - IPD Monthly Report,EBqVAQRmiPm,hyJ3JKX5ZWi,AP04,AP04. Communication,J0tZbSIQgJh,"35-59Yrs, Female"
1263,HMIS108,HMIS 108 - IPD Monthly Report,EBqVAQRmiPm,hyJ3JKX5ZWi,AP04,AP04. Communication,u5FiIkNknnZ,"35-59Yrs, Male"
1257,HMIS108,HMIS 108 - IPD Monthly Report,EBqVAQRmiPm,hyJ3JKX5ZWi,AP04,AP04. Communication,A8rYH97KrsT,"5-9Yrs, Male"
1256,HMIS108,HMIS 108 - IPD Monthly Report,EBqVAQRmiPm,hyJ3JKX5ZWi,AP04,AP04. Communication,NYHvlXEt4Ak,"0-4Yrs, Female"
867,HMIS108,HMIS 108 - IPD Monthly Report,EBqVAQRmiPm,aYxcUnPci7h,AP05,AP05. Cognition,mtJPFOZgbxi,"10-19Yrs, Male"
865,HMIS108,HMIS 108 - IPD Monthly Report,EBqVAQRmiPm,aYxcUnPci7h,AP05,AP05. Cognition,A8rYH97KrsT,"5-9Yrs, Male"
871,HMIS108,HMIS 108 - IPD Monthly Report,EBqVAQRmiPm,aYxcUnPci7h,AP05,AP05. Cognition,u5FiIkNknnZ,"35-59Yrs, Male"
872,HMIS108,HMIS 108 - IPD Monthly Report,EBqVAQRmiPm,aYxcUnPci7h,AP05,AP05. Cognition,J0tZbSIQgJh,"35-59Yrs, Female"
873,HMIS108,HMIS 108 - IPD Monthly Report,EBqVAQRmiPm,aYxcUnPci7h,AP05,AP05. Cognition,Yx9LGiAEzJI,"60+Yrs, Male"
868,HMIS108,HMIS 108 - IPD Monthly Report,EBqVAQRmiPm,aYxcUnPci7h,AP05,AP05. Cognition,VSQdmcsGlPJ,"10-19Yrs, Female"
874,HMIS108,HMIS 108 - IPD Monthly Report,EBqVAQRmiPm,aYxcUnPci7h,AP05,AP05. Cognition,wgxsjUMb8Rw,"60+Yrs, Female"
869,HMIS108,HMIS 108 - IPD Monthly Report,EBqVAQRmiPm,aYxcUnPci7h,AP05,AP05. Cognition,cYqRrSx1FDh,"20 – 34Yrs, Male"
866,HMIS108,HMIS 108 - IPD Monthly Report,EBqVAQRmiPm,aYxcUnPci7h,AP05,AP05. Cognition,GNNdPRsjO2n,"5-9Yrs, Female"
870,HMIS108,HMIS 108 - IPD Monthly Report,EBqVAQRmiPm,aYxcUnPci7h,AP05,AP05. Cognition,tNGX99SZlLN,"20 – 34Yrs, Female"
864,HMIS108,HMIS 108 - IPD Monthly Report,EBqVAQRmiPm,aYxcUnPci7h,AP05,AP05. Cognition,NYHvlXEt4Ak,"0-4Yrs, Female"
863,HMIS108,HMIS 108 - IPD Monthly Report,EBqVAQRmiPm,aYxcUnPci7h,AP05,AP05. Cognition,r6izn2XFqEc,"0-4Yrs, Male"
694,HMIS108,HMIS 108 - IPD Monthly Report,EBqVAQRmiPm,pGK81UigSza,AP06,AP06. Self-care,u5FiIkNknnZ,"35-59Yrs, Male"
697,HMIS108,HMIS 108 - IPD Monthly Report,EBqVAQRmiPm,pGK81UigSza,AP06,AP06. Self-care,wgxsjUMb8Rw,"60+Yrs, Female"
696,HMIS108,HMIS 108 - IPD Monthly Report,EBqVAQRmiPm,pGK81UigSza,AP06,AP06. Self-care,Yx9LGiAEzJI,"60+Yrs, Male"
695,HMIS108,HMIS 108 - IPD Monthly Report,EBqVAQRmiPm,pGK81UigSza,AP06,AP06. Self-care,J0tZbSIQgJh,"35-59Yrs, Female"
693,HMIS108,HMIS 108 - IPD Monthly Report,EBqVAQRmiPm,pGK81UigSza,AP06,AP06. Self-care,tNGX99SZlLN,"20 – 34Yrs, Female"
692,HMIS108,HMIS 108 - IPD Monthly Report,EBqVAQRmiPm,pGK81UigSza,AP06,AP06. Self-care,cYqRrSx1FDh,"20 – 34Yrs, Male"
691,HMIS108,HMIS 108 - IPD Monthly Report,EBqVAQRmiPm,pGK81UigSza,AP06,AP06. Self-care,VSQdmcsGlPJ,"10-19Yrs, Female"
690,HMIS108,HMIS 108 - IPD Monthly Report,EBqVAQRmiPm,pGK81UigSza,AP06,AP06. Self-care,mtJPFOZgbxi,"10-19Yrs, Male"
689,HMIS108,HMIS 108 - IPD Monthly Report,EBqVAQRmiPm,pGK81UigSza,AP06,AP06. Self-care,GNNdPRsjO2n,"5-9Yrs, Female"
688,HMIS108,HMIS 108 - IPD Monthly Report,EBqVAQRmiPm,pGK81UigSza,AP06,AP06. Self-care,A8rYH97KrsT,"5-9Yrs, Male"
687,HMIS108,HMIS 108 - IPD Monthly Report,EBqVAQRmiPm,pGK81UigSza,AP06,AP06. Self-care,NYHvlXEt4Ak,"0-4Yrs, Female"
686,HMIS108,HMIS 108 - IPD Monthly Report,EBqVAQRmiPm,pGK81UigSza,AP06,AP06. Self-care,r6izn2XFqEc,"0-4Yrs, Male"
792,HMIS108,HMIS 108 - IPD Monthly Report,EBqVAQRmiPm,gN39aS9aNKr,AP07,AP07. Other assistive products,GNNdPRsjO2n,"5-9Yrs, Female"
790,HMIS108,HMIS 108 - IPD Monthly Report,EBqVAQRmiPm,gN39aS9aNKr,AP07,AP07. Other assistive products,NYHvlXEt4Ak,"0-4Yrs, Female"
789,HMIS108,HMIS 108 - IPD Monthly Report,EBqVAQRmiPm,gN39aS9aNKr,AP07,AP07. Other assistive products,r6izn2XFqEc,"0-4Yrs, Male"
793,HMIS108,HMIS 108 - IPD Monthly Report,EBqVAQRmiPm,gN39aS9aNKr,AP07,AP07. Other assistive products,mtJPFOZgbxi,"10-19Yrs, Male"
791,HMIS108,HMIS 108 - IPD Monthly Report,EBqVAQRmiPm,gN39aS9aNKr,AP07,AP07. Other assistive products,A8rYH97KrsT,"5-9Yrs, Male"
799,HMIS108,HMIS 108 - IPD Monthly Report,EBqVAQRmiPm,gN39aS9aNKr,AP07,AP07. Other assistive products,Yx9LGiAEzJI,"60+Yrs, Male"
800,HMIS108,HMIS 108 - IPD Monthly Report,EBqVAQRmiPm,gN39aS9aNKr,AP07,AP07. Other assistive products,wgxsjUMb8Rw,"60+Yrs, Female"
798,HMIS108,HMIS 108 - IPD Monthly Report,EBqVAQRmiPm,gN39aS9aNKr,AP07,AP07. Other assistive products,J0tZbSIQgJh,"35-59Yrs, Female"
797,HMIS108,HMIS 108 - IPD Monthly Report,EBqVAQRmiPm,gN39aS9aNKr,AP07,AP07. Other assistive products,u5FiIkNknnZ,"35-59Yrs, Male"
796,HMIS108,HMIS 108 - IPD Monthly Report,EBqVAQRmiPm,gN39aS9aNKr,AP07,AP07. Other assistive products,tNGX99SZlLN,"20 – 34Yrs, Female"
795,HMIS108,HMIS 108 - IPD Monthly Report,EBqVAQRmiPm,gN39aS9aNKr,AP07,AP07. Other assistive products,cYqRrSx1FDh,"20 – 34Yrs, Male"
794,HMIS108,HMIS 108 - IPD Monthly Report,EBqVAQRmiPm,gN39aS9aNKr,AP07,AP07. Other assistive products,VSQdmcsGlPJ,"10-19Yrs, Female"
3893,HMIS108,HMIS 108 - IPD Monthly Report,EBqVAQRmiPm,UWT7ufBkREK,BS01,BS01. Mastectomy,HllvX50cXC0,default
2175,HMIS108,HMIS 108 - IPD Monthly Report,EBqVAQRmiPm,HyGhE244Xpy,BS02,BS02. Other breast surgery,HllvX50cXC0,default
2023,HMIS108,HMIS 108 - IPD Monthly Report,EBqVAQRmiPm,v4YTvlCTH4D,CA01A1,CA01a1. Cervical Cancer(new)  - Cases,yabsZCXTQRM,"0-14Yrs, Male"
2035,HMIS108,HMIS 108 - IPD Monthly Report,EBqVAQRmiPm,v4YTvlCTH4D,CA01A1,CA01a1. Cervical Cancer(new)  - Cases,dqUlEsSUs8w,"20-24Yrs"
2034,HMIS108,HMIS 108 - IPD Monthly Report,EBqVAQRmiPm,v4YTvlCTH4D,CA01A1,CA01a1. Cervical Cancer(new)  - Cases,oVc5PtW8IsH,"15-19Yrs"
2037,HMIS108,HMIS 108 - IPD Monthly Report,EBqVAQRmiPm,v4YTvlCTH4D,CA01A1,CA01a1. Cervical Cancer(new)  - Cases,WQ8FzlyAWIM,"50+Yrs"
2028,HMIS108,HMIS 108 - IPD Monthly Report,EBqVAQRmiPm,v4YTvlCTH4D,CA01A1,CA01a1. Cervical Cancer(new)  - Cases,JqdVRiI92bd,"18-39 Yrs, Female"
2029,HMIS108,HMIS 108 - IPD Monthly Report,EBqVAQRmiPm,v4YTvlCTH4D,CA01A1,CA01a1. Cervical Cancer(new)  - Cases,tD3pn44uScE,"40-64 Yrs, Male"
2030,HMIS108,HMIS 108 - IPD Monthly Report,EBqVAQRmiPm,v4YTvlCTH4D,CA01A1,CA01a1. Cervical Cancer(new)  - Cases,Mv9SNsGCT5e,"40-64 Yrs, Female"
2031,HMIS108,HMIS 108 - IPD Monthly Report,EBqVAQRmiPm,v4YTvlCTH4D,CA01A1,CA01a1. Cervical Cancer(new)  - Cases,rU0HnmI7P8S,"65+Yrs, Male"
2032,HMIS108,HMIS 108 - IPD Monthly Report,EBqVAQRmiPm,v4YTvlCTH4D,CA01A1,CA01a1. Cervical Cancer(new)  - Cases,pfXBcPz6khi,"65+Yrs, Female"
2033,HMIS108,HMIS 108 - IPD Monthly Report,EBqVAQRmiPm,v4YTvlCTH4D,CA01A1,CA01a1. Cervical Cancer(new)  - Cases,Kq56swi3KAi,"10-14Yrs"
2027,HMIS108,HMIS 108 - IPD Monthly Report,EBqVAQRmiPm,v4YTvlCTH4D,CA01A1,CA01a1. Cervical Cancer(new)  - Cases,sBvVzuUN7ty,"18-39 Yrs, Male"
2026,HMIS108,HMIS 108 - IPD Monthly Report,EBqVAQRmiPm,v4YTvlCTH4D,CA01A1,CA01a1. Cervical Cancer(new)  - Cases,C9j1R3XeUB3,"15-17 Yrs, Female"
2025,HMIS108,HMIS 108 - IPD Monthly Report,EBqVAQRmiPm,v4YTvlCTH4D,CA01A1,CA01a1. Cervical Cancer(new)  - Cases,zLX9lB6eIHI,"15-17 Yrs, Male"
2024,HMIS108,HMIS 108 - IPD Monthly Report,EBqVAQRmiPm,v4YTvlCTH4D,CA01A1,CA01a1. Cervical Cancer(new)  - Cases,yWdrn6SiVZ9,"0-14Yrs, Female"
2036,HMIS108,HMIS 108 - IPD Monthly Report,EBqVAQRmiPm,v4YTvlCTH4D,CA01A1,CA01a1. Cervical Cancer(new)  - Cases,xgiuSKF9lKY,"25-49Yrs"
2649,HMIS108,HMIS 108 - IPD Monthly Report,EBqVAQRmiPm,ta9qHC2STYJ,CA01A2,CA01a2. Cervical cancer (new)  - Deaths,C9j1R3XeUB3,"15-17 Yrs, Female"
2648,HMIS108,HMIS 108 - IPD Monthly Report,EBqVAQRmiPm,ta9qHC2STYJ,CA01A2,CA01a2. Cervical cancer (new)  - Deaths,zLX9lB6eIHI,"15-17 Yrs, Male"
2647,HMIS108,HMIS 108 - IPD Monthly Report,EBqVAQRmiPm,ta9qHC2STYJ,CA01A2,CA01a2. Cervical cancer (new)  - Deaths,yWdrn6SiVZ9,"0-14Yrs, Female"
2646,HMIS108,HMIS 108 - IPD Monthly Report,EBqVAQRmiPm,ta9qHC2STYJ,CA01A2,CA01a2. Cervical cancer (new)  - Deaths,yabsZCXTQRM,"0-14Yrs, Male"
2660,HMIS108,HMIS 108 - IPD Monthly Report,EBqVAQRmiPm,ta9qHC2STYJ,CA01A2,CA01a2. Cervical cancer (new)  - Deaths,WQ8FzlyAWIM,"50+Yrs"
2659,HMIS108,HMIS 108 - IPD Monthly Report,EBqVAQRmiPm,ta9qHC2STYJ,CA01A2,CA01a2. Cervical cancer (new)  - Deaths,xgiuSKF9lKY,"25-49Yrs"
2658,HMIS108,HMIS 108 - IPD Monthly Report,EBqVAQRmiPm,ta9qHC2STYJ,CA01A2,CA01a2. Cervical cancer (new)  - Deaths,dqUlEsSUs8w,"20-24Yrs"
2657,HMIS108,HMIS 108 - IPD Monthly Report,EBqVAQRmiPm,ta9qHC2STYJ,CA01A2,CA01a2. Cervical cancer (new)  - Deaths,oVc5PtW8IsH,"15-19Yrs"
2656,HMIS108,HMIS 108 - IPD Monthly Report,EBqVAQRmiPm,ta9qHC2STYJ,CA01A2,CA01a2. Cervical cancer (new)  - Deaths,Kq56swi3KAi,"10-14Yrs"
2655,HMIS108,HMIS 108 - IPD Monthly Report,EBqVAQRmiPm,ta9qHC2STYJ,CA01A2,CA01a2. Cervical cancer (new)  - Deaths,pfXBcPz6khi,"65+Yrs, Female"
2654,HMIS108,HMIS 108 - IPD Monthly Report,EBqVAQRmiPm,ta9qHC2STYJ,CA01A2,CA01a2. Cervical cancer (new)  - Deaths,rU0HnmI7P8S,"65+Yrs, Male"
2653,HMIS108,HMIS 108 - IPD Monthly Report,EBqVAQRmiPm,ta9qHC2STYJ,CA01A2,CA01a2. Cervical cancer (new)  - Deaths,Mv9SNsGCT5e,"40-64 Yrs, Female"
2652,HMIS108,HMIS 108 - IPD Monthly Report,EBqVAQRmiPm,ta9qHC2STYJ,CA01A2,CA01a2. Cervical cancer (new)  - Deaths,tD3pn44uScE,"40-64 Yrs, Male"
2651,HMIS108,HMIS 108 - IPD Monthly Report,EBqVAQRmiPm,ta9qHC2STYJ,CA01A2,CA01a2. Cervical cancer (new)  - Deaths,JqdVRiI92bd,"18-39 Yrs, Female"
2650,HMIS108,HMIS 108 - IPD Monthly Report,EBqVAQRmiPm,ta9qHC2STYJ,CA01A2,CA01a2. Cervical cancer (new)  - Deaths,sBvVzuUN7ty,"18-39 Yrs, Male"
1984,HMIS108,HMIS 108 - IPD Monthly Report,EBqVAQRmiPm,N5xpEcIyNY4,CA01b1,CA01b1. Cervical cancer(known)  - Cases,zLX9lB6eIHI,"15-17 Yrs, Male"
1985,HMIS108,HMIS 108 - IPD Monthly Report,EBqVAQRmiPm,N5xpEcIyNY4,CA01b1,CA01b1. Cervical cancer(known)  - Cases,C9j1R3XeUB3,"15-17 Yrs, Female"
1986,HMIS108,HMIS 108 - IPD Monthly Report,EBqVAQRmiPm,N5xpEcIyNY4,CA01b1,CA01b1. Cervical cancer(known)  - Cases,sBvVzuUN7ty,"18-39 Yrs, Male"
1987,HMIS108,HMIS 108 - IPD Monthly Report,EBqVAQRmiPm,N5xpEcIyNY4,CA01b1,CA01b1. Cervical cancer(known)  - Cases,JqdVRiI92bd,"18-39 Yrs, Female"
1988,HMIS108,HMIS 108 - IPD Monthly Report,EBqVAQRmiPm,N5xpEcIyNY4,CA01b1,CA01b1. Cervical cancer(known)  - Cases,tD3pn44uScE,"40-64 Yrs, Male"
1989,HMIS108,HMIS 108 - IPD Monthly Report,EBqVAQRmiPm,N5xpEcIyNY4,CA01b1,CA01b1. Cervical cancer(known)  - Cases,Mv9SNsGCT5e,"40-64 Yrs, Female"
1990,HMIS108,HMIS 108 - IPD Monthly Report,EBqVAQRmiPm,N5xpEcIyNY4,CA01b1,CA01b1. Cervical cancer(known)  - Cases,rU0HnmI7P8S,"65+Yrs, Male"
1991,HMIS108,HMIS 108 - IPD Monthly Report,EBqVAQRmiPm,N5xpEcIyNY4,CA01b1,CA01b1. Cervical cancer(known)  - Cases,pfXBcPz6khi,"65+Yrs, Female"
1992,HMIS108,HMIS 108 - IPD Monthly Report,EBqVAQRmiPm,N5xpEcIyNY4,CA01b1,CA01b1. Cervical cancer(known)  - Cases,Kq56swi3KAi,"10-14Yrs"
1993,HMIS108,HMIS 108 - IPD Monthly Report,EBqVAQRmiPm,N5xpEcIyNY4,CA01b1,CA01b1. Cervical cancer(known)  - Cases,oVc5PtW8IsH,"15-19Yrs"
1994,HMIS108,HMIS 108 - IPD Monthly Report,EBqVAQRmiPm,N5xpEcIyNY4,CA01b1,CA01b1. Cervical cancer(known)  - Cases,dqUlEsSUs8w,"20-24Yrs"
1995,HMIS108,HMIS 108 - IPD Monthly Report,EBqVAQRmiPm,N5xpEcIyNY4,CA01b1,CA01b1. Cervical cancer(known)  - Cases,xgiuSKF9lKY,"25-49Yrs"
1996,HMIS108,HMIS 108 - IPD Monthly Report,EBqVAQRmiPm,N5xpEcIyNY4,CA01b1,CA01b1. Cervical cancer(known)  - Cases,WQ8FzlyAWIM,"50+Yrs"
1982,HMIS108,HMIS 108 - IPD Monthly Report,EBqVAQRmiPm,N5xpEcIyNY4,CA01b1,CA01b1. Cervical cancer(known)  - Cases,yabsZCXTQRM,"0-14Yrs, Male"
1983,HMIS108,HMIS 108 - IPD Monthly Report,EBqVAQRmiPm,N5xpEcIyNY4,CA01b1,CA01b1. Cervical cancer(known)  - Cases,yWdrn6SiVZ9,"0-14Yrs, Female"
4088,HMIS108,HMIS 108 - IPD Monthly Report,EBqVAQRmiPm,U17bGhMaH9B,CA01B2,CA01b2. Cervical cancer(known)  - Deaths,WQ8FzlyAWIM,"50+Yrs"
4086,HMIS108,HMIS 108 - IPD Monthly Report,EBqVAQRmiPm,U17bGhMaH9B,CA01B2,CA01b2. Cervical cancer(known)  - Deaths,dqUlEsSUs8w,"20-24Yrs"
4085,HMIS108,HMIS 108 - IPD Monthly Report,EBqVAQRmiPm,U17bGhMaH9B,CA01B2,CA01b2. Cervical cancer(known)  - Deaths,oVc5PtW8IsH,"15-19Yrs"
4084,HMIS108,HMIS 108 - IPD Monthly Report,EBqVAQRmiPm,U17bGhMaH9B,CA01B2,CA01b2. Cervical cancer(known)  - Deaths,Kq56swi3KAi,"10-14Yrs"
4083,HMIS108,HMIS 108 - IPD Monthly Report,EBqVAQRmiPm,U17bGhMaH9B,CA01B2,CA01b2. Cervical cancer(known)  - Deaths,pfXBcPz6khi,"65+Yrs, Female"
4081,HMIS108,HMIS 108 - IPD Monthly Report,EBqVAQRmiPm,U17bGhMaH9B,CA01B2,CA01b2. Cervical cancer(known)  - Deaths,Mv9SNsGCT5e,"40-64 Yrs, Female"
4082,HMIS108,HMIS 108 - IPD Monthly Report,EBqVAQRmiPm,U17bGhMaH9B,CA01B2,CA01b2. Cervical cancer(known)  - Deaths,rU0HnmI7P8S,"65+Yrs, Male"
4087,HMIS108,HMIS 108 - IPD Monthly Report,EBqVAQRmiPm,U17bGhMaH9B,CA01B2,CA01b2. Cervical cancer(known)  - Deaths,xgiuSKF9lKY,"25-49Yrs"
4074,HMIS108,HMIS 108 - IPD Monthly Report,EBqVAQRmiPm,U17bGhMaH9B,CA01B2,CA01b2. Cervical cancer(known)  - Deaths,yabsZCXTQRM,"0-14Yrs, Male"
4075,HMIS108,HMIS 108 - IPD Monthly Report,EBqVAQRmiPm,U17bGhMaH9B,CA01B2,CA01b2. Cervical cancer(known)  - Deaths,yWdrn6SiVZ9,"0-14Yrs, Female"
4076,HMIS108,HMIS 108 - IPD Monthly Report,EBqVAQRmiPm,U17bGhMaH9B,CA01B2,CA01b2. Cervical cancer(known)  - Deaths,zLX9lB6eIHI,"15-17 Yrs, Male"
4077,HMIS108,HMIS 108 - IPD Monthly Report,EBqVAQRmiPm,U17bGhMaH9B,CA01B2,CA01b2. Cervical cancer(known)  - Deaths,C9j1R3XeUB3,"15-17 Yrs, Female"
4078,HMIS108,HMIS 108 - IPD Monthly Report,EBqVAQRmiPm,U17bGhMaH9B,CA01B2,CA01b2. Cervical cancer(known)  - Deaths,sBvVzuUN7ty,"18-39 Yrs, Male"
4079,HMIS108,HMIS 108 - IPD Monthly Report,EBqVAQRmiPm,U17bGhMaH9B,CA01B2,CA01b2. Cervical cancer(known)  - Deaths,JqdVRiI92bd,"18-39 Yrs, Female"
4080,HMIS108,HMIS 108 - IPD Monthly Report,EBqVAQRmiPm,U17bGhMaH9B,CA01B2,CA01b2. Cervical cancer(known)  - Deaths,tD3pn44uScE,"40-64 Yrs, Male"
924,HMIS108,HMIS 108 - IPD Monthly Report,EBqVAQRmiPm,RXPwgce8vco,CA02A,CA02a. Prostate Cancer  - Cases,rCzvys285kN,"0-4Yrs, Male"
925,HMIS108,HMIS 108 - IPD Monthly Report,EBqVAQRmiPm,RXPwgce8vco,CA02A,CA02a. Prostate Cancer  - Cases,VZrxjCi8cQi,"0-4Yrs, Female"
908,HMIS108,HMIS 108 - IPD Monthly Report,EBqVAQRmiPm,RXPwgce8vco,CA02A,CA02a. Prostate Cancer  - Cases,AmyeUte6IfQ,"15-17 Yrs, Male, New"
909,HMIS108,HMIS 108 - IPD Monthly Report,EBqVAQRmiPm,RXPwgce8vco,CA02A,CA02a. Prostate Cancer  - Cases,KLjBWPSSfqG,"15-17 Yrs, Male, Known"
910,HMIS108,HMIS 108 - IPD Monthly Report,EBqVAQRmiPm,RXPwgce8vco,CA02A,CA02a. Prostate Cancer  - Cases,QwmgfRLXySv,"15-17 Yrs, Female, New"
911,HMIS108,HMIS 108 - IPD Monthly Report,EBqVAQRmiPm,RXPwgce8vco,CA02A,CA02a. Prostate Cancer  - Cases,VyCuYZXDXiO,"15-17 Yrs, Female, Known"
926,HMIS108,HMIS 108 - IPD Monthly Report,EBqVAQRmiPm,RXPwgce8vco,CA02A,CA02a. Prostate Cancer  - Cases,ZgnHXnu30cI,"5+Yrs, Male"
927,HMIS108,HMIS 108 - IPD Monthly Report,EBqVAQRmiPm,RXPwgce8vco,CA02A,CA02a. Prostate Cancer  - Cases,fHgwVjoElmE,"5+Yrs, Female"
918,HMIS108,HMIS 108 - IPD Monthly Report,EBqVAQRmiPm,RXPwgce8vco,CA02A,CA02a. Prostate Cancer  - Cases,Z2df6EDsYk1,"40-64 Yrs, Female, New"
919,HMIS108,HMIS 108 - IPD Monthly Report,EBqVAQRmiPm,RXPwgce8vco,CA02A,CA02a. Prostate Cancer  - Cases,rkbc2xbaa8g,"40-64 Yrs, Female, Known"
917,HMIS108,HMIS 108 - IPD Monthly Report,EBqVAQRmiPm,RXPwgce8vco,CA02A,CA02a. Prostate Cancer  - Cases,lvYG6LfU4Jo,"40-64 Yrs, Male, Known"
916,HMIS108,HMIS 108 - IPD Monthly Report,EBqVAQRmiPm,RXPwgce8vco,CA02A,CA02a. Prostate Cancer  - Cases,eDQHbmqfA0E,"40-64 Yrs, Male, New"
915,HMIS108,HMIS 108 - IPD Monthly Report,EBqVAQRmiPm,RXPwgce8vco,CA02A,CA02a. Prostate Cancer  - Cases,A2ZsKFXp6Vn,"18-39 Yrs, Female, Known"
914,HMIS108,HMIS 108 - IPD Monthly Report,EBqVAQRmiPm,RXPwgce8vco,CA02A,CA02a. Prostate Cancer  - Cases,sBkrGKNQ0uz,"18-39 Yrs, Female, New"
904,HMIS108,HMIS 108 - IPD Monthly Report,EBqVAQRmiPm,RXPwgce8vco,CA02A,CA02a. Prostate Cancer  - Cases,d0tWwN5O6NO,"0-14Yrs, Male, New"
912,HMIS108,HMIS 108 - IPD Monthly Report,EBqVAQRmiPm,RXPwgce8vco,CA02A,CA02a. Prostate Cancer  - Cases,Zacetp7r5HC,"18-39 Yrs, Male, New"
913,HMIS108,HMIS 108 - IPD Monthly Report,EBqVAQRmiPm,RXPwgce8vco,CA02A,CA02a. Prostate Cancer  - Cases,a9NFxaXN9KD,"18-39 Yrs, Male, Known"
920,HMIS108,HMIS 108 - IPD Monthly Report,EBqVAQRmiPm,RXPwgce8vco,CA02A,CA02a. Prostate Cancer  - Cases,dBzKnHTWCkK,"65+Yrs, Male, New"
906,HMIS108,HMIS 108 - IPD Monthly Report,EBqVAQRmiPm,RXPwgce8vco,CA02A,CA02a. Prostate Cancer  - Cases,OE9AdLE48yj,"0-14Yrs, Female, New"
907,HMIS108,HMIS 108 - IPD Monthly Report,EBqVAQRmiPm,RXPwgce8vco,CA02A,CA02a. Prostate Cancer  - Cases,NFNV30tIn8T,"0-14Yrs, Female, Known"
921,HMIS108,HMIS 108 - IPD Monthly Report,EBqVAQRmiPm,RXPwgce8vco,CA02A,CA02a. Prostate Cancer  - Cases,GMPyv2RPvxm,"65+Yrs, Male, Known"
905,HMIS108,HMIS 108 - IPD Monthly Report,EBqVAQRmiPm,RXPwgce8vco,CA02A,CA02a. Prostate Cancer  - Cases,Ve34gUv8xMH,"0-14Yrs, Male, Known"
922,HMIS108,HMIS 108 - IPD Monthly Report,EBqVAQRmiPm,RXPwgce8vco,CA02A,CA02a. Prostate Cancer  - Cases,gp5AoqZCBjE,"65+Yrs, Female, New"
923,HMIS108,HMIS 108 - IPD Monthly Report,EBqVAQRmiPm,RXPwgce8vco,CA02A,CA02a. Prostate Cancer  - Cases,rsV4LLJt5Lw,"65+Yrs, Female, Known"
125,HMIS108,HMIS 108 - IPD Monthly Report,EBqVAQRmiPm,VMCH30sQHwC,CA02B,CA02b. Prostate Cancer - Deaths,OE9AdLE48yj,"0-14Yrs, Female, New"
146,HMIS108,HMIS 108 - IPD Monthly Report,EBqVAQRmiPm,VMCH30sQHwC,CA02B,CA02b. Prostate Cancer - Deaths,fHgwVjoElmE,"5+Yrs, Female"
145,HMIS108,HMIS 108 - IPD Monthly Report,EBqVAQRmiPm,VMCH30sQHwC,CA02B,CA02b. Prostate Cancer - Deaths,ZgnHXnu30cI,"5+Yrs, Male"
144,HMIS108,HMIS 108 - IPD Monthly Report,EBqVAQRmiPm,VMCH30sQHwC,CA02B,CA02b. Prostate Cancer - Deaths,VZrxjCi8cQi,"0-4Yrs, Female"
143,HMIS108,HMIS 108 - IPD Monthly Report,EBqVAQRmiPm,VMCH30sQHwC,CA02B,CA02b. Prostate Cancer - Deaths,rCzvys285kN,"0-4Yrs, Male"
142,HMIS108,HMIS 108 - IPD Monthly Report,EBqVAQRmiPm,VMCH30sQHwC,CA02B,CA02b. Prostate Cancer - Deaths,rsV4LLJt5Lw,"65+Yrs, Female, Known"
141,HMIS108,HMIS 108 - IPD Monthly Report,EBqVAQRmiPm,VMCH30sQHwC,CA02B,CA02b. Prostate Cancer - Deaths,gp5AoqZCBjE,"65+Yrs, Female, New"
140,HMIS108,HMIS 108 - IPD Monthly Report,EBqVAQRmiPm,VMCH30sQHwC,CA02B,CA02b. Prostate Cancer - Deaths,GMPyv2RPvxm,"65+Yrs, Male, Known"
139,HMIS108,HMIS 108 - IPD Monthly Report,EBqVAQRmiPm,VMCH30sQHwC,CA02B,CA02b. Prostate Cancer - Deaths,dBzKnHTWCkK,"65+Yrs, Male, New"
138,HMIS108,HMIS 108 - IPD Monthly Report,EBqVAQRmiPm,VMCH30sQHwC,CA02B,CA02b. Prostate Cancer - Deaths,rkbc2xbaa8g,"40-64 Yrs, Female, Known"
137,HMIS108,HMIS 108 - IPD Monthly Report,EBqVAQRmiPm,VMCH30sQHwC,CA02B,CA02b. Prostate Cancer - Deaths,Z2df6EDsYk1,"40-64 Yrs, Female, New"
136,HMIS108,HMIS 108 - IPD Monthly Report,EBqVAQRmiPm,VMCH30sQHwC,CA02B,CA02b. Prostate Cancer - Deaths,lvYG6LfU4Jo,"40-64 Yrs, Male, Known"
135,HMIS108,HMIS 108 - IPD Monthly Report,EBqVAQRmiPm,VMCH30sQHwC,CA02B,CA02b. Prostate Cancer - Deaths,eDQHbmqfA0E,"40-64 Yrs, Male, New"
134,HMIS108,HMIS 108 - IPD Monthly Report,EBqVAQRmiPm,VMCH30sQHwC,CA02B,CA02b. Prostate Cancer - Deaths,A2ZsKFXp6Vn,"18-39 Yrs, Female, Known"
133,HMIS108,HMIS 108 - IPD Monthly Report,EBqVAQRmiPm,VMCH30sQHwC,CA02B,CA02b. Prostate Cancer - Deaths,sBkrGKNQ0uz,"18-39 Yrs, Female, New"
132,HMIS108,HMIS 108 - IPD Monthly Report,EBqVAQRmiPm,VMCH30sQHwC,CA02B,CA02b. Prostate Cancer - Deaths,a9NFxaXN9KD,"18-39 Yrs, Male, Known"
131,HMIS108,HMIS 108 - IPD Monthly Report,EBqVAQRmiPm,VMCH30sQHwC,CA02B,CA02b. Prostate Cancer - Deaths,Zacetp7r5HC,"18-39 Yrs, Male, New"
130,HMIS108,HMIS 108 - IPD Monthly Report,EBqVAQRmiPm,VMCH30sQHwC,CA02B,CA02b. Prostate Cancer - Deaths,VyCuYZXDXiO,"15-17 Yrs, Female, Known"
129,HMIS108,HMIS 108 - IPD Monthly Report,EBqVAQRmiPm,VMCH30sQHwC,CA02B,CA02b. Prostate Cancer - Deaths,QwmgfRLXySv,"15-17 Yrs, Female, New"
128,HMIS108,HMIS 108 - IPD Monthly Report,EBqVAQRmiPm,VMCH30sQHwC,CA02B,CA02b. Prostate Cancer - Deaths,KLjBWPSSfqG,"15-17 Yrs, Male, Known"
127,HMIS108,HMIS 108 - IPD Monthly Report,EBqVAQRmiPm,VMCH30sQHwC,CA02B,CA02b. Prostate Cancer - Deaths,AmyeUte6IfQ,"15-17 Yrs, Male, New"
126,HMIS108,HMIS 108 - IPD Monthly Report,EBqVAQRmiPm,VMCH30sQHwC,CA02B,CA02b. Prostate Cancer - Deaths,NFNV30tIn8T,"0-14Yrs, Female, Known"
124,HMIS108,HMIS 108 - IPD Monthly Report,EBqVAQRmiPm,VMCH30sQHwC,CA02B,CA02b. Prostate Cancer - Deaths,Ve34gUv8xMH,"0-14Yrs, Male, Known"
123,HMIS108,HMIS 108 - IPD Monthly Report,EBqVAQRmiPm,VMCH30sQHwC,CA02B,CA02b. Prostate Cancer - Deaths,d0tWwN5O6NO,"0-14Yrs, Male, New"
2262,HMIS108,HMIS 108 - IPD Monthly Report,EBqVAQRmiPm,jnJHVdpCZ4R,CA03,CA03a. Breast Cancer  - Cases,OE9AdLE48yj,"0-14Yrs, Female, New"
2283,HMIS108,HMIS 108 - IPD Monthly Report,EBqVAQRmiPm,jnJHVdpCZ4R,CA03,CA03a. Breast Cancer  - Cases,fHgwVjoElmE,"5+Yrs, Female"
2282,HMIS108,HMIS 108 - IPD Monthly Report,EBqVAQRmiPm,jnJHVdpCZ4R,CA03,CA03a. Breast Cancer  - Cases,ZgnHXnu30cI,"5+Yrs, Male"
2281,HMIS108,HMIS 108 - IPD Monthly Report,EBqVAQRmiPm,jnJHVdpCZ4R,CA03,CA03a. Breast Cancer  - Cases,VZrxjCi8cQi,"0-4Yrs, Female"
2280,HMIS108,HMIS 108 - IPD Monthly Report,EBqVAQRmiPm,jnJHVdpCZ4R,CA03,CA03a. Breast Cancer  - Cases,rCzvys285kN,"0-4Yrs, Male"
2279,HMIS108,HMIS 108 - IPD Monthly Report,EBqVAQRmiPm,jnJHVdpCZ4R,CA03,CA03a. Breast Cancer  - Cases,rsV4LLJt5Lw,"65+Yrs, Female, Known"
2278,HMIS108,HMIS 108 - IPD Monthly Report,EBqVAQRmiPm,jnJHVdpCZ4R,CA03,CA03a. Breast Cancer  - Cases,gp5AoqZCBjE,"65+Yrs, Female, New"
2277,HMIS108,HMIS 108 - IPD Monthly Report,EBqVAQRmiPm,jnJHVdpCZ4R,CA03,CA03a. Breast Cancer  - Cases,GMPyv2RPvxm,"65+Yrs, Male, Known"
2276,HMIS108,HMIS 108 - IPD Monthly Report,EBqVAQRmiPm,jnJHVdpCZ4R,CA03,CA03a. Breast Cancer  - Cases,dBzKnHTWCkK,"65+Yrs, Male, New"
2275,HMIS108,HMIS 108 - IPD Monthly Report,EBqVAQRmiPm,jnJHVdpCZ4R,CA03,CA03a. Breast Cancer  - Cases,rkbc2xbaa8g,"40-64 Yrs, Female, Known"
2274,HMIS108,HMIS 108 - IPD Monthly Report,EBqVAQRmiPm,jnJHVdpCZ4R,CA03,CA03a. Breast Cancer  - Cases,Z2df6EDsYk1,"40-64 Yrs, Female, New"
2273,HMIS108,HMIS 108 - IPD Monthly Report,EBqVAQRmiPm,jnJHVdpCZ4R,CA03,CA03a. Breast Cancer  - Cases,lvYG6LfU4Jo,"40-64 Yrs, Male, Known"
2272,HMIS108,HMIS 108 - IPD Monthly Report,EBqVAQRmiPm,jnJHVdpCZ4R,CA03,CA03a. Breast Cancer  - Cases,eDQHbmqfA0E,"40-64 Yrs, Male, New"
2271,HMIS108,HMIS 108 - IPD Monthly Report,EBqVAQRmiPm,jnJHVdpCZ4R,CA03,CA03a. Breast Cancer  - Cases,A2ZsKFXp6Vn,"18-39 Yrs, Female, Known"
2270,HMIS108,HMIS 108 - IPD Monthly Report,EBqVAQRmiPm,jnJHVdpCZ4R,CA03,CA03a. Breast Cancer  - Cases,sBkrGKNQ0uz,"18-39 Yrs, Female, New"
2269,HMIS108,HMIS 108 - IPD Monthly Report,EBqVAQRmiPm,jnJHVdpCZ4R,CA03,CA03a. Breast Cancer  - Cases,a9NFxaXN9KD,"18-39 Yrs, Male, Known"
2268,HMIS108,HMIS 108 - IPD Monthly Report,EBqVAQRmiPm,jnJHVdpCZ4R,CA03,CA03a. Breast Cancer  - Cases,Zacetp7r5HC,"18-39 Yrs, Male, New"
2267,HMIS108,HMIS 108 - IPD Monthly Report,EBqVAQRmiPm,jnJHVdpCZ4R,CA03,CA03a. Breast Cancer  - Cases,VyCuYZXDXiO,"15-17 Yrs, Female, Known"
2266,HMIS108,HMIS 108 - IPD Monthly Report,EBqVAQRmiPm,jnJHVdpCZ4R,CA03,CA03a. Breast Cancer  - Cases,QwmgfRLXySv,"15-17 Yrs, Female, New"
2265,HMIS108,HMIS 108 - IPD Monthly Report,EBqVAQRmiPm,jnJHVdpCZ4R,CA03,CA03a. Breast Cancer  - Cases,KLjBWPSSfqG,"15-17 Yrs, Male, Known"
2264,HMIS108,HMIS 108 - IPD Monthly Report,EBqVAQRmiPm,jnJHVdpCZ4R,CA03,CA03a. Breast Cancer  - Cases,AmyeUte6IfQ,"15-17 Yrs, Male, New"
2263,HMIS108,HMIS 108 - IPD Monthly Report,EBqVAQRmiPm,jnJHVdpCZ4R,CA03,CA03a. Breast Cancer  - Cases,NFNV30tIn8T,"0-14Yrs, Female, Known"
2260,HMIS108,HMIS 108 - IPD Monthly Report,EBqVAQRmiPm,jnJHVdpCZ4R,CA03,CA03a. Breast Cancer  - Cases,d0tWwN5O6NO,"0-14Yrs, Male, New"
2261,HMIS108,HMIS 108 - IPD Monthly Report,EBqVAQRmiPm,jnJHVdpCZ4R,CA03,CA03a. Breast Cancer  - Cases,Ve34gUv8xMH,"0-14Yrs, Male, Known"
1965,HMIS108,HMIS 108 - IPD Monthly Report,EBqVAQRmiPm,CpT3wUk0OaP,CA03B,CA03b. Breast Cancer  - Deaths,VyCuYZXDXiO,"15-17 Yrs, Female, Known"
1958,HMIS108,HMIS 108 - IPD Monthly Report,EBqVAQRmiPm,CpT3wUk0OaP,CA03B,CA03b. Breast Cancer  - Deaths,d0tWwN5O6NO,"0-14Yrs, Male, New"
1959,HMIS108,HMIS 108 - IPD Monthly Report,EBqVAQRmiPm,CpT3wUk0OaP,CA03B,CA03b. Breast Cancer  - Deaths,Ve34gUv8xMH,"0-14Yrs, Male, Known"
1960,HMIS108,HMIS 108 - IPD Monthly Report,EBqVAQRmiPm,CpT3wUk0OaP,CA03B,CA03b. Breast Cancer  - Deaths,OE9AdLE48yj,"0-14Yrs, Female, New"
1961,HMIS108,HMIS 108 - IPD Monthly Report,EBqVAQRmiPm,CpT3wUk0OaP,CA03B,CA03b. Breast Cancer  - Deaths,NFNV30tIn8T,"0-14Yrs, Female, Known"
1962,HMIS108,HMIS 108 - IPD Monthly Report,EBqVAQRmiPm,CpT3wUk0OaP,CA03B,CA03b. Breast Cancer  - Deaths,AmyeUte6IfQ,"15-17 Yrs, Male, New"
1963,HMIS108,HMIS 108 - IPD Monthly Report,EBqVAQRmiPm,CpT3wUk0OaP,CA03B,CA03b. Breast Cancer  - Deaths,KLjBWPSSfqG,"15-17 Yrs, Male, Known"
1964,HMIS108,HMIS 108 - IPD Monthly Report,EBqVAQRmiPm,CpT3wUk0OaP,CA03B,CA03b. Breast Cancer  - Deaths,QwmgfRLXySv,"15-17 Yrs, Female, New"
1966,HMIS108,HMIS 108 - IPD Monthly Report,EBqVAQRmiPm,CpT3wUk0OaP,CA03B,CA03b. Breast Cancer  - Deaths,Zacetp7r5HC,"18-39 Yrs, Male, New"
1967,HMIS108,HMIS 108 - IPD Monthly Report,EBqVAQRmiPm,CpT3wUk0OaP,CA03B,CA03b. Breast Cancer  - Deaths,a9NFxaXN9KD,"18-39 Yrs, Male, Known"
1968,HMIS108,HMIS 108 - IPD Monthly Report,EBqVAQRmiPm,CpT3wUk0OaP,CA03B,CA03b. Breast Cancer  - Deaths,sBkrGKNQ0uz,"18-39 Yrs, Female, New"
1969,HMIS108,HMIS 108 - IPD Monthly Report,EBqVAQRmiPm,CpT3wUk0OaP,CA03B,CA03b. Breast Cancer  - Deaths,A2ZsKFXp6Vn,"18-39 Yrs, Female, Known"
1970,HMIS108,HMIS 108 - IPD Monthly Report,EBqVAQRmiPm,CpT3wUk0OaP,CA03B,CA03b. Breast Cancer  - Deaths,eDQHbmqfA0E,"40-64 Yrs, Male, New"
1971,HMIS108,HMIS 108 - IPD Monthly Report,EBqVAQRmiPm,CpT3wUk0OaP,CA03B,CA03b. Breast Cancer  - Deaths,lvYG6LfU4Jo,"40-64 Yrs, Male, Known"
1972,HMIS108,HMIS 108 - IPD Monthly Report,EBqVAQRmiPm,CpT3wUk0OaP,CA03B,CA03b. Breast Cancer  - Deaths,Z2df6EDsYk1,"40-64 Yrs, Female, New"
1973,HMIS108,HMIS 108 - IPD Monthly Report,EBqVAQRmiPm,CpT3wUk0OaP,CA03B,CA03b. Breast Cancer  - Deaths,rkbc2xbaa8g,"40-64 Yrs, Female, Known"
1974,HMIS108,HMIS 108 - IPD Monthly Report,EBqVAQRmiPm,CpT3wUk0OaP,CA03B,CA03b. Breast Cancer  - Deaths,dBzKnHTWCkK,"65+Yrs, Male, New"
1975,HMIS108,HMIS 108 - IPD Monthly Report,EBqVAQRmiPm,CpT3wUk0OaP,CA03B,CA03b. Breast Cancer  - Deaths,GMPyv2RPvxm,"65+Yrs, Male, Known"
1976,HMIS108,HMIS 108 - IPD Monthly Report,EBqVAQRmiPm,CpT3wUk0OaP,CA03B,CA03b. Breast Cancer  - Deaths,gp5AoqZCBjE,"65+Yrs, Female, New"
1977,HMIS108,HMIS 108 - IPD Monthly Report,EBqVAQRmiPm,CpT3wUk0OaP,CA03B,CA03b. Breast Cancer  - Deaths,rsV4LLJt5Lw,"65+Yrs, Female, Known"
1978,HMIS108,HMIS 108 - IPD Monthly Report,EBqVAQRmiPm,CpT3wUk0OaP,CA03B,CA03b. Breast Cancer  - Deaths,rCzvys285kN,"0-4Yrs, Male"
1979,HMIS108,HMIS 108 - IPD Monthly Report,EBqVAQRmiPm,CpT3wUk0OaP,CA03B,CA03b. Breast Cancer  - Deaths,VZrxjCi8cQi,"0-4Yrs, Female"
1980,HMIS108,HMIS 108 - IPD Monthly Report,EBqVAQRmiPm,CpT3wUk0OaP,CA03B,CA03b. Breast Cancer  - Deaths,ZgnHXnu30cI,"5+Yrs, Male"
1981,HMIS108,HMIS 108 - IPD Monthly Report,EBqVAQRmiPm,CpT3wUk0OaP,CA03B,CA03b. Breast Cancer  - Deaths,fHgwVjoElmE,"5+Yrs, Female"
2892,HMIS108,HMIS 108 - IPD Monthly Report,EBqVAQRmiPm,z367UL3IWCa,CA04A,CA04a. Lung Cancer  - Cases,yWdrn6SiVZ9,"0-14Yrs, Female"
2893,HMIS108,HMIS 108 - IPD Monthly Report,EBqVAQRmiPm,z367UL3IWCa,CA04A,CA04a. Lung Cancer  - Cases,zLX9lB6eIHI,"15-17 Yrs, Male"
2891,HMIS108,HMIS 108 - IPD Monthly Report,EBqVAQRmiPm,z367UL3IWCa,CA04A,CA04a. Lung Cancer  - Cases,yabsZCXTQRM,"0-14Yrs, Male"
2894,HMIS108,HMIS 108 - IPD Monthly Report,EBqVAQRmiPm,z367UL3IWCa,CA04A,CA04a. Lung Cancer  - Cases,C9j1R3XeUB3,"15-17 Yrs, Female"
2895,HMIS108,HMIS 108 - IPD Monthly Report,EBqVAQRmiPm,z367UL3IWCa,CA04A,CA04a. Lung Cancer  - Cases,sBvVzuUN7ty,"18-39 Yrs, Male"
2896,HMIS108,HMIS 108 - IPD Monthly Report,EBqVAQRmiPm,z367UL3IWCa,CA04A,CA04a. Lung Cancer  - Cases,JqdVRiI92bd,"18-39 Yrs, Female"
2897,HMIS108,HMIS 108 - IPD Monthly Report,EBqVAQRmiPm,z367UL3IWCa,CA04A,CA04a. Lung Cancer  - Cases,tD3pn44uScE,"40-64 Yrs, Male"
2898,HMIS108,HMIS 108 - IPD Monthly Report,EBqVAQRmiPm,z367UL3IWCa,CA04A,CA04a. Lung Cancer  - Cases,Mv9SNsGCT5e,"40-64 Yrs, Female"
2899,HMIS108,HMIS 108 - IPD Monthly Report,EBqVAQRmiPm,z367UL3IWCa,CA04A,CA04a. Lung Cancer  - Cases,rU0HnmI7P8S,"65+Yrs, Male"
2900,HMIS108,HMIS 108 - IPD Monthly Report,EBqVAQRmiPm,z367UL3IWCa,CA04A,CA04a. Lung Cancer  - Cases,pfXBcPz6khi,"65+Yrs, Female"
2901,HMIS108,HMIS 108 - IPD Monthly Report,EBqVAQRmiPm,z367UL3IWCa,CA04A,CA04a. Lung Cancer  - Cases,rCzvys285kN,"0-4Yrs, Male"
2904,HMIS108,HMIS 108 - IPD Monthly Report,EBqVAQRmiPm,z367UL3IWCa,CA04A,CA04a. Lung Cancer  - Cases,fHgwVjoElmE,"5+Yrs, Female"
2903,HMIS108,HMIS 108 - IPD Monthly Report,EBqVAQRmiPm,z367UL3IWCa,CA04A,CA04a. Lung Cancer  - Cases,ZgnHXnu30cI,"5+Yrs, Male"
2902,HMIS108,HMIS 108 - IPD Monthly Report,EBqVAQRmiPm,z367UL3IWCa,CA04A,CA04a. Lung Cancer  - Cases,VZrxjCi8cQi,"0-4Yrs, Female"
2871,HMIS108,HMIS 108 - IPD Monthly Report,EBqVAQRmiPm,gyIxURfKEia,CA04B,CA04b. Lung Cancer - Deaths,ZgnHXnu30cI,"5+Yrs, Male"
2860,HMIS108,HMIS 108 - IPD Monthly Report,EBqVAQRmiPm,gyIxURfKEia,CA04B,CA04b. Lung Cancer - Deaths,yWdrn6SiVZ9,"0-14Yrs, Female"
2861,HMIS108,HMIS 108 - IPD Monthly Report,EBqVAQRmiPm,gyIxURfKEia,CA04B,CA04b. Lung Cancer - Deaths,zLX9lB6eIHI,"15-17 Yrs, Male"
2862,HMIS108,HMIS 108 - IPD Monthly Report,EBqVAQRmiPm,gyIxURfKEia,CA04B,CA04b. Lung Cancer - Deaths,C9j1R3XeUB3,"15-17 Yrs, Female"
2863,HMIS108,HMIS 108 - IPD Monthly Report,EBqVAQRmiPm,gyIxURfKEia,CA04B,CA04b. Lung Cancer - Deaths,sBvVzuUN7ty,"18-39 Yrs, Male"
2864,HMIS108,HMIS 108 - IPD Monthly Report,EBqVAQRmiPm,gyIxURfKEia,CA04B,CA04b. Lung Cancer - Deaths,JqdVRiI92bd,"18-39 Yrs, Female"
2865,HMIS108,HMIS 108 - IPD Monthly Report,EBqVAQRmiPm,gyIxURfKEia,CA04B,CA04b. Lung Cancer - Deaths,tD3pn44uScE,"40-64 Yrs, Male"
2866,HMIS108,HMIS 108 - IPD Monthly Report,EBqVAQRmiPm,gyIxURfKEia,CA04B,CA04b. Lung Cancer - Deaths,Mv9SNsGCT5e,"40-64 Yrs, Female"
2867,HMIS108,HMIS 108 - IPD Monthly Report,EBqVAQRmiPm,gyIxURfKEia,CA04B,CA04b. Lung Cancer - Deaths,rU0HnmI7P8S,"65+Yrs, Male"
2868,HMIS108,HMIS 108 - IPD Monthly Report,EBqVAQRmiPm,gyIxURfKEia,CA04B,CA04b. Lung Cancer - Deaths,pfXBcPz6khi,"65+Yrs, Female"
2869,HMIS108,HMIS 108 - IPD Monthly Report,EBqVAQRmiPm,gyIxURfKEia,CA04B,CA04b. Lung Cancer - Deaths,rCzvys285kN,"0-4Yrs, Male"
2859,HMIS108,HMIS 108 - IPD Monthly Report,EBqVAQRmiPm,gyIxURfKEia,CA04B,CA04b. Lung Cancer - Deaths,yabsZCXTQRM,"0-14Yrs, Male"
2870,HMIS108,HMIS 108 - IPD Monthly Report,EBqVAQRmiPm,gyIxURfKEia,CA04B,CA04b. Lung Cancer - Deaths,VZrxjCi8cQi,"0-4Yrs, Female"
2872,HMIS108,HMIS 108 - IPD Monthly Report,EBqVAQRmiPm,gyIxURfKEia,CA04B,CA04b. Lung Cancer - Deaths,fHgwVjoElmE,"5+Yrs, Female"
2971,HMIS108,HMIS 108 - IPD Monthly Report,EBqVAQRmiPm,dBxPu3tbQso,CA05A,CA05a. Liver Cancer - Cases,C9j1R3XeUB3,"15-17 Yrs, Female"
2981,HMIS108,HMIS 108 - IPD Monthly Report,EBqVAQRmiPm,dBxPu3tbQso,CA05A,CA05a. Liver Cancer - Cases,fHgwVjoElmE,"5+Yrs, Female"
2980,HMIS108,HMIS 108 - IPD Monthly Report,EBqVAQRmiPm,dBxPu3tbQso,CA05A,CA05a. Liver Cancer - Cases,ZgnHXnu30cI,"5+Yrs, Male"
2979,HMIS108,HMIS 108 - IPD Monthly Report,EBqVAQRmiPm,dBxPu3tbQso,CA05A,CA05a. Liver Cancer - Cases,VZrxjCi8cQi,"0-4Yrs, Female"
2978,HMIS108,HMIS 108 - IPD Monthly Report,EBqVAQRmiPm,dBxPu3tbQso,CA05A,CA05a. Liver Cancer - Cases,rCzvys285kN,"0-4Yrs, Male"
2977,HMIS108,HMIS 108 - IPD Monthly Report,EBqVAQRmiPm,dBxPu3tbQso,CA05A,CA05a. Liver Cancer - Cases,pfXBcPz6khi,"65+Yrs, Female"
2976,HMIS108,HMIS 108 - IPD Monthly Report,EBqVAQRmiPm,dBxPu3tbQso,CA05A,CA05a. Liver Cancer - Cases,rU0HnmI7P8S,"65+Yrs, Male"
2975,HMIS108,HMIS 108 - IPD Monthly Report,EBqVAQRmiPm,dBxPu3tbQso,CA05A,CA05a. Liver Cancer - Cases,Mv9SNsGCT5e,"40-64 Yrs, Female"
2974,HMIS108,HMIS 108 - IPD Monthly Report,EBqVAQRmiPm,dBxPu3tbQso,CA05A,CA05a. Liver Cancer - Cases,tD3pn44uScE,"40-64 Yrs, Male"
2973,HMIS108,HMIS 108 - IPD Monthly Report,EBqVAQRmiPm,dBxPu3tbQso,CA05A,CA05a. Liver Cancer - Cases,JqdVRiI92bd,"18-39 Yrs, Female"
2972,HMIS108,HMIS 108 - IPD Monthly Report,EBqVAQRmiPm,dBxPu3tbQso,CA05A,CA05a. Liver Cancer - Cases,sBvVzuUN7ty,"18-39 Yrs, Male"
2970,HMIS108,HMIS 108 - IPD Monthly Report,EBqVAQRmiPm,dBxPu3tbQso,CA05A,CA05a. Liver Cancer - Cases,zLX9lB6eIHI,"15-17 Yrs, Male"
2969,HMIS108,HMIS 108 - IPD Monthly Report,EBqVAQRmiPm,dBxPu3tbQso,CA05A,CA05a. Liver Cancer - Cases,yWdrn6SiVZ9,"0-14Yrs, Female"
2968,HMIS108,HMIS 108 - IPD Monthly Report,EBqVAQRmiPm,dBxPu3tbQso,CA05A,CA05a. Liver Cancer - Cases,yabsZCXTQRM,"0-14Yrs, Male"
3956,HMIS108,HMIS 108 - IPD Monthly Report,EBqVAQRmiPm,ydNC9VfOeGM,CA05B,CA05b. Liver cancer  - Deaths,sBvVzuUN7ty,"18-39 Yrs, Male"
3963,HMIS108,HMIS 108 - IPD Monthly Report,EBqVAQRmiPm,ydNC9VfOeGM,CA05B,CA05b. Liver cancer  - Deaths,VZrxjCi8cQi,"0-4Yrs, Female"
3962,HMIS108,HMIS 108 - IPD Monthly Report,EBqVAQRmiPm,ydNC9VfOeGM,CA05B,CA05b. Liver cancer  - Deaths,rCzvys285kN,"0-4Yrs, Male"
3961,HMIS108,HMIS 108 - IPD Monthly Report,EBqVAQRmiPm,ydNC9VfOeGM,CA05B,CA05b. Liver cancer  - Deaths,pfXBcPz6khi,"65+Yrs, Female"
3960,HMIS108,HMIS 108 - IPD Monthly Report,EBqVAQRmiPm,ydNC9VfOeGM,CA05B,CA05b. Liver cancer  - Deaths,rU0HnmI7P8S,"65+Yrs, Male"
3959,HMIS108,HMIS 108 - IPD Monthly Report,EBqVAQRmiPm,ydNC9VfOeGM,CA05B,CA05b. Liver cancer  - Deaths,Mv9SNsGCT5e,"40-64 Yrs, Female"
3952,HMIS108,HMIS 108 - IPD Monthly Report,EBqVAQRmiPm,ydNC9VfOeGM,CA05B,CA05b. Liver cancer  - Deaths,yabsZCXTQRM,"0-14Yrs, Male"
3953,HMIS108,HMIS 108 - IPD Monthly Report,EBqVAQRmiPm,ydNC9VfOeGM,CA05B,CA05b. Liver cancer  - Deaths,yWdrn6SiVZ9,"0-14Yrs, Female"
3954,HMIS108,HMIS 108 - IPD Monthly Report,EBqVAQRmiPm,ydNC9VfOeGM,CA05B,CA05b. Liver cancer  - Deaths,zLX9lB6eIHI,"15-17 Yrs, Male"
3958,HMIS108,HMIS 108 - IPD Monthly Report,EBqVAQRmiPm,ydNC9VfOeGM,CA05B,CA05b. Liver cancer  - Deaths,tD3pn44uScE,"40-64 Yrs, Male"
3955,HMIS108,HMIS 108 - IPD Monthly Report,EBqVAQRmiPm,ydNC9VfOeGM,CA05B,CA05b. Liver cancer  - Deaths,C9j1R3XeUB3,"15-17 Yrs, Female"
3957,HMIS108,HMIS 108 - IPD Monthly Report,EBqVAQRmiPm,ydNC9VfOeGM,CA05B,CA05b. Liver cancer  - Deaths,JqdVRiI92bd,"18-39 Yrs, Female"
3965,HMIS108,HMIS 108 - IPD Monthly Report,EBqVAQRmiPm,ydNC9VfOeGM,CA05B,CA05b. Liver cancer  - Deaths,fHgwVjoElmE,"5+Yrs, Female"
3964,HMIS108,HMIS 108 - IPD Monthly Report,EBqVAQRmiPm,ydNC9VfOeGM,CA05B,CA05b. Liver cancer  - Deaths,ZgnHXnu30cI,"5+Yrs, Male"
2906,HMIS108,HMIS 108 - IPD Monthly Report,EBqVAQRmiPm,K0pNTBJ2iEH,CA06A,CA06a. Multiple Myeloma - Cases,yWdrn6SiVZ9,"0-14Yrs, Female"
2907,HMIS108,HMIS 108 - IPD Monthly Report,EBqVAQRmiPm,K0pNTBJ2iEH,CA06A,CA06a. Multiple Myeloma - Cases,zLX9lB6eIHI,"15-17 Yrs, Male"
2908,HMIS108,HMIS 108 - IPD Monthly Report,EBqVAQRmiPm,K0pNTBJ2iEH,CA06A,CA06a. Multiple Myeloma - Cases,C9j1R3XeUB3,"15-17 Yrs, Female"
2909,HMIS108,HMIS 108 - IPD Monthly Report,EBqVAQRmiPm,K0pNTBJ2iEH,CA06A,CA06a. Multiple Myeloma - Cases,sBvVzuUN7ty,"18-39 Yrs, Male"
2910,HMIS108,HMIS 108 - IPD Monthly Report,EBqVAQRmiPm,K0pNTBJ2iEH,CA06A,CA06a. Multiple Myeloma - Cases,JqdVRiI92bd,"18-39 Yrs, Female"
2911,HMIS108,HMIS 108 - IPD Monthly Report,EBqVAQRmiPm,K0pNTBJ2iEH,CA06A,CA06a. Multiple Myeloma - Cases,tD3pn44uScE,"40-64 Yrs, Male"
2912,HMIS108,HMIS 108 - IPD Monthly Report,EBqVAQRmiPm,K0pNTBJ2iEH,CA06A,CA06a. Multiple Myeloma - Cases,Mv9SNsGCT5e,"40-64 Yrs, Female"
2913,HMIS108,HMIS 108 - IPD Monthly Report,EBqVAQRmiPm,K0pNTBJ2iEH,CA06A,CA06a. Multiple Myeloma - Cases,rU0HnmI7P8S,"65+Yrs, Male"
2914,HMIS108,HMIS 108 - IPD Monthly Report,EBqVAQRmiPm,K0pNTBJ2iEH,CA06A,CA06a. Multiple Myeloma - Cases,pfXBcPz6khi,"65+Yrs, Female"
2905,HMIS108,HMIS 108 - IPD Monthly Report,EBqVAQRmiPm,K0pNTBJ2iEH,CA06A,CA06a. Multiple Myeloma - Cases,yabsZCXTQRM,"0-14Yrs, Male"
1227,HMIS108,HMIS 108 - IPD Monthly Report,EBqVAQRmiPm,z69FgLBBCGZ,CA06B,CA06b. Multiple Myeloma - Deaths,Mv9SNsGCT5e,"40-64 Yrs, Female"
1229,HMIS108,HMIS 108 - IPD Monthly Report,EBqVAQRmiPm,z69FgLBBCGZ,CA06B,CA06b. Multiple Myeloma - Deaths,pfXBcPz6khi,"65+Yrs, Female"
1228,HMIS108,HMIS 108 - IPD Monthly Report,EBqVAQRmiPm,z69FgLBBCGZ,CA06B,CA06b. Multiple Myeloma - Deaths,rU0HnmI7P8S,"65+Yrs, Male"
1226,HMIS108,HMIS 108 - IPD Monthly Report,EBqVAQRmiPm,z69FgLBBCGZ,CA06B,CA06b. Multiple Myeloma - Deaths,tD3pn44uScE,"40-64 Yrs, Male"
1225,HMIS108,HMIS 108 - IPD Monthly Report,EBqVAQRmiPm,z69FgLBBCGZ,CA06B,CA06b. Multiple Myeloma - Deaths,JqdVRiI92bd,"18-39 Yrs, Female"
1224,HMIS108,HMIS 108 - IPD Monthly Report,EBqVAQRmiPm,z69FgLBBCGZ,CA06B,CA06b. Multiple Myeloma - Deaths,sBvVzuUN7ty,"18-39 Yrs, Male"
1223,HMIS108,HMIS 108 - IPD Monthly Report,EBqVAQRmiPm,z69FgLBBCGZ,CA06B,CA06b. Multiple Myeloma - Deaths,C9j1R3XeUB3,"15-17 Yrs, Female"
1222,HMIS108,HMIS 108 - IPD Monthly Report,EBqVAQRmiPm,z69FgLBBCGZ,CA06B,CA06b. Multiple Myeloma - Deaths,zLX9lB6eIHI,"15-17 Yrs, Male"
1221,HMIS108,HMIS 108 - IPD Monthly Report,EBqVAQRmiPm,z69FgLBBCGZ,CA06B,CA06b. Multiple Myeloma - Deaths,yWdrn6SiVZ9,"0-14Yrs, Female"
1220,HMIS108,HMIS 108 - IPD Monthly Report,EBqVAQRmiPm,z69FgLBBCGZ,CA06B,CA06b. Multiple Myeloma - Deaths,yabsZCXTQRM,"0-14Yrs, Male"
3286,HMIS108,HMIS 108 - IPD Monthly Report,EBqVAQRmiPm,prhagkMNed5,CA07A,CA07a. Colorectal Cancer,pfXBcPz6khi,"65+Yrs, Female"
3281,HMIS108,HMIS 108 - IPD Monthly Report,EBqVAQRmiPm,prhagkMNed5,CA07A,CA07a. Colorectal Cancer,sBvVzuUN7ty,"18-39 Yrs, Male"
3287,HMIS108,HMIS 108 - IPD Monthly Report,EBqVAQRmiPm,prhagkMNed5,CA07A,CA07a. Colorectal Cancer,rCzvys285kN,"0-4Yrs, Male"
3288,HMIS108,HMIS 108 - IPD Monthly Report,EBqVAQRmiPm,prhagkMNed5,CA07A,CA07a. Colorectal Cancer,VZrxjCi8cQi,"0-4Yrs, Female"
3284,HMIS108,HMIS 108 - IPD Monthly Report,EBqVAQRmiPm,prhagkMNed5,CA07A,CA07a. Colorectal Cancer,Mv9SNsGCT5e,"40-64 Yrs, Female"
3289,HMIS108,HMIS 108 - IPD Monthly Report,EBqVAQRmiPm,prhagkMNed5,CA07A,CA07a. Colorectal Cancer,ZgnHXnu30cI,"5+Yrs, Male"
3285,HMIS108,HMIS 108 - IPD Monthly Report,EBqVAQRmiPm,prhagkMNed5,CA07A,CA07a. Colorectal Cancer,rU0HnmI7P8S,"65+Yrs, Male"
3280,HMIS108,HMIS 108 - IPD Monthly Report,EBqVAQRmiPm,prhagkMNed5,CA07A,CA07a. Colorectal Cancer,C9j1R3XeUB3,"15-17 Yrs, Female"
3282,HMIS108,HMIS 108 - IPD Monthly Report,EBqVAQRmiPm,prhagkMNed5,CA07A,CA07a. Colorectal Cancer,JqdVRiI92bd,"18-39 Yrs, Female"
3278,HMIS108,HMIS 108 - IPD Monthly Report,EBqVAQRmiPm,prhagkMNed5,CA07A,CA07a. Colorectal Cancer,yWdrn6SiVZ9,"0-14Yrs, Female"
3277,HMIS108,HMIS 108 - IPD Monthly Report,EBqVAQRmiPm,prhagkMNed5,CA07A,CA07a. Colorectal Cancer,yabsZCXTQRM,"0-14Yrs, Male"
3279,HMIS108,HMIS 108 - IPD Monthly Report,EBqVAQRmiPm,prhagkMNed5,CA07A,CA07a. Colorectal Cancer,zLX9lB6eIHI,"15-17 Yrs, Male"
3290,HMIS108,HMIS 108 - IPD Monthly Report,EBqVAQRmiPm,prhagkMNed5,CA07A,CA07a. Colorectal Cancer,fHgwVjoElmE,"5+Yrs, Female"
3283,HMIS108,HMIS 108 - IPD Monthly Report,EBqVAQRmiPm,prhagkMNed5,CA07A,CA07a. Colorectal Cancer,tD3pn44uScE,"40-64 Yrs, Male"
3409,HMIS108,HMIS 108 - IPD Monthly Report,EBqVAQRmiPm,WsK3n8195Um,CA07B,CA07b. Colorectal Cancer,JqdVRiI92bd,"18-39 Yrs, Female"
3414,HMIS108,HMIS 108 - IPD Monthly Report,EBqVAQRmiPm,WsK3n8195Um,CA07B,CA07b. Colorectal Cancer,rCzvys285kN,"0-4Yrs, Male"
3415,HMIS108,HMIS 108 - IPD Monthly Report,EBqVAQRmiPm,WsK3n8195Um,CA07B,CA07b. Colorectal Cancer,VZrxjCi8cQi,"0-4Yrs, Female"
3416,HMIS108,HMIS 108 - IPD Monthly Report,EBqVAQRmiPm,WsK3n8195Um,CA07B,CA07b. Colorectal Cancer,ZgnHXnu30cI,"5+Yrs, Male"
3417,HMIS108,HMIS 108 - IPD Monthly Report,EBqVAQRmiPm,WsK3n8195Um,CA07B,CA07b. Colorectal Cancer,fHgwVjoElmE,"5+Yrs, Female"
3404,HMIS108,HMIS 108 - IPD Monthly Report,EBqVAQRmiPm,WsK3n8195Um,CA07B,CA07b. Colorectal Cancer,yabsZCXTQRM,"0-14Yrs, Male"
3405,HMIS108,HMIS 108 - IPD Monthly Report,EBqVAQRmiPm,WsK3n8195Um,CA07B,CA07b. Colorectal Cancer,yWdrn6SiVZ9,"0-14Yrs, Female"
3406,HMIS108,HMIS 108 - IPD Monthly Report,EBqVAQRmiPm,WsK3n8195Um,CA07B,CA07b. Colorectal Cancer,zLX9lB6eIHI,"15-17 Yrs, Male"
3407,HMIS108,HMIS 108 - IPD Monthly Report,EBqVAQRmiPm,WsK3n8195Um,CA07B,CA07b. Colorectal Cancer,C9j1R3XeUB3,"15-17 Yrs, Female"
3408,HMIS108,HMIS 108 - IPD Monthly Report,EBqVAQRmiPm,WsK3n8195Um,CA07B,CA07b. Colorectal Cancer,sBvVzuUN7ty,"18-39 Yrs, Male"
3410,HMIS108,HMIS 108 - IPD Monthly Report,EBqVAQRmiPm,WsK3n8195Um,CA07B,CA07b. Colorectal Cancer,tD3pn44uScE,"40-64 Yrs, Male"
3411,HMIS108,HMIS 108 - IPD Monthly Report,EBqVAQRmiPm,WsK3n8195Um,CA07B,CA07b. Colorectal Cancer,Mv9SNsGCT5e,"40-64 Yrs, Female"
3412,HMIS108,HMIS 108 - IPD Monthly Report,EBqVAQRmiPm,WsK3n8195Um,CA07B,CA07b. Colorectal Cancer,rU0HnmI7P8S,"65+Yrs, Male"
3413,HMIS108,HMIS 108 - IPD Monthly Report,EBqVAQRmiPm,WsK3n8195Um,CA07B,CA07b. Colorectal Cancer,pfXBcPz6khi,"65+Yrs, Female"
3443,HMIS108,HMIS 108 - IPD Monthly Report,EBqVAQRmiPm,Gf96wB2FmOY,CA08A,CA08a. Kaposi Sarcoma  - Cases,tD3pn44uScE,"40-64 Yrs, Male"
3446,HMIS108,HMIS 108 - IPD Monthly Report,EBqVAQRmiPm,Gf96wB2FmOY,CA08A,CA08a. Kaposi Sarcoma  - Cases,pfXBcPz6khi,"65+Yrs, Female"
3450,HMIS108,HMIS 108 - IPD Monthly Report,EBqVAQRmiPm,Gf96wB2FmOY,CA08A,CA08a. Kaposi Sarcoma  - Cases,fHgwVjoElmE,"5+Yrs, Female"
3445,HMIS108,HMIS 108 - IPD Monthly Report,EBqVAQRmiPm,Gf96wB2FmOY,CA08A,CA08a. Kaposi Sarcoma  - Cases,rU0HnmI7P8S,"65+Yrs, Male"
3449,HMIS108,HMIS 108 - IPD Monthly Report,EBqVAQRmiPm,Gf96wB2FmOY,CA08A,CA08a. Kaposi Sarcoma  - Cases,ZgnHXnu30cI,"5+Yrs, Male"
3444,HMIS108,HMIS 108 - IPD Monthly Report,EBqVAQRmiPm,Gf96wB2FmOY,CA08A,CA08a. Kaposi Sarcoma  - Cases,Mv9SNsGCT5e,"40-64 Yrs, Female"
3437,HMIS108,HMIS 108 - IPD Monthly Report,EBqVAQRmiPm,Gf96wB2FmOY,CA08A,CA08a. Kaposi Sarcoma  - Cases,yabsZCXTQRM,"0-14Yrs, Male"
3438,HMIS108,HMIS 108 - IPD Monthly Report,EBqVAQRmiPm,Gf96wB2FmOY,CA08A,CA08a. Kaposi Sarcoma  - Cases,yWdrn6SiVZ9,"0-14Yrs, Female"
3439,HMIS108,HMIS 108 - IPD Monthly Report,EBqVAQRmiPm,Gf96wB2FmOY,CA08A,CA08a. Kaposi Sarcoma  - Cases,zLX9lB6eIHI,"15-17 Yrs, Male"
3440,HMIS108,HMIS 108 - IPD Monthly Report,EBqVAQRmiPm,Gf96wB2FmOY,CA08A,CA08a. Kaposi Sarcoma  - Cases,C9j1R3XeUB3,"15-17 Yrs, Female"
3441,HMIS108,HMIS 108 - IPD Monthly Report,EBqVAQRmiPm,Gf96wB2FmOY,CA08A,CA08a. Kaposi Sarcoma  - Cases,sBvVzuUN7ty,"18-39 Yrs, Male"
3448,HMIS108,HMIS 108 - IPD Monthly Report,EBqVAQRmiPm,Gf96wB2FmOY,CA08A,CA08a. Kaposi Sarcoma  - Cases,VZrxjCi8cQi,"0-4Yrs, Female"
3447,HMIS108,HMIS 108 - IPD Monthly Report,EBqVAQRmiPm,Gf96wB2FmOY,CA08A,CA08a. Kaposi Sarcoma  - Cases,rCzvys285kN,"0-4Yrs, Male"
3442,HMIS108,HMIS 108 - IPD Monthly Report,EBqVAQRmiPm,Gf96wB2FmOY,CA08A,CA08a. Kaposi Sarcoma  - Cases,JqdVRiI92bd,"18-39 Yrs, Female"
1596,HMIS108,HMIS 108 - IPD Monthly Report,EBqVAQRmiPm,FjdpEDQcNLS,CA08B,CA08b. Kaposis Sarcoma  - Deaths,yWdrn6SiVZ9,"0-14Yrs, Female"
1597,HMIS108,HMIS 108 - IPD Monthly Report,EBqVAQRmiPm,FjdpEDQcNLS,CA08B,CA08b. Kaposis Sarcoma  - Deaths,zLX9lB6eIHI,"15-17 Yrs, Male"
1598,HMIS108,HMIS 108 - IPD Monthly Report,EBqVAQRmiPm,FjdpEDQcNLS,CA08B,CA08b. Kaposis Sarcoma  - Deaths,C9j1R3XeUB3,"15-17 Yrs, Female"
1599,HMIS108,HMIS 108 - IPD Monthly Report,EBqVAQRmiPm,FjdpEDQcNLS,CA08B,CA08b. Kaposis Sarcoma  - Deaths,sBvVzuUN7ty,"18-39 Yrs, Male"
1600,HMIS108,HMIS 108 - IPD Monthly Report,EBqVAQRmiPm,FjdpEDQcNLS,CA08B,CA08b. Kaposis Sarcoma  - Deaths,JqdVRiI92bd,"18-39 Yrs, Female"
1595,HMIS108,HMIS 108 - IPD Monthly Report,EBqVAQRmiPm,FjdpEDQcNLS,CA08B,CA08b. Kaposis Sarcoma  - Deaths,yabsZCXTQRM,"0-14Yrs, Male"
1601,HMIS108,HMIS 108 - IPD Monthly Report,EBqVAQRmiPm,FjdpEDQcNLS,CA08B,CA08b. Kaposis Sarcoma  - Deaths,tD3pn44uScE,"40-64 Yrs, Male"
1602,HMIS108,HMIS 108 - IPD Monthly Report,EBqVAQRmiPm,FjdpEDQcNLS,CA08B,CA08b. Kaposis Sarcoma  - Deaths,Mv9SNsGCT5e,"40-64 Yrs, Female"
1603,HMIS108,HMIS 108 - IPD Monthly Report,EBqVAQRmiPm,FjdpEDQcNLS,CA08B,CA08b. Kaposis Sarcoma  - Deaths,rU0HnmI7P8S,"65+Yrs, Male"
1604,HMIS108,HMIS 108 - IPD Monthly Report,EBqVAQRmiPm,FjdpEDQcNLS,CA08B,CA08b. Kaposis Sarcoma  - Deaths,pfXBcPz6khi,"65+Yrs, Female"
1605,HMIS108,HMIS 108 - IPD Monthly Report,EBqVAQRmiPm,FjdpEDQcNLS,CA08B,CA08b. Kaposis Sarcoma  - Deaths,rCzvys285kN,"0-4Yrs, Male"
1606,HMIS108,HMIS 108 - IPD Monthly Report,EBqVAQRmiPm,FjdpEDQcNLS,CA08B,CA08b. Kaposis Sarcoma  - Deaths,VZrxjCi8cQi,"0-4Yrs, Female"
1607,HMIS108,HMIS 108 - IPD Monthly Report,EBqVAQRmiPm,FjdpEDQcNLS,CA08B,CA08b. Kaposis Sarcoma  - Deaths,ZgnHXnu30cI,"5+Yrs, Male"
1608,HMIS108,HMIS 108 - IPD Monthly Report,EBqVAQRmiPm,FjdpEDQcNLS,CA08B,CA08b. Kaposis Sarcoma  - Deaths,fHgwVjoElmE,"5+Yrs, Female"
1406,HMIS108,HMIS 108 - IPD Monthly Report,EBqVAQRmiPm,i9fIIRAoqxP,CA09A,CA09a. Skin Cancer - Cases,rU0HnmI7P8S,"65+Yrs, Male"
1407,HMIS108,HMIS 108 - IPD Monthly Report,EBqVAQRmiPm,i9fIIRAoqxP,CA09A,CA09a. Skin Cancer - Cases,pfXBcPz6khi,"65+Yrs, Female"
1400,HMIS108,HMIS 108 - IPD Monthly Report,EBqVAQRmiPm,i9fIIRAoqxP,CA09A,CA09a. Skin Cancer - Cases,zLX9lB6eIHI,"15-17 Yrs, Male"
1404,HMIS108,HMIS 108 - IPD Monthly Report,EBqVAQRmiPm,i9fIIRAoqxP,CA09A,CA09a. Skin Cancer - Cases,tD3pn44uScE,"40-64 Yrs, Male"
1403,HMIS108,HMIS 108 - IPD Monthly Report,EBqVAQRmiPm,i9fIIRAoqxP,CA09A,CA09a. Skin Cancer - Cases,JqdVRiI92bd,"18-39 Yrs, Female"
1401,HMIS108,HMIS 108 - IPD Monthly Report,EBqVAQRmiPm,i9fIIRAoqxP,CA09A,CA09a. Skin Cancer - Cases,C9j1R3XeUB3,"15-17 Yrs, Female"
1402,HMIS108,HMIS 108 - IPD Monthly Report,EBqVAQRmiPm,i9fIIRAoqxP,CA09A,CA09a. Skin Cancer - Cases,sBvVzuUN7ty,"18-39 Yrs, Male"
1405,HMIS108,HMIS 108 - IPD Monthly Report,EBqVAQRmiPm,i9fIIRAoqxP,CA09A,CA09a. Skin Cancer - Cases,Mv9SNsGCT5e,"40-64 Yrs, Female"
1398,HMIS108,HMIS 108 - IPD Monthly Report,EBqVAQRmiPm,i9fIIRAoqxP,CA09A,CA09a. Skin Cancer - Cases,yabsZCXTQRM,"0-14Yrs, Male"
1399,HMIS108,HMIS 108 - IPD Monthly Report,EBqVAQRmiPm,i9fIIRAoqxP,CA09A,CA09a. Skin Cancer - Cases,yWdrn6SiVZ9,"0-14Yrs, Female"
1419,HMIS108,HMIS 108 - IPD Monthly Report,EBqVAQRmiPm,Ve2aozpWDuB,CA09B,CA09b. Skin Cancer - Deaths,zLX9lB6eIHI,"15-17 Yrs, Male"
1426,HMIS108,HMIS 108 - IPD Monthly Report,EBqVAQRmiPm,Ve2aozpWDuB,CA09B,CA09b. Skin Cancer - Deaths,pfXBcPz6khi,"65+Yrs, Female"
1425,HMIS108,HMIS 108 - IPD Monthly Report,EBqVAQRmiPm,Ve2aozpWDuB,CA09B,CA09b. Skin Cancer - Deaths,rU0HnmI7P8S,"65+Yrs, Male"
1424,HMIS108,HMIS 108 - IPD Monthly Report,EBqVAQRmiPm,Ve2aozpWDuB,CA09B,CA09b. Skin Cancer - Deaths,Mv9SNsGCT5e,"40-64 Yrs, Female"
1423,HMIS108,HMIS 108 - IPD Monthly Report,EBqVAQRmiPm,Ve2aozpWDuB,CA09B,CA09b. Skin Cancer - Deaths,tD3pn44uScE,"40-64 Yrs, Male"
1422,HMIS108,HMIS 108 - IPD Monthly Report,EBqVAQRmiPm,Ve2aozpWDuB,CA09B,CA09b. Skin Cancer - Deaths,JqdVRiI92bd,"18-39 Yrs, Female"
1421,HMIS108,HMIS 108 - IPD Monthly Report,EBqVAQRmiPm,Ve2aozpWDuB,CA09B,CA09b. Skin Cancer - Deaths,sBvVzuUN7ty,"18-39 Yrs, Male"
1417,HMIS108,HMIS 108 - IPD Monthly Report,EBqVAQRmiPm,Ve2aozpWDuB,CA09B,CA09b. Skin Cancer - Deaths,yabsZCXTQRM,"0-14Yrs, Male"
1418,HMIS108,HMIS 108 - IPD Monthly Report,EBqVAQRmiPm,Ve2aozpWDuB,CA09B,CA09b. Skin Cancer - Deaths,yWdrn6SiVZ9,"0-14Yrs, Female"
1420,HMIS108,HMIS 108 - IPD Monthly Report,EBqVAQRmiPm,Ve2aozpWDuB,CA09B,CA09b. Skin Cancer - Deaths,C9j1R3XeUB3,"15-17 Yrs, Female"
3681,HMIS108,HMIS 108 - IPD Monthly Report,EBqVAQRmiPm,qt5v2VfnCAo,CA10A,CA10a. Leukemia  - Cases,rU0HnmI7P8S,"65+Yrs, Male"
3683,HMIS108,HMIS 108 - IPD Monthly Report,EBqVAQRmiPm,qt5v2VfnCAo,CA10A,CA10a. Leukemia  - Cases,rCzvys285kN,"0-4Yrs, Male"
3673,HMIS108,HMIS 108 - IPD Monthly Report,EBqVAQRmiPm,qt5v2VfnCAo,CA10A,CA10a. Leukemia  - Cases,yabsZCXTQRM,"0-14Yrs, Male"
3674,HMIS108,HMIS 108 - IPD Monthly Report,EBqVAQRmiPm,qt5v2VfnCAo,CA10A,CA10a. Leukemia  - Cases,yWdrn6SiVZ9,"0-14Yrs, Female"
3675,HMIS108,HMIS 108 - IPD Monthly Report,EBqVAQRmiPm,qt5v2VfnCAo,CA10A,CA10a. Leukemia  - Cases,zLX9lB6eIHI,"15-17 Yrs, Male"
3676,HMIS108,HMIS 108 - IPD Monthly Report,EBqVAQRmiPm,qt5v2VfnCAo,CA10A,CA10a. Leukemia  - Cases,C9j1R3XeUB3,"15-17 Yrs, Female"
3677,HMIS108,HMIS 108 - IPD Monthly Report,EBqVAQRmiPm,qt5v2VfnCAo,CA10A,CA10a. Leukemia  - Cases,sBvVzuUN7ty,"18-39 Yrs, Male"
3678,HMIS108,HMIS 108 - IPD Monthly Report,EBqVAQRmiPm,qt5v2VfnCAo,CA10A,CA10a. Leukemia  - Cases,JqdVRiI92bd,"18-39 Yrs, Female"
3679,HMIS108,HMIS 108 - IPD Monthly Report,EBqVAQRmiPm,qt5v2VfnCAo,CA10A,CA10a. Leukemia  - Cases,tD3pn44uScE,"40-64 Yrs, Male"
3680,HMIS108,HMIS 108 - IPD Monthly Report,EBqVAQRmiPm,qt5v2VfnCAo,CA10A,CA10a. Leukemia  - Cases,Mv9SNsGCT5e,"40-64 Yrs, Female"
3684,HMIS108,HMIS 108 - IPD Monthly Report,EBqVAQRmiPm,qt5v2VfnCAo,CA10A,CA10a. Leukemia  - Cases,VZrxjCi8cQi,"0-4Yrs, Female"
3685,HMIS108,HMIS 108 - IPD Monthly Report,EBqVAQRmiPm,qt5v2VfnCAo,CA10A,CA10a. Leukemia  - Cases,ZgnHXnu30cI,"5+Yrs, Male"
3682,HMIS108,HMIS 108 - IPD Monthly Report,EBqVAQRmiPm,qt5v2VfnCAo,CA10A,CA10a. Leukemia  - Cases,pfXBcPz6khi,"65+Yrs, Female"
3686,HMIS108,HMIS 108 - IPD Monthly Report,EBqVAQRmiPm,qt5v2VfnCAo,CA10A,CA10a. Leukemia  - Cases,fHgwVjoElmE,"5+Yrs, Female"
1846,HMIS108,HMIS 108 - IPD Monthly Report,EBqVAQRmiPm,gDvlabwkgYL,CA10B,CA10b. Leukemia  - Deaths,fHgwVjoElmE,"5+Yrs, Female"
1834,HMIS108,HMIS 108 - IPD Monthly Report,EBqVAQRmiPm,gDvlabwkgYL,CA10B,CA10b. Leukemia  - Deaths,yWdrn6SiVZ9,"0-14Yrs, Female"
1839,HMIS108,HMIS 108 - IPD Monthly Report,EBqVAQRmiPm,gDvlabwkgYL,CA10B,CA10b. Leukemia  - Deaths,tD3pn44uScE,"40-64 Yrs, Male"
1836,HMIS108,HMIS 108 - IPD Monthly Report,EBqVAQRmiPm,gDvlabwkgYL,CA10B,CA10b. Leukemia  - Deaths,C9j1R3XeUB3,"15-17 Yrs, Female"
1840,HMIS108,HMIS 108 - IPD Monthly Report,EBqVAQRmiPm,gDvlabwkgYL,CA10B,CA10b. Leukemia  - Deaths,Mv9SNsGCT5e,"40-64 Yrs, Female"
1841,HMIS108,HMIS 108 - IPD Monthly Report,EBqVAQRmiPm,gDvlabwkgYL,CA10B,CA10b. Leukemia  - Deaths,rU0HnmI7P8S,"65+Yrs, Male"
1842,HMIS108,HMIS 108 - IPD Monthly Report,EBqVAQRmiPm,gDvlabwkgYL,CA10B,CA10b. Leukemia  - Deaths,pfXBcPz6khi,"65+Yrs, Female"
1835,HMIS108,HMIS 108 - IPD Monthly Report,EBqVAQRmiPm,gDvlabwkgYL,CA10B,CA10b. Leukemia  - Deaths,zLX9lB6eIHI,"15-17 Yrs, Male"
1838,HMIS108,HMIS 108 - IPD Monthly Report,EBqVAQRmiPm,gDvlabwkgYL,CA10B,CA10b. Leukemia  - Deaths,JqdVRiI92bd,"18-39 Yrs, Female"
1837,HMIS108,HMIS 108 - IPD Monthly Report,EBqVAQRmiPm,gDvlabwkgYL,CA10B,CA10b. Leukemia  - Deaths,sBvVzuUN7ty,"18-39 Yrs, Male"
1833,HMIS108,HMIS 108 - IPD Monthly Report,EBqVAQRmiPm,gDvlabwkgYL,CA10B,CA10b. Leukemia  - Deaths,yabsZCXTQRM,"0-14Yrs, Male"
1843,HMIS108,HMIS 108 - IPD Monthly Report,EBqVAQRmiPm,gDvlabwkgYL,CA10B,CA10b. Leukemia  - Deaths,rCzvys285kN,"0-4Yrs, Male"
1844,HMIS108,HMIS 108 - IPD Monthly Report,EBqVAQRmiPm,gDvlabwkgYL,CA10B,CA10b. Leukemia  - Deaths,VZrxjCi8cQi,"0-4Yrs, Female"
1845,HMIS108,HMIS 108 - IPD Monthly Report,EBqVAQRmiPm,gDvlabwkgYL,CA10B,CA10b. Leukemia  - Deaths,ZgnHXnu30cI,"5+Yrs, Male"
59,HMIS108,HMIS 108 - IPD Monthly Report,EBqVAQRmiPm,vf0VgcuRSym,CA11,CA11. Burkitt Lymphoma - Cases,C9j1R3XeUB3,"15-17 Yrs, Female"
58,HMIS108,HMIS 108 - IPD Monthly Report,EBqVAQRmiPm,vf0VgcuRSym,CA11,CA11. Burkitt Lymphoma - Cases,zLX9lB6eIHI,"15-17 Yrs, Male"
57,HMIS108,HMIS 108 - IPD Monthly Report,EBqVAQRmiPm,vf0VgcuRSym,CA11,CA11. Burkitt Lymphoma - Cases,yWdrn6SiVZ9,"0-14Yrs, Female"
56,HMIS108,HMIS 108 - IPD Monthly Report,EBqVAQRmiPm,vf0VgcuRSym,CA11,CA11. Burkitt Lymphoma - Cases,yabsZCXTQRM,"0-14Yrs, Male"
60,HMIS108,HMIS 108 - IPD Monthly Report,EBqVAQRmiPm,vf0VgcuRSym,CA11,CA11. Burkitt Lymphoma - Cases,sBvVzuUN7ty,"18-39 Yrs, Male"
61,HMIS108,HMIS 108 - IPD Monthly Report,EBqVAQRmiPm,vf0VgcuRSym,CA11,CA11. Burkitt Lymphoma - Cases,JqdVRiI92bd,"18-39 Yrs, Female"
62,HMIS108,HMIS 108 - IPD Monthly Report,EBqVAQRmiPm,vf0VgcuRSym,CA11,CA11. Burkitt Lymphoma - Cases,tD3pn44uScE,"40-64 Yrs, Male"
63,HMIS108,HMIS 108 - IPD Monthly Report,EBqVAQRmiPm,vf0VgcuRSym,CA11,CA11. Burkitt Lymphoma - Cases,Mv9SNsGCT5e,"40-64 Yrs, Female"
64,HMIS108,HMIS 108 - IPD Monthly Report,EBqVAQRmiPm,vf0VgcuRSym,CA11,CA11. Burkitt Lymphoma - Cases,rU0HnmI7P8S,"65+Yrs, Male"
65,HMIS108,HMIS 108 - IPD Monthly Report,EBqVAQRmiPm,vf0VgcuRSym,CA11,CA11. Burkitt Lymphoma - Cases,pfXBcPz6khi,"65+Yrs, Female"
285,HMIS108,HMIS 108 - IPD Monthly Report,EBqVAQRmiPm,gTZfFXg8ChV,CA11. Burkitt Lymphoma  - Deaths,CA11. Burkitt Lymphoma  - Deaths,C9j1R3XeUB3,"15-17 Yrs, Female"
290,HMIS108,HMIS 108 - IPD Monthly Report,EBqVAQRmiPm,gTZfFXg8ChV,CA11. Burkitt Lymphoma  - Deaths,CA11. Burkitt Lymphoma  - Deaths,rU0HnmI7P8S,"65+Yrs, Male"
289,HMIS108,HMIS 108 - IPD Monthly Report,EBqVAQRmiPm,gTZfFXg8ChV,CA11. Burkitt Lymphoma  - Deaths,CA11. Burkitt Lymphoma  - Deaths,Mv9SNsGCT5e,"40-64 Yrs, Female"
286,HMIS108,HMIS 108 - IPD Monthly Report,EBqVAQRmiPm,gTZfFXg8ChV,CA11. Burkitt Lymphoma  - Deaths,CA11. Burkitt Lymphoma  - Deaths,sBvVzuUN7ty,"18-39 Yrs, Male"
287,HMIS108,HMIS 108 - IPD Monthly Report,EBqVAQRmiPm,gTZfFXg8ChV,CA11. Burkitt Lymphoma  - Deaths,CA11. Burkitt Lymphoma  - Deaths,JqdVRiI92bd,"18-39 Yrs, Female"
288,HMIS108,HMIS 108 - IPD Monthly Report,EBqVAQRmiPm,gTZfFXg8ChV,CA11. Burkitt Lymphoma  - Deaths,CA11. Burkitt Lymphoma  - Deaths,tD3pn44uScE,"40-64 Yrs, Male"
291,HMIS108,HMIS 108 - IPD Monthly Report,EBqVAQRmiPm,gTZfFXg8ChV,CA11. Burkitt Lymphoma  - Deaths,CA11. Burkitt Lymphoma  - Deaths,pfXBcPz6khi,"65+Yrs, Female"
282,HMIS108,HMIS 108 - IPD Monthly Report,EBqVAQRmiPm,gTZfFXg8ChV,CA11. Burkitt Lymphoma  - Deaths,CA11. Burkitt Lymphoma  - Deaths,yabsZCXTQRM,"0-14Yrs, Male"
283,HMIS108,HMIS 108 - IPD Monthly Report,EBqVAQRmiPm,gTZfFXg8ChV,CA11. Burkitt Lymphoma  - Deaths,CA11. Burkitt Lymphoma  - Deaths,yWdrn6SiVZ9,"0-14Yrs, Female"
284,HMIS108,HMIS 108 - IPD Monthly Report,EBqVAQRmiPm,gTZfFXg8ChV,CA11. Burkitt Lymphoma  - Deaths,CA11. Burkitt Lymphoma  - Deaths,zLX9lB6eIHI,"15-17 Yrs, Male"
4236,HMIS108,HMIS 108 - IPD Monthly Report,EBqVAQRmiPm,thUG7gedVE8,CA12A,CA12a. Other forms of lymphomas - Cases,zLX9lB6eIHI,"15-17 Yrs, Male"
4243,HMIS108,HMIS 108 - IPD Monthly Report,EBqVAQRmiPm,thUG7gedVE8,CA12A,CA12a. Other forms of lymphomas - Cases,pfXBcPz6khi,"65+Yrs, Female"
4242,HMIS108,HMIS 108 - IPD Monthly Report,EBqVAQRmiPm,thUG7gedVE8,CA12A,CA12a. Other forms of lymphomas - Cases,rU0HnmI7P8S,"65+Yrs, Male"
4241,HMIS108,HMIS 108 - IPD Monthly Report,EBqVAQRmiPm,thUG7gedVE8,CA12A,CA12a. Other forms of lymphomas - Cases,Mv9SNsGCT5e,"40-64 Yrs, Female"
4240,HMIS108,HMIS 108 - IPD Monthly Report,EBqVAQRmiPm,thUG7gedVE8,CA12A,CA12a. Other forms of lymphomas - Cases,tD3pn44uScE,"40-64 Yrs, Male"
4239,HMIS108,HMIS 108 - IPD Monthly Report,EBqVAQRmiPm,thUG7gedVE8,CA12A,CA12a. Other forms of lymphomas - Cases,JqdVRiI92bd,"18-39 Yrs, Female"
4238,HMIS108,HMIS 108 - IPD Monthly Report,EBqVAQRmiPm,thUG7gedVE8,CA12A,CA12a. Other forms of lymphomas - Cases,sBvVzuUN7ty,"18-39 Yrs, Male"
4237,HMIS108,HMIS 108 - IPD Monthly Report,EBqVAQRmiPm,thUG7gedVE8,CA12A,CA12a. Other forms of lymphomas - Cases,C9j1R3XeUB3,"15-17 Yrs, Female"
4235,HMIS108,HMIS 108 - IPD Monthly Report,EBqVAQRmiPm,thUG7gedVE8,CA12A,CA12a. Other forms of lymphomas - Cases,yWdrn6SiVZ9,"0-14Yrs, Female"
4234,HMIS108,HMIS 108 - IPD Monthly Report,EBqVAQRmiPm,thUG7gedVE8,CA12A,CA12a. Other forms of lymphomas - Cases,yabsZCXTQRM,"0-14Yrs, Male"
593,HMIS108,HMIS 108 - IPD Monthly Report,EBqVAQRmiPm,yla08nBdBKT,CA12B,CA12a. Other forms of lymphomas - Deaths,yabsZCXTQRM,"0-14Yrs, Male"
596,HMIS108,HMIS 108 - IPD Monthly Report,EBqVAQRmiPm,yla08nBdBKT,CA12B,CA12a. Other forms of lymphomas - Deaths,C9j1R3XeUB3,"15-17 Yrs, Female"
602,HMIS108,HMIS 108 - IPD Monthly Report,EBqVAQRmiPm,yla08nBdBKT,CA12B,CA12a. Other forms of lymphomas - Deaths,pfXBcPz6khi,"65+Yrs, Female"
601,HMIS108,HMIS 108 - IPD Monthly Report,EBqVAQRmiPm,yla08nBdBKT,CA12B,CA12a. Other forms of lymphomas - Deaths,rU0HnmI7P8S,"65+Yrs, Male"
594,HMIS108,HMIS 108 - IPD Monthly Report,EBqVAQRmiPm,yla08nBdBKT,CA12B,CA12a. Other forms of lymphomas - Deaths,yWdrn6SiVZ9,"0-14Yrs, Female"
597,HMIS108,HMIS 108 - IPD Monthly Report,EBqVAQRmiPm,yla08nBdBKT,CA12B,CA12a. Other forms of lymphomas - Deaths,sBvVzuUN7ty,"18-39 Yrs, Male"
598,HMIS108,HMIS 108 - IPD Monthly Report,EBqVAQRmiPm,yla08nBdBKT,CA12B,CA12a. Other forms of lymphomas - Deaths,JqdVRiI92bd,"18-39 Yrs, Female"
599,HMIS108,HMIS 108 - IPD Monthly Report,EBqVAQRmiPm,yla08nBdBKT,CA12B,CA12a. Other forms of lymphomas - Deaths,tD3pn44uScE,"40-64 Yrs, Male"
600,HMIS108,HMIS 108 - IPD Monthly Report,EBqVAQRmiPm,yla08nBdBKT,CA12B,CA12a. Other forms of lymphomas - Deaths,Mv9SNsGCT5e,"40-64 Yrs, Female"
595,HMIS108,HMIS 108 - IPD Monthly Report,EBqVAQRmiPm,yla08nBdBKT,CA12B,CA12a. Other forms of lymphomas - Deaths,zLX9lB6eIHI,"15-17 Yrs, Male"
2167,HMIS108,HMIS 108 - IPD Monthly Report,EBqVAQRmiPm,lCcUElft2pg,CA14,CA14a. Urogenital Cancer - Cases,C9j1R3XeUB3,"15-17 Yrs, Female"
2168,HMIS108,HMIS 108 - IPD Monthly Report,EBqVAQRmiPm,lCcUElft2pg,CA14,CA14a. Urogenital Cancer - Cases,sBvVzuUN7ty,"18-39 Yrs, Male"
2169,HMIS108,HMIS 108 - IPD Monthly Report,EBqVAQRmiPm,lCcUElft2pg,CA14,CA14a. Urogenital Cancer - Cases,JqdVRiI92bd,"18-39 Yrs, Female"
2170,HMIS108,HMIS 108 - IPD Monthly Report,EBqVAQRmiPm,lCcUElft2pg,CA14,CA14a. Urogenital Cancer - Cases,tD3pn44uScE,"40-64 Yrs, Male"
2171,HMIS108,HMIS 108 - IPD Monthly Report,EBqVAQRmiPm,lCcUElft2pg,CA14,CA14a. Urogenital Cancer - Cases,Mv9SNsGCT5e,"40-64 Yrs, Female"
2172,HMIS108,HMIS 108 - IPD Monthly Report,EBqVAQRmiPm,lCcUElft2pg,CA14,CA14a. Urogenital Cancer - Cases,rU0HnmI7P8S,"65+Yrs, Male"
2173,HMIS108,HMIS 108 - IPD Monthly Report,EBqVAQRmiPm,lCcUElft2pg,CA14,CA14a. Urogenital Cancer - Cases,pfXBcPz6khi,"65+Yrs, Female"
2165,HMIS108,HMIS 108 - IPD Monthly Report,EBqVAQRmiPm,lCcUElft2pg,CA14,CA14a. Urogenital Cancer - Cases,yWdrn6SiVZ9,"0-14Yrs, Female"
2164,HMIS108,HMIS 108 - IPD Monthly Report,EBqVAQRmiPm,lCcUElft2pg,CA14,CA14a. Urogenital Cancer - Cases,yabsZCXTQRM,"0-14Yrs, Male"
2166,HMIS108,HMIS 108 - IPD Monthly Report,EBqVAQRmiPm,lCcUElft2pg,CA14,CA14a. Urogenital Cancer - Cases,zLX9lB6eIHI,"15-17 Yrs, Male"
2798,HMIS108,HMIS 108 - IPD Monthly Report,EBqVAQRmiPm,aAOrgaWlle1,CA14A_2019,CA14a_2019. Hepatocellular carcinoma  - Cases,ZgnHXnu30cI,"5+Yrs, Male"
2797,HMIS108,HMIS 108 - IPD Monthly Report,EBqVAQRmiPm,aAOrgaWlle1,CA14A_2019,CA14a_2019. Hepatocellular carcinoma  - Cases,VZrxjCi8cQi,"0-4Yrs, Female"
2796,HMIS108,HMIS 108 - IPD Monthly Report,EBqVAQRmiPm,aAOrgaWlle1,CA14A_2019,CA14a_2019. Hepatocellular carcinoma  - Cases,rCzvys285kN,"0-4Yrs, Male"
2799,HMIS108,HMIS 108 - IPD Monthly Report,EBqVAQRmiPm,aAOrgaWlle1,CA14A_2019,CA14a_2019. Hepatocellular carcinoma  - Cases,fHgwVjoElmE,"5+Yrs, Female"
2466,HMIS108,HMIS 108 - IPD Monthly Report,EBqVAQRmiPm,B84rSoVL685,CA14B,CA14b. Urogenital Cancer - Deaths,rU0HnmI7P8S,"65+Yrs, Male"
2458,HMIS108,HMIS 108 - IPD Monthly Report,EBqVAQRmiPm,B84rSoVL685,CA14B,CA14b. Urogenital Cancer - Deaths,yabsZCXTQRM,"0-14Yrs, Male"
2459,HMIS108,HMIS 108 - IPD Monthly Report,EBqVAQRmiPm,B84rSoVL685,CA14B,CA14b. Urogenital Cancer - Deaths,yWdrn6SiVZ9,"0-14Yrs, Female"
2460,HMIS108,HMIS 108 - IPD Monthly Report,EBqVAQRmiPm,B84rSoVL685,CA14B,CA14b. Urogenital Cancer - Deaths,zLX9lB6eIHI,"15-17 Yrs, Male"
2461,HMIS108,HMIS 108 - IPD Monthly Report,EBqVAQRmiPm,B84rSoVL685,CA14B,CA14b. Urogenital Cancer - Deaths,C9j1R3XeUB3,"15-17 Yrs, Female"
2462,HMIS108,HMIS 108 - IPD Monthly Report,EBqVAQRmiPm,B84rSoVL685,CA14B,CA14b. Urogenital Cancer - Deaths,sBvVzuUN7ty,"18-39 Yrs, Male"
2463,HMIS108,HMIS 108 - IPD Monthly Report,EBqVAQRmiPm,B84rSoVL685,CA14B,CA14b. Urogenital Cancer - Deaths,JqdVRiI92bd,"18-39 Yrs, Female"
2464,HMIS108,HMIS 108 - IPD Monthly Report,EBqVAQRmiPm,B84rSoVL685,CA14B,CA14b. Urogenital Cancer - Deaths,tD3pn44uScE,"40-64 Yrs, Male"
2465,HMIS108,HMIS 108 - IPD Monthly Report,EBqVAQRmiPm,B84rSoVL685,CA14B,CA14b. Urogenital Cancer - Deaths,Mv9SNsGCT5e,"40-64 Yrs, Female"
2467,HMIS108,HMIS 108 - IPD Monthly Report,EBqVAQRmiPm,B84rSoVL685,CA14B,CA14b. Urogenital Cancer - Deaths,pfXBcPz6khi,"65+Yrs, Female"
1028,HMIS108,HMIS 108 - IPD Monthly Report,EBqVAQRmiPm,IwouoE2x0dR,CA14B_2019,CA14b_2019. Hepatocellular carcinoma  - Deaths,ZgnHXnu30cI,"5+Yrs, Male"
1029,HMIS108,HMIS 108 - IPD Monthly Report,EBqVAQRmiPm,IwouoE2x0dR,CA14B_2019,CA14b_2019. Hepatocellular carcinoma  - Deaths,fHgwVjoElmE,"5+Yrs, Female"
1027,HMIS108,HMIS 108 - IPD Monthly Report,EBqVAQRmiPm,IwouoE2x0dR,CA14B_2019,CA14b_2019. Hepatocellular carcinoma  - Deaths,VZrxjCi8cQi,"0-4Yrs, Female"
1026,HMIS108,HMIS 108 - IPD Monthly Report,EBqVAQRmiPm,IwouoE2x0dR,CA14B_2019,CA14b_2019. Hepatocellular carcinoma  - Deaths,rCzvys285kN,"0-4Yrs, Male"
1271,HMIS108,HMIS 108 - IPD Monthly Report,EBqVAQRmiPm,K0kWyPsTdeW,CA15,CA15. Benign Prostate Hyperplasia- Cases,yabsZCXTQRM,"0-14Yrs, Male"
1272,HMIS108,HMIS 108 - IPD Monthly Report,EBqVAQRmiPm,K0kWyPsTdeW,CA15,CA15. Benign Prostate Hyperplasia- Cases,yWdrn6SiVZ9,"0-14Yrs, Female"
1273,HMIS108,HMIS 108 - IPD Monthly Report,EBqVAQRmiPm,K0kWyPsTdeW,CA15,CA15. Benign Prostate Hyperplasia- Cases,zLX9lB6eIHI,"15-17 Yrs, Male"
1274,HMIS108,HMIS 108 - IPD Monthly Report,EBqVAQRmiPm,K0kWyPsTdeW,CA15,CA15. Benign Prostate Hyperplasia- Cases,C9j1R3XeUB3,"15-17 Yrs, Female"
1275,HMIS108,HMIS 108 - IPD Monthly Report,EBqVAQRmiPm,K0kWyPsTdeW,CA15,CA15. Benign Prostate Hyperplasia- Cases,sBvVzuUN7ty,"18-39 Yrs, Male"
1276,HMIS108,HMIS 108 - IPD Monthly Report,EBqVAQRmiPm,K0kWyPsTdeW,CA15,CA15. Benign Prostate Hyperplasia- Cases,JqdVRiI92bd,"18-39 Yrs, Female"
1278,HMIS108,HMIS 108 - IPD Monthly Report,EBqVAQRmiPm,K0kWyPsTdeW,CA15,CA15. Benign Prostate Hyperplasia- Cases,Mv9SNsGCT5e,"40-64 Yrs, Female"
1279,HMIS108,HMIS 108 - IPD Monthly Report,EBqVAQRmiPm,K0kWyPsTdeW,CA15,CA15. Benign Prostate Hyperplasia- Cases,rU0HnmI7P8S,"65+Yrs, Male"
1280,HMIS108,HMIS 108 - IPD Monthly Report,EBqVAQRmiPm,K0kWyPsTdeW,CA15,CA15. Benign Prostate Hyperplasia- Cases,pfXBcPz6khi,"65+Yrs, Female"
1277,HMIS108,HMIS 108 - IPD Monthly Report,EBqVAQRmiPm,K0kWyPsTdeW,CA15,CA15. Benign Prostate Hyperplasia- Cases,tD3pn44uScE,"40-64 Yrs, Male"
2711,HMIS108,HMIS 108 - IPD Monthly Report,EBqVAQRmiPm,OHZWY18Tn6S,CA15B,CA15. Benign Prostate Hyperplasia- Deaths,JqdVRiI92bd,"18-39 Yrs, Female"
2710,HMIS108,HMIS 108 - IPD Monthly Report,EBqVAQRmiPm,OHZWY18Tn6S,CA15B,CA15. Benign Prostate Hyperplasia- Deaths,sBvVzuUN7ty,"18-39 Yrs, Male"
2709,HMIS108,HMIS 108 - IPD Monthly Report,EBqVAQRmiPm,OHZWY18Tn6S,CA15B,CA15. Benign Prostate Hyperplasia- Deaths,C9j1R3XeUB3,"15-17 Yrs, Female"
2708,HMIS108,HMIS 108 - IPD Monthly Report,EBqVAQRmiPm,OHZWY18Tn6S,CA15B,CA15. Benign Prostate Hyperplasia- Deaths,zLX9lB6eIHI,"15-17 Yrs, Male"
2707,HMIS108,HMIS 108 - IPD Monthly Report,EBqVAQRmiPm,OHZWY18Tn6S,CA15B,CA15. Benign Prostate Hyperplasia- Deaths,yWdrn6SiVZ9,"0-14Yrs, Female"
2706,HMIS108,HMIS 108 - IPD Monthly Report,EBqVAQRmiPm,OHZWY18Tn6S,CA15B,CA15. Benign Prostate Hyperplasia- Deaths,yabsZCXTQRM,"0-14Yrs, Male"
2714,HMIS108,HMIS 108 - IPD Monthly Report,EBqVAQRmiPm,OHZWY18Tn6S,CA15B,CA15. Benign Prostate Hyperplasia- Deaths,rU0HnmI7P8S,"65+Yrs, Male"
2713,HMIS108,HMIS 108 - IPD Monthly Report,EBqVAQRmiPm,OHZWY18Tn6S,CA15B,CA15. Benign Prostate Hyperplasia- Deaths,Mv9SNsGCT5e,"40-64 Yrs, Female"
2715,HMIS108,HMIS 108 - IPD Monthly Report,EBqVAQRmiPm,OHZWY18Tn6S,CA15B,CA15. Benign Prostate Hyperplasia- Deaths,pfXBcPz6khi,"65+Yrs, Female"
2712,HMIS108,HMIS 108 - IPD Monthly Report,EBqVAQRmiPm,OHZWY18Tn6S,CA15B,CA15. Benign Prostate Hyperplasia- Deaths,tD3pn44uScE,"40-64 Yrs, Male"
3619,HMIS108,HMIS 108 - IPD Monthly Report,EBqVAQRmiPm,eDSbcOur4jY,CA16,CA16. Oral Cancers- Cases,C9j1R3XeUB3,"15-17 Yrs, Female"
3617,HMIS108,HMIS 108 - IPD Monthly Report,EBqVAQRmiPm,eDSbcOur4jY,CA16,CA16. Oral Cancers- Cases,yWdrn6SiVZ9,"0-14Yrs, Female"
3624,HMIS108,HMIS 108 - IPD Monthly Report,EBqVAQRmiPm,eDSbcOur4jY,CA16,CA16. Oral Cancers- Cases,rU0HnmI7P8S,"65+Yrs, Male"
3623,HMIS108,HMIS 108 - IPD Monthly Report,EBqVAQRmiPm,eDSbcOur4jY,CA16,CA16. Oral Cancers- Cases,Mv9SNsGCT5e,"40-64 Yrs, Female"
3622,HMIS108,HMIS 108 - IPD Monthly Report,EBqVAQRmiPm,eDSbcOur4jY,CA16,CA16. Oral Cancers- Cases,tD3pn44uScE,"40-64 Yrs, Male"
3625,HMIS108,HMIS 108 - IPD Monthly Report,EBqVAQRmiPm,eDSbcOur4jY,CA16,CA16. Oral Cancers- Cases,pfXBcPz6khi,"65+Yrs, Female"
3616,HMIS108,HMIS 108 - IPD Monthly Report,EBqVAQRmiPm,eDSbcOur4jY,CA16,CA16. Oral Cancers- Cases,yabsZCXTQRM,"0-14Yrs, Male"
3621,HMIS108,HMIS 108 - IPD Monthly Report,EBqVAQRmiPm,eDSbcOur4jY,CA16,CA16. Oral Cancers- Cases,JqdVRiI92bd,"18-39 Yrs, Female"
3620,HMIS108,HMIS 108 - IPD Monthly Report,EBqVAQRmiPm,eDSbcOur4jY,CA16,CA16. Oral Cancers- Cases,sBvVzuUN7ty,"18-39 Yrs, Male"
3618,HMIS108,HMIS 108 - IPD Monthly Report,EBqVAQRmiPm,eDSbcOur4jY,CA16,CA16. Oral Cancers- Cases,zLX9lB6eIHI,"15-17 Yrs, Male"
219,HMIS108,HMIS 108 - IPD Monthly Report,EBqVAQRmiPm,oQiuuiJwmYQ,CA16B,CA16. Oral Cancers- Deaths,tD3pn44uScE,"40-64 Yrs, Male"
215,HMIS108,HMIS 108 - IPD Monthly Report,EBqVAQRmiPm,oQiuuiJwmYQ,CA16B,CA16. Oral Cancers- Deaths,zLX9lB6eIHI,"15-17 Yrs, Male"
222,HMIS108,HMIS 108 - IPD Monthly Report,EBqVAQRmiPm,oQiuuiJwmYQ,CA16B,CA16. Oral Cancers- Deaths,pfXBcPz6khi,"65+Yrs, Female"
221,HMIS108,HMIS 108 - IPD Monthly Report,EBqVAQRmiPm,oQiuuiJwmYQ,CA16B,CA16. Oral Cancers- Deaths,rU0HnmI7P8S,"65+Yrs, Male"
220,HMIS108,HMIS 108 - IPD Monthly Report,EBqVAQRmiPm,oQiuuiJwmYQ,CA16B,CA16. Oral Cancers- Deaths,Mv9SNsGCT5e,"40-64 Yrs, Female"
218,HMIS108,HMIS 108 - IPD Monthly Report,EBqVAQRmiPm,oQiuuiJwmYQ,CA16B,CA16. Oral Cancers- Deaths,JqdVRiI92bd,"18-39 Yrs, Female"
217,HMIS108,HMIS 108 - IPD Monthly Report,EBqVAQRmiPm,oQiuuiJwmYQ,CA16B,CA16. Oral Cancers- Deaths,sBvVzuUN7ty,"18-39 Yrs, Male"
216,HMIS108,HMIS 108 - IPD Monthly Report,EBqVAQRmiPm,oQiuuiJwmYQ,CA16B,CA16. Oral Cancers- Deaths,C9j1R3XeUB3,"15-17 Yrs, Female"
213,HMIS108,HMIS 108 - IPD Monthly Report,EBqVAQRmiPm,oQiuuiJwmYQ,CA16B,CA16. Oral Cancers- Deaths,yabsZCXTQRM,"0-14Yrs, Male"
214,HMIS108,HMIS 108 - IPD Monthly Report,EBqVAQRmiPm,oQiuuiJwmYQ,CA16B,CA16. Oral Cancers- Deaths,yWdrn6SiVZ9,"0-14Yrs, Female"
478,HMIS108,HMIS 108 - IPD Monthly Report,EBqVAQRmiPm,lK5C48YJcUQ,CA17,CA17.  Pharyngeal Cancers- Cases,pfXBcPz6khi,"65+Yrs, Female"
476,HMIS108,HMIS 108 - IPD Monthly Report,EBqVAQRmiPm,lK5C48YJcUQ,CA17,CA17.  Pharyngeal Cancers- Cases,Mv9SNsGCT5e,"40-64 Yrs, Female"
475,HMIS108,HMIS 108 - IPD Monthly Report,EBqVAQRmiPm,lK5C48YJcUQ,CA17,CA17.  Pharyngeal Cancers- Cases,tD3pn44uScE,"40-64 Yrs, Male"
474,HMIS108,HMIS 108 - IPD Monthly Report,EBqVAQRmiPm,lK5C48YJcUQ,CA17,CA17.  Pharyngeal Cancers- Cases,JqdVRiI92bd,"18-39 Yrs, Female"
473,HMIS108,HMIS 108 - IPD Monthly Report,EBqVAQRmiPm,lK5C48YJcUQ,CA17,CA17.  Pharyngeal Cancers- Cases,sBvVzuUN7ty,"18-39 Yrs, Male"
472,HMIS108,HMIS 108 - IPD Monthly Report,EBqVAQRmiPm,lK5C48YJcUQ,CA17,CA17.  Pharyngeal Cancers- Cases,C9j1R3XeUB3,"15-17 Yrs, Female"
471,HMIS108,HMIS 108 - IPD Monthly Report,EBqVAQRmiPm,lK5C48YJcUQ,CA17,CA17.  Pharyngeal Cancers- Cases,zLX9lB6eIHI,"15-17 Yrs, Male"
470,HMIS108,HMIS 108 - IPD Monthly Report,EBqVAQRmiPm,lK5C48YJcUQ,CA17,CA17.  Pharyngeal Cancers- Cases,yWdrn6SiVZ9,"0-14Yrs, Female"
469,HMIS108,HMIS 108 - IPD Monthly Report,EBqVAQRmiPm,lK5C48YJcUQ,CA17,CA17.  Pharyngeal Cancers- Cases,yabsZCXTQRM,"0-14Yrs, Male"
477,HMIS108,HMIS 108 - IPD Monthly Report,EBqVAQRmiPm,lK5C48YJcUQ,CA17,CA17.  Pharyngeal Cancers- Cases,rU0HnmI7P8S,"65+Yrs, Male"
2665,HMIS108,HMIS 108 - IPD Monthly Report,EBqVAQRmiPm,S1YHBvo1SVX,CA17B,CA17. Pharyngeal Cancers- Deaths,C9j1R3XeUB3,"15-17 Yrs, Female"
2666,HMIS108,HMIS 108 - IPD Monthly Report,EBqVAQRmiPm,S1YHBvo1SVX,CA17B,CA17. Pharyngeal Cancers- Deaths,sBvVzuUN7ty,"18-39 Yrs, Male"
2663,HMIS108,HMIS 108 - IPD Monthly Report,EBqVAQRmiPm,S1YHBvo1SVX,CA17B,CA17. Pharyngeal Cancers- Deaths,yWdrn6SiVZ9,"0-14Yrs, Female"
2664,HMIS108,HMIS 108 - IPD Monthly Report,EBqVAQRmiPm,S1YHBvo1SVX,CA17B,CA17. Pharyngeal Cancers- Deaths,zLX9lB6eIHI,"15-17 Yrs, Male"
2662,HMIS108,HMIS 108 - IPD Monthly Report,EBqVAQRmiPm,S1YHBvo1SVX,CA17B,CA17. Pharyngeal Cancers- Deaths,yabsZCXTQRM,"0-14Yrs, Male"
2667,HMIS108,HMIS 108 - IPD Monthly Report,EBqVAQRmiPm,S1YHBvo1SVX,CA17B,CA17. Pharyngeal Cancers- Deaths,JqdVRiI92bd,"18-39 Yrs, Female"
2668,HMIS108,HMIS 108 - IPD Monthly Report,EBqVAQRmiPm,S1YHBvo1SVX,CA17B,CA17. Pharyngeal Cancers- Deaths,tD3pn44uScE,"40-64 Yrs, Male"
2671,HMIS108,HMIS 108 - IPD Monthly Report,EBqVAQRmiPm,S1YHBvo1SVX,CA17B,CA17. Pharyngeal Cancers- Deaths,pfXBcPz6khi,"65+Yrs, Female"
2669,HMIS108,HMIS 108 - IPD Monthly Report,EBqVAQRmiPm,S1YHBvo1SVX,CA17B,CA17. Pharyngeal Cancers- Deaths,Mv9SNsGCT5e,"40-64 Yrs, Female"
2670,HMIS108,HMIS 108 - IPD Monthly Report,EBqVAQRmiPm,S1YHBvo1SVX,CA17B,CA17. Pharyngeal Cancers- Deaths,rU0HnmI7P8S,"65+Yrs, Male"
3471,HMIS108,HMIS 108 - IPD Monthly Report,EBqVAQRmiPm,BGwDPhm8gxu,CA18A,CA18a. Stomach Cancers- Cases,tD3pn44uScE,"40-64 Yrs, Male"
3469,HMIS108,HMIS 108 - IPD Monthly Report,EBqVAQRmiPm,BGwDPhm8gxu,CA18A,CA18a. Stomach Cancers- Cases,sBvVzuUN7ty,"18-39 Yrs, Male"
3466,HMIS108,HMIS 108 - IPD Monthly Report,EBqVAQRmiPm,BGwDPhm8gxu,CA18A,CA18a. Stomach Cancers- Cases,yWdrn6SiVZ9,"0-14Yrs, Female"
3467,HMIS108,HMIS 108 - IPD Monthly Report,EBqVAQRmiPm,BGwDPhm8gxu,CA18A,CA18a. Stomach Cancers- Cases,zLX9lB6eIHI,"15-17 Yrs, Male"
3474,HMIS108,HMIS 108 - IPD Monthly Report,EBqVAQRmiPm,BGwDPhm8gxu,CA18A,CA18a. Stomach Cancers- Cases,pfXBcPz6khi,"65+Yrs, Female"
3465,HMIS108,HMIS 108 - IPD Monthly Report,EBqVAQRmiPm,BGwDPhm8gxu,CA18A,CA18a. Stomach Cancers- Cases,yabsZCXTQRM,"0-14Yrs, Male"
3472,HMIS108,HMIS 108 - IPD Monthly Report,EBqVAQRmiPm,BGwDPhm8gxu,CA18A,CA18a. Stomach Cancers- Cases,Mv9SNsGCT5e,"40-64 Yrs, Female"
3473,HMIS108,HMIS 108 - IPD Monthly Report,EBqVAQRmiPm,BGwDPhm8gxu,CA18A,CA18a. Stomach Cancers- Cases,rU0HnmI7P8S,"65+Yrs, Male"
3468,HMIS108,HMIS 108 - IPD Monthly Report,EBqVAQRmiPm,BGwDPhm8gxu,CA18A,CA18a. Stomach Cancers- Cases,C9j1R3XeUB3,"15-17 Yrs, Female"
3470,HMIS108,HMIS 108 - IPD Monthly Report,EBqVAQRmiPm,BGwDPhm8gxu,CA18A,CA18a. Stomach Cancers- Cases,JqdVRiI92bd,"18-39 Yrs, Female"
2536,HMIS108,HMIS 108 - IPD Monthly Report,EBqVAQRmiPm,bPH64HIfcEa,CA18B,CA18b. Stomach Cancers - Deaths,Mv9SNsGCT5e,"40-64 Yrs, Female"
2529,HMIS108,HMIS 108 - IPD Monthly Report,EBqVAQRmiPm,bPH64HIfcEa,CA18B,CA18b. Stomach Cancers - Deaths,yabsZCXTQRM,"0-14Yrs, Male"
2530,HMIS108,HMIS 108 - IPD Monthly Report,EBqVAQRmiPm,bPH64HIfcEa,CA18B,CA18b. Stomach Cancers - Deaths,yWdrn6SiVZ9,"0-14Yrs, Female"
2531,HMIS108,HMIS 108 - IPD Monthly Report,EBqVAQRmiPm,bPH64HIfcEa,CA18B,CA18b. Stomach Cancers - Deaths,zLX9lB6eIHI,"15-17 Yrs, Male"
2532,HMIS108,HMIS 108 - IPD Monthly Report,EBqVAQRmiPm,bPH64HIfcEa,CA18B,CA18b. Stomach Cancers - Deaths,C9j1R3XeUB3,"15-17 Yrs, Female"
2533,HMIS108,HMIS 108 - IPD Monthly Report,EBqVAQRmiPm,bPH64HIfcEa,CA18B,CA18b. Stomach Cancers - Deaths,sBvVzuUN7ty,"18-39 Yrs, Male"
2534,HMIS108,HMIS 108 - IPD Monthly Report,EBqVAQRmiPm,bPH64HIfcEa,CA18B,CA18b. Stomach Cancers - Deaths,JqdVRiI92bd,"18-39 Yrs, Female"
2535,HMIS108,HMIS 108 - IPD Monthly Report,EBqVAQRmiPm,bPH64HIfcEa,CA18B,CA18b. Stomach Cancers - Deaths,tD3pn44uScE,"40-64 Yrs, Male"
2537,HMIS108,HMIS 108 - IPD Monthly Report,EBqVAQRmiPm,bPH64HIfcEa,CA18B,CA18b. Stomach Cancers - Deaths,rU0HnmI7P8S,"65+Yrs, Male"
2538,HMIS108,HMIS 108 - IPD Monthly Report,EBqVAQRmiPm,bPH64HIfcEa,CA18B,CA18b. Stomach Cancers - Deaths,pfXBcPz6khi,"65+Yrs, Female"
945,HMIS108,HMIS 108 - IPD Monthly Report,EBqVAQRmiPm,vlAE4TnSEC4,CA19b,CA19b. Ovarian cancer  - Deaths,xgiuSKF9lKY,"25-49Yrs"
946,HMIS108,HMIS 108 - IPD Monthly Report,EBqVAQRmiPm,vlAE4TnSEC4,CA19b,CA19b. Ovarian cancer  - Deaths,WQ8FzlyAWIM,"50+Yrs"
937,HMIS108,HMIS 108 - IPD Monthly Report,EBqVAQRmiPm,vlAE4TnSEC4,CA19b,CA19b. Ovarian cancer  - Deaths,JqdVRiI92bd,"18-39 Yrs, Female"
936,HMIS108,HMIS 108 - IPD Monthly Report,EBqVAQRmiPm,vlAE4TnSEC4,CA19b,CA19b. Ovarian cancer  - Deaths,sBvVzuUN7ty,"18-39 Yrs, Male"
935,HMIS108,HMIS 108 - IPD Monthly Report,EBqVAQRmiPm,vlAE4TnSEC4,CA19b,CA19b. Ovarian cancer  - Deaths,C9j1R3XeUB3,"15-17 Yrs, Female"
940,HMIS108,HMIS 108 - IPD Monthly Report,EBqVAQRmiPm,vlAE4TnSEC4,CA19b,CA19b. Ovarian cancer  - Deaths,rU0HnmI7P8S,"65+Yrs, Male"
934,HMIS108,HMIS 108 - IPD Monthly Report,EBqVAQRmiPm,vlAE4TnSEC4,CA19b,CA19b. Ovarian cancer  - Deaths,zLX9lB6eIHI,"15-17 Yrs, Male"
944,HMIS108,HMIS 108 - IPD Monthly Report,EBqVAQRmiPm,vlAE4TnSEC4,CA19b,CA19b. Ovarian cancer  - Deaths,dqUlEsSUs8w,"20-24Yrs"
933,HMIS108,HMIS 108 - IPD Monthly Report,EBqVAQRmiPm,vlAE4TnSEC4,CA19b,CA19b. Ovarian cancer  - Deaths,yWdrn6SiVZ9,"0-14Yrs, Female"
932,HMIS108,HMIS 108 - IPD Monthly Report,EBqVAQRmiPm,vlAE4TnSEC4,CA19b,CA19b. Ovarian cancer  - Deaths,yabsZCXTQRM,"0-14Yrs, Male"
943,HMIS108,HMIS 108 - IPD Monthly Report,EBqVAQRmiPm,vlAE4TnSEC4,CA19b,CA19b. Ovarian cancer  - Deaths,oVc5PtW8IsH,"15-19Yrs"
942,HMIS108,HMIS 108 - IPD Monthly Report,EBqVAQRmiPm,vlAE4TnSEC4,CA19b,CA19b. Ovarian cancer  - Deaths,Kq56swi3KAi,"10-14Yrs"
941,HMIS108,HMIS 108 - IPD Monthly Report,EBqVAQRmiPm,vlAE4TnSEC4,CA19b,CA19b. Ovarian cancer  - Deaths,pfXBcPz6khi,"65+Yrs, Female"
939,HMIS108,HMIS 108 - IPD Monthly Report,EBqVAQRmiPm,vlAE4TnSEC4,CA19b,CA19b. Ovarian cancer  - Deaths,Mv9SNsGCT5e,"40-64 Yrs, Female"
938,HMIS108,HMIS 108 - IPD Monthly Report,EBqVAQRmiPm,vlAE4TnSEC4,CA19b,CA19b. Ovarian cancer  - Deaths,tD3pn44uScE,"40-64 Yrs, Male"
453,HMIS108,HMIS 108 - IPD Monthly Report,EBqVAQRmiPm,w0WtgT6SgZa,CA20A,CA20a. Penile Cancer- Cases,tD3pn44uScE,"40-64 Yrs, Male"
456,HMIS108,HMIS 108 - IPD Monthly Report,EBqVAQRmiPm,w0WtgT6SgZa,CA20A,CA20a. Penile Cancer- Cases,pfXBcPz6khi,"65+Yrs, Female"
454,HMIS108,HMIS 108 - IPD Monthly Report,EBqVAQRmiPm,w0WtgT6SgZa,CA20A,CA20a. Penile Cancer- Cases,Mv9SNsGCT5e,"40-64 Yrs, Female"
448,HMIS108,HMIS 108 - IPD Monthly Report,EBqVAQRmiPm,w0WtgT6SgZa,CA20A,CA20a. Penile Cancer- Cases,yWdrn6SiVZ9,"0-14Yrs, Female"
447,HMIS108,HMIS 108 - IPD Monthly Report,EBqVAQRmiPm,w0WtgT6SgZa,CA20A,CA20a. Penile Cancer- Cases,yabsZCXTQRM,"0-14Yrs, Male"
450,HMIS108,HMIS 108 - IPD Monthly Report,EBqVAQRmiPm,w0WtgT6SgZa,CA20A,CA20a. Penile Cancer- Cases,C9j1R3XeUB3,"15-17 Yrs, Female"
455,HMIS108,HMIS 108 - IPD Monthly Report,EBqVAQRmiPm,w0WtgT6SgZa,CA20A,CA20a. Penile Cancer- Cases,rU0HnmI7P8S,"65+Yrs, Male"
449,HMIS108,HMIS 108 - IPD Monthly Report,EBqVAQRmiPm,w0WtgT6SgZa,CA20A,CA20a. Penile Cancer- Cases,zLX9lB6eIHI,"15-17 Yrs, Male"
451,HMIS108,HMIS 108 - IPD Monthly Report,EBqVAQRmiPm,w0WtgT6SgZa,CA20A,CA20a. Penile Cancer- Cases,sBvVzuUN7ty,"18-39 Yrs, Male"
452,HMIS108,HMIS 108 - IPD Monthly Report,EBqVAQRmiPm,w0WtgT6SgZa,CA20A,CA20a. Penile Cancer- Cases,JqdVRiI92bd,"18-39 Yrs, Female"
841,HMIS108,HMIS 108 - IPD Monthly Report,EBqVAQRmiPm,CZVQpoqMiJj,CA20B,CA20b. Penile Cancer -Deaths,yWdrn6SiVZ9,"0-14Yrs, Female"
849,HMIS108,HMIS 108 - IPD Monthly Report,EBqVAQRmiPm,CZVQpoqMiJj,CA20B,CA20b. Penile Cancer -Deaths,pfXBcPz6khi,"65+Yrs, Female"
848,HMIS108,HMIS 108 - IPD Monthly Report,EBqVAQRmiPm,CZVQpoqMiJj,CA20B,CA20b. Penile Cancer -Deaths,rU0HnmI7P8S,"65+Yrs, Male"
847,HMIS108,HMIS 108 - IPD Monthly Report,EBqVAQRmiPm,CZVQpoqMiJj,CA20B,CA20b. Penile Cancer -Deaths,Mv9SNsGCT5e,"40-64 Yrs, Female"
846,HMIS108,HMIS 108 - IPD Monthly Report,EBqVAQRmiPm,CZVQpoqMiJj,CA20B,CA20b. Penile Cancer -Deaths,tD3pn44uScE,"40-64 Yrs, Male"
845,HMIS108,HMIS 108 - IPD Monthly Report,EBqVAQRmiPm,CZVQpoqMiJj,CA20B,CA20b. Penile Cancer -Deaths,JqdVRiI92bd,"18-39 Yrs, Female"
844,HMIS108,HMIS 108 - IPD Monthly Report,EBqVAQRmiPm,CZVQpoqMiJj,CA20B,CA20b. Penile Cancer -Deaths,sBvVzuUN7ty,"18-39 Yrs, Male"
843,HMIS108,HMIS 108 - IPD Monthly Report,EBqVAQRmiPm,CZVQpoqMiJj,CA20B,CA20b. Penile Cancer -Deaths,C9j1R3XeUB3,"15-17 Yrs, Female"
842,HMIS108,HMIS 108 - IPD Monthly Report,EBqVAQRmiPm,CZVQpoqMiJj,CA20B,CA20b. Penile Cancer -Deaths,zLX9lB6eIHI,"15-17 Yrs, Male"
840,HMIS108,HMIS 108 - IPD Monthly Report,EBqVAQRmiPm,CZVQpoqMiJj,CA20B,CA20b. Penile Cancer -Deaths,yabsZCXTQRM,"0-14Yrs, Male"
1529,HMIS108,HMIS 108 - IPD Monthly Report,EBqVAQRmiPm,pvmgvMhsxun,CA21A,CA21a. Kidney Cancer  - Cases,rU0HnmI7P8S,"65+Yrs, Male"
1526,HMIS108,HMIS 108 - IPD Monthly Report,EBqVAQRmiPm,pvmgvMhsxun,CA21A,CA21a. Kidney Cancer  - Cases,JqdVRiI92bd,"18-39 Yrs, Female"
1523,HMIS108,HMIS 108 - IPD Monthly Report,EBqVAQRmiPm,pvmgvMhsxun,CA21A,CA21a. Kidney Cancer  - Cases,zLX9lB6eIHI,"15-17 Yrs, Male"
1521,HMIS108,HMIS 108 - IPD Monthly Report,EBqVAQRmiPm,pvmgvMhsxun,CA21A,CA21a. Kidney Cancer  - Cases,yabsZCXTQRM,"0-14Yrs, Male"
1530,HMIS108,HMIS 108 - IPD Monthly Report,EBqVAQRmiPm,pvmgvMhsxun,CA21A,CA21a. Kidney Cancer  - Cases,pfXBcPz6khi,"65+Yrs, Female"
1527,HMIS108,HMIS 108 - IPD Monthly Report,EBqVAQRmiPm,pvmgvMhsxun,CA21A,CA21a. Kidney Cancer  - Cases,tD3pn44uScE,"40-64 Yrs, Male"
1534,HMIS108,HMIS 108 - IPD Monthly Report,EBqVAQRmiPm,pvmgvMhsxun,CA21A,CA21a. Kidney Cancer  - Cases,fHgwVjoElmE,"5+Yrs, Female"
1533,HMIS108,HMIS 108 - IPD Monthly Report,EBqVAQRmiPm,pvmgvMhsxun,CA21A,CA21a. Kidney Cancer  - Cases,ZgnHXnu30cI,"5+Yrs, Male"
1532,HMIS108,HMIS 108 - IPD Monthly Report,EBqVAQRmiPm,pvmgvMhsxun,CA21A,CA21a. Kidney Cancer  - Cases,VZrxjCi8cQi,"0-4Yrs, Female"
1522,HMIS108,HMIS 108 - IPD Monthly Report,EBqVAQRmiPm,pvmgvMhsxun,CA21A,CA21a. Kidney Cancer  - Cases,yWdrn6SiVZ9,"0-14Yrs, Female"
1528,HMIS108,HMIS 108 - IPD Monthly Report,EBqVAQRmiPm,pvmgvMhsxun,CA21A,CA21a. Kidney Cancer  - Cases,Mv9SNsGCT5e,"40-64 Yrs, Female"
1524,HMIS108,HMIS 108 - IPD Monthly Report,EBqVAQRmiPm,pvmgvMhsxun,CA21A,CA21a. Kidney Cancer  - Cases,C9j1R3XeUB3,"15-17 Yrs, Female"
1531,HMIS108,HMIS 108 - IPD Monthly Report,EBqVAQRmiPm,pvmgvMhsxun,CA21A,CA21a. Kidney Cancer  - Cases,rCzvys285kN,"0-4Yrs, Male"
1525,HMIS108,HMIS 108 - IPD Monthly Report,EBqVAQRmiPm,pvmgvMhsxun,CA21A,CA21a. Kidney Cancer  - Cases,sBvVzuUN7ty,"18-39 Yrs, Male"
2577,HMIS108,HMIS 108 - IPD Monthly Report,EBqVAQRmiPm,CiuwvTmgmJj,CA21B,CA21b. Kidney Cancer  - Deaths,fHgwVjoElmE,"5+Yrs, Female"
2576,HMIS108,HMIS 108 - IPD Monthly Report,EBqVAQRmiPm,CiuwvTmgmJj,CA21B,CA21b. Kidney Cancer  - Deaths,ZgnHXnu30cI,"5+Yrs, Male"
2575,HMIS108,HMIS 108 - IPD Monthly Report,EBqVAQRmiPm,CiuwvTmgmJj,CA21B,CA21b. Kidney Cancer  - Deaths,VZrxjCi8cQi,"0-4Yrs, Female"
2574,HMIS108,HMIS 108 - IPD Monthly Report,EBqVAQRmiPm,CiuwvTmgmJj,CA21B,CA21b. Kidney Cancer  - Deaths,rCzvys285kN,"0-4Yrs, Male"
2573,HMIS108,HMIS 108 - IPD Monthly Report,EBqVAQRmiPm,CiuwvTmgmJj,CA21B,CA21b. Kidney Cancer  - Deaths,pfXBcPz6khi,"65+Yrs, Female"
2572,HMIS108,HMIS 108 - IPD Monthly Report,EBqVAQRmiPm,CiuwvTmgmJj,CA21B,CA21b. Kidney Cancer  - Deaths,rU0HnmI7P8S,"65+Yrs, Male"
2571,HMIS108,HMIS 108 - IPD Monthly Report,EBqVAQRmiPm,CiuwvTmgmJj,CA21B,CA21b. Kidney Cancer  - Deaths,Mv9SNsGCT5e,"40-64 Yrs, Female"
2570,HMIS108,HMIS 108 - IPD Monthly Report,EBqVAQRmiPm,CiuwvTmgmJj,CA21B,CA21b. Kidney Cancer  - Deaths,tD3pn44uScE,"40-64 Yrs, Male"
2569,HMIS108,HMIS 108 - IPD Monthly Report,EBqVAQRmiPm,CiuwvTmgmJj,CA21B,CA21b. Kidney Cancer  - Deaths,JqdVRiI92bd,"18-39 Yrs, Female"
2568,HMIS108,HMIS 108 - IPD Monthly Report,EBqVAQRmiPm,CiuwvTmgmJj,CA21B,CA21b. Kidney Cancer  - Deaths,sBvVzuUN7ty,"18-39 Yrs, Male"
2567,HMIS108,HMIS 108 - IPD Monthly Report,EBqVAQRmiPm,CiuwvTmgmJj,CA21B,CA21b. Kidney Cancer  - Deaths,C9j1R3XeUB3,"15-17 Yrs, Female"
2566,HMIS108,HMIS 108 - IPD Monthly Report,EBqVAQRmiPm,CiuwvTmgmJj,CA21B,CA21b. Kidney Cancer  - Deaths,zLX9lB6eIHI,"15-17 Yrs, Male"
2565,HMIS108,HMIS 108 - IPD Monthly Report,EBqVAQRmiPm,CiuwvTmgmJj,CA21B,CA21b. Kidney Cancer  - Deaths,yWdrn6SiVZ9,"0-14Yrs, Female"
2564,HMIS108,HMIS 108 - IPD Monthly Report,EBqVAQRmiPm,CiuwvTmgmJj,CA21B,CA21b. Kidney Cancer  - Deaths,yabsZCXTQRM,"0-14Yrs, Male"
3214,HMIS108,HMIS 108 - IPD Monthly Report,EBqVAQRmiPm,q9T2flpGaLH,CA22A,CA22a. Rhabdomyosarcoma Cancer- Cases,tD3pn44uScE,"40-64 Yrs, Male"
3213,HMIS108,HMIS 108 - IPD Monthly Report,EBqVAQRmiPm,q9T2flpGaLH,CA22A,CA22a. Rhabdomyosarcoma Cancer- Cases,JqdVRiI92bd,"18-39 Yrs, Female"
3217,HMIS108,HMIS 108 - IPD Monthly Report,EBqVAQRmiPm,q9T2flpGaLH,CA22A,CA22a. Rhabdomyosarcoma Cancer- Cases,pfXBcPz6khi,"65+Yrs, Female"
3216,HMIS108,HMIS 108 - IPD Monthly Report,EBqVAQRmiPm,q9T2flpGaLH,CA22A,CA22a. Rhabdomyosarcoma Cancer- Cases,rU0HnmI7P8S,"65+Yrs, Male"
3215,HMIS108,HMIS 108 - IPD Monthly Report,EBqVAQRmiPm,q9T2flpGaLH,CA22A,CA22a. Rhabdomyosarcoma Cancer- Cases,Mv9SNsGCT5e,"40-64 Yrs, Female"
3212,HMIS108,HMIS 108 - IPD Monthly Report,EBqVAQRmiPm,q9T2flpGaLH,CA22A,CA22a. Rhabdomyosarcoma Cancer- Cases,sBvVzuUN7ty,"18-39 Yrs, Male"
3208,HMIS108,HMIS 108 - IPD Monthly Report,EBqVAQRmiPm,q9T2flpGaLH,CA22A,CA22a. Rhabdomyosarcoma Cancer- Cases,yabsZCXTQRM,"0-14Yrs, Male"
3209,HMIS108,HMIS 108 - IPD Monthly Report,EBqVAQRmiPm,q9T2flpGaLH,CA22A,CA22a. Rhabdomyosarcoma Cancer- Cases,yWdrn6SiVZ9,"0-14Yrs, Female"
3210,HMIS108,HMIS 108 - IPD Monthly Report,EBqVAQRmiPm,q9T2flpGaLH,CA22A,CA22a. Rhabdomyosarcoma Cancer- Cases,zLX9lB6eIHI,"15-17 Yrs, Male"
3211,HMIS108,HMIS 108 - IPD Monthly Report,EBqVAQRmiPm,q9T2flpGaLH,CA22A,CA22a. Rhabdomyosarcoma Cancer- Cases,C9j1R3XeUB3,"15-17 Yrs, Female"
1543,HMIS108,HMIS 108 - IPD Monthly Report,EBqVAQRmiPm,yV4hWa8938u,CA22B,CA22b. Rhabdomyosarcoma Cancer -Deaths,rU0HnmI7P8S,"65+Yrs, Male"
1544,HMIS108,HMIS 108 - IPD Monthly Report,EBqVAQRmiPm,yV4hWa8938u,CA22B,CA22b. Rhabdomyosarcoma Cancer -Deaths,pfXBcPz6khi,"65+Yrs, Female"
1539,HMIS108,HMIS 108 - IPD Monthly Report,EBqVAQRmiPm,yV4hWa8938u,CA22B,CA22b. Rhabdomyosarcoma Cancer -Deaths,sBvVzuUN7ty,"18-39 Yrs, Male"
1535,HMIS108,HMIS 108 - IPD Monthly Report,EBqVAQRmiPm,yV4hWa8938u,CA22B,CA22b. Rhabdomyosarcoma Cancer -Deaths,yabsZCXTQRM,"0-14Yrs, Male"
1536,HMIS108,HMIS 108 - IPD Monthly Report,EBqVAQRmiPm,yV4hWa8938u,CA22B,CA22b. Rhabdomyosarcoma Cancer -Deaths,yWdrn6SiVZ9,"0-14Yrs, Female"
1537,HMIS108,HMIS 108 - IPD Monthly Report,EBqVAQRmiPm,yV4hWa8938u,CA22B,CA22b. Rhabdomyosarcoma Cancer -Deaths,zLX9lB6eIHI,"15-17 Yrs, Male"
1540,HMIS108,HMIS 108 - IPD Monthly Report,EBqVAQRmiPm,yV4hWa8938u,CA22B,CA22b. Rhabdomyosarcoma Cancer -Deaths,JqdVRiI92bd,"18-39 Yrs, Female"
1538,HMIS108,HMIS 108 - IPD Monthly Report,EBqVAQRmiPm,yV4hWa8938u,CA22B,CA22b. Rhabdomyosarcoma Cancer -Deaths,C9j1R3XeUB3,"15-17 Yrs, Female"
1541,HMIS108,HMIS 108 - IPD Monthly Report,EBqVAQRmiPm,yV4hWa8938u,CA22B,CA22b. Rhabdomyosarcoma Cancer -Deaths,tD3pn44uScE,"40-64 Yrs, Male"
1542,HMIS108,HMIS 108 - IPD Monthly Report,EBqVAQRmiPm,yV4hWa8938u,CA22B,CA22b. Rhabdomyosarcoma Cancer -Deaths,Mv9SNsGCT5e,"40-64 Yrs, Female"
1299,HMIS108,HMIS 108 - IPD Monthly Report,EBqVAQRmiPm,TtVr7NcpbYi,CA23A,CA23a. Retinoblastoma Cancer- Cases,sBvVzuUN7ty,"18-39 Yrs, Male"
1304,HMIS108,HMIS 108 - IPD Monthly Report,EBqVAQRmiPm,TtVr7NcpbYi,CA23A,CA23a. Retinoblastoma Cancer- Cases,pfXBcPz6khi,"65+Yrs, Female"
1303,HMIS108,HMIS 108 - IPD Monthly Report,EBqVAQRmiPm,TtVr7NcpbYi,CA23A,CA23a. Retinoblastoma Cancer- Cases,rU0HnmI7P8S,"65+Yrs, Male"
1302,HMIS108,HMIS 108 - IPD Monthly Report,EBqVAQRmiPm,TtVr7NcpbYi,CA23A,CA23a. Retinoblastoma Cancer- Cases,Mv9SNsGCT5e,"40-64 Yrs, Female"
1301,HMIS108,HMIS 108 - IPD Monthly Report,EBqVAQRmiPm,TtVr7NcpbYi,CA23A,CA23a. Retinoblastoma Cancer- Cases,tD3pn44uScE,"40-64 Yrs, Male"
1300,HMIS108,HMIS 108 - IPD Monthly Report,EBqVAQRmiPm,TtVr7NcpbYi,CA23A,CA23a. Retinoblastoma Cancer- Cases,JqdVRiI92bd,"18-39 Yrs, Female"
1298,HMIS108,HMIS 108 - IPD Monthly Report,EBqVAQRmiPm,TtVr7NcpbYi,CA23A,CA23a. Retinoblastoma Cancer- Cases,C9j1R3XeUB3,"15-17 Yrs, Female"
1297,HMIS108,HMIS 108 - IPD Monthly Report,EBqVAQRmiPm,TtVr7NcpbYi,CA23A,CA23a. Retinoblastoma Cancer- Cases,zLX9lB6eIHI,"15-17 Yrs, Male"
1296,HMIS108,HMIS 108 - IPD Monthly Report,EBqVAQRmiPm,TtVr7NcpbYi,CA23A,CA23a. Retinoblastoma Cancer- Cases,yWdrn6SiVZ9,"0-14Yrs, Female"
1295,HMIS108,HMIS 108 - IPD Monthly Report,EBqVAQRmiPm,TtVr7NcpbYi,CA23A,CA23a. Retinoblastoma Cancer- Cases,yabsZCXTQRM,"0-14Yrs, Male"
2344,HMIS108,HMIS 108 - IPD Monthly Report,EBqVAQRmiPm,VR6h1H5OWK3,CA23B,CA23b. Retinoblastoma Cancer -Deaths,yabsZCXTQRM,"0-14Yrs, Male"
2353,HMIS108,HMIS 108 - IPD Monthly Report,EBqVAQRmiPm,VR6h1H5OWK3,CA23B,CA23b. Retinoblastoma Cancer -Deaths,pfXBcPz6khi,"65+Yrs, Female"
2352,HMIS108,HMIS 108 - IPD Monthly Report,EBqVAQRmiPm,VR6h1H5OWK3,CA23B,CA23b. Retinoblastoma Cancer -Deaths,rU0HnmI7P8S,"65+Yrs, Male"
2351,HMIS108,HMIS 108 - IPD Monthly Report,EBqVAQRmiPm,VR6h1H5OWK3,CA23B,CA23b. Retinoblastoma Cancer -Deaths,Mv9SNsGCT5e,"40-64 Yrs, Female"
2350,HMIS108,HMIS 108 - IPD Monthly Report,EBqVAQRmiPm,VR6h1H5OWK3,CA23B,CA23b. Retinoblastoma Cancer -Deaths,tD3pn44uScE,"40-64 Yrs, Male"
2349,HMIS108,HMIS 108 - IPD Monthly Report,EBqVAQRmiPm,VR6h1H5OWK3,CA23B,CA23b. Retinoblastoma Cancer -Deaths,JqdVRiI92bd,"18-39 Yrs, Female"
2348,HMIS108,HMIS 108 - IPD Monthly Report,EBqVAQRmiPm,VR6h1H5OWK3,CA23B,CA23b. Retinoblastoma Cancer -Deaths,sBvVzuUN7ty,"18-39 Yrs, Male"
2346,HMIS108,HMIS 108 - IPD Monthly Report,EBqVAQRmiPm,VR6h1H5OWK3,CA23B,CA23b. Retinoblastoma Cancer -Deaths,zLX9lB6eIHI,"15-17 Yrs, Male"
2347,HMIS108,HMIS 108 - IPD Monthly Report,EBqVAQRmiPm,VR6h1H5OWK3,CA23B,CA23b. Retinoblastoma Cancer -Deaths,C9j1R3XeUB3,"15-17 Yrs, Female"
2345,HMIS108,HMIS 108 - IPD Monthly Report,EBqVAQRmiPm,VR6h1H5OWK3,CA23B,CA23b. Retinoblastoma Cancer -Deaths,yWdrn6SiVZ9,"0-14Yrs, Female"
2813,HMIS108,HMIS 108 - IPD Monthly Report,EBqVAQRmiPm,HE0hEQ6XSPD,CA24A,CA24a.  Bone Tumors - Cases,C9j1R3XeUB3,"15-17 Yrs, Female"
2812,HMIS108,HMIS 108 - IPD Monthly Report,EBqVAQRmiPm,HE0hEQ6XSPD,CA24A,CA24a.  Bone Tumors - Cases,zLX9lB6eIHI,"15-17 Yrs, Male"
2810,HMIS108,HMIS 108 - IPD Monthly Report,EBqVAQRmiPm,HE0hEQ6XSPD,CA24A,CA24a.  Bone Tumors - Cases,yabsZCXTQRM,"0-14Yrs, Male"
2819,HMIS108,HMIS 108 - IPD Monthly Report,EBqVAQRmiPm,HE0hEQ6XSPD,CA24A,CA24a.  Bone Tumors - Cases,pfXBcPz6khi,"65+Yrs, Female"
2818,HMIS108,HMIS 108 - IPD Monthly Report,EBqVAQRmiPm,HE0hEQ6XSPD,CA24A,CA24a.  Bone Tumors - Cases,rU0HnmI7P8S,"65+Yrs, Male"
2811,HMIS108,HMIS 108 - IPD Monthly Report,EBqVAQRmiPm,HE0hEQ6XSPD,CA24A,CA24a.  Bone Tumors - Cases,yWdrn6SiVZ9,"0-14Yrs, Female"
2817,HMIS108,HMIS 108 - IPD Monthly Report,EBqVAQRmiPm,HE0hEQ6XSPD,CA24A,CA24a.  Bone Tumors - Cases,Mv9SNsGCT5e,"40-64 Yrs, Female"
2816,HMIS108,HMIS 108 - IPD Monthly Report,EBqVAQRmiPm,HE0hEQ6XSPD,CA24A,CA24a.  Bone Tumors - Cases,tD3pn44uScE,"40-64 Yrs, Male"
2815,HMIS108,HMIS 108 - IPD Monthly Report,EBqVAQRmiPm,HE0hEQ6XSPD,CA24A,CA24a.  Bone Tumors - Cases,JqdVRiI92bd,"18-39 Yrs, Female"
2814,HMIS108,HMIS 108 - IPD Monthly Report,EBqVAQRmiPm,HE0hEQ6XSPD,CA24A,CA24a.  Bone Tumors - Cases,sBvVzuUN7ty,"18-39 Yrs, Male"
3314,HMIS108,HMIS 108 - IPD Monthly Report,EBqVAQRmiPm,RYJkjLg5ajk,CA24B,CA24b.  Bone Tumors Cancer -Deaths,zLX9lB6eIHI,"15-17 Yrs, Male"
3313,HMIS108,HMIS 108 - IPD Monthly Report,EBqVAQRmiPm,RYJkjLg5ajk,CA24B,CA24b.  Bone Tumors Cancer -Deaths,yWdrn6SiVZ9,"0-14Yrs, Female"
3312,HMIS108,HMIS 108 - IPD Monthly Report,EBqVAQRmiPm,RYJkjLg5ajk,CA24B,CA24b.  Bone Tumors Cancer -Deaths,yabsZCXTQRM,"0-14Yrs, Male"
3321,HMIS108,HMIS 108 - IPD Monthly Report,EBqVAQRmiPm,RYJkjLg5ajk,CA24B,CA24b.  Bone Tumors Cancer -Deaths,pfXBcPz6khi,"65+Yrs, Female"
3320,HMIS108,HMIS 108 - IPD Monthly Report,EBqVAQRmiPm,RYJkjLg5ajk,CA24B,CA24b.  Bone Tumors Cancer -Deaths,rU0HnmI7P8S,"65+Yrs, Male"
3319,HMIS108,HMIS 108 - IPD Monthly Report,EBqVAQRmiPm,RYJkjLg5ajk,CA24B,CA24b.  Bone Tumors Cancer -Deaths,Mv9SNsGCT5e,"40-64 Yrs, Female"
3316,HMIS108,HMIS 108 - IPD Monthly Report,EBqVAQRmiPm,RYJkjLg5ajk,CA24B,CA24b.  Bone Tumors Cancer -Deaths,sBvVzuUN7ty,"18-39 Yrs, Male"
3315,HMIS108,HMIS 108 - IPD Monthly Report,EBqVAQRmiPm,RYJkjLg5ajk,CA24B,CA24b.  Bone Tumors Cancer -Deaths,C9j1R3XeUB3,"15-17 Yrs, Female"
3318,HMIS108,HMIS 108 - IPD Monthly Report,EBqVAQRmiPm,RYJkjLg5ajk,CA24B,CA24b.  Bone Tumors Cancer -Deaths,tD3pn44uScE,"40-64 Yrs, Male"
3317,HMIS108,HMIS 108 - IPD Monthly Report,EBqVAQRmiPm,RYJkjLg5ajk,CA24B,CA24b.  Bone Tumors Cancer -Deaths,JqdVRiI92bd,"18-39 Yrs, Female"
821,HMIS108,HMIS 108 - IPD Monthly Report,EBqVAQRmiPm,Aq8XNtKppCj,CA25A,CA25a. Other Benign Tumors- Cases,rU0HnmI7P8S,"65+Yrs, Male"
813,HMIS108,HMIS 108 - IPD Monthly Report,EBqVAQRmiPm,Aq8XNtKppCj,CA25A,CA25a. Other Benign Tumors- Cases,yabsZCXTQRM,"0-14Yrs, Male"
814,HMIS108,HMIS 108 - IPD Monthly Report,EBqVAQRmiPm,Aq8XNtKppCj,CA25A,CA25a. Other Benign Tumors- Cases,yWdrn6SiVZ9,"0-14Yrs, Female"
815,HMIS108,HMIS 108 - IPD Monthly Report,EBqVAQRmiPm,Aq8XNtKppCj,CA25A,CA25a. Other Benign Tumors- Cases,zLX9lB6eIHI,"15-17 Yrs, Male"
816,HMIS108,HMIS 108 - IPD Monthly Report,EBqVAQRmiPm,Aq8XNtKppCj,CA25A,CA25a. Other Benign Tumors- Cases,C9j1R3XeUB3,"15-17 Yrs, Female"
817,HMIS108,HMIS 108 - IPD Monthly Report,EBqVAQRmiPm,Aq8XNtKppCj,CA25A,CA25a. Other Benign Tumors- Cases,sBvVzuUN7ty,"18-39 Yrs, Male"
822,HMIS108,HMIS 108 - IPD Monthly Report,EBqVAQRmiPm,Aq8XNtKppCj,CA25A,CA25a. Other Benign Tumors- Cases,pfXBcPz6khi,"65+Yrs, Female"
818,HMIS108,HMIS 108 - IPD Monthly Report,EBqVAQRmiPm,Aq8XNtKppCj,CA25A,CA25a. Other Benign Tumors- Cases,JqdVRiI92bd,"18-39 Yrs, Female"
819,HMIS108,HMIS 108 - IPD Monthly Report,EBqVAQRmiPm,Aq8XNtKppCj,CA25A,CA25a. Other Benign Tumors- Cases,tD3pn44uScE,"40-64 Yrs, Male"
820,HMIS108,HMIS 108 - IPD Monthly Report,EBqVAQRmiPm,Aq8XNtKppCj,CA25A,CA25a. Other Benign Tumors- Cases,Mv9SNsGCT5e,"40-64 Yrs, Female"
711,HMIS108,HMIS 108 - IPD Monthly Report,EBqVAQRmiPm,HHkRHaNQiYs,CA25B,CA25b. Other Benign Tumors -Deaths,rU0HnmI7P8S,"65+Yrs, Male"
703,HMIS108,HMIS 108 - IPD Monthly Report,EBqVAQRmiPm,HHkRHaNQiYs,CA25B,CA25b. Other Benign Tumors -Deaths,yabsZCXTQRM,"0-14Yrs, Male"
704,HMIS108,HMIS 108 - IPD Monthly Report,EBqVAQRmiPm,HHkRHaNQiYs,CA25B,CA25b. Other Benign Tumors -Deaths,yWdrn6SiVZ9,"0-14Yrs, Female"
705,HMIS108,HMIS 108 - IPD Monthly Report,EBqVAQRmiPm,HHkRHaNQiYs,CA25B,CA25b. Other Benign Tumors -Deaths,zLX9lB6eIHI,"15-17 Yrs, Male"
706,HMIS108,HMIS 108 - IPD Monthly Report,EBqVAQRmiPm,HHkRHaNQiYs,CA25B,CA25b. Other Benign Tumors -Deaths,C9j1R3XeUB3,"15-17 Yrs, Female"
707,HMIS108,HMIS 108 - IPD Monthly Report,EBqVAQRmiPm,HHkRHaNQiYs,CA25B,CA25b. Other Benign Tumors -Deaths,sBvVzuUN7ty,"18-39 Yrs, Male"
708,HMIS108,HMIS 108 - IPD Monthly Report,EBqVAQRmiPm,HHkRHaNQiYs,CA25B,CA25b. Other Benign Tumors -Deaths,JqdVRiI92bd,"18-39 Yrs, Female"
709,HMIS108,HMIS 108 - IPD Monthly Report,EBqVAQRmiPm,HHkRHaNQiYs,CA25B,CA25b. Other Benign Tumors -Deaths,tD3pn44uScE,"40-64 Yrs, Male"
710,HMIS108,HMIS 108 - IPD Monthly Report,EBqVAQRmiPm,HHkRHaNQiYs,CA25B,CA25b. Other Benign Tumors -Deaths,Mv9SNsGCT5e,"40-64 Yrs, Female"
712,HMIS108,HMIS 108 - IPD Monthly Report,EBqVAQRmiPm,HHkRHaNQiYs,CA25B,CA25b. Other Benign Tumors -Deaths,pfXBcPz6khi,"65+Yrs, Female"
193,HMIS108,HMIS 108 - IPD Monthly Report,EBqVAQRmiPm,eNWIPTl3hUo,CA26A,CA26a. Other Malignant Tumors- Cases,zLX9lB6eIHI,"15-17 Yrs, Male"
194,HMIS108,HMIS 108 - IPD Monthly Report,EBqVAQRmiPm,eNWIPTl3hUo,CA26A,CA26a. Other Malignant Tumors- Cases,C9j1R3XeUB3,"15-17 Yrs, Female"
198,HMIS108,HMIS 108 - IPD Monthly Report,EBqVAQRmiPm,eNWIPTl3hUo,CA26A,CA26a. Other Malignant Tumors- Cases,Mv9SNsGCT5e,"40-64 Yrs, Female"
197,HMIS108,HMIS 108 - IPD Monthly Report,EBqVAQRmiPm,eNWIPTl3hUo,CA26A,CA26a. Other Malignant Tumors- Cases,tD3pn44uScE,"40-64 Yrs, Male"
196,HMIS108,HMIS 108 - IPD Monthly Report,EBqVAQRmiPm,eNWIPTl3hUo,CA26A,CA26a. Other Malignant Tumors- Cases,JqdVRiI92bd,"18-39 Yrs, Female"
195,HMIS108,HMIS 108 - IPD Monthly Report,EBqVAQRmiPm,eNWIPTl3hUo,CA26A,CA26a. Other Malignant Tumors- Cases,sBvVzuUN7ty,"18-39 Yrs, Male"
200,HMIS108,HMIS 108 - IPD Monthly Report,EBqVAQRmiPm,eNWIPTl3hUo,CA26A,CA26a. Other Malignant Tumors- Cases,pfXBcPz6khi,"65+Yrs, Female"
192,HMIS108,HMIS 108 - IPD Monthly Report,EBqVAQRmiPm,eNWIPTl3hUo,CA26A,CA26a. Other Malignant Tumors- Cases,yWdrn6SiVZ9,"0-14Yrs, Female"
199,HMIS108,HMIS 108 - IPD Monthly Report,EBqVAQRmiPm,eNWIPTl3hUo,CA26A,CA26a. Other Malignant Tumors- Cases,rU0HnmI7P8S,"65+Yrs, Male"
191,HMIS108,HMIS 108 - IPD Monthly Report,EBqVAQRmiPm,eNWIPTl3hUo,CA26A,CA26a. Other Malignant Tumors- Cases,yabsZCXTQRM,"0-14Yrs, Male"
1727,HMIS108,HMIS 108 - IPD Monthly Report,EBqVAQRmiPm,KqKwHbBJpIg,CA26B,CA26b. Other Malignant Tumors- Deaths,sBvVzuUN7ty,"18-39 Yrs, Male"
1724,HMIS108,HMIS 108 - IPD Monthly Report,EBqVAQRmiPm,KqKwHbBJpIg,CA26B,CA26b. Other Malignant Tumors- Deaths,yWdrn6SiVZ9,"0-14Yrs, Female"
1725,HMIS108,HMIS 108 - IPD Monthly Report,EBqVAQRmiPm,KqKwHbBJpIg,CA26B,CA26b. Other Malignant Tumors- Deaths,zLX9lB6eIHI,"15-17 Yrs, Male"
1726,HMIS108,HMIS 108 - IPD Monthly Report,EBqVAQRmiPm,KqKwHbBJpIg,CA26B,CA26b. Other Malignant Tumors- Deaths,C9j1R3XeUB3,"15-17 Yrs, Female"
1730,HMIS108,HMIS 108 - IPD Monthly Report,EBqVAQRmiPm,KqKwHbBJpIg,CA26B,CA26b. Other Malignant Tumors- Deaths,Mv9SNsGCT5e,"40-64 Yrs, Female"
1731,HMIS108,HMIS 108 - IPD Monthly Report,EBqVAQRmiPm,KqKwHbBJpIg,CA26B,CA26b. Other Malignant Tumors- Deaths,rU0HnmI7P8S,"65+Yrs, Male"
1732,HMIS108,HMIS 108 - IPD Monthly Report,EBqVAQRmiPm,KqKwHbBJpIg,CA26B,CA26b. Other Malignant Tumors- Deaths,pfXBcPz6khi,"65+Yrs, Female"
1729,HMIS108,HMIS 108 - IPD Monthly Report,EBqVAQRmiPm,KqKwHbBJpIg,CA26B,CA26b. Other Malignant Tumors- Deaths,tD3pn44uScE,"40-64 Yrs, Male"
1723,HMIS108,HMIS 108 - IPD Monthly Report,EBqVAQRmiPm,KqKwHbBJpIg,CA26B,CA26b. Other Malignant Tumors- Deaths,yabsZCXTQRM,"0-14Yrs, Male"
1728,HMIS108,HMIS 108 - IPD Monthly Report,EBqVAQRmiPm,KqKwHbBJpIg,CA26B,CA26b. Other Malignant Tumors- Deaths,JqdVRiI92bd,"18-39 Yrs, Female"
2430,HMIS108,HMIS 108 - IPD Monthly Report,EBqVAQRmiPm,avSPHPOgQ1E,CA27A,CA27a. Others Cancers  - Cases,VZrxjCi8cQi,"0-4Yrs, Female"
2419,HMIS108,HMIS 108 - IPD Monthly Report,EBqVAQRmiPm,avSPHPOgQ1E,CA27A,CA27a. Others Cancers  - Cases,yabsZCXTQRM,"0-14Yrs, Male"
2420,HMIS108,HMIS 108 - IPD Monthly Report,EBqVAQRmiPm,avSPHPOgQ1E,CA27A,CA27a. Others Cancers  - Cases,yWdrn6SiVZ9,"0-14Yrs, Female"
2421,HMIS108,HMIS 108 - IPD Monthly Report,EBqVAQRmiPm,avSPHPOgQ1E,CA27A,CA27a. Others Cancers  - Cases,zLX9lB6eIHI,"15-17 Yrs, Male"
2422,HMIS108,HMIS 108 - IPD Monthly Report,EBqVAQRmiPm,avSPHPOgQ1E,CA27A,CA27a. Others Cancers  - Cases,C9j1R3XeUB3,"15-17 Yrs, Female"
2423,HMIS108,HMIS 108 - IPD Monthly Report,EBqVAQRmiPm,avSPHPOgQ1E,CA27A,CA27a. Others Cancers  - Cases,sBvVzuUN7ty,"18-39 Yrs, Male"
2424,HMIS108,HMIS 108 - IPD Monthly Report,EBqVAQRmiPm,avSPHPOgQ1E,CA27A,CA27a. Others Cancers  - Cases,JqdVRiI92bd,"18-39 Yrs, Female"
2425,HMIS108,HMIS 108 - IPD Monthly Report,EBqVAQRmiPm,avSPHPOgQ1E,CA27A,CA27a. Others Cancers  - Cases,tD3pn44uScE,"40-64 Yrs, Male"
2426,HMIS108,HMIS 108 - IPD Monthly Report,EBqVAQRmiPm,avSPHPOgQ1E,CA27A,CA27a. Others Cancers  - Cases,Mv9SNsGCT5e,"40-64 Yrs, Female"
2427,HMIS108,HMIS 108 - IPD Monthly Report,EBqVAQRmiPm,avSPHPOgQ1E,CA27A,CA27a. Others Cancers  - Cases,rU0HnmI7P8S,"65+Yrs, Male"
2428,HMIS108,HMIS 108 - IPD Monthly Report,EBqVAQRmiPm,avSPHPOgQ1E,CA27A,CA27a. Others Cancers  - Cases,pfXBcPz6khi,"65+Yrs, Female"
2429,HMIS108,HMIS 108 - IPD Monthly Report,EBqVAQRmiPm,avSPHPOgQ1E,CA27A,CA27a. Others Cancers  - Cases,rCzvys285kN,"0-4Yrs, Male"
2431,HMIS108,HMIS 108 - IPD Monthly Report,EBqVAQRmiPm,avSPHPOgQ1E,CA27A,CA27a. Others Cancers  - Cases,ZgnHXnu30cI,"5+Yrs, Male"
2432,HMIS108,HMIS 108 - IPD Monthly Report,EBqVAQRmiPm,avSPHPOgQ1E,CA27A,CA27a. Others Cancers  - Cases,fHgwVjoElmE,"5+Yrs, Female"
3977,HMIS108,HMIS 108 - IPD Monthly Report,EBqVAQRmiPm,NSKZ3Y4fGN1,CA27B,CA27b. Others Cancers  - Deaths,VZrxjCi8cQi,"0-4Yrs, Female"
3972,HMIS108,HMIS 108 - IPD Monthly Report,EBqVAQRmiPm,NSKZ3Y4fGN1,CA27B,CA27b. Others Cancers  - Deaths,tD3pn44uScE,"40-64 Yrs, Male"
3973,HMIS108,HMIS 108 - IPD Monthly Report,EBqVAQRmiPm,NSKZ3Y4fGN1,CA27B,CA27b. Others Cancers  - Deaths,Mv9SNsGCT5e,"40-64 Yrs, Female"
3971,HMIS108,HMIS 108 - IPD Monthly Report,EBqVAQRmiPm,NSKZ3Y4fGN1,CA27B,CA27b. Others Cancers  - Deaths,JqdVRiI92bd,"18-39 Yrs, Female"
3970,HMIS108,HMIS 108 - IPD Monthly Report,EBqVAQRmiPm,NSKZ3Y4fGN1,CA27B,CA27b. Others Cancers  - Deaths,sBvVzuUN7ty,"18-39 Yrs, Male"
3969,HMIS108,HMIS 108 - IPD Monthly Report,EBqVAQRmiPm,NSKZ3Y4fGN1,CA27B,CA27b. Others Cancers  - Deaths,C9j1R3XeUB3,"15-17 Yrs, Female"
3968,HMIS108,HMIS 108 - IPD Monthly Report,EBqVAQRmiPm,NSKZ3Y4fGN1,CA27B,CA27b. Others Cancers  - Deaths,zLX9lB6eIHI,"15-17 Yrs, Male"
3974,HMIS108,HMIS 108 - IPD Monthly Report,EBqVAQRmiPm,NSKZ3Y4fGN1,CA27B,CA27b. Others Cancers  - Deaths,rU0HnmI7P8S,"65+Yrs, Male"
3967,HMIS108,HMIS 108 - IPD Monthly Report,EBqVAQRmiPm,NSKZ3Y4fGN1,CA27B,CA27b. Others Cancers  - Deaths,yWdrn6SiVZ9,"0-14Yrs, Female"
3979,HMIS108,HMIS 108 - IPD Monthly Report,EBqVAQRmiPm,NSKZ3Y4fGN1,CA27B,CA27b. Others Cancers  - Deaths,fHgwVjoElmE,"5+Yrs, Female"
3966,HMIS108,HMIS 108 - IPD Monthly Report,EBqVAQRmiPm,NSKZ3Y4fGN1,CA27B,CA27b. Others Cancers  - Deaths,yabsZCXTQRM,"0-14Yrs, Male"
3975,HMIS108,HMIS 108 - IPD Monthly Report,EBqVAQRmiPm,NSKZ3Y4fGN1,CA27B,CA27b. Others Cancers  - Deaths,pfXBcPz6khi,"65+Yrs, Female"
3978,HMIS108,HMIS 108 - IPD Monthly Report,EBqVAQRmiPm,NSKZ3Y4fGN1,CA27B,CA27b. Others Cancers  - Deaths,ZgnHXnu30cI,"5+Yrs, Male"
3976,HMIS108,HMIS 108 - IPD Monthly Report,EBqVAQRmiPm,NSKZ3Y4fGN1,CA27B,CA27b. Others Cancers  - Deaths,rCzvys285kN,"0-4Yrs, Male"
3275,HMIS108,HMIS 108 - IPD Monthly Report,EBqVAQRmiPm,GwQD5HqHGIv,CD01A,CD01a. Diarrhea - Acute  - Cases,ZgnHXnu30cI,"5+Yrs, Male"
3274,HMIS108,HMIS 108 - IPD Monthly Report,EBqVAQRmiPm,GwQD5HqHGIv,CD01A,CD01a. Diarrhea - Acute  - Cases,VZrxjCi8cQi,"0-4Yrs, Female"
3273,HMIS108,HMIS 108 - IPD Monthly Report,EBqVAQRmiPm,GwQD5HqHGIv,CD01A,CD01a. Diarrhea - Acute  - Cases,rCzvys285kN,"0-4Yrs, Male"
3276,HMIS108,HMIS 108 - IPD Monthly Report,EBqVAQRmiPm,GwQD5HqHGIv,CD01A,CD01a. Diarrhea - Acute  - Cases,fHgwVjoElmE,"5+Yrs, Female"
4098,HMIS108,HMIS 108 - IPD Monthly Report,EBqVAQRmiPm,HkI0xDwvvr8,CD01B,CD01b. Diarrhea - Acute  - Deaths,VZrxjCi8cQi,"0-4Yrs, Female"
4099,HMIS108,HMIS 108 - IPD Monthly Report,EBqVAQRmiPm,HkI0xDwvvr8,CD01B,CD01b. Diarrhea - Acute  - Deaths,ZgnHXnu30cI,"5+Yrs, Male"
4100,HMIS108,HMIS 108 - IPD Monthly Report,EBqVAQRmiPm,HkI0xDwvvr8,CD01B,CD01b. Diarrhea - Acute  - Deaths,fHgwVjoElmE,"5+Yrs, Female"
4097,HMIS108,HMIS 108 - IPD Monthly Report,EBqVAQRmiPm,HkI0xDwvvr8,CD01B,CD01b. Diarrhea - Acute  - Deaths,rCzvys285kN,"0-4Yrs, Male"
1670,HMIS108,HMIS 108 - IPD Monthly Report,EBqVAQRmiPm,IbiK1GS74qv,CD02A,CD02a. Diarrhea - Persistent  - Cases,rCzvys285kN,"0-4Yrs, Male"
1673,HMIS108,HMIS 108 - IPD Monthly Report,EBqVAQRmiPm,IbiK1GS74qv,CD02A,CD02a. Diarrhea - Persistent  - Cases,fHgwVjoElmE,"5+Yrs, Female"
1672,HMIS108,HMIS 108 - IPD Monthly Report,EBqVAQRmiPm,IbiK1GS74qv,CD02A,CD02a. Diarrhea - Persistent  - Cases,ZgnHXnu30cI,"5+Yrs, Male"
1671,HMIS108,HMIS 108 - IPD Monthly Report,EBqVAQRmiPm,IbiK1GS74qv,CD02A,CD02a. Diarrhea - Persistent  - Cases,VZrxjCi8cQi,"0-4Yrs, Female"
1473,HMIS108,HMIS 108 - IPD Monthly Report,EBqVAQRmiPm,XwydjcQlZOI,CD02B,CD02b. Diarrhea - Persistent  - Deaths,VZrxjCi8cQi,"0-4Yrs, Female"
1472,HMIS108,HMIS 108 - IPD Monthly Report,EBqVAQRmiPm,XwydjcQlZOI,CD02B,CD02b. Diarrhea - Persistent  - Deaths,rCzvys285kN,"0-4Yrs, Male"
1475,HMIS108,HMIS 108 - IPD Monthly Report,EBqVAQRmiPm,XwydjcQlZOI,CD02B,CD02b. Diarrhea - Persistent  - Deaths,fHgwVjoElmE,"5+Yrs, Female"
1474,HMIS108,HMIS 108 - IPD Monthly Report,EBqVAQRmiPm,XwydjcQlZOI,CD02B,CD02b. Diarrhea - Persistent  - Deaths,ZgnHXnu30cI,"5+Yrs, Male"
1058,HMIS108,HMIS 108 - IPD Monthly Report,EBqVAQRmiPm,CqAgkcN82T5,CD03A,CD03a. Genital Ulcers  - Cases,ZgnHXnu30cI,"5+Yrs, Male"
1057,HMIS108,HMIS 108 - IPD Monthly Report,EBqVAQRmiPm,CqAgkcN82T5,CD03A,CD03a. Genital Ulcers  - Cases,VZrxjCi8cQi,"0-4Yrs, Female"
1056,HMIS108,HMIS 108 - IPD Monthly Report,EBqVAQRmiPm,CqAgkcN82T5,CD03A,CD03a. Genital Ulcers  - Cases,rCzvys285kN,"0-4Yrs, Male"
1059,HMIS108,HMIS 108 - IPD Monthly Report,EBqVAQRmiPm,CqAgkcN82T5,CD03A,CD03a. Genital Ulcers  - Cases,fHgwVjoElmE,"5+Yrs, Female"
2931,HMIS108,HMIS 108 - IPD Monthly Report,EBqVAQRmiPm,RpqzO7uOoEn,CD03B,CD03b. Genital Ulcers  - Deaths,fHgwVjoElmE,"5+Yrs, Female"
2930,HMIS108,HMIS 108 - IPD Monthly Report,EBqVAQRmiPm,RpqzO7uOoEn,CD03B,CD03b. Genital Ulcers  - Deaths,ZgnHXnu30cI,"5+Yrs, Male"
2929,HMIS108,HMIS 108 - IPD Monthly Report,EBqVAQRmiPm,RpqzO7uOoEn,CD03B,CD03b. Genital Ulcers  - Deaths,VZrxjCi8cQi,"0-4Yrs, Female"
2928,HMIS108,HMIS 108 - IPD Monthly Report,EBqVAQRmiPm,RpqzO7uOoEn,CD03B,CD03b. Genital Ulcers  - Deaths,rCzvys285kN,"0-4Yrs, Male"
2250,HMIS108,HMIS 108 - IPD Monthly Report,EBqVAQRmiPm,tVqgjoVGM58,CD04A,CD04a. Septicemia  - Cases,ZgnHXnu30cI,"5+Yrs, Male"
2249,HMIS108,HMIS 108 - IPD Monthly Report,EBqVAQRmiPm,tVqgjoVGM58,CD04A,CD04a. Septicemia  - Cases,VZrxjCi8cQi,"0-4Yrs, Female"
2248,HMIS108,HMIS 108 - IPD Monthly Report,EBqVAQRmiPm,tVqgjoVGM58,CD04A,CD04a. Septicemia  - Cases,rCzvys285kN,"0-4Yrs, Male"
2251,HMIS108,HMIS 108 - IPD Monthly Report,EBqVAQRmiPm,tVqgjoVGM58,CD04A,CD04a. Septicemia  - Cases,fHgwVjoElmE,"5+Yrs, Female"
2084,HMIS108,HMIS 108 - IPD Monthly Report,EBqVAQRmiPm,bdzt06oCXUl,CD04B,CD04b. Septicemia  - Deaths,rCzvys285kN,"0-4Yrs, Male"
2087,HMIS108,HMIS 108 - IPD Monthly Report,EBqVAQRmiPm,bdzt06oCXUl,CD04B,CD04b. Septicemia  - Deaths,fHgwVjoElmE,"5+Yrs, Female"
2085,HMIS108,HMIS 108 - IPD Monthly Report,EBqVAQRmiPm,bdzt06oCXUl,CD04B,CD04b. Septicemia  - Deaths,VZrxjCi8cQi,"0-4Yrs, Female"
2086,HMIS108,HMIS 108 - IPD Monthly Report,EBqVAQRmiPm,bdzt06oCXUl,CD04B,CD04b. Septicemia  - Deaths,ZgnHXnu30cI,"5+Yrs, Male"
3892,HMIS108,HMIS 108 - IPD Monthly Report,EBqVAQRmiPm,MzsvdI8DzET,CD05A,CD05a. Peritonitis  - Cases,fHgwVjoElmE,"5+Yrs, Female"
3889,HMIS108,HMIS 108 - IPD Monthly Report,EBqVAQRmiPm,MzsvdI8DzET,CD05A,CD05a. Peritonitis  - Cases,rCzvys285kN,"0-4Yrs, Male"
3890,HMIS108,HMIS 108 - IPD Monthly Report,EBqVAQRmiPm,MzsvdI8DzET,CD05A,CD05a. Peritonitis  - Cases,VZrxjCi8cQi,"0-4Yrs, Female"
3891,HMIS108,HMIS 108 - IPD Monthly Report,EBqVAQRmiPm,MzsvdI8DzET,CD05A,CD05a. Peritonitis  - Cases,ZgnHXnu30cI,"5+Yrs, Male"
4248,HMIS108,HMIS 108 - IPD Monthly Report,EBqVAQRmiPm,WsaykeJyRtc,CD05B,CD05b. Peritonitis  - Deaths,rCzvys285kN,"0-4Yrs, Male"
4251,HMIS108,HMIS 108 - IPD Monthly Report,EBqVAQRmiPm,WsaykeJyRtc,CD05B,CD05b. Peritonitis  - Deaths,fHgwVjoElmE,"5+Yrs, Female"
4249,HMIS108,HMIS 108 - IPD Monthly Report,EBqVAQRmiPm,WsaykeJyRtc,CD05B,CD05b. Peritonitis  - Deaths,VZrxjCi8cQi,"0-4Yrs, Female"
4250,HMIS108,HMIS 108 - IPD Monthly Report,EBqVAQRmiPm,WsaykeJyRtc,CD05B,CD05b. Peritonitis  - Deaths,ZgnHXnu30cI,"5+Yrs, Male"
3043,HMIS108,HMIS 108 - IPD Monthly Report,EBqVAQRmiPm,DqvsBvVRZ2w,CD06A,CD06a. Pneumonia  - Cases,fHgwVjoElmE,"5+Yrs, Female"
3041,HMIS108,HMIS 108 - IPD Monthly Report,EBqVAQRmiPm,DqvsBvVRZ2w,CD06A,CD06a. Pneumonia  - Cases,VZrxjCi8cQi,"0-4Yrs, Female"
3040,HMIS108,HMIS 108 - IPD Monthly Report,EBqVAQRmiPm,DqvsBvVRZ2w,CD06A,CD06a. Pneumonia  - Cases,rCzvys285kN,"0-4Yrs, Male"
3042,HMIS108,HMIS 108 - IPD Monthly Report,EBqVAQRmiPm,DqvsBvVRZ2w,CD06A,CD06a. Pneumonia  - Cases,ZgnHXnu30cI,"5+Yrs, Male"
1047,HMIS108,HMIS 108 - IPD Monthly Report,EBqVAQRmiPm,NdjpWnigebk,CD06B,CD06b. Pneumonia  - Deaths,rCzvys285kN,"0-4Yrs, Male"
1050,HMIS108,HMIS 108 - IPD Monthly Report,EBqVAQRmiPm,NdjpWnigebk,CD06B,CD06b. Pneumonia  - Deaths,fHgwVjoElmE,"5+Yrs, Female"
1049,HMIS108,HMIS 108 - IPD Monthly Report,EBqVAQRmiPm,NdjpWnigebk,CD06B,CD06b. Pneumonia  - Deaths,ZgnHXnu30cI,"5+Yrs, Male"
1048,HMIS108,HMIS 108 - IPD Monthly Report,EBqVAQRmiPm,NdjpWnigebk,CD06B,CD06b. Pneumonia  - Deaths,VZrxjCi8cQi,"0-4Yrs, Female"
2592,HMIS108,HMIS 108 - IPD Monthly Report,EBqVAQRmiPm,CT6FIEW5Ct8,CD07A,CD07a. No Pneumonia - Cough and cold  - Cases,rCzvys285kN,"0-4Yrs, Male"
2593,HMIS108,HMIS 108 - IPD Monthly Report,EBqVAQRmiPm,CT6FIEW5Ct8,CD07A,CD07a. No Pneumonia - Cough and cold  - Cases,VZrxjCi8cQi,"0-4Yrs, Female"
2594,HMIS108,HMIS 108 - IPD Monthly Report,EBqVAQRmiPm,CT6FIEW5Ct8,CD07A,CD07a. No Pneumonia - Cough and cold  - Cases,ZgnHXnu30cI,"5+Yrs, Male"
2595,HMIS108,HMIS 108 - IPD Monthly Report,EBqVAQRmiPm,CT6FIEW5Ct8,CD07A,CD07a. No Pneumonia - Cough and cold  - Cases,fHgwVjoElmE,"5+Yrs, Female"
1664,HMIS108,HMIS 108 - IPD Monthly Report,EBqVAQRmiPm,vkfDZUxHJtT,CD07B,CD07b. No Pneumonia - Cough and cold  - Deaths,ZgnHXnu30cI,"5+Yrs, Male"
1662,HMIS108,HMIS 108 - IPD Monthly Report,EBqVAQRmiPm,vkfDZUxHJtT,CD07B,CD07b. No Pneumonia - Cough and cold  - Deaths,rCzvys285kN,"0-4Yrs, Male"
1665,HMIS108,HMIS 108 - IPD Monthly Report,EBqVAQRmiPm,vkfDZUxHJtT,CD07B,CD07b. No Pneumonia - Cough and cold  - Deaths,fHgwVjoElmE,"5+Yrs, Female"
1663,HMIS108,HMIS 108 - IPD Monthly Report,EBqVAQRmiPm,vkfDZUxHJtT,CD07B,CD07b. No Pneumonia - Cough and cold  - Deaths,VZrxjCi8cQi,"0-4Yrs, Female"
2596,HMIS108,HMIS 108 - IPD Monthly Report,EBqVAQRmiPm,tmozIFXxpia,CD08A,CD08a. Pyrexia of unknown origin (PUO)  - Cases,rCzvys285kN,"0-4Yrs, Male"
2599,HMIS108,HMIS 108 - IPD Monthly Report,EBqVAQRmiPm,tmozIFXxpia,CD08A,CD08a. Pyrexia of unknown origin (PUO)  - Cases,fHgwVjoElmE,"5+Yrs, Female"
2598,HMIS108,HMIS 108 - IPD Monthly Report,EBqVAQRmiPm,tmozIFXxpia,CD08A,CD08a. Pyrexia of unknown origin (PUO)  - Cases,ZgnHXnu30cI,"5+Yrs, Male"
2597,HMIS108,HMIS 108 - IPD Monthly Report,EBqVAQRmiPm,tmozIFXxpia,CD08A,CD08a. Pyrexia of unknown origin (PUO)  - Cases,VZrxjCi8cQi,"0-4Yrs, Female"
3530,HMIS108,HMIS 108 - IPD Monthly Report,EBqVAQRmiPm,B7ubNOPBEAz,CD08B,CD08b. Pyrexia of unknown origin (PUO)  - Deaths,ZgnHXnu30cI,"5+Yrs, Male"
3531,HMIS108,HMIS 108 - IPD Monthly Report,EBqVAQRmiPm,B7ubNOPBEAz,CD08B,CD08b. Pyrexia of unknown origin (PUO)  - Deaths,fHgwVjoElmE,"5+Yrs, Female"
3528,HMIS108,HMIS 108 - IPD Monthly Report,EBqVAQRmiPm,B7ubNOPBEAz,CD08B,CD08b. Pyrexia of unknown origin (PUO)  - Deaths,rCzvys285kN,"0-4Yrs, Male"
3529,HMIS108,HMIS 108 - IPD Monthly Report,EBqVAQRmiPm,B7ubNOPBEAz,CD08B,CD08b. Pyrexia of unknown origin (PUO)  - Deaths,VZrxjCi8cQi,"0-4Yrs, Female"
727,HMIS108,HMIS 108 - IPD Monthly Report,EBqVAQRmiPm,nWV5jl8Zc5q,CD09A,CD09a. TB  - Cases,VZrxjCi8cQi,"0-4Yrs, Female"
729,HMIS108,HMIS 108 - IPD Monthly Report,EBqVAQRmiPm,nWV5jl8Zc5q,CD09A,CD09a. TB  - Cases,fHgwVjoElmE,"5+Yrs, Female"
726,HMIS108,HMIS 108 - IPD Monthly Report,EBqVAQRmiPm,nWV5jl8Zc5q,CD09A,CD09a. TB  - Cases,rCzvys285kN,"0-4Yrs, Male"
728,HMIS108,HMIS 108 - IPD Monthly Report,EBqVAQRmiPm,nWV5jl8Zc5q,CD09A,CD09a. TB  - Cases,ZgnHXnu30cI,"5+Yrs, Male"
3131,HMIS108,HMIS 108 - IPD Monthly Report,EBqVAQRmiPm,whGjjiKHde6,CD09B,CD09b. TB  - Deaths,fHgwVjoElmE,"5+Yrs, Female"
3130,HMIS108,HMIS 108 - IPD Monthly Report,EBqVAQRmiPm,whGjjiKHde6,CD09B,CD09b. TB  - Deaths,ZgnHXnu30cI,"5+Yrs, Male"
3129,HMIS108,HMIS 108 - IPD Monthly Report,EBqVAQRmiPm,whGjjiKHde6,CD09B,CD09b. TB  - Deaths,VZrxjCi8cQi,"0-4Yrs, Female"
3128,HMIS108,HMIS 108 - IPD Monthly Report,EBqVAQRmiPm,whGjjiKHde6,CD09B,CD09b. TB  - Deaths,rCzvys285kN,"0-4Yrs, Male"
1900,HMIS108,HMIS 108 - IPD Monthly Report,EBqVAQRmiPm,GniTZ5vOhze,CD10A,CD10a. Leprosy  - Cases,VZrxjCi8cQi,"0-4Yrs, Female"
1901,HMIS108,HMIS 108 - IPD Monthly Report,EBqVAQRmiPm,GniTZ5vOhze,CD10A,CD10a. Leprosy  - Cases,ZgnHXnu30cI,"5+Yrs, Male"
1902,HMIS108,HMIS 108 - IPD Monthly Report,EBqVAQRmiPm,GniTZ5vOhze,CD10A,CD10a. Leprosy  - Cases,fHgwVjoElmE,"5+Yrs, Female"
1899,HMIS108,HMIS 108 - IPD Monthly Report,EBqVAQRmiPm,GniTZ5vOhze,CD10A,CD10a. Leprosy  - Cases,rCzvys285kN,"0-4Yrs, Male"
3982,HMIS108,HMIS 108 - IPD Monthly Report,EBqVAQRmiPm,j6u8ooZFP72,CD10B,CD10b. Leprosy  - Deaths,rCzvys285kN,"0-4Yrs, Male"
3985,HMIS108,HMIS 108 - IPD Monthly Report,EBqVAQRmiPm,j6u8ooZFP72,CD10B,CD10b. Leprosy  - Deaths,fHgwVjoElmE,"5+Yrs, Female"
3983,HMIS108,HMIS 108 - IPD Monthly Report,EBqVAQRmiPm,j6u8ooZFP72,CD10B,CD10b. Leprosy  - Deaths,VZrxjCi8cQi,"0-4Yrs, Female"
3984,HMIS108,HMIS 108 - IPD Monthly Report,EBqVAQRmiPm,j6u8ooZFP72,CD10B,CD10b. Leprosy  - Deaths,ZgnHXnu30cI,"5+Yrs, Male"
2694,HMIS108,HMIS 108 - IPD Monthly Report,EBqVAQRmiPm,tNA5hDRYuJI,CD11A,CD11a. Osteomyelitis  - Cases,rCzvys285kN,"0-4Yrs, Male"
2696,HMIS108,HMIS 108 - IPD Monthly Report,EBqVAQRmiPm,tNA5hDRYuJI,CD11A,CD11a. Osteomyelitis  - Cases,ZgnHXnu30cI,"5+Yrs, Male"
2697,HMIS108,HMIS 108 - IPD Monthly Report,EBqVAQRmiPm,tNA5hDRYuJI,CD11A,CD11a. Osteomyelitis  - Cases,fHgwVjoElmE,"5+Yrs, Female"
2695,HMIS108,HMIS 108 - IPD Monthly Report,EBqVAQRmiPm,tNA5hDRYuJI,CD11A,CD11a. Osteomyelitis  - Cases,VZrxjCi8cQi,"0-4Yrs, Female"
1634,HMIS108,HMIS 108 - IPD Monthly Report,EBqVAQRmiPm,M7MAmRvwYeP,CD11B,CD11b. Osteomyelitis  - Deaths,rCzvys285kN,"0-4Yrs, Male"
1637,HMIS108,HMIS 108 - IPD Monthly Report,EBqVAQRmiPm,M7MAmRvwYeP,CD11B,CD11b. Osteomyelitis  - Deaths,fHgwVjoElmE,"5+Yrs, Female"
1636,HMIS108,HMIS 108 - IPD Monthly Report,EBqVAQRmiPm,M7MAmRvwYeP,CD11B,CD11b. Osteomyelitis  - Deaths,ZgnHXnu30cI,"5+Yrs, Male"
1635,HMIS108,HMIS 108 - IPD Monthly Report,EBqVAQRmiPm,M7MAmRvwYeP,CD11B,CD11b. Osteomyelitis  - Deaths,VZrxjCi8cQi,"0-4Yrs, Female"
416,HMIS108,HMIS 108 - IPD Monthly Report,EBqVAQRmiPm,FbqzQB58GNY,CD12A,CD12a. Urinary Tract Infections (UTI)  - Cases,ZgnHXnu30cI,"5+Yrs, Male"
415,HMIS108,HMIS 108 - IPD Monthly Report,EBqVAQRmiPm,FbqzQB58GNY,CD12A,CD12a. Urinary Tract Infections (UTI)  - Cases,VZrxjCi8cQi,"0-4Yrs, Female"
414,HMIS108,HMIS 108 - IPD Monthly Report,EBqVAQRmiPm,FbqzQB58GNY,CD12A,CD12a. Urinary Tract Infections (UTI)  - Cases,rCzvys285kN,"0-4Yrs, Male"
417,HMIS108,HMIS 108 - IPD Monthly Report,EBqVAQRmiPm,FbqzQB58GNY,CD12A,CD12a. Urinary Tract Infections (UTI)  - Cases,fHgwVjoElmE,"5+Yrs, Female"
3627,HMIS108,HMIS 108 - IPD Monthly Report,EBqVAQRmiPm,uDlya0eRCDl,CD12B,CD12b. Urinary Tract Infections (UTI)  - Deaths,VZrxjCi8cQi,"0-4Yrs, Female"
3628,HMIS108,HMIS 108 - IPD Monthly Report,EBqVAQRmiPm,uDlya0eRCDl,CD12B,CD12b. Urinary Tract Infections (UTI)  - Deaths,ZgnHXnu30cI,"5+Yrs, Male"
3629,HMIS108,HMIS 108 - IPD Monthly Report,EBqVAQRmiPm,uDlya0eRCDl,CD12B,CD12b. Urinary Tract Infections (UTI)  - Deaths,fHgwVjoElmE,"5+Yrs, Female"
3626,HMIS108,HMIS 108 - IPD Monthly Report,EBqVAQRmiPm,uDlya0eRCDl,CD12B,CD12b. Urinary Tract Infections (UTI)  - Deaths,rCzvys285kN,"0-4Yrs, Male"
3073,HMIS108,HMIS 108 - IPD Monthly Report,EBqVAQRmiPm,O3ob0D3j0jh,CD13A,CD13a. Tetanus (over 28 days age)  - Cases,rCzvys285kN,"0-4Yrs, Male"
3074,HMIS108,HMIS 108 - IPD Monthly Report,EBqVAQRmiPm,O3ob0D3j0jh,CD13A,CD13a. Tetanus (over 28 days age)  - Cases,VZrxjCi8cQi,"0-4Yrs, Female"
3075,HMIS108,HMIS 108 - IPD Monthly Report,EBqVAQRmiPm,O3ob0D3j0jh,CD13A,CD13a. Tetanus (over 28 days age)  - Cases,ZgnHXnu30cI,"5+Yrs, Male"
3076,HMIS108,HMIS 108 - IPD Monthly Report,EBqVAQRmiPm,O3ob0D3j0jh,CD13A,CD13a. Tetanus (over 28 days age)  - Cases,fHgwVjoElmE,"5+Yrs, Female"
4019,HMIS108,HMIS 108 - IPD Monthly Report,EBqVAQRmiPm,TYU87IDIZ7h,CD13B,CD13b. Tetanus (over 28 days age)  - Deaths,ZgnHXnu30cI,"5+Yrs, Male"
4017,HMIS108,HMIS 108 - IPD Monthly Report,EBqVAQRmiPm,TYU87IDIZ7h,CD13B,CD13b. Tetanus (over 28 days age)  - Deaths,rCzvys285kN,"0-4Yrs, Male"
4018,HMIS108,HMIS 108 - IPD Monthly Report,EBqVAQRmiPm,TYU87IDIZ7h,CD13B,CD13b. Tetanus (over 28 days age)  - Deaths,VZrxjCi8cQi,"0-4Yrs, Female"
4020,HMIS108,HMIS 108 - IPD Monthly Report,EBqVAQRmiPm,TYU87IDIZ7h,CD13B,CD13b. Tetanus (over 28 days age)  - Deaths,fHgwVjoElmE,"5+Yrs, Female"
3187,HMIS108,HMIS 108 - IPD Monthly Report,EBqVAQRmiPm,bjjF5TZuyHD,CD14A,CD14a. Sleeping sickness  - Cases,VZrxjCi8cQi,"0-4Yrs, Female"
3189,HMIS108,HMIS 108 - IPD Monthly Report,EBqVAQRmiPm,bjjF5TZuyHD,CD14A,CD14a. Sleeping sickness  - Cases,fHgwVjoElmE,"5+Yrs, Female"
3186,HMIS108,HMIS 108 - IPD Monthly Report,EBqVAQRmiPm,bjjF5TZuyHD,CD14A,CD14a. Sleeping sickness  - Cases,rCzvys285kN,"0-4Yrs, Male"
3188,HMIS108,HMIS 108 - IPD Monthly Report,EBqVAQRmiPm,bjjF5TZuyHD,CD14A,CD14a. Sleeping sickness  - Cases,ZgnHXnu30cI,"5+Yrs, Male"
257,HMIS108,HMIS 108 - IPD Monthly Report,EBqVAQRmiPm,vF25duFNCS2,CD14B,CD14b. Sleeping sickness  - Deaths,VZrxjCi8cQi,"0-4Yrs, Female"
259,HMIS108,HMIS 108 - IPD Monthly Report,EBqVAQRmiPm,vF25duFNCS2,CD14B,CD14b. Sleeping sickness  - Deaths,fHgwVjoElmE,"5+Yrs, Female"
256,HMIS108,HMIS 108 - IPD Monthly Report,EBqVAQRmiPm,vF25duFNCS2,CD14B,CD14b. Sleeping sickness  - Deaths,rCzvys285kN,"0-4Yrs, Male"
258,HMIS108,HMIS 108 - IPD Monthly Report,EBqVAQRmiPm,vF25duFNCS2,CD14B,CD14b. Sleeping sickness  - Deaths,ZgnHXnu30cI,"5+Yrs, Male"
645,HMIS108,HMIS 108 - IPD Monthly Report,EBqVAQRmiPm,mmHnl1ZokVu,CD15A,CD15a. Surgical Site Infections (SSI) - Cases,VZrxjCi8cQi,"0-4Yrs, Female"
644,HMIS108,HMIS 108 - IPD Monthly Report,EBqVAQRmiPm,mmHnl1ZokVu,CD15A,CD15a. Surgical Site Infections (SSI) - Cases,rCzvys285kN,"0-4Yrs, Male"
646,HMIS108,HMIS 108 - IPD Monthly Report,EBqVAQRmiPm,mmHnl1ZokVu,CD15A,CD15a. Surgical Site Infections (SSI) - Cases,ZgnHXnu30cI,"5+Yrs, Male"
647,HMIS108,HMIS 108 - IPD Monthly Report,EBqVAQRmiPm,mmHnl1ZokVu,CD15A,CD15a. Surgical Site Infections (SSI) - Cases,fHgwVjoElmE,"5+Yrs, Female"
828,HMIS108,HMIS 108 - IPD Monthly Report,EBqVAQRmiPm,YOPFBX0Oz33,CD15B,CD15b. Surgical Site Infections (SSI) - Deaths,rCzvys285kN,"0-4Yrs, Male"
830,HMIS108,HMIS 108 - IPD Monthly Report,EBqVAQRmiPm,YOPFBX0Oz33,CD15B,CD15b. Surgical Site Infections (SSI) - Deaths,ZgnHXnu30cI,"5+Yrs, Male"
831,HMIS108,HMIS 108 - IPD Monthly Report,EBqVAQRmiPm,YOPFBX0Oz33,CD15B,CD15b. Surgical Site Infections (SSI) - Deaths,fHgwVjoElmE,"5+Yrs, Female"
829,HMIS108,HMIS 108 - IPD Monthly Report,EBqVAQRmiPm,YOPFBX0Oz33,CD15B,CD15b. Surgical Site Infections (SSI) - Deaths,VZrxjCi8cQi,"0-4Yrs, Female"
3502,HMIS108,HMIS 108 - IPD Monthly Report,EBqVAQRmiPm,R9l3TcJpS5I,CI01,CI01. No. of beds,QE0t2SWaRky,AcuteCareUnit
3492,HMIS108,HMIS 108 - IPD Monthly Report,EBqVAQRmiPm,R9l3TcJpS5I,CI01,CI01. No. of beds,XJatc66P7A6,MaleMedical
3493,HMIS108,HMIS 108 - IPD Monthly Report,EBqVAQRmiPm,R9l3TcJpS5I,CI01,CI01. No. of beds,rj8MoomuB9C,FemaleMedical
3494,HMIS108,HMIS 108 - IPD Monthly Report,EBqVAQRmiPm,R9l3TcJpS5I,CI01,CI01. No. of beds,lm5yShJh32E,Paediatrics
3495,HMIS108,HMIS 108 - IPD Monthly Report,EBqVAQRmiPm,R9l3TcJpS5I,CI01,CI01. No. of beds,U3H71QfQ3EM,Maternity_Obstetric
3496,HMIS108,HMIS 108 - IPD Monthly Report,EBqVAQRmiPm,R9l3TcJpS5I,CI01,CI01. No. of beds,u77V67JXHpb,MaleSurgical
3497,HMIS108,HMIS 108 - IPD Monthly Report,EBqVAQRmiPm,R9l3TcJpS5I,CI01,CI01. No. of beds,Agwj0d0hsc5,FemaleSurgical
3498,HMIS108,HMIS 108 - IPD Monthly Report,EBqVAQRmiPm,R9l3TcJpS5I,CI01,CI01. No. of beds,CHqKEyZAHxD,TB
3499,HMIS108,HMIS 108 - IPD Monthly Report,EBqVAQRmiPm,R9l3TcJpS5I,CI01,CI01. No. of beds,ToY1RNX7epJ,Psychiatric
3500,HMIS108,HMIS 108 - IPD Monthly Report,EBqVAQRmiPm,R9l3TcJpS5I,CI01,CI01. No. of beds,vBmPAWZQDVs,Emergency Ward
3501,HMIS108,HMIS 108 - IPD Monthly Report,EBqVAQRmiPm,R9l3TcJpS5I,CI01,CI01. No. of beds,dvlThSdHovb,Gynaecology
3503,HMIS108,HMIS 108 - IPD Monthly Report,EBqVAQRmiPm,R9l3TcJpS5I,CI01,CI01. No. of beds,LPATiUAUj1c,Palliative
3504,HMIS108,HMIS 108 - IPD Monthly Report,EBqVAQRmiPm,R9l3TcJpS5I,CI01,CI01. No. of beds,sQZH5BgucFf,Eye
3505,HMIS108,HMIS 108 - IPD Monthly Report,EBqVAQRmiPm,R9l3TcJpS5I,CI01,CI01. No. of beds,xg4v26gsfy0,Intensive Care Unit (ICU)
3506,HMIS108,HMIS 108 - IPD Monthly Report,EBqVAQRmiPm,R9l3TcJpS5I,CI01,CI01. No. of beds,ObYelhgHfKG,Nutrition
3507,HMIS108,HMIS 108 - IPD Monthly Report,EBqVAQRmiPm,R9l3TcJpS5I,CI01,CI01. No. of beds,vUgKzac3JnH,ENT
3508,HMIS108,HMIS 108 - IPD Monthly Report,EBqVAQRmiPm,R9l3TcJpS5I,CI01,CI01. No. of beds,rJw5ESKTTCI,Orthopaedic
3509,HMIS108,HMIS 108 - IPD Monthly Report,EBqVAQRmiPm,R9l3TcJpS5I,CI01,CI01. No. of beds,LqXPAf6aXaj,Neonatal Unit
3510,HMIS108,HMIS 108 - IPD Monthly Report,EBqVAQRmiPm,R9l3TcJpS5I,CI01,CI01. No. of beds,cskjOuUM9Ej,Rehabilitation Ward
3511,HMIS108,HMIS 108 - IPD Monthly Report,EBqVAQRmiPm,R9l3TcJpS5I,CI01,CI01. No. of beds,S55CGFRkdpq,Other wards
3942,HMIS108,HMIS 108 - IPD Monthly Report,EBqVAQRmiPm,UwnR5kr982Y,CI02,CI02. No. of admissions,rJw5ESKTTCI,Orthopaedic
3937,HMIS108,HMIS 108 - IPD Monthly Report,EBqVAQRmiPm,UwnR5kr982Y,CI02,CI02. No. of admissions,LPATiUAUj1c,Palliative
3945,HMIS108,HMIS 108 - IPD Monthly Report,EBqVAQRmiPm,UwnR5kr982Y,CI02,CI02. No. of admissions,S55CGFRkdpq,Other wards
3936,HMIS108,HMIS 108 - IPD Monthly Report,EBqVAQRmiPm,UwnR5kr982Y,CI02,CI02. No. of admissions,QE0t2SWaRky,AcuteCareUnit
3943,HMIS108,HMIS 108 - IPD Monthly Report,EBqVAQRmiPm,UwnR5kr982Y,CI02,CI02. No. of admissions,LqXPAf6aXaj,Neonatal Unit
3926,HMIS108,HMIS 108 - IPD Monthly Report,EBqVAQRmiPm,UwnR5kr982Y,CI02,CI02. No. of admissions,XJatc66P7A6,MaleMedical
3927,HMIS108,HMIS 108 - IPD Monthly Report,EBqVAQRmiPm,UwnR5kr982Y,CI02,CI02. No. of admissions,rj8MoomuB9C,FemaleMedical
3928,HMIS108,HMIS 108 - IPD Monthly Report,EBqVAQRmiPm,UwnR5kr982Y,CI02,CI02. No. of admissions,lm5yShJh32E,Paediatrics
3932,HMIS108,HMIS 108 - IPD Monthly Report,EBqVAQRmiPm,UwnR5kr982Y,CI02,CI02. No. of admissions,CHqKEyZAHxD,TB
3933,HMIS108,HMIS 108 - IPD Monthly Report,EBqVAQRmiPm,UwnR5kr982Y,CI02,CI02. No. of admissions,ToY1RNX7epJ,Psychiatric
3934,HMIS108,HMIS 108 - IPD Monthly Report,EBqVAQRmiPm,UwnR5kr982Y,CI02,CI02. No. of admissions,vBmPAWZQDVs,Emergency Ward
3929,HMIS108,HMIS 108 - IPD Monthly Report,EBqVAQRmiPm,UwnR5kr982Y,CI02,CI02. No. of admissions,U3H71QfQ3EM,Maternity_Obstetric
3930,HMIS108,HMIS 108 - IPD Monthly Report,EBqVAQRmiPm,UwnR5kr982Y,CI02,CI02. No. of admissions,u77V67JXHpb,MaleSurgical
3931,HMIS108,HMIS 108 - IPD Monthly Report,EBqVAQRmiPm,UwnR5kr982Y,CI02,CI02. No. of admissions,Agwj0d0hsc5,FemaleSurgical
3944,HMIS108,HMIS 108 - IPD Monthly Report,EBqVAQRmiPm,UwnR5kr982Y,CI02,CI02. No. of admissions,cskjOuUM9Ej,Rehabilitation Ward
3941,HMIS108,HMIS 108 - IPD Monthly Report,EBqVAQRmiPm,UwnR5kr982Y,CI02,CI02. No. of admissions,vUgKzac3JnH,ENT
3935,HMIS108,HMIS 108 - IPD Monthly Report,EBqVAQRmiPm,UwnR5kr982Y,CI02,CI02. No. of admissions,dvlThSdHovb,Gynaecology
3938,HMIS108,HMIS 108 - IPD Monthly Report,EBqVAQRmiPm,UwnR5kr982Y,CI02,CI02. No. of admissions,sQZH5BgucFf,Eye
3939,HMIS108,HMIS 108 - IPD Monthly Report,EBqVAQRmiPm,UwnR5kr982Y,CI02,CI02. No. of admissions,xg4v26gsfy0,Intensive Care Unit (ICU)
3940,HMIS108,HMIS 108 - IPD Monthly Report,EBqVAQRmiPm,UwnR5kr982Y,CI02,CI02. No. of admissions,ObYelhgHfKG,Nutrition
889,HMIS108,HMIS 108 - IPD Monthly Report,EBqVAQRmiPm,vyOajQA5xTu,CI03,CI03. No. of deaths,Agwj0d0hsc5,FemaleSurgical
885,HMIS108,HMIS 108 - IPD Monthly Report,EBqVAQRmiPm,vyOajQA5xTu,CI03,CI03. No. of deaths,rj8MoomuB9C,FemaleMedical
884,HMIS108,HMIS 108 - IPD Monthly Report,EBqVAQRmiPm,vyOajQA5xTu,CI03,CI03. No. of deaths,XJatc66P7A6,MaleMedical
892,HMIS108,HMIS 108 - IPD Monthly Report,EBqVAQRmiPm,vyOajQA5xTu,CI03,CI03. No. of deaths,vBmPAWZQDVs,Emergency Ward
894,HMIS108,HMIS 108 - IPD Monthly Report,EBqVAQRmiPm,vyOajQA5xTu,CI03,CI03. No. of deaths,QE0t2SWaRky,AcuteCareUnit
898,HMIS108,HMIS 108 - IPD Monthly Report,EBqVAQRmiPm,vyOajQA5xTu,CI03,CI03. No. of deaths,ObYelhgHfKG,Nutrition
893,HMIS108,HMIS 108 - IPD Monthly Report,EBqVAQRmiPm,vyOajQA5xTu,CI03,CI03. No. of deaths,dvlThSdHovb,Gynaecology
899,HMIS108,HMIS 108 - IPD Monthly Report,EBqVAQRmiPm,vyOajQA5xTu,CI03,CI03. No. of deaths,vUgKzac3JnH,ENT
900,HMIS108,HMIS 108 - IPD Monthly Report,EBqVAQRmiPm,vyOajQA5xTu,CI03,CI03. No. of deaths,rJw5ESKTTCI,Orthopaedic
901,HMIS108,HMIS 108 - IPD Monthly Report,EBqVAQRmiPm,vyOajQA5xTu,CI03,CI03. No. of deaths,LqXPAf6aXaj,Neonatal Unit
902,HMIS108,HMIS 108 - IPD Monthly Report,EBqVAQRmiPm,vyOajQA5xTu,CI03,CI03. No. of deaths,cskjOuUM9Ej,Rehabilitation Ward
903,HMIS108,HMIS 108 - IPD Monthly Report,EBqVAQRmiPm,vyOajQA5xTu,CI03,CI03. No. of deaths,S55CGFRkdpq,Other wards
891,HMIS108,HMIS 108 - IPD Monthly Report,EBqVAQRmiPm,vyOajQA5xTu,CI03,CI03. No. of deaths,ToY1RNX7epJ,Psychiatric
890,HMIS108,HMIS 108 - IPD Monthly Report,EBqVAQRmiPm,vyOajQA5xTu,CI03,CI03. No. of deaths,CHqKEyZAHxD,TB
886,HMIS108,HMIS 108 - IPD Monthly Report,EBqVAQRmiPm,vyOajQA5xTu,CI03,CI03. No. of deaths,lm5yShJh32E,Paediatrics
888,HMIS108,HMIS 108 - IPD Monthly Report,EBqVAQRmiPm,vyOajQA5xTu,CI03,CI03. No. of deaths,u77V67JXHpb,MaleSurgical
897,HMIS108,HMIS 108 - IPD Monthly Report,EBqVAQRmiPm,vyOajQA5xTu,CI03,CI03. No. of deaths,xg4v26gsfy0,Intensive Care Unit (ICU)
896,HMIS108,HMIS 108 - IPD Monthly Report,EBqVAQRmiPm,vyOajQA5xTu,CI03,CI03. No. of deaths,sQZH5BgucFf,Eye
895,HMIS108,HMIS 108 - IPD Monthly Report,EBqVAQRmiPm,vyOajQA5xTu,CI03,CI03. No. of deaths,LPATiUAUj1c,Palliative
887,HMIS108,HMIS 108 - IPD Monthly Report,EBqVAQRmiPm,vyOajQA5xTu,CI03,CI03. No. of deaths,U3H71QfQ3EM,Maternity_Obstetric
1891,HMIS108,HMIS 108 - IPD Monthly Report,EBqVAQRmiPm,zeWfiZxvpyo,CI04,CI04. Patient days,sQZH5BgucFf,Eye
1879,HMIS108,HMIS 108 - IPD Monthly Report,EBqVAQRmiPm,zeWfiZxvpyo,CI04,CI04. Patient days,XJatc66P7A6,MaleMedical
1880,HMIS108,HMIS 108 - IPD Monthly Report,EBqVAQRmiPm,zeWfiZxvpyo,CI04,CI04. Patient days,rj8MoomuB9C,FemaleMedical
1881,HMIS108,HMIS 108 - IPD Monthly Report,EBqVAQRmiPm,zeWfiZxvpyo,CI04,CI04. Patient days,lm5yShJh32E,Paediatrics
1882,HMIS108,HMIS 108 - IPD Monthly Report,EBqVAQRmiPm,zeWfiZxvpyo,CI04,CI04. Patient days,U3H71QfQ3EM,Maternity_Obstetric
1883,HMIS108,HMIS 108 - IPD Monthly Report,EBqVAQRmiPm,zeWfiZxvpyo,CI04,CI04. Patient days,u77V67JXHpb,MaleSurgical
1884,HMIS108,HMIS 108 - IPD Monthly Report,EBqVAQRmiPm,zeWfiZxvpyo,CI04,CI04. Patient days,Agwj0d0hsc5,FemaleSurgical
1885,HMIS108,HMIS 108 - IPD Monthly Report,EBqVAQRmiPm,zeWfiZxvpyo,CI04,CI04. Patient days,CHqKEyZAHxD,TB
1886,HMIS108,HMIS 108 - IPD Monthly Report,EBqVAQRmiPm,zeWfiZxvpyo,CI04,CI04. Patient days,ToY1RNX7epJ,Psychiatric
1887,HMIS108,HMIS 108 - IPD Monthly Report,EBqVAQRmiPm,zeWfiZxvpyo,CI04,CI04. Patient days,vBmPAWZQDVs,Emergency Ward
1888,HMIS108,HMIS 108 - IPD Monthly Report,EBqVAQRmiPm,zeWfiZxvpyo,CI04,CI04. Patient days,dvlThSdHovb,Gynaecology
1889,HMIS108,HMIS 108 - IPD Monthly Report,EBqVAQRmiPm,zeWfiZxvpyo,CI04,CI04. Patient days,QE0t2SWaRky,AcuteCareUnit
1890,HMIS108,HMIS 108 - IPD Monthly Report,EBqVAQRmiPm,zeWfiZxvpyo,CI04,CI04. Patient days,LPATiUAUj1c,Palliative
1892,HMIS108,HMIS 108 - IPD Monthly Report,EBqVAQRmiPm,zeWfiZxvpyo,CI04,CI04. Patient days,xg4v26gsfy0,Intensive Care Unit (ICU)
1893,HMIS108,HMIS 108 - IPD Monthly Report,EBqVAQRmiPm,zeWfiZxvpyo,CI04,CI04. Patient days,ObYelhgHfKG,Nutrition
1894,HMIS108,HMIS 108 - IPD Monthly Report,EBqVAQRmiPm,zeWfiZxvpyo,CI04,CI04. Patient days,vUgKzac3JnH,ENT
1895,HMIS108,HMIS 108 - IPD Monthly Report,EBqVAQRmiPm,zeWfiZxvpyo,CI04,CI04. Patient days,rJw5ESKTTCI,Orthopaedic
1896,HMIS108,HMIS 108 - IPD Monthly Report,EBqVAQRmiPm,zeWfiZxvpyo,CI04,CI04. Patient days,LqXPAf6aXaj,Neonatal Unit
1897,HMIS108,HMIS 108 - IPD Monthly Report,EBqVAQRmiPm,zeWfiZxvpyo,CI04,CI04. Patient days,cskjOuUM9Ej,Rehabilitation Ward
1898,HMIS108,HMIS 108 - IPD Monthly Report,EBqVAQRmiPm,zeWfiZxvpyo,CI04,CI04. Patient days,S55CGFRkdpq,Other wards
570,HMIS108,HMIS 108 - IPD Monthly Report,EBqVAQRmiPm,dfaUCTHQIo8,CI05,CI05. Average length of stay,xg4v26gsfy0,Intensive Care Unit (ICU)
557,HMIS108,HMIS 108 - IPD Monthly Report,EBqVAQRmiPm,dfaUCTHQIo8,CI05,CI05. Average length of stay,XJatc66P7A6,MaleMedical
560,HMIS108,HMIS 108 - IPD Monthly Report,EBqVAQRmiPm,dfaUCTHQIo8,CI05,CI05. Average length of stay,U3H71QfQ3EM,Maternity_Obstetric
558,HMIS108,HMIS 108 - IPD Monthly Report,EBqVAQRmiPm,dfaUCTHQIo8,CI05,CI05. Average length of stay,rj8MoomuB9C,FemaleMedical
559,HMIS108,HMIS 108 - IPD Monthly Report,EBqVAQRmiPm,dfaUCTHQIo8,CI05,CI05. Average length of stay,lm5yShJh32E,Paediatrics
569,HMIS108,HMIS 108 - IPD Monthly Report,EBqVAQRmiPm,dfaUCTHQIo8,CI05,CI05. Average length of stay,sQZH5BgucFf,Eye
568,HMIS108,HMIS 108 - IPD Monthly Report,EBqVAQRmiPm,dfaUCTHQIo8,CI05,CI05. Average length of stay,LPATiUAUj1c,Palliative
567,HMIS108,HMIS 108 - IPD Monthly Report,EBqVAQRmiPm,dfaUCTHQIo8,CI05,CI05. Average length of stay,QE0t2SWaRky,AcuteCareUnit
566,HMIS108,HMIS 108 - IPD Monthly Report,EBqVAQRmiPm,dfaUCTHQIo8,CI05,CI05. Average length of stay,dvlThSdHovb,Gynaecology
565,HMIS108,HMIS 108 - IPD Monthly Report,EBqVAQRmiPm,dfaUCTHQIo8,CI05,CI05. Average length of stay,vBmPAWZQDVs,Emergency Ward
564,HMIS108,HMIS 108 - IPD Monthly Report,EBqVAQRmiPm,dfaUCTHQIo8,CI05,CI05. Average length of stay,ToY1RNX7epJ,Psychiatric
563,HMIS108,HMIS 108 - IPD Monthly Report,EBqVAQRmiPm,dfaUCTHQIo8,CI05,CI05. Average length of stay,CHqKEyZAHxD,TB
575,HMIS108,HMIS 108 - IPD Monthly Report,EBqVAQRmiPm,dfaUCTHQIo8,CI05,CI05. Average length of stay,cskjOuUM9Ej,Rehabilitation Ward
576,HMIS108,HMIS 108 - IPD Monthly Report,EBqVAQRmiPm,dfaUCTHQIo8,CI05,CI05. Average length of stay,S55CGFRkdpq,Other wards
574,HMIS108,HMIS 108 - IPD Monthly Report,EBqVAQRmiPm,dfaUCTHQIo8,CI05,CI05. Average length of stay,LqXPAf6aXaj,Neonatal Unit
562,HMIS108,HMIS 108 - IPD Monthly Report,EBqVAQRmiPm,dfaUCTHQIo8,CI05,CI05. Average length of stay,Agwj0d0hsc5,FemaleSurgical
561,HMIS108,HMIS 108 - IPD Monthly Report,EBqVAQRmiPm,dfaUCTHQIo8,CI05,CI05. Average length of stay,u77V67JXHpb,MaleSurgical
573,HMIS108,HMIS 108 - IPD Monthly Report,EBqVAQRmiPm,dfaUCTHQIo8,CI05,CI05. Average length of stay,rJw5ESKTTCI,Orthopaedic
572,HMIS108,HMIS 108 - IPD Monthly Report,EBqVAQRmiPm,dfaUCTHQIo8,CI05,CI05. Average length of stay,vUgKzac3JnH,ENT
571,HMIS108,HMIS 108 - IPD Monthly Report,EBqVAQRmiPm,dfaUCTHQIo8,CI05,CI05. Average length of stay,ObYelhgHfKG,Nutrition
1925,HMIS108,HMIS 108 - IPD Monthly Report,EBqVAQRmiPm,dxYRmaUw8jf,CI06,CI06. Average occupancy,XJatc66P7A6,MaleMedical
1926,HMIS108,HMIS 108 - IPD Monthly Report,EBqVAQRmiPm,dxYRmaUw8jf,CI06,CI06. Average occupancy,rj8MoomuB9C,FemaleMedical
1934,HMIS108,HMIS 108 - IPD Monthly Report,EBqVAQRmiPm,dxYRmaUw8jf,CI06,CI06. Average occupancy,dvlThSdHovb,Gynaecology
1927,HMIS108,HMIS 108 - IPD Monthly Report,EBqVAQRmiPm,dxYRmaUw8jf,CI06,CI06. Average occupancy,lm5yShJh32E,Paediatrics
1928,HMIS108,HMIS 108 - IPD Monthly Report,EBqVAQRmiPm,dxYRmaUw8jf,CI06,CI06. Average occupancy,U3H71QfQ3EM,Maternity_Obstetric
1938,HMIS108,HMIS 108 - IPD Monthly Report,EBqVAQRmiPm,dxYRmaUw8jf,CI06,CI06. Average occupancy,xg4v26gsfy0,Intensive Care Unit (ICU)
1937,HMIS108,HMIS 108 - IPD Monthly Report,EBqVAQRmiPm,dxYRmaUw8jf,CI06,CI06. Average occupancy,sQZH5BgucFf,Eye
1936,HMIS108,HMIS 108 - IPD Monthly Report,EBqVAQRmiPm,dxYRmaUw8jf,CI06,CI06. Average occupancy,LPATiUAUj1c,Palliative
1929,HMIS108,HMIS 108 - IPD Monthly Report,EBqVAQRmiPm,dxYRmaUw8jf,CI06,CI06. Average occupancy,u77V67JXHpb,MaleSurgical
1935,HMIS108,HMIS 108 - IPD Monthly Report,EBqVAQRmiPm,dxYRmaUw8jf,CI06,CI06. Average occupancy,QE0t2SWaRky,AcuteCareUnit
1930,HMIS108,HMIS 108 - IPD Monthly Report,EBqVAQRmiPm,dxYRmaUw8jf,CI06,CI06. Average occupancy,Agwj0d0hsc5,FemaleSurgical
1931,HMIS108,HMIS 108 - IPD Monthly Report,EBqVAQRmiPm,dxYRmaUw8jf,CI06,CI06. Average occupancy,CHqKEyZAHxD,TB
1933,HMIS108,HMIS 108 - IPD Monthly Report,EBqVAQRmiPm,dxYRmaUw8jf,CI06,CI06. Average occupancy,vBmPAWZQDVs,Emergency Ward
1939,HMIS108,HMIS 108 - IPD Monthly Report,EBqVAQRmiPm,dxYRmaUw8jf,CI06,CI06. Average occupancy,ObYelhgHfKG,Nutrition
1941,HMIS108,HMIS 108 - IPD Monthly Report,EBqVAQRmiPm,dxYRmaUw8jf,CI06,CI06. Average occupancy,rJw5ESKTTCI,Orthopaedic
1940,HMIS108,HMIS 108 - IPD Monthly Report,EBqVAQRmiPm,dxYRmaUw8jf,CI06,CI06. Average occupancy,vUgKzac3JnH,ENT
1932,HMIS108,HMIS 108 - IPD Monthly Report,EBqVAQRmiPm,dxYRmaUw8jf,CI06,CI06. Average occupancy,ToY1RNX7epJ,Psychiatric
1942,HMIS108,HMIS 108 - IPD Monthly Report,EBqVAQRmiPm,dxYRmaUw8jf,CI06,CI06. Average occupancy,LqXPAf6aXaj,Neonatal Unit
1944,HMIS108,HMIS 108 - IPD Monthly Report,EBqVAQRmiPm,dxYRmaUw8jf,CI06,CI06. Average occupancy,S55CGFRkdpq,Other wards
1943,HMIS108,HMIS 108 - IPD Monthly Report,EBqVAQRmiPm,dxYRmaUw8jf,CI06,CI06. Average occupancy,cskjOuUM9Ej,Rehabilitation Ward
2846,HMIS108,HMIS 108 - IPD Monthly Report,EBqVAQRmiPm,dlMzl3BN7PQ,CI07,CI07. Bed occupancy,sQZH5BgucFf,Eye
2834,HMIS108,HMIS 108 - IPD Monthly Report,EBqVAQRmiPm,dlMzl3BN7PQ,CI07,CI07. Bed occupancy,XJatc66P7A6,MaleMedical
2835,HMIS108,HMIS 108 - IPD Monthly Report,EBqVAQRmiPm,dlMzl3BN7PQ,CI07,CI07. Bed occupancy,rj8MoomuB9C,FemaleMedical
2836,HMIS108,HMIS 108 - IPD Monthly Report,EBqVAQRmiPm,dlMzl3BN7PQ,CI07,CI07. Bed occupancy,lm5yShJh32E,Paediatrics
2837,HMIS108,HMIS 108 - IPD Monthly Report,EBqVAQRmiPm,dlMzl3BN7PQ,CI07,CI07. Bed occupancy,U3H71QfQ3EM,Maternity_Obstetric
2838,HMIS108,HMIS 108 - IPD Monthly Report,EBqVAQRmiPm,dlMzl3BN7PQ,CI07,CI07. Bed occupancy,u77V67JXHpb,MaleSurgical
2839,HMIS108,HMIS 108 - IPD Monthly Report,EBqVAQRmiPm,dlMzl3BN7PQ,CI07,CI07. Bed occupancy,Agwj0d0hsc5,FemaleSurgical
2840,HMIS108,HMIS 108 - IPD Monthly Report,EBqVAQRmiPm,dlMzl3BN7PQ,CI07,CI07. Bed occupancy,CHqKEyZAHxD,TB
2841,HMIS108,HMIS 108 - IPD Monthly Report,EBqVAQRmiPm,dlMzl3BN7PQ,CI07,CI07. Bed occupancy,ToY1RNX7epJ,Psychiatric
2842,HMIS108,HMIS 108 - IPD Monthly Report,EBqVAQRmiPm,dlMzl3BN7PQ,CI07,CI07. Bed occupancy,vBmPAWZQDVs,Emergency Ward
2843,HMIS108,HMIS 108 - IPD Monthly Report,EBqVAQRmiPm,dlMzl3BN7PQ,CI07,CI07. Bed occupancy,dvlThSdHovb,Gynaecology
2844,HMIS108,HMIS 108 - IPD Monthly Report,EBqVAQRmiPm,dlMzl3BN7PQ,CI07,CI07. Bed occupancy,QE0t2SWaRky,AcuteCareUnit
2845,HMIS108,HMIS 108 - IPD Monthly Report,EBqVAQRmiPm,dlMzl3BN7PQ,CI07,CI07. Bed occupancy,LPATiUAUj1c,Palliative
2847,HMIS108,HMIS 108 - IPD Monthly Report,EBqVAQRmiPm,dlMzl3BN7PQ,CI07,CI07. Bed occupancy,xg4v26gsfy0,Intensive Care Unit (ICU)
2848,HMIS108,HMIS 108 - IPD Monthly Report,EBqVAQRmiPm,dlMzl3BN7PQ,CI07,CI07. Bed occupancy,ObYelhgHfKG,Nutrition
2849,HMIS108,HMIS 108 - IPD Monthly Report,EBqVAQRmiPm,dlMzl3BN7PQ,CI07,CI07. Bed occupancy,vUgKzac3JnH,ENT
2850,HMIS108,HMIS 108 - IPD Monthly Report,EBqVAQRmiPm,dlMzl3BN7PQ,CI07,CI07. Bed occupancy,rJw5ESKTTCI,Orthopaedic
2851,HMIS108,HMIS 108 - IPD Monthly Report,EBqVAQRmiPm,dlMzl3BN7PQ,CI07,CI07. Bed occupancy,LqXPAf6aXaj,Neonatal Unit
2852,HMIS108,HMIS 108 - IPD Monthly Report,EBqVAQRmiPm,dlMzl3BN7PQ,CI07,CI07. Bed occupancy,cskjOuUM9Ej,Rehabilitation Ward
2853,HMIS108,HMIS 108 - IPD Monthly Report,EBqVAQRmiPm,dlMzl3BN7PQ,CI07,CI07. Bed occupancy,S55CGFRkdpq,Other wards
3207,HMIS108,HMIS 108 - IPD Monthly Report,EBqVAQRmiPm,fAz4wFqRUpJ,CR01,CR01. Colectomy,HllvX50cXC0,default
500,HMIS108,HMIS 108 - IPD Monthly Report,EBqVAQRmiPm,Eg9lOfQkV6t,CR01A,CR01a. Asthma  - Cases,raVzuvAVYrE,"New, 0-4Yrs, Female"
499,HMIS108,HMIS 108 - IPD Monthly Report,EBqVAQRmiPm,Eg9lOfQkV6t,CR01A,CR01a. Asthma  - Cases,Ddg0cceghIM,"New, 0-4Yrs, Male"
508,HMIS108,HMIS 108 - IPD Monthly Report,EBqVAQRmiPm,Eg9lOfQkV6t,CR01A,CR01a. Asthma  - Cases,VZrxjCi8cQi,"0-4Yrs, Female"
509,HMIS108,HMIS 108 - IPD Monthly Report,EBqVAQRmiPm,Eg9lOfQkV6t,CR01A,CR01a. Asthma  - Cases,ZgnHXnu30cI,"5+Yrs, Male"
510,HMIS108,HMIS 108 - IPD Monthly Report,EBqVAQRmiPm,Eg9lOfQkV6t,CR01A,CR01a. Asthma  - Cases,fHgwVjoElmE,"5+Yrs, Female"
507,HMIS108,HMIS 108 - IPD Monthly Report,EBqVAQRmiPm,Eg9lOfQkV6t,CR01A,CR01a. Asthma  - Cases,rCzvys285kN,"0-4Yrs, Male"
506,HMIS108,HMIS 108 - IPD Monthly Report,EBqVAQRmiPm,Eg9lOfQkV6t,CR01A,CR01a. Asthma  - Cases,hTVLtGKGXV5,"Known, 5+Yrs, Female"
505,HMIS108,HMIS 108 - IPD Monthly Report,EBqVAQRmiPm,Eg9lOfQkV6t,CR01A,CR01a. Asthma  - Cases,zShlA5MAVHQ,"Known, 5+Yrs, Male"
504,HMIS108,HMIS 108 - IPD Monthly Report,EBqVAQRmiPm,Eg9lOfQkV6t,CR01A,CR01a. Asthma  - Cases,QK1rNyJE2vo,"Known, 0-4Yrs, Female"
503,HMIS108,HMIS 108 - IPD Monthly Report,EBqVAQRmiPm,Eg9lOfQkV6t,CR01A,CR01a. Asthma  - Cases,mTSF9OkOVvI,"Known, 0-4Yrs, Male"
501,HMIS108,HMIS 108 - IPD Monthly Report,EBqVAQRmiPm,Eg9lOfQkV6t,CR01A,CR01a. Asthma  - Cases,eKedYQVxjWn,"New, 5+Yrs, Male"
502,HMIS108,HMIS 108 - IPD Monthly Report,EBqVAQRmiPm,Eg9lOfQkV6t,CR01A,CR01a. Asthma  - Cases,h7RYzvDS7Kc,"New, 5+Yrs, Female"
186,HMIS108,HMIS 108 - IPD Monthly Report,EBqVAQRmiPm,FaY9S3yGdIK,CR01B,CR01b. Asthma  - Deaths,fHgwVjoElmE,"5+Yrs, Female"
184,HMIS108,HMIS 108 - IPD Monthly Report,EBqVAQRmiPm,FaY9S3yGdIK,CR01B,CR01b. Asthma  - Deaths,VZrxjCi8cQi,"0-4Yrs, Female"
185,HMIS108,HMIS 108 - IPD Monthly Report,EBqVAQRmiPm,FaY9S3yGdIK,CR01B,CR01b. Asthma  - Deaths,ZgnHXnu30cI,"5+Yrs, Male"
182,HMIS108,HMIS 108 - IPD Monthly Report,EBqVAQRmiPm,FaY9S3yGdIK,CR01B,CR01b. Asthma  - Deaths,hTVLtGKGXV5,"Known, 5+Yrs, Female"
181,HMIS108,HMIS 108 - IPD Monthly Report,EBqVAQRmiPm,FaY9S3yGdIK,CR01B,CR01b. Asthma  - Deaths,zShlA5MAVHQ,"Known, 5+Yrs, Male"
180,HMIS108,HMIS 108 - IPD Monthly Report,EBqVAQRmiPm,FaY9S3yGdIK,CR01B,CR01b. Asthma  - Deaths,QK1rNyJE2vo,"Known, 0-4Yrs, Female"
183,HMIS108,HMIS 108 - IPD Monthly Report,EBqVAQRmiPm,FaY9S3yGdIK,CR01B,CR01b. Asthma  - Deaths,rCzvys285kN,"0-4Yrs, Male"
179,HMIS108,HMIS 108 - IPD Monthly Report,EBqVAQRmiPm,FaY9S3yGdIK,CR01B,CR01b. Asthma  - Deaths,mTSF9OkOVvI,"Known, 0-4Yrs, Male"
175,HMIS108,HMIS 108 - IPD Monthly Report,EBqVAQRmiPm,FaY9S3yGdIK,CR01B,CR01b. Asthma  - Deaths,Ddg0cceghIM,"New, 0-4Yrs, Male"
176,HMIS108,HMIS 108 - IPD Monthly Report,EBqVAQRmiPm,FaY9S3yGdIK,CR01B,CR01b. Asthma  - Deaths,raVzuvAVYrE,"New, 0-4Yrs, Female"
177,HMIS108,HMIS 108 - IPD Monthly Report,EBqVAQRmiPm,FaY9S3yGdIK,CR01B,CR01b. Asthma  - Deaths,eKedYQVxjWn,"New, 5+Yrs, Male"
178,HMIS108,HMIS 108 - IPD Monthly Report,EBqVAQRmiPm,FaY9S3yGdIK,CR01B,CR01b. Asthma  - Deaths,h7RYzvDS7Kc,"New, 5+Yrs, Female"
13,HMIS108,HMIS 108 - IPD Monthly Report,EBqVAQRmiPm,idmpo87icoK,CR02,CR02. Rectal Cancer Surgery,HllvX50cXC0,default
2685,HMIS108,HMIS 108 - IPD Monthly Report,EBqVAQRmiPm,pSeaUc8uGfR,CR02A,CR02a. Chronic Obstructive Pulmonary Diseases (COPD)  - Cases,h7RYzvDS7Kc,"New, 5+Yrs, Female"
2683,HMIS108,HMIS 108 - IPD Monthly Report,EBqVAQRmiPm,pSeaUc8uGfR,CR02A,CR02a. Chronic Obstructive Pulmonary Diseases (COPD)  - Cases,raVzuvAVYrE,"New, 0-4Yrs, Female"
2682,HMIS108,HMIS 108 - IPD Monthly Report,EBqVAQRmiPm,pSeaUc8uGfR,CR02A,CR02a. Chronic Obstructive Pulmonary Diseases (COPD)  - Cases,Ddg0cceghIM,"New, 0-4Yrs, Male"
2693,HMIS108,HMIS 108 - IPD Monthly Report,EBqVAQRmiPm,pSeaUc8uGfR,CR02A,CR02a. Chronic Obstructive Pulmonary Diseases (COPD)  - Cases,fHgwVjoElmE,"5+Yrs, Female"
2692,HMIS108,HMIS 108 - IPD Monthly Report,EBqVAQRmiPm,pSeaUc8uGfR,CR02A,CR02a. Chronic Obstructive Pulmonary Diseases (COPD)  - Cases,ZgnHXnu30cI,"5+Yrs, Male"
2691,HMIS108,HMIS 108 - IPD Monthly Report,EBqVAQRmiPm,pSeaUc8uGfR,CR02A,CR02a. Chronic Obstructive Pulmonary Diseases (COPD)  - Cases,VZrxjCi8cQi,"0-4Yrs, Female"
2690,HMIS108,HMIS 108 - IPD Monthly Report,EBqVAQRmiPm,pSeaUc8uGfR,CR02A,CR02a. Chronic Obstructive Pulmonary Diseases (COPD)  - Cases,rCzvys285kN,"0-4Yrs, Male"
2689,HMIS108,HMIS 108 - IPD Monthly Report,EBqVAQRmiPm,pSeaUc8uGfR,CR02A,CR02a. Chronic Obstructive Pulmonary Diseases (COPD)  - Cases,hTVLtGKGXV5,"Known, 5+Yrs, Female"
2688,HMIS108,HMIS 108 - IPD Monthly Report,EBqVAQRmiPm,pSeaUc8uGfR,CR02A,CR02a. Chronic Obstructive Pulmonary Diseases (COPD)  - Cases,zShlA5MAVHQ,"Known, 5+Yrs, Male"
2687,HMIS108,HMIS 108 - IPD Monthly Report,EBqVAQRmiPm,pSeaUc8uGfR,CR02A,CR02a. Chronic Obstructive Pulmonary Diseases (COPD)  - Cases,QK1rNyJE2vo,"Known, 0-4Yrs, Female"
2686,HMIS108,HMIS 108 - IPD Monthly Report,EBqVAQRmiPm,pSeaUc8uGfR,CR02A,CR02a. Chronic Obstructive Pulmonary Diseases (COPD)  - Cases,mTSF9OkOVvI,"Known, 0-4Yrs, Male"
2684,HMIS108,HMIS 108 - IPD Monthly Report,EBqVAQRmiPm,pSeaUc8uGfR,CR02A,CR02a. Chronic Obstructive Pulmonary Diseases (COPD)  - Cases,eKedYQVxjWn,"New, 5+Yrs, Male"
2503,HMIS108,HMIS 108 - IPD Monthly Report,EBqVAQRmiPm,doj7NR9Nlod,CR02B,CR02b. Chronic Obstructive Pulmonary Diseases (COPD)  - Deaths,zShlA5MAVHQ,"Known, 5+Yrs, Male"
2502,HMIS108,HMIS 108 - IPD Monthly Report,EBqVAQRmiPm,doj7NR9Nlod,CR02B,CR02b. Chronic Obstructive Pulmonary Diseases (COPD)  - Deaths,QK1rNyJE2vo,"Known, 0-4Yrs, Female"
2501,HMIS108,HMIS 108 - IPD Monthly Report,EBqVAQRmiPm,doj7NR9Nlod,CR02B,CR02b. Chronic Obstructive Pulmonary Diseases (COPD)  - Deaths,mTSF9OkOVvI,"Known, 0-4Yrs, Male"
2500,HMIS108,HMIS 108 - IPD Monthly Report,EBqVAQRmiPm,doj7NR9Nlod,CR02B,CR02b. Chronic Obstructive Pulmonary Diseases (COPD)  - Deaths,h7RYzvDS7Kc,"New, 5+Yrs, Female"
2499,HMIS108,HMIS 108 - IPD Monthly Report,EBqVAQRmiPm,doj7NR9Nlod,CR02B,CR02b. Chronic Obstructive Pulmonary Diseases (COPD)  - Deaths,eKedYQVxjWn,"New, 5+Yrs, Male"
2498,HMIS108,HMIS 108 - IPD Monthly Report,EBqVAQRmiPm,doj7NR9Nlod,CR02B,CR02b. Chronic Obstructive Pulmonary Diseases (COPD)  - Deaths,raVzuvAVYrE,"New, 0-4Yrs, Female"
2497,HMIS108,HMIS 108 - IPD Monthly Report,EBqVAQRmiPm,doj7NR9Nlod,CR02B,CR02b. Chronic Obstructive Pulmonary Diseases (COPD)  - Deaths,Ddg0cceghIM,"New, 0-4Yrs, Male"
2508,HMIS108,HMIS 108 - IPD Monthly Report,EBqVAQRmiPm,doj7NR9Nlod,CR02B,CR02b. Chronic Obstructive Pulmonary Diseases (COPD)  - Deaths,fHgwVjoElmE,"5+Yrs, Female"
2507,HMIS108,HMIS 108 - IPD Monthly Report,EBqVAQRmiPm,doj7NR9Nlod,CR02B,CR02b. Chronic Obstructive Pulmonary Diseases (COPD)  - Deaths,ZgnHXnu30cI,"5+Yrs, Male"
2506,HMIS108,HMIS 108 - IPD Monthly Report,EBqVAQRmiPm,doj7NR9Nlod,CR02B,CR02b. Chronic Obstructive Pulmonary Diseases (COPD)  - Deaths,VZrxjCi8cQi,"0-4Yrs, Female"
2505,HMIS108,HMIS 108 - IPD Monthly Report,EBqVAQRmiPm,doj7NR9Nlod,CR02B,CR02b. Chronic Obstructive Pulmonary Diseases (COPD)  - Deaths,rCzvys285kN,"0-4Yrs, Male"
2504,HMIS108,HMIS 108 - IPD Monthly Report,EBqVAQRmiPm,doj7NR9Nlod,CR02B,CR02b. Chronic Obstructive Pulmonary Diseases (COPD)  - Deaths,hTVLtGKGXV5,"Known, 5+Yrs, Female"
3532,HMIS108,HMIS 108 - IPD Monthly Report,EBqVAQRmiPm,GHVSykYKkPK,CR03,CR03. Colostomy surgery,HllvX50cXC0,default
3740,HMIS108,HMIS 108 - IPD Monthly Report,EBqVAQRmiPm,E8jJhvBQKNf,CR03A,CR03a. Pulmonary Fibrosis  - Cases,ZgnHXnu30cI,"5+Yrs, Male"
3741,HMIS108,HMIS 108 - IPD Monthly Report,EBqVAQRmiPm,E8jJhvBQKNf,CR03A,CR03a. Pulmonary Fibrosis  - Cases,fHgwVjoElmE,"5+Yrs, Female"
3738,HMIS108,HMIS 108 - IPD Monthly Report,EBqVAQRmiPm,E8jJhvBQKNf,CR03A,CR03a. Pulmonary Fibrosis  - Cases,rCzvys285kN,"0-4Yrs, Male"
3739,HMIS108,HMIS 108 - IPD Monthly Report,EBqVAQRmiPm,E8jJhvBQKNf,CR03A,CR03a. Pulmonary Fibrosis  - Cases,VZrxjCi8cQi,"0-4Yrs, Female"
3612,HMIS108,HMIS 108 - IPD Monthly Report,EBqVAQRmiPm,tSQtRbk5LVB,CR03B,CR03b. Pulmonary Fibrosis  - Deaths,rCzvys285kN,"0-4Yrs, Male"
3615,HMIS108,HMIS 108 - IPD Monthly Report,EBqVAQRmiPm,tSQtRbk5LVB,CR03B,CR03b. Pulmonary Fibrosis  - Deaths,fHgwVjoElmE,"5+Yrs, Female"
3614,HMIS108,HMIS 108 - IPD Monthly Report,EBqVAQRmiPm,tSQtRbk5LVB,CR03B,CR03b. Pulmonary Fibrosis  - Deaths,ZgnHXnu30cI,"5+Yrs, Male"
3613,HMIS108,HMIS 108 - IPD Monthly Report,EBqVAQRmiPm,tSQtRbk5LVB,CR03B,CR03b. Pulmonary Fibrosis  - Deaths,VZrxjCi8cQi,"0-4Yrs, Female"
171,HMIS108,HMIS 108 - IPD Monthly Report,EBqVAQRmiPm,V4e4taKv2AA,CR04,CR04. Appendicectomy,HllvX50cXC0,default
2404,HMIS108,HMIS 108 - IPD Monthly Report,EBqVAQRmiPm,ORdlcBTzOgk,CR04A,CR04a.Other chronic respiratery diseases - Cases,VZrxjCi8cQi,"0-4Yrs, Female"
2406,HMIS108,HMIS 108 - IPD Monthly Report,EBqVAQRmiPm,ORdlcBTzOgk,CR04A,CR04a.Other chronic respiratery diseases - Cases,fHgwVjoElmE,"5+Yrs, Female"
2403,HMIS108,HMIS 108 - IPD Monthly Report,EBqVAQRmiPm,ORdlcBTzOgk,CR04A,CR04a.Other chronic respiratery diseases - Cases,rCzvys285kN,"0-4Yrs, Male"
2405,HMIS108,HMIS 108 - IPD Monthly Report,EBqVAQRmiPm,ORdlcBTzOgk,CR04A,CR04a.Other chronic respiratery diseases - Cases,ZgnHXnu30cI,"5+Yrs, Male"
1871,HMIS108,HMIS 108 - IPD Monthly Report,EBqVAQRmiPm,AUiExBmzSeh,CR04A_2019,CR04a_2019. Post TB Lung disease  - Cases,fHgwVjoElmE,"5+Yrs, Female"
1869,HMIS108,HMIS 108 - IPD Monthly Report,EBqVAQRmiPm,AUiExBmzSeh,CR04A_2019,CR04a_2019. Post TB Lung disease  - Cases,VZrxjCi8cQi,"0-4Yrs, Female"
1868,HMIS108,HMIS 108 - IPD Monthly Report,EBqVAQRmiPm,AUiExBmzSeh,CR04A_2019,CR04a_2019. Post TB Lung disease  - Cases,rCzvys285kN,"0-4Yrs, Male"
1870,HMIS108,HMIS 108 - IPD Monthly Report,EBqVAQRmiPm,AUiExBmzSeh,CR04A_2019,CR04a_2019. Post TB Lung disease  - Cases,ZgnHXnu30cI,"5+Yrs, Male"
2066,HMIS108,HMIS 108 - IPD Monthly Report,EBqVAQRmiPm,kegZCzuDaEF,CR04B,CR04b.Other chronic respiratery diseases - Deaths,fHgwVjoElmE,"5+Yrs, Female"
2063,HMIS108,HMIS 108 - IPD Monthly Report,EBqVAQRmiPm,kegZCzuDaEF,CR04B,CR04b.Other chronic respiratery diseases - Deaths,rCzvys285kN,"0-4Yrs, Male"
2064,HMIS108,HMIS 108 - IPD Monthly Report,EBqVAQRmiPm,kegZCzuDaEF,CR04B,CR04b.Other chronic respiratery diseases - Deaths,VZrxjCi8cQi,"0-4Yrs, Female"
2065,HMIS108,HMIS 108 - IPD Monthly Report,EBqVAQRmiPm,kegZCzuDaEF,CR04B,CR04b.Other chronic respiratery diseases - Deaths,ZgnHXnu30cI,"5+Yrs, Male"
724,HMIS108,HMIS 108 - IPD Monthly Report,EBqVAQRmiPm,Mp7O6KtbGlI,CR04B_2019,CR04b_2019. Post TB Lung disease  - Deaths,ZgnHXnu30cI,"5+Yrs, Male"
722,HMIS108,HMIS 108 - IPD Monthly Report,EBqVAQRmiPm,Mp7O6KtbGlI,CR04B_2019,CR04b_2019. Post TB Lung disease  - Deaths,rCzvys285kN,"0-4Yrs, Male"
725,HMIS108,HMIS 108 - IPD Monthly Report,EBqVAQRmiPm,Mp7O6KtbGlI,CR04B_2019,CR04b_2019. Post TB Lung disease  - Deaths,fHgwVjoElmE,"5+Yrs, Female"
723,HMIS108,HMIS 108 - IPD Monthly Report,EBqVAQRmiPm,Mp7O6KtbGlI,CR04B_2019,CR04b_2019. Post TB Lung disease  - Deaths,VZrxjCi8cQi,"0-4Yrs, Female"
3010,HMIS108,HMIS 108 - IPD Monthly Report,EBqVAQRmiPm,OwmgCtG3qmU,CR05,CR05. Other colorectal surgery,HllvX50cXC0,default
717,HMIS108,HMIS 108 - IPD Monthly Report,EBqVAQRmiPm,v70YDEPYNmu,CS01,CS01. Thoracotomy,HllvX50cXC0,default
1231,HMIS108,HMIS 108 - IPD Monthly Report,EBqVAQRmiPm,InpXo2p84TL,CS02,CS02. Coronary artery bypass graft,HllvX50cXC0,default
4069,HMIS108,HMIS 108 - IPD Monthly Report,EBqVAQRmiPm,N3ZBSDlbCOB,CS03,CS03. Heart valve surgery,HllvX50cXC0,default
2661,HMIS108,HMIS 108 - IPD Monthly Report,EBqVAQRmiPm,yzJGgK2gkKv,CS04,CS04. Atrio/ventricular septal defect surgery,HllvX50cXC0,default
4181,HMIS108,HMIS 108 - IPD Monthly Report,EBqVAQRmiPm,bc3yiLh7BDD,CS05,CS05. Chest tube insertion,HllvX50cXC0,default
883,HMIS108,HMIS 108 - IPD Monthly Report,EBqVAQRmiPm,OgsO6jkh0UF,CS06,CS06. Feeding Gastrostomy,HllvX50cXC0,default
1463,HMIS108,HMIS 108 - IPD Monthly Report,EBqVAQRmiPm,Jhj6UP6572d,CS07,CS07. Thrombectomy,HllvX50cXC0,default
1196,HMIS108,HMIS 108 - IPD Monthly Report,EBqVAQRmiPm,k2V7ZVpazLK,CS08,CS08. Other cardiothoracic surgery,HllvX50cXC0,default
3880,HMIS108,HMIS 108 - IPD Monthly Report,EBqVAQRmiPm,ZP2lc5ILV2U,CT01,CT01. Brain,VZrxjCi8cQi,"0-4Yrs, Female"
3879,HMIS108,HMIS 108 - IPD Monthly Report,EBqVAQRmiPm,ZP2lc5ILV2U,CT01,CT01. Brain,rCzvys285kN,"0-4Yrs, Male"
3882,HMIS108,HMIS 108 - IPD Monthly Report,EBqVAQRmiPm,ZP2lc5ILV2U,CT01,CT01. Brain,fHgwVjoElmE,"5+Yrs, Female"
3881,HMIS108,HMIS 108 - IPD Monthly Report,EBqVAQRmiPm,ZP2lc5ILV2U,CT01,CT01. Brain,ZgnHXnu30cI,"5+Yrs, Male"
1288,HMIS108,HMIS 108 - IPD Monthly Report,EBqVAQRmiPm,Mkk2BejAlg8,CT02,CT02. Orbits /paranasal sinuses,ZgnHXnu30cI,"5+Yrs, Male"
1287,HMIS108,HMIS 108 - IPD Monthly Report,EBqVAQRmiPm,Mkk2BejAlg8,CT02,CT02. Orbits /paranasal sinuses,VZrxjCi8cQi,"0-4Yrs, Female"
1289,HMIS108,HMIS 108 - IPD Monthly Report,EBqVAQRmiPm,Mkk2BejAlg8,CT02,CT02. Orbits /paranasal sinuses,fHgwVjoElmE,"5+Yrs, Female"
1286,HMIS108,HMIS 108 - IPD Monthly Report,EBqVAQRmiPm,Mkk2BejAlg8,CT02,CT02. Orbits /paranasal sinuses,rCzvys285kN,"0-4Yrs, Male"
760,HMIS108,HMIS 108 - IPD Monthly Report,EBqVAQRmiPm,IRQHM1CBkp4,CT03,CT03. Neck,rCzvys285kN,"0-4Yrs, Male"
761,HMIS108,HMIS 108 - IPD Monthly Report,EBqVAQRmiPm,IRQHM1CBkp4,CT03,CT03. Neck,VZrxjCi8cQi,"0-4Yrs, Female"
762,HMIS108,HMIS 108 - IPD Monthly Report,EBqVAQRmiPm,IRQHM1CBkp4,CT03,CT03. Neck,ZgnHXnu30cI,"5+Yrs, Male"
763,HMIS108,HMIS 108 - IPD Monthly Report,EBqVAQRmiPm,IRQHM1CBkp4,CT03,CT03. Neck,fHgwVjoElmE,"5+Yrs, Female"
2468,HMIS108,HMIS 108 - IPD Monthly Report,EBqVAQRmiPm,krBQ4OPkGHt,CT04,CT04. Chest,rCzvys285kN,"0-4Yrs, Male"
2469,HMIS108,HMIS 108 - IPD Monthly Report,EBqVAQRmiPm,krBQ4OPkGHt,CT04,CT04. Chest,VZrxjCi8cQi,"0-4Yrs, Female"
2471,HMIS108,HMIS 108 - IPD Monthly Report,EBqVAQRmiPm,krBQ4OPkGHt,CT04,CT04. Chest,fHgwVjoElmE,"5+Yrs, Female"
2470,HMIS108,HMIS 108 - IPD Monthly Report,EBqVAQRmiPm,krBQ4OPkGHt,CT04,CT04. Chest,ZgnHXnu30cI,"5+Yrs, Male"
1640,HMIS108,HMIS 108 - IPD Monthly Report,EBqVAQRmiPm,eOzvaIUGILC,CT05,CT05. Abdomen and pelvis,ZgnHXnu30cI,"5+Yrs, Male"
1639,HMIS108,HMIS 108 - IPD Monthly Report,EBqVAQRmiPm,eOzvaIUGILC,CT05,CT05. Abdomen and pelvis,VZrxjCi8cQi,"0-4Yrs, Female"
1638,HMIS108,HMIS 108 - IPD Monthly Report,EBqVAQRmiPm,eOzvaIUGILC,CT05,CT05. Abdomen and pelvis,rCzvys285kN,"0-4Yrs, Male"
1641,HMIS108,HMIS 108 - IPD Monthly Report,EBqVAQRmiPm,eOzvaIUGILC,CT05,CT05. Abdomen and pelvis,fHgwVjoElmE,"5+Yrs, Female"
3604,HMIS108,HMIS 108 - IPD Monthly Report,EBqVAQRmiPm,X5stldnhNtf,CT06,CT06. Spine,ZgnHXnu30cI,"5+Yrs, Male"
3605,HMIS108,HMIS 108 - IPD Monthly Report,EBqVAQRmiPm,X5stldnhNtf,CT06,CT06. Spine,fHgwVjoElmE,"5+Yrs, Female"
3602,HMIS108,HMIS 108 - IPD Monthly Report,EBqVAQRmiPm,X5stldnhNtf,CT06,CT06. Spine,rCzvys285kN,"0-4Yrs, Male"
3603,HMIS108,HMIS 108 - IPD Monthly Report,EBqVAQRmiPm,X5stldnhNtf,CT06,CT06. Spine,VZrxjCi8cQi,"0-4Yrs, Female"
68,HMIS108,HMIS 108 - IPD Monthly Report,EBqVAQRmiPm,Rp34ZFo33hs,CT07,CT07. Limbs,ZgnHXnu30cI,"5+Yrs, Male"
66,HMIS108,HMIS 108 - IPD Monthly Report,EBqVAQRmiPm,Rp34ZFo33hs,CT07,CT07. Limbs,rCzvys285kN,"0-4Yrs, Male"
69,HMIS108,HMIS 108 - IPD Monthly Report,EBqVAQRmiPm,Rp34ZFo33hs,CT07,CT07. Limbs,fHgwVjoElmE,"5+Yrs, Female"
67,HMIS108,HMIS 108 - IPD Monthly Report,EBqVAQRmiPm,Rp34ZFo33hs,CT07,CT07. Limbs,VZrxjCi8cQi,"0-4Yrs, Female"
2789,HMIS108,HMIS 108 - IPD Monthly Report,EBqVAQRmiPm,rV2c6U1HPuK,CT08,CT08. Angiography,VZrxjCi8cQi,"0-4Yrs, Female"
2791,HMIS108,HMIS 108 - IPD Monthly Report,EBqVAQRmiPm,rV2c6U1HPuK,CT08,CT08. Angiography,fHgwVjoElmE,"5+Yrs, Female"
2790,HMIS108,HMIS 108 - IPD Monthly Report,EBqVAQRmiPm,rV2c6U1HPuK,CT08,CT08. Angiography,ZgnHXnu30cI,"5+Yrs, Male"
2788,HMIS108,HMIS 108 - IPD Monthly Report,EBqVAQRmiPm,rV2c6U1HPuK,CT08,CT08. Angiography,rCzvys285kN,"0-4Yrs, Male"
1436,HMIS108,HMIS 108 - IPD Monthly Report,EBqVAQRmiPm,G3qsihJWUFM,CV01A1,CV01a1. Hypertension Stage 1&2 (newly diagnosed cases)  - Cases,fHgwVjoElmE,"5+Yrs, Female"
1433,HMIS108,HMIS 108 - IPD Monthly Report,EBqVAQRmiPm,G3qsihJWUFM,CV01A1,CV01a1. Hypertension Stage 1&2 (newly diagnosed cases)  - Cases,rCzvys285kN,"0-4Yrs, Male"
1435,HMIS108,HMIS 108 - IPD Monthly Report,EBqVAQRmiPm,G3qsihJWUFM,CV01A1,CV01a1. Hypertension Stage 1&2 (newly diagnosed cases)  - Cases,ZgnHXnu30cI,"5+Yrs, Male"
1434,HMIS108,HMIS 108 - IPD Monthly Report,EBqVAQRmiPm,G3qsihJWUFM,CV01A1,CV01a1. Hypertension Stage 1&2 (newly diagnosed cases)  - Cases,VZrxjCi8cQi,"0-4Yrs, Female"
2000,HMIS108,HMIS 108 - IPD Monthly Report,EBqVAQRmiPm,HiwMSf39nhM,CV01A2,CV01a2. Hypertension (newly diagnosed cases)  - Deaths,fHgwVjoElmE,"5+Yrs, Female"
1997,HMIS108,HMIS 108 - IPD Monthly Report,EBqVAQRmiPm,HiwMSf39nhM,CV01A2,CV01a2. Hypertension (newly diagnosed cases)  - Deaths,rCzvys285kN,"0-4Yrs, Male"
1998,HMIS108,HMIS 108 - IPD Monthly Report,EBqVAQRmiPm,HiwMSf39nhM,CV01A2,CV01a2. Hypertension (newly diagnosed cases)  - Deaths,VZrxjCi8cQi,"0-4Yrs, Female"
1999,HMIS108,HMIS 108 - IPD Monthly Report,EBqVAQRmiPm,HiwMSf39nhM,CV01A2,CV01a2. Hypertension (newly diagnosed cases)  - Deaths,ZgnHXnu30cI,"5+Yrs, Male"
607,HMIS108,HMIS 108 - IPD Monthly Report,EBqVAQRmiPm,CUAumK84NhX,CV01b1,CV01b1. Hypertension Stage 1&2 -Known cases  - Cases,fHgwVjoElmE,"5+Yrs, Female"
606,HMIS108,HMIS 108 - IPD Monthly Report,EBqVAQRmiPm,CUAumK84NhX,CV01b1,CV01b1. Hypertension Stage 1&2 -Known cases  - Cases,ZgnHXnu30cI,"5+Yrs, Male"
605,HMIS108,HMIS 108 - IPD Monthly Report,EBqVAQRmiPm,CUAumK84NhX,CV01b1,CV01b1. Hypertension Stage 1&2 -Known cases  - Cases,VZrxjCi8cQi,"0-4Yrs, Female"
604,HMIS108,HMIS 108 - IPD Monthly Report,EBqVAQRmiPm,CUAumK84NhX,CV01b1,CV01b1. Hypertension Stage 1&2 -Known cases  - Cases,rCzvys285kN,"0-4Yrs, Male"
3149,HMIS108,HMIS 108 - IPD Monthly Report,EBqVAQRmiPm,jh4UPyELuvz,CV01b2,CV01b2. Hypertension Stage 1&2 -Known - Deaths,ZgnHXnu30cI,"5+Yrs, Male"
3147,HMIS108,HMIS 108 - IPD Monthly Report,EBqVAQRmiPm,jh4UPyELuvz,CV01b2,CV01b2. Hypertension Stage 1&2 -Known - Deaths,rCzvys285kN,"0-4Yrs, Male"
3148,HMIS108,HMIS 108 - IPD Monthly Report,EBqVAQRmiPm,jh4UPyELuvz,CV01b2,CV01b2. Hypertension Stage 1&2 -Known - Deaths,VZrxjCi8cQi,"0-4Yrs, Female"
3150,HMIS108,HMIS 108 - IPD Monthly Report,EBqVAQRmiPm,jh4UPyELuvz,CV01b2,CV01b2. Hypertension Stage 1&2 -Known - Deaths,fHgwVjoElmE,"5+Yrs, Female"
3047,HMIS108,HMIS 108 - IPD Monthly Report,EBqVAQRmiPm,MrWZX65NlkQ,CV02a,CV02a. Severe Hypertension  - Cases,h7RYzvDS7Kc,"New, 5+Yrs, Female"
3046,HMIS108,HMIS 108 - IPD Monthly Report,EBqVAQRmiPm,MrWZX65NlkQ,CV02a,CV02a. Severe Hypertension  - Cases,eKedYQVxjWn,"New, 5+Yrs, Male"
3045,HMIS108,HMIS 108 - IPD Monthly Report,EBqVAQRmiPm,MrWZX65NlkQ,CV02a,CV02a. Severe Hypertension  - Cases,raVzuvAVYrE,"New, 0-4Yrs, Female"
3051,HMIS108,HMIS 108 - IPD Monthly Report,EBqVAQRmiPm,MrWZX65NlkQ,CV02a,CV02a. Severe Hypertension  - Cases,hTVLtGKGXV5,"Known, 5+Yrs, Female"
3044,HMIS108,HMIS 108 - IPD Monthly Report,EBqVAQRmiPm,MrWZX65NlkQ,CV02a,CV02a. Severe Hypertension  - Cases,Ddg0cceghIM,"New, 0-4Yrs, Male"
3050,HMIS108,HMIS 108 - IPD Monthly Report,EBqVAQRmiPm,MrWZX65NlkQ,CV02a,CV02a. Severe Hypertension  - Cases,zShlA5MAVHQ,"Known, 5+Yrs, Male"
3049,HMIS108,HMIS 108 - IPD Monthly Report,EBqVAQRmiPm,MrWZX65NlkQ,CV02a,CV02a. Severe Hypertension  - Cases,QK1rNyJE2vo,"Known, 0-4Yrs, Female"
3048,HMIS108,HMIS 108 - IPD Monthly Report,EBqVAQRmiPm,MrWZX65NlkQ,CV02a,CV02a. Severe Hypertension  - Cases,mTSF9OkOVvI,"Known, 0-4Yrs, Male"
3020,HMIS108,HMIS 108 - IPD Monthly Report,EBqVAQRmiPm,P1E6YuY0796,CV02b,CV02b. Severe Hypertension  - Deaths,Ddg0cceghIM,"New, 0-4Yrs, Male"
3026,HMIS108,HMIS 108 - IPD Monthly Report,EBqVAQRmiPm,P1E6YuY0796,CV02b,CV02b. Severe Hypertension  - Deaths,zShlA5MAVHQ,"Known, 5+Yrs, Male"
3027,HMIS108,HMIS 108 - IPD Monthly Report,EBqVAQRmiPm,P1E6YuY0796,CV02b,CV02b. Severe Hypertension  - Deaths,hTVLtGKGXV5,"Known, 5+Yrs, Female"
3021,HMIS108,HMIS 108 - IPD Monthly Report,EBqVAQRmiPm,P1E6YuY0796,CV02b,CV02b. Severe Hypertension  - Deaths,raVzuvAVYrE,"New, 0-4Yrs, Female"
3022,HMIS108,HMIS 108 - IPD Monthly Report,EBqVAQRmiPm,P1E6YuY0796,CV02b,CV02b. Severe Hypertension  - Deaths,eKedYQVxjWn,"New, 5+Yrs, Male"
3023,HMIS108,HMIS 108 - IPD Monthly Report,EBqVAQRmiPm,P1E6YuY0796,CV02b,CV02b. Severe Hypertension  - Deaths,h7RYzvDS7Kc,"New, 5+Yrs, Female"
3024,HMIS108,HMIS 108 - IPD Monthly Report,EBqVAQRmiPm,P1E6YuY0796,CV02b,CV02b. Severe Hypertension  - Deaths,mTSF9OkOVvI,"Known, 0-4Yrs, Male"
3025,HMIS108,HMIS 108 - IPD Monthly Report,EBqVAQRmiPm,P1E6YuY0796,CV02b,CV02b. Severe Hypertension  - Deaths,QK1rNyJE2vo,"Known, 0-4Yrs, Female"
77,HMIS108,HMIS 108 - IPD Monthly Report,EBqVAQRmiPm,CedUmoEkMFI,CV03A,CV03a. Stroke/Cerebro Vascular Accident(CVA)  - Cases,hTVLtGKGXV5,"Known, 5+Yrs, Female"
76,HMIS108,HMIS 108 - IPD Monthly Report,EBqVAQRmiPm,CedUmoEkMFI,CV03A,CV03a. Stroke/Cerebro Vascular Accident(CVA)  - Cases,zShlA5MAVHQ,"Known, 5+Yrs, Male"
75,HMIS108,HMIS 108 - IPD Monthly Report,EBqVAQRmiPm,CedUmoEkMFI,CV03A,CV03a. Stroke/Cerebro Vascular Accident(CVA)  - Cases,QK1rNyJE2vo,"Known, 0-4Yrs, Female"
74,HMIS108,HMIS 108 - IPD Monthly Report,EBqVAQRmiPm,CedUmoEkMFI,CV03A,CV03a. Stroke/Cerebro Vascular Accident(CVA)  - Cases,mTSF9OkOVvI,"Known, 0-4Yrs, Male"
73,HMIS108,HMIS 108 - IPD Monthly Report,EBqVAQRmiPm,CedUmoEkMFI,CV03A,CV03a. Stroke/Cerebro Vascular Accident(CVA)  - Cases,h7RYzvDS7Kc,"New, 5+Yrs, Female"
72,HMIS108,HMIS 108 - IPD Monthly Report,EBqVAQRmiPm,CedUmoEkMFI,CV03A,CV03a. Stroke/Cerebro Vascular Accident(CVA)  - Cases,eKedYQVxjWn,"New, 5+Yrs, Male"
71,HMIS108,HMIS 108 - IPD Monthly Report,EBqVAQRmiPm,CedUmoEkMFI,CV03A,CV03a. Stroke/Cerebro Vascular Accident(CVA)  - Cases,raVzuvAVYrE,"New, 0-4Yrs, Female"
81,HMIS108,HMIS 108 - IPD Monthly Report,EBqVAQRmiPm,CedUmoEkMFI,CV03A,CV03a. Stroke/Cerebro Vascular Accident(CVA)  - Cases,fHgwVjoElmE,"5+Yrs, Female"
80,HMIS108,HMIS 108 - IPD Monthly Report,EBqVAQRmiPm,CedUmoEkMFI,CV03A,CV03a. Stroke/Cerebro Vascular Accident(CVA)  - Cases,ZgnHXnu30cI,"5+Yrs, Male"
79,HMIS108,HMIS 108 - IPD Monthly Report,EBqVAQRmiPm,CedUmoEkMFI,CV03A,CV03a. Stroke/Cerebro Vascular Accident(CVA)  - Cases,VZrxjCi8cQi,"0-4Yrs, Female"
70,HMIS108,HMIS 108 - IPD Monthly Report,EBqVAQRmiPm,CedUmoEkMFI,CV03A,CV03a. Stroke/Cerebro Vascular Accident(CVA)  - Cases,Ddg0cceghIM,"New, 0-4Yrs, Male"
78,HMIS108,HMIS 108 - IPD Monthly Report,EBqVAQRmiPm,CedUmoEkMFI,CV03A,CV03a. Stroke/Cerebro Vascular Accident(CVA)  - Cases,rCzvys285kN,"0-4Yrs, Male"
1306,HMIS108,HMIS 108 - IPD Monthly Report,EBqVAQRmiPm,D9fECoo4MRN,CV03B,CV03b. Stroke/Cerebro Vascular Accident(CVA)  - Deaths,Ddg0cceghIM,"New, 0-4Yrs, Male"
1316,HMIS108,HMIS 108 - IPD Monthly Report,EBqVAQRmiPm,D9fECoo4MRN,CV03B,CV03b. Stroke/Cerebro Vascular Accident(CVA)  - Deaths,ZgnHXnu30cI,"5+Yrs, Male"
1315,HMIS108,HMIS 108 - IPD Monthly Report,EBqVAQRmiPm,D9fECoo4MRN,CV03B,CV03b. Stroke/Cerebro Vascular Accident(CVA)  - Deaths,VZrxjCi8cQi,"0-4Yrs, Female"
1314,HMIS108,HMIS 108 - IPD Monthly Report,EBqVAQRmiPm,D9fECoo4MRN,CV03B,CV03b. Stroke/Cerebro Vascular Accident(CVA)  - Deaths,rCzvys285kN,"0-4Yrs, Male"
1313,HMIS108,HMIS 108 - IPD Monthly Report,EBqVAQRmiPm,D9fECoo4MRN,CV03B,CV03b. Stroke/Cerebro Vascular Accident(CVA)  - Deaths,hTVLtGKGXV5,"Known, 5+Yrs, Female"
1312,HMIS108,HMIS 108 - IPD Monthly Report,EBqVAQRmiPm,D9fECoo4MRN,CV03B,CV03b. Stroke/Cerebro Vascular Accident(CVA)  - Deaths,zShlA5MAVHQ,"Known, 5+Yrs, Male"
1311,HMIS108,HMIS 108 - IPD Monthly Report,EBqVAQRmiPm,D9fECoo4MRN,CV03B,CV03b. Stroke/Cerebro Vascular Accident(CVA)  - Deaths,QK1rNyJE2vo,"Known, 0-4Yrs, Female"
1310,HMIS108,HMIS 108 - IPD Monthly Report,EBqVAQRmiPm,D9fECoo4MRN,CV03B,CV03b. Stroke/Cerebro Vascular Accident(CVA)  - Deaths,mTSF9OkOVvI,"Known, 0-4Yrs, Male"
1309,HMIS108,HMIS 108 - IPD Monthly Report,EBqVAQRmiPm,D9fECoo4MRN,CV03B,CV03b. Stroke/Cerebro Vascular Accident(CVA)  - Deaths,h7RYzvDS7Kc,"New, 5+Yrs, Female"
1308,HMIS108,HMIS 108 - IPD Monthly Report,EBqVAQRmiPm,D9fECoo4MRN,CV03B,CV03b. Stroke/Cerebro Vascular Accident(CVA)  - Deaths,eKedYQVxjWn,"New, 5+Yrs, Male"
1307,HMIS108,HMIS 108 - IPD Monthly Report,EBqVAQRmiPm,D9fECoo4MRN,CV03B,CV03b. Stroke/Cerebro Vascular Accident(CVA)  - Deaths,raVzuvAVYrE,"New, 0-4Yrs, Female"
1317,HMIS108,HMIS 108 - IPD Monthly Report,EBqVAQRmiPm,D9fECoo4MRN,CV03B,CV03b. Stroke/Cerebro Vascular Accident(CVA)  - Deaths,fHgwVjoElmE,"5+Yrs, Female"
1920,HMIS108,HMIS 108 - IPD Monthly Report,EBqVAQRmiPm,FW0bnz2WX4c,CV04A,CV04a. Heart failure  - Cases,fHgwVjoElmE,"5+Yrs, Female"
1919,HMIS108,HMIS 108 - IPD Monthly Report,EBqVAQRmiPm,FW0bnz2WX4c,CV04A,CV04a. Heart failure  - Cases,ZgnHXnu30cI,"5+Yrs, Male"
1918,HMIS108,HMIS 108 - IPD Monthly Report,EBqVAQRmiPm,FW0bnz2WX4c,CV04A,CV04a. Heart failure  - Cases,VZrxjCi8cQi,"0-4Yrs, Female"
1917,HMIS108,HMIS 108 - IPD Monthly Report,EBqVAQRmiPm,FW0bnz2WX4c,CV04A,CV04a. Heart failure  - Cases,rCzvys285kN,"0-4Yrs, Male"
1916,HMIS108,HMIS 108 - IPD Monthly Report,EBqVAQRmiPm,FW0bnz2WX4c,CV04A,CV04a. Heart failure  - Cases,hTVLtGKGXV5,"Known, 5+Yrs, Female"
1915,HMIS108,HMIS 108 - IPD Monthly Report,EBqVAQRmiPm,FW0bnz2WX4c,CV04A,CV04a. Heart failure  - Cases,zShlA5MAVHQ,"Known, 5+Yrs, Male"
1914,HMIS108,HMIS 108 - IPD Monthly Report,EBqVAQRmiPm,FW0bnz2WX4c,CV04A,CV04a. Heart failure  - Cases,QK1rNyJE2vo,"Known, 0-4Yrs, Female"
1910,HMIS108,HMIS 108 - IPD Monthly Report,EBqVAQRmiPm,FW0bnz2WX4c,CV04A,CV04a. Heart failure  - Cases,raVzuvAVYrE,"New, 0-4Yrs, Female"
1913,HMIS108,HMIS 108 - IPD Monthly Report,EBqVAQRmiPm,FW0bnz2WX4c,CV04A,CV04a. Heart failure  - Cases,mTSF9OkOVvI,"Known, 0-4Yrs, Male"
1912,HMIS108,HMIS 108 - IPD Monthly Report,EBqVAQRmiPm,FW0bnz2WX4c,CV04A,CV04a. Heart failure  - Cases,h7RYzvDS7Kc,"New, 5+Yrs, Female"
1911,HMIS108,HMIS 108 - IPD Monthly Report,EBqVAQRmiPm,FW0bnz2WX4c,CV04A,CV04a. Heart failure  - Cases,eKedYQVxjWn,"New, 5+Yrs, Male"
1909,HMIS108,HMIS 108 - IPD Monthly Report,EBqVAQRmiPm,FW0bnz2WX4c,CV04A,CV04a. Heart failure  - Cases,Ddg0cceghIM,"New, 0-4Yrs, Male"
2408,HMIS108,HMIS 108 - IPD Monthly Report,EBqVAQRmiPm,xvcx2X32983,CV04B,CV04b. Heart failure  - Deaths,raVzuvAVYrE,"New, 0-4Yrs, Female"
2410,HMIS108,HMIS 108 - IPD Monthly Report,EBqVAQRmiPm,xvcx2X32983,CV04B,CV04b. Heart failure  - Deaths,h7RYzvDS7Kc,"New, 5+Yrs, Female"
2411,HMIS108,HMIS 108 - IPD Monthly Report,EBqVAQRmiPm,xvcx2X32983,CV04B,CV04b. Heart failure  - Deaths,mTSF9OkOVvI,"Known, 0-4Yrs, Male"
2418,HMIS108,HMIS 108 - IPD Monthly Report,EBqVAQRmiPm,xvcx2X32983,CV04B,CV04b. Heart failure  - Deaths,fHgwVjoElmE,"5+Yrs, Female"
2417,HMIS108,HMIS 108 - IPD Monthly Report,EBqVAQRmiPm,xvcx2X32983,CV04B,CV04b. Heart failure  - Deaths,ZgnHXnu30cI,"5+Yrs, Male"
2416,HMIS108,HMIS 108 - IPD Monthly Report,EBqVAQRmiPm,xvcx2X32983,CV04B,CV04b. Heart failure  - Deaths,VZrxjCi8cQi,"0-4Yrs, Female"
2415,HMIS108,HMIS 108 - IPD Monthly Report,EBqVAQRmiPm,xvcx2X32983,CV04B,CV04b. Heart failure  - Deaths,rCzvys285kN,"0-4Yrs, Male"
2414,HMIS108,HMIS 108 - IPD Monthly Report,EBqVAQRmiPm,xvcx2X32983,CV04B,CV04b. Heart failure  - Deaths,hTVLtGKGXV5,"Known, 5+Yrs, Female"
2413,HMIS108,HMIS 108 - IPD Monthly Report,EBqVAQRmiPm,xvcx2X32983,CV04B,CV04b. Heart failure  - Deaths,zShlA5MAVHQ,"Known, 5+Yrs, Male"
2412,HMIS108,HMIS 108 - IPD Monthly Report,EBqVAQRmiPm,xvcx2X32983,CV04B,CV04b. Heart failure  - Deaths,QK1rNyJE2vo,"Known, 0-4Yrs, Female"
2407,HMIS108,HMIS 108 - IPD Monthly Report,EBqVAQRmiPm,xvcx2X32983,CV04B,CV04b. Heart failure  - Deaths,Ddg0cceghIM,"New, 0-4Yrs, Male"
2409,HMIS108,HMIS 108 - IPD Monthly Report,EBqVAQRmiPm,xvcx2X32983,CV04B,CV04b. Heart failure  - Deaths,eKedYQVxjWn,"New, 5+Yrs, Male"
3750,HMIS108,HMIS 108 - IPD Monthly Report,EBqVAQRmiPm,D7qvycaK9lD,CV05A,CV05a. Ischemic Heart Diseases  - Cases,rCzvys285kN,"0-4Yrs, Male"
3742,HMIS108,HMIS 108 - IPD Monthly Report,EBqVAQRmiPm,D7qvycaK9lD,CV05A,CV05a. Ischemic Heart Diseases  - Cases,Ddg0cceghIM,"New, 0-4Yrs, Male"
3743,HMIS108,HMIS 108 - IPD Monthly Report,EBqVAQRmiPm,D7qvycaK9lD,CV05A,CV05a. Ischemic Heart Diseases  - Cases,raVzuvAVYrE,"New, 0-4Yrs, Female"
3744,HMIS108,HMIS 108 - IPD Monthly Report,EBqVAQRmiPm,D7qvycaK9lD,CV05A,CV05a. Ischemic Heart Diseases  - Cases,eKedYQVxjWn,"New, 5+Yrs, Male"
3745,HMIS108,HMIS 108 - IPD Monthly Report,EBqVAQRmiPm,D7qvycaK9lD,CV05A,CV05a. Ischemic Heart Diseases  - Cases,h7RYzvDS7Kc,"New, 5+Yrs, Female"
3746,HMIS108,HMIS 108 - IPD Monthly Report,EBqVAQRmiPm,D7qvycaK9lD,CV05A,CV05a. Ischemic Heart Diseases  - Cases,mTSF9OkOVvI,"Known, 0-4Yrs, Male"
3747,HMIS108,HMIS 108 - IPD Monthly Report,EBqVAQRmiPm,D7qvycaK9lD,CV05A,CV05a. Ischemic Heart Diseases  - Cases,QK1rNyJE2vo,"Known, 0-4Yrs, Female"
3748,HMIS108,HMIS 108 - IPD Monthly Report,EBqVAQRmiPm,D7qvycaK9lD,CV05A,CV05a. Ischemic Heart Diseases  - Cases,zShlA5MAVHQ,"Known, 5+Yrs, Male"
3749,HMIS108,HMIS 108 - IPD Monthly Report,EBqVAQRmiPm,D7qvycaK9lD,CV05A,CV05a. Ischemic Heart Diseases  - Cases,hTVLtGKGXV5,"Known, 5+Yrs, Female"
3751,HMIS108,HMIS 108 - IPD Monthly Report,EBqVAQRmiPm,D7qvycaK9lD,CV05A,CV05a. Ischemic Heart Diseases  - Cases,VZrxjCi8cQi,"0-4Yrs, Female"
3753,HMIS108,HMIS 108 - IPD Monthly Report,EBqVAQRmiPm,D7qvycaK9lD,CV05A,CV05a. Ischemic Heart Diseases  - Cases,fHgwVjoElmE,"5+Yrs, Female"
3752,HMIS108,HMIS 108 - IPD Monthly Report,EBqVAQRmiPm,D7qvycaK9lD,CV05A,CV05a. Ischemic Heart Diseases  - Cases,ZgnHXnu30cI,"5+Yrs, Male"
511,HMIS108,HMIS 108 - IPD Monthly Report,EBqVAQRmiPm,Qv0hdlvNErS,CV05B,CV05b. Ischemic Heart Diseases  - Deaths,Ddg0cceghIM,"New, 0-4Yrs, Male"
522,HMIS108,HMIS 108 - IPD Monthly Report,EBqVAQRmiPm,Qv0hdlvNErS,CV05B,CV05b. Ischemic Heart Diseases  - Deaths,fHgwVjoElmE,"5+Yrs, Female"
519,HMIS108,HMIS 108 - IPD Monthly Report,EBqVAQRmiPm,Qv0hdlvNErS,CV05B,CV05b. Ischemic Heart Diseases  - Deaths,rCzvys285kN,"0-4Yrs, Male"
517,HMIS108,HMIS 108 - IPD Monthly Report,EBqVAQRmiPm,Qv0hdlvNErS,CV05B,CV05b. Ischemic Heart Diseases  - Deaths,zShlA5MAVHQ,"Known, 5+Yrs, Male"
521,HMIS108,HMIS 108 - IPD Monthly Report,EBqVAQRmiPm,Qv0hdlvNErS,CV05B,CV05b. Ischemic Heart Diseases  - Deaths,ZgnHXnu30cI,"5+Yrs, Male"
520,HMIS108,HMIS 108 - IPD Monthly Report,EBqVAQRmiPm,Qv0hdlvNErS,CV05B,CV05b. Ischemic Heart Diseases  - Deaths,VZrxjCi8cQi,"0-4Yrs, Female"
516,HMIS108,HMIS 108 - IPD Monthly Report,EBqVAQRmiPm,Qv0hdlvNErS,CV05B,CV05b. Ischemic Heart Diseases  - Deaths,QK1rNyJE2vo,"Known, 0-4Yrs, Female"
515,HMIS108,HMIS 108 - IPD Monthly Report,EBqVAQRmiPm,Qv0hdlvNErS,CV05B,CV05b. Ischemic Heart Diseases  - Deaths,mTSF9OkOVvI,"Known, 0-4Yrs, Male"
518,HMIS108,HMIS 108 - IPD Monthly Report,EBqVAQRmiPm,Qv0hdlvNErS,CV05B,CV05b. Ischemic Heart Diseases  - Deaths,hTVLtGKGXV5,"Known, 5+Yrs, Female"
514,HMIS108,HMIS 108 - IPD Monthly Report,EBqVAQRmiPm,Qv0hdlvNErS,CV05B,CV05b. Ischemic Heart Diseases  - Deaths,h7RYzvDS7Kc,"New, 5+Yrs, Female"
513,HMIS108,HMIS 108 - IPD Monthly Report,EBqVAQRmiPm,Qv0hdlvNErS,CV05B,CV05b. Ischemic Heart Diseases  - Deaths,eKedYQVxjWn,"New, 5+Yrs, Male"
512,HMIS108,HMIS 108 - IPD Monthly Report,EBqVAQRmiPm,Qv0hdlvNErS,CV05B,CV05b. Ischemic Heart Diseases  - Deaths,raVzuvAVYrE,"New, 0-4Yrs, Female"
24,HMIS108,HMIS 108 - IPD Monthly Report,EBqVAQRmiPm,Z8rXH9xroHx,CV06A,CV06a. Rheumatic Heart Diseases  - Cases,Ddg0cceghIM,"New, 0-4Yrs, Male"
25,HMIS108,HMIS 108 - IPD Monthly Report,EBqVAQRmiPm,Z8rXH9xroHx,CV06A,CV06a. Rheumatic Heart Diseases  - Cases,raVzuvAVYrE,"New, 0-4Yrs, Female"
26,HMIS108,HMIS 108 - IPD Monthly Report,EBqVAQRmiPm,Z8rXH9xroHx,CV06A,CV06a. Rheumatic Heart Diseases  - Cases,eKedYQVxjWn,"New, 5+Yrs, Male"
27,HMIS108,HMIS 108 - IPD Monthly Report,EBqVAQRmiPm,Z8rXH9xroHx,CV06A,CV06a. Rheumatic Heart Diseases  - Cases,h7RYzvDS7Kc,"New, 5+Yrs, Female"
28,HMIS108,HMIS 108 - IPD Monthly Report,EBqVAQRmiPm,Z8rXH9xroHx,CV06A,CV06a. Rheumatic Heart Diseases  - Cases,mTSF9OkOVvI,"Known, 0-4Yrs, Male"
29,HMIS108,HMIS 108 - IPD Monthly Report,EBqVAQRmiPm,Z8rXH9xroHx,CV06A,CV06a. Rheumatic Heart Diseases  - Cases,QK1rNyJE2vo,"Known, 0-4Yrs, Female"
30,HMIS108,HMIS 108 - IPD Monthly Report,EBqVAQRmiPm,Z8rXH9xroHx,CV06A,CV06a. Rheumatic Heart Diseases  - Cases,zShlA5MAVHQ,"Known, 5+Yrs, Male"
31,HMIS108,HMIS 108 - IPD Monthly Report,EBqVAQRmiPm,Z8rXH9xroHx,CV06A,CV06a. Rheumatic Heart Diseases  - Cases,hTVLtGKGXV5,"Known, 5+Yrs, Female"
32,HMIS108,HMIS 108 - IPD Monthly Report,EBqVAQRmiPm,Z8rXH9xroHx,CV06A,CV06a. Rheumatic Heart Diseases  - Cases,rCzvys285kN,"0-4Yrs, Male"
33,HMIS108,HMIS 108 - IPD Monthly Report,EBqVAQRmiPm,Z8rXH9xroHx,CV06A,CV06a. Rheumatic Heart Diseases  - Cases,VZrxjCi8cQi,"0-4Yrs, Female"
34,HMIS108,HMIS 108 - IPD Monthly Report,EBqVAQRmiPm,Z8rXH9xroHx,CV06A,CV06a. Rheumatic Heart Diseases  - Cases,ZgnHXnu30cI,"5+Yrs, Male"
35,HMIS108,HMIS 108 - IPD Monthly Report,EBqVAQRmiPm,Z8rXH9xroHx,CV06A,CV06a. Rheumatic Heart Diseases  - Cases,fHgwVjoElmE,"5+Yrs, Female"
3561,HMIS108,HMIS 108 - IPD Monthly Report,EBqVAQRmiPm,tEwdEvBBBJI,CV06B,CV06b. Rheumatic Heart Diseases  - Deaths,VZrxjCi8cQi,"0-4Yrs, Female"
3556,HMIS108,HMIS 108 - IPD Monthly Report,EBqVAQRmiPm,tEwdEvBBBJI,CV06B,CV06b. Rheumatic Heart Diseases  - Deaths,mTSF9OkOVvI,"Known, 0-4Yrs, Male"
3555,HMIS108,HMIS 108 - IPD Monthly Report,EBqVAQRmiPm,tEwdEvBBBJI,CV06B,CV06b. Rheumatic Heart Diseases  - Deaths,h7RYzvDS7Kc,"New, 5+Yrs, Female"
3559,HMIS108,HMIS 108 - IPD Monthly Report,EBqVAQRmiPm,tEwdEvBBBJI,CV06B,CV06b. Rheumatic Heart Diseases  - Deaths,hTVLtGKGXV5,"Known, 5+Yrs, Female"
3558,HMIS108,HMIS 108 - IPD Monthly Report,EBqVAQRmiPm,tEwdEvBBBJI,CV06B,CV06b. Rheumatic Heart Diseases  - Deaths,zShlA5MAVHQ,"Known, 5+Yrs, Male"
3554,HMIS108,HMIS 108 - IPD Monthly Report,EBqVAQRmiPm,tEwdEvBBBJI,CV06B,CV06b. Rheumatic Heart Diseases  - Deaths,eKedYQVxjWn,"New, 5+Yrs, Male"
3553,HMIS108,HMIS 108 - IPD Monthly Report,EBqVAQRmiPm,tEwdEvBBBJI,CV06B,CV06b. Rheumatic Heart Diseases  - Deaths,raVzuvAVYrE,"New, 0-4Yrs, Female"
3552,HMIS108,HMIS 108 - IPD Monthly Report,EBqVAQRmiPm,tEwdEvBBBJI,CV06B,CV06b. Rheumatic Heart Diseases  - Deaths,Ddg0cceghIM,"New, 0-4Yrs, Male"
3560,HMIS108,HMIS 108 - IPD Monthly Report,EBqVAQRmiPm,tEwdEvBBBJI,CV06B,CV06b. Rheumatic Heart Diseases  - Deaths,rCzvys285kN,"0-4Yrs, Male"
3562,HMIS108,HMIS 108 - IPD Monthly Report,EBqVAQRmiPm,tEwdEvBBBJI,CV06B,CV06b. Rheumatic Heart Diseases  - Deaths,ZgnHXnu30cI,"5+Yrs, Male"
3563,HMIS108,HMIS 108 - IPD Monthly Report,EBqVAQRmiPm,tEwdEvBBBJI,CV06B,CV06b. Rheumatic Heart Diseases  - Deaths,fHgwVjoElmE,"5+Yrs, Female"
3557,HMIS108,HMIS 108 - IPD Monthly Report,EBqVAQRmiPm,tEwdEvBBBJI,CV06B,CV06b. Rheumatic Heart Diseases  - Deaths,QK1rNyJE2vo,"Known, 0-4Yrs, Female"
2613,HMIS108,HMIS 108 - IPD Monthly Report,EBqVAQRmiPm,GttK7iH5a5I,CV07a,CV07a. Dilated Cardiomyopathy  - Cases,VZrxjCi8cQi,"0-4Yrs, Female"
2612,HMIS108,HMIS 108 - IPD Monthly Report,EBqVAQRmiPm,GttK7iH5a5I,CV07a,CV07a. Dilated Cardiomyopathy  - Cases,rCzvys285kN,"0-4Yrs, Male"
2615,HMIS108,HMIS 108 - IPD Monthly Report,EBqVAQRmiPm,GttK7iH5a5I,CV07a,CV07a. Dilated Cardiomyopathy  - Cases,fHgwVjoElmE,"5+Yrs, Female"
2614,HMIS108,HMIS 108 - IPD Monthly Report,EBqVAQRmiPm,GttK7iH5a5I,CV07a,CV07a. Dilated Cardiomyopathy  - Cases,ZgnHXnu30cI,"5+Yrs, Male"
3535,HMIS108,HMIS 108 - IPD Monthly Report,EBqVAQRmiPm,b5T4MRu8mT7,CV07A_2019,CV07a_2019. Chronic Heart Diseases  - Cases,ZgnHXnu30cI,"5+Yrs, Male"
3534,HMIS108,HMIS 108 - IPD Monthly Report,EBqVAQRmiPm,b5T4MRu8mT7,CV07A_2019,CV07a_2019. Chronic Heart Diseases  - Cases,VZrxjCi8cQi,"0-4Yrs, Female"
3533,HMIS108,HMIS 108 - IPD Monthly Report,EBqVAQRmiPm,b5T4MRu8mT7,CV07A_2019,CV07a_2019. Chronic Heart Diseases  - Cases,rCzvys285kN,"0-4Yrs, Male"
3536,HMIS108,HMIS 108 - IPD Monthly Report,EBqVAQRmiPm,b5T4MRu8mT7,CV07A_2019,CV07a_2019. Chronic Heart Diseases  - Cases,fHgwVjoElmE,"5+Yrs, Female"
2944,HMIS108,HMIS 108 - IPD Monthly Report,EBqVAQRmiPm,PwYIkUq93Pi,CV07b,CV07b. Dilated Cardiomyopathy  - Deaths,fHgwVjoElmE,"5+Yrs, Female"
2941,HMIS108,HMIS 108 - IPD Monthly Report,EBqVAQRmiPm,PwYIkUq93Pi,CV07b,CV07b. Dilated Cardiomyopathy  - Deaths,rCzvys285kN,"0-4Yrs, Male"
2942,HMIS108,HMIS 108 - IPD Monthly Report,EBqVAQRmiPm,PwYIkUq93Pi,CV07b,CV07b. Dilated Cardiomyopathy  - Deaths,VZrxjCi8cQi,"0-4Yrs, Female"
2943,HMIS108,HMIS 108 - IPD Monthly Report,EBqVAQRmiPm,PwYIkUq93Pi,CV07b,CV07b. Dilated Cardiomyopathy  - Deaths,ZgnHXnu30cI,"5+Yrs, Male"
4229,HMIS108,HMIS 108 - IPD Monthly Report,EBqVAQRmiPm,BDxKZh3eFcR,CV07B_2019,CV07b_2019. Chronic Heart Diseases  - Deaths,fHgwVjoElmE,"5+Yrs, Female"
4228,HMIS108,HMIS 108 - IPD Monthly Report,EBqVAQRmiPm,BDxKZh3eFcR,CV07B_2019,CV07b_2019. Chronic Heart Diseases  - Deaths,ZgnHXnu30cI,"5+Yrs, Male"
4227,HMIS108,HMIS 108 - IPD Monthly Report,EBqVAQRmiPm,BDxKZh3eFcR,CV07B_2019,CV07b_2019. Chronic Heart Diseases  - Deaths,VZrxjCi8cQi,"0-4Yrs, Female"
4226,HMIS108,HMIS 108 - IPD Monthly Report,EBqVAQRmiPm,BDxKZh3eFcR,CV07B_2019,CV07b_2019. Chronic Heart Diseases  - Deaths,rCzvys285kN,"0-4Yrs, Male"
3461,HMIS108,HMIS 108 - IPD Monthly Report,EBqVAQRmiPm,rkp8brCFwTS,CV08a,CV08a. Congenital Heart Diseases  - Cases,rCzvys285kN,"0-4Yrs, Male"
3464,HMIS108,HMIS 108 - IPD Monthly Report,EBqVAQRmiPm,rkp8brCFwTS,CV08a,CV08a. Congenital Heart Diseases  - Cases,fHgwVjoElmE,"5+Yrs, Female"
3463,HMIS108,HMIS 108 - IPD Monthly Report,EBqVAQRmiPm,rkp8brCFwTS,CV08a,CV08a. Congenital Heart Diseases  - Cases,ZgnHXnu30cI,"5+Yrs, Male"
3462,HMIS108,HMIS 108 - IPD Monthly Report,EBqVAQRmiPm,rkp8brCFwTS,CV08a,CV08a. Congenital Heart Diseases  - Cases,VZrxjCi8cQi,"0-4Yrs, Female"
4110,HMIS108,HMIS 108 - IPD Monthly Report,EBqVAQRmiPm,lu1d5wM8yur,CV08b,CV08b. Congenital Heart Diseases  - Deaths,rCzvys285kN,"0-4Yrs, Male"
4113,HMIS108,HMIS 108 - IPD Monthly Report,EBqVAQRmiPm,lu1d5wM8yur,CV08b,CV08b. Congenital Heart Diseases  - Deaths,fHgwVjoElmE,"5+Yrs, Female"
4112,HMIS108,HMIS 108 - IPD Monthly Report,EBqVAQRmiPm,lu1d5wM8yur,CV08b,CV08b. Congenital Heart Diseases  - Deaths,ZgnHXnu30cI,"5+Yrs, Male"
4111,HMIS108,HMIS 108 - IPD Monthly Report,EBqVAQRmiPm,lu1d5wM8yur,CV08b,CV08b. Congenital Heart Diseases  - Deaths,VZrxjCi8cQi,"0-4Yrs, Female"
2329,HMIS108,HMIS 108 - IPD Monthly Report,EBqVAQRmiPm,Qe8yHVdy35G,CV09a.,CV09a. Peripheral Artery Disease (PAD)  - Cases,fHgwVjoElmE,"5+Yrs, Female"
2327,HMIS108,HMIS 108 - IPD Monthly Report,EBqVAQRmiPm,Qe8yHVdy35G,CV09a.,CV09a. Peripheral Artery Disease (PAD)  - Cases,VZrxjCi8cQi,"0-4Yrs, Female"
2326,HMIS108,HMIS 108 - IPD Monthly Report,EBqVAQRmiPm,Qe8yHVdy35G,CV09a.,CV09a. Peripheral Artery Disease (PAD)  - Cases,rCzvys285kN,"0-4Yrs, Male"
2328,HMIS108,HMIS 108 - IPD Monthly Report,EBqVAQRmiPm,Qe8yHVdy35G,CV09a.,CV09a. Peripheral Artery Disease (PAD)  - Cases,ZgnHXnu30cI,"5+Yrs, Male"
230,HMIS108,HMIS 108 - IPD Monthly Report,EBqVAQRmiPm,dcLQBgJ6shF,CV09b,CV09b.Peripheral Artery Disease (PAD)-Deaths,ZgnHXnu30cI,"5+Yrs, Male"
231,HMIS108,HMIS 108 - IPD Monthly Report,EBqVAQRmiPm,dcLQBgJ6shF,CV09b,CV09b.Peripheral Artery Disease (PAD)-Deaths,fHgwVjoElmE,"5+Yrs, Female"
228,HMIS108,HMIS 108 - IPD Monthly Report,EBqVAQRmiPm,dcLQBgJ6shF,CV09b,CV09b.Peripheral Artery Disease (PAD)-Deaths,rCzvys285kN,"0-4Yrs, Male"
229,HMIS108,HMIS 108 - IPD Monthly Report,EBqVAQRmiPm,dcLQBgJ6shF,CV09b,CV09b.Peripheral Artery Disease (PAD)-Deaths,VZrxjCi8cQi,"0-4Yrs, Female"
3125,HMIS108,HMIS 108 - IPD Monthly Report,EBqVAQRmiPm,pKZjR8CuA8j,CV10a,CV10a. Other Cardiovascular Diseases  - Cases,VZrxjCi8cQi,"0-4Yrs, Female"
3124,HMIS108,HMIS 108 - IPD Monthly Report,EBqVAQRmiPm,pKZjR8CuA8j,CV10a,CV10a. Other Cardiovascular Diseases  - Cases,rCzvys285kN,"0-4Yrs, Male"
3126,HMIS108,HMIS 108 - IPD Monthly Report,EBqVAQRmiPm,pKZjR8CuA8j,CV10a,CV10a. Other Cardiovascular Diseases  - Cases,ZgnHXnu30cI,"5+Yrs, Male"
3127,HMIS108,HMIS 108 - IPD Monthly Report,EBqVAQRmiPm,pKZjR8CuA8j,CV10a,CV10a. Other Cardiovascular Diseases  - Cases,fHgwVjoElmE,"5+Yrs, Female"
1770,HMIS108,HMIS 108 - IPD Monthly Report,EBqVAQRmiPm,HNE7RjyfJfK,CV10b,CV10b. Other Cardiovascular Diseases  - Deaths,fHgwVjoElmE,"5+Yrs, Female"
1769,HMIS108,HMIS 108 - IPD Monthly Report,EBqVAQRmiPm,HNE7RjyfJfK,CV10b,CV10b. Other Cardiovascular Diseases  - Deaths,ZgnHXnu30cI,"5+Yrs, Male"
1767,HMIS108,HMIS 108 - IPD Monthly Report,EBqVAQRmiPm,HNE7RjyfJfK,CV10b,CV10b. Other Cardiovascular Diseases  - Deaths,rCzvys285kN,"0-4Yrs, Male"
1768,HMIS108,HMIS 108 - IPD Monthly Report,EBqVAQRmiPm,HNE7RjyfJfK,CV10b,CV10b. Other Cardiovascular Diseases  - Deaths,VZrxjCi8cQi,"0-4Yrs, Female"
808,HMIS108,HMIS 108 - IPD Monthly Report,EBqVAQRmiPm,F5ZQ5kiFrIh,EC01A,EC01a. Ophthalmic Neonatorum  - Cases,fHgwVjoElmE,"5+Yrs, Female"
805,HMIS108,HMIS 108 - IPD Monthly Report,EBqVAQRmiPm,F5ZQ5kiFrIh,EC01A,EC01a. Ophthalmic Neonatorum  - Cases,rCzvys285kN,"0-4Yrs, Male"
806,HMIS108,HMIS 108 - IPD Monthly Report,EBqVAQRmiPm,F5ZQ5kiFrIh,EC01A,EC01a. Ophthalmic Neonatorum  - Cases,VZrxjCi8cQi,"0-4Yrs, Female"
807,HMIS108,HMIS 108 - IPD Monthly Report,EBqVAQRmiPm,F5ZQ5kiFrIh,EC01A,EC01a. Ophthalmic Neonatorum  - Cases,ZgnHXnu30cI,"5+Yrs, Male"
882,HMIS108,HMIS 108 - IPD Monthly Report,EBqVAQRmiPm,dMjMeJhBwLY,EC01B,EC01b. Ophthalmic Neonatorum  - Deaths,fHgwVjoElmE,"5+Yrs, Female"
880,HMIS108,HMIS 108 - IPD Monthly Report,EBqVAQRmiPm,dMjMeJhBwLY,EC01B,EC01b. Ophthalmic Neonatorum  - Deaths,VZrxjCi8cQi,"0-4Yrs, Female"
879,HMIS108,HMIS 108 - IPD Monthly Report,EBqVAQRmiPm,dMjMeJhBwLY,EC01B,EC01b. Ophthalmic Neonatorum  - Deaths,rCzvys285kN,"0-4Yrs, Male"
881,HMIS108,HMIS 108 - IPD Monthly Report,EBqVAQRmiPm,dMjMeJhBwLY,EC01B,EC01b. Ophthalmic Neonatorum  - Deaths,ZgnHXnu30cI,"5+Yrs, Male"
2242,HMIS108,HMIS 108 - IPD Monthly Report,EBqVAQRmiPm,AobaAcEGTTA,EC02A,EC02a. Cataracts  - Cases,rCzvys285kN,"0-4Yrs, Male"
2244,HMIS108,HMIS 108 - IPD Monthly Report,EBqVAQRmiPm,AobaAcEGTTA,EC02A,EC02a. Cataracts  - Cases,ZgnHXnu30cI,"5+Yrs, Male"
2245,HMIS108,HMIS 108 - IPD Monthly Report,EBqVAQRmiPm,AobaAcEGTTA,EC02A,EC02a. Cataracts  - Cases,fHgwVjoElmE,"5+Yrs, Female"
2243,HMIS108,HMIS 108 - IPD Monthly Report,EBqVAQRmiPm,AobaAcEGTTA,EC02A,EC02a. Cataracts  - Cases,VZrxjCi8cQi,"0-4Yrs, Female"
653,HMIS108,HMIS 108 - IPD Monthly Report,EBqVAQRmiPm,HI1nDThtnag,EC02B,EC02b. Cataracts  - Deaths,rCzvys285kN,"0-4Yrs, Male"
654,HMIS108,HMIS 108 - IPD Monthly Report,EBqVAQRmiPm,HI1nDThtnag,EC02B,EC02b. Cataracts  - Deaths,VZrxjCi8cQi,"0-4Yrs, Female"
655,HMIS108,HMIS 108 - IPD Monthly Report,EBqVAQRmiPm,HI1nDThtnag,EC02B,EC02b. Cataracts  - Deaths,ZgnHXnu30cI,"5+Yrs, Male"
656,HMIS108,HMIS 108 - IPD Monthly Report,EBqVAQRmiPm,HI1nDThtnag,EC02B,EC02b. Cataracts  - Deaths,fHgwVjoElmE,"5+Yrs, Female"
2356,HMIS108,HMIS 108 - IPD Monthly Report,EBqVAQRmiPm,NLGvr8eF63p,EC03A,EC03a. Refractive errors  - Cases,ZgnHXnu30cI,"5+Yrs, Male"
2354,HMIS108,HMIS 108 - IPD Monthly Report,EBqVAQRmiPm,NLGvr8eF63p,EC03A,EC03a. Refractive errors  - Cases,rCzvys285kN,"0-4Yrs, Male"
2355,HMIS108,HMIS 108 - IPD Monthly Report,EBqVAQRmiPm,NLGvr8eF63p,EC03A,EC03a. Refractive errors  - Cases,VZrxjCi8cQi,"0-4Yrs, Female"
2357,HMIS108,HMIS 108 - IPD Monthly Report,EBqVAQRmiPm,NLGvr8eF63p,EC03A,EC03a. Refractive errors  - Cases,fHgwVjoElmE,"5+Yrs, Female"
1771,HMIS108,HMIS 108 - IPD Monthly Report,EBqVAQRmiPm,yritQ2a7EZM,EC03B,EC03b. Refractive errors  - Deaths,rCzvys285kN,"0-4Yrs, Male"
1774,HMIS108,HMIS 108 - IPD Monthly Report,EBqVAQRmiPm,yritQ2a7EZM,EC03B,EC03b. Refractive errors  - Deaths,fHgwVjoElmE,"5+Yrs, Female"
1773,HMIS108,HMIS 108 - IPD Monthly Report,EBqVAQRmiPm,yritQ2a7EZM,EC03B,EC03b. Refractive errors  - Deaths,ZgnHXnu30cI,"5+Yrs, Male"
1772,HMIS108,HMIS 108 - IPD Monthly Report,EBqVAQRmiPm,yritQ2a7EZM,EC03B,EC03b. Refractive errors  - Deaths,VZrxjCi8cQi,"0-4Yrs, Female"
1352,HMIS108,HMIS 108 - IPD Monthly Report,EBqVAQRmiPm,X0AhqgBlnrN,EC04A,EC04a. Glaucoma  - Cases,ZgnHXnu30cI,"5+Yrs, Male"
1350,HMIS108,HMIS 108 - IPD Monthly Report,EBqVAQRmiPm,X0AhqgBlnrN,EC04A,EC04a. Glaucoma  - Cases,rCzvys285kN,"0-4Yrs, Male"
1351,HMIS108,HMIS 108 - IPD Monthly Report,EBqVAQRmiPm,X0AhqgBlnrN,EC04A,EC04a. Glaucoma  - Cases,VZrxjCi8cQi,"0-4Yrs, Female"
1353,HMIS108,HMIS 108 - IPD Monthly Report,EBqVAQRmiPm,X0AhqgBlnrN,EC04A,EC04a. Glaucoma  - Cases,fHgwVjoElmE,"5+Yrs, Female"
3887,HMIS108,HMIS 108 - IPD Monthly Report,EBqVAQRmiPm,zxJANb0dG3q,EC04B,EC04b. Glaucoma  - Deaths,fHgwVjoElmE,"5+Yrs, Female"
3885,HMIS108,HMIS 108 - IPD Monthly Report,EBqVAQRmiPm,zxJANb0dG3q,EC04B,EC04b. Glaucoma  - Deaths,VZrxjCi8cQi,"0-4Yrs, Female"
3886,HMIS108,HMIS 108 - IPD Monthly Report,EBqVAQRmiPm,zxJANb0dG3q,EC04B,EC04b. Glaucoma  - Deaths,ZgnHXnu30cI,"5+Yrs, Male"
3884,HMIS108,HMIS 108 - IPD Monthly Report,EBqVAQRmiPm,zxJANb0dG3q,EC04B,EC04b. Glaucoma  - Deaths,rCzvys285kN,"0-4Yrs, Male"
1755,HMIS108,HMIS 108 - IPD Monthly Report,EBqVAQRmiPm,g3KLTAJ73y4,EC05A,EC05a. Trachoma  - Cases,rCzvys285kN,"0-4Yrs, Male"
1758,HMIS108,HMIS 108 - IPD Monthly Report,EBqVAQRmiPm,g3KLTAJ73y4,EC05A,EC05a. Trachoma  - Cases,fHgwVjoElmE,"5+Yrs, Female"
1757,HMIS108,HMIS 108 - IPD Monthly Report,EBqVAQRmiPm,g3KLTAJ73y4,EC05A,EC05a. Trachoma  - Cases,ZgnHXnu30cI,"5+Yrs, Male"
1756,HMIS108,HMIS 108 - IPD Monthly Report,EBqVAQRmiPm,g3KLTAJ73y4,EC05A,EC05a. Trachoma  - Cases,VZrxjCi8cQi,"0-4Yrs, Female"
154,HMIS108,HMIS 108 - IPD Monthly Report,EBqVAQRmiPm,rEc5mpcLOh1,EC05B,EC05b. Trachoma  - Deaths,VZrxjCi8cQi,"0-4Yrs, Female"
153,HMIS108,HMIS 108 - IPD Monthly Report,EBqVAQRmiPm,rEc5mpcLOh1,EC05B,EC05b. Trachoma  - Deaths,rCzvys285kN,"0-4Yrs, Male"
156,HMIS108,HMIS 108 - IPD Monthly Report,EBqVAQRmiPm,rEc5mpcLOh1,EC05B,EC05b. Trachoma  - Deaths,fHgwVjoElmE,"5+Yrs, Female"
155,HMIS108,HMIS 108 - IPD Monthly Report,EBqVAQRmiPm,rEc5mpcLOh1,EC05B,EC05b. Trachoma  - Deaths,ZgnHXnu30cI,"5+Yrs, Male"
1462,HMIS108,HMIS 108 - IPD Monthly Report,EBqVAQRmiPm,LPlsVhadZbb,EC06A,EC06a. Tumours  - Cases,fHgwVjoElmE,"5+Yrs, Female"
1459,HMIS108,HMIS 108 - IPD Monthly Report,EBqVAQRmiPm,LPlsVhadZbb,EC06A,EC06a. Tumours  - Cases,rCzvys285kN,"0-4Yrs, Male"
1461,HMIS108,HMIS 108 - IPD Monthly Report,EBqVAQRmiPm,LPlsVhadZbb,EC06A,EC06a. Tumours  - Cases,ZgnHXnu30cI,"5+Yrs, Male"
1460,HMIS108,HMIS 108 - IPD Monthly Report,EBqVAQRmiPm,LPlsVhadZbb,EC06A,EC06a. Tumours  - Cases,VZrxjCi8cQi,"0-4Yrs, Female"
714,HMIS108,HMIS 108 - IPD Monthly Report,EBqVAQRmiPm,wgTZIEsmSny,EC06B,EC06b. Tumours  - Deaths,VZrxjCi8cQi,"0-4Yrs, Female"
716,HMIS108,HMIS 108 - IPD Monthly Report,EBqVAQRmiPm,wgTZIEsmSny,EC06B,EC06b. Tumours  - Deaths,fHgwVjoElmE,"5+Yrs, Female"
713,HMIS108,HMIS 108 - IPD Monthly Report,EBqVAQRmiPm,wgTZIEsmSny,EC06B,EC06b. Tumours  - Deaths,rCzvys285kN,"0-4Yrs, Male"
715,HMIS108,HMIS 108 - IPD Monthly Report,EBqVAQRmiPm,wgTZIEsmSny,EC06B,EC06b. Tumours  - Deaths,ZgnHXnu30cI,"5+Yrs, Male"
1081,HMIS108,HMIS 108 - IPD Monthly Report,EBqVAQRmiPm,zYm5NllhUiO,EC07A,EC07a. Blindness  - Cases,ZgnHXnu30cI,"5+Yrs, Male"
1082,HMIS108,HMIS 108 - IPD Monthly Report,EBqVAQRmiPm,zYm5NllhUiO,EC07A,EC07a. Blindness  - Cases,fHgwVjoElmE,"5+Yrs, Female"
1079,HMIS108,HMIS 108 - IPD Monthly Report,EBqVAQRmiPm,zYm5NllhUiO,EC07A,EC07a. Blindness  - Cases,rCzvys285kN,"0-4Yrs, Male"
1080,HMIS108,HMIS 108 - IPD Monthly Report,EBqVAQRmiPm,zYm5NllhUiO,EC07A,EC07a. Blindness  - Cases,VZrxjCi8cQi,"0-4Yrs, Female"
314,HMIS108,HMIS 108 - IPD Monthly Report,EBqVAQRmiPm,d6v0X5nid8m,EC07B,EC07b. Blindness  - Deaths,ZgnHXnu30cI,"5+Yrs, Male"
313,HMIS108,HMIS 108 - IPD Monthly Report,EBqVAQRmiPm,d6v0X5nid8m,EC07B,EC07b. Blindness  - Deaths,VZrxjCi8cQi,"0-4Yrs, Female"
312,HMIS108,HMIS 108 - IPD Monthly Report,EBqVAQRmiPm,d6v0X5nid8m,EC07B,EC07b. Blindness  - Deaths,rCzvys285kN,"0-4Yrs, Male"
315,HMIS108,HMIS 108 - IPD Monthly Report,EBqVAQRmiPm,d6v0X5nid8m,EC07B,EC07b. Blindness  - Deaths,fHgwVjoElmE,"5+Yrs, Female"
1908,HMIS108,HMIS 108 - IPD Monthly Report,EBqVAQRmiPm,ZaEdzrj8DVz,EC08A,EC08a. Diabetic Retinopathy  - Cases,fHgwVjoElmE,"5+Yrs, Female"
1906,HMIS108,HMIS 108 - IPD Monthly Report,EBqVAQRmiPm,ZaEdzrj8DVz,EC08A,EC08a. Diabetic Retinopathy  - Cases,VZrxjCi8cQi,"0-4Yrs, Female"
1907,HMIS108,HMIS 108 - IPD Monthly Report,EBqVAQRmiPm,ZaEdzrj8DVz,EC08A,EC08a. Diabetic Retinopathy  - Cases,ZgnHXnu30cI,"5+Yrs, Male"
1905,HMIS108,HMIS 108 - IPD Monthly Report,EBqVAQRmiPm,ZaEdzrj8DVz,EC08A,EC08a. Diabetic Retinopathy  - Cases,rCzvys285kN,"0-4Yrs, Male"
928,HMIS108,HMIS 108 - IPD Monthly Report,EBqVAQRmiPm,RBf23BhwFTi,EC08B,EC08b. Diabetic Retinopathy  - Deaths,rCzvys285kN,"0-4Yrs, Male"
931,HMIS108,HMIS 108 - IPD Monthly Report,EBqVAQRmiPm,RBf23BhwFTi,EC08B,EC08b. Diabetic Retinopathy  - Deaths,fHgwVjoElmE,"5+Yrs, Female"
930,HMIS108,HMIS 108 - IPD Monthly Report,EBqVAQRmiPm,RBf23BhwFTi,EC08B,EC08b. Diabetic Retinopathy  - Deaths,ZgnHXnu30cI,"5+Yrs, Male"
929,HMIS108,HMIS 108 - IPD Monthly Report,EBqVAQRmiPm,RBf23BhwFTi,EC08B,EC08b. Diabetic Retinopathy  - Deaths,VZrxjCi8cQi,"0-4Yrs, Female"
836,HMIS108,HMIS 108 - IPD Monthly Report,EBqVAQRmiPm,TTQUftZqrM9,EC09A,EC09a. Other eye conditions  - Cases,rCzvys285kN,"0-4Yrs, Male"
839,HMIS108,HMIS 108 - IPD Monthly Report,EBqVAQRmiPm,TTQUftZqrM9,EC09A,EC09a. Other eye conditions  - Cases,fHgwVjoElmE,"5+Yrs, Female"
838,HMIS108,HMIS 108 - IPD Monthly Report,EBqVAQRmiPm,TTQUftZqrM9,EC09A,EC09a. Other eye conditions  - Cases,ZgnHXnu30cI,"5+Yrs, Male"
837,HMIS108,HMIS 108 - IPD Monthly Report,EBqVAQRmiPm,TTQUftZqrM9,EC09A,EC09a. Other eye conditions  - Cases,VZrxjCi8cQi,"0-4Yrs, Female"
2526,HMIS108,HMIS 108 - IPD Monthly Report,EBqVAQRmiPm,TZhF5Ygb0s6,EC09B,EC09b. Other eye conditions  - Deaths,VZrxjCi8cQi,"0-4Yrs, Female"
2528,HMIS108,HMIS 108 - IPD Monthly Report,EBqVAQRmiPm,TZhF5Ygb0s6,EC09B,EC09b. Other eye conditions  - Deaths,fHgwVjoElmE,"5+Yrs, Female"
2527,HMIS108,HMIS 108 - IPD Monthly Report,EBqVAQRmiPm,TZhF5Ygb0s6,EC09B,EC09b. Other eye conditions  - Deaths,ZgnHXnu30cI,"5+Yrs, Male"
2525,HMIS108,HMIS 108 - IPD Monthly Report,EBqVAQRmiPm,TZhF5Ygb0s6,EC09B,EC09b. Other eye conditions  - Deaths,rCzvys285kN,"0-4Yrs, Male"
1112,HMIS108,HMIS 108 - IPD Monthly Report,EBqVAQRmiPm,pGghUqwFbhU,EM01A,EM01a. Diabetis Mellitus - Cases,DbUSKRk6Z7x,"Type 1, 5+Yrs, Female"
1109,HMIS108,HMIS 108 - IPD Monthly Report,EBqVAQRmiPm,pGghUqwFbhU,EM01A,EM01a. Diabetis Mellitus - Cases,Cn7Sbn1cmaJ,"Type 1, 0-4Yrs, Male"
1110,HMIS108,HMIS 108 - IPD Monthly Report,EBqVAQRmiPm,pGghUqwFbhU,EM01A,EM01a. Diabetis Mellitus - Cases,Vsm9HAH7Jyq,"Type 1, 0-4Yrs, Female"
1111,HMIS108,HMIS 108 - IPD Monthly Report,EBqVAQRmiPm,pGghUqwFbhU,EM01A,EM01a. Diabetis Mellitus - Cases,Spvx3gdpnkj,"Type 1, 5+Yrs, Male"
1113,HMIS108,HMIS 108 - IPD Monthly Report,EBqVAQRmiPm,pGghUqwFbhU,EM01A,EM01a. Diabetis Mellitus - Cases,OOMLP3gYLKq,"Type 2, 0-4Yrs, Male"
1114,HMIS108,HMIS 108 - IPD Monthly Report,EBqVAQRmiPm,pGghUqwFbhU,EM01A,EM01a. Diabetis Mellitus - Cases,cLh8II1swIK,"Type 2, 0-4Yrs, Female"
1115,HMIS108,HMIS 108 - IPD Monthly Report,EBqVAQRmiPm,pGghUqwFbhU,EM01A,EM01a. Diabetis Mellitus - Cases,YyglM1loCC3,"Type 2, 5+Yrs, Male"
1116,HMIS108,HMIS 108 - IPD Monthly Report,EBqVAQRmiPm,pGghUqwFbhU,EM01A,EM01a. Diabetis Mellitus - Cases,yrO9l7ykS22,"Type 2, 5+Yrs, Female"
1120,HMIS108,HMIS 108 - IPD Monthly Report,EBqVAQRmiPm,pGghUqwFbhU,EM01A,EM01a. Diabetis Mellitus - Cases,Qjab56noHMt,"Other Forms, 5+Yrs, Female"
1119,HMIS108,HMIS 108 - IPD Monthly Report,EBqVAQRmiPm,pGghUqwFbhU,EM01A,EM01a. Diabetis Mellitus - Cases,JjZuytPl7Cw,"Other Forms, 5+Yrs, Male"
1118,HMIS108,HMIS 108 - IPD Monthly Report,EBqVAQRmiPm,pGghUqwFbhU,EM01A,EM01a. Diabetis Mellitus - Cases,keby93gYnGG,"Other Forms, 0-4Yrs, Female"
1117,HMIS108,HMIS 108 - IPD Monthly Report,EBqVAQRmiPm,pGghUqwFbhU,EM01A,EM01a. Diabetis Mellitus - Cases,stkNJM5iYAB,"Other Forms, 0-4Yrs, Male"
271,HMIS108,HMIS 108 - IPD Monthly Report,EBqVAQRmiPm,LSrwJqzz8h4,EM01A1_2019,EM01a1_2019. Diabetes mellitus (newly diagnosed cases)  - Cases,VZrxjCi8cQi,"0-4Yrs, Female"
270,HMIS108,HMIS 108 - IPD Monthly Report,EBqVAQRmiPm,LSrwJqzz8h4,EM01A1_2019,EM01a1_2019. Diabetes mellitus (newly diagnosed cases)  - Cases,rCzvys285kN,"0-4Yrs, Male"
273,HMIS108,HMIS 108 - IPD Monthly Report,EBqVAQRmiPm,LSrwJqzz8h4,EM01A1_2019,EM01a1_2019. Diabetes mellitus (newly diagnosed cases)  - Cases,fHgwVjoElmE,"5+Yrs, Female"
272,HMIS108,HMIS 108 - IPD Monthly Report,EBqVAQRmiPm,LSrwJqzz8h4,EM01A1_2019,EM01a1_2019. Diabetes mellitus (newly diagnosed cases)  - Cases,ZgnHXnu30cI,"5+Yrs, Male"
1576,HMIS108,HMIS 108 - IPD Monthly Report,EBqVAQRmiPm,Pg8NJzaXQPP,EM01A2_2019,EM01a2_2019. Diabetes mellitus (newly diagnosed cases)  - Deaths,fHgwVjoElmE,"5+Yrs, Female"
1574,HMIS108,HMIS 108 - IPD Monthly Report,EBqVAQRmiPm,Pg8NJzaXQPP,EM01A2_2019,EM01a2_2019. Diabetes mellitus (newly diagnosed cases)  - Deaths,VZrxjCi8cQi,"0-4Yrs, Female"
1573,HMIS108,HMIS 108 - IPD Monthly Report,EBqVAQRmiPm,Pg8NJzaXQPP,EM01A2_2019,EM01a2_2019. Diabetes mellitus (newly diagnosed cases)  - Deaths,rCzvys285kN,"0-4Yrs, Male"
1575,HMIS108,HMIS 108 - IPD Monthly Report,EBqVAQRmiPm,Pg8NJzaXQPP,EM01A2_2019,EM01a2_2019. Diabetes mellitus (newly diagnosed cases)  - Deaths,ZgnHXnu30cI,"5+Yrs, Male"
2219,HMIS108,HMIS 108 - IPD Monthly Report,EBqVAQRmiPm,J7Paq3SJcaH,EM01B,EM01b. Diabetis Mellitus - Deaths,stkNJM5iYAB,"Other Forms, 0-4Yrs, Male"
2211,HMIS108,HMIS 108 - IPD Monthly Report,EBqVAQRmiPm,J7Paq3SJcaH,EM01B,EM01b. Diabetis Mellitus - Deaths,Cn7Sbn1cmaJ,"Type 1, 0-4Yrs, Male"
2220,HMIS108,HMIS 108 - IPD Monthly Report,EBqVAQRmiPm,J7Paq3SJcaH,EM01B,EM01b. Diabetis Mellitus - Deaths,keby93gYnGG,"Other Forms, 0-4Yrs, Female"
2221,HMIS108,HMIS 108 - IPD Monthly Report,EBqVAQRmiPm,J7Paq3SJcaH,EM01B,EM01b. Diabetis Mellitus - Deaths,JjZuytPl7Cw,"Other Forms, 5+Yrs, Male"
2222,HMIS108,HMIS 108 - IPD Monthly Report,EBqVAQRmiPm,J7Paq3SJcaH,EM01B,EM01b. Diabetis Mellitus - Deaths,Qjab56noHMt,"Other Forms, 5+Yrs, Female"
2218,HMIS108,HMIS 108 - IPD Monthly Report,EBqVAQRmiPm,J7Paq3SJcaH,EM01B,EM01b. Diabetis Mellitus - Deaths,yrO9l7ykS22,"Type 2, 5+Yrs, Female"
2217,HMIS108,HMIS 108 - IPD Monthly Report,EBqVAQRmiPm,J7Paq3SJcaH,EM01B,EM01b. Diabetis Mellitus - Deaths,YyglM1loCC3,"Type 2, 5+Yrs, Male"
2216,HMIS108,HMIS 108 - IPD Monthly Report,EBqVAQRmiPm,J7Paq3SJcaH,EM01B,EM01b. Diabetis Mellitus - Deaths,cLh8II1swIK,"Type 2, 0-4Yrs, Female"
2215,HMIS108,HMIS 108 - IPD Monthly Report,EBqVAQRmiPm,J7Paq3SJcaH,EM01B,EM01b. Diabetis Mellitus - Deaths,OOMLP3gYLKq,"Type 2, 0-4Yrs, Male"
2214,HMIS108,HMIS 108 - IPD Monthly Report,EBqVAQRmiPm,J7Paq3SJcaH,EM01B,EM01b. Diabetis Mellitus - Deaths,DbUSKRk6Z7x,"Type 1, 5+Yrs, Female"
2213,HMIS108,HMIS 108 - IPD Monthly Report,EBqVAQRmiPm,J7Paq3SJcaH,EM01B,EM01b. Diabetis Mellitus - Deaths,Spvx3gdpnkj,"Type 1, 5+Yrs, Male"
2212,HMIS108,HMIS 108 - IPD Monthly Report,EBqVAQRmiPm,J7Paq3SJcaH,EM01B,EM01b. Diabetis Mellitus - Deaths,Vsm9HAH7Jyq,"Type 1, 0-4Yrs, Female"
1464,HMIS108,HMIS 108 - IPD Monthly Report,EBqVAQRmiPm,HWsIOGrZuee,EM01B1_2019,EM01b1_2019. Diabetes mellitus (re-attendances)  - Cases,rCzvys285kN,"0-4Yrs, Male"
1467,HMIS108,HMIS 108 - IPD Monthly Report,EBqVAQRmiPm,HWsIOGrZuee,EM01B1_2019,EM01b1_2019. Diabetes mellitus (re-attendances)  - Cases,fHgwVjoElmE,"5+Yrs, Female"
1466,HMIS108,HMIS 108 - IPD Monthly Report,EBqVAQRmiPm,HWsIOGrZuee,EM01B1_2019,EM01b1_2019. Diabetes mellitus (re-attendances)  - Cases,ZgnHXnu30cI,"5+Yrs, Male"
1465,HMIS108,HMIS 108 - IPD Monthly Report,EBqVAQRmiPm,HWsIOGrZuee,EM01B1_2019,EM01b1_2019. Diabetes mellitus (re-attendances)  - Cases,VZrxjCi8cQi,"0-4Yrs, Female"
3687,HMIS108,HMIS 108 - IPD Monthly Report,EBqVAQRmiPm,OTlyw79GLSO,EM01B2_2019,EM01b2_2019. Diabetes mellitus (re-attendances)  - Deaths,rCzvys285kN,"0-4Yrs, Male"
3689,HMIS108,HMIS 108 - IPD Monthly Report,EBqVAQRmiPm,OTlyw79GLSO,EM01B2_2019,EM01b2_2019. Diabetes mellitus (re-attendances)  - Deaths,ZgnHXnu30cI,"5+Yrs, Male"
3690,HMIS108,HMIS 108 - IPD Monthly Report,EBqVAQRmiPm,OTlyw79GLSO,EM01B2_2019,EM01b2_2019. Diabetes mellitus (re-attendances)  - Deaths,fHgwVjoElmE,"5+Yrs, Female"
3688,HMIS108,HMIS 108 - IPD Monthly Report,EBqVAQRmiPm,OTlyw79GLSO,EM01B2_2019,EM01b2_2019. Diabetes mellitus (re-attendances)  - Deaths,VZrxjCi8cQi,"0-4Yrs, Female"
2643,HMIS108,HMIS 108 - IPD Monthly Report,EBqVAQRmiPm,JxpT8qlPqNy,EM02A,EM02a. Thyroid disease  - Cases,VZrxjCi8cQi,"0-4Yrs, Female"
2645,HMIS108,HMIS 108 - IPD Monthly Report,EBqVAQRmiPm,JxpT8qlPqNy,EM02A,EM02a. Thyroid disease  - Cases,fHgwVjoElmE,"5+Yrs, Female"
2644,HMIS108,HMIS 108 - IPD Monthly Report,EBqVAQRmiPm,JxpT8qlPqNy,EM02A,EM02a. Thyroid disease  - Cases,ZgnHXnu30cI,"5+Yrs, Male"
2642,HMIS108,HMIS 108 - IPD Monthly Report,EBqVAQRmiPm,JxpT8qlPqNy,EM02A,EM02a. Thyroid disease  - Cases,rCzvys285kN,"0-4Yrs, Male"
3804,HMIS108,HMIS 108 - IPD Monthly Report,EBqVAQRmiPm,xvg0a0cXTyR,EM02B,EM02b. Thyroid disease  - Deaths,VZrxjCi8cQi,"0-4Yrs, Female"
3803,HMIS108,HMIS 108 - IPD Monthly Report,EBqVAQRmiPm,xvg0a0cXTyR,EM02B,EM02b. Thyroid disease  - Deaths,rCzvys285kN,"0-4Yrs, Male"
3805,HMIS108,HMIS 108 - IPD Monthly Report,EBqVAQRmiPm,xvg0a0cXTyR,EM02B,EM02b. Thyroid disease  - Deaths,ZgnHXnu30cI,"5+Yrs, Male"
3806,HMIS108,HMIS 108 - IPD Monthly Report,EBqVAQRmiPm,xvg0a0cXTyR,EM02B,EM02b. Thyroid disease  - Deaths,fHgwVjoElmE,"5+Yrs, Female"
1392,HMIS108,HMIS 108 - IPD Monthly Report,EBqVAQRmiPm,gVTR2hiXVmW,EM03A,EM03a. Other Endocrine and metabolic disorders  - Cases,fHgwVjoElmE,"5+Yrs, Female"
1391,HMIS108,HMIS 108 - IPD Monthly Report,EBqVAQRmiPm,gVTR2hiXVmW,EM03A,EM03a. Other Endocrine and metabolic disorders  - Cases,ZgnHXnu30cI,"5+Yrs, Male"
1390,HMIS108,HMIS 108 - IPD Monthly Report,EBqVAQRmiPm,gVTR2hiXVmW,EM03A,EM03a. Other Endocrine and metabolic disorders  - Cases,VZrxjCi8cQi,"0-4Yrs, Female"
1389,HMIS108,HMIS 108 - IPD Monthly Report,EBqVAQRmiPm,gVTR2hiXVmW,EM03A,EM03a. Other Endocrine and metabolic disorders  - Cases,rCzvys285kN,"0-4Yrs, Male"
3347,HMIS108,HMIS 108 - IPD Monthly Report,EBqVAQRmiPm,iijcLVV5qaL,EM03B,EM03b. Other Endocrine and metabolic disorders  - Deaths,ZgnHXnu30cI,"5+Yrs, Male"
3345,HMIS108,HMIS 108 - IPD Monthly Report,EBqVAQRmiPm,iijcLVV5qaL,EM03B,EM03b. Other Endocrine and metabolic disorders  - Deaths,rCzvys285kN,"0-4Yrs, Male"
3348,HMIS108,HMIS 108 - IPD Monthly Report,EBqVAQRmiPm,iijcLVV5qaL,EM03B,EM03b. Other Endocrine and metabolic disorders  - Deaths,fHgwVjoElmE,"5+Yrs, Female"
3346,HMIS108,HMIS 108 - IPD Monthly Report,EBqVAQRmiPm,iijcLVV5qaL,EM03B,EM03b. Other Endocrine and metabolic disorders  - Deaths,VZrxjCi8cQi,"0-4Yrs, Female"
1669,HMIS108,HMIS 108 - IPD Monthly Report,EBqVAQRmiPm,tgl7h4ObMuM,EN01A,EN01a. Otitis media  - Cases,fHgwVjoElmE,"5+Yrs, Female"
1668,HMIS108,HMIS 108 - IPD Monthly Report,EBqVAQRmiPm,tgl7h4ObMuM,EN01A,EN01a. Otitis media  - Cases,ZgnHXnu30cI,"5+Yrs, Male"
1667,HMIS108,HMIS 108 - IPD Monthly Report,EBqVAQRmiPm,tgl7h4ObMuM,EN01A,EN01a. Otitis media  - Cases,VZrxjCi8cQi,"0-4Yrs, Female"
1666,HMIS108,HMIS 108 - IPD Monthly Report,EBqVAQRmiPm,tgl7h4ObMuM,EN01A,EN01a. Otitis media  - Cases,rCzvys285kN,"0-4Yrs, Male"
2231,HMIS108,HMIS 108 - IPD Monthly Report,EBqVAQRmiPm,zwqtwM9v4kq,EN01B,EN01b. Otitis media  - Deaths,rCzvys285kN,"0-4Yrs, Male"
2234,HMIS108,HMIS 108 - IPD Monthly Report,EBqVAQRmiPm,zwqtwM9v4kq,EN01B,EN01b. Otitis media  - Deaths,fHgwVjoElmE,"5+Yrs, Female"
2233,HMIS108,HMIS 108 - IPD Monthly Report,EBqVAQRmiPm,zwqtwM9v4kq,EN01B,EN01b. Otitis media  - Deaths,ZgnHXnu30cI,"5+Yrs, Male"
2232,HMIS108,HMIS 108 - IPD Monthly Report,EBqVAQRmiPm,zwqtwM9v4kq,EN01B,EN01b. Otitis media  - Deaths,VZrxjCi8cQi,"0-4Yrs, Female"
3014,HMIS108,HMIS 108 - IPD Monthly Report,EBqVAQRmiPm,u6CMTVPiK2Q,EN02A,EN02a. Hearing loss  - Cases,fHgwVjoElmE,"5+Yrs, Female"
3013,HMIS108,HMIS 108 - IPD Monthly Report,EBqVAQRmiPm,u6CMTVPiK2Q,EN02A,EN02a. Hearing loss  - Cases,ZgnHXnu30cI,"5+Yrs, Male"
3012,HMIS108,HMIS 108 - IPD Monthly Report,EBqVAQRmiPm,u6CMTVPiK2Q,EN02A,EN02a. Hearing loss  - Cases,VZrxjCi8cQi,"0-4Yrs, Female"
3011,HMIS108,HMIS 108 - IPD Monthly Report,EBqVAQRmiPm,u6CMTVPiK2Q,EN02A,EN02a. Hearing loss  - Cases,rCzvys285kN,"0-4Yrs, Male"
2759,HMIS108,HMIS 108 - IPD Monthly Report,EBqVAQRmiPm,N7tA0f3vH8g,EN02B,EN02b. Hearing loss  - Deaths,rCzvys285kN,"0-4Yrs, Male"
2762,HMIS108,HMIS 108 - IPD Monthly Report,EBqVAQRmiPm,N7tA0f3vH8g,EN02B,EN02b. Hearing loss  - Deaths,fHgwVjoElmE,"5+Yrs, Female"
2761,HMIS108,HMIS 108 - IPD Monthly Report,EBqVAQRmiPm,N7tA0f3vH8g,EN02B,EN02b. Hearing loss  - Deaths,ZgnHXnu30cI,"5+Yrs, Male"
2760,HMIS108,HMIS 108 - IPD Monthly Report,EBqVAQRmiPm,N7tA0f3vH8g,EN02B,EN02b. Hearing loss  - Deaths,VZrxjCi8cQi,"0-4Yrs, Female"
809,HMIS108,HMIS 108 - IPD Monthly Report,EBqVAQRmiPm,ZDOXr72PIRo,EN03A,EN03a. Other ENT conditions  - Cases,rCzvys285kN,"0-4Yrs, Male"
812,HMIS108,HMIS 108 - IPD Monthly Report,EBqVAQRmiPm,ZDOXr72PIRo,EN03A,EN03a. Other ENT conditions  - Cases,fHgwVjoElmE,"5+Yrs, Female"
811,HMIS108,HMIS 108 - IPD Monthly Report,EBqVAQRmiPm,ZDOXr72PIRo,EN03A,EN03a. Other ENT conditions  - Cases,ZgnHXnu30cI,"5+Yrs, Male"
810,HMIS108,HMIS 108 - IPD Monthly Report,EBqVAQRmiPm,ZDOXr72PIRo,EN03A,EN03a. Other ENT conditions  - Cases,VZrxjCi8cQi,"0-4Yrs, Female"
3109,HMIS108,HMIS 108 - IPD Monthly Report,EBqVAQRmiPm,Qg8vXh8Yl6a,EN03B,EN03b. Other ENT conditions  - Deaths,VZrxjCi8cQi,"0-4Yrs, Female"
3111,HMIS108,HMIS 108 - IPD Monthly Report,EBqVAQRmiPm,Qg8vXh8Yl6a,EN03B,EN03b. Other ENT conditions  - Deaths,fHgwVjoElmE,"5+Yrs, Female"
3110,HMIS108,HMIS 108 - IPD Monthly Report,EBqVAQRmiPm,Qg8vXh8Yl6a,EN03B,EN03b. Other ENT conditions  - Deaths,ZgnHXnu30cI,"5+Yrs, Male"
3108,HMIS108,HMIS 108 - IPD Monthly Report,EBqVAQRmiPm,Qg8vXh8Yl6a,EN03B,EN03b. Other ENT conditions  - Deaths,rCzvys285kN,"0-4Yrs, Male"
3352,HMIS108,HMIS 108 - IPD Monthly Report,EBqVAQRmiPm,BWZFz9RJRPI,EP01a1,EP01a1. Malaria Total  - Cases,VZrxjCi8cQi,"0-4Yrs, Female"
3354,HMIS108,HMIS 108 - IPD Monthly Report,EBqVAQRmiPm,BWZFz9RJRPI,EP01a1,EP01a1. Malaria Total  - Cases,fHgwVjoElmE,"5+Yrs, Female"
3353,HMIS108,HMIS 108 - IPD Monthly Report,EBqVAQRmiPm,BWZFz9RJRPI,EP01a1,EP01a1. Malaria Total  - Cases,ZgnHXnu30cI,"5+Yrs, Male"
3351,HMIS108,HMIS 108 - IPD Monthly Report,EBqVAQRmiPm,BWZFz9RJRPI,EP01a1,EP01a1. Malaria Total  - Cases,rCzvys285kN,"0-4Yrs, Male"
2003,HMIS108,HMIS 108 - IPD Monthly Report,EBqVAQRmiPm,AuAOIfCuBUp,EP01a2,EP01a2. Malaria Total  - Deaths,ZgnHXnu30cI,"5+Yrs, Male"
2001,HMIS108,HMIS 108 - IPD Monthly Report,EBqVAQRmiPm,AuAOIfCuBUp,EP01a2,EP01a2. Malaria Total  - Deaths,rCzvys285kN,"0-4Yrs, Male"
2002,HMIS108,HMIS 108 - IPD Monthly Report,EBqVAQRmiPm,AuAOIfCuBUp,EP01a2,EP01a2. Malaria Total  - Deaths,VZrxjCi8cQi,"0-4Yrs, Female"
2004,HMIS108,HMIS 108 - IPD Monthly Report,EBqVAQRmiPm,AuAOIfCuBUp,EP01a2,EP01a2. Malaria Total  - Deaths,fHgwVjoElmE,"5+Yrs, Female"
2732,HMIS108,HMIS 108 - IPD Monthly Report,EBqVAQRmiPm,pRZrTLDN7Ge,EP01b1,EP01b1. Malaria Confirmed (Microscopic &RDT)  - Cases,fHgwVjoElmE,"5+Yrs, Female"
2729,HMIS108,HMIS 108 - IPD Monthly Report,EBqVAQRmiPm,pRZrTLDN7Ge,EP01b1,EP01b1. Malaria Confirmed (Microscopic &RDT)  - Cases,rCzvys285kN,"0-4Yrs, Male"
2731,HMIS108,HMIS 108 - IPD Monthly Report,EBqVAQRmiPm,pRZrTLDN7Ge,EP01b1,EP01b1. Malaria Confirmed (Microscopic &RDT)  - Cases,ZgnHXnu30cI,"5+Yrs, Male"
2730,HMIS108,HMIS 108 - IPD Monthly Report,EBqVAQRmiPm,pRZrTLDN7Ge,EP01b1,EP01b1. Malaria Confirmed (Microscopic &RDT)  - Cases,VZrxjCi8cQi,"0-4Yrs, Female"
856,HMIS108,HMIS 108 - IPD Monthly Report,EBqVAQRmiPm,gHjJrtw9vQX,EP01b2,EP01b2. Malaria Confirmed (Microscopic &RDT)  - Deaths,ZgnHXnu30cI,"5+Yrs, Male"
857,HMIS108,HMIS 108 - IPD Monthly Report,EBqVAQRmiPm,gHjJrtw9vQX,EP01b2,EP01b2. Malaria Confirmed (Microscopic &RDT)  - Deaths,fHgwVjoElmE,"5+Yrs, Female"
855,HMIS108,HMIS 108 - IPD Monthly Report,EBqVAQRmiPm,gHjJrtw9vQX,EP01b2,EP01b2. Malaria Confirmed (Microscopic &RDT)  - Deaths,VZrxjCi8cQi,"0-4Yrs, Female"
854,HMIS108,HMIS 108 - IPD Monthly Report,EBqVAQRmiPm,gHjJrtw9vQX,EP01b2,EP01b2. Malaria Confirmed (Microscopic &RDT)  - Deaths,rCzvys285kN,"0-4Yrs, Male"
4028,HMIS108,HMIS 108 - IPD Monthly Report,EBqVAQRmiPm,BwkikubZJae,EP02A,EP02a. Acute Flaccid Paralysis  - Cases,fHgwVjoElmE,"5+Yrs, Female"
4026,HMIS108,HMIS 108 - IPD Monthly Report,EBqVAQRmiPm,BwkikubZJae,EP02A,EP02a. Acute Flaccid Paralysis  - Cases,VZrxjCi8cQi,"0-4Yrs, Female"
4027,HMIS108,HMIS 108 - IPD Monthly Report,EBqVAQRmiPm,BwkikubZJae,EP02A,EP02a. Acute Flaccid Paralysis  - Cases,ZgnHXnu30cI,"5+Yrs, Male"
4025,HMIS108,HMIS 108 - IPD Monthly Report,EBqVAQRmiPm,BwkikubZJae,EP02A,EP02a. Acute Flaccid Paralysis  - Cases,rCzvys285kN,"0-4Yrs, Male"
3192,HMIS108,HMIS 108 - IPD Monthly Report,EBqVAQRmiPm,FXMKf4qHAzn,EP02B,EP02b. Acute Flaccid Paralysis  - Deaths,ZgnHXnu30cI,"5+Yrs, Male"
3191,HMIS108,HMIS 108 - IPD Monthly Report,EBqVAQRmiPm,FXMKf4qHAzn,EP02B,EP02b. Acute Flaccid Paralysis  - Deaths,VZrxjCi8cQi,"0-4Yrs, Female"
3190,HMIS108,HMIS 108 - IPD Monthly Report,EBqVAQRmiPm,FXMKf4qHAzn,EP02B,EP02b. Acute Flaccid Paralysis  - Deaths,rCzvys285kN,"0-4Yrs, Male"
3193,HMIS108,HMIS 108 - IPD Monthly Report,EBqVAQRmiPm,FXMKf4qHAzn,EP02B,EP02b. Acute Flaccid Paralysis  - Deaths,fHgwVjoElmE,"5+Yrs, Female"
3163,HMIS108,HMIS 108 - IPD Monthly Report,EBqVAQRmiPm,oRuwiWtsLBk,EP03A,EP03a. Animal Bites (suspected rabies)  - Cases,fHgwVjoElmE,"5+Yrs, Female"
3162,HMIS108,HMIS 108 - IPD Monthly Report,EBqVAQRmiPm,oRuwiWtsLBk,EP03A,EP03a. Animal Bites (suspected rabies)  - Cases,ZgnHXnu30cI,"5+Yrs, Male"
3161,HMIS108,HMIS 108 - IPD Monthly Report,EBqVAQRmiPm,oRuwiWtsLBk,EP03A,EP03a. Animal Bites (suspected rabies)  - Cases,VZrxjCi8cQi,"0-4Yrs, Female"
3160,HMIS108,HMIS 108 - IPD Monthly Report,EBqVAQRmiPm,oRuwiWtsLBk,EP03A,EP03a. Animal Bites (suspected rabies)  - Cases,rCzvys285kN,"0-4Yrs, Male"
3247,HMIS108,HMIS 108 - IPD Monthly Report,EBqVAQRmiPm,jmHEyfyfaA1,EP03B,EP03b. Animal Bites (suspected rabies)  - Deaths,VZrxjCi8cQi,"0-4Yrs, Female"
3249,HMIS108,HMIS 108 - IPD Monthly Report,EBqVAQRmiPm,jmHEyfyfaA1,EP03B,EP03b. Animal Bites (suspected rabies)  - Deaths,fHgwVjoElmE,"5+Yrs, Female"
3248,HMIS108,HMIS 108 - IPD Monthly Report,EBqVAQRmiPm,jmHEyfyfaA1,EP03B,EP03b. Animal Bites (suspected rabies)  - Deaths,ZgnHXnu30cI,"5+Yrs, Male"
3246,HMIS108,HMIS 108 - IPD Monthly Report,EBqVAQRmiPm,jmHEyfyfaA1,EP03B,EP03b. Animal Bites (suspected rabies)  - Deaths,rCzvys285kN,"0-4Yrs, Male"
2617,HMIS108,HMIS 108 - IPD Monthly Report,EBqVAQRmiPm,hSrTiWZ8HHx,EP04A,EP04a. Cholera  - Cases,rCzvys285kN,"0-4Yrs, Male"
2620,HMIS108,HMIS 108 - IPD Monthly Report,EBqVAQRmiPm,hSrTiWZ8HHx,EP04A,EP04a. Cholera  - Cases,fHgwVjoElmE,"5+Yrs, Female"
2619,HMIS108,HMIS 108 - IPD Monthly Report,EBqVAQRmiPm,hSrTiWZ8HHx,EP04A,EP04a. Cholera  - Cases,ZgnHXnu30cI,"5+Yrs, Male"
2618,HMIS108,HMIS 108 - IPD Monthly Report,EBqVAQRmiPm,hSrTiWZ8HHx,EP04A,EP04a. Cholera  - Cases,VZrxjCi8cQi,"0-4Yrs, Female"
2510,HMIS108,HMIS 108 - IPD Monthly Report,EBqVAQRmiPm,wFZdjFBdByd,EP04B,EP04b. Cholera  - Deaths,VZrxjCi8cQi,"0-4Yrs, Female"
2511,HMIS108,HMIS 108 - IPD Monthly Report,EBqVAQRmiPm,wFZdjFBdByd,EP04B,EP04b. Cholera  - Deaths,ZgnHXnu30cI,"5+Yrs, Male"
2512,HMIS108,HMIS 108 - IPD Monthly Report,EBqVAQRmiPm,wFZdjFBdByd,EP04B,EP04b. Cholera  - Deaths,fHgwVjoElmE,"5+Yrs, Female"
2509,HMIS108,HMIS 108 - IPD Monthly Report,EBqVAQRmiPm,wFZdjFBdByd,EP04B,EP04b. Cholera  - Deaths,rCzvys285kN,"0-4Yrs, Male"
2482,HMIS108,HMIS 108 - IPD Monthly Report,EBqVAQRmiPm,RMQ0tjd8t4v,EP05A,EP05a. Dysentery  - Cases,ZgnHXnu30cI,"5+Yrs, Male"
2480,HMIS108,HMIS 108 - IPD Monthly Report,EBqVAQRmiPm,RMQ0tjd8t4v,EP05A,EP05a. Dysentery  - Cases,rCzvys285kN,"0-4Yrs, Male"
2481,HMIS108,HMIS 108 - IPD Monthly Report,EBqVAQRmiPm,RMQ0tjd8t4v,EP05A,EP05a. Dysentery  - Cases,VZrxjCi8cQi,"0-4Yrs, Female"
2483,HMIS108,HMIS 108 - IPD Monthly Report,EBqVAQRmiPm,RMQ0tjd8t4v,EP05A,EP05a. Dysentery  - Cases,fHgwVjoElmE,"5+Yrs, Female"
1760,HMIS108,HMIS 108 - IPD Monthly Report,EBqVAQRmiPm,Kg1shMvQg6L,EP05B,EP05b. Dysentery  - Deaths,VZrxjCi8cQi,"0-4Yrs, Female"
1759,HMIS108,HMIS 108 - IPD Monthly Report,EBqVAQRmiPm,Kg1shMvQg6L,EP05B,EP05b. Dysentery  - Deaths,rCzvys285kN,"0-4Yrs, Male"
1762,HMIS108,HMIS 108 - IPD Monthly Report,EBqVAQRmiPm,Kg1shMvQg6L,EP05B,EP05b. Dysentery  - Deaths,fHgwVjoElmE,"5+Yrs, Female"
1761,HMIS108,HMIS 108 - IPD Monthly Report,EBqVAQRmiPm,Kg1shMvQg6L,EP05B,EP05b. Dysentery  - Deaths,ZgnHXnu30cI,"5+Yrs, Male"
1579,HMIS108,HMIS 108 - IPD Monthly Report,EBqVAQRmiPm,JqtIzFBoPP8,EP06A,EP06a. Guinea Worm  - Cases,rCzvys285kN,"0-4Yrs, Male"
1580,HMIS108,HMIS 108 - IPD Monthly Report,EBqVAQRmiPm,JqtIzFBoPP8,EP06A,EP06a. Guinea Worm  - Cases,VZrxjCi8cQi,"0-4Yrs, Female"
1582,HMIS108,HMIS 108 - IPD Monthly Report,EBqVAQRmiPm,JqtIzFBoPP8,EP06A,EP06a. Guinea Worm  - Cases,fHgwVjoElmE,"5+Yrs, Female"
1581,HMIS108,HMIS 108 - IPD Monthly Report,EBqVAQRmiPm,JqtIzFBoPP8,EP06A,EP06a. Guinea Worm  - Cases,ZgnHXnu30cI,"5+Yrs, Male"
777,HMIS108,HMIS 108 - IPD Monthly Report,EBqVAQRmiPm,kTNR0V38fJ1,EP06B,EP06b. Guinea Worm  - Deaths,VZrxjCi8cQi,"0-4Yrs, Female"
776,HMIS108,HMIS 108 - IPD Monthly Report,EBqVAQRmiPm,kTNR0V38fJ1,EP06B,EP06b. Guinea Worm  - Deaths,rCzvys285kN,"0-4Yrs, Male"
779,HMIS108,HMIS 108 - IPD Monthly Report,EBqVAQRmiPm,kTNR0V38fJ1,EP06B,EP06b. Guinea Worm  - Deaths,fHgwVjoElmE,"5+Yrs, Female"
778,HMIS108,HMIS 108 - IPD Monthly Report,EBqVAQRmiPm,kTNR0V38fJ1,EP06B,EP06b. Guinea Worm  - Deaths,ZgnHXnu30cI,"5+Yrs, Male"
3120,HMIS108,HMIS 108 - IPD Monthly Report,EBqVAQRmiPm,zKPIYeXkjwr,EP07A,EP07a. Measles  - Cases,ZgnHXnu30cI,"5+Yrs, Male"
3118,HMIS108,HMIS 108 - IPD Monthly Report,EBqVAQRmiPm,zKPIYeXkjwr,EP07A,EP07a. Measles  - Cases,rCzvys285kN,"0-4Yrs, Male"
3119,HMIS108,HMIS 108 - IPD Monthly Report,EBqVAQRmiPm,zKPIYeXkjwr,EP07A,EP07a. Measles  - Cases,VZrxjCi8cQi,"0-4Yrs, Female"
3121,HMIS108,HMIS 108 - IPD Monthly Report,EBqVAQRmiPm,zKPIYeXkjwr,EP07A,EP07a. Measles  - Cases,fHgwVjoElmE,"5+Yrs, Female"
2876,HMIS108,HMIS 108 - IPD Monthly Report,EBqVAQRmiPm,EazbwMgh0Z6,EP07B,EP07b. Measles  - Deaths,fHgwVjoElmE,"5+Yrs, Female"
2873,HMIS108,HMIS 108 - IPD Monthly Report,EBqVAQRmiPm,EazbwMgh0Z6,EP07B,EP07b. Measles  - Deaths,rCzvys285kN,"0-4Yrs, Male"
2874,HMIS108,HMIS 108 - IPD Monthly Report,EBqVAQRmiPm,EazbwMgh0Z6,EP07B,EP07b. Measles  - Deaths,VZrxjCi8cQi,"0-4Yrs, Female"
2875,HMIS108,HMIS 108 - IPD Monthly Report,EBqVAQRmiPm,EazbwMgh0Z6,EP07B,EP07b. Measles  - Deaths,ZgnHXnu30cI,"5+Yrs, Male"
3869,HMIS108,HMIS 108 - IPD Monthly Report,EBqVAQRmiPm,GK3g91KLHgN,EP08A,EP08a. Neonatal tetanus  - Cases,rCzvys285kN,"0-4Yrs, Male"
3870,HMIS108,HMIS 108 - IPD Monthly Report,EBqVAQRmiPm,GK3g91KLHgN,EP08A,EP08a. Neonatal tetanus  - Cases,VZrxjCi8cQi,"0-4Yrs, Female"
3871,HMIS108,HMIS 108 - IPD Monthly Report,EBqVAQRmiPm,GK3g91KLHgN,EP08A,EP08a. Neonatal tetanus  - Cases,ZgnHXnu30cI,"5+Yrs, Male"
3872,HMIS108,HMIS 108 - IPD Monthly Report,EBqVAQRmiPm,GK3g91KLHgN,EP08A,EP08a. Neonatal tetanus  - Cases,fHgwVjoElmE,"5+Yrs, Female"
2194,HMIS108,HMIS 108 - IPD Monthly Report,EBqVAQRmiPm,efqN7OkV44i,EP08B,EP08b. Neonatal tetanus  - Deaths,ZgnHXnu30cI,"5+Yrs, Male"
2192,HMIS108,HMIS 108 - IPD Monthly Report,EBqVAQRmiPm,efqN7OkV44i,EP08B,EP08b. Neonatal tetanus  - Deaths,rCzvys285kN,"0-4Yrs, Male"
2193,HMIS108,HMIS 108 - IPD Monthly Report,EBqVAQRmiPm,efqN7OkV44i,EP08B,EP08b. Neonatal tetanus  - Deaths,VZrxjCi8cQi,"0-4Yrs, Female"
2195,HMIS108,HMIS 108 - IPD Monthly Report,EBqVAQRmiPm,efqN7OkV44i,EP08B,EP08b. Neonatal tetanus  - Deaths,fHgwVjoElmE,"5+Yrs, Female"
351,HMIS108,HMIS 108 - IPD Monthly Report,EBqVAQRmiPm,JomcjLiimsZ,EP09A,EP09a. Plague  - Cases,rCzvys285kN,"0-4Yrs, Male"
353,HMIS108,HMIS 108 - IPD Monthly Report,EBqVAQRmiPm,JomcjLiimsZ,EP09A,EP09a. Plague  - Cases,ZgnHXnu30cI,"5+Yrs, Male"
352,HMIS108,HMIS 108 - IPD Monthly Report,EBqVAQRmiPm,JomcjLiimsZ,EP09A,EP09a. Plague  - Cases,VZrxjCi8cQi,"0-4Yrs, Female"
354,HMIS108,HMIS 108 - IPD Monthly Report,EBqVAQRmiPm,JomcjLiimsZ,EP09A,EP09a. Plague  - Cases,fHgwVjoElmE,"5+Yrs, Female"
4214,HMIS108,HMIS 108 - IPD Monthly Report,EBqVAQRmiPm,oGakFLvGSd3,EP09B,EP09b. Plague  - Deaths,rCzvys285kN,"0-4Yrs, Male"
4216,HMIS108,HMIS 108 - IPD Monthly Report,EBqVAQRmiPm,oGakFLvGSd3,EP09B,EP09b. Plague  - Deaths,ZgnHXnu30cI,"5+Yrs, Male"
4215,HMIS108,HMIS 108 - IPD Monthly Report,EBqVAQRmiPm,oGakFLvGSd3,EP09B,EP09b. Plague  - Deaths,VZrxjCi8cQi,"0-4Yrs, Female"
4217,HMIS108,HMIS 108 - IPD Monthly Report,EBqVAQRmiPm,oGakFLvGSd3,EP09B,EP09b. Plague  - Deaths,fHgwVjoElmE,"5+Yrs, Female"
2524,HMIS108,HMIS 108 - IPD Monthly Report,EBqVAQRmiPm,LNveKIXGpbN,EP10A,EP10a. Yellow Fever  - Cases,fHgwVjoElmE,"5+Yrs, Female"
2523,HMIS108,HMIS 108 - IPD Monthly Report,EBqVAQRmiPm,LNveKIXGpbN,EP10A,EP10a. Yellow Fever  - Cases,ZgnHXnu30cI,"5+Yrs, Male"
2522,HMIS108,HMIS 108 - IPD Monthly Report,EBqVAQRmiPm,LNveKIXGpbN,EP10A,EP10a. Yellow Fever  - Cases,VZrxjCi8cQi,"0-4Yrs, Female"
2521,HMIS108,HMIS 108 - IPD Monthly Report,EBqVAQRmiPm,LNveKIXGpbN,EP10A,EP10a. Yellow Fever  - Cases,rCzvys285kN,"0-4Yrs, Male"
3631,HMIS108,HMIS 108 - IPD Monthly Report,EBqVAQRmiPm,ZhNKESX1NRx,EP10B,EP10b. Yellow Fever  - Deaths,VZrxjCi8cQi,"0-4Yrs, Female"
3630,HMIS108,HMIS 108 - IPD Monthly Report,EBqVAQRmiPm,ZhNKESX1NRx,EP10B,EP10b. Yellow Fever  - Deaths,rCzvys285kN,"0-4Yrs, Male"
3633,HMIS108,HMIS 108 - IPD Monthly Report,EBqVAQRmiPm,ZhNKESX1NRx,EP10B,EP10b. Yellow Fever  - Deaths,fHgwVjoElmE,"5+Yrs, Female"
3632,HMIS108,HMIS 108 - IPD Monthly Report,EBqVAQRmiPm,ZhNKESX1NRx,EP10B,EP10b. Yellow Fever  - Deaths,ZgnHXnu30cI,"5+Yrs, Male"
299,HMIS108,HMIS 108 - IPD Monthly Report,EBqVAQRmiPm,hnKT07rI10V,EP18a,EP18a. Covid-19 - Cases,ZgnHXnu30cI,"5+Yrs, Male"
297,HMIS108,HMIS 108 - IPD Monthly Report,EBqVAQRmiPm,hnKT07rI10V,EP18a,EP18a. Covid-19 - Cases,rCzvys285kN,"0-4Yrs, Male"
298,HMIS108,HMIS 108 - IPD Monthly Report,EBqVAQRmiPm,hnKT07rI10V,EP18a,EP18a. Covid-19 - Cases,VZrxjCi8cQi,"0-4Yrs, Female"
300,HMIS108,HMIS 108 - IPD Monthly Report,EBqVAQRmiPm,hnKT07rI10V,EP18a,EP18a. Covid-19 - Cases,fHgwVjoElmE,"5+Yrs, Female"
3840,HMIS108,HMIS 108 - IPD Monthly Report,EBqVAQRmiPm,vEKh9XytYCC,EP18b,EP18b. Covid-19 - Deaths,VZrxjCi8cQi,"0-4Yrs, Female"
3839,HMIS108,HMIS 108 - IPD Monthly Report,EBqVAQRmiPm,vEKh9XytYCC,EP18b,EP18b. Covid-19 - Deaths,rCzvys285kN,"0-4Yrs, Male"
3841,HMIS108,HMIS 108 - IPD Monthly Report,EBqVAQRmiPm,vEKh9XytYCC,EP18b,EP18b. Covid-19 - Deaths,ZgnHXnu30cI,"5+Yrs, Male"
3842,HMIS108,HMIS 108 - IPD Monthly Report,EBqVAQRmiPm,vEKh9XytYCC,EP18b,EP18b. Covid-19 - Deaths,fHgwVjoElmE,"5+Yrs, Female"
3855,HMIS108,HMIS 108 - IPD Monthly Report,EBqVAQRmiPm,QvlggWB62I9,ES01,ES01. Thyroidectomy,HllvX50cXC0,default
524,HMIS108,HMIS 108 - IPD Monthly Report,EBqVAQRmiPm,opWJppbNZCF,ES02,ES02. Adrenalectomy,HllvX50cXC0,default
731,HMIS108,HMIS 108 - IPD Monthly Report,EBqVAQRmiPm,HOhljVgTvSL,ES03,ES03. Other endocrine surgery,HllvX50cXC0,default
2287,HMIS108,HMIS 108 - IPD Monthly Report,EBqVAQRmiPm,kBfGeUictzC,FG01,FG01. Barium swallow,fHgwVjoElmE,"5+Yrs, Female"
2285,HMIS108,HMIS 108 - IPD Monthly Report,EBqVAQRmiPm,kBfGeUictzC,FG01,FG01. Barium swallow,VZrxjCi8cQi,"0-4Yrs, Female"
2286,HMIS108,HMIS 108 - IPD Monthly Report,EBqVAQRmiPm,kBfGeUictzC,FG01,FG01. Barium swallow,ZgnHXnu30cI,"5+Yrs, Male"
2284,HMIS108,HMIS 108 - IPD Monthly Report,EBqVAQRmiPm,kBfGeUictzC,FG01,FG01. Barium swallow,rCzvys285kN,"0-4Yrs, Male"
91,HMIS108,HMIS 108 - IPD Monthly Report,EBqVAQRmiPm,YXiRy13J8ss,FG02,FG02. Barium meal,rCzvys285kN,"0-4Yrs, Male"
94,HMIS108,HMIS 108 - IPD Monthly Report,EBqVAQRmiPm,YXiRy13J8ss,FG02,FG02. Barium meal,fHgwVjoElmE,"5+Yrs, Female"
92,HMIS108,HMIS 108 - IPD Monthly Report,EBqVAQRmiPm,YXiRy13J8ss,FG02,FG02. Barium meal,VZrxjCi8cQi,"0-4Yrs, Female"
93,HMIS108,HMIS 108 - IPD Monthly Report,EBqVAQRmiPm,YXiRy13J8ss,FG02,FG02. Barium meal,ZgnHXnu30cI,"5+Yrs, Male"
2828,HMIS108,HMIS 108 - IPD Monthly Report,EBqVAQRmiPm,nfrl00O8GUa,FG03,FG03. Barium follow-through,rCzvys285kN,"0-4Yrs, Male"
2830,HMIS108,HMIS 108 - IPD Monthly Report,EBqVAQRmiPm,nfrl00O8GUa,FG03,FG03. Barium follow-through,ZgnHXnu30cI,"5+Yrs, Male"
2831,HMIS108,HMIS 108 - IPD Monthly Report,EBqVAQRmiPm,nfrl00O8GUa,FG03,FG03. Barium follow-through,fHgwVjoElmE,"5+Yrs, Female"
2829,HMIS108,HMIS 108 - IPD Monthly Report,EBqVAQRmiPm,nfrl00O8GUa,FG03,FG03. Barium follow-through,VZrxjCi8cQi,"0-4Yrs, Female"
2143,HMIS108,HMIS 108 - IPD Monthly Report,EBqVAQRmiPm,zaHYBIpnntL,FG04,FG04. Small bowel enema,VZrxjCi8cQi,"0-4Yrs, Female"
2142,HMIS108,HMIS 108 - IPD Monthly Report,EBqVAQRmiPm,zaHYBIpnntL,FG04,FG04. Small bowel enema,rCzvys285kN,"0-4Yrs, Male"
2144,HMIS108,HMIS 108 - IPD Monthly Report,EBqVAQRmiPm,zaHYBIpnntL,FG04,FG04. Small bowel enema,ZgnHXnu30cI,"5+Yrs, Male"
2145,HMIS108,HMIS 108 - IPD Monthly Report,EBqVAQRmiPm,zaHYBIpnntL,FG04,FG04. Small bowel enema,fHgwVjoElmE,"5+Yrs, Female"
3913,HMIS108,HMIS 108 - IPD Monthly Report,EBqVAQRmiPm,QvZxMe5I0xh,FG05,FG05. Barium enema,VZrxjCi8cQi,"0-4Yrs, Female"
3915,HMIS108,HMIS 108 - IPD Monthly Report,EBqVAQRmiPm,QvZxMe5I0xh,FG05,FG05. Barium enema,fHgwVjoElmE,"5+Yrs, Female"
3914,HMIS108,HMIS 108 - IPD Monthly Report,EBqVAQRmiPm,QvZxMe5I0xh,FG05,FG05. Barium enema,ZgnHXnu30cI,"5+Yrs, Male"
3912,HMIS108,HMIS 108 - IPD Monthly Report,EBqVAQRmiPm,QvZxMe5I0xh,FG05,FG05. Barium enema,rCzvys285kN,"0-4Yrs, Male"
2766,HMIS108,HMIS 108 - IPD Monthly Report,EBqVAQRmiPm,PIySVhx6DJS,FG06,FG06. The 'instant' enema,VZrxjCi8cQi,"0-4Yrs, Female"
2768,HMIS108,HMIS 108 - IPD Monthly Report,EBqVAQRmiPm,PIySVhx6DJS,FG06,FG06. The 'instant' enema,fHgwVjoElmE,"5+Yrs, Female"
2767,HMIS108,HMIS 108 - IPD Monthly Report,EBqVAQRmiPm,PIySVhx6DJS,FG06,FG06. The 'instant' enema,ZgnHXnu30cI,"5+Yrs, Male"
2765,HMIS108,HMIS 108 - IPD Monthly Report,EBqVAQRmiPm,PIySVhx6DJS,FG06,FG06. The 'instant' enema,rCzvys285kN,"0-4Yrs, Male"
1513,HMIS108,HMIS 108 - IPD Monthly Report,EBqVAQRmiPm,uLEwmtgKXMi,FG07,FG07. Sonogram/ Fistulogram,ZgnHXnu30cI,"5+Yrs, Male"
1511,HMIS108,HMIS 108 - IPD Monthly Report,EBqVAQRmiPm,uLEwmtgKXMi,FG07,FG07. Sonogram/ Fistulogram,rCzvys285kN,"0-4Yrs, Male"
1512,HMIS108,HMIS 108 - IPD Monthly Report,EBqVAQRmiPm,uLEwmtgKXMi,FG07,FG07. Sonogram/ Fistulogram,VZrxjCi8cQi,"0-4Yrs, Female"
1514,HMIS108,HMIS 108 - IPD Monthly Report,EBqVAQRmiPm,uLEwmtgKXMi,FG07,FG07. Sonogram/ Fistulogram,fHgwVjoElmE,"5+Yrs, Female"
1233,HMIS108,HMIS 108 - IPD Monthly Report,EBqVAQRmiPm,ftI4unKDI8y,FG08,FG08. Loopogram/ Colostogram,VZrxjCi8cQi,"0-4Yrs, Female"
1232,HMIS108,HMIS 108 - IPD Monthly Report,EBqVAQRmiPm,ftI4unKDI8y,FG08,FG08. Loopogram/ Colostogram,rCzvys285kN,"0-4Yrs, Male"
1235,HMIS108,HMIS 108 - IPD Monthly Report,EBqVAQRmiPm,ftI4unKDI8y,FG08,FG08. Loopogram/ Colostogram,fHgwVjoElmE,"5+Yrs, Female"
1234,HMIS108,HMIS 108 - IPD Monthly Report,EBqVAQRmiPm,ftI4unKDI8y,FG08,FG08. Loopogram/ Colostogram,ZgnHXnu30cI,"5+Yrs, Male"
350,HMIS108,HMIS 108 - IPD Monthly Report,EBqVAQRmiPm,bRhyUH8NBNb,FG09,"FG09. Others specify; Balloon dialatation of Oesophageal strictures, Intussusception reduction",fHgwVjoElmE,"5+Yrs, Female"
349,HMIS108,HMIS 108 - IPD Monthly Report,EBqVAQRmiPm,bRhyUH8NBNb,FG09,"FG09. Others specify; Balloon dialatation of Oesophageal strictures, Intussusception reduction",ZgnHXnu30cI,"5+Yrs, Male"
348,HMIS108,HMIS 108 - IPD Monthly Report,EBqVAQRmiPm,bRhyUH8NBNb,FG09,"FG09. Others specify; Balloon dialatation of Oesophageal strictures, Intussusception reduction",VZrxjCi8cQi,"0-4Yrs, Female"
347,HMIS108,HMIS 108 - IPD Monthly Report,EBqVAQRmiPm,bRhyUH8NBNb,FG09,"FG09. Others specify; Balloon dialatation of Oesophageal strictures, Intussusception reduction",rCzvys285kN,"0-4Yrs, Male"
1955,HMIS108,HMIS 108 - IPD Monthly Report,EBqVAQRmiPm,ywWQTpGVgfY,GC01,GC01a. Pelvic Inflammatory Disease (PID)  - Cases,dqUlEsSUs8w,"20-24Yrs"
1953,HMIS108,HMIS 108 - IPD Monthly Report,EBqVAQRmiPm,ywWQTpGVgfY,GC01,GC01a. Pelvic Inflammatory Disease (PID)  - Cases,Kq56swi3KAi,"10-14Yrs"
1954,HMIS108,HMIS 108 - IPD Monthly Report,EBqVAQRmiPm,ywWQTpGVgfY,GC01,GC01a. Pelvic Inflammatory Disease (PID)  - Cases,oVc5PtW8IsH,"15-19Yrs"
1956,HMIS108,HMIS 108 - IPD Monthly Report,EBqVAQRmiPm,ywWQTpGVgfY,GC01,GC01a. Pelvic Inflammatory Disease (PID)  - Cases,xgiuSKF9lKY,"25-49Yrs"
1957,HMIS108,HMIS 108 - IPD Monthly Report,EBqVAQRmiPm,ywWQTpGVgfY,GC01,GC01a. Pelvic Inflammatory Disease (PID)  - Cases,WQ8FzlyAWIM,"50+Yrs"
1155,HMIS108,HMIS 108 - IPD Monthly Report,EBqVAQRmiPm,LO7YR6ZoUju,GC01A,GC01a. Other Gynaecological conditions  - Cases,xgiuSKF9lKY,"25-49Yrs"
1154,HMIS108,HMIS 108 - IPD Monthly Report,EBqVAQRmiPm,LO7YR6ZoUju,GC01A,GC01a. Other Gynaecological conditions  - Cases,dqUlEsSUs8w,"20-24Yrs"
1153,HMIS108,HMIS 108 - IPD Monthly Report,EBqVAQRmiPm,LO7YR6ZoUju,GC01A,GC01a. Other Gynaecological conditions  - Cases,oVc5PtW8IsH,"15-19Yrs"
1152,HMIS108,HMIS 108 - IPD Monthly Report,EBqVAQRmiPm,LO7YR6ZoUju,GC01A,GC01a. Other Gynaecological conditions  - Cases,Kq56swi3KAi,"10-14Yrs"
1156,HMIS108,HMIS 108 - IPD Monthly Report,EBqVAQRmiPm,LO7YR6ZoUju,GC01A,GC01a. Other Gynaecological conditions  - Cases,WQ8FzlyAWIM,"50+Yrs"
18,HMIS108,HMIS 108 - IPD Monthly Report,EBqVAQRmiPm,gJeXUZ3dpma,GC01B,GC01b. Pelvic Inflammatory Disease (PID)  - Deaths,WQ8FzlyAWIM,"50+Yrs"
16,HMIS108,HMIS 108 - IPD Monthly Report,EBqVAQRmiPm,gJeXUZ3dpma,GC01B,GC01b. Pelvic Inflammatory Disease (PID)  - Deaths,dqUlEsSUs8w,"20-24Yrs"
15,HMIS108,HMIS 108 - IPD Monthly Report,EBqVAQRmiPm,gJeXUZ3dpma,GC01B,GC01b. Pelvic Inflammatory Disease (PID)  - Deaths,oVc5PtW8IsH,"15-19Yrs"
14,HMIS108,HMIS 108 - IPD Monthly Report,EBqVAQRmiPm,gJeXUZ3dpma,GC01B,GC01b. Pelvic Inflammatory Disease (PID)  - Deaths,Kq56swi3KAi,"10-14Yrs"
17,HMIS108,HMIS 108 - IPD Monthly Report,EBqVAQRmiPm,gJeXUZ3dpma,GC01B,GC01b. Pelvic Inflammatory Disease (PID)  - Deaths,xgiuSKF9lKY,"25-49Yrs"
2674,HMIS108,HMIS 108 - IPD Monthly Report,EBqVAQRmiPm,C1xDbL0qtLC,GC02A,GC02a. Uterine Fibroids  - Cases,oVc5PtW8IsH,"15-19Yrs"
2676,HMIS108,HMIS 108 - IPD Monthly Report,EBqVAQRmiPm,C1xDbL0qtLC,GC02A,GC02a. Uterine Fibroids  - Cases,xgiuSKF9lKY,"25-49Yrs"
2673,HMIS108,HMIS 108 - IPD Monthly Report,EBqVAQRmiPm,C1xDbL0qtLC,GC02A,GC02a. Uterine Fibroids  - Cases,Kq56swi3KAi,"10-14Yrs"
2675,HMIS108,HMIS 108 - IPD Monthly Report,EBqVAQRmiPm,C1xDbL0qtLC,GC02A,GC02a. Uterine Fibroids  - Cases,dqUlEsSUs8w,"20-24Yrs"
2677,HMIS108,HMIS 108 - IPD Monthly Report,EBqVAQRmiPm,C1xDbL0qtLC,GC02A,GC02a. Uterine Fibroids  - Cases,WQ8FzlyAWIM,"50+Yrs"
2116,HMIS108,HMIS 108 - IPD Monthly Report,EBqVAQRmiPm,qwPxn9Worvq,GC02B,GC02b. Uterine Fibroids  - Deaths,Kq56swi3KAi,"10-14Yrs"
2118,HMIS108,HMIS 108 - IPD Monthly Report,EBqVAQRmiPm,qwPxn9Worvq,GC02B,GC02b. Uterine Fibroids  - Deaths,dqUlEsSUs8w,"20-24Yrs"
2117,HMIS108,HMIS 108 - IPD Monthly Report,EBqVAQRmiPm,qwPxn9Worvq,GC02B,GC02b. Uterine Fibroids  - Deaths,oVc5PtW8IsH,"15-19Yrs"
2120,HMIS108,HMIS 108 - IPD Monthly Report,EBqVAQRmiPm,qwPxn9Worvq,GC02B,GC02b. Uterine Fibroids  - Deaths,WQ8FzlyAWIM,"50+Yrs"
2119,HMIS108,HMIS 108 - IPD Monthly Report,EBqVAQRmiPm,qwPxn9Worvq,GC02B,GC02b. Uterine Fibroids  - Deaths,xgiuSKF9lKY,"25-49Yrs"
861,HMIS108,HMIS 108 - IPD Monthly Report,EBqVAQRmiPm,afhCurNrWoD,GC03a_2019,GC03a_2019. Cancer of the breast (Cases),xgiuSKF9lKY,"25-49Yrs"
858,HMIS108,HMIS 108 - IPD Monthly Report,EBqVAQRmiPm,afhCurNrWoD,GC03a_2019,GC03a_2019. Cancer of the breast (Cases),Kq56swi3KAi,"10-14Yrs"
859,HMIS108,HMIS 108 - IPD Monthly Report,EBqVAQRmiPm,afhCurNrWoD,GC03a_2019,GC03a_2019. Cancer of the breast (Cases),oVc5PtW8IsH,"15-19Yrs"
860,HMIS108,HMIS 108 - IPD Monthly Report,EBqVAQRmiPm,afhCurNrWoD,GC03a_2019,GC03a_2019. Cancer of the breast (Cases),dqUlEsSUs8w,"20-24Yrs"
862,HMIS108,HMIS 108 - IPD Monthly Report,EBqVAQRmiPm,afhCurNrWoD,GC03a_2019,GC03a_2019. Cancer of the breast (Cases),WQ8FzlyAWIM,"50+Yrs"
3907,HMIS108,HMIS 108 - IPD Monthly Report,EBqVAQRmiPm,yL8Pr1clayW,GC03B,GC03b. Other Gynaecological conditions  - Deaths,WQ8FzlyAWIM,"50+Yrs"
3903,HMIS108,HMIS 108 - IPD Monthly Report,EBqVAQRmiPm,yL8Pr1clayW,GC03B,GC03b. Other Gynaecological conditions  - Deaths,Kq56swi3KAi,"10-14Yrs"
3904,HMIS108,HMIS 108 - IPD Monthly Report,EBqVAQRmiPm,yL8Pr1clayW,GC03B,GC03b. Other Gynaecological conditions  - Deaths,oVc5PtW8IsH,"15-19Yrs"
3905,HMIS108,HMIS 108 - IPD Monthly Report,EBqVAQRmiPm,yL8Pr1clayW,GC03B,GC03b. Other Gynaecological conditions  - Deaths,dqUlEsSUs8w,"20-24Yrs"
3906,HMIS108,HMIS 108 - IPD Monthly Report,EBqVAQRmiPm,yL8Pr1clayW,GC03B,GC03b. Other Gynaecological conditions  - Deaths,xgiuSKF9lKY,"25-49Yrs"
951,HMIS108,HMIS 108 - IPD Monthly Report,EBqVAQRmiPm,GgegJ0u8RNy,GC03b_2019,GC03b_2019. Cancer of the breast (Deaths),Kq56swi3KAi,"10-14Yrs"
954,HMIS108,HMIS 108 - IPD Monthly Report,EBqVAQRmiPm,GgegJ0u8RNy,GC03b_2019,GC03b_2019. Cancer of the breast (Deaths),xgiuSKF9lKY,"25-49Yrs"
955,HMIS108,HMIS 108 - IPD Monthly Report,EBqVAQRmiPm,GgegJ0u8RNy,GC03b_2019,GC03b_2019. Cancer of the breast (Deaths),WQ8FzlyAWIM,"50+Yrs"
953,HMIS108,HMIS 108 - IPD Monthly Report,EBqVAQRmiPm,GgegJ0u8RNy,GC03b_2019,GC03b_2019. Cancer of the breast (Deaths),dqUlEsSUs8w,"20-24Yrs"
952,HMIS108,HMIS 108 - IPD Monthly Report,EBqVAQRmiPm,GgegJ0u8RNy,GC03b_2019,GC03b_2019. Cancer of the breast (Deaths),oVc5PtW8IsH,"15-19Yrs"
4202,HMIS108,HMIS 108 - IPD Monthly Report,EBqVAQRmiPm,NmuVqacmasa,GC19A,CA19a. Ovarian cancer  - Cases,C9j1R3XeUB3,"15-17 Yrs, Female"
4201,HMIS108,HMIS 108 - IPD Monthly Report,EBqVAQRmiPm,NmuVqacmasa,GC19A,CA19a. Ovarian cancer  - Cases,zLX9lB6eIHI,"15-17 Yrs, Male"
4200,HMIS108,HMIS 108 - IPD Monthly Report,EBqVAQRmiPm,NmuVqacmasa,GC19A,CA19a. Ovarian cancer  - Cases,yWdrn6SiVZ9,"0-14Yrs, Female"
4199,HMIS108,HMIS 108 - IPD Monthly Report,EBqVAQRmiPm,NmuVqacmasa,GC19A,CA19a. Ovarian cancer  - Cases,yabsZCXTQRM,"0-14Yrs, Male"
4207,HMIS108,HMIS 108 - IPD Monthly Report,EBqVAQRmiPm,NmuVqacmasa,GC19A,CA19a. Ovarian cancer  - Cases,rU0HnmI7P8S,"65+Yrs, Male"
4208,HMIS108,HMIS 108 - IPD Monthly Report,EBqVAQRmiPm,NmuVqacmasa,GC19A,CA19a. Ovarian cancer  - Cases,pfXBcPz6khi,"65+Yrs, Female"
4209,HMIS108,HMIS 108 - IPD Monthly Report,EBqVAQRmiPm,NmuVqacmasa,GC19A,CA19a. Ovarian cancer  - Cases,Kq56swi3KAi,"10-14Yrs"
4210,HMIS108,HMIS 108 - IPD Monthly Report,EBqVAQRmiPm,NmuVqacmasa,GC19A,CA19a. Ovarian cancer  - Cases,oVc5PtW8IsH,"15-19Yrs"
4211,HMIS108,HMIS 108 - IPD Monthly Report,EBqVAQRmiPm,NmuVqacmasa,GC19A,CA19a. Ovarian cancer  - Cases,dqUlEsSUs8w,"20-24Yrs"
4212,HMIS108,HMIS 108 - IPD Monthly Report,EBqVAQRmiPm,NmuVqacmasa,GC19A,CA19a. Ovarian cancer  - Cases,xgiuSKF9lKY,"25-49Yrs"
4213,HMIS108,HMIS 108 - IPD Monthly Report,EBqVAQRmiPm,NmuVqacmasa,GC19A,CA19a. Ovarian cancer  - Cases,WQ8FzlyAWIM,"50+Yrs"
4206,HMIS108,HMIS 108 - IPD Monthly Report,EBqVAQRmiPm,NmuVqacmasa,GC19A,CA19a. Ovarian cancer  - Cases,Mv9SNsGCT5e,"40-64 Yrs, Female"
4205,HMIS108,HMIS 108 - IPD Monthly Report,EBqVAQRmiPm,NmuVqacmasa,GC19A,CA19a. Ovarian cancer  - Cases,tD3pn44uScE,"40-64 Yrs, Male"
4204,HMIS108,HMIS 108 - IPD Monthly Report,EBqVAQRmiPm,NmuVqacmasa,GC19A,CA19a. Ovarian cancer  - Cases,JqdVRiI92bd,"18-39 Yrs, Female"
4203,HMIS108,HMIS 108 - IPD Monthly Report,EBqVAQRmiPm,NmuVqacmasa,GC19A,CA19a. Ovarian cancer  - Cases,sBvVzuUN7ty,"18-39 Yrs, Male"
3835,HMIS108,HMIS 108 - IPD Monthly Report,EBqVAQRmiPm,w4H7WVVREEz,GD01A,GD01a. Abdominal Pain  - Cases,rCzvys285kN,"0-4Yrs, Male"
3838,HMIS108,HMIS 108 - IPD Monthly Report,EBqVAQRmiPm,w4H7WVVREEz,GD01A,GD01a. Abdominal Pain  - Cases,fHgwVjoElmE,"5+Yrs, Female"
3837,HMIS108,HMIS 108 - IPD Monthly Report,EBqVAQRmiPm,w4H7WVVREEz,GD01A,GD01a. Abdominal Pain  - Cases,ZgnHXnu30cI,"5+Yrs, Male"
3836,HMIS108,HMIS 108 - IPD Monthly Report,EBqVAQRmiPm,w4H7WVVREEz,GD01A,GD01a. Abdominal Pain  - Cases,VZrxjCi8cQi,"0-4Yrs, Female"
2704,HMIS108,HMIS 108 - IPD Monthly Report,EBqVAQRmiPm,YORxNe7szgK,GD01B,GD01b. Abdominal Pain  - Deaths,ZgnHXnu30cI,"5+Yrs, Male"
2705,HMIS108,HMIS 108 - IPD Monthly Report,EBqVAQRmiPm,YORxNe7szgK,GD01B,GD01b. Abdominal Pain  - Deaths,fHgwVjoElmE,"5+Yrs, Female"
2702,HMIS108,HMIS 108 - IPD Monthly Report,EBqVAQRmiPm,YORxNe7szgK,GD01B,GD01b. Abdominal Pain  - Deaths,rCzvys285kN,"0-4Yrs, Male"
2703,HMIS108,HMIS 108 - IPD Monthly Report,EBqVAQRmiPm,YORxNe7szgK,GD01B,GD01b. Abdominal Pain  - Deaths,VZrxjCi8cQi,"0-4Yrs, Female"
1820,HMIS108,HMIS 108 - IPD Monthly Report,EBqVAQRmiPm,Qbg55H2iUnL,GD02A,GD02a. Intususception  - Cases,VZrxjCi8cQi,"0-4Yrs, Female"
1821,HMIS108,HMIS 108 - IPD Monthly Report,EBqVAQRmiPm,Qbg55H2iUnL,GD02A,GD02a. Intususception  - Cases,ZgnHXnu30cI,"5+Yrs, Male"
1822,HMIS108,HMIS 108 - IPD Monthly Report,EBqVAQRmiPm,Qbg55H2iUnL,GD02A,GD02a. Intususception  - Cases,fHgwVjoElmE,"5+Yrs, Female"
1819,HMIS108,HMIS 108 - IPD Monthly Report,EBqVAQRmiPm,Qbg55H2iUnL,GD02A,GD02a. Intususception  - Cases,rCzvys285kN,"0-4Yrs, Male"
3182,HMIS108,HMIS 108 - IPD Monthly Report,EBqVAQRmiPm,CfD5IYqRbAe,GD02B,GD02b. Intususception  - Deaths,VZrxjCi8cQi,"0-4Yrs, Female"
3181,HMIS108,HMIS 108 - IPD Monthly Report,EBqVAQRmiPm,CfD5IYqRbAe,GD02B,GD02b. Intususception  - Deaths,rCzvys285kN,"0-4Yrs, Male"
3183,HMIS108,HMIS 108 - IPD Monthly Report,EBqVAQRmiPm,CfD5IYqRbAe,GD02B,GD02b. Intususception  - Deaths,ZgnHXnu30cI,"5+Yrs, Male"
3184,HMIS108,HMIS 108 - IPD Monthly Report,EBqVAQRmiPm,CfD5IYqRbAe,GD02B,GD02b. Intususception  - Deaths,fHgwVjoElmE,"5+Yrs, Female"
3779,HMIS108,HMIS 108 - IPD Monthly Report,EBqVAQRmiPm,PEyVc0YGi3F,GD03A,GD03a. Peptic Ulcer Disease  - Cases,rCzvys285kN,"0-4Yrs, Male"
3780,HMIS108,HMIS 108 - IPD Monthly Report,EBqVAQRmiPm,PEyVc0YGi3F,GD03A,GD03a. Peptic Ulcer Disease  - Cases,VZrxjCi8cQi,"0-4Yrs, Female"
3781,HMIS108,HMIS 108 - IPD Monthly Report,EBqVAQRmiPm,PEyVc0YGi3F,GD03A,GD03a. Peptic Ulcer Disease  - Cases,ZgnHXnu30cI,"5+Yrs, Male"
3782,HMIS108,HMIS 108 - IPD Monthly Report,EBqVAQRmiPm,PEyVc0YGi3F,GD03A,GD03a. Peptic Ulcer Disease  - Cases,fHgwVjoElmE,"5+Yrs, Female"
2490,HMIS108,HMIS 108 - IPD Monthly Report,EBqVAQRmiPm,Sa8LzYtZvy6,GD03B,GD03b. Peptic Ulcer Disease  - Deaths,VZrxjCi8cQi,"0-4Yrs, Female"
2491,HMIS108,HMIS 108 - IPD Monthly Report,EBqVAQRmiPm,Sa8LzYtZvy6,GD03B,GD03b. Peptic Ulcer Disease  - Deaths,ZgnHXnu30cI,"5+Yrs, Male"
2492,HMIS108,HMIS 108 - IPD Monthly Report,EBqVAQRmiPm,Sa8LzYtZvy6,GD03B,GD03b. Peptic Ulcer Disease  - Deaths,fHgwVjoElmE,"5+Yrs, Female"
2489,HMIS108,HMIS 108 - IPD Monthly Report,EBqVAQRmiPm,Sa8LzYtZvy6,GD03B,GD03b. Peptic Ulcer Disease  - Deaths,rCzvys285kN,"0-4Yrs, Male"
1878,HMIS108,HMIS 108 - IPD Monthly Report,EBqVAQRmiPm,wPibKro0oHZ,GD04A,GD04a. Gastro-esophageal reflux disease (GERD)  - Cases,fHgwVjoElmE,"5+Yrs, Female"
1877,HMIS108,HMIS 108 - IPD Monthly Report,EBqVAQRmiPm,wPibKro0oHZ,GD04A,GD04a. Gastro-esophageal reflux disease (GERD)  - Cases,ZgnHXnu30cI,"5+Yrs, Male"
1876,HMIS108,HMIS 108 - IPD Monthly Report,EBqVAQRmiPm,wPibKro0oHZ,GD04A,GD04a. Gastro-esophageal reflux disease (GERD)  - Cases,VZrxjCi8cQi,"0-4Yrs, Female"
1875,HMIS108,HMIS 108 - IPD Monthly Report,EBqVAQRmiPm,wPibKro0oHZ,GD04A,GD04a. Gastro-esophageal reflux disease (GERD)  - Cases,rCzvys285kN,"0-4Yrs, Male"
344,HMIS108,HMIS 108 - IPD Monthly Report,EBqVAQRmiPm,lf3vYXro500,GD04B,GD04b. Gastro-esophageal reflux disease (GERD)  - Deaths,ZgnHXnu30cI,"5+Yrs, Male"
343,HMIS108,HMIS 108 - IPD Monthly Report,EBqVAQRmiPm,lf3vYXro500,GD04B,GD04b. Gastro-esophageal reflux disease (GERD)  - Deaths,VZrxjCi8cQi,"0-4Yrs, Female"
342,HMIS108,HMIS 108 - IPD Monthly Report,EBqVAQRmiPm,lf3vYXro500,GD04B,GD04b. Gastro-esophageal reflux disease (GERD)  - Deaths,rCzvys285kN,"0-4Yrs, Male"
345,HMIS108,HMIS 108 - IPD Monthly Report,EBqVAQRmiPm,lf3vYXro500,GD04B,GD04b. Gastro-esophageal reflux disease (GERD)  - Deaths,fHgwVjoElmE,"5+Yrs, Female"
3716,HMIS108,HMIS 108 - IPD Monthly Report,EBqVAQRmiPm,XBb2jUyTZKR,GD05A,GD05a. Chronic Liver Disease  - Cases,VZrxjCi8cQi,"0-4Yrs, Female"
3717,HMIS108,HMIS 108 - IPD Monthly Report,EBqVAQRmiPm,XBb2jUyTZKR,GD05A,GD05a. Chronic Liver Disease  - Cases,ZgnHXnu30cI,"5+Yrs, Male"
3718,HMIS108,HMIS 108 - IPD Monthly Report,EBqVAQRmiPm,XBb2jUyTZKR,GD05A,GD05a. Chronic Liver Disease  - Cases,fHgwVjoElmE,"5+Yrs, Female"
3715,HMIS108,HMIS 108 - IPD Monthly Report,EBqVAQRmiPm,XBb2jUyTZKR,GD05A,GD05a. Chronic Liver Disease  - Cases,rCzvys285kN,"0-4Yrs, Male"
2094,HMIS108,HMIS 108 - IPD Monthly Report,EBqVAQRmiPm,gy9BLxScR4w,GD05B,GD05b. Chronic Liver Disease  - Deaths,ZgnHXnu30cI,"5+Yrs, Male"
2095,HMIS108,HMIS 108 - IPD Monthly Report,EBqVAQRmiPm,gy9BLxScR4w,GD05B,GD05b. Chronic Liver Disease  - Deaths,fHgwVjoElmE,"5+Yrs, Female"
2093,HMIS108,HMIS 108 - IPD Monthly Report,EBqVAQRmiPm,gy9BLxScR4w,GD05B,GD05b. Chronic Liver Disease  - Deaths,VZrxjCi8cQi,"0-4Yrs, Female"
2092,HMIS108,HMIS 108 - IPD Monthly Report,EBqVAQRmiPm,gy9BLxScR4w,GD05B,GD05b. Chronic Liver Disease  - Deaths,rCzvys285kN,"0-4Yrs, Male"
2320,HMIS108,HMIS 108 - IPD Monthly Report,EBqVAQRmiPm,VQyGSllecX0,GD06A,GD06a. Acute Hepatitis  - Cases,rCzvys285kN,"0-4Yrs, Male"
2322,HMIS108,HMIS 108 - IPD Monthly Report,EBqVAQRmiPm,VQyGSllecX0,GD06A,GD06a. Acute Hepatitis  - Cases,ZgnHXnu30cI,"5+Yrs, Male"
2323,HMIS108,HMIS 108 - IPD Monthly Report,EBqVAQRmiPm,VQyGSllecX0,GD06A,GD06a. Acute Hepatitis  - Cases,fHgwVjoElmE,"5+Yrs, Female"
2321,HMIS108,HMIS 108 - IPD Monthly Report,EBqVAQRmiPm,VQyGSllecX0,GD06A,GD06a. Acute Hepatitis  - Cases,VZrxjCi8cQi,"0-4Yrs, Female"
1651,HMIS108,HMIS 108 - IPD Monthly Report,EBqVAQRmiPm,l5o7Uxq3GkZ,GD06B,GD06b. Acute Hepatitis  - Deaths,VZrxjCi8cQi,"0-4Yrs, Female"
1653,HMIS108,HMIS 108 - IPD Monthly Report,EBqVAQRmiPm,l5o7Uxq3GkZ,GD06B,GD06b. Acute Hepatitis  - Deaths,fHgwVjoElmE,"5+Yrs, Female"
1652,HMIS108,HMIS 108 - IPD Monthly Report,EBqVAQRmiPm,l5o7Uxq3GkZ,GD06B,GD06b. Acute Hepatitis  - Deaths,ZgnHXnu30cI,"5+Yrs, Male"
1650,HMIS108,HMIS 108 - IPD Monthly Report,EBqVAQRmiPm,l5o7Uxq3GkZ,GD06B,GD06b. Acute Hepatitis  - Deaths,rCzvys285kN,"0-4Yrs, Male"
1646,HMIS108,HMIS 108 - IPD Monthly Report,EBqVAQRmiPm,tn8XK61Cswx,GD07A,GD07a. Irritable Bowel Syndrome  - Cases,rCzvys285kN,"0-4Yrs, Male"
1649,HMIS108,HMIS 108 - IPD Monthly Report,EBqVAQRmiPm,tn8XK61Cswx,GD07A,GD07a. Irritable Bowel Syndrome  - Cases,fHgwVjoElmE,"5+Yrs, Female"
1647,HMIS108,HMIS 108 - IPD Monthly Report,EBqVAQRmiPm,tn8XK61Cswx,GD07A,GD07a. Irritable Bowel Syndrome  - Cases,VZrxjCi8cQi,"0-4Yrs, Female"
1648,HMIS108,HMIS 108 - IPD Monthly Report,EBqVAQRmiPm,tn8XK61Cswx,GD07A,GD07a. Irritable Bowel Syndrome  - Cases,ZgnHXnu30cI,"5+Yrs, Male"
2794,HMIS108,HMIS 108 - IPD Monthly Report,EBqVAQRmiPm,aA8oVJK06Ao,GD07B,GD07b. Irritable Bowel Syndrome  - Deaths,ZgnHXnu30cI,"5+Yrs, Male"
2793,HMIS108,HMIS 108 - IPD Monthly Report,EBqVAQRmiPm,aA8oVJK06Ao,GD07B,GD07b. Irritable Bowel Syndrome  - Deaths,VZrxjCi8cQi,"0-4Yrs, Female"
2792,HMIS108,HMIS 108 - IPD Monthly Report,EBqVAQRmiPm,aA8oVJK06Ao,GD07B,GD07b. Irritable Bowel Syndrome  - Deaths,rCzvys285kN,"0-4Yrs, Male"
2795,HMIS108,HMIS 108 - IPD Monthly Report,EBqVAQRmiPm,aA8oVJK06Ao,GD07B,GD07b. Irritable Bowel Syndrome  - Deaths,fHgwVjoElmE,"5+Yrs, Female"
3646,HMIS108,HMIS 108 - IPD Monthly Report,EBqVAQRmiPm,V5uah2b1hVc,GD08A,GD08a. Liver Cirrhosis  - Cases,rCzvys285kN,"0-4Yrs, Male"
3648,HMIS108,HMIS 108 - IPD Monthly Report,EBqVAQRmiPm,V5uah2b1hVc,GD08A,GD08a. Liver Cirrhosis  - Cases,ZgnHXnu30cI,"5+Yrs, Male"
3649,HMIS108,HMIS 108 - IPD Monthly Report,EBqVAQRmiPm,V5uah2b1hVc,GD08A,GD08a. Liver Cirrhosis  - Cases,fHgwVjoElmE,"5+Yrs, Female"
3647,HMIS108,HMIS 108 - IPD Monthly Report,EBqVAQRmiPm,V5uah2b1hVc,GD08A,GD08a. Liver Cirrhosis  - Cases,VZrxjCi8cQi,"0-4Yrs, Female"
302,HMIS108,HMIS 108 - IPD Monthly Report,EBqVAQRmiPm,N3604UVj1de,GD08B,GD08b. Liver Cirrhosis  - Deaths,VZrxjCi8cQi,"0-4Yrs, Female"
303,HMIS108,HMIS 108 - IPD Monthly Report,EBqVAQRmiPm,N3604UVj1de,GD08B,GD08b. Liver Cirrhosis  - Deaths,ZgnHXnu30cI,"5+Yrs, Male"
304,HMIS108,HMIS 108 - IPD Monthly Report,EBqVAQRmiPm,N3604UVj1de,GD08B,GD08b. Liver Cirrhosis  - Deaths,fHgwVjoElmE,"5+Yrs, Female"
301,HMIS108,HMIS 108 - IPD Monthly Report,EBqVAQRmiPm,N3604UVj1de,GD08B,GD08b. Liver Cirrhosis  - Deaths,rCzvys285kN,"0-4Yrs, Male"
3173,HMIS108,HMIS 108 - IPD Monthly Report,EBqVAQRmiPm,Thf0ZKIMjjs,GD09A,GD09a. Varices (oesophageal or gastric)  - Cases,VZrxjCi8cQi,"0-4Yrs, Female"
3172,HMIS108,HMIS 108 - IPD Monthly Report,EBqVAQRmiPm,Thf0ZKIMjjs,GD09A,GD09a. Varices (oesophageal or gastric)  - Cases,rCzvys285kN,"0-4Yrs, Male"
3175,HMIS108,HMIS 108 - IPD Monthly Report,EBqVAQRmiPm,Thf0ZKIMjjs,GD09A,GD09a. Varices (oesophageal or gastric)  - Cases,fHgwVjoElmE,"5+Yrs, Female"
3174,HMIS108,HMIS 108 - IPD Monthly Report,EBqVAQRmiPm,Thf0ZKIMjjs,GD09A,GD09a. Varices (oesophageal or gastric)  - Cases,ZgnHXnu30cI,"5+Yrs, Male"
38,HMIS108,HMIS 108 - IPD Monthly Report,EBqVAQRmiPm,qFwOlUTz4Hd,GD09B,GD09b. Varices (oesophageal or gastric)  - Deaths,ZgnHXnu30cI,"5+Yrs, Male"
39,HMIS108,HMIS 108 - IPD Monthly Report,EBqVAQRmiPm,qFwOlUTz4Hd,GD09B,GD09b. Varices (oesophageal or gastric)  - Deaths,fHgwVjoElmE,"5+Yrs, Female"
37,HMIS108,HMIS 108 - IPD Monthly Report,EBqVAQRmiPm,qFwOlUTz4Hd,GD09B,GD09b. Varices (oesophageal or gastric)  - Deaths,VZrxjCi8cQi,"0-4Yrs, Female"
36,HMIS108,HMIS 108 - IPD Monthly Report,EBqVAQRmiPm,qFwOlUTz4Hd,GD09B,GD09b. Varices (oesophageal or gastric)  - Deaths,rCzvys285kN,"0-4Yrs, Male"
1170,HMIS108,HMIS 108 - IPD Monthly Report,EBqVAQRmiPm,ryrsW2Ll2iy,GD10A,GD10a. Colorectal and anal disorder  - Cases,rCzvys285kN,"0-4Yrs, Male"
1171,HMIS108,HMIS 108 - IPD Monthly Report,EBqVAQRmiPm,ryrsW2Ll2iy,GD10A,GD10a. Colorectal and anal disorder  - Cases,VZrxjCi8cQi,"0-4Yrs, Female"
1172,HMIS108,HMIS 108 - IPD Monthly Report,EBqVAQRmiPm,ryrsW2Ll2iy,GD10A,GD10a. Colorectal and anal disorder  - Cases,ZgnHXnu30cI,"5+Yrs, Male"
1173,HMIS108,HMIS 108 - IPD Monthly Report,EBqVAQRmiPm,ryrsW2Ll2iy,GD10A,GD10a. Colorectal and anal disorder  - Cases,fHgwVjoElmE,"5+Yrs, Female"
2949,HMIS108,HMIS 108 - IPD Monthly Report,EBqVAQRmiPm,EUVcNfbC4FP,GD10B,GD10b. Colorectal and anal disorder  - Deaths,fHgwVjoElmE,"5+Yrs, Female"
2947,HMIS108,HMIS 108 - IPD Monthly Report,EBqVAQRmiPm,EUVcNfbC4FP,GD10B,GD10b. Colorectal and anal disorder  - Deaths,VZrxjCi8cQi,"0-4Yrs, Female"
2946,HMIS108,HMIS 108 - IPD Monthly Report,EBqVAQRmiPm,EUVcNfbC4FP,GD10B,GD10b. Colorectal and anal disorder  - Deaths,rCzvys285kN,"0-4Yrs, Male"
2948,HMIS108,HMIS 108 - IPD Monthly Report,EBqVAQRmiPm,EUVcNfbC4FP,GD10B,GD10b. Colorectal and anal disorder  - Deaths,ZgnHXnu30cI,"5+Yrs, Male"
1204,HMIS108,HMIS 108 - IPD Monthly Report,EBqVAQRmiPm,PuNEZM4FqHI,GD11A,GD11a. Multiple Myeloma  - Cases,VZrxjCi8cQi,"0-4Yrs, Female"
1206,HMIS108,HMIS 108 - IPD Monthly Report,EBqVAQRmiPm,PuNEZM4FqHI,GD11A,GD11a. Multiple Myeloma  - Cases,fHgwVjoElmE,"5+Yrs, Female"
1203,HMIS108,HMIS 108 - IPD Monthly Report,EBqVAQRmiPm,PuNEZM4FqHI,GD11A,GD11a. Multiple Myeloma  - Cases,rCzvys285kN,"0-4Yrs, Male"
1205,HMIS108,HMIS 108 - IPD Monthly Report,EBqVAQRmiPm,PuNEZM4FqHI,GD11A,GD11a. Multiple Myeloma  - Cases,ZgnHXnu30cI,"5+Yrs, Male"
3862,HMIS108,HMIS 108 - IPD Monthly Report,EBqVAQRmiPm,rDHYXNoYRda,GD11B,GD11b. Multiple Myeloma  - Deaths,ZgnHXnu30cI,"5+Yrs, Male"
3863,HMIS108,HMIS 108 - IPD Monthly Report,EBqVAQRmiPm,rDHYXNoYRda,GD11B,GD11b. Multiple Myeloma  - Deaths,fHgwVjoElmE,"5+Yrs, Female"
3860,HMIS108,HMIS 108 - IPD Monthly Report,EBqVAQRmiPm,rDHYXNoYRda,GD11B,GD11b. Multiple Myeloma  - Deaths,rCzvys285kN,"0-4Yrs, Male"
3861,HMIS108,HMIS 108 - IPD Monthly Report,EBqVAQRmiPm,rDHYXNoYRda,GD11B,GD11b. Multiple Myeloma  - Deaths,VZrxjCi8cQi,"0-4Yrs, Female"
8,HMIS108,HMIS 108 - IPD Monthly Report,EBqVAQRmiPm,CJae9c7sI7f,GD12A,GD12a. Aplastic Anaemia  - Cases,fHgwVjoElmE,"5+Yrs, Female"
7,HMIS108,HMIS 108 - IPD Monthly Report,EBqVAQRmiPm,CJae9c7sI7f,GD12A,GD12a. Aplastic Anaemia  - Cases,ZgnHXnu30cI,"5+Yrs, Male"
6,HMIS108,HMIS 108 - IPD Monthly Report,EBqVAQRmiPm,CJae9c7sI7f,GD12A,GD12a. Aplastic Anaemia  - Cases,VZrxjCi8cQi,"0-4Yrs, Female"
5,HMIS108,HMIS 108 - IPD Monthly Report,EBqVAQRmiPm,CJae9c7sI7f,GD12A,GD12a. Aplastic Anaemia  - Cases,rCzvys285kN,"0-4Yrs, Male"
2786,HMIS108,HMIS 108 - IPD Monthly Report,EBqVAQRmiPm,jVhHcxK4Ezl,GD12B,GD12b. Aplastic Anaemia  - Deaths,ZgnHXnu30cI,"5+Yrs, Male"
2784,HMIS108,HMIS 108 - IPD Monthly Report,EBqVAQRmiPm,jVhHcxK4Ezl,GD12B,GD12b. Aplastic Anaemia  - Deaths,rCzvys285kN,"0-4Yrs, Male"
2787,HMIS108,HMIS 108 - IPD Monthly Report,EBqVAQRmiPm,jVhHcxK4Ezl,GD12B,GD12b. Aplastic Anaemia  - Deaths,fHgwVjoElmE,"5+Yrs, Female"
2785,HMIS108,HMIS 108 - IPD Monthly Report,EBqVAQRmiPm,jVhHcxK4Ezl,GD12B,GD12b. Aplastic Anaemia  - Deaths,VZrxjCi8cQi,"0-4Yrs, Female"
1952,HMIS108,HMIS 108 - IPD Monthly Report,EBqVAQRmiPm,Ow0yhI7RE2b,GD13A,GD13a. Others (specify)  - Cases,fHgwVjoElmE,"5+Yrs, Female"
1949,HMIS108,HMIS 108 - IPD Monthly Report,EBqVAQRmiPm,Ow0yhI7RE2b,GD13A,GD13a. Others (specify)  - Cases,rCzvys285kN,"0-4Yrs, Male"
1951,HMIS108,HMIS 108 - IPD Monthly Report,EBqVAQRmiPm,Ow0yhI7RE2b,GD13A,GD13a. Others (specify)  - Cases,ZgnHXnu30cI,"5+Yrs, Male"
1950,HMIS108,HMIS 108 - IPD Monthly Report,EBqVAQRmiPm,Ow0yhI7RE2b,GD13A,GD13a. Others (specify)  - Cases,VZrxjCi8cQi,"0-4Yrs, Female"
2954,HMIS108,HMIS 108 - IPD Monthly Report,EBqVAQRmiPm,MYc7jpW62KC,GD13B,GD13b. Others(Specify)  - Deaths,rCzvys285kN,"0-4Yrs, Male"
2956,HMIS108,HMIS 108 - IPD Monthly Report,EBqVAQRmiPm,MYc7jpW62KC,GD13B,GD13b. Others(Specify)  - Deaths,ZgnHXnu30cI,"5+Yrs, Male"
2955,HMIS108,HMIS 108 - IPD Monthly Report,EBqVAQRmiPm,MYc7jpW62KC,GD13B,GD13b. Others(Specify)  - Deaths,VZrxjCi8cQi,"0-4Yrs, Female"
2957,HMIS108,HMIS 108 - IPD Monthly Report,EBqVAQRmiPm,MYc7jpW62KC,GD13B,GD13b. Others(Specify)  - Deaths,fHgwVjoElmE,"5+Yrs, Female"
2578,HMIS108,HMIS 108 - IPD Monthly Report,EBqVAQRmiPm,IwEJq5Jsfid,GD14B_2019,GD14b_2019. Others (specify)  - Deaths,rCzvys285kN,"0-4Yrs, Male"
2579,HMIS108,HMIS 108 - IPD Monthly Report,EBqVAQRmiPm,IwEJq5Jsfid,GD14B_2019,GD14b_2019. Others (specify)  - Deaths,VZrxjCi8cQi,"0-4Yrs, Female"
2580,HMIS108,HMIS 108 - IPD Monthly Report,EBqVAQRmiPm,IwEJq5Jsfid,GD14B_2019,GD14b_2019. Others (specify)  - Deaths,ZgnHXnu30cI,"5+Yrs, Male"
2581,HMIS108,HMIS 108 - IPD Monthly Report,EBqVAQRmiPm,IwEJq5Jsfid,GD14B_2019,GD14b_2019. Others (specify)  - Deaths,fHgwVjoElmE,"5+Yrs, Female"
2932,HMIS108,HMIS 108 - IPD Monthly Report,EBqVAQRmiPm,Z8k0WNMNXAN,GI06_2019,GI06_2019. Liver transplant,HllvX50cXC0,default
1207,HMIS108,HMIS 108 - IPD Monthly Report,EBqVAQRmiPm,Qm3xIWNrswZ,GI09_2019,GI09_2019. Endoscopic Surgery,HllvX50cXC0,default
1078,HMIS108,HMIS 108 - IPD Monthly Report,EBqVAQRmiPm,irvbsJsCKSX,GI10_2019,GI10_2019. Colostomy,HllvX50cXC0,default
487,HMIS108,HMIS 108 - IPD Monthly Report,EBqVAQRmiPm,raA4iDPPWbn,GI11_2019,GI11_2019. Herniorrhaphy,HllvX50cXC0,default
1416,HMIS108,HMIS 108 - IPD Monthly Report,EBqVAQRmiPm,RBsR3Kmn5Ji,GI12,GI12. Appendicectomy,HllvX50cXC0,default
3151,HMIS108,HMIS 108 - IPD Monthly Report,EBqVAQRmiPm,Wr9KVsGQLd4,GN01,GN01. Laparotomy for ovarian surgery,HllvX50cXC0,default
152,HMIS108,HMIS 108 - IPD Monthly Report,EBqVAQRmiPm,lR9X9RCGwNx,GN02,GN02. Abdominal hysterectomy,HllvX50cXC0,default
3430,HMIS108,HMIS 108 - IPD Monthly Report,EBqVAQRmiPm,ucpSiMvW6WA,GN03,GN03. Vaginal hysterectomy,HllvX50cXC0,default
2641,HMIS108,HMIS 108 - IPD Monthly Report,EBqVAQRmiPm,Ai45siHVs0U,GN04,GN04. Myomectomy,HllvX50cXC0,default
3883,HMIS108,HMIS 108 - IPD Monthly Report,EBqVAQRmiPm,rrCNknVDR4M,GN05,GN05. Laparotomy for ectopic pregnancy,HllvX50cXC0,default
2247,HMIS108,HMIS 108 - IPD Monthly Report,EBqVAQRmiPm,wSEiwbzS12h,GN06,GN06. Other gynaecological surgery,HllvX50cXC0,default
2616,HMIS108,HMIS 108 - IPD Monthly Report,EBqVAQRmiPm,BXf9gxMRvYM,HE01,HE01. Hernia Repair,HllvX50cXC0,default
2886,HMIS108,HMIS 108 - IPD Monthly Report,EBqVAQRmiPm,qvgd9b1NbRG,HF01A,HF01a. Ebola  - Cases,fHgwVjoElmE,"5+Yrs, Female"
2885,HMIS108,HMIS 108 - IPD Monthly Report,EBqVAQRmiPm,qvgd9b1NbRG,HF01A,HF01a. Ebola  - Cases,ZgnHXnu30cI,"5+Yrs, Male"
2884,HMIS108,HMIS 108 - IPD Monthly Report,EBqVAQRmiPm,qvgd9b1NbRG,HF01A,HF01a. Ebola  - Cases,VZrxjCi8cQi,"0-4Yrs, Female"
2883,HMIS108,HMIS 108 - IPD Monthly Report,EBqVAQRmiPm,qvgd9b1NbRG,HF01A,HF01a. Ebola  - Cases,rCzvys285kN,"0-4Yrs, Male"
3376,HMIS108,HMIS 108 - IPD Monthly Report,EBqVAQRmiPm,K1JNzNElR0D,HF01B,HF01b. Ebola  - Deaths,ZgnHXnu30cI,"5+Yrs, Male"
3374,HMIS108,HMIS 108 - IPD Monthly Report,EBqVAQRmiPm,K1JNzNElR0D,HF01B,HF01b. Ebola  - Deaths,rCzvys285kN,"0-4Yrs, Male"
3375,HMIS108,HMIS 108 - IPD Monthly Report,EBqVAQRmiPm,K1JNzNElR0D,HF01B,HF01b. Ebola  - Deaths,VZrxjCi8cQi,"0-4Yrs, Female"
3377,HMIS108,HMIS 108 - IPD Monthly Report,EBqVAQRmiPm,K1JNzNElR0D,HF01B,HF01b. Ebola  - Deaths,fHgwVjoElmE,"5+Yrs, Female"
699,HMIS108,HMIS 108 - IPD Monthly Report,EBqVAQRmiPm,CHZmPKvMWFe,HF02A,HF02a. Marburg  - Cases,rCzvys285kN,"0-4Yrs, Male"
702,HMIS108,HMIS 108 - IPD Monthly Report,EBqVAQRmiPm,CHZmPKvMWFe,HF02A,HF02a. Marburg  - Cases,fHgwVjoElmE,"5+Yrs, Female"
701,HMIS108,HMIS 108 - IPD Monthly Report,EBqVAQRmiPm,CHZmPKvMWFe,HF02A,HF02a. Marburg  - Cases,ZgnHXnu30cI,"5+Yrs, Male"
700,HMIS108,HMIS 108 - IPD Monthly Report,EBqVAQRmiPm,CHZmPKvMWFe,HF02A,HF02a. Marburg  - Cases,VZrxjCi8cQi,"0-4Yrs, Female"
4254,HMIS108,HMIS 108 - IPD Monthly Report,EBqVAQRmiPm,brQDQb6pfmG,HF02B,HF02b. Marburg  - Deaths,ZgnHXnu30cI,"5+Yrs, Male"
4252,HMIS108,HMIS 108 - IPD Monthly Report,EBqVAQRmiPm,brQDQb6pfmG,HF02B,HF02b. Marburg  - Deaths,rCzvys285kN,"0-4Yrs, Male"
4253,HMIS108,HMIS 108 - IPD Monthly Report,EBqVAQRmiPm,brQDQb6pfmG,HF02B,HF02b. Marburg  - Deaths,VZrxjCi8cQi,"0-4Yrs, Female"
4255,HMIS108,HMIS 108 - IPD Monthly Report,EBqVAQRmiPm,brQDQb6pfmG,HF02B,HF02b. Marburg  - Deaths,fHgwVjoElmE,"5+Yrs, Female"
4050,HMIS108,HMIS 108 - IPD Monthly Report,EBqVAQRmiPm,ZaFyGP34kVV,HF03A,HF03a. Crimean-Cong Haemorrhagic Fever  - Cases,ZgnHXnu30cI,"5+Yrs, Male"
4049,HMIS108,HMIS 108 - IPD Monthly Report,EBqVAQRmiPm,ZaFyGP34kVV,HF03A,HF03a. Crimean-Cong Haemorrhagic Fever  - Cases,VZrxjCi8cQi,"0-4Yrs, Female"
4048,HMIS108,HMIS 108 - IPD Monthly Report,EBqVAQRmiPm,ZaFyGP34kVV,HF03A,HF03a. Crimean-Cong Haemorrhagic Fever  - Cases,rCzvys285kN,"0-4Yrs, Male"
4051,HMIS108,HMIS 108 - IPD Monthly Report,EBqVAQRmiPm,ZaFyGP34kVV,HF03A,HF03a. Crimean-Cong Haemorrhagic Fever  - Cases,fHgwVjoElmE,"5+Yrs, Female"
3007,HMIS108,HMIS 108 - IPD Monthly Report,EBqVAQRmiPm,lWTPZoN8Dqz,HF03B,HF03b. Crimean-Cong Haemorrhagic Fever  - Deaths,VZrxjCi8cQi,"0-4Yrs, Female"
3009,HMIS108,HMIS 108 - IPD Monthly Report,EBqVAQRmiPm,lWTPZoN8Dqz,HF03B,HF03b. Crimean-Cong Haemorrhagic Fever  - Deaths,fHgwVjoElmE,"5+Yrs, Female"
3006,HMIS108,HMIS 108 - IPD Monthly Report,EBqVAQRmiPm,lWTPZoN8Dqz,HF03B,HF03b. Crimean-Cong Haemorrhagic Fever  - Deaths,rCzvys285kN,"0-4Yrs, Male"
3008,HMIS108,HMIS 108 - IPD Monthly Report,EBqVAQRmiPm,lWTPZoN8Dqz,HF03B,HF03b. Crimean-Cong Haemorrhagic Fever  - Deaths,ZgnHXnu30cI,"5+Yrs, Male"
660,HMIS108,HMIS 108 - IPD Monthly Report,EBqVAQRmiPm,glOutQy7Xf7,HF04A,HF04a. Other Viral Hemorrhagic Fevers (Specify)  - Cases,fHgwVjoElmE,"5+Yrs, Female"
658,HMIS108,HMIS 108 - IPD Monthly Report,EBqVAQRmiPm,glOutQy7Xf7,HF04A,HF04a. Other Viral Hemorrhagic Fevers (Specify)  - Cases,VZrxjCi8cQi,"0-4Yrs, Female"
657,HMIS108,HMIS 108 - IPD Monthly Report,EBqVAQRmiPm,glOutQy7Xf7,HF04A,HF04a. Other Viral Hemorrhagic Fevers (Specify)  - Cases,rCzvys285kN,"0-4Yrs, Male"
659,HMIS108,HMIS 108 - IPD Monthly Report,EBqVAQRmiPm,glOutQy7Xf7,HF04A,HF04a. Other Viral Hemorrhagic Fevers (Specify)  - Cases,ZgnHXnu30cI,"5+Yrs, Male"
2068,HMIS108,HMIS 108 - IPD Monthly Report,EBqVAQRmiPm,aYWNhfQt1f4,HF04B,HF04b. Other Viral Hemorrhagic Fevers (Specify)  - Deaths,rCzvys285kN,"0-4Yrs, Male"
2070,HMIS108,HMIS 108 - IPD Monthly Report,EBqVAQRmiPm,aYWNhfQt1f4,HF04B,HF04b. Other Viral Hemorrhagic Fevers (Specify)  - Deaths,ZgnHXnu30cI,"5+Yrs, Male"
2071,HMIS108,HMIS 108 - IPD Monthly Report,EBqVAQRmiPm,aYWNhfQt1f4,HF04B,HF04b. Other Viral Hemorrhagic Fevers (Specify)  - Deaths,fHgwVjoElmE,"5+Yrs, Female"
2069,HMIS108,HMIS 108 - IPD Monthly Report,EBqVAQRmiPm,aYWNhfQt1f4,HF04B,HF04b. Other Viral Hemorrhagic Fevers (Specify)  - Deaths,VZrxjCi8cQi,"0-4Yrs, Female"
307,HMIS108,HMIS 108 - IPD Monthly Report,EBqVAQRmiPm,jhz22OpKKTZ,HF05A,HF05a. Severe Acute Respiratory Infection (SARI)  - Cases,ZgnHXnu30cI,"5+Yrs, Male"
305,HMIS108,HMIS 108 - IPD Monthly Report,EBqVAQRmiPm,jhz22OpKKTZ,HF05A,HF05a. Severe Acute Respiratory Infection (SARI)  - Cases,rCzvys285kN,"0-4Yrs, Male"
306,HMIS108,HMIS 108 - IPD Monthly Report,EBqVAQRmiPm,jhz22OpKKTZ,HF05A,HF05a. Severe Acute Respiratory Infection (SARI)  - Cases,VZrxjCi8cQi,"0-4Yrs, Female"
308,HMIS108,HMIS 108 - IPD Monthly Report,EBqVAQRmiPm,jhz22OpKKTZ,HF05A,HF05a. Severe Acute Respiratory Infection (SARI)  - Cases,fHgwVjoElmE,"5+Yrs, Female"
3947,HMIS108,HMIS 108 - IPD Monthly Report,EBqVAQRmiPm,Y0A7mwUh5mH,HF05B,HF05b. Severe Acute Respiratory Infection (SARI)  - Deaths,VZrxjCi8cQi,"0-4Yrs, Female"
3946,HMIS108,HMIS 108 - IPD Monthly Report,EBqVAQRmiPm,Y0A7mwUh5mH,HF05B,HF05b. Severe Acute Respiratory Infection (SARI)  - Deaths,rCzvys285kN,"0-4Yrs, Male"
3948,HMIS108,HMIS 108 - IPD Monthly Report,EBqVAQRmiPm,Y0A7mwUh5mH,HF05B,HF05b. Severe Acute Respiratory Infection (SARI)  - Deaths,ZgnHXnu30cI,"5+Yrs, Male"
3949,HMIS108,HMIS 108 - IPD Monthly Report,EBqVAQRmiPm,Y0A7mwUh5mH,HF05B,HF05b. Severe Acute Respiratory Infection (SARI)  - Deaths,fHgwVjoElmE,"5+Yrs, Female"
2341,HMIS108,HMIS 108 - IPD Monthly Report,EBqVAQRmiPm,eCmR63qiibD,HF06A1,HF06a1. Adverse Events Following Immunization (AEFI) - Serious  - Cases,VZrxjCi8cQi,"0-4Yrs, Female"
2340,HMIS108,HMIS 108 - IPD Monthly Report,EBqVAQRmiPm,eCmR63qiibD,HF06A1,HF06a1. Adverse Events Following Immunization (AEFI) - Serious  - Cases,rCzvys285kN,"0-4Yrs, Male"
2342,HMIS108,HMIS 108 - IPD Monthly Report,EBqVAQRmiPm,eCmR63qiibD,HF06A1,HF06a1. Adverse Events Following Immunization (AEFI) - Serious  - Cases,ZgnHXnu30cI,"5+Yrs, Male"
2343,HMIS108,HMIS 108 - IPD Monthly Report,EBqVAQRmiPm,eCmR63qiibD,HF06A1,HF06a1. Adverse Events Following Immunization (AEFI) - Serious  - Cases,fHgwVjoElmE,"5+Yrs, Female"
1009,HMIS108,HMIS 108 - IPD Monthly Report,EBqVAQRmiPm,ByBrKCeV16r,HF06A2,HF06a2. Adverse Events Following Immunization (AEFI) - Non serious  - Cases,fHgwVjoElmE,"5+Yrs, Female"
1007,HMIS108,HMIS 108 - IPD Monthly Report,EBqVAQRmiPm,ByBrKCeV16r,HF06A2,HF06a2. Adverse Events Following Immunization (AEFI) - Non serious  - Cases,VZrxjCi8cQi,"0-4Yrs, Female"
1008,HMIS108,HMIS 108 - IPD Monthly Report,EBqVAQRmiPm,ByBrKCeV16r,HF06A2,HF06a2. Adverse Events Following Immunization (AEFI) - Non serious  - Cases,ZgnHXnu30cI,"5+Yrs, Male"
1006,HMIS108,HMIS 108 - IPD Monthly Report,EBqVAQRmiPm,ByBrKCeV16r,HF06A2,HF06a2. Adverse Events Following Immunization (AEFI) - Non serious  - Cases,rCzvys285kN,"0-4Yrs, Male"
1752,HMIS108,HMIS 108 - IPD Monthly Report,EBqVAQRmiPm,HNe1T5nv2nE,HF06B1,HF06b1. Adverse Events Following Immunization (AEFI)- Serious  - Deaths,VZrxjCi8cQi,"0-4Yrs, Female"
1751,HMIS108,HMIS 108 - IPD Monthly Report,EBqVAQRmiPm,HNe1T5nv2nE,HF06B1,HF06b1. Adverse Events Following Immunization (AEFI)- Serious  - Deaths,rCzvys285kN,"0-4Yrs, Male"
1754,HMIS108,HMIS 108 - IPD Monthly Report,EBqVAQRmiPm,HNe1T5nv2nE,HF06B1,HF06b1. Adverse Events Following Immunization (AEFI)- Serious  - Deaths,fHgwVjoElmE,"5+Yrs, Female"
1753,HMIS108,HMIS 108 - IPD Monthly Report,EBqVAQRmiPm,HNe1T5nv2nE,HF06B1,HF06b1. Adverse Events Following Immunization (AEFI)- Serious  - Deaths,ZgnHXnu30cI,"5+Yrs, Male"
2485,HMIS108,HMIS 108 - IPD Monthly Report,EBqVAQRmiPm,NkqL5xQgH9j,HF06B2,HF06b2. Adverse Events Following Immunization (AEFI)- Non serious  - Deaths,rCzvys285kN,"0-4Yrs, Male"
2487,HMIS108,HMIS 108 - IPD Monthly Report,EBqVAQRmiPm,NkqL5xQgH9j,HF06B2,HF06b2. Adverse Events Following Immunization (AEFI)- Non serious  - Deaths,ZgnHXnu30cI,"5+Yrs, Male"
2488,HMIS108,HMIS 108 - IPD Monthly Report,EBqVAQRmiPm,NkqL5xQgH9j,HF06B2,HF06b2. Adverse Events Following Immunization (AEFI)- Non serious  - Deaths,fHgwVjoElmE,"5+Yrs, Female"
2486,HMIS108,HMIS 108 - IPD Monthly Report,EBqVAQRmiPm,NkqL5xQgH9j,HF06B2,HF06b2. Adverse Events Following Immunization (AEFI)- Non serious  - Deaths,VZrxjCi8cQi,"0-4Yrs, Female"
1411,HMIS108,HMIS 108 - IPD Monthly Report,EBqVAQRmiPm,eMSV2KsTCMY,HF07A,HF07a. Typhoid Fever  - Cases,rCzvys285kN,"0-4Yrs, Male"
1414,HMIS108,HMIS 108 - IPD Monthly Report,EBqVAQRmiPm,eMSV2KsTCMY,HF07A,HF07a. Typhoid Fever  - Cases,fHgwVjoElmE,"5+Yrs, Female"
1413,HMIS108,HMIS 108 - IPD Monthly Report,EBqVAQRmiPm,eMSV2KsTCMY,HF07A,HF07a. Typhoid Fever  - Cases,ZgnHXnu30cI,"5+Yrs, Male"
1412,HMIS108,HMIS 108 - IPD Monthly Report,EBqVAQRmiPm,eMSV2KsTCMY,HF07A,HF07a. Typhoid Fever  - Cases,VZrxjCi8cQi,"0-4Yrs, Female"
405,HMIS108,HMIS 108 - IPD Monthly Report,EBqVAQRmiPm,pYLaZhHmbUs,HF07B,HF07b. Typhoid Fever  - Deaths,ZgnHXnu30cI,"5+Yrs, Male"
404,HMIS108,HMIS 108 - IPD Monthly Report,EBqVAQRmiPm,pYLaZhHmbUs,HF07B,HF07b. Typhoid Fever  - Deaths,VZrxjCi8cQi,"0-4Yrs, Female"
403,HMIS108,HMIS 108 - IPD Monthly Report,EBqVAQRmiPm,pYLaZhHmbUs,HF07B,HF07b. Typhoid Fever  - Deaths,rCzvys285kN,"0-4Yrs, Male"
406,HMIS108,HMIS 108 - IPD Monthly Report,EBqVAQRmiPm,pYLaZhHmbUs,HF07B,HF07b. Typhoid Fever  - Deaths,fHgwVjoElmE,"5+Yrs, Female"
2728,HMIS108,HMIS 108 - IPD Monthly Report,EBqVAQRmiPm,nXox7WQx9TE,HF08A,HF08a. Presumptive MDR TB Cases  - Cases,fHgwVjoElmE,"5+Yrs, Female"
2725,HMIS108,HMIS 108 - IPD Monthly Report,EBqVAQRmiPm,nXox7WQx9TE,HF08A,HF08a. Presumptive MDR TB Cases  - Cases,rCzvys285kN,"0-4Yrs, Male"
2726,HMIS108,HMIS 108 - IPD Monthly Report,EBqVAQRmiPm,nXox7WQx9TE,HF08A,HF08a. Presumptive MDR TB Cases  - Cases,VZrxjCi8cQi,"0-4Yrs, Female"
2727,HMIS108,HMIS 108 - IPD Monthly Report,EBqVAQRmiPm,nXox7WQx9TE,HF08A,HF08a. Presumptive MDR TB Cases  - Cases,ZgnHXnu30cI,"5+Yrs, Male"
1644,HMIS108,HMIS 108 - IPD Monthly Report,EBqVAQRmiPm,d9QFUiHleAm,HF08B,HF08b. Presumptive MDR TB Cases  - Deaths,ZgnHXnu30cI,"5+Yrs, Male"
1642,HMIS108,HMIS 108 - IPD Monthly Report,EBqVAQRmiPm,d9QFUiHleAm,HF08B,HF08b. Presumptive MDR TB Cases  - Deaths,rCzvys285kN,"0-4Yrs, Male"
1645,HMIS108,HMIS 108 - IPD Monthly Report,EBqVAQRmiPm,d9QFUiHleAm,HF08B,HF08b. Presumptive MDR TB Cases  - Deaths,fHgwVjoElmE,"5+Yrs, Female"
1643,HMIS108,HMIS 108 - IPD Monthly Report,EBqVAQRmiPm,d9QFUiHleAm,HF08B,HF08b. Presumptive MDR TB Cases  - Deaths,VZrxjCi8cQi,"0-4Yrs, Female"
164,HMIS108,HMIS 108 - IPD Monthly Report,EBqVAQRmiPm,uOIcdqdg5JR,HF09A,"HF09a. Other Emerging infectious Diseases, specify  - Cases",ZgnHXnu30cI,"5+Yrs, Male"
163,HMIS108,HMIS 108 - IPD Monthly Report,EBqVAQRmiPm,uOIcdqdg5JR,HF09A,"HF09a. Other Emerging infectious Diseases, specify  - Cases",VZrxjCi8cQi,"0-4Yrs, Female"
162,HMIS108,HMIS 108 - IPD Monthly Report,EBqVAQRmiPm,uOIcdqdg5JR,HF09A,"HF09a. Other Emerging infectious Diseases, specify  - Cases",rCzvys285kN,"0-4Yrs, Male"
165,HMIS108,HMIS 108 - IPD Monthly Report,EBqVAQRmiPm,uOIcdqdg5JR,HF09A,"HF09a. Other Emerging infectious Diseases, specify  - Cases",fHgwVjoElmE,"5+Yrs, Female"
643,HMIS108,HMIS 108 - IPD Monthly Report,EBqVAQRmiPm,VMu1fKA09Y4,HF09B,"HF09b. Other Emerging infectious Diseases, specify  - Deaths",fHgwVjoElmE,"5+Yrs, Female"
641,HMIS108,HMIS 108 - IPD Monthly Report,EBqVAQRmiPm,VMu1fKA09Y4,HF09B,"HF09b. Other Emerging infectious Diseases, specify  - Deaths",VZrxjCi8cQi,"0-4Yrs, Female"
642,HMIS108,HMIS 108 - IPD Monthly Report,EBqVAQRmiPm,VMu1fKA09Y4,HF09B,"HF09b. Other Emerging infectious Diseases, specify  - Deaths",ZgnHXnu30cI,"5+Yrs, Male"
640,HMIS108,HMIS 108 - IPD Monthly Report,EBqVAQRmiPm,VMu1fKA09Y4,HF09B,"HF09b. Other Emerging infectious Diseases, specify  - Deaths",rCzvys285kN,"0-4Yrs, Male"
2135,HMIS108,HMIS 108 - IPD Monthly Report,EBqVAQRmiPm,xIDIBhREMyw,HP01A,HP01a. Liver cirrhosis related to HBV  - Cases,ZgnHXnu30cI,"5+Yrs, Male"
2134,HMIS108,HMIS 108 - IPD Monthly Report,EBqVAQRmiPm,xIDIBhREMyw,HP01A,HP01a. Liver cirrhosis related to HBV  - Cases,VZrxjCi8cQi,"0-4Yrs, Female"
2133,HMIS108,HMIS 108 - IPD Monthly Report,EBqVAQRmiPm,xIDIBhREMyw,HP01A,HP01a. Liver cirrhosis related to HBV  - Cases,rCzvys285kN,"0-4Yrs, Male"
2136,HMIS108,HMIS 108 - IPD Monthly Report,EBqVAQRmiPm,xIDIBhREMyw,HP01A,HP01a. Liver cirrhosis related to HBV  - Cases,fHgwVjoElmE,"5+Yrs, Female"
371,HMIS108,HMIS 108 - IPD Monthly Report,EBqVAQRmiPm,XuFJz2c2NmL,HP01B,HP01b. Liver cirrhosis related to HBV  - Deaths,VZrxjCi8cQi,"0-4Yrs, Female"
370,HMIS108,HMIS 108 - IPD Monthly Report,EBqVAQRmiPm,XuFJz2c2NmL,HP01B,HP01b. Liver cirrhosis related to HBV  - Deaths,rCzvys285kN,"0-4Yrs, Male"
372,HMIS108,HMIS 108 - IPD Monthly Report,EBqVAQRmiPm,XuFJz2c2NmL,HP01B,HP01b. Liver cirrhosis related to HBV  - Deaths,ZgnHXnu30cI,"5+Yrs, Male"
373,HMIS108,HMIS 108 - IPD Monthly Report,EBqVAQRmiPm,XuFJz2c2NmL,HP01B,HP01b. Liver cirrhosis related to HBV  - Deaths,fHgwVjoElmE,"5+Yrs, Female"
479,HMIS108,HMIS 108 - IPD Monthly Report,EBqVAQRmiPm,Hmn8Kciu33M,HP02A,HP02a. Liver failure related to HCV  - Cases,rCzvys285kN,"0-4Yrs, Male"
480,HMIS108,HMIS 108 - IPD Monthly Report,EBqVAQRmiPm,Hmn8Kciu33M,HP02A,HP02a. Liver failure related to HCV  - Cases,VZrxjCi8cQi,"0-4Yrs, Female"
481,HMIS108,HMIS 108 - IPD Monthly Report,EBqVAQRmiPm,Hmn8Kciu33M,HP02A,HP02a. Liver failure related to HCV  - Cases,ZgnHXnu30cI,"5+Yrs, Male"
482,HMIS108,HMIS 108 - IPD Monthly Report,EBqVAQRmiPm,Hmn8Kciu33M,HP02A,HP02a. Liver failure related to HCV  - Cases,fHgwVjoElmE,"5+Yrs, Female"
1251,HMIS108,HMIS 108 - IPD Monthly Report,EBqVAQRmiPm,ZMzULqYFejW,HP02B,HP02b. Liver failure related to HCV  - Deaths,rCzvys285kN,"0-4Yrs, Male"
1254,HMIS108,HMIS 108 - IPD Monthly Report,EBqVAQRmiPm,ZMzULqYFejW,HP02B,HP02b. Liver failure related to HCV  - Deaths,fHgwVjoElmE,"5+Yrs, Female"
1253,HMIS108,HMIS 108 - IPD Monthly Report,EBqVAQRmiPm,ZMzULqYFejW,HP02B,HP02b. Liver failure related to HCV  - Deaths,ZgnHXnu30cI,"5+Yrs, Male"
1252,HMIS108,HMIS 108 - IPD Monthly Report,EBqVAQRmiPm,ZMzULqYFejW,HP02B,HP02b. Liver failure related to HCV  - Deaths,VZrxjCi8cQi,"0-4Yrs, Female"
3705,HMIS108,HMIS 108 - IPD Monthly Report,EBqVAQRmiPm,ldj7UdolnHM,HP03A,HP03a. Acute Hepatitis - Cases,rCzvys285kN,"0-4Yrs, Male"
3706,HMIS108,HMIS 108 - IPD Monthly Report,EBqVAQRmiPm,ldj7UdolnHM,HP03A,HP03a. Acute Hepatitis - Cases,VZrxjCi8cQi,"0-4Yrs, Female"
3708,HMIS108,HMIS 108 - IPD Monthly Report,EBqVAQRmiPm,ldj7UdolnHM,HP03A,HP03a. Acute Hepatitis - Cases,fHgwVjoElmE,"5+Yrs, Female"
3707,HMIS108,HMIS 108 - IPD Monthly Report,EBqVAQRmiPm,ldj7UdolnHM,HP03A,HP03a. Acute Hepatitis - Cases,ZgnHXnu30cI,"5+Yrs, Male"
1088,HMIS108,HMIS 108 - IPD Monthly Report,EBqVAQRmiPm,hEpHkND3EBx,HP03A_2019,HP03a_2019. Hepatocellular Carcinoma related to HBV  - Cases,rCzvys285kN,"0-4Yrs, Male"
1089,HMIS108,HMIS 108 - IPD Monthly Report,EBqVAQRmiPm,hEpHkND3EBx,HP03A_2019,HP03a_2019. Hepatocellular Carcinoma related to HBV  - Cases,VZrxjCi8cQi,"0-4Yrs, Female"
1090,HMIS108,HMIS 108 - IPD Monthly Report,EBqVAQRmiPm,hEpHkND3EBx,HP03A_2019,HP03a_2019. Hepatocellular Carcinoma related to HBV  - Cases,ZgnHXnu30cI,"5+Yrs, Male"
1091,HMIS108,HMIS 108 - IPD Monthly Report,EBqVAQRmiPm,hEpHkND3EBx,HP03A_2019,HP03a_2019. Hepatocellular Carcinoma related to HBV  - Cases,fHgwVjoElmE,"5+Yrs, Female"
1340,HMIS108,HMIS 108 - IPD Monthly Report,EBqVAQRmiPm,gAQ2gtcTQhm,HP03B,HP03b. Acute Hepatitis - Deaths,fHgwVjoElmE,"5+Yrs, Female"
1337,HMIS108,HMIS 108 - IPD Monthly Report,EBqVAQRmiPm,gAQ2gtcTQhm,HP03B,HP03b. Acute Hepatitis - Deaths,rCzvys285kN,"0-4Yrs, Male"
1338,HMIS108,HMIS 108 - IPD Monthly Report,EBqVAQRmiPm,gAQ2gtcTQhm,HP03B,HP03b. Acute Hepatitis - Deaths,VZrxjCi8cQi,"0-4Yrs, Female"
1339,HMIS108,HMIS 108 - IPD Monthly Report,EBqVAQRmiPm,gAQ2gtcTQhm,HP03B,HP03b. Acute Hepatitis - Deaths,ZgnHXnu30cI,"5+Yrs, Male"
2082,HMIS108,HMIS 108 - IPD Monthly Report,EBqVAQRmiPm,G6Up7f2m8IZ,HP03B_2019,HP03b_2019. Hepatocellular Carcinoma related to HBV  - Deaths,ZgnHXnu30cI,"5+Yrs, Male"
2080,HMIS108,HMIS 108 - IPD Monthly Report,EBqVAQRmiPm,G6Up7f2m8IZ,HP03B_2019,HP03b_2019. Hepatocellular Carcinoma related to HBV  - Deaths,rCzvys285kN,"0-4Yrs, Male"
2083,HMIS108,HMIS 108 - IPD Monthly Report,EBqVAQRmiPm,G6Up7f2m8IZ,HP03B_2019,HP03b_2019. Hepatocellular Carcinoma related to HBV  - Deaths,fHgwVjoElmE,"5+Yrs, Female"
2081,HMIS108,HMIS 108 - IPD Monthly Report,EBqVAQRmiPm,G6Up7f2m8IZ,HP03B_2019,HP03b_2019. Hepatocellular Carcinoma related to HBV  - Deaths,VZrxjCi8cQi,"0-4Yrs, Female"
2477,HMIS108,HMIS 108 - IPD Monthly Report,EBqVAQRmiPm,ojc6DvWVJBq,HP04A,HP04a. Faty liver disease - Cases,VZrxjCi8cQi,"0-4Yrs, Female"
2476,HMIS108,HMIS 108 - IPD Monthly Report,EBqVAQRmiPm,ojc6DvWVJBq,HP04A,HP04a. Faty liver disease - Cases,rCzvys285kN,"0-4Yrs, Male"
2479,HMIS108,HMIS 108 - IPD Monthly Report,EBqVAQRmiPm,ojc6DvWVJBq,HP04A,HP04a. Faty liver disease - Cases,fHgwVjoElmE,"5+Yrs, Female"
2478,HMIS108,HMIS 108 - IPD Monthly Report,EBqVAQRmiPm,ojc6DvWVJBq,HP04A,HP04a. Faty liver disease - Cases,ZgnHXnu30cI,"5+Yrs, Male"
4130,HMIS108,HMIS 108 - IPD Monthly Report,EBqVAQRmiPm,FHawQZ0WR0i,HP04A_2019,HP04a_2019. Hepatocellular Carcinoma related to HCV  - Cases,fHgwVjoElmE,"5+Yrs, Female"
4129,HMIS108,HMIS 108 - IPD Monthly Report,EBqVAQRmiPm,FHawQZ0WR0i,HP04A_2019,HP04a_2019. Hepatocellular Carcinoma related to HCV  - Cases,ZgnHXnu30cI,"5+Yrs, Male"
4128,HMIS108,HMIS 108 - IPD Monthly Report,EBqVAQRmiPm,FHawQZ0WR0i,HP04A_2019,HP04a_2019. Hepatocellular Carcinoma related to HCV  - Cases,VZrxjCi8cQi,"0-4Yrs, Female"
4127,HMIS108,HMIS 108 - IPD Monthly Report,EBqVAQRmiPm,FHawQZ0WR0i,HP04A_2019,HP04a_2019. Hepatocellular Carcinoma related to HCV  - Cases,rCzvys285kN,"0-4Yrs, Male"
274,HMIS108,HMIS 108 - IPD Monthly Report,EBqVAQRmiPm,kQJEKtlzV3y,HP04B,HP04b. Faty liver disease - Deaths,rCzvys285kN,"0-4Yrs, Male"
277,HMIS108,HMIS 108 - IPD Monthly Report,EBqVAQRmiPm,kQJEKtlzV3y,HP04B,HP04b. Faty liver disease - Deaths,fHgwVjoElmE,"5+Yrs, Female"
276,HMIS108,HMIS 108 - IPD Monthly Report,EBqVAQRmiPm,kQJEKtlzV3y,HP04B,HP04b. Faty liver disease - Deaths,ZgnHXnu30cI,"5+Yrs, Male"
275,HMIS108,HMIS 108 - IPD Monthly Report,EBqVAQRmiPm,kQJEKtlzV3y,HP04B,HP04b. Faty liver disease - Deaths,VZrxjCi8cQi,"0-4Yrs, Female"
2075,HMIS108,HMIS 108 - IPD Monthly Report,EBqVAQRmiPm,WSTD4fbEcn7,HP04B_2019,HP04b_2019. Hepatocellular Carcinoma related to HCV  - Deaths,ZgnHXnu30cI,"5+Yrs, Male"
2074,HMIS108,HMIS 108 - IPD Monthly Report,EBqVAQRmiPm,WSTD4fbEcn7,HP04B_2019,HP04b_2019. Hepatocellular Carcinoma related to HCV  - Deaths,VZrxjCi8cQi,"0-4Yrs, Female"
2073,HMIS108,HMIS 108 - IPD Monthly Report,EBqVAQRmiPm,WSTD4fbEcn7,HP04B_2019,HP04b_2019. Hepatocellular Carcinoma related to HCV  - Deaths,rCzvys285kN,"0-4Yrs, Male"
2076,HMIS108,HMIS 108 - IPD Monthly Report,EBqVAQRmiPm,WSTD4fbEcn7,HP04B_2019,HP04b_2019. Hepatocellular Carcinoma related to HCV  - Deaths,fHgwVjoElmE,"5+Yrs, Female"
1924,HMIS108,HMIS 108 - IPD Monthly Report,EBqVAQRmiPm,MjNB8pXAupb,HP05A,HP05a. Chronic Liver Disease - Cases,fHgwVjoElmE,"5+Yrs, Female"
1923,HMIS108,HMIS 108 - IPD Monthly Report,EBqVAQRmiPm,MjNB8pXAupb,HP05A,HP05a. Chronic Liver Disease - Cases,ZgnHXnu30cI,"5+Yrs, Male"
1922,HMIS108,HMIS 108 - IPD Monthly Report,EBqVAQRmiPm,MjNB8pXAupb,HP05A,HP05a. Chronic Liver Disease - Cases,VZrxjCi8cQi,"0-4Yrs, Female"
1921,HMIS108,HMIS 108 - IPD Monthly Report,EBqVAQRmiPm,MjNB8pXAupb,HP05A,HP05a. Chronic Liver Disease - Cases,rCzvys285kN,"0-4Yrs, Male"
3358,HMIS108,HMIS 108 - IPD Monthly Report,EBqVAQRmiPm,vjrC2olbOKq,HP05B,HP05b. Chronic Liver Disease - Deaths,fHgwVjoElmE,"5+Yrs, Female"
3357,HMIS108,HMIS 108 - IPD Monthly Report,EBqVAQRmiPm,vjrC2olbOKq,HP05B,HP05b. Chronic Liver Disease - Deaths,ZgnHXnu30cI,"5+Yrs, Male"
3356,HMIS108,HMIS 108 - IPD Monthly Report,EBqVAQRmiPm,vjrC2olbOKq,HP05B,HP05b. Chronic Liver Disease - Deaths,VZrxjCi8cQi,"0-4Yrs, Female"
3355,HMIS108,HMIS 108 - IPD Monthly Report,EBqVAQRmiPm,vjrC2olbOKq,HP05B,HP05b. Chronic Liver Disease - Deaths,rCzvys285kN,"0-4Yrs, Male"
19,HMIS108,HMIS 108 - IPD Monthly Report,EBqVAQRmiPm,VQ6E8ZmnNxp,HS01,HS01. Cholecystectomy,HllvX50cXC0,default
2945,HMIS108,HMIS 108 - IPD Monthly Report,EBqVAQRmiPm,A9CZ0GJSpkN,HS02,HS02. Liver surgery,HllvX50cXC0,default
1904,HMIS108,HMIS 108 - IPD Monthly Report,EBqVAQRmiPm,b7XWAQx1lJi,HS03,HS03. Pancreatic surgery,HllvX50cXC0,default
2672,HMIS108,HMIS 108 - IPD Monthly Report,EBqVAQRmiPm,FRLjpKeP7wn,HS04,HS04. Splenic surgery,HllvX50cXC0,default
3251,HMIS108,HMIS 108 - IPD Monthly Report,EBqVAQRmiPm,s9ZBdsfMwaA,HS05,HS05. Bilio-intestinal diversion,HllvX50cXC0,default
832,HMIS108,HMIS 108 - IPD Monthly Report,EBqVAQRmiPm,vyHBTXys1fJ,HS06,HS06. Other hepatobilliary surgery,HllvX50cXC0,default
3476,HMIS108,HMIS 108 - IPD Monthly Report,EBqVAQRmiPm,PS1LPVl81S9,IM01,IM01. Ultrasound guided,rCzvys285kN,"0-4Yrs, Male"
3477,HMIS108,HMIS 108 - IPD Monthly Report,EBqVAQRmiPm,PS1LPVl81S9,IM01,IM01. Ultrasound guided,VZrxjCi8cQi,"0-4Yrs, Female"
3478,HMIS108,HMIS 108 - IPD Monthly Report,EBqVAQRmiPm,PS1LPVl81S9,IM01,IM01. Ultrasound guided,ZgnHXnu30cI,"5+Yrs, Male"
3479,HMIS108,HMIS 108 - IPD Monthly Report,EBqVAQRmiPm,PS1LPVl81S9,IM01,IM01. Ultrasound guided,fHgwVjoElmE,"5+Yrs, Female"
374,HMIS108,HMIS 108 - IPD Monthly Report,EBqVAQRmiPm,yMSYuGrhzXI,IM02,IM02. CT guided,rCzvys285kN,"0-4Yrs, Male"
375,HMIS108,HMIS 108 - IPD Monthly Report,EBqVAQRmiPm,yMSYuGrhzXI,IM02,IM02. CT guided,VZrxjCi8cQi,"0-4Yrs, Female"
376,HMIS108,HMIS 108 - IPD Monthly Report,EBqVAQRmiPm,yMSYuGrhzXI,IM02,IM02. CT guided,ZgnHXnu30cI,"5+Yrs, Male"
377,HMIS108,HMIS 108 - IPD Monthly Report,EBqVAQRmiPm,yMSYuGrhzXI,IM02,IM02. CT guided,fHgwVjoElmE,"5+Yrs, Female"
1168,HMIS108,HMIS 108 - IPD Monthly Report,EBqVAQRmiPm,zTP8AouOl6o,IM03,IM03. Fluoroscopy,fHgwVjoElmE,"5+Yrs, Female"
1166,HMIS108,HMIS 108 - IPD Monthly Report,EBqVAQRmiPm,zTP8AouOl6o,IM03,IM03. Fluoroscopy,VZrxjCi8cQi,"0-4Yrs, Female"
1165,HMIS108,HMIS 108 - IPD Monthly Report,EBqVAQRmiPm,zTP8AouOl6o,IM03,IM03. Fluoroscopy,rCzvys285kN,"0-4Yrs, Male"
1167,HMIS108,HMIS 108 - IPD Monthly Report,EBqVAQRmiPm,zTP8AouOl6o,IM03,IM03. Fluoroscopy,ZgnHXnu30cI,"5+Yrs, Male"
3225,HMIS108,HMIS 108 - IPD Monthly Report,EBqVAQRmiPm,hIzgkgQvyVR,IM04,IM04. MRI guided,fHgwVjoElmE,"5+Yrs, Female"
3222,HMIS108,HMIS 108 - IPD Monthly Report,EBqVAQRmiPm,hIzgkgQvyVR,IM04,IM04. MRI guided,rCzvys285kN,"0-4Yrs, Male"
3223,HMIS108,HMIS 108 - IPD Monthly Report,EBqVAQRmiPm,hIzgkgQvyVR,IM04,IM04. MRI guided,VZrxjCi8cQi,"0-4Yrs, Female"
3224,HMIS108,HMIS 108 - IPD Monthly Report,EBqVAQRmiPm,hIzgkgQvyVR,IM04,IM04. MRI guided,ZgnHXnu30cI,"5+Yrs, Male"
2006,HMIS108,HMIS 108 - IPD Monthly Report,EBqVAQRmiPm,AxVUBRsLXFs,IM05,IM05. Stereotactic biopsy,VZrxjCi8cQi,"0-4Yrs, Female"
2008,HMIS108,HMIS 108 - IPD Monthly Report,EBqVAQRmiPm,AxVUBRsLXFs,IM05,IM05. Stereotactic biopsy,fHgwVjoElmE,"5+Yrs, Female"
2007,HMIS108,HMIS 108 - IPD Monthly Report,EBqVAQRmiPm,AxVUBRsLXFs,IM05,IM05. Stereotactic biopsy,ZgnHXnu30cI,"5+Yrs, Male"
2005,HMIS108,HMIS 108 - IPD Monthly Report,EBqVAQRmiPm,AxVUBRsLXFs,IM05,IM05. Stereotactic biopsy,rCzvys285kN,"0-4Yrs, Male"
588,HMIS108,HMIS 108 - IPD Monthly Report,EBqVAQRmiPm,OVXwex3hHG6,IN01a1,IN01a1. Motor Vehicle  - Cases,VZrxjCi8cQi,"0-4Yrs, Female"
587,HMIS108,HMIS 108 - IPD Monthly Report,EBqVAQRmiPm,OVXwex3hHG6,IN01a1,IN01a1. Motor Vehicle  - Cases,rCzvys285kN,"0-4Yrs, Male"
589,HMIS108,HMIS 108 - IPD Monthly Report,EBqVAQRmiPm,OVXwex3hHG6,IN01a1,IN01a1. Motor Vehicle  - Cases,ZgnHXnu30cI,"5+Yrs, Male"
590,HMIS108,HMIS 108 - IPD Monthly Report,EBqVAQRmiPm,OVXwex3hHG6,IN01a1,IN01a1. Motor Vehicle  - Cases,fHgwVjoElmE,"5+Yrs, Female"
187,HMIS108,HMIS 108 - IPD Monthly Report,EBqVAQRmiPm,Q5kxZic9BMc,IN01a2,IN01a2. Motor Vehicle  - Deaths,rCzvys285kN,"0-4Yrs, Male"
190,HMIS108,HMIS 108 - IPD Monthly Report,EBqVAQRmiPm,Q5kxZic9BMc,IN01a2,IN01a2. Motor Vehicle  - Deaths,fHgwVjoElmE,"5+Yrs, Female"
189,HMIS108,HMIS 108 - IPD Monthly Report,EBqVAQRmiPm,Q5kxZic9BMc,IN01a2,IN01a2. Motor Vehicle  - Deaths,ZgnHXnu30cI,"5+Yrs, Male"
188,HMIS108,HMIS 108 - IPD Monthly Report,EBqVAQRmiPm,Q5kxZic9BMc,IN01a2,IN01a2. Motor Vehicle  - Deaths,VZrxjCi8cQi,"0-4Yrs, Female"
4101,HMIS108,HMIS 108 - IPD Monthly Report,EBqVAQRmiPm,pkIQIFtCODt,IN01b1,IN01b1. Motor Cycle  - Cases,rCzvys285kN,"0-4Yrs, Male"
4104,HMIS108,HMIS 108 - IPD Monthly Report,EBqVAQRmiPm,pkIQIFtCODt,IN01b1,IN01b1. Motor Cycle  - Cases,fHgwVjoElmE,"5+Yrs, Female"
4103,HMIS108,HMIS 108 - IPD Monthly Report,EBqVAQRmiPm,pkIQIFtCODt,IN01b1,IN01b1. Motor Cycle  - Cases,ZgnHXnu30cI,"5+Yrs, Male"
4102,HMIS108,HMIS 108 - IPD Monthly Report,EBqVAQRmiPm,pkIQIFtCODt,IN01b1,IN01b1. Motor Cycle  - Cases,VZrxjCi8cQi,"0-4Yrs, Female"
2558,HMIS108,HMIS 108 - IPD Monthly Report,EBqVAQRmiPm,mPlRIBh2zlN,IN01b2,IN01b2. Motor Cycle  - Deaths,ZgnHXnu30cI,"5+Yrs, Male"
2556,HMIS108,HMIS 108 - IPD Monthly Report,EBqVAQRmiPm,mPlRIBh2zlN,IN01b2,IN01b2. Motor Cycle  - Deaths,rCzvys285kN,"0-4Yrs, Male"
2557,HMIS108,HMIS 108 - IPD Monthly Report,EBqVAQRmiPm,mPlRIBh2zlN,IN01b2,IN01b2. Motor Cycle  - Deaths,VZrxjCi8cQi,"0-4Yrs, Female"
2559,HMIS108,HMIS 108 - IPD Monthly Report,EBqVAQRmiPm,mPlRIBh2zlN,IN01b2,IN01b2. Motor Cycle  - Deaths,fHgwVjoElmE,"5+Yrs, Female"
875,HMIS108,HMIS 108 - IPD Monthly Report,EBqVAQRmiPm,y1tRJxQTQCI,IN01c1,IN01c1. Bicycles  - Cases,rCzvys285kN,"0-4Yrs, Male"
876,HMIS108,HMIS 108 - IPD Monthly Report,EBqVAQRmiPm,y1tRJxQTQCI,IN01c1,IN01c1. Bicycles  - Cases,VZrxjCi8cQi,"0-4Yrs, Female"
877,HMIS108,HMIS 108 - IPD Monthly Report,EBqVAQRmiPm,y1tRJxQTQCI,IN01c1,IN01c1. Bicycles  - Cases,ZgnHXnu30cI,"5+Yrs, Male"
878,HMIS108,HMIS 108 - IPD Monthly Report,EBqVAQRmiPm,y1tRJxQTQCI,IN01c1,IN01c1. Bicycles  - Cases,fHgwVjoElmE,"5+Yrs, Female"
1292,HMIS108,HMIS 108 - IPD Monthly Report,EBqVAQRmiPm,Ael9lOq2Lii,IN01c2,IN01c2. Bicycles  - Deaths,VZrxjCi8cQi,"0-4Yrs, Female"
1293,HMIS108,HMIS 108 - IPD Monthly Report,EBqVAQRmiPm,Ael9lOq2Lii,IN01c2,IN01c2. Bicycles  - Deaths,ZgnHXnu30cI,"5+Yrs, Male"
1294,HMIS108,HMIS 108 - IPD Monthly Report,EBqVAQRmiPm,Ael9lOq2Lii,IN01c2,IN01c2. Bicycles  - Deaths,fHgwVjoElmE,"5+Yrs, Female"
1291,HMIS108,HMIS 108 - IPD Monthly Report,EBqVAQRmiPm,Ael9lOq2Lii,IN01c2,IN01c2. Bicycles  - Deaths,rCzvys285kN,"0-4Yrs, Male"
4284,HMIS108,HMIS 108 - IPD Monthly Report,EBqVAQRmiPm,Sxcw9x1mOur,IN01d1,IN01d1. Others  - Cases,ZgnHXnu30cI,"5+Yrs, Male"
4282,HMIS108,HMIS 108 - IPD Monthly Report,EBqVAQRmiPm,Sxcw9x1mOur,IN01d1,IN01d1. Others  - Cases,rCzvys285kN,"0-4Yrs, Male"
4283,HMIS108,HMIS 108 - IPD Monthly Report,EBqVAQRmiPm,Sxcw9x1mOur,IN01d1,IN01d1. Others  - Cases,VZrxjCi8cQi,"0-4Yrs, Female"
4285,HMIS108,HMIS 108 - IPD Monthly Report,EBqVAQRmiPm,Sxcw9x1mOur,IN01d1,IN01d1. Others  - Cases,fHgwVjoElmE,"5+Yrs, Female"
663,HMIS108,HMIS 108 - IPD Monthly Report,EBqVAQRmiPm,SOXZuO3gM8x,IN01d2,IN01d2. Others  - Deaths,VZrxjCi8cQi,"0-4Yrs, Female"
665,HMIS108,HMIS 108 - IPD Monthly Report,EBqVAQRmiPm,SOXZuO3gM8x,IN01d2,IN01d2. Others  - Deaths,fHgwVjoElmE,"5+Yrs, Female"
664,HMIS108,HMIS 108 - IPD Monthly Report,EBqVAQRmiPm,SOXZuO3gM8x,IN01d2,IN01d2. Others  - Deaths,ZgnHXnu30cI,"5+Yrs, Male"
662,HMIS108,HMIS 108 - IPD Monthly Report,EBqVAQRmiPm,SOXZuO3gM8x,IN01d2,IN01d2. Others  - Deaths,rCzvys285kN,"0-4Yrs, Male"
333,HMIS108,HMIS 108 - IPD Monthly Report,EBqVAQRmiPm,pzJFoINfkef,IN02A,IN02a. Jaw injuries  - Cases,fHgwVjoElmE,"5+Yrs, Female"
330,HMIS108,HMIS 108 - IPD Monthly Report,EBqVAQRmiPm,pzJFoINfkef,IN02A,IN02a. Jaw injuries  - Cases,rCzvys285kN,"0-4Yrs, Male"
331,HMIS108,HMIS 108 - IPD Monthly Report,EBqVAQRmiPm,pzJFoINfkef,IN02A,IN02a. Jaw injuries  - Cases,VZrxjCi8cQi,"0-4Yrs, Female"
332,HMIS108,HMIS 108 - IPD Monthly Report,EBqVAQRmiPm,pzJFoINfkef,IN02A,IN02a. Jaw injuries  - Cases,ZgnHXnu30cI,"5+Yrs, Male"
542,HMIS108,HMIS 108 - IPD Monthly Report,EBqVAQRmiPm,TdJkcRdZtZy,IN02B,IN02b. Jaw injuries  - Deaths,fHgwVjoElmE,"5+Yrs, Female"
540,HMIS108,HMIS 108 - IPD Monthly Report,EBqVAQRmiPm,TdJkcRdZtZy,IN02B,IN02b. Jaw injuries  - Deaths,VZrxjCi8cQi,"0-4Yrs, Female"
539,HMIS108,HMIS 108 - IPD Monthly Report,EBqVAQRmiPm,TdJkcRdZtZy,IN02B,IN02b. Jaw injuries  - Deaths,rCzvys285kN,"0-4Yrs, Male"
541,HMIS108,HMIS 108 - IPD Monthly Report,EBqVAQRmiPm,TdJkcRdZtZy,IN02B,IN02b. Jaw injuries  - Deaths,ZgnHXnu30cI,"5+Yrs, Male"
2587,HMIS108,HMIS 108 - IPD Monthly Report,EBqVAQRmiPm,jTWeXGk0tD9,IN03A,IN03a. Injuries - (Trauma due to other causes)  - Cases,rCzvys285kN,"0-4Yrs, Male"
2588,HMIS108,HMIS 108 - IPD Monthly Report,EBqVAQRmiPm,jTWeXGk0tD9,IN03A,IN03a. Injuries - (Trauma due to other causes)  - Cases,VZrxjCi8cQi,"0-4Yrs, Female"
2589,HMIS108,HMIS 108 - IPD Monthly Report,EBqVAQRmiPm,jTWeXGk0tD9,IN03A,IN03a. Injuries - (Trauma due to other causes)  - Cases,ZgnHXnu30cI,"5+Yrs, Male"
2590,HMIS108,HMIS 108 - IPD Monthly Report,EBqVAQRmiPm,jTWeXGk0tD9,IN03A,IN03a. Injuries - (Trauma due to other causes)  - Cases,fHgwVjoElmE,"5+Yrs, Female"
2107,HMIS108,HMIS 108 - IPD Monthly Report,EBqVAQRmiPm,d9GlyyzbtH7,IN03B,IN03b. Injuries - (Trauma due to other causes)  - Deaths,ZgnHXnu30cI,"5+Yrs, Male"
2105,HMIS108,HMIS 108 - IPD Monthly Report,EBqVAQRmiPm,d9GlyyzbtH7,IN03B,IN03b. Injuries - (Trauma due to other causes)  - Deaths,rCzvys285kN,"0-4Yrs, Male"
2108,HMIS108,HMIS 108 - IPD Monthly Report,EBqVAQRmiPm,d9GlyyzbtH7,IN03B,IN03b. Injuries - (Trauma due to other causes)  - Deaths,fHgwVjoElmE,"5+Yrs, Female"
2106,HMIS108,HMIS 108 - IPD Monthly Report,EBqVAQRmiPm,d9GlyyzbtH7,IN03B,IN03b. Injuries - (Trauma due to other causes)  - Deaths,VZrxjCi8cQi,"0-4Yrs, Female"
2122,HMIS108,HMIS 108 - IPD Monthly Report,EBqVAQRmiPm,AqulYj4FjX6,IN04a1,IN04a1. Animal bites - Domestic  - Cases,VZrxjCi8cQi,"0-4Yrs, Female"
2121,HMIS108,HMIS 108 - IPD Monthly Report,EBqVAQRmiPm,AqulYj4FjX6,IN04a1,IN04a1. Animal bites - Domestic  - Cases,rCzvys285kN,"0-4Yrs, Male"
2124,HMIS108,HMIS 108 - IPD Monthly Report,EBqVAQRmiPm,AqulYj4FjX6,IN04a1,IN04a1. Animal bites - Domestic  - Cases,fHgwVjoElmE,"5+Yrs, Female"
2123,HMIS108,HMIS 108 - IPD Monthly Report,EBqVAQRmiPm,AqulYj4FjX6,IN04a1,IN04a1. Animal bites - Domestic  - Cases,ZgnHXnu30cI,"5+Yrs, Male"
2962,HMIS108,HMIS 108 - IPD Monthly Report,EBqVAQRmiPm,tjazrX1EoOe,IN04a2,IN04a2. Animal bites - Domestic  - Deaths,rCzvys285kN,"0-4Yrs, Male"
2963,HMIS108,HMIS 108 - IPD Monthly Report,EBqVAQRmiPm,tjazrX1EoOe,IN04a2,IN04a2. Animal bites - Domestic  - Deaths,VZrxjCi8cQi,"0-4Yrs, Female"
2964,HMIS108,HMIS 108 - IPD Monthly Report,EBqVAQRmiPm,tjazrX1EoOe,IN04a2,IN04a2. Animal bites - Domestic  - Deaths,ZgnHXnu30cI,"5+Yrs, Male"
2965,HMIS108,HMIS 108 - IPD Monthly Report,EBqVAQRmiPm,tjazrX1EoOe,IN04a2,IN04a2. Animal bites - Domestic  - Deaths,fHgwVjoElmE,"5+Yrs, Female"
2561,HMIS108,HMIS 108 - IPD Monthly Report,EBqVAQRmiPm,S2el0LizOtm,IN04b1,IN04b1. Animal bites - Wild  - Cases,VZrxjCi8cQi,"0-4Yrs, Female"
2563,HMIS108,HMIS 108 - IPD Monthly Report,EBqVAQRmiPm,S2el0LizOtm,IN04b1,IN04b1. Animal bites - Wild  - Cases,fHgwVjoElmE,"5+Yrs, Female"
2562,HMIS108,HMIS 108 - IPD Monthly Report,EBqVAQRmiPm,S2el0LizOtm,IN04b1,IN04b1. Animal bites - Wild  - Cases,ZgnHXnu30cI,"5+Yrs, Male"
2560,HMIS108,HMIS 108 - IPD Monthly Report,EBqVAQRmiPm,S2el0LizOtm,IN04b1,IN04b1. Animal bites - Wild  - Cases,rCzvys285kN,"0-4Yrs, Male"
1208,HMIS108,HMIS 108 - IPD Monthly Report,EBqVAQRmiPm,OivUOeFSRuF,IN04b2,IN04b2. Animal bites - Wild  - Deaths,rCzvys285kN,"0-4Yrs, Male"
1209,HMIS108,HMIS 108 - IPD Monthly Report,EBqVAQRmiPm,OivUOeFSRuF,IN04b2,IN04b2. Animal bites - Wild  - Deaths,VZrxjCi8cQi,"0-4Yrs, Female"
1210,HMIS108,HMIS 108 - IPD Monthly Report,EBqVAQRmiPm,OivUOeFSRuF,IN04b2,IN04b2. Animal bites - Wild  - Deaths,ZgnHXnu30cI,"5+Yrs, Male"
1211,HMIS108,HMIS 108 - IPD Monthly Report,EBqVAQRmiPm,OivUOeFSRuF,IN04b2,IN04b2. Animal bites - Wild  - Deaths,fHgwVjoElmE,"5+Yrs, Female"
579,HMIS108,HMIS 108 - IPD Monthly Report,EBqVAQRmiPm,Rpwy5Jk10x9,IN04c1,IN04c1. Animal bites - Insects  - Cases,ZgnHXnu30cI,"5+Yrs, Male"
577,HMIS108,HMIS 108 - IPD Monthly Report,EBqVAQRmiPm,Rpwy5Jk10x9,IN04c1,IN04c1. Animal bites - Insects  - Cases,rCzvys285kN,"0-4Yrs, Male"
580,HMIS108,HMIS 108 - IPD Monthly Report,EBqVAQRmiPm,Rpwy5Jk10x9,IN04c1,IN04c1. Animal bites - Insects  - Cases,fHgwVjoElmE,"5+Yrs, Female"
578,HMIS108,HMIS 108 - IPD Monthly Report,EBqVAQRmiPm,Rpwy5Jk10x9,IN04c1,IN04c1. Animal bites - Insects  - Cases,VZrxjCi8cQi,"0-4Yrs, Female"
2402,HMIS108,HMIS 108 - IPD Monthly Report,EBqVAQRmiPm,Cf7Hkr5CAoY,IN04c2,IN04c2. Animal bites - Insects  - Deaths,fHgwVjoElmE,"5+Yrs, Female"
2399,HMIS108,HMIS 108 - IPD Monthly Report,EBqVAQRmiPm,Cf7Hkr5CAoY,IN04c2,IN04c2. Animal bites - Insects  - Deaths,rCzvys285kN,"0-4Yrs, Male"
2400,HMIS108,HMIS 108 - IPD Monthly Report,EBqVAQRmiPm,Cf7Hkr5CAoY,IN04c2,IN04c2. Animal bites - Insects  - Deaths,VZrxjCi8cQi,"0-4Yrs, Female"
2401,HMIS108,HMIS 108 - IPD Monthly Report,EBqVAQRmiPm,Cf7Hkr5CAoY,IN04c2,IN04c2. Animal bites - Insects  - Deaths,ZgnHXnu30cI,"5+Yrs, Male"
1042,HMIS108,HMIS 108 - IPD Monthly Report,EBqVAQRmiPm,FiSYzTGPRPV,IN05A,IN05a. Snakes bites  - Cases,fHgwVjoElmE,"5+Yrs, Female"
1039,HMIS108,HMIS 108 - IPD Monthly Report,EBqVAQRmiPm,FiSYzTGPRPV,IN05A,IN05a. Snakes bites  - Cases,rCzvys285kN,"0-4Yrs, Male"
1040,HMIS108,HMIS 108 - IPD Monthly Report,EBqVAQRmiPm,FiSYzTGPRPV,IN05A,IN05a. Snakes bites  - Cases,VZrxjCi8cQi,"0-4Yrs, Female"
1041,HMIS108,HMIS 108 - IPD Monthly Report,EBqVAQRmiPm,FiSYzTGPRPV,IN05A,IN05a. Snakes bites  - Cases,ZgnHXnu30cI,"5+Yrs, Male"
3815,HMIS108,HMIS 108 - IPD Monthly Report,EBqVAQRmiPm,KfxJMuWWKfr,IN05B,IN05b. Snakes bites  - Deaths,rCzvys285kN,"0-4Yrs, Male"
3817,HMIS108,HMIS 108 - IPD Monthly Report,EBqVAQRmiPm,KfxJMuWWKfr,IN05B,IN05b. Snakes bites  - Deaths,ZgnHXnu30cI,"5+Yrs, Male"
3816,HMIS108,HMIS 108 - IPD Monthly Report,EBqVAQRmiPm,KfxJMuWWKfr,IN05B,IN05b. Snakes bites  - Deaths,VZrxjCi8cQi,"0-4Yrs, Female"
3818,HMIS108,HMIS 108 - IPD Monthly Report,EBqVAQRmiPm,KfxJMuWWKfr,IN05B,IN05b. Snakes bites  - Deaths,fHgwVjoElmE,"5+Yrs, Female"
4021,HMIS108,HMIS 108 - IPD Monthly Report,EBqVAQRmiPm,jMCeB9KiH4n,IP01,IP01. Diagnostic,rCzvys285kN,"0-4Yrs, Male"
4024,HMIS108,HMIS 108 - IPD Monthly Report,EBqVAQRmiPm,jMCeB9KiH4n,IP01,IP01. Diagnostic,fHgwVjoElmE,"5+Yrs, Female"
4023,HMIS108,HMIS 108 - IPD Monthly Report,EBqVAQRmiPm,jMCeB9KiH4n,IP01,IP01. Diagnostic,ZgnHXnu30cI,"5+Yrs, Male"
4022,HMIS108,HMIS 108 - IPD Monthly Report,EBqVAQRmiPm,jMCeB9KiH4n,IP01,IP01. Diagnostic,VZrxjCi8cQi,"0-4Yrs, Female"
2923,HMIS108,HMIS 108 - IPD Monthly Report,EBqVAQRmiPm,F0J4YKJGDDG,IP02,IP02. Therapeutic,fHgwVjoElmE,"5+Yrs, Female"
2920,HMIS108,HMIS 108 - IPD Monthly Report,EBqVAQRmiPm,F0J4YKJGDDG,IP02,IP02. Therapeutic,rCzvys285kN,"0-4Yrs, Male"
2921,HMIS108,HMIS 108 - IPD Monthly Report,EBqVAQRmiPm,F0J4YKJGDDG,IP02,IP02. Therapeutic,VZrxjCi8cQi,"0-4Yrs, Female"
2922,HMIS108,HMIS 108 - IPD Monthly Report,EBqVAQRmiPm,F0J4YKJGDDG,IP02,IP02. Therapeutic,ZgnHXnu30cI,"5+Yrs, Male"
3364,HMIS108,HMIS 108 - IPD Monthly Report,EBqVAQRmiPm,Pn8SNyHIWV1,LD01A,LD01a. Hernias  - Cases,VZrxjCi8cQi,"0-4Yrs, Female"
3366,HMIS108,HMIS 108 - IPD Monthly Report,EBqVAQRmiPm,Pn8SNyHIWV1,LD01A,LD01a. Hernias  - Cases,fHgwVjoElmE,"5+Yrs, Female"
3365,HMIS108,HMIS 108 - IPD Monthly Report,EBqVAQRmiPm,Pn8SNyHIWV1,LD01A,LD01a. Hernias  - Cases,ZgnHXnu30cI,"5+Yrs, Male"
3363,HMIS108,HMIS 108 - IPD Monthly Report,EBqVAQRmiPm,Pn8SNyHIWV1,LD01A,LD01a. Hernias  - Cases,rCzvys285kN,"0-4Yrs, Male"
4096,HMIS108,HMIS 108 - IPD Monthly Report,EBqVAQRmiPm,VSBUiE9vbY7,LD01B,LD01b. Hernias  - Deaths,fHgwVjoElmE,"5+Yrs, Female"
4093,HMIS108,HMIS 108 - IPD Monthly Report,EBqVAQRmiPm,VSBUiE9vbY7,LD01B,LD01b. Hernias  - Deaths,rCzvys285kN,"0-4Yrs, Male"
4094,HMIS108,HMIS 108 - IPD Monthly Report,EBqVAQRmiPm,VSBUiE9vbY7,LD01B,LD01b. Hernias  - Deaths,VZrxjCi8cQi,"0-4Yrs, Female"
4095,HMIS108,HMIS 108 - IPD Monthly Report,EBqVAQRmiPm,VSBUiE9vbY7,LD01B,LD01b. Hernias  - Deaths,ZgnHXnu30cI,"5+Yrs, Male"
3812,HMIS108,HMIS 108 - IPD Monthly Report,EBqVAQRmiPm,Qkl3YRnIYeH,LD02A,LD02a. Diseases of the appendix  - Cases,VZrxjCi8cQi,"0-4Yrs, Female"
3814,HMIS108,HMIS 108 - IPD Monthly Report,EBqVAQRmiPm,Qkl3YRnIYeH,LD02A,LD02a. Diseases of the appendix  - Cases,fHgwVjoElmE,"5+Yrs, Female"
3813,HMIS108,HMIS 108 - IPD Monthly Report,EBqVAQRmiPm,Qkl3YRnIYeH,LD02A,LD02a. Diseases of the appendix  - Cases,ZgnHXnu30cI,"5+Yrs, Male"
3811,HMIS108,HMIS 108 - IPD Monthly Report,EBqVAQRmiPm,Qkl3YRnIYeH,LD02A,LD02a. Diseases of the appendix  - Cases,rCzvys285kN,"0-4Yrs, Male"
1469,HMIS108,HMIS 108 - IPD Monthly Report,EBqVAQRmiPm,ygTNuKLb0Vy,LD02B,LD02b. Diseases of the appendix  - Deaths,VZrxjCi8cQi,"0-4Yrs, Female"
1470,HMIS108,HMIS 108 - IPD Monthly Report,EBqVAQRmiPm,ygTNuKLb0Vy,LD02B,LD02b. Diseases of the appendix  - Deaths,ZgnHXnu30cI,"5+Yrs, Male"
1471,HMIS108,HMIS 108 - IPD Monthly Report,EBqVAQRmiPm,ygTNuKLb0Vy,LD02B,LD02b. Diseases of the appendix  - Deaths,fHgwVjoElmE,"5+Yrs, Female"
1468,HMIS108,HMIS 108 - IPD Monthly Report,EBqVAQRmiPm,ygTNuKLb0Vy,LD02B,LD02b. Diseases of the appendix  - Deaths,rCzvys285kN,"0-4Yrs, Male"
3988,HMIS108,HMIS 108 - IPD Monthly Report,EBqVAQRmiPm,NA5eZeN05j9,LD03A,LD03a. Diseases of the skin  - Cases,ZgnHXnu30cI,"5+Yrs, Male"
3986,HMIS108,HMIS 108 - IPD Monthly Report,EBqVAQRmiPm,NA5eZeN05j9,LD03A,LD03a. Diseases of the skin  - Cases,rCzvys285kN,"0-4Yrs, Male"
3989,HMIS108,HMIS 108 - IPD Monthly Report,EBqVAQRmiPm,NA5eZeN05j9,LD03A,LD03a. Diseases of the skin  - Cases,fHgwVjoElmE,"5+Yrs, Female"
3987,HMIS108,HMIS 108 - IPD Monthly Report,EBqVAQRmiPm,NA5eZeN05j9,LD03A,LD03a. Diseases of the skin  - Cases,VZrxjCi8cQi,"0-4Yrs, Female"
201,HMIS108,HMIS 108 - IPD Monthly Report,EBqVAQRmiPm,UVIA1adr8Zw,LD03B,LD03b. Diseases of the skin  - Deaths,rCzvys285kN,"0-4Yrs, Male"
203,HMIS108,HMIS 108 - IPD Monthly Report,EBqVAQRmiPm,UVIA1adr8Zw,LD03B,LD03b. Diseases of the skin  - Deaths,ZgnHXnu30cI,"5+Yrs, Male"
204,HMIS108,HMIS 108 - IPD Monthly Report,EBqVAQRmiPm,UVIA1adr8Zw,LD03B,LD03b. Diseases of the skin  - Deaths,fHgwVjoElmE,"5+Yrs, Female"
202,HMIS108,HMIS 108 - IPD Monthly Report,EBqVAQRmiPm,UVIA1adr8Zw,LD03B,LD03b. Diseases of the skin  - Deaths,VZrxjCi8cQi,"0-4Yrs, Female"
1429,HMIS108,HMIS 108 - IPD Monthly Report,EBqVAQRmiPm,WHhIb1H471q,LD04A,LD04a. Muscular skeletal and connective tissue diseases  - Cases,VZrxjCi8cQi,"0-4Yrs, Female"
1428,HMIS108,HMIS 108 - IPD Monthly Report,EBqVAQRmiPm,WHhIb1H471q,LD04A,LD04a. Muscular skeletal and connective tissue diseases  - Cases,rCzvys285kN,"0-4Yrs, Male"
1431,HMIS108,HMIS 108 - IPD Monthly Report,EBqVAQRmiPm,WHhIb1H471q,LD04A,LD04a. Muscular skeletal and connective tissue diseases  - Cases,fHgwVjoElmE,"5+Yrs, Female"
1430,HMIS108,HMIS 108 - IPD Monthly Report,EBqVAQRmiPm,WHhIb1H471q,LD04A,LD04a. Muscular skeletal and connective tissue diseases  - Cases,ZgnHXnu30cI,"5+Yrs, Male"
1053,HMIS108,HMIS 108 - IPD Monthly Report,EBqVAQRmiPm,S4B7SNssEeo,LD04B,LD04b. Muscular skeletal and connective tissue diseases  - Deaths,ZgnHXnu30cI,"5+Yrs, Male"
1054,HMIS108,HMIS 108 - IPD Monthly Report,EBqVAQRmiPm,S4B7SNssEeo,LD04B,LD04b. Muscular skeletal and connective tissue diseases  - Deaths,fHgwVjoElmE,"5+Yrs, Female"
1051,HMIS108,HMIS 108 - IPD Monthly Report,EBqVAQRmiPm,S4B7SNssEeo,LD04B,LD04b. Muscular skeletal and connective tissue diseases  - Deaths,rCzvys285kN,"0-4Yrs, Male"
1052,HMIS108,HMIS 108 - IPD Monthly Report,EBqVAQRmiPm,S4B7SNssEeo,LD04B,LD04b. Muscular skeletal and connective tissue diseases  - Deaths,VZrxjCi8cQi,"0-4Yrs, Female"
2316,HMIS108,HMIS 108 - IPD Monthly Report,EBqVAQRmiPm,BayF6dc48Zf,LD05A,LD05a. Genital urinary system diseases (non- infective)  - Cases,rCzvys285kN,"0-4Yrs, Male"
2319,HMIS108,HMIS 108 - IPD Monthly Report,EBqVAQRmiPm,BayF6dc48Zf,LD05A,LD05a. Genital urinary system diseases (non- infective)  - Cases,fHgwVjoElmE,"5+Yrs, Female"
2318,HMIS108,HMIS 108 - IPD Monthly Report,EBqVAQRmiPm,BayF6dc48Zf,LD05A,LD05a. Genital urinary system diseases (non- infective)  - Cases,ZgnHXnu30cI,"5+Yrs, Male"
2317,HMIS108,HMIS 108 - IPD Monthly Report,EBqVAQRmiPm,BayF6dc48Zf,LD05A,LD05a. Genital urinary system diseases (non- infective)  - Cases,VZrxjCi8cQi,"0-4Yrs, Female"
2226,HMIS108,HMIS 108 - IPD Monthly Report,EBqVAQRmiPm,JqSAy127nkG,LD05B,LD05b. Genital urinary system diseases (non- infective)  - Deaths,fHgwVjoElmE,"5+Yrs, Female"
2223,HMIS108,HMIS 108 - IPD Monthly Report,EBqVAQRmiPm,JqSAy127nkG,LD05B,LD05b. Genital urinary system diseases (non- infective)  - Deaths,rCzvys285kN,"0-4Yrs, Male"
2224,HMIS108,HMIS 108 - IPD Monthly Report,EBqVAQRmiPm,JqSAy127nkG,LD05B,LD05b. Genital urinary system diseases (non- infective)  - Deaths,VZrxjCi8cQi,"0-4Yrs, Female"
2225,HMIS108,HMIS 108 - IPD Monthly Report,EBqVAQRmiPm,JqSAy127nkG,LD05B,LD05b. Genital urinary system diseases (non- infective)  - Deaths,ZgnHXnu30cI,"5+Yrs, Male"
2188,HMIS108,HMIS 108 - IPD Monthly Report,EBqVAQRmiPm,dmos1rqHz1C,LD06A,LD06a. Congenital malformations and chromosome abnormalities  - Cases,rCzvys285kN,"0-4Yrs, Male"
2191,HMIS108,HMIS 108 - IPD Monthly Report,EBqVAQRmiPm,dmos1rqHz1C,LD06A,LD06a. Congenital malformations and chromosome abnormalities  - Cases,fHgwVjoElmE,"5+Yrs, Female"
2190,HMIS108,HMIS 108 - IPD Monthly Report,EBqVAQRmiPm,dmos1rqHz1C,LD06A,LD06a. Congenital malformations and chromosome abnormalities  - Cases,ZgnHXnu30cI,"5+Yrs, Male"
2189,HMIS108,HMIS 108 - IPD Monthly Report,EBqVAQRmiPm,dmos1rqHz1C,LD06A,LD06a. Congenital malformations and chromosome abnormalities  - Cases,VZrxjCi8cQi,"0-4Yrs, Female"
150,HMIS108,HMIS 108 - IPD Monthly Report,EBqVAQRmiPm,CPggKpmOySl,LD06B,LD06b. Congenital malformations and chromosome abnormalities  - Deaths,fHgwVjoElmE,"5+Yrs, Female"
147,HMIS108,HMIS 108 - IPD Monthly Report,EBqVAQRmiPm,CPggKpmOySl,LD06B,LD06b. Congenital malformations and chromosome abnormalities  - Deaths,rCzvys285kN,"0-4Yrs, Male"
148,HMIS108,HMIS 108 - IPD Monthly Report,EBqVAQRmiPm,CPggKpmOySl,LD06B,LD06b. Congenital malformations and chromosome abnormalities  - Deaths,VZrxjCi8cQi,"0-4Yrs, Female"
149,HMIS108,HMIS 108 - IPD Monthly Report,EBqVAQRmiPm,CPggKpmOySl,LD06B,LD06b. Congenital malformations and chromosome abnormalities  - Deaths,ZgnHXnu30cI,"5+Yrs, Male"
1143,HMIS108,HMIS 108 - IPD Monthly Report,EBqVAQRmiPm,fK0miFW7Gws,LD07A,LD07a. Complications of medical and surgical care  - Cases,rCzvys285kN,"0-4Yrs, Male"
1146,HMIS108,HMIS 108 - IPD Monthly Report,EBqVAQRmiPm,fK0miFW7Gws,LD07A,LD07a. Complications of medical and surgical care  - Cases,fHgwVjoElmE,"5+Yrs, Female"
1145,HMIS108,HMIS 108 - IPD Monthly Report,EBqVAQRmiPm,fK0miFW7Gws,LD07A,LD07a. Complications of medical and surgical care  - Cases,ZgnHXnu30cI,"5+Yrs, Male"
1144,HMIS108,HMIS 108 - IPD Monthly Report,EBqVAQRmiPm,fK0miFW7Gws,LD07A,LD07a. Complications of medical and surgical care  - Cases,VZrxjCi8cQi,"0-4Yrs, Female"
9,HMIS108,HMIS 108 - IPD Monthly Report,EBqVAQRmiPm,wZlUyHUI8dk,LD07B,LD07b. Complications of medical and surgical care  - Deaths,rCzvys285kN,"0-4Yrs, Male"
12,HMIS108,HMIS 108 - IPD Monthly Report,EBqVAQRmiPm,wZlUyHUI8dk,LD07B,LD07b. Complications of medical and surgical care  - Deaths,fHgwVjoElmE,"5+Yrs, Female"
11,HMIS108,HMIS 108 - IPD Monthly Report,EBqVAQRmiPm,wZlUyHUI8dk,LD07B,LD07b. Complications of medical and surgical care  - Deaths,ZgnHXnu30cI,"5+Yrs, Male"
10,HMIS108,HMIS 108 - IPD Monthly Report,EBqVAQRmiPm,wZlUyHUI8dk,LD07B,LD07b. Complications of medical and surgical care  - Deaths,VZrxjCi8cQi,"0-4Yrs, Female"
2854,HMIS108,HMIS 108 - IPD Monthly Report,EBqVAQRmiPm,HbYbBXc0iwg,LD08A,LD08a. Benign neoplasm-s (all types)  - Cases,rCzvys285kN,"0-4Yrs, Male"
2856,HMIS108,HMIS 108 - IPD Monthly Report,EBqVAQRmiPm,HbYbBXc0iwg,LD08A,LD08a. Benign neoplasm-s (all types)  - Cases,ZgnHXnu30cI,"5+Yrs, Male"
2857,HMIS108,HMIS 108 - IPD Monthly Report,EBqVAQRmiPm,HbYbBXc0iwg,LD08A,LD08a. Benign neoplasm-s (all types)  - Cases,fHgwVjoElmE,"5+Yrs, Female"
2855,HMIS108,HMIS 108 - IPD Monthly Report,EBqVAQRmiPm,HbYbBXc0iwg,LD08A,LD08a. Benign neoplasm-s (all types)  - Cases,VZrxjCi8cQi,"0-4Yrs, Female"
2115,HMIS108,HMIS 108 - IPD Monthly Report,EBqVAQRmiPm,SBCcx0wiuUd,LD08B,LD08b. Benign neoplasm-s (all types)  - Deaths,fHgwVjoElmE,"5+Yrs, Female"
2113,HMIS108,HMIS 108 - IPD Monthly Report,EBqVAQRmiPm,SBCcx0wiuUd,LD08B,LD08b. Benign neoplasm-s (all types)  - Deaths,VZrxjCi8cQi,"0-4Yrs, Female"
2114,HMIS108,HMIS 108 - IPD Monthly Report,EBqVAQRmiPm,SBCcx0wiuUd,LD08B,LD08b. Benign neoplasm-s (all types)  - Deaths,ZgnHXnu30cI,"5+Yrs, Male"
2112,HMIS108,HMIS 108 - IPD Monthly Report,EBqVAQRmiPm,SBCcx0wiuUd,LD08B,LD08b. Benign neoplasm-s (all types)  - Deaths,rCzvys285kN,"0-4Yrs, Male"
4071,HMIS108,HMIS 108 - IPD Monthly Report,EBqVAQRmiPm,REXHANFrEJC,LD09A,LD09a. Coetaneous ulcers  - Cases,VZrxjCi8cQi,"0-4Yrs, Female"
4070,HMIS108,HMIS 108 - IPD Monthly Report,EBqVAQRmiPm,REXHANFrEJC,LD09A,LD09a. Coetaneous ulcers  - Cases,rCzvys285kN,"0-4Yrs, Male"
4073,HMIS108,HMIS 108 - IPD Monthly Report,EBqVAQRmiPm,REXHANFrEJC,LD09A,LD09a. Coetaneous ulcers  - Cases,fHgwVjoElmE,"5+Yrs, Female"
4072,HMIS108,HMIS 108 - IPD Monthly Report,EBqVAQRmiPm,REXHANFrEJC,LD09A,LD09a. Coetaneous ulcers  - Cases,ZgnHXnu30cI,"5+Yrs, Male"
4224,HMIS108,HMIS 108 - IPD Monthly Report,EBqVAQRmiPm,sXHc5qzfGc4,LD09B,LD09b. Coetaneous ulcersv  - Deaths,ZgnHXnu30cI,"5+Yrs, Male"
4222,HMIS108,HMIS 108 - IPD Monthly Report,EBqVAQRmiPm,sXHc5qzfGc4,LD09B,LD09b. Coetaneous ulcersv  - Deaths,rCzvys285kN,"0-4Yrs, Male"
4225,HMIS108,HMIS 108 - IPD Monthly Report,EBqVAQRmiPm,sXHc5qzfGc4,LD09B,LD09b. Coetaneous ulcersv  - Deaths,fHgwVjoElmE,"5+Yrs, Female"
4223,HMIS108,HMIS 108 - IPD Monthly Report,EBqVAQRmiPm,sXHc5qzfGc4,LD09B,LD09b. Coetaneous ulcersv  - Deaths,VZrxjCi8cQi,"0-4Yrs, Female"
208,HMIS108,HMIS 108 - IPD Monthly Report,EBqVAQRmiPm,LFFHoPWVivy,MA01,MA01. Diagnostic,fHgwVjoElmE,"5+Yrs, Female"
206,HMIS108,HMIS 108 - IPD Monthly Report,EBqVAQRmiPm,LFFHoPWVivy,MA01,MA01. Diagnostic,VZrxjCi8cQi,"0-4Yrs, Female"
205,HMIS108,HMIS 108 - IPD Monthly Report,EBqVAQRmiPm,LFFHoPWVivy,MA01,MA01. Diagnostic,rCzvys285kN,"0-4Yrs, Male"
207,HMIS108,HMIS 108 - IPD Monthly Report,EBqVAQRmiPm,LFFHoPWVivy,MA01,MA01. Diagnostic,ZgnHXnu30cI,"5+Yrs, Male"
782,HMIS108,HMIS 108 - IPD Monthly Report,EBqVAQRmiPm,jJ5h2IlSZ01,MA02,MA02. Screening,ZgnHXnu30cI,"5+Yrs, Male"
781,HMIS108,HMIS 108 - IPD Monthly Report,EBqVAQRmiPm,jJ5h2IlSZ01,MA02,MA02. Screening,VZrxjCi8cQi,"0-4Yrs, Female"
780,HMIS108,HMIS 108 - IPD Monthly Report,EBqVAQRmiPm,jJ5h2IlSZ01,MA02,MA02. Screening,rCzvys285kN,"0-4Yrs, Male"
783,HMIS108,HMIS 108 - IPD Monthly Report,EBqVAQRmiPm,jJ5h2IlSZ01,MA02,MA02. Screening,fHgwVjoElmE,"5+Yrs, Female"
3003,HMIS108,HMIS 108 - IPD Monthly Report,EBqVAQRmiPm,I0gnbdMZnJ8,MA03,MA03. Galactography,VZrxjCi8cQi,"0-4Yrs, Female"
3005,HMIS108,HMIS 108 - IPD Monthly Report,EBqVAQRmiPm,I0gnbdMZnJ8,MA03,MA03. Galactography,fHgwVjoElmE,"5+Yrs, Female"
3004,HMIS108,HMIS 108 - IPD Monthly Report,EBqVAQRmiPm,I0gnbdMZnJ8,MA03,MA03. Galactography,ZgnHXnu30cI,"5+Yrs, Male"
3002,HMIS108,HMIS 108 - IPD Monthly Report,EBqVAQRmiPm,I0gnbdMZnJ8,MA03,MA03. Galactography,rCzvys285kN,"0-4Yrs, Male"
3728,HMIS108,HMIS 108 - IPD Monthly Report,EBqVAQRmiPm,E8rU6SWAcIB,MC01,MC01. Reproductive system,rCzvys285kN,"0-4Yrs, Male"
3730,HMIS108,HMIS 108 - IPD Monthly Report,EBqVAQRmiPm,E8rU6SWAcIB,MC01,MC01. Reproductive system,ZgnHXnu30cI,"5+Yrs, Male"
3731,HMIS108,HMIS 108 - IPD Monthly Report,EBqVAQRmiPm,E8rU6SWAcIB,MC01,MC01. Reproductive system,fHgwVjoElmE,"5+Yrs, Female"
3729,HMIS108,HMIS 108 - IPD Monthly Report,EBqVAQRmiPm,E8rU6SWAcIB,MC01,MC01. Reproductive system,VZrxjCi8cQi,"0-4Yrs, Female"
267,HMIS108,HMIS 108 - IPD Monthly Report,EBqVAQRmiPm,DHoJw575WLD,MC01A,MC01a. Abortions due to Gender Based Violence (GBV)  - Cases,dqUlEsSUs8w,"20-24Yrs"
265,HMIS108,HMIS 108 - IPD Monthly Report,EBqVAQRmiPm,DHoJw575WLD,MC01A,MC01a. Abortions due to Gender Based Violence (GBV)  - Cases,Kq56swi3KAi,"10-14Yrs"
266,HMIS108,HMIS 108 - IPD Monthly Report,EBqVAQRmiPm,DHoJw575WLD,MC01A,MC01a. Abortions due to Gender Based Violence (GBV)  - Cases,oVc5PtW8IsH,"15-19Yrs"
268,HMIS108,HMIS 108 - IPD Monthly Report,EBqVAQRmiPm,DHoJw575WLD,MC01A,MC01a. Abortions due to Gender Based Violence (GBV)  - Cases,xgiuSKF9lKY,"25-49Yrs"
269,HMIS108,HMIS 108 - IPD Monthly Report,EBqVAQRmiPm,DHoJw575WLD,MC01A,MC01a. Abortions due to Gender Based Violence (GBV)  - Cases,WQ8FzlyAWIM,"50+Yrs"
2805,HMIS108,HMIS 108 - IPD Monthly Report,EBqVAQRmiPm,zkn2qShb3US,MC01B,MC01b. Abortions due to Gender Based Violence (GBV)  - Deaths,Kq56swi3KAi,"10-14Yrs"
2806,HMIS108,HMIS 108 - IPD Monthly Report,EBqVAQRmiPm,zkn2qShb3US,MC01B,MC01b. Abortions due to Gender Based Violence (GBV)  - Deaths,oVc5PtW8IsH,"15-19Yrs"
2807,HMIS108,HMIS 108 - IPD Monthly Report,EBqVAQRmiPm,zkn2qShb3US,MC01B,MC01b. Abortions due to Gender Based Violence (GBV)  - Deaths,dqUlEsSUs8w,"20-24Yrs"
2808,HMIS108,HMIS 108 - IPD Monthly Report,EBqVAQRmiPm,zkn2qShb3US,MC01B,MC01b. Abortions due to Gender Based Violence (GBV)  - Deaths,xgiuSKF9lKY,"25-49Yrs"
2809,HMIS108,HMIS 108 - IPD Monthly Report,EBqVAQRmiPm,zkn2qShb3US,MC01B,MC01b. Abortions due to Gender Based Violence (GBV)  - Deaths,WQ8FzlyAWIM,"50+Yrs"
947,HMIS108,HMIS 108 - IPD Monthly Report,EBqVAQRmiPm,WBzy5Tcl3gQ,MC02,MC02. Hysterosalpingography,rCzvys285kN,"0-4Yrs, Male"
950,HMIS108,HMIS 108 - IPD Monthly Report,EBqVAQRmiPm,WBzy5Tcl3gQ,MC02,MC02. Hysterosalpingography,fHgwVjoElmE,"5+Yrs, Female"
949,HMIS108,HMIS 108 - IPD Monthly Report,EBqVAQRmiPm,WBzy5Tcl3gQ,MC02,MC02. Hysterosalpingography,ZgnHXnu30cI,"5+Yrs, Male"
948,HMIS108,HMIS 108 - IPD Monthly Report,EBqVAQRmiPm,WBzy5Tcl3gQ,MC02,MC02. Hysterosalpingography,VZrxjCi8cQi,"0-4Yrs, Female"
4029,HMIS108,HMIS 108 - IPD Monthly Report,EBqVAQRmiPm,crZ9DO45S89,MC02A,MC02a. Abortions due to other causes  - Cases,Kq56swi3KAi,"10-14Yrs"
4030,HMIS108,HMIS 108 - IPD Monthly Report,EBqVAQRmiPm,crZ9DO45S89,MC02A,MC02a. Abortions due to other causes  - Cases,oVc5PtW8IsH,"15-19Yrs"
4033,HMIS108,HMIS 108 - IPD Monthly Report,EBqVAQRmiPm,crZ9DO45S89,MC02A,MC02a. Abortions due to other causes  - Cases,WQ8FzlyAWIM,"50+Yrs"
4032,HMIS108,HMIS 108 - IPD Monthly Report,EBqVAQRmiPm,crZ9DO45S89,MC02A,MC02a. Abortions due to other causes  - Cases,xgiuSKF9lKY,"25-49Yrs"
4031,HMIS108,HMIS 108 - IPD Monthly Report,EBqVAQRmiPm,crZ9DO45S89,MC02A,MC02a. Abortions due to other causes  - Cases,dqUlEsSUs8w,"20-24Yrs"
2801,HMIS108,HMIS 108 - IPD Monthly Report,EBqVAQRmiPm,RVcTJPya585,MC02B,MC02b. Abortions due to other causes  - Deaths,oVc5PtW8IsH,"15-19Yrs"
2802,HMIS108,HMIS 108 - IPD Monthly Report,EBqVAQRmiPm,RVcTJPya585,MC02B,MC02b. Abortions due to other causes  - Deaths,dqUlEsSUs8w,"20-24Yrs"
2803,HMIS108,HMIS 108 - IPD Monthly Report,EBqVAQRmiPm,RVcTJPya585,MC02B,MC02b. Abortions due to other causes  - Deaths,xgiuSKF9lKY,"25-49Yrs"
2804,HMIS108,HMIS 108 - IPD Monthly Report,EBqVAQRmiPm,RVcTJPya585,MC02B,MC02b. Abortions due to other causes  - Deaths,WQ8FzlyAWIM,"50+Yrs"
2800,HMIS108,HMIS 108 - IPD Monthly Report,EBqVAQRmiPm,RVcTJPya585,MC02B,MC02b. Abortions due to other causes  - Deaths,Kq56swi3KAi,"10-14Yrs"
1034,HMIS108,HMIS 108 - IPD Monthly Report,EBqVAQRmiPm,JYcSrtHDFbf,MC03,MC03. Sialography,fHgwVjoElmE,"5+Yrs, Female"
1031,HMIS108,HMIS 108 - IPD Monthly Report,EBqVAQRmiPm,JYcSrtHDFbf,MC03,MC03. Sialography,rCzvys285kN,"0-4Yrs, Male"
1032,HMIS108,HMIS 108 - IPD Monthly Report,EBqVAQRmiPm,JYcSrtHDFbf,MC03,MC03. Sialography,VZrxjCi8cQi,"0-4Yrs, Female"
1033,HMIS108,HMIS 108 - IPD Monthly Report,EBqVAQRmiPm,JYcSrtHDFbf,MC03,MC03. Sialography,ZgnHXnu30cI,"5+Yrs, Male"
2138,HMIS108,HMIS 108 - IPD Monthly Report,EBqVAQRmiPm,QmlhUL99jdt,MC03A,MC03a. Malaria in pregnancy  - Cases,oVc5PtW8IsH,"15-19Yrs"
2139,HMIS108,HMIS 108 - IPD Monthly Report,EBqVAQRmiPm,QmlhUL99jdt,MC03A,MC03a. Malaria in pregnancy  - Cases,dqUlEsSUs8w,"20-24Yrs"
2140,HMIS108,HMIS 108 - IPD Monthly Report,EBqVAQRmiPm,QmlhUL99jdt,MC03A,MC03a. Malaria in pregnancy  - Cases,xgiuSKF9lKY,"25-49Yrs"
2141,HMIS108,HMIS 108 - IPD Monthly Report,EBqVAQRmiPm,QmlhUL99jdt,MC03A,MC03a. Malaria in pregnancy  - Cases,WQ8FzlyAWIM,"50+Yrs"
2137,HMIS108,HMIS 108 - IPD Monthly Report,EBqVAQRmiPm,QmlhUL99jdt,MC03A,MC03a. Malaria in pregnancy  - Cases,Kq56swi3KAi,"10-14Yrs"
1453,HMIS108,HMIS 108 - IPD Monthly Report,EBqVAQRmiPm,NQ7dTz23aAa,MC03B,MC03b. Malaria in pregnancy  - Deaths,xgiuSKF9lKY,"25-49Yrs"
1450,HMIS108,HMIS 108 - IPD Monthly Report,EBqVAQRmiPm,NQ7dTz23aAa,MC03B,MC03b. Malaria in pregnancy  - Deaths,Kq56swi3KAi,"10-14Yrs"
1452,HMIS108,HMIS 108 - IPD Monthly Report,EBqVAQRmiPm,NQ7dTz23aAa,MC03B,MC03b. Malaria in pregnancy  - Deaths,dqUlEsSUs8w,"20-24Yrs"
1451,HMIS108,HMIS 108 - IPD Monthly Report,EBqVAQRmiPm,NQ7dTz23aAa,MC03B,MC03b. Malaria in pregnancy  - Deaths,oVc5PtW8IsH,"15-19Yrs"
1454,HMIS108,HMIS 108 - IPD Monthly Report,EBqVAQRmiPm,NQ7dTz23aAa,MC03B,MC03b. Malaria in pregnancy  - Deaths,WQ8FzlyAWIM,"50+Yrs"
4152,HMIS108,HMIS 108 - IPD Monthly Report,EBqVAQRmiPm,ZavQSFEftEi,MC04,MC04. Fistulography,rCzvys285kN,"0-4Yrs, Male"
4153,HMIS108,HMIS 108 - IPD Monthly Report,EBqVAQRmiPm,ZavQSFEftEi,MC04,MC04. Fistulography,VZrxjCi8cQi,"0-4Yrs, Female"
4154,HMIS108,HMIS 108 - IPD Monthly Report,EBqVAQRmiPm,ZavQSFEftEi,MC04,MC04. Fistulography,ZgnHXnu30cI,"5+Yrs, Male"
4155,HMIS108,HMIS 108 - IPD Monthly Report,EBqVAQRmiPm,ZavQSFEftEi,MC04,MC04. Fistulography,fHgwVjoElmE,"5+Yrs, Female"
1395,HMIS108,HMIS 108 - IPD Monthly Report,EBqVAQRmiPm,Y1biSYPLuHl,MC04A,MC04a. High blood pressure in pregnancy  - Cases,dqUlEsSUs8w,"20-24Yrs"
1397,HMIS108,HMIS 108 - IPD Monthly Report,EBqVAQRmiPm,Y1biSYPLuHl,MC04A,MC04a. High blood pressure in pregnancy  - Cases,WQ8FzlyAWIM,"50+Yrs"
1394,HMIS108,HMIS 108 - IPD Monthly Report,EBqVAQRmiPm,Y1biSYPLuHl,MC04A,MC04a. High blood pressure in pregnancy  - Cases,oVc5PtW8IsH,"15-19Yrs"
1393,HMIS108,HMIS 108 - IPD Monthly Report,EBqVAQRmiPm,Y1biSYPLuHl,MC04A,MC04a. High blood pressure in pregnancy  - Cases,Kq56swi3KAi,"10-14Yrs"
1396,HMIS108,HMIS 108 - IPD Monthly Report,EBqVAQRmiPm,Y1biSYPLuHl,MC04A,MC04a. High blood pressure in pregnancy  - Cases,xgiuSKF9lKY,"25-49Yrs"
635,HMIS108,HMIS 108 - IPD Monthly Report,EBqVAQRmiPm,qhCSSSr8F97,MC04B,MC04b. High blood pressure in pregnancy  - Deaths,xgiuSKF9lKY,"25-49Yrs"
632,HMIS108,HMIS 108 - IPD Monthly Report,EBqVAQRmiPm,qhCSSSr8F97,MC04B,MC04b. High blood pressure in pregnancy  - Deaths,Kq56swi3KAi,"10-14Yrs"
633,HMIS108,HMIS 108 - IPD Monthly Report,EBqVAQRmiPm,qhCSSSr8F97,MC04B,MC04b. High blood pressure in pregnancy  - Deaths,oVc5PtW8IsH,"15-19Yrs"
636,HMIS108,HMIS 108 - IPD Monthly Report,EBqVAQRmiPm,qhCSSSr8F97,MC04B,MC04b. High blood pressure in pregnancy  - Deaths,WQ8FzlyAWIM,"50+Yrs"
634,HMIS108,HMIS 108 - IPD Monthly Report,EBqVAQRmiPm,qhCSSSr8F97,MC04B,MC04b. High blood pressure in pregnancy  - Deaths,dqUlEsSUs8w,"20-24Yrs"
87,HMIS108,HMIS 108 - IPD Monthly Report,EBqVAQRmiPm,BPsIQouk7LK,MC05A,MC05a. Obstructed labour  - Cases,oVc5PtW8IsH,"15-19Yrs"
86,HMIS108,HMIS 108 - IPD Monthly Report,EBqVAQRmiPm,BPsIQouk7LK,MC05A,MC05a. Obstructed labour  - Cases,Kq56swi3KAi,"10-14Yrs"
90,HMIS108,HMIS 108 - IPD Monthly Report,EBqVAQRmiPm,BPsIQouk7LK,MC05A,MC05a. Obstructed labour  - Cases,WQ8FzlyAWIM,"50+Yrs"
89,HMIS108,HMIS 108 - IPD Monthly Report,EBqVAQRmiPm,BPsIQouk7LK,MC05A,MC05a. Obstructed labour  - Cases,xgiuSKF9lKY,"25-49Yrs"
88,HMIS108,HMIS 108 - IPD Monthly Report,EBqVAQRmiPm,BPsIQouk7LK,MC05A,MC05a. Obstructed labour  - Cases,dqUlEsSUs8w,"20-24Yrs"
3309,HMIS108,HMIS 108 - IPD Monthly Report,EBqVAQRmiPm,yRooH6UG4le,MC05B,MC05b. Obstructed labour  - Deaths,dqUlEsSUs8w,"20-24Yrs"
3310,HMIS108,HMIS 108 - IPD Monthly Report,EBqVAQRmiPm,yRooH6UG4le,MC05B,MC05b. Obstructed labour  - Deaths,xgiuSKF9lKY,"25-49Yrs"
3311,HMIS108,HMIS 108 - IPD Monthly Report,EBqVAQRmiPm,yRooH6UG4le,MC05B,MC05b. Obstructed labour  - Deaths,WQ8FzlyAWIM,"50+Yrs"
3307,HMIS108,HMIS 108 - IPD Monthly Report,EBqVAQRmiPm,yRooH6UG4le,MC05B,MC05b. Obstructed labour  - Deaths,Kq56swi3KAi,"10-14Yrs"
3308,HMIS108,HMIS 108 - IPD Monthly Report,EBqVAQRmiPm,yRooH6UG4le,MC05B,MC05b. Obstructed labour  - Deaths,oVc5PtW8IsH,"15-19Yrs"
4180,HMIS108,HMIS 108 - IPD Monthly Report,EBqVAQRmiPm,ZUpS5SUz7Zf,MC06A,MC06a. Haemorrhage related to pregnancy (APH or PPH)  - Cases,WQ8FzlyAWIM,"50+Yrs"
4156,HMIS108,HMIS 108 - IPD Monthly Report,EBqVAQRmiPm,ZUpS5SUz7Zf,MC06A,MC06a. Haemorrhage related to pregnancy (APH or PPH)  - Cases,lMia9HGX5GB,"10-14Yrs, Male, APH"
4157,HMIS108,HMIS 108 - IPD Monthly Report,EBqVAQRmiPm,ZUpS5SUz7Zf,MC06A,MC06a. Haemorrhage related to pregnancy (APH or PPH)  - Cases,NFGmr82EyFC,"10-14Yrs, Male, PPH"
4158,HMIS108,HMIS 108 - IPD Monthly Report,EBqVAQRmiPm,ZUpS5SUz7Zf,MC06A,MC06a. Haemorrhage related to pregnancy (APH or PPH)  - Cases,LUeYf4bzMHH,"10-14Yrs, Female, APH"
4159,HMIS108,HMIS 108 - IPD Monthly Report,EBqVAQRmiPm,ZUpS5SUz7Zf,MC06A,MC06a. Haemorrhage related to pregnancy (APH or PPH)  - Cases,k695c5imRv9,"10-14Yrs, Female, PPH"
4160,HMIS108,HMIS 108 - IPD Monthly Report,EBqVAQRmiPm,ZUpS5SUz7Zf,MC06A,MC06a. Haemorrhage related to pregnancy (APH or PPH)  - Cases,cY3az39am2A,"15-19Yrs, Male, APH"
4161,HMIS108,HMIS 108 - IPD Monthly Report,EBqVAQRmiPm,ZUpS5SUz7Zf,MC06A,MC06a. Haemorrhage related to pregnancy (APH or PPH)  - Cases,RpILCCx5sJR,"15-19Yrs, Male, PPH"
4162,HMIS108,HMIS 108 - IPD Monthly Report,EBqVAQRmiPm,ZUpS5SUz7Zf,MC06A,MC06a. Haemorrhage related to pregnancy (APH or PPH)  - Cases,Dr8RVmsMrjG,"15-19Yrs, Female, APH"
4163,HMIS108,HMIS 108 - IPD Monthly Report,EBqVAQRmiPm,ZUpS5SUz7Zf,MC06A,MC06a. Haemorrhage related to pregnancy (APH or PPH)  - Cases,oc8Bqjbk5b7,"15-19Yrs, Female, PPH"
4164,HMIS108,HMIS 108 - IPD Monthly Report,EBqVAQRmiPm,ZUpS5SUz7Zf,MC06A,MC06a. Haemorrhage related to pregnancy (APH or PPH)  - Cases,qBY48Po2myZ,"20-24Yrs, Male, APH"
4165,HMIS108,HMIS 108 - IPD Monthly Report,EBqVAQRmiPm,ZUpS5SUz7Zf,MC06A,MC06a. Haemorrhage related to pregnancy (APH or PPH)  - Cases,NnRHQgASNoG,"20-24Yrs, Male, PPH"
4166,HMIS108,HMIS 108 - IPD Monthly Report,EBqVAQRmiPm,ZUpS5SUz7Zf,MC06A,MC06a. Haemorrhage related to pregnancy (APH or PPH)  - Cases,pd5SpilDGzm,"20-24Yrs, Female, APH"
4167,HMIS108,HMIS 108 - IPD Monthly Report,EBqVAQRmiPm,ZUpS5SUz7Zf,MC06A,MC06a. Haemorrhage related to pregnancy (APH or PPH)  - Cases,yKuRtW430La,"20-24Yrs, Female, PPH"
4168,HMIS108,HMIS 108 - IPD Monthly Report,EBqVAQRmiPm,ZUpS5SUz7Zf,MC06A,MC06a. Haemorrhage related to pregnancy (APH or PPH)  - Cases,Yh9BUl7wOlq,"25-49Yrs, Male, APH"
4169,HMIS108,HMIS 108 - IPD Monthly Report,EBqVAQRmiPm,ZUpS5SUz7Zf,MC06A,MC06a. Haemorrhage related to pregnancy (APH or PPH)  - Cases,fkADImpwXj1,"25-49Yrs, Male, PPH"
4170,HMIS108,HMIS 108 - IPD Monthly Report,EBqVAQRmiPm,ZUpS5SUz7Zf,MC06A,MC06a. Haemorrhage related to pregnancy (APH or PPH)  - Cases,muohNzhl6b4,"25-49Yrs, Female, APH"
4171,HMIS108,HMIS 108 - IPD Monthly Report,EBqVAQRmiPm,ZUpS5SUz7Zf,MC06A,MC06a. Haemorrhage related to pregnancy (APH or PPH)  - Cases,ZsVdlnhMsPS,"25-49Yrs, Female, PPH"
4172,HMIS108,HMIS 108 - IPD Monthly Report,EBqVAQRmiPm,ZUpS5SUz7Zf,MC06A,MC06a. Haemorrhage related to pregnancy (APH or PPH)  - Cases,imELtBWfoOH,"50+Yrs, Male, APH"
4173,HMIS108,HMIS 108 - IPD Monthly Report,EBqVAQRmiPm,ZUpS5SUz7Zf,MC06A,MC06a. Haemorrhage related to pregnancy (APH or PPH)  - Cases,VFFHJa3AvtA,"50+Yrs, Male, PPH"
4174,HMIS108,HMIS 108 - IPD Monthly Report,EBqVAQRmiPm,ZUpS5SUz7Zf,MC06A,MC06a. Haemorrhage related to pregnancy (APH or PPH)  - Cases,spzAtkez2O5,"50+Yrs, Female, APH"
4175,HMIS108,HMIS 108 - IPD Monthly Report,EBqVAQRmiPm,ZUpS5SUz7Zf,MC06A,MC06a. Haemorrhage related to pregnancy (APH or PPH)  - Cases,gRPdcJ3T0Ha,"50+Yrs, Female, PPH"
4176,HMIS108,HMIS 108 - IPD Monthly Report,EBqVAQRmiPm,ZUpS5SUz7Zf,MC06A,MC06a. Haemorrhage related to pregnancy (APH or PPH)  - Cases,Kq56swi3KAi,"10-14Yrs"
4177,HMIS108,HMIS 108 - IPD Monthly Report,EBqVAQRmiPm,ZUpS5SUz7Zf,MC06A,MC06a. Haemorrhage related to pregnancy (APH or PPH)  - Cases,oVc5PtW8IsH,"15-19Yrs"
4178,HMIS108,HMIS 108 - IPD Monthly Report,EBqVAQRmiPm,ZUpS5SUz7Zf,MC06A,MC06a. Haemorrhage related to pregnancy (APH or PPH)  - Cases,dqUlEsSUs8w,"20-24Yrs"
4179,HMIS108,HMIS 108 - IPD Monthly Report,EBqVAQRmiPm,ZUpS5SUz7Zf,MC06A,MC06a. Haemorrhage related to pregnancy (APH or PPH)  - Cases,xgiuSKF9lKY,"25-49Yrs"
3754,HMIS108,HMIS 108 - IPD Monthly Report,EBqVAQRmiPm,NiFpmskP3EW,MC06B,MC06b. Haemorrhage related to pregnancy (APH or PPH)  - Deaths,lMia9HGX5GB,"10-14Yrs, Male, APH"
3778,HMIS108,HMIS 108 - IPD Monthly Report,EBqVAQRmiPm,NiFpmskP3EW,MC06B,MC06b. Haemorrhage related to pregnancy (APH or PPH)  - Deaths,WQ8FzlyAWIM,"50+Yrs"
3777,HMIS108,HMIS 108 - IPD Monthly Report,EBqVAQRmiPm,NiFpmskP3EW,MC06B,MC06b. Haemorrhage related to pregnancy (APH or PPH)  - Deaths,xgiuSKF9lKY,"25-49Yrs"
3776,HMIS108,HMIS 108 - IPD Monthly Report,EBqVAQRmiPm,NiFpmskP3EW,MC06B,MC06b. Haemorrhage related to pregnancy (APH or PPH)  - Deaths,dqUlEsSUs8w,"20-24Yrs"
3775,HMIS108,HMIS 108 - IPD Monthly Report,EBqVAQRmiPm,NiFpmskP3EW,MC06B,MC06b. Haemorrhage related to pregnancy (APH or PPH)  - Deaths,oVc5PtW8IsH,"15-19Yrs"
3774,HMIS108,HMIS 108 - IPD Monthly Report,EBqVAQRmiPm,NiFpmskP3EW,MC06B,MC06b. Haemorrhage related to pregnancy (APH or PPH)  - Deaths,Kq56swi3KAi,"10-14Yrs"
3773,HMIS108,HMIS 108 - IPD Monthly Report,EBqVAQRmiPm,NiFpmskP3EW,MC06B,MC06b. Haemorrhage related to pregnancy (APH or PPH)  - Deaths,gRPdcJ3T0Ha,"50+Yrs, Female, PPH"
3772,HMIS108,HMIS 108 - IPD Monthly Report,EBqVAQRmiPm,NiFpmskP3EW,MC06B,MC06b. Haemorrhage related to pregnancy (APH or PPH)  - Deaths,spzAtkez2O5,"50+Yrs, Female, APH"
3771,HMIS108,HMIS 108 - IPD Monthly Report,EBqVAQRmiPm,NiFpmskP3EW,MC06B,MC06b. Haemorrhage related to pregnancy (APH or PPH)  - Deaths,VFFHJa3AvtA,"50+Yrs, Male, PPH"
3770,HMIS108,HMIS 108 - IPD Monthly Report,EBqVAQRmiPm,NiFpmskP3EW,MC06B,MC06b. Haemorrhage related to pregnancy (APH or PPH)  - Deaths,imELtBWfoOH,"50+Yrs, Male, APH"
3769,HMIS108,HMIS 108 - IPD Monthly Report,EBqVAQRmiPm,NiFpmskP3EW,MC06B,MC06b. Haemorrhage related to pregnancy (APH or PPH)  - Deaths,ZsVdlnhMsPS,"25-49Yrs, Female, PPH"
3768,HMIS108,HMIS 108 - IPD Monthly Report,EBqVAQRmiPm,NiFpmskP3EW,MC06B,MC06b. Haemorrhage related to pregnancy (APH or PPH)  - Deaths,muohNzhl6b4,"25-49Yrs, Female, APH"
3767,HMIS108,HMIS 108 - IPD Monthly Report,EBqVAQRmiPm,NiFpmskP3EW,MC06B,MC06b. Haemorrhage related to pregnancy (APH or PPH)  - Deaths,fkADImpwXj1,"25-49Yrs, Male, PPH"
3766,HMIS108,HMIS 108 - IPD Monthly Report,EBqVAQRmiPm,NiFpmskP3EW,MC06B,MC06b. Haemorrhage related to pregnancy (APH or PPH)  - Deaths,Yh9BUl7wOlq,"25-49Yrs, Male, APH"
3765,HMIS108,HMIS 108 - IPD Monthly Report,EBqVAQRmiPm,NiFpmskP3EW,MC06B,MC06b. Haemorrhage related to pregnancy (APH or PPH)  - Deaths,yKuRtW430La,"20-24Yrs, Female, PPH"
3764,HMIS108,HMIS 108 - IPD Monthly Report,EBqVAQRmiPm,NiFpmskP3EW,MC06B,MC06b. Haemorrhage related to pregnancy (APH or PPH)  - Deaths,pd5SpilDGzm,"20-24Yrs, Female, APH"
3763,HMIS108,HMIS 108 - IPD Monthly Report,EBqVAQRmiPm,NiFpmskP3EW,MC06B,MC06b. Haemorrhage related to pregnancy (APH or PPH)  - Deaths,NnRHQgASNoG,"20-24Yrs, Male, PPH"
3758,HMIS108,HMIS 108 - IPD Monthly Report,EBqVAQRmiPm,NiFpmskP3EW,MC06B,MC06b. Haemorrhage related to pregnancy (APH or PPH)  - Deaths,cY3az39am2A,"15-19Yrs, Male, APH"
3757,HMIS108,HMIS 108 - IPD Monthly Report,EBqVAQRmiPm,NiFpmskP3EW,MC06B,MC06b. Haemorrhage related to pregnancy (APH or PPH)  - Deaths,k695c5imRv9,"10-14Yrs, Female, PPH"
3756,HMIS108,HMIS 108 - IPD Monthly Report,EBqVAQRmiPm,NiFpmskP3EW,MC06B,MC06b. Haemorrhage related to pregnancy (APH or PPH)  - Deaths,LUeYf4bzMHH,"10-14Yrs, Female, APH"
3755,HMIS108,HMIS 108 - IPD Monthly Report,EBqVAQRmiPm,NiFpmskP3EW,MC06B,MC06b. Haemorrhage related to pregnancy (APH or PPH)  - Deaths,NFGmr82EyFC,"10-14Yrs, Male, PPH"
3762,HMIS108,HMIS 108 - IPD Monthly Report,EBqVAQRmiPm,NiFpmskP3EW,MC06B,MC06b. Haemorrhage related to pregnancy (APH or PPH)  - Deaths,qBY48Po2myZ,"20-24Yrs, Male, APH"
3761,HMIS108,HMIS 108 - IPD Monthly Report,EBqVAQRmiPm,NiFpmskP3EW,MC06B,MC06b. Haemorrhage related to pregnancy (APH or PPH)  - Deaths,oc8Bqjbk5b7,"15-19Yrs, Female, PPH"
3760,HMIS108,HMIS 108 - IPD Monthly Report,EBqVAQRmiPm,NiFpmskP3EW,MC06B,MC06b. Haemorrhage related to pregnancy (APH or PPH)  - Deaths,Dr8RVmsMrjG,"15-19Yrs, Female, APH"
3759,HMIS108,HMIS 108 - IPD Monthly Report,EBqVAQRmiPm,NiFpmskP3EW,MC06B,MC06b. Haemorrhage related to pregnancy (APH or PPH)  - Deaths,RpILCCx5sJR,"15-19Yrs, Male, PPH"
1827,HMIS108,HMIS 108 - IPD Monthly Report,EBqVAQRmiPm,m6fyPxkyiJy,MC07A,MC07a. Sepsis related to pregnancy  - Cases,xgiuSKF9lKY,"25-49Yrs"
1828,HMIS108,HMIS 108 - IPD Monthly Report,EBqVAQRmiPm,m6fyPxkyiJy,MC07A,MC07a. Sepsis related to pregnancy  - Cases,WQ8FzlyAWIM,"50+Yrs"
1826,HMIS108,HMIS 108 - IPD Monthly Report,EBqVAQRmiPm,m6fyPxkyiJy,MC07A,MC07a. Sepsis related to pregnancy  - Cases,dqUlEsSUs8w,"20-24Yrs"
1825,HMIS108,HMIS 108 - IPD Monthly Report,EBqVAQRmiPm,m6fyPxkyiJy,MC07A,MC07a. Sepsis related to pregnancy  - Cases,oVc5PtW8IsH,"15-19Yrs"
1824,HMIS108,HMIS 108 - IPD Monthly Report,EBqVAQRmiPm,m6fyPxkyiJy,MC07A,MC07a. Sepsis related to pregnancy  - Cases,Kq56swi3KAi,"10-14Yrs"
3727,HMIS108,HMIS 108 - IPD Monthly Report,EBqVAQRmiPm,HofyztyLzvS,MC07B,MC07b. Sepsis related to pregnancy  - Deaths,WQ8FzlyAWIM,"50+Yrs"
3723,HMIS108,HMIS 108 - IPD Monthly Report,EBqVAQRmiPm,HofyztyLzvS,MC07B,MC07b. Sepsis related to pregnancy  - Deaths,Kq56swi3KAi,"10-14Yrs"
3726,HMIS108,HMIS 108 - IPD Monthly Report,EBqVAQRmiPm,HofyztyLzvS,MC07B,MC07b. Sepsis related to pregnancy  - Deaths,xgiuSKF9lKY,"25-49Yrs"
3725,HMIS108,HMIS 108 - IPD Monthly Report,EBqVAQRmiPm,HofyztyLzvS,MC07B,MC07b. Sepsis related to pregnancy  - Deaths,dqUlEsSUs8w,"20-24Yrs"
3724,HMIS108,HMIS 108 - IPD Monthly Report,EBqVAQRmiPm,HofyztyLzvS,MC07B,MC07b. Sepsis related to pregnancy  - Deaths,oVc5PtW8IsH,"15-19Yrs"
2338,HMIS108,HMIS 108 - IPD Monthly Report,EBqVAQRmiPm,tmAMPUwLMhD,MC08A,MC08a. Obstetric Fistula  - Cases,xgiuSKF9lKY,"25-49Yrs"
2339,HMIS108,HMIS 108 - IPD Monthly Report,EBqVAQRmiPm,tmAMPUwLMhD,MC08A,MC08a. Obstetric Fistula  - Cases,WQ8FzlyAWIM,"50+Yrs"
2337,HMIS108,HMIS 108 - IPD Monthly Report,EBqVAQRmiPm,tmAMPUwLMhD,MC08A,MC08a. Obstetric Fistula  - Cases,dqUlEsSUs8w,"20-24Yrs"
2336,HMIS108,HMIS 108 - IPD Monthly Report,EBqVAQRmiPm,tmAMPUwLMhD,MC08A,MC08a. Obstetric Fistula  - Cases,oVc5PtW8IsH,"15-19Yrs"
2335,HMIS108,HMIS 108 - IPD Monthly Report,EBqVAQRmiPm,tmAMPUwLMhD,MC08A,MC08a. Obstetric Fistula  - Cases,Kq56swi3KAi,"10-14Yrs"
357,HMIS108,HMIS 108 - IPD Monthly Report,EBqVAQRmiPm,yPGlU5Xqjm2,MC08B,MC08b. Obstetric Fistula  - Deaths,dqUlEsSUs8w,"20-24Yrs"
356,HMIS108,HMIS 108 - IPD Monthly Report,EBqVAQRmiPm,yPGlU5Xqjm2,MC08B,MC08b. Obstetric Fistula  - Deaths,oVc5PtW8IsH,"15-19Yrs"
355,HMIS108,HMIS 108 - IPD Monthly Report,EBqVAQRmiPm,yPGlU5Xqjm2,MC08B,MC08b. Obstetric Fistula  - Deaths,Kq56swi3KAi,"10-14Yrs"
358,HMIS108,HMIS 108 - IPD Monthly Report,EBqVAQRmiPm,yPGlU5Xqjm2,MC08B,MC08b. Obstetric Fistula  - Deaths,xgiuSKF9lKY,"25-49Yrs"
359,HMIS108,HMIS 108 - IPD Monthly Report,EBqVAQRmiPm,yPGlU5Xqjm2,MC08B,MC08b. Obstetric Fistula  - Deaths,WQ8FzlyAWIM,"50+Yrs"
2289,HMIS108,HMIS 108 - IPD Monthly Report,EBqVAQRmiPm,PVFjRgGwPOO,MC09A,MC09a. No. of women diagnosed with fistula and treated by catheter  - Cases,Kq56swi3KAi,"10-14Yrs"
2292,HMIS108,HMIS 108 - IPD Monthly Report,EBqVAQRmiPm,PVFjRgGwPOO,MC09A,MC09a. No. of women diagnosed with fistula and treated by catheter  - Cases,xgiuSKF9lKY,"25-49Yrs"
2291,HMIS108,HMIS 108 - IPD Monthly Report,EBqVAQRmiPm,PVFjRgGwPOO,MC09A,MC09a. No. of women diagnosed with fistula and treated by catheter  - Cases,dqUlEsSUs8w,"20-24Yrs"
2290,HMIS108,HMIS 108 - IPD Monthly Report,EBqVAQRmiPm,PVFjRgGwPOO,MC09A,MC09a. No. of women diagnosed with fistula and treated by catheter  - Cases,oVc5PtW8IsH,"15-19Yrs"
2293,HMIS108,HMIS 108 - IPD Monthly Report,EBqVAQRmiPm,PVFjRgGwPOO,MC09A,MC09a. No. of women diagnosed with fistula and treated by catheter  - Cases,WQ8FzlyAWIM,"50+Yrs"
1619,HMIS108,HMIS 108 - IPD Monthly Report,EBqVAQRmiPm,TYA1arMDs70,MC09B,MC09b. No. of women diagnosed with fistula and treated by catheter  - Deaths,dqUlEsSUs8w,"20-24Yrs"
1620,HMIS108,HMIS 108 - IPD Monthly Report,EBqVAQRmiPm,TYA1arMDs70,MC09B,MC09b. No. of women diagnosed with fistula and treated by catheter  - Deaths,xgiuSKF9lKY,"25-49Yrs"
1621,HMIS108,HMIS 108 - IPD Monthly Report,EBqVAQRmiPm,TYA1arMDs70,MC09B,MC09b. No. of women diagnosed with fistula and treated by catheter  - Deaths,WQ8FzlyAWIM,"50+Yrs"
1617,HMIS108,HMIS 108 - IPD Monthly Report,EBqVAQRmiPm,TYA1arMDs70,MC09B,MC09b. No. of women diagnosed with fistula and treated by catheter  - Deaths,Kq56swi3KAi,"10-14Yrs"
1618,HMIS108,HMIS 108 - IPD Monthly Report,EBqVAQRmiPm,TYA1arMDs70,MC09B,MC09b. No. of women diagnosed with fistula and treated by catheter  - Deaths,oVc5PtW8IsH,"15-19Yrs"
223,HMIS108,HMIS 108 - IPD Monthly Report,EBqVAQRmiPm,m6YllL0oIft,MC10A,MC10a. No. of fistulas closed and dry at discharge  - Cases,Kq56swi3KAi,"10-14Yrs"
227,HMIS108,HMIS 108 - IPD Monthly Report,EBqVAQRmiPm,m6YllL0oIft,MC10A,MC10a. No. of fistulas closed and dry at discharge  - Cases,WQ8FzlyAWIM,"50+Yrs"
226,HMIS108,HMIS 108 - IPD Monthly Report,EBqVAQRmiPm,m6YllL0oIft,MC10A,MC10a. No. of fistulas closed and dry at discharge  - Cases,xgiuSKF9lKY,"25-49Yrs"
225,HMIS108,HMIS 108 - IPD Monthly Report,EBqVAQRmiPm,m6YllL0oIft,MC10A,MC10a. No. of fistulas closed and dry at discharge  - Cases,dqUlEsSUs8w,"20-24Yrs"
224,HMIS108,HMIS 108 - IPD Monthly Report,EBqVAQRmiPm,m6YllL0oIft,MC10A,MC10a. No. of fistulas closed and dry at discharge  - Cases,oVc5PtW8IsH,"15-19Yrs"
1862,HMIS108,HMIS 108 - IPD Monthly Report,EBqVAQRmiPm,zI85IhMWKgY,MC10B,MC10b. No. of fistulas closed and dry at discharge  - Deaths,xgiuSKF9lKY,"25-49Yrs"
1863,HMIS108,HMIS 108 - IPD Monthly Report,EBqVAQRmiPm,zI85IhMWKgY,MC10B,MC10b. No. of fistulas closed and dry at discharge  - Deaths,WQ8FzlyAWIM,"50+Yrs"
1859,HMIS108,HMIS 108 - IPD Monthly Report,EBqVAQRmiPm,zI85IhMWKgY,MC10B,MC10b. No. of fistulas closed and dry at discharge  - Deaths,Kq56swi3KAi,"10-14Yrs"
1860,HMIS108,HMIS 108 - IPD Monthly Report,EBqVAQRmiPm,zI85IhMWKgY,MC10B,MC10b. No. of fistulas closed and dry at discharge  - Deaths,oVc5PtW8IsH,"15-19Yrs"
1861,HMIS108,HMIS 108 - IPD Monthly Report,EBqVAQRmiPm,zI85IhMWKgY,MC10B,MC10b. No. of fistulas closed and dry at discharge  - Deaths,dqUlEsSUs8w,"20-24Yrs"
1344,HMIS108,HMIS 108 - IPD Monthly Report,EBqVAQRmiPm,AUaWEyiUsAo,MC11A,MC11a. No of women repaired for fistula who receive a modern contraceptive method  - Cases,xgiuSKF9lKY,"25-49Yrs"
1341,HMIS108,HMIS 108 - IPD Monthly Report,EBqVAQRmiPm,AUaWEyiUsAo,MC11A,MC11a. No of women repaired for fistula who receive a modern contraceptive method  - Cases,Kq56swi3KAi,"10-14Yrs"
1342,HMIS108,HMIS 108 - IPD Monthly Report,EBqVAQRmiPm,AUaWEyiUsAo,MC11A,MC11a. No of women repaired for fistula who receive a modern contraceptive method  - Cases,oVc5PtW8IsH,"15-19Yrs"
1343,HMIS108,HMIS 108 - IPD Monthly Report,EBqVAQRmiPm,AUaWEyiUsAo,MC11A,MC11a. No of women repaired for fistula who receive a modern contraceptive method  - Cases,dqUlEsSUs8w,"20-24Yrs"
1345,HMIS108,HMIS 108 - IPD Monthly Report,EBqVAQRmiPm,AUaWEyiUsAo,MC11A,MC11a. No of women repaired for fistula who receive a modern contraceptive method  - Cases,WQ8FzlyAWIM,"50+Yrs"
119,HMIS108,HMIS 108 - IPD Monthly Report,EBqVAQRmiPm,UdrpMpo5qVf,MC11B,MC11b. No of women repaired for fistula who receive a modern contraceptive method (Death),oVc5PtW8IsH,"15-19Yrs"
118,HMIS108,HMIS 108 - IPD Monthly Report,EBqVAQRmiPm,UdrpMpo5qVf,MC11B,MC11b. No of women repaired for fistula who receive a modern contraceptive method (Death),Kq56swi3KAi,"10-14Yrs"
120,HMIS108,HMIS 108 - IPD Monthly Report,EBqVAQRmiPm,UdrpMpo5qVf,MC11B,MC11b. No of women repaired for fistula who receive a modern contraceptive method (Death),dqUlEsSUs8w,"20-24Yrs"
121,HMIS108,HMIS 108 - IPD Monthly Report,EBqVAQRmiPm,UdrpMpo5qVf,MC11B,MC11b. No of women repaired for fistula who receive a modern contraceptive method (Death),xgiuSKF9lKY,"25-49Yrs"
122,HMIS108,HMIS 108 - IPD Monthly Report,EBqVAQRmiPm,UdrpMpo5qVf,MC11B,MC11b. No of women repaired for fistula who receive a modern contraceptive method (Death),WQ8FzlyAWIM,"50+Yrs"
3206,HMIS108,HMIS 108 - IPD Monthly Report,EBqVAQRmiPm,wrZHKuHvODn,MC12A,MC12a. Other Complications of pregnancy  - Cases,WQ8FzlyAWIM,"50+Yrs"
3202,HMIS108,HMIS 108 - IPD Monthly Report,EBqVAQRmiPm,wrZHKuHvODn,MC12A,MC12a. Other Complications of pregnancy  - Cases,Kq56swi3KAi,"10-14Yrs"
3203,HMIS108,HMIS 108 - IPD Monthly Report,EBqVAQRmiPm,wrZHKuHvODn,MC12A,MC12a. Other Complications of pregnancy  - Cases,oVc5PtW8IsH,"15-19Yrs"
3204,HMIS108,HMIS 108 - IPD Monthly Report,EBqVAQRmiPm,wrZHKuHvODn,MC12A,MC12a. Other Complications of pregnancy  - Cases,dqUlEsSUs8w,"20-24Yrs"
3205,HMIS108,HMIS 108 - IPD Monthly Report,EBqVAQRmiPm,wrZHKuHvODn,MC12A,MC12a. Other Complications of pregnancy  - Cases,xgiuSKF9lKY,"25-49Yrs"
360,HMIS108,HMIS 108 - IPD Monthly Report,EBqVAQRmiPm,R81HIkiYIjR,MC12B,MC12b. Other Complications of pregnancy  - Deaths,Kq56swi3KAi,"10-14Yrs"
364,HMIS108,HMIS 108 - IPD Monthly Report,EBqVAQRmiPm,R81HIkiYIjR,MC12B,MC12b. Other Complications of pregnancy  - Deaths,WQ8FzlyAWIM,"50+Yrs"
362,HMIS108,HMIS 108 - IPD Monthly Report,EBqVAQRmiPm,R81HIkiYIjR,MC12B,MC12b. Other Complications of pregnancy  - Deaths,dqUlEsSUs8w,"20-24Yrs"
361,HMIS108,HMIS 108 - IPD Monthly Report,EBqVAQRmiPm,R81HIkiYIjR,MC12B,MC12b. Other Complications of pregnancy  - Deaths,oVc5PtW8IsH,"15-19Yrs"
363,HMIS108,HMIS 108 - IPD Monthly Report,EBqVAQRmiPm,R81HIkiYIjR,MC12B,MC12b. Other Complications of pregnancy  - Deaths,xgiuSKF9lKY,"25-49Yrs"
3029,HMIS108,HMIS 108 - IPD Monthly Report,EBqVAQRmiPm,uf4DV6krJZK,ME01A,ME01a. Cerebro-vascular events  - Cases,VZrxjCi8cQi,"0-4Yrs, Female"
3031,HMIS108,HMIS 108 - IPD Monthly Report,EBqVAQRmiPm,uf4DV6krJZK,ME01A,ME01a. Cerebro-vascular events  - Cases,fHgwVjoElmE,"5+Yrs, Female"
3028,HMIS108,HMIS 108 - IPD Monthly Report,EBqVAQRmiPm,uf4DV6krJZK,ME01A,ME01a. Cerebro-vascular events  - Cases,rCzvys285kN,"0-4Yrs, Male"
3030,HMIS108,HMIS 108 - IPD Monthly Report,EBqVAQRmiPm,uf4DV6krJZK,ME01A,ME01a. Cerebro-vascular events  - Cases,ZgnHXnu30cI,"5+Yrs, Male"
4092,HMIS108,HMIS 108 - IPD Monthly Report,EBqVAQRmiPm,HpYivdZS2l8,ME01B,ME01b. Cerebro-vascular events  - Deaths,fHgwVjoElmE,"5+Yrs, Female"
4091,HMIS108,HMIS 108 - IPD Monthly Report,EBqVAQRmiPm,HpYivdZS2l8,ME01B,ME01b. Cerebro-vascular events  - Deaths,ZgnHXnu30cI,"5+Yrs, Male"
4090,HMIS108,HMIS 108 - IPD Monthly Report,EBqVAQRmiPm,HpYivdZS2l8,ME01B,ME01b. Cerebro-vascular events  - Deaths,VZrxjCi8cQi,"0-4Yrs, Female"
4089,HMIS108,HMIS 108 - IPD Monthly Report,EBqVAQRmiPm,HpYivdZS2l8,ME01B,ME01b. Cerebro-vascular events  - Deaths,rCzvys285kN,"0-4Yrs, Male"
2822,HMIS108,HMIS 108 - IPD Monthly Report,EBqVAQRmiPm,kXQsXcipryz,ME02A,ME02a. Cardiac arrest  - Cases,ZgnHXnu30cI,"5+Yrs, Male"
2823,HMIS108,HMIS 108 - IPD Monthly Report,EBqVAQRmiPm,kXQsXcipryz,ME02A,ME02a. Cardiac arrest  - Cases,fHgwVjoElmE,"5+Yrs, Female"
2820,HMIS108,HMIS 108 - IPD Monthly Report,EBqVAQRmiPm,kXQsXcipryz,ME02A,ME02a. Cardiac arrest  - Cases,rCzvys285kN,"0-4Yrs, Male"
2821,HMIS108,HMIS 108 - IPD Monthly Report,EBqVAQRmiPm,kXQsXcipryz,ME02A,ME02a. Cardiac arrest  - Cases,VZrxjCi8cQi,"0-4Yrs, Female"
2958,HMIS108,HMIS 108 - IPD Monthly Report,EBqVAQRmiPm,cqRTzpFMkC1,ME02B,ME02b. Cardiac arrest  - Deaths,rCzvys285kN,"0-4Yrs, Male"
2960,HMIS108,HMIS 108 - IPD Monthly Report,EBqVAQRmiPm,cqRTzpFMkC1,ME02B,ME02b. Cardiac arrest  - Deaths,ZgnHXnu30cI,"5+Yrs, Male"
2961,HMIS108,HMIS 108 - IPD Monthly Report,EBqVAQRmiPm,cqRTzpFMkC1,ME02B,ME02b. Cardiac arrest  - Deaths,fHgwVjoElmE,"5+Yrs, Female"
2959,HMIS108,HMIS 108 - IPD Monthly Report,EBqVAQRmiPm,cqRTzpFMkC1,ME02B,ME02b. Cardiac arrest  - Deaths,VZrxjCi8cQi,"0-4Yrs, Female"
366,HMIS108,HMIS 108 - IPD Monthly Report,EBqVAQRmiPm,bXgiNZ0GeQR,ME03A,ME03a. Gastro-intestinal bleeding  - Cases,VZrxjCi8cQi,"0-4Yrs, Female"
368,HMIS108,HMIS 108 - IPD Monthly Report,EBqVAQRmiPm,bXgiNZ0GeQR,ME03A,ME03a. Gastro-intestinal bleeding  - Cases,fHgwVjoElmE,"5+Yrs, Female"
365,HMIS108,HMIS 108 - IPD Monthly Report,EBqVAQRmiPm,bXgiNZ0GeQR,ME03A,ME03a. Gastro-intestinal bleeding  - Cases,rCzvys285kN,"0-4Yrs, Male"
367,HMIS108,HMIS 108 - IPD Monthly Report,EBqVAQRmiPm,bXgiNZ0GeQR,ME03A,ME03a. Gastro-intestinal bleeding  - Cases,ZgnHXnu30cI,"5+Yrs, Male"
1481,HMIS108,HMIS 108 - IPD Monthly Report,EBqVAQRmiPm,tXnOKJkOPvJ,ME03B,ME03b. Gastro-intestinal bleeding  - Deaths,VZrxjCi8cQi,"0-4Yrs, Female"
1482,HMIS108,HMIS 108 - IPD Monthly Report,EBqVAQRmiPm,tXnOKJkOPvJ,ME03B,ME03b. Gastro-intestinal bleeding  - Deaths,ZgnHXnu30cI,"5+Yrs, Male"
1483,HMIS108,HMIS 108 - IPD Monthly Report,EBqVAQRmiPm,tXnOKJkOPvJ,ME03B,ME03b. Gastro-intestinal bleeding  - Deaths,fHgwVjoElmE,"5+Yrs, Female"
1480,HMIS108,HMIS 108 - IPD Monthly Report,EBqVAQRmiPm,tXnOKJkOPvJ,ME03B,ME03b. Gastro-intestinal bleeding  - Deaths,rCzvys285kN,"0-4Yrs, Male"
1447,HMIS108,HMIS 108 - IPD Monthly Report,EBqVAQRmiPm,pBKsAlh8HnH,ME04A,ME04a. Respiratory distress  - Cases,ZgnHXnu30cI,"5+Yrs, Male"
1446,HMIS108,HMIS 108 - IPD Monthly Report,EBqVAQRmiPm,pBKsAlh8HnH,ME04A,ME04a. Respiratory distress  - Cases,VZrxjCi8cQi,"0-4Yrs, Female"
1445,HMIS108,HMIS 108 - IPD Monthly Report,EBqVAQRmiPm,pBKsAlh8HnH,ME04A,ME04a. Respiratory distress  - Cases,rCzvys285kN,"0-4Yrs, Male"
1448,HMIS108,HMIS 108 - IPD Monthly Report,EBqVAQRmiPm,pBKsAlh8HnH,ME04A,ME04a. Respiratory distress  - Cases,fHgwVjoElmE,"5+Yrs, Female"
3197,HMIS108,HMIS 108 - IPD Monthly Report,EBqVAQRmiPm,IsDitH1JRvk,ME04B,ME04b. Respiratory distress  - Deaths,fHgwVjoElmE,"5+Yrs, Female"
3194,HMIS108,HMIS 108 - IPD Monthly Report,EBqVAQRmiPm,IsDitH1JRvk,ME04B,ME04b. Respiratory distress  - Deaths,rCzvys285kN,"0-4Yrs, Male"
3195,HMIS108,HMIS 108 - IPD Monthly Report,EBqVAQRmiPm,IsDitH1JRvk,ME04B,ME04b. Respiratory distress  - Deaths,VZrxjCi8cQi,"0-4Yrs, Female"
3196,HMIS108,HMIS 108 - IPD Monthly Report,EBqVAQRmiPm,IsDitH1JRvk,ME04B,ME04b. Respiratory distress  - Deaths,ZgnHXnu30cI,"5+Yrs, Male"
426,HMIS108,HMIS 108 - IPD Monthly Report,EBqVAQRmiPm,xdvasVfPi7m,ME05A,ME05a. Acute renal failure  - Cases,fHgwVjoElmE,"5+Yrs, Female"
424,HMIS108,HMIS 108 - IPD Monthly Report,EBqVAQRmiPm,xdvasVfPi7m,ME05A,ME05a. Acute renal failure  - Cases,VZrxjCi8cQi,"0-4Yrs, Female"
425,HMIS108,HMIS 108 - IPD Monthly Report,EBqVAQRmiPm,xdvasVfPi7m,ME05A,ME05a. Acute renal failure  - Cases,ZgnHXnu30cI,"5+Yrs, Male"
423,HMIS108,HMIS 108 - IPD Monthly Report,EBqVAQRmiPm,xdvasVfPi7m,ME05A,ME05a. Acute renal failure  - Cases,rCzvys285kN,"0-4Yrs, Male"
1674,HMIS108,HMIS 108 - IPD Monthly Report,EBqVAQRmiPm,qkHXPPOeGEK,ME05B,ME05b. Acute renal failure  - Deaths,rCzvys285kN,"0-4Yrs, Male"
1675,HMIS108,HMIS 108 - IPD Monthly Report,EBqVAQRmiPm,qkHXPPOeGEK,ME05B,ME05b. Acute renal failure  - Deaths,VZrxjCi8cQi,"0-4Yrs, Female"
1677,HMIS108,HMIS 108 - IPD Monthly Report,EBqVAQRmiPm,qkHXPPOeGEK,ME05B,ME05b. Acute renal failure  - Deaths,fHgwVjoElmE,"5+Yrs, Female"
1676,HMIS108,HMIS 108 - IPD Monthly Report,EBqVAQRmiPm,qkHXPPOeGEK,ME05B,ME05b. Acute renal failure  - Deaths,ZgnHXnu30cI,"5+Yrs, Male"
3693,HMIS108,HMIS 108 - IPD Monthly Report,EBqVAQRmiPm,cxckLUMdHIh,ME06a1,ME06a1. Acute sepsis Totals  - Cases,ZgnHXnu30cI,"5+Yrs, Male"
3692,HMIS108,HMIS 108 - IPD Monthly Report,EBqVAQRmiPm,cxckLUMdHIh,ME06a1,ME06a1. Acute sepsis Totals  - Cases,VZrxjCi8cQi,"0-4Yrs, Female"
3691,HMIS108,HMIS 108 - IPD Monthly Report,EBqVAQRmiPm,cxckLUMdHIh,ME06a1,ME06a1. Acute sepsis Totals  - Cases,rCzvys285kN,"0-4Yrs, Male"
3694,HMIS108,HMIS 108 - IPD Monthly Report,EBqVAQRmiPm,cxckLUMdHIh,ME06a1,ME06a1. Acute sepsis Totals  - Cases,fHgwVjoElmE,"5+Yrs, Female"
3486,HMIS108,HMIS 108 - IPD Monthly Report,EBqVAQRmiPm,KmmvneviOuk,ME06a2,ME06a2. Acute sepsis Totals  - Deaths,rCzvys285kN,"0-4Yrs, Male"
3487,HMIS108,HMIS 108 - IPD Monthly Report,EBqVAQRmiPm,KmmvneviOuk,ME06a2,ME06a2. Acute sepsis Totals  - Deaths,VZrxjCi8cQi,"0-4Yrs, Female"
3488,HMIS108,HMIS 108 - IPD Monthly Report,EBqVAQRmiPm,KmmvneviOuk,ME06a2,ME06a2. Acute sepsis Totals  - Deaths,ZgnHXnu30cI,"5+Yrs, Male"
3489,HMIS108,HMIS 108 - IPD Monthly Report,EBqVAQRmiPm,KmmvneviOuk,ME06a2,ME06a2. Acute sepsis Totals  - Deaths,fHgwVjoElmE,"5+Yrs, Female"
3220,HMIS108,HMIS 108 - IPD Monthly Report,EBqVAQRmiPm,qdEEWfpWqom,ME06b1,ME06b1. Acute sepsis Given Oxygen  - Cases,ZgnHXnu30cI,"5+Yrs, Male"
3221,HMIS108,HMIS 108 - IPD Monthly Report,EBqVAQRmiPm,qdEEWfpWqom,ME06b1,ME06b1. Acute sepsis Given Oxygen  - Cases,fHgwVjoElmE,"5+Yrs, Female"
3219,HMIS108,HMIS 108 - IPD Monthly Report,EBqVAQRmiPm,qdEEWfpWqom,ME06b1,ME06b1. Acute sepsis Given Oxygen  - Cases,VZrxjCi8cQi,"0-4Yrs, Female"
3218,HMIS108,HMIS 108 - IPD Monthly Report,EBqVAQRmiPm,qdEEWfpWqom,ME06b1,ME06b1. Acute sepsis Given Oxygen  - Cases,rCzvys285kN,"0-4Yrs, Male"
2227,HMIS108,HMIS 108 - IPD Monthly Report,EBqVAQRmiPm,VUYrPLMhMBA,ME06b2,ME06b2. Acute sepsis Given Oxygen  - Deaths,rCzvys285kN,"0-4Yrs, Male"
2228,HMIS108,HMIS 108 - IPD Monthly Report,EBqVAQRmiPm,VUYrPLMhMBA,ME06b2,ME06b2. Acute sepsis Given Oxygen  - Deaths,VZrxjCi8cQi,"0-4Yrs, Female"
2229,HMIS108,HMIS 108 - IPD Monthly Report,EBqVAQRmiPm,VUYrPLMhMBA,ME06b2,ME06b2. Acute sepsis Given Oxygen  - Deaths,ZgnHXnu30cI,"5+Yrs, Male"
2230,HMIS108,HMIS 108 - IPD Monthly Report,EBqVAQRmiPm,VUYrPLMhMBA,ME06b2,ME06b2. Acute sepsis Given Oxygen  - Deaths,fHgwVjoElmE,"5+Yrs, Female"
1147,HMIS108,HMIS 108 - IPD Monthly Report,EBqVAQRmiPm,O0mZlq4yYtv,ME07A,ME07a. All others  - Cases,rCzvys285kN,"0-4Yrs, Male"
1150,HMIS108,HMIS 108 - IPD Monthly Report,EBqVAQRmiPm,O0mZlq4yYtv,ME07A,ME07a. All others  - Cases,fHgwVjoElmE,"5+Yrs, Female"
1149,HMIS108,HMIS 108 - IPD Monthly Report,EBqVAQRmiPm,O0mZlq4yYtv,ME07A,ME07a. All others  - Cases,ZgnHXnu30cI,"5+Yrs, Male"
1148,HMIS108,HMIS 108 - IPD Monthly Report,EBqVAQRmiPm,O0mZlq4yYtv,ME07A,ME07a. All others  - Cases,VZrxjCi8cQi,"0-4Yrs, Female"
401,HMIS108,HMIS 108 - IPD Monthly Report,EBqVAQRmiPm,KUR1yjLJYoa,ME07B,ME07b. All others  - Deaths,ZgnHXnu30cI,"5+Yrs, Male"
399,HMIS108,HMIS 108 - IPD Monthly Report,EBqVAQRmiPm,KUR1yjLJYoa,ME07B,ME07b. All others  - Deaths,rCzvys285kN,"0-4Yrs, Male"
400,HMIS108,HMIS 108 - IPD Monthly Report,EBqVAQRmiPm,KUR1yjLJYoa,ME07B,ME07b. All others  - Deaths,VZrxjCi8cQi,"0-4Yrs, Female"
402,HMIS108,HMIS 108 - IPD Monthly Report,EBqVAQRmiPm,KUR1yjLJYoa,ME07B,ME07b. All others  - Deaths,fHgwVjoElmE,"5+Yrs, Female"
2312,HMIS108,HMIS 108 - IPD Monthly Report,EBqVAQRmiPm,d9rj748qoSW,ME08A_2019,ME08a_2019. Total Diagnoses  - Cases,rCzvys285kN,"0-4Yrs, Male"
2313,HMIS108,HMIS 108 - IPD Monthly Report,EBqVAQRmiPm,d9rj748qoSW,ME08A_2019,ME08a_2019. Total Diagnoses  - Cases,VZrxjCi8cQi,"0-4Yrs, Female"
2315,HMIS108,HMIS 108 - IPD Monthly Report,EBqVAQRmiPm,d9rj748qoSW,ME08A_2019,ME08a_2019. Total Diagnoses  - Cases,fHgwVjoElmE,"5+Yrs, Female"
2314,HMIS108,HMIS 108 - IPD Monthly Report,EBqVAQRmiPm,d9rj748qoSW,ME08A_2019,ME08a_2019. Total Diagnoses  - Cases,ZgnHXnu30cI,"5+Yrs, Male"
2951,HMIS108,HMIS 108 - IPD Monthly Report,EBqVAQRmiPm,OmGATKpdVIS,ME08B_2019,ME08b_2019. Total Diagnoses  - Deaths,VZrxjCi8cQi,"0-4Yrs, Female"
2950,HMIS108,HMIS 108 - IPD Monthly Report,EBqVAQRmiPm,OmGATKpdVIS,ME08B_2019,ME08b_2019. Total Diagnoses  - Deaths,rCzvys285kN,"0-4Yrs, Male"
2953,HMIS108,HMIS 108 - IPD Monthly Report,EBqVAQRmiPm,OmGATKpdVIS,ME08B_2019,ME08b_2019. Total Diagnoses  - Deaths,fHgwVjoElmE,"5+Yrs, Female"
2952,HMIS108,HMIS 108 - IPD Monthly Report,EBqVAQRmiPm,OmGATKpdVIS,ME08B_2019,ME08b_2019. Total Diagnoses  - Deaths,ZgnHXnu30cI,"5+Yrs, Male"
2474,HMIS108,HMIS 108 - IPD Monthly Report,EBqVAQRmiPm,YLvsUOL8WEs,MG01A,MG01a. Bacterial Meningitis  - Cases,ZgnHXnu30cI,"5+Yrs, Male"
2475,HMIS108,HMIS 108 - IPD Monthly Report,EBqVAQRmiPm,YLvsUOL8WEs,MG01A,MG01a. Bacterial Meningitis  - Cases,fHgwVjoElmE,"5+Yrs, Female"
2472,HMIS108,HMIS 108 - IPD Monthly Report,EBqVAQRmiPm,YLvsUOL8WEs,MG01A,MG01a. Bacterial Meningitis  - Cases,rCzvys285kN,"0-4Yrs, Male"
2473,HMIS108,HMIS 108 - IPD Monthly Report,EBqVAQRmiPm,YLvsUOL8WEs,MG01A,MG01a. Bacterial Meningitis  - Cases,VZrxjCi8cQi,"0-4Yrs, Female"
3809,HMIS108,HMIS 108 - IPD Monthly Report,EBqVAQRmiPm,asr9oUdpsKV,MG01B,MG01b. Bacterial Meningitis  - Deaths,ZgnHXnu30cI,"5+Yrs, Male"
3810,HMIS108,HMIS 108 - IPD Monthly Report,EBqVAQRmiPm,asr9oUdpsKV,MG01B,MG01b. Bacterial Meningitis  - Deaths,fHgwVjoElmE,"5+Yrs, Female"
3807,HMIS108,HMIS 108 - IPD Monthly Report,EBqVAQRmiPm,asr9oUdpsKV,MG01B,MG01b. Bacterial Meningitis  - Deaths,rCzvys285kN,"0-4Yrs, Male"
3808,HMIS108,HMIS 108 - IPD Monthly Report,EBqVAQRmiPm,asr9oUdpsKV,MG01B,MG01b. Bacterial Meningitis  - Deaths,VZrxjCi8cQi,"0-4Yrs, Female"
1556,HMIS108,HMIS 108 - IPD Monthly Report,EBqVAQRmiPm,cvUfP5ZHUaY,MG02A,MG02a. Viral Meningitis  - Cases,VZrxjCi8cQi,"0-4Yrs, Female"
1555,HMIS108,HMIS 108 - IPD Monthly Report,EBqVAQRmiPm,cvUfP5ZHUaY,MG02A,MG02a. Viral Meningitis  - Cases,rCzvys285kN,"0-4Yrs, Male"
1557,HMIS108,HMIS 108 - IPD Monthly Report,EBqVAQRmiPm,cvUfP5ZHUaY,MG02A,MG02a. Viral Meningitis  - Cases,ZgnHXnu30cI,"5+Yrs, Male"
1558,HMIS108,HMIS 108 - IPD Monthly Report,EBqVAQRmiPm,cvUfP5ZHUaY,MG02A,MG02a. Viral Meningitis  - Cases,fHgwVjoElmE,"5+Yrs, Female"
2104,HMIS108,HMIS 108 - IPD Monthly Report,EBqVAQRmiPm,rYpzr0sZpE0,MG02B,MG02b. Viral Meningitis  - Deaths,fHgwVjoElmE,"5+Yrs, Female"
2103,HMIS108,HMIS 108 - IPD Monthly Report,EBqVAQRmiPm,rYpzr0sZpE0,MG02B,MG02b. Viral Meningitis  - Deaths,ZgnHXnu30cI,"5+Yrs, Male"
2102,HMIS108,HMIS 108 - IPD Monthly Report,EBqVAQRmiPm,rYpzr0sZpE0,MG02B,MG02b. Viral Meningitis  - Deaths,VZrxjCi8cQi,"0-4Yrs, Female"
2101,HMIS108,HMIS 108 - IPD Monthly Report,EBqVAQRmiPm,rYpzr0sZpE0,MG02B,MG02b. Viral Meningitis  - Deaths,rCzvys285kN,"0-4Yrs, Male"
1382,HMIS108,HMIS 108 - IPD Monthly Report,EBqVAQRmiPm,m9X2VA14WuA,MG03A,MG03a. Cryptoccocal Meningitis  - Cases,VZrxjCi8cQi,"0-4Yrs, Female"
1381,HMIS108,HMIS 108 - IPD Monthly Report,EBqVAQRmiPm,m9X2VA14WuA,MG03A,MG03a. Cryptoccocal Meningitis  - Cases,rCzvys285kN,"0-4Yrs, Male"
1384,HMIS108,HMIS 108 - IPD Monthly Report,EBqVAQRmiPm,m9X2VA14WuA,MG03A,MG03a. Cryptoccocal Meningitis  - Cases,fHgwVjoElmE,"5+Yrs, Female"
1383,HMIS108,HMIS 108 - IPD Monthly Report,EBqVAQRmiPm,m9X2VA14WuA,MG03A,MG03a. Cryptoccocal Meningitis  - Cases,ZgnHXnu30cI,"5+Yrs, Male"
2496,HMIS108,HMIS 108 - IPD Monthly Report,EBqVAQRmiPm,AY2Uuk5EFXu,MG03B,MG03b. Cryptoccocal Meningitis  - Deaths,fHgwVjoElmE,"5+Yrs, Female"
2495,HMIS108,HMIS 108 - IPD Monthly Report,EBqVAQRmiPm,AY2Uuk5EFXu,MG03B,MG03b. Cryptoccocal Meningitis  - Deaths,ZgnHXnu30cI,"5+Yrs, Male"
2494,HMIS108,HMIS 108 - IPD Monthly Report,EBqVAQRmiPm,AY2Uuk5EFXu,MG03B,MG03b. Cryptoccocal Meningitis  - Deaths,VZrxjCi8cQi,"0-4Yrs, Female"
2493,HMIS108,HMIS 108 - IPD Monthly Report,EBqVAQRmiPm,AY2Uuk5EFXu,MG03B,MG03b. Cryptoccocal Meningitis  - Deaths,rCzvys285kN,"0-4Yrs, Male"
2927,HMIS108,HMIS 108 - IPD Monthly Report,EBqVAQRmiPm,RKlXrxRfUwN,MG04A,MG04a. Other types of meningitis  - Cases,fHgwVjoElmE,"5+Yrs, Female"
2925,HMIS108,HMIS 108 - IPD Monthly Report,EBqVAQRmiPm,RKlXrxRfUwN,MG04A,MG04a. Other types of meningitis  - Cases,VZrxjCi8cQi,"0-4Yrs, Female"
2926,HMIS108,HMIS 108 - IPD Monthly Report,EBqVAQRmiPm,RKlXrxRfUwN,MG04A,MG04a. Other types of meningitis  - Cases,ZgnHXnu30cI,"5+Yrs, Male"
2924,HMIS108,HMIS 108 - IPD Monthly Report,EBqVAQRmiPm,RKlXrxRfUwN,MG04A,MG04a. Other types of meningitis  - Cases,rCzvys285kN,"0-4Yrs, Male"
2680,HMIS108,HMIS 108 - IPD Monthly Report,EBqVAQRmiPm,rKyyB0dqSWO,MG04B,MG04b. Other types of meningitis  - Deaths,ZgnHXnu30cI,"5+Yrs, Male"
2679,HMIS108,HMIS 108 - IPD Monthly Report,EBqVAQRmiPm,rKyyB0dqSWO,MG04B,MG04b. Other types of meningitis  - Deaths,VZrxjCi8cQi,"0-4Yrs, Female"
2678,HMIS108,HMIS 108 - IPD Monthly Report,EBqVAQRmiPm,rKyyB0dqSWO,MG04B,MG04b. Other types of meningitis  - Deaths,rCzvys285kN,"0-4Yrs, Male"
2681,HMIS108,HMIS 108 - IPD Monthly Report,EBqVAQRmiPm,rKyyB0dqSWO,MG04B,MG04b. Other types of meningitis  - Deaths,fHgwVjoElmE,"5+Yrs, Female"
2394,HMIS108,HMIS 108 - IPD Monthly Report,EBqVAQRmiPm,r0RycgGHS5Q,MH01,MH01. Anxiety Disorders,mJnJWk4Ih48,"20-34 Yrs, Female"
2387,HMIS108,HMIS 108 - IPD Monthly Report,EBqVAQRmiPm,r0RycgGHS5Q,MH01,MH01. Anxiety Disorders,h6Pad0c6ic0,"<5Yrs, Male"
2388,HMIS108,HMIS 108 - IPD Monthly Report,EBqVAQRmiPm,r0RycgGHS5Q,MH01,MH01. Anxiety Disorders,acibdlEhhxw,"<5Yrs, Female"
2389,HMIS108,HMIS 108 - IPD Monthly Report,EBqVAQRmiPm,r0RycgGHS5Q,MH01,MH01. Anxiety Disorders,EKm949hzsgY,"5-9Yrs, Male"
2390,HMIS108,HMIS 108 - IPD Monthly Report,EBqVAQRmiPm,r0RycgGHS5Q,MH01,MH01. Anxiety Disorders,vGHDZm2UPq5,"5-9Yrs, Female"
2391,HMIS108,HMIS 108 - IPD Monthly Report,EBqVAQRmiPm,r0RycgGHS5Q,MH01,MH01. Anxiety Disorders,gP0qIQwYVZx,"10-19Yrs, Male"
2392,HMIS108,HMIS 108 - IPD Monthly Report,EBqVAQRmiPm,r0RycgGHS5Q,MH01,MH01. Anxiety Disorders,vDOMBTXYpkl,"10-19Yrs, Female"
2393,HMIS108,HMIS 108 - IPD Monthly Report,EBqVAQRmiPm,r0RycgGHS5Q,MH01,MH01. Anxiety Disorders,xyzkAnT5ApT,"20-34 Yrs, Male"
2395,HMIS108,HMIS 108 - IPD Monthly Report,EBqVAQRmiPm,r0RycgGHS5Q,MH01,MH01. Anxiety Disorders,I1IHrbBF2fm,"35-59Yrs, Male"
2396,HMIS108,HMIS 108 - IPD Monthly Report,EBqVAQRmiPm,r0RycgGHS5Q,MH01,MH01. Anxiety Disorders,wlZ7QBEZWE2,"35-59Yrs, Female"
2397,HMIS108,HMIS 108 - IPD Monthly Report,EBqVAQRmiPm,r0RycgGHS5Q,MH01,MH01. Anxiety Disorders,HJ8vavGBwnt,"60+Yrs, Male"
2398,HMIS108,HMIS 108 - IPD Monthly Report,EBqVAQRmiPm,r0RycgGHS5Q,MH01,MH01. Anxiety Disorders,b1p4v65Fds7,"60+Yrs, Female"
3591,HMIS108,HMIS 108 - IPD Monthly Report,EBqVAQRmiPm,NqrHEiuD6Wm,MH02,MH02. Unipolar Depressive Disorder,acibdlEhhxw,"<5Yrs, Female"
3590,HMIS108,HMIS 108 - IPD Monthly Report,EBqVAQRmiPm,NqrHEiuD6Wm,MH02,MH02. Unipolar Depressive Disorder,h6Pad0c6ic0,"<5Yrs, Male"
3592,HMIS108,HMIS 108 - IPD Monthly Report,EBqVAQRmiPm,NqrHEiuD6Wm,MH02,MH02. Unipolar Depressive Disorder,EKm949hzsgY,"5-9Yrs, Male"
3593,HMIS108,HMIS 108 - IPD Monthly Report,EBqVAQRmiPm,NqrHEiuD6Wm,MH02,MH02. Unipolar Depressive Disorder,vGHDZm2UPq5,"5-9Yrs, Female"
3594,HMIS108,HMIS 108 - IPD Monthly Report,EBqVAQRmiPm,NqrHEiuD6Wm,MH02,MH02. Unipolar Depressive Disorder,gP0qIQwYVZx,"10-19Yrs, Male"
3595,HMIS108,HMIS 108 - IPD Monthly Report,EBqVAQRmiPm,NqrHEiuD6Wm,MH02,MH02. Unipolar Depressive Disorder,vDOMBTXYpkl,"10-19Yrs, Female"
3596,HMIS108,HMIS 108 - IPD Monthly Report,EBqVAQRmiPm,NqrHEiuD6Wm,MH02,MH02. Unipolar Depressive Disorder,xyzkAnT5ApT,"20-34 Yrs, Male"
3597,HMIS108,HMIS 108 - IPD Monthly Report,EBqVAQRmiPm,NqrHEiuD6Wm,MH02,MH02. Unipolar Depressive Disorder,mJnJWk4Ih48,"20-34 Yrs, Female"
3598,HMIS108,HMIS 108 - IPD Monthly Report,EBqVAQRmiPm,NqrHEiuD6Wm,MH02,MH02. Unipolar Depressive Disorder,I1IHrbBF2fm,"35-59Yrs, Male"
3599,HMIS108,HMIS 108 - IPD Monthly Report,EBqVAQRmiPm,NqrHEiuD6Wm,MH02,MH02. Unipolar Depressive Disorder,wlZ7QBEZWE2,"35-59Yrs, Female"
3600,HMIS108,HMIS 108 - IPD Monthly Report,EBqVAQRmiPm,NqrHEiuD6Wm,MH02,MH02. Unipolar Depressive Disorder,HJ8vavGBwnt,"60+Yrs, Male"
3601,HMIS108,HMIS 108 - IPD Monthly Report,EBqVAQRmiPm,NqrHEiuD6Wm,MH02,MH02. Unipolar Depressive Disorder,b1p4v65Fds7,"60+Yrs, Female"
1509,HMIS108,HMIS 108 - IPD Monthly Report,EBqVAQRmiPm,T3tC2yUwP7N,MH03,MH03. Bipolar disorder,b1p4v65Fds7,"60+Yrs, Female"
1507,HMIS108,HMIS 108 - IPD Monthly Report,EBqVAQRmiPm,T3tC2yUwP7N,MH03,MH03. Bipolar disorder,wlZ7QBEZWE2,"35-59Yrs, Female"
1498,HMIS108,HMIS 108 - IPD Monthly Report,EBqVAQRmiPm,T3tC2yUwP7N,MH03,MH03. Bipolar disorder,h6Pad0c6ic0,"<5Yrs, Male"
1499,HMIS108,HMIS 108 - IPD Monthly Report,EBqVAQRmiPm,T3tC2yUwP7N,MH03,MH03. Bipolar disorder,acibdlEhhxw,"<5Yrs, Female"
1500,HMIS108,HMIS 108 - IPD Monthly Report,EBqVAQRmiPm,T3tC2yUwP7N,MH03,MH03. Bipolar disorder,EKm949hzsgY,"5-9Yrs, Male"
1501,HMIS108,HMIS 108 - IPD Monthly Report,EBqVAQRmiPm,T3tC2yUwP7N,MH03,MH03. Bipolar disorder,vGHDZm2UPq5,"5-9Yrs, Female"
1502,HMIS108,HMIS 108 - IPD Monthly Report,EBqVAQRmiPm,T3tC2yUwP7N,MH03,MH03. Bipolar disorder,gP0qIQwYVZx,"10-19Yrs, Male"
1503,HMIS108,HMIS 108 - IPD Monthly Report,EBqVAQRmiPm,T3tC2yUwP7N,MH03,MH03. Bipolar disorder,vDOMBTXYpkl,"10-19Yrs, Female"
1504,HMIS108,HMIS 108 - IPD Monthly Report,EBqVAQRmiPm,T3tC2yUwP7N,MH03,MH03. Bipolar disorder,xyzkAnT5ApT,"20-34 Yrs, Male"
1505,HMIS108,HMIS 108 - IPD Monthly Report,EBqVAQRmiPm,T3tC2yUwP7N,MH03,MH03. Bipolar disorder,mJnJWk4Ih48,"20-34 Yrs, Female"
1506,HMIS108,HMIS 108 - IPD Monthly Report,EBqVAQRmiPm,T3tC2yUwP7N,MH03,MH03. Bipolar disorder,I1IHrbBF2fm,"35-59Yrs, Male"
1508,HMIS108,HMIS 108 - IPD Monthly Report,EBqVAQRmiPm,T3tC2yUwP7N,MH03,MH03. Bipolar disorder,HJ8vavGBwnt,"60+Yrs, Male"
2754,HMIS108,HMIS 108 - IPD Monthly Report,EBqVAQRmiPm,lR4euhSXE52,MH04,MH04. Schizophrenia,mJnJWk4Ih48,"20-34 Yrs, Female"
2747,HMIS108,HMIS 108 - IPD Monthly Report,EBqVAQRmiPm,lR4euhSXE52,MH04,MH04. Schizophrenia,h6Pad0c6ic0,"<5Yrs, Male"
2748,HMIS108,HMIS 108 - IPD Monthly Report,EBqVAQRmiPm,lR4euhSXE52,MH04,MH04. Schizophrenia,acibdlEhhxw,"<5Yrs, Female"
2749,HMIS108,HMIS 108 - IPD Monthly Report,EBqVAQRmiPm,lR4euhSXE52,MH04,MH04. Schizophrenia,EKm949hzsgY,"5-9Yrs, Male"
2750,HMIS108,HMIS 108 - IPD Monthly Report,EBqVAQRmiPm,lR4euhSXE52,MH04,MH04. Schizophrenia,vGHDZm2UPq5,"5-9Yrs, Female"
2751,HMIS108,HMIS 108 - IPD Monthly Report,EBqVAQRmiPm,lR4euhSXE52,MH04,MH04. Schizophrenia,gP0qIQwYVZx,"10-19Yrs, Male"
2752,HMIS108,HMIS 108 - IPD Monthly Report,EBqVAQRmiPm,lR4euhSXE52,MH04,MH04. Schizophrenia,vDOMBTXYpkl,"10-19Yrs, Female"
2753,HMIS108,HMIS 108 - IPD Monthly Report,EBqVAQRmiPm,lR4euhSXE52,MH04,MH04. Schizophrenia,xyzkAnT5ApT,"20-34 Yrs, Male"
2755,HMIS108,HMIS 108 - IPD Monthly Report,EBqVAQRmiPm,lR4euhSXE52,MH04,MH04. Schizophrenia,I1IHrbBF2fm,"35-59Yrs, Male"
2756,HMIS108,HMIS 108 - IPD Monthly Report,EBqVAQRmiPm,lR4euhSXE52,MH04,MH04. Schizophrenia,wlZ7QBEZWE2,"35-59Yrs, Female"
2757,HMIS108,HMIS 108 - IPD Monthly Report,EBqVAQRmiPm,lR4euhSXE52,MH04,MH04. Schizophrenia,HJ8vavGBwnt,"60+Yrs, Male"
2758,HMIS108,HMIS 108 - IPD Monthly Report,EBqVAQRmiPm,lR4euhSXE52,MH04,MH04. Schizophrenia,b1p4v65Fds7,"60+Yrs, Female"
738,HMIS108,HMIS 108 - IPD Monthly Report,EBqVAQRmiPm,FddbJtODAdy,MH05,MH05. Post-Traumatic Stress Disorder,h6Pad0c6ic0,"<5Yrs, Male"
749,HMIS108,HMIS 108 - IPD Monthly Report,EBqVAQRmiPm,FddbJtODAdy,MH05,MH05. Post-Traumatic Stress Disorder,b1p4v65Fds7,"60+Yrs, Female"
748,HMIS108,HMIS 108 - IPD Monthly Report,EBqVAQRmiPm,FddbJtODAdy,MH05,MH05. Post-Traumatic Stress Disorder,HJ8vavGBwnt,"60+Yrs, Male"
747,HMIS108,HMIS 108 - IPD Monthly Report,EBqVAQRmiPm,FddbJtODAdy,MH05,MH05. Post-Traumatic Stress Disorder,wlZ7QBEZWE2,"35-59Yrs, Female"
746,HMIS108,HMIS 108 - IPD Monthly Report,EBqVAQRmiPm,FddbJtODAdy,MH05,MH05. Post-Traumatic Stress Disorder,I1IHrbBF2fm,"35-59Yrs, Male"
745,HMIS108,HMIS 108 - IPD Monthly Report,EBqVAQRmiPm,FddbJtODAdy,MH05,MH05. Post-Traumatic Stress Disorder,mJnJWk4Ih48,"20-34 Yrs, Female"
744,HMIS108,HMIS 108 - IPD Monthly Report,EBqVAQRmiPm,FddbJtODAdy,MH05,MH05. Post-Traumatic Stress Disorder,xyzkAnT5ApT,"20-34 Yrs, Male"
743,HMIS108,HMIS 108 - IPD Monthly Report,EBqVAQRmiPm,FddbJtODAdy,MH05,MH05. Post-Traumatic Stress Disorder,vDOMBTXYpkl,"10-19Yrs, Female"
742,HMIS108,HMIS 108 - IPD Monthly Report,EBqVAQRmiPm,FddbJtODAdy,MH05,MH05. Post-Traumatic Stress Disorder,gP0qIQwYVZx,"10-19Yrs, Male"
741,HMIS108,HMIS 108 - IPD Monthly Report,EBqVAQRmiPm,FddbJtODAdy,MH05,MH05. Post-Traumatic Stress Disorder,vGHDZm2UPq5,"5-9Yrs, Female"
740,HMIS108,HMIS 108 - IPD Monthly Report,EBqVAQRmiPm,FddbJtODAdy,MH05,MH05. Post-Traumatic Stress Disorder,EKm949hzsgY,"5-9Yrs, Male"
739,HMIS108,HMIS 108 - IPD Monthly Report,EBqVAQRmiPm,FddbJtODAdy,MH05,MH05. Post-Traumatic Stress Disorder,acibdlEhhxw,"<5Yrs, Female"
2601,HMIS108,HMIS 108 - IPD Monthly Report,EBqVAQRmiPm,lc3oy0hclHp,MH06,MH06. Epilepsy,acibdlEhhxw,"<5Yrs, Female"
2600,HMIS108,HMIS 108 - IPD Monthly Report,EBqVAQRmiPm,lc3oy0hclHp,MH06,MH06. Epilepsy,h6Pad0c6ic0,"<5Yrs, Male"
2602,HMIS108,HMIS 108 - IPD Monthly Report,EBqVAQRmiPm,lc3oy0hclHp,MH06,MH06. Epilepsy,EKm949hzsgY,"5-9Yrs, Male"
2603,HMIS108,HMIS 108 - IPD Monthly Report,EBqVAQRmiPm,lc3oy0hclHp,MH06,MH06. Epilepsy,vGHDZm2UPq5,"5-9Yrs, Female"
2604,HMIS108,HMIS 108 - IPD Monthly Report,EBqVAQRmiPm,lc3oy0hclHp,MH06,MH06. Epilepsy,gP0qIQwYVZx,"10-19Yrs, Male"
2605,HMIS108,HMIS 108 - IPD Monthly Report,EBqVAQRmiPm,lc3oy0hclHp,MH06,MH06. Epilepsy,vDOMBTXYpkl,"10-19Yrs, Female"
2606,HMIS108,HMIS 108 - IPD Monthly Report,EBqVAQRmiPm,lc3oy0hclHp,MH06,MH06. Epilepsy,xyzkAnT5ApT,"20-34 Yrs, Male"
2607,HMIS108,HMIS 108 - IPD Monthly Report,EBqVAQRmiPm,lc3oy0hclHp,MH06,MH06. Epilepsy,mJnJWk4Ih48,"20-34 Yrs, Female"
2608,HMIS108,HMIS 108 - IPD Monthly Report,EBqVAQRmiPm,lc3oy0hclHp,MH06,MH06. Epilepsy,I1IHrbBF2fm,"35-59Yrs, Male"
2609,HMIS108,HMIS 108 - IPD Monthly Report,EBqVAQRmiPm,lc3oy0hclHp,MH06,MH06. Epilepsy,wlZ7QBEZWE2,"35-59Yrs, Female"
2610,HMIS108,HMIS 108 - IPD Monthly Report,EBqVAQRmiPm,lc3oy0hclHp,MH06,MH06. Epilepsy,HJ8vavGBwnt,"60+Yrs, Male"
2611,HMIS108,HMIS 108 - IPD Monthly Report,EBqVAQRmiPm,lc3oy0hclHp,MH06,MH06. Epilepsy,b1p4v65Fds7,"60+Yrs, Female"
1593,HMIS108,HMIS 108 - IPD Monthly Report,EBqVAQRmiPm,sOJDZJ4r6vH,MH07,MH07. HIV related psychosis,HJ8vavGBwnt,"60+Yrs, Male"
1583,HMIS108,HMIS 108 - IPD Monthly Report,EBqVAQRmiPm,sOJDZJ4r6vH,MH07,MH07. HIV related psychosis,h6Pad0c6ic0,"<5Yrs, Male"
1592,HMIS108,HMIS 108 - IPD Monthly Report,EBqVAQRmiPm,sOJDZJ4r6vH,MH07,MH07. HIV related psychosis,wlZ7QBEZWE2,"35-59Yrs, Female"
1591,HMIS108,HMIS 108 - IPD Monthly Report,EBqVAQRmiPm,sOJDZJ4r6vH,MH07,MH07. HIV related psychosis,I1IHrbBF2fm,"35-59Yrs, Male"
1590,HMIS108,HMIS 108 - IPD Monthly Report,EBqVAQRmiPm,sOJDZJ4r6vH,MH07,MH07. HIV related psychosis,mJnJWk4Ih48,"20-34 Yrs, Female"
1589,HMIS108,HMIS 108 - IPD Monthly Report,EBqVAQRmiPm,sOJDZJ4r6vH,MH07,MH07. HIV related psychosis,xyzkAnT5ApT,"20-34 Yrs, Male"
1588,HMIS108,HMIS 108 - IPD Monthly Report,EBqVAQRmiPm,sOJDZJ4r6vH,MH07,MH07. HIV related psychosis,vDOMBTXYpkl,"10-19Yrs, Female"
1587,HMIS108,HMIS 108 - IPD Monthly Report,EBqVAQRmiPm,sOJDZJ4r6vH,MH07,MH07. HIV related psychosis,gP0qIQwYVZx,"10-19Yrs, Male"
1586,HMIS108,HMIS 108 - IPD Monthly Report,EBqVAQRmiPm,sOJDZJ4r6vH,MH07,MH07. HIV related psychosis,vGHDZm2UPq5,"5-9Yrs, Female"
1585,HMIS108,HMIS 108 - IPD Monthly Report,EBqVAQRmiPm,sOJDZJ4r6vH,MH07,MH07. HIV related psychosis,EKm949hzsgY,"5-9Yrs, Male"
1584,HMIS108,HMIS 108 - IPD Monthly Report,EBqVAQRmiPm,sOJDZJ4r6vH,MH07,MH07. HIV related psychosis,acibdlEhhxw,"<5Yrs, Female"
1594,HMIS108,HMIS 108 - IPD Monthly Report,EBqVAQRmiPm,sOJDZJ4r6vH,MH07,MH07. HIV related psychosis,b1p4v65Fds7,"60+Yrs, Female"
1015,HMIS108,HMIS 108 - IPD Monthly Report,EBqVAQRmiPm,rPeXVEjtw7D,MH08,MH08. Alzheimer-s disease,acibdlEhhxw,"<5Yrs, Female"
1025,HMIS108,HMIS 108 - IPD Monthly Report,EBqVAQRmiPm,rPeXVEjtw7D,MH08,MH08. Alzheimer-s disease,b1p4v65Fds7,"60+Yrs, Female"
1024,HMIS108,HMIS 108 - IPD Monthly Report,EBqVAQRmiPm,rPeXVEjtw7D,MH08,MH08. Alzheimer-s disease,HJ8vavGBwnt,"60+Yrs, Male"
1023,HMIS108,HMIS 108 - IPD Monthly Report,EBqVAQRmiPm,rPeXVEjtw7D,MH08,MH08. Alzheimer-s disease,wlZ7QBEZWE2,"35-59Yrs, Female"
1022,HMIS108,HMIS 108 - IPD Monthly Report,EBqVAQRmiPm,rPeXVEjtw7D,MH08,MH08. Alzheimer-s disease,I1IHrbBF2fm,"35-59Yrs, Male"
1021,HMIS108,HMIS 108 - IPD Monthly Report,EBqVAQRmiPm,rPeXVEjtw7D,MH08,MH08. Alzheimer-s disease,mJnJWk4Ih48,"20-34 Yrs, Female"
1020,HMIS108,HMIS 108 - IPD Monthly Report,EBqVAQRmiPm,rPeXVEjtw7D,MH08,MH08. Alzheimer-s disease,xyzkAnT5ApT,"20-34 Yrs, Male"
1019,HMIS108,HMIS 108 - IPD Monthly Report,EBqVAQRmiPm,rPeXVEjtw7D,MH08,MH08. Alzheimer-s disease,vDOMBTXYpkl,"10-19Yrs, Female"
1018,HMIS108,HMIS 108 - IPD Monthly Report,EBqVAQRmiPm,rPeXVEjtw7D,MH08,MH08. Alzheimer-s disease,gP0qIQwYVZx,"10-19Yrs, Male"
1017,HMIS108,HMIS 108 - IPD Monthly Report,EBqVAQRmiPm,rPeXVEjtw7D,MH08,MH08. Alzheimer-s disease,vGHDZm2UPq5,"5-9Yrs, Female"
1016,HMIS108,HMIS 108 - IPD Monthly Report,EBqVAQRmiPm,rPeXVEjtw7D,MH08,MH08. Alzheimer-s disease,EKm949hzsgY,"5-9Yrs, Male"
1014,HMIS108,HMIS 108 - IPD Monthly Report,EBqVAQRmiPm,rPeXVEjtw7D,MH08,MH08. Alzheimer-s disease,h6Pad0c6ic0,"<5Yrs, Male"
3106,HMIS108,HMIS 108 - IPD Monthly Report,EBqVAQRmiPm,yyeGISz359x,MH09,MH09. HIV related dementia,b1p4v65Fds7,"60+Yrs, Female"
3095,HMIS108,HMIS 108 - IPD Monthly Report,EBqVAQRmiPm,yyeGISz359x,MH09,MH09. HIV related dementia,h6Pad0c6ic0,"<5Yrs, Male"
3099,HMIS108,HMIS 108 - IPD Monthly Report,EBqVAQRmiPm,yyeGISz359x,MH09,MH09. HIV related dementia,gP0qIQwYVZx,"10-19Yrs, Male"
3098,HMIS108,HMIS 108 - IPD Monthly Report,EBqVAQRmiPm,yyeGISz359x,MH09,MH09. HIV related dementia,vGHDZm2UPq5,"5-9Yrs, Female"
3103,HMIS108,HMIS 108 - IPD Monthly Report,EBqVAQRmiPm,yyeGISz359x,MH09,MH09. HIV related dementia,I1IHrbBF2fm,"35-59Yrs, Male"
3100,HMIS108,HMIS 108 - IPD Monthly Report,EBqVAQRmiPm,yyeGISz359x,MH09,MH09. HIV related dementia,vDOMBTXYpkl,"10-19Yrs, Female"
3104,HMIS108,HMIS 108 - IPD Monthly Report,EBqVAQRmiPm,yyeGISz359x,MH09,MH09. HIV related dementia,wlZ7QBEZWE2,"35-59Yrs, Female"
3102,HMIS108,HMIS 108 - IPD Monthly Report,EBqVAQRmiPm,yyeGISz359x,MH09,MH09. HIV related dementia,mJnJWk4Ih48,"20-34 Yrs, Female"
3097,HMIS108,HMIS 108 - IPD Monthly Report,EBqVAQRmiPm,yyeGISz359x,MH09,MH09. HIV related dementia,EKm949hzsgY,"5-9Yrs, Male"
3096,HMIS108,HMIS 108 - IPD Monthly Report,EBqVAQRmiPm,yyeGISz359x,MH09,MH09. HIV related dementia,acibdlEhhxw,"<5Yrs, Female"
3105,HMIS108,HMIS 108 - IPD Monthly Report,EBqVAQRmiPm,yyeGISz359x,MH09,MH09. HIV related dementia,HJ8vavGBwnt,"60+Yrs, Male"
3101,HMIS108,HMIS 108 - IPD Monthly Report,EBqVAQRmiPm,yyeGISz359x,MH09,MH09. HIV related dementia,xyzkAnT5ApT,"20-34 Yrs, Male"
4273,HMIS108,HMIS 108 - IPD Monthly Report,EBqVAQRmiPm,OMKNInWswIX,MH10,MH10. Alcohol related Dementia,mJnJWk4Ih48,"20-34 Yrs, Female"
4267,HMIS108,HMIS 108 - IPD Monthly Report,EBqVAQRmiPm,OMKNInWswIX,MH10,MH10. Alcohol related Dementia,acibdlEhhxw,"<5Yrs, Female"
4268,HMIS108,HMIS 108 - IPD Monthly Report,EBqVAQRmiPm,OMKNInWswIX,MH10,MH10. Alcohol related Dementia,EKm949hzsgY,"5-9Yrs, Male"
4269,HMIS108,HMIS 108 - IPD Monthly Report,EBqVAQRmiPm,OMKNInWswIX,MH10,MH10. Alcohol related Dementia,vGHDZm2UPq5,"5-9Yrs, Female"
4266,HMIS108,HMIS 108 - IPD Monthly Report,EBqVAQRmiPm,OMKNInWswIX,MH10,MH10. Alcohol related Dementia,h6Pad0c6ic0,"<5Yrs, Male"
4270,HMIS108,HMIS 108 - IPD Monthly Report,EBqVAQRmiPm,OMKNInWswIX,MH10,MH10. Alcohol related Dementia,gP0qIQwYVZx,"10-19Yrs, Male"
4274,HMIS108,HMIS 108 - IPD Monthly Report,EBqVAQRmiPm,OMKNInWswIX,MH10,MH10. Alcohol related Dementia,I1IHrbBF2fm,"35-59Yrs, Male"
4275,HMIS108,HMIS 108 - IPD Monthly Report,EBqVAQRmiPm,OMKNInWswIX,MH10,MH10. Alcohol related Dementia,wlZ7QBEZWE2,"35-59Yrs, Female"
4276,HMIS108,HMIS 108 - IPD Monthly Report,EBqVAQRmiPm,OMKNInWswIX,MH10,MH10. Alcohol related Dementia,HJ8vavGBwnt,"60+Yrs, Male"
4277,HMIS108,HMIS 108 - IPD Monthly Report,EBqVAQRmiPm,OMKNInWswIX,MH10,MH10. Alcohol related Dementia,b1p4v65Fds7,"60+Yrs, Female"
4272,HMIS108,HMIS 108 - IPD Monthly Report,EBqVAQRmiPm,OMKNInWswIX,MH10,MH10. Alcohol related Dementia,xyzkAnT5ApT,"20-34 Yrs, Male"
4271,HMIS108,HMIS 108 - IPD Monthly Report,EBqVAQRmiPm,OMKNInWswIX,MH10,MH10. Alcohol related Dementia,vDOMBTXYpkl,"10-19Yrs, Female"
990,HMIS108,HMIS 108 - IPD Monthly Report,EBqVAQRmiPm,sXLkdJuHPUm,MH11,"MH11. Dementia due to Cerebral Vascular Disease (Diabetes, Hypertension)",gP0qIQwYVZx,"10-19Yrs, Male"
989,HMIS108,HMIS 108 - IPD Monthly Report,EBqVAQRmiPm,sXLkdJuHPUm,MH11,"MH11. Dementia due to Cerebral Vascular Disease (Diabetes, Hypertension)",vGHDZm2UPq5,"5-9Yrs, Female"
988,HMIS108,HMIS 108 - IPD Monthly Report,EBqVAQRmiPm,sXLkdJuHPUm,MH11,"MH11. Dementia due to Cerebral Vascular Disease (Diabetes, Hypertension)",EKm949hzsgY,"5-9Yrs, Male"
992,HMIS108,HMIS 108 - IPD Monthly Report,EBqVAQRmiPm,sXLkdJuHPUm,MH11,"MH11. Dementia due to Cerebral Vascular Disease (Diabetes, Hypertension)",xyzkAnT5ApT,"20-34 Yrs, Male"
991,HMIS108,HMIS 108 - IPD Monthly Report,EBqVAQRmiPm,sXLkdJuHPUm,MH11,"MH11. Dementia due to Cerebral Vascular Disease (Diabetes, Hypertension)",vDOMBTXYpkl,"10-19Yrs, Female"
987,HMIS108,HMIS 108 - IPD Monthly Report,EBqVAQRmiPm,sXLkdJuHPUm,MH11,"MH11. Dementia due to Cerebral Vascular Disease (Diabetes, Hypertension)",acibdlEhhxw,"<5Yrs, Female"
986,HMIS108,HMIS 108 - IPD Monthly Report,EBqVAQRmiPm,sXLkdJuHPUm,MH11,"MH11. Dementia due to Cerebral Vascular Disease (Diabetes, Hypertension)",h6Pad0c6ic0,"<5Yrs, Male"
993,HMIS108,HMIS 108 - IPD Monthly Report,EBqVAQRmiPm,sXLkdJuHPUm,MH11,"MH11. Dementia due to Cerebral Vascular Disease (Diabetes, Hypertension)",mJnJWk4Ih48,"20-34 Yrs, Female"
997,HMIS108,HMIS 108 - IPD Monthly Report,EBqVAQRmiPm,sXLkdJuHPUm,MH11,"MH11. Dementia due to Cerebral Vascular Disease (Diabetes, Hypertension)",b1p4v65Fds7,"60+Yrs, Female"
996,HMIS108,HMIS 108 - IPD Monthly Report,EBqVAQRmiPm,sXLkdJuHPUm,MH11,"MH11. Dementia due to Cerebral Vascular Disease (Diabetes, Hypertension)",HJ8vavGBwnt,"60+Yrs, Male"
995,HMIS108,HMIS 108 - IPD Monthly Report,EBqVAQRmiPm,sXLkdJuHPUm,MH11,"MH11. Dementia due to Cerebral Vascular Disease (Diabetes, Hypertension)",wlZ7QBEZWE2,"35-59Yrs, Female"
994,HMIS108,HMIS 108 - IPD Monthly Report,EBqVAQRmiPm,sXLkdJuHPUm,MH11,"MH11. Dementia due to Cerebral Vascular Disease (Diabetes, Hypertension)",I1IHrbBF2fm,"35-59Yrs, Male"
1852,HMIS108,HMIS 108 - IPD Monthly Report,EBqVAQRmiPm,mFAPor45Fj8,MH12,MH12. Other form of Dementia,vDOMBTXYpkl,"10-19Yrs, Female"
1853,HMIS108,HMIS 108 - IPD Monthly Report,EBqVAQRmiPm,mFAPor45Fj8,MH12,MH12. Other form of Dementia,xyzkAnT5ApT,"20-34 Yrs, Male"
1854,HMIS108,HMIS 108 - IPD Monthly Report,EBqVAQRmiPm,mFAPor45Fj8,MH12,MH12. Other form of Dementia,mJnJWk4Ih48,"20-34 Yrs, Female"
1855,HMIS108,HMIS 108 - IPD Monthly Report,EBqVAQRmiPm,mFAPor45Fj8,MH12,MH12. Other form of Dementia,I1IHrbBF2fm,"35-59Yrs, Male"
1856,HMIS108,HMIS 108 - IPD Monthly Report,EBqVAQRmiPm,mFAPor45Fj8,MH12,MH12. Other form of Dementia,wlZ7QBEZWE2,"35-59Yrs, Female"
1851,HMIS108,HMIS 108 - IPD Monthly Report,EBqVAQRmiPm,mFAPor45Fj8,MH12,MH12. Other form of Dementia,gP0qIQwYVZx,"10-19Yrs, Male"
1850,HMIS108,HMIS 108 - IPD Monthly Report,EBqVAQRmiPm,mFAPor45Fj8,MH12,MH12. Other form of Dementia,vGHDZm2UPq5,"5-9Yrs, Female"
1849,HMIS108,HMIS 108 - IPD Monthly Report,EBqVAQRmiPm,mFAPor45Fj8,MH12,MH12. Other form of Dementia,EKm949hzsgY,"5-9Yrs, Male"
1848,HMIS108,HMIS 108 - IPD Monthly Report,EBqVAQRmiPm,mFAPor45Fj8,MH12,MH12. Other form of Dementia,acibdlEhhxw,"<5Yrs, Female"
1847,HMIS108,HMIS 108 - IPD Monthly Report,EBqVAQRmiPm,mFAPor45Fj8,MH12,MH12. Other form of Dementia,h6Pad0c6ic0,"<5Yrs, Male"
1857,HMIS108,HMIS 108 - IPD Monthly Report,EBqVAQRmiPm,mFAPor45Fj8,MH12,MH12. Other form of Dementia,HJ8vavGBwnt,"60+Yrs, Male"
1858,HMIS108,HMIS 108 - IPD Monthly Report,EBqVAQRmiPm,mFAPor45Fj8,MH12,MH12. Other form of Dementia,b1p4v65Fds7,"60+Yrs, Female"
3429,HMIS108,HMIS 108 - IPD Monthly Report,EBqVAQRmiPm,peCnN1t4pJa,MH13,MH13. Other Adult Mental Health Conditions,b1p4v65Fds7,"60+Yrs, Female"
3419,HMIS108,HMIS 108 - IPD Monthly Report,EBqVAQRmiPm,peCnN1t4pJa,MH13,MH13. Other Adult Mental Health Conditions,acibdlEhhxw,"<5Yrs, Female"
3418,HMIS108,HMIS 108 - IPD Monthly Report,EBqVAQRmiPm,peCnN1t4pJa,MH13,MH13. Other Adult Mental Health Conditions,h6Pad0c6ic0,"<5Yrs, Male"
3426,HMIS108,HMIS 108 - IPD Monthly Report,EBqVAQRmiPm,peCnN1t4pJa,MH13,MH13. Other Adult Mental Health Conditions,I1IHrbBF2fm,"35-59Yrs, Male"
3424,HMIS108,HMIS 108 - IPD Monthly Report,EBqVAQRmiPm,peCnN1t4pJa,MH13,MH13. Other Adult Mental Health Conditions,xyzkAnT5ApT,"20-34 Yrs, Male"
3425,HMIS108,HMIS 108 - IPD Monthly Report,EBqVAQRmiPm,peCnN1t4pJa,MH13,MH13. Other Adult Mental Health Conditions,mJnJWk4Ih48,"20-34 Yrs, Female"
3423,HMIS108,HMIS 108 - IPD Monthly Report,EBqVAQRmiPm,peCnN1t4pJa,MH13,MH13. Other Adult Mental Health Conditions,vDOMBTXYpkl,"10-19Yrs, Female"
3422,HMIS108,HMIS 108 - IPD Monthly Report,EBqVAQRmiPm,peCnN1t4pJa,MH13,MH13. Other Adult Mental Health Conditions,gP0qIQwYVZx,"10-19Yrs, Male"
3421,HMIS108,HMIS 108 - IPD Monthly Report,EBqVAQRmiPm,peCnN1t4pJa,MH13,MH13. Other Adult Mental Health Conditions,vGHDZm2UPq5,"5-9Yrs, Female"
3427,HMIS108,HMIS 108 - IPD Monthly Report,EBqVAQRmiPm,peCnN1t4pJa,MH13,MH13. Other Adult Mental Health Conditions,wlZ7QBEZWE2,"35-59Yrs, Female"
3420,HMIS108,HMIS 108 - IPD Monthly Report,EBqVAQRmiPm,peCnN1t4pJa,MH13,MH13. Other Adult Mental Health Conditions,EKm949hzsgY,"5-9Yrs, Male"
3428,HMIS108,HMIS 108 - IPD Monthly Report,EBqVAQRmiPm,peCnN1t4pJa,MH13,MH13. Other Adult Mental Health Conditions,HJ8vavGBwnt,"60+Yrs, Male"
3522,HMIS108,HMIS 108 - IPD Monthly Report,EBqVAQRmiPm,muM9bCzUQv6,MH14,MH14. Internet addiction,HJ8vavGBwnt,"60+Yrs, Male"
3517,HMIS108,HMIS 108 - IPD Monthly Report,EBqVAQRmiPm,muM9bCzUQv6,MH14,MH14. Internet addiction,vDOMBTXYpkl,"10-19Yrs, Female"
3516,HMIS108,HMIS 108 - IPD Monthly Report,EBqVAQRmiPm,muM9bCzUQv6,MH14,MH14. Internet addiction,gP0qIQwYVZx,"10-19Yrs, Male"
3519,HMIS108,HMIS 108 - IPD Monthly Report,EBqVAQRmiPm,muM9bCzUQv6,MH14,MH14. Internet addiction,mJnJWk4Ih48,"20-34 Yrs, Female"
3520,HMIS108,HMIS 108 - IPD Monthly Report,EBqVAQRmiPm,muM9bCzUQv6,MH14,MH14. Internet addiction,I1IHrbBF2fm,"35-59Yrs, Male"
3512,HMIS108,HMIS 108 - IPD Monthly Report,EBqVAQRmiPm,muM9bCzUQv6,MH14,MH14. Internet addiction,h6Pad0c6ic0,"<5Yrs, Male"
3513,HMIS108,HMIS 108 - IPD Monthly Report,EBqVAQRmiPm,muM9bCzUQv6,MH14,MH14. Internet addiction,acibdlEhhxw,"<5Yrs, Female"
3514,HMIS108,HMIS 108 - IPD Monthly Report,EBqVAQRmiPm,muM9bCzUQv6,MH14,MH14. Internet addiction,EKm949hzsgY,"5-9Yrs, Male"
3515,HMIS108,HMIS 108 - IPD Monthly Report,EBqVAQRmiPm,muM9bCzUQv6,MH14,MH14. Internet addiction,vGHDZm2UPq5,"5-9Yrs, Female"
3521,HMIS108,HMIS 108 - IPD Monthly Report,EBqVAQRmiPm,muM9bCzUQv6,MH14,MH14. Internet addiction,wlZ7QBEZWE2,"35-59Yrs, Female"
3518,HMIS108,HMIS 108 - IPD Monthly Report,EBqVAQRmiPm,muM9bCzUQv6,MH14,MH14. Internet addiction,xyzkAnT5ApT,"20-34 Yrs, Male"
3523,HMIS108,HMIS 108 - IPD Monthly Report,EBqVAQRmiPm,muM9bCzUQv6,MH14,MH14. Internet addiction,b1p4v65Fds7,"60+Yrs, Female"
1368,HMIS108,HMIS 108 - IPD Monthly Report,EBqVAQRmiPm,JmFsHeCFDVq,MH15,MH15. Alcohol Use Disorder,HJ8vavGBwnt,"60+Yrs, Male"
1361,HMIS108,HMIS 108 - IPD Monthly Report,EBqVAQRmiPm,JmFsHeCFDVq,MH15,MH15. Alcohol Use Disorder,vGHDZm2UPq5,"5-9Yrs, Female"
1359,HMIS108,HMIS 108 - IPD Monthly Report,EBqVAQRmiPm,JmFsHeCFDVq,MH15,MH15. Alcohol Use Disorder,acibdlEhhxw,"<5Yrs, Female"
1369,HMIS108,HMIS 108 - IPD Monthly Report,EBqVAQRmiPm,JmFsHeCFDVq,MH15,MH15. Alcohol Use Disorder,b1p4v65Fds7,"60+Yrs, Female"
1360,HMIS108,HMIS 108 - IPD Monthly Report,EBqVAQRmiPm,JmFsHeCFDVq,MH15,MH15. Alcohol Use Disorder,EKm949hzsgY,"5-9Yrs, Male"
1358,HMIS108,HMIS 108 - IPD Monthly Report,EBqVAQRmiPm,JmFsHeCFDVq,MH15,MH15. Alcohol Use Disorder,h6Pad0c6ic0,"<5Yrs, Male"
1364,HMIS108,HMIS 108 - IPD Monthly Report,EBqVAQRmiPm,JmFsHeCFDVq,MH15,MH15. Alcohol Use Disorder,xyzkAnT5ApT,"20-34 Yrs, Male"
1365,HMIS108,HMIS 108 - IPD Monthly Report,EBqVAQRmiPm,JmFsHeCFDVq,MH15,MH15. Alcohol Use Disorder,mJnJWk4Ih48,"20-34 Yrs, Female"
1362,HMIS108,HMIS 108 - IPD Monthly Report,EBqVAQRmiPm,JmFsHeCFDVq,MH15,MH15. Alcohol Use Disorder,gP0qIQwYVZx,"10-19Yrs, Male"
1363,HMIS108,HMIS 108 - IPD Monthly Report,EBqVAQRmiPm,JmFsHeCFDVq,MH15,MH15. Alcohol Use Disorder,vDOMBTXYpkl,"10-19Yrs, Female"
1366,HMIS108,HMIS 108 - IPD Monthly Report,EBqVAQRmiPm,JmFsHeCFDVq,MH15,MH15. Alcohol Use Disorder,I1IHrbBF2fm,"35-59Yrs, Male"
1367,HMIS108,HMIS 108 - IPD Monthly Report,EBqVAQRmiPm,JmFsHeCFDVq,MH15,MH15. Alcohol Use Disorder,wlZ7QBEZWE2,"35-59Yrs, Female"
2297,HMIS108,HMIS 108 - IPD Monthly Report,EBqVAQRmiPm,At85qp2WnZz,MH16,MH16. Substance (Drug) use Disorder,acibdlEhhxw,"<5Yrs, Female"
2304,HMIS108,HMIS 108 - IPD Monthly Report,EBqVAQRmiPm,At85qp2WnZz,MH16,MH16. Substance (Drug) use Disorder,I1IHrbBF2fm,"35-59Yrs, Male"
2303,HMIS108,HMIS 108 - IPD Monthly Report,EBqVAQRmiPm,At85qp2WnZz,MH16,MH16. Substance (Drug) use Disorder,mJnJWk4Ih48,"20-34 Yrs, Female"
2296,HMIS108,HMIS 108 - IPD Monthly Report,EBqVAQRmiPm,At85qp2WnZz,MH16,MH16. Substance (Drug) use Disorder,h6Pad0c6ic0,"<5Yrs, Male"
2302,HMIS108,HMIS 108 - IPD Monthly Report,EBqVAQRmiPm,At85qp2WnZz,MH16,MH16. Substance (Drug) use Disorder,xyzkAnT5ApT,"20-34 Yrs, Male"
2301,HMIS108,HMIS 108 - IPD Monthly Report,EBqVAQRmiPm,At85qp2WnZz,MH16,MH16. Substance (Drug) use Disorder,vDOMBTXYpkl,"10-19Yrs, Female"
2300,HMIS108,HMIS 108 - IPD Monthly Report,EBqVAQRmiPm,At85qp2WnZz,MH16,MH16. Substance (Drug) use Disorder,gP0qIQwYVZx,"10-19Yrs, Male"
2305,HMIS108,HMIS 108 - IPD Monthly Report,EBqVAQRmiPm,At85qp2WnZz,MH16,MH16. Substance (Drug) use Disorder,wlZ7QBEZWE2,"35-59Yrs, Female"
2306,HMIS108,HMIS 108 - IPD Monthly Report,EBqVAQRmiPm,At85qp2WnZz,MH16,MH16. Substance (Drug) use Disorder,HJ8vavGBwnt,"60+Yrs, Male"
2307,HMIS108,HMIS 108 - IPD Monthly Report,EBqVAQRmiPm,At85qp2WnZz,MH16,MH16. Substance (Drug) use Disorder,b1p4v65Fds7,"60+Yrs, Female"
2299,HMIS108,HMIS 108 - IPD Monthly Report,EBqVAQRmiPm,At85qp2WnZz,MH16,MH16. Substance (Drug) use Disorder,vGHDZm2UPq5,"5-9Yrs, Female"
2298,HMIS108,HMIS 108 - IPD Monthly Report,EBqVAQRmiPm,At85qp2WnZz,MH16,MH16. Substance (Drug) use Disorder,EKm949hzsgY,"5-9Yrs, Male"
458,HMIS108,HMIS 108 - IPD Monthly Report,EBqVAQRmiPm,zsZUdulI8bl,MH17,MH17. Delirium,acibdlEhhxw,"<5Yrs, Female"
464,HMIS108,HMIS 108 - IPD Monthly Report,EBqVAQRmiPm,zsZUdulI8bl,MH17,MH17. Delirium,mJnJWk4Ih48,"20-34 Yrs, Female"
465,HMIS108,HMIS 108 - IPD Monthly Report,EBqVAQRmiPm,zsZUdulI8bl,MH17,MH17. Delirium,I1IHrbBF2fm,"35-59Yrs, Male"
466,HMIS108,HMIS 108 - IPD Monthly Report,EBqVAQRmiPm,zsZUdulI8bl,MH17,MH17. Delirium,wlZ7QBEZWE2,"35-59Yrs, Female"
467,HMIS108,HMIS 108 - IPD Monthly Report,EBqVAQRmiPm,zsZUdulI8bl,MH17,MH17. Delirium,HJ8vavGBwnt,"60+Yrs, Male"
457,HMIS108,HMIS 108 - IPD Monthly Report,EBqVAQRmiPm,zsZUdulI8bl,MH17,MH17. Delirium,h6Pad0c6ic0,"<5Yrs, Male"
459,HMIS108,HMIS 108 - IPD Monthly Report,EBqVAQRmiPm,zsZUdulI8bl,MH17,MH17. Delirium,EKm949hzsgY,"5-9Yrs, Male"
460,HMIS108,HMIS 108 - IPD Monthly Report,EBqVAQRmiPm,zsZUdulI8bl,MH17,MH17. Delirium,vGHDZm2UPq5,"5-9Yrs, Female"
461,HMIS108,HMIS 108 - IPD Monthly Report,EBqVAQRmiPm,zsZUdulI8bl,MH17,MH17. Delirium,gP0qIQwYVZx,"10-19Yrs, Male"
462,HMIS108,HMIS 108 - IPD Monthly Report,EBqVAQRmiPm,zsZUdulI8bl,MH17,MH17. Delirium,vDOMBTXYpkl,"10-19Yrs, Female"
468,HMIS108,HMIS 108 - IPD Monthly Report,EBqVAQRmiPm,zsZUdulI8bl,MH17,MH17. Delirium,b1p4v65Fds7,"60+Yrs, Female"
463,HMIS108,HMIS 108 - IPD Monthly Report,EBqVAQRmiPm,zsZUdulI8bl,MH17,MH17. Delirium,xyzkAnT5ApT,"20-34 Yrs, Male"
1807,HMIS108,HMIS 108 - IPD Monthly Report,EBqVAQRmiPm,RGyFGigYArb,MH18,MH18. Intellectual disability,h6Pad0c6ic0,"<5Yrs, Male"
1813,HMIS108,HMIS 108 - IPD Monthly Report,EBqVAQRmiPm,RGyFGigYArb,MH18,MH18. Intellectual disability,xyzkAnT5ApT,"20-34 Yrs, Male"
1815,HMIS108,HMIS 108 - IPD Monthly Report,EBqVAQRmiPm,RGyFGigYArb,MH18,MH18. Intellectual disability,I1IHrbBF2fm,"35-59Yrs, Male"
1816,HMIS108,HMIS 108 - IPD Monthly Report,EBqVAQRmiPm,RGyFGigYArb,MH18,MH18. Intellectual disability,wlZ7QBEZWE2,"35-59Yrs, Female"
1817,HMIS108,HMIS 108 - IPD Monthly Report,EBqVAQRmiPm,RGyFGigYArb,MH18,MH18. Intellectual disability,HJ8vavGBwnt,"60+Yrs, Male"
1814,HMIS108,HMIS 108 - IPD Monthly Report,EBqVAQRmiPm,RGyFGigYArb,MH18,MH18. Intellectual disability,mJnJWk4Ih48,"20-34 Yrs, Female"
1818,HMIS108,HMIS 108 - IPD Monthly Report,EBqVAQRmiPm,RGyFGigYArb,MH18,MH18. Intellectual disability,b1p4v65Fds7,"60+Yrs, Female"
1812,HMIS108,HMIS 108 - IPD Monthly Report,EBqVAQRmiPm,RGyFGigYArb,MH18,MH18. Intellectual disability,vDOMBTXYpkl,"10-19Yrs, Female"
1811,HMIS108,HMIS 108 - IPD Monthly Report,EBqVAQRmiPm,RGyFGigYArb,MH18,MH18. Intellectual disability,gP0qIQwYVZx,"10-19Yrs, Male"
1810,HMIS108,HMIS 108 - IPD Monthly Report,EBqVAQRmiPm,RGyFGigYArb,MH18,MH18. Intellectual disability,vGHDZm2UPq5,"5-9Yrs, Female"
1809,HMIS108,HMIS 108 - IPD Monthly Report,EBqVAQRmiPm,RGyFGigYArb,MH18,MH18. Intellectual disability,EKm949hzsgY,"5-9Yrs, Male"
1808,HMIS108,HMIS 108 - IPD Monthly Report,EBqVAQRmiPm,RGyFGigYArb,MH18,MH18. Intellectual disability,acibdlEhhxw,"<5Yrs, Female"
2362,HMIS108,HMIS 108 - IPD Monthly Report,EBqVAQRmiPm,Z3XjnRKouCJ,MH19,MH19. Autism spectrum disorders,h6Pad0c6ic0,"<5Yrs, Male"
2369,HMIS108,HMIS 108 - IPD Monthly Report,EBqVAQRmiPm,Z3XjnRKouCJ,MH19,MH19. Autism spectrum disorders,mJnJWk4Ih48,"20-34 Yrs, Female"
2363,HMIS108,HMIS 108 - IPD Monthly Report,EBqVAQRmiPm,Z3XjnRKouCJ,MH19,MH19. Autism spectrum disorders,acibdlEhhxw,"<5Yrs, Female"
2364,HMIS108,HMIS 108 - IPD Monthly Report,EBqVAQRmiPm,Z3XjnRKouCJ,MH19,MH19. Autism spectrum disorders,EKm949hzsgY,"5-9Yrs, Male"
2365,HMIS108,HMIS 108 - IPD Monthly Report,EBqVAQRmiPm,Z3XjnRKouCJ,MH19,MH19. Autism spectrum disorders,vGHDZm2UPq5,"5-9Yrs, Female"
2367,HMIS108,HMIS 108 - IPD Monthly Report,EBqVAQRmiPm,Z3XjnRKouCJ,MH19,MH19. Autism spectrum disorders,vDOMBTXYpkl,"10-19Yrs, Female"
2366,HMIS108,HMIS 108 - IPD Monthly Report,EBqVAQRmiPm,Z3XjnRKouCJ,MH19,MH19. Autism spectrum disorders,gP0qIQwYVZx,"10-19Yrs, Male"
2373,HMIS108,HMIS 108 - IPD Monthly Report,EBqVAQRmiPm,Z3XjnRKouCJ,MH19,MH19. Autism spectrum disorders,b1p4v65Fds7,"60+Yrs, Female"
2372,HMIS108,HMIS 108 - IPD Monthly Report,EBqVAQRmiPm,Z3XjnRKouCJ,MH19,MH19. Autism spectrum disorders,HJ8vavGBwnt,"60+Yrs, Male"
2371,HMIS108,HMIS 108 - IPD Monthly Report,EBqVAQRmiPm,Z3XjnRKouCJ,MH19,MH19. Autism spectrum disorders,wlZ7QBEZWE2,"35-59Yrs, Female"
2370,HMIS108,HMIS 108 - IPD Monthly Report,EBqVAQRmiPm,Z3XjnRKouCJ,MH19,MH19. Autism spectrum disorders,I1IHrbBF2fm,"35-59Yrs, Male"
2368,HMIS108,HMIS 108 - IPD Monthly Report,EBqVAQRmiPm,Z3XjnRKouCJ,MH19,MH19. Autism spectrum disorders,xyzkAnT5ApT,"20-34 Yrs, Male"
2020,HMIS108,HMIS 108 - IPD Monthly Report,EBqVAQRmiPm,KIm219Ii1IK,MH20,MH20. Child abuse and Neglect,wlZ7QBEZWE2,"35-59Yrs, Female"
2012,HMIS108,HMIS 108 - IPD Monthly Report,EBqVAQRmiPm,KIm219Ii1IK,MH20,MH20. Child abuse and Neglect,acibdlEhhxw,"<5Yrs, Female"
2014,HMIS108,HMIS 108 - IPD Monthly Report,EBqVAQRmiPm,KIm219Ii1IK,MH20,MH20. Child abuse and Neglect,vGHDZm2UPq5,"5-9Yrs, Female"
2015,HMIS108,HMIS 108 - IPD Monthly Report,EBqVAQRmiPm,KIm219Ii1IK,MH20,MH20. Child abuse and Neglect,gP0qIQwYVZx,"10-19Yrs, Male"
2016,HMIS108,HMIS 108 - IPD Monthly Report,EBqVAQRmiPm,KIm219Ii1IK,MH20,MH20. Child abuse and Neglect,vDOMBTXYpkl,"10-19Yrs, Female"
2017,HMIS108,HMIS 108 - IPD Monthly Report,EBqVAQRmiPm,KIm219Ii1IK,MH20,MH20. Child abuse and Neglect,xyzkAnT5ApT,"20-34 Yrs, Male"
2019,HMIS108,HMIS 108 - IPD Monthly Report,EBqVAQRmiPm,KIm219Ii1IK,MH20,MH20. Child abuse and Neglect,I1IHrbBF2fm,"35-59Yrs, Male"
2018,HMIS108,HMIS 108 - IPD Monthly Report,EBqVAQRmiPm,KIm219Ii1IK,MH20,MH20. Child abuse and Neglect,mJnJWk4Ih48,"20-34 Yrs, Female"
2013,HMIS108,HMIS 108 - IPD Monthly Report,EBqVAQRmiPm,KIm219Ii1IK,MH20,MH20. Child abuse and Neglect,EKm949hzsgY,"5-9Yrs, Male"
2022,HMIS108,HMIS 108 - IPD Monthly Report,EBqVAQRmiPm,KIm219Ii1IK,MH20,MH20. Child abuse and Neglect,b1p4v65Fds7,"60+Yrs, Female"
2021,HMIS108,HMIS 108 - IPD Monthly Report,EBqVAQRmiPm,KIm219Ii1IK,MH20,MH20. Child abuse and Neglect,HJ8vavGBwnt,"60+Yrs, Male"
2011,HMIS108,HMIS 108 - IPD Monthly Report,EBqVAQRmiPm,KIm219Ii1IK,MH20,MH20. Child abuse and Neglect,h6Pad0c6ic0,"<5Yrs, Male"
328,HMIS108,HMIS 108 - IPD Monthly Report,EBqVAQRmiPm,l9XYmLyopoe,MH21,MH21. Attention Deficit Hyperactivity disorder(ADHD),HJ8vavGBwnt,"60+Yrs, Male"
322,HMIS108,HMIS 108 - IPD Monthly Report,EBqVAQRmiPm,l9XYmLyopoe,MH21,MH21. Attention Deficit Hyperactivity disorder(ADHD),gP0qIQwYVZx,"10-19Yrs, Male"
323,HMIS108,HMIS 108 - IPD Monthly Report,EBqVAQRmiPm,l9XYmLyopoe,MH21,MH21. Attention Deficit Hyperactivity disorder(ADHD),vDOMBTXYpkl,"10-19Yrs, Female"
324,HMIS108,HMIS 108 - IPD Monthly Report,EBqVAQRmiPm,l9XYmLyopoe,MH21,MH21. Attention Deficit Hyperactivity disorder(ADHD),xyzkAnT5ApT,"20-34 Yrs, Male"
325,HMIS108,HMIS 108 - IPD Monthly Report,EBqVAQRmiPm,l9XYmLyopoe,MH21,MH21. Attention Deficit Hyperactivity disorder(ADHD),mJnJWk4Ih48,"20-34 Yrs, Female"
326,HMIS108,HMIS 108 - IPD Monthly Report,EBqVAQRmiPm,l9XYmLyopoe,MH21,MH21. Attention Deficit Hyperactivity disorder(ADHD),I1IHrbBF2fm,"35-59Yrs, Male"
327,HMIS108,HMIS 108 - IPD Monthly Report,EBqVAQRmiPm,l9XYmLyopoe,MH21,MH21. Attention Deficit Hyperactivity disorder(ADHD),wlZ7QBEZWE2,"35-59Yrs, Female"
329,HMIS108,HMIS 108 - IPD Monthly Report,EBqVAQRmiPm,l9XYmLyopoe,MH21,MH21. Attention Deficit Hyperactivity disorder(ADHD),b1p4v65Fds7,"60+Yrs, Female"
318,HMIS108,HMIS 108 - IPD Monthly Report,EBqVAQRmiPm,l9XYmLyopoe,MH21,MH21. Attention Deficit Hyperactivity disorder(ADHD),h6Pad0c6ic0,"<5Yrs, Male"
319,HMIS108,HMIS 108 - IPD Monthly Report,EBqVAQRmiPm,l9XYmLyopoe,MH21,MH21. Attention Deficit Hyperactivity disorder(ADHD),acibdlEhhxw,"<5Yrs, Female"
320,HMIS108,HMIS 108 - IPD Monthly Report,EBqVAQRmiPm,l9XYmLyopoe,MH21,MH21. Attention Deficit Hyperactivity disorder(ADHD),EKm949hzsgY,"5-9Yrs, Male"
321,HMIS108,HMIS 108 - IPD Monthly Report,EBqVAQRmiPm,l9XYmLyopoe,MH21,MH21. Attention Deficit Hyperactivity disorder(ADHD),vGHDZm2UPq5,"5-9Yrs, Female"
2997,HMIS108,HMIS 108 - IPD Monthly Report,EBqVAQRmiPm,EKcnRWonQBp,MH22,MH22. Learning Disability,mJnJWk4Ih48,"20-34 Yrs, Female"
2995,HMIS108,HMIS 108 - IPD Monthly Report,EBqVAQRmiPm,EKcnRWonQBp,MH22,MH22. Learning Disability,vDOMBTXYpkl,"10-19Yrs, Female"
2994,HMIS108,HMIS 108 - IPD Monthly Report,EBqVAQRmiPm,EKcnRWonQBp,MH22,MH22. Learning Disability,gP0qIQwYVZx,"10-19Yrs, Male"
3001,HMIS108,HMIS 108 - IPD Monthly Report,EBqVAQRmiPm,EKcnRWonQBp,MH22,MH22. Learning Disability,b1p4v65Fds7,"60+Yrs, Female"
3000,HMIS108,HMIS 108 - IPD Monthly Report,EBqVAQRmiPm,EKcnRWonQBp,MH22,MH22. Learning Disability,HJ8vavGBwnt,"60+Yrs, Male"
2992,HMIS108,HMIS 108 - IPD Monthly Report,EBqVAQRmiPm,EKcnRWonQBp,MH22,MH22. Learning Disability,EKm949hzsgY,"5-9Yrs, Male"
2990,HMIS108,HMIS 108 - IPD Monthly Report,EBqVAQRmiPm,EKcnRWonQBp,MH22,MH22. Learning Disability,h6Pad0c6ic0,"<5Yrs, Male"
2993,HMIS108,HMIS 108 - IPD Monthly Report,EBqVAQRmiPm,EKcnRWonQBp,MH22,MH22. Learning Disability,vGHDZm2UPq5,"5-9Yrs, Female"
2991,HMIS108,HMIS 108 - IPD Monthly Report,EBqVAQRmiPm,EKcnRWonQBp,MH22,MH22. Learning Disability,acibdlEhhxw,"<5Yrs, Female"
2998,HMIS108,HMIS 108 - IPD Monthly Report,EBqVAQRmiPm,EKcnRWonQBp,MH22,MH22. Learning Disability,I1IHrbBF2fm,"35-59Yrs, Male"
2999,HMIS108,HMIS 108 - IPD Monthly Report,EBqVAQRmiPm,EKcnRWonQBp,MH22,MH22. Learning Disability,wlZ7QBEZWE2,"35-59Yrs, Female"
2996,HMIS108,HMIS 108 - IPD Monthly Report,EBqVAQRmiPm,EKcnRWonQBp,MH22,MH22. Learning Disability,xyzkAnT5ApT,"20-34 Yrs, Male"
772,HMIS108,HMIS 108 - IPD Monthly Report,EBqVAQRmiPm,hD6oSYR7Y6E,MH23,MH23. Conduct disorders,I1IHrbBF2fm,"35-59Yrs, Male"
769,HMIS108,HMIS 108 - IPD Monthly Report,EBqVAQRmiPm,hD6oSYR7Y6E,MH23,MH23. Conduct disorders,vDOMBTXYpkl,"10-19Yrs, Female"
764,HMIS108,HMIS 108 - IPD Monthly Report,EBqVAQRmiPm,hD6oSYR7Y6E,MH23,MH23. Conduct disorders,h6Pad0c6ic0,"<5Yrs, Male"
765,HMIS108,HMIS 108 - IPD Monthly Report,EBqVAQRmiPm,hD6oSYR7Y6E,MH23,MH23. Conduct disorders,acibdlEhhxw,"<5Yrs, Female"
771,HMIS108,HMIS 108 - IPD Monthly Report,EBqVAQRmiPm,hD6oSYR7Y6E,MH23,MH23. Conduct disorders,mJnJWk4Ih48,"20-34 Yrs, Female"
773,HMIS108,HMIS 108 - IPD Monthly Report,EBqVAQRmiPm,hD6oSYR7Y6E,MH23,MH23. Conduct disorders,wlZ7QBEZWE2,"35-59Yrs, Female"
774,HMIS108,HMIS 108 - IPD Monthly Report,EBqVAQRmiPm,hD6oSYR7Y6E,MH23,MH23. Conduct disorders,HJ8vavGBwnt,"60+Yrs, Male"
775,HMIS108,HMIS 108 - IPD Monthly Report,EBqVAQRmiPm,hD6oSYR7Y6E,MH23,MH23. Conduct disorders,b1p4v65Fds7,"60+Yrs, Female"
766,HMIS108,HMIS 108 - IPD Monthly Report,EBqVAQRmiPm,hD6oSYR7Y6E,MH23,MH23. Conduct disorders,EKm949hzsgY,"5-9Yrs, Male"
767,HMIS108,HMIS 108 - IPD Monthly Report,EBqVAQRmiPm,hD6oSYR7Y6E,MH23,MH23. Conduct disorders,vGHDZm2UPq5,"5-9Yrs, Female"
768,HMIS108,HMIS 108 - IPD Monthly Report,EBqVAQRmiPm,hD6oSYR7Y6E,MH23,MH23. Conduct disorders,gP0qIQwYVZx,"10-19Yrs, Male"
770,HMIS108,HMIS 108 - IPD Monthly Report,EBqVAQRmiPm,hD6oSYR7Y6E,MH23,MH23. Conduct disorders,xyzkAnT5ApT,"20-34 Yrs, Male"
1094,HMIS108,HMIS 108 - IPD Monthly Report,EBqVAQRmiPm,gXSzqABNyvn,MH24,"MH24. Eating disorders (anorexia, Bulimia, other feeding",EKm949hzsgY,"5-9Yrs, Male"
1103,HMIS108,HMIS 108 - IPD Monthly Report,EBqVAQRmiPm,gXSzqABNyvn,MH24,"MH24. Eating disorders (anorexia, Bulimia, other feeding",b1p4v65Fds7,"60+Yrs, Female"
1102,HMIS108,HMIS 108 - IPD Monthly Report,EBqVAQRmiPm,gXSzqABNyvn,MH24,"MH24. Eating disorders (anorexia, Bulimia, other feeding",HJ8vavGBwnt,"60+Yrs, Male"
1101,HMIS108,HMIS 108 - IPD Monthly Report,EBqVAQRmiPm,gXSzqABNyvn,MH24,"MH24. Eating disorders (anorexia, Bulimia, other feeding",wlZ7QBEZWE2,"35-59Yrs, Female"
1100,HMIS108,HMIS 108 - IPD Monthly Report,EBqVAQRmiPm,gXSzqABNyvn,MH24,"MH24. Eating disorders (anorexia, Bulimia, other feeding",I1IHrbBF2fm,"35-59Yrs, Male"
1099,HMIS108,HMIS 108 - IPD Monthly Report,EBqVAQRmiPm,gXSzqABNyvn,MH24,"MH24. Eating disorders (anorexia, Bulimia, other feeding",mJnJWk4Ih48,"20-34 Yrs, Female"
1098,HMIS108,HMIS 108 - IPD Monthly Report,EBqVAQRmiPm,gXSzqABNyvn,MH24,"MH24. Eating disorders (anorexia, Bulimia, other feeding",xyzkAnT5ApT,"20-34 Yrs, Male"
1097,HMIS108,HMIS 108 - IPD Monthly Report,EBqVAQRmiPm,gXSzqABNyvn,MH24,"MH24. Eating disorders (anorexia, Bulimia, other feeding",vDOMBTXYpkl,"10-19Yrs, Female"
1096,HMIS108,HMIS 108 - IPD Monthly Report,EBqVAQRmiPm,gXSzqABNyvn,MH24,"MH24. Eating disorders (anorexia, Bulimia, other feeding",gP0qIQwYVZx,"10-19Yrs, Male"
1095,HMIS108,HMIS 108 - IPD Monthly Report,EBqVAQRmiPm,gXSzqABNyvn,MH24,"MH24. Eating disorders (anorexia, Bulimia, other feeding",vGHDZm2UPq5,"5-9Yrs, Female"
1093,HMIS108,HMIS 108 - IPD Monthly Report,EBqVAQRmiPm,gXSzqABNyvn,MH24,"MH24. Eating disorders (anorexia, Bulimia, other feeding",acibdlEhhxw,"<5Yrs, Female"
1092,HMIS108,HMIS 108 - IPD Monthly Report,EBqVAQRmiPm,gXSzqABNyvn,MH24,"MH24. Eating disorders (anorexia, Bulimia, other feeding",h6Pad0c6ic0,"<5Yrs, Male"
40,HMIS108,HMIS 108 - IPD Monthly Report,EBqVAQRmiPm,DOEpDUlToUV,MH25,MH25. Somatoform disorders,h6Pad0c6ic0,"<5Yrs, Male"
51,HMIS108,HMIS 108 - IPD Monthly Report,EBqVAQRmiPm,DOEpDUlToUV,MH25,MH25. Somatoform disorders,b1p4v65Fds7,"60+Yrs, Female"
50,HMIS108,HMIS 108 - IPD Monthly Report,EBqVAQRmiPm,DOEpDUlToUV,MH25,MH25. Somatoform disorders,HJ8vavGBwnt,"60+Yrs, Male"
49,HMIS108,HMIS 108 - IPD Monthly Report,EBqVAQRmiPm,DOEpDUlToUV,MH25,MH25. Somatoform disorders,wlZ7QBEZWE2,"35-59Yrs, Female"
48,HMIS108,HMIS 108 - IPD Monthly Report,EBqVAQRmiPm,DOEpDUlToUV,MH25,MH25. Somatoform disorders,I1IHrbBF2fm,"35-59Yrs, Male"
47,HMIS108,HMIS 108 - IPD Monthly Report,EBqVAQRmiPm,DOEpDUlToUV,MH25,MH25. Somatoform disorders,mJnJWk4Ih48,"20-34 Yrs, Female"
46,HMIS108,HMIS 108 - IPD Monthly Report,EBqVAQRmiPm,DOEpDUlToUV,MH25,MH25. Somatoform disorders,xyzkAnT5ApT,"20-34 Yrs, Male"
45,HMIS108,HMIS 108 - IPD Monthly Report,EBqVAQRmiPm,DOEpDUlToUV,MH25,MH25. Somatoform disorders,vDOMBTXYpkl,"10-19Yrs, Female"
44,HMIS108,HMIS 108 - IPD Monthly Report,EBqVAQRmiPm,DOEpDUlToUV,MH25,MH25. Somatoform disorders,gP0qIQwYVZx,"10-19Yrs, Male"
43,HMIS108,HMIS 108 - IPD Monthly Report,EBqVAQRmiPm,DOEpDUlToUV,MH25,MH25. Somatoform disorders,vGHDZm2UPq5,"5-9Yrs, Female"
42,HMIS108,HMIS 108 - IPD Monthly Report,EBqVAQRmiPm,DOEpDUlToUV,MH25,MH25. Somatoform disorders,EKm949hzsgY,"5-9Yrs, Male"
41,HMIS108,HMIS 108 - IPD Monthly Report,EBqVAQRmiPm,DOEpDUlToUV,MH25,MH25. Somatoform disorders,acibdlEhhxw,"<5Yrs, Female"
3262,HMIS108,HMIS 108 - IPD Monthly Report,EBqVAQRmiPm,xnnnkXJG3fn,MH26,MH26. Sleep Disorders,EKm949hzsgY,"5-9Yrs, Male"
3265,HMIS108,HMIS 108 - IPD Monthly Report,EBqVAQRmiPm,xnnnkXJG3fn,MH26,MH26. Sleep Disorders,vDOMBTXYpkl,"10-19Yrs, Female"
3264,HMIS108,HMIS 108 - IPD Monthly Report,EBqVAQRmiPm,xnnnkXJG3fn,MH26,MH26. Sleep Disorders,gP0qIQwYVZx,"10-19Yrs, Male"
3271,HMIS108,HMIS 108 - IPD Monthly Report,EBqVAQRmiPm,xnnnkXJG3fn,MH26,MH26. Sleep Disorders,b1p4v65Fds7,"60+Yrs, Female"
3270,HMIS108,HMIS 108 - IPD Monthly Report,EBqVAQRmiPm,xnnnkXJG3fn,MH26,MH26. Sleep Disorders,HJ8vavGBwnt,"60+Yrs, Male"
3269,HMIS108,HMIS 108 - IPD Monthly Report,EBqVAQRmiPm,xnnnkXJG3fn,MH26,MH26. Sleep Disorders,wlZ7QBEZWE2,"35-59Yrs, Female"
3268,HMIS108,HMIS 108 - IPD Monthly Report,EBqVAQRmiPm,xnnnkXJG3fn,MH26,MH26. Sleep Disorders,I1IHrbBF2fm,"35-59Yrs, Male"
3266,HMIS108,HMIS 108 - IPD Monthly Report,EBqVAQRmiPm,xnnnkXJG3fn,MH26,MH26. Sleep Disorders,xyzkAnT5ApT,"20-34 Yrs, Male"
3267,HMIS108,HMIS 108 - IPD Monthly Report,EBqVAQRmiPm,xnnnkXJG3fn,MH26,MH26. Sleep Disorders,mJnJWk4Ih48,"20-34 Yrs, Female"
3260,HMIS108,HMIS 108 - IPD Monthly Report,EBqVAQRmiPm,xnnnkXJG3fn,MH26,MH26. Sleep Disorders,h6Pad0c6ic0,"<5Yrs, Male"
3263,HMIS108,HMIS 108 - IPD Monthly Report,EBqVAQRmiPm,xnnnkXJG3fn,MH26,MH26. Sleep Disorders,vGHDZm2UPq5,"5-9Yrs, Female"
3261,HMIS108,HMIS 108 - IPD Monthly Report,EBqVAQRmiPm,xnnnkXJG3fn,MH26,MH26. Sleep Disorders,acibdlEhhxw,"<5Yrs, Female"
4039,HMIS108,HMIS 108 - IPD Monthly Report,EBqVAQRmiPm,hlAZIm0HvAZ,MH27,MH27. Enuresis/Encopresis,vGHDZm2UPq5,"5-9Yrs, Female"
4043,HMIS108,HMIS 108 - IPD Monthly Report,EBqVAQRmiPm,hlAZIm0HvAZ,MH27,MH27. Enuresis/Encopresis,mJnJWk4Ih48,"20-34 Yrs, Female"
4040,HMIS108,HMIS 108 - IPD Monthly Report,EBqVAQRmiPm,hlAZIm0HvAZ,MH27,MH27. Enuresis/Encopresis,gP0qIQwYVZx,"10-19Yrs, Male"
4046,HMIS108,HMIS 108 - IPD Monthly Report,EBqVAQRmiPm,hlAZIm0HvAZ,MH27,MH27. Enuresis/Encopresis,HJ8vavGBwnt,"60+Yrs, Male"
4047,HMIS108,HMIS 108 - IPD Monthly Report,EBqVAQRmiPm,hlAZIm0HvAZ,MH27,MH27. Enuresis/Encopresis,b1p4v65Fds7,"60+Yrs, Female"
4036,HMIS108,HMIS 108 - IPD Monthly Report,EBqVAQRmiPm,hlAZIm0HvAZ,MH27,MH27. Enuresis/Encopresis,h6Pad0c6ic0,"<5Yrs, Male"
4038,HMIS108,HMIS 108 - IPD Monthly Report,EBqVAQRmiPm,hlAZIm0HvAZ,MH27,MH27. Enuresis/Encopresis,EKm949hzsgY,"5-9Yrs, Male"
4037,HMIS108,HMIS 108 - IPD Monthly Report,EBqVAQRmiPm,hlAZIm0HvAZ,MH27,MH27. Enuresis/Encopresis,acibdlEhhxw,"<5Yrs, Female"
4044,HMIS108,HMIS 108 - IPD Monthly Report,EBqVAQRmiPm,hlAZIm0HvAZ,MH27,MH27. Enuresis/Encopresis,I1IHrbBF2fm,"35-59Yrs, Male"
4045,HMIS108,HMIS 108 - IPD Monthly Report,EBqVAQRmiPm,hlAZIm0HvAZ,MH27,MH27. Enuresis/Encopresis,wlZ7QBEZWE2,"35-59Yrs, Female"
4042,HMIS108,HMIS 108 - IPD Monthly Report,EBqVAQRmiPm,hlAZIm0HvAZ,MH27,MH27. Enuresis/Encopresis,xyzkAnT5ApT,"20-34 Yrs, Male"
4041,HMIS108,HMIS 108 - IPD Monthly Report,EBqVAQRmiPm,hlAZIm0HvAZ,MH27,MH27. Enuresis/Encopresis,vDOMBTXYpkl,"10-19Yrs, Female"
4120,HMIS108,HMIS 108 - IPD Monthly Report,EBqVAQRmiPm,NWjwPK64kgj,MH28,MH28. Other Childhood Mental Disorders,xyzkAnT5ApT,"20-34 Yrs, Male"
4114,HMIS108,HMIS 108 - IPD Monthly Report,EBqVAQRmiPm,NWjwPK64kgj,MH28,MH28. Other Childhood Mental Disorders,h6Pad0c6ic0,"<5Yrs, Male"
4125,HMIS108,HMIS 108 - IPD Monthly Report,EBqVAQRmiPm,NWjwPK64kgj,MH28,MH28. Other Childhood Mental Disorders,b1p4v65Fds7,"60+Yrs, Female"
4121,HMIS108,HMIS 108 - IPD Monthly Report,EBqVAQRmiPm,NWjwPK64kgj,MH28,MH28. Other Childhood Mental Disorders,mJnJWk4Ih48,"20-34 Yrs, Female"
4122,HMIS108,HMIS 108 - IPD Monthly Report,EBqVAQRmiPm,NWjwPK64kgj,MH28,MH28. Other Childhood Mental Disorders,I1IHrbBF2fm,"35-59Yrs, Male"
4123,HMIS108,HMIS 108 - IPD Monthly Report,EBqVAQRmiPm,NWjwPK64kgj,MH28,MH28. Other Childhood Mental Disorders,wlZ7QBEZWE2,"35-59Yrs, Female"
4124,HMIS108,HMIS 108 - IPD Monthly Report,EBqVAQRmiPm,NWjwPK64kgj,MH28,MH28. Other Childhood Mental Disorders,HJ8vavGBwnt,"60+Yrs, Male"
4119,HMIS108,HMIS 108 - IPD Monthly Report,EBqVAQRmiPm,NWjwPK64kgj,MH28,MH28. Other Childhood Mental Disorders,vDOMBTXYpkl,"10-19Yrs, Female"
4118,HMIS108,HMIS 108 - IPD Monthly Report,EBqVAQRmiPm,NWjwPK64kgj,MH28,MH28. Other Childhood Mental Disorders,gP0qIQwYVZx,"10-19Yrs, Male"
4117,HMIS108,HMIS 108 - IPD Monthly Report,EBqVAQRmiPm,NWjwPK64kgj,MH28,MH28. Other Childhood Mental Disorders,vGHDZm2UPq5,"5-9Yrs, Female"
4116,HMIS108,HMIS 108 - IPD Monthly Report,EBqVAQRmiPm,NWjwPK64kgj,MH28,MH28. Other Childhood Mental Disorders,EKm949hzsgY,"5-9Yrs, Male"
4115,HMIS108,HMIS 108 - IPD Monthly Report,EBqVAQRmiPm,NWjwPK64kgj,MH28,MH28. Other Childhood Mental Disorders,acibdlEhhxw,"<5Yrs, Female"
2379,HMIS108,HMIS 108 - IPD Monthly Report,EBqVAQRmiPm,sP4ONfU2xjA,MH29,MH29. Mental illness due other Medical/surgical conditions,gP0qIQwYVZx,"10-19Yrs, Male"
2386,HMIS108,HMIS 108 - IPD Monthly Report,EBqVAQRmiPm,sP4ONfU2xjA,MH29,MH29. Mental illness due other Medical/surgical conditions,b1p4v65Fds7,"60+Yrs, Female"
2381,HMIS108,HMIS 108 - IPD Monthly Report,EBqVAQRmiPm,sP4ONfU2xjA,MH29,MH29. Mental illness due other Medical/surgical conditions,xyzkAnT5ApT,"20-34 Yrs, Male"
2385,HMIS108,HMIS 108 - IPD Monthly Report,EBqVAQRmiPm,sP4ONfU2xjA,MH29,MH29. Mental illness due other Medical/surgical conditions,HJ8vavGBwnt,"60+Yrs, Male"
2380,HMIS108,HMIS 108 - IPD Monthly Report,EBqVAQRmiPm,sP4ONfU2xjA,MH29,MH29. Mental illness due other Medical/surgical conditions,vDOMBTXYpkl,"10-19Yrs, Female"
2384,HMIS108,HMIS 108 - IPD Monthly Report,EBqVAQRmiPm,sP4ONfU2xjA,MH29,MH29. Mental illness due other Medical/surgical conditions,wlZ7QBEZWE2,"35-59Yrs, Female"
2383,HMIS108,HMIS 108 - IPD Monthly Report,EBqVAQRmiPm,sP4ONfU2xjA,MH29,MH29. Mental illness due other Medical/surgical conditions,I1IHrbBF2fm,"35-59Yrs, Male"
2375,HMIS108,HMIS 108 - IPD Monthly Report,EBqVAQRmiPm,sP4ONfU2xjA,MH29,MH29. Mental illness due other Medical/surgical conditions,h6Pad0c6ic0,"<5Yrs, Male"
2376,HMIS108,HMIS 108 - IPD Monthly Report,EBqVAQRmiPm,sP4ONfU2xjA,MH29,MH29. Mental illness due other Medical/surgical conditions,acibdlEhhxw,"<5Yrs, Female"
2377,HMIS108,HMIS 108 - IPD Monthly Report,EBqVAQRmiPm,sP4ONfU2xjA,MH29,MH29. Mental illness due other Medical/surgical conditions,EKm949hzsgY,"5-9Yrs, Male"
2378,HMIS108,HMIS 108 - IPD Monthly Report,EBqVAQRmiPm,sP4ONfU2xjA,MH29,MH29. Mental illness due other Medical/surgical conditions,vGHDZm2UPq5,"5-9Yrs, Female"
2382,HMIS108,HMIS 108 - IPD Monthly Report,EBqVAQRmiPm,sP4ONfU2xjA,MH29,MH29. Mental illness due other Medical/surgical conditions,mJnJWk4Ih48,"20-34 Yrs, Female"
961,HMIS108,HMIS 108 - IPD Monthly Report,EBqVAQRmiPm,vf2p7mMsCFK,MH30,MH30. Attempted Suicide/Self-harm,h6Pad0c6ic0,"<5Yrs, Male"
963,HMIS108,HMIS 108 - IPD Monthly Report,EBqVAQRmiPm,vf2p7mMsCFK,MH30,MH30. Attempted Suicide/Self-harm,EKm949hzsgY,"5-9Yrs, Male"
972,HMIS108,HMIS 108 - IPD Monthly Report,EBqVAQRmiPm,vf2p7mMsCFK,MH30,MH30. Attempted Suicide/Self-harm,b1p4v65Fds7,"60+Yrs, Female"
971,HMIS108,HMIS 108 - IPD Monthly Report,EBqVAQRmiPm,vf2p7mMsCFK,MH30,MH30. Attempted Suicide/Self-harm,HJ8vavGBwnt,"60+Yrs, Male"
970,HMIS108,HMIS 108 - IPD Monthly Report,EBqVAQRmiPm,vf2p7mMsCFK,MH30,MH30. Attempted Suicide/Self-harm,wlZ7QBEZWE2,"35-59Yrs, Female"
969,HMIS108,HMIS 108 - IPD Monthly Report,EBqVAQRmiPm,vf2p7mMsCFK,MH30,MH30. Attempted Suicide/Self-harm,I1IHrbBF2fm,"35-59Yrs, Male"
966,HMIS108,HMIS 108 - IPD Monthly Report,EBqVAQRmiPm,vf2p7mMsCFK,MH30,MH30. Attempted Suicide/Self-harm,vDOMBTXYpkl,"10-19Yrs, Female"
967,HMIS108,HMIS 108 - IPD Monthly Report,EBqVAQRmiPm,vf2p7mMsCFK,MH30,MH30. Attempted Suicide/Self-harm,xyzkAnT5ApT,"20-34 Yrs, Male"
968,HMIS108,HMIS 108 - IPD Monthly Report,EBqVAQRmiPm,vf2p7mMsCFK,MH30,MH30. Attempted Suicide/Self-harm,mJnJWk4Ih48,"20-34 Yrs, Female"
964,HMIS108,HMIS 108 - IPD Monthly Report,EBqVAQRmiPm,vf2p7mMsCFK,MH30,MH30. Attempted Suicide/Self-harm,vGHDZm2UPq5,"5-9Yrs, Female"
965,HMIS108,HMIS 108 - IPD Monthly Report,EBqVAQRmiPm,vf2p7mMsCFK,MH30,MH30. Attempted Suicide/Self-harm,gP0qIQwYVZx,"10-19Yrs, Male"
962,HMIS108,HMIS 108 - IPD Monthly Report,EBqVAQRmiPm,vf2p7mMsCFK,MH30,MH30. Attempted Suicide/Self-harm,acibdlEhhxw,"<5Yrs, Female"
3635,HMIS108,HMIS 108 - IPD Monthly Report,EBqVAQRmiPm,eFQffu3MwMp,MH4_2019,MH4_2019. Schizophrenia,acibdlEhhxw,"<5Yrs, Female"
3645,HMIS108,HMIS 108 - IPD Monthly Report,EBqVAQRmiPm,eFQffu3MwMp,MH4_2019,MH4_2019. Schizophrenia,b1p4v65Fds7,"60+Yrs, Female"
3644,HMIS108,HMIS 108 - IPD Monthly Report,EBqVAQRmiPm,eFQffu3MwMp,MH4_2019,MH4_2019. Schizophrenia,HJ8vavGBwnt,"60+Yrs, Male"
3643,HMIS108,HMIS 108 - IPD Monthly Report,EBqVAQRmiPm,eFQffu3MwMp,MH4_2019,MH4_2019. Schizophrenia,wlZ7QBEZWE2,"35-59Yrs, Female"
3642,HMIS108,HMIS 108 - IPD Monthly Report,EBqVAQRmiPm,eFQffu3MwMp,MH4_2019,MH4_2019. Schizophrenia,I1IHrbBF2fm,"35-59Yrs, Male"
3641,HMIS108,HMIS 108 - IPD Monthly Report,EBqVAQRmiPm,eFQffu3MwMp,MH4_2019,MH4_2019. Schizophrenia,mJnJWk4Ih48,"20-34 Yrs, Female"
3640,HMIS108,HMIS 108 - IPD Monthly Report,EBqVAQRmiPm,eFQffu3MwMp,MH4_2019,MH4_2019. Schizophrenia,xyzkAnT5ApT,"20-34 Yrs, Male"
3639,HMIS108,HMIS 108 - IPD Monthly Report,EBqVAQRmiPm,eFQffu3MwMp,MH4_2019,MH4_2019. Schizophrenia,vDOMBTXYpkl,"10-19Yrs, Female"
3638,HMIS108,HMIS 108 - IPD Monthly Report,EBqVAQRmiPm,eFQffu3MwMp,MH4_2019,MH4_2019. Schizophrenia,gP0qIQwYVZx,"10-19Yrs, Male"
3637,HMIS108,HMIS 108 - IPD Monthly Report,EBqVAQRmiPm,eFQffu3MwMp,MH4_2019,MH4_2019. Schizophrenia,vGHDZm2UPq5,"5-9Yrs, Female"
3636,HMIS108,HMIS 108 - IPD Monthly Report,EBqVAQRmiPm,eFQffu3MwMp,MH4_2019,MH4_2019. Schizophrenia,EKm949hzsgY,"5-9Yrs, Male"
3634,HMIS108,HMIS 108 - IPD Monthly Report,EBqVAQRmiPm,eFQffu3MwMp,MH4_2019,MH4_2019. Schizophrenia,h6Pad0c6ic0,"<5Yrs, Male"
1134,HMIS108,HMIS 108 - IPD Monthly Report,EBqVAQRmiPm,WHNUWBXbXoD,MR01,MR01. Brain,fHgwVjoElmE,"5+Yrs, Female"
1133,HMIS108,HMIS 108 - IPD Monthly Report,EBqVAQRmiPm,WHNUWBXbXoD,MR01,MR01. Brain,ZgnHXnu30cI,"5+Yrs, Male"
1132,HMIS108,HMIS 108 - IPD Monthly Report,EBqVAQRmiPm,WHNUWBXbXoD,MR01,MR01. Brain,VZrxjCi8cQi,"0-4Yrs, Female"
1131,HMIS108,HMIS 108 - IPD Monthly Report,EBqVAQRmiPm,WHNUWBXbXoD,MR01,MR01. Brain,rCzvys285kN,"0-4Yrs, Male"
159,HMIS108,HMIS 108 - IPD Monthly Report,EBqVAQRmiPm,Ywkn1hJ0neb,MR02,MR02. Spine,VZrxjCi8cQi,"0-4Yrs, Female"
161,HMIS108,HMIS 108 - IPD Monthly Report,EBqVAQRmiPm,Ywkn1hJ0neb,MR02,MR02. Spine,fHgwVjoElmE,"5+Yrs, Female"
160,HMIS108,HMIS 108 - IPD Monthly Report,EBqVAQRmiPm,Ywkn1hJ0neb,MR02,MR02. Spine,ZgnHXnu30cI,"5+Yrs, Male"
158,HMIS108,HMIS 108 - IPD Monthly Report,EBqVAQRmiPm,Ywkn1hJ0neb,MR02,MR02. Spine,rCzvys285kN,"0-4Yrs, Male"
1831,HMIS108,HMIS 108 - IPD Monthly Report,EBqVAQRmiPm,xfdupdekZgg,MR03,MR03. Abdomen,ZgnHXnu30cI,"5+Yrs, Male"
1829,HMIS108,HMIS 108 - IPD Monthly Report,EBqVAQRmiPm,xfdupdekZgg,MR03,MR03. Abdomen,rCzvys285kN,"0-4Yrs, Male"
1830,HMIS108,HMIS 108 - IPD Monthly Report,EBqVAQRmiPm,xfdupdekZgg,MR03,MR03. Abdomen,VZrxjCi8cQi,"0-4Yrs, Female"
1832,HMIS108,HMIS 108 - IPD Monthly Report,EBqVAQRmiPm,xfdupdekZgg,MR03,MR03. Abdomen,fHgwVjoElmE,"5+Yrs, Female"
2358,HMIS108,HMIS 108 - IPD Monthly Report,EBqVAQRmiPm,l74Up3OSZaB,MR04,MR04. Angiography,rCzvys285kN,"0-4Yrs, Male"
2360,HMIS108,HMIS 108 - IPD Monthly Report,EBqVAQRmiPm,l74Up3OSZaB,MR04,MR04. Angiography,ZgnHXnu30cI,"5+Yrs, Male"
2359,HMIS108,HMIS 108 - IPD Monthly Report,EBqVAQRmiPm,l74Up3OSZaB,MR04,MR04. Angiography,VZrxjCi8cQi,"0-4Yrs, Female"
2361,HMIS108,HMIS 108 - IPD Monthly Report,EBqVAQRmiPm,l74Up3OSZaB,MR04,MR04. Angiography,fHgwVjoElmE,"5+Yrs, Female"
3200,HMIS108,HMIS 108 - IPD Monthly Report,EBqVAQRmiPm,HRLdjyBvu7M,MR05,MR05. Musculoskeletal,ZgnHXnu30cI,"5+Yrs, Male"
3199,HMIS108,HMIS 108 - IPD Monthly Report,EBqVAQRmiPm,HRLdjyBvu7M,MR05,MR05. Musculoskeletal,VZrxjCi8cQi,"0-4Yrs, Female"
3198,HMIS108,HMIS 108 - IPD Monthly Report,EBqVAQRmiPm,HRLdjyBvu7M,MR05,MR05. Musculoskeletal,rCzvys285kN,"0-4Yrs, Male"
3201,HMIS108,HMIS 108 - IPD Monthly Report,EBqVAQRmiPm,HRLdjyBvu7M,MR05,MR05. Musculoskeletal,fHgwVjoElmE,"5+Yrs, Female"
1242,HMIS108,HMIS 108 - IPD Monthly Report,EBqVAQRmiPm,KfnSCoFlDnU,NA01a,NA01a. No. of SAM Clients in ITC this month - Active from previous month,jYSOZj8kVzc,"24-59Mths, Female"
1245,HMIS108,HMIS 108 - IPD Monthly Report,EBqVAQRmiPm,KfnSCoFlDnU,NA01a,NA01a. No. of SAM Clients in ITC this month - Active from previous month,e8VpasQuKOf,"10-19Yrs, Male"
1238,HMIS108,HMIS 108 - IPD Monthly Report,EBqVAQRmiPm,KfnSCoFlDnU,NA01a,NA01a. No. of SAM Clients in ITC this month - Active from previous month,VOOkKOAttyR,"0-5Mths, Female"
1239,HMIS108,HMIS 108 - IPD Monthly Report,EBqVAQRmiPm,KfnSCoFlDnU,NA01a,NA01a. No. of SAM Clients in ITC this month - Active from previous month,q33Jr73momc,"6-23Mths, Male"
1240,HMIS108,HMIS 108 - IPD Monthly Report,EBqVAQRmiPm,KfnSCoFlDnU,NA01a,NA01a. No. of SAM Clients in ITC this month - Active from previous month,NThAKEjWS24,"6-23Mths, Female"
1241,HMIS108,HMIS 108 - IPD Monthly Report,EBqVAQRmiPm,KfnSCoFlDnU,NA01a,NA01a. No. of SAM Clients in ITC this month - Active from previous month,LHh04IA7nsJ,"24-59Mths, Male"
1250,HMIS108,HMIS 108 - IPD Monthly Report,EBqVAQRmiPm,KfnSCoFlDnU,NA01a,NA01a. No. of SAM Clients in ITC this month - Active from previous month,tjG9Nt0wdwM,"25+Yrs, Female"
1237,HMIS108,HMIS 108 - IPD Monthly Report,EBqVAQRmiPm,KfnSCoFlDnU,NA01a,NA01a. No. of SAM Clients in ITC this month - Active from previous month,NdimbHlmGB1,"0-5Mths, Male"
1246,HMIS108,HMIS 108 - IPD Monthly Report,EBqVAQRmiPm,KfnSCoFlDnU,NA01a,NA01a. No. of SAM Clients in ITC this month - Active from previous month,icfcJwOA3HY,"10-19Yrs, Female"
1247,HMIS108,HMIS 108 - IPD Monthly Report,EBqVAQRmiPm,KfnSCoFlDnU,NA01a,NA01a. No. of SAM Clients in ITC this month - Active from previous month,dVLQmjChiB5,"20-24 years, Male"
1248,HMIS108,HMIS 108 - IPD Monthly Report,EBqVAQRmiPm,KfnSCoFlDnU,NA01a,NA01a. No. of SAM Clients in ITC this month - Active from previous month,inLYcBvHZSR,"20-24 years, Female"
1249,HMIS108,HMIS 108 - IPD Monthly Report,EBqVAQRmiPm,KfnSCoFlDnU,NA01a,NA01a. No. of SAM Clients in ITC this month - Active from previous month,Y6uGpgGb7R5,"25+Yrs, Male"
1243,HMIS108,HMIS 108 - IPD Monthly Report,EBqVAQRmiPm,KfnSCoFlDnU,NA01a,NA01a. No. of SAM Clients in ITC this month - Active from previous month,Bnt7abK0gqb,"5 - 9 yrs, Male"
1244,HMIS108,HMIS 108 - IPD Monthly Report,EBqVAQRmiPm,KfnSCoFlDnU,NA01a,NA01a. No. of SAM Clients in ITC this month - Active from previous month,OptiiLdMwqD,"5 - 9 yrs, Female"
1740,HMIS108,HMIS 108 - IPD Monthly Report,EBqVAQRmiPm,VHJ7HaWtwry,NA01A1_2019,NA01a1_2019. Total number of SAM admissions in ITC,oIxEDq59GUL,"5-9Yrs, Female"
1742,HMIS108,HMIS 108 - IPD Monthly Report,EBqVAQRmiPm,VHJ7HaWtwry,NA01A1_2019,NA01a1_2019. Total number of SAM admissions in ITC,mJNtXTVt6T1,"10-14Yrs, Female"
1738,HMIS108,HMIS 108 - IPD Monthly Report,EBqVAQRmiPm,VHJ7HaWtwry,NA01A1_2019,NA01a1_2019. Total number of SAM admissions in ITC,WyNau0T37h4,"24-59Mths, Female"
1737,HMIS108,HMIS 108 - IPD Monthly Report,EBqVAQRmiPm,VHJ7HaWtwry,NA01A1_2019,NA01a1_2019. Total number of SAM admissions in ITC,UKCxMVgAc2s,"24-59Mths, Male"
1736,HMIS108,HMIS 108 - IPD Monthly Report,EBqVAQRmiPm,VHJ7HaWtwry,NA01A1_2019,NA01a1_2019. Total number of SAM admissions in ITC,kkV0Rfqo4Ru,"6-23Mths, Female"
1735,HMIS108,HMIS 108 - IPD Monthly Report,EBqVAQRmiPm,VHJ7HaWtwry,NA01A1_2019,NA01a1_2019. Total number of SAM admissions in ITC,sHKK94BX2Rp,"6-23Mths, Male"
1734,HMIS108,HMIS 108 - IPD Monthly Report,EBqVAQRmiPm,VHJ7HaWtwry,NA01A1_2019,NA01a1_2019. Total number of SAM admissions in ITC,nusEBjg8bes,"0-6Mths, Female"
1733,HMIS108,HMIS 108 - IPD Monthly Report,EBqVAQRmiPm,VHJ7HaWtwry,NA01A1_2019,NA01a1_2019. Total number of SAM admissions in ITC,SgtJVRGlRIo,"0-6Mths, Male"
1739,HMIS108,HMIS 108 - IPD Monthly Report,EBqVAQRmiPm,VHJ7HaWtwry,NA01A1_2019,NA01a1_2019. Total number of SAM admissions in ITC,OhmzAkCmkjU,"5-9Yrs, Male"
1741,HMIS108,HMIS 108 - IPD Monthly Report,EBqVAQRmiPm,VHJ7HaWtwry,NA01A1_2019,NA01a1_2019. Total number of SAM admissions in ITC,DHWRwZkFHqc,"10-14Yrs, Male"
1682,HMIS108,HMIS 108 - IPD Monthly Report,EBqVAQRmiPm,dysKhRPVuDG,NA01A2_2019,NA01a2_2019. Total number of male SAM admissions in ITC,SM9d5ybWcr0,"10-19Yrs"
1684,HMIS108,HMIS 108 - IPD Monthly Report,EBqVAQRmiPm,dysKhRPVuDG,NA01A2_2019,NA01a2_2019. Total number of male SAM admissions in ITC,OUPWAOZojRb,"25+Yrs"
1683,HMIS108,HMIS 108 - IPD Monthly Report,EBqVAQRmiPm,dysKhRPVuDG,NA01A2_2019,NA01a2_2019. Total number of male SAM admissions in ITC,H5MiomGgbbi,"20-24Yrs"
4011,HMIS108,HMIS 108 - IPD Monthly Report,EBqVAQRmiPm,G0iJ46ccCdb,NA01A3_2019,NA01a3_2019. Total number of female SAM admissions in ITC,WalQ4zu7RLz,"10-19Yrs, Non Pregnant"
4016,HMIS108,HMIS 108 - IPD Monthly Report,EBqVAQRmiPm,G0iJ46ccCdb,NA01A3_2019,NA01a3_2019. Total number of female SAM admissions in ITC,I28asEo67Mt,"25+Yrs, Pregnant/Lactating"
4014,HMIS108,HMIS 108 - IPD Monthly Report,EBqVAQRmiPm,G0iJ46ccCdb,NA01A3_2019,NA01a3_2019. Total number of female SAM admissions in ITC,vrSTfWaEZfP,"20-24Yrs, Pregnant/Lactating"
4015,HMIS108,HMIS 108 - IPD Monthly Report,EBqVAQRmiPm,G0iJ46ccCdb,NA01A3_2019,NA01a3_2019. Total number of female SAM admissions in ITC,RKbp3GCvRrF,"25+Yrs, Non Pregnant"
4013,HMIS108,HMIS 108 - IPD Monthly Report,EBqVAQRmiPm,G0iJ46ccCdb,NA01A3_2019,NA01a3_2019. Total number of female SAM admissions in ITC,bmT820wlIV5,"20-24Yrs, Non Pregnant"
4012,HMIS108,HMIS 108 - IPD Monthly Report,EBqVAQRmiPm,G0iJ46ccCdb,NA01A3_2019,NA01a3_2019. Total number of female SAM admissions in ITC,r01f3QfmLJS,"10-19Yrs, Pregnant/Lactating"
381,HMIS108,HMIS 108 - IPD Monthly Report,EBqVAQRmiPm,TZaJLK2Wye7,NA01b,NA01b. No. of SAM Clients in ITC this month - New Admissions,NThAKEjWS24,"6-23Mths, Female"
387,HMIS108,HMIS 108 - IPD Monthly Report,EBqVAQRmiPm,TZaJLK2Wye7,NA01b,NA01b. No. of SAM Clients in ITC this month - New Admissions,icfcJwOA3HY,"10-19Yrs, Female"
388,HMIS108,HMIS 108 - IPD Monthly Report,EBqVAQRmiPm,TZaJLK2Wye7,NA01b,NA01b. No. of SAM Clients in ITC this month - New Admissions,dVLQmjChiB5,"20-24 years, Male"
378,HMIS108,HMIS 108 - IPD Monthly Report,EBqVAQRmiPm,TZaJLK2Wye7,NA01b,NA01b. No. of SAM Clients in ITC this month - New Admissions,NdimbHlmGB1,"0-5Mths, Male"
391,HMIS108,HMIS 108 - IPD Monthly Report,EBqVAQRmiPm,TZaJLK2Wye7,NA01b,NA01b. No. of SAM Clients in ITC this month - New Admissions,tjG9Nt0wdwM,"25+Yrs, Female"
379,HMIS108,HMIS 108 - IPD Monthly Report,EBqVAQRmiPm,TZaJLK2Wye7,NA01b,NA01b. No. of SAM Clients in ITC this month - New Admissions,VOOkKOAttyR,"0-5Mths, Female"
380,HMIS108,HMIS 108 - IPD Monthly Report,EBqVAQRmiPm,TZaJLK2Wye7,NA01b,NA01b. No. of SAM Clients in ITC this month - New Admissions,q33Jr73momc,"6-23Mths, Male"
389,HMIS108,HMIS 108 - IPD Monthly Report,EBqVAQRmiPm,TZaJLK2Wye7,NA01b,NA01b. No. of SAM Clients in ITC this month - New Admissions,inLYcBvHZSR,"20-24 years, Female"
382,HMIS108,HMIS 108 - IPD Monthly Report,EBqVAQRmiPm,TZaJLK2Wye7,NA01b,NA01b. No. of SAM Clients in ITC this month - New Admissions,LHh04IA7nsJ,"24-59Mths, Male"
383,HMIS108,HMIS 108 - IPD Monthly Report,EBqVAQRmiPm,TZaJLK2Wye7,NA01b,NA01b. No. of SAM Clients in ITC this month - New Admissions,jYSOZj8kVzc,"24-59Mths, Female"
384,HMIS108,HMIS 108 - IPD Monthly Report,EBqVAQRmiPm,TZaJLK2Wye7,NA01b,NA01b. No. of SAM Clients in ITC this month - New Admissions,Bnt7abK0gqb,"5 - 9 yrs, Male"
390,HMIS108,HMIS 108 - IPD Monthly Report,EBqVAQRmiPm,TZaJLK2Wye7,NA01b,NA01b. No. of SAM Clients in ITC this month - New Admissions,Y6uGpgGb7R5,"25+Yrs, Male"
385,HMIS108,HMIS 108 - IPD Monthly Report,EBqVAQRmiPm,TZaJLK2Wye7,NA01b,NA01b. No. of SAM Clients in ITC this month - New Admissions,OptiiLdMwqD,"5 - 9 yrs, Female"
386,HMIS108,HMIS 108 - IPD Monthly Report,EBqVAQRmiPm,TZaJLK2Wye7,NA01b,NA01b. No. of SAM Clients in ITC this month - New Admissions,e8VpasQuKOf,"10-19Yrs, Male"
3587,HMIS108,HMIS 108 - IPD Monthly Report,EBqVAQRmiPm,WITj8VzdeKr,NA01B1_2019,NA01b1_2019. No. of new SAM admissions in ITC,oIxEDq59GUL,"5-9Yrs, Female"
3580,HMIS108,HMIS 108 - IPD Monthly Report,EBqVAQRmiPm,WITj8VzdeKr,NA01B1_2019,NA01b1_2019. No. of new SAM admissions in ITC,SgtJVRGlRIo,"0-6Mths, Male"
3581,HMIS108,HMIS 108 - IPD Monthly Report,EBqVAQRmiPm,WITj8VzdeKr,NA01B1_2019,NA01b1_2019. No. of new SAM admissions in ITC,nusEBjg8bes,"0-6Mths, Female"
3582,HMIS108,HMIS 108 - IPD Monthly Report,EBqVAQRmiPm,WITj8VzdeKr,NA01B1_2019,NA01b1_2019. No. of new SAM admissions in ITC,sHKK94BX2Rp,"6-23Mths, Male"
3583,HMIS108,HMIS 108 - IPD Monthly Report,EBqVAQRmiPm,WITj8VzdeKr,NA01B1_2019,NA01b1_2019. No. of new SAM admissions in ITC,kkV0Rfqo4Ru,"6-23Mths, Female"
3584,HMIS108,HMIS 108 - IPD Monthly Report,EBqVAQRmiPm,WITj8VzdeKr,NA01B1_2019,NA01b1_2019. No. of new SAM admissions in ITC,UKCxMVgAc2s,"24-59Mths, Male"
3585,HMIS108,HMIS 108 - IPD Monthly Report,EBqVAQRmiPm,WITj8VzdeKr,NA01B1_2019,NA01b1_2019. No. of new SAM admissions in ITC,WyNau0T37h4,"24-59Mths, Female"
3586,HMIS108,HMIS 108 - IPD Monthly Report,EBqVAQRmiPm,WITj8VzdeKr,NA01B1_2019,NA01b1_2019. No. of new SAM admissions in ITC,OhmzAkCmkjU,"5-9Yrs, Male"
3588,HMIS108,HMIS 108 - IPD Monthly Report,EBqVAQRmiPm,WITj8VzdeKr,NA01B1_2019,NA01b1_2019. No. of new SAM admissions in ITC,DHWRwZkFHqc,"10-14Yrs, Male"
3589,HMIS108,HMIS 108 - IPD Monthly Report,EBqVAQRmiPm,WITj8VzdeKr,NA01B1_2019,NA01b1_2019. No. of new SAM admissions in ITC,mJNtXTVt6T1,"10-14Yrs, Female"
3077,HMIS108,HMIS 108 - IPD Monthly Report,EBqVAQRmiPm,wHXG0JXic4s,NA01B2_2019,NA01b2_2019. No. of new male SAM admissions in ITC,SM9d5ybWcr0,"10-19Yrs"
3079,HMIS108,HMIS 108 - IPD Monthly Report,EBqVAQRmiPm,wHXG0JXic4s,NA01B2_2019,NA01b2_2019. No. of new male SAM admissions in ITC,OUPWAOZojRb,"25+Yrs"
3078,HMIS108,HMIS 108 - IPD Monthly Report,EBqVAQRmiPm,wHXG0JXic4s,NA01B2_2019,NA01b2_2019. No. of new male SAM admissions in ITC,H5MiomGgbbi,"20-24Yrs"
3609,HMIS108,HMIS 108 - IPD Monthly Report,EBqVAQRmiPm,jRGyRhteaoi,NA01B3_2019,NA01b3_2019. No. of new female SAM admissions in ITC,vrSTfWaEZfP,"20-24Yrs, Pregnant/Lactating"
3606,HMIS108,HMIS 108 - IPD Monthly Report,EBqVAQRmiPm,jRGyRhteaoi,NA01B3_2019,NA01b3_2019. No. of new female SAM admissions in ITC,WalQ4zu7RLz,"10-19Yrs, Non Pregnant"
3611,HMIS108,HMIS 108 - IPD Monthly Report,EBqVAQRmiPm,jRGyRhteaoi,NA01B3_2019,NA01b3_2019. No. of new female SAM admissions in ITC,I28asEo67Mt,"25+Yrs, Pregnant/Lactating"
3610,HMIS108,HMIS 108 - IPD Monthly Report,EBqVAQRmiPm,jRGyRhteaoi,NA01B3_2019,NA01b3_2019. No. of new female SAM admissions in ITC,RKbp3GCvRrF,"25+Yrs, Non Pregnant"
3608,HMIS108,HMIS 108 - IPD Monthly Report,EBqVAQRmiPm,jRGyRhteaoi,NA01B3_2019,NA01b3_2019. No. of new female SAM admissions in ITC,bmT820wlIV5,"20-24Yrs, Non Pregnant"
3607,HMIS108,HMIS 108 - IPD Monthly Report,EBqVAQRmiPm,jRGyRhteaoi,NA01B3_2019,NA01b3_2019. No. of new female SAM admissions in ITC,r01f3QfmLJS,"10-19Yrs, Pregnant/Lactating"
621,HMIS108,HMIS 108 - IPD Monthly Report,EBqVAQRmiPm,ltA8M9atTR1,NA01c,NA01c. No. of SAM Clients in ITC this month - Re-Admissions (Relapse),Y6uGpgGb7R5,"25+Yrs, Male"
616,HMIS108,HMIS 108 - IPD Monthly Report,EBqVAQRmiPm,ltA8M9atTR1,NA01c,NA01c. No. of SAM Clients in ITC this month - Re-Admissions (Relapse),OptiiLdMwqD,"5 - 9 yrs, Female"
611,HMIS108,HMIS 108 - IPD Monthly Report,EBqVAQRmiPm,ltA8M9atTR1,NA01c,NA01c. No. of SAM Clients in ITC this month - Re-Admissions (Relapse),q33Jr73momc,"6-23Mths, Male"
617,HMIS108,HMIS 108 - IPD Monthly Report,EBqVAQRmiPm,ltA8M9atTR1,NA01c,NA01c. No. of SAM Clients in ITC this month - Re-Admissions (Relapse),e8VpasQuKOf,"10-19Yrs, Male"
618,HMIS108,HMIS 108 - IPD Monthly Report,EBqVAQRmiPm,ltA8M9atTR1,NA01c,NA01c. No. of SAM Clients in ITC this month - Re-Admissions (Relapse),icfcJwOA3HY,"10-19Yrs, Female"
619,HMIS108,HMIS 108 - IPD Monthly Report,EBqVAQRmiPm,ltA8M9atTR1,NA01c,NA01c. No. of SAM Clients in ITC this month - Re-Admissions (Relapse),dVLQmjChiB5,"20-24 years, Male"
612,HMIS108,HMIS 108 - IPD Monthly Report,EBqVAQRmiPm,ltA8M9atTR1,NA01c,NA01c. No. of SAM Clients in ITC this month - Re-Admissions (Relapse),NThAKEjWS24,"6-23Mths, Female"
610,HMIS108,HMIS 108 - IPD Monthly Report,EBqVAQRmiPm,ltA8M9atTR1,NA01c,NA01c. No. of SAM Clients in ITC this month - Re-Admissions (Relapse),VOOkKOAttyR,"0-5Mths, Female"
613,HMIS108,HMIS 108 - IPD Monthly Report,EBqVAQRmiPm,ltA8M9atTR1,NA01c,NA01c. No. of SAM Clients in ITC this month - Re-Admissions (Relapse),LHh04IA7nsJ,"24-59Mths, Male"
614,HMIS108,HMIS 108 - IPD Monthly Report,EBqVAQRmiPm,ltA8M9atTR1,NA01c,NA01c. No. of SAM Clients in ITC this month - Re-Admissions (Relapse),jYSOZj8kVzc,"24-59Mths, Female"
609,HMIS108,HMIS 108 - IPD Monthly Report,EBqVAQRmiPm,ltA8M9atTR1,NA01c,NA01c. No. of SAM Clients in ITC this month - Re-Admissions (Relapse),NdimbHlmGB1,"0-5Mths, Male"
615,HMIS108,HMIS 108 - IPD Monthly Report,EBqVAQRmiPm,ltA8M9atTR1,NA01c,NA01c. No. of SAM Clients in ITC this month - Re-Admissions (Relapse),Bnt7abK0gqb,"5 - 9 yrs, Male"
620,HMIS108,HMIS 108 - IPD Monthly Report,EBqVAQRmiPm,ltA8M9atTR1,NA01c,NA01c. No. of SAM Clients in ITC this month - Re-Admissions (Relapse),inLYcBvHZSR,"20-24 years, Female"
622,HMIS108,HMIS 108 - IPD Monthly Report,EBqVAQRmiPm,ltA8M9atTR1,NA01c,NA01c. No. of SAM Clients in ITC this month - Re-Admissions (Relapse),tjG9Nt0wdwM,"25+Yrs, Female"
1330,HMIS108,HMIS 108 - IPD Monthly Report,EBqVAQRmiPm,CXOHeFmTDMC,NA01C1_2019,NA01c1_2019. No. of readmissions into ITC this month-relapses,kkV0Rfqo4Ru,"6-23Mths, Female"
1335,HMIS108,HMIS 108 - IPD Monthly Report,EBqVAQRmiPm,CXOHeFmTDMC,NA01C1_2019,NA01c1_2019. No. of readmissions into ITC this month-relapses,DHWRwZkFHqc,"10-14Yrs, Male"
1334,HMIS108,HMIS 108 - IPD Monthly Report,EBqVAQRmiPm,CXOHeFmTDMC,NA01C1_2019,NA01c1_2019. No. of readmissions into ITC this month-relapses,oIxEDq59GUL,"5-9Yrs, Female"
1327,HMIS108,HMIS 108 - IPD Monthly Report,EBqVAQRmiPm,CXOHeFmTDMC,NA01C1_2019,NA01c1_2019. No. of readmissions into ITC this month-relapses,SgtJVRGlRIo,"0-6Mths, Male"
1328,HMIS108,HMIS 108 - IPD Monthly Report,EBqVAQRmiPm,CXOHeFmTDMC,NA01C1_2019,NA01c1_2019. No. of readmissions into ITC this month-relapses,nusEBjg8bes,"0-6Mths, Female"
1333,HMIS108,HMIS 108 - IPD Monthly Report,EBqVAQRmiPm,CXOHeFmTDMC,NA01C1_2019,NA01c1_2019. No. of readmissions into ITC this month-relapses,OhmzAkCmkjU,"5-9Yrs, Male"
1332,HMIS108,HMIS 108 - IPD Monthly Report,EBqVAQRmiPm,CXOHeFmTDMC,NA01C1_2019,NA01c1_2019. No. of readmissions into ITC this month-relapses,WyNau0T37h4,"24-59Mths, Female"
1331,HMIS108,HMIS 108 - IPD Monthly Report,EBqVAQRmiPm,CXOHeFmTDMC,NA01C1_2019,NA01c1_2019. No. of readmissions into ITC this month-relapses,UKCxMVgAc2s,"24-59Mths, Male"
1336,HMIS108,HMIS 108 - IPD Monthly Report,EBqVAQRmiPm,CXOHeFmTDMC,NA01C1_2019,NA01c1_2019. No. of readmissions into ITC this month-relapses,mJNtXTVt6T1,"10-14Yrs, Female"
1329,HMIS108,HMIS 108 - IPD Monthly Report,EBqVAQRmiPm,CXOHeFmTDMC,NA01C1_2019,NA01c1_2019. No. of readmissions into ITC this month-relapses,sHKK94BX2Rp,"6-23Mths, Male"
2,HMIS108,HMIS 108 - IPD Monthly Report,EBqVAQRmiPm,Q0k12OVrEG3,NA01C2_2019,NA01c2_2019. No. of male readmissions into ITC this month-relapses,SM9d5ybWcr0,"10-19Yrs"
4,HMIS108,HMIS 108 - IPD Monthly Report,EBqVAQRmiPm,Q0k12OVrEG3,NA01C2_2019,NA01c2_2019. No. of male readmissions into ITC this month-relapses,OUPWAOZojRb,"25+Yrs"
3,HMIS108,HMIS 108 - IPD Monthly Report,EBqVAQRmiPm,Q0k12OVrEG3,NA01C2_2019,NA01c2_2019. No. of male readmissions into ITC this month-relapses,H5MiomGgbbi,"20-24Yrs"
2040,HMIS108,HMIS 108 - IPD Monthly Report,EBqVAQRmiPm,DKqHUFbWRTP,NA01C3_2019,NA01c3_2019. No. of female readmissions into ITC this month-relapses,bmT820wlIV5,"20-24Yrs, Non Pregnant"
2043,HMIS108,HMIS 108 - IPD Monthly Report,EBqVAQRmiPm,DKqHUFbWRTP,NA01C3_2019,NA01c3_2019. No. of female readmissions into ITC this month-relapses,I28asEo67Mt,"25+Yrs, Pregnant/Lactating"
2042,HMIS108,HMIS 108 - IPD Monthly Report,EBqVAQRmiPm,DKqHUFbWRTP,NA01C3_2019,NA01c3_2019. No. of female readmissions into ITC this month-relapses,RKbp3GCvRrF,"25+Yrs, Non Pregnant"
2041,HMIS108,HMIS 108 - IPD Monthly Report,EBqVAQRmiPm,DKqHUFbWRTP,NA01C3_2019,NA01c3_2019. No. of female readmissions into ITC this month-relapses,vrSTfWaEZfP,"20-24Yrs, Pregnant/Lactating"
2039,HMIS108,HMIS 108 - IPD Monthly Report,EBqVAQRmiPm,DKqHUFbWRTP,NA01C3_2019,NA01c3_2019. No. of female readmissions into ITC this month-relapses,r01f3QfmLJS,"10-19Yrs, Pregnant/Lactating"
2038,HMIS108,HMIS 108 - IPD Monthly Report,EBqVAQRmiPm,DKqHUFbWRTP,NA01C3_2019,NA01c3_2019. No. of female readmissions into ITC this month-relapses,WalQ4zu7RLz,"10-19Yrs, Non Pregnant"
3060,HMIS108,HMIS 108 - IPD Monthly Report,EBqVAQRmiPm,G82PelWjLJY,NA01d,NA01d. No. of SAM Clients in ITC this month - Re-Admissions (Defaulters),q33Jr73momc,"6-23Mths, Male"
3070,HMIS108,HMIS 108 - IPD Monthly Report,EBqVAQRmiPm,G82PelWjLJY,NA01d,NA01d. No. of SAM Clients in ITC this month - Re-Admissions (Defaulters),Y6uGpgGb7R5,"25+Yrs, Male"
3071,HMIS108,HMIS 108 - IPD Monthly Report,EBqVAQRmiPm,G82PelWjLJY,NA01d,NA01d. No. of SAM Clients in ITC this month - Re-Admissions (Defaulters),tjG9Nt0wdwM,"25+Yrs, Female"
3058,HMIS108,HMIS 108 - IPD Monthly Report,EBqVAQRmiPm,G82PelWjLJY,NA01d,NA01d. No. of SAM Clients in ITC this month - Re-Admissions (Defaulters),NdimbHlmGB1,"0-5Mths, Male"
3059,HMIS108,HMIS 108 - IPD Monthly Report,EBqVAQRmiPm,G82PelWjLJY,NA01d,NA01d. No. of SAM Clients in ITC this month - Re-Admissions (Defaulters),VOOkKOAttyR,"0-5Mths, Female"
3067,HMIS108,HMIS 108 - IPD Monthly Report,EBqVAQRmiPm,G82PelWjLJY,NA01d,NA01d. No. of SAM Clients in ITC this month - Re-Admissions (Defaulters),icfcJwOA3HY,"10-19Yrs, Female"
3066,HMIS108,HMIS 108 - IPD Monthly Report,EBqVAQRmiPm,G82PelWjLJY,NA01d,NA01d. No. of SAM Clients in ITC this month - Re-Admissions (Defaulters),e8VpasQuKOf,"10-19Yrs, Male"
3065,HMIS108,HMIS 108 - IPD Monthly Report,EBqVAQRmiPm,G82PelWjLJY,NA01d,NA01d. No. of SAM Clients in ITC this month - Re-Admissions (Defaulters),OptiiLdMwqD,"5 - 9 yrs, Female"
3068,HMIS108,HMIS 108 - IPD Monthly Report,EBqVAQRmiPm,G82PelWjLJY,NA01d,NA01d. No. of SAM Clients in ITC this month - Re-Admissions (Defaulters),dVLQmjChiB5,"20-24 years, Male"
3064,HMIS108,HMIS 108 - IPD Monthly Report,EBqVAQRmiPm,G82PelWjLJY,NA01d,NA01d. No. of SAM Clients in ITC this month - Re-Admissions (Defaulters),Bnt7abK0gqb,"5 - 9 yrs, Male"
3069,HMIS108,HMIS 108 - IPD Monthly Report,EBqVAQRmiPm,G82PelWjLJY,NA01d,NA01d. No. of SAM Clients in ITC this month - Re-Admissions (Defaulters),inLYcBvHZSR,"20-24 years, Female"
3063,HMIS108,HMIS 108 - IPD Monthly Report,EBqVAQRmiPm,G82PelWjLJY,NA01d,NA01d. No. of SAM Clients in ITC this month - Re-Admissions (Defaulters),jYSOZj8kVzc,"24-59Mths, Female"
3062,HMIS108,HMIS 108 - IPD Monthly Report,EBqVAQRmiPm,G82PelWjLJY,NA01d,NA01d. No. of SAM Clients in ITC this month - Re-Admissions (Defaulters),LHh04IA7nsJ,"24-59Mths, Male"
3061,HMIS108,HMIS 108 - IPD Monthly Report,EBqVAQRmiPm,G82PelWjLJY,NA01d,NA01d. No. of SAM Clients in ITC this month - Re-Admissions (Defaulters),NThAKEjWS24,"6-23Mths, Female"
114,HMIS108,HMIS 108 - IPD Monthly Report,EBqVAQRmiPm,cMq1VyIjLeT,NA01D1_2019,NA01d1_2019. No. of readmissions into ITC this month-defaulters,OhmzAkCmkjU,"5-9Yrs, Male"
113,HMIS108,HMIS 108 - IPD Monthly Report,EBqVAQRmiPm,cMq1VyIjLeT,NA01D1_2019,NA01d1_2019. No. of readmissions into ITC this month-defaulters,WyNau0T37h4,"24-59Mths, Female"
112,HMIS108,HMIS 108 - IPD Monthly Report,EBqVAQRmiPm,cMq1VyIjLeT,NA01D1_2019,NA01d1_2019. No. of readmissions into ITC this month-defaulters,UKCxMVgAc2s,"24-59Mths, Male"
111,HMIS108,HMIS 108 - IPD Monthly Report,EBqVAQRmiPm,cMq1VyIjLeT,NA01D1_2019,NA01d1_2019. No. of readmissions into ITC this month-defaulters,kkV0Rfqo4Ru,"6-23Mths, Female"
110,HMIS108,HMIS 108 - IPD Monthly Report,EBqVAQRmiPm,cMq1VyIjLeT,NA01D1_2019,NA01d1_2019. No. of readmissions into ITC this month-defaulters,sHKK94BX2Rp,"6-23Mths, Male"
108,HMIS108,HMIS 108 - IPD Monthly Report,EBqVAQRmiPm,cMq1VyIjLeT,NA01D1_2019,NA01d1_2019. No. of readmissions into ITC this month-defaulters,SgtJVRGlRIo,"0-6Mths, Male"
109,HMIS108,HMIS 108 - IPD Monthly Report,EBqVAQRmiPm,cMq1VyIjLeT,NA01D1_2019,NA01d1_2019. No. of readmissions into ITC this month-defaulters,nusEBjg8bes,"0-6Mths, Female"
117,HMIS108,HMIS 108 - IPD Monthly Report,EBqVAQRmiPm,cMq1VyIjLeT,NA01D1_2019,NA01d1_2019. No. of readmissions into ITC this month-defaulters,mJNtXTVt6T1,"10-14Yrs, Female"
116,HMIS108,HMIS 108 - IPD Monthly Report,EBqVAQRmiPm,cMq1VyIjLeT,NA01D1_2019,NA01d1_2019. No. of readmissions into ITC this month-defaulters,DHWRwZkFHqc,"10-14Yrs, Male"
115,HMIS108,HMIS 108 - IPD Monthly Report,EBqVAQRmiPm,cMq1VyIjLeT,NA01D1_2019,NA01d1_2019. No. of readmissions into ITC this month-defaulters,oIxEDq59GUL,"5-9Yrs, Female"
4107,HMIS108,HMIS 108 - IPD Monthly Report,EBqVAQRmiPm,hv8QKUsQhEf,NA01D2_2019,NA01d2_2019. No. of male readmissions into ITC this month-defaulters,OUPWAOZojRb,"25+Yrs"
4105,HMIS108,HMIS 108 - IPD Monthly Report,EBqVAQRmiPm,hv8QKUsQhEf,NA01D2_2019,NA01d2_2019. No. of male readmissions into ITC this month-defaulters,SM9d5ybWcr0,"10-19Yrs"
4106,HMIS108,HMIS 108 - IPD Monthly Report,EBqVAQRmiPm,hv8QKUsQhEf,NA01D2_2019,NA01d2_2019. No. of male readmissions into ITC this month-defaulters,H5MiomGgbbi,"20-24Yrs"
1796,HMIS108,HMIS 108 - IPD Monthly Report,EBqVAQRmiPm,X3jt1am9eaH,NA01D3_2019,NA01d3_2019. No. of female readmissions into ITC this month-defaulters,WalQ4zu7RLz,"10-19Yrs, Non Pregnant"
1801,HMIS108,HMIS 108 - IPD Monthly Report,EBqVAQRmiPm,X3jt1am9eaH,NA01D3_2019,NA01d3_2019. No. of female readmissions into ITC this month-defaulters,I28asEo67Mt,"25+Yrs, Pregnant/Lactating"
1800,HMIS108,HMIS 108 - IPD Monthly Report,EBqVAQRmiPm,X3jt1am9eaH,NA01D3_2019,NA01d3_2019. No. of female readmissions into ITC this month-defaulters,RKbp3GCvRrF,"25+Yrs, Non Pregnant"
1799,HMIS108,HMIS 108 - IPD Monthly Report,EBqVAQRmiPm,X3jt1am9eaH,NA01D3_2019,NA01d3_2019. No. of female readmissions into ITC this month-defaulters,vrSTfWaEZfP,"20-24Yrs, Pregnant/Lactating"
1798,HMIS108,HMIS 108 - IPD Monthly Report,EBqVAQRmiPm,X3jt1am9eaH,NA01D3_2019,NA01d3_2019. No. of female readmissions into ITC this month-defaulters,bmT820wlIV5,"20-24Yrs, Non Pregnant"
1797,HMIS108,HMIS 108 - IPD Monthly Report,EBqVAQRmiPm,X3jt1am9eaH,NA01D3_2019,NA01d3_2019. No. of female readmissions into ITC this month-defaulters,r01f3QfmLJS,"10-19Yrs, Pregnant/Lactating"
3241,HMIS108,HMIS 108 - IPD Monthly Report,EBqVAQRmiPm,i3xjciE89Uv,NA01e,NA01e. No. of SAM Clients in ITC this month - Transfer in ITC,icfcJwOA3HY,"10-19Yrs, Female"
3235,HMIS108,HMIS 108 - IPD Monthly Report,EBqVAQRmiPm,i3xjciE89Uv,NA01e,NA01e. No. of SAM Clients in ITC this month - Transfer in ITC,NThAKEjWS24,"6-23Mths, Female"
3243,HMIS108,HMIS 108 - IPD Monthly Report,EBqVAQRmiPm,i3xjciE89Uv,NA01e,NA01e. No. of SAM Clients in ITC this month - Transfer in ITC,inLYcBvHZSR,"20-24 years, Female"
3242,HMIS108,HMIS 108 - IPD Monthly Report,EBqVAQRmiPm,i3xjciE89Uv,NA01e,NA01e. No. of SAM Clients in ITC this month - Transfer in ITC,dVLQmjChiB5,"20-24 years, Male"
3240,HMIS108,HMIS 108 - IPD Monthly Report,EBqVAQRmiPm,i3xjciE89Uv,NA01e,NA01e. No. of SAM Clients in ITC this month - Transfer in ITC,e8VpasQuKOf,"10-19Yrs, Male"
3244,HMIS108,HMIS 108 - IPD Monthly Report,EBqVAQRmiPm,i3xjciE89Uv,NA01e,NA01e. No. of SAM Clients in ITC this month - Transfer in ITC,Y6uGpgGb7R5,"25+Yrs, Male"
3245,HMIS108,HMIS 108 - IPD Monthly Report,EBqVAQRmiPm,i3xjciE89Uv,NA01e,NA01e. No. of SAM Clients in ITC this month - Transfer in ITC,tjG9Nt0wdwM,"25+Yrs, Female"
3234,HMIS108,HMIS 108 - IPD Monthly Report,EBqVAQRmiPm,i3xjciE89Uv,NA01e,NA01e. No. of SAM Clients in ITC this month - Transfer in ITC,q33Jr73momc,"6-23Mths, Male"
3233,HMIS108,HMIS 108 - IPD Monthly Report,EBqVAQRmiPm,i3xjciE89Uv,NA01e,NA01e. No. of SAM Clients in ITC this month - Transfer in ITC,VOOkKOAttyR,"0-5Mths, Female"
3237,HMIS108,HMIS 108 - IPD Monthly Report,EBqVAQRmiPm,i3xjciE89Uv,NA01e,NA01e. No. of SAM Clients in ITC this month - Transfer in ITC,jYSOZj8kVzc,"24-59Mths, Female"
3238,HMIS108,HMIS 108 - IPD Monthly Report,EBqVAQRmiPm,i3xjciE89Uv,NA01e,NA01e. No. of SAM Clients in ITC this month - Transfer in ITC,Bnt7abK0gqb,"5 - 9 yrs, Male"
3239,HMIS108,HMIS 108 - IPD Monthly Report,EBqVAQRmiPm,i3xjciE89Uv,NA01e,NA01e. No. of SAM Clients in ITC this month - Transfer in ITC,OptiiLdMwqD,"5 - 9 yrs, Female"
3236,HMIS108,HMIS 108 - IPD Monthly Report,EBqVAQRmiPm,i3xjciE89Uv,NA01e,NA01e. No. of SAM Clients in ITC this month - Transfer in ITC,LHh04IA7nsJ,"24-59Mths, Male"
3232,HMIS108,HMIS 108 - IPD Monthly Report,EBqVAQRmiPm,i3xjciE89Uv,NA01e,NA01e. No. of SAM Clients in ITC this month - Transfer in ITC,NdimbHlmGB1,"0-5Mths, Male"
2746,HMIS108,HMIS 108 - IPD Monthly Report,EBqVAQRmiPm,GGQKzkvbb9i,NA02a,NA02a. No. of clients with SAM (with complications) admitted into treatment and discharged as - Successfully Treated this month,tjG9Nt0wdwM,"25+Yrs, Female"
2736,HMIS108,HMIS 108 - IPD Monthly Report,EBqVAQRmiPm,GGQKzkvbb9i,NA02a,NA02a. No. of clients with SAM (with complications) admitted into treatment and discharged as - Successfully Treated this month,NThAKEjWS24,"6-23Mths, Female"
2735,HMIS108,HMIS 108 - IPD Monthly Report,EBqVAQRmiPm,GGQKzkvbb9i,NA02a,NA02a. No. of clients with SAM (with complications) admitted into treatment and discharged as - Successfully Treated this month,q33Jr73momc,"6-23Mths, Male"
2734,HMIS108,HMIS 108 - IPD Monthly Report,EBqVAQRmiPm,GGQKzkvbb9i,NA02a,NA02a. No. of clients with SAM (with complications) admitted into treatment and discharged as - Successfully Treated this month,VOOkKOAttyR,"0-5Mths, Female"
2733,HMIS108,HMIS 108 - IPD Monthly Report,EBqVAQRmiPm,GGQKzkvbb9i,NA02a,NA02a. No. of clients with SAM (with complications) admitted into treatment and discharged as - Successfully Treated this month,NdimbHlmGB1,"0-5Mths, Male"
2745,HMIS108,HMIS 108 - IPD Monthly Report,EBqVAQRmiPm,GGQKzkvbb9i,NA02a,NA02a. No. of clients with SAM (with complications) admitted into treatment and discharged as - Successfully Treated this month,Y6uGpgGb7R5,"25+Yrs, Male"
2744,HMIS108,HMIS 108 - IPD Monthly Report,EBqVAQRmiPm,GGQKzkvbb9i,NA02a,NA02a. No. of clients with SAM (with complications) admitted into treatment and discharged as - Successfully Treated this month,inLYcBvHZSR,"20-24 years, Female"
2743,HMIS108,HMIS 108 - IPD Monthly Report,EBqVAQRmiPm,GGQKzkvbb9i,NA02a,NA02a. No. of clients with SAM (with complications) admitted into treatment and discharged as - Successfully Treated this month,dVLQmjChiB5,"20-24 years, Male"
2742,HMIS108,HMIS 108 - IPD Monthly Report,EBqVAQRmiPm,GGQKzkvbb9i,NA02a,NA02a. No. of clients with SAM (with complications) admitted into treatment and discharged as - Successfully Treated this month,icfcJwOA3HY,"10-19Yrs, Female"
2741,HMIS108,HMIS 108 - IPD Monthly Report,EBqVAQRmiPm,GGQKzkvbb9i,NA02a,NA02a. No. of clients with SAM (with complications) admitted into treatment and discharged as - Successfully Treated this month,e8VpasQuKOf,"10-19Yrs, Male"
2740,HMIS108,HMIS 108 - IPD Monthly Report,EBqVAQRmiPm,GGQKzkvbb9i,NA02a,NA02a. No. of clients with SAM (with complications) admitted into treatment and discharged as - Successfully Treated this month,OptiiLdMwqD,"5 - 9 yrs, Female"
2739,HMIS108,HMIS 108 - IPD Monthly Report,EBqVAQRmiPm,GGQKzkvbb9i,NA02a,NA02a. No. of clients with SAM (with complications) admitted into treatment and discharged as - Successfully Treated this month,Bnt7abK0gqb,"5 - 9 yrs, Male"
2738,HMIS108,HMIS 108 - IPD Monthly Report,EBqVAQRmiPm,GGQKzkvbb9i,NA02a,NA02a. No. of clients with SAM (with complications) admitted into treatment and discharged as - Successfully Treated this month,jYSOZj8kVzc,"24-59Mths, Female"
2737,HMIS108,HMIS 108 - IPD Monthly Report,EBqVAQRmiPm,GGQKzkvbb9i,NA02a,NA02a. No. of clients with SAM (with complications) admitted into treatment and discharged as - Successfully Treated this month,LHh04IA7nsJ,"24-59Mths, Male"
529,HMIS108,HMIS 108 - IPD Monthly Report,EBqVAQRmiPm,o5xK6qLqldi,NA02A1_2019,NA02a1_2019. No. of SAM clients succesfully treated this month,UKCxMVgAc2s,"24-59Mths, Male"
525,HMIS108,HMIS 108 - IPD Monthly Report,EBqVAQRmiPm,o5xK6qLqldi,NA02A1_2019,NA02a1_2019. No. of SAM clients succesfully treated this month,SgtJVRGlRIo,"0-6Mths, Male"
527,HMIS108,HMIS 108 - IPD Monthly Report,EBqVAQRmiPm,o5xK6qLqldi,NA02A1_2019,NA02a1_2019. No. of SAM clients succesfully treated this month,sHKK94BX2Rp,"6-23Mths, Male"
528,HMIS108,HMIS 108 - IPD Monthly Report,EBqVAQRmiPm,o5xK6qLqldi,NA02A1_2019,NA02a1_2019. No. of SAM clients succesfully treated this month,kkV0Rfqo4Ru,"6-23Mths, Female"
531,HMIS108,HMIS 108 - IPD Monthly Report,EBqVAQRmiPm,o5xK6qLqldi,NA02A1_2019,NA02a1_2019. No. of SAM clients succesfully treated this month,OhmzAkCmkjU,"5-9Yrs, Male"
532,HMIS108,HMIS 108 - IPD Monthly Report,EBqVAQRmiPm,o5xK6qLqldi,NA02A1_2019,NA02a1_2019. No. of SAM clients succesfully treated this month,oIxEDq59GUL,"5-9Yrs, Female"
533,HMIS108,HMIS 108 - IPD Monthly Report,EBqVAQRmiPm,o5xK6qLqldi,NA02A1_2019,NA02a1_2019. No. of SAM clients succesfully treated this month,DHWRwZkFHqc,"10-14Yrs, Male"
526,HMIS108,HMIS 108 - IPD Monthly Report,EBqVAQRmiPm,o5xK6qLqldi,NA02A1_2019,NA02a1_2019. No. of SAM clients succesfully treated this month,nusEBjg8bes,"0-6Mths, Female"
534,HMIS108,HMIS 108 - IPD Monthly Report,EBqVAQRmiPm,o5xK6qLqldi,NA02A1_2019,NA02a1_2019. No. of SAM clients succesfully treated this month,mJNtXTVt6T1,"10-14Yrs, Female"
530,HMIS108,HMIS 108 - IPD Monthly Report,EBqVAQRmiPm,o5xK6qLqldi,NA02A1_2019,NA02a1_2019. No. of SAM clients succesfully treated this month,WyNau0T37h4,"24-59Mths, Female"
1803,HMIS108,HMIS 108 - IPD Monthly Report,EBqVAQRmiPm,cNEqr3S2KqO,NA02A2_2019,NA02a2_2019. No. of male SAM clients succesfully treated this month,H5MiomGgbbi,"20-24Yrs"
1802,HMIS108,HMIS 108 - IPD Monthly Report,EBqVAQRmiPm,cNEqr3S2KqO,NA02A2_2019,NA02a2_2019. No. of male SAM clients succesfully treated this month,SM9d5ybWcr0,"10-19Yrs"
1804,HMIS108,HMIS 108 - IPD Monthly Report,EBqVAQRmiPm,cNEqr3S2KqO,NA02A2_2019,NA02a2_2019. No. of male SAM clients succesfully treated this month,OUPWAOZojRb,"25+Yrs"
1063,HMIS108,HMIS 108 - IPD Monthly Report,EBqVAQRmiPm,o9f7NB93omG,NA02A3_2019,NA02a3_2019. No. of female SAM clients succesfully treated this month,vrSTfWaEZfP,"20-24Yrs, Pregnant/Lactating"
1061,HMIS108,HMIS 108 - IPD Monthly Report,EBqVAQRmiPm,o9f7NB93omG,NA02A3_2019,NA02a3_2019. No. of female SAM clients succesfully treated this month,r01f3QfmLJS,"10-19Yrs, Pregnant/Lactating"
1064,HMIS108,HMIS 108 - IPD Monthly Report,EBqVAQRmiPm,o9f7NB93omG,NA02A3_2019,NA02a3_2019. No. of female SAM clients succesfully treated this month,RKbp3GCvRrF,"25+Yrs, Non Pregnant"
1065,HMIS108,HMIS 108 - IPD Monthly Report,EBqVAQRmiPm,o9f7NB93omG,NA02A3_2019,NA02a3_2019. No. of female SAM clients succesfully treated this month,I28asEo67Mt,"25+Yrs, Pregnant/Lactating"
1060,HMIS108,HMIS 108 - IPD Monthly Report,EBqVAQRmiPm,o9f7NB93omG,NA02A3_2019,NA02a3_2019. No. of female SAM clients succesfully treated this month,WalQ4zu7RLz,"10-19Yrs, Non Pregnant"
1062,HMIS108,HMIS 108 - IPD Monthly Report,EBqVAQRmiPm,o9f7NB93omG,NA02A3_2019,NA02a3_2019. No. of female SAM clients succesfully treated this month,bmT820wlIV5,"20-24Yrs, Non Pregnant"
2046,HMIS108,HMIS 108 - IPD Monthly Report,EBqVAQRmiPm,EG28OsuzOGh,NA02b,NA02b. No. of clients with SAM (with complications) admitted into treatment and discharged as - Defaulted from care within this month,q33Jr73momc,"6-23Mths, Male"
2052,HMIS108,HMIS 108 - IPD Monthly Report,EBqVAQRmiPm,EG28OsuzOGh,NA02b,NA02b. No. of clients with SAM (with complications) admitted into treatment and discharged as - Defaulted from care within this month,e8VpasQuKOf,"10-19Yrs, Male"
2051,HMIS108,HMIS 108 - IPD Monthly Report,EBqVAQRmiPm,EG28OsuzOGh,NA02b,NA02b. No. of clients with SAM (with complications) admitted into treatment and discharged as - Defaulted from care within this month,OptiiLdMwqD,"5 - 9 yrs, Female"
2050,HMIS108,HMIS 108 - IPD Monthly Report,EBqVAQRmiPm,EG28OsuzOGh,NA02b,NA02b. No. of clients with SAM (with complications) admitted into treatment and discharged as - Defaulted from care within this month,Bnt7abK0gqb,"5 - 9 yrs, Male"
2049,HMIS108,HMIS 108 - IPD Monthly Report,EBqVAQRmiPm,EG28OsuzOGh,NA02b,NA02b. No. of clients with SAM (with complications) admitted into treatment and discharged as - Defaulted from care within this month,jYSOZj8kVzc,"24-59Mths, Female"
2048,HMIS108,HMIS 108 - IPD Monthly Report,EBqVAQRmiPm,EG28OsuzOGh,NA02b,NA02b. No. of clients with SAM (with complications) admitted into treatment and discharged as - Defaulted from care within this month,LHh04IA7nsJ,"24-59Mths, Male"
2054,HMIS108,HMIS 108 - IPD Monthly Report,EBqVAQRmiPm,EG28OsuzOGh,NA02b,NA02b. No. of clients with SAM (with complications) admitted into treatment and discharged as - Defaulted from care within this month,dVLQmjChiB5,"20-24 years, Male"
2047,HMIS108,HMIS 108 - IPD Monthly Report,EBqVAQRmiPm,EG28OsuzOGh,NA02b,NA02b. No. of clients with SAM (with complications) admitted into treatment and discharged as - Defaulted from care within this month,NThAKEjWS24,"6-23Mths, Female"
2053,HMIS108,HMIS 108 - IPD Monthly Report,EBqVAQRmiPm,EG28OsuzOGh,NA02b,NA02b. No. of clients with SAM (with complications) admitted into treatment and discharged as - Defaulted from care within this month,icfcJwOA3HY,"10-19Yrs, Female"
2055,HMIS108,HMIS 108 - IPD Monthly Report,EBqVAQRmiPm,EG28OsuzOGh,NA02b,NA02b. No. of clients with SAM (with complications) admitted into treatment and discharged as - Defaulted from care within this month,inLYcBvHZSR,"20-24 years, Female"
2056,HMIS108,HMIS 108 - IPD Monthly Report,EBqVAQRmiPm,EG28OsuzOGh,NA02b,NA02b. No. of clients with SAM (with complications) admitted into treatment and discharged as - Defaulted from care within this month,Y6uGpgGb7R5,"25+Yrs, Male"
2057,HMIS108,HMIS 108 - IPD Monthly Report,EBqVAQRmiPm,EG28OsuzOGh,NA02b,NA02b. No. of clients with SAM (with complications) admitted into treatment and discharged as - Defaulted from care within this month,tjG9Nt0wdwM,"25+Yrs, Female"
2045,HMIS108,HMIS 108 - IPD Monthly Report,EBqVAQRmiPm,EG28OsuzOGh,NA02b,NA02b. No. of clients with SAM (with complications) admitted into treatment and discharged as - Defaulted from care within this month,VOOkKOAttyR,"0-5Mths, Female"
2044,HMIS108,HMIS 108 - IPD Monthly Report,EBqVAQRmiPm,EG28OsuzOGh,NA02b,NA02b. No. of clients with SAM (with complications) admitted into treatment and discharged as - Defaulted from care within this month,NdimbHlmGB1,"0-5Mths, Male"
3696,HMIS108,HMIS 108 - IPD Monthly Report,EBqVAQRmiPm,wtCYH8ZPgo0,NA02B1_2019,NA02b1_2019. No. of SAM clients who defaulted from care this month,nusEBjg8bes,"0-6Mths, Female"
3701,HMIS108,HMIS 108 - IPD Monthly Report,EBqVAQRmiPm,wtCYH8ZPgo0,NA02B1_2019,NA02b1_2019. No. of SAM clients who defaulted from care this month,OhmzAkCmkjU,"5-9Yrs, Male"
3700,HMIS108,HMIS 108 - IPD Monthly Report,EBqVAQRmiPm,wtCYH8ZPgo0,NA02B1_2019,NA02b1_2019. No. of SAM clients who defaulted from care this month,WyNau0T37h4,"24-59Mths, Female"
3695,HMIS108,HMIS 108 - IPD Monthly Report,EBqVAQRmiPm,wtCYH8ZPgo0,NA02B1_2019,NA02b1_2019. No. of SAM clients who defaulted from care this month,SgtJVRGlRIo,"0-6Mths, Male"
3697,HMIS108,HMIS 108 - IPD Monthly Report,EBqVAQRmiPm,wtCYH8ZPgo0,NA02B1_2019,NA02b1_2019. No. of SAM clients who defaulted from care this month,sHKK94BX2Rp,"6-23Mths, Male"
3699,HMIS108,HMIS 108 - IPD Monthly Report,EBqVAQRmiPm,wtCYH8ZPgo0,NA02B1_2019,NA02b1_2019. No. of SAM clients who defaulted from care this month,UKCxMVgAc2s,"24-59Mths, Male"
3698,HMIS108,HMIS 108 - IPD Monthly Report,EBqVAQRmiPm,wtCYH8ZPgo0,NA02B1_2019,NA02b1_2019. No. of SAM clients who defaulted from care this month,kkV0Rfqo4Ru,"6-23Mths, Female"
3704,HMIS108,HMIS 108 - IPD Monthly Report,EBqVAQRmiPm,wtCYH8ZPgo0,NA02B1_2019,NA02b1_2019. No. of SAM clients who defaulted from care this month,mJNtXTVt6T1,"10-14Yrs, Female"
3703,HMIS108,HMIS 108 - IPD Monthly Report,EBqVAQRmiPm,wtCYH8ZPgo0,NA02B1_2019,NA02b1_2019. No. of SAM clients who defaulted from care this month,DHWRwZkFHqc,"10-14Yrs, Male"
3702,HMIS108,HMIS 108 - IPD Monthly Report,EBqVAQRmiPm,wtCYH8ZPgo0,NA02B1_2019,NA02b1_2019. No. of SAM clients who defaulted from care this month,oIxEDq59GUL,"5-9Yrs, Female"
310,HMIS108,HMIS 108 - IPD Monthly Report,EBqVAQRmiPm,dEpH6RyUOkD,NA02B2_2019,NA02b2_2019. No. of SAM male clients who defaulted from care this month,H5MiomGgbbi,"20-24Yrs"
311,HMIS108,HMIS 108 - IPD Monthly Report,EBqVAQRmiPm,dEpH6RyUOkD,NA02B2_2019,NA02b2_2019. No. of SAM male clients who defaulted from care this month,OUPWAOZojRb,"25+Yrs"
309,HMIS108,HMIS 108 - IPD Monthly Report,EBqVAQRmiPm,dEpH6RyUOkD,NA02B2_2019,NA02b2_2019. No. of SAM male clients who defaulted from care this month,SM9d5ybWcr0,"10-19Yrs"
4056,HMIS108,HMIS 108 - IPD Monthly Report,EBqVAQRmiPm,bP0lbUAPCH2,NA02B3_2019,NA02b3_2019. No. of SAM female clients who defaulted from care this month,RKbp3GCvRrF,"25+Yrs, Non Pregnant"
4055,HMIS108,HMIS 108 - IPD Monthly Report,EBqVAQRmiPm,bP0lbUAPCH2,NA02B3_2019,NA02b3_2019. No. of SAM female clients who defaulted from care this month,vrSTfWaEZfP,"20-24Yrs, Pregnant/Lactating"
4057,HMIS108,HMIS 108 - IPD Monthly Report,EBqVAQRmiPm,bP0lbUAPCH2,NA02B3_2019,NA02b3_2019. No. of SAM female clients who defaulted from care this month,I28asEo67Mt,"25+Yrs, Pregnant/Lactating"
4054,HMIS108,HMIS 108 - IPD Monthly Report,EBqVAQRmiPm,bP0lbUAPCH2,NA02B3_2019,NA02b3_2019. No. of SAM female clients who defaulted from care this month,bmT820wlIV5,"20-24Yrs, Non Pregnant"
4053,HMIS108,HMIS 108 - IPD Monthly Report,EBqVAQRmiPm,bP0lbUAPCH2,NA02B3_2019,NA02b3_2019. No. of SAM female clients who defaulted from care this month,r01f3QfmLJS,"10-19Yrs, Pregnant/Lactating"
4052,HMIS108,HMIS 108 - IPD Monthly Report,EBqVAQRmiPm,bP0lbUAPCH2,NA02B3_2019,NA02b3_2019. No. of SAM female clients who defaulted from care this month,WalQ4zu7RLz,"10-19Yrs, Non Pregnant"
3575,HMIS108,HMIS 108 - IPD Monthly Report,EBqVAQRmiPm,lcfyWmkZiSN,NA02c,NA02c. No. of clients with SAM (with complications) admitted into treatment and discharged as - Died during treatment within this month,icfcJwOA3HY,"10-19Yrs, Female"
3569,HMIS108,HMIS 108 - IPD Monthly Report,EBqVAQRmiPm,lcfyWmkZiSN,NA02c,NA02c. No. of clients with SAM (with complications) admitted into treatment and discharged as - Died during treatment within this month,NThAKEjWS24,"6-23Mths, Female"
3568,HMIS108,HMIS 108 - IPD Monthly Report,EBqVAQRmiPm,lcfyWmkZiSN,NA02c,NA02c. No. of clients with SAM (with complications) admitted into treatment and discharged as - Died during treatment within this month,q33Jr73momc,"6-23Mths, Male"
3567,HMIS108,HMIS 108 - IPD Monthly Report,EBqVAQRmiPm,lcfyWmkZiSN,NA02c,NA02c. No. of clients with SAM (with complications) admitted into treatment and discharged as - Died during treatment within this month,VOOkKOAttyR,"0-5Mths, Female"
3566,HMIS108,HMIS 108 - IPD Monthly Report,EBqVAQRmiPm,lcfyWmkZiSN,NA02c,NA02c. No. of clients with SAM (with complications) admitted into treatment and discharged as - Died during treatment within this month,NdimbHlmGB1,"0-5Mths, Male"
3570,HMIS108,HMIS 108 - IPD Monthly Report,EBqVAQRmiPm,lcfyWmkZiSN,NA02c,NA02c. No. of clients with SAM (with complications) admitted into treatment and discharged as - Died during treatment within this month,LHh04IA7nsJ,"24-59Mths, Male"
3571,HMIS108,HMIS 108 - IPD Monthly Report,EBqVAQRmiPm,lcfyWmkZiSN,NA02c,NA02c. No. of clients with SAM (with complications) admitted into treatment and discharged as - Died during treatment within this month,jYSOZj8kVzc,"24-59Mths, Female"
3572,HMIS108,HMIS 108 - IPD Monthly Report,EBqVAQRmiPm,lcfyWmkZiSN,NA02c,NA02c. No. of clients with SAM (with complications) admitted into treatment and discharged as - Died during treatment within this month,Bnt7abK0gqb,"5 - 9 yrs, Male"
3573,HMIS108,HMIS 108 - IPD Monthly Report,EBqVAQRmiPm,lcfyWmkZiSN,NA02c,NA02c. No. of clients with SAM (with complications) admitted into treatment and discharged as - Died during treatment within this month,OptiiLdMwqD,"5 - 9 yrs, Female"
3574,HMIS108,HMIS 108 - IPD Monthly Report,EBqVAQRmiPm,lcfyWmkZiSN,NA02c,NA02c. No. of clients with SAM (with complications) admitted into treatment and discharged as - Died during treatment within this month,e8VpasQuKOf,"10-19Yrs, Male"
3576,HMIS108,HMIS 108 - IPD Monthly Report,EBqVAQRmiPm,lcfyWmkZiSN,NA02c,NA02c. No. of clients with SAM (with complications) admitted into treatment and discharged as - Died during treatment within this month,dVLQmjChiB5,"20-24 years, Male"
3577,HMIS108,HMIS 108 - IPD Monthly Report,EBqVAQRmiPm,lcfyWmkZiSN,NA02c,NA02c. No. of clients with SAM (with complications) admitted into treatment and discharged as - Died during treatment within this month,inLYcBvHZSR,"20-24 years, Female"
3578,HMIS108,HMIS 108 - IPD Monthly Report,EBqVAQRmiPm,lcfyWmkZiSN,NA02c,NA02c. No. of clients with SAM (with complications) admitted into treatment and discharged as - Died during treatment within this month,Y6uGpgGb7R5,"25+Yrs, Male"
3579,HMIS108,HMIS 108 - IPD Monthly Report,EBqVAQRmiPm,lcfyWmkZiSN,NA02c,NA02c. No. of clients with SAM (with complications) admitted into treatment and discharged as - Died during treatment within this month,tjG9Nt0wdwM,"25+Yrs, Female"
2775,HMIS108,HMIS 108 - IPD Monthly Report,EBqVAQRmiPm,zWlAJsGjAaZ,NA02C1_2019,NA02c1_2019. No. of SAM clients who died during treatment this month,nusEBjg8bes,"0-6Mths, Female"
2774,HMIS108,HMIS 108 - IPD Monthly Report,EBqVAQRmiPm,zWlAJsGjAaZ,NA02C1_2019,NA02c1_2019. No. of SAM clients who died during treatment this month,SgtJVRGlRIo,"0-6Mths, Male"
2781,HMIS108,HMIS 108 - IPD Monthly Report,EBqVAQRmiPm,zWlAJsGjAaZ,NA02C1_2019,NA02c1_2019. No. of SAM clients who died during treatment this month,oIxEDq59GUL,"5-9Yrs, Female"
2782,HMIS108,HMIS 108 - IPD Monthly Report,EBqVAQRmiPm,zWlAJsGjAaZ,NA02C1_2019,NA02c1_2019. No. of SAM clients who died during treatment this month,DHWRwZkFHqc,"10-14Yrs, Male"
2779,HMIS108,HMIS 108 - IPD Monthly Report,EBqVAQRmiPm,zWlAJsGjAaZ,NA02C1_2019,NA02c1_2019. No. of SAM clients who died during treatment this month,WyNau0T37h4,"24-59Mths, Female"
2780,HMIS108,HMIS 108 - IPD Monthly Report,EBqVAQRmiPm,zWlAJsGjAaZ,NA02C1_2019,NA02c1_2019. No. of SAM clients who died during treatment this month,OhmzAkCmkjU,"5-9Yrs, Male"
2783,HMIS108,HMIS 108 - IPD Monthly Report,EBqVAQRmiPm,zWlAJsGjAaZ,NA02C1_2019,NA02c1_2019. No. of SAM clients who died during treatment this month,mJNtXTVt6T1,"10-14Yrs, Female"
2778,HMIS108,HMIS 108 - IPD Monthly Report,EBqVAQRmiPm,zWlAJsGjAaZ,NA02C1_2019,NA02c1_2019. No. of SAM clients who died during treatment this month,UKCxMVgAc2s,"24-59Mths, Male"
2777,HMIS108,HMIS 108 - IPD Monthly Report,EBqVAQRmiPm,zWlAJsGjAaZ,NA02C1_2019,NA02c1_2019. No. of SAM clients who died during treatment this month,kkV0Rfqo4Ru,"6-23Mths, Female"
2776,HMIS108,HMIS 108 - IPD Monthly Report,EBqVAQRmiPm,zWlAJsGjAaZ,NA02C1_2019,NA02c1_2019. No. of SAM clients who died during treatment this month,sHKK94BX2Rp,"6-23Mths, Male"
3367,HMIS108,HMIS 108 - IPD Monthly Report,EBqVAQRmiPm,WHy8DT5B7vt,NA02C2_2019,NA02c2_2019. No. of male SAM clients who died during treatment this month,SM9d5ybWcr0,"10-19Yrs"
3369,HMIS108,HMIS 108 - IPD Monthly Report,EBqVAQRmiPm,WHy8DT5B7vt,NA02C2_2019,NA02c2_2019. No. of male SAM clients who died during treatment this month,OUPWAOZojRb,"25+Yrs"
3368,HMIS108,HMIS 108 - IPD Monthly Report,EBqVAQRmiPm,WHy8DT5B7vt,NA02C2_2019,NA02c2_2019. No. of male SAM clients who died during treatment this month,H5MiomGgbbi,"20-24Yrs"
4064,HMIS108,HMIS 108 - IPD Monthly Report,EBqVAQRmiPm,oQycIbBMAKX,NA02C3_2019,NA02c3_2019. No. of female SAM clients who died during treatment this month,r01f3QfmLJS,"10-19Yrs, Pregnant/Lactating"
4067,HMIS108,HMIS 108 - IPD Monthly Report,EBqVAQRmiPm,oQycIbBMAKX,NA02C3_2019,NA02c3_2019. No. of female SAM clients who died during treatment this month,RKbp3GCvRrF,"25+Yrs, Non Pregnant"
4066,HMIS108,HMIS 108 - IPD Monthly Report,EBqVAQRmiPm,oQycIbBMAKX,NA02C3_2019,NA02c3_2019. No. of female SAM clients who died during treatment this month,vrSTfWaEZfP,"20-24Yrs, Pregnant/Lactating"
4068,HMIS108,HMIS 108 - IPD Monthly Report,EBqVAQRmiPm,oQycIbBMAKX,NA02C3_2019,NA02c3_2019. No. of female SAM clients who died during treatment this month,I28asEo67Mt,"25+Yrs, Pregnant/Lactating"
4065,HMIS108,HMIS 108 - IPD Monthly Report,EBqVAQRmiPm,oQycIbBMAKX,NA02C3_2019,NA02c3_2019. No. of female SAM clients who died during treatment this month,bmT820wlIV5,"20-24Yrs, Non Pregnant"
4063,HMIS108,HMIS 108 - IPD Monthly Report,EBqVAQRmiPm,oQycIbBMAKX,NA02C3_2019,NA02c3_2019. No. of female SAM clients who died during treatment this month,WalQ4zu7RLz,"10-19Yrs, Non Pregnant"
3089,HMIS108,HMIS 108 - IPD Monthly Report,EBqVAQRmiPm,rd0kWjxPK28,NA03,NA03. Total number of days spent in ITC  for all clients discharged as cured this month,icfcJwOA3HY,"10-19Yrs, Female"
3093,HMIS108,HMIS 108 - IPD Monthly Report,EBqVAQRmiPm,rd0kWjxPK28,NA03,NA03. Total number of days spent in ITC  for all clients discharged as cured this month,tjG9Nt0wdwM,"25+Yrs, Female"
3090,HMIS108,HMIS 108 - IPD Monthly Report,EBqVAQRmiPm,rd0kWjxPK28,NA03,NA03. Total number of days spent in ITC  for all clients discharged as cured this month,dVLQmjChiB5,"20-24 years, Male"
3091,HMIS108,HMIS 108 - IPD Monthly Report,EBqVAQRmiPm,rd0kWjxPK28,NA03,NA03. Total number of days spent in ITC  for all clients discharged as cured this month,inLYcBvHZSR,"20-24 years, Female"
3092,HMIS108,HMIS 108 - IPD Monthly Report,EBqVAQRmiPm,rd0kWjxPK28,NA03,NA03. Total number of days spent in ITC  for all clients discharged as cured this month,Y6uGpgGb7R5,"25+Yrs, Male"
3080,HMIS108,HMIS 108 - IPD Monthly Report,EBqVAQRmiPm,rd0kWjxPK28,NA03,NA03. Total number of days spent in ITC  for all clients discharged as cured this month,NdimbHlmGB1,"0-5Mths, Male"
3081,HMIS108,HMIS 108 - IPD Monthly Report,EBqVAQRmiPm,rd0kWjxPK28,NA03,NA03. Total number of days spent in ITC  for all clients discharged as cured this month,VOOkKOAttyR,"0-5Mths, Female"
3082,HMIS108,HMIS 108 - IPD Monthly Report,EBqVAQRmiPm,rd0kWjxPK28,NA03,NA03. Total number of days spent in ITC  for all clients discharged as cured this month,q33Jr73momc,"6-23Mths, Male"
3083,HMIS108,HMIS 108 - IPD Monthly Report,EBqVAQRmiPm,rd0kWjxPK28,NA03,NA03. Total number of days spent in ITC  for all clients discharged as cured this month,NThAKEjWS24,"6-23Mths, Female"
3084,HMIS108,HMIS 108 - IPD Monthly Report,EBqVAQRmiPm,rd0kWjxPK28,NA03,NA03. Total number of days spent in ITC  for all clients discharged as cured this month,LHh04IA7nsJ,"24-59Mths, Male"
3085,HMIS108,HMIS 108 - IPD Monthly Report,EBqVAQRmiPm,rd0kWjxPK28,NA03,NA03. Total number of days spent in ITC  for all clients discharged as cured this month,jYSOZj8kVzc,"24-59Mths, Female"
3086,HMIS108,HMIS 108 - IPD Monthly Report,EBqVAQRmiPm,rd0kWjxPK28,NA03,NA03. Total number of days spent in ITC  for all clients discharged as cured this month,Bnt7abK0gqb,"5 - 9 yrs, Male"
3087,HMIS108,HMIS 108 - IPD Monthly Report,EBqVAQRmiPm,rd0kWjxPK28,NA03,NA03. Total number of days spent in ITC  for all clients discharged as cured this month,OptiiLdMwqD,"5 - 9 yrs, Female"
3088,HMIS108,HMIS 108 - IPD Monthly Report,EBqVAQRmiPm,rd0kWjxPK28,NA03,NA03. Total number of days spent in ITC  for all clients discharged as cured this month,e8VpasQuKOf,"10-19Yrs, Male"
4262,HMIS108,HMIS 108 - IPD Monthly Report,EBqVAQRmiPm,g62Xw2WokMQ,NA04_2019,NA04_2019. Total number of days spent in ITC  for all clients discharged as cured this month,OhmzAkCmkjU,"5-9Yrs, Male"
4263,HMIS108,HMIS 108 - IPD Monthly Report,EBqVAQRmiPm,g62Xw2WokMQ,NA04_2019,NA04_2019. Total number of days spent in ITC  for all clients discharged as cured this month,oIxEDq59GUL,"5-9Yrs, Female"
4260,HMIS108,HMIS 108 - IPD Monthly Report,EBqVAQRmiPm,g62Xw2WokMQ,NA04_2019,NA04_2019. Total number of days spent in ITC  for all clients discharged as cured this month,UKCxMVgAc2s,"24-59Mths, Male"
4264,HMIS108,HMIS 108 - IPD Monthly Report,EBqVAQRmiPm,g62Xw2WokMQ,NA04_2019,NA04_2019. Total number of days spent in ITC  for all clients discharged as cured this month,DHWRwZkFHqc,"10-14Yrs, Male"
4265,HMIS108,HMIS 108 - IPD Monthly Report,EBqVAQRmiPm,g62Xw2WokMQ,NA04_2019,NA04_2019. Total number of days spent in ITC  for all clients discharged as cured this month,mJNtXTVt6T1,"10-14Yrs, Female"
4259,HMIS108,HMIS 108 - IPD Monthly Report,EBqVAQRmiPm,g62Xw2WokMQ,NA04_2019,NA04_2019. Total number of days spent in ITC  for all clients discharged as cured this month,kkV0Rfqo4Ru,"6-23Mths, Female"
4258,HMIS108,HMIS 108 - IPD Monthly Report,EBqVAQRmiPm,g62Xw2WokMQ,NA04_2019,NA04_2019. Total number of days spent in ITC  for all clients discharged as cured this month,sHKK94BX2Rp,"6-23Mths, Male"
4257,HMIS108,HMIS 108 - IPD Monthly Report,EBqVAQRmiPm,g62Xw2WokMQ,NA04_2019,NA04_2019. Total number of days spent in ITC  for all clients discharged as cured this month,nusEBjg8bes,"0-6Mths, Female"
4256,HMIS108,HMIS 108 - IPD Monthly Report,EBqVAQRmiPm,g62Xw2WokMQ,NA04_2019,NA04_2019. Total number of days spent in ITC  for all clients discharged as cured this month,SgtJVRGlRIo,"0-6Mths, Male"
4261,HMIS108,HMIS 108 - IPD Monthly Report,EBqVAQRmiPm,g62Xw2WokMQ,NA04_2019,NA04_2019. Total number of days spent in ITC  for all clients discharged as cured this month,WyNau0T37h4,"24-59Mths, Female"
3878,HMIS108,HMIS 108 - IPD Monthly Report,EBqVAQRmiPm,DJz3do91AE0,NA04B_2019,NA04b_2019. Total number of days spent in ITC  for all clients discharged as cured this month,I28asEo67Mt,"25+Yrs, Pregnant/Lactating"
3877,HMIS108,HMIS 108 - IPD Monthly Report,EBqVAQRmiPm,DJz3do91AE0,NA04B_2019,NA04b_2019. Total number of days spent in ITC  for all clients discharged as cured this month,RKbp3GCvRrF,"25+Yrs, Non Pregnant"
3876,HMIS108,HMIS 108 - IPD Monthly Report,EBqVAQRmiPm,DJz3do91AE0,NA04B_2019,NA04b_2019. Total number of days spent in ITC  for all clients discharged as cured this month,vrSTfWaEZfP,"20-24Yrs, Pregnant/Lactating"
3875,HMIS108,HMIS 108 - IPD Monthly Report,EBqVAQRmiPm,DJz3do91AE0,NA04B_2019,NA04b_2019. Total number of days spent in ITC  for all clients discharged as cured this month,bmT820wlIV5,"20-24Yrs, Non Pregnant"
3874,HMIS108,HMIS 108 - IPD Monthly Report,EBqVAQRmiPm,DJz3do91AE0,NA04B_2019,NA04b_2019. Total number of days spent in ITC  for all clients discharged as cured this month,r01f3QfmLJS,"10-19Yrs, Pregnant/Lactating"
3873,HMIS108,HMIS 108 - IPD Monthly Report,EBqVAQRmiPm,DJz3do91AE0,NA04B_2019,NA04b_2019. Total number of days spent in ITC  for all clients discharged as cured this month,WalQ4zu7RLz,"10-19Yrs, Non Pregnant"
2236,HMIS108,HMIS 108 - IPD Monthly Report,EBqVAQRmiPm,adABR5Pf517,NA04C_2019,NA04c_2019. Total number of days spent in ITC  for male clients discharged as cured this month,H5MiomGgbbi,"20-24Yrs"
2235,HMIS108,HMIS 108 - IPD Monthly Report,EBqVAQRmiPm,adABR5Pf517,NA04C_2019,NA04c_2019. Total number of days spent in ITC  for male clients discharged as cured this month,SM9d5ybWcr0,"10-19Yrs"
2237,HMIS108,HMIS 108 - IPD Monthly Report,EBqVAQRmiPm,adABR5Pf517,NA04C_2019,NA04c_2019. Total number of days spent in ITC  for male clients discharged as cured this month,OUPWAOZojRb,"25+Yrs"
1373,HMIS108,HMIS 108 - IPD Monthly Report,EBqVAQRmiPm,WbYLtP8uika,NC01A,NC01a. Haematological Diseases  - Cases,fHgwVjoElmE,"5+Yrs, Female"
1370,HMIS108,HMIS 108 - IPD Monthly Report,EBqVAQRmiPm,WbYLtP8uika,NC01A,NC01a. Haematological Diseases  - Cases,rCzvys285kN,"0-4Yrs, Male"
1371,HMIS108,HMIS 108 - IPD Monthly Report,EBqVAQRmiPm,WbYLtP8uika,NC01A,NC01a. Haematological Diseases  - Cases,VZrxjCi8cQi,"0-4Yrs, Female"
1372,HMIS108,HMIS 108 - IPD Monthly Report,EBqVAQRmiPm,WbYLtP8uika,NC01A,NC01a. Haematological Diseases  - Cases,ZgnHXnu30cI,"5+Yrs, Male"
1161,HMIS108,HMIS 108 - IPD Monthly Report,EBqVAQRmiPm,yfvpymADFUU,NC01B,NC01b. Haematological Diseases  - Deaths,rCzvys285kN,"0-4Yrs, Male"
1163,HMIS108,HMIS 108 - IPD Monthly Report,EBqVAQRmiPm,yfvpymADFUU,NC01B,NC01b. Haematological Diseases  - Deaths,ZgnHXnu30cI,"5+Yrs, Male"
1164,HMIS108,HMIS 108 - IPD Monthly Report,EBqVAQRmiPm,yfvpymADFUU,NC01B,NC01b. Haematological Diseases  - Deaths,fHgwVjoElmE,"5+Yrs, Female"
1162,HMIS108,HMIS 108 - IPD Monthly Report,EBqVAQRmiPm,yfvpymADFUU,NC01B,NC01b. Haematological Diseases  - Deaths,VZrxjCi8cQi,"0-4Yrs, Female"
787,HMIS108,HMIS 108 - IPD Monthly Report,EBqVAQRmiPm,pEZczKZAAIy,NC02A,NC02a. Sickle cell disease  - Cases,ZgnHXnu30cI,"5+Yrs, Male"
785,HMIS108,HMIS 108 - IPD Monthly Report,EBqVAQRmiPm,pEZczKZAAIy,NC02A,NC02a. Sickle cell disease  - Cases,rCzvys285kN,"0-4Yrs, Male"
788,HMIS108,HMIS 108 - IPD Monthly Report,EBqVAQRmiPm,pEZczKZAAIy,NC02A,NC02a. Sickle cell disease  - Cases,fHgwVjoElmE,"5+Yrs, Female"
786,HMIS108,HMIS 108 - IPD Monthly Report,EBqVAQRmiPm,pEZczKZAAIy,NC02A,NC02a. Sickle cell disease  - Cases,VZrxjCi8cQi,"0-4Yrs, Female"
1282,HMIS108,HMIS 108 - IPD Monthly Report,EBqVAQRmiPm,OnOT1iAxc7o,NC02A_2019,NC02a_2019. Anaemia  - Cases,VZrxjCi8cQi,"0-4Yrs, Female"
1281,HMIS108,HMIS 108 - IPD Monthly Report,EBqVAQRmiPm,OnOT1iAxc7o,NC02A_2019,NC02a_2019. Anaemia  - Cases,rCzvys285kN,"0-4Yrs, Male"
1284,HMIS108,HMIS 108 - IPD Monthly Report,EBqVAQRmiPm,OnOT1iAxc7o,NC02A_2019,NC02a_2019. Anaemia  - Cases,fHgwVjoElmE,"5+Yrs, Female"
1283,HMIS108,HMIS 108 - IPD Monthly Report,EBqVAQRmiPm,OnOT1iAxc7o,NC02A_2019,NC02a_2019. Anaemia  - Cases,ZgnHXnu30cI,"5+Yrs, Male"
2308,HMIS108,HMIS 108 - IPD Monthly Report,EBqVAQRmiPm,S6jrXc8Q7WS,NC02B,NC02b. Sickle cell disease  - Deaths,rCzvys285kN,"0-4Yrs, Male"
2311,HMIS108,HMIS 108 - IPD Monthly Report,EBqVAQRmiPm,S6jrXc8Q7WS,NC02B,NC02b. Sickle cell disease  - Deaths,fHgwVjoElmE,"5+Yrs, Female"
2310,HMIS108,HMIS 108 - IPD Monthly Report,EBqVAQRmiPm,S6jrXc8Q7WS,NC02B,NC02b. Sickle cell disease  - Deaths,ZgnHXnu30cI,"5+Yrs, Male"
2309,HMIS108,HMIS 108 - IPD Monthly Report,EBqVAQRmiPm,S6jrXc8Q7WS,NC02B,NC02b. Sickle cell disease  - Deaths,VZrxjCi8cQi,"0-4Yrs, Female"
850,HMIS108,HMIS 108 - IPD Monthly Report,EBqVAQRmiPm,heWK279wU8B,NC02B_2019,NC02b_2019. Anaemia  - Deaths,rCzvys285kN,"0-4Yrs, Male"
851,HMIS108,HMIS 108 - IPD Monthly Report,EBqVAQRmiPm,heWK279wU8B,NC02B_2019,NC02b_2019. Anaemia  - Deaths,VZrxjCi8cQi,"0-4Yrs, Female"
852,HMIS108,HMIS 108 - IPD Monthly Report,EBqVAQRmiPm,heWK279wU8B,NC02B_2019,NC02b_2019. Anaemia  - Deaths,ZgnHXnu30cI,"5+Yrs, Male"
853,HMIS108,HMIS 108 - IPD Monthly Report,EBqVAQRmiPm,heWK279wU8B,NC02B_2019,NC02b_2019. Anaemia  - Deaths,fHgwVjoElmE,"5+Yrs, Female"
3482,HMIS108,HMIS 108 - IPD Monthly Report,EBqVAQRmiPm,QfUyv22js0T,NC03A,NC03a. Other Haematological - Cases,ZgnHXnu30cI,"5+Yrs, Male"
3480,HMIS108,HMIS 108 - IPD Monthly Report,EBqVAQRmiPm,QfUyv22js0T,NC03A,NC03a. Other Haematological - Cases,rCzvys285kN,"0-4Yrs, Male"
3481,HMIS108,HMIS 108 - IPD Monthly Report,EBqVAQRmiPm,QfUyv22js0T,NC03A,NC03a. Other Haematological - Cases,VZrxjCi8cQi,"0-4Yrs, Female"
3483,HMIS108,HMIS 108 - IPD Monthly Report,EBqVAQRmiPm,QfUyv22js0T,NC03A,NC03a. Other Haematological - Cases,fHgwVjoElmE,"5+Yrs, Female"
1765,HMIS108,HMIS 108 - IPD Monthly Report,EBqVAQRmiPm,zii7ZA2vBlv,NC03B,NC03b. Other Haematological - Deaths,ZgnHXnu30cI,"5+Yrs, Male"
1763,HMIS108,HMIS 108 - IPD Monthly Report,EBqVAQRmiPm,zii7ZA2vBlv,NC03B,NC03b. Other Haematological - Deaths,rCzvys285kN,"0-4Yrs, Male"
1764,HMIS108,HMIS 108 - IPD Monthly Report,EBqVAQRmiPm,zii7ZA2vBlv,NC03B,NC03b. Other Haematological - Deaths,VZrxjCi8cQi,"0-4Yrs, Female"
1766,HMIS108,HMIS 108 - IPD Monthly Report,EBqVAQRmiPm,zii7ZA2vBlv,NC03B,NC03b. Other Haematological - Deaths,fHgwVjoElmE,"5+Yrs, Female"
3549,HMIS108,HMIS 108 - IPD Monthly Report,EBqVAQRmiPm,oCFCgyXiN8Q,NC04a,NC04a. Deep Vein Thrombosis  - Cases,fHgwVjoElmE,"5+Yrs, Female"
3541,HMIS108,HMIS 108 - IPD Monthly Report,EBqVAQRmiPm,oCFCgyXiN8Q,NC04a,NC04a. Deep Vein Thrombosis  - Cases,h7RYzvDS7Kc,"New, 5+Yrs, Female"
3540,HMIS108,HMIS 108 - IPD Monthly Report,EBqVAQRmiPm,oCFCgyXiN8Q,NC04a,NC04a. Deep Vein Thrombosis  - Cases,eKedYQVxjWn,"New, 5+Yrs, Male"
3539,HMIS108,HMIS 108 - IPD Monthly Report,EBqVAQRmiPm,oCFCgyXiN8Q,NC04a,NC04a. Deep Vein Thrombosis  - Cases,raVzuvAVYrE,"New, 0-4Yrs, Female"
3538,HMIS108,HMIS 108 - IPD Monthly Report,EBqVAQRmiPm,oCFCgyXiN8Q,NC04a,NC04a. Deep Vein Thrombosis  - Cases,Ddg0cceghIM,"New, 0-4Yrs, Male"
3545,HMIS108,HMIS 108 - IPD Monthly Report,EBqVAQRmiPm,oCFCgyXiN8Q,NC04a,NC04a. Deep Vein Thrombosis  - Cases,hTVLtGKGXV5,"Known, 5+Yrs, Female"
3546,HMIS108,HMIS 108 - IPD Monthly Report,EBqVAQRmiPm,oCFCgyXiN8Q,NC04a,NC04a. Deep Vein Thrombosis  - Cases,rCzvys285kN,"0-4Yrs, Male"
3543,HMIS108,HMIS 108 - IPD Monthly Report,EBqVAQRmiPm,oCFCgyXiN8Q,NC04a,NC04a. Deep Vein Thrombosis  - Cases,QK1rNyJE2vo,"Known, 0-4Yrs, Female"
3544,HMIS108,HMIS 108 - IPD Monthly Report,EBqVAQRmiPm,oCFCgyXiN8Q,NC04a,NC04a. Deep Vein Thrombosis  - Cases,zShlA5MAVHQ,"Known, 5+Yrs, Male"
3542,HMIS108,HMIS 108 - IPD Monthly Report,EBqVAQRmiPm,oCFCgyXiN8Q,NC04a,NC04a. Deep Vein Thrombosis  - Cases,mTSF9OkOVvI,"Known, 0-4Yrs, Male"
3547,HMIS108,HMIS 108 - IPD Monthly Report,EBqVAQRmiPm,oCFCgyXiN8Q,NC04a,NC04a. Deep Vein Thrombosis  - Cases,VZrxjCi8cQi,"0-4Yrs, Female"
3548,HMIS108,HMIS 108 - IPD Monthly Report,EBqVAQRmiPm,oCFCgyXiN8Q,NC04a,NC04a. Deep Vein Thrombosis  - Cases,ZgnHXnu30cI,"5+Yrs, Male"
446,HMIS108,HMIS 108 - IPD Monthly Report,EBqVAQRmiPm,ihT00Ek6a40,NC04B,NC04b. Deep Vein Thrombosis  - Deaths,fHgwVjoElmE,"5+Yrs, Female"
445,HMIS108,HMIS 108 - IPD Monthly Report,EBqVAQRmiPm,ihT00Ek6a40,NC04B,NC04b. Deep Vein Thrombosis  - Deaths,ZgnHXnu30cI,"5+Yrs, Male"
444,HMIS108,HMIS 108 - IPD Monthly Report,EBqVAQRmiPm,ihT00Ek6a40,NC04B,NC04b. Deep Vein Thrombosis  - Deaths,VZrxjCi8cQi,"0-4Yrs, Female"
443,HMIS108,HMIS 108 - IPD Monthly Report,EBqVAQRmiPm,ihT00Ek6a40,NC04B,NC04b. Deep Vein Thrombosis  - Deaths,rCzvys285kN,"0-4Yrs, Male"
442,HMIS108,HMIS 108 - IPD Monthly Report,EBqVAQRmiPm,ihT00Ek6a40,NC04B,NC04b. Deep Vein Thrombosis  - Deaths,hTVLtGKGXV5,"Known, 5+Yrs, Female"
441,HMIS108,HMIS 108 - IPD Monthly Report,EBqVAQRmiPm,ihT00Ek6a40,NC04B,NC04b. Deep Vein Thrombosis  - Deaths,zShlA5MAVHQ,"Known, 5+Yrs, Male"
440,HMIS108,HMIS 108 - IPD Monthly Report,EBqVAQRmiPm,ihT00Ek6a40,NC04B,NC04b. Deep Vein Thrombosis  - Deaths,QK1rNyJE2vo,"Known, 0-4Yrs, Female"
439,HMIS108,HMIS 108 - IPD Monthly Report,EBqVAQRmiPm,ihT00Ek6a40,NC04B,NC04b. Deep Vein Thrombosis  - Deaths,mTSF9OkOVvI,"Known, 0-4Yrs, Male"
438,HMIS108,HMIS 108 - IPD Monthly Report,EBqVAQRmiPm,ihT00Ek6a40,NC04B,NC04b. Deep Vein Thrombosis  - Deaths,h7RYzvDS7Kc,"New, 5+Yrs, Female"
437,HMIS108,HMIS 108 - IPD Monthly Report,EBqVAQRmiPm,ihT00Ek6a40,NC04B,NC04b. Deep Vein Thrombosis  - Deaths,eKedYQVxjWn,"New, 5+Yrs, Male"
436,HMIS108,HMIS 108 - IPD Monthly Report,EBqVAQRmiPm,ihT00Ek6a40,NC04B,NC04b. Deep Vein Thrombosis  - Deaths,raVzuvAVYrE,"New, 0-4Yrs, Female"
435,HMIS108,HMIS 108 - IPD Monthly Report,EBqVAQRmiPm,ihT00Ek6a40,NC04B,NC04b. Deep Vein Thrombosis  - Deaths,Ddg0cceghIM,"New, 0-4Yrs, Male"
1494,HMIS108,HMIS 108 - IPD Monthly Report,EBqVAQRmiPm,mGC9ciByZZl,NC05A,NC05a. Lymphoma  - Cases,rCzvys285kN,"0-4Yrs, Male"
1497,HMIS108,HMIS 108 - IPD Monthly Report,EBqVAQRmiPm,mGC9ciByZZl,NC05A,NC05a. Lymphoma  - Cases,fHgwVjoElmE,"5+Yrs, Female"
1496,HMIS108,HMIS 108 - IPD Monthly Report,EBqVAQRmiPm,mGC9ciByZZl,NC05A,NC05a. Lymphoma  - Cases,ZgnHXnu30cI,"5+Yrs, Male"
1495,HMIS108,HMIS 108 - IPD Monthly Report,EBqVAQRmiPm,mGC9ciByZZl,NC05A,NC05a. Lymphoma  - Cases,VZrxjCi8cQi,"0-4Yrs, Female"
3832,HMIS108,HMIS 108 - IPD Monthly Report,EBqVAQRmiPm,QfhHUEnqqeT,NC05B,NC05b. Lymphoma  - Deaths,VZrxjCi8cQi,"0-4Yrs, Female"
3833,HMIS108,HMIS 108 - IPD Monthly Report,EBqVAQRmiPm,QfhHUEnqqeT,NC05B,NC05b. Lymphoma  - Deaths,ZgnHXnu30cI,"5+Yrs, Male"
3834,HMIS108,HMIS 108 - IPD Monthly Report,EBqVAQRmiPm,QfhHUEnqqeT,NC05B,NC05b. Lymphoma  - Deaths,fHgwVjoElmE,"5+Yrs, Female"
3831,HMIS108,HMIS 108 - IPD Monthly Report,EBqVAQRmiPm,QfhHUEnqqeT,NC05B,NC05b. Lymphoma  - Deaths,rCzvys285kN,"0-4Yrs, Male"
2939,HMIS108,HMIS 108 - IPD Monthly Report,EBqVAQRmiPm,vdbRl1Gidb2,NC06A,NC06a. Multiple Myeloma  - Cases,ZgnHXnu30cI,"5+Yrs, Male"
2937,HMIS108,HMIS 108 - IPD Monthly Report,EBqVAQRmiPm,vdbRl1Gidb2,NC06A,NC06a. Multiple Myeloma  - Cases,rCzvys285kN,"0-4Yrs, Male"
2938,HMIS108,HMIS 108 - IPD Monthly Report,EBqVAQRmiPm,vdbRl1Gidb2,NC06A,NC06a. Multiple Myeloma  - Cases,VZrxjCi8cQi,"0-4Yrs, Female"
2940,HMIS108,HMIS 108 - IPD Monthly Report,EBqVAQRmiPm,vdbRl1Gidb2,NC06A,NC06a. Multiple Myeloma  - Cases,fHgwVjoElmE,"5+Yrs, Female"
4279,HMIS108,HMIS 108 - IPD Monthly Report,EBqVAQRmiPm,AtqPLxuomkm,NC06B,NC06b. Multiple Myeloma  - Deaths,VZrxjCi8cQi,"0-4Yrs, Female"
4280,HMIS108,HMIS 108 - IPD Monthly Report,EBqVAQRmiPm,AtqPLxuomkm,NC06B,NC06b. Multiple Myeloma  - Deaths,ZgnHXnu30cI,"5+Yrs, Male"
4278,HMIS108,HMIS 108 - IPD Monthly Report,EBqVAQRmiPm,AtqPLxuomkm,NC06B,NC06b. Multiple Myeloma  - Deaths,rCzvys285kN,"0-4Yrs, Male"
4281,HMIS108,HMIS 108 - IPD Monthly Report,EBqVAQRmiPm,AtqPLxuomkm,NC06B,NC06b. Multiple Myeloma  - Deaths,fHgwVjoElmE,"5+Yrs, Female"
3032,HMIS108,HMIS 108 - IPD Monthly Report,EBqVAQRmiPm,EdXsyNmvIkk,NC07A,NC07a. Pain Requiring Palliative Care  - Cases,rCzvys285kN,"0-4Yrs, Male"
3034,HMIS108,HMIS 108 - IPD Monthly Report,EBqVAQRmiPm,EdXsyNmvIkk,NC07A,NC07a. Pain Requiring Palliative Care  - Cases,ZgnHXnu30cI,"5+Yrs, Male"
3033,HMIS108,HMIS 108 - IPD Monthly Report,EBqVAQRmiPm,EdXsyNmvIkk,NC07A,NC07a. Pain Requiring Palliative Care  - Cases,VZrxjCi8cQi,"0-4Yrs, Female"
3035,HMIS108,HMIS 108 - IPD Monthly Report,EBqVAQRmiPm,EdXsyNmvIkk,NC07A,NC07a. Pain Requiring Palliative Care  - Cases,fHgwVjoElmE,"5+Yrs, Female"
720,HMIS108,HMIS 108 - IPD Monthly Report,EBqVAQRmiPm,m9EIlnDCSTB,NC07B,NC07b. Pain Requiring Palliative Care  - Deaths,ZgnHXnu30cI,"5+Yrs, Male"
718,HMIS108,HMIS 108 - IPD Monthly Report,EBqVAQRmiPm,m9EIlnDCSTB,NC07B,NC07b. Pain Requiring Palliative Care  - Deaths,rCzvys285kN,"0-4Yrs, Male"
721,HMIS108,HMIS 108 - IPD Monthly Report,EBqVAQRmiPm,m9EIlnDCSTB,NC07B,NC07b. Pain Requiring Palliative Care  - Deaths,fHgwVjoElmE,"5+Yrs, Female"
719,HMIS108,HMIS 108 - IPD Monthly Report,EBqVAQRmiPm,m9EIlnDCSTB,NC07B,NC07b. Pain Requiring Palliative Care  - Deaths,VZrxjCi8cQi,"0-4Yrs, Female"
1572,HMIS108,HMIS 108 - IPD Monthly Report,EBqVAQRmiPm,phbDnO5BOTI,NC08A,NC08a. Liver cirrhosis related to alcohol  - Cases,fHgwVjoElmE,"5+Yrs, Female"
1570,HMIS108,HMIS 108 - IPD Monthly Report,EBqVAQRmiPm,phbDnO5BOTI,NC08A,NC08a. Liver cirrhosis related to alcohol  - Cases,VZrxjCi8cQi,"0-4Yrs, Female"
1571,HMIS108,HMIS 108 - IPD Monthly Report,EBqVAQRmiPm,phbDnO5BOTI,NC08A,NC08a. Liver cirrhosis related to alcohol  - Cases,ZgnHXnu30cI,"5+Yrs, Male"
1569,HMIS108,HMIS 108 - IPD Monthly Report,EBqVAQRmiPm,phbDnO5BOTI,NC08A,NC08a. Liver cirrhosis related to alcohol  - Cases,rCzvys285kN,"0-4Yrs, Male"
1321,HMIS108,HMIS 108 - IPD Monthly Report,EBqVAQRmiPm,ei5lYOjxZHE,NC08B,NC08b. Liver cirrhisis related to alcohol  - Deaths,ZgnHXnu30cI,"5+Yrs, Male"
1319,HMIS108,HMIS 108 - IPD Monthly Report,EBqVAQRmiPm,ei5lYOjxZHE,NC08B,NC08b. Liver cirrhisis related to alcohol  - Deaths,rCzvys285kN,"0-4Yrs, Male"
1320,HMIS108,HMIS 108 - IPD Monthly Report,EBqVAQRmiPm,ei5lYOjxZHE,NC08B,NC08b. Liver cirrhisis related to alcohol  - Deaths,VZrxjCi8cQi,"0-4Yrs, Female"
1322,HMIS108,HMIS 108 - IPD Monthly Report,EBqVAQRmiPm,ei5lYOjxZHE,NC08B,NC08b. Liver cirrhisis related to alcohol  - Deaths,fHgwVjoElmE,"5+Yrs, Female"
3733,HMIS108,HMIS 108 - IPD Monthly Report,EBqVAQRmiPm,VDGy92JtHYf,NC09A,NC09a. Liver cirrhosis related to other causes  - Cases,VZrxjCi8cQi,"0-4Yrs, Female"
3732,HMIS108,HMIS 108 - IPD Monthly Report,EBqVAQRmiPm,VDGy92JtHYf,NC09A,NC09a. Liver cirrhosis related to other causes  - Cases,rCzvys285kN,"0-4Yrs, Male"
3734,HMIS108,HMIS 108 - IPD Monthly Report,EBqVAQRmiPm,VDGy92JtHYf,NC09A,NC09a. Liver cirrhosis related to other causes  - Cases,ZgnHXnu30cI,"5+Yrs, Male"
3735,HMIS108,HMIS 108 - IPD Monthly Report,EBqVAQRmiPm,VDGy92JtHYf,NC09A,NC09a. Liver cirrhosis related to other causes  - Cases,fHgwVjoElmE,"5+Yrs, Female"
623,HMIS108,HMIS 108 - IPD Monthly Report,EBqVAQRmiPm,ovc2MZWZu6e,NC09B,NC09b. Liver cirrhosis related to other causes  - Deaths,rCzvys285kN,"0-4Yrs, Male"
625,HMIS108,HMIS 108 - IPD Monthly Report,EBqVAQRmiPm,ovc2MZWZu6e,NC09B,NC09b. Liver cirrhosis related to other causes  - Deaths,ZgnHXnu30cI,"5+Yrs, Male"
624,HMIS108,HMIS 108 - IPD Monthly Report,EBqVAQRmiPm,ovc2MZWZu6e,NC09B,NC09b. Liver cirrhosis related to other causes  - Deaths,VZrxjCi8cQi,"0-4Yrs, Female"
626,HMIS108,HMIS 108 - IPD Monthly Report,EBqVAQRmiPm,ovc2MZWZu6e,NC09B,NC09b. Liver cirrhosis related to other causes  - Deaths,fHgwVjoElmE,"5+Yrs, Female"
1615,HMIS108,HMIS 108 - IPD Monthly Report,EBqVAQRmiPm,lDqmErjSNwy,ND01A,ND01a. Neonatal Admissions(Total),q7cFI8zjhAp,"0-7 days"
1616,HMIS108,HMIS 108 - IPD Monthly Report,EBqVAQRmiPm,lDqmErjSNwy,ND01A,ND01a. Neonatal Admissions(Total),UGTbjOrSMsh,"8-28 days"
2986,HMIS108,HMIS 108 - IPD Monthly Report,EBqVAQRmiPm,Uy4JaNUAtmr,ND01A_2019,ND01a_2019. Neonatal Sepsis 0-7days  - Cases,rCzvys285kN,"0-4Yrs, Male"
2987,HMIS108,HMIS 108 - IPD Monthly Report,EBqVAQRmiPm,Uy4JaNUAtmr,ND01A_2019,ND01a_2019. Neonatal Sepsis 0-7days  - Cases,VZrxjCi8cQi,"0-4Yrs, Female"
2988,HMIS108,HMIS 108 - IPD Monthly Report,EBqVAQRmiPm,Uy4JaNUAtmr,ND01A_2019,ND01a_2019. Neonatal Sepsis 0-7days  - Cases,ZgnHXnu30cI,"5+Yrs, Male"
2989,HMIS108,HMIS 108 - IPD Monthly Report,EBqVAQRmiPm,Uy4JaNUAtmr,ND01A_2019,ND01a_2019. Neonatal Sepsis 0-7days  - Cases,fHgwVjoElmE,"5+Yrs, Female"
2130,HMIS108,HMIS 108 - IPD Monthly Report,EBqVAQRmiPm,DQdnYmcfOnt,ND01B,ND01b. Neonatal Admissions(<2.5kgs),UGTbjOrSMsh,"8-28 days"
2129,HMIS108,HMIS 108 - IPD Monthly Report,EBqVAQRmiPm,DQdnYmcfOnt,ND01B,ND01b. Neonatal Admissions(<2.5kgs),q7cFI8zjhAp,"0-7 days"
2255,HMIS108,HMIS 108 - IPD Monthly Report,EBqVAQRmiPm,EfTTIIPehJp,ND01B_2019,ND01b_2019. Neonatal Sepsis 0-7days  - Deaths,fHgwVjoElmE,"5+Yrs, Female"
2254,HMIS108,HMIS 108 - IPD Monthly Report,EBqVAQRmiPm,EfTTIIPehJp,ND01B_2019,ND01b_2019. Neonatal Sepsis 0-7days  - Deaths,ZgnHXnu30cI,"5+Yrs, Male"
2253,HMIS108,HMIS 108 - IPD Monthly Report,EBqVAQRmiPm,EfTTIIPehJp,ND01B_2019,ND01b_2019. Neonatal Sepsis 0-7days  - Deaths,VZrxjCi8cQi,"0-4Yrs, Female"
2252,HMIS108,HMIS 108 - IPD Monthly Report,EBqVAQRmiPm,EfTTIIPehJp,ND01B_2019,ND01b_2019. Neonatal Sepsis 0-7days  - Deaths,rCzvys285kN,"0-4Yrs, Male"
2208,HMIS108,HMIS 108 - IPD Monthly Report,EBqVAQRmiPm,KWrD4iHUAnP,ND02A_2019,ND02a_2019. Neonatal Sepsis 8-28days  - Cases,ZgnHXnu30cI,"5+Yrs, Male"
2209,HMIS108,HMIS 108 - IPD Monthly Report,EBqVAQRmiPm,KWrD4iHUAnP,ND02A_2019,ND02a_2019. Neonatal Sepsis 8-28days  - Cases,fHgwVjoElmE,"5+Yrs, Female"
2207,HMIS108,HMIS 108 - IPD Monthly Report,EBqVAQRmiPm,KWrD4iHUAnP,ND02A_2019,ND02a_2019. Neonatal Sepsis 8-28days  - Cases,VZrxjCi8cQi,"0-4Yrs, Female"
2206,HMIS108,HMIS 108 - IPD Monthly Report,EBqVAQRmiPm,KWrD4iHUAnP,ND02A_2019,ND02a_2019. Neonatal Sepsis 8-28days  - Cases,rCzvys285kN,"0-4Yrs, Male"
2163,HMIS108,HMIS 108 - IPD Monthly Report,EBqVAQRmiPm,edxUdwIZLTy,ND02A1,ND02a1. Birth Asphyxia (HIE) (Total) - Cases,UGTbjOrSMsh,"8-28 days"
2162,HMIS108,HMIS 108 - IPD Monthly Report,EBqVAQRmiPm,edxUdwIZLTy,ND02A1,ND02a1. Birth Asphyxia (HIE) (Total) - Cases,q7cFI8zjhAp,"0-7 days"
586,HMIS108,HMIS 108 - IPD Monthly Report,EBqVAQRmiPm,VrdRc2bufzi,ND02A2,ND02a2. Birth Asphyxia (HIE) (Total) - Deaths,UGTbjOrSMsh,"8-28 days"
585,HMIS108,HMIS 108 - IPD Monthly Report,EBqVAQRmiPm,VrdRc2bufzi,ND02A2,ND02a2. Birth Asphyxia (HIE) (Total) - Deaths,q7cFI8zjhAp,"0-7 days"
3525,HMIS108,HMIS 108 - IPD Monthly Report,EBqVAQRmiPm,qAEeRxAKj3V,ND02B_2019,ND02b_2019. Neonatal Sepsis 8-28days  - Deaths,VZrxjCi8cQi,"0-4Yrs, Female"
3526,HMIS108,HMIS 108 - IPD Monthly Report,EBqVAQRmiPm,qAEeRxAKj3V,ND02B_2019,ND02b_2019. Neonatal Sepsis 8-28days  - Deaths,ZgnHXnu30cI,"5+Yrs, Male"
3524,HMIS108,HMIS 108 - IPD Monthly Report,EBqVAQRmiPm,qAEeRxAKj3V,ND02B_2019,ND02b_2019. Neonatal Sepsis 8-28days  - Deaths,rCzvys285kN,"0-4Yrs, Male"
3527,HMIS108,HMIS 108 - IPD Monthly Report,EBqVAQRmiPm,qAEeRxAKj3V,ND02B_2019,ND02b_2019. Neonatal Sepsis 8-28days  - Deaths,fHgwVjoElmE,"5+Yrs, Female"
3133,HMIS108,HMIS 108 - IPD Monthly Report,EBqVAQRmiPm,qBYowPpvLjH,ND02B1,ND02b1. Birth Asphyxia (HIE) (<2.5kgs)- Cases,UGTbjOrSMsh,"8-28 days"
3132,HMIS108,HMIS 108 - IPD Monthly Report,EBqVAQRmiPm,qBYowPpvLjH,ND02B1,ND02b1. Birth Asphyxia (HIE) (<2.5kgs)- Cases,q7cFI8zjhAp,"0-7 days"
281,HMIS108,HMIS 108 - IPD Monthly Report,EBqVAQRmiPm,ENN55ASK3Kg,ND02B2,ND02b2. Birth Asphyxia (HIE) (<2.5kgs)- Deaths,UGTbjOrSMsh,"8-28 days"
280,HMIS108,HMIS 108 - IPD Monthly Report,EBqVAQRmiPm,ENN55ASK3Kg,ND02B2,ND02b2. Birth Asphyxia (HIE) (<2.5kgs)- Deaths,q7cFI8zjhAp,"0-7 days"
1356,HMIS108,HMIS 108 - IPD Monthly Report,EBqVAQRmiPm,svcsVtSEczN,ND03A_2019,ND03a_2019. Neonatal Pneumonia  - Cases,ZgnHXnu30cI,"5+Yrs, Male"
1357,HMIS108,HMIS 108 - IPD Monthly Report,EBqVAQRmiPm,svcsVtSEczN,ND03A_2019,ND03a_2019. Neonatal Pneumonia  - Cases,fHgwVjoElmE,"5+Yrs, Female"
1354,HMIS108,HMIS 108 - IPD Monthly Report,EBqVAQRmiPm,svcsVtSEczN,ND03A_2019,ND03a_2019. Neonatal Pneumonia  - Cases,rCzvys285kN,"0-4Yrs, Male"
1355,HMIS108,HMIS 108 - IPD Monthly Report,EBqVAQRmiPm,svcsVtSEczN,ND03A_2019,ND03a_2019. Neonatal Pneumonia  - Cases,VZrxjCi8cQi,"0-4Yrs, Female"
3170,HMIS108,HMIS 108 - IPD Monthly Report,EBqVAQRmiPm,ygMuVIQj7sa,ND03A1,ND03a1. Neonatal Jaundice(Total) - Cases,q7cFI8zjhAp,"0-7 days"
3171,HMIS108,HMIS 108 - IPD Monthly Report,EBqVAQRmiPm,ygMuVIQj7sa,ND03A1,ND03a1. Neonatal Jaundice(Total) - Cases,UGTbjOrSMsh,"8-28 days"
316,HMIS108,HMIS 108 - IPD Monthly Report,EBqVAQRmiPm,OKoTaba5aHk,ND03A2,ND03a2. Neonatal Jaundice(Total) - Deaths,q7cFI8zjhAp,"0-7 days"
317,HMIS108,HMIS 108 - IPD Monthly Report,EBqVAQRmiPm,OKoTaba5aHk,ND03A2,ND03a2. Neonatal Jaundice(Total) - Deaths,UGTbjOrSMsh,"8-28 days"
102,HMIS108,HMIS 108 - IPD Monthly Report,EBqVAQRmiPm,sMuHFQUWXu4,ND03B_2019,ND03b_2019. Neonatal Pneumonia  - Deaths,fHgwVjoElmE,"5+Yrs, Female"
99,HMIS108,HMIS 108 - IPD Monthly Report,EBqVAQRmiPm,sMuHFQUWXu4,ND03B_2019,ND03b_2019. Neonatal Pneumonia  - Deaths,rCzvys285kN,"0-4Yrs, Male"
101,HMIS108,HMIS 108 - IPD Monthly Report,EBqVAQRmiPm,sMuHFQUWXu4,ND03B_2019,ND03b_2019. Neonatal Pneumonia  - Deaths,ZgnHXnu30cI,"5+Yrs, Male"
100,HMIS108,HMIS 108 - IPD Monthly Report,EBqVAQRmiPm,sMuHFQUWXu4,ND03B_2019,ND03b_2019. Neonatal Pneumonia  - Deaths,VZrxjCi8cQi,"0-4Yrs, Female"
638,HMIS108,HMIS 108 - IPD Monthly Report,EBqVAQRmiPm,jfmbEbkEoxx,ND03B1,ND03b1. Neonatal Jaundice (<2.5kgs)- Cases,q7cFI8zjhAp,"0-7 days"
639,HMIS108,HMIS 108 - IPD Monthly Report,EBqVAQRmiPm,jfmbEbkEoxx,ND03B1,ND03b1. Neonatal Jaundice (<2.5kgs)- Cases,UGTbjOrSMsh,"8-28 days"
3550,HMIS108,HMIS 108 - IPD Monthly Report,EBqVAQRmiPm,cEHMW5ELyXd,ND03B2,ND03b2. Neonatal Jaundice (<2.5kgs)- Deaths,q7cFI8zjhAp,"0-7 days"
3551,HMIS108,HMIS 108 - IPD Monthly Report,EBqVAQRmiPm,cEHMW5ELyXd,ND03B2,ND03b2. Neonatal Jaundice (<2.5kgs)- Deaths,UGTbjOrSMsh,"8-28 days"
3227,HMIS108,HMIS 108 - IPD Monthly Report,EBqVAQRmiPm,w4IoG3gTox9,ND04A_2019,ND04a_2019. Neonatal Meningitis  - Cases,rCzvys285kN,"0-4Yrs, Male"
3229,HMIS108,HMIS 108 - IPD Monthly Report,EBqVAQRmiPm,w4IoG3gTox9,ND04A_2019,ND04a_2019. Neonatal Meningitis  - Cases,ZgnHXnu30cI,"5+Yrs, Male"
3230,HMIS108,HMIS 108 - IPD Monthly Report,EBqVAQRmiPm,w4IoG3gTox9,ND04A_2019,ND04a_2019. Neonatal Meningitis  - Cases,fHgwVjoElmE,"5+Yrs, Female"
3228,HMIS108,HMIS 108 - IPD Monthly Report,EBqVAQRmiPm,w4IoG3gTox9,ND04A_2019,ND04a_2019. Neonatal Meningitis  - Cases,VZrxjCi8cQi,"0-4Yrs, Female"
1678,HMIS108,HMIS 108 - IPD Monthly Report,EBqVAQRmiPm,ffBFGlRya0n,ND04A1,ND04a1. Neonatal Meningitis(Total) - Cases,q7cFI8zjhAp,"0-7 days"
1679,HMIS108,HMIS 108 - IPD Monthly Report,EBqVAQRmiPm,ffBFGlRya0n,ND04A1,ND04a1. Neonatal Meningitis(Total) - Cases,UGTbjOrSMsh,"8-28 days"
4109,HMIS108,HMIS 108 - IPD Monthly Report,EBqVAQRmiPm,vdGRzAaIR6Q,ND04A2,ND04a2. Neonatal Meningitis(Total) - Deaths,UGTbjOrSMsh,"8-28 days"
4108,HMIS108,HMIS 108 - IPD Monthly Report,EBqVAQRmiPm,vdGRzAaIR6Q,ND04A2,ND04a2. Neonatal Meningitis(Total) - Deaths,q7cFI8zjhAp,"0-7 days"
2240,HMIS108,HMIS 108 - IPD Monthly Report,EBqVAQRmiPm,NiTWwBINRfZ,ND04B_2019,ND04b_2019. Neonatal Meningitis  - Deaths,ZgnHXnu30cI,"5+Yrs, Male"
2239,HMIS108,HMIS 108 - IPD Monthly Report,EBqVAQRmiPm,NiTWwBINRfZ,ND04B_2019,ND04b_2019. Neonatal Meningitis  - Deaths,VZrxjCi8cQi,"0-4Yrs, Female"
2238,HMIS108,HMIS 108 - IPD Monthly Report,EBqVAQRmiPm,NiTWwBINRfZ,ND04B_2019,ND04b_2019. Neonatal Meningitis  - Deaths,rCzvys285kN,"0-4Yrs, Male"
2241,HMIS108,HMIS 108 - IPD Monthly Report,EBqVAQRmiPm,NiTWwBINRfZ,ND04B_2019,ND04b_2019. Neonatal Meningitis  - Deaths,fHgwVjoElmE,"5+Yrs, Female"
3258,HMIS108,HMIS 108 - IPD Monthly Report,EBqVAQRmiPm,hhIhmeRkGnf,ND04B1,ND04b1. Neonatal Meningitis(<2.5kgs) - Cases,UGTbjOrSMsh,"8-28 days"
3257,HMIS108,HMIS 108 - IPD Monthly Report,EBqVAQRmiPm,hhIhmeRkGnf,ND04B1,ND04b1. Neonatal Meningitis(<2.5kgs) - Cases,q7cFI8zjhAp,"0-7 days"
834,HMIS108,HMIS 108 - IPD Monthly Report,EBqVAQRmiPm,fIaMy9BfYIr,ND04B2,ND04b2. Neonatal Meningitis(<2.5kgs) - Deaths,q7cFI8zjhAp,"0-7 days"
835,HMIS108,HMIS 108 - IPD Monthly Report,EBqVAQRmiPm,fIaMy9BfYIr,ND04B2,ND04b2. Neonatal Meningitis(<2.5kgs) - Deaths,UGTbjOrSMsh,"8-28 days"
4185,HMIS108,HMIS 108 - IPD Monthly Report,EBqVAQRmiPm,m2IVzRQsBTg,ND05A_2019,ND05a_2019. Neonatal Jaundice  - Cases,fHgwVjoElmE,"5+Yrs, Female"
4182,HMIS108,HMIS 108 - IPD Monthly Report,EBqVAQRmiPm,m2IVzRQsBTg,ND05A_2019,ND05a_2019. Neonatal Jaundice  - Cases,rCzvys285kN,"0-4Yrs, Male"
4183,HMIS108,HMIS 108 - IPD Monthly Report,EBqVAQRmiPm,m2IVzRQsBTg,ND05A_2019,ND05a_2019. Neonatal Jaundice  - Cases,VZrxjCi8cQi,"0-4Yrs, Female"
4184,HMIS108,HMIS 108 - IPD Monthly Report,EBqVAQRmiPm,m2IVzRQsBTg,ND05A_2019,ND05a_2019. Neonatal Jaundice  - Cases,ZgnHXnu30cI,"5+Yrs, Male"
3123,HMIS108,HMIS 108 - IPD Monthly Report,EBqVAQRmiPm,EUab6vIaeg1,ND05A1,ND05a1. Neonatal Sepsis(Total) - Cases,UGTbjOrSMsh,"8-28 days"
3122,HMIS108,HMIS 108 - IPD Monthly Report,EBqVAQRmiPm,EUab6vIaeg1,ND05A1,ND05a1. Neonatal Sepsis(Total) - Cases,q7cFI8zjhAp,"0-7 days"
3371,HMIS108,HMIS 108 - IPD Monthly Report,EBqVAQRmiPm,Pj6hUQdwJpS,ND05A2,ND05a2. Neonatal Sepsis(Total)- Deaths,UGTbjOrSMsh,"8-28 days"
3370,HMIS108,HMIS 108 - IPD Monthly Report,EBqVAQRmiPm,Pj6hUQdwJpS,ND05A2,ND05a2. Neonatal Sepsis(Total)- Deaths,q7cFI8zjhAp,"0-7 days"
431,HMIS108,HMIS 108 - IPD Monthly Report,EBqVAQRmiPm,yAYDE41DniJ,ND05B_2019,ND05b_2019. Neonatal Jaundice  - Deaths,rCzvys285kN,"0-4Yrs, Male"
434,HMIS108,HMIS 108 - IPD Monthly Report,EBqVAQRmiPm,yAYDE41DniJ,ND05B_2019,ND05b_2019. Neonatal Jaundice  - Deaths,fHgwVjoElmE,"5+Yrs, Female"
433,HMIS108,HMIS 108 - IPD Monthly Report,EBqVAQRmiPm,yAYDE41DniJ,ND05B_2019,ND05b_2019. Neonatal Jaundice  - Deaths,ZgnHXnu30cI,"5+Yrs, Male"
432,HMIS108,HMIS 108 - IPD Monthly Report,EBqVAQRmiPm,yAYDE41DniJ,ND05B_2019,ND05b_2019. Neonatal Jaundice  - Deaths,VZrxjCi8cQi,"0-4Yrs, Female"
1578,HMIS108,HMIS 108 - IPD Monthly Report,EBqVAQRmiPm,r1LR0la7yPq,ND05B1,ND05b1. Neonatal Sepsis(<2.5kgs) - Cases,UGTbjOrSMsh,"8-28 days"
1577,HMIS108,HMIS 108 - IPD Monthly Report,EBqVAQRmiPm,r1LR0la7yPq,ND05B1,ND05b1. Neonatal Sepsis(<2.5kgs) - Cases,q7cFI8zjhAp,"0-7 days"
592,HMIS108,HMIS 108 - IPD Monthly Report,EBqVAQRmiPm,f9N0OUZiPqv,ND05B2,ND05b2. Neonatal Sepsis(<2.5kgs) - Deaths,UGTbjOrSMsh,"8-28 days"
591,HMIS108,HMIS 108 - IPD Monthly Report,EBqVAQRmiPm,f9N0OUZiPqv,ND05B2,ND05b2. Neonatal Sepsis(<2.5kgs) - Deaths,q7cFI8zjhAp,"0-7 days"
3342,HMIS108,HMIS 108 - IPD Monthly Report,EBqVAQRmiPm,Zpl0xOpVCUa,ND06A_2019,ND06a_2019. Premature baby (as condition that requires mgt)  - Cases,ZgnHXnu30cI,"5+Yrs, Male"
3343,HMIS108,HMIS 108 - IPD Monthly Report,EBqVAQRmiPm,Zpl0xOpVCUa,ND06A_2019,ND06a_2019. Premature baby (as condition that requires mgt)  - Cases,fHgwVjoElmE,"5+Yrs, Female"
3340,HMIS108,HMIS 108 - IPD Monthly Report,EBqVAQRmiPm,Zpl0xOpVCUa,ND06A_2019,ND06a_2019. Premature baby (as condition that requires mgt)  - Cases,rCzvys285kN,"0-4Yrs, Male"
3341,HMIS108,HMIS 108 - IPD Monthly Report,EBqVAQRmiPm,Zpl0xOpVCUa,ND06A_2019,ND06a_2019. Premature baby (as condition that requires mgt)  - Cases,VZrxjCi8cQi,"0-4Yrs, Female"
3484,HMIS108,HMIS 108 - IPD Monthly Report,EBqVAQRmiPm,BHeeZ6Mf0SB,ND06A1,ND06a1. Neonatal Pneumonia(Total) - Cases,q7cFI8zjhAp,"0-7 days"
3485,HMIS108,HMIS 108 - IPD Monthly Report,EBqVAQRmiPm,BHeeZ6Mf0SB,ND06A1,ND06a1. Neonatal Pneumonia(Total) - Cases,UGTbjOrSMsh,"8-28 days"
3372,HMIS108,HMIS 108 - IPD Monthly Report,EBqVAQRmiPm,qcOBX76SchU,ND06A2,ND06a2. Neonatal Pneumonia(Total) - Deaths,q7cFI8zjhAp,"0-7 days"
3373,HMIS108,HMIS 108 - IPD Monthly Report,EBqVAQRmiPm,qcOBX76SchU,ND06A2,ND06a2. Neonatal Pneumonia(Total) - Deaths,UGTbjOrSMsh,"8-28 days"
2514,HMIS108,HMIS 108 - IPD Monthly Report,EBqVAQRmiPm,OmAzsGFWoMA,ND06B_2019,ND06b_2019. Premature baby (as condition that requires mgt)  - Deaths,VZrxjCi8cQi,"0-4Yrs, Female"
2513,HMIS108,HMIS 108 - IPD Monthly Report,EBqVAQRmiPm,OmAzsGFWoMA,ND06B_2019,ND06b_2019. Premature baby (as condition that requires mgt)  - Deaths,rCzvys285kN,"0-4Yrs, Male"
2515,HMIS108,HMIS 108 - IPD Monthly Report,EBqVAQRmiPm,OmAzsGFWoMA,ND06B_2019,ND06b_2019. Premature baby (as condition that requires mgt)  - Deaths,ZgnHXnu30cI,"5+Yrs, Male"
2516,HMIS108,HMIS 108 - IPD Monthly Report,EBqVAQRmiPm,OmAzsGFWoMA,ND06B_2019,ND06b_2019. Premature baby (as condition that requires mgt)  - Deaths,fHgwVjoElmE,"5+Yrs, Female"
1011,HMIS108,HMIS 108 - IPD Monthly Report,EBqVAQRmiPm,TdK95Z8L8Us,ND06B1,ND06b1. Neonatal Pneumonia(<2.5kgs)- Cases,UGTbjOrSMsh,"8-28 days"
1010,HMIS108,HMIS 108 - IPD Monthly Report,EBqVAQRmiPm,TdK95Z8L8Us,ND06B1,ND06b1. Neonatal Pneumonia(<2.5kgs)- Cases,q7cFI8zjhAp,"0-7 days"
335,HMIS108,HMIS 108 - IPD Monthly Report,EBqVAQRmiPm,BCKu9yj32cc,ND06B2,ND06b2. Neonatal Pneumonia(<2.5kgs) - Deaths,UGTbjOrSMsh,"8-28 days"
334,HMIS108,HMIS 108 - IPD Monthly Report,EBqVAQRmiPm,BCKu9yj32cc,ND06B2,ND06b2. Neonatal Pneumonia(<2.5kgs) - Deaths,q7cFI8zjhAp,"0-7 days"
53,HMIS108,HMIS 108 - IPD Monthly Report,EBqVAQRmiPm,IJmubXIxBqN,ND07A_2019,ND07a_2019. Other Neonatal Conditions  - Cases,VZrxjCi8cQi,"0-4Yrs, Female"
52,HMIS108,HMIS 108 - IPD Monthly Report,EBqVAQRmiPm,IJmubXIxBqN,ND07A_2019,ND07a_2019. Other Neonatal Conditions  - Cases,rCzvys285kN,"0-4Yrs, Male"
55,HMIS108,HMIS 108 - IPD Monthly Report,EBqVAQRmiPm,IJmubXIxBqN,ND07A_2019,ND07a_2019. Other Neonatal Conditions  - Cases,fHgwVjoElmE,"5+Yrs, Female"
54,HMIS108,HMIS 108 - IPD Monthly Report,EBqVAQRmiPm,IJmubXIxBqN,ND07A_2019,ND07a_2019. Other Neonatal Conditions  - Cases,ZgnHXnu30cI,"5+Yrs, Male"
1873,HMIS108,HMIS 108 - IPD Monthly Report,EBqVAQRmiPm,eauxMyf8nAy,ND07A1,ND07a1. Other Neonatal conditions(Total) - Cases,q7cFI8zjhAp,"0-7 days"
1874,HMIS108,HMIS 108 - IPD Monthly Report,EBqVAQRmiPm,eauxMyf8nAy,ND07A1,ND07a1. Other Neonatal conditions(Total) - Cases,UGTbjOrSMsh,"8-28 days"
1012,HMIS108,HMIS 108 - IPD Monthly Report,EBqVAQRmiPm,pqB94cPNswT,ND07A2,ND07a2. Other Neonatal conditions(Total) - Deaths,q7cFI8zjhAp,"0-7 days"
1013,HMIS108,HMIS 108 - IPD Monthly Report,EBqVAQRmiPm,pqB94cPNswT,ND07A2,ND07a2. Other Neonatal conditions(Total) - Deaths,UGTbjOrSMsh,"8-28 days"
583,HMIS108,HMIS 108 - IPD Monthly Report,EBqVAQRmiPm,ZlmtbTF2ASR,ND07B_2019,ND07b_2019. Other Neonatal Conditions  - Deaths,ZgnHXnu30cI,"5+Yrs, Male"
584,HMIS108,HMIS 108 - IPD Monthly Report,EBqVAQRmiPm,ZlmtbTF2ASR,ND07B_2019,ND07b_2019. Other Neonatal Conditions  - Deaths,fHgwVjoElmE,"5+Yrs, Female"
581,HMIS108,HMIS 108 - IPD Monthly Report,EBqVAQRmiPm,ZlmtbTF2ASR,ND07B_2019,ND07b_2019. Other Neonatal Conditions  - Deaths,rCzvys285kN,"0-4Yrs, Male"
582,HMIS108,HMIS 108 - IPD Monthly Report,EBqVAQRmiPm,ZlmtbTF2ASR,ND07B_2019,ND07b_2019. Other Neonatal Conditions  - Deaths,VZrxjCi8cQi,"0-4Yrs, Female"
393,HMIS108,HMIS 108 - IPD Monthly Report,EBqVAQRmiPm,dvybLjgBVOs,ND07B1,ND07b1. Other Neonatal conditions(<2.5kgs)- Cases,q7cFI8zjhAp,"0-7 days"
394,HMIS108,HMIS 108 - IPD Monthly Report,EBqVAQRmiPm,dvybLjgBVOs,ND07B1,ND07b1. Other Neonatal conditions(<2.5kgs)- Cases,UGTbjOrSMsh,"8-28 days"
2131,HMIS108,HMIS 108 - IPD Monthly Report,EBqVAQRmiPm,uzGmiNswkny,ND07B2,ND07b2. Other Neonatal conditions(<2.5kgs) - Deaths,q7cFI8zjhAp,"0-7 days"
2132,HMIS108,HMIS 108 - IPD Monthly Report,EBqVAQRmiPm,uzGmiNswkny,ND07B2,ND07b2. Other Neonatal conditions(<2.5kgs) - Deaths,UGTbjOrSMsh,"8-28 days"
3322,HMIS108,HMIS 108 - IPD Monthly Report,EBqVAQRmiPm,T6RBb1AxiY5,ND08A1,ND08a1. Premature baby (as condition that requires Mgt)(Total) - Cases,q7cFI8zjhAp,"0-7 days"
3323,HMIS108,HMIS 108 - IPD Monthly Report,EBqVAQRmiPm,T6RBb1AxiY5,ND08A1,ND08a1. Premature baby (as condition that requires Mgt)(Total) - Cases,UGTbjOrSMsh,"8-28 days"
758,HMIS108,HMIS 108 - IPD Monthly Report,EBqVAQRmiPm,BtCpvBuxPGW,ND08A2,ND08a2. Premature baby (as condition that requires Mgt)(Total) - Deaths,q7cFI8zjhAp,"0-7 days"
759,HMIS108,HMIS 108 - IPD Monthly Report,EBqVAQRmiPm,BtCpvBuxPGW,ND08A2,ND08a2. Premature baby (as condition that requires Mgt)(Total) - Deaths,UGTbjOrSMsh,"8-28 days"
1698,HMIS108,HMIS 108 - IPD Monthly Report,EBqVAQRmiPm,q2icKHpCjtU,ND08B1,ND08b1. Premature baby (as condition that requires Mgt)(<2.5kgs) - Cases,UGTbjOrSMsh,"8-28 days"
1697,HMIS108,HMIS 108 - IPD Monthly Report,EBqVAQRmiPm,q2icKHpCjtU,ND08B1,ND08b1. Premature baby (as condition that requires Mgt)(<2.5kgs) - Cases,q7cFI8zjhAp,"0-7 days"
173,HMIS108,HMIS 108 - IPD Monthly Report,EBqVAQRmiPm,zHbNyYRr4Ok,ND08B2,ND08b2. Premature baby (as condition that requires Mgt)(<2.5kgs) - Deaths,q7cFI8zjhAp,"0-7 days"
174,HMIS108,HMIS 108 - IPD Monthly Report,EBqVAQRmiPm,zHbNyYRr4Ok,ND08B2,ND08b2. Premature baby (as condition that requires Mgt)(<2.5kgs) - Deaths,UGTbjOrSMsh,"8-28 days"
1805,HMIS108,HMIS 108 - IPD Monthly Report,EBqVAQRmiPm,SSz8tPnaP5p,ND09A1,ND09a1. Congenital anomalies (Club foot) (Total) - Cases,q7cFI8zjhAp,"0-7 days"
1806,HMIS108,HMIS 108 - IPD Monthly Report,EBqVAQRmiPm,SSz8tPnaP5p,ND09A1,ND09a1. Congenital anomalies (Club foot) (Total) - Cases,UGTbjOrSMsh,"8-28 days"
3491,HMIS108,HMIS 108 - IPD Monthly Report,EBqVAQRmiPm,WFhe7rxwqWE,ND09A2,ND09a2. Congenital anomalies (Club foot) (Total) - Deaths,UGTbjOrSMsh,"8-28 days"
3490,HMIS108,HMIS 108 - IPD Monthly Report,EBqVAQRmiPm,WFhe7rxwqWE,ND09A2,ND09a2. Congenital anomalies (Club foot) (Total) - Deaths,q7cFI8zjhAp,"0-7 days"
497,HMIS108,HMIS 108 - IPD Monthly Report,EBqVAQRmiPm,RkhwAIeNXGh,ND09B1,ND09b1. Congenital anomalies (Club foot) (<2.5kgs) - Cases,q7cFI8zjhAp,"0-7 days"
498,HMIS108,HMIS 108 - IPD Monthly Report,EBqVAQRmiPm,RkhwAIeNXGh,ND09B1,ND09b1. Congenital anomalies (Club foot) (<2.5kgs) - Cases,UGTbjOrSMsh,"8-28 days"
2294,HMIS108,HMIS 108 - IPD Monthly Report,EBqVAQRmiPm,YsQ07TQ4xKd,ND09B2,ND09b2. Congenital anomalies (Club foot) (<2.5kgs) - Deaths,q7cFI8zjhAp,"0-7 days"
2295,HMIS108,HMIS 108 - IPD Monthly Report,EBqVAQRmiPm,YsQ07TQ4xKd,ND09B2,ND09b2. Congenital anomalies (Club foot) (<2.5kgs) - Deaths,UGTbjOrSMsh,"8-28 days"
413,HMIS108,HMIS 108 - IPD Monthly Report,EBqVAQRmiPm,DyjdpW0NZAi,ND10A1,ND10a1. Other Congenital anomalies(Total) - Cases,UGTbjOrSMsh,"8-28 days"
412,HMIS108,HMIS 108 - IPD Monthly Report,EBqVAQRmiPm,DyjdpW0NZAi,ND10A1,ND10a1. Other Congenital anomalies(Total) - Cases,q7cFI8zjhAp,"0-7 days"
3736,HMIS108,HMIS 108 - IPD Monthly Report,EBqVAQRmiPm,r88aHyDdGzG,ND10A2,ND10a2. Other Congenital anomalies(Total) - Deaths,q7cFI8zjhAp,"0-7 days"
3737,HMIS108,HMIS 108 - IPD Monthly Report,EBqVAQRmiPm,r88aHyDdGzG,ND10A2,ND10a2. Other Congenital anomalies(Total) - Deaths,UGTbjOrSMsh,"8-28 days"
2832,HMIS108,HMIS 108 - IPD Monthly Report,EBqVAQRmiPm,FrYhWkEihGx,ND10B1,ND10b1. Other Congenital anomalies(<2.5kgs) - Cases,q7cFI8zjhAp,"0-7 days"
2833,HMIS108,HMIS 108 - IPD Monthly Report,EBqVAQRmiPm,FrYhWkEihGx,ND10B1,ND10b1. Other Congenital anomalies(<2.5kgs) - Cases,UGTbjOrSMsh,"8-28 days"
737,HMIS108,HMIS 108 - IPD Monthly Report,EBqVAQRmiPm,LdDbRqrKiNf,ND10B2,ND10b2. Other Congenital anomalies(<2.5kgs) - Deaths,UGTbjOrSMsh,"8-28 days"
736,HMIS108,HMIS 108 - IPD Monthly Report,EBqVAQRmiPm,LdDbRqrKiNf,ND10B2,ND10b2. Other Congenital anomalies(<2.5kgs) - Deaths,q7cFI8zjhAp,"0-7 days"
1655,HMIS108,HMIS 108 - IPD Monthly Report,EBqVAQRmiPm,Nsh7bm92BtF,ND11A1,ND11a1. Source of Warmth - KMC(Total),UGTbjOrSMsh,"8-28 days"
1654,HMIS108,HMIS 108 - IPD Monthly Report,EBqVAQRmiPm,Nsh7bm92BtF,ND11A1,ND11a1. Source of Warmth - KMC(Total),q7cFI8zjhAp,"0-7 days"
3350,HMIS108,HMIS 108 - IPD Monthly Report,EBqVAQRmiPm,iAO5o2Kaymt,ND11A2,ND11a2. Source of Warmth - KMC(<2.5kgs),UGTbjOrSMsh,"8-28 days"
3349,HMIS108,HMIS 108 - IPD Monthly Report,EBqVAQRmiPm,iAO5o2Kaymt,ND11A2,ND11a2. Source of Warmth - KMC(<2.5kgs),q7cFI8zjhAp,"0-7 days"
1410,HMIS108,HMIS 108 - IPD Monthly Report,EBqVAQRmiPm,enNgc58gwiM,ND11B1,ND11b1. Source of Warmth - Incubator/Radiant warmer(Total),UGTbjOrSMsh,"8-28 days"
1409,HMIS108,HMIS 108 - IPD Monthly Report,EBqVAQRmiPm,enNgc58gwiM,ND11B1,ND11b1. Source of Warmth - Incubator/Radiant warmer(Total),q7cFI8zjhAp,"0-7 days"
1387,HMIS108,HMIS 108 - IPD Monthly Report,EBqVAQRmiPm,rVd1oH5jN86,ND11B2,ND11b2. Source of Warmth - Incubator/Radiant warmer(<2.5kgs),q7cFI8zjhAp,"0-7 days"
1388,HMIS108,HMIS 108 - IPD Monthly Report,EBqVAQRmiPm,rVd1oH5jN86,ND11B2,ND11b2. Source of Warmth - Incubator/Radiant warmer(<2.5kgs),UGTbjOrSMsh,"8-28 days"
2110,HMIS108,HMIS 108 - IPD Monthly Report,EBqVAQRmiPm,aJI7aoGUzpF,ND12A,ND12a. Respiratory Support (CPAP)(Total),q7cFI8zjhAp,"0-7 days"
2111,HMIS108,HMIS 108 - IPD Monthly Report,EBqVAQRmiPm,aJI7aoGUzpF,ND12A,ND12a. Respiratory Support (CPAP)(Total),UGTbjOrSMsh,"8-28 days"
279,HMIS108,HMIS 108 - IPD Monthly Report,EBqVAQRmiPm,AOihKRVlIC6,ND12B,ND12b. Respiratory Support (CPAP)(<2.5kgs),UGTbjOrSMsh,"8-28 days"
278,HMIS108,HMIS 108 - IPD Monthly Report,EBqVAQRmiPm,AOihKRVlIC6,ND12B,ND12b. Respiratory Support (CPAP)(<2.5kgs),q7cFI8zjhAp,"0-7 days"
1324,HMIS108,HMIS 108 - IPD Monthly Report,EBqVAQRmiPm,jSC9Uwyvrc3,NR01A,NR01a. Headache  - Cases,VZrxjCi8cQi,"0-4Yrs, Female"
1325,HMIS108,HMIS 108 - IPD Monthly Report,EBqVAQRmiPm,jSC9Uwyvrc3,NR01A,NR01a. Headache  - Cases,ZgnHXnu30cI,"5+Yrs, Male"
1326,HMIS108,HMIS 108 - IPD Monthly Report,EBqVAQRmiPm,jSC9Uwyvrc3,NR01A,NR01a. Headache  - Cases,fHgwVjoElmE,"5+Yrs, Female"
1323,HMIS108,HMIS 108 - IPD Monthly Report,EBqVAQRmiPm,jSC9Uwyvrc3,NR01A,NR01a. Headache  - Cases,rCzvys285kN,"0-4Yrs, Male"
485,HMIS108,HMIS 108 - IPD Monthly Report,EBqVAQRmiPm,WLkbsi704oA,NR01B,NR01b. Headache  - Deaths,ZgnHXnu30cI,"5+Yrs, Male"
484,HMIS108,HMIS 108 - IPD Monthly Report,EBqVAQRmiPm,WLkbsi704oA,NR01B,NR01b. Headache  - Deaths,VZrxjCi8cQi,"0-4Yrs, Female"
483,HMIS108,HMIS 108 - IPD Monthly Report,EBqVAQRmiPm,WLkbsi704oA,NR01B,NR01b. Headache  - Deaths,rCzvys285kN,"0-4Yrs, Male"
486,HMIS108,HMIS 108 - IPD Monthly Report,EBqVAQRmiPm,WLkbsi704oA,NR01B,NR01b. Headache  - Deaths,fHgwVjoElmE,"5+Yrs, Female"
82,HMIS108,HMIS 108 - IPD Monthly Report,EBqVAQRmiPm,ZIlLc6OJZue,NR02A,NR02a. Epilepsy  - Cases,rCzvys285kN,"0-4Yrs, Male"
85,HMIS108,HMIS 108 - IPD Monthly Report,EBqVAQRmiPm,ZIlLc6OJZue,NR02A,NR02a. Epilepsy  - Cases,fHgwVjoElmE,"5+Yrs, Female"
84,HMIS108,HMIS 108 - IPD Monthly Report,EBqVAQRmiPm,ZIlLc6OJZue,NR02A,NR02a. Epilepsy  - Cases,ZgnHXnu30cI,"5+Yrs, Male"
83,HMIS108,HMIS 108 - IPD Monthly Report,EBqVAQRmiPm,ZIlLc6OJZue,NR02A,NR02a. Epilepsy  - Cases,VZrxjCi8cQi,"0-4Yrs, Female"
2555,HMIS108,HMIS 108 - IPD Monthly Report,EBqVAQRmiPm,fPUsA7yOen4,NR02B,NR02b. Epilepsy  - Deaths,fHgwVjoElmE,"5+Yrs, Female"
2554,HMIS108,HMIS 108 - IPD Monthly Report,EBqVAQRmiPm,fPUsA7yOen4,NR02B,NR02b. Epilepsy  - Deaths,ZgnHXnu30cI,"5+Yrs, Male"
2552,HMIS108,HMIS 108 - IPD Monthly Report,EBqVAQRmiPm,fPUsA7yOen4,NR02B,NR02b. Epilepsy  - Deaths,rCzvys285kN,"0-4Yrs, Male"
2553,HMIS108,HMIS 108 - IPD Monthly Report,EBqVAQRmiPm,fPUsA7yOen4,NR02B,NR02b. Epilepsy  - Deaths,VZrxjCi8cQi,"0-4Yrs, Female"
3303,HMIS108,HMIS 108 - IPD Monthly Report,EBqVAQRmiPm,C8RYyoXFsc9,NR03A,NR03a. Cerebral Vascular disease  - Cases,rCzvys285kN,"0-4Yrs, Male"
3306,HMIS108,HMIS 108 - IPD Monthly Report,EBqVAQRmiPm,C8RYyoXFsc9,NR03A,NR03a. Cerebral Vascular disease  - Cases,fHgwVjoElmE,"5+Yrs, Female"
3305,HMIS108,HMIS 108 - IPD Monthly Report,EBqVAQRmiPm,C8RYyoXFsc9,NR03A,NR03a. Cerebral Vascular disease  - Cases,ZgnHXnu30cI,"5+Yrs, Male"
3304,HMIS108,HMIS 108 - IPD Monthly Report,EBqVAQRmiPm,C8RYyoXFsc9,NR03A,NR03a. Cerebral Vascular disease  - Cases,VZrxjCi8cQi,"0-4Yrs, Female"
3910,HMIS108,HMIS 108 - IPD Monthly Report,EBqVAQRmiPm,W68PHKMMwxh,NR03B,NR03b. Cerebral Vascular disease  - Deaths,ZgnHXnu30cI,"5+Yrs, Male"
3911,HMIS108,HMIS 108 - IPD Monthly Report,EBqVAQRmiPm,W68PHKMMwxh,NR03B,NR03b. Cerebral Vascular disease  - Deaths,fHgwVjoElmE,"5+Yrs, Female"
3908,HMIS108,HMIS 108 - IPD Monthly Report,EBqVAQRmiPm,W68PHKMMwxh,NR03B,NR03b. Cerebral Vascular disease  - Deaths,rCzvys285kN,"0-4Yrs, Male"
3909,HMIS108,HMIS 108 - IPD Monthly Report,EBqVAQRmiPm,W68PHKMMwxh,NR03B,NR03b. Cerebral Vascular disease  - Deaths,VZrxjCi8cQi,"0-4Yrs, Female"
3721,HMIS108,HMIS 108 - IPD Monthly Report,EBqVAQRmiPm,tdPTp21S6O7,NR04A,NR04a. Neuropathies  - Cases,ZgnHXnu30cI,"5+Yrs, Male"
3720,HMIS108,HMIS 108 - IPD Monthly Report,EBqVAQRmiPm,tdPTp21S6O7,NR04A,NR04a. Neuropathies  - Cases,VZrxjCi8cQi,"0-4Yrs, Female"
3719,HMIS108,HMIS 108 - IPD Monthly Report,EBqVAQRmiPm,tdPTp21S6O7,NR04A,NR04a. Neuropathies  - Cases,rCzvys285kN,"0-4Yrs, Male"
3722,HMIS108,HMIS 108 - IPD Monthly Report,EBqVAQRmiPm,tdPTp21S6O7,NR04A,NR04a. Neuropathies  - Cases,fHgwVjoElmE,"5+Yrs, Female"
1158,HMIS108,HMIS 108 - IPD Monthly Report,EBqVAQRmiPm,YeCTIMF9blM,NR04B,NR04b. Neuropathies  - Deaths,VZrxjCi8cQi,"0-4Yrs, Female"
1159,HMIS108,HMIS 108 - IPD Monthly Report,EBqVAQRmiPm,YeCTIMF9blM,NR04B,NR04b. Neuropathies  - Deaths,ZgnHXnu30cI,"5+Yrs, Male"
1157,HMIS108,HMIS 108 - IPD Monthly Report,EBqVAQRmiPm,YeCTIMF9blM,NR04B,NR04b. Neuropathies  - Deaths,rCzvys285kN,"0-4Yrs, Male"
1160,HMIS108,HMIS 108 - IPD Monthly Report,EBqVAQRmiPm,YeCTIMF9blM,NR04B,NR04b. Neuropathies  - Deaths,fHgwVjoElmE,"5+Yrs, Female"
3053,HMIS108,HMIS 108 - IPD Monthly Report,EBqVAQRmiPm,YdQWiv77sIU,NR05A,NR05a. Parkinson-s disease  - Cases,VZrxjCi8cQi,"0-4Yrs, Female"
3052,HMIS108,HMIS 108 - IPD Monthly Report,EBqVAQRmiPm,YdQWiv77sIU,NR05A,NR05a. Parkinson-s disease  - Cases,rCzvys285kN,"0-4Yrs, Male"
3054,HMIS108,HMIS 108 - IPD Monthly Report,EBqVAQRmiPm,YdQWiv77sIU,NR05A,NR05a. Parkinson-s disease  - Cases,ZgnHXnu30cI,"5+Yrs, Male"
3055,HMIS108,HMIS 108 - IPD Monthly Report,EBqVAQRmiPm,YdQWiv77sIU,NR05A,NR05a. Parkinson-s disease  - Cases,fHgwVjoElmE,"5+Yrs, Female"
1744,HMIS108,HMIS 108 - IPD Monthly Report,EBqVAQRmiPm,OXQoBAPB4CS,NR05B,NR05b. Parkinson-s disease  - Deaths,VZrxjCi8cQi,"0-4Yrs, Female"
1745,HMIS108,HMIS 108 - IPD Monthly Report,EBqVAQRmiPm,OXQoBAPB4CS,NR05B,NR05b. Parkinson-s disease  - Deaths,ZgnHXnu30cI,"5+Yrs, Male"
1743,HMIS108,HMIS 108 - IPD Monthly Report,EBqVAQRmiPm,OXQoBAPB4CS,NR05B,NR05b. Parkinson-s disease  - Deaths,rCzvys285kN,"0-4Yrs, Male"
1746,HMIS108,HMIS 108 - IPD Monthly Report,EBqVAQRmiPm,OXQoBAPB4CS,NR05B,NR05b. Parkinson-s disease  - Deaths,fHgwVjoElmE,"5+Yrs, Female"
1477,HMIS108,HMIS 108 - IPD Monthly Report,EBqVAQRmiPm,ozoM5EGvsJ6,NR06A,NR06a. Other movement disorders  - Cases,VZrxjCi8cQi,"0-4Yrs, Female"
1478,HMIS108,HMIS 108 - IPD Monthly Report,EBqVAQRmiPm,ozoM5EGvsJ6,NR06A,NR06a. Other movement disorders  - Cases,ZgnHXnu30cI,"5+Yrs, Male"
1479,HMIS108,HMIS 108 - IPD Monthly Report,EBqVAQRmiPm,ozoM5EGvsJ6,NR06A,NR06a. Other movement disorders  - Cases,fHgwVjoElmE,"5+Yrs, Female"
1476,HMIS108,HMIS 108 - IPD Monthly Report,EBqVAQRmiPm,ozoM5EGvsJ6,NR06A,NR06a. Other movement disorders  - Cases,rCzvys285kN,"0-4Yrs, Male"
2180,HMIS108,HMIS 108 - IPD Monthly Report,EBqVAQRmiPm,OAnxvnKsh1k,NR06B,NR06b. Other movement disorders  - Deaths,rCzvys285kN,"0-4Yrs, Male"
2183,HMIS108,HMIS 108 - IPD Monthly Report,EBqVAQRmiPm,OAnxvnKsh1k,NR06B,NR06b. Other movement disorders  - Deaths,fHgwVjoElmE,"5+Yrs, Female"
2182,HMIS108,HMIS 108 - IPD Monthly Report,EBqVAQRmiPm,OAnxvnKsh1k,NR06B,NR06b. Other movement disorders  - Deaths,ZgnHXnu30cI,"5+Yrs, Male"
2181,HMIS108,HMIS 108 - IPD Monthly Report,EBqVAQRmiPm,OAnxvnKsh1k,NR06B,NR06b. Other movement disorders  - Deaths,VZrxjCi8cQi,"0-4Yrs, Female"
2888,HMIS108,HMIS 108 - IPD Monthly Report,EBqVAQRmiPm,BApFZDwesEO,NR07A,NR07a. Spinal Cord disorders  - Cases,VZrxjCi8cQi,"0-4Yrs, Female"
2890,HMIS108,HMIS 108 - IPD Monthly Report,EBqVAQRmiPm,BApFZDwesEO,NR07A,NR07a. Spinal Cord disorders  - Cases,fHgwVjoElmE,"5+Yrs, Female"
2889,HMIS108,HMIS 108 - IPD Monthly Report,EBqVAQRmiPm,BApFZDwesEO,NR07A,NR07a. Spinal Cord disorders  - Cases,ZgnHXnu30cI,"5+Yrs, Male"
2887,HMIS108,HMIS 108 - IPD Monthly Report,EBqVAQRmiPm,BApFZDwesEO,NR07A,NR07a. Spinal Cord disorders  - Cases,rCzvys285kN,"0-4Yrs, Male"
957,HMIS108,HMIS 108 - IPD Monthly Report,EBqVAQRmiPm,KWrxprIvsEJ,NR07B,NR07b. Spinal Cord disorders  - Deaths,rCzvys285kN,"0-4Yrs, Male"
959,HMIS108,HMIS 108 - IPD Monthly Report,EBqVAQRmiPm,KWrxprIvsEJ,NR07B,NR07b. Spinal Cord disorders  - Deaths,ZgnHXnu30cI,"5+Yrs, Male"
960,HMIS108,HMIS 108 - IPD Monthly Report,EBqVAQRmiPm,KWrxprIvsEJ,NR07B,NR07b. Spinal Cord disorders  - Deaths,fHgwVjoElmE,"5+Yrs, Female"
958,HMIS108,HMIS 108 - IPD Monthly Report,EBqVAQRmiPm,KWrxprIvsEJ,NR07B,NR07b. Spinal Cord disorders  - Deaths,VZrxjCi8cQi,"0-4Yrs, Female"
1195,HMIS108,HMIS 108 - IPD Monthly Report,EBqVAQRmiPm,d9GWZJJ2r9T,NS01,NS01. Brain surgery,HllvX50cXC0,default
4035,HMIS108,HMIS 108 - IPD Monthly Report,EBqVAQRmiPm,my8OSGk4Rdz,NS02,NS02. Burr Hole,HllvX50cXC0,default
3117,HMIS108,HMIS 108 - IPD Monthly Report,EBqVAQRmiPm,nMPHGMjMvZR,NS03,NS03. Craniotomy/craniectomy for trauma,HllvX50cXC0,default
973,HMIS108,HMIS 108 - IPD Monthly Report,EBqVAQRmiPm,VwhQY87SKV1,NS03_2019,NS03_2019. Cranioplasty,HllvX50cXC0,default
2769,HMIS108,HMIS 108 - IPD Monthly Report,EBqVAQRmiPm,BB07cBjzx1Q,NS04,NS04. ETV/CPC (Endoscopic 3rd Ventriculostomy/ cauterisation) choroid plexus,HllvX50cXC0,default
2551,HMIS108,HMIS 108 - IPD Monthly Report,EBqVAQRmiPm,H4zQ1jIygbY,NS04_2019,NS04_2019. Microdiscectomy,HllvX50cXC0,default
151,HMIS108,HMIS 108 - IPD Monthly Report,EBqVAQRmiPm,FjtjjiIA4Oq,NS05,NS05. Spina-bifida surgery,HllvX50cXC0,default
2763,HMIS108,HMIS 108 - IPD Monthly Report,EBqVAQRmiPm,oRztWjPFjbk,NS06,NS06. VP shunt,HllvX50cXC0,default
1449,HMIS108,HMIS 108 - IPD Monthly Report,EBqVAQRmiPm,dln07lFc7V9,NS07,NS07. Skull fracture elevation,HllvX50cXC0,default
2246,HMIS108,HMIS 108 - IPD Monthly Report,EBqVAQRmiPm,H1TVgFhvbtM,NS07_2019,NS07_2019. EVD (External Ventricular Drainage),HllvX50cXC0,default
3980,HMIS108,HMIS 108 - IPD Monthly Report,EBqVAQRmiPm,IK7m3dy69hJ,NS08,NS08. Other neurosurgery,HllvX50cXC0,default
698,HMIS108,HMIS 108 - IPD Monthly Report,EBqVAQRmiPm,yv29ldwWIHE,NS08_2019,NS08_2019. Elevation of depressed skull fracture,HllvX50cXC0,default
3901,HMIS108,HMIS 108 - IPD Monthly Report,EBqVAQRmiPm,QT0d0my2ute,NT01A,NT01a. Leishmaniasis  - Cases,fHgwVjoElmE,"5+Yrs, Female"
3899,HMIS108,HMIS 108 - IPD Monthly Report,EBqVAQRmiPm,QT0d0my2ute,NT01A,NT01a. Leishmaniasis  - Cases,VZrxjCi8cQi,"0-4Yrs, Female"
3900,HMIS108,HMIS 108 - IPD Monthly Report,EBqVAQRmiPm,QT0d0my2ute,NT01A,NT01a. Leishmaniasis  - Cases,ZgnHXnu30cI,"5+Yrs, Male"
3898,HMIS108,HMIS 108 - IPD Monthly Report,EBqVAQRmiPm,QT0d0my2ute,NT01A,NT01a. Leishmaniasis  - Cases,rCzvys285kN,"0-4Yrs, Male"
3895,HMIS108,HMIS 108 - IPD Monthly Report,EBqVAQRmiPm,RCC7NoyX5zS,NT01B,NT01b. Leishmaniasis  - Deaths,VZrxjCi8cQi,"0-4Yrs, Female"
3897,HMIS108,HMIS 108 - IPD Monthly Report,EBqVAQRmiPm,RCC7NoyX5zS,NT01B,NT01b. Leishmaniasis  - Deaths,fHgwVjoElmE,"5+Yrs, Female"
3896,HMIS108,HMIS 108 - IPD Monthly Report,EBqVAQRmiPm,RCC7NoyX5zS,NT01B,NT01b. Leishmaniasis  - Deaths,ZgnHXnu30cI,"5+Yrs, Male"
3894,HMIS108,HMIS 108 - IPD Monthly Report,EBqVAQRmiPm,RCC7NoyX5zS,NT01B,NT01b. Leishmaniasis  - Deaths,rCzvys285kN,"0-4Yrs, Male"
1548,HMIS108,HMIS 108 - IPD Monthly Report,EBqVAQRmiPm,hSCixXb6CVv,NT02A,NT02a. Lymphatic Filariasis (hydrocele)  - Cases,fHgwVjoElmE,"5+Yrs, Female"
1547,HMIS108,HMIS 108 - IPD Monthly Report,EBqVAQRmiPm,hSCixXb6CVv,NT02A,NT02a. Lymphatic Filariasis (hydrocele)  - Cases,ZgnHXnu30cI,"5+Yrs, Male"
1546,HMIS108,HMIS 108 - IPD Monthly Report,EBqVAQRmiPm,hSCixXb6CVv,NT02A,NT02a. Lymphatic Filariasis (hydrocele)  - Cases,VZrxjCi8cQi,"0-4Yrs, Female"
1545,HMIS108,HMIS 108 - IPD Monthly Report,EBqVAQRmiPm,hSCixXb6CVv,NT02A,NT02a. Lymphatic Filariasis (hydrocele)  - Cases,rCzvys285kN,"0-4Yrs, Male"
1564,HMIS108,HMIS 108 - IPD Monthly Report,EBqVAQRmiPm,DcH9tnKJbXq,NT02B,NT02b. Lymphatic Filariasis (hydrocele)  - Deaths,rCzvys285kN,"0-4Yrs, Male"
1567,HMIS108,HMIS 108 - IPD Monthly Report,EBqVAQRmiPm,DcH9tnKJbXq,NT02B,NT02b. Lymphatic Filariasis (hydrocele)  - Deaths,fHgwVjoElmE,"5+Yrs, Female"
1566,HMIS108,HMIS 108 - IPD Monthly Report,EBqVAQRmiPm,DcH9tnKJbXq,NT02B,NT02b. Lymphatic Filariasis (hydrocele)  - Deaths,ZgnHXnu30cI,"5+Yrs, Male"
1565,HMIS108,HMIS 108 - IPD Monthly Report,EBqVAQRmiPm,DcH9tnKJbXq,NT02B,NT02b. Lymphatic Filariasis (hydrocele)  - Deaths,VZrxjCi8cQi,"0-4Yrs, Female"
3657,HMIS108,HMIS 108 - IPD Monthly Report,EBqVAQRmiPm,ZGSTOjx1jas,NT03A,NT03a. Lymphatic Filariasis (Lympoedema)  - Cases,rCzvys285kN,"0-4Yrs, Male"
3660,HMIS108,HMIS 108 - IPD Monthly Report,EBqVAQRmiPm,ZGSTOjx1jas,NT03A,NT03a. Lymphatic Filariasis (Lympoedema)  - Cases,fHgwVjoElmE,"5+Yrs, Female"
3658,HMIS108,HMIS 108 - IPD Monthly Report,EBqVAQRmiPm,ZGSTOjx1jas,NT03A,NT03a. Lymphatic Filariasis (Lympoedema)  - Cases,VZrxjCi8cQi,"0-4Yrs, Female"
3659,HMIS108,HMIS 108 - IPD Monthly Report,EBqVAQRmiPm,ZGSTOjx1jas,NT03A,NT03a. Lymphatic Filariasis (Lympoedema)  - Cases,ZgnHXnu30cI,"5+Yrs, Male"
3362,HMIS108,HMIS 108 - IPD Monthly Report,EBqVAQRmiPm,xYxuRKfAcSu,NT03B,NT03b. Lymphatic Filariasis (Lympoedema)  - Deaths,fHgwVjoElmE,"5+Yrs, Female"
3361,HMIS108,HMIS 108 - IPD Monthly Report,EBqVAQRmiPm,xYxuRKfAcSu,NT03B,NT03b. Lymphatic Filariasis (Lympoedema)  - Deaths,ZgnHXnu30cI,"5+Yrs, Male"
3360,HMIS108,HMIS 108 - IPD Monthly Report,EBqVAQRmiPm,xYxuRKfAcSu,NT03B,NT03b. Lymphatic Filariasis (Lympoedema)  - Deaths,VZrxjCi8cQi,"0-4Yrs, Female"
3359,HMIS108,HMIS 108 - IPD Monthly Report,EBqVAQRmiPm,xYxuRKfAcSu,NT03B,NT03b. Lymphatic Filariasis (Lympoedema)  - Deaths,rCzvys285kN,"0-4Yrs, Male"
753,HMIS108,HMIS 108 - IPD Monthly Report,EBqVAQRmiPm,qtycGtVct8P,NT04A,NT04a. Urinary Schistosomiasis  - Cases,fHgwVjoElmE,"5+Yrs, Female"
752,HMIS108,HMIS 108 - IPD Monthly Report,EBqVAQRmiPm,qtycGtVct8P,NT04A,NT04a. Urinary Schistosomiasis  - Cases,ZgnHXnu30cI,"5+Yrs, Male"
751,HMIS108,HMIS 108 - IPD Monthly Report,EBqVAQRmiPm,qtycGtVct8P,NT04A,NT04a. Urinary Schistosomiasis  - Cases,VZrxjCi8cQi,"0-4Yrs, Female"
750,HMIS108,HMIS 108 - IPD Monthly Report,EBqVAQRmiPm,qtycGtVct8P,NT04A,NT04a. Urinary Schistosomiasis  - Cases,rCzvys285kN,"0-4Yrs, Male"
2146,HMIS108,HMIS 108 - IPD Monthly Report,EBqVAQRmiPm,KekRHq7li6v,NT04B,NT04b. Urinary Schistosomiasis  - Deaths,rCzvys285kN,"0-4Yrs, Male"
2148,HMIS108,HMIS 108 - IPD Monthly Report,EBqVAQRmiPm,KekRHq7li6v,NT04B,NT04b. Urinary Schistosomiasis  - Deaths,ZgnHXnu30cI,"5+Yrs, Male"
2149,HMIS108,HMIS 108 - IPD Monthly Report,EBqVAQRmiPm,KekRHq7li6v,NT04B,NT04b. Urinary Schistosomiasis  - Deaths,fHgwVjoElmE,"5+Yrs, Female"
2147,HMIS108,HMIS 108 - IPD Monthly Report,EBqVAQRmiPm,KekRHq7li6v,NT04B,NT04b. Urinary Schistosomiasis  - Deaths,VZrxjCi8cQi,"0-4Yrs, Female"
4190,HMIS108,HMIS 108 - IPD Monthly Report,EBqVAQRmiPm,oShhEuaVRH3,NT05A,NT05a. Intestinal Schistosomiasis  - Cases,fHgwVjoElmE,"5+Yrs, Female"
4189,HMIS108,HMIS 108 - IPD Monthly Report,EBqVAQRmiPm,oShhEuaVRH3,NT05A,NT05a. Intestinal Schistosomiasis  - Cases,ZgnHXnu30cI,"5+Yrs, Male"
4188,HMIS108,HMIS 108 - IPD Monthly Report,EBqVAQRmiPm,oShhEuaVRH3,NT05A,NT05a. Intestinal Schistosomiasis  - Cases,VZrxjCi8cQi,"0-4Yrs, Female"
4187,HMIS108,HMIS 108 - IPD Monthly Report,EBqVAQRmiPm,oShhEuaVRH3,NT05A,NT05a. Intestinal Schistosomiasis  - Cases,rCzvys285kN,"0-4Yrs, Male"
4059,HMIS108,HMIS 108 - IPD Monthly Report,EBqVAQRmiPm,E1XDuFCP5ZF,NT05B,NT05b. Intestinal Schistosomiasis  - Deaths,VZrxjCi8cQi,"0-4Yrs, Female"
4058,HMIS108,HMIS 108 - IPD Monthly Report,EBqVAQRmiPm,E1XDuFCP5ZF,NT05B,NT05b. Intestinal Schistosomiasis  - Deaths,rCzvys285kN,"0-4Yrs, Male"
4061,HMIS108,HMIS 108 - IPD Monthly Report,EBqVAQRmiPm,E1XDuFCP5ZF,NT05B,NT05b. Intestinal Schistosomiasis  - Deaths,fHgwVjoElmE,"5+Yrs, Female"
4060,HMIS108,HMIS 108 - IPD Monthly Report,EBqVAQRmiPm,E1XDuFCP5ZF,NT05B,NT05b. Intestinal Schistosomiasis  - Deaths,ZgnHXnu30cI,"5+Yrs, Male"
1456,HMIS108,HMIS 108 - IPD Monthly Report,EBqVAQRmiPm,VESSRu8hSXB,NT06A,NT06a. Onchocerciasis  - Cases,VZrxjCi8cQi,"0-4Yrs, Female"
1455,HMIS108,HMIS 108 - IPD Monthly Report,EBqVAQRmiPm,VESSRu8hSXB,NT06A,NT06a. Onchocerciasis  - Cases,rCzvys285kN,"0-4Yrs, Male"
1458,HMIS108,HMIS 108 - IPD Monthly Report,EBqVAQRmiPm,VESSRu8hSXB,NT06A,NT06a. Onchocerciasis  - Cases,fHgwVjoElmE,"5+Yrs, Female"
1457,HMIS108,HMIS 108 - IPD Monthly Report,EBqVAQRmiPm,VESSRu8hSXB,NT06A,NT06a. Onchocerciasis  - Cases,ZgnHXnu30cI,"5+Yrs, Male"
4193,HMIS108,HMIS 108 - IPD Monthly Report,EBqVAQRmiPm,OF4OPicUWsC,NT06B,NT06b. Onchocerciasis  - Deaths,ZgnHXnu30cI,"5+Yrs, Male"
4192,HMIS108,HMIS 108 - IPD Monthly Report,EBqVAQRmiPm,OF4OPicUWsC,NT06B,NT06b. Onchocerciasis  - Deaths,VZrxjCi8cQi,"0-4Yrs, Female"
4191,HMIS108,HMIS 108 - IPD Monthly Report,EBqVAQRmiPm,OF4OPicUWsC,NT06B,NT06b. Onchocerciasis  - Deaths,rCzvys285kN,"0-4Yrs, Male"
4194,HMIS108,HMIS 108 - IPD Monthly Report,EBqVAQRmiPm,OF4OPicUWsC,NT06B,NT06b. Onchocerciasis  - Deaths,fHgwVjoElmE,"5+Yrs, Female"
1215,HMIS108,HMIS 108 - IPD Monthly Report,EBqVAQRmiPm,xRoQvrhFzQk,NT07A,NT07a. Nodding Syndrome  - Cases,fHgwVjoElmE,"5+Yrs, Female"
1212,HMIS108,HMIS 108 - IPD Monthly Report,EBqVAQRmiPm,xRoQvrhFzQk,NT07A,NT07a. Nodding Syndrome  - Cases,rCzvys285kN,"0-4Yrs, Male"
1214,HMIS108,HMIS 108 - IPD Monthly Report,EBqVAQRmiPm,xRoQvrhFzQk,NT07A,NT07a. Nodding Syndrome  - Cases,ZgnHXnu30cI,"5+Yrs, Male"
1213,HMIS108,HMIS 108 - IPD Monthly Report,EBqVAQRmiPm,xRoQvrhFzQk,NT07A,NT07a. Nodding Syndrome  - Cases,VZrxjCi8cQi,"0-4Yrs, Female"
3868,HMIS108,HMIS 108 - IPD Monthly Report,EBqVAQRmiPm,trVttSsNF5j,NT07B,NT07b. Nodding Syndrome  - Deaths,fHgwVjoElmE,"5+Yrs, Female"
3865,HMIS108,HMIS 108 - IPD Monthly Report,EBqVAQRmiPm,trVttSsNF5j,NT07B,NT07b. Nodding Syndrome  - Deaths,rCzvys285kN,"0-4Yrs, Male"
3866,HMIS108,HMIS 108 - IPD Monthly Report,EBqVAQRmiPm,trVttSsNF5j,NT07B,NT07b. Nodding Syndrome  - Deaths,VZrxjCi8cQi,"0-4Yrs, Female"
3867,HMIS108,HMIS 108 - IPD Monthly Report,EBqVAQRmiPm,trVttSsNF5j,NT07B,NT07b. Nodding Syndrome  - Deaths,ZgnHXnu30cI,"5+Yrs, Male"
2825,HMIS108,HMIS 108 - IPD Monthly Report,EBqVAQRmiPm,CS2ZHUFBbfS,NT08A,NT08a. Skin NTDs and other skin diseases - Cases,VZrxjCi8cQi,"0-4Yrs, Female"
2826,HMIS108,HMIS 108 - IPD Monthly Report,EBqVAQRmiPm,CS2ZHUFBbfS,NT08A,NT08a. Skin NTDs and other skin diseases - Cases,ZgnHXnu30cI,"5+Yrs, Male"
2827,HMIS108,HMIS 108 - IPD Monthly Report,EBqVAQRmiPm,CS2ZHUFBbfS,NT08A,NT08a. Skin NTDs and other skin diseases - Cases,fHgwVjoElmE,"5+Yrs, Female"
2824,HMIS108,HMIS 108 - IPD Monthly Report,EBqVAQRmiPm,CS2ZHUFBbfS,NT08A,NT08a. Skin NTDs and other skin diseases - Cases,rCzvys285kN,"0-4Yrs, Male"
3166,HMIS108,HMIS 108 - IPD Monthly Report,EBqVAQRmiPm,hGrhfoXO36K,NT08B,NT08b. Skin NTDs and other skin diseases - Deaths,ZgnHXnu30cI,"5+Yrs, Male"
3165,HMIS108,HMIS 108 - IPD Monthly Report,EBqVAQRmiPm,hGrhfoXO36K,NT08B,NT08b. Skin NTDs and other skin diseases - Deaths,VZrxjCi8cQi,"0-4Yrs, Female"
3167,HMIS108,HMIS 108 - IPD Monthly Report,EBqVAQRmiPm,hGrhfoXO36K,NT08B,NT08b. Skin NTDs and other skin diseases - Deaths,fHgwVjoElmE,"5+Yrs, Female"
3164,HMIS108,HMIS 108 - IPD Monthly Report,EBqVAQRmiPm,hGrhfoXO36K,NT08B,NT08b. Skin NTDs and other skin diseases - Deaths,rCzvys285kN,"0-4Yrs, Male"
1427,HMIS108,HMIS 108 - IPD Monthly Report,EBqVAQRmiPm,XDyaUqmBzdI,OC01,OC01. Cataract Surgery,HllvX50cXC0,default
260,HMIS108,HMIS 108 - IPD Monthly Report,EBqVAQRmiPm,TOyterBj30O,OC02,OC02. Glaucoma Surgery,HllvX50cXC0,default
3116,HMIS108,HMIS 108 - IPD Monthly Report,EBqVAQRmiPm,nu4DRHqmkeW,OC03,OC03. Orbital Surgery,HllvX50cXC0,default
2058,HMIS108,HMIS 108 - IPD Monthly Report,EBqVAQRmiPm,rHp5CUB5WLX,OC04,OC04. Opthalmic laser Interventions,HllvX50cXC0,default
3981,HMIS108,HMIS 108 - IPD Monthly Report,EBqVAQRmiPm,MmGY4GKQ08E,OC04_2019,OC04_2019. Oculoplasty,HllvX50cXC0,default
4010,HMIS108,HMIS 108 - IPD Monthly Report,EBqVAQRmiPm,vnvuNpQaQwF,OC05,OC05. Surgery for penetrating eye injury,HllvX50cXC0,default
3925,HMIS108,HMIS 108 - IPD Monthly Report,EBqVAQRmiPm,EhKuP4LgnGA,OC05_2019,OC05_2019. Eye lid Operation,HllvX50cXC0,default
2582,HMIS108,HMIS 108 - IPD Monthly Report,EBqVAQRmiPm,JmrZPitsaj1,OC06,OC06. Trachoma Surgery,HllvX50cXC0,default
1520,HMIS108,HMIS 108 - IPD Monthly Report,EBqVAQRmiPm,JeALw6paf8K,OC07,OC07. Pterygium excision,HllvX50cXC0,default
2374,HMIS108,HMIS 108 - IPD Monthly Report,EBqVAQRmiPm,s5eD3fBwDHV,OC07_2019,OC07_2019. Strabismus Surgery,HllvX50cXC0,default
1386,HMIS108,HMIS 108 - IPD Monthly Report,EBqVAQRmiPm,NOT5Yw9h7CE,OC08,OC08. Other ocular surgery,HllvX50cXC0,default
3451,HMIS108,HMIS 108 - IPD Monthly Report,EBqVAQRmiPm,v6mC85laAn4,OD01A,OD01a. Dental Caries  - Cases,rCzvys285kN,"0-4Yrs, Male"
3452,HMIS108,HMIS 108 - IPD Monthly Report,EBqVAQRmiPm,v6mC85laAn4,OD01A,OD01a. Dental Caries  - Cases,VZrxjCi8cQi,"0-4Yrs, Female"
3453,HMIS108,HMIS 108 - IPD Monthly Report,EBqVAQRmiPm,v6mC85laAn4,OD01A,OD01a. Dental Caries  - Cases,ZgnHXnu30cI,"5+Yrs, Male"
3454,HMIS108,HMIS 108 - IPD Monthly Report,EBqVAQRmiPm,v6mC85laAn4,OD01A,OD01a. Dental Caries  - Cases,fHgwVjoElmE,"5+Yrs, Female"
3291,HMIS108,HMIS 108 - IPD Monthly Report,EBqVAQRmiPm,qzvqQM4fyiv,OD01B,OD01b. Dental Caries  - Deaths,rCzvys285kN,"0-4Yrs, Male"
3294,HMIS108,HMIS 108 - IPD Monthly Report,EBqVAQRmiPm,qzvqQM4fyiv,OD01B,OD01b. Dental Caries  - Deaths,fHgwVjoElmE,"5+Yrs, Female"
3293,HMIS108,HMIS 108 - IPD Monthly Report,EBqVAQRmiPm,qzvqQM4fyiv,OD01B,OD01b. Dental Caries  - Deaths,ZgnHXnu30cI,"5+Yrs, Male"
3292,HMIS108,HMIS 108 - IPD Monthly Report,EBqVAQRmiPm,qzvqQM4fyiv,OD01B,OD01b. Dental Caries  - Deaths,VZrxjCi8cQi,"0-4Yrs, Female"
1750,HMIS108,HMIS 108 - IPD Monthly Report,EBqVAQRmiPm,MMIcAwkZg3M,OD02A,OD02a. Gingivitis  - Cases,fHgwVjoElmE,"5+Yrs, Female"
1747,HMIS108,HMIS 108 - IPD Monthly Report,EBqVAQRmiPm,MMIcAwkZg3M,OD02A,OD02a. Gingivitis  - Cases,rCzvys285kN,"0-4Yrs, Male"
1748,HMIS108,HMIS 108 - IPD Monthly Report,EBqVAQRmiPm,MMIcAwkZg3M,OD02A,OD02a. Gingivitis  - Cases,VZrxjCi8cQi,"0-4Yrs, Female"
1749,HMIS108,HMIS 108 - IPD Monthly Report,EBqVAQRmiPm,MMIcAwkZg3M,OD02A,OD02a. Gingivitis  - Cases,ZgnHXnu30cI,"5+Yrs, Male"
1437,HMIS108,HMIS 108 - IPD Monthly Report,EBqVAQRmiPm,Q4lOPvB6Zs2,OD02B,OD02b. Gingivitis  - Deaths,rCzvys285kN,"0-4Yrs, Male"
1439,HMIS108,HMIS 108 - IPD Monthly Report,EBqVAQRmiPm,Q4lOPvB6Zs2,OD02B,OD02b. Gingivitis  - Deaths,ZgnHXnu30cI,"5+Yrs, Male"
1440,HMIS108,HMIS 108 - IPD Monthly Report,EBqVAQRmiPm,Q4lOPvB6Zs2,OD02B,OD02b. Gingivitis  - Deaths,fHgwVjoElmE,"5+Yrs, Female"
1438,HMIS108,HMIS 108 - IPD Monthly Report,EBqVAQRmiPm,Q4lOPvB6Zs2,OD02B,OD02b. Gingivitis  - Deaths,VZrxjCi8cQi,"0-4Yrs, Female"
1105,HMIS108,HMIS 108 - IPD Monthly Report,EBqVAQRmiPm,wzlKfcpShtJ,OD03A,OD03a. Jaw injuries  - Cases,rCzvys285kN,"0-4Yrs, Male"
1106,HMIS108,HMIS 108 - IPD Monthly Report,EBqVAQRmiPm,wzlKfcpShtJ,OD03A,OD03a. Jaw injuries  - Cases,VZrxjCi8cQi,"0-4Yrs, Female"
1107,HMIS108,HMIS 108 - IPD Monthly Report,EBqVAQRmiPm,wzlKfcpShtJ,OD03A,OD03a. Jaw injuries  - Cases,ZgnHXnu30cI,"5+Yrs, Male"
1108,HMIS108,HMIS 108 - IPD Monthly Report,EBqVAQRmiPm,wzlKfcpShtJ,OD03A,OD03a. Jaw injuries  - Cases,fHgwVjoElmE,"5+Yrs, Female"
420,HMIS108,HMIS 108 - IPD Monthly Report,EBqVAQRmiPm,OaO8dGIIMVV,OD03B,OD03b. Jaw injuries  - Deaths,ZgnHXnu30cI,"5+Yrs, Male"
421,HMIS108,HMIS 108 - IPD Monthly Report,EBqVAQRmiPm,OaO8dGIIMVV,OD03B,OD03b. Jaw injuries  - Deaths,fHgwVjoElmE,"5+Yrs, Female"
418,HMIS108,HMIS 108 - IPD Monthly Report,EBqVAQRmiPm,OaO8dGIIMVV,OD03B,OD03b. Jaw injuries  - Deaths,rCzvys285kN,"0-4Yrs, Male"
419,HMIS108,HMIS 108 - IPD Monthly Report,EBqVAQRmiPm,OaO8dGIIMVV,OD03B,OD03b. Jaw injuries  - Deaths,VZrxjCi8cQi,"0-4Yrs, Female"
3857,HMIS108,HMIS 108 - IPD Monthly Report,EBqVAQRmiPm,bFTyvNhFrju,OD04A,OD04a. Other oral diseases and conditions  - Cases,VZrxjCi8cQi,"0-4Yrs, Female"
3859,HMIS108,HMIS 108 - IPD Monthly Report,EBqVAQRmiPm,bFTyvNhFrju,OD04A,OD04a. Other oral diseases and conditions  - Cases,fHgwVjoElmE,"5+Yrs, Female"
3858,HMIS108,HMIS 108 - IPD Monthly Report,EBqVAQRmiPm,bFTyvNhFrju,OD04A,OD04a. Other oral diseases and conditions  - Cases,ZgnHXnu30cI,"5+Yrs, Male"
3856,HMIS108,HMIS 108 - IPD Monthly Report,EBqVAQRmiPm,bFTyvNhFrju,OD04A,OD04a. Other oral diseases and conditions  - Cases,rCzvys285kN,"0-4Yrs, Male"
292,HMIS108,HMIS 108 - IPD Monthly Report,EBqVAQRmiPm,cjmlydIwU9A,OD04B,OD04b. Other oral diseases and conditions  - Deaths,rCzvys285kN,"0-4Yrs, Male"
295,HMIS108,HMIS 108 - IPD Monthly Report,EBqVAQRmiPm,cjmlydIwU9A,OD04B,OD04b. Other oral diseases and conditions  - Deaths,fHgwVjoElmE,"5+Yrs, Female"
294,HMIS108,HMIS 108 - IPD Monthly Report,EBqVAQRmiPm,cjmlydIwU9A,OD04B,OD04b. Other oral diseases and conditions  - Deaths,ZgnHXnu30cI,"5+Yrs, Male"
293,HMIS108,HMIS 108 - IPD Monthly Report,EBqVAQRmiPm,cjmlydIwU9A,OD04B,OD04b. Other oral diseases and conditions  - Deaths,VZrxjCi8cQi,"0-4Yrs, Female"
3295,HMIS108,HMIS 108 - IPD Monthly Report,EBqVAQRmiPm,veP2evH8SsP,OD05A,OD05a. HIV-Oral lesions  - Cases,rCzvys285kN,"0-4Yrs, Male"
3298,HMIS108,HMIS 108 - IPD Monthly Report,EBqVAQRmiPm,veP2evH8SsP,OD05A,OD05a. HIV-Oral lesions  - Cases,fHgwVjoElmE,"5+Yrs, Female"
3297,HMIS108,HMIS 108 - IPD Monthly Report,EBqVAQRmiPm,veP2evH8SsP,OD05A,OD05a. HIV-Oral lesions  - Cases,ZgnHXnu30cI,"5+Yrs, Male"
3296,HMIS108,HMIS 108 - IPD Monthly Report,EBqVAQRmiPm,veP2evH8SsP,OD05A,OD05a. HIV-Oral lesions  - Cases,VZrxjCi8cQi,"0-4Yrs, Female"
1614,HMIS108,HMIS 108 - IPD Monthly Report,EBqVAQRmiPm,yN924DLR1Be,OD05B,OD05b. HIV-Oral lesions  - Deaths,fHgwVjoElmE,"5+Yrs, Female"
1612,HMIS108,HMIS 108 - IPD Monthly Report,EBqVAQRmiPm,yN924DLR1Be,OD05B,OD05b. HIV-Oral lesions  - Deaths,VZrxjCi8cQi,"0-4Yrs, Female"
1611,HMIS108,HMIS 108 - IPD Monthly Report,EBqVAQRmiPm,yN924DLR1Be,OD05B,OD05b. HIV-Oral lesions  - Deaths,rCzvys285kN,"0-4Yrs, Male"
1613,HMIS108,HMIS 108 - IPD Monthly Report,EBqVAQRmiPm,yN924DLR1Be,OD05B,OD05b. HIV-Oral lesions  - Deaths,ZgnHXnu30cI,"5+Yrs, Male"
648,HMIS108,HMIS 108 - IPD Monthly Report,EBqVAQRmiPm,xt5Z2Lu4zWy,OD06A_2019,OD06a_2019. Oral Cancers  - Cases,rCzvys285kN,"0-4Yrs, Male"
651,HMIS108,HMIS 108 - IPD Monthly Report,EBqVAQRmiPm,xt5Z2Lu4zWy,OD06A_2019,OD06a_2019. Oral Cancers  - Cases,fHgwVjoElmE,"5+Yrs, Female"
650,HMIS108,HMIS 108 - IPD Monthly Report,EBqVAQRmiPm,xt5Z2Lu4zWy,OD06A_2019,OD06a_2019. Oral Cancers  - Cases,ZgnHXnu30cI,"5+Yrs, Male"
649,HMIS108,HMIS 108 - IPD Monthly Report,EBqVAQRmiPm,xt5Z2Lu4zWy,OD06A_2019,OD06a_2019. Oral Cancers  - Cases,VZrxjCi8cQi,"0-4Yrs, Female"
1121,HMIS108,HMIS 108 - IPD Monthly Report,EBqVAQRmiPm,LSJ8x3R8Zv9,OD06B_2019,OD06b_2019. Oral Cancers  - Deaths,rCzvys285kN,"0-4Yrs, Male"
1123,HMIS108,HMIS 108 - IPD Monthly Report,EBqVAQRmiPm,LSJ8x3R8Zv9,OD06B_2019,OD06b_2019. Oral Cancers  - Deaths,ZgnHXnu30cI,"5+Yrs, Male"
1122,HMIS108,HMIS 108 - IPD Monthly Report,EBqVAQRmiPm,LSJ8x3R8Zv9,OD06B_2019,OD06b_2019. Oral Cancers  - Deaths,VZrxjCi8cQi,"0-4Yrs, Female"
1124,HMIS108,HMIS 108 - IPD Monthly Report,EBqVAQRmiPm,LSJ8x3R8Zv9,OD06B_2019,OD06b_2019. Oral Cancers  - Deaths,fHgwVjoElmE,"5+Yrs, Female"
3169,HMIS108,HMIS 108 - IPD Monthly Report,EBqVAQRmiPm,gBI7w5S06zy,OM01,OM01. Mandible surgery,HllvX50cXC0,default
2764,HMIS108,HMIS 108 - IPD Monthly Report,EBqVAQRmiPm,jRpz78CUX9D,OM02,OM02. Salivary gland surgery,HllvX50cXC0,default
4186,HMIS108,HMIS 108 - IPD Monthly Report,EBqVAQRmiPm,FeLnRH2vgP0,OM03,OM03. Neck dissection,HllvX50cXC0,default
2919,HMIS108,HMIS 108 - IPD Monthly Report,EBqVAQRmiPm,lOLb0CrqSf2,OM04,OM04. Internal fixation for facial trauma,HllvX50cXC0,default
3951,HMIS108,HMIS 108 - IPD Monthly Report,EBqVAQRmiPm,ZHB4D9EJfnd,OM05,OM05. Dental surgery,HllvX50cXC0,default
1903,HMIS108,HMIS 108 - IPD Monthly Report,EBqVAQRmiPm,NfmGGzB8lxx,OM06,OM06. Facial fracture,HllvX50cXC0,default
1236,HMIS108,HMIS 108 - IPD Monthly Report,EBqVAQRmiPm,bNiJfmcpKn9,OM07,OM07. Tooth extraction,HllvX50cXC0,default
3015,HMIS108,HMIS 108 - IPD Monthly Report,EBqVAQRmiPm,EU0aQlGIPSJ,OM08,OM08. Oral tumors,HllvX50cXC0,default
2096,HMIS108,HMIS 108 - IPD Monthly Report,EBqVAQRmiPm,ThcfDagtF5Z,OM09,OM09. Other oral & maxillofacial surgery,HllvX50cXC0,default
2079,HMIS108,HMIS 108 - IPD Monthly Report,EBqVAQRmiPm,KC2IGeMOyQg,OM10,OM10. Other benign Neck masses,HllvX50cXC0,default
2288,HMIS108,HMIS 108 - IPD Monthly Report,EBqVAQRmiPm,zEqnsEWsIfy,OR01,OR01. Internal fixation,HllvX50cXC0,default
1408,HMIS108,HMIS 108 - IPD Monthly Report,EBqVAQRmiPm,BxXjGKIpi01,OR01_2019,OR01_2019. Sequestrectomy,HllvX50cXC0,default
3146,HMIS108,HMIS 108 - IPD Monthly Report,EBqVAQRmiPm,bvo3ZHoUvOe,OR02,OR02. External fixation,HllvX50cXC0,default
833,HMIS108,HMIS 108 - IPD Monthly Report,EBqVAQRmiPm,ZoPc492lncm,OR03,OR03. Arthroplasty,HllvX50cXC0,default
2078,HMIS108,HMIS 108 - IPD Monthly Report,EBqVAQRmiPm,DGz8vjuaY5x,OR04,OR04. Amputation,HllvX50cXC0,default
1610,HMIS108,HMIS 108 - IPD Monthly Report,EBqVAQRmiPm,IfthLzsKFQy,OR04_2019,OR04_2019. Arthrotomy,HllvX50cXC0,default
661,HMIS108,HMIS 108 - IPD Monthly Report,EBqVAQRmiPm,AH2jKSkLju4,OR05,OR05. Spinal surgery,HllvX50cXC0,default
1083,HMIS108,HMIS 108 - IPD Monthly Report,EBqVAQRmiPm,bvL958q3qt3,OR05_2019,OR05_2019. Limb disarticulation,HllvX50cXC0,default
2072,HMIS108,HMIS 108 - IPD Monthly Report,EBqVAQRmiPm,mLb7dxlEIrF,OR06,OR06. Arthroscopy,HllvX50cXC0,default
172,HMIS108,HMIS 108 - IPD Monthly Report,EBqVAQRmiPm,v0mwWVHLsE0,OR06_2019,OR06_2019. Bone reconstruction,HllvX50cXC0,default
3231,HMIS108,HMIS 108 - IPD Monthly Report,EBqVAQRmiPm,bshHls66K2a,OR07,OR07. Other trauma & orthopaedic surgery,HllvX50cXC0,default
1230,HMIS108,HMIS 108 - IPD Monthly Report,EBqVAQRmiPm,rYSxm54kq7k,OR08_2019,OR08_2019. Corrective osteotomies,HllvX50cXC0,default
3436,HMIS108,HMIS 108 - IPD Monthly Report,EBqVAQRmiPm,JGDjxV9eOZf,OR09_2019,OR09_2019. Arthrodesis,HllvX50cXC0,default
1174,HMIS108,HMIS 108 - IPD Monthly Report,EBqVAQRmiPm,RC3ha4jhvip,OR12_2019,OR12_2019. Soft tissue releases,HllvX50cXC0,default
157,HMIS108,HMIS 108 - IPD Monthly Report,EBqVAQRmiPm,wITMtfNGZAB,OS01_2019,OS01_2019. Hemi-Mandibulectomy,HllvX50cXC0,default
3460,HMIS108,HMIS 108 - IPD Monthly Report,EBqVAQRmiPm,rRJTO2ZWPCb,OS02_2019,OS02_2019. Total Mandibulectomy,HllvX50cXC0,default
2067,HMIS108,HMIS 108 - IPD Monthly Report,EBqVAQRmiPm,EDfiff7Yyw9,OS03_2019,OS03_2019. Segmental Resection of Mandible,HllvX50cXC0,default
3072,HMIS108,HMIS 108 - IPD Monthly Report,EBqVAQRmiPm,GIfMCoupyd8,OS06_2019,OS06_2019. Partial-glossectomy,HllvX50cXC0,default
2324,HMIS108,HMIS 108 - IPD Monthly Report,EBqVAQRmiPm,KITTv63Kn1I,OS07_2019,OS07_2019. Excision biopsy of tumour,HllvX50cXC0,default
3259,HMIS108,HMIS 108 - IPD Monthly Report,EBqVAQRmiPm,weXCnTwNRdi,OT01,OT01. Debridement,HllvX50cXC0,default
2109,HMIS108,HMIS 108 - IPD Monthly Report,EBqVAQRmiPm,tUrE7lLu5zM,OT02,OT02. Incision and drainage of abscesses,HllvX50cXC0,default
3226,HMIS108,HMIS 108 - IPD Monthly Report,EBqVAQRmiPm,ZqjrJKp0kdu,OT03,OT03. Circumcision,HllvX50cXC0,default
1305,HMIS108,HMIS 108 - IPD Monthly Report,EBqVAQRmiPm,uH4RGku7590,OT04,OT04. Other laparotomy,HllvX50cXC0,default
555,HMIS108,HMIS 108 - IPD Monthly Report,EBqVAQRmiPm,LBi9QhO72gt,OT05,OT05. Other surgical procedures not listed,HllvX50cXC0,default
3459,HMIS108,HMIS 108 - IPD Monthly Report,EBqVAQRmiPm,vNHfWrPtBdh,PR01,PR01. Skin grafting,HllvX50cXC0,default
3864,HMIS108,HMIS 108 - IPD Monthly Report,EBqVAQRmiPm,WOIQPJ0Q4ch,PR02,PR02. Release of contractures (burns),HllvX50cXC0,default
107,HMIS108,HMIS 108 - IPD Monthly Report,EBqVAQRmiPm,vdt4YnvpmUd,PR03,PR03. Cleft lip and palate surgery,HllvX50cXC0,default
488,HMIS108,HMIS 108 - IPD Monthly Report,EBqVAQRmiPm,ohXcG1L3DqI,PR04,PR04. Burns management,HllvX50cXC0,default
608,HMIS108,HMIS 108 - IPD Monthly Report,EBqVAQRmiPm,kZwLRNvQnby,PR05,PR05. Scar revisions,HllvX50cXC0,default
4126,HMIS108,HMIS 108 - IPD Monthly Report,EBqVAQRmiPm,FwNJD2RlyfX,PR078,PR078. Breast reconstruction,HllvX50cXC0,default
3057,HMIS108,HMIS 108 - IPD Monthly Report,EBqVAQRmiPm,r6EHRaatenm,PR08,PR08. Other plastic surgery,HllvX50cXC0,default
1609,HMIS108,HMIS 108 - IPD Monthly Report,EBqVAQRmiPm,SmFAlm1PgYQ,PS01,PS01. Laparotomy for intussusception,HllvX50cXC0,default
730,HMIS108,HMIS 108 - IPD Monthly Report,EBqVAQRmiPm,K6TjpCYCC2t,PS02,PS02. Neonatal laparotomy,HllvX50cXC0,default
3056,HMIS108,HMIS 108 - IPD Monthly Report,EBqVAQRmiPm,jNmVc18NP3m,PS02_2019,PS02_2019. Excision of Sacro-coccygeal teratome,HllvX50cXC0,default
3152,HMIS108,HMIS 108 - IPD Monthly Report,EBqVAQRmiPm,iqQy1EQQXwA,PS03,PS03. Neonatal colostomy,HllvX50cXC0,default
2966,HMIS108,HMIS 108 - IPD Monthly Report,EBqVAQRmiPm,WbT1IhqJmoV,PS03_2019,PS03_2019. PSARP (Posterior Saggital Anorectoplasty),HllvX50cXC0,default
1385,HMIS108,HMIS 108 - IPD Monthly Report,EBqVAQRmiPm,cZZzWLRMeph,PS04,PS04. Pull through,HllvX50cXC0,default
3252,HMIS108,HMIS 108 - IPD Monthly Report,EBqVAQRmiPm,U8YFuKAmbGO,PS05,PS05. Ramstedt's pyloromyotomy,HllvX50cXC0,default
3272,HMIS108,HMIS 108 - IPD Monthly Report,EBqVAQRmiPm,eK8sOdxg1Pr,PS05_2019,PS05_2019. Kasai Procedure,HllvX50cXC0,default
1432,HMIS108,HMIS 108 - IPD Monthly Report,EBqVAQRmiPm,JcKxXChRZIn,PS06,PS06. Gastroschisis repair,HllvX50cXC0,default
1,HMIS108,HMIS 108 - IPD Monthly Report,EBqVAQRmiPm,gvQM2vI6GKw,PS07,PS07.Stoma placement,HllvX50cXC0,default
1104,HMIS108,HMIS 108 - IPD Monthly Report,EBqVAQRmiPm,pHYEZh01ziY,PS07_2019,PS07_2019. Diaphragmatic hernia repair,HllvX50cXC0,default
784,HMIS108,HMIS 108 - IPD Monthly Report,EBqVAQRmiPm,p7I8eXtvCtH,PS08,PS08. Other paediatric surgery,HllvX50cXC0,default
3564,HMIS108,HMIS 108 - IPD Monthly Report,EBqVAQRmiPm,WEqd9m2dW77,PS08_2019,PS08_2019. Tracheal-eosophageal fistula repair,HllvX50cXC0,default
1680,HMIS108,HMIS 108 - IPD Monthly Report,EBqVAQRmiPm,SPsCuFhxoeY,PS09_2019,PS09_2019. Congenital cyst excision,HllvX50cXC0,default
652,HMIS108,HMIS 108 - IPD Monthly Report,EBqVAQRmiPm,Xo9NH4cCUo7,PS10_2019,PS10_2019. Congenital hernia repair,HllvX50cXC0,default
1151,HMIS108,HMIS 108 - IPD Monthly Report,EBqVAQRmiPm,JVQWjuXk7iv,PS11_2019,PS11_2019. Cut down,HllvX50cXC0,default
3654,HMIS108,HMIS 108 - IPD Monthly Report,EBqVAQRmiPm,hdpNGld5BFj,PT01,PT01. Cancers,aBwgn3seEeJ,AUD Services
3650,HMIS108,HMIS 108 - IPD Monthly Report,EBqVAQRmiPm,hdpNGld5BFj,PT01,PT01. Cancers,QbWmboyft5U,PT Services
3651,HMIS108,HMIS 108 - IPD Monthly Report,EBqVAQRmiPm,hdpNGld5BFj,PT01,PT01. Cancers,IvH2NxNT1i2,OT Services
3652,HMIS108,HMIS 108 - IPD Monthly Report,EBqVAQRmiPm,hdpNGld5BFj,PT01,PT01. Cancers,KXQVCmilMrN,SLT Services
3653,HMIS108,HMIS 108 - IPD Monthly Report,EBqVAQRmiPm,hdpNGld5BFj,PT01,PT01. Cancers,AQmOIr8mkhA,P&O Services
3655,HMIS108,HMIS 108 - IPD Monthly Report,EBqVAQRmiPm,hdpNGld5BFj,PT01,PT01. Cancers,KlaBA6uAve7,Other rehab Services
1129,HMIS108,HMIS 108 - IPD Monthly Report,EBqVAQRmiPm,z5PkcPrK3fT,PT02,PT02. Cardiovascular,aBwgn3seEeJ,AUD Services
1125,HMIS108,HMIS 108 - IPD Monthly Report,EBqVAQRmiPm,z5PkcPrK3fT,PT02,PT02. Cardiovascular,QbWmboyft5U,PT Services
1126,HMIS108,HMIS 108 - IPD Monthly Report,EBqVAQRmiPm,z5PkcPrK3fT,PT02,PT02. Cardiovascular,IvH2NxNT1i2,OT Services
1130,HMIS108,HMIS 108 - IPD Monthly Report,EBqVAQRmiPm,z5PkcPrK3fT,PT02,PT02. Cardiovascular,KlaBA6uAve7,Other rehab Services
1128,HMIS108,HMIS 108 - IPD Monthly Report,EBqVAQRmiPm,z5PkcPrK3fT,PT02,PT02. Cardiovascular,AQmOIr8mkhA,P&O Services
1127,HMIS108,HMIS 108 - IPD Monthly Report,EBqVAQRmiPm,z5PkcPrK3fT,PT02,PT02. Cardiovascular,KXQVCmilMrN,SLT Services
2881,HMIS108,HMIS 108 - IPD Monthly Report,EBqVAQRmiPm,FJdpnF1uLL3,PT03,PT03. Mental,aBwgn3seEeJ,AUD Services
2877,HMIS108,HMIS 108 - IPD Monthly Report,EBqVAQRmiPm,FJdpnF1uLL3,PT03,PT03. Mental,QbWmboyft5U,PT Services
2878,HMIS108,HMIS 108 - IPD Monthly Report,EBqVAQRmiPm,FJdpnF1uLL3,PT03,PT03. Mental,IvH2NxNT1i2,OT Services
2879,HMIS108,HMIS 108 - IPD Monthly Report,EBqVAQRmiPm,FJdpnF1uLL3,PT03,PT03. Mental,KXQVCmilMrN,SLT Services
2880,HMIS108,HMIS 108 - IPD Monthly Report,EBqVAQRmiPm,FJdpnF1uLL3,PT03,PT03. Mental,AQmOIr8mkhA,P&O Services
2882,HMIS108,HMIS 108 - IPD Monthly Report,EBqVAQRmiPm,FJdpnF1uLL3,PT03,PT03. Mental,KlaBA6uAve7,Other rehab Services
1551,HMIS108,HMIS 108 - IPD Monthly Report,EBqVAQRmiPm,ySJ5xPJ2R0M,PT04,PT04. Musculoskeletal,KXQVCmilMrN,SLT Services
1553,HMIS108,HMIS 108 - IPD Monthly Report,EBqVAQRmiPm,ySJ5xPJ2R0M,PT04,PT04. Musculoskeletal,aBwgn3seEeJ,AUD Services
1550,HMIS108,HMIS 108 - IPD Monthly Report,EBqVAQRmiPm,ySJ5xPJ2R0M,PT04,PT04. Musculoskeletal,IvH2NxNT1i2,OT Services
1552,HMIS108,HMIS 108 - IPD Monthly Report,EBqVAQRmiPm,ySJ5xPJ2R0M,PT04,PT04. Musculoskeletal,AQmOIr8mkhA,P&O Services
1549,HMIS108,HMIS 108 - IPD Monthly Report,EBqVAQRmiPm,ySJ5xPJ2R0M,PT04,PT04. Musculoskeletal,QbWmboyft5U,PT Services
1554,HMIS108,HMIS 108 - IPD Monthly Report,EBqVAQRmiPm,ySJ5xPJ2R0M,PT04,PT04. Musculoskeletal,KlaBA6uAve7,Other rehab Services
1658,HMIS108,HMIS 108 - IPD Monthly Report,EBqVAQRmiPm,KT8EudDsMoZ,PT05,PT05. Neurological,KXQVCmilMrN,SLT Services
1661,HMIS108,HMIS 108 - IPD Monthly Report,EBqVAQRmiPm,KT8EudDsMoZ,PT05,PT05. Neurological,KlaBA6uAve7,Other rehab Services
1660,HMIS108,HMIS 108 - IPD Monthly Report,EBqVAQRmiPm,KT8EudDsMoZ,PT05,PT05. Neurological,aBwgn3seEeJ,AUD Services
1659,HMIS108,HMIS 108 - IPD Monthly Report,EBqVAQRmiPm,KT8EudDsMoZ,PT05,PT05. Neurological,AQmOIr8mkhA,P&O Services
1657,HMIS108,HMIS 108 - IPD Monthly Report,EBqVAQRmiPm,KT8EudDsMoZ,PT05,PT05. Neurological,IvH2NxNT1i2,OT Services
1656,HMIS108,HMIS 108 - IPD Monthly Report,EBqVAQRmiPm,KT8EudDsMoZ,PT05,PT05. Neurological,QbWmboyft5U,PT Services
341,HMIS108,HMIS 108 - IPD Monthly Report,EBqVAQRmiPm,jaD6HuE0Mey,PT06,PT06. Respiratory,KlaBA6uAve7,Other rehab Services
340,HMIS108,HMIS 108 - IPD Monthly Report,EBqVAQRmiPm,jaD6HuE0Mey,PT06,PT06. Respiratory,aBwgn3seEeJ,AUD Services
339,HMIS108,HMIS 108 - IPD Monthly Report,EBqVAQRmiPm,jaD6HuE0Mey,PT06,PT06. Respiratory,AQmOIr8mkhA,P&O Services
336,HMIS108,HMIS 108 - IPD Monthly Report,EBqVAQRmiPm,jaD6HuE0Mey,PT06,PT06. Respiratory,QbWmboyft5U,PT Services
337,HMIS108,HMIS 108 - IPD Monthly Report,EBqVAQRmiPm,jaD6HuE0Mey,PT06,PT06. Respiratory,IvH2NxNT1i2,OT Services
338,HMIS108,HMIS 108 - IPD Monthly Report,EBqVAQRmiPm,jaD6HuE0Mey,PT06,PT06. Respiratory,KXQVCmilMrN,SLT Services
1486,HMIS108,HMIS 108 - IPD Monthly Report,EBqVAQRmiPm,mKY7DVqHCC6,PT07,PT07. Sensory,KXQVCmilMrN,SLT Services
1484,HMIS108,HMIS 108 - IPD Monthly Report,EBqVAQRmiPm,mKY7DVqHCC6,PT07,PT07. Sensory,QbWmboyft5U,PT Services
1489,HMIS108,HMIS 108 - IPD Monthly Report,EBqVAQRmiPm,mKY7DVqHCC6,PT07,PT07. Sensory,KlaBA6uAve7,Other rehab Services
1485,HMIS108,HMIS 108 - IPD Monthly Report,EBqVAQRmiPm,mKY7DVqHCC6,PT07,PT07. Sensory,IvH2NxNT1i2,OT Services
1488,HMIS108,HMIS 108 - IPD Monthly Report,EBqVAQRmiPm,mKY7DVqHCC6,PT07,PT07. Sensory,aBwgn3seEeJ,AUD Services
1487,HMIS108,HMIS 108 - IPD Monthly Report,EBqVAQRmiPm,mKY7DVqHCC6,PT07,PT07. Sensory,AQmOIr8mkhA,P&O Services
2201,HMIS108,HMIS 108 - IPD Monthly Report,EBqVAQRmiPm,CxmadI5pAA1,PT08,PT08. Other conditions,IvH2NxNT1i2,OT Services
2205,HMIS108,HMIS 108 - IPD Monthly Report,EBqVAQRmiPm,CxmadI5pAA1,PT08,PT08. Other conditions,KlaBA6uAve7,Other rehab Services
2200,HMIS108,HMIS 108 - IPD Monthly Report,EBqVAQRmiPm,CxmadI5pAA1,PT08,PT08. Other conditions,QbWmboyft5U,PT Services
2204,HMIS108,HMIS 108 - IPD Monthly Report,EBqVAQRmiPm,CxmadI5pAA1,PT08,PT08. Other conditions,aBwgn3seEeJ,AUD Services
2202,HMIS108,HMIS 108 - IPD Monthly Report,EBqVAQRmiPm,CxmadI5pAA1,PT08,PT08. Other conditions,KXQVCmilMrN,SLT Services
2203,HMIS108,HMIS 108 - IPD Monthly Report,EBqVAQRmiPm,CxmadI5pAA1,PT08,PT08. Other conditions,AQmOIr8mkhA,P&O Services
3916,HMIS108,HMIS 108 - IPD Monthly Report,EBqVAQRmiPm,MX5ze6e9iP2,RA01,RA01. Plain radiography (X-ray),rCzvys285kN,"0-4Yrs, Male"
3918,HMIS108,HMIS 108 - IPD Monthly Report,EBqVAQRmiPm,MX5ze6e9iP2,RA01,RA01. Plain radiography (X-ray),ZgnHXnu30cI,"5+Yrs, Male"
3917,HMIS108,HMIS 108 - IPD Monthly Report,EBqVAQRmiPm,MX5ze6e9iP2,RA01,RA01. Plain radiography (X-ray),VZrxjCi8cQi,"0-4Yrs, Female"
3919,HMIS108,HMIS 108 - IPD Monthly Report,EBqVAQRmiPm,MX5ze6e9iP2,RA01,RA01. Plain radiography (X-ray),fHgwVjoElmE,"5+Yrs, Female"
3112,HMIS108,HMIS 108 - IPD Monthly Report,EBqVAQRmiPm,yLX4o9peOsQ,RA02,RA02. CXR (chest x-ray),rCzvys285kN,"0-4Yrs, Male"
3115,HMIS108,HMIS 108 - IPD Monthly Report,EBqVAQRmiPm,yLX4o9peOsQ,RA02,RA02. CXR (chest x-ray),fHgwVjoElmE,"5+Yrs, Female"
3113,HMIS108,HMIS 108 - IPD Monthly Report,EBqVAQRmiPm,yLX4o9peOsQ,RA02,RA02. CXR (chest x-ray),VZrxjCi8cQi,"0-4Yrs, Female"
3114,HMIS108,HMIS 108 - IPD Monthly Report,EBqVAQRmiPm,yLX4o9peOsQ,RA02,RA02. CXR (chest x-ray),ZgnHXnu30cI,"5+Yrs, Male"
4196,HMIS108,HMIS 108 - IPD Monthly Report,EBqVAQRmiPm,OeGeSyYymj2,RA03,RA03. Plain abdomen,VZrxjCi8cQi,"0-4Yrs, Female"
4198,HMIS108,HMIS 108 - IPD Monthly Report,EBqVAQRmiPm,OeGeSyYymj2,RA03,RA03. Plain abdomen,fHgwVjoElmE,"5+Yrs, Female"
4197,HMIS108,HMIS 108 - IPD Monthly Report,EBqVAQRmiPm,OeGeSyYymj2,RA03,RA03. Plain abdomen,ZgnHXnu30cI,"5+Yrs, Male"
4195,HMIS108,HMIS 108 - IPD Monthly Report,EBqVAQRmiPm,OeGeSyYymj2,RA03,RA03. Plain abdomen,rCzvys285kN,"0-4Yrs, Male"
2936,HMIS108,HMIS 108 - IPD Monthly Report,EBqVAQRmiPm,oetCmJsi1kn,RA04,RA04. Spine,fHgwVjoElmE,"5+Yrs, Female"
2934,HMIS108,HMIS 108 - IPD Monthly Report,EBqVAQRmiPm,oetCmJsi1kn,RA04,RA04. Spine,VZrxjCi8cQi,"0-4Yrs, Female"
2935,HMIS108,HMIS 108 - IPD Monthly Report,EBqVAQRmiPm,oetCmJsi1kn,RA04,RA04. Spine,ZgnHXnu30cI,"5+Yrs, Male"
2933,HMIS108,HMIS 108 - IPD Monthly Report,EBqVAQRmiPm,oetCmJsi1kn,RA04,RA04. Spine,rCzvys285kN,"0-4Yrs, Male"
168,HMIS108,HMIS 108 - IPD Monthly Report,EBqVAQRmiPm,tF2QBzkj3Pv,RA05,RA05. Upper limbs,VZrxjCi8cQi,"0-4Yrs, Female"
169,HMIS108,HMIS 108 - IPD Monthly Report,EBqVAQRmiPm,tF2QBzkj3Pv,RA05,RA05. Upper limbs,ZgnHXnu30cI,"5+Yrs, Male"
170,HMIS108,HMIS 108 - IPD Monthly Report,EBqVAQRmiPm,tF2QBzkj3Pv,RA05,RA05. Upper limbs,fHgwVjoElmE,"5+Yrs, Female"
167,HMIS108,HMIS 108 - IPD Monthly Report,EBqVAQRmiPm,tF2QBzkj3Pv,RA05,RA05. Upper limbs,rCzvys285kN,"0-4Yrs, Male"
3299,HMIS108,HMIS 108 - IPD Monthly Report,EBqVAQRmiPm,un0XVEV2Fqt,RA06,RA06. Lower limbs,rCzvys285kN,"0-4Yrs, Male"
3300,HMIS108,HMIS 108 - IPD Monthly Report,EBqVAQRmiPm,un0XVEV2Fqt,RA06,RA06. Lower limbs,VZrxjCi8cQi,"0-4Yrs, Female"
3302,HMIS108,HMIS 108 - IPD Monthly Report,EBqVAQRmiPm,un0XVEV2Fqt,RA06,RA06. Lower limbs,fHgwVjoElmE,"5+Yrs, Female"
3301,HMIS108,HMIS 108 - IPD Monthly Report,EBqVAQRmiPm,un0XVEV2Fqt,RA06,RA06. Lower limbs,ZgnHXnu30cI,"5+Yrs, Male"
2177,HMIS108,HMIS 108 - IPD Monthly Report,EBqVAQRmiPm,JXDidYOcYLp,RA07,RA07. Skull,VZrxjCi8cQi,"0-4Yrs, Female"
2176,HMIS108,HMIS 108 - IPD Monthly Report,EBqVAQRmiPm,JXDidYOcYLp,RA07,RA07. Skull,rCzvys285kN,"0-4Yrs, Male"
2179,HMIS108,HMIS 108 - IPD Monthly Report,EBqVAQRmiPm,JXDidYOcYLp,RA07,RA07. Skull,fHgwVjoElmE,"5+Yrs, Female"
2178,HMIS108,HMIS 108 - IPD Monthly Report,EBqVAQRmiPm,JXDidYOcYLp,RA07,RA07. Skull,ZgnHXnu30cI,"5+Yrs, Male"
2585,HMIS108,HMIS 108 - IPD Monthly Report,EBqVAQRmiPm,e1tvZG8X8IW,RA08,RA08. Pelvis,ZgnHXnu30cI,"5+Yrs, Male"
2586,HMIS108,HMIS 108 - IPD Monthly Report,EBqVAQRmiPm,e1tvZG8X8IW,RA08,RA08. Pelvis,fHgwVjoElmE,"5+Yrs, Female"
2583,HMIS108,HMIS 108 - IPD Monthly Report,EBqVAQRmiPm,e1tvZG8X8IW,RA08,RA08. Pelvis,rCzvys285kN,"0-4Yrs, Male"
2584,HMIS108,HMIS 108 - IPD Monthly Report,EBqVAQRmiPm,e1tvZG8X8IW,RA08,RA08. Pelvis,VZrxjCi8cQi,"0-4Yrs, Female"
3709,HMIS108,HMIS 108 - IPD Monthly Report,EBqVAQRmiPm,jAUpa2atDba,RB01,RB01. Alcohol use,okytTs4lVtF,"10-19Yrs, Male"
3714,HMIS108,HMIS 108 - IPD Monthly Report,EBqVAQRmiPm,jAUpa2atDba,RB01,RB01. Alcohol use,WcQxBXNAPj2,"25+Yrs, Female"
3713,HMIS108,HMIS 108 - IPD Monthly Report,EBqVAQRmiPm,jAUpa2atDba,RB01,RB01. Alcohol use,aK47vxl89ma,"25+Yrs, Male"
3712,HMIS108,HMIS 108 - IPD Monthly Report,EBqVAQRmiPm,jAUpa2atDba,RB01,RB01. Alcohol use,fI5tz0ACrww,"20-24Yrs, Female"
3711,HMIS108,HMIS 108 - IPD Monthly Report,EBqVAQRmiPm,jAUpa2atDba,RB01,RB01. Alcohol use,Tn87kKIUzdH,"20-24Yrs, Male"
3710,HMIS108,HMIS 108 - IPD Monthly Report,EBqVAQRmiPm,jAUpa2atDba,RB01,RB01. Alcohol use,vqCWJv9BBf8,"10-19Yrs, Female"
1202,HMIS108,HMIS 108 - IPD Monthly Report,EBqVAQRmiPm,JyBli1Cgxxy,RB02,RB02. Tobacco use,WcQxBXNAPj2,"25+Yrs, Female"
1201,HMIS108,HMIS 108 - IPD Monthly Report,EBqVAQRmiPm,JyBli1Cgxxy,RB02,RB02. Tobacco use,aK47vxl89ma,"25+Yrs, Male"
1200,HMIS108,HMIS 108 - IPD Monthly Report,EBqVAQRmiPm,JyBli1Cgxxy,RB02,RB02. Tobacco use,fI5tz0ACrww,"20-24Yrs, Female"
1197,HMIS108,HMIS 108 - IPD Monthly Report,EBqVAQRmiPm,JyBli1Cgxxy,RB02,RB02. Tobacco use,okytTs4lVtF,"10-19Yrs, Male"
1199,HMIS108,HMIS 108 - IPD Monthly Report,EBqVAQRmiPm,JyBli1Cgxxy,RB02,RB02. Tobacco use,Tn87kKIUzdH,"20-24Yrs, Male"
1198,HMIS108,HMIS 108 - IPD Monthly Report,EBqVAQRmiPm,JyBli1Cgxxy,RB02,RB02. Tobacco use,vqCWJv9BBf8,"10-19Yrs, Female"
1379,HMIS108,HMIS 108 - IPD Monthly Report,EBqVAQRmiPm,UNjwoydBBNa,RB03,RB03. Use of other Substances,WcQxBXNAPj2,"25+Yrs, Female"
1374,HMIS108,HMIS 108 - IPD Monthly Report,EBqVAQRmiPm,UNjwoydBBNa,RB03,RB03. Use of other Substances,okytTs4lVtF,"10-19Yrs, Male"
1375,HMIS108,HMIS 108 - IPD Monthly Report,EBqVAQRmiPm,UNjwoydBBNa,RB03,RB03. Use of other Substances,vqCWJv9BBf8,"10-19Yrs, Female"
1376,HMIS108,HMIS 108 - IPD Monthly Report,EBqVAQRmiPm,UNjwoydBBNa,RB03,RB03. Use of other Substances,Tn87kKIUzdH,"20-24Yrs, Male"
1377,HMIS108,HMIS 108 - IPD Monthly Report,EBqVAQRmiPm,UNjwoydBBNa,RB03,RB03. Use of other Substances,fI5tz0ACrww,"20-24Yrs, Female"
1378,HMIS108,HMIS 108 - IPD Monthly Report,EBqVAQRmiPm,UNjwoydBBNa,RB03,RB03. Use of other Substances,aK47vxl89ma,"25+Yrs, Male"
21,HMIS108,HMIS 108 - IPD Monthly Report,EBqVAQRmiPm,zeSxSpquU0H,RD01A,RD01a. Nephrotic syndrome  - Cases,VZrxjCi8cQi,"0-4Yrs, Female"
22,HMIS108,HMIS 108 - IPD Monthly Report,EBqVAQRmiPm,zeSxSpquU0H,RD01A,RD01a. Nephrotic syndrome  - Cases,ZgnHXnu30cI,"5+Yrs, Male"
20,HMIS108,HMIS 108 - IPD Monthly Report,EBqVAQRmiPm,zeSxSpquU0H,RD01A,RD01a. Nephrotic syndrome  - Cases,rCzvys285kN,"0-4Yrs, Male"
23,HMIS108,HMIS 108 - IPD Monthly Report,EBqVAQRmiPm,zeSxSpquU0H,RD01A,RD01a. Nephrotic syndrome  - Cases,fHgwVjoElmE,"5+Yrs, Female"
232,HMIS108,HMIS 108 - IPD Monthly Report,EBqVAQRmiPm,UfI1sqbHMCM,RD01B,RD01b. Nephrotic syndrome  - Deaths,rCzvys285kN,"0-4Yrs, Male"
234,HMIS108,HMIS 108 - IPD Monthly Report,EBqVAQRmiPm,UfI1sqbHMCM,RD01B,RD01b. Nephrotic syndrome  - Deaths,ZgnHXnu30cI,"5+Yrs, Male"
235,HMIS108,HMIS 108 - IPD Monthly Report,EBqVAQRmiPm,UfI1sqbHMCM,RD01B,RD01b. Nephrotic syndrome  - Deaths,fHgwVjoElmE,"5+Yrs, Female"
233,HMIS108,HMIS 108 - IPD Monthly Report,EBqVAQRmiPm,UfI1sqbHMCM,RD01B,RD01b. Nephrotic syndrome  - Deaths,VZrxjCi8cQi,"0-4Yrs, Female"
2520,HMIS108,HMIS 108 - IPD Monthly Report,EBqVAQRmiPm,O55NodLFpjw,RD02A,RD02a. End stage renal diseases (for those who need dialysis)  - Cases,fHgwVjoElmE,"5+Yrs, Female"
2517,HMIS108,HMIS 108 - IPD Monthly Report,EBqVAQRmiPm,O55NodLFpjw,RD02A,RD02a. End stage renal diseases (for those who need dialysis)  - Cases,rCzvys285kN,"0-4Yrs, Male"
2518,HMIS108,HMIS 108 - IPD Monthly Report,EBqVAQRmiPm,O55NodLFpjw,RD02A,RD02a. End stage renal diseases (for those who need dialysis)  - Cases,VZrxjCi8cQi,"0-4Yrs, Female"
2519,HMIS108,HMIS 108 - IPD Monthly Report,EBqVAQRmiPm,O55NodLFpjw,RD02A,RD02a. End stage renal diseases (for those who need dialysis)  - Cases,ZgnHXnu30cI,"5+Yrs, Male"
2719,HMIS108,HMIS 108 - IPD Monthly Report,EBqVAQRmiPm,R2vTR8afAEo,RD02B,RD02b. End stage renal diseases (for those who need dialysis)  - Deaths,fHgwVjoElmE,"5+Yrs, Female"
2718,HMIS108,HMIS 108 - IPD Monthly Report,EBqVAQRmiPm,R2vTR8afAEo,RD02B,RD02b. End stage renal diseases (for those who need dialysis)  - Deaths,ZgnHXnu30cI,"5+Yrs, Male"
2716,HMIS108,HMIS 108 - IPD Monthly Report,EBqVAQRmiPm,R2vTR8afAEo,RD02B,RD02b. End stage renal diseases (for those who need dialysis)  - Deaths,rCzvys285kN,"0-4Yrs, Male"
2717,HMIS108,HMIS 108 - IPD Monthly Report,EBqVAQRmiPm,R2vTR8afAEo,RD02B,RD02b. End stage renal diseases (for those who need dialysis)  - Deaths,VZrxjCi8cQi,"0-4Yrs, Female"
1037,HMIS108,HMIS 108 - IPD Monthly Report,EBqVAQRmiPm,RRoeiHTe1xq,RD03A,RD03a. Chronic Kidney Diseases  - Cases,ZgnHXnu30cI,"5+Yrs, Male"
1035,HMIS108,HMIS 108 - IPD Monthly Report,EBqVAQRmiPm,RRoeiHTe1xq,RD03A,RD03a. Chronic Kidney Diseases  - Cases,rCzvys285kN,"0-4Yrs, Male"
1036,HMIS108,HMIS 108 - IPD Monthly Report,EBqVAQRmiPm,RRoeiHTe1xq,RD03A,RD03a. Chronic Kidney Diseases  - Cases,VZrxjCi8cQi,"0-4Yrs, Female"
1038,HMIS108,HMIS 108 - IPD Monthly Report,EBqVAQRmiPm,RRoeiHTe1xq,RD03A,RD03a. Chronic Kidney Diseases  - Cases,fHgwVjoElmE,"5+Yrs, Female"
4220,HMIS108,HMIS 108 - IPD Monthly Report,EBqVAQRmiPm,RNoPse2lznb,RD03B,RD03b. Chronic Kidney Diseases  - Deaths,ZgnHXnu30cI,"5+Yrs, Male"
4218,HMIS108,HMIS 108 - IPD Monthly Report,EBqVAQRmiPm,RNoPse2lznb,RD03B,RD03b. Chronic Kidney Diseases  - Deaths,rCzvys285kN,"0-4Yrs, Male"
4219,HMIS108,HMIS 108 - IPD Monthly Report,EBqVAQRmiPm,RNoPse2lznb,RD03B,RD03b. Chronic Kidney Diseases  - Deaths,VZrxjCi8cQi,"0-4Yrs, Female"
4221,HMIS108,HMIS 108 - IPD Monthly Report,EBqVAQRmiPm,RNoPse2lznb,RD03B,RD03b. Chronic Kidney Diseases  - Deaths,fHgwVjoElmE,"5+Yrs, Female"
3923,HMIS108,HMIS 108 - IPD Monthly Report,EBqVAQRmiPm,RnVHavaAqoh,RD04A,RD04a. Acute Kidney Injury  - Cases,ZgnHXnu30cI,"5+Yrs, Male"
3921,HMIS108,HMIS 108 - IPD Monthly Report,EBqVAQRmiPm,RnVHavaAqoh,RD04A,RD04a. Acute Kidney Injury  - Cases,rCzvys285kN,"0-4Yrs, Male"
3922,HMIS108,HMIS 108 - IPD Monthly Report,EBqVAQRmiPm,RnVHavaAqoh,RD04A,RD04a. Acute Kidney Injury  - Cases,VZrxjCi8cQi,"0-4Yrs, Female"
3924,HMIS108,HMIS 108 - IPD Monthly Report,EBqVAQRmiPm,RnVHavaAqoh,RD04A,RD04a. Acute Kidney Injury  - Cases,fHgwVjoElmE,"5+Yrs, Female"
2723,HMIS108,HMIS 108 - IPD Monthly Report,EBqVAQRmiPm,RYq5BxOFkiP,RD04B,RD04b. Acute Kidney Injury  - Deaths,fHgwVjoElmE,"5+Yrs, Female"
2721,HMIS108,HMIS 108 - IPD Monthly Report,EBqVAQRmiPm,RYq5BxOFkiP,RD04B,RD04b. Acute Kidney Injury  - Deaths,VZrxjCi8cQi,"0-4Yrs, Female"
2720,HMIS108,HMIS 108 - IPD Monthly Report,EBqVAQRmiPm,RYq5BxOFkiP,RD04B,RD04b. Acute Kidney Injury  - Deaths,rCzvys285kN,"0-4Yrs, Male"
2722,HMIS108,HMIS 108 - IPD Monthly Report,EBqVAQRmiPm,RYq5BxOFkiP,RD04B,RD04b. Acute Kidney Injury  - Deaths,ZgnHXnu30cI,"5+Yrs, Male"
3019,HMIS108,HMIS 108 - IPD Monthly Report,EBqVAQRmiPm,KaiRlcMERhC,RD05A,RD05a. HIV nephropathy  - Cases,fHgwVjoElmE,"5+Yrs, Female"
3016,HMIS108,HMIS 108 - IPD Monthly Report,EBqVAQRmiPm,KaiRlcMERhC,RD05A,RD05a. HIV nephropathy  - Cases,rCzvys285kN,"0-4Yrs, Male"
3017,HMIS108,HMIS 108 - IPD Monthly Report,EBqVAQRmiPm,KaiRlcMERhC,RD05A,RD05a. HIV nephropathy  - Cases,VZrxjCi8cQi,"0-4Yrs, Female"
3018,HMIS108,HMIS 108 - IPD Monthly Report,EBqVAQRmiPm,KaiRlcMERhC,RD05A,RD05a. HIV nephropathy  - Cases,ZgnHXnu30cI,"5+Yrs, Male"
1947,HMIS108,HMIS 108 - IPD Monthly Report,EBqVAQRmiPm,RYPR9RFgVcE,RD05B,RD05b. HIV nephropathy  - Deaths,ZgnHXnu30cI,"5+Yrs, Male"
1945,HMIS108,HMIS 108 - IPD Monthly Report,EBqVAQRmiPm,RYPR9RFgVcE,RD05B,RD05b. HIV nephropathy  - Deaths,rCzvys285kN,"0-4Yrs, Male"
1948,HMIS108,HMIS 108 - IPD Monthly Report,EBqVAQRmiPm,RYPR9RFgVcE,RD05B,RD05b. HIV nephropathy  - Deaths,fHgwVjoElmE,"5+Yrs, Female"
1946,HMIS108,HMIS 108 - IPD Monthly Report,EBqVAQRmiPm,RYPR9RFgVcE,RD05B,RD05b. HIV nephropathy  - Deaths,VZrxjCi8cQi,"0-4Yrs, Female"
1030,HMIS108,HMIS 108 - IPD Monthly Report,EBqVAQRmiPm,aU1fTAAnFqm,RF01,RF01. No. of Inpatients referred from this health unit,HllvX50cXC0,default
3107,HMIS108,HMIS 108 - IPD Monthly Report,EBqVAQRmiPm,qUdDZTe4q21,RF02,RF02. No of Inpatients referred to the health unit,HllvX50cXC0,default
346,HMIS108,HMIS 108 - IPD Monthly Report,EBqVAQRmiPm,vNcebhczYC3,RF03,RF03. No. of inpatients who have self-referred,HllvX50cXC0,default
523,HMIS108,HMIS 108 - IPD Monthly Report,EBqVAQRmiPm,ezFHh8VeBTn,RF04,RF04. No. of inpatients who have run-away,HllvX50cXC0,default
1043,HMIS108,HMIS 108 - IPD Monthly Report,EBqVAQRmiPm,UZjlHNU31ri,RM01A,RM01a. Rheumatoid Arthritis  - Cases,rCzvys285kN,"0-4Yrs, Male"
1046,HMIS108,HMIS 108 - IPD Monthly Report,EBqVAQRmiPm,UZjlHNU31ri,RM01A,RM01a. Rheumatoid Arthritis  - Cases,fHgwVjoElmE,"5+Yrs, Female"
1045,HMIS108,HMIS 108 - IPD Monthly Report,EBqVAQRmiPm,UZjlHNU31ri,RM01A,RM01a. Rheumatoid Arthritis  - Cases,ZgnHXnu30cI,"5+Yrs, Male"
1044,HMIS108,HMIS 108 - IPD Monthly Report,EBqVAQRmiPm,UZjlHNU31ri,RM01A,RM01a. Rheumatoid Arthritis  - Cases,VZrxjCi8cQi,"0-4Yrs, Female"
2186,HMIS108,HMIS 108 - IPD Monthly Report,EBqVAQRmiPm,YKBOIwmeplt,RM01B,RM01b. Rheumatoid Arthritis  - Deaths,ZgnHXnu30cI,"5+Yrs, Male"
2185,HMIS108,HMIS 108 - IPD Monthly Report,EBqVAQRmiPm,YKBOIwmeplt,RM01B,RM01b. Rheumatoid Arthritis  - Deaths,VZrxjCi8cQi,"0-4Yrs, Female"
2184,HMIS108,HMIS 108 - IPD Monthly Report,EBqVAQRmiPm,YKBOIwmeplt,RM01B,RM01b. Rheumatoid Arthritis  - Deaths,rCzvys285kN,"0-4Yrs, Male"
2187,HMIS108,HMIS 108 - IPD Monthly Report,EBqVAQRmiPm,YKBOIwmeplt,RM01B,RM01b. Rheumatoid Arthritis  - Deaths,fHgwVjoElmE,"5+Yrs, Female"
2097,HMIS108,HMIS 108 - IPD Monthly Report,EBqVAQRmiPm,Rcj04tQtE3Z,RM02A,RM02a. Septic Arthritis  - Cases,rCzvys285kN,"0-4Yrs, Male"
2098,HMIS108,HMIS 108 - IPD Monthly Report,EBqVAQRmiPm,Rcj04tQtE3Z,RM02A,RM02a. Septic Arthritis  - Cases,VZrxjCi8cQi,"0-4Yrs, Female"
2099,HMIS108,HMIS 108 - IPD Monthly Report,EBqVAQRmiPm,Rcj04tQtE3Z,RM02A,RM02a. Septic Arthritis  - Cases,ZgnHXnu30cI,"5+Yrs, Male"
2100,HMIS108,HMIS 108 - IPD Monthly Report,EBqVAQRmiPm,Rcj04tQtE3Z,RM02A,RM02a. Septic Arthritis  - Cases,fHgwVjoElmE,"5+Yrs, Female"
825,HMIS108,HMIS 108 - IPD Monthly Report,EBqVAQRmiPm,f3dPv2Y8mNJ,RM02B,RM02b. Septic Arthritis  - Deaths,ZgnHXnu30cI,"5+Yrs, Male"
823,HMIS108,HMIS 108 - IPD Monthly Report,EBqVAQRmiPm,f3dPv2Y8mNJ,RM02B,RM02b. Septic Arthritis  - Deaths,rCzvys285kN,"0-4Yrs, Male"
824,HMIS108,HMIS 108 - IPD Monthly Report,EBqVAQRmiPm,f3dPv2Y8mNJ,RM02B,RM02b. Septic Arthritis  - Deaths,VZrxjCi8cQi,"0-4Yrs, Female"
826,HMIS108,HMIS 108 - IPD Monthly Report,EBqVAQRmiPm,f3dPv2Y8mNJ,RM02B,RM02b. Septic Arthritis  - Deaths,fHgwVjoElmE,"5+Yrs, Female"
629,HMIS108,HMIS 108 - IPD Monthly Report,EBqVAQRmiPm,yHSq2dmeCEk,RM03A,RM03a. Osteoarthritis  - Cases,ZgnHXnu30cI,"5+Yrs, Male"
628,HMIS108,HMIS 108 - IPD Monthly Report,EBqVAQRmiPm,yHSq2dmeCEk,RM03A,RM03a. Osteoarthritis  - Cases,VZrxjCi8cQi,"0-4Yrs, Female"
627,HMIS108,HMIS 108 - IPD Monthly Report,EBqVAQRmiPm,yHSq2dmeCEk,RM03A,RM03a. Osteoarthritis  - Cases,rCzvys285kN,"0-4Yrs, Male"
630,HMIS108,HMIS 108 - IPD Monthly Report,EBqVAQRmiPm,yHSq2dmeCEk,RM03A,RM03a. Osteoarthritis  - Cases,fHgwVjoElmE,"5+Yrs, Female"
2770,HMIS108,HMIS 108 - IPD Monthly Report,EBqVAQRmiPm,qeXMtmBzN2G,RM03B,RM03b. Osteoarthritis  - Deaths,rCzvys285kN,"0-4Yrs, Male"
2773,HMIS108,HMIS 108 - IPD Monthly Report,EBqVAQRmiPm,qeXMtmBzN2G,RM03B,RM03b. Osteoarthritis  - Deaths,fHgwVjoElmE,"5+Yrs, Female"
2772,HMIS108,HMIS 108 - IPD Monthly Report,EBqVAQRmiPm,qeXMtmBzN2G,RM03B,RM03b. Osteoarthritis  - Deaths,ZgnHXnu30cI,"5+Yrs, Male"
2771,HMIS108,HMIS 108 - IPD Monthly Report,EBqVAQRmiPm,qeXMtmBzN2G,RM03B,RM03b. Osteoarthritis  - Deaths,VZrxjCi8cQi,"0-4Yrs, Female"
3180,HMIS108,HMIS 108 - IPD Monthly Report,EBqVAQRmiPm,kB8WE8RqPT3,RM04A,RM04a. Gout  - Cases,fHgwVjoElmE,"5+Yrs, Female"
3179,HMIS108,HMIS 108 - IPD Monthly Report,EBqVAQRmiPm,kB8WE8RqPT3,RM04A,RM04a. Gout  - Cases,ZgnHXnu30cI,"5+Yrs, Male"
3178,HMIS108,HMIS 108 - IPD Monthly Report,EBqVAQRmiPm,kB8WE8RqPT3,RM04A,RM04a. Gout  - Cases,VZrxjCi8cQi,"0-4Yrs, Female"
3177,HMIS108,HMIS 108 - IPD Monthly Report,EBqVAQRmiPm,kB8WE8RqPT3,RM04A,RM04a. Gout  - Cases,rCzvys285kN,"0-4Yrs, Male"
2088,HMIS108,HMIS 108 - IPD Monthly Report,EBqVAQRmiPm,n0EDVq8SomT,RM04B,RM04b. Gout  - Deaths,rCzvys285kN,"0-4Yrs, Male"
2090,HMIS108,HMIS 108 - IPD Monthly Report,EBqVAQRmiPm,n0EDVq8SomT,RM04B,RM04b. Gout  - Deaths,ZgnHXnu30cI,"5+Yrs, Male"
2091,HMIS108,HMIS 108 - IPD Monthly Report,EBqVAQRmiPm,n0EDVq8SomT,RM04B,RM04b. Gout  - Deaths,fHgwVjoElmE,"5+Yrs, Female"
2089,HMIS108,HMIS 108 - IPD Monthly Report,EBqVAQRmiPm,n0EDVq8SomT,RM04B,RM04b. Gout  - Deaths,VZrxjCi8cQi,"0-4Yrs, Female"
732,HMIS108,HMIS 108 - IPD Monthly Report,EBqVAQRmiPm,d0SAmcQD81f,RM05A,RM05a. Systemic Lupus Erythematous  - Cases,rCzvys285kN,"0-4Yrs, Male"
733,HMIS108,HMIS 108 - IPD Monthly Report,EBqVAQRmiPm,d0SAmcQD81f,RM05A,RM05a. Systemic Lupus Erythematous  - Cases,VZrxjCi8cQi,"0-4Yrs, Female"
734,HMIS108,HMIS 108 - IPD Monthly Report,EBqVAQRmiPm,d0SAmcQD81f,RM05A,RM05a. Systemic Lupus Erythematous  - Cases,ZgnHXnu30cI,"5+Yrs, Male"
735,HMIS108,HMIS 108 - IPD Monthly Report,EBqVAQRmiPm,d0SAmcQD81f,RM05A,RM05a. Systemic Lupus Erythematous  - Cases,fHgwVjoElmE,"5+Yrs, Female"
1136,HMIS108,HMIS 108 - IPD Monthly Report,EBqVAQRmiPm,KObLiBsY0pJ,RM05B,RM05b. Systemic Lupus Erythematous  - Deaths,VZrxjCi8cQi,"0-4Yrs, Female"
1135,HMIS108,HMIS 108 - IPD Monthly Report,EBqVAQRmiPm,KObLiBsY0pJ,RM05B,RM05b. Systemic Lupus Erythematous  - Deaths,rCzvys285kN,"0-4Yrs, Male"
1138,HMIS108,HMIS 108 - IPD Monthly Report,EBqVAQRmiPm,KObLiBsY0pJ,RM05B,RM05b. Systemic Lupus Erythematous  - Deaths,fHgwVjoElmE,"5+Yrs, Female"
1137,HMIS108,HMIS 108 - IPD Monthly Report,EBqVAQRmiPm,KObLiBsY0pJ,RM05B,RM05b. Systemic Lupus Erythematous  - Deaths,ZgnHXnu30cI,"5+Yrs, Male"
2550,HMIS108,HMIS 108 - IPD Monthly Report,EBqVAQRmiPm,bnhid8VxwrL,RM06A,RM06a. Polyarthritis unspecified  - Cases,fHgwVjoElmE,"5+Yrs, Female"
2547,HMIS108,HMIS 108 - IPD Monthly Report,EBqVAQRmiPm,bnhid8VxwrL,RM06A,RM06a. Polyarthritis unspecified  - Cases,rCzvys285kN,"0-4Yrs, Male"
2548,HMIS108,HMIS 108 - IPD Monthly Report,EBqVAQRmiPm,bnhid8VxwrL,RM06A,RM06a. Polyarthritis unspecified  - Cases,VZrxjCi8cQi,"0-4Yrs, Female"
2549,HMIS108,HMIS 108 - IPD Monthly Report,EBqVAQRmiPm,bnhid8VxwrL,RM06A,RM06a. Polyarthritis unspecified  - Cases,ZgnHXnu30cI,"5+Yrs, Male"
1086,HMIS108,HMIS 108 - IPD Monthly Report,EBqVAQRmiPm,qwpp3buONDM,RM06B,RM06b. Polyarthritis unspecified  - Deaths,ZgnHXnu30cI,"5+Yrs, Male"
1085,HMIS108,HMIS 108 - IPD Monthly Report,EBqVAQRmiPm,qwpp3buONDM,RM06B,RM06b. Polyarthritis unspecified  - Deaths,VZrxjCi8cQi,"0-4Yrs, Female"
1087,HMIS108,HMIS 108 - IPD Monthly Report,EBqVAQRmiPm,qwpp3buONDM,RM06B,RM06b. Polyarthritis unspecified  - Deaths,fHgwVjoElmE,"5+Yrs, Female"
1084,HMIS108,HMIS 108 - IPD Monthly Report,EBqVAQRmiPm,qwpp3buONDM,RM06B,RM06b. Polyarthritis unspecified  - Deaths,rCzvys285kN,"0-4Yrs, Male"
757,HMIS108,HMIS 108 - IPD Monthly Report,EBqVAQRmiPm,uzNV6toZeFj,RM07A,RM07a. Monoarthritis unspecified  - Cases,fHgwVjoElmE,"5+Yrs, Female"
755,HMIS108,HMIS 108 - IPD Monthly Report,EBqVAQRmiPm,uzNV6toZeFj,RM07A,RM07a. Monoarthritis unspecified  - Cases,VZrxjCi8cQi,"0-4Yrs, Female"
756,HMIS108,HMIS 108 - IPD Monthly Report,EBqVAQRmiPm,uzNV6toZeFj,RM07A,RM07a. Monoarthritis unspecified  - Cases,ZgnHXnu30cI,"5+Yrs, Male"
754,HMIS108,HMIS 108 - IPD Monthly Report,EBqVAQRmiPm,uzNV6toZeFj,RM07A,RM07a. Monoarthritis unspecified  - Cases,rCzvys285kN,"0-4Yrs, Male"
4230,HMIS108,HMIS 108 - IPD Monthly Report,EBqVAQRmiPm,lU90CM3Irg8,RM07B,RM07b. Monoarthritis unspecified  - Deaths,rCzvys285kN,"0-4Yrs, Male"
4233,HMIS108,HMIS 108 - IPD Monthly Report,EBqVAQRmiPm,lU90CM3Irg8,RM07B,RM07b. Monoarthritis unspecified  - Deaths,fHgwVjoElmE,"5+Yrs, Female"
4232,HMIS108,HMIS 108 - IPD Monthly Report,EBqVAQRmiPm,lU90CM3Irg8,RM07B,RM07b. Monoarthritis unspecified  - Deaths,ZgnHXnu30cI,"5+Yrs, Male"
4231,HMIS108,HMIS 108 - IPD Monthly Report,EBqVAQRmiPm,lU90CM3Irg8,RM07B,RM07b. Monoarthritis unspecified  - Deaths,VZrxjCi8cQi,"0-4Yrs, Female"
261,HMIS108,HMIS 108 - IPD Monthly Report,EBqVAQRmiPm,qQqspI9Ussz,RM08A,RM08a. Myalgia  - Cases,rCzvys285kN,"0-4Yrs, Male"
264,HMIS108,HMIS 108 - IPD Monthly Report,EBqVAQRmiPm,qQqspI9Ussz,RM08A,RM08a. Myalgia  - Cases,fHgwVjoElmE,"5+Yrs, Female"
263,HMIS108,HMIS 108 - IPD Monthly Report,EBqVAQRmiPm,qQqspI9Ussz,RM08A,RM08a. Myalgia  - Cases,ZgnHXnu30cI,"5+Yrs, Male"
262,HMIS108,HMIS 108 - IPD Monthly Report,EBqVAQRmiPm,qQqspI9Ussz,RM08A,RM08a. Myalgia  - Cases,VZrxjCi8cQi,"0-4Yrs, Female"
1701,HMIS108,HMIS 108 - IPD Monthly Report,EBqVAQRmiPm,FppZriY3Geq,RM08B,RM08b. Myalgia  - Deaths,ZgnHXnu30cI,"5+Yrs, Male"
1699,HMIS108,HMIS 108 - IPD Monthly Report,EBqVAQRmiPm,FppZriY3Geq,RM08B,RM08b. Myalgia  - Deaths,rCzvys285kN,"0-4Yrs, Male"
1700,HMIS108,HMIS 108 - IPD Monthly Report,EBqVAQRmiPm,FppZriY3Geq,RM08B,RM08b. Myalgia  - Deaths,VZrxjCi8cQi,"0-4Yrs, Female"
1702,HMIS108,HMIS 108 - IPD Monthly Report,EBqVAQRmiPm,FppZriY3Geq,RM08B,RM08b. Myalgia  - Deaths,fHgwVjoElmE,"5+Yrs, Female"
3456,HMIS108,HMIS 108 - IPD Monthly Report,EBqVAQRmiPm,WtMzN70ijvr,RM09A,RM09a. Others (please specify)  - Cases,VZrxjCi8cQi,"0-4Yrs, Female"
3455,HMIS108,HMIS 108 - IPD Monthly Report,EBqVAQRmiPm,WtMzN70ijvr,RM09A,RM09a. Others (please specify)  - Cases,rCzvys285kN,"0-4Yrs, Male"
3457,HMIS108,HMIS 108 - IPD Monthly Report,EBqVAQRmiPm,WtMzN70ijvr,RM09A,RM09a. Others (please specify)  - Cases,ZgnHXnu30cI,"5+Yrs, Male"
3458,HMIS108,HMIS 108 - IPD Monthly Report,EBqVAQRmiPm,WtMzN70ijvr,RM09A,RM09a. Others (please specify)  - Cases,fHgwVjoElmE,"5+Yrs, Female"
2061,HMIS108,HMIS 108 - IPD Monthly Report,EBqVAQRmiPm,ZWpqIceJFh3,RM09B,RM09b. Others (please specify)  - Deaths,ZgnHXnu30cI,"5+Yrs, Male"
2059,HMIS108,HMIS 108 - IPD Monthly Report,EBqVAQRmiPm,ZWpqIceJFh3,RM09B,RM09b. Others (please specify)  - Deaths,rCzvys285kN,"0-4Yrs, Male"
2062,HMIS108,HMIS 108 - IPD Monthly Report,EBqVAQRmiPm,ZWpqIceJFh3,RM09B,RM09b. Others (please specify)  - Deaths,fHgwVjoElmE,"5+Yrs, Female"
2060,HMIS108,HMIS 108 - IPD Monthly Report,EBqVAQRmiPm,ZWpqIceJFh3,RM09B,RM09b. Others (please specify)  - Deaths,VZrxjCi8cQi,"0-4Yrs, Female"
3565,HMIS108,HMIS 108 - IPD Monthly Report,EBqVAQRmiPm,nzgeBjLfGwa,RR01,RR01. Referral for AP,HllvX50cXC0,default
2724,HMIS108,HMIS 108 - IPD Monthly Report,EBqVAQRmiPm,cs3kZ6uMBay,RR02,RR02. Referral for rehabilitation services,HllvX50cXC0,default
1075,HMIS108,HMIS 108 - IPD Monthly Report,EBqVAQRmiPm,THvhqQBDJMa,RS01,RS01. Cancers,J0tZbSIQgJh,"35-59Yrs, Female"
1076,HMIS108,HMIS 108 - IPD Monthly Report,EBqVAQRmiPm,THvhqQBDJMa,RS01,RS01. Cancers,Yx9LGiAEzJI,"60+Yrs, Male"
1077,HMIS108,HMIS 108 - IPD Monthly Report,EBqVAQRmiPm,THvhqQBDJMa,RS01,RS01. Cancers,wgxsjUMb8Rw,"60+Yrs, Female"
1070,HMIS108,HMIS 108 - IPD Monthly Report,EBqVAQRmiPm,THvhqQBDJMa,RS01,RS01. Cancers,mtJPFOZgbxi,"10-19Yrs, Male"
1071,HMIS108,HMIS 108 - IPD Monthly Report,EBqVAQRmiPm,THvhqQBDJMa,RS01,RS01. Cancers,VSQdmcsGlPJ,"10-19Yrs, Female"
1072,HMIS108,HMIS 108 - IPD Monthly Report,EBqVAQRmiPm,THvhqQBDJMa,RS01,RS01. Cancers,cYqRrSx1FDh,"20 – 34Yrs, Male"
1066,HMIS108,HMIS 108 - IPD Monthly Report,EBqVAQRmiPm,THvhqQBDJMa,RS01,RS01. Cancers,r6izn2XFqEc,"0-4Yrs, Male"
1067,HMIS108,HMIS 108 - IPD Monthly Report,EBqVAQRmiPm,THvhqQBDJMa,RS01,RS01. Cancers,NYHvlXEt4Ak,"0-4Yrs, Female"
1073,HMIS108,HMIS 108 - IPD Monthly Report,EBqVAQRmiPm,THvhqQBDJMa,RS01,RS01. Cancers,tNGX99SZlLN,"20 – 34Yrs, Female"
1068,HMIS108,HMIS 108 - IPD Monthly Report,EBqVAQRmiPm,THvhqQBDJMa,RS01,RS01. Cancers,A8rYH97KrsT,"5-9Yrs, Male"
1069,HMIS108,HMIS 108 - IPD Monthly Report,EBqVAQRmiPm,THvhqQBDJMa,RS01,RS01. Cancers,GNNdPRsjO2n,"5-9Yrs, Female"
1074,HMIS108,HMIS 108 - IPD Monthly Report,EBqVAQRmiPm,THvhqQBDJMa,RS01,RS01. Cancers,u5FiIkNknnZ,"35-59Yrs, Male"
980,HMIS108,HMIS 108 - IPD Monthly Report,EBqVAQRmiPm,U4CaZSIMbkY,RS02,RS02. Cardiovascular,cYqRrSx1FDh,"20 – 34Yrs, Male"
981,HMIS108,HMIS 108 - IPD Monthly Report,EBqVAQRmiPm,U4CaZSIMbkY,RS02,RS02. Cardiovascular,tNGX99SZlLN,"20 – 34Yrs, Female"
982,HMIS108,HMIS 108 - IPD Monthly Report,EBqVAQRmiPm,U4CaZSIMbkY,RS02,RS02. Cardiovascular,u5FiIkNknnZ,"35-59Yrs, Male"
984,HMIS108,HMIS 108 - IPD Monthly Report,EBqVAQRmiPm,U4CaZSIMbkY,RS02,RS02. Cardiovascular,Yx9LGiAEzJI,"60+Yrs, Male"
985,HMIS108,HMIS 108 - IPD Monthly Report,EBqVAQRmiPm,U4CaZSIMbkY,RS02,RS02. Cardiovascular,wgxsjUMb8Rw,"60+Yrs, Female"
983,HMIS108,HMIS 108 - IPD Monthly Report,EBqVAQRmiPm,U4CaZSIMbkY,RS02,RS02. Cardiovascular,J0tZbSIQgJh,"35-59Yrs, Female"
974,HMIS108,HMIS 108 - IPD Monthly Report,EBqVAQRmiPm,U4CaZSIMbkY,RS02,RS02. Cardiovascular,r6izn2XFqEc,"0-4Yrs, Male"
975,HMIS108,HMIS 108 - IPD Monthly Report,EBqVAQRmiPm,U4CaZSIMbkY,RS02,RS02. Cardiovascular,NYHvlXEt4Ak,"0-4Yrs, Female"
976,HMIS108,HMIS 108 - IPD Monthly Report,EBqVAQRmiPm,U4CaZSIMbkY,RS02,RS02. Cardiovascular,A8rYH97KrsT,"5-9Yrs, Male"
977,HMIS108,HMIS 108 - IPD Monthly Report,EBqVAQRmiPm,U4CaZSIMbkY,RS02,RS02. Cardiovascular,GNNdPRsjO2n,"5-9Yrs, Female"
978,HMIS108,HMIS 108 - IPD Monthly Report,EBqVAQRmiPm,U4CaZSIMbkY,RS02,RS02. Cardiovascular,mtJPFOZgbxi,"10-19Yrs, Male"
979,HMIS108,HMIS 108 - IPD Monthly Report,EBqVAQRmiPm,U4CaZSIMbkY,RS02,RS02. Cardiovascular,VSQdmcsGlPJ,"10-19Yrs, Female"
3136,HMIS108,HMIS 108 - IPD Monthly Report,EBqVAQRmiPm,bJ59qfdAfAT,RS03,RS03. Mental,A8rYH97KrsT,"5-9Yrs, Male"
3135,HMIS108,HMIS 108 - IPD Monthly Report,EBqVAQRmiPm,bJ59qfdAfAT,RS03,RS03. Mental,NYHvlXEt4Ak,"0-4Yrs, Female"
3134,HMIS108,HMIS 108 - IPD Monthly Report,EBqVAQRmiPm,bJ59qfdAfAT,RS03,RS03. Mental,r6izn2XFqEc,"0-4Yrs, Male"
3145,HMIS108,HMIS 108 - IPD Monthly Report,EBqVAQRmiPm,bJ59qfdAfAT,RS03,RS03. Mental,wgxsjUMb8Rw,"60+Yrs, Female"
3144,HMIS108,HMIS 108 - IPD Monthly Report,EBqVAQRmiPm,bJ59qfdAfAT,RS03,RS03. Mental,Yx9LGiAEzJI,"60+Yrs, Male"
3143,HMIS108,HMIS 108 - IPD Monthly Report,EBqVAQRmiPm,bJ59qfdAfAT,RS03,RS03. Mental,J0tZbSIQgJh,"35-59Yrs, Female"
3142,HMIS108,HMIS 108 - IPD Monthly Report,EBqVAQRmiPm,bJ59qfdAfAT,RS03,RS03. Mental,u5FiIkNknnZ,"35-59Yrs, Male"
3141,HMIS108,HMIS 108 - IPD Monthly Report,EBqVAQRmiPm,bJ59qfdAfAT,RS03,RS03. Mental,tNGX99SZlLN,"20 – 34Yrs, Female"
3140,HMIS108,HMIS 108 - IPD Monthly Report,EBqVAQRmiPm,bJ59qfdAfAT,RS03,RS03. Mental,cYqRrSx1FDh,"20 – 34Yrs, Male"
3139,HMIS108,HMIS 108 - IPD Monthly Report,EBqVAQRmiPm,bJ59qfdAfAT,RS03,RS03. Mental,VSQdmcsGlPJ,"10-19Yrs, Female"
3138,HMIS108,HMIS 108 - IPD Monthly Report,EBqVAQRmiPm,bJ59qfdAfAT,RS03,RS03. Mental,mtJPFOZgbxi,"10-19Yrs, Male"
3137,HMIS108,HMIS 108 - IPD Monthly Report,EBqVAQRmiPm,bJ59qfdAfAT,RS03,RS03. Mental,GNNdPRsjO2n,"5-9Yrs, Female"
1696,HMIS108,HMIS 108 - IPD Monthly Report,EBqVAQRmiPm,KmItAWc1PZU,RS04,RS04. Musculoskeletal,wgxsjUMb8Rw,"60+Yrs, Female"
1685,HMIS108,HMIS 108 - IPD Monthly Report,EBqVAQRmiPm,KmItAWc1PZU,RS04,RS04. Musculoskeletal,r6izn2XFqEc,"0-4Yrs, Male"
1686,HMIS108,HMIS 108 - IPD Monthly Report,EBqVAQRmiPm,KmItAWc1PZU,RS04,RS04. Musculoskeletal,NYHvlXEt4Ak,"0-4Yrs, Female"
1687,HMIS108,HMIS 108 - IPD Monthly Report,EBqVAQRmiPm,KmItAWc1PZU,RS04,RS04. Musculoskeletal,A8rYH97KrsT,"5-9Yrs, Male"
1688,HMIS108,HMIS 108 - IPD Monthly Report,EBqVAQRmiPm,KmItAWc1PZU,RS04,RS04. Musculoskeletal,GNNdPRsjO2n,"5-9Yrs, Female"
1689,HMIS108,HMIS 108 - IPD Monthly Report,EBqVAQRmiPm,KmItAWc1PZU,RS04,RS04. Musculoskeletal,mtJPFOZgbxi,"10-19Yrs, Male"
1690,HMIS108,HMIS 108 - IPD Monthly Report,EBqVAQRmiPm,KmItAWc1PZU,RS04,RS04. Musculoskeletal,VSQdmcsGlPJ,"10-19Yrs, Female"
1691,HMIS108,HMIS 108 - IPD Monthly Report,EBqVAQRmiPm,KmItAWc1PZU,RS04,RS04. Musculoskeletal,cYqRrSx1FDh,"20 – 34Yrs, Male"
1692,HMIS108,HMIS 108 - IPD Monthly Report,EBqVAQRmiPm,KmItAWc1PZU,RS04,RS04. Musculoskeletal,tNGX99SZlLN,"20 – 34Yrs, Female"
1693,HMIS108,HMIS 108 - IPD Monthly Report,EBqVAQRmiPm,KmItAWc1PZU,RS04,RS04. Musculoskeletal,u5FiIkNknnZ,"35-59Yrs, Male"
1694,HMIS108,HMIS 108 - IPD Monthly Report,EBqVAQRmiPm,KmItAWc1PZU,RS04,RS04. Musculoskeletal,J0tZbSIQgJh,"35-59Yrs, Female"
1695,HMIS108,HMIS 108 - IPD Monthly Report,EBqVAQRmiPm,KmItAWc1PZU,RS04,RS04. Musculoskeletal,Yx9LGiAEzJI,"60+Yrs, Male"
3661,HMIS108,HMIS 108 - IPD Monthly Report,EBqVAQRmiPm,GCbiOTBHplW,RS05,RS05. Neurological,r6izn2XFqEc,"0-4Yrs, Male"
3667,HMIS108,HMIS 108 - IPD Monthly Report,EBqVAQRmiPm,GCbiOTBHplW,RS05,RS05. Neurological,cYqRrSx1FDh,"20 – 34Yrs, Male"
3672,HMIS108,HMIS 108 - IPD Monthly Report,EBqVAQRmiPm,GCbiOTBHplW,RS05,RS05. Neurological,wgxsjUMb8Rw,"60+Yrs, Female"
3671,HMIS108,HMIS 108 - IPD Monthly Report,EBqVAQRmiPm,GCbiOTBHplW,RS05,RS05. Neurological,Yx9LGiAEzJI,"60+Yrs, Male"
3670,HMIS108,HMIS 108 - IPD Monthly Report,EBqVAQRmiPm,GCbiOTBHplW,RS05,RS05. Neurological,J0tZbSIQgJh,"35-59Yrs, Female"
3666,HMIS108,HMIS 108 - IPD Monthly Report,EBqVAQRmiPm,GCbiOTBHplW,RS05,RS05. Neurological,VSQdmcsGlPJ,"10-19Yrs, Female"
3669,HMIS108,HMIS 108 - IPD Monthly Report,EBqVAQRmiPm,GCbiOTBHplW,RS05,RS05. Neurological,u5FiIkNknnZ,"35-59Yrs, Male"
3668,HMIS108,HMIS 108 - IPD Monthly Report,EBqVAQRmiPm,GCbiOTBHplW,RS05,RS05. Neurological,tNGX99SZlLN,"20 – 34Yrs, Female"
3665,HMIS108,HMIS 108 - IPD Monthly Report,EBqVAQRmiPm,GCbiOTBHplW,RS05,RS05. Neurological,mtJPFOZgbxi,"10-19Yrs, Male"
3664,HMIS108,HMIS 108 - IPD Monthly Report,EBqVAQRmiPm,GCbiOTBHplW,RS05,RS05. Neurological,GNNdPRsjO2n,"5-9Yrs, Female"
3663,HMIS108,HMIS 108 - IPD Monthly Report,EBqVAQRmiPm,GCbiOTBHplW,RS05,RS05. Neurological,A8rYH97KrsT,"5-9Yrs, Male"
3662,HMIS108,HMIS 108 - IPD Monthly Report,EBqVAQRmiPm,GCbiOTBHplW,RS05,RS05. Neurological,NYHvlXEt4Ak,"0-4Yrs, Female"
1631,HMIS108,HMIS 108 - IPD Monthly Report,EBqVAQRmiPm,FCWPOC69EMQ,RS06,RS06. Respiratory,J0tZbSIQgJh,"35-59Yrs, Female"
1622,HMIS108,HMIS 108 - IPD Monthly Report,EBqVAQRmiPm,FCWPOC69EMQ,RS06,RS06. Respiratory,r6izn2XFqEc,"0-4Yrs, Male"
1633,HMIS108,HMIS 108 - IPD Monthly Report,EBqVAQRmiPm,FCWPOC69EMQ,RS06,RS06. Respiratory,wgxsjUMb8Rw,"60+Yrs, Female"
1632,HMIS108,HMIS 108 - IPD Monthly Report,EBqVAQRmiPm,FCWPOC69EMQ,RS06,RS06. Respiratory,Yx9LGiAEzJI,"60+Yrs, Male"
1630,HMIS108,HMIS 108 - IPD Monthly Report,EBqVAQRmiPm,FCWPOC69EMQ,RS06,RS06. Respiratory,u5FiIkNknnZ,"35-59Yrs, Male"
1629,HMIS108,HMIS 108 - IPD Monthly Report,EBqVAQRmiPm,FCWPOC69EMQ,RS06,RS06. Respiratory,tNGX99SZlLN,"20 – 34Yrs, Female"
1628,HMIS108,HMIS 108 - IPD Monthly Report,EBqVAQRmiPm,FCWPOC69EMQ,RS06,RS06. Respiratory,cYqRrSx1FDh,"20 – 34Yrs, Male"
1627,HMIS108,HMIS 108 - IPD Monthly Report,EBqVAQRmiPm,FCWPOC69EMQ,RS06,RS06. Respiratory,VSQdmcsGlPJ,"10-19Yrs, Female"
1626,HMIS108,HMIS 108 - IPD Monthly Report,EBqVAQRmiPm,FCWPOC69EMQ,RS06,RS06. Respiratory,mtJPFOZgbxi,"10-19Yrs, Male"
1625,HMIS108,HMIS 108 - IPD Monthly Report,EBqVAQRmiPm,FCWPOC69EMQ,RS06,RS06. Respiratory,GNNdPRsjO2n,"5-9Yrs, Female"
1624,HMIS108,HMIS 108 - IPD Monthly Report,EBqVAQRmiPm,FCWPOC69EMQ,RS06,RS06. Respiratory,A8rYH97KrsT,"5-9Yrs, Male"
1623,HMIS108,HMIS 108 - IPD Monthly Report,EBqVAQRmiPm,FCWPOC69EMQ,RS06,RS06. Respiratory,NYHvlXEt4Ak,"0-4Yrs, Female"
3821,HMIS108,HMIS 108 - IPD Monthly Report,EBqVAQRmiPm,ra4Ik6B8MvZ,RS07,RS07. Sensory,A8rYH97KrsT,"5-9Yrs, Male"
3829,HMIS108,HMIS 108 - IPD Monthly Report,EBqVAQRmiPm,ra4Ik6B8MvZ,RS07,RS07. Sensory,Yx9LGiAEzJI,"60+Yrs, Male"
3830,HMIS108,HMIS 108 - IPD Monthly Report,EBqVAQRmiPm,ra4Ik6B8MvZ,RS07,RS07. Sensory,wgxsjUMb8Rw,"60+Yrs, Female"
3824,HMIS108,HMIS 108 - IPD Monthly Report,EBqVAQRmiPm,ra4Ik6B8MvZ,RS07,RS07. Sensory,VSQdmcsGlPJ,"10-19Yrs, Female"
3826,HMIS108,HMIS 108 - IPD Monthly Report,EBqVAQRmiPm,ra4Ik6B8MvZ,RS07,RS07. Sensory,tNGX99SZlLN,"20 – 34Yrs, Female"
3822,HMIS108,HMIS 108 - IPD Monthly Report,EBqVAQRmiPm,ra4Ik6B8MvZ,RS07,RS07. Sensory,GNNdPRsjO2n,"5-9Yrs, Female"
3823,HMIS108,HMIS 108 - IPD Monthly Report,EBqVAQRmiPm,ra4Ik6B8MvZ,RS07,RS07. Sensory,mtJPFOZgbxi,"10-19Yrs, Male"
3825,HMIS108,HMIS 108 - IPD Monthly Report,EBqVAQRmiPm,ra4Ik6B8MvZ,RS07,RS07. Sensory,cYqRrSx1FDh,"20 – 34Yrs, Male"
3828,HMIS108,HMIS 108 - IPD Monthly Report,EBqVAQRmiPm,ra4Ik6B8MvZ,RS07,RS07. Sensory,J0tZbSIQgJh,"35-59Yrs, Female"
3827,HMIS108,HMIS 108 - IPD Monthly Report,EBqVAQRmiPm,ra4Ik6B8MvZ,RS07,RS07. Sensory,u5FiIkNknnZ,"35-59Yrs, Male"
3819,HMIS108,HMIS 108 - IPD Monthly Report,EBqVAQRmiPm,ra4Ik6B8MvZ,RS07,RS07. Sensory,r6izn2XFqEc,"0-4Yrs, Male"
3820,HMIS108,HMIS 108 - IPD Monthly Report,EBqVAQRmiPm,ra4Ik6B8MvZ,RS07,RS07. Sensory,NYHvlXEt4Ak,"0-4Yrs, Female"
3332,HMIS108,HMIS 108 - IPD Monthly Report,EBqVAQRmiPm,NvCGcAtXiXK,RS08,RS08. Other conditions,u5FiIkNknnZ,"35-59Yrs, Male"
3324,HMIS108,HMIS 108 - IPD Monthly Report,EBqVAQRmiPm,NvCGcAtXiXK,RS08,RS08. Other conditions,r6izn2XFqEc,"0-4Yrs, Male"
3330,HMIS108,HMIS 108 - IPD Monthly Report,EBqVAQRmiPm,NvCGcAtXiXK,RS08,RS08. Other conditions,cYqRrSx1FDh,"20 – 34Yrs, Male"
3331,HMIS108,HMIS 108 - IPD Monthly Report,EBqVAQRmiPm,NvCGcAtXiXK,RS08,RS08. Other conditions,tNGX99SZlLN,"20 – 34Yrs, Female"
3326,HMIS108,HMIS 108 - IPD Monthly Report,EBqVAQRmiPm,NvCGcAtXiXK,RS08,RS08. Other conditions,A8rYH97KrsT,"5-9Yrs, Male"
3333,HMIS108,HMIS 108 - IPD Monthly Report,EBqVAQRmiPm,NvCGcAtXiXK,RS08,RS08. Other conditions,J0tZbSIQgJh,"35-59Yrs, Female"
3327,HMIS108,HMIS 108 - IPD Monthly Report,EBqVAQRmiPm,NvCGcAtXiXK,RS08,RS08. Other conditions,GNNdPRsjO2n,"5-9Yrs, Female"
3328,HMIS108,HMIS 108 - IPD Monthly Report,EBqVAQRmiPm,NvCGcAtXiXK,RS08,RS08. Other conditions,mtJPFOZgbxi,"10-19Yrs, Male"
3329,HMIS108,HMIS 108 - IPD Monthly Report,EBqVAQRmiPm,NvCGcAtXiXK,RS08,RS08. Other conditions,VSQdmcsGlPJ,"10-19Yrs, Female"
3334,HMIS108,HMIS 108 - IPD Monthly Report,EBqVAQRmiPm,NvCGcAtXiXK,RS08,RS08. Other conditions,Yx9LGiAEzJI,"60+Yrs, Male"
3335,HMIS108,HMIS 108 - IPD Monthly Report,EBqVAQRmiPm,NvCGcAtXiXK,RS08,RS08. Other conditions,wgxsjUMb8Rw,"60+Yrs, Female"
3325,HMIS108,HMIS 108 - IPD Monthly Report,EBqVAQRmiPm,NvCGcAtXiXK,RS08,RS08. Other conditions,NYHvlXEt4Ak,"0-4Yrs, Female"
1793,HMIS108,HMIS 108 - IPD Monthly Report,EBqVAQRmiPm,sZnRxCdLM18,RT01,RT01. Severe malaria,mOHhwKjpIV9,"Cryoprecitates, 5+Yrs, Male"
1791,HMIS108,HMIS 108 - IPD Monthly Report,EBqVAQRmiPm,sZnRxCdLM18,RT01,RT01. Severe malaria,Ml0L5CB2mbs,"Cryoprecitates, 0-4Yrs, Male"
1781,HMIS108,HMIS 108 - IPD Monthly Report,EBqVAQRmiPm,sZnRxCdLM18,RT01,RT01. Severe malaria,oi3paDSTmNH,"PackedCells, 5+Yrs, Male"
1780,HMIS108,HMIS 108 - IPD Monthly Report,EBqVAQRmiPm,sZnRxCdLM18,RT01,RT01. Severe malaria,lvJU5xtFVD3,"PackedCells, 0-4Yrs, Female"
1779,HMIS108,HMIS 108 - IPD Monthly Report,EBqVAQRmiPm,sZnRxCdLM18,RT01,RT01. Severe malaria,Ksn2fJ16UEA,"PackedCells, 0-4Yrs, Male"
1778,HMIS108,HMIS 108 - IPD Monthly Report,EBqVAQRmiPm,sZnRxCdLM18,RT01,RT01. Severe malaria,KQhpICg4pDD,"Wholeblood, 5+Yrs, Female"
1777,HMIS108,HMIS 108 - IPD Monthly Report,EBqVAQRmiPm,sZnRxCdLM18,RT01,RT01. Severe malaria,YDcKEg7NPUj,"Wholeblood, 5+Yrs, Male"
1776,HMIS108,HMIS 108 - IPD Monthly Report,EBqVAQRmiPm,sZnRxCdLM18,RT01,RT01. Severe malaria,CIJDVuBKosw,"Wholeblood, 0-4Yrs, Female"
1790,HMIS108,HMIS 108 - IPD Monthly Report,EBqVAQRmiPm,sZnRxCdLM18,RT01,RT01. Severe malaria,kRZ6ivAxbCI,"FreshFrozenPlasma, 5+Yrs, Female"
1786,HMIS108,HMIS 108 - IPD Monthly Report,EBqVAQRmiPm,sZnRxCdLM18,RT01,RT01. Severe malaria,gwUlCDcQqtU,"Platelets, 5+Yrs, Female"
1775,HMIS108,HMIS 108 - IPD Monthly Report,EBqVAQRmiPm,sZnRxCdLM18,RT01,RT01. Severe malaria,H70ZAB6lFN0,"Wholeblood, 0-4Yrs, Male"
1789,HMIS108,HMIS 108 - IPD Monthly Report,EBqVAQRmiPm,sZnRxCdLM18,RT01,RT01. Severe malaria,Jtjfp2JhFiL,"FreshFrozenPlasma, 5+Yrs, Male"
1788,HMIS108,HMIS 108 - IPD Monthly Report,EBqVAQRmiPm,sZnRxCdLM18,RT01,RT01. Severe malaria,Hm0nPWUgUFu,"FreshFrozenPlasma, 0-4Yrs, Female"
1787,HMIS108,HMIS 108 - IPD Monthly Report,EBqVAQRmiPm,sZnRxCdLM18,RT01,RT01. Severe malaria,qqn2zBahp5x,"FreshFrozenPlasma, 0-4Yrs, Male"
1782,HMIS108,HMIS 108 - IPD Monthly Report,EBqVAQRmiPm,sZnRxCdLM18,RT01,RT01. Severe malaria,d08q7V502jy,"PackedCells, 5+Yrs, Female"
1792,HMIS108,HMIS 108 - IPD Monthly Report,EBqVAQRmiPm,sZnRxCdLM18,RT01,RT01. Severe malaria,QsKFFmPfXYP,"Cryoprecitates, 0-4Yrs, Female"
1794,HMIS108,HMIS 108 - IPD Monthly Report,EBqVAQRmiPm,sZnRxCdLM18,RT01,RT01. Severe malaria,oKX78wjCeaN,"Cryoprecitates, 5+Yrs, Female"
1783,HMIS108,HMIS 108 - IPD Monthly Report,EBqVAQRmiPm,sZnRxCdLM18,RT01,RT01. Severe malaria,U9cCBvHO2ns,"Platelets, 0-4Yrs, Male"
1784,HMIS108,HMIS 108 - IPD Monthly Report,EBqVAQRmiPm,sZnRxCdLM18,RT01,RT01. Severe malaria,GZBOk5wzcv2,"Platelets, 0-4Yrs, Female"
1785,HMIS108,HMIS 108 - IPD Monthly Report,EBqVAQRmiPm,sZnRxCdLM18,RT01,RT01. Severe malaria,eRffJvd314E,"Platelets, 5+Yrs, Male"
4134,HMIS108,HMIS 108 - IPD Monthly Report,EBqVAQRmiPm,YCsUpoXhmcV,RT02,RT02. Obstetrics,YDcKEg7NPUj,"Wholeblood, 5+Yrs, Male"
4135,HMIS108,HMIS 108 - IPD Monthly Report,EBqVAQRmiPm,YCsUpoXhmcV,RT02,RT02. Obstetrics,KQhpICg4pDD,"Wholeblood, 5+Yrs, Female"
4136,HMIS108,HMIS 108 - IPD Monthly Report,EBqVAQRmiPm,YCsUpoXhmcV,RT02,RT02. Obstetrics,Ksn2fJ16UEA,"PackedCells, 0-4Yrs, Male"
4137,HMIS108,HMIS 108 - IPD Monthly Report,EBqVAQRmiPm,YCsUpoXhmcV,RT02,RT02. Obstetrics,lvJU5xtFVD3,"PackedCells, 0-4Yrs, Female"
4138,HMIS108,HMIS 108 - IPD Monthly Report,EBqVAQRmiPm,YCsUpoXhmcV,RT02,RT02. Obstetrics,oi3paDSTmNH,"PackedCells, 5+Yrs, Male"
4139,HMIS108,HMIS 108 - IPD Monthly Report,EBqVAQRmiPm,YCsUpoXhmcV,RT02,RT02. Obstetrics,d08q7V502jy,"PackedCells, 5+Yrs, Female"
4140,HMIS108,HMIS 108 - IPD Monthly Report,EBqVAQRmiPm,YCsUpoXhmcV,RT02,RT02. Obstetrics,U9cCBvHO2ns,"Platelets, 0-4Yrs, Male"
4141,HMIS108,HMIS 108 - IPD Monthly Report,EBqVAQRmiPm,YCsUpoXhmcV,RT02,RT02. Obstetrics,GZBOk5wzcv2,"Platelets, 0-4Yrs, Female"
4146,HMIS108,HMIS 108 - IPD Monthly Report,EBqVAQRmiPm,YCsUpoXhmcV,RT02,RT02. Obstetrics,Jtjfp2JhFiL,"FreshFrozenPlasma, 5+Yrs, Male"
4142,HMIS108,HMIS 108 - IPD Monthly Report,EBqVAQRmiPm,YCsUpoXhmcV,RT02,RT02. Obstetrics,eRffJvd314E,"Platelets, 5+Yrs, Male"
4145,HMIS108,HMIS 108 - IPD Monthly Report,EBqVAQRmiPm,YCsUpoXhmcV,RT02,RT02. Obstetrics,Hm0nPWUgUFu,"FreshFrozenPlasma, 0-4Yrs, Female"
4144,HMIS108,HMIS 108 - IPD Monthly Report,EBqVAQRmiPm,YCsUpoXhmcV,RT02,RT02. Obstetrics,qqn2zBahp5x,"FreshFrozenPlasma, 0-4Yrs, Male"
4143,HMIS108,HMIS 108 - IPD Monthly Report,EBqVAQRmiPm,YCsUpoXhmcV,RT02,RT02. Obstetrics,gwUlCDcQqtU,"Platelets, 5+Yrs, Female"
4151,HMIS108,HMIS 108 - IPD Monthly Report,EBqVAQRmiPm,YCsUpoXhmcV,RT02,RT02. Obstetrics,oKX78wjCeaN,"Cryoprecitates, 5+Yrs, Female"
4147,HMIS108,HMIS 108 - IPD Monthly Report,EBqVAQRmiPm,YCsUpoXhmcV,RT02,RT02. Obstetrics,kRZ6ivAxbCI,"FreshFrozenPlasma, 5+Yrs, Female"
4148,HMIS108,HMIS 108 - IPD Monthly Report,EBqVAQRmiPm,YCsUpoXhmcV,RT02,RT02. Obstetrics,Ml0L5CB2mbs,"Cryoprecitates, 0-4Yrs, Male"
4149,HMIS108,HMIS 108 - IPD Monthly Report,EBqVAQRmiPm,YCsUpoXhmcV,RT02,RT02. Obstetrics,QsKFFmPfXYP,"Cryoprecitates, 0-4Yrs, Female"
4150,HMIS108,HMIS 108 - IPD Monthly Report,EBqVAQRmiPm,YCsUpoXhmcV,RT02,RT02. Obstetrics,mOHhwKjpIV9,"Cryoprecitates, 5+Yrs, Male"
4132,HMIS108,HMIS 108 - IPD Monthly Report,EBqVAQRmiPm,YCsUpoXhmcV,RT02,RT02. Obstetrics,H70ZAB6lFN0,"Wholeblood, 0-4Yrs, Male"
4133,HMIS108,HMIS 108 - IPD Monthly Report,EBqVAQRmiPm,YCsUpoXhmcV,RT02,RT02. Obstetrics,CIJDVuBKosw,"Wholeblood, 0-4Yrs, Female"
236,HMIS108,HMIS 108 - IPD Monthly Report,EBqVAQRmiPm,DMw36RjdbFF,RT03,RT03. Gynaecology,H70ZAB6lFN0,"Wholeblood, 0-4Yrs, Male"
255,HMIS108,HMIS 108 - IPD Monthly Report,EBqVAQRmiPm,DMw36RjdbFF,RT03,RT03. Gynaecology,oKX78wjCeaN,"Cryoprecitates, 5+Yrs, Female"
254,HMIS108,HMIS 108 - IPD Monthly Report,EBqVAQRmiPm,DMw36RjdbFF,RT03,RT03. Gynaecology,mOHhwKjpIV9,"Cryoprecitates, 5+Yrs, Male"
253,HMIS108,HMIS 108 - IPD Monthly Report,EBqVAQRmiPm,DMw36RjdbFF,RT03,RT03. Gynaecology,QsKFFmPfXYP,"Cryoprecitates, 0-4Yrs, Female"
252,HMIS108,HMIS 108 - IPD Monthly Report,EBqVAQRmiPm,DMw36RjdbFF,RT03,RT03. Gynaecology,Ml0L5CB2mbs,"Cryoprecitates, 0-4Yrs, Male"
251,HMIS108,HMIS 108 - IPD Monthly Report,EBqVAQRmiPm,DMw36RjdbFF,RT03,RT03. Gynaecology,kRZ6ivAxbCI,"FreshFrozenPlasma, 5+Yrs, Female"
250,HMIS108,HMIS 108 - IPD Monthly Report,EBqVAQRmiPm,DMw36RjdbFF,RT03,RT03. Gynaecology,Jtjfp2JhFiL,"FreshFrozenPlasma, 5+Yrs, Male"
249,HMIS108,HMIS 108 - IPD Monthly Report,EBqVAQRmiPm,DMw36RjdbFF,RT03,RT03. Gynaecology,Hm0nPWUgUFu,"FreshFrozenPlasma, 0-4Yrs, Female"
248,HMIS108,HMIS 108 - IPD Monthly Report,EBqVAQRmiPm,DMw36RjdbFF,RT03,RT03. Gynaecology,qqn2zBahp5x,"FreshFrozenPlasma, 0-4Yrs, Male"
247,HMIS108,HMIS 108 - IPD Monthly Report,EBqVAQRmiPm,DMw36RjdbFF,RT03,RT03. Gynaecology,gwUlCDcQqtU,"Platelets, 5+Yrs, Female"
246,HMIS108,HMIS 108 - IPD Monthly Report,EBqVAQRmiPm,DMw36RjdbFF,RT03,RT03. Gynaecology,eRffJvd314E,"Platelets, 5+Yrs, Male"
245,HMIS108,HMIS 108 - IPD Monthly Report,EBqVAQRmiPm,DMw36RjdbFF,RT03,RT03. Gynaecology,GZBOk5wzcv2,"Platelets, 0-4Yrs, Female"
244,HMIS108,HMIS 108 - IPD Monthly Report,EBqVAQRmiPm,DMw36RjdbFF,RT03,RT03. Gynaecology,U9cCBvHO2ns,"Platelets, 0-4Yrs, Male"
243,HMIS108,HMIS 108 - IPD Monthly Report,EBqVAQRmiPm,DMw36RjdbFF,RT03,RT03. Gynaecology,d08q7V502jy,"PackedCells, 5+Yrs, Female"
242,HMIS108,HMIS 108 - IPD Monthly Report,EBqVAQRmiPm,DMw36RjdbFF,RT03,RT03. Gynaecology,oi3paDSTmNH,"PackedCells, 5+Yrs, Male"
241,HMIS108,HMIS 108 - IPD Monthly Report,EBqVAQRmiPm,DMw36RjdbFF,RT03,RT03. Gynaecology,lvJU5xtFVD3,"PackedCells, 0-4Yrs, Female"
240,HMIS108,HMIS 108 - IPD Monthly Report,EBqVAQRmiPm,DMw36RjdbFF,RT03,RT03. Gynaecology,Ksn2fJ16UEA,"PackedCells, 0-4Yrs, Male"
239,HMIS108,HMIS 108 - IPD Monthly Report,EBqVAQRmiPm,DMw36RjdbFF,RT03,RT03. Gynaecology,KQhpICg4pDD,"Wholeblood, 5+Yrs, Female"
238,HMIS108,HMIS 108 - IPD Monthly Report,EBqVAQRmiPm,DMw36RjdbFF,RT03,RT03. Gynaecology,YDcKEg7NPUj,"Wholeblood, 5+Yrs, Male"
237,HMIS108,HMIS 108 - IPD Monthly Report,EBqVAQRmiPm,DMw36RjdbFF,RT03,RT03. Gynaecology,CIJDVuBKosw,"Wholeblood, 0-4Yrs, Female"
1722,HMIS108,HMIS 108 - IPD Monthly Report,EBqVAQRmiPm,yhaXVosKdzk,RT04,RT04. Accidents,oKX78wjCeaN,"Cryoprecitates, 5+Yrs, Female"
1721,HMIS108,HMIS 108 - IPD Monthly Report,EBqVAQRmiPm,yhaXVosKdzk,RT04,RT04. Accidents,mOHhwKjpIV9,"Cryoprecitates, 5+Yrs, Male"
1720,HMIS108,HMIS 108 - IPD Monthly Report,EBqVAQRmiPm,yhaXVosKdzk,RT04,RT04. Accidents,QsKFFmPfXYP,"Cryoprecitates, 0-4Yrs, Female"
1719,HMIS108,HMIS 108 - IPD Monthly Report,EBqVAQRmiPm,yhaXVosKdzk,RT04,RT04. Accidents,Ml0L5CB2mbs,"Cryoprecitates, 0-4Yrs, Male"
1711,HMIS108,HMIS 108 - IPD Monthly Report,EBqVAQRmiPm,yhaXVosKdzk,RT04,RT04. Accidents,U9cCBvHO2ns,"Platelets, 0-4Yrs, Male"
1712,HMIS108,HMIS 108 - IPD Monthly Report,EBqVAQRmiPm,yhaXVosKdzk,RT04,RT04. Accidents,GZBOk5wzcv2,"Platelets, 0-4Yrs, Female"
1716,HMIS108,HMIS 108 - IPD Monthly Report,EBqVAQRmiPm,yhaXVosKdzk,RT04,RT04. Accidents,Hm0nPWUgUFu,"FreshFrozenPlasma, 0-4Yrs, Female"
1717,HMIS108,HMIS 108 - IPD Monthly Report,EBqVAQRmiPm,yhaXVosKdzk,RT04,RT04. Accidents,Jtjfp2JhFiL,"FreshFrozenPlasma, 5+Yrs, Male"
1718,HMIS108,HMIS 108 - IPD Monthly Report,EBqVAQRmiPm,yhaXVosKdzk,RT04,RT04. Accidents,kRZ6ivAxbCI,"FreshFrozenPlasma, 5+Yrs, Female"
1714,HMIS108,HMIS 108 - IPD Monthly Report,EBqVAQRmiPm,yhaXVosKdzk,RT04,RT04. Accidents,gwUlCDcQqtU,"Platelets, 5+Yrs, Female"
1713,HMIS108,HMIS 108 - IPD Monthly Report,EBqVAQRmiPm,yhaXVosKdzk,RT04,RT04. Accidents,eRffJvd314E,"Platelets, 5+Yrs, Male"
1709,HMIS108,HMIS 108 - IPD Monthly Report,EBqVAQRmiPm,yhaXVosKdzk,RT04,RT04. Accidents,oi3paDSTmNH,"PackedCells, 5+Yrs, Male"
1703,HMIS108,HMIS 108 - IPD Monthly Report,EBqVAQRmiPm,yhaXVosKdzk,RT04,RT04. Accidents,H70ZAB6lFN0,"Wholeblood, 0-4Yrs, Male"
1710,HMIS108,HMIS 108 - IPD Monthly Report,EBqVAQRmiPm,yhaXVosKdzk,RT04,RT04. Accidents,d08q7V502jy,"PackedCells, 5+Yrs, Female"
1704,HMIS108,HMIS 108 - IPD Monthly Report,EBqVAQRmiPm,yhaXVosKdzk,RT04,RT04. Accidents,CIJDVuBKosw,"Wholeblood, 0-4Yrs, Female"
1705,HMIS108,HMIS 108 - IPD Monthly Report,EBqVAQRmiPm,yhaXVosKdzk,RT04,RT04. Accidents,YDcKEg7NPUj,"Wholeblood, 5+Yrs, Male"
1715,HMIS108,HMIS 108 - IPD Monthly Report,EBqVAQRmiPm,yhaXVosKdzk,RT04,RT04. Accidents,qqn2zBahp5x,"FreshFrozenPlasma, 0-4Yrs, Male"
1706,HMIS108,HMIS 108 - IPD Monthly Report,EBqVAQRmiPm,yhaXVosKdzk,RT04,RT04. Accidents,KQhpICg4pDD,"Wholeblood, 5+Yrs, Female"
1708,HMIS108,HMIS 108 - IPD Monthly Report,EBqVAQRmiPm,yhaXVosKdzk,RT04,RT04. Accidents,lvJU5xtFVD3,"PackedCells, 0-4Yrs, Female"
1707,HMIS108,HMIS 108 - IPD Monthly Report,EBqVAQRmiPm,yhaXVosKdzk,RT04,RT04. Accidents,Ksn2fJ16UEA,"PackedCells, 0-4Yrs, Male"
667,HMIS108,HMIS 108 - IPD Monthly Report,EBqVAQRmiPm,kq26U1G27oZ,RT05,RT05. Cancer cases,CIJDVuBKosw,"Wholeblood, 0-4Yrs, Female"
685,HMIS108,HMIS 108 - IPD Monthly Report,EBqVAQRmiPm,kq26U1G27oZ,RT05,RT05. Cancer cases,oKX78wjCeaN,"Cryoprecitates, 5+Yrs, Female"
684,HMIS108,HMIS 108 - IPD Monthly Report,EBqVAQRmiPm,kq26U1G27oZ,RT05,RT05. Cancer cases,mOHhwKjpIV9,"Cryoprecitates, 5+Yrs, Male"
683,HMIS108,HMIS 108 - IPD Monthly Report,EBqVAQRmiPm,kq26U1G27oZ,RT05,RT05. Cancer cases,QsKFFmPfXYP,"Cryoprecitates, 0-4Yrs, Female"
682,HMIS108,HMIS 108 - IPD Monthly Report,EBqVAQRmiPm,kq26U1G27oZ,RT05,RT05. Cancer cases,Ml0L5CB2mbs,"Cryoprecitates, 0-4Yrs, Male"
681,HMIS108,HMIS 108 - IPD Monthly Report,EBqVAQRmiPm,kq26U1G27oZ,RT05,RT05. Cancer cases,kRZ6ivAxbCI,"FreshFrozenPlasma, 5+Yrs, Female"
680,HMIS108,HMIS 108 - IPD Monthly Report,EBqVAQRmiPm,kq26U1G27oZ,RT05,RT05. Cancer cases,Jtjfp2JhFiL,"FreshFrozenPlasma, 5+Yrs, Male"
679,HMIS108,HMIS 108 - IPD Monthly Report,EBqVAQRmiPm,kq26U1G27oZ,RT05,RT05. Cancer cases,Hm0nPWUgUFu,"FreshFrozenPlasma, 0-4Yrs, Female"
678,HMIS108,HMIS 108 - IPD Monthly Report,EBqVAQRmiPm,kq26U1G27oZ,RT05,RT05. Cancer cases,qqn2zBahp5x,"FreshFrozenPlasma, 0-4Yrs, Male"
677,HMIS108,HMIS 108 - IPD Monthly Report,EBqVAQRmiPm,kq26U1G27oZ,RT05,RT05. Cancer cases,gwUlCDcQqtU,"Platelets, 5+Yrs, Female"
676,HMIS108,HMIS 108 - IPD Monthly Report,EBqVAQRmiPm,kq26U1G27oZ,RT05,RT05. Cancer cases,eRffJvd314E,"Platelets, 5+Yrs, Male"
675,HMIS108,HMIS 108 - IPD Monthly Report,EBqVAQRmiPm,kq26U1G27oZ,RT05,RT05. Cancer cases,GZBOk5wzcv2,"Platelets, 0-4Yrs, Female"
666,HMIS108,HMIS 108 - IPD Monthly Report,EBqVAQRmiPm,kq26U1G27oZ,RT05,RT05. Cancer cases,H70ZAB6lFN0,"Wholeblood, 0-4Yrs, Male"
674,HMIS108,HMIS 108 - IPD Monthly Report,EBqVAQRmiPm,kq26U1G27oZ,RT05,RT05. Cancer cases,U9cCBvHO2ns,"Platelets, 0-4Yrs, Male"
673,HMIS108,HMIS 108 - IPD Monthly Report,EBqVAQRmiPm,kq26U1G27oZ,RT05,RT05. Cancer cases,d08q7V502jy,"PackedCells, 5+Yrs, Female"
672,HMIS108,HMIS 108 - IPD Monthly Report,EBqVAQRmiPm,kq26U1G27oZ,RT05,RT05. Cancer cases,oi3paDSTmNH,"PackedCells, 5+Yrs, Male"
671,HMIS108,HMIS 108 - IPD Monthly Report,EBqVAQRmiPm,kq26U1G27oZ,RT05,RT05. Cancer cases,lvJU5xtFVD3,"PackedCells, 0-4Yrs, Female"
670,HMIS108,HMIS 108 - IPD Monthly Report,EBqVAQRmiPm,kq26U1G27oZ,RT05,RT05. Cancer cases,Ksn2fJ16UEA,"PackedCells, 0-4Yrs, Male"
669,HMIS108,HMIS 108 - IPD Monthly Report,EBqVAQRmiPm,kq26U1G27oZ,RT05,RT05. Cancer cases,KQhpICg4pDD,"Wholeblood, 5+Yrs, Female"
668,HMIS108,HMIS 108 - IPD Monthly Report,EBqVAQRmiPm,kq26U1G27oZ,RT05,RT05. Cancer cases,YDcKEg7NPUj,"Wholeblood, 5+Yrs, Male"
3798,HMIS108,HMIS 108 - IPD Monthly Report,EBqVAQRmiPm,Uf7APQIbOzl,RT06,RT06. Sickle cell Disease,kRZ6ivAxbCI,"FreshFrozenPlasma, 5+Yrs, Female"
3799,HMIS108,HMIS 108 - IPD Monthly Report,EBqVAQRmiPm,Uf7APQIbOzl,RT06,RT06. Sickle cell Disease,Ml0L5CB2mbs,"Cryoprecitates, 0-4Yrs, Male"
3800,HMIS108,HMIS 108 - IPD Monthly Report,EBqVAQRmiPm,Uf7APQIbOzl,RT06,RT06. Sickle cell Disease,QsKFFmPfXYP,"Cryoprecitates, 0-4Yrs, Female"
3801,HMIS108,HMIS 108 - IPD Monthly Report,EBqVAQRmiPm,Uf7APQIbOzl,RT06,RT06. Sickle cell Disease,mOHhwKjpIV9,"Cryoprecitates, 5+Yrs, Male"
3784,HMIS108,HMIS 108 - IPD Monthly Report,EBqVAQRmiPm,Uf7APQIbOzl,RT06,RT06. Sickle cell Disease,CIJDVuBKosw,"Wholeblood, 0-4Yrs, Female"
3802,HMIS108,HMIS 108 - IPD Monthly Report,EBqVAQRmiPm,Uf7APQIbOzl,RT06,RT06. Sickle cell Disease,oKX78wjCeaN,"Cryoprecitates, 5+Yrs, Female"
3783,HMIS108,HMIS 108 - IPD Monthly Report,EBqVAQRmiPm,Uf7APQIbOzl,RT06,RT06. Sickle cell Disease,H70ZAB6lFN0,"Wholeblood, 0-4Yrs, Male"
3787,HMIS108,HMIS 108 - IPD Monthly Report,EBqVAQRmiPm,Uf7APQIbOzl,RT06,RT06. Sickle cell Disease,Ksn2fJ16UEA,"PackedCells, 0-4Yrs, Male"
3786,HMIS108,HMIS 108 - IPD Monthly Report,EBqVAQRmiPm,Uf7APQIbOzl,RT06,RT06. Sickle cell Disease,KQhpICg4pDD,"Wholeblood, 5+Yrs, Female"
3791,HMIS108,HMIS 108 - IPD Monthly Report,EBqVAQRmiPm,Uf7APQIbOzl,RT06,RT06. Sickle cell Disease,U9cCBvHO2ns,"Platelets, 0-4Yrs, Male"
3790,HMIS108,HMIS 108 - IPD Monthly Report,EBqVAQRmiPm,Uf7APQIbOzl,RT06,RT06. Sickle cell Disease,d08q7V502jy,"PackedCells, 5+Yrs, Female"
3789,HMIS108,HMIS 108 - IPD Monthly Report,EBqVAQRmiPm,Uf7APQIbOzl,RT06,RT06. Sickle cell Disease,oi3paDSTmNH,"PackedCells, 5+Yrs, Male"
3792,HMIS108,HMIS 108 - IPD Monthly Report,EBqVAQRmiPm,Uf7APQIbOzl,RT06,RT06. Sickle cell Disease,GZBOk5wzcv2,"Platelets, 0-4Yrs, Female"
3788,HMIS108,HMIS 108 - IPD Monthly Report,EBqVAQRmiPm,Uf7APQIbOzl,RT06,RT06. Sickle cell Disease,lvJU5xtFVD3,"PackedCells, 0-4Yrs, Female"
3793,HMIS108,HMIS 108 - IPD Monthly Report,EBqVAQRmiPm,Uf7APQIbOzl,RT06,RT06. Sickle cell Disease,eRffJvd314E,"Platelets, 5+Yrs, Male"
3794,HMIS108,HMIS 108 - IPD Monthly Report,EBqVAQRmiPm,Uf7APQIbOzl,RT06,RT06. Sickle cell Disease,gwUlCDcQqtU,"Platelets, 5+Yrs, Female"
3795,HMIS108,HMIS 108 - IPD Monthly Report,EBqVAQRmiPm,Uf7APQIbOzl,RT06,RT06. Sickle cell Disease,qqn2zBahp5x,"FreshFrozenPlasma, 0-4Yrs, Male"
3796,HMIS108,HMIS 108 - IPD Monthly Report,EBqVAQRmiPm,Uf7APQIbOzl,RT06,RT06. Sickle cell Disease,Hm0nPWUgUFu,"FreshFrozenPlasma, 0-4Yrs, Female"
3797,HMIS108,HMIS 108 - IPD Monthly Report,EBqVAQRmiPm,Uf7APQIbOzl,RT06,RT06. Sickle cell Disease,Jtjfp2JhFiL,"FreshFrozenPlasma, 5+Yrs, Male"
3785,HMIS108,HMIS 108 - IPD Monthly Report,EBqVAQRmiPm,Uf7APQIbOzl,RT06,RT06. Sickle cell Disease,YDcKEg7NPUj,"Wholeblood, 5+Yrs, Male"
3997,HMIS108,HMIS 108 - IPD Monthly Report,EBqVAQRmiPm,aqLds1sPJcw,RT07,RT07. Iron Deficiency Anaemia (IDA),d08q7V502jy,"PackedCells, 5+Yrs, Female"
3999,HMIS108,HMIS 108 - IPD Monthly Report,EBqVAQRmiPm,aqLds1sPJcw,RT07,RT07. Iron Deficiency Anaemia (IDA),GZBOk5wzcv2,"Platelets, 0-4Yrs, Female"
4000,HMIS108,HMIS 108 - IPD Monthly Report,EBqVAQRmiPm,aqLds1sPJcw,RT07,RT07. Iron Deficiency Anaemia (IDA),eRffJvd314E,"Platelets, 5+Yrs, Male"
4001,HMIS108,HMIS 108 - IPD Monthly Report,EBqVAQRmiPm,aqLds1sPJcw,RT07,RT07. Iron Deficiency Anaemia (IDA),gwUlCDcQqtU,"Platelets, 5+Yrs, Female"
4002,HMIS108,HMIS 108 - IPD Monthly Report,EBqVAQRmiPm,aqLds1sPJcw,RT07,RT07. Iron Deficiency Anaemia (IDA),qqn2zBahp5x,"FreshFrozenPlasma, 0-4Yrs, Male"
4003,HMIS108,HMIS 108 - IPD Monthly Report,EBqVAQRmiPm,aqLds1sPJcw,RT07,RT07. Iron Deficiency Anaemia (IDA),Hm0nPWUgUFu,"FreshFrozenPlasma, 0-4Yrs, Female"
4004,HMIS108,HMIS 108 - IPD Monthly Report,EBqVAQRmiPm,aqLds1sPJcw,RT07,RT07. Iron Deficiency Anaemia (IDA),Jtjfp2JhFiL,"FreshFrozenPlasma, 5+Yrs, Male"
4005,HMIS108,HMIS 108 - IPD Monthly Report,EBqVAQRmiPm,aqLds1sPJcw,RT07,RT07. Iron Deficiency Anaemia (IDA),kRZ6ivAxbCI,"FreshFrozenPlasma, 5+Yrs, Female"
4006,HMIS108,HMIS 108 - IPD Monthly Report,EBqVAQRmiPm,aqLds1sPJcw,RT07,RT07. Iron Deficiency Anaemia (IDA),Ml0L5CB2mbs,"Cryoprecitates, 0-4Yrs, Male"
4007,HMIS108,HMIS 108 - IPD Monthly Report,EBqVAQRmiPm,aqLds1sPJcw,RT07,RT07. Iron Deficiency Anaemia (IDA),QsKFFmPfXYP,"Cryoprecitates, 0-4Yrs, Female"
4008,HMIS108,HMIS 108 - IPD Monthly Report,EBqVAQRmiPm,aqLds1sPJcw,RT07,RT07. Iron Deficiency Anaemia (IDA),mOHhwKjpIV9,"Cryoprecitates, 5+Yrs, Male"
4009,HMIS108,HMIS 108 - IPD Monthly Report,EBqVAQRmiPm,aqLds1sPJcw,RT07,RT07. Iron Deficiency Anaemia (IDA),oKX78wjCeaN,"Cryoprecitates, 5+Yrs, Female"
3990,HMIS108,HMIS 108 - IPD Monthly Report,EBqVAQRmiPm,aqLds1sPJcw,RT07,RT07. Iron Deficiency Anaemia (IDA),H70ZAB6lFN0,"Wholeblood, 0-4Yrs, Male"
3991,HMIS108,HMIS 108 - IPD Monthly Report,EBqVAQRmiPm,aqLds1sPJcw,RT07,RT07. Iron Deficiency Anaemia (IDA),CIJDVuBKosw,"Wholeblood, 0-4Yrs, Female"
3992,HMIS108,HMIS 108 - IPD Monthly Report,EBqVAQRmiPm,aqLds1sPJcw,RT07,RT07. Iron Deficiency Anaemia (IDA),YDcKEg7NPUj,"Wholeblood, 5+Yrs, Male"
3993,HMIS108,HMIS 108 - IPD Monthly Report,EBqVAQRmiPm,aqLds1sPJcw,RT07,RT07. Iron Deficiency Anaemia (IDA),KQhpICg4pDD,"Wholeblood, 5+Yrs, Female"
3994,HMIS108,HMIS 108 - IPD Monthly Report,EBqVAQRmiPm,aqLds1sPJcw,RT07,RT07. Iron Deficiency Anaemia (IDA),Ksn2fJ16UEA,"PackedCells, 0-4Yrs, Male"
3995,HMIS108,HMIS 108 - IPD Monthly Report,EBqVAQRmiPm,aqLds1sPJcw,RT07,RT07. Iron Deficiency Anaemia (IDA),lvJU5xtFVD3,"PackedCells, 0-4Yrs, Female"
3996,HMIS108,HMIS 108 - IPD Monthly Report,EBqVAQRmiPm,aqLds1sPJcw,RT07,RT07. Iron Deficiency Anaemia (IDA),oi3paDSTmNH,"PackedCells, 5+Yrs, Male"
3998,HMIS108,HMIS 108 - IPD Monthly Report,EBqVAQRmiPm,aqLds1sPJcw,RT07,RT07. Iron Deficiency Anaemia (IDA),U9cCBvHO2ns,"Platelets, 0-4Yrs, Male"
2453,HMIS108,HMIS 108 - IPD Monthly Report,EBqVAQRmiPm,Ru9L7TnoKEN,RT08,RT08. Other Coagulopathies,oKX78wjCeaN,"Cryoprecitates, 5+Yrs, Female"
2434,HMIS108,HMIS 108 - IPD Monthly Report,EBqVAQRmiPm,Ru9L7TnoKEN,RT08,RT08. Other Coagulopathies,H70ZAB6lFN0,"Wholeblood, 0-4Yrs, Male"
2435,HMIS108,HMIS 108 - IPD Monthly Report,EBqVAQRmiPm,Ru9L7TnoKEN,RT08,RT08. Other Coagulopathies,CIJDVuBKosw,"Wholeblood, 0-4Yrs, Female"
2436,HMIS108,HMIS 108 - IPD Monthly Report,EBqVAQRmiPm,Ru9L7TnoKEN,RT08,RT08. Other Coagulopathies,YDcKEg7NPUj,"Wholeblood, 5+Yrs, Male"
2437,HMIS108,HMIS 108 - IPD Monthly Report,EBqVAQRmiPm,Ru9L7TnoKEN,RT08,RT08. Other Coagulopathies,KQhpICg4pDD,"Wholeblood, 5+Yrs, Female"
2438,HMIS108,HMIS 108 - IPD Monthly Report,EBqVAQRmiPm,Ru9L7TnoKEN,RT08,RT08. Other Coagulopathies,Ksn2fJ16UEA,"PackedCells, 0-4Yrs, Male"
2439,HMIS108,HMIS 108 - IPD Monthly Report,EBqVAQRmiPm,Ru9L7TnoKEN,RT08,RT08. Other Coagulopathies,lvJU5xtFVD3,"PackedCells, 0-4Yrs, Female"
2440,HMIS108,HMIS 108 - IPD Monthly Report,EBqVAQRmiPm,Ru9L7TnoKEN,RT08,RT08. Other Coagulopathies,oi3paDSTmNH,"PackedCells, 5+Yrs, Male"
2441,HMIS108,HMIS 108 - IPD Monthly Report,EBqVAQRmiPm,Ru9L7TnoKEN,RT08,RT08. Other Coagulopathies,d08q7V502jy,"PackedCells, 5+Yrs, Female"
2442,HMIS108,HMIS 108 - IPD Monthly Report,EBqVAQRmiPm,Ru9L7TnoKEN,RT08,RT08. Other Coagulopathies,U9cCBvHO2ns,"Platelets, 0-4Yrs, Male"
2443,HMIS108,HMIS 108 - IPD Monthly Report,EBqVAQRmiPm,Ru9L7TnoKEN,RT08,RT08. Other Coagulopathies,GZBOk5wzcv2,"Platelets, 0-4Yrs, Female"
2444,HMIS108,HMIS 108 - IPD Monthly Report,EBqVAQRmiPm,Ru9L7TnoKEN,RT08,RT08. Other Coagulopathies,eRffJvd314E,"Platelets, 5+Yrs, Male"
2445,HMIS108,HMIS 108 - IPD Monthly Report,EBqVAQRmiPm,Ru9L7TnoKEN,RT08,RT08. Other Coagulopathies,gwUlCDcQqtU,"Platelets, 5+Yrs, Female"
2446,HMIS108,HMIS 108 - IPD Monthly Report,EBqVAQRmiPm,Ru9L7TnoKEN,RT08,RT08. Other Coagulopathies,qqn2zBahp5x,"FreshFrozenPlasma, 0-4Yrs, Male"
2447,HMIS108,HMIS 108 - IPD Monthly Report,EBqVAQRmiPm,Ru9L7TnoKEN,RT08,RT08. Other Coagulopathies,Hm0nPWUgUFu,"FreshFrozenPlasma, 0-4Yrs, Female"
2448,HMIS108,HMIS 108 - IPD Monthly Report,EBqVAQRmiPm,Ru9L7TnoKEN,RT08,RT08. Other Coagulopathies,Jtjfp2JhFiL,"FreshFrozenPlasma, 5+Yrs, Male"
2449,HMIS108,HMIS 108 - IPD Monthly Report,EBqVAQRmiPm,Ru9L7TnoKEN,RT08,RT08. Other Coagulopathies,kRZ6ivAxbCI,"FreshFrozenPlasma, 5+Yrs, Female"
2450,HMIS108,HMIS 108 - IPD Monthly Report,EBqVAQRmiPm,Ru9L7TnoKEN,RT08,RT08. Other Coagulopathies,Ml0L5CB2mbs,"Cryoprecitates, 0-4Yrs, Male"
2451,HMIS108,HMIS 108 - IPD Monthly Report,EBqVAQRmiPm,Ru9L7TnoKEN,RT08,RT08. Other Coagulopathies,QsKFFmPfXYP,"Cryoprecitates, 0-4Yrs, Female"
2452,HMIS108,HMIS 108 - IPD Monthly Report,EBqVAQRmiPm,Ru9L7TnoKEN,RT08,RT08. Other Coagulopathies,mOHhwKjpIV9,"Cryoprecitates, 5+Yrs, Male"
1180,HMIS108,HMIS 108 - IPD Monthly Report,EBqVAQRmiPm,DBoJ9PjborC,RT09,RT09. Other surgeries,lvJU5xtFVD3,"PackedCells, 0-4Yrs, Female"
1186,HMIS108,HMIS 108 - IPD Monthly Report,EBqVAQRmiPm,DBoJ9PjborC,RT09,RT09. Other surgeries,gwUlCDcQqtU,"Platelets, 5+Yrs, Female"
1183,HMIS108,HMIS 108 - IPD Monthly Report,EBqVAQRmiPm,DBoJ9PjborC,RT09,RT09. Other surgeries,U9cCBvHO2ns,"Platelets, 0-4Yrs, Male"
1191,HMIS108,HMIS 108 - IPD Monthly Report,EBqVAQRmiPm,DBoJ9PjborC,RT09,RT09. Other surgeries,Ml0L5CB2mbs,"Cryoprecitates, 0-4Yrs, Male"
1185,HMIS108,HMIS 108 - IPD Monthly Report,EBqVAQRmiPm,DBoJ9PjborC,RT09,RT09. Other surgeries,eRffJvd314E,"Platelets, 5+Yrs, Male"
1190,HMIS108,HMIS 108 - IPD Monthly Report,EBqVAQRmiPm,DBoJ9PjborC,RT09,RT09. Other surgeries,kRZ6ivAxbCI,"FreshFrozenPlasma, 5+Yrs, Female"
1175,HMIS108,HMIS 108 - IPD Monthly Report,EBqVAQRmiPm,DBoJ9PjborC,RT09,RT09. Other surgeries,H70ZAB6lFN0,"Wholeblood, 0-4Yrs, Male"
1176,HMIS108,HMIS 108 - IPD Monthly Report,EBqVAQRmiPm,DBoJ9PjborC,RT09,RT09. Other surgeries,CIJDVuBKosw,"Wholeblood, 0-4Yrs, Female"
1177,HMIS108,HMIS 108 - IPD Monthly Report,EBqVAQRmiPm,DBoJ9PjborC,RT09,RT09. Other surgeries,YDcKEg7NPUj,"Wholeblood, 5+Yrs, Male"
1178,HMIS108,HMIS 108 - IPD Monthly Report,EBqVAQRmiPm,DBoJ9PjborC,RT09,RT09. Other surgeries,KQhpICg4pDD,"Wholeblood, 5+Yrs, Female"
1188,HMIS108,HMIS 108 - IPD Monthly Report,EBqVAQRmiPm,DBoJ9PjborC,RT09,RT09. Other surgeries,Hm0nPWUgUFu,"FreshFrozenPlasma, 0-4Yrs, Female"
1187,HMIS108,HMIS 108 - IPD Monthly Report,EBqVAQRmiPm,DBoJ9PjborC,RT09,RT09. Other surgeries,qqn2zBahp5x,"FreshFrozenPlasma, 0-4Yrs, Male"
1189,HMIS108,HMIS 108 - IPD Monthly Report,EBqVAQRmiPm,DBoJ9PjborC,RT09,RT09. Other surgeries,Jtjfp2JhFiL,"FreshFrozenPlasma, 5+Yrs, Male"
1194,HMIS108,HMIS 108 - IPD Monthly Report,EBqVAQRmiPm,DBoJ9PjborC,RT09,RT09. Other surgeries,oKX78wjCeaN,"Cryoprecitates, 5+Yrs, Female"
1193,HMIS108,HMIS 108 - IPD Monthly Report,EBqVAQRmiPm,DBoJ9PjborC,RT09,RT09. Other surgeries,mOHhwKjpIV9,"Cryoprecitates, 5+Yrs, Male"
1192,HMIS108,HMIS 108 - IPD Monthly Report,EBqVAQRmiPm,DBoJ9PjborC,RT09,RT09. Other surgeries,QsKFFmPfXYP,"Cryoprecitates, 0-4Yrs, Female"
1179,HMIS108,HMIS 108 - IPD Monthly Report,EBqVAQRmiPm,DBoJ9PjborC,RT09,RT09. Other surgeries,Ksn2fJ16UEA,"PackedCells, 0-4Yrs, Male"
1181,HMIS108,HMIS 108 - IPD Monthly Report,EBqVAQRmiPm,DBoJ9PjborC,RT09,RT09. Other surgeries,oi3paDSTmNH,"PackedCells, 5+Yrs, Male"
1182,HMIS108,HMIS 108 - IPD Monthly Report,EBqVAQRmiPm,DBoJ9PjborC,RT09,RT09. Other surgeries,d08q7V502jy,"PackedCells, 5+Yrs, Female"
1184,HMIS108,HMIS 108 - IPD Monthly Report,EBqVAQRmiPm,DBoJ9PjborC,RT09,RT09. Other surgeries,GZBOk5wzcv2,"Platelets, 0-4Yrs, Female"
1318,HMIS108,HMIS 108 - IPD Monthly Report,EBqVAQRmiPm,sDLD6q8wOCn,SP01,SP01. Caesarean sections,HllvX50cXC0,default
3431,HMIS108,HMIS 108 - IPD Monthly Report,EBqVAQRmiPm,bXGtRI5c0lC,SP02,"SP02. Obstetric fistula repair (RVF, VVF, RVVF)",HllvX50cXC0,default
3344,HMIS108,HMIS 108 - IPD Monthly Report,EBqVAQRmiPm,MkpBT2vT5Ea,SP03,SP03. Evacuations (incomplete abortion),HllvX50cXC0,default
296,HMIS108,HMIS 108 - IPD Monthly Report,EBqVAQRmiPm,IYWgEa8BVrm,SP04,SP04. Other Obstetric Surgery,HllvX50cXC0,default
422,HMIS108,HMIS 108 - IPD Monthly Report,EBqVAQRmiPm,F0d8x2uFFGy,SP04_2019,SP04_2019. Laparotomy,HllvX50cXC0,default
3159,HMIS108,HMIS 108 - IPD Monthly Report,EBqVAQRmiPm,m9C00kjbZ5Z,SP05_2019,SP05_2019. Hysterectomy,ieonoHwDTH1,Sub Total
3158,HMIS108,HMIS 108 - IPD Monthly Report,EBqVAQRmiPm,m9C00kjbZ5Z,SP05_2019,SP05_2019. Hysterectomy,EvwmPeuq453,Total
1004,HMIS108,HMIS 108 - IPD Monthly Report,EBqVAQRmiPm,fdONCNSJ7nn,TB01,TB01. No. screened for TB in IPD,Wfx0A1dy4iB,"Female, 15-19Yrs"
1003,HMIS108,HMIS 108 - IPD Monthly Report,EBqVAQRmiPm,fdONCNSJ7nn,TB01,TB01. No. screened for TB in IPD,wbl4XOJUu4w,"Female, 10-14Yrs"
1002,HMIS108,HMIS 108 - IPD Monthly Report,EBqVAQRmiPm,fdONCNSJ7nn,TB01,TB01. No. screened for TB in IPD,FCIspDovDFZ,"Female, 0-9Yrs"
998,HMIS108,HMIS 108 - IPD Monthly Report,EBqVAQRmiPm,fdONCNSJ7nn,TB01,TB01. No. screened for TB in IPD,iSgFSZgdKmp,"Male, 0-9Yrs"
1001,HMIS108,HMIS 108 - IPD Monthly Report,EBqVAQRmiPm,fdONCNSJ7nn,TB01,TB01. No. screened for TB in IPD,wC1NfGYAPK8,"Male, 20+Yrs"
999,HMIS108,HMIS 108 - IPD Monthly Report,EBqVAQRmiPm,fdONCNSJ7nn,TB01,TB01. No. screened for TB in IPD,B3FjMFN7dLF,"Male, 10-14Yrs"
1005,HMIS108,HMIS 108 - IPD Monthly Report,EBqVAQRmiPm,fdONCNSJ7nn,TB01,TB01. No. screened for TB in IPD,Qehx71IqOYm,"Female, 20+Yrs"
1000,HMIS108,HMIS 108 - IPD Monthly Report,EBqVAQRmiPm,fdONCNSJ7nn,TB01,TB01. No. screened for TB in IPD,YhjB5CCmgKe,"Male, 15-19Yrs"
2540,HMIS108,HMIS 108 - IPD Monthly Report,EBqVAQRmiPm,ZMxLnNWHeiC,TB02,TB02. No. of presumptive TB cases identified,B3FjMFN7dLF,"Male, 10-14Yrs"
2546,HMIS108,HMIS 108 - IPD Monthly Report,EBqVAQRmiPm,ZMxLnNWHeiC,TB02,TB02. No. of presumptive TB cases identified,Qehx71IqOYm,"Female, 20+Yrs"
2545,HMIS108,HMIS 108 - IPD Monthly Report,EBqVAQRmiPm,ZMxLnNWHeiC,TB02,TB02. No. of presumptive TB cases identified,Wfx0A1dy4iB,"Female, 15-19Yrs"
2544,HMIS108,HMIS 108 - IPD Monthly Report,EBqVAQRmiPm,ZMxLnNWHeiC,TB02,TB02. No. of presumptive TB cases identified,wbl4XOJUu4w,"Female, 10-14Yrs"
2543,HMIS108,HMIS 108 - IPD Monthly Report,EBqVAQRmiPm,ZMxLnNWHeiC,TB02,TB02. No. of presumptive TB cases identified,FCIspDovDFZ,"Female, 0-9Yrs"
2542,HMIS108,HMIS 108 - IPD Monthly Report,EBqVAQRmiPm,ZMxLnNWHeiC,TB02,TB02. No. of presumptive TB cases identified,wC1NfGYAPK8,"Male, 20+Yrs"
2541,HMIS108,HMIS 108 - IPD Monthly Report,EBqVAQRmiPm,ZMxLnNWHeiC,TB02,TB02. No. of presumptive TB cases identified,YhjB5CCmgKe,"Male, 15-19Yrs"
2539,HMIS108,HMIS 108 - IPD Monthly Report,EBqVAQRmiPm,ZMxLnNWHeiC,TB02,TB02. No. of presumptive TB cases identified,iSgFSZgdKmp,"Male, 0-9Yrs"
495,HMIS108,HMIS 108 - IPD Monthly Report,EBqVAQRmiPm,lf7Mt2NefM4,TB03,TB03. No. of presumptive TB cases diagnosed with TB,Wfx0A1dy4iB,"Female, 15-19Yrs"
490,HMIS108,HMIS 108 - IPD Monthly Report,EBqVAQRmiPm,lf7Mt2NefM4,TB03,TB03. No. of presumptive TB cases diagnosed with TB,B3FjMFN7dLF,"Male, 10-14Yrs"
489,HMIS108,HMIS 108 - IPD Monthly Report,EBqVAQRmiPm,lf7Mt2NefM4,TB03,TB03. No. of presumptive TB cases diagnosed with TB,iSgFSZgdKmp,"Male, 0-9Yrs"
491,HMIS108,HMIS 108 - IPD Monthly Report,EBqVAQRmiPm,lf7Mt2NefM4,TB03,TB03. No. of presumptive TB cases diagnosed with TB,YhjB5CCmgKe,"Male, 15-19Yrs"
492,HMIS108,HMIS 108 - IPD Monthly Report,EBqVAQRmiPm,lf7Mt2NefM4,TB03,TB03. No. of presumptive TB cases diagnosed with TB,wC1NfGYAPK8,"Male, 20+Yrs"
493,HMIS108,HMIS 108 - IPD Monthly Report,EBqVAQRmiPm,lf7Mt2NefM4,TB03,TB03. No. of presumptive TB cases diagnosed with TB,FCIspDovDFZ,"Female, 0-9Yrs"
494,HMIS108,HMIS 108 - IPD Monthly Report,EBqVAQRmiPm,lf7Mt2NefM4,TB03,TB03. No. of presumptive TB cases diagnosed with TB,wbl4XOJUu4w,"Female, 10-14Yrs"
496,HMIS108,HMIS 108 - IPD Monthly Report,EBqVAQRmiPm,lf7Mt2NefM4,TB03,TB03. No. of presumptive TB cases diagnosed with TB,Qehx71IqOYm,"Female, 20+Yrs"
1267,HMIS108,HMIS 108 - IPD Monthly Report,EBqVAQRmiPm,Dmwjae6G7Il,TR01,TR01. Excretion urography,rCzvys285kN,"0-4Yrs, Male"
1268,HMIS108,HMIS 108 - IPD Monthly Report,EBqVAQRmiPm,Dmwjae6G7Il,TR01,TR01. Excretion urography,VZrxjCi8cQi,"0-4Yrs, Female"
1269,HMIS108,HMIS 108 - IPD Monthly Report,EBqVAQRmiPm,Dmwjae6G7Il,TR01,TR01. Excretion urography,ZgnHXnu30cI,"5+Yrs, Male"
1270,HMIS108,HMIS 108 - IPD Monthly Report,EBqVAQRmiPm,Dmwjae6G7Il,TR01,TR01. Excretion urography,fHgwVjoElmE,"5+Yrs, Female"
1865,HMIS108,HMIS 108 - IPD Monthly Report,EBqVAQRmiPm,AlGU4azoEQ6,TR02,TR02. Percutaneous renal puncture,VZrxjCi8cQi,"0-4Yrs, Female"
1867,HMIS108,HMIS 108 - IPD Monthly Report,EBqVAQRmiPm,AlGU4azoEQ6,TR02,TR02. Percutaneous renal puncture,fHgwVjoElmE,"5+Yrs, Female"
1864,HMIS108,HMIS 108 - IPD Monthly Report,EBqVAQRmiPm,AlGU4azoEQ6,TR02,TR02. Percutaneous renal puncture,rCzvys285kN,"0-4Yrs, Male"
1866,HMIS108,HMIS 108 - IPD Monthly Report,EBqVAQRmiPm,AlGU4azoEQ6,TR02,TR02. Percutaneous renal puncture,ZgnHXnu30cI,"5+Yrs, Male"
429,HMIS108,HMIS 108 - IPD Monthly Report,EBqVAQRmiPm,daUTHW3uNC1,TR03,TR03. Percutaneous nephrostomy,ZgnHXnu30cI,"5+Yrs, Male"
428,HMIS108,HMIS 108 - IPD Monthly Report,EBqVAQRmiPm,daUTHW3uNC1,TR03,TR03. Percutaneous nephrostomy,VZrxjCi8cQi,"0-4Yrs, Female"
427,HMIS108,HMIS 108 - IPD Monthly Report,EBqVAQRmiPm,daUTHW3uNC1,TR03,TR03. Percutaneous nephrostomy,rCzvys285kN,"0-4Yrs, Male"
430,HMIS108,HMIS 108 - IPD Monthly Report,EBqVAQRmiPm,daUTHW3uNC1,TR03,TR03. Percutaneous nephrostomy,fHgwVjoElmE,"5+Yrs, Female"
3037,HMIS108,HMIS 108 - IPD Monthly Report,EBqVAQRmiPm,DPdFnwVaO51,TR04,TR04. Percutaneous nephrolithotomy,VZrxjCi8cQi,"0-4Yrs, Female"
3036,HMIS108,HMIS 108 - IPD Monthly Report,EBqVAQRmiPm,DPdFnwVaO51,TR04,TR04. Percutaneous nephrolithotomy,rCzvys285kN,"0-4Yrs, Male"
3039,HMIS108,HMIS 108 - IPD Monthly Report,EBqVAQRmiPm,DPdFnwVaO51,TR04,TR04. Percutaneous nephrolithotomy,fHgwVjoElmE,"5+Yrs, Female"
3038,HMIS108,HMIS 108 - IPD Monthly Report,EBqVAQRmiPm,DPdFnwVaO51,TR04,TR04. Percutaneous nephrolithotomy,ZgnHXnu30cI,"5+Yrs, Male"
397,HMIS108,HMIS 108 - IPD Monthly Report,EBqVAQRmiPm,SgTjL8hJ1uS,TR05,TR05. Retrograde pyeloureterography,ZgnHXnu30cI,"5+Yrs, Male"
396,HMIS108,HMIS 108 - IPD Monthly Report,EBqVAQRmiPm,SgTjL8hJ1uS,TR05,TR05. Retrograde pyeloureterography,VZrxjCi8cQi,"0-4Yrs, Female"
395,HMIS108,HMIS 108 - IPD Monthly Report,EBqVAQRmiPm,SgTjL8hJ1uS,TR05,TR05. Retrograde pyeloureterography,rCzvys285kN,"0-4Yrs, Male"
398,HMIS108,HMIS 108 - IPD Monthly Report,EBqVAQRmiPm,SgTjL8hJ1uS,TR05,TR05. Retrograde pyeloureterography,fHgwVjoElmE,"5+Yrs, Female"
3656,HMIS108,HMIS 108 - IPD Monthly Report,EBqVAQRmiPm,pZDIHyZOWK4,TS01,TS01. Tracheostomy,HllvX50cXC0,default
1795,HMIS108,HMIS 108 - IPD Monthly Report,EBqVAQRmiPm,vL5h1uh9FER,TS02,TS02. Adenotonsillectomy,HllvX50cXC0,default
1290,HMIS108,HMIS 108 - IPD Monthly Report,EBqVAQRmiPm,Oi25Tc9WDiL,TS03,TS03. Nasal surgery,HllvX50cXC0,default
2433,HMIS108,HMIS 108 - IPD Monthly Report,EBqVAQRmiPm,RFiAvKOyyiy,TS04,TS04. Laryngological surgery,HllvX50cXC0,default
2210,HMIS108,HMIS 108 - IPD Monthly Report,EBqVAQRmiPm,B7taodYrMCs,TS05,TS05. Otological surgery,HllvX50cXC0,default
3398,HMIS108,HMIS 108 - IPD Monthly Report,EBqVAQRmiPm,P0ClXAhllg9,TS06,TS06. ENT endoscopic surgery,HllvX50cXC0,default
1559,HMIS108,HMIS 108 - IPD Monthly Report,EBqVAQRmiPm,iXbejagWQ8S,TS07,TS07. FB esophagus,HllvX50cXC0,default
3185,HMIS108,HMIS 108 - IPD Monthly Report,EBqVAQRmiPm,DzHeCMVkkX9,TS08,TS08. FB bronchus,HllvX50cXC0,default
2325,HMIS108,HMIS 108 - IPD Monthly Report,EBqVAQRmiPm,b4BpYiSOpJk,TS09,TS09. Tonsillectomy,HllvX50cXC0,default
2334,HMIS108,HMIS 108 - IPD Monthly Report,EBqVAQRmiPm,RsEkchIdMIf,TS10,TS10. Nasal fractures,HllvX50cXC0,default
166,HMIS108,HMIS 108 - IPD Monthly Report,EBqVAQRmiPm,jKvViwMuURP,TS11,TS11. Benign neck masses excisions,HllvX50cXC0,default
631,HMIS108,HMIS 108 - IPD Monthly Report,EBqVAQRmiPm,EKucWpRdbRL,TS12,TS12. Other ENT surgeries,HllvX50cXC0,default
2331,HMIS108,HMIS 108 - IPD Monthly Report,EBqVAQRmiPm,znk2vBtDKVU,TX01A,TX01a. Organophosphate poisoning  - Cases,VZrxjCi8cQi,"0-4Yrs, Female"
2330,HMIS108,HMIS 108 - IPD Monthly Report,EBqVAQRmiPm,znk2vBtDKVU,TX01A,TX01a. Organophosphate poisoning  - Cases,rCzvys285kN,"0-4Yrs, Male"
2332,HMIS108,HMIS 108 - IPD Monthly Report,EBqVAQRmiPm,znk2vBtDKVU,TX01A,TX01a. Organophosphate poisoning  - Cases,ZgnHXnu30cI,"5+Yrs, Male"
2333,HMIS108,HMIS 108 - IPD Monthly Report,EBqVAQRmiPm,znk2vBtDKVU,TX01A,TX01a. Organophosphate poisoning  - Cases,fHgwVjoElmE,"5+Yrs, Female"
211,HMIS108,HMIS 108 - IPD Monthly Report,EBqVAQRmiPm,zl7HivKMT1K,TX01B,TX01b. Organophosphate poisoning  - Deaths,ZgnHXnu30cI,"5+Yrs, Male"
210,HMIS108,HMIS 108 - IPD Monthly Report,EBqVAQRmiPm,zl7HivKMT1K,TX01B,TX01b. Organophosphate poisoning  - Deaths,VZrxjCi8cQi,"0-4Yrs, Female"
209,HMIS108,HMIS 108 - IPD Monthly Report,EBqVAQRmiPm,zl7HivKMT1K,TX01B,TX01b. Organophosphate poisoning  - Deaths,rCzvys285kN,"0-4Yrs, Male"
212,HMIS108,HMIS 108 - IPD Monthly Report,EBqVAQRmiPm,zl7HivKMT1K,TX01B,TX01b. Organophosphate poisoning  - Deaths,fHgwVjoElmE,"5+Yrs, Female"
1140,HMIS108,HMIS 108 - IPD Monthly Report,EBqVAQRmiPm,sa9HWAcLlkt,TX02A,TX02a. Drug overdose  - Cases,VZrxjCi8cQi,"0-4Yrs, Female"
1142,HMIS108,HMIS 108 - IPD Monthly Report,EBqVAQRmiPm,sa9HWAcLlkt,TX02A,TX02a. Drug overdose  - Cases,fHgwVjoElmE,"5+Yrs, Female"
1139,HMIS108,HMIS 108 - IPD Monthly Report,EBqVAQRmiPm,sa9HWAcLlkt,TX02A,TX02a. Drug overdose  - Cases,rCzvys285kN,"0-4Yrs, Male"
1141,HMIS108,HMIS 108 - IPD Monthly Report,EBqVAQRmiPm,sa9HWAcLlkt,TX02A,TX02a. Drug overdose  - Cases,ZgnHXnu30cI,"5+Yrs, Male"
2982,HMIS108,HMIS 108 - IPD Monthly Report,EBqVAQRmiPm,TWbdyLvcknX,TX02B,TX02b. Drug overdose  - Deaths,rCzvys285kN,"0-4Yrs, Male"
2985,HMIS108,HMIS 108 - IPD Monthly Report,EBqVAQRmiPm,TWbdyLvcknX,TX02B,TX02b. Drug overdose  - Deaths,fHgwVjoElmE,"5+Yrs, Female"
2983,HMIS108,HMIS 108 - IPD Monthly Report,EBqVAQRmiPm,TWbdyLvcknX,TX02B,TX02b. Drug overdose  - Deaths,VZrxjCi8cQi,"0-4Yrs, Female"
2984,HMIS108,HMIS 108 - IPD Monthly Report,EBqVAQRmiPm,TWbdyLvcknX,TX02B,TX02b. Drug overdose  - Deaths,ZgnHXnu30cI,"5+Yrs, Male"
2699,HMIS108,HMIS 108 - IPD Monthly Report,EBqVAQRmiPm,NaEMW8G7Ky0,TX03A,TX03a. Rat Poisoning  - Cases,VZrxjCi8cQi,"0-4Yrs, Female"
2698,HMIS108,HMIS 108 - IPD Monthly Report,EBqVAQRmiPm,NaEMW8G7Ky0,TX03A,TX03a. Rat Poisoning  - Cases,rCzvys285kN,"0-4Yrs, Male"
2700,HMIS108,HMIS 108 - IPD Monthly Report,EBqVAQRmiPm,NaEMW8G7Ky0,TX03A,TX03a. Rat Poisoning  - Cases,ZgnHXnu30cI,"5+Yrs, Male"
2701,HMIS108,HMIS 108 - IPD Monthly Report,EBqVAQRmiPm,NaEMW8G7Ky0,TX03A,TX03a. Rat Poisoning  - Cases,fHgwVjoElmE,"5+Yrs, Female"
4246,HMIS108,HMIS 108 - IPD Monthly Report,EBqVAQRmiPm,tYvZ2UWfyHU,TX03B,TX03b. Rat Poisoning  - Deaths,ZgnHXnu30cI,"5+Yrs, Male"
4245,HMIS108,HMIS 108 - IPD Monthly Report,EBqVAQRmiPm,tYvZ2UWfyHU,TX03B,TX03b. Rat Poisoning  - Deaths,VZrxjCi8cQi,"0-4Yrs, Female"
4244,HMIS108,HMIS 108 - IPD Monthly Report,EBqVAQRmiPm,tYvZ2UWfyHU,TX03B,TX03b. Rat Poisoning  - Deaths,rCzvys285kN,"0-4Yrs, Male"
4247,HMIS108,HMIS 108 - IPD Monthly Report,EBqVAQRmiPm,tYvZ2UWfyHU,TX03B,TX03b. Rat Poisoning  - Deaths,fHgwVjoElmE,"5+Yrs, Female"
3338,HMIS108,HMIS 108 - IPD Monthly Report,EBqVAQRmiPm,oYHon2ApTD6,TX04A,TX04a. Snake poison  - Cases,ZgnHXnu30cI,"5+Yrs, Male"
3336,HMIS108,HMIS 108 - IPD Monthly Report,EBqVAQRmiPm,oYHon2ApTD6,TX04A,TX04a. Snake poison  - Cases,rCzvys285kN,"0-4Yrs, Male"
3337,HMIS108,HMIS 108 - IPD Monthly Report,EBqVAQRmiPm,oYHon2ApTD6,TX04A,TX04a. Snake poison  - Cases,VZrxjCi8cQi,"0-4Yrs, Female"
3339,HMIS108,HMIS 108 - IPD Monthly Report,EBqVAQRmiPm,oYHon2ApTD6,TX04A,TX04a. Snake poison  - Cases,fHgwVjoElmE,"5+Yrs, Female"
95,HMIS108,HMIS 108 - IPD Monthly Report,EBqVAQRmiPm,mGKDIxfiFrw,TX04B,TX04b. Snake poison  - Deaths,rCzvys285kN,"0-4Yrs, Male"
98,HMIS108,HMIS 108 - IPD Monthly Report,EBqVAQRmiPm,mGKDIxfiFrw,TX04B,TX04b. Snake poison  - Deaths,fHgwVjoElmE,"5+Yrs, Female"
97,HMIS108,HMIS 108 - IPD Monthly Report,EBqVAQRmiPm,mGKDIxfiFrw,TX04B,TX04b. Snake poison  - Deaths,ZgnHXnu30cI,"5+Yrs, Male"
96,HMIS108,HMIS 108 - IPD Monthly Report,EBqVAQRmiPm,mGKDIxfiFrw,TX04B,TX04b. Snake poison  - Deaths,VZrxjCi8cQi,"0-4Yrs, Female"
2199,HMIS108,HMIS 108 - IPD Monthly Report,EBqVAQRmiPm,BRUt7It9I2B,TX05A,TX05a. Poison of unknown etiology  - Cases,fHgwVjoElmE,"5+Yrs, Female"
2196,HMIS108,HMIS 108 - IPD Monthly Report,EBqVAQRmiPm,BRUt7It9I2B,TX05A,TX05a. Poison of unknown etiology  - Cases,rCzvys285kN,"0-4Yrs, Male"
2197,HMIS108,HMIS 108 - IPD Monthly Report,EBqVAQRmiPm,BRUt7It9I2B,TX05A,TX05a. Poison of unknown etiology  - Cases,VZrxjCi8cQi,"0-4Yrs, Female"
2198,HMIS108,HMIS 108 - IPD Monthly Report,EBqVAQRmiPm,BRUt7It9I2B,TX05A,TX05a. Poison of unknown etiology  - Cases,ZgnHXnu30cI,"5+Yrs, Male"
2915,HMIS108,HMIS 108 - IPD Monthly Report,EBqVAQRmiPm,p0lBB9fMKcg,TX05B,TX05b. Poison of unknown etiology  - Deaths,rCzvys285kN,"0-4Yrs, Male"
2917,HMIS108,HMIS 108 - IPD Monthly Report,EBqVAQRmiPm,p0lBB9fMKcg,TX05B,TX05b. Poison of unknown etiology  - Deaths,ZgnHXnu30cI,"5+Yrs, Male"
2916,HMIS108,HMIS 108 - IPD Monthly Report,EBqVAQRmiPm,p0lBB9fMKcg,TX05B,TX05b. Poison of unknown etiology  - Deaths,VZrxjCi8cQi,"0-4Yrs, Female"
2918,HMIS108,HMIS 108 - IPD Monthly Report,EBqVAQRmiPm,p0lBB9fMKcg,TX05B,TX05b. Poison of unknown etiology  - Deaths,fHgwVjoElmE,"5+Yrs, Female"
3902,HMIS108,HMIS 108 - IPD Monthly Report,EBqVAQRmiPm,QWIfLFOY95Q,UG01,UG01. Gastric Surgery,HllvX50cXC0,default
4131,HMIS108,HMIS 108 - IPD Monthly Report,EBqVAQRmiPm,m1F0odI3nY6,UG02,UG02. Ileostomy surgery,HllvX50cXC0,default
827,HMIS108,HMIS 108 - IPD Monthly Report,EBqVAQRmiPm,Oo6kbn4NLM8,UG03,UG03. Laparoscopic Surgery,HllvX50cXC0,default
3537,HMIS108,HMIS 108 - IPD Monthly Report,EBqVAQRmiPm,C5bLe7kUiVm,UG04,UG04. Other upper GI surgery,HllvX50cXC0,default
1490,HMIS108,HMIS 108 - IPD Monthly Report,EBqVAQRmiPm,FfxcPHmgIWS,UL01,UL01. Abdomen and pelvis,rCzvys285kN,"0-4Yrs, Male"
1493,HMIS108,HMIS 108 - IPD Monthly Report,EBqVAQRmiPm,FfxcPHmgIWS,UL01,UL01. Abdomen and pelvis,fHgwVjoElmE,"5+Yrs, Female"
1491,HMIS108,HMIS 108 - IPD Monthly Report,EBqVAQRmiPm,FfxcPHmgIWS,UL01,UL01. Abdomen and pelvis,VZrxjCi8cQi,"0-4Yrs, Female"
1492,HMIS108,HMIS 108 - IPD Monthly Report,EBqVAQRmiPm,FfxcPHmgIWS,UL01,UL01. Abdomen and pelvis,ZgnHXnu30cI,"5+Yrs, Male"
2257,HMIS108,HMIS 108 - IPD Monthly Report,EBqVAQRmiPm,dkyYj6FBGIV,UL02,UL02. Obstetrics,VZrxjCi8cQi,"0-4Yrs, Female"
2258,HMIS108,HMIS 108 - IPD Monthly Report,EBqVAQRmiPm,dkyYj6FBGIV,UL02,UL02. Obstetrics,ZgnHXnu30cI,"5+Yrs, Male"
2256,HMIS108,HMIS 108 - IPD Monthly Report,EBqVAQRmiPm,dkyYj6FBGIV,UL02,UL02. Obstetrics,rCzvys285kN,"0-4Yrs, Male"
2259,HMIS108,HMIS 108 - IPD Monthly Report,EBqVAQRmiPm,dkyYj6FBGIV,UL02,UL02. Obstetrics,fHgwVjoElmE,"5+Yrs, Female"
1219,HMIS108,HMIS 108 - IPD Monthly Report,EBqVAQRmiPm,wCHJqtGX4rE,UL03,UL03. Gynecology,fHgwVjoElmE,"5+Yrs, Female"
1216,HMIS108,HMIS 108 - IPD Monthly Report,EBqVAQRmiPm,wCHJqtGX4rE,UL03,UL03. Gynecology,rCzvys285kN,"0-4Yrs, Male"
1218,HMIS108,HMIS 108 - IPD Monthly Report,EBqVAQRmiPm,wCHJqtGX4rE,UL03,UL03. Gynecology,ZgnHXnu30cI,"5+Yrs, Male"
1217,HMIS108,HMIS 108 - IPD Monthly Report,EBqVAQRmiPm,wCHJqtGX4rE,UL03,UL03. Gynecology,VZrxjCi8cQi,"0-4Yrs, Female"
3435,HMIS108,HMIS 108 - IPD Monthly Report,EBqVAQRmiPm,dTSlsl0LHkf,UL04,UL04. Small parts,fHgwVjoElmE,"5+Yrs, Female"
3432,HMIS108,HMIS 108 - IPD Monthly Report,EBqVAQRmiPm,dTSlsl0LHkf,UL04,UL04. Small parts,rCzvys285kN,"0-4Yrs, Male"
3433,HMIS108,HMIS 108 - IPD Monthly Report,EBqVAQRmiPm,dTSlsl0LHkf,UL04,UL04. Small parts,VZrxjCi8cQi,"0-4Yrs, Female"
3434,HMIS108,HMIS 108 - IPD Monthly Report,EBqVAQRmiPm,dTSlsl0LHkf,UL04,UL04. Small parts,ZgnHXnu30cI,"5+Yrs, Male"
3253,HMIS108,HMIS 108 - IPD Monthly Report,EBqVAQRmiPm,le6WxMHZpu0,UL05,UL05. Musculoskeletal,rCzvys285kN,"0-4Yrs, Male"
3254,HMIS108,HMIS 108 - IPD Monthly Report,EBqVAQRmiPm,le6WxMHZpu0,UL05,UL05. Musculoskeletal,VZrxjCi8cQi,"0-4Yrs, Female"
3255,HMIS108,HMIS 108 - IPD Monthly Report,EBqVAQRmiPm,le6WxMHZpu0,UL05,UL05. Musculoskeletal,ZgnHXnu30cI,"5+Yrs, Male"
3256,HMIS108,HMIS 108 - IPD Monthly Report,EBqVAQRmiPm,le6WxMHZpu0,UL05,UL05. Musculoskeletal,fHgwVjoElmE,"5+Yrs, Female"
802,HMIS108,HMIS 108 - IPD Monthly Report,EBqVAQRmiPm,RArmWwpOZKC,UL06,UL06. Cranial,VZrxjCi8cQi,"0-4Yrs, Female"
801,HMIS108,HMIS 108 - IPD Monthly Report,EBqVAQRmiPm,RArmWwpOZKC,UL06,UL06. Cranial,rCzvys285kN,"0-4Yrs, Male"
803,HMIS108,HMIS 108 - IPD Monthly Report,EBqVAQRmiPm,RArmWwpOZKC,UL06,UL06. Cranial,ZgnHXnu30cI,"5+Yrs, Male"
804,HMIS108,HMIS 108 - IPD Monthly Report,EBqVAQRmiPm,RArmWwpOZKC,UL06,UL06. Cranial,fHgwVjoElmE,"5+Yrs, Female"
535,HMIS108,HMIS 108 - IPD Monthly Report,EBqVAQRmiPm,v0hfRlfkriq,UL07,"UL07. Endocavitary ultrasound (transvaginal, transrectal, transesophageal )",rCzvys285kN,"0-4Yrs, Male"
537,HMIS108,HMIS 108 - IPD Monthly Report,EBqVAQRmiPm,v0hfRlfkriq,UL07,"UL07. Endocavitary ultrasound (transvaginal, transrectal, transesophageal )",ZgnHXnu30cI,"5+Yrs, Male"
538,HMIS108,HMIS 108 - IPD Monthly Report,EBqVAQRmiPm,v0hfRlfkriq,UL07,"UL07. Endocavitary ultrasound (transvaginal, transrectal, transesophageal )",fHgwVjoElmE,"5+Yrs, Female"
536,HMIS108,HMIS 108 - IPD Monthly Report,EBqVAQRmiPm,v0hfRlfkriq,UL07,"UL07. Endocavitary ultrasound (transvaginal, transrectal, transesophageal )",VZrxjCi8cQi,"0-4Yrs, Female"
105,HMIS108,HMIS 108 - IPD Monthly Report,EBqVAQRmiPm,HQ6yO2v07qc,UL08,UL08. Vascular,ZgnHXnu30cI,"5+Yrs, Male"
104,HMIS108,HMIS 108 - IPD Monthly Report,EBqVAQRmiPm,HQ6yO2v07qc,UL08,UL08. Vascular,VZrxjCi8cQi,"0-4Yrs, Female"
106,HMIS108,HMIS 108 - IPD Monthly Report,EBqVAQRmiPm,HQ6yO2v07qc,UL08,UL08. Vascular,fHgwVjoElmE,"5+Yrs, Female"
103,HMIS108,HMIS 108 - IPD Monthly Report,EBqVAQRmiPm,HQ6yO2v07qc,UL08,UL08. Vascular,rCzvys285kN,"0-4Yrs, Male"
1510,HMIS108,HMIS 108 - IPD Monthly Report,EBqVAQRmiPm,QaduuMiuCqZ,UR01,UR01.Prostatectomy,HllvX50cXC0,default
4062,HMIS108,HMIS 108 - IPD Monthly Report,EBqVAQRmiPm,WLzv46Pa4si,UR02,UR02. Renal surgery ,HllvX50cXC0,default
1285,HMIS108,HMIS 108 - IPD Monthly Report,EBqVAQRmiPm,gR42CnXue9S,UR02_2019,UR02_2019. Radical prostatectomy,HllvX50cXC0,default
2591,HMIS108,HMIS 108 - IPD Monthly Report,EBqVAQRmiPm,ZdTB8r8X8hA,UR03,UR03. Urethral surgery,HllvX50cXC0,default
603,HMIS108,HMIS 108 - IPD Monthly Report,EBqVAQRmiPm,C5dcyGU9i66,UR03_2019,UR03_2019. Endo-urology,HllvX50cXC0,default
3176,HMIS108,HMIS 108 - IPD Monthly Report,EBqVAQRmiPm,nwAiQ0eKbWk,UR04,"UR04. Testicular Surgery (Orchidopexy, ochidectomy,BSO)",HllvX50cXC0,default
1823,HMIS108,HMIS 108 - IPD Monthly Report,EBqVAQRmiPm,W64onHk9SXI,UR05,"UR05. Urine diversion (SPC, Nephrostomy)",HllvX50cXC0,default
4034,HMIS108,HMIS 108 - IPD Monthly Report,EBqVAQRmiPm,kjY1TgXO9cV,UR05_2019,UR05_2019. Urinary stone Surgery,HllvX50cXC0,default
392,HMIS108,HMIS 108 - IPD Monthly Report,EBqVAQRmiPm,tNyVMeobfib,UR06,UR06. Kidney transplant,HllvX50cXC0,default
637,HMIS108,HMIS 108 - IPD Monthly Report,EBqVAQRmiPm,K2yMiF2plkp,UR06_2019,UR06_2019. Pyeloplasty,HllvX50cXC0,default
1568,HMIS108,HMIS 108 - IPD Monthly Report,EBqVAQRmiPm,kfnKksFMkj5,UR07,UR07. Hydrocelectomy(LF),HllvX50cXC0,default
3168,HMIS108,HMIS 108 - IPD Monthly Report,EBqVAQRmiPm,LtFTYVv8Aao,UR07_2019,UR07_2019. Ureteric surgery,HllvX50cXC0,default
3475,HMIS108,HMIS 108 - IPD Monthly Report,EBqVAQRmiPm,ZjntwzGg2Xr,UR08,UR08. Trauma (urethral),HllvX50cXC0,default
1055,HMIS108,HMIS 108 - IPD Monthly Report,EBqVAQRmiPm,JnHjQU3KVKk,UR08_2019,UR08_2019. Radical cystectomy,HllvX50cXC0,default
3888,HMIS108,HMIS 108 - IPD Monthly Report,EBqVAQRmiPm,NCgaw5FEJXO,UR09,UR09. Bladder tumor excision,HllvX50cXC0,default
2009,HMIS108,HMIS 108 - IPD Monthly Report,EBqVAQRmiPm,yZNuDyBfsJc,UR10,UR10. Cystoscopy,HllvX50cXC0,default
956,HMIS108,HMIS 108 - IPD Monthly Report,EBqVAQRmiPm,RSojLgY4g9M,UR11,UR11. Torsion,HllvX50cXC0,default
1681,HMIS108,HMIS 108 - IPD Monthly Report,EBqVAQRmiPm,xwimA2sbeck,UR11_2019,UR11_2019. Urethroplasty,HllvX50cXC0,default
3250,HMIS108,HMIS 108 - IPD Monthly Report,EBqVAQRmiPm,ubHq9cyJZdJ,UR12,UR12. Other urological surgery,HllvX50cXC0,default
2010,HMIS108,HMIS 108 - IPD Monthly Report,EBqVAQRmiPm,egXL3Z2AfT7,UR12_2019,UR12_2019. Penectomy,HllvX50cXC0,default
369,HMIS108,HMIS 108 - IPD Monthly Report,EBqVAQRmiPm,iturQyW99RW,UR13_2019,UR13_2019. Genitoplasty,HllvX50cXC0,default
1415,HMIS108,HMIS 108 - IPD Monthly Report,EBqVAQRmiPm,XXlXlwddirw,UR14_2019,UR14_2019. Varicocoelectomy,HllvX50cXC0,default
3094,HMIS108,HMIS 108 - IPD Monthly Report,EBqVAQRmiPm,II4l1baVtAy,UR15_2019,UR15_2019. Hypospadias repair,HllvX50cXC0,default
2484,HMIS108,HMIS 108 - IPD Monthly Report,EBqVAQRmiPm,k9E4BLbBth3,UR16_2019,UR16_2019. Epispadias repair,HllvX50cXC0,default
2174,HMIS108,HMIS 108 - IPD Monthly Report,EBqVAQRmiPm,MT4cUKjhkxJ,UR17_2019,UR17_2019. Bladder exstropy,HllvX50cXC0,default
3157,HMIS108,HMIS 108 - IPD Monthly Report,EBqVAQRmiPm,KbjnNpQmoYy,UT01,UT01. No. of units requested,BASPbm88210,Cryoprecitates
3155,HMIS108,HMIS 108 - IPD Monthly Report,EBqVAQRmiPm,KbjnNpQmoYy,UT01,UT01. No. of units requested,zIiMJYqRmdk,Platelets
3156,HMIS108,HMIS 108 - IPD Monthly Report,EBqVAQRmiPm,KbjnNpQmoYy,UT01,UT01. No. of units requested,hzd1Drc6Vko,FreshFrozenPlasma
3153,HMIS108,HMIS 108 - IPD Monthly Report,EBqVAQRmiPm,KbjnNpQmoYy,UT01,UT01. No. of units requested,zIogUIZ3vka,Wholeblood
3154,HMIS108,HMIS 108 - IPD Monthly Report,EBqVAQRmiPm,KbjnNpQmoYy,UT01,UT01. No. of units requested,zd1pRGptqYg,PackedCells
1518,HMIS108,HMIS 108 - IPD Monthly Report,EBqVAQRmiPm,nX0AhJjdZeF,UT02,UT02. No. of units received,hzd1Drc6Vko,FreshFrozenPlasma
1515,HMIS108,HMIS 108 - IPD Monthly Report,EBqVAQRmiPm,nX0AhJjdZeF,UT02,UT02. No. of units received,zIogUIZ3vka,Wholeblood
1519,HMIS108,HMIS 108 - IPD Monthly Report,EBqVAQRmiPm,nX0AhJjdZeF,UT02,UT02. No. of units received,BASPbm88210,Cryoprecitates
1516,HMIS108,HMIS 108 - IPD Monthly Report,EBqVAQRmiPm,nX0AhJjdZeF,UT02,UT02. No. of units received,zd1pRGptqYg,PackedCells
1517,HMIS108,HMIS 108 - IPD Monthly Report,EBqVAQRmiPm,nX0AhJjdZeF,UT02,UT02. No. of units received,zIiMJYqRmdk,Platelets
3400,HMIS108,HMIS 108 - IPD Monthly Report,EBqVAQRmiPm,UMtBH5OMxDU,UT03,UT03. No. of units transfused,zd1pRGptqYg,PackedCells
3399,HMIS108,HMIS 108 - IPD Monthly Report,EBqVAQRmiPm,UMtBH5OMxDU,UT03,UT03. No. of units transfused,zIogUIZ3vka,Wholeblood
3401,HMIS108,HMIS 108 - IPD Monthly Report,EBqVAQRmiPm,UMtBH5OMxDU,UT03,UT03. No. of units transfused,zIiMJYqRmdk,Platelets
3402,HMIS108,HMIS 108 - IPD Monthly Report,EBqVAQRmiPm,UMtBH5OMxDU,UT03,UT03. No. of units transfused,hzd1Drc6Vko,FreshFrozenPlasma
3403,HMIS108,HMIS 108 - IPD Monthly Report,EBqVAQRmiPm,UMtBH5OMxDU,UT03,UT03. No. of units transfused,BASPbm88210,Cryoprecitates
407,HMIS108,HMIS 108 - IPD Monthly Report,EBqVAQRmiPm,A74OhwgALvY,UT04,UT04. No. of adverse Blood reactions in the facility,zIogUIZ3vka,Wholeblood
409,HMIS108,HMIS 108 - IPD Monthly Report,EBqVAQRmiPm,A74OhwgALvY,UT04,UT04. No. of adverse Blood reactions in the facility,zIiMJYqRmdk,Platelets
408,HMIS108,HMIS 108 - IPD Monthly Report,EBqVAQRmiPm,A74OhwgALvY,UT04,UT04. No. of adverse Blood reactions in the facility,zd1pRGptqYg,PackedCells
411,HMIS108,HMIS 108 - IPD Monthly Report,EBqVAQRmiPm,A74OhwgALvY,UT04,UT04. No. of adverse Blood reactions in the facility,BASPbm88210,Cryoprecitates
410,HMIS108,HMIS 108 - IPD Monthly Report,EBqVAQRmiPm,A74OhwgALvY,UT04,UT04. No. of adverse Blood reactions in the facility,hzd1Drc6Vko,FreshFrozenPlasma
2858,HMIS108,HMIS 108 - IPD Monthly Report,EBqVAQRmiPm,GujGx9Ci89n,VS01,VS01. Varicose vein - ligation & stripping,HllvX50cXC0,default
1380,HMIS108,HMIS 108 - IPD Monthly Report,EBqVAQRmiPm,LqiYBWdxeW7,VS02,VS02. Repair of abdominal aortic aneurysm,HllvX50cXC0,default
1169,HMIS108,HMIS 108 - IPD Monthly Report,EBqVAQRmiPm,Pda0kNZCTbm,VS03,VS03. Other vascular surgery,HllvX50cXC0,default
1444,HMIS108,HMIS 108 - IPD Monthly Report,EBqVAQRmiPm,HKY8BpjpV5k,WS01,WS01. Pre-operative cholangiography,fHgwVjoElmE,"5+Yrs, Female"
1441,HMIS108,HMIS 108 - IPD Monthly Report,EBqVAQRmiPm,HKY8BpjpV5k,WS01,WS01. Pre-operative cholangiography,rCzvys285kN,"0-4Yrs, Male"
1443,HMIS108,HMIS 108 - IPD Monthly Report,EBqVAQRmiPm,HKY8BpjpV5k,WS01,WS01. Pre-operative cholangiography,ZgnHXnu30cI,"5+Yrs, Male"
1442,HMIS108,HMIS 108 - IPD Monthly Report,EBqVAQRmiPm,HKY8BpjpV5k,WS01,WS01. Pre-operative cholangiography,VZrxjCi8cQi,"0-4Yrs, Female"
2457,HMIS108,HMIS 108 - IPD Monthly Report,EBqVAQRmiPm,jqpTQUwkCNQ,WS02,WS02. Postoperative (T-tube) cholangiography,fHgwVjoElmE,"5+Yrs, Female"
2454,HMIS108,HMIS 108 - IPD Monthly Report,EBqVAQRmiPm,jqpTQUwkCNQ,WS02,WS02. Postoperative (T-tube) cholangiography,rCzvys285kN,"0-4Yrs, Male"
2456,HMIS108,HMIS 108 - IPD Monthly Report,EBqVAQRmiPm,jqpTQUwkCNQ,WS02,WS02. Postoperative (T-tube) cholangiography,ZgnHXnu30cI,"5+Yrs, Male"
2455,HMIS108,HMIS 108 - IPD Monthly Report,EBqVAQRmiPm,jqpTQUwkCNQ,WS02,WS02. Postoperative (T-tube) cholangiography,VZrxjCi8cQi,"0-4Yrs, Female"
2128,HMIS108,HMIS 108 - IPD Monthly Report,EBqVAQRmiPm,tUj0laRvwHM,WS03,WS03. Percutaneous extraction of retained biliary calculi,fHgwVjoElmE,"5+Yrs, Female"
2127,HMIS108,HMIS 108 - IPD Monthly Report,EBqVAQRmiPm,tUj0laRvwHM,WS03,WS03. Percutaneous extraction of retained biliary calculi,ZgnHXnu30cI,"5+Yrs, Male"
2125,HMIS108,HMIS 108 - IPD Monthly Report,EBqVAQRmiPm,tUj0laRvwHM,WS03,WS03. Percutaneous extraction of retained biliary calculi,rCzvys285kN,"0-4Yrs, Male"
2126,HMIS108,HMIS 108 - IPD Monthly Report,EBqVAQRmiPm,tUj0laRvwHM,WS03,WS03. Percutaneous extraction of retained biliary calculi,VZrxjCi8cQi,"0-4Yrs, Female"
1346,HMIS108,HMIS 108 - IPD Monthly Report,EBqVAQRmiPm,jo4anAK0YTh,WS04,WS04. Endoscopic retrograde cholangio pancreatography (ERCP),rCzvys285kN,"0-4Yrs, Male"
1349,HMIS108,HMIS 108 - IPD Monthly Report,EBqVAQRmiPm,jo4anAK0YTh,WS04,WS04. Endoscopic retrograde cholangio pancreatography (ERCP),fHgwVjoElmE,"5+Yrs, Female"
1348,HMIS108,HMIS 108 - IPD Monthly Report,EBqVAQRmiPm,jo4anAK0YTh,WS04,WS04. Endoscopic retrograde cholangio pancreatography (ERCP),ZgnHXnu30cI,"5+Yrs, Male"
1347,HMIS108,HMIS 108 - IPD Monthly Report,EBqVAQRmiPm,jo4anAK0YTh,WS04,WS04. Endoscopic retrograde cholangio pancreatography (ERCP),VZrxjCi8cQi,"0-4Yrs, Female"
1562,HMIS108,HMIS 108 - IPD Monthly Report,EBqVAQRmiPm,R39MIoKivhS,WS05,WS05. Percutaneous transhepatic cholangiography (PTCH),ZgnHXnu30cI,"5+Yrs, Male"
1560,HMIS108,HMIS 108 - IPD Monthly Report,EBqVAQRmiPm,R39MIoKivhS,WS05,WS05. Percutaneous transhepatic cholangiography (PTCH),rCzvys285kN,"0-4Yrs, Male"
1563,HMIS108,HMIS 108 - IPD Monthly Report,EBqVAQRmiPm,R39MIoKivhS,WS05,WS05. Percutaneous transhepatic cholangiography (PTCH),fHgwVjoElmE,"5+Yrs, Female"
1561,HMIS108,HMIS 108 - IPD Monthly Report,EBqVAQRmiPm,R39MIoKivhS,WS05,WS05. Percutaneous transhepatic cholangiography (PTCH),VZrxjCi8cQi,"0-4Yrs, Female"
3950,HMIS108,HMIS 108 - IPD Monthly Report,EBqVAQRmiPm,e8eGQhy208v,,PR06. Complex defect cover - flaps,HllvX50cXC0,default
