"id","code","name"
1,yWdrn6SiVZ9,"0-14Yrs, Female"
2,cYyEc50MCQD,"0-14Yrs, Female, Completed TPT"
3,jCi3qflHbto,"0-14Yrs, Female, Died during TPT"
4,NFNV30tIn8T,"0-14Yrs, Female, Known"
5,I9rhhp9Ep7m,"0-14Yrs, Female, Lost to follow up before TPT completion"
6,OE9AdLE48yj,"0-14Yrs, Female, New"
7,Oe7u7LN3lCB,"0-14Yrs, Female, Stopped TPT - Developed TB"
8,Ovm9l8EFRvt,"0-14Yrs, Female, Stopped TPT - Others"
9,HB5gEsstkOr,"0-14Yrs, Female, Total expected to complete TPT"
10,yabsZCXTQRM,"0-14Yrs, Male"
11,P87libr507G,"0-14Yrs, Male, Completed TPT"
12,jku9n1tBIJk,"0-14Yrs, Male, Died during TPT"
13,Ve34gUv8xMH,"0-14Yrs, Male, Known"
14,P3h7tX6m2f6,"0-14Yrs, Male, Lost to follow up before TPT completion"
15,d0tWwN5O6NO,"0-14Yrs, Male, New"
16,mXsHFCgGFMO,"0-14Yrs, Male, Stopped TPT - Developed TB"
17,qIVd59h7TUT,"0-14Yrs, Male, Stopped TPT - Others"
18,oBBpPNwyASD,"0-14Yrs, Male, Total expected to complete TPT"
19,fkeMwVLKUyi,"0-28 days, Female"
20,ZKBA93ujVUb,"0-28 days, IPD, Female"
21,Dl7O1Q76Rru,"0-28 days, IPD, Male"
22,wcbqTyLOCYU,"0-28 days, Male"
23,LLEs4Wd1fWp,"0-28 days, OPD, Female"
24,WDvavzeShuD,"0-28 days, OPD, Male"
25,GdduvrcNYkB,"0-28Dys, Female"
26,K4M65qyFKx8,"0-28Dys, Female"
27,wDiX34aiw6i,"0-28Dys, Female"
28,ilrKcsh5Koe,"0-28Dys, Female, Non-serious"
29,GGq56A6VDOH,"0-28Dys, Female, Serious"
30,RhoE1S8EhxJ,"0-28Dys, Male"
31,dFaNjoO4Dne,"0-28Dys, Male"
32,zh2zAaHyYQx,"0-28Dys, Male"
33,aLAvdKNngLj,"0-28Dys, Male, Non-serious"
34,DLDsKwcRbg6,"0-28Dys, Male, Serious"
35,rPm7S0XR6y5,"0-28Dys, Other Forms, Female, Known"
36,jigBnz63OTq,"0-28Dys, Other Forms, Female, New"
37,yLZc30LWI7w,"0-28Dys, Other Forms, Male, Known"
38,aYOggKgf2qf,"0-28Dys, Other Forms, Male, New"
39,xiPkaXwl9ms,"0-28Dys, Type 1, Female, Known"
40,nAZQLi9ChTO,"0-28Dys, Type 1, Female, New"
41,o4fk3rHHseQ,"0-28Dys, Type 1, Male, Known"
42,CAYeUFk6h2C,"0-28Dys, Type 1, Male, New"
43,lIpLLko3oYh,"0-28Dys, Type 2, Female, Known"
44,MHhAUffOozk,"0-28Dys, Type 2, Female, New"
45,CUIwMsXbjaQ,"0-28Dys, Type 2, Male, Known"
46,oE6bFATemdI,"0-28Dys, Type 2, Male, New"
47,JKMVQm6XWfV,"0-4Yrs"
48,s1Q38Ll9WxL,"0-4Yrs"
49,ZSNuLoKhPVV,"0-4Yrs, Cryoprecitates"
50,jJAa709ViiX,"0-4Yrs, DC"
51,Be8oaAc8kiF,"0-4Yrs, Female"
52,GUfy9I92CV9,"0-4Yrs, Female"
53,NYHvlXEt4Ak,"0-4Yrs, Female"
54,U1R0U9SKSMQ,"0-4Yrs, Female"
55,VZrxjCi8cQi,"0-4Yrs, Female"
56,Vw05E7W9pGH,"0-4Yrs, Female"
57,eVDw2n6znx0,"0-4Yrs, Female"
58,fYmeYgfEZkp,"0-4Yrs, Female"
59,kFencUvCZfb,"0-4Yrs, Female"
60,sAQClMmRmE8,"0-4Yrs, Female"
61,zFShLriNlnd,"0-4Yrs, Female"
62,etWBvovwX8t,"0-4Yrs, Female, CCLAD"
63,LR8IUlTCyyK,"0-4Yrs, Female, CDDP"
64,IvV23IbLuDh,"0-4Yrs, Female, Completed"
65,TkLCM5ZGp71,"0-4Yrs, Female, Completed"
66,UQWfqXDWLz1,"0-4Yrs, Female, Completed TPT"
67,LVAMuZYCccC,"0-4Yrs, Female, Developed TB"
68,StTnm0O76Nt,"0-4Yrs, Female, Developed TB"
69,TNVRAmATdrG,"0-4Yrs, Female, Died"
70,hzAamPm0Jcg,"0-4Yrs, Female, Died"
71,FgtqincRcKy,"0-4Yrs, Female, Died during TPT"
72,vHytq0JkhdE,"0-4Yrs, Female, FBG"
73,T5Ttfw5UvKb,"0-4Yrs, Female, FBIM"
74,rxbxF0EQyOn,"0-4Yrs, Female, FTDR"
75,Ea1LiwXp5OX,"0-4Yrs, Female, LTFP"
76,QY4zvnREIxR,"0-4Yrs, Female, LTFP"
77,pnSsuneBju4,"0-4Yrs, Female, Lost to follow up before TPT completion"
78,JS7Jm6iBME0,"0-4Yrs, Female, Other TPT Outcomes"
79,sdsHsJ0wtqg,"0-4Yrs, Female, Other TPT Outcomes"
80,CKz3FLisvCG,"0-4Yrs, Female, Stopped TPT - Developed TB"
81,lq4fEPpkMXK,"0-4Yrs, Female, Stopped TPT - Others"
82,fJ6LKSvctjR,"0-4Yrs, Female, Total expected to complete TPT"
83,DavaNexv4B0,"0-4Yrs, FreshFrozenPlasma"
84,NhaCkK1zH9U,"0-4Yrs, Male"
85,SkEFXSIXCat,"0-4Yrs, Male"
86,Yt8Pj1Hun6T,"0-4Yrs, Male"
87,fBCAcU6zHCS,"0-4Yrs, Male"
88,iJGEyb6TpyT,"0-4Yrs, Male"
89,oyUtCcwSVhd,"0-4Yrs, Male"
90,r6izn2XFqEc,"0-4Yrs, Male"
91,rCzvys285kN,"0-4Yrs, Male"
92,u61PsXzKvDB,"0-4Yrs, Male"
93,woMPIaJwDxy,"0-4Yrs, Male"
94,z3NspVeS6Mm,"0-4Yrs, Male"
95,ZAXwzpth52y,"0-4Yrs, Male, CCLAD"
96,kjYuGLeiDvF,"0-4Yrs, Male, CDDP"
97,Bnjt9jNERkH,"0-4Yrs, Male, Completed"
98,fgHkDyZJglm,"0-4Yrs, Male, Completed"
99,KiCjmg9heae,"0-4Yrs, Male, Completed TPT"
100,EVAhSFoxXhm,"0-4Yrs, Male, Developed TB"
101,SJewCVDR9TW,"0-4Yrs, Male, Developed TB"
102,gc86xK8M8zE,"0-4Yrs, Male, Died"
103,nqYr70ZFiqP,"0-4Yrs, Male, Died"
104,QLrTzPxjof3,"0-4Yrs, Male, Died during TPT"
105,BOGp5TJUInl,"0-4Yrs, Male, FBG"
106,QpH1D9YLlu0,"0-4Yrs, Male, FBIM"
107,K9tbN5WeoO7,"0-4Yrs, Male, FTDR"
108,fA3F8WoR9aC,"0-4Yrs, Male, LTFP"
109,jNrYGQ93Bz3,"0-4Yrs, Male, LTFP"
110,EIVULQ3zVgy,"0-4Yrs, Male, Lost to follow up before TPT completion"
111,Pw1Ays7Bfx6,"0-4Yrs, Male, Other TPT Outcomes"
112,x4T46935Xc6,"0-4Yrs, Male, Other TPT Outcomes"
113,PbLgfRFBXBH,"0-4Yrs, Male, Stopped TPT - Developed TB"
114,rdNXgeRLOLj,"0-4Yrs, Male, Stopped TPT - Others"
115,kBBybCActvS,"0-4Yrs, Male, Total expected to complete TPT"
116,W0c9c064ctW,"0-4Yrs, PackedCells"
117,H4Ldg9UvuR0,"0-4Yrs, Platelets"
118,zKWLT0b45bp,"0-4Yrs, SC"
119,T1ocSiVc8GY,"0-4Yrs, Wholeblood"
120,VOOkKOAttyR,"0-5Mths, Female"
121,lNQXRx60Jwi,"0-5Mths, Female"
122,vljv8U8YSeI,"0-5Mths, Female"
123,aX0wUexib7b,"0-5Mths, Female, MAM"
124,ndtsvdGHjug,"0-5Mths, Female, Non Pregnant"
125,B6MavaLzIYy,"0-5Mths, Female, Overweight/obese"
126,XeaEIXBA7d9,"0-5Mths, Female, Pregnant/Lactating"
127,C0CvKvvvrMV,"0-5Mths, Female, SAM with Oedema"
128,QRNP5FrCs5G,"0-5Mths, Female, SAM without oedema"
129,CrvgFFCSlTm,"0-5Mths, Female, Underweight"
130,KTFWWcdg6xx,"0-5Mths, Male"
131,NdimbHlmGB1,"0-5Mths, Male"
132,TfZvUi36x3E,"0-5Mths, Male"
133,xucW4PZA2QF,"0-5Mths, Male, MAM"
134,OkRvJwqPGXW,"0-5Mths, Male, Non Pregnant"
135,omR5DttTJy0,"0-5Mths, Male, Overweight/obese"
136,ruRteVgDKeL,"0-5Mths, Male, Pregnant/Lactating"
137,BqldZczQ7PN,"0-5Mths, Male, SAM with Oedema"
138,E4h75uHjJTN,"0-5Mths, Male, SAM without oedema"
139,OIjqaVy2LsO,"0-5Mths, Male, Underweight"
140,FKRqahzufqA,"0-5Yrs, Female"
141,SfFT3GBJEb6,"0-5Yrs, Male"
142,El1WCLEfU1W,"0-60Dys"
143,o4rwb7lQcCI,"0-60Dys, DC"
144,aVUUL7UMbLO,"0-60Dys, SC"
145,ClCnXJQjOpW,"0-6Mths"
146,nusEBjg8bes,"0-6Mths, Female"
147,SgtJVRGlRIo,"0-6Mths, Male"
148,q7cFI8zjhAp,"0-7 days"
149,cJkmQZ2Yf9c,"0-9Yrs"
150,iNA6Pdd5X1P,"0-9Yrs"
151,nwXuuUhGlo6,"0-9Yrs, Female"
152,E6p1qWrKK6f,"0-9Yrs, Male"
153,DLHzU4PHT1i,"1-4Yrs, Female"
154,EwFHO5G420a,"1-4Yrs, Female"
155,MOpiFLM8GcW,"1-4Yrs, Female"
156,gpo8o6G0re7,"1-4Yrs, Female"
157,hisN1IwXwAF,"1-4Yrs, Female"
158,t3CbyWLkxq9,"1-4Yrs, Female, CCLAD"
159,gxVyAcyUaRm,"1-4Yrs, Female, CDDP"
160,JA12wXTbWFP,"1-4Yrs, Female, FBG"
161,iMOpu7T43vv,"1-4Yrs, Female, FBIM"
162,CChZeKKJ2tV,"1-4Yrs, Female, FTDR"
163,Os9njqZEjOb,"1-4Yrs, Male"
164,RfmjGIOT50c,"1-4Yrs, Male"
165,kDMbwgKKFZY,"1-4Yrs, Male"
166,ypHqiUMeNfa,"1-4Yrs, Male"
167,zeLO2pHgmJ6,"1-4Yrs, Male"
168,OS8TYjf3uaS,"1-4Yrs, Male, CCLAD"
169,Mrfb1fc8zSA,"1-4Yrs, Male, CDDP"
170,Ty8h9b2oDaA,"1-4Yrs, Male, FBG"
171,Znp4jZLlkwF,"1-4Yrs, Male, FBIM"
172,HdbFwYpCRjQ,"1-4Yrs, Male, FTDR"
173,V371IdtogXY,"1-4Yrs, Outreach"
174,OZvmnoWj5tZ,"1-4Yrs, Static"
175,g4FCIGEaLfK,"1-9Yrs"
176,FQiYKg9qCRI,"1-9Yrs, DC"
177,HDaOTLeAEgW,"1-9Yrs, Female"
178,iYphr2Sc1D0,"1-9Yrs, Male"
179,EsEJVa59wKp,"1-9Yrs, SC"
180,Lf2Axb9E6B4,"1. National"
181,eb7FlxCjx2d,"10 Years, Community"
182,m3Eem4T8lMF,"10 Years, Facility"
183,O84d9kvyKnb,"10 Years, School"
184,Ivg7ljkyFSq,"10-14Yrs"
185,Kq56swi3KAi,"10-14Yrs"
186,fVXE7A7Gpim,"10-14Yrs"
187,m2TeadmNFyj,"10-14Yrs"
188,yAvCvf0dFVg,"10-14Yrs, DC"
189,BneQJIOBaKO,"10-14Yrs, Female"
190,EoHSliMcqEy,"10-14Yrs, Female"
191,FDB7mEWhVHs,"10-14Yrs, Female"
192,KLSBJzOFYeq,"10-14Yrs, Female"
193,QBxmjI4Hg9m,"10-14Yrs, Female"
194,TCFhotv8Fpv,"10-14Yrs, Female"
195,cUhvdMpVZEL,"10-14Yrs, Female"
196,cXg69wodBtL,"10-14Yrs, Female"
197,fGuMBXBRFF0,"10-14Yrs, Female"
198,mJNtXTVt6T1,"10-14Yrs, Female"
199,ml6TgIWWdH3,"10-14Yrs, Female"
200,n5YvcIzcYaF,"10-14Yrs, Female"
201,nuMYxrh0R2i,"10-14Yrs, Female"
202,oWTunmeeFDx,"10-14Yrs, Female"
203,shLTy7vcRo1,"10-14Yrs, Female"
204,LUeYf4bzMHH,"10-14Yrs, Female, APH"
205,wn5ukEcHNrt,"10-14Yrs, Female, CCLAD"
206,fV6gksai3Bu,"10-14Yrs, Female, CDDP"
207,BWCoFQIyDHx,"10-14Yrs, Female, Completed"
208,GOYzlMb1LlX,"10-14Yrs, Female, Developed TB"
209,B5eJs7gqjMi,"10-14Yrs, Female, Died"
210,qcyzodxz7wO,"10-14Yrs, Female, FBG"
211,glMo2G6SBCr,"10-14Yrs, Female, FBIM"
212,Aap0DYBPFc7,"10-14Yrs, Female, FTDR"
213,k5Aqd9HpQLI,"10-14Yrs, Female, LTFP"
214,JrU1e2ulpdg,"10-14Yrs, Female, Other TPT Outcomes"
215,k695c5imRv9,"10-14Yrs, Female, PPH"
216,DHWRwZkFHqc,"10-14Yrs, Male"
217,GJVIbPguMio,"10-14Yrs, Male"
218,H9Px9MMROts,"10-14Yrs, Male"
219,JCTWaWIToIm,"10-14Yrs, Male"
220,Lz9HCnp4QLb,"10-14Yrs, Male"
221,MJzZmZ3OMxI,"10-14Yrs, Male"
222,PxgjX6mnoEY,"10-14Yrs, Male"
223,WBSPDJUIEVG,"10-14Yrs, Male"
224,YMtqH8J8FMx,"10-14Yrs, Male"
225,eObZc3y09Bh,"10-14Yrs, Male"
226,ieh9yRbiStc,"10-14Yrs, Male"
227,qMHtANd83kh,"10-14Yrs, Male"
228,qZpct13y0CM,"10-14Yrs, Male"
229,xmqI4yrKxT3,"10-14Yrs, Male"
230,yk2k5PoRmh7,"10-14Yrs, Male"
231,lMia9HGX5GB,"10-14Yrs, Male, APH"
232,WjxWGiwYLdp,"10-14Yrs, Male, CCLAD"
233,MKzBX2lxjy2,"10-14Yrs, Male, CDDP"
234,fgFGyBZWCth,"10-14Yrs, Male, Completed"
235,cTq06TRGHou,"10-14Yrs, Male, Developed TB"
236,hT13BQT0lDR,"10-14Yrs, Male, Died"
237,HgLTd3ZIMTK,"10-14Yrs, Male, FBG"
238,RJvGDbuaveM,"10-14Yrs, Male, FBIM"
239,jsSq2JtJyq6,"10-14Yrs, Male, FTDR"
240,eyws8iaRCsu,"10-14Yrs, Male, LTFP"
241,aJ1XG9jRbxm,"10-14Yrs, Male, Other TPT Outcomes"
242,NFGmr82EyFC,"10-14Yrs, Male, PPH"
243,k68NA5vOiie,"10-14Yrs, SC"
244,CjM3YaoctQE,"10-19Yrs"
245,Kk1KrvnDpxf,"10-19Yrs"
246,SM9d5ybWcr0,"10-19Yrs"
247,hjGcLVa3OQZ,"10-19Yrs"
248,RdUjXULxMIR,"10-19Yrs, Female"
249,VLK6w7jXtGg,"10-19Yrs, Female"
250,VSQdmcsGlPJ,"10-19Yrs, Female"
251,d7Ftw7O2CbE,"10-19Yrs, Female"
252,ddHDso5Uizg,"10-19Yrs, Female"
253,icfcJwOA3HY,"10-19Yrs, Female"
254,u3CkZqMHfHP,"10-19Yrs, Female"
255,vDOMBTXYpkl,"10-19Yrs, Female"
256,vqCWJv9BBf8,"10-19Yrs, Female"
257,KmD1TDeDWnK,"10-19Yrs, Female, MAM"
258,bz1EsODjjjg,"10-19Yrs, Female, Non Pregnant"
259,rpgymI2hHEl,"10-19Yrs, Female, Non-serious"
260,LibPoD8tB7x,"10-19Yrs, Female, Overweight/obese"
261,G8VxCPdfM0S,"10-19Yrs, Female, Pregnant/Lactating"
262,PkPtgR6EwIk,"10-19Yrs, Female, SAM with Oedema"
263,ClHQjQRTiaE,"10-19Yrs, Female, SAM without oedema"
264,iQUxynZSNwO,"10-19Yrs, Female, Serious"
265,H4IKN9R2kS3,"10-19Yrs, Female, Underweight"
266,KVMHMxrP2F2,"10-19Yrs, IPD, Female"
267,kAa0y4v1R4v,"10-19Yrs, IPD, Male"
268,O5cP1tvx66O,"10-19Yrs, Male"
269,XfXgs4Xao0Y,"10-19Yrs, Male"
270,c7gvocRdg0f,"10-19Yrs, Male"
271,e8VpasQuKOf,"10-19Yrs, Male"
272,gP0qIQwYVZx,"10-19Yrs, Male"
273,hg01Re7IkTo,"10-19Yrs, Male"
274,mtJPFOZgbxi,"10-19Yrs, Male"
275,okytTs4lVtF,"10-19Yrs, Male"
276,wDHuZWkr1G5,"10-19Yrs, Male"
277,Kzb4Cd1nJ2T,"10-19Yrs, Male, MAM"
278,JxcwuIJLpTh,"10-19Yrs, Male, Non Pregnant"
279,k24dFdMXmcp,"10-19Yrs, Male, Non-serious"
280,QtzWxxdkKyA,"10-19Yrs, Male, Overweight/obese"
281,heR6liTQ5o9,"10-19Yrs, Male, Pregnant/Lactating"
282,Pyqbzxs4DRc,"10-19Yrs, Male, SAM with Oedema"
283,tNzXiVV325X,"10-19Yrs, Male, SAM without oedema"
284,GR1qONt4eXO,"10-19Yrs, Male, Serious"
285,N2bLRQPx3bI,"10-19Yrs, Male, Underweight"
286,WalQ4zu7RLz,"10-19Yrs, Non Pregnant"
287,yxpukkTIxN6,"10-19Yrs, Non Pregnant"
288,StHVg3Mz8jc,"10-19Yrs, OPD, Female"
289,DgF8ugVYqS2,"10-19Yrs, OPD, Male"
290,rHgz2LSVGK9,"10-19Yrs, Other Forms, Female, Known"
291,DgTKaqKQsMK,"10-19Yrs, Other Forms, Female, New"
292,mnSvbYexyx4,"10-19Yrs, Other Forms, Male, Known"
293,mDmgfeOsFP1,"10-19Yrs, Other Forms, Male, New"
294,pFeWxDIkJY6,"10-19Yrs, Pregnant/Lactating"
295,r01f3QfmLJS,"10-19Yrs, Pregnant/Lactating"
296,oaz5VQX2pZQ,"10-19Yrs, Type 1, Female, Known"
297,b3iP3N7B43A,"10-19Yrs, Type 1, Female, New"
298,Dm8dwa1hHkc,"10-19Yrs, Type 1, Male, Known"
299,y6goT3JcMAq,"10-19Yrs, Type 1, Male, New"
300,kPR68Nlpyit,"10-19Yrs, Type 2, Female, Known"
301,Pb7kTaZspjK,"10-19Yrs, Type 2, Female, New"
302,iF7zy9VJ1Aq,"10-19Yrs, Type 2, Male, Known"
303,hLGAYD8AJv6,"10-19Yrs, Type 2, Male, New"
304,gqTSAzGvkfT,"11+ Years, Community"
305,io8nXIMjnCe,"11+ Years, Facility"
306,hctMHy5b9hk,"11+ Years, School"
307,i3quptMCieH,"11-19 Yrs, Female"
308,MOHC1sW5tQN,"11-19 Yrs, Male"
309,YGPkRR6kQ9u,"12-59Mths"
310,wugKNlIVtOd,"12-59Mths"
311,wmI0ih2nEwK,"12-59Mths, Female"
312,yb3STOVptBk,"12-59Mths, Male"
313,Jug0W50UgFG,"13 months to 18 month (4), 1.On-Schedule"
314,ecBhxeOleQu,"13 months to 18 month (4), 2.Side Effects"
315,nsnM53Nv0vm,"13 months to 18 month (4), 3.Change in Fertility intention"
316,GhYpWTFFBL5,"13 months to 18 month (4), 4.GBV"
317,RDkqz9yr6nK,"13 months to 18 month (4), 5.Others"
318,U7lHfVPEwRO,"15 - 24 yrs, Negative"
319,QMTOiqzrNxR,"15 - 24 yrs, Positive"
320,ywibUJQ8dcz,"15 - 24 yrs, Unknown"
321,Iz4iGCVzKkH,"15+Yrs, Female"
322,QtnSI2zMzc0,"15+Yrs, Female"
323,eYUHyVj5GzB,"15+Yrs, Female"
324,qasjKTfjT10,"15+Yrs, Female"
325,D7cFgMoUYGr,"15+Yrs, Female, Completed TPT"
326,ZfGN0g0Qa0M,"15+Yrs, Female, Died during TPT"
327,HONrgwRJxL9,"15+Yrs, Female, Lost to follow up before TPT completion"
328,pnGgfiwaVlu,"15+Yrs, Female, Stopped TPT - Developed TB"
329,wZzcBRttvZY,"15+Yrs, Female, Stopped TPT - Others"
330,fNzVeCoX8IO,"15+Yrs, Female, Total expected to complete TPT"
331,CYYN0bLvf4E,"15+Yrs, Male"
332,TbuM65IVcy2,"15+Yrs, Male"
333,qyL39L0ZBbD,"15+Yrs, Male"
334,yUnt7ColJ7X,"15+Yrs, Male"
335,bIi4DpEZ4rx,"15+Yrs, Male, Completed TPT"
336,PeSAFsQjVty,"15+Yrs, Male, Died during TPT"
337,kCBgddmKqDX,"15+Yrs, Male, Lost to follow up before TPT completion"
338,g9yaWQzTrJW,"15+Yrs, Male, Stopped TPT - Developed TB"
339,XWkjTSW30OD,"15+Yrs, Male, Stopped TPT - Others"
340,ZGkW0WRgY8V,"15+Yrs, Male, Total expected to complete TPT"
341,C9j1R3XeUB3,"15-17 Yrs, Female"
342,wF5tbAmcyXD,"15-17 Yrs, Female"
343,VyCuYZXDXiO,"15-17 Yrs, Female, Known"
344,QwmgfRLXySv,"15-17 Yrs, Female, New"
345,anYU0CV5WcF,"15-17 Yrs, Male"
346,zLX9lB6eIHI,"15-17 Yrs, Male"
347,KLjBWPSSfqG,"15-17 Yrs, Male, Known"
348,AmyeUte6IfQ,"15-17 Yrs, Male, New"
349,PwuKTzy4vLJ,"15-19Yrs"
350,RoQbHNMbM6I,"15-19Yrs"
351,oVc5PtW8IsH,"15-19Yrs"
352,rj9IJdHjZpH,"15-19Yrs"
353,vKGLCb7nyIA,"15-19Yrs, 3 days to 1 week"
354,OotSMQryDEQ,"15-19Yrs, 3days to 3 weeks"
355,b7kXaQnJm9V,"15-19Yrs, 4wks to 6 weeks"
356,Alo8ylKFLdx,"15-19Yrs, 6 Months to 12 Months"
357,FwEUa9CNSi9,"15-19Yrs, 7 weeks to 5 months"
358,cBqyPbX006Z,"15-19Yrs, 8 days to 2 weeks"
359,aRRGSOzmT5G,"15-19Yrs, DC"
360,BSvMtDCiZAJ,"15-19Yrs, Female"
361,DOECWToN4df,"15-19Yrs, Female"
362,Eywx4FxxysE,"15-19Yrs, Female"
363,H8kbE7Ikx8R,"15-19Yrs, Female"
364,Ow8rYj65ClV,"15-19Yrs, Female"
365,SPvm3s5w8ZJ,"15-19Yrs, Female"
366,WMT9aunfVil,"15-19Yrs, Female"
367,Xgh8GuTXOSb,"15-19Yrs, Female"
368,crZqiC2wqUc,"15-19Yrs, Female"
369,ieIeah40WSA,"15-19Yrs, Female"
370,spQ43sM4seo,"15-19Yrs, Female"
371,tDRDjpo0YoL,"15-19Yrs, Female"
372,v2GtjO8WPNU,"15-19Yrs, Female"
373,Dr8RVmsMrjG,"15-19Yrs, Female, APH"
374,xJS6pC0oTwh,"15-19Yrs, Female, CCLAD"
375,oKTsCQaUjSc,"15-19Yrs, Female, CDDP"
376,saOP7HbTERm,"15-19Yrs, Female, Completed"
377,sbkdA2rxuTJ,"15-19Yrs, Female, Developed TB"
378,TijQ36fTGgh,"15-19Yrs, Female, Died"
379,BPQWNHYjthF,"15-19Yrs, Female, FBG"
380,PLtxKiEuQ6a,"15-19Yrs, Female, FBIM"
381,c6GJNXEQBbc,"15-19Yrs, Female, FTDR"
382,EeUItdGXKoe,"15-19Yrs, Female, LTFP"
383,cn5E71e5E87,"15-19Yrs, Female, Other TPT Outcomes"
384,oc8Bqjbk5b7,"15-19Yrs, Female, PPH"
385,B2eXegwvUUB,"15-19Yrs, Male"
386,BD0ujvrqXiC,"15-19Yrs, Male"
387,BXw1HrwNgbW,"15-19Yrs, Male"
388,Qu91V1mQYUW,"15-19Yrs, Male"
389,SgWFIqHwIaY,"15-19Yrs, Male"
390,U47DtxCWy6o,"15-19Yrs, Male"
391,UShugsidUxz,"15-19Yrs, Male"
392,kBpgzphXpAR,"15-19Yrs, Male"
393,mSmQneEJLxs,"15-19Yrs, Male"
394,q8s13zsApBH,"15-19Yrs, Male"
395,swuPAWtLMIx,"15-19Yrs, Male"
396,t8ctvnDl7ZH,"15-19Yrs, Male"
397,vGnxttOzglN,"15-19Yrs, Male"
398,cY3az39am2A,"15-19Yrs, Male, APH"
399,VoVECzi3ASn,"15-19Yrs, Male, CCLAD"
400,AIc81wTxByk,"15-19Yrs, Male, CDDP"
401,ntXfprBb5uc,"15-19Yrs, Male, Completed"
402,d6Uht6Y7Ivw,"15-19Yrs, Male, Developed TB"
403,NhTGyTksDA7,"15-19Yrs, Male, Died"
404,vm8IKliOqSZ,"15-19Yrs, Male, FBG"
405,nNGe3yicf0b,"15-19Yrs, Male, FBIM"
406,I0hKFyC7OYh,"15-19Yrs, Male, FTDR"
407,Sk4LzxTpECK,"15-19Yrs, Male, LTFP"
408,wcnZLESdfpo,"15-19Yrs, Male, Other TPT Outcomes"
409,RpILCCx5sJR,"15-19Yrs, Male, PPH"
410,UXuUvbgPqVc,"15-19Yrs, Negative"
411,BaWI6qkhScq,"15-19Yrs, Positive"
412,bZU5CsDeKZc,"15-19Yrs, SC"
413,Lh9RubGdfEm,"15-19Yrs, Within 48 Hrs"
414,ktw8i4MloMA,"15-19Yrs, Within 48 Hrs"
415,lqxzl360RJS,"15-49Yrs, Female"
416,Mus2Otw2x6u,"15-49Yrs, Male"
417,LiVz2Z7ojRc,"16Yrs and above, Female"
418,uaiqcYPFN8u,"16Yrs and above, Male"
419,rFTlKs2Os9O,"18-19 Yrs, Female"
420,bQuIqGxoiL2,"18-19 Yrs, Male"
421,JqdVRiI92bd,"18-39 Yrs, Female"
422,A2ZsKFXp6Vn,"18-39 Yrs, Female, Known"
423,sBkrGKNQ0uz,"18-39 Yrs, Female, New"
424,sBvVzuUN7ty,"18-39 Yrs, Male"
425,a9NFxaXN9KD,"18-39 Yrs, Male, Known"
426,Zacetp7r5HC,"18-39 Yrs, Male, New"
427,RsKbUSmuNWz,"19 months to 35 months (5), 1.On-Schedule"
428,YABGvquIAE7,"19 months to 35 months (5), 2.Side Effects"
429,aaZAaGQpg0J,"19 months to 35 months (5), 3.Change in Fertility intention"
430,FClv1vXT8b0,"19 months to 35 months (5), 4.GBV"
431,OcXLk0cUCj8,"19 months to 35 months (5), 5.Others"
432,utiptzGhdHm,"1:1600-1:12800-Borderline, 0-4Yrs, Female"
433,MIcRgjoNn0e,"1:1600-1:12800-Borderline, 0-4Yrs, Male"
434,Ie1K4kSnjgY,"1:1600-1:12800-Borderline, 15-49Yrs, Female"
435,TgQYyfLjzUB,"1:1600-1:12800-Borderline, 15-49Yrs, Male"
436,txJfnE7SU2l,"1:1600-1:12800-Borderline, 5-14Yrs, Female"
437,NIe1rLypGpP,"1:1600-1:12800-Borderline, 5-14Yrs, Male"
438,IBWXoEXpjfd,"1:1600-1:12800-Borderline, 50+Yrs, Female"
439,kKtv5HXLZgq,"1:1600-1:12800-Borderline, 50+Yrs, Male"
440,TFRceXDkJ95,"2. Refugee"
441,tNGX99SZlLN,"20 – 34Yrs, Female"
442,cYqRrSx1FDh,"20 – 34Yrs, Male"
443,FTisi7I6s3h,"20+Yrs"
444,FkQ17ZK9owf,"20+Yrs"
445,EJn0qutf2Uh,"20+Yrs, Female"
446,OBop5zTuajm,"20+Yrs, Female"
447,XVHTeecEOM3,"20+Yrs, Female"
448,vXWSSJygZaQ,"20+Yrs, Female"
449,xJwbtyfWyl3,"20+Yrs, Female, Non-serious"
450,xMMwtEuJhd5,"20+Yrs, Female, Serious"
451,yrUdHoGPpQE,"20+Yrs, IPD, Female"
452,dzYpiznGGHa,"20+Yrs, IPD, Male"
453,IDxRsHQ6XTx,"20+Yrs, Male"
454,OzpRVBAuMKR,"20+Yrs, Male"
455,dCKzhhINakS,"20+Yrs, Male"
456,zBEtAxHIaIx,"20+Yrs, Male"
457,VtvpWI0gxSw,"20+Yrs, Male, Non-serious"
458,N0SRC0ylR07,"20+Yrs, Male, Serious"
459,LbFT6qBatly,"20+Yrs, OPD, Female"
460,sc3pP3JLcq6,"20+Yrs, OPD, Male"
461,Ld51G0dzsjd,"20+Yrs, Other Forms, Female, Known"
462,flSniuHFXqT,"20+Yrs, Other Forms, Female, New"
463,rWWzr6gb5NA,"20+Yrs, Other Forms, Male, Known"
464,KzDMJdBpwQR,"20+Yrs, Other Forms, Male, New"
465,VmhkTWk4Is6,"20+Yrs, Type 1, Female, Known"
466,GukNWCaMyrP,"20+Yrs, Type 1, Female, New"
467,mobl8rGVSY8,"20+Yrs, Type 1, Male, Known"
468,lg2mFPlfTeG,"20+Yrs, Type 1, Male, New"
469,RtPVWq2YFJE,"20+Yrs, Type 2, Female, Known"
470,LNk8BeoP08l,"20+Yrs, Type 2, Female, New"
471,WyeQ6J6bXAn,"20+Yrs, Type 2, Male, Known"
472,MAiV2DxBxGn,"20+Yrs, Type 2, Male, New"
473,inLYcBvHZSR,"20-24 years, Female"
474,ZC2uMXHOJWm,"20-24 years, Female, MAM"
475,KMElLh1ODCm,"20-24 years, Female, Non Pregnant"
476,vj8JqTt6Jk0,"20-24 years, Female, Overweight/obese"
477,piEaa7hdpz8,"20-24 years, Female, Pregnant/Lactating"
478,opdEQVwGeoA,"20-24 years, Female, SAM with Oedema"
479,sMN10ZI6Hbb,"20-24 years, Female, SAM without oedema"
480,vlEBCe4H7GI,"20-24 years, Female, Underweight"
481,dVLQmjChiB5,"20-24 years, Male"
482,Ucqj9lmTKQp,"20-24 years, Male, MAM"
483,tfyc85QvwRH,"20-24 years, Male, Non Pregnant"
484,xuwY8NQuTz2,"20-24 years, Male, Overweight/obese"
485,POt1XgdZu6S,"20-24 years, Male, Pregnant/Lactating"
486,QOgzvHFGI2Y,"20-24 years, Male, SAM with Oedema"
487,BwxQkGVtPEC,"20-24 years, Male, SAM without oedema"
488,ql6GzmSwFA5,"20-24 years, Male, Underweight"
489,H5MiomGgbbi,"20-24Yrs"
490,PW5uGcI6QnG,"20-24Yrs"
491,c9JPAeQh49R,"20-24Yrs"
492,dqUlEsSUs8w,"20-24Yrs"
493,rdTZ3I44ub5,"20-24Yrs"
494,wPY4HF1hPKn,"20-24Yrs"
495,yOMKHtmxZr0,"20-24Yrs"
496,BqPqWAIo0uu,"20-24Yrs, 3 days to 1 week"
497,azHQ2bLPoDm,"20-24Yrs, 3days to 3 weeks"
498,SWNNx7l4ntG,"20-24Yrs, 4wks to 6 weeks"
499,lzFQ00Z5iki,"20-24Yrs, 6 Months to 12 Months"
500,GkSva1iCykh,"20-24Yrs, 7 weeks to 5 months"
501,X30kD1EiDUD,"20-24Yrs, 8 days to 2 weeks"
502,YDaxkmYhzbJ,"20-24Yrs, DC"
503,N5aQqIDjXjN,"20-24Yrs, Female"
504,PxZNMsJTrFm,"20-24Yrs, Female"
505,TCem5ffPKrC,"20-24Yrs, Female"
506,Y31tRX5kcIW,"20-24Yrs, Female"
507,at0dvn9IoEC,"20-24Yrs, Female"
508,btAQJ4dvcuc,"20-24Yrs, Female"
509,eKI5TRYoqO5,"20-24Yrs, Female"
510,fI5tz0ACrww,"20-24Yrs, Female"
511,gZ0zrp7ZmBc,"20-24Yrs, Female"
512,hIIg7SjaPlu,"20-24Yrs, Female"
513,hQErX90w0QX,"20-24Yrs, Female"
514,mMoTBIw2tCk,"20-24Yrs, Female"
515,pgZkH1vA3iT,"20-24Yrs, Female"
516,wA2CctxcgO7,"20-24Yrs, Female"
517,pd5SpilDGzm,"20-24Yrs, Female, APH"
518,lfmFZOrFjtq,"20-24Yrs, Female, CCLAD"
519,YBRXunuKxYP,"20-24Yrs, Female, CDDP"
520,Qid1kuzf5PF,"20-24Yrs, Female, Completed"
521,LVxk3VpzvNJ,"20-24Yrs, Female, Developed TB"
522,Jt8DoYBuOd2,"20-24Yrs, Female, Died"
523,Y3pzWW24gvM,"20-24Yrs, Female, FBG"
524,VA9ifyJdejM,"20-24Yrs, Female, FBIM"
525,rGsKkQzpF82,"20-24Yrs, Female, FTDR"
526,jLdORyRoB5C,"20-24Yrs, Female, LTFP"
527,DJbZyrZC3lk,"20-24Yrs, Female, Other TPT Outcomes"
528,yKuRtW430La,"20-24Yrs, Female, PPH"
529,L4gZP6qq4Kn,"20-24Yrs, Male"
530,MiPpmJBmUpc,"20-24Yrs, Male"
531,PXUTNKwlflA,"20-24Yrs, Male"
532,Tn87kKIUzdH,"20-24Yrs, Male"
533,Ucc8ax90Wss,"20-24Yrs, Male"
534,UxMYwEV2jbh,"20-24Yrs, Male"
535,VOZ76MuED1n,"20-24Yrs, Male"
536,WcJ7Et7BihE,"20-24Yrs, Male"
537,aQ1xl7PpEBR,"20-24Yrs, Male"
538,iCVnOb1LwJd,"20-24Yrs, Male"
539,icNixoaaeSg,"20-24Yrs, Male"
540,k6ENbEV3USC,"20-24Yrs, Male"
541,rC7np2aSgzQ,"20-24Yrs, Male"
542,vKWnFk5ss2k,"20-24Yrs, Male"
543,qBY48Po2myZ,"20-24Yrs, Male, APH"
544,WORYNkFLQaz,"20-24Yrs, Male, CCLAD"
545,F8gs3reJpbF,"20-24Yrs, Male, CDDP"
546,qQeIhrkbomQ,"20-24Yrs, Male, Completed"
547,vxLlg8C6L2z,"20-24Yrs, Male, Developed TB"
548,nRyTYCvETxx,"20-24Yrs, Male, Died"
549,Amzd6b3bNvM,"20-24Yrs, Male, FBG"
550,nU9WA0bmGYj,"20-24Yrs, Male, FBIM"
551,ddQaVpAl46e,"20-24Yrs, Male, FTDR"
552,dVMQs0VFs5n,"20-24Yrs, Male, LTFP"
553,nLazlUAjR5F,"20-24Yrs, Male, Other TPT Outcomes"
554,NnRHQgASNoG,"20-24Yrs, Male, PPH"
555,DXp1CZrZg7M,"20-24Yrs, Negative"
556,SE6nS2yOLpd,"20-24Yrs, Non Pregnant"
557,bmT820wlIV5,"20-24Yrs, Non Pregnant"
558,TvOOJYjd3iR,"20-24Yrs, Positive"
559,FbGS6XVnltC,"20-24Yrs, Pregnant/Lactating"
560,vrSTfWaEZfP,"20-24Yrs, Pregnant/Lactating"
561,pbIqgHAFx84,"20-24Yrs, SC"
562,KF2ll4nbGGM,"20-24Yrs, Within 48 Hrs"
563,lIwey29B3bI,"20-24Yrs, Within 48 Hrs"
564,mJnJWk4Ih48,"20-34 Yrs, Female"
565,xyzkAnT5ApT,"20-34 Yrs, Male"
566,DCGcx1tSElE,"20-59Yrs, Female"
567,RfTJCME2ekr,"20-59Yrs, Male"
568,WyNau0T37h4,"24-59Mths, Female"
569,jYSOZj8kVzc,"24-59Mths, Female"
570,nSxUK4RG8F5,"24-59Mths, Female"
571,v5CUr6x8XJb,"24-59Mths, Female, MAM"
572,mgedwE1SiTT,"24-59Mths, Female, Non Pregnant"
573,j3TCGKoNMcZ,"24-59Mths, Female, Overweight/obese"
574,uKw4eiemSKf,"24-59Mths, Female, Pregnant/Lactating"
575,GgY4MIsNEaA,"24-59Mths, Female, SAM with Oedema"
576,mja3Upp43tZ,"24-59Mths, Female, SAM without oedema"
577,xBfSYkCUvTM,"24-59Mths, Female, Underweight"
578,CzqywsnGzCt,"24-59Mths, Male"
579,LHh04IA7nsJ,"24-59Mths, Male"
580,UKCxMVgAc2s,"24-59Mths, Male"
581,xbkS0YuW0qG,"24-59Mths, Male, MAM"
582,EvOeJEwubg8,"24-59Mths, Male, Non Pregnant"
583,Ukv6ut3VzX3,"24-59Mths, Male, Overweight/obese"
584,TpKRn41WqIM,"24-59Mths, Male, Pregnant/Lactating"
585,CQHxaBjofRO,"24-59Mths, Male, SAM with Oedema"
586,peKGLavLLGp,"24-59Mths, Male, SAM without oedema"
587,a7dV9TNaB5c,"24-59Mths, Male, Underweight"
588,K01CbPXaICz,"24Hrs"
589,Ccz7Fq69jYo,"25 - 49 yrs, Negative"
590,QfgXgl1Bg2U,"25 - 49 yrs, Positive"
591,O9L42Oh3RwT,"25 - 49 yrs, Unknown"
592,OGyyE4WjTda,"25+Yrs"
593,OUPWAOZojRb,"25+Yrs"
594,Y6ouMYskZd3,"25+Yrs"
595,AihD9stQbeh,"25+Yrs, Female"
596,WcQxBXNAPj2,"25+Yrs, Female"
597,tjG9Nt0wdwM,"25+Yrs, Female"
598,xRldSHRhEsc,"25+Yrs, Female"
599,yhSHIbgEDMi,"25+Yrs, Female"
600,dEx7uRqzX4a,"25+Yrs, Female, Completed"
601,PcCh992GNAA,"25+Yrs, Female, Developed TB"
602,gRFpsWVG7a7,"25+Yrs, Female, Died"
603,CCMihBJoZ1r,"25+Yrs, Female, LTFP"
604,Gr8fBcGkBPG,"25+Yrs, Female, MAM"
605,oWioOaCLdJK,"25+Yrs, Female, Non Pregnant"
606,CqLnk6tyBzt,"25+Yrs, Female, Other TPT Outcomes"
607,gk4kFbMR2PX,"25+Yrs, Female, Overweight/obese"
608,SgQ2gvNfcWo,"25+Yrs, Female, Pregnant/Lactating"
609,E5K1WDX2cwb,"25+Yrs, Female, SAM with Oedema"
610,xB9b6iUpCgi,"25+Yrs, Female, SAM without oedema"
611,i7RqxxVpXVG,"25+Yrs, Female, Underweight"
612,CvhZU0vTxee,"25+Yrs, Male"
613,WypONoArEMm,"25+Yrs, Male"
614,Y6uGpgGb7R5,"25+Yrs, Male"
615,YkahVUjfFjp,"25+Yrs, Male"
616,aK47vxl89ma,"25+Yrs, Male"
617,Kllgo0jvjha,"25+Yrs, Male, Completed"
618,nJZsJRhjVnC,"25+Yrs, Male, Developed TB"
619,bmPwUdeMXNR,"25+Yrs, Male, Died"
620,eawyldHHPWq,"25+Yrs, Male, LTFP"
621,wQezaUXTOEF,"25+Yrs, Male, MAM"
622,kwYOLGYHpLM,"25+Yrs, Male, Non Pregnant"
623,VumkgsKnLLi,"25+Yrs, Male, Other TPT Outcomes"
624,CsSm6kRBkRE,"25+Yrs, Male, Overweight/obese"
625,CO6Qgqcf5At,"25+Yrs, Male, Pregnant/Lactating"
626,zym2bbjR0zx,"25+Yrs, Male, SAM with Oedema"
627,PuhxbBkzwwd,"25+Yrs, Male, SAM without oedema"
628,VwCaDE0NqG7,"25+Yrs, Male, Underweight"
629,Hm27EnFr2lh,"25+Yrs, Non Pregnant"
630,RKbp3GCvRrF,"25+Yrs, Non Pregnant"
631,I28asEo67Mt,"25+Yrs, Pregnant/Lactating"
632,l1crOGbwKr8,"25+Yrs, Pregnant/Lactating"
633,ENA3tZYMEs4,"25-29Yrs"
634,We5lD17Va8z,"25-29Yrs"
635,lzYCixwI0gD,"25-29Yrs, DC"
636,Hs7ahtn8D2h,"25-29Yrs, Female"
637,Nqaei0ciZ7H,"25-29Yrs, Female"
638,iz3jhBFrFop,"25-29Yrs, Female"
639,kAIFR5chGAF,"25-29Yrs, Female"
640,oFETplTlDi4,"25-29Yrs, Female"
641,r78kN5xXz5t,"25-29Yrs, Female"
642,zRNiEMrv9RU,"25-29Yrs, Female"
643,TPjeR7ppKS7,"25-29Yrs, Female, CCLAD"
644,dDim7dHWGkm,"25-29Yrs, Female, CDDP"
645,znOMcKJXy5g,"25-29Yrs, Female, FBG"
646,AHRQDJXf6MT,"25-29Yrs, Female, FBIM"
647,NBodPc9SwEo,"25-29Yrs, Female, FTDR"
648,ATVgV0shmyv,"25-29Yrs, Male"
649,B0SkheoVMYA,"25-29Yrs, Male"
650,HCB0W6iR6mc,"25-29Yrs, Male"
651,JefgwNcWSQg,"25-29Yrs, Male"
652,mAVXU4qekYI,"25-29Yrs, Male"
653,uTEkUkUPGlT,"25-29Yrs, Male"
654,wx5vNJYoIU0,"25-29Yrs, Male"
655,wcajGpnayEi,"25-29Yrs, Male, CCLAD"
656,mYhtBitCKpO,"25-29Yrs, Male, CDDP"
657,YiciUf1wPVg,"25-29Yrs, Male, FBG"
658,K7OxpUqfhZ3,"25-29Yrs, Male, FBIM"
659,fUptKgafwSP,"25-29Yrs, Male, FTDR"
660,LaatZGYwEif,"25-29Yrs, SC"
661,yfuK3HWhECj,"25-34Yrs, Female"
662,RI1GBMfwqhv,"25-34Yrs, Male"
663,QGprPUGJp4N,"25-49Yrs"
664,xgiuSKF9lKY,"25-49Yrs"
665,lObfPuO6SmD,"25-49Yrs, 3 days to 1 week"
666,pID2iSZijVs,"25-49Yrs, 3days to 3 weeks"
667,lL6tO5gxeax,"25-49Yrs, 4wks to 6 weeks"
668,wlSWbys5dTn,"25-49Yrs, 6 Months to 12 Months"
669,AAuyeo5V0Eg,"25-49Yrs, 7 weeks to 5 months"
670,F7c7Q6Qwcuk,"25-49Yrs, 8 days to 2 weeks"
671,ZocMXSBfk2L,"25-49Yrs, Female"
672,tSYd8ZHjX8s,"25-49Yrs, Female"
673,muohNzhl6b4,"25-49Yrs, Female, APH"
674,ZsVdlnhMsPS,"25-49Yrs, Female, PPH"
675,c59ByG6DIeU,"25-49Yrs, Male"
676,sv7yruiG4NO,"25-49Yrs, Male"
677,Yh9BUl7wOlq,"25-49Yrs, Male, APH"
678,fkADImpwXj1,"25-49Yrs, Male, PPH"
679,YFlzt691Hm8,"25-49Yrs, Negative"
680,nmvDqGogEyw,"25-49Yrs, Positive"
681,qhraJ7iPi6X,"25-49Yrs, Within 48 Hrs"
682,zwUpUid7rdY,"25-49Yrs, Within 48 Hrs"
683,ITt4hJUPzgc,"29 days - 4 yrs, Female"
684,xc8rOCeTNcH,"29 days - 4 yrs, IPD, Female"
685,AdmTL5uNMRR,"29 days - 4 yrs, IPD, Male"
686,FqUuiCGELpZ,"29 days - 4 yrs, Male"
687,q68IP7qMicw,"29 days - 4 yrs, OPD, Female"
688,ezEVjWtS7Qw,"29 days - 4 yrs, OPD, Male"
689,JI2UPpQdUWV,"29Dys-4Yrs, Female"
690,huBy3W5qiD2,"29Dys-4Yrs, Female"
691,muMHLpW0GOU,"29Dys-4Yrs, Female"
692,jw6yxMmxVwq,"29Dys-4Yrs, Female, Non-serious"
693,lzOXcTsAuej,"29Dys-4Yrs, Female, Serious"
694,V2OuNTRI6ua,"29Dys-4Yrs, Male"
695,a5Jnr7WAiAF,"29Dys-4Yrs, Male"
696,awuKsdEEJKS,"29Dys-4Yrs, Male"
697,gz1FXw5EIqg,"29Dys-4Yrs, Male, Non-serious"
698,IIR6adEa1OB,"29Dys-4Yrs, Male, Serious"
699,aJocuQ3ooR0,"29Dys-4Yrs, Other Forms, Female, Known"
700,OAG9CWUMahe,"29Dys-4Yrs, Other Forms, Female, New"
822,s0I3FXgTZAl,"40-49Yrs, Female, CDDP"
701,fNrWbvglBZl,"29Dys-4Yrs, Other Forms, Male, Known"
702,OSvXVZYVJbV,"29Dys-4Yrs, Other Forms, Male, New"
703,NpxZsPKqz0j,"29Dys-4Yrs, Type 1, Female, Known"
704,Kd643OnOxjv,"29Dys-4Yrs, Type 1, Female, New"
705,s2cbiJ3pwIp,"29Dys-4Yrs, Type 1, Male, Known"
706,NU7k532q8MD,"29Dys-4Yrs, Type 1, Male, New"
707,vAE8T78HzS4,"29Dys-4Yrs, Type 2, Female, Known"
708,r66wwmHMTrj,"29Dys-4Yrs, Type 2, Female, New"
709,P8I8GM4Qq1o,"29Dys-4Yrs, Type 2, Male, Known"
710,V1M6lik0C2W,"29Dys-4Yrs, Type 2, Male, New"
711,Xc0872J8y80,"3 - <12Mths"
712,Wnc3u44dd5f,"3 - <12Mths, Female"
713,C6QS10weRA9,"3 - <12Mths, Male"
714,RYvsvMgRMGd,"3 months to 5 months (2), 1.On-Schedule"
715,QP8Ii9s0FMQ,"3 months to 5 months (2), 2.Side Effects"
716,D5l8Nzge6al,"3 months to 5 months (2), 3.Change in Fertility intention"
717,L7dn8ms5oGo,"3 months to 5 months (2), 4.GBV"
718,XRNSpySPJFU,"3 months to 5 months (2), 5.Others"
719,HqSHzyweG3W,"3. Foreigner"
720,iiHv5OA8ziN,"30-34Yrs"
721,cMt0CyhpJpB,"30-34Yrs, DC"
722,AnF164KvhgZ,"30-34Yrs, Female"
723,R3s88osfdOU,"30-34Yrs, Female"
724,Tz29BYBXJQK,"30-34Yrs, Female"
725,YP46Jm4v5f4,"30-34Yrs, Female"
726,kE2hYoEOdKZ,"30-34Yrs, Female"
727,ZRvvf1UlWjA,"30-34Yrs, Female, CCLAD"
728,GrMOqi9UYnV,"30-34Yrs, Female, CDDP"
729,tikzTJPgirw,"30-34Yrs, Female, FBG"
730,Wuuek9FJ2qq,"30-34Yrs, Female, FBIM"
731,Z8pZZtwid5O,"30-34Yrs, Female, FTDR"
732,JJlMDw68B08,"30-34Yrs, Male"
733,Q6BZZU5OqUz,"30-34Yrs, Male"
734,YJbmxtwZ2Dp,"30-34Yrs, Male"
735,kBP2KNlU5yH,"30-34Yrs, Male"
736,rFuPiNEwwqM,"30-34Yrs, Male"
737,vuGsde6mf0g,"30-34Yrs, Male, CCLAD"
738,KgZngOLpPJ3,"30-34Yrs, Male, CDDP"
739,rZWEvxSNdyD,"30-34Yrs, Male, FBG"
740,UmGtJlZab3I,"30-34Yrs, Male, FBIM"
741,KKbfaAf9JxJ,"30-34Yrs, Male, FTDR"
742,br8dXmRamxT,"30-34Yrs, SC"
743,HvqasxV9uCg,"30-39Yrs"
744,P5Ha0aIoR1p,"30-39Yrs"
745,OFRaz9cVTXN,"30-39Yrs, DC"
746,ec2Rnq9F2mx,"30-39Yrs, Female"
747,hQYaFWtsiEQ,"30-39Yrs, Female"
748,rSr0r0CxwDE,"30-39Yrs, Female"
749,IZDZ5t0xwT9,"30-39Yrs, Female, CCLAD"
750,o5HPgxp7qFQ,"30-39Yrs, Female, CDDP"
751,Y16mLOHvpU5,"30-39Yrs, Female, FBG"
752,UnBX0U7P9mS,"30-39Yrs, Female, FBIM"
753,hWqCMiWa9eS,"30-39Yrs, Female, FTDR"
754,QQQIwGIi6MH,"30-39Yrs, Male"
755,lt2RiSc1F5h,"30-39Yrs, Male"
756,lxdu4lHq3lu,"30-39Yrs, Male"
757,q3CpXofhabE,"30-39Yrs, Male, CCLAD"
758,Rk1ki7jqx4O,"30-39Yrs, Male, CDDP"
759,H1DRygNIwja,"30-39Yrs, Male, FBG"
760,MATVcwvWMrd,"30-39Yrs, Male, FBIM"
761,B7DchWU0TIH,"30-39Yrs, Male, FTDR"
762,kU3kPQ3tndd,"30-39Yrs, SC"
763,D4mjK10Olph,"35-39Yrs"
764,GtikmF3StlE,"35-39Yrs, DC"
765,FIC0ujz6NHC,"35-39Yrs, Female"
766,SAz29dqb8sK,"35-39Yrs, Female"
767,WqJhXlm3j9S,"35-39Yrs, Female"
768,X0hYlZSavdp,"35-39Yrs, Female"
769,hzxRKJVw1qz,"35-39Yrs, Female"
770,IKcybTQi2op,"35-39Yrs, Female, CCLAD"
771,fev5kPPjKIE,"35-39Yrs, Female, CDDP"
772,V8gPspR25eF,"35-39Yrs, Female, FBG"
773,uQSxKXrDARk,"35-39Yrs, Female, FBIM"
774,VEDXVXEclNb,"35-39Yrs, Female, FTDR"
775,NNYPe812WLK,"35-39Yrs, Male"
776,Xf9UkbTenIK,"35-39Yrs, Male"
777,YvuAd9YbUW1,"35-39Yrs, Male"
778,msEb8Nmaksu,"35-39Yrs, Male"
779,tJ9I0GJyrsJ,"35-39Yrs, Male"
780,iiHsqtsN23q,"35-39Yrs, Male, CCLAD"
781,Gid0LuxiZCn,"35-39Yrs, Male, CDDP"
782,slrWBvy4JgL,"35-39Yrs, Male, FBG"
783,vO1aA27wLFs,"35-39Yrs, Male, FBIM"
784,wc0YRKrDf5m,"35-39Yrs, Male, FTDR"
785,YMUw3SkzuCu,"35-39Yrs, SC"
786,eCyYIEiluAO,"35-44Yrs, Female"
787,YnQIyGZJZkp,"35-44Yrs, Male"
788,J0tZbSIQgJh,"35-59Yrs, Female"
789,wlZ7QBEZWE2,"35-59Yrs, Female"
790,I1IHrbBF2fm,"35-59Yrs, Male"
791,u5FiIkNknnZ,"35-59Yrs, Male"
792,MqcqDwgVN79,"4 Weeks to 5 Weeks"
793,H13wis50FWc,"40-44Yrs"
794,c6k00Uyf029,"40-44Yrs, DC"
795,GMBwC7m2Tea,"40-44Yrs, Female"
796,IINRfWBo1HP,"40-44Yrs, Female"
797,SwdFaRuXXpj,"40-44Yrs, Female"
798,jIODujG3aO4,"40-44Yrs, Female"
799,dTFVuzkaNwB,"40-44Yrs, Female, CCLAD"
800,Ci5R964P99p,"40-44Yrs, Female, CDDP"
801,lEJ3dJ9npQg,"40-44Yrs, Female, FBG"
802,yE1R9WpKd3b,"40-44Yrs, Female, FBIM"
803,VkSaCyLCc2h,"40-44Yrs, Female, FTDR"
804,At4N2sW3ViD,"40-44Yrs, Male"
805,TNRCya9Zcnm,"40-44Yrs, Male"
806,UOY7hA2xpUA,"40-44Yrs, Male"
807,v5D6WabTrvq,"40-44Yrs, Male"
808,YbriuBZJBeO,"40-44Yrs, Male, CCLAD"
809,hW27ES6YyWP,"40-44Yrs, Male, CDDP"
810,n3vJZJB0Qog,"40-44Yrs, Male, FBG"
811,WxEbyLjZulk,"40-44Yrs, Male, FBIM"
812,TyRlmz5uEYA,"40-44Yrs, Male, FTDR"
813,Ugt9c7hImu2,"40-44Yrs, SC"
814,LhZGxQ7MTRf,"40-49Yrs"
815,iNxlIiFFANo,"40-49Yrs"
816,pWAdyuVyOMK,"40-49Yrs, DC"
817,FfLegAFinZ1,"40-49Yrs, Female"
818,LJ9TtoUgGoz,"40-49Yrs, Female"
819,QS8euMeXUNm,"40-49Yrs, Female"
820,z9wYYxDZM9V,"40-49Yrs, Female"
821,MbpugVKYNxp,"40-49Yrs, Female, CCLAD"
823,fyPjyS5Xw2j,"40-49Yrs, Female, FBG"
824,gfesx8rZCs8,"40-49Yrs, Female, FBIM"
825,gWu61rSPlNK,"40-49Yrs, Female, FTDR"
826,KakWYaCziUg,"40-49Yrs, Male"
827,Q3skdENnI3Q,"40-49Yrs, Male"
828,V6XVOjhLEwA,"40-49Yrs, Male"
829,bsvfgDGBWVf,"40-49Yrs, Male"
830,qjyXBBIoLZb,"40-49Yrs, Male, CCLAD"
831,yo9rYXVYdTc,"40-49Yrs, Male, CDDP"
832,soJbDsmFy3W,"40-49Yrs, Male, FBG"
833,GzzKyvdmNxo,"40-49Yrs, Male, FBIM"
834,HuanCOZV9VP,"40-49Yrs, Male, FTDR"
835,bc6tpqIdwhK,"40-49Yrs, SC"
836,Mv9SNsGCT5e,"40-64 Yrs, Female"
837,rkbc2xbaa8g,"40-64 Yrs, Female, Known"
838,Z2df6EDsYk1,"40-64 Yrs, Female, New"
839,tD3pn44uScE,"40-64 Yrs, Male"
840,lvYG6LfU4Jo,"40-64 Yrs, Male, Known"
841,eDQHbmqfA0E,"40-64 Yrs, Male, New"
842,ZNUi3R8HPJS,"45-49Yrs"
843,I3x9NSriasx,"45-49Yrs, DC"
844,AW05HSHAq0i,"45-49Yrs, Female"
845,UJXMO4wC3CL,"45-49Yrs, Female"
846,j2p5PLOpZgR,"45-49Yrs, Female"
847,wwyAx7XFJxl,"45-49Yrs, Female"
848,m6IbBB9UFjT,"45-49Yrs, Female, CCLAD"
849,hYbALHJ4XbN,"45-49Yrs, Female, CDDP"
850,RjFZMUbRLpr,"45-49Yrs, Female, FBG"
851,dyQ6HIiu7DQ,"45-49Yrs, Female, FBIM"
852,RarIXOn3MVQ,"45-49Yrs, Female, FTDR"
853,QmJs97Cmtdq,"45-49Yrs, Male"
854,Togdg60VkWv,"45-49Yrs, Male"
855,wmdKsYtMiVy,"45-49Yrs, Male"
856,zHIgRxojTnV,"45-49Yrs, Male"
857,cZftFVe2z9Q,"45-49Yrs, Male, CCLAD"
858,IdxtOExtT2i,"45-49Yrs, Male, CDDP"
859,Io8hxxOYoYr,"45-49Yrs, Male, FBG"
860,qwPccZewED1,"45-49Yrs, Male, FBIM"
861,sBQCB37mKDY,"45-49Yrs, Male, FTDR"
862,Iq8CpdwAqtQ,"45-49Yrs, SC"
863,GpFlieO20jD,"45-54Yrs, Female"
864,KPaRQY3kXSy,"45-54Yrs, Male"
865,ZuviKnNFt8B,"48 Hours to 3 Weeks"
866,ESvFJsCsLAM,"5 - 9 yrs, Female"
867,OptiiLdMwqD,"5 - 9 yrs, Female"
868,EfRG7jMRfoM,"5 - 9 yrs, Female, MAM"
869,lYfBR6ISqCv,"5 - 9 yrs, Female, Non Pregnant"
870,eGVy8bGIhk4,"5 - 9 yrs, Female, Overweight/obese"
871,Vvhu94ZTU5T,"5 - 9 yrs, Female, Pregnant/Lactating"
872,aZR452pTik3,"5 - 9 yrs, Female, SAM with Oedema"
873,u8EjxXWgAHG,"5 - 9 yrs, Female, SAM without oedema"
874,e0eWNRTMXz9,"5 - 9 yrs, Female, Underweight"
875,Bnt7abK0gqb,"5 - 9 yrs, Male"
876,kiUTrpAv4xi,"5 - 9 yrs, Male"
877,ZlreUe4uf11,"5 - 9 yrs, Male, MAM"
878,jDSMH2ZvOs4,"5 - 9 yrs, Male, Non Pregnant"
879,qD0TdDRYfwl,"5 - 9 yrs, Male, Overweight/obese"
880,z4qJ6LS3BHQ,"5 - 9 yrs, Male, Pregnant/Lactating"
881,PGZOJ6eIb98,"5 - 9 yrs, Male, SAM with Oedema"
882,jHtwkvPaizE,"5 - 9 yrs, Male, SAM without oedema"
883,EnKysSuevAn,"5 - 9 yrs, Male, Underweight"
884,fHgwVjoElmE,"5+Yrs, Female"
885,NztagQ6Xyce,"5+Yrs, Female, Completed"
886,uPMtFLeKUqP,"5+Yrs, Female, Completed TPT"
887,SXFZgHGcT0o,"5+Yrs, Female, Developed TB"
888,iQYIgjrrFSu,"5+Yrs, Female, Died"
889,to2xEbsjvJb,"5+Yrs, Female, Died during TPT"
890,RAFWBL4mOZB,"5+Yrs, Female, LTFP"
891,bZoX8ZIeeLN,"5+Yrs, Female, Lost to follow up before TPT completion"
892,utuGskEUCjS,"5+Yrs, Female, Other TPT Outcomes"
893,db0olQ05Vpl,"5+Yrs, Female, Stopped TPT - Developed TB"
894,oxruvPOzaER,"5+Yrs, Female, Stopped TPT - Others"
895,CHy75ytoKCu,"5+Yrs, Female, Total expected to complete TPT"
896,ZgnHXnu30cI,"5+Yrs, Male"
897,bsTLoxEw4te,"5+Yrs, Male, Completed"
898,lehZLzsBHco,"5+Yrs, Male, Completed TPT"
899,pghgPy4kG6g,"5+Yrs, Male, Developed TB"
900,b6ChUtPPc90,"5+Yrs, Male, Died"
901,ayib3bjEqDj,"5+Yrs, Male, Died during TPT"
902,zRozuoiu8iH,"5+Yrs, Male, LTFP"
903,CYrpGT8G2RM,"5+Yrs, Male, Lost to follow up before TPT completion"
904,W0xpTR5AZiJ,"5+Yrs, Male, Other TPT Outcomes"
905,wNi8MOgXhLu,"5+Yrs, Male, Stopped TPT - Developed TB"
906,tN65V4CU5Ku,"5+Yrs, Male, Stopped TPT - Others"
907,luxeQaPyU4r,"5+Yrs, Male, Total expected to complete TPT"
908,bysc5jLwJ4w,"5-10 Yrs"
909,pL5nqlbDyH8,"5-10 Yrs"
910,T7xXSMiwmcd,"5-10 Yrs, Female"
911,cn4EjSDzTQ2,"5-10 Yrs, Female"
912,k4P4HuoX0GC,"5-10 Yrs, Female"
913,LgREbZbyMxC,"5-10 Yrs, Male"
914,PyMj33pf0jr,"5-10 Yrs, Male"
915,vbVNe2ugBWA,"5-10 Yrs, Male"
916,EQKTfxKDfPu,"5-14Yrs, Female"
917,h4KKHXCCrwM,"5-14Yrs, Female"
918,vrs9yseosUB,"5-14Yrs, Female"
919,yR9K2nXGDJs,"5-14Yrs, Female"
920,G9wvEIMSGmO,"5-14Yrs, Male"
921,LT5SjDKHgCs,"5-14Yrs, Male"
922,j9aF5JCMxYp,"5-14Yrs, Male"
923,jp0B1u9IfdY,"5-14Yrs, Male"
924,qFxUvRqriX5,"5-14Yrs, Outreach"
925,aMhI72s7Xgf,"5-14Yrs, Static"
926,BsgcBLUWWgK,"5-9Yrs"
927,bgWP5Glwczt,"5-9Yrs"
928,lPmhlMRtquO,"5-9Yrs"
929,GZGBNVVcoS9,"5-9Yrs, DC"
930,ClHRe1w9zMY,"5-9Yrs, Female"
931,Crc5reUlspd,"5-9Yrs, Female"
932,DzD38k4YAqv,"5-9Yrs, Female"
933,GNNdPRsjO2n,"5-9Yrs, Female"
934,PXZxiZcVelu,"5-9Yrs, Female"
935,Q29KLru4s67,"5-9Yrs, Female"
936,T3SmmEt9JlP,"5-9Yrs, Female"
937,bMVERVvcEqW,"5-9Yrs, Female"
938,bkKugXovr0E,"5-9Yrs, Female"
939,iSQZokGxiuI,"5-9Yrs, Female"
940,jOb6Ob2TWAi,"5-9Yrs, Female"
941,oIxEDq59GUL,"5-9Yrs, Female"
942,oUNj9K1i09E,"5-9Yrs, Female"
943,qmrxgYTm8S2,"5-9Yrs, Female"
944,u5XHx35Jm65,"5-9Yrs, Female"
945,vGHDZm2UPq5,"5-9Yrs, Female"
946,gwkvh5oz7No,"5-9Yrs, Female, CCLAD"
947,fL8eziSDF6K,"5-9Yrs, Female, CDDP"
948,R5z2uKfrhy9,"5-9Yrs, Female, Completed"
949,CZ91nb9BQYj,"5-9Yrs, Female, Developed TB"
950,LmnuUWgMxaX,"5-9Yrs, Female, Died"
951,re64WVQRHrE,"5-9Yrs, Female, FBG"
952,WroY4Qryuyi,"5-9Yrs, Female, FBIM"
953,tWU8OxG2NwX,"5-9Yrs, Female, FTDR"
954,LTeBKloinQk,"5-9Yrs, Female, LTFP"
955,D8qHM3UQCxx,"5-9Yrs, Female, Non-serious"
956,gHixbfDUfzN,"5-9Yrs, Female, Other TPT Outcomes"
957,pv6BQPGpVw9,"5-9Yrs, Female, Serious"
958,rKYinLllOP5,"5-9Yrs, IPD, Female"
959,L9fYDDAYYDc,"5-9Yrs, IPD, Male"
960,A8rYH97KrsT,"5-9Yrs, Male"
961,AoLZWJ6T2mX,"5-9Yrs, Male"
962,EKm949hzsgY,"5-9Yrs, Male"
963,F1rms8f9I9a,"5-9Yrs, Male"
964,OD820uRJDi3,"5-9Yrs, Male"
965,OhmzAkCmkjU,"5-9Yrs, Male"
966,QzcaaLV5dVM,"5-9Yrs, Male"
967,ZmDRpouk1Pf,"5-9Yrs, Male"
968,bLKF2SPU9w1,"5-9Yrs, Male"
969,i7lq87XMrw7,"5-9Yrs, Male"
970,n9ISQhdjMaW,"5-9Yrs, Male"
971,nUAmaRYuJXx,"5-9Yrs, Male"
972,oeoFCE8GNMG,"5-9Yrs, Male"
973,pQGo8jYHpvp,"5-9Yrs, Male"
974,sWdnxDPus5O,"5-9Yrs, Male"
975,suw2uRYvps1,"5-9Yrs, Male"
976,rC9qx6ATRB6,"5-9Yrs, Male, CCLAD"
977,eYRIoMJSlBZ,"5-9Yrs, Male, CDDP"
978,F65uRbqBCBG,"5-9Yrs, Male, Completed"
979,KAaLhSh9cvK,"5-9Yrs, Male, Developed TB"
980,e0YoTsvk0Yf,"5-9Yrs, Male, Died"
981,LZizPkASk2B,"5-9Yrs, Male, FBG"
982,dFSJ2A0N6Ys,"5-9Yrs, Male, FBIM"
983,LBBYULRNlhW,"5-9Yrs, Male, FTDR"
984,DvDiZHdzwbY,"5-9Yrs, Male, LTFP"
985,unLXOoWw1SX,"5-9Yrs, Male, Non-serious"
986,jm5IGXxC2DY,"5-9Yrs, Male, Other TPT Outcomes"
987,yfyKbnNkovA,"5-9Yrs, Male, Serious"
988,CcJq2nt62Uu,"5-9Yrs, OPD, Female"
989,GYCuzZm28bv,"5-9Yrs, OPD, Male"
990,QFWm8lEHf51,"5-9Yrs, Other Forms, Female, Known"
991,U7uWw9S9uAc,"5-9Yrs, Other Forms, Female, New"
992,gOnaCOYx8FU,"5-9Yrs, Other Forms, Male, Known"
993,KpwNTwpV2o6,"5-9Yrs, Other Forms, Male, New"
994,IKKHJf7npa1,"5-9Yrs, SC"
995,HEPVxich0tL,"5-9Yrs, Type 1, Female, Known"
996,mD3cFhm1D2B,"5-9Yrs, Type 1, Female, New"
997,pPvOfV50SS8,"5-9Yrs, Type 1, Male, Known"
998,XupciJhZFGQ,"5-9Yrs, Type 1, Male, New"
999,gmPQKX476R7,"5-9Yrs, Type 2, Female, Known"
1000,G2Qg9jeXaiJ,"5-9Yrs, Type 2, Female, New"
1001,SKxBAYeZfhQ,"5-9Yrs, Type 2, Male, Known"
1002,ZicGh3OOtlU,"5-9Yrs, Type 2, Male, New"
1003,MBoKGTWyvvD,"50+ years, SI, New"
1004,GubYOBYVxvo,"50+Yrs"
1005,WQ8FzlyAWIM,"50+Yrs"
1006,sxBbkmHxnBP,"50+Yrs"
1007,yzExuznqOHX,"50+Yrs"
1008,rSDtqvwjEMU,"50+Yrs, 3 days to 1 week"
1009,rTxuwQzM58u,"50+Yrs, 3days to 3 weeks"
1010,wazO9t1ytPH,"50+Yrs, 4wks to 6 weeks"
1011,KIT6YrwtFCp,"50+Yrs, 6 Months to 12 Months"
1012,OKjEq3tzhCk,"50+Yrs, 7 weeks to 5 months"
1013,uABqLq29rCb,"50+Yrs, 8 days to 2 weeks"
1014,Ifr5Uza7rJs,"50+Yrs, DC"
1015,HvHzOcWOuNb,"50+Yrs, Female"
1016,TNqu5f9VzW5,"50+Yrs, Female"
1017,TdFTHypaqWp,"50+Yrs, Female"
1018,UhDfSQZJYdO,"50+Yrs, Female"
1019,ZTykIzgbe7T,"50+Yrs, Female"
1020,b8yyYVX5YLY,"50+Yrs, Female"
1021,f0IY8VORiY9,"50+Yrs, Female"
1022,suRpdt1ElnQ,"50+Yrs, Female"
1023,spzAtkez2O5,"50+Yrs, Female, APH"
1024,dugPsKxwsKC,"50+Yrs, Female, CCLAD"
1025,IYg03YinIio,"50+Yrs, Female, CDDP"
1026,VoDvA0LCFU8,"50+Yrs, Female, FBG"
1027,rqMxbtGgVnT,"50+Yrs, Female, FBIM"
1028,LZhjPbQ32NB,"50+Yrs, Female, FTDR"
1029,gRPdcJ3T0Ha,"50+Yrs, Female, PPH"
1030,F0KkV5nNRa7,"50+Yrs, Male"
1031,FWwH0Sf336N,"50+Yrs, Male"
1032,JIUiYUKaZtz,"50+Yrs, Male"
1033,KQym92Lq7PP,"50+Yrs, Male"
1034,P4iCzEY8pv5,"50+Yrs, Male"
1035,lLNRDZPsnOs,"50+Yrs, Male"
1036,oOiYzCLA607,"50+Yrs, Male"
1037,r51DzYZiHDg,"50+Yrs, Male"
1038,imELtBWfoOH,"50+Yrs, Male, APH"
1039,uLyzKTwVZvX,"50+Yrs, Male, CCLAD"
1040,nwEBqyzPIJh,"50+Yrs, Male, CDDP"
1041,ZzUWsARxaN2,"50+Yrs, Male, FBG"
1042,iCm9p4g7zTd,"50+Yrs, Male, FBIM"
1043,qjmAwUggaDL,"50+Yrs, Male, FTDR"
1044,VFFHJa3AvtA,"50+Yrs, Male, PPH"
1045,u6TZwW7LKHG,"50+Yrs, Negative"
1046,vThXRDk6raG,"50+Yrs, Negative"
1047,fmyu6PJJeQW,"50+Yrs, Positive"
1048,lTGaDAjDbsl,"50+Yrs, Positive"
1049,FnbkPsY2fMj,"50+Yrs, SC"
1050,XlsgXj1ZQSK,"50+Yrs, Unknown"
1051,LY816U57c7I,"50+Yrs, Within 48 Hrs"
1052,xGLNSzBvft3,"50+Yrs, Within 48 Hrs"
1053,LP9BeW1vGbV,"50-54Yrs, Female"
1054,iCBAGYxk6nz,"50-54Yrs, Female"
1055,mxwbyC907aN,"50-54Yrs, Female, CCLAD"
1056,jBOIvRj9qU5,"50-54Yrs, Female, CDDP"
1057,AzLOvAmUD8K,"50-54Yrs, Female, FBG"
1058,woDe0J7PEao,"50-54Yrs, Female, FBIM"
1059,ylmpqW0ibc3,"50-54Yrs, Female, FTDR"
1060,N2SBBHixIUw,"50-54Yrs, Male"
1061,k8HpYK6X99O,"50-54Yrs, Male"
1062,QhA5ciClYZb,"50-54Yrs, Male, CCLAD"
1063,GS0CgpQxokG,"50-54Yrs, Male, CDDP"
1064,k4JyvGaM129,"50-54Yrs, Male, FBG"
1065,PMh7MtoX9N2,"50-54Yrs, Male, FBIM"
1066,RVTBM3hfKiT,"50-54Yrs, Male, FTDR"
1067,gAG2XfQsTIA,"55-59Yrs, Female"
1068,pr06vcGskap,"55-59Yrs, Female"
1069,AByt1oMYej3,"55-59Yrs, Female, CCLAD"
1070,mYso7AjfsiT,"55-59Yrs, Female, CDDP"
1071,ZkAznnY4jTz,"55-59Yrs, Female, FBG"
1072,uqF1LiNVeE9,"55-59Yrs, Female, FBIM"
1073,CUrz9GUlck3,"55-59Yrs, Female, FTDR"
1074,Nlx6cS6xHol,"55-59Yrs, Male"
1075,OLHl1lm5IdE,"55-59Yrs, Male"
1076,OvPRR1TKGnR,"55-59Yrs, Male, CCLAD"
1077,Ni904iNUFsv,"55-59Yrs, Male, CDDP"
1078,RhxI872baOF,"55-59Yrs, Male, FBG"
1079,qX4damt5Ic9,"55-59Yrs, Male, FBIM"
1080,EER2QAJSIQp,"55-59Yrs, Male, FTDR"
1081,vWuXi0hK4Nn,"55-64Yrs, Female"
1082,mhxaQETtk2Q,"55-64Yrs, Male"
1083,Ca4qJIvhQ2M,"6 Months to 12 Months"
1084,qRoRLYqD9or,"6 Weeks to 5 Months"
1085,JwgJ9qVf00z,"6 months - 6 Years, Female"
1086,KoIaHb6Fqvl,"6 months - 6 Years, Male"
1087,VQFTG0RboIj,"6 months - 7 Years, Female"
1088,woy3WIWdey4,"6 months - 7 Years, Male"
1089,iKbU0JSjMdF,"6 months to 12 months (3), 1.On-Schedule"
1090,Bl7LUccRImh,"6 months to 12 months (3), 2.Side Effects"
1091,lj1GgHd1ccJ,"6 months to 12 months (3), 3.Change in Fertility intention"
1092,vKe4QFHdgaT,"6 months to 12 months (3), 4.GBV"
1093,sgfiQYf9I0b,"6 months to 12 months (3), 5.Others"
1094,SOuJAwidqJs,"6-15Yrs, Female"
1095,SdyQLiaspch,"6-15Yrs, Male"
1096,NThAKEjWS24,"6-23Mths, Female"
1097,kkV0Rfqo4Ru,"6-23Mths, Female"
1098,ylbw1HJrKHS,"6-23Mths, Female"
1099,sVouzJQWEEn,"6-23Mths, Female, MAM"
1100,sshJulLccMf,"6-23Mths, Female, Non Pregnant"
1101,ZFfT0C4Kb6a,"6-23Mths, Female, Overweight/obese"
1102,m147hPrMEM6,"6-23Mths, Female, Pregnant/Lactating"
1103,uPtok4Bq5Je,"6-23Mths, Female, SAM with Oedema"
1104,g5fNv6HkLqE,"6-23Mths, Female, SAM without oedema"
1105,ibBO4J3593S,"6-23Mths, Female, Underweight"
1106,X9hXliD051v,"6-23Mths, Male"
1107,q33Jr73momc,"6-23Mths, Male"
1108,sHKK94BX2Rp,"6-23Mths, Male"
1109,lIu0CYDXMYl,"6-23Mths, Male, MAM"
1110,QFU2A3iZpXD,"6-23Mths, Male, Non Pregnant"
1111,T23CY3ePYOq,"6-23Mths, Male, Overweight/obese"
1112,JEEJMuX9dJM,"6-23Mths, Male, Pregnant/Lactating"
1113,RauSck2b2k8,"6-23Mths, Male, SAM with Oedema"
1114,vmBM00PCsWL,"6-23Mths, Male, SAM without oedema"
1115,oQ1GYnDdJ3g,"6-23Mths, Male, Underweight"
1116,imOTlHHaEPR,"6-59Mths"
1117,HC0dp2TRp7y,"60+Yrs, Female"
1118,b1p4v65Fds7,"60+Yrs, Female"
1119,wgxsjUMb8Rw,"60+Yrs, Female"
1120,HJ8vavGBwnt,"60+Yrs, Male"
1121,RxBk6lsO9Dv,"60+Yrs, Male"
1122,Yx9LGiAEzJI,"60+Yrs, Male"
1123,F8vMFUhBGIJ,"60-64Yrs, Female"
1124,Pdi7bTTavv2,"60-64Yrs, Female"
1125,CXT6dWqbSbG,"60-64Yrs, Female, CCLAD"
1126,PF3v3BZcq6G,"60-64Yrs, Female, CDDP"
1127,oy8AwRyYPIx,"60-64Yrs, Female, FBG"
1128,sas0RxuWqdt,"60-64Yrs, Female, FBIM"
1129,zHn8w1B8lpj,"60-64Yrs, Female, FTDR"
1130,jko8CGYBgS6,"60-64Yrs, Male"
1131,nfDLR1KVMSU,"60-64Yrs, Male"
1132,GpDFBTmRJ8Z,"60-64Yrs, Male, CCLAD"
1133,efP56CjYizH,"60-64Yrs, Male, CDDP"
1134,Nb9RrHB7epj,"60-64Yrs, Male, FBG"
1135,GldfuYxy3wN,"60-64Yrs, Male, FBIM"
1136,Y1yDvdWxLII,"60-64Yrs, Male, FTDR"
1137,XTCaoKHZWd5,"65+Yrs, Female"
1138,Zan8cV19Fik,"65+Yrs, Female"
1139,pfXBcPz6khi,"65+Yrs, Female"
1140,uswERGQbUQW,"65+Yrs, Female"
1141,QdQGRlGCOyg,"65+Yrs, Female, CCLAD"
1142,L0GKDfY1FnB,"65+Yrs, Female, CDDP"
1143,hUZqP3ZPm10,"65+Yrs, Female, FBG"
1144,wNQviFThTT9,"65+Yrs, Female, FBIM"
1145,Db2ySYFBkgu,"65+Yrs, Female, FTDR"
1146,rsV4LLJt5Lw,"65+Yrs, Female, Known"
1147,gp5AoqZCBjE,"65+Yrs, Female, New"
1148,ARQi9dQo5Wt,"65+Yrs, Male"
1149,Xnvym8RgOAa,"65+Yrs, Male"
1150,rU0HnmI7P8S,"65+Yrs, Male"
1151,yV1R260NjOy,"65+Yrs, Male"
1152,ODr8QTBz2Ji,"65+Yrs, Male, CCLAD"
1153,Z06YjkA6HAj,"65+Yrs, Male, CDDP"
1154,uj9Iv61GJk9,"65+Yrs, Male, FBG"
1155,LEj81c7pUgy,"65+Yrs, Male, FBIM"
1156,hKv214OQda1,"65+Yrs, Male, FTDR"
1157,GMPyv2RPvxm,"65+Yrs, Male, Known"
1158,dBzKnHTWCkK,"65+Yrs, Male, New"
1159,Ck8FveDhZSy,"6Dys"
1160,tkvTY7b4tGg,"6Mths"
1161,YftbycyVKYC,"6Wks"
1162,SbpGAusTRTo,"7-14 Yrs, Female"
1163,zDV05aN05nI,"7-14 Yrs, Male"
1164,hlOIcNvazu2,"8-14 Yrs, Female"
1165,e4wQVhFxwgT,"8-14 Yrs, Male"
1166,UGTbjOrSMsh,"8-28 days"
1167,MvuRfhqU31f,"<10Yrs, Female"
1168,yWIozWpVGde,"<10Yrs, Female"
1169,BTnevkVZCMf,"<10Yrs, Male"
1170,fbr68sqTEKR,"<10Yrs, Male"
1171,JtoaNPpY2BF,<15Yrs
1172,Q90Qu1GS7Km,"<15Yrs, 3 days to 1 week"
1173,z1p6NyW5Qma,"<15Yrs, 3days to 3 weeks"
1174,iksllLevLly,"<15Yrs, 4wks to 6 weeks"
1175,k1wZTiq1ak7,"<15Yrs, 6 Months to 12 Months"
1176,N894O8C4D1K,"<15Yrs, 7 weeks to 5 months"
1177,QefCBMu44Nn,"<15Yrs, 8 days to 2 weeks"
1178,sM7n9AMlT5g,"<15Yrs, Negative"
1179,H9qJO0yGTKz,"<15Yrs, Positive"
1180,GwP082GoFFb,"<15Yrs, Within 48 Hrs"
1181,vbptKU14MMd,"<15Yrs, Within 48 Hrs"
1182,hpIg7OmSebG,"<1:1600-Negative, 0-4Yrs, Female"
1183,cbLw8Y4kBTf,"<1:1600-Negative, 0-4Yrs, Male"
1184,u0GG1DXDDma,"<1:1600-Negative, 15-49Yrs, Female"
1185,TTb0HQWIhEg,"<1:1600-Negative, 15-49Yrs, Male"
1186,wPD20zXpjAo,"<1:1600-Negative, 5-14Yrs, Female"
1187,MU2G0pVegul,"<1:1600-Negative, 5-14Yrs, Male"
1188,yoUPgGItGop,"<1:1600-Negative, 50+Yrs, Female"
1189,fo4AYGng4dP,"<1:1600-Negative, 50+Yrs, Male"
1190,VQ2EUtfqJ0N,"<1Yr, Female"
1191,cTPQTVEgRQr,"<1Yr, Female"
1192,pXWJyCLClF6,"<1Yr, Female"
1193,rDIYMMteqBO,"<1Yr, Female"
1194,skjiXNlx0vf,"<1Yr, Female"
1195,xBw5EmwuAxx,"<1Yr, Female"
1196,nd6lEeHINDM,"<1Yr, Female, CCLAD"
1197,nP8EGzsrkoH,"<1Yr, Female, CDDP"
1198,Xbev6kv6wkP,"<1Yr, Female, FBG"
1199,uIKPf8XYDr9,"<1Yr, Female, FBIM"
1200,phKtDtxUGhD,"<1Yr, Female, FTDR"
1201,Bdd0Il720OY,"<1Yr, Male"
1202,HpSyeaooIMF,"<1Yr, Male"
1203,JSSl47XcRRu,"<1Yr, Male"
1204,NuGCerWN58O,"<1Yr, Male"
1205,UUyQmbqUz98,"<1Yr, Male"
1206,mjErorkszJs,"<1Yr, Male"
1207,GNLoasmTkxL,"<1Yr, Male, CCLAD"
1208,oy4efm6vANR,"<1Yr, Male, CDDP"
1209,foo6T2uhmr5,"<1Yr, Male, FBG"
1210,Fz9mpBnT031,"<1Yr, Male, FBIM"
1211,UNzAei1UO05,"<1Yr, Male, FTDR"
1212,LbCqcOuZipd,"<1Yr, Outreach"
1213,kBLpiQanUSy,"<1Yr, Static"
1214,HK2LMOjcIds,"<5Yrs, Female"
1215,acibdlEhhxw,"<5Yrs, Female"
1216,bdbxoGD7oAY,"<5Yrs, Female"
1217,EVJwOnx0wy9,"<5Yrs, Male"
1218,h6Pad0c6ic0,"<5Yrs, Male"
1219,iflYtoy1rPB,"<5Yrs, Male"
1220,WLvZzjnCsh1,">1:12800-Positive, 0-4Yrs, Female"
1221,EjLlPYKRMDT,">1:12800-Positive, 0-4Yrs, Male"
1222,GndCXvO0ovu,">1:12800-Positive, 15-49Yrs, Female"
1223,tXMIzr0hgkd,">1:12800-Positive, 15-49Yrs, Male"
1224,scStHEWxfG4,">1:12800-Positive, 5-14Yrs, Female"
1225,LBLbgPSKyEl,">1:12800-Positive, 5-14Yrs, Male"
1226,J4xV4azsSnS,">1:12800-Positive, 50+Yrs, Female"
1227,O9tPlZ0rhtL,">1:12800-Positive, 50+Yrs, Male"
1228,l5ZbmIi2S9X,>2Mths-<1Yr
1229,RwptPZ7KJpX,">2Mths-<1Yr, DC"
1230,G7BOFrXItd9,">2Mths-<1Yr, SC"
1231,MVqO1y4LBKA,">5Yrs, Cryoprecitates"
1232,bVZJuvfREty,">5Yrs, FreshFrozenPlasma"
1233,qRTYqd6OZNw,">5Yrs, PackedCells"
1234,gi5XgpOH0XE,">5Yrs, Platelets"
1235,Uc2RjTjNabM,">5Yrs, Wholeblood"
1236,aBwgn3seEeJ,AUD Services
1237,QUzLjdveSOz,"AUD Services, Female"
1238,A4exOip3pCg,"AUD Services, Male"
1239,ePeIALdnFKQ,"Above 36 months. (7), 1.On-Schedule"
1240,q51sHmuHSOf,"Above 36 months. (7), 2.Side Effects"
1241,TvwLdYL588I,"Above 36 months. (7), 3.Change in Fertility intention"
1242,NIiAD9OIkJV,"Above 36 months. (7), 4.GBV"
1243,aEwb7HYvYrQ,"Above 36 months. (7), 5.Others"
1244,sv84aXQFfYn,Acinetobacterbaumannii
1245,xhGDprZjJIy,"Acinetobacterbaumannii, Intermediate"
1246,z9OAlfoLrhF,"Acinetobacterbaumannii, Reactive"
1247,KMjCdte3nlv,"Acinetobacterbaumannii, Sensitive"
1248,De5hrS515Zn,"Active Clients, 0-5Mths, Female"
1249,nSJ9WWa1zlm,"Active Clients, 0-5Mths, Female"
1250,IxedmiLHz9Z,"Active Clients, 0-5Mths, Male"
1251,bc3CGuLi6Ds,"Active Clients, 0-5Mths, Male"
1252,Ok0MV6UnypR,"Active Clients, 10-19Yrs"
1253,kqoB83Pywcn,"Active Clients, 10-19Yrs, Female"
1254,oKckGvbfBoE,"Active Clients, 10-19Yrs, Male"
1255,V0GvErO3dZ1,"Active Clients, 10-19Yrs, Non Pregnant"
1256,peoXKOQsd6U,"Active Clients, 10-19Yrs, Pregnant/Lactating"
1257,bt5fCDEC6xg,"Active Clients, 20-24 years, Female"
1258,l5Gk9wbUabk,"Active Clients, 20-24 years, Male"
1259,MisJFYwVNYp,"Active Clients, 20-24Yrs"
1260,qNx1Qi8xNGo,"Active Clients, 20-24Yrs, Non Pregnant"
1261,xTfKXWJjAKC,"Active Clients, 20-24Yrs, Pregnant/Lactating"
1262,QNJNyfcPrWb,"Active Clients, 24-59Mths, Female"
1263,tWyPsl8Q80x,"Active Clients, 24-59Mths, Female"
1264,PAJnQXEcGM5,"Active Clients, 24-59Mths, Male"
1265,lelhIFO5q6d,"Active Clients, 24-59Mths, Male"
1266,d79y1cPnfK2,"Active Clients, 25+Yrs"
1267,CJNOHEHlmTO,"Active Clients, 25+Yrs, Female"
1268,BqF8ApJDM1b,"Active Clients, 25+Yrs, Male"
1269,xc8YAxwOELe,"Active Clients, 25+Yrs, Non Pregnant"
1270,YOIzruzReIy,"Active Clients, 25+Yrs, Pregnant/Lactating"
1271,Qh7G81ywDpr,"Active Clients, 5 - 9 yrs, Female"
1272,q1bn6nbNWWs,"Active Clients, 5 - 9 yrs, Female"
1273,X7lGMvzhhHO,"Active Clients, 5 - 9 yrs, Male"
1274,ynSANFmJ8hJ,"Active Clients, 5 - 9 yrs, Male"
1275,CK9pP6kKmpb,"Active Clients, 6-23Mths, Female"
1276,p2GPXD5Cnfx,"Active Clients, 6-23Mths, Female"
1277,CmRTyoslzWh,"Active Clients, 6-23Mths, Male"
1278,rwEnS103pdF,"Active Clients, 6-23Mths, Male"
1279,QE0t2SWaRky,AcuteCareUnit
1280,aREWfcNkX8l,"Administered, 12-59Mths"
1281,KkrERgdb529,"Administered, 3 - <12Mths"
1282,jXpJTEaOL0i,"Administered, 5-10 Yrs"
1283,nTt67UipjlI,"Administered, 5-10 Yrs"
1284,ZEfssdwfu27,Adult Cardiology
1285,js8hMmFgFBr,Adult Cardiovascular Surgery
1286,Opih7zjBlsD,Adults
1287,lzpd8W8CKkm,Adults
1288,OsDafpowGRn,Advanced
1289,LuYEFU4nUdg,"After LTFP + Failure, Cured, Female"
1290,upk4aWU0OYX,"After LTFP + Failure, Cured, Male"
1291,BKnscXkTOAa,"After LTFP + Failure, Died, Female"
1292,VgOsKqwFTIF,"After LTFP + Failure, Died, Male"
1293,cbK32G7I34B,"After LTFP + Failure, Female"
1294,r79Lwztjpbe,"After LTFP + Failure, LTFP, Female"
1295,GbCMus9uNEZ,"After LTFP + Failure, LTFP, Male"
1296,bc0AwUTnyCW,"After LTFP + Failure, Male"
1297,dx5tjVUWUrY,"After LTFP + Failure, Tx Completed, Female"
1298,mPkKAKaodG2,"After LTFP + Failure, Tx Completed, Male"
1299,Ca6tj9LAdxc,"After LTFP + Failure, Tx Failed, Female"
1300,X7895o4e2xs,"After LTFP + Failure, Tx Failed, Male"
1301,iB9EXkcRaq0,"AmBisome, Cured, 0-4Yrs, Female"
1302,ha0tE1YNGnX,"AmBisome, Cured, 0-4Yrs, Male"
1303,h4XfDxODI77,"AmBisome, Cured, 15-49Yrs, Female"
1304,cocZZoIukuh,"AmBisome, Cured, 15-49Yrs, Male"
1305,UuN7V7SVXNQ,"AmBisome, Cured, 5-14Yrs, Female"
1306,Nn9BPJw0Nab,"AmBisome, Cured, 5-14Yrs, Male"
1307,YaPEND0Wq1r,"AmBisome, Cured, 50+Yrs, Female"
1308,FlPoXMEsjSo,"AmBisome, Cured, 50+Yrs, Male"
1309,eo9JjnZBuhf,"AmBisome, Died, 0-4Yrs, Female"
1310,ilCUHXrWG6H,"AmBisome, Died, 0-4Yrs, Male"
1311,OzQsZgYbH3z,"AmBisome, Died, 15-49Yrs, Female"
1312,aLFBLQmW51w,"AmBisome, Died, 15-49Yrs, Male"
1313,ZlYkiuMLKYJ,"AmBisome, Died, 5-14Yrs, Female"
1314,gRVF1tJVc4l,"AmBisome, Died, 5-14Yrs, Male"
1315,s4w7jXFY9NB,"AmBisome, Died, 50+Yrs, Female"
1316,tsG2RdrVL86,"AmBisome, Died, 50+Yrs, Male"
1317,JkOCyD7TkMl,"AmBisome, Failure, 0-4Yrs, Female"
1318,siA7aIg5Ctd,"AmBisome, Failure, 0-4Yrs, Male"
1319,Ceuv3ky7nMc,"AmBisome, Failure, 15-49Yrs, Female"
1320,z7shpQbCwkn,"AmBisome, Failure, 15-49Yrs, Male"
1321,pU9QDzwWTIf,"AmBisome, Failure, 5-14Yrs, Female"
1322,QAVDuzrWn2U,"AmBisome, Failure, 5-14Yrs, Male"
1323,Uol2oJRsEIw,"AmBisome, Failure, 50+Yrs, Female"
1324,xnbVXx3ON5Z,"AmBisome, Failure, 50+Yrs, Male"
1325,kWIbXwXnL3U,"AmBisome, Slow responders, 0-4Yrs, Female"
1326,caJPPRK0dxB,"AmBisome, Slow responders, 0-4Yrs, Male"
1327,PkrGs1ONSTD,"AmBisome, Slow responders, 15-49Yrs, Female"
1328,REeIaR5RL9x,"AmBisome, Slow responders, 15-49Yrs, Male"
1329,jnVvpmQvaxq,"AmBisome, Slow responders, 5-14Yrs, Female"
1330,MxyX4WzxBJs,"AmBisome, Slow responders, 5-14Yrs, Male"
1331,beGU5SXtEzf,"AmBisome, Slow responders, 50+Yrs, Female"
1332,oDAcTUeJOw5,"AmBisome, Slow responders, 50+Yrs, Male"
1333,DpoTx1QByEH,"At 36 months (6), 1.On-Schedule"
1334,YcPbzrGb0R8,"At 36 months (6), 2.Side Effects"
1335,AJR3fFJHj3P,"At 36 months (6), 3.Change in Fertility intention"
1336,dSmqvlcbxDJ,"At 36 months (6), 4.GBV"
1337,PQ0Y41dZzkz,"At 36 months (6), 5.Others"
1338,DRKrHl2lbJ3,"BPAL, 0-14Yrs"
1339,GJgwvqwpWZH,"BPAL, 0-14Yrs"
1340,BMX7zWoaRcg,"BPAL, 15+Yrs"
1341,GPPAeuQWZrb,"BPAL, 15+Yrs"
1342,HpZjMcykuhn,"BPALM, 0-14Yrs"
1343,zr0gypSKKJN,"BPALM, 0-14Yrs"
1344,Kh9LroRJDNL,"BPALM, 15+Yrs"
1345,OO5uA5QPxI5,"BPALM, 15+Yrs"
1346,ETt9YSgTRxL,"Bacteriologically confirmed PTB, Cured, Female"
1347,PlddbrrPRJQ,"Bacteriologically confirmed PTB, Cured, Male"
1348,p4QWbmuTDso,"Bacteriologically confirmed PTB, Died, Female"
1349,ARKwplfpEbK,"Bacteriologically confirmed PTB, Died, Male"
1350,uAwfsqycNIE,"Bacteriologically confirmed PTB, Female"
1351,Ttk0FDSUGQg,"Bacteriologically confirmed PTB, LTFP, Female"
1352,mBzP70pLW2S,"Bacteriologically confirmed PTB, LTFP, Male"
1353,I1XApWDSoEB,"Bacteriologically confirmed PTB, Male"
1354,hjFViJuuFxQ,"Bacteriologically confirmed PTB, Tx Completed, Female"
1355,n5kepNEnxBa,"Bacteriologically confirmed PTB, Tx Completed, Male"
1356,oIpS8Kd25fA,"Bacteriologically confirmed PTB, Tx Failed, Female"
1357,hWmXMp3ClZx,"Bacteriologically confirmed PTB, Tx Failed, Male"
1358,VPstTLwSyfr,Basic
1359,Q0EXsnA8Waw,Beds for children
1360,ygl0wW4ubHx,Beds for children
1361,RqT8K1B6fk2,Beds for men
1362,tP9Cu7rBLoo,Beds for women
1363,Cp8oq3b6B3m,"Below 15 years, PA, Revisits"
1364,UMmQZTmh0t4,"Below 3 months (1), 1.On-Schedule"
1365,wffKtxXKTP3,"Below 3 months (1), 2.Side Effects"
1366,ELuUuNFpZOC,"Below 3 months (1), 3.Change in Fertility intention"
1367,yfQnHgAHeBh,"Below 3 months (1), 4.GBV"
1368,frxEUxjHr7y,"Below 3 months (1), 5.Others"
1369,pFKnh5wE23R,Biopsy
1370,j08vF9Q3MtR,Blood
1371,H0GMvofBUk5,CBDs
1372,cX3nLMMtk8a,CSF
1373,QQp0ChzoYae,Campylobacter
1374,ynUrqiup3kq,"Campylobacter, Intermediate"
1375,Fs6BHLQjg0X,"Campylobacter, Reactive"
1376,jyFTrTgVa4f,"Campylobacter, Sensitive"
1377,na9SikRay33,"Cancer Negative, 15 - 24 yrs, Negative"
1378,x5lWTSjVPuz,"Cancer Negative, 15 - 24 yrs, Positive"
1379,KoBg55QgEPx,"Cancer Negative, 15 - 24 yrs, Unknown"
1380,WWGVJ7h7H5M,"Cancer Negative, 25 - 49 yrs, Negative"
1381,wJVZPyblVKs,"Cancer Negative, 25 - 49 yrs, Positive"
1382,IB1h2SXy9D3,"Cancer Negative, 25 - 49 yrs, Unknown"
1383,XOaOmfgLVWM,"Cancer Negative, 50+Yrs, Negative"
1384,zydglbu2oRN,"Cancer Negative, 50+Yrs, Positive"
1385,T4seeAYD7K4,"Cancer Negative, 50+Yrs, Unknown"
1386,Jmn2zrLKtvm,"Cancer Positive, 15 - 24 yrs, Negative"
1387,buePozN9uLw,"Cancer Positive, 15 - 24 yrs, Positive"
1388,sdIJYk86tR1,"Cancer Positive, 15 - 24 yrs, Unknown"
1389,RgjCAFqUNNe,"Cancer Positive, 25 - 49 yrs, Negative"
1390,CorJpSfjYF2,"Cancer Positive, 25 - 49 yrs, Positive"
1391,jc49z41zmwH,"Cancer Positive, 25 - 49 yrs, Unknown"
1392,ukZ7YrCUMsS,"Cancer Positive, 50+Yrs, Negative"
1393,I1ThfIbSQSs,"Cancer Positive, 50+Yrs, Positive"
1394,VAjRFDnL155,"Cancer Positive, 50+Yrs, Unknown"
1395,cS8YDJ1vrCo,Chest X-Ray
1396,ZLjmnobAuvu,Children (< 15 yrs)
1397,ALcw6hpe7ay,Clinical Diagnosis
1398,X8ToOuiSJ6a,"Clinical, 0-4Yrs, Female"
1399,TfMbiJ6D4QR,"Clinical, 0-4Yrs, Male"
1400,vxObAFBGi2C,"Clinical, 15-49Yrs, Female"
1401,F0rpNgX8DU8,"Clinical, 15-49Yrs, Male"
1402,SJitSTrEtjH,"Clinical, 5-14Yrs, Female"
1403,b5O2fpMD8Xe,"Clinical, 5-14Yrs, Male"
1404,JNtauKgUrQw,"Clinical, 50+Yrs, Female"
1405,APNEI0g4jDl,"Clinical, 50+Yrs, Male"
1406,bsWpmeFDgne,ClinicalDiagnos
1407,t73wG2VVpmH,"Clinically diagnosed PTB, Cured, Female"
1408,mwbNFOF9hPG,"Clinically diagnosed PTB, Cured, Male"
1409,iALpjh5uyhR,"Clinically diagnosed PTB, Died, Female"
1410,Ed8B67TteMg,"Clinically diagnosed PTB, Died, Male"
1411,mk2OXtb61oz,"Clinically diagnosed PTB, Female"
1412,wSdvY7qHtib,"Clinically diagnosed PTB, LTFP, Female"
1413,JPqGoSO9l1A,"Clinically diagnosed PTB, LTFP, Male"
1414,J7hEHoE9fOh,"Clinically diagnosed PTB, Male"
1415,rFBvd5ycmj1,"Clinically diagnosed PTB, Tx Completed, Female"
1416,sU8qPStSXX0,"Clinically diagnosed PTB, Tx Completed, Male"
1417,RyYiznargZJ,"Clinically diagnosed PTB, Tx Failed, Female"
1418,kfkKLoxF63q,"Clinically diagnosed PTB, Tx Failed, Male"
1419,ltwvjot7N9B,Closed Vials (CV)
1420,AOOcG2IPjth,Clubfoot
1421,UVCZoUrkkNC,Community
1422,lQ6kPDlDMkT,"Community, Multibacillary, 0-4Yrs, Female"
1423,qtPkajfwL1l,"Community, Multibacillary, 0-4Yrs, Male"
1424,dR7ARamadUj,"Community, Multibacillary, 10-14Yrs, Female"
1425,PExvqgBySNQ,"Community, Multibacillary, 10-14Yrs, Male"
1426,qkA9dJEjfy3,"Community, Multibacillary, 15-19Yrs, Female"
1427,yIy07mZEkoh,"Community, Multibacillary, 15-19Yrs, Male"
1428,p95X3gA7PJ2,"Community, Multibacillary, 20-24Yrs, Female"
1429,o0GLFe0KoFl,"Community, Multibacillary, 20-24Yrs, Male"
1430,Eo2XOnvuwE8,"Community, Multibacillary, 25+Yrs, Female"
1431,CdZaoWRSQlg,"Community, Multibacillary, 25+Yrs, Male"
1432,VuBFF89SYgj,"Community, Multibacillary, 5-9Yrs, Female"
1433,i6ciEiyfEid,"Community, Multibacillary, 5-9Yrs, Male"
1434,PV8sAV535Q2,"Community, Paucibacillary, 0-4Yrs, Female"
1435,btFbD1wwFwz,"Community, Paucibacillary, 0-4Yrs, Male"
1436,xP1eJIFlNR5,"Community, Paucibacillary, 10-14Yrs, Female"
1437,KN910EfSMOn,"Community, Paucibacillary, 10-14Yrs, Male"
1438,Gb1bPbGL3aw,"Community, Paucibacillary, 15-19Yrs, Female"
1439,S3DVnSrLoww,"Community, Paucibacillary, 15-19Yrs, Male"
1440,HOHiPpec9vN,"Community, Paucibacillary, 20-24Yrs, Female"
1441,ncbuMBxxKL6,"Community, Paucibacillary, 20-24Yrs, Male"
1442,j8miwTMONMH,"Community, Paucibacillary, 25+Yrs, Female"
1443,NJtEl4chkQu,"Community, Paucibacillary, 25+Yrs, Male"
1444,wuDCOYV9Kak,"Community, Paucibacillary, 5-9Yrs, Female"
1445,zvi66rZfBOY,"Community, Paucibacillary, 5-9Yrs, Male"
1446,J9B8ecxXc9T,Completed
1447,jYzRXOI4khD,"Completed, 0-4Yrs, Female"
1448,BvVvnt8zZqR,"Completed, 0-4Yrs, Male"
1449,HTJk06bkEtZ,"Completed, 10-14Yrs, Female"
1450,mIRQFxfIADC,"Completed, 10-14Yrs, Male"
1451,bb6jQcmuPi4,"Completed, 15-19Yrs, Female"
1452,qCHz7AUfgs6,"Completed, 15-19Yrs, Male"
1453,aomY1lBPApp,"Completed, 20-24Yrs, Female"
1454,T0DpYBsk13T,"Completed, 20-24Yrs, Male"
1455,CjbSeY8nLjx,"Completed, 25+Yrs, Female"
1456,VEorTreRfUQ,"Completed, 25+Yrs, Male"
1457,mKvSxKMVuKX,"Completed, 5-9Yrs, Female"
1458,BNRdu3quMDo,"Completed, 5-9Yrs, Male"
1459,onPBAc3DQta,ConfirmatoryTesting
1460,NBvYGFkWKzk,Coronary Ward
1461,BASPbm88210,Cryoprecitates
1462,QsKFFmPfXYP,"Cryoprecitates, 0-4Yrs, Female"
1463,pkQ7AS5IyZi,"Cryoprecitates, 0-4Yrs, Female"
1464,Ml0L5CB2mbs,"Cryoprecitates, 0-4Yrs, Male"
1465,n3romzCgarl,"Cryoprecitates, 0-4Yrs, Male"
1466,VPY9GJ2v1g6,"Cryoprecitates, 15+Yrs, Female"
1467,y4BpEfzeC6K,"Cryoprecitates, 15+Yrs, Male"
1468,oKX78wjCeaN,"Cryoprecitates, 5+Yrs, Female"
1469,mOHhwKjpIV9,"Cryoprecitates, 5+Yrs, Male"
1470,NWSmWubpNZW,"Cryoprecitates, 5-14Yrs, Female"
1471,hMF3s0LVVf2,"Cryoprecitates, 5-14Yrs, Male"
1472,Lt7nxUvOh5A,Cured
1473,MpppX9rYfco,Cured
1474,XHCDH3nkZRQ,"Cured, 0-4Yrs, Female"
1475,xN2AU53C1ub,"Cured, 0-4Yrs, Male"
1476,mb8nEYtKRnr,"Cured, 0-5Mths, Female"
1477,jzDuAwu9Hzv,"Cured, 0-5Mths, Male"
1478,jMGqJJGUWXD,"Cured, 10-19Yrs, Female"
1479,IBl1GhSPmsy,"Cured, 10-19Yrs, Male"
1480,QJPliwuerha,"Cured, 15-49Yrs, Female"
1481,cuRITbRAmAC,"Cured, 15-49Yrs, Male"
1482,PqAMMg9RhbG,"Cured, 20-24 years, Female"
1483,XP18dJJs8s0,"Cured, 20-24 years, Male"
1484,MZUydbfacnk,"Cured, 24-59Mths, Female"
1485,O4PnMHql0no,"Cured, 24-59Mths, Male"
1486,PGJkZc8T5pn,"Cured, 25+Yrs, Female"
1487,yZqC2tLTV1X,"Cured, 25+Yrs, Male"
1488,L1R9gTyweV0,"Cured, 5 - 9 yrs, Female"
1489,jJC9sso9bq8,"Cured, 5 - 9 yrs, Male"
1490,BTHy3B1cwus,"Cured, 5-14Yrs, Female"
1491,eYwZgIbz909,"Cured, 5-14Yrs, Male"
1492,re9Ib70ZgNq,"Cured, 50+Yrs, Female"
1493,iF6uMnK0YxR,"Cured, 50+Yrs, Male"
1494,iMFilf4jkyz,"Cured, 6-23Mths, Female"
1495,b3FnsN8LGNC,"Cured, 6-23Mths, Male"
1496,qjzHdmBVt49,"Cured, Female"
1497,Y5Bg3Jf1sFu,"Cured, Male"
1498,HzcRqaRMZY3,Cycle 1
1499,WmJhi3HEDQS,"Cycle 1, Joint Medical Store"
1500,cuUJN9EK8ms,"Cycle 1, Medical Access Uganda Ltd"
1501,gEVFXdg30T4,"Cycle 1, National Medical Stores"
1502,uXRuB1SLPNd,Cycle 2
1503,Ag8PKAEfENV,"Cycle 2, Joint Medical Store"
1504,GXbZVmt8FLv,"Cycle 2, Medical Access Uganda Ltd"
1505,xzTBGPOqjav,"Cycle 2, National Medical Stores"
1506,gyh7qaY79iF,Cycle 3
1507,CNJvS6XMg97,"Cycle 3, Joint Medical Store"
1508,dWKOwpkKpAB,"Cycle 3, Medical Access Uganda Ltd"
1509,Id5A3eIp8vN,"Cycle 3, National Medical Stores"
1510,UqrJtqJ0wZq,Cycle 4
1511,PD8verEYYqd,"Cycle 4, Joint Medical Store"
1512,tsLleTfOgxz,"Cycle 4, Medical Access Uganda Ltd"
1513,QhMx4RFjJZA,"Cycle 4, National Medical Stores"
1514,Kc9OlVSEsSy,Cycle 5
1515,BHd7Zad0bua,"Cycle 5, Joint Medical Store"
1516,ApZuZDxwFoH,"Cycle 5, Medical Access Uganda Ltd"
1517,n8AEK0pTi7J,"Cycle 5, National Medical Stores"
1518,aQjurJ5yUQ8,"Cycle 6, Joint Medical Store"
1519,SZ3kx4177g1,"Cycle 6, Medical Access Uganda Ltd"
1520,oYVGS61EQdR,"Cycle 6, National Medical Stores"
1521,cxONGtEdXac,DC
1522,vVpYRbV50zw,"DC, 0-4Yrs"
1523,eZ6pjnzIyWc,"DC, 10-14Yrs"
1524,NUoRRDANCCn,"DC, 15-19Yrs"
1525,aWfNeMkH67i,"DC, 20-24Yrs"
1526,wqULvMnLQyO,"DC, 25-29Yrs"
1527,FouQkISsHx3,"DC, 30-39Yrs"
1528,Ssg4CTGAqlT,"DC, 40-49Yrs"
1529,Wwlugv3KtDa,"DC, 5-9Yrs"
1530,BwxM0g1xd0y,"DC, 50+Yrs"
1531,lVi56UGE7gC,DNAConfirmed
1532,EOnoiGxuKd7,Days out of stock
1533,bvJOZFazPlH,"Defaulted from care, 0-5Mths, Female"
1534,do3She23Jmw,"Defaulted from care, 0-5Mths, Female"
1535,HniK4N7CIC3,"Defaulted from care, 0-5Mths, Male"
1536,ywzEHDqpd7Y,"Defaulted from care, 0-5Mths, Male"
1537,aPH6U2hge2l,"Defaulted from care, 10-19Yrs"
1538,VRQ1VLN1Uak,"Defaulted from care, 10-19Yrs, Female"
1539,ZP7aUpBzfbj,"Defaulted from care, 10-19Yrs, Male"
1540,Xg8YN99GFf8,"Defaulted from care, 10-19Yrs, Non Pregnant"
1541,tdZpuUNlnQ9,"Defaulted from care, 10-19Yrs, Pregnant/Lactating"
1542,wiYjZ1ib9k5,"Defaulted from care, 20-24 years, Female"
1543,V3G6VUcBjlS,"Defaulted from care, 20-24 years, Male"
1544,w1tocDdRvZJ,"Defaulted from care, 20-24Yrs"
1545,kmVDhE7dpeA,"Defaulted from care, 20-24Yrs, Non Pregnant"
1546,qN4IhTjwW9F,"Defaulted from care, 20-24Yrs, Pregnant/Lactating"
1547,JBBzc6wtpr0,"Defaulted from care, 24-59Mths, Female"
1548,RalFi0bUKL5,"Defaulted from care, 24-59Mths, Female"
1549,S92VmrZzv4u,"Defaulted from care, 24-59Mths, Male"
1550,YvWBGK1LjuH,"Defaulted from care, 24-59Mths, Male"
1551,Z9tnJfBgTD2,"Defaulted from care, 25+Yrs"
1552,MDXF3XrKYj4,"Defaulted from care, 25+Yrs, Female"
1553,Fye18CRITtO,"Defaulted from care, 25+Yrs, Male"
1554,f5eQHY24Wtt,"Defaulted from care, 25+Yrs, Non Pregnant"
1555,IahB6StMmQl,"Defaulted from care, 25+Yrs, Pregnant/Lactating"
1556,LQHqiZM0KQY,"Defaulted from care, 5 - 9 yrs, Female"
1557,TCRdoUyKO9Y,"Defaulted from care, 5 - 9 yrs, Female"
1558,rxUlz1qxofM,"Defaulted from care, 5 - 9 yrs, Male"
1559,ygjkftG0PIw,"Defaulted from care, 5 - 9 yrs, Male"
1560,CZjuchsbDX2,"Defaulted from care, 6-23Mths, Female"
1561,NWZdnFNgt9s,"Defaulted from care, 6-23Mths, Female"
1562,Ebs5Kn0tXnK,"Defaulted from care, 6-23Mths, Male"
1563,m5UmdGJ7ULk,"Defaulted from care, 6-23Mths, Male"
1564,eQQaU7MjWSM,"Developed TB, 0-4Yrs, Female"
1565,rtpMMyL67RX,"Developed TB, 0-4Yrs, Male"
1566,rlNHde4DLWq,"Developed TB, 10-14Yrs, Female"
1567,LtSSDjbxe6d,"Developed TB, 10-14Yrs, Male"
1568,fjHF3MyN9k2,"Developed TB, 15-19Yrs, Female"
1569,VHfTLfwlmkn,"Developed TB, 15-19Yrs, Male"
1570,qyqeFfz9a2n,"Developed TB, 20-24Yrs, Female"
1571,UVzUCIUG79S,"Developed TB, 20-24Yrs, Male"
1572,lJ4JjdTQJ0W,"Developed TB, 25+Yrs, Female"
1573,QI4dyagljI5,"Developed TB, 25+Yrs, Male"
1574,TEXP5Hs2urh,"Developed TB, 5-9Yrs, Female"
1575,VoId5Ndmukl,"Developed TB, 5-9Yrs, Male"
1576,F3TIozS4caU,Died
1577,J5cD5uSmpbj,Died
1578,O2cd491OGJK,Died
1579,YTjrkpFLyjI,Died
1580,rdjsiGXDl8D,Died
1581,jWUUVC0gZhF,"Died, 0-4Yrs, Female"
1582,m6NuLNc8QzG,"Died, 0-4Yrs, Female"
1583,VfLpjmSmFZj,"Died, 0-4Yrs, Male"
1584,Zsfa9zAMhOT,"Died, 0-4Yrs, Male"
1585,CLTXlzb5EAy,"Died, 0-5Mths, Female"
1586,u8pu50lRlXz,"Died, 0-5Mths, Female"
1587,F2r2tqu79tY,"Died, 0-5Mths, Male"
1588,eop2Um7CVnz,"Died, 0-5Mths, Male"
1589,mJiWckcN0si,"Died, 10-14Yrs, Female"
1590,ar0uHxMQ51q,"Died, 10-14Yrs, Male"
1591,ljEpNUvnFMa,"Died, 10-19Yrs"
1592,CxSmpJ3AuBw,"Died, 10-19Yrs, Female"
1593,ymwgiKZEv24,"Died, 10-19Yrs, Male"
1594,I0TJuz71q3J,"Died, 10-19Yrs, Non Pregnant"
1595,WGXyQRg8UKW,"Died, 10-19Yrs, Pregnant/Lactating"
1596,eFf2askcOWB,"Died, 15-19Yrs, Female"
1597,tpVtp51idkW,"Died, 15-19Yrs, Male"
1598,zVdk6xsMvrS,"Died, 15-49Yrs, Female"
1599,bfGJ8EsZJvj,"Died, 15-49Yrs, Male"
1600,kT4oXdnAr2n,"Died, 20-24 years, Female"
1601,NxuA74gaC70,"Died, 20-24 years, Male"
1602,oagxFELmeDk,"Died, 20-24Yrs"
1603,ZHhR6HEOQqS,"Died, 20-24Yrs, Female"
1604,vUBSmp9h0GR,"Died, 20-24Yrs, Male"
1605,pecJJWEDkWz,"Died, 20-24Yrs, Non Pregnant"
1606,Pw5Z3ggozq4,"Died, 20-24Yrs, Pregnant/Lactating"
1607,Hkrz4sLd9m0,"Died, 24-59Mths, Female"
1608,WGPvbPDt3sh,"Died, 24-59Mths, Female"
1609,P5A2apGgYmB,"Died, 24-59Mths, Male"
1610,cimmskrXW03,"Died, 24-59Mths, Male"
1611,chG93YfsVRL,"Died, 25+Yrs"
1612,XugkZFIeLw5,"Died, 25+Yrs, Female"
1613,d1kU2EHySzn,"Died, 25+Yrs, Female"
1614,qqjWrMfqusu,"Died, 25+Yrs, Male"
1615,wfpdvmf7swl,"Died, 25+Yrs, Male"
1616,zBdd4A5NH1E,"Died, 25+Yrs, Non Pregnant"
1617,Nb5cdnU40Sc,"Died, 25+Yrs, Pregnant/Lactating"
1618,BkbWUgKBrsE,"Died, 5 - 9 yrs, Female"
1619,eCuqrcbztab,"Died, 5 - 9 yrs, Female"
1620,Ymumitwms9M,"Died, 5 - 9 yrs, Male"
1621,saJw3a7Fcf7,"Died, 5 - 9 yrs, Male"
1622,hOxTBIJ1avQ,"Died, 5-14Yrs, Female"
1623,i8LeIQxoe8J,"Died, 5-14Yrs, Male"
1624,diPco0TCdOU,"Died, 5-9Yrs, Female"
1625,kt4f4mjnabf,"Died, 5-9Yrs, Male"
1626,MFgQYgyOnZa,"Died, 50+Yrs, Female"
1627,rtRuQeaonV7,"Died, 50+Yrs, Male"
1628,Ag6xZXqqbIS,"Died, 6-23Mths, Female"
1629,LsvkdkOs4B9,"Died, 6-23Mths, Female"
1630,MjgzfBDxMoI,"Died, 6-23Mths, Male"
1631,NVTN5eOaHPP,"Died, 6-23Mths, Male"
1632,iOIJqL9rUpM,"Died, Female"
1633,N34rpol2KZ7,"Died, Male"
1634,NzXz1KZqXBn,Digital
1635,ZKNNK2KI29I,"Digital, Cured, Female"
1636,a4W208b0l6Q,"Digital, Cured, Male"
1637,IrnB2V6DSHF,"Digital, Died, Female"
1638,nI76sJqXrsK,"Digital, Died, Male"
1639,rVyGe4jKWUF,"Digital, Female"
1640,Q25PNzztY6X,"Digital, LTFP, Female"
1641,xPtTiFrGZFh,"Digital, LTFP, Male"
1642,xdIjjh25G10,"Digital, Male"
1643,nsPQarcpG0u,"Digital, Tx Completed, Female"
1644,UNW0G0unrkk,"Digital, Tx Completed, Male"
1645,uZMnEEs87Bl,"Digital, Tx Failed, Female"
1646,LMLSfSICuEq,"Digital, Tx Failed, Male"
1647,I09yK4slQsq,"Directly Assisted, 0-4Yrs, Female"
1648,QbgxnB5uLLO,"Directly Assisted, 0-4Yrs, Male"
1649,sVPtPUprGsD,"Directly Assisted, 10-14Yrs, Female"
1650,HSUJLPpUa0w,"Directly Assisted, 10-14Yrs, Male"
1651,YQ5CdvbaXZk,"Directly Assisted, 15-19Yrs, Female"
1652,PwTO5OE2i8N,"Directly Assisted, 15-19Yrs, Male"
1653,WRaogwhd8Gt,"Directly Assisted, 20-24Yrs, Female"
1654,wVueivwLOt0,"Directly Assisted, 20-24Yrs, Male"
1655,UpQqohmnsuf,"Directly Assisted, 25-29Yrs, Female"
1656,k2osZ4OaeKR,"Directly Assisted, 25-29Yrs, Male"
1657,hKlrxhU2P6l,"Directly Assisted, 30-39Yrs, Female"
1658,NinXoNCjkcW,"Directly Assisted, 30-39Yrs, Male"
1659,KMWiZgjjX48,"Directly Assisted, 40-49Yrs, Female"
1660,wqMDTUCxW1G,"Directly Assisted, 40-49Yrs, Male"
1661,S9Sxfrc2lmD,"Directly Assisted, 5-9Yrs, Female"
1662,osheJaxKRXZ,"Directly Assisted, 5-9Yrs, Male"
1663,wB56pCg6HKS,"Directly Assisted, 50+Yrs, Female"
1664,RnsWy4WUfNJ,"Directly Assisted, 50+Yrs, Male"
1665,vUgKzac3JnH,ENT
1666,ryel4bxsuJn,EQA
1667,cQxbyjx4gqo,Emergency Ward
1668,vBmPAWZQDVs,Emergency Ward
1669,PgTYXkpS7iQ,Enterococcus Spp
1670,ksXHrNHHHtY,"Enterococcus Spp, Intermediate"
1671,UXnM8Pm6vP0,"Enterococcus Spp, Reactive"
1672,bfTAqApCiIb,"Enterococcus Spp, Sensitive"
1673,BeRF3zMEZbH,EquipmentBreakDown
1674,EOYkrLSx21s,Escherichia Coli
1675,FbXf2g4uhos,"Escherichia Coli, Intermediate"
1676,ZFaU7TaQRZp,"Escherichia Coli, Reactive"
1677,iCcPaU1SKnO,"Escherichia Coli, Sensitive"
1678,xQRF2PKrIQU,Existing
1679,jY95Bt5Rty3,"Existing, 0-<3Yrs"
1680,bIHxmKjNrvP,"Existing, 10-<15Yrs greater than 30kg"
1681,IBgHgtlX8P2,"Existing, 10-<15Yrs less than 30kg"
1682,ndKwsWSkc8w,"Existing, 3-<10Yrs"
1683,q9A0OAOZpra,"Extra-pulmonary, Cured, Female"
1684,OPxnsFooTXq,"Extra-pulmonary, Cured, Male"
1685,azNPMevdPFL,"Extra-pulmonary, Died, Female"
1686,S8Wa9ddx40T,"Extra-pulmonary, Died, Male"
1687,HX2ma2NIWYk,"Extra-pulmonary, Female"
1688,eWMHMnlf3RP,"Extra-pulmonary, LTFP, Female"
1689,PGbMk7A1xiM,"Extra-pulmonary, LTFP, Male"
1690,K9D3RLkjNZR,"Extra-pulmonary, Male"
1691,HwRgbhR4VrW,"Extra-pulmonary, Tx Completed, Female"
1692,bYU0v4mICzP,"Extra-pulmonary, Tx Completed, Male"
1693,dvNXXcFsvqG,"Extra-pulmonary, Tx Failed, Female"
1694,J7IBUjqUyYN,"Extra-pulmonary, Tx Failed, Male"
1695,sQZH5BgucFf,Eye
1696,ux3tRpWIkgC,Facility
1697,RKCYvEhIqsP,"Facility, Multibacillary, 0-4Yrs, Female"
1698,s3ogkMF7MjG,"Facility, Multibacillary, 0-4Yrs, Male"
1699,dO55mTjHvaP,"Facility, Multibacillary, 10-14Yrs, Female"
1700,xwQssJg85dD,"Facility, Multibacillary, 10-14Yrs, Male"
1701,v3jriI4PTVF,"Facility, Multibacillary, 15-19Yrs, Female"
1702,yscQpFaKNbH,"Facility, Multibacillary, 15-19Yrs, Male"
1703,ng7efi3lJja,"Facility, Multibacillary, 20-24Yrs, Female"
1704,IuoRE9YtPmq,"Facility, Multibacillary, 20-24Yrs, Male"
1705,Li7qQ7P3GM7,"Facility, Multibacillary, 25+Yrs, Female"
1706,UbZyMZhCglM,"Facility, Multibacillary, 25+Yrs, Male"
1707,pezBKzscq8e,"Facility, Multibacillary, 5-9Yrs, Female"
1708,UZtmYfAwt8E,"Facility, Multibacillary, 5-9Yrs, Male"
1709,QoVxWsXq92A,"Facility, Paucibacillary, 0-4Yrs, Female"
1710,ZPhsbAu5idJ,"Facility, Paucibacillary, 0-4Yrs, Male"
1711,gqeswfBcwCl,"Facility, Paucibacillary, 10-14Yrs, Female"
1712,nHO37vAWHtk,"Facility, Paucibacillary, 10-14Yrs, Male"
1713,zcYE8T51CtH,"Facility, Paucibacillary, 15-19Yrs, Female"
1714,Q6b9KnO8ARK,"Facility, Paucibacillary, 15-19Yrs, Male"
1715,f9YBgW59ZXY,"Facility, Paucibacillary, 20-24Yrs, Female"
1716,fRZrtsQanE6,"Facility, Paucibacillary, 20-24Yrs, Male"
1717,JwkBPIqmttG,"Facility, Paucibacillary, 25+Yrs, Female"
1718,bSFEhitQRiN,"Facility, Paucibacillary, 25+Yrs, Male"
1719,ZB3HSxPXZgd,"Facility, Paucibacillary, 5-9Yrs, Female"
1720,MBjzxayhxHa,"Facility, Paucibacillary, 5-9Yrs, Male"
1721,sZcdt4abR5V,"Failure, 0-4Yrs, Female"
1722,RQM1V0X1dWu,"Failure, 0-4Yrs, Male"
1723,NkUntQ3TibX,"Failure, 15-49Yrs, Female"
1724,Z6I6XKfl9N3,"Failure, 15-49Yrs, Male"
1725,qGI7vyRZe3y,"Failure, 5-14Yrs, Female"
1726,bbRDQ2wyyMj,"Failure, 5-14Yrs, Male"
1727,YgrRdLpEpaW,"Failure, 50+Yrs, Female"
1728,ycoVwEiFzMt,"Failure, 50+Yrs, Male"
1729,PXSUpRHSnkq,Female
1730,dz8mlD9K7f5,"Female, 0-14Yrs"
1731,FCIspDovDFZ,"Female, 0-9Yrs"
1732,wbl4XOJUu4w,"Female, 10-14Yrs"
1733,MqNuRgZfDKT,"Female, 15+Yrs"
1734,Wfx0A1dy4iB,"Female, 15-19Yrs"
1735,Qehx71IqOYm,"Female, 20+Yrs"
1736,ZM0fWF2gjH8,"Female, Completed, 0-14Yrs"
1737,n2xgu8T6K3i,"Female, Completed, 15+Yrs"
1738,OMfmPwp5CdW,"Female, Developed TB, 0-14Yrs"
1739,CGJYwtJAOiq,"Female, Developed TB, 15+Yrs"
1740,h0xrbemneHk,"Female, Died, 0-14Yrs"
1741,Xmm3WxrfcuQ,"Female, Died, 15+Yrs"
1742,b7rhYEAFsEh,"Female, LTFP, 0-14Yrs"
1743,ohNvQO5hsX5,"Female, LTFP, 15+Yrs"
1744,hzwqQPU8W9o,"Female, Other TPT Outcomes, 0-14Yrs"
1745,ZwYgxUjxXIb,"Female, Other TPT Outcomes, 15+Yrs"
1746,rj8MoomuB9C,FemaleMedical
1747,Agwj0d0hsc5,FemaleSurgical
1748,hzd1Drc6Vko,FreshFrozenPlasma
1749,Hm0nPWUgUFu,"FreshFrozenPlasma, 0-4Yrs, Female"
1750,bipGKSOtW9G,"FreshFrozenPlasma, 0-4Yrs, Female"
1751,BNjDiushX4R,"FreshFrozenPlasma, 0-4Yrs, Male"
1752,qqn2zBahp5x,"FreshFrozenPlasma, 0-4Yrs, Male"
1753,k1pJyxXxIqR,"FreshFrozenPlasma, 15+Yrs, Female"
1754,mJpHksh3mSA,"FreshFrozenPlasma, 15+Yrs, Male"
1755,kRZ6ivAxbCI,"FreshFrozenPlasma, 5+Yrs, Female"
1756,Jtjfp2JhFiL,"FreshFrozenPlasma, 5+Yrs, Male"
1757,UWo0Cpq7jIZ,"FreshFrozenPlasma, 5-14Yrs, Female"
1758,aKP7MfZm7Sp,"FreshFrozenPlasma, 5-14Yrs, Male"
1759,LDbxU53lDXy,"GMC - Group models managed by Client, 0-4Yrs, Female"
1760,ntZBN8f4MQt,"GMC - Group models managed by Client, 0-4Yrs, Male"
1761,gITo7ju7THT,"GMC - Group models managed by Client, 10-14Yrs, Female"
1762,j67LEScgPwD,"GMC - Group models managed by Client, 10-14Yrs, Male"
1763,xSEtXGWmniz,"GMC - Group models managed by Client, 15-19Yrs, Female"
1764,i0Te7T6DaZK,"GMC - Group models managed by Client, 15-19Yrs, Male"
1765,xGjGe9magsQ,"GMC - Group models managed by Client, 20-24Yrs, Female"
1766,FPdQ3KNHnX5,"GMC - Group models managed by Client, 20-24Yrs, Male"
1767,GSIFGGuSukq,"GMC - Group models managed by Client, 25-29Yrs, Female"
1768,uHWHUBUwXmU,"GMC - Group models managed by Client, 25-29Yrs, Male"
1769,Q5UFDAB68TA,"GMC - Group models managed by Client, 30-39Yrs, Female"
1770,yLpA81IvJFq,"GMC - Group models managed by Client, 30-39Yrs, Male"
1771,hy1fSMx29Vi,"GMC - Group models managed by Client, 40-49Yrs, Female"
1772,cxvaOtCAIcs,"GMC - Group models managed by Client, 40-49Yrs, Male"
1773,lBZOdVfw4X0,"GMC - Group models managed by Client, 5-9Yrs, Female"
1774,nYz1FqKzMW8,"GMC - Group models managed by Client, 5-9Yrs, Male"
1775,NUCsgx1s7Fi,"GMC - Group models managed by Client, 50+Yrs, Female"
1776,B8uzwOuJytQ,"GMC - Group models managed by Client, 50+Yrs, Male"
1777,GU1LNxlattY,"GMH - Group models managed by HCW, 0-4Yrs, Female"
1778,N5k2y40aSvE,"GMH - Group models managed by HCW, 0-4Yrs, Male"
1779,yegM9brRrDc,"GMH - Group models managed by HCW, 10-14Yrs, Female"
1780,UvEdxwmkxou,"GMH - Group models managed by HCW, 10-14Yrs, Male"
1781,NldVOFKdZeF,"GMH - Group models managed by HCW, 15-19Yrs, Female"
1782,Iol64uL1cUo,"GMH - Group models managed by HCW, 15-19Yrs, Male"
1783,bxLQ5YHz7h2,"GMH - Group models managed by HCW, 20-24Yrs, Female"
1784,Yd2oaPXRjyQ,"GMH - Group models managed by HCW, 20-24Yrs, Male"
1785,isVB50OUkdR,"GMH - Group models managed by HCW, 25-29Yrs, Female"
1786,feAHqzZqs4c,"GMH - Group models managed by HCW, 25-29Yrs, Male"
1787,z7YrFntKZvh,"GMH - Group models managed by HCW, 30-39Yrs, Female"
1788,zfz6OtvfQIA,"GMH - Group models managed by HCW, 30-39Yrs, Male"
1789,Uz95VPjadiP,"GMH - Group models managed by HCW, 40-49Yrs, Female"
1790,epUzlHysepw,"GMH - Group models managed by HCW, 40-49Yrs, Male"
1791,t631tNUY1eo,"GMH - Group models managed by HCW, 5-9Yrs, Female"
1792,qBFYT8ZSae4,"GMH - Group models managed by HCW, 5-9Yrs, Male"
1793,bXRFdLnLtu3,"GMH - Group models managed by HCW, 50+Yrs, Female"
1794,rzAcepexMpD,"GMH - Group models managed by HCW, 50+Yrs, Male"
1795,etnq7xv19sT,GeneXpert
1796,WXoXqhuYMcU,General Ward
1797,XX7Uh0aJaSv,GenitalSwab
1798,tYtxs2wppJh,Group
1799,dvlThSdHovb,Gynaecology
1800,JSSu2OUMY9t,HCT
1801,aAUl3oSbjQ0,HCT
1802,nsEH9eXJgii,Haemato Oncology
1803,OCKc2GVWRnR,Haemophilusinfluenzae
1804,o9EG0vv4RnO,"Haemophilusinfluenzae, Intermediate"
1805,nm7Wxy7HTuy,"Haemophilusinfluenzae, Reactive"
1806,rZLHuzg0Ayi,"Haemophilusinfluenzae, Sensitive"
1807,e3Cz1me5InC,High Care Unit
1808,aKqAbyrsCHY,"IMC - Individual model based in community, 0-4Yrs, Female"
1809,CG7Y1jD9xOo,"IMC - Individual model based in community, 0-4Yrs, Male"
1810,MsyH0j1YlSv,"IMC - Individual model based in community, 10-14Yrs, Female"
1811,xNHMGPRLisY,"IMC - Individual model based in community, 10-14Yrs, Male"
1812,zHqCHnrrmB1,"IMC - Individual model based in community, 15-19Yrs, Female"
1813,AuldAnW6BuW,"IMC - Individual model based in community, 15-19Yrs, Male"
1814,RBe3ttEl0uJ,"IMC - Individual model based in community, 20-24Yrs, Female"
1815,WDmOcewilax,"IMC - Individual model based in community, 20-24Yrs, Male"
1920,kUsztLFUTTs,"LTFP, 10-14Yrs, Male"
1816,MeNxLKXWkZU,"IMC - Individual model based in community, 25-29Yrs, Female"
1817,VEx9YKe3pB2,"IMC - Individual model based in community, 25-29Yrs, Male"
1818,L6JxenkFR4F,"IMC - Individual model based in community, 30-39Yrs, Female"
1819,yMbE5YL1cIG,"IMC - Individual model based in community, 30-39Yrs, Male"
1820,aZiPvsRep9b,"IMC - Individual model based in community, 40-49Yrs, Female"
1821,vEYW3Dkc8gg,"IMC - Individual model based in community, 40-49Yrs, Male"
1822,QhKKXJRljZM,"IMC - Individual model based in community, 5-9Yrs, Female"
1823,eEci5BZqaog,"IMC - Individual model based in community, 5-9Yrs, Male"
1824,sko2fKNbwb9,"IMC - Individual model based in community, 50+Yrs, Female"
1825,yY7bp8lqjep,"IMC - Individual model based in community, 50+Yrs, Male"
1826,d2isUshouCI,"IMF - Individual models based at facilities, 0-4Yrs, Female"
1827,hmyOm2EOzMU,"IMF - Individual models based at facilities, 0-4Yrs, Male"
1828,PRKoYOO9t1x,"IMF - Individual models based at facilities, 10-14Yrs, Female"
1829,obAwft4PtWG,"IMF - Individual models based at facilities, 10-14Yrs, Male"
1830,O21linddv2t,"IMF - Individual models based at facilities, 15-19Yrs, Female"
1831,pn5aQIjyItJ,"IMF - Individual models based at facilities, 15-19Yrs, Male"
1832,LxxB8uDxe8f,"IMF - Individual models based at facilities, 20-24Yrs, Female"
1833,lKpx1w8okjD,"IMF - Individual models based at facilities, 20-24Yrs, Male"
1834,fLmIkoXqC7A,"IMF - Individual models based at facilities, 25-29Yrs, Female"
1835,AJbzxBgppXb,"IMF - Individual models based at facilities, 25-29Yrs, Male"
1836,sNY2lDDbqLj,"IMF - Individual models based at facilities, 30-39Yrs, Female"
1837,lROEkdWhjgd,"IMF - Individual models based at facilities, 30-39Yrs, Male"
1838,FN5gzcKcBtK,"IMF - Individual models based at facilities, 40-49Yrs, Female"
1839,ccH4D3yud31,"IMF - Individual models based at facilities, 40-49Yrs, Male"
1840,KsZ4iT9meTd,"IMF - Individual models based at facilities, 5-9Yrs, Female"
1841,TJSDQL9mYNv,"IMF - Individual models based at facilities, 5-9Yrs, Male"
1842,cr5ivSQRj5R,"IMF - Individual models based at facilities, 50+Yrs, Female"
1843,Ry4Dge8tTTy,"IMF - Individual models based at facilities, 50+Yrs, Male"
1844,KlvUH8pOLIn,"IPD, Female"
1845,cOyks2qYLJE,"IPD, Male"
1846,xpsDbGdb4fQ,IQC
1847,XVfzhsACuAg,IUDs
1848,HnWOVQavkgu,"IUDs, 3days to 3 weeks"
1849,nawgVgKdxBx,"IUDs, 4wks to 6 weeks"
1850,YP4WvPvLpni,"IUDs, 6 Months to 12 Months"
1851,e2ccOfHOj3J,"IUDs, 7 weeks to 5 months"
1852,YngG12JrESv,"IUDs, Within 48 Hrs"
1853,YYL63BL4nZL,Implants
1854,s30zqaXVayp,"Implants, 3days to 3 weeks"
1855,QSajVfPtBJB,"Implants, 4wks to 6 weeks"
1856,k65TPDGVsmO,"Implants, 6 Months to 12 Months"
1857,aGrQwz18MRu,"Implants, 7 weeks to 5 months"
1858,qqoydow5DuH,"Implants, Within 48 Hrs"
1859,QlHR7KnnOR6,Inconclusive
1860,z4VD2csvan4,Individual
1861,qnrjpeSsyVD,Injectable
1862,j6Kp6FBpTNK,"Injectable, 3days to 3 weeks"
1863,AmGMBx53xnr,"Injectable, 4wks to 6 weeks"
1864,gDvsjtgQdkL,"Injectable, 6 Months to 12 Months"
1865,sE0AcMOfOjr,"Injectable, 7 weeks to 5 months"
1866,pz96GKAMPk2,"Injectable, Within 48 Hrs"
1867,Ux2qbHnsWb4,Inpatient (IPD)
1868,LPQzBIXmiPu,Intensive Care Unit (ICU)
1869,xg4v26gsfy0,Intensive Care Unit (ICU)
1870,m5hErsQLQuW,Klebsiella Pneumonia
1871,WeHrikdo7oo,"Klebsiella Pneumonia, Intermediate"
1872,X9MHIf0Wm6y,"Klebsiella Pneumonia, Reactive"
1873,hPnuIjnYi9C,"Klebsiella Pneumonia, Sensitive"
1874,Uj3ZNV4ZYHr,Known
1875,aUatqtCxzVw,"Known, 0-28Dys, Female"
1876,Io3bQxY6Nr3,"Known, 0-28Dys, Male"
1877,G37ryMpaLs3,"Known, 0-4Yrs, Female"
1878,QK1rNyJE2vo,"Known, 0-4Yrs, Female"
1879,DEmXMNRgjst,"Known, 0-4Yrs, Male"
1880,mTSF9OkOVvI,"Known, 0-4Yrs, Male"
1881,opWW97K4Bqk,"Known, 10-14Yrs, Female"
1882,v8HEldSjBj4,"Known, 10-14Yrs, Male"
1883,nq6KPmpdIMQ,"Known, 10-19Yrs, Female"
1884,keJQ8icaJd5,"Known, 10-19Yrs, Male"
1885,KACR1I2zI66,"Known, 15-19Yrs, Female"
1886,jOFhnFD9YAr,"Known, 15-19Yrs, Male"
1887,lUs3TRrwSp3,"Known, 20+Yrs, Female"
1888,gnq6kfPFRUy,"Known, 20+Yrs, Male"
1889,U1YBf9rFRDK,"Known, 20-24Yrs, Female"
1890,qUJZgnltC54,"Known, 20-24Yrs, Male"
1891,xx15s8kYzcT,"Known, 25-29Yrs, Female"
1892,Y6K2JfYLt4S,"Known, 25-29Yrs, Male"
1893,MM1oF4N8Vku,"Known, 29Dys-4Yrs, Female"
1894,OGomkW4FRgT,"Known, 29Dys-4Yrs, Male"
1895,pwOWunJUMAS,"Known, 30-39Yrs, Female"
1896,Rxca8bgMQ2c,"Known, 30-39Yrs, Male"
1897,pEybd2kVQNJ,"Known, 40-49Yrs, Female"
1898,fSNAJbgaTbq,"Known, 40-49Yrs, Male"
1899,hTVLtGKGXV5,"Known, 5+Yrs, Female"
1900,zShlA5MAVHQ,"Known, 5+Yrs, Male"
1901,G4cHMKNJ898,"Known, 5-9Yrs, Female"
1902,lYkVAeBubmH,"Known, 5-9Yrs, Female"
1903,h1HwcBSDPHb,"Known, 5-9Yrs, Male"
1904,xBLq8rFuTSS,"Known, 5-9Yrs, Male"
1905,jKz0tv4VU3Y,"Known, 50+Yrs, Female"
1906,XgEGqfNLSmf,"Known, 50+Yrs, Male"
1907,Z8PJQhErJZi,"LAM, 3days to 3 weeks"
1908,yU2QhcJLPKr,"LAM, 4wks to 6 weeks"
1909,r4zJuceT6Qi,"LAM, 6 Months to 12 Months"
1910,TKTPSJsNUmO,"LAM, 7 weeks to 5 months"
1911,BMTgATkwYVU,"LAM, Within 48 Hrs"
1912,Gmn0zS8H4pb,LTFP
1913,UlJkU59x9h3,LTFP
1914,jfeXtZc7kBh,LTFP
1915,rMTUSW9r0X3,LTFP
1916,wyTiwiagBSu,LTFP
1917,fZPXXXbffrD,"LTFP, 0-4Yrs, Female"
1918,UVsYDwSiqwB,"LTFP, 0-4Yrs, Male"
1919,EbFrvGrtCPW,"LTFP, 10-14Yrs, Female"
1921,En8qYEgyRku,"LTFP, 15-19Yrs, Female"
1922,C1tgQXMiTi8,"LTFP, 15-19Yrs, Male"
1923,zoxtAg7Tx0o,"LTFP, 20-24Yrs, Female"
1924,gG30NheYDKB,"LTFP, 20-24Yrs, Male"
1925,fyjACytd7k0,"LTFP, 25+Yrs, Female"
1926,l95uz8EBKO1,"LTFP, 25+Yrs, Male"
1927,bILVtqjA6YB,"LTFP, 5-9Yrs, Female"
1928,OxVJfJ4r4H5,"LTFP, 5-9Yrs, Male"
1929,B3c8BMee9c5,"LTFP, Female"
1930,DjFRTmMTrvB,"LTFP, Male"
1931,bpOyILaqiRY,Lab
1932,tOswfPZH5yT,"Lab, Fail"
1933,oUoag3CJ7oj,"Lab, Pass"
1934,G00QudFigfT,LackRequiredEquipment
1935,xbjlwcCb1BM,Less  than 48 hours
1936,X9mlrag5Ucn,Limited
1937,sm0T3qbggXn,MAM
1938,gpgm2PvbHF8,"MAM, 0-4Yrs, Female"
1939,dYckugTrxhJ,"MAM, 0-4Yrs, Male"
1940,GHI0GNObGYM,"MAM, 10-14Yrs, Female"
1941,vNZETeLERiC,"MAM, 10-14Yrs, Male"
1942,KQIrwC5TSHD,"MAM, 15-19Yrs, Female"
1943,jEwS66IOJ7X,"MAM, 15-19Yrs, Male"
1944,QDthlXsYjaP,"MAM, 20-24Yrs, Female"
1945,pOZnQbtUuTY,"MAM, 20-24Yrs, Male"
1946,aDKqA48gK6p,"MAM, 25+Yrs, Female"
1947,UutylzObLhm,"MAM, 25+Yrs, Male"
1948,ymjEjA3CFdL,"MAM, 5-9Yrs, Female"
1949,HZsbCUxC0Cb,"MAM, 5-9Yrs, Male"
1950,Y2R6wpZXT2I,"MAM, Female"
1951,r18iZuDgCbF,"MAM, Male"
1952,G5i52gqPE1b,MDT
1953,MoDDQYF0IGH,Male
1954,ZabIiFIrvIN,"Male, 0-14Yrs"
1955,iSgFSZgdKmp,"Male, 0-9Yrs"
1956,B3FjMFN7dLF,"Male, 10-14Yrs"
1957,BnJqjzS7JHH,"Male, 15+Yrs"
1958,YhjB5CCmgKe,"Male, 15-19Yrs"
1959,wC1NfGYAPK8,"Male, 20+Yrs"
1960,lbVl2c3Iatc,"Male, Completed, 0-14Yrs"
1961,SSMI5hWRiLB,"Male, Completed, 15+Yrs"
1962,uFxmQDikKYM,"Male, Developed TB, 0-14Yrs"
1963,TUhpHjXVYki,"Male, Developed TB, 15+Yrs"
1964,EqYAM7h9b8p,"Male, Died, 0-14Yrs"
1965,LWoo4IS36A3,"Male, Died, 15+Yrs"
1966,NgX3hMYzj3i,"Male, LTFP, 0-14Yrs"
1967,yKVhvgULO0I,"Male, LTFP, 15+Yrs"
1968,sXfp7MC4coT,"Male, Other TPT Outcomes, 0-14Yrs"
1969,v2GstsHknlY,"Male, Other TPT Outcomes, 15+Yrs"
1970,XJatc66P7A6,MaleMedical
1971,u77V67JXHpb,MaleSurgical
1972,OejSVNwDru9,"Managed locally, 0-4Yrs, Female"
1973,tdA0gPQsHv1,"Managed locally, 0-4Yrs, Male"
1974,pKv50WhZINY,"Managed locally, 10-14Yrs, Female"
1975,RjFTToXlmno,"Managed locally, 10-14Yrs, Male"
1976,arByNeJiEBU,"Managed locally, 15-19Yrs, Female"
1977,AmGcQvPkfWn,"Managed locally, 15-19Yrs, Male"
1978,h02lh7T5AJZ,"Managed locally, 20-24Yrs, Female"
1979,gysUvrH4MDD,"Managed locally, 20-24Yrs, Male"
1980,fTWvHPCEhbC,"Managed locally, 25-29Yrs, Female"
1981,IxHR7Z3Dov8,"Managed locally, 25-29Yrs, Male"
1982,BT2U16AR8Dx,"Managed locally, 30-39Yrs, Female"
1983,XEPYYAov33Q,"Managed locally, 30-39Yrs, Male"
1984,F5sxdRKLdFn,"Managed locally, 40-49Yrs, Female"
1985,IK7LIh9Yxy3,"Managed locally, 40-49Yrs, Male"
1986,QJNIJXiyAci,"Managed locally, 5-9Yrs, Female"
1987,Xil3U66pEvr,"Managed locally, 5-9Yrs, Male"
1988,eSCHly7RX9g,"Managed locally, 50+Yrs, Female"
1989,cIeVyAhUhEe,"Managed locally, 50+Yrs, Male"
1990,U3H71QfQ3EM,Maternity_Obstetric
1991,lmAT0sVG7Kv,"Mild AEs, 0-4Yrs, Female"
1992,lqRQCCeZjjE,"Mild AEs, 0-4Yrs, Male"
1993,CCXZylIhmq9,"Mild AEs, 10-14Yrs, Female"
1994,cK2QKfLKXhc,"Mild AEs, 10-14Yrs, Male"
1995,cimYM3h0Ub6,"Mild AEs, 15-19Yrs, Female"
1996,PV8jvbOFKis,"Mild AEs, 15-19Yrs, Male"
1997,d8HyO81P1e8,"Mild AEs, 20-24Yrs, Female"
1998,SGxjHMeMvlu,"Mild AEs, 20-24Yrs, Male"
1999,qhuwEV1HZTx,"Mild AEs, 25-29Yrs, Female"
2000,tDCokDtZJrH,"Mild AEs, 25-29Yrs, Male"
2001,NqX3BjOVU59,"Mild AEs, 30-39Yrs, Female"
2002,sDvcOKBgMKC,"Mild AEs, 30-39Yrs, Male"
2003,KbW76FbBfZD,"Mild AEs, 40-49Yrs, Female"
2004,LURqIuobRdt,"Mild AEs, 40-49Yrs, Male"
2005,JFHbugZFviW,"Mild AEs, 5-9Yrs, Female"
2006,Gs7rgheljJv,"Mild AEs, 5-9Yrs, Male"
2007,WVm02BkcKKG,"Mild AEs, 50+Yrs, Female"
2008,WNU1oJ8LFhe,"Mild AEs, 50+Yrs, Male"
2009,fOdSLHyeegG,"Miltefosine and PM, Cured, 0-4Yrs, Female"
2010,KAdS0aUcgcR,"Miltefosine and PM, Cured, 0-4Yrs, Male"
2011,njnko3gfAnj,"Miltefosine and PM, Cured, 15-49Yrs, Female"
2012,IC7Ab50FPLl,"Miltefosine and PM, Cured, 15-49Yrs, Male"
2013,VkBPmqM0gZ9,"Miltefosine and PM, Cured, 5-14Yrs, Female"
2014,UFXm6kUT0ve,"Miltefosine and PM, Cured, 5-14Yrs, Male"
2015,OuLoHj5KmQp,"Miltefosine and PM, Cured, 50+Yrs, Female"
2016,mlNHadAPus5,"Miltefosine and PM, Cured, 50+Yrs, Male"
2017,XaS5tquCGnr,"Miltefosine and PM, Died, 0-4Yrs, Female"
2018,DTwnbLAvA6v,"Miltefosine and PM, Died, 0-4Yrs, Male"
2019,s8N3L8FDy46,"Miltefosine and PM, Died, 15-49Yrs, Female"
2020,E7WnQMXT7Lg,"Miltefosine and PM, Died, 15-49Yrs, Male"
2021,vDGM11AReVM,"Miltefosine and PM, Died, 5-14Yrs, Female"
2022,Y1uBXuKr5yV,"Miltefosine and PM, Died, 5-14Yrs, Male"
2023,v511GDygYPj,"Miltefosine and PM, Died, 50+Yrs, Female"
2024,nlvhUauSY0v,"Miltefosine and PM, Died, 50+Yrs, Male"
2025,ys8ePtUcD8P,"Miltefosine and PM, Failure, 0-4Yrs, Female"
2026,hIKH7Aw2pMa,"Miltefosine and PM, Failure, 0-4Yrs, Male"
2027,nsRpXl50ag7,"Miltefosine and PM, Failure, 15-49Yrs, Female"
2028,XvJDaPBBXPt,"Miltefosine and PM, Failure, 15-49Yrs, Male"
2029,FcYO2OpFO6j,"Miltefosine and PM, Failure, 5-14Yrs, Female"
2030,DxLWv8bc5eo,"Miltefosine and PM, Failure, 5-14Yrs, Male"
2031,gwlM41iOoq0,"Miltefosine and PM, Failure, 50+Yrs, Female"
2032,wEKlFmZPqz9,"Miltefosine and PM, Failure, 50+Yrs, Male"
2033,s4G3xkKUei2,"Miltefosine and PM, Slow responders, 0-4Yrs, Female"
2034,SNdtGJu5PZ4,"Miltefosine and PM, Slow responders, 0-4Yrs, Male"
2035,jhAqJcFy60Z,"Miltefosine and PM, Slow responders, 15-49Yrs, Female"
2036,A0ry0nBc3s9,"Miltefosine and PM, Slow responders, 15-49Yrs, Male"
2037,HeZ6bEd2Gda,"Miltefosine and PM, Slow responders, 5-14Yrs, Female"
2038,dNwEKp7XQin,"Miltefosine and PM, Slow responders, 5-14Yrs, Male"
2039,BLSQfDQ65ny,"Miltefosine and PM, Slow responders, 50+Yrs, Female"
2040,eRyagGAaU18,"Miltefosine and PM, Slow responders, 50+Yrs, Male"
2041,Ww5KmaPx4mb,"Moderate AEs, 0-4Yrs, Female"
2042,KJ1cMj1gfoA,"Moderate AEs, 0-4Yrs, Male"
2043,XG0g8dMSptE,"Moderate AEs, 10-14Yrs, Female"
2044,GccquhBTXWS,"Moderate AEs, 10-14Yrs, Male"
2045,mTAQbcaXsEK,"Moderate AEs, 15-19Yrs, Female"
2046,Pw3yymvKJw0,"Moderate AEs, 15-19Yrs, Male"
2047,VbSMfYm6wex,"Moderate AEs, 20-24Yrs, Female"
2048,gc6ZVXrWlIh,"Moderate AEs, 20-24Yrs, Male"
2049,rRm3vbdfwxO,"Moderate AEs, 25-29Yrs, Female"
2050,tSpi2YR72lC,"Moderate AEs, 25-29Yrs, Male"
2051,JQromlSbSop,"Moderate AEs, 30-39Yrs, Female"
2052,ZIFjWoBIjkb,"Moderate AEs, 30-39Yrs, Male"
2053,FhZUu4L6NXB,"Moderate AEs, 40-49Yrs, Female"
2054,FgsgAl22ETR,"Moderate AEs, 40-49Yrs, Male"
2055,tK3300OTdPx,"Moderate AEs, 5-9Yrs, Female"
2056,JXtzJ9zkQnm,"Moderate AEs, 5-9Yrs, Male"
2057,WTpV0gFiDtJ,"Moderate AEs, 50+Yrs, Female"
2058,CCTwvlPJOcs,"Moderate AEs, 50+Yrs, Male"
2059,I0GQIjej8dS,"Multibacillary, 0-4Yrs, Female"
2060,f8MrVIgmO4u,"Multibacillary, 0-4Yrs, Female"
2061,Me961dS8IAs,"Multibacillary, 0-4Yrs, Male"
2062,i5ehfkO8jWK,"Multibacillary, 0-4Yrs, Male"
2063,WM6KayjURiq,"Multibacillary, 0-5Yrs, Female"
2064,rliP61eUYeM,"Multibacillary, 0-5Yrs, Male"
2065,BY4IrNDeCv3,"Multibacillary, 10-14Yrs, Female"
2066,TfjYH2ZPlIJ,"Multibacillary, 10-14Yrs, Female"
2067,FlUDG4YJ9qA,"Multibacillary, 10-14Yrs, Male"
2068,b0gjFV0TiXg,"Multibacillary, 10-14Yrs, Male"
2069,XPwhaq9OW10,"Multibacillary, 15-19Yrs, Female"
2070,isEJYKfHuKn,"Multibacillary, 15-19Yrs, Female"
2071,bn8GxLLvibs,"Multibacillary, 15-19Yrs, Male"
2072,qsuDPLI3b8B,"Multibacillary, 15-19Yrs, Male"
2073,Vou9dtX3KO1,"Multibacillary, 16Yrs and above, Female"
2074,m0WwYQ7lsam,"Multibacillary, 16Yrs and above, Male"
2075,idH0SssoQVS,"Multibacillary, 20-24Yrs, Female"
2076,pLAcUHfcJX5,"Multibacillary, 20-24Yrs, Female"
2077,iC9CT3EDaCI,"Multibacillary, 20-24Yrs, Male"
2078,ihwCFxqQIql,"Multibacillary, 20-24Yrs, Male"
2079,WyJ1n2Y07QN,"Multibacillary, 25+Yrs, Female"
2080,pKgqUKcVotp,"Multibacillary, 25+Yrs, Female"
2081,QQwhyxzcROI,"Multibacillary, 25+Yrs, Male"
2082,oAksmssphiT,"Multibacillary, 25+Yrs, Male"
2083,TOdO0b0nXZi,"Multibacillary, 5-9Yrs, Female"
2084,WNhbMcAusqA,"Multibacillary, 5-9Yrs, Female"
2085,CpVDdl5lPqp,"Multibacillary, 5-9Yrs, Male"
2086,Vs9SFhKOa83,"Multibacillary, 5-9Yrs, Male"
2087,kKoupJzqBtL,"Multibacillary, 6-15Yrs, Female"
2088,x1kNHocXDYd,"Multibacillary, 6-15Yrs, Male"
2089,JUldBhySmLM,"NAAT (Genexpert, Truenat)"
2090,E7OcV5dLNeV,Negative
2091,QFq4VQF3WT9,Negative
2092,SET3y4oMqYJ,Negative
2093,eMv9JIaRakB,Negative
2094,sXfRxagour5,"Negative, 0-4Yrs, Female"
2095,s1uqlTPNCmI,"Negative, 0-4Yrs, Male"
2096,EDmb2iDLtQ8,"Negative, 15-49Yrs, Female"
2097,HhwsuV8tx3w,"Negative, 15-49Yrs, Male"
2098,XhLm1Ow3tqD,"Negative, 5-14Yrs, Female"
2099,VqGVJQvDNhC,"Negative, 5-14Yrs, Male"
2100,kE4oh4oyBkK,"Negative, 50+Yrs, Female"
2101,eeaz6x2sM5D,"Negative, 50+Yrs, Male"
2102,g3B2DuwQTWP,NeisseriaGonorrhea
2103,efl41btBUk9,"NeisseriaGonorrhea, Intermediate"
2104,xvR3x8vLvRK,"NeisseriaGonorrhea, Reactive"
2105,ccisVG8SxHv,"NeisseriaGonorrhea, Sensitive"
2106,JwizPqF3Co8,NeisseriaMeningitiDes
2107,Xyw52ZcXySb,"NeisseriaMeningitiDes, Intermediate"
2108,KrzsPmVyImR,"NeisseriaMeningitiDes, Reactive"
2109,rkY5vfbP0SS,"NeisseriaMeningitiDes, Sensitive"
2110,LqXPAf6aXaj,Neonatal Unit
2111,No9b4ifLZrj,New
2112,ObYD0nzyZVU,New
2113,SW04YtnIpdS,New
2114,hKR6DKBR10J,New
2115,kTOdjkFFX31,New
2116,OWFLGCyCYh9,"New Admissions, 0-5Mths, Female"
2117,tSMnS3OuvL3,"New Admissions, 0-5Mths, Female"
2118,Ci9eCUwUwQP,"New Admissions, 0-5Mths, Male"
2119,ISeaAewT4us,"New Admissions, 0-5Mths, Male"
2120,Sb8uCrZ5u6e,"New Admissions, 10-19Yrs"
2121,QrqE7OWhVeB,"New Admissions, 10-19Yrs, Female"
2122,pfTxuYyotnV,"New Admissions, 10-19Yrs, Male"
2123,ulL6Faw75jf,"New Admissions, 10-19Yrs, Non Pregnant"
2124,iDrp8p8zrf1,"New Admissions, 10-19Yrs, Pregnant/Lactating"
2125,MXSoFC86Ahc,"New Admissions, 20-24 years, Female"
2126,DmQ8Y9AnCxD,"New Admissions, 20-24 years, Male"
2127,IMqSowzGI7q,"New Admissions, 20-24Yrs"
2128,rdWa3Yd3ti4,"New Admissions, 20-24Yrs, Non Pregnant"
2129,qgXxHCo9wOY,"New Admissions, 20-24Yrs, Pregnant/Lactating"
2130,NUdeuwM4d7v,"New Admissions, 24-59Mths, Female"
2131,PoUru59Widt,"New Admissions, 24-59Mths, Female"
2132,PHFpYNuhfMH,"New Admissions, 24-59Mths, Male"
2133,UuFX9gOJPmI,"New Admissions, 24-59Mths, Male"
2134,imEdEzZAjKx,"New Admissions, 25+Yrs"
2135,LCjg0P31aHC,"New Admissions, 25+Yrs, Female"
2136,QM4GJFRQLmV,"New Admissions, 25+Yrs, Male"
2137,CceaGUZnjA6,"New Admissions, 25+Yrs, Non Pregnant"
2138,wB2W4gZVJvD,"New Admissions, 25+Yrs, Pregnant/Lactating"
2139,B8qiCmHZKfq,"New Admissions, 5 - 9 yrs, Female"
2140,Z5sztcD02uR,"New Admissions, 5 - 9 yrs, Female"
2141,UfOqyn5l2HP,"New Admissions, 5 - 9 yrs, Male"
2142,WQwFNS8stqH,"New Admissions, 5 - 9 yrs, Male"
2143,FUI0aox8rli,"New Admissions, 6-23Mths, Female"
2144,aUXSTxtub8Q,"New Admissions, 6-23Mths, Female"
2145,phDJD68LlNU,"New Admissions, 6-23Mths, Male"
2146,yRZWB4ePZQB,"New Admissions, 6-23Mths, Male"
2147,lKtUo70yy5S,"New, 0-28Dys, Female"
2148,vgwBZ1EnvS1,"New, 0-28Dys, Male"
2149,c1EIBJih7Hc,"New, 0-4Yrs, Female"
2150,raVzuvAVYrE,"New, 0-4Yrs, Female"
2151,Ddg0cceghIM,"New, 0-4Yrs, Male"
2152,zgzSFYOPER3,"New, 0-4Yrs, Male"
2153,JpjSGTwvzjo,"New, 0-<3Yrs"
2154,BznGyjowJ0U,"New, 1-4Yrs, Female"
2155,rfzJ6LR5q2P,"New, 1-4Yrs, Male"
2156,Z0RzypRrOhy,"New, 10-14Yrs, Female"
2157,jJqJ7CQ59pc,"New, 10-14Yrs, Female"
2158,dOv9745XzTT,"New, 10-14Yrs, Male"
2159,hKELaCnDF2u,"New, 10-14Yrs, Male"
2160,De2rXs4jApk,"New, 10-19Yrs, Female"
2161,vv7DH53AEaT,"New, 10-19Yrs, Male"
2162,FttNLYDqCiq,"New, 10-<15Yrs greater than 30kg"
2163,qW4uX2xyrwV,"New, 10-<15Yrs less than 30kg"
2164,BhgBkEr8t85,"New, 15-19Yrs"
2165,eYGd7uPxTEa,"New, 15-19Yrs, Female"
2166,ffN43iUbdKS,"New, 15-19Yrs, Female"
2167,A77JX5GeUqe,"New, 15-19Yrs, Male"
2168,PgfPCBSXY8x,"New, 15-19Yrs, Male"
2169,bMRP4hxhZ1i,"New, 20+Yrs, Female"
2170,BVbGW2Vr7UU,"New, 20+Yrs, Male"
2171,HWLodA23UGt,"New, 20-24Yrs"
2172,E4uy770GJWJ,"New, 20-24Yrs, Female"
2173,MKx3HzbKorH,"New, 20-24Yrs, Female"
2174,GAYBzopUOaL,"New, 20-24Yrs, Male"
2175,LOWjeOpedzM,"New, 20-24Yrs, Male"
2176,oadS6AcPIKN,"New, 25-29Yrs, Female"
2177,p3cfhEFk5Ty,"New, 25-29Yrs, Female"
2178,Wx9rf98jTjR,"New, 25-29Yrs, Male"
2179,iqeZA3fuIRv,"New, 25-29Yrs, Male"
2180,CvQdPZAFY4k,"New, 25-49Yrs"
2181,kieAJGAdQQz,"New, 29Dys-4Yrs, Female"
2182,ubHnOQDfKvn,"New, 29Dys-4Yrs, Male"
2183,YTGLSvAoZ0z,"New, 3-<10Yrs"
2184,ZR9oSdTHWxw,"New, 30-34Yrs, Female"
2185,tndxEcO2MYg,"New, 30-34Yrs, Male"
2186,e5rUwy89JXj,"New, 30-39Yrs, Female"
2187,cLzVHjjZH0j,"New, 30-39Yrs, Male"
2188,eqUyLWrZj72,"New, 35-39Yrs, Female"
2189,EQqqriVwK2e,"New, 35-39Yrs, Male"
2190,ns3YHBCafoM,"New, 40-44Yrs, Female"
2191,Il3ex5SJWQM,"New, 40-44Yrs, Male"
2192,dEeeTTVJA3A,"New, 40-49Yrs, Female"
2193,Yeuqchnjbnm,"New, 40-49Yrs, Male"
2194,yJ34TEatKdq,"New, 45-49Yrs, Female"
2195,GLdJ1wn8ZFM,"New, 45-49Yrs, Male"
2196,h7RYzvDS7Kc,"New, 5+Yrs, Female"
2197,eKedYQVxjWn,"New, 5+Yrs, Male"
2198,GtYiJCy6NVd,"New, 5-9Yrs, Female"
2199,NBLm9T4PdXT,"New, 5-9Yrs, Female"
2200,fGfbR1e534U,"New, 5-9Yrs, Female"
2201,IU8pt6lbhMd,"New, 5-9Yrs, Male"
2202,Uu9EzmgMiUx,"New, 5-9Yrs, Male"
2203,lqqxFriBfTe,"New, 5-9Yrs, Male"
2204,z5ewc0K90Q8,"New, 50+Yrs"
2205,jkyyCALVpfA,"New, 50+Yrs, Female"
2206,tDd7mcsrbpW,"New, 50+Yrs, Male"
2207,oDXYGTZUsM9,"New, 50-54Yrs, Female"
2208,ofaQBlOBcY0,"New, 50-54Yrs, Male"
2209,DIU792u9UiW,"New, 55-59Yrs, Female"
2210,fIhtkvqwNUx,"New, 55-59Yrs, Male"
2211,RiJ05PE6r4f,"New, 60-64Yrs, Female"
2212,uVwxn6HckzH,"New, 60-64Yrs, Male"
2213,jygEqNij6qE,"New, 65+Yrs, Female"
2214,XKq1K14fZkZ,"New, 65+Yrs, Male"
2215,ksBfihkwBeu,"New, <15Yrs"
2216,aAhe5N9eH9b,"New, <1Yr, Female"
2217,BDdkzGf5oyr,"New, <1Yr, Male"
2218,kb4NpArEIKX,"New, Female"
2219,za2KCTJlwSv,"New, MTB +ve & Rifampicin Indeterminate"
2220,wteBzkIMabo,"New, MTB +ve & Rifampicin Resistance"
2221,rBWfEPdlJqA,"New, MTB +ve & Rifampicin Sensitive"
2222,kkCBFyfBwDg,"New, MTB Trace Detected Rifampicin Resistance Indeterminate"
2223,PFnAjOCXdWV,"New, Male"
2224,OMpaOmcdVME,No service
2225,S0V1yKFSmIK,NoTestingExpertise
2226,GDJ5VywQ6y1,Non Digital
2227,pESDIJhN8OR,"Non Digital, Cured, Female"
2228,du7yKkoQwuQ,"Non Digital, Cured, Male"
2229,QgUUdiyFlze,"Non Digital, Died, Female"
2230,aUEZZ9pcXjr,"Non Digital, Died, Male"
2231,ytt7o1Lhjq9,"Non Digital, Female"
2232,zhA2BvWRvJ8,"Non Digital, LTFP, Female"
2233,yLtjiX3MSuc,"Non Digital, LTFP, Male"
2234,o3meshBLqlm,"Non Digital, Male"
2235,HhCueWQcoUh,"Non Digital, Tx Completed, Female"
2236,X6sUuqKDuqQ,"Non Digital, Tx Completed, Male"
2237,DrwAr37UlYA,"Non Digital, Tx Failed, Female"
2238,dWKmhIlSkMP,"Non Digital, Tx Failed, Male"
2239,ti1wQxWVB4m,"Non-Pregnant Women, Outreach"
2240,BVWANSUbMUc,"Non-Pregnant Women, School"
2241,HFZpUNRdkVF,"Non-Pregnant Women, Static"
2242,mZICFwZl79Z,"Non-response, 0-5Mths, Female"
2243,LLvYnabZbcb,"Non-response, 0-5Mths, Male"
2244,yap0wJRNNzm,"Non-response, 10-19Yrs, Female"
2245,uirM8SynUBT,"Non-response, 10-19Yrs, Male"
2246,oAWJYNMK6nJ,"Non-response, 20-24 years, Female"
2247,j9rCyehleRC,"Non-response, 20-24 years, Male"
2248,q9Ai2bqKbJA,"Non-response, 24-59Mths, Female"
2249,EAlRASNNc8w,"Non-response, 24-59Mths, Male"
2250,EHrRv7BSSuK,"Non-response, 25+Yrs, Female"
2251,SklkojkmqFe,"Non-response, 25+Yrs, Male"
2252,jUYXbq7Mpyn,"Non-response, 5 - 9 yrs, Female"
2253,N0umXMSyJqE,"Non-response, 5 - 9 yrs, Male"
2254,HNZzZDcI4kr,"Non-response, 6-23Mths, Female"
2255,b9k3fkQHUre,"Non-response, 6-23Mths, Male"
2256,IJUc78rpOjt,Not Evaluated
2257,qGiHJhZGVsL,Not Evaluated
2258,xcWklewtZWx,Not Evaluated
2259,oz0Yw8AtHkK,Number Left
2260,Q1Gp1Vc9Wg4,Number Of Facilities Out of Stock
2261,aFA5HsKNXys,Number Used
2262,zRVy9U3c94s,Number received
2263,Xd4DIOpjbUA,Nurse
2264,BVOEaXxyiPm,"Nurse, Fail"
2265,kLQUj8BGcVO,"Nurse, Pass"
2266,ObYelhgHfKG,Nutrition
2267,ap8XZNj3m3l,"OPD, Female"
2268,tMl8KTJYzJG,"OPD, Male"
2269,IvH2NxNT1i2,OT Services
2270,RxuzjTrDPzp,"OT Services, Female"
2271,TBB5Bs0EJPq,"OT Services, Male"
2272,sUjbJp79chw,"Obese, 0-4Yrs, Female"
2273,ZjVenDPd01P,"Obese, 0-4Yrs, Male"
2274,aPYQ4TommGO,"Obese, 10-14Yrs, Female"
2275,IPbncZMpDjS,"Obese, 10-14Yrs, Male"
2276,epNzSzI2q7g,"Obese, 15-19Yrs, Female"
2277,IK7c8rec2vJ,"Obese, 15-19Yrs, Male"
2278,Zxzfv7KTX9g,"Obese, 20-24Yrs, Female"
2279,QrEokBWB8Jp,"Obese, 20-24Yrs, Male"
2280,yj3hrprqz1b,"Obese, 25+Yrs, Female"
2281,o8VidOUvflg,"Obese, 25+Yrs, Male"
2282,wywXtn0Ol2e,"Obese, 5-9Yrs, Female"
2283,fQjiVE8HREq,"Obese, 5-9Yrs, Male"
2284,RaCiRDAHeTf,"Obese, Female"
2285,g59MfuQKU0t,"Obese, Male"
2286,EbX2otukBRk,Open Vials (OV)
2287,Y8Ol10cUaxY,Oral formulation
2288,yYGE6mPdZxG,"Orals, 3days to 3 weeks"
2289,r31gNrSqDtK,"Orals, 4wks to 6 weeks"
2290,JfLMjNw0pS6,"Orals, 6 Months to 12 Months"
2291,L4R4HpJ8kVs,"Orals, 7 weeks to 5 months"
2292,ZvDY5BilqDJ,"Orals, Within 48 Hrs"
2293,rJw5ESKTTCI,Orthopaedic
2294,iHrBzLjTUuy,Other Defeacts
2295,cy6QVqocDDV,Other Forms
2296,keby93gYnGG,"Other Forms, 0-4Yrs, Female"
2297,stkNJM5iYAB,"Other Forms, 0-4Yrs, Male"
2298,Qjab56noHMt,"Other Forms, 5+Yrs, Female"
2299,JjZuytPl7Cw,"Other Forms, 5+Yrs, Male"
2300,bx8k0QHAWSU,"Other Medicines, Cured, 0-4Yrs, Female"
2301,URcReCQiwEI,"Other Medicines, Cured, 0-4Yrs, Male"
2302,nWa2lczG0CD,"Other Medicines, Cured, 15-49Yrs, Female"
2303,YGmu0ibaXyH,"Other Medicines, Cured, 15-49Yrs, Male"
2304,thvOKZhATKV,"Other Medicines, Cured, 5-14Yrs, Female"
2305,PLOtN8p5RX8,"Other Medicines, Cured, 5-14Yrs, Male"
2306,s1aCYResOUH,"Other Medicines, Cured, 50+Yrs, Female"
2307,e7ANgfoQQD9,"Other Medicines, Cured, 50+Yrs, Male"
2308,dPskEkwivBi,"Other Medicines, Died, 0-4Yrs, Female"
2309,cKWpB9fnEy0,"Other Medicines, Died, 0-4Yrs, Male"
2310,UBTiAK1mCQI,"Other Medicines, Died, 15-49Yrs, Female"
2311,wo761nJGg5j,"Other Medicines, Died, 15-49Yrs, Male"
2312,DJOw27BTxaY,"Other Medicines, Died, 5-14Yrs, Female"
2313,tVe3IHyF3HY,"Other Medicines, Died, 5-14Yrs, Male"
2314,ISg11Y2oB0f,"Other Medicines, Died, 50+Yrs, Female"
2315,dUepUPuUYjr,"Other Medicines, Died, 50+Yrs, Male"
2316,SxhXVxup0bq,"Other Medicines, Failure, 0-4Yrs, Female"
2317,kwUwZrAfSij,"Other Medicines, Failure, 0-4Yrs, Male"
2318,tHCKDUk9ghZ,"Other Medicines, Failure, 15-49Yrs, Female"
2319,gijdj9EhGhu,"Other Medicines, Failure, 15-49Yrs, Male"
2320,XhYnUIXSBxv,"Other Medicines, Failure, 5-14Yrs, Female"
2321,lQemoQDikDT,"Other Medicines, Failure, 5-14Yrs, Male"
2322,RdrzvkHo8BG,"Other Medicines, Failure, 50+Yrs, Female"
2323,oB0OSj7hKCh,"Other Medicines, Failure, 50+Yrs, Male"
2324,G9YFTwEvaiq,"Other Medicines, Slow responders, 0-4Yrs, Female"
2325,bpkaqxAqfjX,"Other Medicines, Slow responders, 0-4Yrs, Male"
2326,kfTitCQ38Aw,"Other Medicines, Slow responders, 15-49Yrs, Female"
2327,aTsryC61c7k,"Other Medicines, Slow responders, 15-49Yrs, Male"
2328,COMvJjeazW4,"Other Medicines, Slow responders, 5-14Yrs, Female"
2329,gl7jxW0QgnP,"Other Medicines, Slow responders, 5-14Yrs, Male"
2330,mG726oRYKOz,"Other Medicines, Slow responders, 50+Yrs, Female"
2331,gryvp5VuiOK,"Other Medicines, Slow responders, 50+Yrs, Male"
2332,HAIojac4Pi7,Other Specimen
2333,NCLfpDxEBEC,Other TB Testing
2334,TMoFGLWo49r,"Other TPT Outcomes, 0-4Yrs, Female"
2335,ceA6DDR8wl5,"Other TPT Outcomes, 0-4Yrs, Male"
2336,ar4jIzC6YvR,"Other TPT Outcomes, 10-14Yrs, Female"
2337,Vn7SVwEYGTV,"Other TPT Outcomes, 10-14Yrs, Male"
2338,wCg1PMgWRCh,"Other TPT Outcomes, 15-19Yrs, Female"
2339,r4VBC59huGM,"Other TPT Outcomes, 15-19Yrs, Male"
2340,QRlVlRIH9C6,"Other TPT Outcomes, 20-24Yrs, Female"
2341,dysxgw3WWYN,"Other TPT Outcomes, 20-24Yrs, Male"
2342,bBk87WeMNUu,"Other TPT Outcomes, 25+Yrs, Female"
2343,sdL6ReQDyA6,"Other TPT Outcomes, 25+Yrs, Male"
2344,EiLZA8WOu7i,"Other TPT Outcomes, 5-9Yrs, Female"
2345,iVoTzdYZing,"Other TPT Outcomes, 5-9Yrs, Male"
2346,EQqCcNKzIzg,"Other individualized Regimen, 0-14Yrs"
2347,IddJ6R6AXR2,"Other individualized Regimen, 0-14Yrs"
2348,TozwKhFgMrR,"Other individualized Regimen, 15+Yrs"
2349,xDw6Mq7lOKq,"Other individualized Regimen, 15+Yrs"
2350,KlaBA6uAve7,Other rehab Services
2351,dNlKeKmJDy0,"Other rehab Services, Female"
2352,iTdW73TXhq2,"Other rehab Services, Male"
2353,S55CGFRkdpq,Other wards
2354,bGXDOsCrgeR,Other wards
2355,e76NoYiPLJD,Other wards
2356,m2ixcix0q7Y,Other wards
2357,wPMetfjxCcb,Other wards
2358,joC6yYUO3rA,"Other wards, Fail"
2359,gc1jRPFfixe,"Other wards, Intermediate"
2360,MkcZZHC5WiC,"Other wards, Pass"
2361,Q4x8VVc7mIr,"Other wards, Reactive"
2362,O5LjnhjNuTx,"Other wards, Sensitive"
2363,IX6uC6LjzG1,Outpatient (OPD)
2364,LhwUTDmUr6D,Outreach
2365,CP0MHOvBToK,"Outreach, 1-4 years"
2366,e19gHanM78r,"Outreach, 5-14 years"
2367,Sz8SNUUTD6D,"Outreach, <1year"
2368,jRuSrcWUUtS,"Outreach, Female, 0-5Mths"
2369,FxC3SnmaSw4,"Outreach, Female, 12-59Mths"
2370,eePyibRc1Ls,"Outreach, Female, 5-14Yrs"
2371,p96KjD813ke,"Outreach, Female, 6-11Mths"
2372,msipvdzHNjI,"Outreach, Male, 0-5Mths"
2373,oxlqOKpccu0,"Outreach, Male, 12-59Mths"
2374,SLa46CBwLPH,"Outreach, Male, 5-14Yrs"
2375,xsHo9M2RGAd,"Outreach, Male, 6-11Mths"
2376,atxsrXmrbnV,"Overweight, 0-4Yrs, Female"
2377,gA0TBbNCArK,"Overweight, 0-4Yrs, Male"
2378,ccL7iF1IouM,"Overweight, 10-14Yrs, Female"
2379,l0Qz8v56l8Z,"Overweight, 10-14Yrs, Male"
2380,LXXDJAkLDdX,"Overweight, 15-19Yrs, Female"
2381,W4mqV53DsjD,"Overweight, 15-19Yrs, Male"
2382,e0qmAf42pJP,"Overweight, 20-24Yrs, Female"
2383,KLEZpovzBa8,"Overweight, 20-24Yrs, Male"
2384,bG96KjlVR04,"Overweight, 25+Yrs, Female"
2385,PzSvLx0p1jA,"Overweight, 25+Yrs, Male"
2386,oxa1gQCv32Y,"Overweight, 5-9Yrs, Female"
2387,E6lrVuehy3h,"Overweight, 5-9Yrs, Male"
2388,sFDuHzQxnXZ,"Overweight, Female"
2389,bB1hTSt0cjJ,"Overweight, Male"
2390,AQmOIr8mkhA,P&O Services
2391,Up5qCxYh4pN,"P&O Services, Female"
2392,rEAkXQROSUS,"P&O Services, Male"
2393,yYCzYyj3VWh,PMTCT
2394,QbWmboyft5U,PT Services
2395,slbcw6naLWL,"PT Services, Female"
2396,pvlQCJPgNBf,"PT Services, Male"
2397,zd1pRGptqYg,PackedCells
2398,KMlaFvLjWu4,"PackedCells, 0-4Yrs, Female"
2399,lvJU5xtFVD3,"PackedCells, 0-4Yrs, Female"
2400,Ksn2fJ16UEA,"PackedCells, 0-4Yrs, Male"
2401,S8colhF5ZHd,"PackedCells, 0-4Yrs, Male"
2402,OEBBjKqhvo6,"PackedCells, 15+Yrs, Female"
2403,fJ6vWXpw222,"PackedCells, 15+Yrs, Male"
2404,d08q7V502jy,"PackedCells, 5+Yrs, Female"
2405,oi3paDSTmNH,"PackedCells, 5+Yrs, Male"
2406,yMTe4OMotqF,"PackedCells, 5-14Yrs, Female"
2407,OaDSOPK0uZm,"PackedCells, 5-14Yrs, Male"
2408,lm5yShJh32E,Paediatrics
2409,xe2LYyff026,Paediatrics
2410,LPATiUAUj1c,Palliative
2411,rgfvGkHpCOf,"Paucibacillary, 0-4Yrs, Female"
2412,t0xBAV0ym0c,"Paucibacillary, 0-4Yrs, Female"
2413,W3t7sAPm4Vj,"Paucibacillary, 0-4Yrs, Male"
2414,qugaUCKTRef,"Paucibacillary, 0-4Yrs, Male"
2415,FM7tzOIJNaW,"Paucibacillary, 0-5Yrs, Female"
2416,QgQ3jtbiM7b,"Paucibacillary, 0-5Yrs, Male"
2417,u7XjYYWFQc8,"Paucibacillary, 10-14Yrs, Female"
2418,zKB0XKK3MSQ,"Paucibacillary, 10-14Yrs, Female"
2419,CZGgDAy7r41,"Paucibacillary, 10-14Yrs, Male"
2420,NPmjwuLUibo,"Paucibacillary, 10-14Yrs, Male"
2421,pxUjzk7XR0f,"Paucibacillary, 15-19Yrs, Female"
2422,rEhVloiXR1X,"Paucibacillary, 15-19Yrs, Female"
2423,SbsJq93u0aB,"Paucibacillary, 15-19Yrs, Male"
2424,npDJ28XU4sX,"Paucibacillary, 15-19Yrs, Male"
2425,uXHLtE6Sgyj,"Paucibacillary, 16Yrs and above, Female"
2426,HrTkwBVERGu,"Paucibacillary, 16Yrs and above, Male"
2427,JCJxsNjODhH,"Paucibacillary, 20-24Yrs, Female"
2428,O5ecM89nhJ0,"Paucibacillary, 20-24Yrs, Female"
2429,YP8giXlkLuB,"Paucibacillary, 20-24Yrs, Male"
2430,e268GNjSvPi,"Paucibacillary, 20-24Yrs, Male"
2431,YPS4wcNRMKf,"Paucibacillary, 25+Yrs, Female"
2432,jMoAksJCMPl,"Paucibacillary, 25+Yrs, Female"
2433,MCHTagmSJ6m,"Paucibacillary, 25+Yrs, Male"
2434,RBH7mCrsdHZ,"Paucibacillary, 25+Yrs, Male"
2435,DNa7f1sY4TK,"Paucibacillary, 5-9Yrs, Female"
2436,ffezE64EWKb,"Paucibacillary, 5-9Yrs, Female"
2437,F6Ow4nOAOTt,"Paucibacillary, 5-9Yrs, Male"
2438,UgZNmekvuTt,"Paucibacillary, 5-9Yrs, Male"
2439,Y33I8QOowbG,"Paucibacillary, 6-15Yrs, Female"
2440,Du7gfEgFmyD,"Paucibacillary, 6-15Yrs, Male"
2441,U4bww4TpOdd,Pediatric Cardiology
2442,fyCE2sSYhQE,Pediatric Cardiovascular Surgery
2443,sIyf5RrDuXo,Pharmacy
2444,zIiMJYqRmdk,Platelets
2445,GZBOk5wzcv2,"Platelets, 0-4Yrs, Female"
2446,WfVnmmwviMy,"Platelets, 0-4Yrs, Female"
2447,PKghagWEl4N,"Platelets, 0-4Yrs, Male"
2448,U9cCBvHO2ns,"Platelets, 0-4Yrs, Male"
2449,NuLl2mNwMho,"Platelets, 15+Yrs, Female"
2450,r9TYNy6N2gJ,"Platelets, 15+Yrs, Male"
2451,gwUlCDcQqtU,"Platelets, 5+Yrs, Female"
2452,eRffJvd314E,"Platelets, 5+Yrs, Male"
2453,miR1eK4TYAF,"Platelets, 5-14Yrs, Female"
2454,TIrK3qnsxRx,"Platelets, 5-14Yrs, Male"
2455,EAZDztPLYld,Positions Filled
2456,UGdfzXjZcSS,Positive
2457,Wszsl2lWegy,Positive
2458,YUwShOaK2vR,Positive
2459,gqp69grjFaC,Positive
2460,a9ynpqRfJTV,"Positive, 0-4Yrs, Female"
2461,oTEhGs9NcTS,"Positive, 0-4Yrs, Male"
2462,hP0MCxynLwA,"Positive, 15-49Yrs, Female"
2463,dH0jil2zDvK,"Positive, 15-49Yrs, Male"
2464,tBjtdmJje01,"Positive, 5-14Yrs, Female"
2465,TSGKTb35grG,"Positive, 5-14Yrs, Male"
2466,XH1cSxTsGMZ,"Positive, 50+Yrs, Female"
2467,nk7NmjhVQtk,"Positive, 50+Yrs, Male"
2468,zeiKRhhLTgG,PowerOutage
2469,OnvxZRXJz9g,"Pregnant Women, Outreach"
2470,DDHU3d2Aq1L,"Pregnant Women, School"
2471,KEONQZzpUjz,"Pregnant Women, Static"
2472,WPqAqiHkx4c,"Previously on 1st line, Female"
2473,SGyDdmQIRmU,"Previously on 1st line, Male"
2474,tl6c0QX4x3M,"Previously on 2nd line, Female"
2475,SHMG6Q2Qf8B,"Previously on 2nd line, Male"
2476,p0ReYmMlpBs,"Primary, 0-4Yrs, Female"
2477,FylGUOkMTSH,"Primary, 0-4Yrs, Male"
2478,oLq4kIBXHYN,"Primary, 15-49Yrs, Female"
2479,xItmdKhw1sW,"Primary, 15-49Yrs, Male"
2480,RrModAPadCk,"Primary, 5-14Yrs, Female"
2481,It79IUdIL2E,"Primary, 5-14Yrs, Male"
2482,BF5AVH0DN7y,"Primary, 50+Yrs, Female"
2483,UPf3jOJukuL,"Primary, 50+Yrs, Male"
2484,uRpMIMNp8C8,"Priority Population_Adolescent Girls Young Women, Female"
2485,ONyLR3LZxDJ,"Priority Population_Adolescent Girls Young Women, Male"
2486,Gvi5ft0gn0V,"Priority Population_Breast feeding mothers, Female"
2487,lqTrLQbbFBi,"Priority Population_Breast feeding mothers, Male"
2488,dVVN0TVS8RW,"Priority Population_Discordant couples, Female"
2489,Y6AzUMYtUfD,"Priority Population_Discordant couples, Male"
2490,BReNNxaPjxR,"Priority Population_Displaced persons, Female"
2491,zNmdpxxw2yh,"Priority Population_Displaced persons, Male"
2492,UVYwwWLoFCH,"Priority Population_Fishing communities, Female"
2493,YVU01wlet7C,"Priority Population_Fishing communities, Male"
2494,WyqdXm3Vvos,"Priority Population_Military and Uniformed Service, Female"
2495,N4NzBqoDEJ5,"Priority Population_Military and Uniformed Service, Male"
2496,ukdsIYEvGBr,"Priority Population_Mobile populations, Female"
2497,sVpV4YWPFaE,"Priority Population_Mobile populations, Male"
2498,NU0R5O3gERf,"Priority Population_Non-injecting Drug Users, Female"
2499,EcnpZ5TZ4Qa,"Priority Population_Non-injecting Drug Users, Male"
2500,w8vyNimAS1B,"Priority Population_Others, Female"
2501,t51AsZXJTbE,"Priority Population_Others, Male"
2502,ofunRa1Wi4m,"Priority Population_People with disabilities, Female"
2503,gVMdrm512YE,"Priority Population_People with disabilities, Male"
2504,kMbDgnHQW05,"Priority Population_Pregnat women, Female"
2505,Vqx3mcF5Vqe,"Priority Population_Pregnat women, Male"
2506,L1eQCPGHkIm,"Priority Population_Transgender, Female"
2507,Q4K3H76Fg72,"Priority Population_Transgender, Male"
2508,OzE4lVRyo5F,"Priority Population_Truckers, Female"
2509,vncbPATbhpP,"Priority Population_Truckers, Male"
2510,wVkPGtev2lj,Private Ward
2511,w4llwWbUdRx,"Provider Administered (PA), CBDs"
2512,T5u86n1a3DC,"Provider Administered (PA), New, 15-19Yrs"
2513,tp7yldWAkYk,"Provider Administered (PA), New, 20-24Yrs"
2514,wkVusUaMa8s,"Provider Administered (PA), New, 25-49Yrs"
2515,E8eiJihPKmu,"Provider Administered (PA), New, 50+Yrs"
2516,mrDy6kAAz24,"Provider Administered (PA), New, Below 15 years"
2517,BHdmqKLrmOf,"Provider Administered (PA), Outreach"
2518,DVubAUn4xzU,"Provider Administered (PA), Pharmacy"
2519,Bc7RNWSNq0K,"Provider Administered (PA), Revisits, 15-19Yrs"
2520,swE9gSx19Mo,"Provider Administered (PA), Revisits, 20-24Yrs"
2521,NHJVkIDqNaS,"Provider Administered (PA), Revisits, 25-49Yrs"
2522,rhREGDdBcli,"Provider Administered (PA), Revisits, 50+Yrs"
2523,tHK8oRBsU31,"Provider Administered (PA), Revisits, Below 15 years"
2524,syR8hFAN1PD,"Provider Administered (PA), Unit"
2525,ToY1RNX7epJ,Psychiatric
2526,HvgRiNVsRdp,PusSwab
2527,WzRVmX4LwLX,QAReTesting
2528,myeyTU3v4Fu,Quality Control
2529,TNkxoQiGbS6,Quantity Expired
2530,mQctj0KLhiz,Quantity consumed (Units)
2531,JpLTizFWhl5,"Re-admissions(Defaulters), 0-5Mths, Female"
2532,wnKBnXwqT82,"Re-admissions(Defaulters), 0-5Mths, Female"
2533,ke66m9mUwt9,"Re-admissions(Defaulters), 0-5Mths, Male"
2534,qijpicKfOuI,"Re-admissions(Defaulters), 0-5Mths, Male"
2535,D2rdmKpqI95,"Re-admissions(Defaulters), 10-19Yrs"
2536,Nreu6qZSYRm,"Re-admissions(Defaulters), 10-19Yrs, Female"
2537,mB81kX8i1nT,"Re-admissions(Defaulters), 10-19Yrs, Male"
2538,XHrsnSFzJGd,"Re-admissions(Defaulters), 10-19Yrs, Non Pregnant"
2539,Kci56VL9asp,"Re-admissions(Defaulters), 10-19Yrs, Pregnant/Lactating"
2540,hRfuxjPXadc,"Re-admissions(Defaulters), 20-24 years, Female"
2541,WeM511kONAT,"Re-admissions(Defaulters), 20-24 years, Male"
2542,D5NVWCERwUu,"Re-admissions(Defaulters), 20-24Yrs"
2543,qHvPaTeeh3E,"Re-admissions(Defaulters), 20-24Yrs, Non Pregnant"
2544,oo2LKCq55um,"Re-admissions(Defaulters), 20-24Yrs, Pregnant/Lactating"
2545,OeKkFirtg64,"Re-admissions(Defaulters), 24-59Mths, Female"
2546,SdrhfN1vH7J,"Re-admissions(Defaulters), 24-59Mths, Female"
2547,Ayn4HI0Ujih,"Re-admissions(Defaulters), 24-59Mths, Male"
2548,Blxx5KSEZce,"Re-admissions(Defaulters), 24-59Mths, Male"
2549,HkWSE3Q4kSo,"Re-admissions(Defaulters), 25+Yrs"
2550,YQGY58YcNXd,"Re-admissions(Defaulters), 25+Yrs, Female"
2551,BqoNkhsUtD0,"Re-admissions(Defaulters), 25+Yrs, Male"
2552,e3oxTLqG7F2,"Re-admissions(Defaulters), 25+Yrs, Non Pregnant"
2553,eqcYjkSf7ft,"Re-admissions(Defaulters), 25+Yrs, Pregnant/Lactating"
2554,ZFF5kZ5BQGB,"Re-admissions(Defaulters), 5 - 9 yrs, Female"
2555,k9X5VFixGwT,"Re-admissions(Defaulters), 5 - 9 yrs, Female"
2556,aWyiQL6ulaF,"Re-admissions(Defaulters), 5 - 9 yrs, Male"
2557,iC9oTtswCjr,"Re-admissions(Defaulters), 5 - 9 yrs, Male"
2558,HMfeX42W95O,"Re-admissions(Defaulters), 6-23Mths, Female"
2559,agkv6HbPChy,"Re-admissions(Defaulters), 6-23Mths, Female"
2560,gOoWu5QD5Sh,"Re-admissions(Defaulters), 6-23Mths, Male"
2561,yvYRzlsKzYM,"Re-admissions(Defaulters), 6-23Mths, Male"
2562,SLlUXByk317,"Re-admissions(Relapse), 0-5Mths, Female"
2563,r5ly5kAR64j,"Re-admissions(Relapse), 0-5Mths, Female"
2564,BgseGQCGxCU,"Re-admissions(Relapse), 0-5Mths, Male"
2565,vBkNEp9zC2y,"Re-admissions(Relapse), 0-5Mths, Male"
2566,STI8AvkkYNz,"Re-admissions(Relapse), 10-19Yrs"
2567,Yds4K321ZsD,"Re-admissions(Relapse), 10-19Yrs, Female"
2568,ALtnybrdfBS,"Re-admissions(Relapse), 10-19Yrs, Male"
2569,lDj0eobqGtZ,"Re-admissions(Relapse), 10-19Yrs, Non Pregnant"
2570,oWn5XS5gklR,"Re-admissions(Relapse), 10-19Yrs, Pregnant/Lactating"
2571,oPlJS6QJzd4,"Re-admissions(Relapse), 20-24 years, Female"
2572,H05GbJDKjmS,"Re-admissions(Relapse), 20-24 years, Male"
2573,Xo5sTQTk04l,"Re-admissions(Relapse), 20-24Yrs"
2574,QI9Qz6zzNKF,"Re-admissions(Relapse), 20-24Yrs, Non Pregnant"
2575,by2MjCNmf7C,"Re-admissions(Relapse), 20-24Yrs, Pregnant/Lactating"
2576,Ad0b5RlyTyD,"Re-admissions(Relapse), 24-59Mths, Female"
2577,Uczivcegf8U,"Re-admissions(Relapse), 24-59Mths, Female"
2578,HC2p8FsYUxv,"Re-admissions(Relapse), 24-59Mths, Male"
2579,sImy6uywoOu,"Re-admissions(Relapse), 24-59Mths, Male"
2580,Q39FszwF4Y8,"Re-admissions(Relapse), 25+Yrs"
2581,gZj5EmCN3bW,"Re-admissions(Relapse), 25+Yrs, Female"
2582,aUYhzD1F7AL,"Re-admissions(Relapse), 25+Yrs, Male"
2583,ug7nj3DaAbw,"Re-admissions(Relapse), 25+Yrs, Non Pregnant"
2584,r9kg3uROEH6,"Re-admissions(Relapse), 25+Yrs, Pregnant/Lactating"
2585,EkGOmoO5HJW,"Re-admissions(Relapse), 5 - 9 yrs, Female"
2586,h4FhuUjS4ft,"Re-admissions(Relapse), 5 - 9 yrs, Female"
2587,F8VtYyFnv3a,"Re-admissions(Relapse), 5 - 9 yrs, Male"
2588,RdWtoSsZ2Et,"Re-admissions(Relapse), 5 - 9 yrs, Male"
2589,VsIEv29Z2WQ,"Re-admissions(Relapse), 6-23Mths, Female"
2590,oVZ9b1a2fiG,"Re-admissions(Relapse), 6-23Mths, Female"
2591,Pv6ikGGNtBi,"Re-admissions(Relapse), 6-23Mths, Male"
2592,w2x7wisZ9gU,"Re-admissions(Relapse), 6-23Mths, Male"
2593,NI1OURKYemI,"Re-dosed, 12-59Mths"
2594,Gzmhdu73gpB,"Re-dosed, 3 - <12Mths"
2595,dUZAsGZwYkq,"Re-dosed, 5-10 Yrs"
2596,oNpAaivLalA,"Re-dosed, 5-10 Yrs"
2597,VtGL2a02Zdy,ReagentSO
2598,ggMgnrX4JOu,Recency Testing
2599,V2c0aoRBI5h,Reclassified as MB
2600,cKmeVQH4wQT,"Referred, 0-4Yrs, Female"
2601,OD9t1mYoXzm,"Referred, 0-4Yrs, Male"
2602,UccJZ3tfoYA,"Referred, 10-14Yrs, Female"
2603,YOnRo0JOeSq,"Referred, 10-14Yrs, Male"
2604,UfE6AadVOGb,"Referred, 15-19Yrs, Female"
2605,RhMDziIjxmo,"Referred, 15-19Yrs, Male"
2606,z84nIbzYjDp,"Referred, 20-24Yrs, Female"
2607,s2Csis6Kc07,"Referred, 20-24Yrs, Male"
2608,FjOeYEdGFRx,"Referred, 25-29Yrs, Female"
2609,t0vRjgkaom3,"Referred, 25-29Yrs, Male"
2610,uE4wUOnpYNT,"Referred, 30-39Yrs, Female"
2611,E1Crmn8Jyxw,"Referred, 30-39Yrs, Male"
2612,jjELN13BA2U,"Referred, 40-49Yrs, Female"
2613,DKCP5OVMsFF,"Referred, 40-49Yrs, Male"
2614,WqtWFaUDOyN,"Referred, 5-9Yrs, Female"
2615,LcBa3PytLEV,"Referred, 5-9Yrs, Male"
2616,PGqusHV0oML,"Referred, 50+Yrs, Female"
2617,NfdhK2J7FXj,"Referred, 50+Yrs, Male"
2618,cskjOuUM9Ej,Rehabilitation Ward
2619,Hu6MjsHOyc6,Relapse
2620,UjrmGnCgKIk,Relapse
2621,OvrLTfHqdLH,"Relapse, 0-4Yrs, Female"
2622,QrhJ4db7BVZ,"Relapse, 0-4Yrs, Male"
2623,xFLekWwoTvQ,"Relapse, 1-4Yrs, Female"
2624,p5nI8i1ZuuL,"Relapse, 1-4Yrs, Male"
2625,H0GtF2BimxM,"Relapse, 10-14Yrs, Female"
2626,hGYmwHvEoFK,"Relapse, 10-14Yrs, Male"
2627,RkprriQmhbI,"Relapse, 15-19Yrs, Female"
2628,EiVHb2H1biA,"Relapse, 15-19Yrs, Male"
2629,qpuhuyYe59B,"Relapse, 15-49Yrs, Female"
2630,PpCU40baay1,"Relapse, 15-49Yrs, Male"
2631,rt7f2MsRBHu,"Relapse, 20-24Yrs, Female"
2632,UW4vPlmWIWJ,"Relapse, 20-24Yrs, Male"
2633,pOqgn7d3oZ4,"Relapse, 25-29Yrs, Female"
2634,qaSbWBrvsIb,"Relapse, 25-29Yrs, Male"
2635,sIiIMCiCjLZ,"Relapse, 30-34Yrs, Female"
2636,gME7u89HVfN,"Relapse, 30-34Yrs, Male"
2637,lHGruISTS4A,"Relapse, 35-39Yrs, Female"
2638,Y0AlriWX9dz,"Relapse, 35-39Yrs, Male"
2639,TpL6a1eCp9r,"Relapse, 40-44Yrs, Female"
2640,F9N1CXWgY9V,"Relapse, 40-44Yrs, Male"
2641,KLdegupCFom,"Relapse, 45-49Yrs, Female"
2642,yXcwBsRVdK7,"Relapse, 45-49Yrs, Male"
2643,T7l0QOjUSCr,"Relapse, 5-14Yrs, Female"
2644,xIC32DSMQl8,"Relapse, 5-14Yrs, Male"
2645,QFPPhDyt4uV,"Relapse, 5-9Yrs, Female"
2646,pr7UA81pHHP,"Relapse, 5-9Yrs, Male"
2647,OT8xGeOBSur,"Relapse, 50+Yrs, Female"
2648,hA4rOfAV3BW,"Relapse, 50+Yrs, Male"
2649,XFr1DKvHTJC,"Relapse, 50-54Yrs, Female"
2650,p63la3UYDvj,"Relapse, 50-54Yrs, Male"
2651,sRTpSxj6wji,"Relapse, 55-59Yrs, Female"
2652,wp4yMfw4t6E,"Relapse, 55-59Yrs, Male"
2653,H5DUEYLpPwb,"Relapse, 60-64Yrs, Female"
2654,EHDuDxDs6H6,"Relapse, 60-64Yrs, Male"
2655,j2mPFkcna0q,"Relapse, 65+Yrs, Female"
2656,WdS8IAgjPzj,"Relapse, 65+Yrs, Male"
2657,fUsPOuU6ZLr,"Relapse, <1Yr, Female"
2658,IZrNx7iVjnv,"Relapse, <1Yr, Male"
2659,tiR43nd2aHj,"Relapse, MTB +ve & Rifampicin Indeterminate"
2660,qpWg78aYH0a,"Relapse, MTB +ve & Rifampicin Resistance"
2661,M0arUrYyEp5,"Relapse, MTB +ve & Rifampicin Sensitive"
2662,u3oG5Id7y2T,"Relapse, MTB Trace Detected Rifampicin Resistance Indeterminate"
2663,qKHFPmqJWkK,RepeatTest
2664,JYFyLIqJXOP,Revisits
2665,YpZHGtTSv2K,"Revisits, 15-19Yrs"
2666,BhfsRQm30RP,"Revisits, 20-24Yrs"
2667,nAjAOWdxMh8,"Revisits, 25-49Yrs"
2668,UrCqRbuJiSe,"Revisits, 50+Yrs"
2669,HTMSuJ2wUcx,"Revisits, <15Yrs"
2670,WWz33Y9d50G,SAM
2671,Vlowfb5DhdV,"SAM, 0-4Yrs, Female"
2672,TUaeYl1axrE,"SAM, 0-4Yrs, Male"
2673,c2HAh5Pz1Tm,"SAM, 10-14Yrs, Female"
2674,IibLD5YMpxn,"SAM, 10-14Yrs, Male"
2675,OROnRHP3Rq2,"SAM, 15-19Yrs, Female"
2676,RlRWTE08xqs,"SAM, 15-19Yrs, Male"
2677,ctlKClfIj2g,"SAM, 20-24Yrs, Female"
2678,JpFR5H1J0jq,"SAM, 20-24Yrs, Male"
2679,EKjl8dFLH2K,"SAM, 25+Yrs, Female"
2680,gkB6LhCyygL,"SAM, 25+Yrs, Male"
2681,KGC2pMRjkUc,"SAM, 5-9Yrs, Female"
2682,EaV96hUXyqm,"SAM, 5-9Yrs, Male"
2683,EGR6rjVyxJ2,"SAM, Female"
2684,VjfG7Tr7zXY,"SAM, Male"
2685,zYDFMYwl3j9,SC
2686,UjCp0EoNLcO,"SC, 0-4Yrs"
2687,lAifkZP60pP,"SC, 10-14Yrs"
2688,X1XIGeQdh7v,"SC, 15-19Yrs"
2689,uXQYTOzWHiI,"SC, 20-24Yrs"
2690,nAgHnbXQ0fr,"SC, 25-29Yrs"
2691,lAL95zxPrnD,"SC, 30-39Yrs"
2692,U8z7XGspdBl,"SC, 40-49Yrs"
2693,Vqqg02nDm7h,"SC, 5-9Yrs"
2694,cOvWAInVlWy,"SC, 50+Yrs"
2695,HZCjkuIKGes,SCM
2696,KXQVCmilMrN,SLT Services
2697,zS2FhRuKp1b,"SLT Services, Female"
2698,cunGU4fGzfD,"SLT Services, Male"
2699,u6Uplq3k5YQ,SMC
2700,t4DR4tK5CWg,"SSG & Paramomycin, Cured, 0-4Yrs, Female"
2701,elm4zXS3K1Y,"SSG & Paramomycin, Cured, 0-4Yrs, Male"
2702,zEAsJTAC8qj,"SSG & Paramomycin, Cured, 15-49Yrs, Female"
2703,oNchrk1kYXq,"SSG & Paramomycin, Cured, 15-49Yrs, Male"
2704,B41DmSOra6P,"SSG & Paramomycin, Cured, 5-14Yrs, Female"
2705,PuIaWkg2l9i,"SSG & Paramomycin, Cured, 5-14Yrs, Male"
2706,gSUgQ1hvg7X,"SSG & Paramomycin, Cured, 50+Yrs, Female"
2707,CXC5MmNiILh,"SSG & Paramomycin, Cured, 50+Yrs, Male"
2708,PmvaWAFlzTs,"SSG & Paramomycin, Died, 0-4Yrs, Female"
2709,vdjVzlOmsE0,"SSG & Paramomycin, Died, 0-4Yrs, Male"
2710,YCCBN7751nq,"SSG & Paramomycin, Died, 15-49Yrs, Female"
2711,hfB9vUFAhmS,"SSG & Paramomycin, Died, 15-49Yrs, Male"
2712,HZbUcBRSCAR,"SSG & Paramomycin, Died, 5-14Yrs, Female"
2713,RpyRW4XhMWy,"SSG & Paramomycin, Died, 5-14Yrs, Male"
2714,OoV9xSrVwby,"SSG & Paramomycin, Died, 50+Yrs, Female"
2715,IXWhqOkm6ax,"SSG & Paramomycin, Died, 50+Yrs, Male"
2716,jrQVevDxRK3,"SSG & Paramomycin, Failure, 0-4Yrs, Female"
2717,RLSjJXje9nr,"SSG & Paramomycin, Failure, 0-4Yrs, Male"
2718,SaRmjwUiYwY,"SSG & Paramomycin, Failure, 15-49Yrs, Female"
2719,avIQyf4DD26,"SSG & Paramomycin, Failure, 15-49Yrs, Male"
2720,zOR9TCw6RGR,"SSG & Paramomycin, Failure, 5-14Yrs, Female"
2721,u1essgDh06q,"SSG & Paramomycin, Failure, 5-14Yrs, Male"
2722,XOvSh1giENw,"SSG & Paramomycin, Failure, 50+Yrs, Female"
2723,srssCsFH2Rg,"SSG & Paramomycin, Failure, 50+Yrs, Male"
2724,HGBIaJFKdCN,"SSG & Paramomycin, Slow responders, 0-4Yrs, Female"
2725,hUVNfJtyGWI,"SSG & Paramomycin, Slow responders, 0-4Yrs, Male"
2726,WzTxSiJgkIN,"SSG & Paramomycin, Slow responders, 15-49Yrs, Female"
2727,GCwqz4CMquP,"SSG & Paramomycin, Slow responders, 15-49Yrs, Male"
2728,nVnyMHIRT6B,"SSG & Paramomycin, Slow responders, 5-14Yrs, Female"
2729,ImFq9Icr3M7,"SSG & Paramomycin, Slow responders, 5-14Yrs, Male"
2730,i3cXcI9nvgp,"SSG & Paramomycin, Slow responders, 50+Yrs, Female"
2731,uOZui21l000,"SSG & Paramomycin, Slow responders, 50+Yrs, Male"
2732,g9KoRfY2gx2,"STR, 0-14Yrs"
2733,v3T9H8u2EGl,"STR, 15+Yrs"
2734,UqbCWSg5rOu,Salmonella Spp
2735,Jy5IeplgNcs,"Salmonella Spp, Intermediate"
2736,eSNEiqOgZ03,"Salmonella Spp, Reactive"
2737,VgMvVNtkUPv,"Salmonella Spp, Sensitive"
2738,p6NhJJHCk42,School
2739,YSDhFd81ac3,"School, Female, 0-5Mths"
2740,Rohrd1TbjnY,"School, Female, 12-59Mths"
2741,a3PRhehQhKE,"School, Female, 5-14Yrs"
2742,dRZ27FHvqYJ,"School, Female, 6-11Mths"
2743,LsmFunODqjg,"School, Male, 0-5Mths"
2744,ZtqGrTykCmW,"School, Male, 12-59Mths"
2745,sZeVefabrET,"School, Male, 5-14Yrs"
2746,PUGYr75krwv,"School, Male, 6-11Mths"
2747,syJYxC2cZJ2,"Self Injected (SI), CBDs"
2748,ih3t4wlUYvU,"Self Injected (SI), New, 15-19Yrs"
2749,YxStS2BawVc,"Self Injected (SI), New, 20-24Yrs"
2750,mN6yDJTRpOf,"Self Injected (SI), New, 25-49Yrs"
2751,S7JRyzzYEaD,"Self Injected (SI), New, 50+Yrs"
2752,KWYFvgvLuYs,"Self Injected (SI), New, Below 15 years"
2753,iBDfZ4XRWSl,"Self Injected (SI), Outreach"
2754,dRcgGstioxJ,"Self Injected (SI), Pharmacy"
2755,fH6VjGvonC5,"Self Injected (SI), Revisits, 15-19Yrs"
2756,YCQpDYMxkft,"Self Injected (SI), Revisits, 20-24Yrs"
2757,Fwtx8ytsORC,"Self Injected (SI), Revisits, 25-49Yrs"
2758,o6Ya04iDLKn,"Self Injected (SI), Revisits, 50+Yrs"
2759,zxiMyEN77M6,"Self Injected (SI), Revisits, Below 15 years"
2760,cJbTEDiV9qO,"Self Injected (SI), Unit"
2761,r13yyT3orI9,"Severe AEs, 0-4Yrs, Female"
2762,yOJckIBqzgq,"Severe AEs, 0-4Yrs, Male"
2763,voeNGir30HL,"Severe AEs, 10-14Yrs, Female"
2764,rQrl33kriiY,"Severe AEs, 10-14Yrs, Male"
2765,hHNsXpVD8u7,"Severe AEs, 15-19Yrs, Female"
2766,U1XanwIXt7r,"Severe AEs, 15-19Yrs, Male"
2767,qtKEpxgbnaj,"Severe AEs, 20-24Yrs, Female"
2768,COshjYo2nud,"Severe AEs, 20-24Yrs, Male"
2769,OI0094DuFRa,"Severe AEs, 25-29Yrs, Female"
2770,szv9zEl7Oqn,"Severe AEs, 25-29Yrs, Male"
2771,fyXIOkUO8Mp,"Severe AEs, 30-39Yrs, Female"
2772,IOuPzlwjuqR,"Severe AEs, 30-39Yrs, Male"
2773,B9MwciDmQrU,"Severe AEs, 40-49Yrs, Female"
2774,xEG5mXJ83g9,"Severe AEs, 40-49Yrs, Male"
2775,LSSfxlFSgLY,"Severe AEs, 5-9Yrs, Female"
2776,VYsIWq05JbE,"Severe AEs, 5-9Yrs, Male"
2777,jesQdhtqm5V,"Severe AEs, 50+Yrs, Female"
2778,lW8wgIElY3j,"Severe AEs, 50+Yrs, Male"
2779,UorkSGAPM8h,Shigellaspp
2780,bOIEbuipQ0H,"Shigellaspp, Intermediate"
2781,Fh2PZJLtV3U,"Shigellaspp, Reactive"
2782,p3TAhB2UZiS,"Shigellaspp, Sensitive"
2783,preyOH6yQyj,SkinSnip
2784,cgtCieJIpgV,"Slow responders, 0-4Yrs, Female"
2785,E0Qz9GmcWyN,"Slow responders, 0-4Yrs, Male"
2786,wOVrqm55bl0,"Slow responders, 15-49Yrs, Female"
2787,mxejrJcPLF2,"Slow responders, 15-49Yrs, Male"
2788,S6ImNBJ3waz,"Slow responders, 5-14Yrs, Female"
2789,swdjSVJEXMp,"Slow responders, 5-14Yrs, Male"
2790,K4EWQD4S7Ae,"Slow responders, 50+Yrs, Female"
2791,NxDsP6CWhOw,"Slow responders, 50+Yrs, Male"
2792,P5OfLz73UGH,Smear Microscopy
2793,f4bk47hqrx2,Solid Tumor
2794,JT7ZfsZzRC7,Sputum
2795,ndjbP5jcv7G,Staff Trained
2796,JEO4o7XusA7,Staffing Norms
2797,DyV5gINiVaz,StaphylococcusAureus
2798,UdeU9gsKqI3,"StaphylococcusAureus, Intermediate"
2799,ZG21E9j1Bod,"StaphylococcusAureus, Reactive"
2800,DI0hjMRK5Zh,"StaphylococcusAureus, Sensitive"
2801,q6RbdRzxb2i,"Static, 1-4 years"
2802,B07dELqs94E,"Static, 5-14 years"
2803,xkUM54cCGVv,"Static, <1year"
2804,UX5BiUFegrQ,"Static, Female, 0-5Mths"
2805,c7f7T9UmdW4,"Static, Female, 12-59Mths"
2806,P4ABVC7tGT6,"Static, Female, 5-14Yrs"
2807,LUj9xf5tt7W,"Static, Female, 6-11Mths"
2808,q9p3YPXarlc,"Static, Male, 0-5Mths"
2809,ZzZgTGh4XWy,"Static, Male, 12-59Mths"
2810,PXX9tYofRKI,"Static, Male, 5-14Yrs"
2811,HGaiqQpkkQl,"Static, Male, 6-11Mths"
2812,FDgxTsYq2Z5,Sterilization
2813,ZFI5pXA21oy,"Sterilization, 3days to 3 weeks"
2814,QDguqcKvhSa,"Sterilization, 4wks to 6 weeks"
2815,t9fE5lvF1Ap,"Sterilization, 6 Months to 12 Months"
2816,UKHMH3swAqx,"Sterilization, 7 weeks to 5 months"
2817,tcmJ48olD0u,"Sterilization, Within 48 Hrs"
2818,huFcb65uSbJ,Still on treatment
2819,iUWBd1VbJPB,Still on treatment
2820,OheQB2JmYS3,Stock at Hand
2821,jnjX7CIwZOA,"Stock at Hand, Cylinder (large – 6,800L or 7,500L)"
2822,zATcqMicCq6,Stool_RectalSwab
2823,oeuHrQ5EEJ0,StreptococcusPneumonia
2824,qX0d8PnsJvA,"StreptococcusPneumonia, Intermediate"
2825,ov2i9IayA9m,"StreptococcusPneumonia, Reactive"
2826,WkldENuMjt8,"StreptococcusPneumonia, Sensitive"
2827,ieonoHwDTH1,Sub Total
2828,ZLP17qhEbqL,"Successfully treated, 0-5Mths, Female"
2829,QbrGGlatrVC,"Successfully treated, 0-5Mths, Male"
2830,ca1zN5VQtOB,"Successfully treated, 10-19Yrs"
2831,sB7HijxsDgU,"Successfully treated, 10-19Yrs, Non Pregnant"
2832,Ey0uHEzrkMG,"Successfully treated, 10-19Yrs, Pregnant/Lactating"
2833,DHablnAGwtn,"Successfully treated, 20-24Yrs"
2834,t3BJnP3OjQx,"Successfully treated, 20-24Yrs, Non Pregnant"
2835,yTj1MSPBQ6M,"Successfully treated, 20-24Yrs, Pregnant/Lactating"
2836,nnMLg5peKd9,"Successfully treated, 24-59Mths, Female"
2837,AL7p9vL8tnP,"Successfully treated, 24-59Mths, Male"
2838,oelGUy8Lezv,"Successfully treated, 25+Yrs"
2839,j7rKa2aNOGa,"Successfully treated, 25+Yrs, Non Pregnant"
2840,x4JECD8UPK7,"Successfully treated, 25+Yrs, Pregnant/Lactating"
2841,ZJJ4xGxM7Lb,"Successfully treated, 5 - 9 yrs, Female"
2842,oD0HgLe48p5,"Successfully treated, 5 - 9 yrs, Male"
2843,AFtmHzzkeUK,"Successfully treated, 6-23Mths, Female"
2844,CaYVnp5HfGo,"Successfully treated, 6-23Mths, Male"
2845,tNcj45HOMtN,SuppliesSO
2846,Co8v7rPnvjQ,Surgical/Gynecology ward
2847,nTUFLowFhBM,"Suspected Cancer, 15 - 24 yrs, Negative"
2848,UP9mnVEWOxJ,"Suspected Cancer, 15 - 24 yrs, Positive"
2849,NL9SIh0y2Rj,"Suspected Cancer, 15 - 24 yrs, Unknown"
2850,CtlqU0Nw7pc,"Suspected Cancer, 25 - 49 yrs, Negative"
2851,uehDqpS16Lb,"Suspected Cancer, 25 - 49 yrs, Positive"
2852,MV84RTl8Zz7,"Suspected Cancer, 25 - 49 yrs, Unknown"
2853,JOTotku4INi,"Suspected Cancer, 50+Yrs, Negative"
2854,uPWN2ZAmHYu,"Suspected Cancer, 50+Yrs, Positive"
2855,PZgndhuuLO7,"Suspected Cancer, 50+Yrs, Unknown"
2856,CHqKEyZAHxD,TB
2857,FY5JOLylSuQ,TB LAM
2858,Htjb3llEgLh,TB LAMP
2859,PITMNJLqPqE,TestForVerification
2860,EvwmPeuq453,Total
2861,ZMxUd8OjsOe,"Transfer in, 0-5Mths, Female"
2862,wTHAaf23XNU,"Transfer in, 0-5Mths, Female"
2863,DdJO0CNr6hW,"Transfer in, 0-5Mths, Male"
2864,TGJ6Pdu0Ing,"Transfer in, 0-5Mths, Male"
2865,MPFHrNpQ6LK,"Transfer in, 10-19Yrs"
2866,z37NEYRcci4,"Transfer in, 10-19Yrs, Female"
2867,rjGeqiQxgWg,"Transfer in, 10-19Yrs, Male"
2868,i1FVmKFfxC2,"Transfer in, 10-19Yrs, Non Pregnant"
2869,Yd1aDLbvXNs,"Transfer in, 10-19Yrs, Pregnant/Lactating"
2870,OasbOagtHFu,"Transfer in, 20-24 years, Female"
2871,MRSXKs0LoBz,"Transfer in, 20-24 years, Male"
2872,zZHoXSYfDua,"Transfer in, 20-24Yrs"
2873,MYY14KAeckP,"Transfer in, 20-24Yrs, Non Pregnant"
2874,Wi1cpusD4D8,"Transfer in, 20-24Yrs, Pregnant/Lactating"
2875,fgInS7gwlWa,"Transfer in, 24-59Mths, Female"
2876,pJAg4h8AhBy,"Transfer in, 24-59Mths, Female"
2877,KRoxx0ICXAI,"Transfer in, 24-59Mths, Male"
2878,mufD9pb9Uez,"Transfer in, 24-59Mths, Male"
2879,tILGGYhAxTT,"Transfer in, 25+Yrs"
2880,kCD248o8ZcE,"Transfer in, 25+Yrs, Female"
2881,onsWC7ah5F4,"Transfer in, 25+Yrs, Male"
2882,tJhaYuaS3aS,"Transfer in, 25+Yrs, Non Pregnant"
2883,P2FljDx3jr5,"Transfer in, 25+Yrs, Pregnant/Lactating"
2884,G5ci7PXGFdx,"Transfer in, 5 - 9 yrs, Female"
2885,nGIQTXbApnw,"Transfer in, 5 - 9 yrs, Female"
2886,N2DOacD9zWV,"Transfer in, 5 - 9 yrs, Male"
2887,Vhleslo54uW,"Transfer in, 5 - 9 yrs, Male"
2888,RgJ9JiiyDkY,"Transfer in, 6-23Mths, Female"
2889,zpaxraQng1p,"Transfer in, 6-23Mths, Female"
2890,AkQJYLRZPB4,"Transfer in, 6-23Mths, Male"
2891,jp66dqnPk7y,"Transfer in, 6-23Mths, Male"
2892,bUFzdGxUEM4,Transferred Out
2893,YGG5dvPvNfw,"Transferred Out, 0-5Mths, Female"
2894,vJxhpdIL9G5,"Transferred Out, 0-5Mths, Male"
2895,Si8u9OKmyAX,"Transferred Out, 10-19Yrs, Female"
2896,SpOR3uMRM2O,"Transferred Out, 10-19Yrs, Male"
2897,eL2CocJauLU,"Transferred Out, 20-24 years, Female"
2898,Pom4XORACDe,"Transferred Out, 20-24 years, Male"
2899,m27NuRVJik4,"Transferred Out, 24-59Mths, Female"
2900,BWLpTuub6xY,"Transferred Out, 24-59Mths, Male"
2901,hyMGAZQmcHY,"Transferred Out, 25+Yrs, Female"
2902,oufk0kTEw4r,"Transferred Out, 25+Yrs, Male"
2903,uAMFrSYXzBl,"Transferred Out, 5 - 9 yrs, Female"
2904,xaDJcSkWnnY,"Transferred Out, 5 - 9 yrs, Male"
2905,FfypgEf8hjL,"Transferred Out, 6-23Mths, Female"
2906,ANhnA6mFVVL,"Transferred Out, 6-23Mths, Male"
2907,qCNeZCavE1a,Tx Completed
2908,z0XK6OO9ZMB,Tx Completed
2909,hOUV7idMqGc,"Tx Completed, Female"
2910,vQR8AzJDquz,"Tx Completed, Male"
2911,Nt7LFWufoS7,Tx Failed
2912,WMM4fqFq732,Tx Failed
2913,qT7nKljqI47,"Tx Failed, Female"
2914,SA4nY9HN8Eg,"Tx Failed, Male"
2915,Ik1ID1IMDFu,Tx History Unknown
2916,I9qFt4LQVJr,Tx after Failure
2917,OD0mjLcbAd6,Tx after Failure
2918,CWSCG1ikmeA,"Tx after Failure, 1-4Yrs, Female"
2919,r9DW7p9SrwT,"Tx after Failure, 1-4Yrs, Male"
2920,ovMRE76E1zS,"Tx after Failure, 10-14Yrs, Female"
2921,SCcsJgEc0yT,"Tx after Failure, 10-14Yrs, Male"
2922,Qqky3ljtgzB,"Tx after Failure, 15-19Yrs, Female"
2923,RY3Sq5espBZ,"Tx after Failure, 15-19Yrs, Male"
2924,MJWTcaKc8mS,"Tx after Failure, 20-24Yrs, Female"
2925,u2kPnSjQ20e,"Tx after Failure, 20-24Yrs, Male"
2926,oLyvTcmILU3,"Tx after Failure, 25-29Yrs, Female"
2927,pUNbIFZdkXk,"Tx after Failure, 25-29Yrs, Male"
2928,cwPMjRmYVmg,"Tx after Failure, 30-34Yrs, Female"
2929,Sf5vPNAlATH,"Tx after Failure, 30-34Yrs, Male"
2930,aIPlwWjzut6,"Tx after Failure, 35-39Yrs, Female"
2931,szDl3zswYJz,"Tx after Failure, 35-39Yrs, Male"
2932,vjL38QVNY6g,"Tx after Failure, 40-44Yrs, Female"
2933,vAHgYoG2ptH,"Tx after Failure, 40-44Yrs, Male"
2934,yMEt1tmZ1uc,"Tx after Failure, 45-49Yrs, Female"
2935,JZdB2hsdrZd,"Tx after Failure, 45-49Yrs, Male"
2936,LTwAuFqkjwz,"Tx after Failure, 5-9Yrs, Female"
2937,bEBgjKMhYUK,"Tx after Failure, 5-9Yrs, Male"
2938,TyNVmrtvoMQ,"Tx after Failure, 50-54Yrs, Female"
2939,lMwruKMZJO3,"Tx after Failure, 50-54Yrs, Male"
2940,UcIaLxzJ1fU,"Tx after Failure, 55-59Yrs, Female"
2941,KBlM8TDF2uK,"Tx after Failure, 55-59Yrs, Male"
2942,xxG8tkyC1G5,"Tx after Failure, 60-64Yrs, Female"
2943,TiCllmt0T9U,"Tx after Failure, 60-64Yrs, Male"
2944,GHoQLLLRPkb,"Tx after Failure, 65+Yrs, Female"
2945,bHrb3zY4wxC,"Tx after Failure, 65+Yrs, Male"
2946,CzDNiDhRA0K,"Tx after Failure, <1Yr, Female"
2947,QqYz91Z4Ju3,"Tx after Failure, <1Yr, Male"
2948,rnRxl33Jek0,"Tx after Failure, MTB +ve & Rifampicin Indeterminate"
2949,jTDUbxxvqYh,"Tx after Failure, MTB +ve & Rifampicin Resistance"
2950,q4GbuXYCdbE,"Tx after Failure, MTB +ve & Rifampicin Sensitive"
2951,HGZozyDO6hl,"Tx after Failure, MTB Trace Detected Rifampicin Resistance Indeterminate"
2952,rT1SO3VBJ0F,Tx after LTFP
2953,tbHem1vRBxj,Tx after LTFP
2954,VgO7lvC0TiE,"Tx after LTFP, 1-4Yrs, Female"
2955,WOtysvp6rv1,"Tx after LTFP, 1-4Yrs, Male"
2956,DWtlInW152z,"Tx after LTFP, 10-14Yrs, Female"
2957,lR1ey26cauF,"Tx after LTFP, 10-14Yrs, Male"
2958,FWBpZs75grd,"Tx after LTFP, 15-19Yrs, Female"
2959,NMp696HGKhf,"Tx after LTFP, 15-19Yrs, Male"
2960,HKka1UiaCTb,"Tx after LTFP, 20-24Yrs, Female"
2961,emrDo6orKwt,"Tx after LTFP, 20-24Yrs, Male"
2962,Zx9hf4Pnyfg,"Tx after LTFP, 25-29Yrs, Female"
2963,fWRzIkiW9p4,"Tx after LTFP, 25-29Yrs, Male"
2964,NcNCLnSQHu2,"Tx after LTFP, 30-34Yrs, Female"
2965,k0ssccgF6Zw,"Tx after LTFP, 30-34Yrs, Male"
2966,sFrflLCApTA,"Tx after LTFP, 35-39Yrs, Female"
2967,zcZpYB8fJ1N,"Tx after LTFP, 35-39Yrs, Male"
2968,LcJmlRRgpuX,"Tx after LTFP, 40-44Yrs, Female"
2969,Qqy7AOiGxl9,"Tx after LTFP, 40-44Yrs, Male"
2970,intyy1bPhOE,"Tx after LTFP, 45-49Yrs, Female"
2971,rqzEvrd4giR,"Tx after LTFP, 45-49Yrs, Male"
2972,bgUW6XKMShw,"Tx after LTFP, 5-9Yrs, Female"
2973,swPbm1MUbao,"Tx after LTFP, 5-9Yrs, Male"
2974,W206d5ojpKF,"Tx after LTFP, 50-54Yrs, Female"
2975,Ga8NbPFddOD,"Tx after LTFP, 50-54Yrs, Male"
2976,C8yREMPEbha,"Tx after LTFP, 55-59Yrs, Female"
2977,Iy8HWtHkf4S,"Tx after LTFP, 55-59Yrs, Male"
2978,XNHEIMYNKsw,"Tx after LTFP, 60-64Yrs, Female"
2979,E91ktQGd8z5,"Tx after LTFP, 60-64Yrs, Male"
2980,NOmxvxPZO8p,"Tx after LTFP, 65+Yrs, Female"
2981,Ff1TBJeDzvC,"Tx after LTFP, 65+Yrs, Male"
2982,BPPcQMPUI8c,"Tx after LTFP, <1Yr, Female"
2983,lNV8PfeNpOg,"Tx after LTFP, <1Yr, Male"
2984,HQeAhVJ6OIB,"Tx after LTFP, MTB +ve & Rifampicin Indeterminate"
2985,TseIAjJu8nq,"Tx after LTFP, MTB +ve & Rifampicin Resistance"
2986,V7U8VWgIz8H,"Tx after LTFP, MTB +ve & Rifampicin Sensitive"
2987,iejJij7aEXt,"Tx after LTFP, MTB Trace Detected Rifampicin Resistance Indeterminate"
2988,JaGdAFrzW0b,Type 1
2989,Vsm9HAH7Jyq,"Type 1, 0-4Yrs, Female"
2990,Cn7Sbn1cmaJ,"Type 1, 0-4Yrs, Male"
2991,DbUSKRk6Z7x,"Type 1, 5+Yrs, Female"
2992,Spvx3gdpnkj,"Type 1, 5+Yrs, Male"
2993,WYU6vs6NSss,Type 2
2994,cLh8II1swIK,"Type 2, 0-4Yrs, Female"
2995,OOMLP3gYLKq,"Type 2, 0-4Yrs, Male"
2996,yrO9l7ykS22,"Type 2, 5+Yrs, Female"
2997,YyglM1loCC3,"Type 2, 5+Yrs, Male"
2998,oznylMTgMlZ,"Unassisted, 0-4Yrs, Female"
2999,vbM6PR09baM,"Unassisted, 0-4Yrs, Male"
3000,Y34N1AtZNf0,"Unassisted, 10-14Yrs, Female"
3001,kRGT79yCNHb,"Unassisted, 10-14Yrs, Male"
3002,dufg5r4mYhj,"Unassisted, 15-19Yrs, Female"
3003,yIsulODjNYg,"Unassisted, 15-19Yrs, Male"
3004,WMGkZVSZRxa,"Unassisted, 20-24Yrs, Female"
3005,MhE1lX6fIMl,"Unassisted, 20-24Yrs, Male"
3006,drBmjTTXvl9,"Unassisted, 25-29Yrs, Female"
3007,IRi4UoTeaT6,"Unassisted, 25-29Yrs, Male"
3008,GxDNfS8cZ5V,"Unassisted, 30-39Yrs, Female"
3009,NPs5YWjwm8r,"Unassisted, 30-39Yrs, Male"
3010,zed1cGn7YjH,"Unassisted, 40-49Yrs, Female"
3011,VeitMTnaBQx,"Unassisted, 40-49Yrs, Male"
3012,RtR4AeMuSca,"Unassisted, 5-9Yrs, Female"
3013,EHJ3vkcN0bj,"Unassisted, 5-9Yrs, Male"
3014,gHQuqpQ6AHN,"Unassisted, 50+Yrs, Female"
3015,r81b2ULirvb,"Unassisted, 50+Yrs, Male"
3016,D2X8dTcWE09,"Under 6 months, Female"
3017,C1I0NIMPDQZ,"Under 6 months, Male"
3018,SUCYKqhN0Jk,Unit
3019,OQqDSxu9u4q,"Unknown, Cured, Female"
3020,Vq8L2g4Vu2r,"Unknown, Cured, Male"
3021,VEemaXgoq8D,"Unknown, Died, Female"
3022,Uxb1j978tIn,"Unknown, Died, Male"
3023,TRY1j3PxKOv,"Unknown, Female"
3024,TNRKHagCTDM,"Unknown, LTFP, Female"
3025,y2cGCuNmtIW,"Unknown, LTFP, Male"
3026,rfGs38z2LJ8,"Unknown, Male"
3027,yztSnlfj0d0,"Unknown, Tx Completed, Female"
3028,AONj70qG5ln,"Unknown, Tx Completed, Male"
3029,fkIiyAnRNFh,"Unknown, Tx Failed, Female"
3030,MulQWlYbnj8,"Unknown, Tx Failed, Male"
3031,S5jKvo4zK92,Urine
3032,lE1dfuSi7wH,VibrioCholerae
3033,LncgC06sQdO,"VibrioCholerae, Intermediate"
3034,ameRGjO5AW3,"VibrioCholerae, Reactive"
3035,LQQ8pGWtkiH,"VibrioCholerae, Sensitive"
3036,UKsCZ3Nsf5C,"Wastage, 12-59Mths"
3037,QZxZesPBttp,"Wastage, 3 - <12Mths"
3038,dfTmuGJl7Ie,"Wastage, 5-10 Yrs"
3039,s0hIIKrFavG,"Wastage, 5-10 Yrs"
3040,zIogUIZ3vka,Wholeblood
3041,CIJDVuBKosw,"Wholeblood, 0-4Yrs, Female"
3042,Ke8nGbWkxw3,"Wholeblood, 0-4Yrs, Female"
3043,AMVqgoUwOuM,"Wholeblood, 0-4Yrs, Male"
3044,H70ZAB6lFN0,"Wholeblood, 0-4Yrs, Male"
3045,mgiDUhXQN21,"Wholeblood, 15+Yrs, Female"
3046,xwpiWZ1UCoi,"Wholeblood, 15+Yrs, Male"
3047,KQhpICg4pDD,"Wholeblood, 5+Yrs, Female"
3048,YDcKEg7NPUj,"Wholeblood, 5+Yrs, Male"
3049,UAjJtbMXtRL,"Wholeblood, 5-14Yrs, Female"
3050,W4hR0D6ch9j,"Wholeblood, 5-14Yrs, Male"
3051,HllvX50cXC0,default
3052,AW4Ucr9cP3D,eMTCT
3053,W9zF0q3sowe,"mSTR, 0-14Yrs"
3054,WhzxU5iEhOV,"mSTR, 0-14Yrs"
3055,G5Mc1qOG1CI,"mSTR, 15+Yrs"
3056,XA9Jxm0ZLhX,"mSTR, 15+Yrs"
3057,XHTA8W1GMDx,others
3058,Ac7sRwrAia6,"others, Intermediate"
3059,gKitHl8ew3R,"others, Reactive"
3060,l6wDtNtWMD6,"others, Sensitive"
