"id","dataset_id","dataset_code","dataset_name","dataelement_id","dataelement_code","dataelement_name","created_at","section_id"
1,EBqVAQRmiPm,HMIS108,HMIS 108 - IPD Monthly Report,E8rU6SWAcIB,"108-MC01","108-MC01. Reproductive system",2025-08-20 10:39:54.296,
2,EBqVAQRmiPm,HMIS108,HMIS 108 - IPD Monthly Report,FwNJD2RlyfX,"108-PR078","108-PR078. Breast reconstruction",2025-08-20 10:39:54.395,
3,EBqVAQRmiPm,HMIS108,HMIS 108 - IPD Monthly Report,Oi25Tc9WDiL,"108-TS03","108-TS03. Nasal surgery",2025-08-20 10:39:54.397,
4,EBqVAQRmiPm,HMIS108,HMIS 108 - IPD Monthly Report,vf0VgcuRSym,"108-CA11","108-CA11. Burkitt Lymphoma - Cases",2025-08-20 10:39:54.397,
5,EBqVAQRmiPm,HMIS108,HMIS 108 - IPD Monthly Report,RXPwgce8vco,"108-CA02A","108-CA02a. Prostate Cancer  - Cases",2025-08-20 10:39:54.397,
6,EBqVAQRmiPm,HMIS108,HMIS 108 - IPD Monthly Report,Uf7APQIbOzl,"108-RT06","108-RT06. Sickle cell Disease",2025-08-20 10:39:54.398,
7,EBqVAQRmiPm,HMIS108,HMIS 108 - IPD Monthly Report,DHoJw575WLD,"108-MC01A","108-MC01a. Abortions due to Gender Based Violence (GBV)  - Cases",2025-08-20 10:39:54.398,
8,EBqVAQRmiPm,HMIS108,HMIS 108 - IPD Monthly Report,oQiuuiJwmYQ,"108-CA16B","108-CA16. Oral Cancers- Deaths",2025-08-20 10:39:54.398,
9,EBqVAQRmiPm,HMIS108,HMIS 108 - IPD Monthly Report,TTQUftZqrM9,"108-EC09A","108-EC09a. Other eye conditions  - Cases",2025-08-20 10:39:54.399,
10,EBqVAQRmiPm,HMIS108,HMIS 108 - IPD Monthly Report,RGyFGigYArb,"108-MH18","108-MH18. Intellectual disability",2025-08-20 10:39:54.399,
11,EBqVAQRmiPm,HMIS108,HMIS 108 - IPD Monthly Report,F0d8x2uFFGy,"108-SP04_2019","108-SP04_2019. Laparotomy",2025-08-20 10:39:54.399,
12,EBqVAQRmiPm,HMIS108,HMIS 108 - IPD Monthly Report,Y1biSYPLuHl,"108-MC04A","108-MC04a. High blood pressure in pregnancy  - Cases",2025-08-20 10:39:54.400,
13,EBqVAQRmiPm,HMIS108,HMIS 108 - IPD Monthly Report,CJae9c7sI7f,"108-GD12A","108-GD12a. Aplastic Anaemia  - Cases",2025-08-20 10:39:54.400,
14,EBqVAQRmiPm,HMIS108,HMIS 108 - IPD Monthly Report,JeALw6paf8K,"108-OC07","108-OC07. Pterygium excision",2025-08-20 10:39:54.401,
15,EBqVAQRmiPm,HMIS108,HMIS 108 - IPD Monthly Report,DMw36RjdbFF,"108-RT03","108-RT03. Gynaecology",2025-08-20 10:39:54.401,
16,EBqVAQRmiPm,HMIS108,HMIS 108 - IPD Monthly Report,yv29ldwWIHE,"108-NS08_2019","108-NS08_2019. Elevation of depressed skull fracture",2025-08-20 10:39:54.401,
17,EBqVAQRmiPm,HMIS108,HMIS 108 - IPD Monthly Report,nXox7WQx9TE,"108-HF08A","108-HF08a. Presumptive MDR TB Cases  - Cases",2025-08-20 10:39:54.402,
18,EBqVAQRmiPm,HMIS108,HMIS 108 - IPD Monthly Report,YXiRy13J8ss,"108-FG02","108-FG02. Barium meal",2025-08-20 10:39:54.402,
19,EBqVAQRmiPm,HMIS108,HMIS 108 - IPD Monthly Report,wPibKro0oHZ,"108-GD04A","108-GD04a. Gastro-esophageal reflux disease (GERD)  - Cases",2025-08-20 10:39:54.402,
20,EBqVAQRmiPm,HMIS108,HMIS 108 - IPD Monthly Report,wrZHKuHvODn,"108-MC12A","108-MC12a. Other Complications of pregnancy  - Cases",2025-08-20 10:39:54.402,
21,EBqVAQRmiPm,HMIS108,HMIS 108 - IPD Monthly Report,FJdpnF1uLL3,"108-PT03","108-PT03. Mental",2025-08-20 10:39:54.403,
22,EBqVAQRmiPm,HMIS108,HMIS 108 - IPD Monthly Report,nfrl00O8GUa,"108-FG03","108-FG03. Barium follow-through",2025-08-20 10:39:54.403,
23,EBqVAQRmiPm,HMIS108,HMIS 108 - IPD Monthly Report,nwAiQ0eKbWk,"108-UR04","108-UR04. Testicular Surgery (Orchidopexy, ochidectomy,BSO)",2025-08-20 10:39:54.403,
24,EBqVAQRmiPm,HMIS108,HMIS 108 - IPD Monthly Report,yla08nBdBKT,"108-CA12B","108-CA12a. Other forms of lymphomas - Deaths",2025-08-20 10:39:54.403,
25,EBqVAQRmiPm,HMIS108,HMIS 108 - IPD Monthly Report,vlAE4TnSEC4,"108-CA19b","108-CA19b. Ovarian cancer  - Deaths",2025-08-20 10:39:54.404,
26,EBqVAQRmiPm,HMIS108,HMIS 108 - IPD Monthly Report,raA4iDPPWbn,"108-GI11_2019","108-GI11_2019. Herniorrhaphy",2025-08-20 10:39:54.404,
27,EBqVAQRmiPm,HMIS108,HMIS 108 - IPD Monthly Report,YLvsUOL8WEs,"108-MG01A","108-MG01a. Bacterial Meningitis  - Cases",2025-08-20 10:39:54.404,
28,EBqVAQRmiPm,HMIS108,HMIS 108 - IPD Monthly Report,ZDOXr72PIRo,"108-EN03A","108-EN03a. Other ENT conditions  - Cases",2025-08-20 10:39:54.404,
29,EBqVAQRmiPm,HMIS108,HMIS 108 - IPD Monthly Report,CS2ZHUFBbfS,"108-NT08A","108-NT08a. Skin NTDs and other skin diseases - Cases",2025-08-20 10:39:54.404,
30,EBqVAQRmiPm,HMIS108,HMIS 108 - IPD Monthly Report,b7XWAQx1lJi,"108-HS03","108-HS03. Pancreatic surgery",2025-08-20 10:39:54.405,
31,EBqVAQRmiPm,HMIS108,HMIS 108 - IPD Monthly Report,oetCmJsi1kn,"108-RA04","108-RA04. Spine",2025-08-20 10:39:54.405,
32,EBqVAQRmiPm,HMIS108,HMIS 108 - IPD Monthly Report,pzJFoINfkef,"108-IN02A","108-IN02a. Jaw injuries  - Cases",2025-08-20 10:39:54.405,
33,EBqVAQRmiPm,HMIS108,HMIS 108 - IPD Monthly Report,v0mwWVHLsE0,"108-OR06_2019","108-OR06_2019. Bone reconstruction",2025-08-20 10:39:54.405,
34,EBqVAQRmiPm,HMIS108,HMIS 108 - IPD Monthly Report,f9N0OUZiPqv,"108-ND05B2","108-ND05b2. Neonatal Sepsis(<2.5kgs) - Deaths",2025-08-20 10:39:54.405,
35,EBqVAQRmiPm,HMIS108,HMIS 108 - IPD Monthly Report,xRoQvrhFzQk,"108-NT07A","108-NT07a. Nodding Syndrome  - Cases",2025-08-20 10:39:54.405,
36,EBqVAQRmiPm,HMIS108,HMIS 108 - IPD Monthly Report,qkHXPPOeGEK,"108-ME05B","108-ME05b. Acute renal failure  - Deaths",2025-08-20 10:39:54.405,
37,EBqVAQRmiPm,HMIS108,HMIS 108 - IPD Monthly Report,dMjMeJhBwLY,"108-EC01B","108-EC01b. Ophthalmic Neonatorum  - Deaths",2025-08-20 10:39:54.406,
38,EBqVAQRmiPm,HMIS108,HMIS 108 - IPD Monthly Report,lf7Mt2NefM4,"108-TB03","108-TB03. No. of presumptive TB cases diagnosed with TB",2025-08-20 10:39:54.406,
39,EBqVAQRmiPm,HMIS108,HMIS 108 - IPD Monthly Report,MkpBT2vT5Ea,"108-SP03","108-SP03. Evacuations (incomplete abortion)",2025-08-20 10:39:54.406,
40,EBqVAQRmiPm,HMIS108,HMIS 108 - IPD Monthly Report,gyIxURfKEia,"108-CA04B","108-CA04b. Lung Cancer - Deaths",2025-08-20 10:39:54.406,
41,EBqVAQRmiPm,HMIS108,HMIS 108 - IPD Monthly Report,OVXwex3hHG6,"108-IN01a1","108-IN01a1. Motor Vehicle  - Cases",2025-08-20 10:39:54.406,
42,EBqVAQRmiPm,HMIS108,HMIS 108 - IPD Monthly Report,RNoPse2lznb,"108-RD03B","108-RD03b. Chronic Kidney Diseases  - Deaths",2025-08-20 10:39:54.406,
43,EBqVAQRmiPm,HMIS108,HMIS 108 - IPD Monthly Report,S1mwgZM4Me0,"108-AC04","108-AC04. Burns",2025-08-20 10:39:54.407,
44,EBqVAQRmiPm,HMIS108,HMIS 108 - IPD Monthly Report,PIySVhx6DJS,"108-FG06","108-FG06. The 'instant' enema",2025-08-20 10:39:54.407,
45,EBqVAQRmiPm,HMIS108,HMIS 108 - IPD Monthly Report,i3xjciE89Uv,"108-NA01e","108-NA01e. No. of SAM Clients in ITC this month - Transfer in ITC",2025-08-20 10:39:54.407,
46,EBqVAQRmiPm,HMIS108,HMIS 108 - IPD Monthly Report,yPGlU5Xqjm2,"108-MC08B","108-MC08b. Obstetric Fistula  - Deaths",2025-08-20 10:39:54.407,
47,EBqVAQRmiPm,HMIS108,HMIS 108 - IPD Monthly Report,d0SAmcQD81f,"108-RM05A","108-RM05a. Systemic Lupus Erythematous  - Cases",2025-08-20 10:39:54.407,
48,EBqVAQRmiPm,HMIS108,HMIS 108 - IPD Monthly Report,nzgeBjLfGwa,"108-RR01","108-RR01. Referral for AP",2025-08-20 10:39:54.407,
49,EBqVAQRmiPm,HMIS108,HMIS 108 - IPD Monthly Report,JGDjxV9eOZf,"108-OR09_2019","108-OR09_2019. Arthrodesis",2025-08-20 10:39:54.407,
50,EBqVAQRmiPm,HMIS108,HMIS 108 - IPD Monthly Report,vnvuNpQaQwF,"108-OC05","108-OC05. Surgery for penetrating eye injury",2025-08-20 10:39:54.408,
51,EBqVAQRmiPm,HMIS108,HMIS 108 - IPD Monthly Report,UWT7ufBkREK,"108-BS01","108-BS01. Mastectomy",2025-08-20 10:39:54.408,
52,EBqVAQRmiPm,HMIS108,HMIS 108 - IPD Monthly Report,JxpT8qlPqNy,"108-EM02A","108-EM02a. Thyroid disease  - Cases",2025-08-20 10:39:54.408,
53,EBqVAQRmiPm,HMIS108,HMIS 108 - IPD Monthly Report,K2yMiF2plkp,"108-UR06_2019","108-UR06_2019. Pyeloplasty",2025-08-20 10:39:54.408,
54,EBqVAQRmiPm,HMIS108,HMIS 108 - IPD Monthly Report,VESSRu8hSXB,"108-NT06A","108-NT06a. Onchocerciasis  - Cases",2025-08-20 10:39:54.408,
55,EBqVAQRmiPm,HMIS108,HMIS 108 - IPD Monthly Report,gN39aS9aNKr,"108-AP07","108-AP07. Other assistive products",2025-08-20 10:39:54.409,
56,EBqVAQRmiPm,HMIS108,HMIS 108 - IPD Monthly Report,lu1d5wM8yur,"108-CV08b","108-CV08b. Congenital Heart Diseases  - Deaths",2025-08-20 10:39:54.409,
57,EBqVAQRmiPm,HMIS108,HMIS 108 - IPD Monthly Report,TdK95Z8L8Us,"108-ND06B1","108-ND06b1. Neonatal Pneumonia(<2.5kgs)- Cases",2025-08-20 10:39:54.409,
2535,quMWqLxzcfO,HMIS1055,HMIS 105:10 - OPD Monthly Report (Lab),QGgeoySty6L,"105-PP02","105-PP02 Lipase - Done",2025-08-20 11:21:49.500,"10.2"
60,EBqVAQRmiPm,HMIS108,HMIS 108 - IPD Monthly Report,GttK7iH5a5I,"108-CV07a","108-CV07a. Dilated Cardiomyopathy  - Cases",2025-08-20 10:39:54.410,
61,EBqVAQRmiPm,HMIS108,HMIS 108 - IPD Monthly Report,G6Up7f2m8IZ,"108-HP03B_2019","108-HP03b_2019. Hepatocellular Carcinoma related to HBV  - Deaths",2025-08-20 10:39:54.410,
62,EBqVAQRmiPm,HMIS108,HMIS 108 - IPD Monthly Report,VUYrPLMhMBA,"108-ME06b2","108-ME06b2. Acute sepsis Given Oxygen  - Deaths",2025-08-20 10:39:54.410,
63,EBqVAQRmiPm,HMIS108,HMIS 108 - IPD Monthly Report,UdrpMpo5qVf,"108-MC11B","108-MC11b. No of women repaired for fistula who receive a modern contraceptive method (Death)",2025-08-20 10:39:54.410,
64,EBqVAQRmiPm,HMIS108,HMIS 108 - IPD Monthly Report,QaduuMiuCqZ,"108-UR01","108-UR01.Prostatectomy",2025-08-20 10:39:54.411,
65,EBqVAQRmiPm,HMIS108,HMIS 108 - IPD Monthly Report,HofyztyLzvS,"108-MC07B","108-MC07b. Sepsis related to pregnancy  - Deaths",2025-08-20 10:39:54.411,
66,EBqVAQRmiPm,HMIS108,HMIS 108 - IPD Monthly Report,ZWpqIceJFh3,"108-RM09B","108-RM09b. Others (please specify)  - Deaths",2025-08-20 10:39:54.411,
67,EBqVAQRmiPm,HMIS108,HMIS 108 - IPD Monthly Report,vf2p7mMsCFK,"108-MH30","108-MH30. Attempted Suicide/Self-harm",2025-08-20 10:39:54.411,
1488,ic1BSWhGOso,HMIS1052,"HMIS 105:02-03 - OPD Monthly Report (MCH, FP, EID, EPI & HEPB)",hMqyyIjGaNj,"105-AN24B","105-AN24b. Pregnant women given self-testing kits for their male partners - Test Returned NEG",2025-08-20 11:20:49.001,"2.1"
69,EBqVAQRmiPm,HMIS108,HMIS 108 - IPD Monthly Report,lcfyWmkZiSN,"108-NA02c","108-NA02c. No. of clients with SAM (with complications) admitted into treatment and discharged as - Died during treatment within this month",2025-08-20 10:39:54.411,
70,EBqVAQRmiPm,HMIS108,HMIS 108 - IPD Monthly Report,pYLaZhHmbUs,"108-HF07B","108-HF07b. Typhoid Fever  - Deaths",2025-08-20 10:39:54.412,
71,EBqVAQRmiPm,HMIS108,HMIS 108 - IPD Monthly Report,F5ZQ5kiFrIh,"108-EC01A","108-EC01a. Ophthalmic Neonatorum  - Cases",2025-08-20 10:39:54.412,
73,EBqVAQRmiPm,HMIS108,HMIS 108 - IPD Monthly Report,lR4euhSXE52,"108-MH04","108-MH04. Schizophrenia",2025-08-20 10:39:54.412,
74,EBqVAQRmiPm,HMIS108,HMIS 108 - IPD Monthly Report,CedUmoEkMFI,"108-CV03A","108-CV03a. Stroke/Cerebro Vascular Accident(CVA)  - Cases",2025-08-20 10:39:54.412,
75,EBqVAQRmiPm,HMIS108,HMIS 108 - IPD Monthly Report,YORxNe7szgK,"108-GD01B","108-GD01b. Abdominal Pain  - Deaths",2025-08-20 10:39:54.412,
76,EBqVAQRmiPm,HMIS108,HMIS 108 - IPD Monthly Report,Z8k0WNMNXAN,"108-GI06_2019","108-GI06_2019. Liver transplant",2025-08-20 10:39:54.412,
77,EBqVAQRmiPm,HMIS108,HMIS 108 - IPD Monthly Report,bshHls66K2a,"108-OR07","108-OR07. Other trauma & orthopaedic surgery",2025-08-20 10:39:54.413,
78,EBqVAQRmiPm,HMIS108,HMIS 108 - IPD Monthly Report,RCC7NoyX5zS,"108-NT01B","108-NT01b. Leishmaniasis  - Deaths",2025-08-20 10:39:54.413,
79,EBqVAQRmiPm,HMIS108,HMIS 108 - IPD Monthly Report,rYSxm54kq7k,"108-OR08_2019","108-OR08_2019. Corrective osteotomies",2025-08-20 10:39:54.414,
81,EBqVAQRmiPm,HMIS108,HMIS 108 - IPD Monthly Report,dBxPu3tbQso,"108-CA05A","108-CA05a. Liver Cancer - Cases",2025-08-20 10:39:54.414,
82,EBqVAQRmiPm,HMIS108,HMIS 108 - IPD Monthly Report,WFhe7rxwqWE,"108-ND09A2","108-ND09a2. Congenital anomalies (Club foot) (Total) - Deaths",2025-08-20 10:39:54.414,
83,EBqVAQRmiPm,HMIS108,HMIS 108 - IPD Monthly Report,Y0A7mwUh5mH,"108-HF05B","108-HF05b. Severe Acute Respiratory Infection (SARI)  - Deaths",2025-08-20 10:39:54.414,
84,EBqVAQRmiPm,HMIS108,HMIS 108 - IPD Monthly Report,VQ6E8ZmnNxp,"108-HS01","108-HS01. Cholecystectomy",2025-08-20 10:39:54.414,
85,EBqVAQRmiPm,HMIS108,HMIS 108 - IPD Monthly Report,RArmWwpOZKC,"108-UL06","108-UL06. Cranial",2025-08-20 10:39:54.415,
86,EBqVAQRmiPm,HMIS108,HMIS 108 - IPD Monthly Report,tn8XK61Cswx,"108-GD07A","108-GD07a. Irritable Bowel Syndrome  - Cases",2025-08-20 10:39:54.415,
87,EBqVAQRmiPm,HMIS108,HMIS 108 - IPD Monthly Report,r1LR0la7yPq,"108-ND05B1","108-ND05b1. Neonatal Sepsis(<2.5kgs) - Cases",2025-08-20 10:39:54.415,
88,EBqVAQRmiPm,HMIS108,HMIS 108 - IPD Monthly Report,NOT5Yw9h7CE,"108-OC08","108-OC08. Other ocular surgery",2025-08-20 10:39:54.415,
89,EBqVAQRmiPm,HMIS108,HMIS 108 - IPD Monthly Report,WSTD4fbEcn7,"108-HP04B_2019","108-HP04b_2019. Hepatocellular Carcinoma related to HCV  - Deaths",2025-08-20 10:39:54.415,
90,EBqVAQRmiPm,HMIS108,HMIS 108 - IPD Monthly Report,WBzy5Tcl3gQ,"108-MC02","108-MC02. Hysterosalpingography",2025-08-20 10:39:54.415,
91,EBqVAQRmiPm,HMIS108,HMIS 108 - IPD Monthly Report,xdvasVfPi7m,"108-ME05A","108-ME05a. Acute renal failure  - Cases",2025-08-20 10:39:54.415,
92,EBqVAQRmiPm,HMIS108,HMIS 108 - IPD Monthly Report,zI85IhMWKgY,"108-MC10B","108-MC10b. No. of fistulas closed and dry at discharge  - Deaths",2025-08-20 10:39:54.416,
93,EBqVAQRmiPm,HMIS108,HMIS 108 - IPD Monthly Report,RSojLgY4g9M,"108-UR11","108-UR11. Torsion",2025-08-20 10:39:54.416,
95,EBqVAQRmiPm,HMIS108,HMIS 108 - IPD Monthly Report,zwqtwM9v4kq,"108-EN01B","108-EN01b. Otitis media  - Deaths",2025-08-20 10:39:54.416,
96,EBqVAQRmiPm,HMIS108,HMIS 108 - IPD Monthly Report,rKyyB0dqSWO,"108-MG04B","108-MG04b. Other types of meningitis  - Deaths",2025-08-20 10:39:54.416,
97,EBqVAQRmiPm,HMIS108,HMIS 108 - IPD Monthly Report,gWt2iWnZS3d,"108-AC05","108-AC05. Stroke",2025-08-20 10:39:54.416,
98,EBqVAQRmiPm,HMIS108,HMIS 108 - IPD Monthly Report,Ai45siHVs0U,"108-GN04","108-GN04. Myomectomy",2025-08-20 10:39:54.417,
99,EBqVAQRmiPm,HMIS108,HMIS 108 - IPD Monthly Report,hIzgkgQvyVR,"108-IM04","108-IM04. MRI guided",2025-08-20 10:39:54.417,
100,EBqVAQRmiPm,HMIS108,HMIS 108 - IPD Monthly Report,bJ59qfdAfAT,"108-RS03","108-RS03. Mental",2025-08-20 10:39:54.417,
101,EBqVAQRmiPm,HMIS108,HMIS 108 - IPD Monthly Report,IwouoE2x0dR,"108-CA14B_2019","108-CA14b_2019. Hepatocellular carcinoma  - Deaths",2025-08-20 10:39:54.417,
102,EBqVAQRmiPm,HMIS108,HMIS 108 - IPD Monthly Report,VHJ7HaWtwry,"108-NA01A1_2019","108-NA01a1_2019. Total number of SAM admissions in ITC",2025-08-20 10:39:54.417,
103,EBqVAQRmiPm,HMIS108,HMIS 108 - IPD Monthly Report,KWrxprIvsEJ,"108-NR07B","108-NR07b. Spinal Cord disorders  - Deaths",2025-08-20 10:39:54.417,
104,EBqVAQRmiPm,HMIS108,HMIS 108 - IPD Monthly Report,iXbejagWQ8S,"108-TS07","108-TS07. FB esophagus",2025-08-20 10:39:54.418,
59,EBqVAQRmiPm,HMIS108,HMIS 108 - IPD Monthly Report,DqvsBvVRZ2w,"108-CD06A","108-CD06a. Pneumonia  - Cases",2025-08-20 10:39:54.410,"1.3.2"
72,EBqVAQRmiPm,HMIS108,HMIS 108 - IPD Monthly Report,j6u8ooZFP72,"108-CD10B","108-CD10b. Leprosy  - Deaths",2025-08-20 10:39:54.412,"1.3.2"
80,EBqVAQRmiPm,HMIS108,HMIS 108 - IPD Monthly Report,IbiK1GS74qv,"108-CD02A","108-CD02a. Diarrhea - Persistent  - Cases",2025-08-20 10:39:54.414,"1.3.2"
105,EBqVAQRmiPm,HMIS108,HMIS 108 - IPD Monthly Report,bFTyvNhFrju,"108-OD04A","108-OD04a. Other oral diseases and conditions  - Cases",2025-08-20 10:39:54.418,
106,EBqVAQRmiPm,HMIS108,HMIS 108 - IPD Monthly Report,YeCTIMF9blM,"108-NR04B","108-NR04b. Neuropathies  - Deaths",2025-08-20 10:39:54.418,
107,EBqVAQRmiPm,HMIS108,HMIS 108 - IPD Monthly Report,d9GWZJJ2r9T,"108-NS01","108-NS01. Brain surgery",2025-08-20 10:39:54.418,
108,EBqVAQRmiPm,HMIS108,HMIS 108 - IPD Monthly Report,p7I8eXtvCtH,"108-PS08","108-PS08. Other paediatric surgery",2025-08-20 10:39:54.418,
109,EBqVAQRmiPm,HMIS108,HMIS 108 - IPD Monthly Report,m6fyPxkyiJy,"108-MC07A","108-MC07a. Sepsis related to pregnancy  - Cases",2025-08-20 10:39:54.418,
110,EBqVAQRmiPm,HMIS108,HMIS 108 - IPD Monthly Report,AOihKRVlIC6,"108-ND12B","108-ND12b. Respiratory Support (CPAP)(<2.5kgs)",2025-08-20 10:39:54.418,
111,EBqVAQRmiPm,HMIS108,HMIS 108 - IPD Monthly Report,REXHANFrEJC,"108-LD09A","108-LD09a. Coetaneous ulcers  - Cases",2025-08-20 10:39:54.419,
112,EBqVAQRmiPm,HMIS108,HMIS 108 - IPD Monthly Report,bNiJfmcpKn9,"108-OM07","108-OM07. Tooth extraction",2025-08-20 10:39:54.419,
113,EBqVAQRmiPm,HMIS108,HMIS 108 - IPD Monthly Report,HNe1T5nv2nE,"108-HF06B1","108-HF06b1. Adverse Events Following Immunization (AEFI)- Serious  - Deaths",2025-08-20 10:39:54.419,
114,EBqVAQRmiPm,HMIS108,HMIS 108 - IPD Monthly Report,o5xK6qLqldi,"108-NA02A1_2019","108-NA02a1_2019. No. of SAM clients succesfully treated this month",2025-08-20 10:39:54.419,
115,EBqVAQRmiPm,HMIS108,HMIS 108 - IPD Monthly Report,UwnR5kr982Y,"108-CI02","108-CI02. No. of admissions",2025-08-20 10:39:54.420,
1489,ic1BSWhGOso,HMIS1052,"HMIS 105:02-03 - OPD Monthly Report (MCH, FP, EID, EPI & HEPB)",t6bnhabqp9j,"105-AN07C2","105-AN07c2. No. of pregnant women who were tested for blood grouping - Blood Group (B) -Rhesus B-",2025-08-20 11:20:49.001,"2.1"
117,EBqVAQRmiPm,HMIS108,HMIS 108 - IPD Monthly Report,ra4Ik6B8MvZ,"108-RS07","108-RS07. Sensory",2025-08-20 10:39:54.420,
118,EBqVAQRmiPm,HMIS108,HMIS 108 - IPD Monthly Report,dTSlsl0LHkf,"108-UL04","108-UL04. Small parts",2025-08-20 10:39:54.420,
119,EBqVAQRmiPm,HMIS108,HMIS 108 - IPD Monthly Report,dmos1rqHz1C,"108-LD06A","108-LD06a. Congenital malformations and chromosome abnormalities  - Cases",2025-08-20 10:39:54.421,
120,EBqVAQRmiPm,HMIS108,HMIS 108 - IPD Monthly Report,mFAPor45Fj8,"108-MH12","108-MH12. Other form of Dementia",2025-08-20 10:39:54.421,
121,EBqVAQRmiPm,HMIS108,HMIS 108 - IPD Monthly Report,q9T2flpGaLH,"108-CA22A","108-CA22a. Rhabdomyosarcoma Cancer- Cases",2025-08-20 10:39:54.421,
122,EBqVAQRmiPm,HMIS108,HMIS 108 - IPD Monthly Report,hdpNGld5BFj,"108-PT01","108-PT01. Cancers",2025-08-20 10:39:54.421,
123,EBqVAQRmiPm,HMIS108,HMIS 108 - IPD Monthly Report,ZMxLnNWHeiC,"108-TB02","108-TB02. No. of presumptive TB cases identified",2025-08-20 10:39:54.421,
124,EBqVAQRmiPm,HMIS108,HMIS 108 - IPD Monthly Report,PS1LPVl81S9,"108-IM01","108-IM01. Ultrasound guided",2025-08-20 10:39:54.422,
125,EBqVAQRmiPm,HMIS108,HMIS 108 - IPD Monthly Report,Ru9L7TnoKEN,"108-RT08","108-RT08. Other Coagulopathies",2025-08-20 10:39:54.422,
126,EBqVAQRmiPm,HMIS108,HMIS 108 - IPD Monthly Report,R2vTR8afAEo,"108-RD02B","108-RD02b. End stage renal diseases (for those who need dialysis)  - Deaths",2025-08-20 10:39:54.422,
127,EBqVAQRmiPm,HMIS108,HMIS 108 - IPD Monthly Report,v0hfRlfkriq,"108-UL07","108-UL07. Endocavitary ultrasound (transvaginal, transrectal, transesophageal )",2025-08-20 10:39:54.422,
128,EBqVAQRmiPm,HMIS108,HMIS 108 - IPD Monthly Report,dfaUCTHQIo8,"108-CI05","108-CI05. Average length of stay",2025-08-20 10:39:54.422,
129,EBqVAQRmiPm,HMIS108,HMIS 108 - IPD Monthly Report,IK7m3dy69hJ,"108-NS08","108-NS08. Other neurosurgery",2025-08-20 10:39:54.422,
130,EBqVAQRmiPm,HMIS108,HMIS 108 - IPD Monthly Report,ftI4unKDI8y,"108-FG08","108-FG08. Loopogram/ Colostogram",2025-08-20 10:39:54.423,
131,EBqVAQRmiPm,HMIS108,HMIS 108 - IPD Monthly Report,yzJGgK2gkKv,"108-CS04","108-CS04. Atrio/ventricular septal defect surgery",2025-08-20 10:39:54.423,
132,EBqVAQRmiPm,HMIS108,HMIS 108 - IPD Monthly Report,oQycIbBMAKX,"108-NA02C3_2019","108-NA02c3_2019. No. of female SAM clients who died during treatment this month",2025-08-20 10:39:54.423,
133,EBqVAQRmiPm,HMIS108,HMIS 108 - IPD Monthly Report,ydNC9VfOeGM,"108-CA05B","108-CA05b. Liver cancer  - Deaths",2025-08-20 10:39:54.423,
1490,ic1BSWhGOso,HMIS1052,"HMIS 105:02-03 - OPD Monthly Report (MCH, FP, EID, EPI & HEPB)",b2KqlfIjy95,"105-AN12A","105-AN12a. No. of pregnant women who received obstetric-ultra sound scan during any ANC visit in the reporting month",2025-08-20 11:20:49.001,"2.1"
135,EBqVAQRmiPm,HMIS108,HMIS 108 - IPD Monthly Report,EUVcNfbC4FP,"108-GD10B","108-GD10b. Colorectal and anal disorder  - Deaths",2025-08-20 10:39:54.424,
136,EBqVAQRmiPm,HMIS108,HMIS 108 - IPD Monthly Report,J7Paq3SJcaH,"108-EM01B","108-EM01b. Diabetis Mellitus - Deaths",2025-08-20 10:39:54.424,
137,EBqVAQRmiPm,HMIS108,HMIS 108 - IPD Monthly Report,tUrE7lLu5zM,"108-OT02","108-OT02. Incision and drainage of abscesses",2025-08-20 10:39:54.424,
138,EBqVAQRmiPm,HMIS108,HMIS 108 - IPD Monthly Report,N3ZBSDlbCOB,"108-CS03","108-CS03. Heart valve surgery",2025-08-20 10:39:54.424,
139,EBqVAQRmiPm,HMIS108,HMIS 108 - IPD Monthly Report,kXQsXcipryz,"108-ME02A","108-ME02a. Cardiac arrest  - Cases",2025-08-20 10:39:54.424,
140,EBqVAQRmiPm,HMIS108,HMIS 108 - IPD Monthly Report,qQqspI9Ussz,"108-RM08A","108-RM08a. Myalgia  - Cases",2025-08-20 10:39:54.424,
142,EBqVAQRmiPm,HMIS108,HMIS 108 - IPD Monthly Report,HWsIOGrZuee,"108-EM01B1_2019","108-EM01b1_2019. Diabetes mellitus (re-attendances)  - Cases",2025-08-20 10:39:54.425,
143,EBqVAQRmiPm,HMIS108,HMIS 108 - IPD Monthly Report,hyJ3JKX5ZWi,"108-AP04","108-AP04. Communication",2025-08-20 10:39:54.425,
145,EBqVAQRmiPm,HMIS108,HMIS 108 - IPD Monthly Report,MX5ze6e9iP2,"108-RA01","108-RA01. Plain radiography (X-ray)",2025-08-20 10:39:54.425,
146,EBqVAQRmiPm,HMIS108,HMIS 108 - IPD Monthly Report,HiwMSf39nhM,"108-CV01A2","108-CV01a2. Hypertension (newly diagnosed cases)  - Deaths",2025-08-20 10:39:54.425,
147,EBqVAQRmiPm,HMIS108,HMIS 108 - IPD Monthly Report,KqKwHbBJpIg,"108-CA26B","108-CA26b. Other Malignant Tumors- Deaths",2025-08-20 10:39:54.425,
148,EBqVAQRmiPm,HMIS108,HMIS 108 - IPD Monthly Report,OgsO6jkh0UF,"108-CS06","108-CS06. Feeding Gastrostomy",2025-08-20 10:39:54.426,
149,EBqVAQRmiPm,HMIS108,HMIS 108 - IPD Monthly Report,Q5kxZic9BMc,"108-IN01a2","108-IN01a2. Motor Vehicle  - Deaths",2025-08-20 10:39:54.426,
150,EBqVAQRmiPm,HMIS108,HMIS 108 - IPD Monthly Report,S6jrXc8Q7WS,"108-NC02B","108-NC02b. Sickle cell disease  - Deaths",2025-08-20 10:39:54.426,
151,EBqVAQRmiPm,HMIS108,HMIS 108 - IPD Monthly Report,SBCcx0wiuUd,"108-LD08B","108-LD08b. Benign neoplasm-s (all types)  - Deaths",2025-08-20 10:39:54.426,
152,EBqVAQRmiPm,HMIS108,HMIS 108 - IPD Monthly Report,nu4DRHqmkeW,"108-OC03","108-OC03. Orbital Surgery",2025-08-20 10:39:54.426,
153,EBqVAQRmiPm,HMIS108,HMIS 108 - IPD Monthly Report,u6CMTVPiK2Q,"108-EN02A","108-EN02a. Hearing loss  - Cases",2025-08-20 10:39:54.426,
154,EBqVAQRmiPm,HMIS108,HMIS 108 - IPD Monthly Report,O55NodLFpjw,"108-RD02A","108-RD02a. End stage renal diseases (for those who need dialysis)  - Cases",2025-08-20 10:39:54.427,
155,EBqVAQRmiPm,HMIS108,HMIS 108 - IPD Monthly Report,wHXG0JXic4s,"108-NA01B2_2019","108-NA01b2_2019. No. of new male SAM admissions in ITC",2025-08-20 10:39:54.427,
156,EBqVAQRmiPm,HMIS108,HMIS 108 - IPD Monthly Report,RC3ha4jhvip,"108-OR12_2019","108-OR12_2019. Soft tissue releases",2025-08-20 10:39:54.427,
157,EBqVAQRmiPm,HMIS108,HMIS 108 - IPD Monthly Report,R9l3TcJpS5I,"108-CI01","108-CI01. No. of beds",2025-08-20 10:39:54.427,
158,EBqVAQRmiPm,HMIS108,HMIS 108 - IPD Monthly Report,kq26U1G27oZ,"108-RT05","108-RT05. Cancer cases",2025-08-20 10:39:54.427,
159,EBqVAQRmiPm,HMIS108,HMIS 108 - IPD Monthly Report,IRQHM1CBkp4,"108-CT03","108-CT03. Neck",2025-08-20 10:39:54.427,
160,EBqVAQRmiPm,HMIS108,HMIS 108 - IPD Monthly Report,LBi9QhO72gt,"108-OT05","108-OT05. Other surgical procedures not listed",2025-08-20 10:39:54.428,
161,EBqVAQRmiPm,HMIS108,HMIS 108 - IPD Monthly Report,hv8QKUsQhEf,"108-NA01D2_2019","108-NA01d2_2019. No. of male readmissions into ITC this month-defaulters",2025-08-20 10:39:54.428,
162,EBqVAQRmiPm,HMIS108,HMIS 108 - IPD Monthly Report,I0gnbdMZnJ8,"108-MA03","108-MA03. Galactography",2025-08-20 10:39:54.428,
163,EBqVAQRmiPm,HMIS108,HMIS 108 - IPD Monthly Report,l74Up3OSZaB,"108-MR04","108-MR04. Angiography",2025-08-20 10:39:54.428,
165,EBqVAQRmiPm,HMIS108,HMIS 108 - IPD Monthly Report,jMCeB9KiH4n,"108-IP01","108-IP01. Diagnostic",2025-08-20 10:39:54.429,
166,EBqVAQRmiPm,HMIS108,HMIS 108 - IPD Monthly Report,eauxMyf8nAy,"108-ND07A1","108-ND07a1. Other Neonatal conditions(Total) - Cases",2025-08-20 10:39:54.429,
167,EBqVAQRmiPm,HMIS108,HMIS 108 - IPD Monthly Report,Hmn8Kciu33M,"108-HP02A","108-HP02a. Liver failure related to HCV  - Cases",2025-08-20 10:39:54.429,
168,EBqVAQRmiPm,HMIS108,HMIS 108 - IPD Monthly Report,ucpSiMvW6WA,"108-GN03","108-GN03. Vaginal hysterectomy",2025-08-20 10:39:54.429,
169,EBqVAQRmiPm,HMIS108,HMIS 108 - IPD Monthly Report,InpXo2p84TL,"108-CS02","108-CS02. Coronary artery bypass graft",2025-08-20 10:39:54.430,
170,EBqVAQRmiPm,HMIS108,HMIS 108 - IPD Monthly Report,pvmgvMhsxun,"108-CA21A","108-CA21a. Kidney Cancer  - Cases",2025-08-20 10:39:54.430,
171,EBqVAQRmiPm,HMIS108,HMIS 108 - IPD Monthly Report,ryrsW2Ll2iy,"108-GD10A","108-GD10a. Colorectal and anal disorder  - Cases",2025-08-20 10:39:54.430,
172,EBqVAQRmiPm,HMIS108,HMIS 108 - IPD Monthly Report,eNWIPTl3hUo,"108-CA26A","108-CA26a. Other Malignant Tumors- Cases",2025-08-20 10:39:54.430,
173,EBqVAQRmiPm,HMIS108,HMIS 108 - IPD Monthly Report,kQJEKtlzV3y,"108-HP04B","108-HP04b. Faty liver disease - Deaths",2025-08-20 10:39:54.430,
174,EBqVAQRmiPm,HMIS108,HMIS 108 - IPD Monthly Report,q2icKHpCjtU,"108-ND08B1","108-ND08b1. Premature baby (as condition that requires Mgt)(<2.5kgs) - Cases",2025-08-20 10:39:54.430,
175,EBqVAQRmiPm,HMIS108,HMIS 108 - IPD Monthly Report,GGQKzkvbb9i,"108-NA02a","108-NA02a. No. of clients with SAM (with complications) admitted into treatment and discharged as - Successfully Treated this month",2025-08-20 10:39:54.431,
176,EBqVAQRmiPm,HMIS108,HMIS 108 - IPD Monthly Report,KC2IGeMOyQg,"108-OM10","108-OM10. Other benign Neck masses",2025-08-20 10:39:54.431,
177,EBqVAQRmiPm,HMIS108,HMIS 108 - IPD Monthly Report,A74OhwgALvY,"108-UT04","108-UT04. No. of adverse Blood reactions in the facility",2025-08-20 10:39:54.431,
178,EBqVAQRmiPm,HMIS108,HMIS 108 - IPD Monthly Report,ZMzULqYFejW,"108-HP02B","108-HP02b. Liver failure related to HCV  - Deaths",2025-08-20 10:39:54.431,
179,EBqVAQRmiPm,HMIS108,HMIS 108 - IPD Monthly Report,z367UL3IWCa,"108-CA04A","108-CA04a. Lung Cancer  - Cases",2025-08-20 10:39:54.431,
180,EBqVAQRmiPm,HMIS108,HMIS 108 - IPD Monthly Report,sMuHFQUWXu4,"108-ND03B_2019","108-ND03b_2019. Neonatal Pneumonia  - Deaths",2025-08-20 10:39:54.431,
181,EBqVAQRmiPm,HMIS108,HMIS 108 - IPD Monthly Report,EU0aQlGIPSJ,"108-OM08","108-OM08. Oral tumors",2025-08-20 10:39:54.432,
182,EBqVAQRmiPm,HMIS108,HMIS 108 - IPD Monthly Report,Q0k12OVrEG3,"108-NA01C2_2019","108-NA01c2_2019. No. of male readmissions into ITC this month-relapses",2025-08-20 10:39:54.432,
183,EBqVAQRmiPm,HMIS108,HMIS 108 - IPD Monthly Report,T6RBb1AxiY5,"108-ND08A1","108-ND08a1. Premature baby (as condition that requires Mgt)(Total) - Cases",2025-08-20 10:39:54.432,
184,EBqVAQRmiPm,HMIS108,HMIS 108 - IPD Monthly Report,k2V7ZVpazLK,"108-CS08","108-CS08. Other cardiothoracic surgery",2025-08-20 10:39:54.432,
185,EBqVAQRmiPm,HMIS108,HMIS 108 - IPD Monthly Report,R81HIkiYIjR,"108-MC12B","108-MC12b. Other Complications of pregnancy  - Deaths",2025-08-20 10:39:54.432,
186,EBqVAQRmiPm,HMIS108,HMIS 108 - IPD Monthly Report,fAz4wFqRUpJ,"108-CR01","108-CR01. Colectomy",2025-08-20 10:39:54.432,
187,EBqVAQRmiPm,HMIS108,HMIS 108 - IPD Monthly Report,YCsUpoXhmcV,"108-RT02","108-RT02. Obstetrics",2025-08-20 10:39:54.433,
188,EBqVAQRmiPm,HMIS108,HMIS 108 - IPD Monthly Report,rYpzr0sZpE0,"108-MG02B","108-MG02b. Viral Meningitis  - Deaths",2025-08-20 10:39:54.433,
189,EBqVAQRmiPm,HMIS108,HMIS 108 - IPD Monthly Report,l5o7Uxq3GkZ,"108-GD06B","108-GD06b. Acute Hepatitis  - Deaths",2025-08-20 10:39:54.433,
190,EBqVAQRmiPm,HMIS108,HMIS 108 - IPD Monthly Report,XDyaUqmBzdI,"108-OC01","108-OC01. Cataract Surgery",2025-08-20 10:39:54.433,
191,EBqVAQRmiPm,HMIS108,HMIS 108 - IPD Monthly Report,YdQWiv77sIU,"108-NR05A","108-NR05a. Parkinson-s disease  - Cases",2025-08-20 10:39:54.434,
192,EBqVAQRmiPm,HMIS108,HMIS 108 - IPD Monthly Report,XXlXlwddirw,"108-UR14_2019","108-UR14_2019. Varicocoelectomy",2025-08-20 10:39:54.434,
193,EBqVAQRmiPm,HMIS108,HMIS 108 - IPD Monthly Report,OaO8dGIIMVV,"108-OD03B","108-OD03b. Jaw injuries  - Deaths",2025-08-20 10:39:54.434,
194,EBqVAQRmiPm,HMIS108,HMIS 108 - IPD Monthly Report,lDqmErjSNwy,"108-ND01A","108-ND01a. Neonatal Admissions(Total)",2025-08-20 10:39:54.434,
195,EBqVAQRmiPm,HMIS108,HMIS 108 - IPD Monthly Report,RBf23BhwFTi,"108-EC08B","108-EC08b. Diabetic Retinopathy  - Deaths",2025-08-20 10:39:54.434,
196,EBqVAQRmiPm,HMIS108,HMIS 108 - IPD Monthly Report,XuFJz2c2NmL,"108-HP01B","108-HP01b. Liver cirrhosis related to HBV  - Deaths",2025-08-20 10:39:54.434,
197,EBqVAQRmiPm,HMIS108,HMIS 108 - IPD Monthly Report,NvCGcAtXiXK,"108-RS08","108-RS08. Other conditions",2025-08-20 10:39:54.435,
198,EBqVAQRmiPm,HMIS108,HMIS 108 - IPD Monthly Report,veP2evH8SsP,"108-OD05A","108-OD05a. HIV-Oral lesions  - Cases",2025-08-20 10:39:54.435,
199,EBqVAQRmiPm,HMIS108,HMIS 108 - IPD Monthly Report,bRhyUH8NBNb,"108-FG09","108-FG09. Others specify; Balloon dialatation of Oesophageal strictures, Intussusception reduction",2025-08-20 10:39:54.435,
200,EBqVAQRmiPm,HMIS108,HMIS 108 - IPD Monthly Report,KmmvneviOuk,"108-ME06a2","108-ME06a2. Acute sepsis Totals  - Deaths",2025-08-20 10:39:54.435,
201,EBqVAQRmiPm,HMIS108,HMIS 108 - IPD Monthly Report,DPdFnwVaO51,"108-TR04","108-TR04. Percutaneous nephrolithotomy",2025-08-20 10:39:54.435,
202,EBqVAQRmiPm,HMIS108,HMIS 108 - IPD Monthly Report,uOIcdqdg5JR,"108-HF09A","108-HF09a. Other Emerging infectious Diseases, specify  - Cases",2025-08-20 10:39:54.435,
203,EBqVAQRmiPm,HMIS108,HMIS 108 - IPD Monthly Report,NiTWwBINRfZ,"108-ND04B_2019","108-ND04b_2019. Neonatal Meningitis  - Deaths",2025-08-20 10:39:54.436,
204,EBqVAQRmiPm,HMIS108,HMIS 108 - IPD Monthly Report,OF4OPicUWsC,"108-NT06B","108-NT06b. Onchocerciasis  - Deaths",2025-08-20 10:39:54.436,
205,EBqVAQRmiPm,HMIS108,HMIS 108 - IPD Monthly Report,WITj8VzdeKr,"108-NA01B1_2019","108-NA01b1_2019. No. of new SAM admissions in ITC",2025-08-20 10:39:54.436,
206,EBqVAQRmiPm,HMIS108,HMIS 108 - IPD Monthly Report,ldj7UdolnHM,"108-HP03A","108-HP03a. Acute Hepatitis - Cases",2025-08-20 10:39:54.436,
207,EBqVAQRmiPm,HMIS108,HMIS 108 - IPD Monthly Report,hlAZIm0HvAZ,"108-MH27","108-MH27. Enuresis/Encopresis",2025-08-20 10:39:54.436,
208,EBqVAQRmiPm,HMIS108,HMIS 108 - IPD Monthly Report,m2IVzRQsBTg,"108-ND05A_2019","108-ND05a_2019. Neonatal Jaundice  - Cases",2025-08-20 10:39:54.436,
209,EBqVAQRmiPm,HMIS108,HMIS 108 - IPD Monthly Report,sXLkdJuHPUm,"108-MH11","108-MH11. Dementia due to Cerebral Vascular Disease (Diabetes, Hypertension)",2025-08-20 10:39:54.437,
210,EBqVAQRmiPm,HMIS108,HMIS 108 - IPD Monthly Report,AUaWEyiUsAo,"108-MC11A","108-MC11a. No of women repaired for fistula who receive a modern contraceptive method  - Cases",2025-08-20 10:39:54.437,
211,EBqVAQRmiPm,HMIS108,HMIS 108 - IPD Monthly Report,m6YllL0oIft,"108-MC10A","108-MC10a. No. of fistulas closed and dry at discharge  - Cases",2025-08-20 10:39:54.437,
212,EBqVAQRmiPm,HMIS108,HMIS 108 - IPD Monthly Report,gy9BLxScR4w,"108-GD05B","108-GD05b. Chronic Liver Disease  - Deaths",2025-08-20 10:39:54.437,
213,EBqVAQRmiPm,HMIS108,HMIS 108 - IPD Monthly Report,WbYLtP8uika,"108-NC01A","108-NC01a. Haematological Diseases  - Cases",2025-08-20 10:39:54.437,
214,EBqVAQRmiPm,HMIS108,HMIS 108 - IPD Monthly Report,pKZjR8CuA8j,"108-CV10a","108-CV10a. Other Cardiovascular Diseases  - Cases",2025-08-20 10:39:54.437,
215,EBqVAQRmiPm,HMIS108,HMIS 108 - IPD Monthly Report,FjtjjiIA4Oq,"108-NS05","108-NS05. Spina-bifida surgery",2025-08-20 10:39:54.437,
216,EBqVAQRmiPm,HMIS108,HMIS 108 - IPD Monthly Report,ENN55ASK3Kg,"108-ND02B2","108-ND02b2. Birth Asphyxia (HIE) (<2.5kgs)- Deaths",2025-08-20 10:39:54.438,
217,EBqVAQRmiPm,HMIS108,HMIS 108 - IPD Monthly Report,WLkbsi704oA,"108-NR01B","108-NR01b. Headache  - Deaths",2025-08-20 10:39:54.438,
218,EBqVAQRmiPm,HMIS108,HMIS 108 - IPD Monthly Report,SgTjL8hJ1uS,"108-TR05","108-TR05. Retrograde pyeloureterography",2025-08-20 10:39:54.438,
219,EBqVAQRmiPm,HMIS108,HMIS 108 - IPD Monthly Report,hGrhfoXO36K,"108-NT08B","108-NT08b. Skin NTDs and other skin diseases - Deaths",2025-08-20 10:39:54.438,
220,EBqVAQRmiPm,HMIS108,HMIS 108 - IPD Monthly Report,Z8rXH9xroHx,"108-CV06A","108-CV06a. Rheumatic Heart Diseases  - Cases",2025-08-20 10:39:54.438,
1491,ic1BSWhGOso,HMIS1052,"HMIS 105:02-03 - OPD Monthly Report (MCH, FP, EID, EPI & HEPB)",EyFiFBDoISI,"105-AN23D","105-AN23d. HIV+ pregnant women- Viral Load Suppressed during the month",2025-08-20 11:20:49.002,"2.1"
222,EBqVAQRmiPm,HMIS108,HMIS 108 - IPD Monthly Report,UMtBH5OMxDU,"108-UT03","108-UT03. No. of units transfused",2025-08-20 10:39:54.439,
223,EBqVAQRmiPm,HMIS108,HMIS 108 - IPD Monthly Report,kegZCzuDaEF,"108-CR04B","108-CR04b.Other chronic respiratery diseases - Deaths",2025-08-20 10:39:54.439,
1494,ic1BSWhGOso,HMIS1052,"HMIS 105:02-03 - OPD Monthly Report (MCH, FP, EID, EPI & HEPB)",xhaBw6Caqj0,"105-AN38b_2019","105-AN38b_2019. Male partners received HIV test results in eMTCT - HIV+ (TRR)",2025-08-20 11:20:49.003,"2.1"
225,EBqVAQRmiPm,HMIS108,HMIS 108 - IPD Monthly Report,xvg0a0cXTyR,"108-EM02B","108-EM02b. Thyroid disease  - Deaths",2025-08-20 10:39:54.439,
226,EBqVAQRmiPm,HMIS108,HMIS 108 - IPD Monthly Report,OAnxvnKsh1k,"108-NR06B","108-NR06b. Other movement disorders  - Deaths",2025-08-20 10:39:54.439,
227,EBqVAQRmiPm,HMIS108,HMIS 108 - IPD Monthly Report,WbT1IhqJmoV,"108-PS03_2019","108-PS03_2019. PSARP (Posterior Saggital Anorectoplasty)",2025-08-20 10:39:54.439,
228,EBqVAQRmiPm,HMIS108,HMIS 108 - IPD Monthly Report,EKucWpRdbRL,"108-TS12","108-TS12. Other ENT surgeries",2025-08-20 10:39:54.440,
229,EBqVAQRmiPm,HMIS108,HMIS 108 - IPD Monthly Report,wCHJqtGX4rE,"108-UL03","108-UL03. Gynecology",2025-08-20 10:39:54.440,
230,EBqVAQRmiPm,HMIS108,HMIS 108 - IPD Monthly Report,F0J4YKJGDDG,"108-IP02","108-IP02. Therapeutic",2025-08-20 10:39:54.440,
231,EBqVAQRmiPm,HMIS108,HMIS 108 - IPD Monthly Report,G82PelWjLJY,"108-NA01d","108-NA01d. No. of SAM Clients in ITC this month - Re-Admissions (Defaulters)",2025-08-20 10:39:54.440,
232,EBqVAQRmiPm,HMIS108,HMIS 108 - IPD Monthly Report,A9CZ0GJSpkN,"108-HS02","108-HS02. Liver surgery",2025-08-20 10:39:54.440,
233,EBqVAQRmiPm,HMIS108,HMIS 108 - IPD Monthly Report,fdONCNSJ7nn,"108-TB01","108-TB01. No. screened for TB in IPD",2025-08-20 10:39:54.440,
234,EBqVAQRmiPm,HMIS108,HMIS 108 - IPD Monthly Report,QvZxMe5I0xh,"108-FG05","108-FG05. Barium enema",2025-08-20 10:39:54.441,
235,EBqVAQRmiPm,HMIS108,HMIS 108 - IPD Monthly Report,CfD5IYqRbAe,"108-GD02B","108-GD02b. Intususception  - Deaths",2025-08-20 10:39:54.441,
236,EBqVAQRmiPm,HMIS108,HMIS 108 - IPD Monthly Report,zeSxSpquU0H,"108-RD01A","108-RD01a. Nephrotic syndrome  - Cases",2025-08-20 10:39:54.441,
237,EBqVAQRmiPm,HMIS108,HMIS 108 - IPD Monthly Report,gBI7w5S06zy,"108-OM01","108-OM01. Mandible surgery",2025-08-20 10:39:54.441,
238,EBqVAQRmiPm,HMIS108,HMIS 108 - IPD Monthly Report,cqRTzpFMkC1,"108-ME02B","108-ME02b. Cardiac arrest  - Deaths",2025-08-20 10:39:54.441,
239,EBqVAQRmiPm,HMIS108,HMIS 108 - IPD Monthly Report,NQ7dTz23aAa,"108-MC03B","108-MC03b. Malaria in pregnancy  - Deaths",2025-08-20 10:39:54.441,
240,EBqVAQRmiPm,HMIS108,HMIS 108 - IPD Monthly Report,m9C00kjbZ5Z,"108-SP05_2019","108-SP05_2019. Hysterectomy",2025-08-20 10:39:54.442,
241,EBqVAQRmiPm,HMIS108,HMIS 108 - IPD Monthly Report,uf4DV6krJZK,"108-ME01A","108-ME01a. Cerebro-vascular events  - Cases",2025-08-20 10:39:54.442,
242,EBqVAQRmiPm,HMIS108,HMIS 108 - IPD Monthly Report,uzGmiNswkny,"108-ND07B2","108-ND07b2. Other Neonatal conditions(<2.5kgs) - Deaths",2025-08-20 10:39:54.442,
244,EBqVAQRmiPm,HMIS108,HMIS 108 - IPD Monthly Report,GIfMCoupyd8,"108-OS06_2019","108-OS06_2019. Partial-glossectomy",2025-08-20 10:39:54.442,
245,EBqVAQRmiPm,HMIS108,HMIS 108 - IPD Monthly Report,jNmVc18NP3m,"108-PS02_2019","108-PS02_2019. Excision of Sacro-coccygeal teratome",2025-08-20 10:39:54.442,
246,EBqVAQRmiPm,HMIS108,HMIS 108 - IPD Monthly Report,r6EHRaatenm,"108-PR08","108-PR08. Other plastic surgery",2025-08-20 10:39:54.443,
247,EBqVAQRmiPm,HMIS108,HMIS 108 - IPD Monthly Report,GHVSykYKkPK,"108-CR03","108-CR03. Colostomy surgery",2025-08-20 10:39:54.443,
248,EBqVAQRmiPm,HMIS108,HMIS 108 - IPD Monthly Report,WEqd9m2dW77,"108-PS08_2019","108-PS08_2019. Tracheal-eosophageal fistula repair",2025-08-20 10:39:54.444,
249,EBqVAQRmiPm,HMIS108,HMIS 108 - IPD Monthly Report,ubHq9cyJZdJ,"108-UR12","108-UR12. Other urological surgery",2025-08-20 10:39:54.444,
250,EBqVAQRmiPm,HMIS108,HMIS 108 - IPD Monthly Report,DBoJ9PjborC,"108-RT09","108-RT09. Other surgeries",2025-08-20 10:39:54.444,
251,EBqVAQRmiPm,HMIS108,HMIS 108 - IPD Monthly Report,m9X2VA14WuA,"108-MG03A","108-MG03a. Cryptoccocal Meningitis  - Cases",2025-08-20 10:39:54.445,
252,EBqVAQRmiPm,HMIS108,HMIS 108 - IPD Monthly Report,VMu1fKA09Y4,"108-HF09B","108-HF09b. Other Emerging infectious Diseases, specify  - Deaths",2025-08-20 10:39:54.445,
253,EBqVAQRmiPm,HMIS108,HMIS 108 - IPD Monthly Report,FfxcPHmgIWS,"108-UL01","108-UL01. Abdomen and pelvis",2025-08-20 10:39:54.446,
254,EBqVAQRmiPm,HMIS108,HMIS 108 - IPD Monthly Report,VSBUiE9vbY7,"108-LD01B","108-LD01b. Hernias  - Deaths",2025-08-20 10:39:54.446,
255,EBqVAQRmiPm,HMIS108,HMIS 108 - IPD Monthly Report,yyeGISz359x,"108-MH09","108-MH09. HIV related dementia",2025-08-20 10:39:54.447,
256,EBqVAQRmiPm,HMIS108,HMIS 108 - IPD Monthly Report,MYc7jpW62KC,"108-GD13B","108-GD13b. Others(Specify)  - Deaths",2025-08-20 10:39:54.447,
257,EBqVAQRmiPm,HMIS108,HMIS 108 - IPD Monthly Report,JXDidYOcYLp,"108-RA07","108-RA07. Skull",2025-08-20 10:39:54.448,
309,EBqVAQRmiPm,HMIS108,HMIS 108 - IPD Monthly Report,le6WxMHZpu0,"108-UL05","108-UL05. Musculoskeletal",2025-08-20 10:39:54.459,
258,EBqVAQRmiPm,HMIS108,HMIS 108 - IPD Monthly Report,JqSAy127nkG,"108-LD05B","108-LD05b. Genital urinary system diseases (non- infective)  - Deaths",2025-08-20 10:39:54.448,
1506,ic1BSWhGOso,HMIS1052,"HMIS 105:02-03 - OPD Monthly Report (MCH, FP, EID, EPI & HEPB)",qiCmGJdXJ5v,"105-AN26b","105-AN26b HIV+ Male partners receiving ART - Newly Initiated",2025-08-20 11:20:49.006,"2.1"
261,EBqVAQRmiPm,HMIS108,HMIS 108 - IPD Monthly Report,FCWPOC69EMQ,"108-RS06","108-RS06. Respiratory",2025-08-20 10:39:54.449,
262,EBqVAQRmiPm,HMIS108,HMIS 108 - IPD Monthly Report,hhIhmeRkGnf,"108-ND04B1","108-ND04b1. Neonatal Meningitis(<2.5kgs) - Cases",2025-08-20 10:39:54.449,
263,EBqVAQRmiPm,HMIS108,HMIS 108 - IPD Monthly Report,DOEpDUlToUV,"108-MH25","108-MH25. Somatoform disorders",2025-08-20 10:39:54.450,
264,EBqVAQRmiPm,HMIS108,HMIS 108 - IPD Monthly Report,MjNB8pXAupb,"108-HP05A","108-HP05a. Chronic Liver Disease - Cases",2025-08-20 10:39:54.450,
265,EBqVAQRmiPm,HMIS108,HMIS 108 - IPD Monthly Report,HNE7RjyfJfK,"108-CV10b","108-CV10b. Other Cardiovascular Diseases  - Deaths",2025-08-20 10:39:54.450,
266,EBqVAQRmiPm,HMIS108,HMIS 108 - IPD Monthly Report,lR9X9RCGwNx,"108-GN02","108-GN02. Abdominal hysterectomy",2025-08-20 10:39:54.450,
267,EBqVAQRmiPm,HMIS108,HMIS 108 - IPD Monthly Report,U17bGhMaH9B,"108-CA01B2","108-CA01b2. Cervical cancer(known)  - Deaths",2025-08-20 10:39:54.451,
268,EBqVAQRmiPm,HMIS108,HMIS 108 - IPD Monthly Report,oYHon2ApTD6,"108-TX04A","108-TX04a. Snake poison  - Cases",2025-08-20 10:39:54.451,
269,EBqVAQRmiPm,HMIS108,HMIS 108 - IPD Monthly Report,sa9HWAcLlkt,"108-TX02A","108-TX02a. Drug overdose  - Cases",2025-08-20 10:39:54.451,
270,EBqVAQRmiPm,HMIS108,HMIS 108 - IPD Monthly Report,rHp5CUB5WLX,"108-OC04","108-OC04. Opthalmic laser Interventions",2025-08-20 10:39:54.451,
271,EBqVAQRmiPm,HMIS108,HMIS 108 - IPD Monthly Report,uzNV6toZeFj,"108-RM07A","108-RM07a. Monoarthritis unspecified  - Cases",2025-08-20 10:39:54.451,
272,EBqVAQRmiPm,HMIS108,HMIS 108 - IPD Monthly Report,JmrZPitsaj1,"108-OC06","108-OC06. Trachoma Surgery",2025-08-20 10:39:54.451,
273,EBqVAQRmiPm,HMIS108,HMIS 108 - IPD Monthly Report,KT8EudDsMoZ,"108-PT05","108-PT05. Neurological",2025-08-20 10:39:54.452,
274,EBqVAQRmiPm,HMIS108,HMIS 108 - IPD Monthly Report,p0lBB9fMKcg,"108-TX05B","108-TX05b. Poison of unknown etiology  - Deaths",2025-08-20 10:39:54.452,
275,EBqVAQRmiPm,HMIS108,HMIS 108 - IPD Monthly Report,ZqjrJKp0kdu,"108-OT03","108-OT03. Circumcision",2025-08-20 10:39:54.452,
276,EBqVAQRmiPm,HMIS108,HMIS 108 - IPD Monthly Report,Aq8XNtKppCj,"108-CA25A","108-CA25a. Other Benign Tumors- Cases",2025-08-20 10:39:54.452,
277,EBqVAQRmiPm,HMIS108,HMIS 108 - IPD Monthly Report,qUdDZTe4q21,"108-RF02","108-RF02. No of Inpatients referred to the health unit",2025-08-20 10:39:54.452,
278,EBqVAQRmiPm,HMIS108,HMIS 108 - IPD Monthly Report,m9EIlnDCSTB,"108-NC07B","108-NC07b. Pain Requiring Palliative Care  - Deaths",2025-08-20 10:39:54.452,
279,EBqVAQRmiPm,HMIS108,HMIS 108 - IPD Monthly Report,jVhHcxK4Ezl,"108-GD12B","108-GD12b. Aplastic Anaemia  - Deaths",2025-08-20 10:39:54.453,
280,EBqVAQRmiPm,HMIS108,HMIS 108 - IPD Monthly Report,mGKDIxfiFrw,"108-TX04B","108-TX04b. Snake poison  - Deaths",2025-08-20 10:39:54.453,
281,EBqVAQRmiPm,HMIS108,HMIS 108 - IPD Monthly Report,gTZfFXg8ChV,"108-CA11. Burkitt Lymphoma  - Deaths","108-CA11. Burkitt Lymphoma  - Deaths",2025-08-20 10:39:54.453,
282,EBqVAQRmiPm,HMIS108,HMIS 108 - IPD Monthly Report,NqrHEiuD6Wm,"108-MH02","108-MH02. Unipolar Depressive Disorder",2025-08-20 10:39:54.454,
283,EBqVAQRmiPm,HMIS108,HMIS 108 - IPD Monthly Report,b4BpYiSOpJk,"108-TS09","108-TS09. Tonsillectomy",2025-08-20 10:39:54.454,
284,EBqVAQRmiPm,HMIS108,HMIS 108 - IPD Monthly Report,CPggKpmOySl,"108-LD06B","108-LD06b. Congenital malformations and chromosome abnormalities  - Deaths",2025-08-20 10:39:54.455,
285,EBqVAQRmiPm,HMIS108,HMIS 108 - IPD Monthly Report,w4IoG3gTox9,"108-ND04A_2019","108-ND04a_2019. Neonatal Meningitis  - Cases",2025-08-20 10:39:54.455,
286,EBqVAQRmiPm,HMIS108,HMIS 108 - IPD Monthly Report,H1TVgFhvbtM,"108-NS07_2019","108-NS07_2019. EVD (External Ventricular Drainage)",2025-08-20 10:39:54.455,
287,EBqVAQRmiPm,HMIS108,HMIS 108 - IPD Monthly Report,X3jt1am9eaH,"108-NA01D3_2019","108-NA01d3_2019. No. of female readmissions into ITC this month-defaulters",2025-08-20 10:39:54.455,
288,EBqVAQRmiPm,HMIS108,HMIS 108 - IPD Monthly Report,Zpl0xOpVCUa,"108-ND06A_2019","108-ND06a_2019. Premature baby (as condition that requires mgt)  - Cases",2025-08-20 10:39:54.455,
289,EBqVAQRmiPm,HMIS108,HMIS 108 - IPD Monthly Report,l9XYmLyopoe,"108-MH21","108-MH21. Attention Deficit Hyperactivity disorder(ADHD)",2025-08-20 10:39:54.456,
290,EBqVAQRmiPm,HMIS108,HMIS 108 - IPD Monthly Report,s9ZBdsfMwaA,"108-HS05","108-HS05. Bilio-intestinal diversion",2025-08-20 10:39:54.456,
291,EBqVAQRmiPm,HMIS108,HMIS 108 - IPD Monthly Report,OwmgCtG3qmU,"108-CR05","108-CR05. Other colorectal surgery",2025-08-20 10:39:54.456,
292,EBqVAQRmiPm,HMIS108,HMIS 108 - IPD Monthly Report,Q4lOPvB6Zs2,"108-OD02B","108-OD02b. Gingivitis  - Deaths",2025-08-20 10:39:54.456,
293,EBqVAQRmiPm,HMIS108,HMIS 108 - IPD Monthly Report,cEHMW5ELyXd,"108-ND03B2","108-ND03b2. Neonatal Jaundice (<2.5kgs)- Deaths",2025-08-20 10:39:54.456,
294,EBqVAQRmiPm,HMIS108,HMIS 108 - IPD Monthly Report,ygMuVIQj7sa,"108-ND03A1","108-ND03a1. Neonatal Jaundice(Total) - Cases",2025-08-20 10:39:54.456,
295,EBqVAQRmiPm,HMIS108,HMIS 108 - IPD Monthly Report,ySJ5xPJ2R0M,"108-PT04","108-PT04. Musculoskeletal",2025-08-20 10:39:54.457,
296,EBqVAQRmiPm,HMIS108,HMIS 108 - IPD Monthly Report,FRLjpKeP7wn,"108-HS04","108-HS04. Splenic surgery",2025-08-20 10:39:54.457,
1507,ic1BSWhGOso,HMIS1052,"HMIS 105:02-03 - OPD Monthly Report (MCH, FP, EID, EPI & HEPB)",DuMMAbvDfjn,"105-AN06C","105-AN06c. No. of pregnant women who received IPT3",2025-08-20 11:20:49.007,"2.1"
298,EBqVAQRmiPm,HMIS108,HMIS 108 - IPD Monthly Report,BCKu9yj32cc,"108-ND06B2","108-ND06b2. Neonatal Pneumonia(<2.5kgs) - Deaths",2025-08-20 10:39:54.457,
299,EBqVAQRmiPm,HMIS108,HMIS 108 - IPD Monthly Report,E1XDuFCP5ZF,"108-NT05B","108-NT05b. Intestinal Schistosomiasis  - Deaths",2025-08-20 10:39:54.457,
300,EBqVAQRmiPm,HMIS108,HMIS 108 - IPD Monthly Report,N5xpEcIyNY4,"108-CA01b1","108-CA01b1. Cervical cancer(known)  - Cases",2025-08-20 10:39:54.457,
301,EBqVAQRmiPm,HMIS108,HMIS 108 - IPD Monthly Report,asr9oUdpsKV,"108-MG01B","108-MG01b. Bacterial Meningitis  - Deaths",2025-08-20 10:39:54.458,
302,EBqVAQRmiPm,HMIS108,HMIS 108 - IPD Monthly Report,BB07cBjzx1Q,"108-NS04","108-NS04. ETV/CPC (Endoscopic 3rd Ventriculostomy/ cauterisation) choroid plexus",2025-08-20 10:39:54.458,
303,EBqVAQRmiPm,HMIS108,HMIS 108 - IPD Monthly Report,wZlUyHUI8dk,"108-LD07B","108-LD07b. Complications of medical and surgical care  - Deaths",2025-08-20 10:39:54.458,
304,EBqVAQRmiPm,HMIS108,HMIS 108 - IPD Monthly Report,NmuVqacmasa,"108-GC19A","108-CA19a. Ovarian cancer  - Cases",2025-08-20 10:39:54.458,
305,EBqVAQRmiPm,HMIS108,HMIS 108 - IPD Monthly Report,Gf96wB2FmOY,"108-CA08A","108-CA08a. Kaposi Sarcoma  - Cases",2025-08-20 10:39:54.458,
306,EBqVAQRmiPm,HMIS108,HMIS 108 - IPD Monthly Report,zl7HivKMT1K,"108-TX01B","108-TX01b. Organophosphate poisoning  - Deaths",2025-08-20 10:39:54.458,
308,EBqVAQRmiPm,HMIS108,HMIS 108 - IPD Monthly Report,VMCH30sQHwC,"108-CA02B","108-CA02b. Prostate Cancer - Deaths",2025-08-20 10:39:54.459,
260,EBqVAQRmiPm,HMIS108,HMIS 108 - IPD Monthly Report,CT6FIEW5Ct8,"108-CD07A","108-CD07a. No Pneumonia - Cough and cold  - Cases",2025-08-20 10:39:54.449,"1.3.2"
310,EBqVAQRmiPm,HMIS108,HMIS 108 - IPD Monthly Report,nX0AhJjdZeF,"108-UT02","108-UT02. No. of units received",2025-08-20 10:39:54.459,
311,EBqVAQRmiPm,HMIS108,HMIS 108 - IPD Monthly Report,d6v0X5nid8m,"108-EC07B","108-EC07b. Blindness  - Deaths",2025-08-20 10:39:54.459,
312,EBqVAQRmiPm,HMIS108,HMIS 108 - IPD Monthly Report,B7taodYrMCs,"108-TS05","108-TS05. Otological surgery",2025-08-20 10:39:54.460,
313,EBqVAQRmiPm,HMIS108,HMIS 108 - IPD Monthly Report,KaiRlcMERhC,"108-RD05A","108-RD05a. HIV nephropathy  - Cases",2025-08-20 10:39:54.460,
314,EBqVAQRmiPm,HMIS108,HMIS 108 - IPD Monthly Report,BayF6dc48Zf,"108-LD05A","108-LD05a. Genital urinary system diseases (non- infective)  - Cases",2025-08-20 10:39:54.461,
315,EBqVAQRmiPm,HMIS108,HMIS 108 - IPD Monthly Report,bnhid8VxwrL,"108-RM06A","108-RM06a. Polyarthritis unspecified  - Cases",2025-08-20 10:39:54.461,
316,EBqVAQRmiPm,HMIS108,HMIS 108 - IPD Monthly Report,zsZUdulI8bl,"108-MH17","108-MH17. Delirium",2025-08-20 10:39:54.461,
317,EBqVAQRmiPm,HMIS108,HMIS 108 - IPD Monthly Report,HHkRHaNQiYs,"108-CA25B","108-CA25b. Other Benign Tumors -Deaths",2025-08-20 10:39:54.461,
318,EBqVAQRmiPm,HMIS108,HMIS 108 - IPD Monthly Report,rV2c6U1HPuK,"108-CT08","108-CT08. Angiography",2025-08-20 10:39:54.461,
319,EBqVAQRmiPm,HMIS108,HMIS 108 - IPD Monthly Report,ta9qHC2STYJ,"108-CA01A2","108-CA01a2. Cervical cancer (new)  - Deaths",2025-08-20 10:39:54.462,
320,EBqVAQRmiPm,HMIS108,HMIS 108 - IPD Monthly Report,D9fECoo4MRN,"108-CV03B","108-CV03b. Stroke/Cerebro Vascular Accident(CVA)  - Deaths",2025-08-20 10:39:54.462,
322,EBqVAQRmiPm,HMIS108,HMIS 108 - IPD Monthly Report,cjmlydIwU9A,"108-OD04B","108-OD04b. Other oral diseases and conditions  - Deaths",2025-08-20 10:39:54.463,
323,EBqVAQRmiPm,HMIS108,HMIS 108 - IPD Monthly Report,AxVUBRsLXFs,"108-IM05","108-IM05. Stereotactic biopsy",2025-08-20 10:39:54.463,
324,EBqVAQRmiPm,HMIS108,HMIS 108 - IPD Monthly Report,jfmbEbkEoxx,"108-ND03B1","108-ND03b1. Neonatal Jaundice (<2.5kgs)- Cases",2025-08-20 10:39:54.463,
325,EBqVAQRmiPm,HMIS108,HMIS 108 - IPD Monthly Report,yhaXVosKdzk,"108-RT04","108-RT04. Accidents",2025-08-20 10:39:54.464,
326,EBqVAQRmiPm,HMIS108,HMIS 108 - IPD Monthly Report,IJmubXIxBqN,"108-ND07A_2019","108-ND07a_2019. Other Neonatal Conditions  - Cases",2025-08-20 10:39:54.464,
327,EBqVAQRmiPm,HMIS108,HMIS 108 - IPD Monthly Report,lOLb0CrqSf2,"108-OM04","108-OM04. Internal fixation for facial trauma",2025-08-20 10:39:54.465,
328,EBqVAQRmiPm,HMIS108,HMIS 108 - IPD Monthly Report,zHbNyYRr4Ok,"108-ND08B2","108-ND08b2. Premature baby (as condition that requires Mgt)(<2.5kgs) - Deaths",2025-08-20 10:39:54.465,
329,EBqVAQRmiPm,HMIS108,HMIS 108 - IPD Monthly Report,ovc2MZWZu6e,"108-NC09B","108-NC09b. Liver cirrhosis related to other causes  - Deaths",2025-08-20 10:39:54.466,
330,EBqVAQRmiPm,HMIS108,HMIS 108 - IPD Monthly Report,zEqnsEWsIfy,"108-OR01","108-OR01. Internal fixation",2025-08-20 10:39:54.466,
332,EBqVAQRmiPm,HMIS108,HMIS 108 - IPD Monthly Report,U4CaZSIMbkY,"108-RS02","108-RS02. Cardiovascular",2025-08-20 10:39:54.466,
333,EBqVAQRmiPm,HMIS108,HMIS 108 - IPD Monthly Report,FiSYzTGPRPV,"108-IN05A","108-IN05a. Snakes bites  - Cases",2025-08-20 10:39:54.467,
334,EBqVAQRmiPm,HMIS108,HMIS 108 - IPD Monthly Report,egXL3Z2AfT7,"108-UR12_2019","108-UR12_2019. Penectomy",2025-08-20 10:39:54.467,
335,EBqVAQRmiPm,HMIS108,HMIS 108 - IPD Monthly Report,NLGvr8eF63p,"108-EC03A","108-EC03a. Refractive errors  - Cases",2025-08-20 10:39:54.467,
336,EBqVAQRmiPm,HMIS108,HMIS 108 - IPD Monthly Report,BGwDPhm8gxu,"108-CA18A","108-CA18a. Stomach Cancers- Cases",2025-08-20 10:39:54.467,
337,EBqVAQRmiPm,HMIS108,HMIS 108 - IPD Monthly Report,Sxcw9x1mOur,"108-IN01d1","108-IN01d1. Others  - Cases",2025-08-20 10:39:54.467,
338,EBqVAQRmiPm,HMIS108,HMIS 108 - IPD Monthly Report,ffBFGlRya0n,"108-ND04A1","108-ND04a1. Neonatal Meningitis(Total) - Cases",2025-08-20 10:39:54.467,
339,EBqVAQRmiPm,HMIS108,HMIS 108 - IPD Monthly Report,KekRHq7li6v,"108-NT04B","108-NT04b. Urinary Schistosomiasis  - Deaths",2025-08-20 10:39:54.468,
340,EBqVAQRmiPm,HMIS108,HMIS 108 - IPD Monthly Report,SOXZuO3gM8x,"108-IN01d2","108-IN01d2. Others  - Deaths",2025-08-20 10:39:54.468,
341,EBqVAQRmiPm,HMIS108,HMIS 108 - IPD Monthly Report,OmGATKpdVIS,"108-ME08B_2019","108-ME08b_2019. Total Diagnoses  - Deaths",2025-08-20 10:39:54.468,
342,EBqVAQRmiPm,HMIS108,HMIS 108 - IPD Monthly Report,RBsR3Kmn5Ji,"108-GI12","108-GI12. Appendicectomy",2025-08-20 10:39:54.468,
343,EBqVAQRmiPm,HMIS108,HMIS 108 - IPD Monthly Report,CiuwvTmgmJj,"108-CA21B","108-CA21b. Kidney Cancer  - Deaths",2025-08-20 10:39:54.468,
344,EBqVAQRmiPm,HMIS108,HMIS 108 - IPD Monthly Report,zaHYBIpnntL,"108-FG04","108-FG04. Small bowel enema",2025-08-20 10:39:54.468,
345,EBqVAQRmiPm,HMIS108,HMIS 108 - IPD Monthly Report,Wr9KVsGQLd4,"108-GN01","108-GN01. Laparotomy for ovarian surgery",2025-08-20 10:39:54.469,
346,EBqVAQRmiPm,HMIS108,HMIS 108 - IPD Monthly Report,K0pNTBJ2iEH,"108-CA06A","108-CA06a. Multiple Myeloma - Cases",2025-08-20 10:39:54.469,
347,EBqVAQRmiPm,HMIS108,HMIS 108 - IPD Monthly Report,oShhEuaVRH3,"108-NT05A","108-NT05a. Intestinal Schistosomiasis  - Cases",2025-08-20 10:39:54.469,
348,EBqVAQRmiPm,HMIS108,HMIS 108 - IPD Monthly Report,WHhIb1H471q,"108-LD04A","108-LD04a. Muscular skeletal and connective tissue diseases  - Cases",2025-08-20 10:39:54.469,
349,EBqVAQRmiPm,HMIS108,HMIS 108 - IPD Monthly Report,r0RycgGHS5Q,"108-MH01","108-MH01. Anxiety Disorders",2025-08-20 10:39:54.469,
350,EBqVAQRmiPm,HMIS108,HMIS 108 - IPD Monthly Report,s5eD3fBwDHV,"108-OC07_2019","108-OC07_2019. Strabismus Surgery",2025-08-20 10:39:54.469,
351,EBqVAQRmiPm,HMIS108,HMIS 108 - IPD Monthly Report,nMPHGMjMvZR,"108-NS03","108-NS03. Craniotomy/craniectomy for trauma",2025-08-20 10:39:54.470,
352,EBqVAQRmiPm,HMIS108,HMIS 108 - IPD Monthly Report,RKlXrxRfUwN,"108-MG04A","108-MG04a. Other types of meningitis  - Cases",2025-08-20 10:39:54.470,
353,EBqVAQRmiPm,HMIS108,HMIS 108 - IPD Monthly Report,RYq5BxOFkiP,"108-RD04B","108-RD04b. Acute Kidney Injury  - Deaths",2025-08-20 10:39:54.470,
354,EBqVAQRmiPm,HMIS108,HMIS 108 - IPD Monthly Report,SUHhAi9uMOh,"108-AP01","108-AP01. Mobility",2025-08-20 10:39:54.471,
355,EBqVAQRmiPm,HMIS108,HMIS 108 - IPD Monthly Report,MrWZX65NlkQ,"108-CV02a","108-CV02a. Severe Hypertension  - Cases",2025-08-20 10:39:54.471,
356,EBqVAQRmiPm,HMIS108,HMIS 108 - IPD Monthly Report,WLzv46Pa4si,"108-UR02","108-UR02. Renal surgery ",2025-08-20 10:39:54.471,
357,EBqVAQRmiPm,HMIS108,HMIS 108 - IPD Monthly Report,T3tC2yUwP7N,"108-MH03","108-MH03. Bipolar disorder",2025-08-20 10:39:54.471,
358,EBqVAQRmiPm,HMIS108,HMIS 108 - IPD Monthly Report,Qv0hdlvNErS,"108-CV05B","108-CV05b. Ischemic Heart Diseases  - Deaths",2025-08-20 10:39:54.472,
359,EBqVAQRmiPm,HMIS108,HMIS 108 - IPD Monthly Report,V5uah2b1hVc,"108-GD08A","108-GD08a. Liver Cirrhosis  - Cases",2025-08-20 10:39:54.472,
360,EBqVAQRmiPm,HMIS108,HMIS 108 - IPD Monthly Report,FHawQZ0WR0i,"108-HP04A_2019","108-HP04a_2019. Hepatocellular Carcinoma related to HCV  - Cases",2025-08-20 10:39:54.472,
361,EBqVAQRmiPm,HMIS108,HMIS 108 - IPD Monthly Report,svcsVtSEczN,"108-ND03A_2019","108-ND03a_2019. Neonatal Pneumonia  - Cases",2025-08-20 10:39:54.472,
331,EBqVAQRmiPm,HMIS108,HMIS 108 - IPD Monthly Report,YOPFBX0Oz33,"108-CD15B","108-CD15b. Surgical Site Infections (SSI) - Deaths",2025-08-20 10:39:54.466,"1.3.2"
363,EBqVAQRmiPm,HMIS108,HMIS 108 - IPD Monthly Report,yZNuDyBfsJc,"108-UR10","108-UR10. Cystoscopy",2025-08-20 10:39:54.473,
364,EBqVAQRmiPm,HMIS108,HMIS 108 - IPD Monthly Report,avSPHPOgQ1E,"108-CA27A","108-CA27a. Others Cancers  - Cases",2025-08-20 10:39:54.473,
365,EBqVAQRmiPm,HMIS108,HMIS 108 - IPD Monthly Report,DJz3do91AE0,"108-NA04B_2019","108-NA04b_2019. Total number of days spent in ITC  for all clients discharged as cured this month",2025-08-20 10:39:54.474,
366,EBqVAQRmiPm,HMIS108,HMIS 108 - IPD Monthly Report,wSEiwbzS12h,"108-GN06","108-GN06. Other gynaecological surgery",2025-08-20 10:39:54.474,
1510,ic1BSWhGOso,HMIS1052,"HMIS 105:02-03 - OPD Monthly Report (MCH, FP, EID, EPI & HEPB)",Dhl64dhEcgC,"105-AN28A","105-AN28a. Women assessed for nutrition status - Total",2025-08-20 11:20:49.007,"2.1"
368,EBqVAQRmiPm,HMIS108,HMIS 108 - IPD Monthly Report,FW0bnz2WX4c,"108-CV04A","108-CV04a. Heart failure  - Cases",2025-08-20 10:39:54.475,
369,EBqVAQRmiPm,HMIS108,HMIS 108 - IPD Monthly Report,v4YTvlCTH4D,"108-CA01A1","108-CA01a1. Cervical Cancer(new)  - Cases",2025-08-20 10:39:54.475,
370,EBqVAQRmiPm,HMIS108,HMIS 108 - IPD Monthly Report,eK8sOdxg1Pr,"108-PS05_2019","108-PS05_2019. Kasai Procedure",2025-08-20 10:39:54.475,
371,EBqVAQRmiPm,HMIS108,HMIS 108 - IPD Monthly Report,rVd1oH5jN86,"108-ND11B2","108-ND11b2. Source of Warmth - Incubator/Radiant warmer(<2.5kgs)",2025-08-20 10:39:54.475,
372,EBqVAQRmiPm,HMIS108,HMIS 108 - IPD Monthly Report,pGghUqwFbhU,"108-EM01A","108-EM01a. Diabetis Mellitus - Cases",2025-08-20 10:39:54.475,
373,EBqVAQRmiPm,HMIS108,HMIS 108 - IPD Monthly Report,eOzvaIUGILC,"108-CT05","108-CT05. Abdomen and pelvis",2025-08-20 10:39:54.475,
374,EBqVAQRmiPm,HMIS108,HMIS 108 - IPD Monthly Report,jd5byhTDPYZ,"108-AC03","108-AC03. Amputation",2025-08-20 10:39:54.476,
375,EBqVAQRmiPm,HMIS108,HMIS 108 - IPD Monthly Report,un0XVEV2Fqt,"108-RA06","108-RA06. Lower limbs",2025-08-20 10:39:54.476,
376,EBqVAQRmiPm,HMIS108,HMIS 108 - IPD Monthly Report,jRGyRhteaoi,"108-NA01B3_2019","108-NA01b3_2019. No. of new female SAM admissions in ITC",2025-08-20 10:39:54.476,
377,EBqVAQRmiPm,HMIS108,HMIS 108 - IPD Monthly Report,AobaAcEGTTA,"108-EC02A","108-EC02a. Cataracts  - Cases",2025-08-20 10:39:54.476,
378,EBqVAQRmiPm,HMIS108,HMIS 108 - IPD Monthly Report,jJ5h2IlSZ01,"108-MA02","108-MA02. Screening",2025-08-20 10:39:54.476,
379,EBqVAQRmiPm,HMIS108,HMIS 108 - IPD Monthly Report,qtycGtVct8P,"108-NT04A","108-NT04a. Urinary Schistosomiasis  - Cases",2025-08-20 10:39:54.476,
380,EBqVAQRmiPm,HMIS108,HMIS 108 - IPD Monthly Report,KfxJMuWWKfr,"108-IN05B","108-IN05b. Snakes bites  - Deaths",2025-08-20 10:39:54.477,
381,EBqVAQRmiPm,HMIS108,HMIS 108 - IPD Monthly Report,Qg8vXh8Yl6a,"108-EN03B","108-EN03b. Other ENT conditions  - Deaths",2025-08-20 10:39:54.477,
382,EBqVAQRmiPm,HMIS108,HMIS 108 - IPD Monthly Report,CpT3wUk0OaP,"108-CA03B","108-CA03b. Breast Cancer  - Deaths",2025-08-20 10:39:54.477,
383,EBqVAQRmiPm,HMIS108,HMIS 108 - IPD Monthly Report,BXf9gxMRvYM,"108-HE01","108-HE01. Hernia Repair",2025-08-20 10:39:54.477,
384,EBqVAQRmiPm,HMIS108,HMIS 108 - IPD Monthly Report,GCbiOTBHplW,"108-RS05","108-RS05. Neurological",2025-08-20 10:39:54.477,
385,EBqVAQRmiPm,HMIS108,HMIS 108 - IPD Monthly Report,bvL958q3qt3,"108-OR05_2019","108-OR05_2019. Limb disarticulation",2025-08-20 10:39:54.478,
1512,ic1BSWhGOso,HMIS1052,"HMIS 105:02-03 - OPD Monthly Report (MCH, FP, EID, EPI & HEPB)",RnLOFSYaAhp,"105-AN02","105-AN02. ANC 4th Visit for women",2025-08-20 11:20:49.007,"2.1"
387,EBqVAQRmiPm,HMIS108,HMIS 108 - IPD Monthly Report,Ywkn1hJ0neb,"108-MR02","108-MR02. Spine",2025-08-20 10:39:54.478,
388,EBqVAQRmiPm,HMIS108,HMIS 108 - IPD Monthly Report,enNgc58gwiM,"108-ND11B1","108-ND11b1. Source of Warmth - Incubator/Radiant warmer(Total)",2025-08-20 10:39:54.478,
1514,ic1BSWhGOso,HMIS1052,"HMIS 105:02-03 - OPD Monthly Report (MCH, FP, EID, EPI & HEPB)",bj5TjuIKnHP,"105-AN20_2019","105-AN20_2019 Pregnant women with Anaemia (Hb <10g/dl) at ANC after 36 weeks",2025-08-20 11:20:49.008,"2.1"
390,EBqVAQRmiPm,HMIS108,HMIS 108 - IPD Monthly Report,edxUdwIZLTy,"108-ND02A1","108-ND02a1. Birth Asphyxia (HIE) (Total) - Cases",2025-08-20 10:39:54.478,
391,EBqVAQRmiPm,HMIS108,HMIS 108 - IPD Monthly Report,kZwLRNvQnby,"108-PR05","108-PR05. Scar revisions",2025-08-20 10:39:54.478,
392,EBqVAQRmiPm,HMIS108,HMIS 108 - IPD Monthly Report,PEp4S6H8A5q,"108-AC01","108-AC01. Spinal Cord Injury (SCI)",2025-08-20 10:39:54.479,
393,EBqVAQRmiPm,HMIS108,HMIS 108 - IPD Monthly Report,brQDQb6pfmG,"108-HF02B","108-HF02b. Marburg  - Deaths",2025-08-20 10:39:54.479,
394,EBqVAQRmiPm,HMIS108,HMIS 108 - IPD Monthly Report,UZjlHNU31ri,"108-RM01A","108-RM01a. Rheumatoid Arthritis  - Cases",2025-08-20 10:39:54.479,
395,EBqVAQRmiPm,HMIS108,HMIS 108 - IPD Monthly Report,AlGU4azoEQ6,"108-TR02","108-TR02. Percutaneous renal puncture",2025-08-20 10:39:54.479,
396,EBqVAQRmiPm,HMIS108,HMIS 108 - IPD Monthly Report,DcH9tnKJbXq,"108-NT02B","108-NT02b. Lymphatic Filariasis (hydrocele)  - Deaths",2025-08-20 10:39:54.479,
397,EBqVAQRmiPm,HMIS108,HMIS 108 - IPD Monthly Report,THvhqQBDJMa,"108-RS01","108-RS01. Cancers",2025-08-20 10:39:54.479,
398,EBqVAQRmiPm,HMIS108,HMIS 108 - IPD Monthly Report,AUiExBmzSeh,"108-CR04A_2019","108-CR04a_2019. Post TB Lung disease  - Cases",2025-08-20 10:39:54.480,
399,EBqVAQRmiPm,HMIS108,HMIS 108 - IPD Monthly Report,X5stldnhNtf,"108-CT06","108-CT06. Spine",2025-08-20 10:39:54.480,
400,EBqVAQRmiPm,HMIS108,HMIS 108 - IPD Monthly Report,my8OSGk4Rdz,"108-NS02","108-NS02. Burr Hole",2025-08-20 10:39:54.480,
401,EBqVAQRmiPm,HMIS108,HMIS 108 - IPD Monthly Report,sZnRxCdLM18,"108-RT01","108-RT01. Severe malaria",2025-08-20 10:39:54.480,
403,EBqVAQRmiPm,HMIS108,HMIS 108 - IPD Monthly Report,muM9bCzUQv6,"108-MH14","108-MH14. Internet addiction",2025-08-20 10:39:54.480,
404,EBqVAQRmiPm,HMIS108,HMIS 108 - IPD Monthly Report,ozoM5EGvsJ6,"108-NR06A","108-NR06a. Other movement disorders  - Cases",2025-08-20 10:39:54.480,
405,EBqVAQRmiPm,HMIS108,HMIS 108 - IPD Monthly Report,tF2QBzkj3Pv,"108-RA05","108-RA05. Upper limbs",2025-08-20 10:39:54.481,
406,EBqVAQRmiPm,HMIS108,HMIS 108 - IPD Monthly Report,aA8oVJK06Ao,"108-GD07B","108-GD07b. Irritable Bowel Syndrome  - Deaths",2025-08-20 10:39:54.481,
407,EBqVAQRmiPm,HMIS108,HMIS 108 - IPD Monthly Report,ZoPc492lncm,"108-OR03","108-OR03. Arthroplasty",2025-08-20 10:39:54.481,
408,EBqVAQRmiPm,HMIS108,HMIS 108 - IPD Monthly Report,gJeXUZ3dpma,"108-GC01B","108-GC01b. Pelvic Inflammatory Disease (PID)  - Deaths",2025-08-20 10:39:54.481,
409,EBqVAQRmiPm,HMIS108,HMIS 108 - IPD Monthly Report,TtVr7NcpbYi,"108-CA23A","108-CA23a. Retinoblastoma Cancer- Cases",2025-08-20 10:39:54.481,
410,EBqVAQRmiPm,HMIS108,HMIS 108 - IPD Monthly Report,NfmGGzB8lxx,"108-OM06","108-OM06. Facial fracture",2025-08-20 10:39:54.482,
411,EBqVAQRmiPm,HMIS108,HMIS 108 - IPD Monthly Report,gVTR2hiXVmW,"108-EM03A","108-EM03a. Other Endocrine and metabolic disorders  - Cases",2025-08-20 10:39:54.482,
412,EBqVAQRmiPm,HMIS108,HMIS 108 - IPD Monthly Report,eMSV2KsTCMY,"108-HF07A","108-HF07a. Typhoid Fever  - Cases",2025-08-20 10:39:54.482,
413,EBqVAQRmiPm,HMIS108,HMIS 108 - IPD Monthly Report,jAUpa2atDba,"108-RB01","108-RB01. Alcohol use",2025-08-20 10:39:54.482,
414,EBqVAQRmiPm,HMIS108,HMIS 108 - IPD Monthly Report,hEpHkND3EBx,"108-HP03A_2019","108-HP03a_2019. Hepatocellular Carcinoma related to HBV  - Cases",2025-08-20 10:39:54.482,
362,EBqVAQRmiPm,HMIS108,HMIS 108 - IPD Monthly Report,WsaykeJyRtc,"108-CD05B","108-CD05b. Peritonitis  - Deaths",2025-08-20 10:39:54.472,"1.3.2"
415,EBqVAQRmiPm,HMIS108,HMIS 108 - IPD Monthly Report,ojc6DvWVJBq,"108-HP04A","108-HP04a. Faty liver disease - Cases",2025-08-20 10:39:54.483,
416,EBqVAQRmiPm,HMIS108,HMIS 108 - IPD Monthly Report,mLb7dxlEIrF,"108-OR06","108-OR06. Arthroscopy",2025-08-20 10:39:54.483,
417,EBqVAQRmiPm,HMIS108,HMIS 108 - IPD Monthly Report,ZGSTOjx1jas,"108-NT03A","108-NT03a. Lymphatic Filariasis (Lympoedema)  - Cases",2025-08-20 10:39:54.483,
418,EBqVAQRmiPm,HMIS108,HMIS 108 - IPD Monthly Report,UfI1sqbHMCM,"108-RD01B","108-RD01b. Nephrotic syndrome  - Deaths",2025-08-20 10:39:54.483,
419,EBqVAQRmiPm,HMIS108,HMIS 108 - IPD Monthly Report,RnVHavaAqoh,"108-RD04A","108-RD04a. Acute Kidney Injury  - Cases",2025-08-20 10:39:54.484,
420,EBqVAQRmiPm,HMIS108,HMIS 108 - IPD Monthly Report,oCFCgyXiN8Q,"108-NC04a","108-NC04a. Deep Vein Thrombosis  - Cases",2025-08-20 10:39:54.484,
421,EBqVAQRmiPm,HMIS108,HMIS 108 - IPD Monthly Report,LdDbRqrKiNf,"108-ND10B2","108-ND10b2. Other Congenital anomalies(<2.5kgs) - Deaths",2025-08-20 10:39:54.484,
422,EBqVAQRmiPm,HMIS108,HMIS 108 - IPD Monthly Report,PuNEZM4FqHI,"108-GD11A","108-GD11a. Multiple Myeloma  - Cases",2025-08-20 10:39:54.484,
423,EBqVAQRmiPm,HMIS108,HMIS 108 - IPD Monthly Report,RRoeiHTe1xq,"108-RD03A","108-RD03a. Chronic Kidney Diseases  - Cases",2025-08-20 10:39:54.484,
424,EBqVAQRmiPm,HMIS108,HMIS 108 - IPD Monthly Report,yHSq2dmeCEk,"108-RM03A","108-RM03a. Osteoarthritis  - Cases",2025-08-20 10:39:54.484,
425,EBqVAQRmiPm,HMIS108,HMIS 108 - IPD Monthly Report,y1tRJxQTQCI,"108-IN01c1","108-IN01c1. Bicycles  - Cases",2025-08-20 10:39:54.485,
426,EBqVAQRmiPm,HMIS108,HMIS 108 - IPD Monthly Report,yN924DLR1Be,"108-OD05B","108-OD05b. HIV-Oral lesions  - Deaths",2025-08-20 10:39:54.485,
428,EBqVAQRmiPm,HMIS108,HMIS 108 - IPD Monthly Report,ZUpS5SUz7Zf,"108-MC06A","108-MC06a. Haemorrhage related to pregnancy (APH or PPH)  - Cases",2025-08-20 10:39:54.485,
1517,ic1BSWhGOso,HMIS1052,"HMIS 105:02-03 - OPD Monthly Report (MCH, FP, EID, EPI & HEPB)",C0CnyVY3tm8,"105-AN20a","105-AN20a. HIV+ pregnant women receiving ART - Known ART",2025-08-20 11:20:49.008,"2.1"
430,EBqVAQRmiPm,HMIS108,HMIS 108 - IPD Monthly Report,Qbg55H2iUnL,"108-GD02A","108-GD02a. Intususception  - Cases",2025-08-20 10:39:54.486,
431,EBqVAQRmiPm,HMIS108,HMIS 108 - IPD Monthly Report,NCgaw5FEJXO,"108-UR09","108-UR09. Bladder tumor excision",2025-08-20 10:39:54.486,
432,EBqVAQRmiPm,HMIS108,HMIS 108 - IPD Monthly Report,NaEMW8G7Ky0,"108-TX03A","108-TX03a. Rat Poisoning  - Cases",2025-08-20 10:39:54.486,
433,EBqVAQRmiPm,HMIS108,HMIS 108 - IPD Monthly Report,Jhj6UP6572d,"108-CS07","108-CS07. Thrombectomy",2025-08-20 10:39:54.487,
1523,ic1BSWhGOso,HMIS1052,"HMIS 105:02-03 - OPD Monthly Report (MCH, FP, EID, EPI & HEPB)",BSw2fU4pgcR,"105-AN07d2","105-AN07d2 No. of pregnant women who were tested for blood grouping - Blood Group (AB) Rhesus AB-",2025-08-20 11:20:49.009,"2.1"
436,EBqVAQRmiPm,HMIS108,HMIS 108 - IPD Monthly Report,Pda0kNZCTbm,"108-VS03","108-VS03. Other vascular surgery",2025-08-20 10:39:54.488,
437,EBqVAQRmiPm,HMIS108,HMIS 108 - IPD Monthly Report,QWIfLFOY95Q,"108-UG01","108-UG01. Gastric Surgery",2025-08-20 10:39:54.488,
438,EBqVAQRmiPm,HMIS108,HMIS 108 - IPD Monthly Report,KUR1yjLJYoa,"108-ME07B","108-ME07b. All others  - Deaths",2025-08-20 10:39:54.489,
439,EBqVAQRmiPm,HMIS108,HMIS 108 - IPD Monthly Report,gR42CnXue9S,"108-UR02_2019","108-UR02_2019. Radical prostatectomy",2025-08-20 10:39:54.489,
440,EBqVAQRmiPm,HMIS108,HMIS 108 - IPD Monthly Report,CHZmPKvMWFe,"108-HF02A","108-HF02a. Marburg  - Cases",2025-08-20 10:39:54.490,
441,EBqVAQRmiPm,HMIS108,HMIS 108 - IPD Monthly Report,pGK81UigSza,"108-AP06","108-AP06. Self-care",2025-08-20 10:39:54.490,
442,EBqVAQRmiPm,HMIS108,HMIS 108 - IPD Monthly Report,Thf0ZKIMjjs,"108-GD09A","108-GD09a. Varices (oesophageal or gastric)  - Cases",2025-08-20 10:39:54.490,
443,EBqVAQRmiPm,HMIS108,HMIS 108 - IPD Monthly Report,EfTTIIPehJp,"108-ND01B_2019","108-ND01b_2019. Neonatal Sepsis 0-7days  - Deaths",2025-08-20 10:39:54.491,
445,EBqVAQRmiPm,HMIS108,HMIS 108 - IPD Monthly Report,qAEeRxAKj3V,"108-ND02B_2019","108-ND02b_2019. Neonatal Sepsis 8-28days  - Deaths",2025-08-20 10:39:54.491,
446,EBqVAQRmiPm,HMIS108,HMIS 108 - IPD Monthly Report,bP0lbUAPCH2,"108-NA02B3_2019","108-NA02b3_2019. No. of SAM female clients who defaulted from care this month",2025-08-20 10:39:54.492,
447,EBqVAQRmiPm,HMIS108,HMIS 108 - IPD Monthly Report,trVttSsNF5j,"108-NT07B","108-NT07b. Nodding Syndrome  - Deaths",2025-08-20 10:39:54.492,
448,EBqVAQRmiPm,HMIS108,HMIS 108 - IPD Monthly Report,jKvViwMuURP,"108-TS11","108-TS11. Benign neck masses excisions",2025-08-20 10:39:54.493,
449,EBqVAQRmiPm,HMIS108,HMIS 108 - IPD Monthly Report,i9fIIRAoqxP,"108-CA09A","108-CA09a. Skin Cancer - Cases",2025-08-20 10:39:54.493,
450,EBqVAQRmiPm,HMIS108,HMIS 108 - IPD Monthly Report,v70YDEPYNmu,"108-CS01","108-CS01. Thoracotomy",2025-08-20 10:39:54.494,
451,EBqVAQRmiPm,HMIS108,HMIS 108 - IPD Monthly Report,WtMzN70ijvr,"108-RM09A","108-RM09a. Others (please specify)  - Cases",2025-08-20 10:39:54.494,
452,EBqVAQRmiPm,HMIS108,HMIS 108 - IPD Monthly Report,weXCnTwNRdi,"108-OT01","108-OT01. Debridement",2025-08-20 10:39:54.494,
453,EBqVAQRmiPm,HMIS108,HMIS 108 - IPD Monthly Report,ZHB4D9EJfnd,"108-OM05","108-OM05. Dental surgery",2025-08-20 10:39:54.494,
454,EBqVAQRmiPm,HMIS108,HMIS 108 - IPD Monthly Report,G3qsihJWUFM,"108-CV01A1","108-CV01a1. Hypertension Stage 1&2 (newly diagnosed cases)  - Cases",2025-08-20 10:39:54.495,
455,EBqVAQRmiPm,HMIS108,HMIS 108 - IPD Monthly Report,CZVQpoqMiJj,"108-CA20B","108-CA20b. Penile Cancer -Deaths",2025-08-20 10:39:54.495,
456,EBqVAQRmiPm,HMIS108,HMIS 108 - IPD Monthly Report,doj7NR9Nlod,"108-CR02B","108-CR02b. Chronic Obstructive Pulmonary Diseases (COPD)  - Deaths",2025-08-20 10:39:54.495,
457,EBqVAQRmiPm,HMIS108,HMIS 108 - IPD Monthly Report,AqulYj4FjX6,"108-IN04a1","108-IN04a1. Animal bites - Domestic  - Cases",2025-08-20 10:39:54.495,
458,EBqVAQRmiPm,HMIS108,HMIS 108 - IPD Monthly Report,lf3vYXro500,"108-GD04B","108-GD04b. Gastro-esophageal reflux disease (GERD)  - Deaths",2025-08-20 10:39:54.495,
459,EBqVAQRmiPm,HMIS108,HMIS 108 - IPD Monthly Report,ei5lYOjxZHE,"108-NC08B","108-NC08b. Liver cirrhisis related to alcohol  - Deaths",2025-08-20 10:39:54.496,
460,EBqVAQRmiPm,HMIS108,HMIS 108 - IPD Monthly Report,qwpp3buONDM,"108-RM06B","108-RM06b. Polyarthritis unspecified  - Deaths",2025-08-20 10:39:54.496,
461,EBqVAQRmiPm,HMIS108,HMIS 108 - IPD Monthly Report,MMIcAwkZg3M,"108-OD02A","108-OD02a. Gingivitis  - Cases",2025-08-20 10:39:54.496,
462,EBqVAQRmiPm,HMIS108,HMIS 108 - IPD Monthly Report,LqdB3eomqf3,"108-AC02","108-AC02. Traumatic Brain Injury (TBI)",2025-08-20 10:39:54.496,
463,EBqVAQRmiPm,HMIS108,HMIS 108 - IPD Monthly Report,uLEwmtgKXMi,"108-FG07","108-FG07. Sonogram/ Fistulogram",2025-08-20 10:39:54.496,
464,EBqVAQRmiPm,HMIS108,HMIS 108 - IPD Monthly Report,z5PkcPrK3fT,"108-PT02","108-PT02. Cardiovascular",2025-08-20 10:39:54.496,
465,EBqVAQRmiPm,HMIS108,HMIS 108 - IPD Monthly Report,heWK279wU8B,"108-NC02B_2019","108-NC02b_2019. Anaemia  - Deaths",2025-08-20 10:39:54.497,
466,EBqVAQRmiPm,HMIS108,HMIS 108 - IPD Monthly Report,lCcUElft2pg,"108-CA14","108-CA14a. Urogenital Cancer - Cases",2025-08-20 10:39:54.497,
427,EBqVAQRmiPm,HMIS108,HMIS 108 - IPD Monthly Report,mmHnl1ZokVu,"108-CD15A","108-CD15a. Surgical Site Infections (SSI) - Cases",2025-08-20 10:39:54.485,"1.3.2"
467,EBqVAQRmiPm,HMIS108,HMIS 108 - IPD Monthly Report,uH4RGku7590,"108-OT04","108-OT04. Other laparotomy",2025-08-20 10:39:54.497,
1526,ic1BSWhGOso,HMIS1052,"HMIS 105:02-03 - OPD Monthly Report (MCH, FP, EID, EPI & HEPB)",pINrjRslNhJ,"105-AN07A1","105-AN07a1. Blood and Rhesus Group (O) - Rhesus(O+)",2025-08-20 11:20:49.010,"2.1"
1542,ic1BSWhGOso,HMIS1052,"HMIS 105:02-03 - OPD Monthly Report (MCH, FP, EID, EPI & HEPB)",meW1T5n8XV0,"105-AN29A","105-AN29a. TB Screening for ANC Clients-Screened for TB",2025-08-20 11:20:49.013,"2.1"
470,EBqVAQRmiPm,HMIS108,HMIS 108 - IPD Monthly Report,tgl7h4ObMuM,"108-EN01A","108-EN01a. Otitis media  - Cases",2025-08-20 10:39:54.497,
471,EBqVAQRmiPm,HMIS108,HMIS 108 - IPD Monthly Report,sP4ONfU2xjA,"108-MH29","108-MH29. Mental illness due other Medical/surgical conditions",2025-08-20 10:39:54.498,
472,EBqVAQRmiPm,HMIS108,HMIS 108 - IPD Monthly Report,Pn8SNyHIWV1,"108-LD01A","108-LD01a. Hernias  - Cases",2025-08-20 10:39:54.498,
473,EBqVAQRmiPm,HMIS108,HMIS 108 - IPD Monthly Report,yritQ2a7EZM,"108-EC03B","108-EC03b. Refractive errors  - Deaths",2025-08-20 10:39:54.498,
474,EBqVAQRmiPm,HMIS108,HMIS 108 - IPD Monthly Report,FeLnRH2vgP0,"108-OM03","108-OM03. Neck dissection",2025-08-20 10:39:54.498,
475,EBqVAQRmiPm,HMIS108,HMIS 108 - IPD Monthly Report,N3604UVj1de,"108-GD08B","108-GD08b. Liver Cirrhosis  - Deaths",2025-08-20 10:39:54.498,
476,EBqVAQRmiPm,HMIS108,HMIS 108 - IPD Monthly Report,CXOHeFmTDMC,"108-NA01C1_2019","108-NA01c1_2019. No. of readmissions into ITC this month-relapses",2025-08-20 10:39:54.498,
477,EBqVAQRmiPm,HMIS108,HMIS 108 - IPD Monthly Report,HRLdjyBvu7M,"108-MR05","108-MR05. Musculoskeletal",2025-08-20 10:39:54.498,
478,EBqVAQRmiPm,HMIS108,HMIS 108 - IPD Monthly Report,tEwdEvBBBJI,"108-CV06B","108-CV06b. Rheumatic Heart Diseases  - Deaths",2025-08-20 10:39:54.499,
479,EBqVAQRmiPm,HMIS108,HMIS 108 - IPD Monthly Report,NWjwPK64kgj,"108-MH28","108-MH28. Other Childhood Mental Disorders",2025-08-20 10:39:54.499,
480,EBqVAQRmiPm,HMIS108,HMIS 108 - IPD Monthly Report,f3dPv2Y8mNJ,"108-RM02B","108-RM02b. Septic Arthritis  - Deaths",2025-08-20 10:39:54.499,
481,EBqVAQRmiPm,HMIS108,HMIS 108 - IPD Monthly Report,znk2vBtDKVU,"108-TX01A","108-TX01a. Organophosphate poisoning  - Cases",2025-08-20 10:39:54.499,
483,EBqVAQRmiPm,HMIS108,HMIS 108 - IPD Monthly Report,FjdpEDQcNLS,"108-CA08B","108-CA08b. Kaposis Sarcoma  - Deaths",2025-08-20 10:39:54.499,
484,EBqVAQRmiPm,HMIS108,HMIS 108 - IPD Monthly Report,ezFHh8VeBTn,"108-RF04","108-RF04. No. of inpatients who have run-away",2025-08-20 10:39:54.500,
485,EBqVAQRmiPm,HMIS108,HMIS 108 - IPD Monthly Report,Eg9lOfQkV6t,"108-CR01A","108-CR01a. Asthma  - Cases",2025-08-20 10:39:54.500,
486,EBqVAQRmiPm,HMIS108,HMIS 108 - IPD Monthly Report,Jo4dpEeYCE0,"108-AP02","108-AP02. Hearing",2025-08-20 10:39:54.500,
487,EBqVAQRmiPm,HMIS108,HMIS 108 - IPD Monthly Report,OMKNInWswIX,"108-MH10","108-MH10. Alcohol related Dementia",2025-08-20 10:39:54.500,
488,EBqVAQRmiPm,HMIS108,HMIS 108 - IPD Monthly Report,AH2jKSkLju4,"108-OR05","108-OR05. Spinal surgery",2025-08-20 10:39:54.500,
489,EBqVAQRmiPm,HMIS108,HMIS 108 - IPD Monthly Report,vyHBTXys1fJ,"108-HS06","108-HS06. Other hepatobilliary surgery",2025-08-20 10:39:54.500,
490,EBqVAQRmiPm,HMIS108,HMIS 108 - IPD Monthly Report,v6mC85laAn4,"108-OD01A","108-OD01a. Dental Caries  - Cases",2025-08-20 10:39:54.500,
491,EBqVAQRmiPm,HMIS108,HMIS 108 - IPD Monthly Report,KObLiBsY0pJ,"108-RM05B","108-RM05b. Systemic Lupus Erythematous  - Deaths",2025-08-20 10:39:54.501,
492,EBqVAQRmiPm,HMIS108,HMIS 108 - IPD Monthly Report,bvo3ZHoUvOe,"108-OR02","108-OR02. External fixation",2025-08-20 10:39:54.501,
493,EBqVAQRmiPm,HMIS108,HMIS 108 - IPD Monthly Report,daUTHW3uNC1,"108-TR03","108-TR03. Percutaneous nephrostomy",2025-08-20 10:39:54.501,
494,EBqVAQRmiPm,HMIS108,HMIS 108 - IPD Monthly Report,eDSbcOur4jY,"108-CA16","108-CA16. Oral Cancers- Cases",2025-08-20 10:39:54.501,
495,EBqVAQRmiPm,HMIS108,HMIS 108 - IPD Monthly Report,lc3oy0hclHp,"108-MH06","108-MH06. Epilepsy",2025-08-20 10:39:54.501,
496,EBqVAQRmiPm,HMIS108,HMIS 108 - IPD Monthly Report,LtFTYVv8Aao,"108-UR07_2019","108-UR07_2019. Ureteric surgery",2025-08-20 10:39:54.502,
497,EBqVAQRmiPm,HMIS108,HMIS 108 - IPD Monthly Report,vjrC2olbOKq,"108-HP05B","108-HP05b. Chronic Liver Disease - Deaths",2025-08-20 10:39:54.502,
498,EBqVAQRmiPm,HMIS108,HMIS 108 - IPD Monthly Report,lWTPZoN8Dqz,"108-HF03B","108-HF03b. Crimean-Cong Haemorrhagic Fever  - Deaths",2025-08-20 10:39:54.502,
499,EBqVAQRmiPm,HMIS108,HMIS 108 - IPD Monthly Report,zWlAJsGjAaZ,"108-NA02C1_2019","108-NA02c1_2019. No. of SAM clients who died during treatment this month",2025-08-20 10:39:54.502,
500,EBqVAQRmiPm,HMIS108,HMIS 108 - IPD Monthly Report,RYJkjLg5ajk,"108-CA24B","108-CA24b.  Bone Tumors Cancer -Deaths",2025-08-20 10:39:54.502,
501,EBqVAQRmiPm,HMIS108,HMIS 108 - IPD Monthly Report,ihT00Ek6a40,"108-NC04B","108-NC04b. Deep Vein Thrombosis  - Deaths",2025-08-20 10:39:54.503,
502,EBqVAQRmiPm,HMIS108,HMIS 108 - IPD Monthly Report,qvgd9b1NbRG,"108-HF01A","108-HF01a. Ebola  - Cases",2025-08-20 10:39:54.503,
503,EBqVAQRmiPm,HMIS108,HMIS 108 - IPD Monthly Report,jTWeXGk0tD9,"108-IN03A","108-IN03a. Injuries - (Trauma due to other causes)  - Cases",2025-08-20 10:39:54.503,
504,EBqVAQRmiPm,HMIS108,HMIS 108 - IPD Monthly Report,EG28OsuzOGh,"108-NA02b","108-NA02b. No. of clients with SAM (with complications) admitted into treatment and discharged as - Defaulted from care within this month",2025-08-20 10:39:54.503,
505,EBqVAQRmiPm,HMIS108,HMIS 108 - IPD Monthly Report,crZ9DO45S89,"108-MC02A","108-MC02a. Abortions due to other causes  - Cases",2025-08-20 10:39:54.504,
506,EBqVAQRmiPm,HMIS108,HMIS 108 - IPD Monthly Report,jaD6HuE0Mey,"108-PT06","108-PT06. Respiratory",2025-08-20 10:39:54.504,
507,EBqVAQRmiPm,HMIS108,HMIS 108 - IPD Monthly Report,zYm5NllhUiO,"108-EC07A","108-EC07a. Blindness  - Cases",2025-08-20 10:39:54.504,
508,EBqVAQRmiPm,HMIS108,HMIS 108 - IPD Monthly Report,vdt4YnvpmUd,"108-PR03","108-PR03. Cleft lip and palate surgery",2025-08-20 10:39:54.504,
510,EBqVAQRmiPm,HMIS108,HMIS 108 - IPD Monthly Report,m1F0odI3nY6,"108-UG02","108-UG02. Ileostomy surgery",2025-08-20 10:39:54.505,
511,EBqVAQRmiPm,HMIS108,HMIS 108 - IPD Monthly Report,Rcj04tQtE3Z,"108-RM02A","108-RM02a. Septic Arthritis  - Cases",2025-08-20 10:39:54.505,
512,EBqVAQRmiPm,HMIS108,HMIS 108 - IPD Monthly Report,AtqPLxuomkm,"108-NC06B","108-NC06b. Multiple Myeloma  - Deaths",2025-08-20 10:39:54.505,
513,EBqVAQRmiPm,HMIS108,HMIS 108 - IPD Monthly Report,cxckLUMdHIh,"108-ME06a1","108-ME06a1. Acute sepsis Totals  - Cases",2025-08-20 10:39:54.505,
514,EBqVAQRmiPm,HMIS108,HMIS 108 - IPD Monthly Report,kBfGeUictzC,"108-FG01","108-FG01. Barium swallow",2025-08-20 10:39:54.505,
515,EBqVAQRmiPm,HMIS108,HMIS 108 - IPD Monthly Report,mPlRIBh2zlN,"108-IN01b2","108-IN01b2. Motor Cycle  - Deaths",2025-08-20 10:39:54.506,
516,EBqVAQRmiPm,HMIS108,HMIS 108 - IPD Monthly Report,LSrwJqzz8h4,"108-EM01A1_2019","108-EM01a1_2019. Diabetes mellitus (newly diagnosed cases)  - Cases",2025-08-20 10:39:54.506,
517,EBqVAQRmiPm,HMIS108,HMIS 108 - IPD Monthly Report,OeGeSyYymj2,"108-RA03","108-RA03. Plain abdomen",2025-08-20 10:39:54.506,
518,EBqVAQRmiPm,HMIS108,HMIS 108 - IPD Monthly Report,rd0kWjxPK28,"108-NA03","108-NA03. Total number of days spent in ITC  for all clients discharged as cured this month",2025-08-20 10:39:54.506,
519,EBqVAQRmiPm,HMIS108,HMIS 108 - IPD Monthly Report,C5bLe7kUiVm,"108-UG04","108-UG04. Other upper GI surgery",2025-08-20 10:39:54.506,
520,EBqVAQRmiPm,HMIS108,HMIS 108 - IPD Monthly Report,QfhHUEnqqeT,"108-NC05B","108-NC05b. Lymphoma  - Deaths",2025-08-20 10:39:54.506,
521,EBqVAQRmiPm,HMIS108,HMIS 108 - IPD Monthly Report,ZaFyGP34kVV,"108-HF03A","108-HF03a. Crimean-Cong Haemorrhagic Fever  - Cases",2025-08-20 10:39:54.507,
522,EBqVAQRmiPm,HMIS108,HMIS 108 - IPD Monthly Report,vNcebhczYC3,"108-RF03","108-RF03. No. of inpatients who have self-referred",2025-08-20 10:39:54.507,
523,EBqVAQRmiPm,HMIS108,HMIS 108 - IPD Monthly Report,Pg8NJzaXQPP,"108-EM01A2_2019","108-EM01a2_2019. Diabetes mellitus (newly diagnosed cases)  - Deaths",2025-08-20 10:39:54.507,
524,EBqVAQRmiPm,HMIS108,HMIS 108 - IPD Monthly Report,tSQtRbk5LVB,"108-CR03B","108-CR03b. Pulmonary Fibrosis  - Deaths",2025-08-20 10:39:54.507,
525,EBqVAQRmiPm,HMIS108,HMIS 108 - IPD Monthly Report,RFiAvKOyyiy,"108-TS04","108-TS04. Laryngological surgery",2025-08-20 10:39:54.507,
526,EBqVAQRmiPm,HMIS108,HMIS 108 - IPD Monthly Report,QvlggWB62I9,"108-ES01","108-ES01. Thyroidectomy",2025-08-20 10:39:54.507,
527,EBqVAQRmiPm,HMIS108,HMIS 108 - IPD Monthly Report,CUAumK84NhX,"108-CV01b1","108-CV01b1. Hypertension Stage 1&2 -Known cases  - Cases",2025-08-20 10:39:54.508,
1543,ic1BSWhGOso,HMIS1052,"HMIS 105:02-03 - OPD Monthly Report (MCH, FP, EID, EPI & HEPB)",Un1MGK9qAU1,"105-AN35B_2019","105-AN35b_2019. Pregnant women who re-tested later in pregnancy - HIV+ (TRR+)",2025-08-20 11:20:49.013,"2.1"
529,EBqVAQRmiPm,HMIS108,HMIS 108 - IPD Monthly Report,Rpwy5Jk10x9,"108-IN04c1","108-IN04c1. Animal bites - Insects  - Cases",2025-08-20 10:39:54.508,
530,EBqVAQRmiPm,HMIS108,HMIS 108 - IPD Monthly Report,n0EDVq8SomT,"108-RM04B","108-RM04b. Gout  - Deaths",2025-08-20 10:39:54.508,
531,EBqVAQRmiPm,HMIS108,HMIS 108 - IPD Monthly Report,NA5eZeN05j9,"108-LD03A","108-LD03a. Diseases of the skin  - Cases",2025-08-20 10:39:54.508,
532,EBqVAQRmiPm,HMIS108,HMIS 108 - IPD Monthly Report,dln07lFc7V9,"108-NS07","108-NS07. Skull fracture elevation",2025-08-20 10:39:54.508,
533,EBqVAQRmiPm,HMIS108,HMIS 108 - IPD Monthly Report,yRooH6UG4le,"108-MC05B","108-MC05b. Obstructed labour  - Deaths",2025-08-20 10:39:54.509,
536,EBqVAQRmiPm,HMIS108,HMIS 108 - IPD Monthly Report,G0iJ46ccCdb,"108-NA01A3_2019","108-NA01a3_2019. Total number of female SAM admissions in ITC",2025-08-20 10:39:54.509,
537,EBqVAQRmiPm,HMIS108,HMIS 108 - IPD Monthly Report,KITTv63Kn1I,"108-OS07_2019","108-OS07_2019. Excision biopsy of tumour",2025-08-20 10:39:54.509,
538,EBqVAQRmiPm,HMIS108,HMIS 108 - IPD Monthly Report,DKqHUFbWRTP,"108-NA01C3_2019","108-NA01c3_2019. No. of female readmissions into ITC this month-relapses",2025-08-20 10:39:54.509,
539,EBqVAQRmiPm,HMIS108,HMIS 108 - IPD Monthly Report,VDGy92JtHYf,"108-NC09A","108-NC09a. Liver cirrhosis related to other causes  - Cases",2025-08-20 10:39:54.510,
540,EBqVAQRmiPm,HMIS108,HMIS 108 - IPD Monthly Report,CxmadI5pAA1,"108-PT08","108-PT08. Other conditions",2025-08-20 10:39:54.510,
541,EBqVAQRmiPm,HMIS108,HMIS 108 - IPD Monthly Report,IYWgEa8BVrm,"108-SP04","108-SP04. Other Obstetric Surgery",2025-08-20 10:39:54.510,
542,EBqVAQRmiPm,HMIS108,HMIS 108 - IPD Monthly Report,yfvpymADFUU,"108-NC01B","108-NC01b. Haematological Diseases  - Deaths",2025-08-20 10:39:54.510,
543,EBqVAQRmiPm,HMIS108,HMIS 108 - IPD Monthly Report,aU1fTAAnFqm,"108-RF01","108-RF01. No. of Inpatients referred from this health unit",2025-08-20 10:39:54.510,
544,EBqVAQRmiPm,HMIS108,HMIS 108 - IPD Monthly Report,Cf7Hkr5CAoY,"108-IN04c2","108-IN04c2. Animal bites - Insects  - Deaths",2025-08-20 10:39:54.510,
545,EBqVAQRmiPm,HMIS108,HMIS 108 - IPD Monthly Report,Mp7O6KtbGlI,"108-CR04B_2019","108-CR04b_2019. Post TB Lung disease  - Deaths",2025-08-20 10:39:54.510,
546,EBqVAQRmiPm,HMIS108,HMIS 108 - IPD Monthly Report,At85qp2WnZz,"108-MH16","108-MH16. Substance (Drug) use Disorder",2025-08-20 10:39:54.511,
547,EBqVAQRmiPm,HMIS108,HMIS 108 - IPD Monthly Report,jqpTQUwkCNQ,"108-WS02","108-WS02. Postoperative (T-tube) cholangiography",2025-08-20 10:39:54.511,
548,EBqVAQRmiPm,HMIS108,HMIS 108 - IPD Monthly Report,ohXcG1L3DqI,"108-PR04","108-PR04. Burns management",2025-08-20 10:39:54.511,
549,EBqVAQRmiPm,HMIS108,HMIS 108 - IPD Monthly Report,tmAMPUwLMhD,"108-MC08A","108-MC08a. Obstetric Fistula  - Cases",2025-08-20 10:39:54.511,
550,EBqVAQRmiPm,HMIS108,HMIS 108 - IPD Monthly Report,idmpo87icoK,"108-CR02","108-CR02. Rectal Cancer Surgery",2025-08-20 10:39:54.512,
551,EBqVAQRmiPm,HMIS108,HMIS 108 - IPD Monthly Report,peCnN1t4pJa,"108-MH13","108-MH13. Other Adult Mental Health Conditions",2025-08-20 10:39:54.512,
552,EBqVAQRmiPm,HMIS108,HMIS 108 - IPD Monthly Report,Uy4JaNUAtmr,"108-ND01A_2019","108-ND01a_2019. Neonatal Sepsis 0-7days  - Cases",2025-08-20 10:39:54.513,
553,EBqVAQRmiPm,HMIS108,HMIS 108 - IPD Monthly Report,wgTZIEsmSny,"108-EC06B","108-EC06b. Tumours  - Deaths",2025-08-20 10:39:54.513,
554,EBqVAQRmiPm,HMIS108,HMIS 108 - IPD Monthly Report,ygTNuKLb0Vy,"108-LD02B","108-LD02b. Diseases of the appendix  - Deaths",2025-08-20 10:39:54.513,
555,EBqVAQRmiPm,HMIS108,HMIS 108 - IPD Monthly Report,RsEkchIdMIf,"108-TS10","108-TS10. Nasal fractures",2025-08-20 10:39:54.514,
556,EBqVAQRmiPm,HMIS108,HMIS 108 - IPD Monthly Report,iAO5o2Kaymt,"108-ND11A2","108-ND11a2. Source of Warmth - KMC(<2.5kgs)",2025-08-20 10:39:54.514,
557,EBqVAQRmiPm,HMIS108,HMIS 108 - IPD Monthly Report,dysKhRPVuDG,"108-NA01A2_2019","108-NA01a2_2019. Total number of male SAM admissions in ITC",2025-08-20 10:39:54.514,
558,EBqVAQRmiPm,HMIS108,HMIS 108 - IPD Monthly Report,BPsIQouk7LK,"108-MC05A","108-MC05a. Obstructed labour  - Cases",2025-08-20 10:39:54.514,
559,EBqVAQRmiPm,HMIS108,HMIS 108 - IPD Monthly Report,phbDnO5BOTI,"108-NC08A","108-NC08a. Liver cirrhosis related to alcohol  - Cases",2025-08-20 10:39:54.514,
560,EBqVAQRmiPm,HMIS108,HMIS 108 - IPD Monthly Report,z69FgLBBCGZ,"108-CA06B","108-CA06b. Multiple Myeloma - Deaths",2025-08-20 10:39:54.514,
561,EBqVAQRmiPm,HMIS108,HMIS 108 - IPD Monthly Report,lU90CM3Irg8,"108-RM07B","108-RM07b. Monoarthritis unspecified  - Deaths",2025-08-20 10:39:54.515,
562,EBqVAQRmiPm,HMIS108,HMIS 108 - IPD Monthly Report,JmFsHeCFDVq,"108-MH15","108-MH15. Alcohol Use Disorder",2025-08-20 10:39:54.515,
563,EBqVAQRmiPm,HMIS108,HMIS 108 - IPD Monthly Report,EKcnRWonQBp,"108-MH22","108-MH22. Learning Disability",2025-08-20 10:39:54.515,
564,EBqVAQRmiPm,HMIS108,HMIS 108 - IPD Monthly Report,DGz8vjuaY5x,"108-OR04","108-OR04. Amputation",2025-08-20 10:39:54.516,
565,EBqVAQRmiPm,HMIS108,HMIS 108 - IPD Monthly Report,S2el0LizOtm,"108-IN04b1","108-IN04b1. Animal bites - Wild  - Cases",2025-08-20 10:39:54.516,
566,EBqVAQRmiPm,HMIS108,HMIS 108 - IPD Monthly Report,LO7YR6ZoUju,"108-GC01A","108-GC01a. Other Gynaecological conditions  - Cases",2025-08-20 10:39:54.516,
567,EBqVAQRmiPm,HMIS108,HMIS 108 - IPD Monthly Report,xnnnkXJG3fn,"108-MH26","108-MH26. Sleep Disorders",2025-08-20 10:39:54.516,
568,EBqVAQRmiPm,HMIS108,HMIS 108 - IPD Monthly Report,HOhljVgTvSL,"108-ES03","108-ES03. Other endocrine surgery",2025-08-20 10:39:54.517,
569,EBqVAQRmiPm,HMIS108,HMIS 108 - IPD Monthly Report,qFwOlUTz4Hd,"108-GD09B","108-GD09b. Varices (oesophageal or gastric)  - Deaths",2025-08-20 10:39:54.517,
535,EBqVAQRmiPm,HMIS108,HMIS 108 - IPD Monthly Report,tmozIFXxpia,"108-CD08A","108-CD08a. Pyrexia of unknown origin (PUO)  - Cases",2025-08-20 10:39:54.509,"1.3.2"
570,EBqVAQRmiPm,HMIS108,HMIS 108 - IPD Monthly Report,g3KLTAJ73y4,"108-EC05A","108-EC05a. Trachoma  - Cases",2025-08-20 10:39:54.517,
571,EBqVAQRmiPm,HMIS108,HMIS 108 - IPD Monthly Report,Ve2aozpWDuB,"108-CA09B","108-CA09b. Skin Cancer - Deaths",2025-08-20 10:39:54.517,
572,EBqVAQRmiPm,HMIS108,HMIS 108 - IPD Monthly Report,gXSzqABNyvn,"108-MH24","108-MH24. Eating disorders (anorexia, Bulimia, other feeding",2025-08-20 10:39:54.517,
573,EBqVAQRmiPm,HMIS108,HMIS 108 - IPD Monthly Report,AY2Uuk5EFXu,"108-MG03B","108-MG03b. Cryptoccocal Meningitis  - Deaths",2025-08-20 10:39:54.518,
574,EBqVAQRmiPm,HMIS108,HMIS 108 - IPD Monthly Report,DzHeCMVkkX9,"108-TS08","108-TS08. FB bronchus",2025-08-20 10:39:54.518,
575,EBqVAQRmiPm,HMIS108,HMIS 108 - IPD Monthly Report,aYWNhfQt1f4,"108-HF04B","108-HF04b. Other Viral Hemorrhagic Fevers (Specify)  - Deaths",2025-08-20 10:39:54.518,
576,EBqVAQRmiPm,HMIS108,HMIS 108 - IPD Monthly Report,pEZczKZAAIy,"108-NC02A","108-NC02a. Sickle cell disease  - Cases",2025-08-20 10:39:54.518,
577,EBqVAQRmiPm,HMIS108,HMIS 108 - IPD Monthly Report,yV4hWa8938u,"108-CA22B","108-CA22b. Rhabdomyosarcoma Cancer -Deaths",2025-08-20 10:39:54.518,
578,EBqVAQRmiPm,HMIS108,HMIS 108 - IPD Monthly Report,DQdnYmcfOnt,"108-ND01B","108-ND01b. Neonatal Admissions(<2.5kgs)",2025-08-20 10:39:54.518,
579,EBqVAQRmiPm,HMIS108,HMIS 108 - IPD Monthly Report,GgegJ0u8RNy,"108-GC03b_2019","108-GC03b_2019. Cancer of the breast (Deaths)",2025-08-20 10:39:54.518,
580,EBqVAQRmiPm,HMIS108,HMIS 108 - IPD Monthly Report,gvQM2vI6GKw,"108-PS07","108-PS07.Stoma placement",2025-08-20 10:39:54.519,
581,EBqVAQRmiPm,HMIS108,HMIS 108 - IPD Monthly Report,tUj0laRvwHM,"108-WS03","108-WS03. Percutaneous extraction of retained biliary calculi",2025-08-20 10:39:54.519,
582,EBqVAQRmiPm,HMIS108,HMIS 108 - IPD Monthly Report,FrYhWkEihGx,"108-ND10B1","108-ND10b1. Other Congenital anomalies(<2.5kgs) - Cases",2025-08-20 10:39:54.519,
583,EBqVAQRmiPm,HMIS108,HMIS 108 - IPD Monthly Report,aJI7aoGUzpF,"108-ND12A","108-ND12a. Respiratory Support (CPAP)(Total)",2025-08-20 10:39:54.519,
584,EBqVAQRmiPm,HMIS108,HMIS 108 - IPD Monthly Report,w4H7WVVREEz,"108-GD01A","108-GD01a. Abdominal Pain  - Cases",2025-08-20 10:39:54.520,
585,EBqVAQRmiPm,HMIS108,HMIS 108 - IPD Monthly Report,TZaJLK2Wye7,"108-NA01b","108-NA01b. No. of SAM Clients in ITC this month - New Admissions",2025-08-20 10:39:54.520,
586,EBqVAQRmiPm,HMIS108,HMIS 108 - IPD Monthly Report,zii7ZA2vBlv,"108-NC03B","108-NC03b. Other Haematological - Deaths",2025-08-20 10:39:54.520,
587,EBqVAQRmiPm,HMIS108,HMIS 108 - IPD Monthly Report,YKBOIwmeplt,"108-RM01B","108-RM01b. Rheumatoid Arthritis  - Deaths",2025-08-20 10:39:54.521,
588,EBqVAQRmiPm,HMIS108,HMIS 108 - IPD Monthly Report,tXnOKJkOPvJ,"108-ME03B","108-ME03b. Gastro-intestinal bleeding  - Deaths",2025-08-20 10:39:54.521,
589,EBqVAQRmiPm,HMIS108,HMIS 108 - IPD Monthly Report,XBb2jUyTZKR,"108-GD05A","108-GD05a. Chronic Liver Disease  - Cases",2025-08-20 10:39:54.522,
590,EBqVAQRmiPm,HMIS108,HMIS 108 - IPD Monthly Report,YsQ07TQ4xKd,"108-ND09B2","108-ND09b2. Congenital anomalies (Club foot) (<2.5kgs) - Deaths",2025-08-20 10:39:54.522,
591,EBqVAQRmiPm,HMIS108,HMIS 108 - IPD Monthly Report,BRUt7It9I2B,"108-TX05A","108-TX05a. Poison of unknown etiology  - Cases",2025-08-20 10:39:54.523,
592,EBqVAQRmiPm,HMIS108,HMIS 108 - IPD Monthly Report,pSeaUc8uGfR,"108-CR02A","108-CR02a. Chronic Obstructive Pulmonary Diseases (COPD)  - Cases",2025-08-20 10:39:54.523,
593,EBqVAQRmiPm,HMIS108,HMIS 108 - IPD Monthly Report,afhCurNrWoD,"108-GC03a_2019","108-GC03a_2019. Cancer of the breast (Cases)",2025-08-20 10:39:54.523,
594,EBqVAQRmiPm,HMIS108,HMIS 108 - IPD Monthly Report,WHNUWBXbXoD,"108-MR01","108-MR01. Brain",2025-08-20 10:39:54.523,
595,EBqVAQRmiPm,HMIS108,HMIS 108 - IPD Monthly Report,w0WtgT6SgZa,"108-CA20A","108-CA20a. Penile Cancer- Cases",2025-08-20 10:39:54.524,
596,EBqVAQRmiPm,HMIS108,HMIS 108 - IPD Monthly Report,mKY7DVqHCC6,"108-PT07","108-PT07. Sensory",2025-08-20 10:39:54.524,
597,EBqVAQRmiPm,HMIS108,HMIS 108 - IPD Monthly Report,MmGY4GKQ08E,"108-OC04_2019","108-OC04_2019. Oculoplasty",2025-08-20 10:39:54.524,
598,EBqVAQRmiPm,HMIS108,HMIS 108 - IPD Monthly Report,KuTXtcHhm6r,"105-CA13B","108-CA13b. Oesophageal Cancer - Deaths",2025-08-20 10:39:54.524,
599,EBqVAQRmiPm,HMIS108,HMIS 108 - IPD Monthly Report,ThcfDagtF5Z,"108-OM09","108-OM09. Other oral & maxillofacial surgery",2025-08-20 10:39:54.524,
600,EBqVAQRmiPm,HMIS108,HMIS 108 - IPD Monthly Report,Sa8LzYtZvy6,"108-GD03B","108-GD03b. Peptic Ulcer Disease  - Deaths",2025-08-20 10:39:54.524,
601,EBqVAQRmiPm,HMIS108,HMIS 108 - IPD Monthly Report,xIDIBhREMyw,"108-HP01A","108-HP01a. Liver cirrhosis related to HBV  - Cases",2025-08-20 10:39:54.525,
602,EBqVAQRmiPm,HMIS108,HMIS 108 - IPD Monthly Report,jRpz78CUX9D,"108-OM02","108-OM02. Salivary gland surgery",2025-08-20 10:39:54.525,
603,EBqVAQRmiPm,HMIS108,HMIS 108 - IPD Monthly Report,Xo9NH4cCUo7,"108-PS10_2019","108-PS10_2019. Congenital hernia repair",2025-08-20 10:39:54.525,
604,EBqVAQRmiPm,HMIS108,HMIS 108 - IPD Monthly Report,rRJTO2ZWPCb,"108-OS02_2019","108-OS02_2019. Total Mandibulectomy",2025-08-20 10:39:54.525,
605,EBqVAQRmiPm,HMIS108,HMIS 108 - IPD Monthly Report,VwhQY87SKV1,"108-NS03_2019","108-NS03_2019. Cranioplasty",2025-08-20 10:39:54.525,
607,EBqVAQRmiPm,HMIS108,HMIS 108 - IPD Monthly Report,VR6h1H5OWK3,"108-CA23B","108-CA23b. Retinoblastoma Cancer -Deaths",2025-08-20 10:39:54.526,
608,EBqVAQRmiPm,HMIS108,HMIS 108 - IPD Monthly Report,lK5C48YJcUQ,"108-CA17","108-CA17.  Pharyngeal Cancers- Cases",2025-08-20 10:39:54.526,
609,EBqVAQRmiPm,HMIS108,HMIS 108 - IPD Monthly Report,HKY8BpjpV5k,"108-WS01","108-WS01. Pre-operative cholangiography",2025-08-20 10:39:54.526,
610,EBqVAQRmiPm,HMIS108,HMIS 108 - IPD Monthly Report,QfUyv22js0T,"108-NC03A","108-NC03a. Other Haematological - Cases",2025-08-20 10:39:54.526,
611,EBqVAQRmiPm,HMIS108,HMIS 108 - IPD Monthly Report,gAQ2gtcTQhm,"108-HP03B","108-HP03b. Acute Hepatitis - Deaths",2025-08-20 10:39:54.526,
612,EBqVAQRmiPm,HMIS108,HMIS 108 - IPD Monthly Report,WOIQPJ0Q4ch,"108-PR02","108-PR02. Release of contractures (burns)",2025-08-20 10:39:54.526,
613,EBqVAQRmiPm,HMIS108,HMIS 108 - IPD Monthly Report,QmlhUL99jdt,"108-MC03A","108-MC03a. Malaria in pregnancy  - Cases",2025-08-20 10:39:54.526,
614,EBqVAQRmiPm,HMIS108,HMIS 108 - IPD Monthly Report,HbYbBXc0iwg,"108-LD08A","108-LD08a. Benign neoplasm-s (all types)  - Cases",2025-08-20 10:39:54.527,
615,EBqVAQRmiPm,HMIS108,HMIS 108 - IPD Monthly Report,EDfiff7Yyw9,"108-OS03_2019","108-OS03_2019. Segmental Resection of Mandible",2025-08-20 10:39:54.527,
616,EBqVAQRmiPm,HMIS108,HMIS 108 - IPD Monthly Report,zTP8AouOl6o,"108-IM03","108-IM03. Fluoroscopy",2025-08-20 10:39:54.527,
617,EBqVAQRmiPm,HMIS108,HMIS 108 - IPD Monthly Report,KbjnNpQmoYy,"108-UT01","108-UT01. No. of units requested",2025-08-20 10:39:54.527,
618,EBqVAQRmiPm,HMIS108,HMIS 108 - IPD Monthly Report,Z3XjnRKouCJ,"108-MH19","108-MH19. Autism spectrum disorders",2025-08-20 10:39:54.527,
619,EBqVAQRmiPm,HMIS108,HMIS 108 - IPD Monthly Report,lGxp2j4EdZk,"108-AP03","108-AP03. Vision",2025-08-20 10:39:54.528,
620,EBqVAQRmiPm,HMIS108,HMIS 108 - IPD Monthly Report,thUG7gedVE8,"108-CA12A","108-CA12a. Other forms of lymphomas - Cases",2025-08-20 10:39:54.528,
621,EBqVAQRmiPm,HMIS108,HMIS 108 - IPD Monthly Report,IfthLzsKFQy,"108-OR04_2019","108-OR04_2019. Arthrotomy",2025-08-20 10:39:54.529,
622,EBqVAQRmiPm,HMIS108,HMIS 108 - IPD Monthly Report,S4B7SNssEeo,"108-LD04B","108-LD04b. Muscular skeletal and connective tissue diseases  - Deaths",2025-08-20 10:39:54.529,
623,EBqVAQRmiPm,HMIS108,HMIS 108 - IPD Monthly Report,dlMzl3BN7PQ,"108-CI07","108-CI07. Bed occupancy",2025-08-20 10:39:54.529,
624,EBqVAQRmiPm,HMIS108,HMIS 108 - IPD Monthly Report,TYA1arMDs70,"108-MC09B","108-MC09b. No. of women diagnosed with fistula and treated by catheter  - Deaths",2025-08-20 10:39:54.530,
625,EBqVAQRmiPm,HMIS108,HMIS 108 - IPD Monthly Report,BtCpvBuxPGW,"108-ND08A2","108-ND08a2. Premature baby (as condition that requires Mgt)(Total) - Deaths",2025-08-20 10:39:54.530,
1553,ic1BSWhGOso,HMIS1052,"HMIS 105:02-03 - OPD Monthly Report (MCH, FP, EID, EPI & HEPB)",fpqDkJLzPhp,"105-AN27","105-AN27. Number of discordant couple identified in ANC",2025-08-20 11:20:49.015,"2.1"
627,EBqVAQRmiPm,HMIS108,HMIS 108 - IPD Monthly Report,rkp8brCFwTS,"108-CV08a","108-CV08a. Congenital Heart Diseases  - Cases",2025-08-20 10:39:54.531,
628,EBqVAQRmiPm,HMIS108,HMIS 108 - IPD Monthly Report,HyGhE244Xpy,"108-BS02","108-BS02. Other breast surgery",2025-08-20 10:39:54.531,
629,EBqVAQRmiPm,HMIS108,HMIS 108 - IPD Monthly Report,rrCNknVDR4M,"108-GN05","108-GN05. Laparotomy for ectopic pregnancy",2025-08-20 10:39:54.531,
630,EBqVAQRmiPm,HMIS108,HMIS 108 - IPD Monthly Report,II4l1baVtAy,"108-UR15_2019","108-UR15_2019. Hypospadias repair",2025-08-20 10:39:54.532,
631,EBqVAQRmiPm,HMIS108,HMIS 108 - IPD Monthly Report,BDxKZh3eFcR,"108-CV07B_2019","108-CV07b_2019. Chronic Heart Diseases  - Deaths",2025-08-20 10:39:54.532,
632,EBqVAQRmiPm,HMIS108,HMIS 108 - IPD Monthly Report,JcKxXChRZIn,"108-PS06","108-PS06. Gastroschisis repair",2025-08-20 10:39:54.532,
633,EBqVAQRmiPm,HMIS108,HMIS 108 - IPD Monthly Report,zkn2qShb3US,"108-MC01B","108-MC01b. Abortions due to Gender Based Violence (GBV)  - Deaths",2025-08-20 10:39:54.532,
634,EBqVAQRmiPm,HMIS108,HMIS 108 - IPD Monthly Report,HQ6yO2v07qc,"108-UL08","108-UL08. Vascular",2025-08-20 10:39:54.532,
636,EBqVAQRmiPm,HMIS108,HMIS 108 - IPD Monthly Report,sDLD6q8wOCn,"108-SP01","108-SP01. Caesarean sections",2025-08-20 10:39:54.533,
637,EBqVAQRmiPm,HMIS108,HMIS 108 - IPD Monthly Report,jo4anAK0YTh,"108-WS04","108-WS04. Endoscopic retrograde cholangio pancreatography (ERCP)",2025-08-20 10:39:54.533,
639,EBqVAQRmiPm,HMIS108,HMIS 108 - IPD Monthly Report,fK0miFW7Gws,"108-LD07A","108-LD07a. Complications of medical and surgical care  - Cases",2025-08-20 10:39:54.533,
640,EBqVAQRmiPm,HMIS108,HMIS 108 - IPD Monthly Report,ywWQTpGVgfY,"108-GC01","108-GC01a. Pelvic Inflammatory Disease (PID)  - Cases",2025-08-20 10:39:54.534,
641,EBqVAQRmiPm,HMIS108,HMIS 108 - IPD Monthly Report,Pj6hUQdwJpS,"108-ND05A2","108-ND05a2. Neonatal Sepsis(Total)- Deaths",2025-08-20 10:39:54.534,
642,EBqVAQRmiPm,HMIS108,HMIS 108 - IPD Monthly Report,vyOajQA5xTu,"108-CI03","108-CI03. No. of deaths",2025-08-20 10:39:54.534,
643,EBqVAQRmiPm,HMIS108,HMIS 108 - IPD Monthly Report,rEc5mpcLOh1,"108-EC05B","108-EC05b. Trachoma  - Deaths",2025-08-20 10:39:54.534,
644,EBqVAQRmiPm,HMIS108,HMIS 108 - IPD Monthly Report,IwEJq5Jsfid,"108-GD14B_2019","108-GD14b_2019. Others (specify)  - Deaths",2025-08-20 10:39:54.534,
645,EBqVAQRmiPm,HMIS108,HMIS 108 - IPD Monthly Report,irvbsJsCKSX,"108-GI10_2019","108-GI10_2019. Colostomy",2025-08-20 10:39:54.534,
646,EBqVAQRmiPm,HMIS108,HMIS 108 - IPD Monthly Report,C1xDbL0qtLC,"108-GC02A","108-GC02a. Uterine Fibroids  - Cases",2025-08-20 10:39:54.535,
647,EBqVAQRmiPm,HMIS108,HMIS 108 - IPD Monthly Report,wzlKfcpShtJ,"108-OD03A","108-OD03a. Jaw injuries  - Cases",2025-08-20 10:39:54.535,
648,EBqVAQRmiPm,HMIS108,HMIS 108 - IPD Monthly Report,ltA8M9atTR1,"108-NA01c","108-NA01c. No. of SAM Clients in ITC this month - Re-Admissions (Relapse)",2025-08-20 10:39:54.535,
649,EBqVAQRmiPm,HMIS108,HMIS 108 - IPD Monthly Report,V4e4taKv2AA,"108-CR04","108-CR04. Appendicectomy",2025-08-20 10:39:54.535,
650,EBqVAQRmiPm,HMIS108,HMIS 108 - IPD Monthly Report,dcLQBgJ6shF,"108-CV09b","108-CV09b.Peripheral Artery Disease (PAD)-Deaths",2025-08-20 10:39:54.536,
651,EBqVAQRmiPm,HMIS108,HMIS 108 - IPD Monthly Report,P0ClXAhllg9,"108-TS06","108-TS06. ENT endoscopic surgery",2025-08-20 10:39:54.536,
652,EBqVAQRmiPm,HMIS108,HMIS 108 - IPD Monthly Report,ZIlLc6OJZue,"108-NR02A","108-NR02a. Epilepsy  - Cases",2025-08-20 10:39:54.536,
653,EBqVAQRmiPm,HMIS108,HMIS 108 - IPD Monthly Report,ByBrKCeV16r,"108-HF06A2","108-HF06a2. Adverse Events Following Immunization (AEFI) - Non serious  - Cases",2025-08-20 10:39:54.536,
654,EBqVAQRmiPm,HMIS108,HMIS 108 - IPD Monthly Report,aAOrgaWlle1,"108-CA14A_2019","108-CA14a_2019. Hepatocellular carcinoma  - Cases",2025-08-20 10:39:54.537,
655,EBqVAQRmiPm,HMIS108,HMIS 108 - IPD Monthly Report,ZlmtbTF2ASR,"108-ND07B_2019","108-ND07b_2019. Other Neonatal Conditions  - Deaths",2025-08-20 10:39:54.537,
657,EBqVAQRmiPm,HMIS108,HMIS 108 - IPD Monthly Report,xvcx2X32983,"108-CV04B","108-CV04b. Heart failure  - Deaths",2025-08-20 10:39:54.538,
658,EBqVAQRmiPm,HMIS108,HMIS 108 - IPD Monthly Report,eCmR63qiibD,"108-HF06A1","108-HF06a1. Adverse Events Following Immunization (AEFI) - Serious  - Cases",2025-08-20 10:39:54.538,
659,EBqVAQRmiPm,HMIS108,HMIS 108 - IPD Monthly Report,HpYivdZS2l8,"108-ME01B","108-ME01b. Cerebro-vascular events  - Deaths",2025-08-20 10:39:54.539,
660,EBqVAQRmiPm,HMIS108,HMIS 108 - IPD Monthly Report,g62Xw2WokMQ,"108-NA04_2019","108-NA04_2019. Total number of days spent in ITC  for all clients discharged as cured this month",2025-08-20 10:39:54.539,
661,EBqVAQRmiPm,HMIS108,HMIS 108 - IPD Monthly Report,ORdlcBTzOgk,"108-CR04A","108-CR04a.Other chronic respiratery diseases - Cases",2025-08-20 10:39:54.539,
662,EBqVAQRmiPm,HMIS108,HMIS 108 - IPD Monthly Report,C5dcyGU9i66,"108-UR03_2019","108-UR03_2019. Endo-urology",2025-08-20 10:39:54.540,
663,EBqVAQRmiPm,HMIS108,HMIS 108 - IPD Monthly Report,iijcLVV5qaL,"108-EM03B","108-EM03b. Other Endocrine and metabolic disorders  - Deaths",2025-08-20 10:39:54.540,
664,EBqVAQRmiPm,HMIS108,HMIS 108 - IPD Monthly Report,NiFpmskP3EW,"108-MC06B","108-MC06b. Haemorrhage related to pregnancy (APH or PPH)  - Deaths",2025-08-20 10:39:54.540,
665,EBqVAQRmiPm,HMIS108,HMIS 108 - IPD Monthly Report,yMSYuGrhzXI,"108-IM02","108-IM02. CT guided",2025-08-20 10:39:54.541,
666,EBqVAQRmiPm,HMIS108,HMIS 108 - IPD Monthly Report,EUab6vIaeg1,"108-ND05A1","108-ND05a1. Neonatal Sepsis(Total) - Cases",2025-08-20 10:39:54.541,
667,EBqVAQRmiPm,HMIS108,HMIS 108 - IPD Monthly Report,U8YFuKAmbGO,"108-PS05","108-PS05. Ramstedt's pyloromyotomy",2025-08-20 10:39:54.541,
668,EBqVAQRmiPm,HMIS108,HMIS 108 - IPD Monthly Report,jSC9Uwyvrc3,"108-NR01A","108-NR01a. Headache  - Cases",2025-08-20 10:39:54.541,
669,EBqVAQRmiPm,HMIS108,HMIS 108 - IPD Monthly Report,LPlsVhadZbb,"108-EC06A","108-EC06a. Tumours  - Cases",2025-08-20 10:39:54.541,
670,EBqVAQRmiPm,HMIS108,HMIS 108 - IPD Monthly Report,K0kWyPsTdeW,"108-CA15","108-CA15. Benign Prostate Hyperplasia- Cases",2025-08-20 10:39:54.542,
671,EBqVAQRmiPm,HMIS108,HMIS 108 - IPD Monthly Report,zeWfiZxvpyo,"108-CI04","108-CI04. Patient days",2025-08-20 10:39:54.542,
635,EBqVAQRmiPm,HMIS108,HMIS 108 - IPD Monthly Report,O3ob0D3j0jh,"108-CD13A","108-CD13a. Tetanus (over 28 days age)  - Cases",2025-08-20 10:39:54.532,"1.3.2"
638,EBqVAQRmiPm,HMIS108,HMIS 108 - IPD Monthly Report,nWV5jl8Zc5q,"108-CD09A","108-CD09a. TB  - Cases",2025-08-20 10:39:54.533,"1.3.2"
672,EBqVAQRmiPm,HMIS108,HMIS 108 - IPD Monthly Report,Rp34ZFo33hs,"108-CT07","108-CT07. Limbs",2025-08-20 10:39:54.542,
673,EBqVAQRmiPm,HMIS108,HMIS 108 - IPD Monthly Report,cs3kZ6uMBay,"108-RR02","108-RR02. Referral for rehabilitation services",2025-08-20 10:39:54.542,
674,EBqVAQRmiPm,HMIS108,HMIS 108 - IPD Monthly Report,pHYEZh01ziY,"108-PS07_2019","108-PS07_2019. Diaphragmatic hernia repair",2025-08-20 10:39:54.542,
675,EBqVAQRmiPm,HMIS108,HMIS 108 - IPD Monthly Report,bc3yiLh7BDD,"108-CS05","108-CS05. Chest tube insertion",2025-08-20 10:39:54.542,
676,EBqVAQRmiPm,HMIS108,HMIS 108 - IPD Monthly Report,mGC9ciByZZl,"108-NC05A","108-NC05a. Lymphoma  - Cases",2025-08-20 10:39:54.542,
677,EBqVAQRmiPm,HMIS108,HMIS 108 - IPD Monthly Report,qwPxn9Worvq,"108-GC02B","108-GC02b. Uterine Fibroids  - Deaths",2025-08-20 10:39:54.543,
678,EBqVAQRmiPm,HMIS108,HMIS 108 - IPD Monthly Report,EhKuP4LgnGA,"108-OC05_2019","108-OC05_2019. Eye lid Operation",2025-08-20 10:39:54.543,
679,EBqVAQRmiPm,HMIS108,HMIS 108 - IPD Monthly Report,RkhwAIeNXGh,"108-ND09B1","108-ND09b1. Congenital anomalies (Club foot) (<2.5kgs) - Cases",2025-08-20 10:39:54.543,
680,EBqVAQRmiPm,HMIS108,HMIS 108 - IPD Monthly Report,TZhF5Ygb0s6,"108-EC09B","108-EC09b. Other eye conditions  - Deaths",2025-08-20 10:39:54.543,
681,EBqVAQRmiPm,HMIS108,HMIS 108 - IPD Monthly Report,ZjntwzGg2Xr,"108-UR08","108-UR08. Trauma (urethral)",2025-08-20 10:39:54.544,
682,EBqVAQRmiPm,HMIS108,HMIS 108 - IPD Monthly Report,TWbdyLvcknX,"108-TX02B","108-TX02b. Drug overdose  - Deaths",2025-08-20 10:39:54.544,
683,EBqVAQRmiPm,HMIS108,HMIS 108 - IPD Monthly Report,OHZWY18Tn6S,"108-CA15B","108-CA15. Benign Prostate Hyperplasia- Deaths",2025-08-20 10:39:54.544,
684,EBqVAQRmiPm,HMIS108,HMIS 108 - IPD Monthly Report,sOJDZJ4r6vH,"108-MH07","108-MH07. HIV related psychosis",2025-08-20 10:39:54.544,
685,EBqVAQRmiPm,HMIS108,HMIS 108 - IPD Monthly Report,krBQ4OPkGHt,"108-CT04","108-CT04. Chest",2025-08-20 10:39:54.544,
686,EBqVAQRmiPm,HMIS108,HMIS 108 - IPD Monthly Report,L6wdIbx613d,"105-CA13a","108-CA13a. Oesophageal Cancer - Cases",2025-08-20 10:39:54.544,
687,EBqVAQRmiPm,HMIS108,HMIS 108 - IPD Monthly Report,qBYowPpvLjH,"108-ND02B1","108-ND02b1. Birth Asphyxia (HIE) (<2.5kgs)- Cases",2025-08-20 10:39:54.544,
688,EBqVAQRmiPm,HMIS108,HMIS 108 - IPD Monthly Report,yAYDE41DniJ,"108-ND05B_2019","108-ND05b_2019. Neonatal Jaundice  - Deaths",2025-08-20 10:39:54.545,
689,EBqVAQRmiPm,HMIS108,HMIS 108 - IPD Monthly Report,cNEqr3S2KqO,"108-NA02A2_2019","108-NA02a2_2019. No. of male SAM clients succesfully treated this month",2025-08-20 10:39:54.545,
690,EBqVAQRmiPm,HMIS108,HMIS 108 - IPD Monthly Report,D7qvycaK9lD,"108-CV05A","108-CV05a. Ischemic Heart Diseases  - Cases",2025-08-20 10:39:54.545,
691,EBqVAQRmiPm,HMIS108,HMIS 108 - IPD Monthly Report,TOyterBj30O,"108-OC02","108-OC02. Glaucoma Surgery",2025-08-20 10:39:54.545,
692,EBqVAQRmiPm,HMIS108,HMIS 108 - IPD Monthly Report,S1YHBvo1SVX,"108-CA17B","108-CA17. Pharyngeal Cancers- Deaths",2025-08-20 10:39:54.545,
693,EBqVAQRmiPm,HMIS108,HMIS 108 - IPD Monthly Report,Qm3xIWNrswZ,"108-GI09_2019","108-GI09_2019. Endoscopic Surgery",2025-08-20 10:39:54.545,
694,EBqVAQRmiPm,HMIS108,HMIS 108 - IPD Monthly Report,r88aHyDdGzG,"108-ND10A2","108-ND10a2. Other Congenital anomalies(Total) - Deaths",2025-08-20 10:39:54.546,
695,EBqVAQRmiPm,HMIS108,HMIS 108 - IPD Monthly Report,aqLds1sPJcw,"108-RT07","108-RT07. Iron Deficiency Anaemia (IDA)",2025-08-20 10:39:54.546,
696,EBqVAQRmiPm,HMIS108,HMIS 108 - IPD Monthly Report,iturQyW99RW,"108-UR13_2019","108-UR13_2019. Genitoplasty",2025-08-20 10:39:54.546,
697,EBqVAQRmiPm,HMIS108,HMIS 108 - IPD Monthly Report,wtCYH8ZPgo0,"108-NA02B1_2019","108-NA02b1_2019. No. of SAM clients who defaulted from care this month",2025-08-20 10:39:54.546,
698,EBqVAQRmiPm,HMIS108,HMIS 108 - IPD Monthly Report,Qe8yHVdy35G,"108-CV09a.","108-CV09a. Peripheral Artery Disease (PAD)  - Cases",2025-08-20 10:39:54.546,
699,EBqVAQRmiPm,HMIS108,HMIS 108 - IPD Monthly Report,Qkl3YRnIYeH,"108-LD02A","108-LD02a. Diseases of the appendix  - Cases",2025-08-20 10:39:54.546,
700,EBqVAQRmiPm,HMIS108,HMIS 108 - IPD Monthly Report,xfdupdekZgg,"108-MR03","108-MR03. Abdomen",2025-08-20 10:39:54.547,
701,EBqVAQRmiPm,HMIS108,HMIS 108 - IPD Monthly Report,B84rSoVL685,"108-CA14B","108-CA14b. Urogenital Cancer - Deaths",2025-08-20 10:39:54.547,
702,EBqVAQRmiPm,HMIS108,HMIS 108 - IPD Monthly Report,KfnSCoFlDnU,"108-NA01a","108-NA01a. No. of SAM Clients in ITC this month - Active from previous month",2025-08-20 10:39:54.547,
703,EBqVAQRmiPm,HMIS108,HMIS 108 - IPD Monthly Report,KIm219Ii1IK,"108-MH20","108-MH20. Child abuse and Neglect",2025-08-20 10:39:54.548,
704,EBqVAQRmiPm,HMIS108,HMIS 108 - IPD Monthly Report,K1JNzNElR0D,"108-HF01B","108-HF01b. Ebola  - Deaths",2025-08-20 10:39:54.548,
705,EBqVAQRmiPm,HMIS108,HMIS 108 - IPD Monthly Report,LqiYBWdxeW7,"108-VS02","108-VS02. Repair of abdominal aortic aneurysm",2025-08-20 10:39:54.548,
706,EBqVAQRmiPm,HMIS108,HMIS 108 - IPD Monthly Report,EdXsyNmvIkk,"108-NC07A","108-NC07a. Pain Requiring Palliative Care  - Cases",2025-08-20 10:39:54.548,
707,EBqVAQRmiPm,HMIS108,HMIS 108 - IPD Monthly Report,VQyGSllecX0,"108-GD06A","108-GD06a. Acute Hepatitis  - Cases",2025-08-20 10:39:54.549,
708,EBqVAQRmiPm,HMIS108,HMIS 108 - IPD Monthly Report,kB8WE8RqPT3,"108-RM04A","108-RM04a. Gout  - Cases",2025-08-20 10:39:54.549,
709,EBqVAQRmiPm,HMIS108,HMIS 108 - IPD Monthly Report,WHy8DT5B7vt,"108-NA02C2_2019","108-NA02c2_2019. No. of male SAM clients who died during treatment this month",2025-08-20 10:39:54.549,
710,EBqVAQRmiPm,HMIS108,HMIS 108 - IPD Monthly Report,MT4cUKjhkxJ,"108-UR17_2019","108-UR17_2019. Bladder exstropy",2025-08-20 10:39:54.550,
711,EBqVAQRmiPm,HMIS108,HMIS 108 - IPD Monthly Report,adABR5Pf517,"108-NA04C_2019","108-NA04c_2019. Total number of days spent in ITC  for male clients discharged as cured this month",2025-08-20 10:39:54.550,
712,EBqVAQRmiPm,HMIS108,HMIS 108 - IPD Monthly Report,SmFAlm1PgYQ,"108-PS01","108-PS01. Laparotomy for intussusception",2025-08-20 10:39:54.550,
713,EBqVAQRmiPm,HMIS108,HMIS 108 - IPD Monthly Report,xt5Z2Lu4zWy,"108-OD06A_2019","108-OD06a_2019. Oral Cancers  - Cases",2025-08-20 10:39:54.550,
714,EBqVAQRmiPm,HMIS108,HMIS 108 - IPD Monthly Report,NSKZ3Y4fGN1,"108-CA27B","108-CA27b. Others Cancers  - Deaths",2025-08-20 10:39:54.550,
715,EBqVAQRmiPm,HMIS108,HMIS 108 - IPD Monthly Report,zxJANb0dG3q,"108-EC04B","108-EC04b. Glaucoma  - Deaths",2025-08-20 10:39:54.551,
716,EBqVAQRmiPm,HMIS108,HMIS 108 - IPD Monthly Report,cZZzWLRMeph,"108-PS04","108-PS04. Pull through",2025-08-20 10:39:54.551,
717,EBqVAQRmiPm,HMIS108,HMIS 108 - IPD Monthly Report,SPsCuFhxoeY,"108-PS09_2019","108-PS09_2019. Congenital cyst excision",2025-08-20 10:39:54.551,
718,EBqVAQRmiPm,HMIS108,HMIS 108 - IPD Monthly Report,QT0d0my2ute,"108-NT01A","108-NT01a. Leishmaniasis  - Cases",2025-08-20 10:39:54.551,
719,EBqVAQRmiPm,HMIS108,HMIS 108 - IPD Monthly Report,qdEEWfpWqom,"108-ME06b1","108-ME06b1. Acute sepsis Given Oxygen  - Cases",2025-08-20 10:39:54.552,
720,EBqVAQRmiPm,HMIS108,HMIS 108 - IPD Monthly Report,OKoTaba5aHk,"108-ND03A2","108-ND03a2. Neonatal Jaundice(Total) - Deaths",2025-08-20 10:39:54.552,
721,EBqVAQRmiPm,HMIS108,HMIS 108 - IPD Monthly Report,W64onHk9SXI,"108-UR05","108-UR05. Urine diversion (SPC, Nephrostomy)",2025-08-20 10:39:54.552,
722,EBqVAQRmiPm,HMIS108,HMIS 108 - IPD Monthly Report,ZdTB8r8X8hA,"108-UR03","108-UR03. Urethral surgery",2025-08-20 10:39:54.552,
723,EBqVAQRmiPm,HMIS108,HMIS 108 - IPD Monthly Report,X0AhqgBlnrN,"108-EC04A","108-EC04a. Glaucoma  - Cases",2025-08-20 10:39:54.552,
724,EBqVAQRmiPm,HMIS108,HMIS 108 - IPD Monthly Report,pkIQIFtCODt,"108-IN01b1","108-IN01b1. Motor Cycle  - Cases",2025-08-20 10:39:54.553,
725,EBqVAQRmiPm,HMIS108,HMIS 108 - IPD Monthly Report,Dmwjae6G7Il,"108-TR01","108-TR01. Excretion urography",2025-08-20 10:39:54.553,
727,EBqVAQRmiPm,HMIS108,HMIS 108 - IPD Monthly Report,BHeeZ6Mf0SB,"108-ND06A1","108-ND06a1. Neonatal Pneumonia(Total) - Cases",2025-08-20 10:39:54.554,
728,EBqVAQRmiPm,HMIS108,HMIS 108 - IPD Monthly Report,DyjdpW0NZAi,"108-ND10A1","108-ND10a1. Other Congenital anomalies(Total) - Cases",2025-08-20 10:39:54.554,
729,EBqVAQRmiPm,HMIS108,HMIS 108 - IPD Monthly Report,E8jJhvBQKNf,"108-CR03A","108-CR03a. Pulmonary Fibrosis  - Cases",2025-08-20 10:39:54.554,
730,EBqVAQRmiPm,HMIS108,HMIS 108 - IPD Monthly Report,K6TjpCYCC2t,"108-PS02","108-PS02. Neonatal laparotomy",2025-08-20 10:39:54.554,
1555,ic1BSWhGOso,HMIS1052,"HMIS 105:02-03 - OPD Monthly Report (MCH, FP, EID, EPI & HEPB)",CHJ4TiPI77E,"105-AN40_2019","105-AN40_2019 HIV+ Male partners initiated on ART in the ANC setting",2025-08-20 11:20:49.015,"2.1"
732,EBqVAQRmiPm,HMIS108,HMIS 108 - IPD Monthly Report,LSJ8x3R8Zv9,"108-OD06B_2019","108-OD06b_2019. Oral Cancers  - Deaths",2025-08-20 10:39:54.554,
1582,ic1BSWhGOso,HMIS1052,"HMIS 105:02-03 - OPD Monthly Report (MCH, FP, EID, EPI & HEPB)",JCM6Bf7sFdB,"105-AN29C","105-AN29c. TB Screening for ANC clients - Diagnosed with  TB",2025-08-20 11:20:49.021,"2.1"
734,EBqVAQRmiPm,HMIS108,HMIS 108 - IPD Monthly Report,FaY9S3yGdIK,"108-CR01B","108-CR01b. Asthma  - Deaths",2025-08-20 10:39:54.555,
735,EBqVAQRmiPm,HMIS108,HMIS 108 - IPD Monthly Report,vNHfWrPtBdh,"108-PR01","108-PR01. Skin grafting",2025-08-20 10:39:54.555,
736,EBqVAQRmiPm,HMIS108,HMIS 108 - IPD Monthly Report,qzvqQM4fyiv,"108-OD01B","108-OD01b. Dental Caries  - Deaths",2025-08-20 10:39:54.555,
737,EBqVAQRmiPm,HMIS108,HMIS 108 - IPD Monthly Report,cMq1VyIjLeT,"108-NA01D1_2019","108-NA01d1_2019. No. of readmissions into ITC this month-defaulters",2025-08-20 10:39:54.555,
738,EBqVAQRmiPm,HMIS108,HMIS 108 - IPD Monthly Report,P1E6YuY0796,"108-CV02b","108-CV02b. Severe Hypertension  - Deaths",2025-08-20 10:39:54.555,
739,EBqVAQRmiPm,HMIS108,HMIS 108 - IPD Monthly Report,sXHc5qzfGc4,"108-LD09B","108-LD09b. Coetaneous ulcersv  - Deaths",2025-08-20 10:39:54.556,
740,EBqVAQRmiPm,HMIS108,HMIS 108 - IPD Monthly Report,OivUOeFSRuF,"108-IN04b2","108-IN04b2. Animal bites - Wild  - Deaths",2025-08-20 10:39:54.556,
741,EBqVAQRmiPm,HMIS108,HMIS 108 - IPD Monthly Report,VrdRc2bufzi,"108-ND02A2","108-ND02a2. Birth Asphyxia (HIE) (Total) - Deaths",2025-08-20 10:39:54.556,
742,EBqVAQRmiPm,HMIS108,HMIS 108 - IPD Monthly Report,Ael9lOq2Lii,"108-IN01c2","108-IN01c2. Bicycles  - Deaths",2025-08-20 10:39:54.556,
743,EBqVAQRmiPm,HMIS108,HMIS 108 - IPD Monthly Report,kfnKksFMkj5,"108-UR07","108-UR07. Hydrocelectomy(LF)",2025-08-20 10:39:54.556,
744,EBqVAQRmiPm,HMIS108,HMIS 108 - IPD Monthly Report,rDHYXNoYRda,"108-GD11B","108-GD11b. Multiple Myeloma  - Deaths",2025-08-20 10:39:54.556,
745,EBqVAQRmiPm,HMIS108,HMIS 108 - IPD Monthly Report,KmItAWc1PZU,"108-RS04","108-RS04. Musculoskeletal",2025-08-20 10:39:54.557,
746,EBqVAQRmiPm,HMIS108,HMIS 108 - IPD Monthly Report,RVcTJPya585,"108-MC02B","108-MC02b. Abortions due to other causes  - Deaths",2025-08-20 10:39:54.557,
747,EBqVAQRmiPm,HMIS108,HMIS 108 - IPD Monthly Report,IsDitH1JRvk,"108-ME04B","108-ME04b. Respiratory distress  - Deaths",2025-08-20 10:39:54.557,
748,EBqVAQRmiPm,HMIS108,HMIS 108 - IPD Monthly Report,W68PHKMMwxh,"108-NR03B","108-NR03b. Cerebral Vascular disease  - Deaths",2025-08-20 10:39:54.557,
749,EBqVAQRmiPm,HMIS108,HMIS 108 - IPD Monthly Report,LFFHoPWVivy,"108-MA01","108-MA01. Diagnostic",2025-08-20 10:39:54.557,
750,EBqVAQRmiPm,HMIS108,HMIS 108 - IPD Monthly Report,k9E4BLbBth3,"108-UR16_2019","108-UR16_2019. Epispadias repair",2025-08-20 10:39:54.557,
752,EBqVAQRmiPm,HMIS108,HMIS 108 - IPD Monthly Report,dkyYj6FBGIV,"108-UL02","108-UL02. Obstetrics",2025-08-20 10:39:54.558,
753,EBqVAQRmiPm,HMIS108,HMIS 108 - IPD Monthly Report,rPeXVEjtw7D,"108-MH08","108-MH08. Alzheimer-s disease",2025-08-20 10:39:54.558,
754,EBqVAQRmiPm,HMIS108,HMIS 108 - IPD Monthly Report,dvybLjgBVOs,"108-ND07B1","108-ND07b1. Other Neonatal conditions(<2.5kgs)- Cases",2025-08-20 10:39:54.558,
755,EBqVAQRmiPm,HMIS108,HMIS 108 - IPD Monthly Report,PVFjRgGwPOO,"108-MC09A","108-MC09a. No. of women diagnosed with fistula and treated by catheter  - Cases",2025-08-20 10:39:54.558,
756,EBqVAQRmiPm,HMIS108,HMIS 108 - IPD Monthly Report,ZP2lc5ILV2U,"108-CT01","108-CT01. Brain",2025-08-20 10:39:54.559,
757,EBqVAQRmiPm,HMIS108,HMIS 108 - IPD Monthly Report,pqB94cPNswT,"108-ND07A2","108-ND07a2. Other Neonatal conditions(Total) - Deaths",2025-08-20 10:39:54.559,
758,EBqVAQRmiPm,HMIS108,HMIS 108 - IPD Monthly Report,C8RYyoXFsc9,"108-NR03A","108-NR03a. Cerebral Vascular disease  - Cases",2025-08-20 10:39:54.559,
759,EBqVAQRmiPm,HMIS108,HMIS 108 - IPD Monthly Report,Mkk2BejAlg8,"108-CT02","108-CT02. Orbits /paranasal sinuses",2025-08-20 10:39:54.559,
760,EBqVAQRmiPm,HMIS108,HMIS 108 - IPD Monthly Report,ZavQSFEftEi,"108-MC04","108-MC04. Fistulography",2025-08-20 10:39:54.559,
761,EBqVAQRmiPm,HMIS108,HMIS 108 - IPD Monthly Report,JVQWjuXk7iv,"108-PS11_2019","108-PS11_2019. Cut down",2025-08-20 10:39:54.559,
762,EBqVAQRmiPm,HMIS108,HMIS 108 - IPD Monthly Report,KWrD4iHUAnP,"108-ND02A_2019","108-ND02a_2019. Neonatal Sepsis 8-28days  - Cases",2025-08-20 10:39:54.559,
763,EBqVAQRmiPm,HMIS108,HMIS 108 - IPD Monthly Report,xwimA2sbeck,"108-UR11_2019","108-UR11_2019. Urethroplasty",2025-08-20 10:39:54.560,
764,EBqVAQRmiPm,HMIS108,HMIS 108 - IPD Monthly Report,HI1nDThtnag,"108-EC02B","108-EC02b. Cataracts  - Deaths",2025-08-20 10:39:54.560,
765,EBqVAQRmiPm,HMIS108,HMIS 108 - IPD Monthly Report,yL8Pr1clayW,"108-GC03B","108-GC03b. Other Gynaecological conditions  - Deaths",2025-08-20 10:39:54.560,
766,EBqVAQRmiPm,HMIS108,HMIS 108 - IPD Monthly Report,vL5h1uh9FER,"108-TS02","108-TS02. Adenotonsillectomy",2025-08-20 10:39:54.560,
767,EBqVAQRmiPm,HMIS108,HMIS 108 - IPD Monthly Report,JnHjQU3KVKk,"108-UR08_2019","108-UR08_2019. Radical cystectomy",2025-08-20 10:39:54.560,
768,EBqVAQRmiPm,HMIS108,HMIS 108 - IPD Monthly Report,pBKsAlh8HnH,"108-ME04A","108-ME04a. Respiratory distress  - Cases",2025-08-20 10:39:54.560,
769,EBqVAQRmiPm,HMIS108,HMIS 108 - IPD Monthly Report,e1tvZG8X8IW,"108-RA08","108-RA08. Pelvis",2025-08-20 10:39:54.561,
770,EBqVAQRmiPm,HMIS108,HMIS 108 - IPD Monthly Report,UNjwoydBBNa,"108-RB03","108-RB03. Use of other Substances",2025-08-20 10:39:54.561,
771,EBqVAQRmiPm,HMIS108,HMIS 108 - IPD Monthly Report,qt5v2VfnCAo,"108-CA10A","108-CA10a. Leukemia  - Cases",2025-08-20 10:39:54.561,
772,EBqVAQRmiPm,HMIS108,HMIS 108 - IPD Monthly Report,JyBli1Cgxxy,"108-RB02","108-RB02. Tobacco use",2025-08-20 10:39:54.561,
773,EBqVAQRmiPm,HMIS108,HMIS 108 - IPD Monthly Report,RYPR9RFgVcE,"108-RD05B","108-RD05b. HIV nephropathy  - Deaths",2025-08-20 10:39:54.561,
775,EBqVAQRmiPm,HMIS108,HMIS 108 - IPD Monthly Report,opWJppbNZCF,"108-ES02","108-ES02. Adrenalectomy",2025-08-20 10:39:54.562,
726,EBqVAQRmiPm,HMIS108,HMIS 108 - IPD Monthly Report,whGjjiKHde6,"108-CD09B","108-CD09b. TB  - Deaths",2025-08-20 10:39:54.553,"1.3.2"
776,EBqVAQRmiPm,HMIS108,HMIS 108 - IPD Monthly Report,d9GlyyzbtH7,"108-IN03B","108-IN03b. Injuries - (Trauma due to other causes)  - Deaths",2025-08-20 10:39:54.562,
777,EBqVAQRmiPm,HMIS108,HMIS 108 - IPD Monthly Report,jnJHVdpCZ4R,"108-CA03","108-CA03a. Breast Cancer  - Cases",2025-08-20 10:39:54.562,
778,EBqVAQRmiPm,HMIS108,HMIS 108 - IPD Monthly Report,b5T4MRu8mT7,"108-CV07A_2019","108-CV07a_2019. Chronic Heart Diseases  - Cases",2025-08-20 10:39:54.562,
779,EBqVAQRmiPm,HMIS108,HMIS 108 - IPD Monthly Report,wITMtfNGZAB,"108-OS01_2019","108-OS01_2019. Hemi-Mandibulectomy",2025-08-20 10:39:54.562,
780,EBqVAQRmiPm,HMIS108,HMIS 108 - IPD Monthly Report,oRztWjPFjbk,"108-NS06","108-NS06. VP shunt",2025-08-20 10:39:54.563,
781,EBqVAQRmiPm,HMIS108,HMIS 108 - IPD Monthly Report,bPH64HIfcEa,"108-CA18B","108-CA18b. Stomach Cancers - Deaths",2025-08-20 10:39:54.563,
782,EBqVAQRmiPm,HMIS108,HMIS 108 - IPD Monthly Report,FddbJtODAdy,"108-MH05","108-MH05. Post-Traumatic Stress Disorder",2025-08-20 10:39:54.563,
783,EBqVAQRmiPm,HMIS108,HMIS 108 - IPD Monthly Report,OXQoBAPB4CS,"108-NR05B","108-NR05b. Parkinson-s disease  - Deaths",2025-08-20 10:39:54.563,
784,EBqVAQRmiPm,HMIS108,HMIS 108 - IPD Monthly Report,qcOBX76SchU,"108-ND06A2","108-ND06a2. Neonatal Pneumonia(Total) - Deaths",2025-08-20 10:39:54.564,
785,EBqVAQRmiPm,HMIS108,HMIS 108 - IPD Monthly Report,d9rj748qoSW,"108-ME08A_2019","108-ME08a_2019. Total Diagnoses  - Cases",2025-08-20 10:39:54.564,
1588,ic1BSWhGOso,HMIS1052,"HMIS 105:02-03 - OPD Monthly Report (MCH, FP, EID, EPI & HEPB)",mhmGSvRwKlQ,"105-AN16B","105-AN16b. No. Pregnant women tested for Hepatitis B - Tested Positive ",2025-08-20 11:20:49.022,"2.1"
788,EBqVAQRmiPm,HMIS108,HMIS 108 - IPD Monthly Report,fPUsA7yOen4,"108-NR02B","108-NR02b. Epilepsy  - Deaths",2025-08-20 10:39:54.564,
789,EBqVAQRmiPm,HMIS108,HMIS 108 - IPD Monthly Report,O0mZlq4yYtv,"108-ME07A","108-ME07a. All others  - Cases",2025-08-20 10:39:54.565,
1591,ic1BSWhGOso,HMIS1052,"HMIS 105:02-03 - OPD Monthly Report (MCH, FP, EID, EPI & HEPB)",S1wIc5GXHZK,"105-AN06B","105-AN 06b. No. of pregnant women who received IPT2",2025-08-20 11:20:49.023,"2.1"
791,EBqVAQRmiPm,HMIS108,HMIS 108 - IPD Monthly Report,R39MIoKivhS,"108-WS05","108-WS05. Percutaneous transhepatic cholangiography (PTCH)",2025-08-20 10:39:54.565,
792,EBqVAQRmiPm,HMIS108,HMIS 108 - IPD Monthly Report,OmAzsGFWoMA,"108-ND06B_2019","108-ND06b_2019. Premature baby (as condition that requires mgt)  - Deaths",2025-08-20 10:39:54.565,
793,EBqVAQRmiPm,HMIS108,HMIS 108 - IPD Monthly Report,e8eGQhy208v,,"108-PR06. Complex defect cover - flaps",2025-08-20 10:39:54.566,
794,EBqVAQRmiPm,HMIS108,HMIS 108 - IPD Monthly Report,qeXMtmBzN2G,"108-RM03B","108-RM03b. Osteoarthritis  - Deaths",2025-08-20 10:39:54.566,
795,EBqVAQRmiPm,HMIS108,HMIS 108 - IPD Monthly Report,vdbRl1Gidb2,"108-NC06A","108-NC06a. Multiple Myeloma  - Cases",2025-08-20 10:39:54.566,
796,EBqVAQRmiPm,HMIS108,HMIS 108 - IPD Monthly Report,bXGtRI5c0lC,"108-SP02","108-SP02. Obstetric fistula repair (RVF, VVF, RVVF)",2025-08-20 10:39:54.567,
797,EBqVAQRmiPm,HMIS108,HMIS 108 - IPD Monthly Report,N7tA0f3vH8g,"108-EN02B","108-EN02b. Hearing loss  - Deaths",2025-08-20 10:39:54.567,
798,EBqVAQRmiPm,HMIS108,HMIS 108 - IPD Monthly Report,pZDIHyZOWK4,"108-TS01","108-TS01. Tracheostomy",2025-08-20 10:39:54.567,
799,EBqVAQRmiPm,HMIS108,HMIS 108 - IPD Monthly Report,tjazrX1EoOe,"108-IN04a2","108-IN04a2. Animal bites - Domestic  - Deaths",2025-08-20 10:39:54.567,
800,EBqVAQRmiPm,HMIS108,HMIS 108 - IPD Monthly Report,H4zQ1jIygbY,"108-NS04_2019","108-NS04_2019. Microdiscectomy",2025-08-20 10:39:54.568,
801,EBqVAQRmiPm,HMIS108,HMIS 108 - IPD Monthly Report,BApFZDwesEO,"108-NR07A","108-NR07a. Spinal Cord disorders  - Cases",2025-08-20 10:39:54.568,
802,EBqVAQRmiPm,HMIS108,HMIS 108 - IPD Monthly Report,OTlyw79GLSO,"108-EM01B2_2019","108-EM01b2_2019. Diabetes mellitus (re-attendances)  - Deaths",2025-08-20 10:39:54.568,
803,EBqVAQRmiPm,HMIS108,HMIS 108 - IPD Monthly Report,d9QFUiHleAm,"108-HF08B","108-HF08b. Presumptive MDR TB Cases  - Deaths",2025-08-20 10:39:54.568,
804,EBqVAQRmiPm,HMIS108,HMIS 108 - IPD Monthly Report,HE0hEQ6XSPD,"108-CA24A","108-CA24a.  Bone Tumors - Cases",2025-08-20 10:39:54.568,
805,EBqVAQRmiPm,HMIS108,HMIS 108 - IPD Monthly Report,tNyVMeobfib,"108-UR06","108-UR06. Kidney transplant",2025-08-20 10:39:54.568,
806,EBqVAQRmiPm,HMIS108,HMIS 108 - IPD Monthly Report,aYxcUnPci7h,"108-AP05","108-AP05. Cognition",2025-08-20 10:39:54.569,
808,EBqVAQRmiPm,HMIS108,HMIS 108 - IPD Monthly Report,hSCixXb6CVv,"108-NT02A","108-NT02a. Lymphatic Filariasis (hydrocele)  - Cases",2025-08-20 10:39:54.569,
809,EBqVAQRmiPm,HMIS108,HMIS 108 - IPD Monthly Report,jhz22OpKKTZ,"108-HF05A","108-HF05a. Severe Acute Respiratory Infection (SARI)  - Cases",2025-08-20 10:39:54.569,
810,EBqVAQRmiPm,HMIS108,HMIS 108 - IPD Monthly Report,qhCSSSr8F97,"108-MC04B","108-MC04b. High blood pressure in pregnancy  - Deaths",2025-08-20 10:39:54.569,
811,EBqVAQRmiPm,HMIS108,HMIS 108 - IPD Monthly Report,OnOT1iAxc7o,"108-NC02A_2019","108-NC02a_2019. Anaemia  - Cases",2025-08-20 10:39:54.569,
812,EBqVAQRmiPm,HMIS108,HMIS 108 - IPD Monthly Report,dxYRmaUw8jf,"108-CI06","108-CI06. Average occupancy",2025-08-20 10:39:54.570,
813,EBqVAQRmiPm,HMIS108,HMIS 108 - IPD Monthly Report,cvUfP5ZHUaY,"108-MG02A","108-MG02a. Viral Meningitis  - Cases",2025-08-20 10:39:54.570,
814,EBqVAQRmiPm,HMIS108,HMIS 108 - IPD Monthly Report,glOutQy7Xf7,"108-HF04A","108-HF04a. Other Viral Hemorrhagic Fevers (Specify)  - Cases",2025-08-20 10:39:54.570,
815,EBqVAQRmiPm,HMIS108,HMIS 108 - IPD Monthly Report,o9f7NB93omG,"108-NA02A3_2019","108-NA02a3_2019. No. of female SAM clients succesfully treated this month",2025-08-20 10:39:54.570,
816,EBqVAQRmiPm,HMIS108,HMIS 108 - IPD Monthly Report,WsK3n8195Um,"108-CA07B","108-CA07b. Colorectal Cancer",2025-08-20 10:39:54.570,
817,EBqVAQRmiPm,HMIS108,HMIS 108 - IPD Monthly Report,hD6oSYR7Y6E,"108-MH23","108-MH23. Conduct disorders",2025-08-20 10:39:54.570,
818,EBqVAQRmiPm,HMIS108,HMIS 108 - IPD Monthly Report,SSz8tPnaP5p,"108-ND09A1","108-ND09a1. Congenital anomalies (Club foot) (Total) - Cases",2025-08-20 10:39:54.570,
819,EBqVAQRmiPm,HMIS108,HMIS 108 - IPD Monthly Report,gDvlabwkgYL,"108-CA10B","108-CA10b. Leukemia  - Deaths",2025-08-20 10:39:54.571,
820,EBqVAQRmiPm,HMIS108,HMIS 108 - IPD Monthly Report,Oo6kbn4NLM8,"108-UG03","108-UG03. Laparoscopic Surgery",2025-08-20 10:39:54.571,
821,EBqVAQRmiPm,HMIS108,HMIS 108 - IPD Monthly Report,ZaEdzrj8DVz,"108-EC08A","108-EC08a. Diabetic Retinopathy  - Cases",2025-08-20 10:39:54.571,
822,EBqVAQRmiPm,HMIS108,HMIS 108 - IPD Monthly Report,PEyVc0YGi3F,"108-GD03A","108-GD03a. Peptic Ulcer Disease  - Cases",2025-08-20 10:39:54.572,
823,EBqVAQRmiPm,HMIS108,HMIS 108 - IPD Monthly Report,TdJkcRdZtZy,"108-IN02B","108-IN02b. Jaw injuries  - Deaths",2025-08-20 10:39:54.572,
824,EBqVAQRmiPm,HMIS108,HMIS 108 - IPD Monthly Report,UVIA1adr8Zw,"108-LD03B","108-LD03b. Diseases of the skin  - Deaths",2025-08-20 10:39:54.572,
825,EBqVAQRmiPm,HMIS108,HMIS 108 - IPD Monthly Report,bXgiNZ0GeQR,"108-ME03A","108-ME03a. Gastro-intestinal bleeding  - Cases",2025-08-20 10:39:54.572,
826,EBqVAQRmiPm,HMIS108,HMIS 108 - IPD Monthly Report,vdGRzAaIR6Q,"108-ND04A2","108-ND04a2. Neonatal Meningitis(Total) - Deaths",2025-08-20 10:39:54.572,
786,EBqVAQRmiPm,HMIS108,HMIS 108 - IPD Monthly Report,vkfDZUxHJtT,"108-CD07B","108-CD07b. No Pneumonia - Cough and cold  - Deaths",2025-08-20 10:39:54.564,"1.3.2"
827,EBqVAQRmiPm,HMIS108,HMIS 108 - IPD Monthly Report,GujGx9Ci89n,"108-VS01","108-VS01. Varicose vein - ligation & stripping",2025-08-20 10:39:54.573,
828,EBqVAQRmiPm,HMIS108,HMIS 108 - IPD Monthly Report,xYxuRKfAcSu,"108-NT03B","108-NT03b. Lymphatic Filariasis (Lympoedema)  - Deaths",2025-08-20 10:39:54.573,
829,EBqVAQRmiPm,HMIS108,HMIS 108 - IPD Monthly Report,JYcSrtHDFbf,"108-MC03","108-MC03. Sialography",2025-08-20 10:39:54.573,
830,EBqVAQRmiPm,HMIS108,HMIS 108 - IPD Monthly Report,kjY1TgXO9cV,"108-UR05_2019","108-UR05_2019. Urinary stone Surgery",2025-08-20 10:39:54.574,
831,EBqVAQRmiPm,HMIS108,HMIS 108 - IPD Monthly Report,tdPTp21S6O7,"108-NR04A","108-NR04a. Neuropathies  - Cases",2025-08-20 10:39:54.574,
832,EBqVAQRmiPm,HMIS108,HMIS 108 - IPD Monthly Report,eFQffu3MwMp,"108-MH4_2019","108-MH4_2019. Schizophrenia",2025-08-20 10:39:54.574,
833,EBqVAQRmiPm,HMIS108,HMIS 108 - IPD Monthly Report,tYvZ2UWfyHU,"108-TX03B","108-TX03b. Rat Poisoning  - Deaths",2025-08-20 10:39:54.574,
834,EBqVAQRmiPm,HMIS108,HMIS 108 - IPD Monthly Report,jh4UPyELuvz,"108-CV01b2","108-CV01b2. Hypertension Stage 1&2 -Known - Deaths",2025-08-20 10:39:54.574,
1598,ic1BSWhGOso,HMIS1052,"HMIS 105:02-03 - OPD Monthly Report (MCH, FP, EID, EPI & HEPB)",vP5CjeYXgbB,"105-AN15A","105-AN15a. Male partners tested for syphilis Total Tested (RX-1, RX-2, RX-3, +Ve-K, +Ve, and -Ve)",2025-08-20 11:20:49.024,"2.1"
837,EBqVAQRmiPm,HMIS108,HMIS 108 - IPD Monthly Report,NkqL5xQgH9j,"108-HF06B2","108-HF06b2. Adverse Events Following Immunization (AEFI)- Non serious  - Deaths",2025-08-20 10:39:54.575,
838,EBqVAQRmiPm,HMIS108,HMIS 108 - IPD Monthly Report,iqQy1EQQXwA,"108-PS03","108-PS03. Neonatal colostomy",2025-08-20 10:39:54.575,
839,EBqVAQRmiPm,HMIS108,HMIS 108 - IPD Monthly Report,dEpH6RyUOkD,"108-NA02B2_2019","108-NA02b2_2019. No. of SAM male clients who defaulted from care this month",2025-08-20 10:39:54.575,
840,EBqVAQRmiPm,HMIS108,HMIS 108 - IPD Monthly Report,yLX4o9peOsQ,"108-RA02","108-RA02. CXR (chest x-ray)",2025-08-20 10:39:54.575,
841,EBqVAQRmiPm,HMIS108,HMIS 108 - IPD Monthly Report,PwYIkUq93Pi,"108-CV07b","108-CV07b. Dilated Cardiomyopathy  - Deaths",2025-08-20 10:39:54.576,
843,EBqVAQRmiPm,HMIS108,HMIS 108 - IPD Monthly Report,fIaMy9BfYIr,"108-ND04B2","108-ND04b2. Neonatal Meningitis(<2.5kgs) - Deaths",2025-08-20 10:39:54.576,
844,EBqVAQRmiPm,HMIS108,HMIS 108 - IPD Monthly Report,FppZriY3Geq,"108-RM08B","108-RM08b. Myalgia  - Deaths",2025-08-20 10:39:54.576,
845,EBqVAQRmiPm,HMIS108,HMIS 108 - IPD Monthly Report,prhagkMNed5,"108-CA07A","108-CA07a. Colorectal Cancer",2025-08-20 10:39:54.576,
846,EBqVAQRmiPm,HMIS108,HMIS 108 - IPD Monthly Report,Nsh7bm92BtF,"108-ND11A1","108-ND11a1. Source of Warmth - KMC(Total)",2025-08-20 10:39:54.576,
847,EBqVAQRmiPm,HMIS108,HMIS 108 - IPD Monthly Report,BxXjGKIpi01,"108-OR01_2019","108-OR01_2019. Sequestrectomy",2025-08-20 10:39:54.577,
848,EBqVAQRmiPm,HMIS108,HMIS 108 - IPD Monthly Report,Ow0yhI7RE2b,"108-GD13A","108-GD13a. Others (specify)  - Cases",2025-08-20 10:39:54.577,
849,RtEYsASU7PG,HMIS1051,"HMIS 105:01 - OPD Monthly Report (Attendance, Referrals, Conditions,TB, Nutrition)",Ltid4SErX2z,"105-SL03_2019","105-SL03_2019 Hearing impairments",2025-08-20 11:19:30.625,
851,RtEYsASU7PG,HMIS1051,"HMIS 105:01 - OPD Monthly Report (Attendance, Referrals, Conditions,TB, Nutrition)",obLrAOXhCgl,"105-OT14_2019","105-OT14_2019 Cardiac Conditions",2025-08-20 11:19:30.709,
1600,ic1BSWhGOso,HMIS1052,"HMIS 105:02-03 - OPD Monthly Report (MCH, FP, EID, EPI & HEPB)",qUuzZHimPpF,"105-AN26B_2016","105-AN26b_2019. Pregnant Women tested for syphilis - Newly tested Positive ",2025-08-20 11:20:49.024,"2.1"
1601,ic1BSWhGOso,HMIS1052,"HMIS 105:02-03 - OPD Monthly Report (MCH, FP, EID, EPI & HEPB)",L73rUhmtF2M,"105-AN14A_2019","105-AN14a_2019 Blood and Rhesus Group (A) - Total",2025-08-20 11:20:49.024,"2.1"
868,RtEYsASU7PG,HMIS1051,"HMIS 105:01 - OPD Monthly Report (Attendance, Referrals, Conditions,TB, Nutrition)",XsqNjdapoPL,"105-RE06","105-RE06: Respiratory",2025-08-20 11:19:30.713,
869,RtEYsASU7PG,HMIS1051,"HMIS 105:01 - OPD Monthly Report (Attendance, Referrals, Conditions,TB, Nutrition)",JImV5qeJFBm,"105-SL05_2019","105-SL05_2019 Dysfluency /stammering",2025-08-20 11:19:30.714,
835,EBqVAQRmiPm,HMIS108,HMIS 108 - IPD Monthly Report,tVqgjoVGM58,"108-CD04A","108-CD04a. Septicemia  - Cases",2025-08-20 10:39:54.574,"1.3.2"
842,EBqVAQRmiPm,HMIS108,HMIS 108 - IPD Monthly Report,vF25duFNCS2,"108-CD14B","108-CD14b. Sleeping sickness  - Deaths",2025-08-20 10:39:54.576,"1.3.2"
859,RtEYsASU7PG,HMIS1051,"HMIS 105:01 - OPD Monthly Report (Attendance, Referrals, Conditions,TB, Nutrition)",Rw3b8mGkyfh,"105-NC03","105-NC03. Gastro-Intestinal Disorders (non-Infective)",2025-08-20 11:19:30.711,"1.3.4"
850,RtEYsASU7PG,HMIS1051,"HMIS 105:01 - OPD Monthly Report (Attendance, Referrals, Conditions,TB, Nutrition)",A0iiziMbyt1,"105-MH34","105-MH34. Alzheimer’s disease",2025-08-20 11:19:30.708,"1.3.8"
853,RtEYsASU7PG,HMIS1051,"HMIS 105:01 - OPD Monthly Report (Attendance, Referrals, Conditions,TB, Nutrition)",IfoTV8gVfxQ,"105-NE15","105-NE15. Others",2025-08-20 11:19:30.710,"1.3.9"
855,RtEYsASU7PG,HMIS1051,"HMIS 105:01 - OPD Monthly Report (Attendance, Referrals, Conditions,TB, Nutrition)",TFfHVzlaZTw,"105-MC06","105-MC06. Obstructed labour",2025-08-20 11:19:30.711,"1.3.22"
865,RtEYsASU7PG,HMIS1051,"HMIS 105:01 - OPD Monthly Report (Attendance, Referrals, Conditions,TB, Nutrition)",s4nxv0qjmgn,"105-OP02C_2019","105-OP02c_2019 Other diagnoses - Condition 3",2025-08-20 11:19:30.713,"1.3.23"
863,RtEYsASU7PG,HMIS1051,"HMIS 105:01 - OPD Monthly Report (Attendance, Referrals, Conditions,TB, Nutrition)",hCRvkCwYdvt,"105-ES09A","105-ES09a.Death at unit - Medical emergencies",2025-08-20 11:19:30.712,"1.3.25"
856,RtEYsASU7PG,HMIS1051,"HMIS 105:01 - OPD Monthly Report (Attendance, Referrals, Conditions,TB, Nutrition)",KLsoCQISl22,"105-CA20","105-CA20. Penile Cancer",2025-08-20 11:19:30.711,"1.3.11"
857,RtEYsASU7PG,HMIS1051,"HMIS 105:01 - OPD Monthly Report (Attendance, Referrals, Conditions,TB, Nutrition)",Nk4mdKDEFar,"105-CA14","105-CA14. Urogenital Cancers",2025-08-20 11:19:30.711,"1.3.11"
861,RtEYsASU7PG,HMIS1051,"HMIS 105:01 - OPD Monthly Report (Attendance, Referrals, Conditions,TB, Nutrition)",jK9hv9WZd2W,"105-CA04","105-CA04. Lung Cancer",2025-08-20 11:19:30.712,"1.3.11"
852,RtEYsASU7PG,HMIS1051,"HMIS 105:01 - OPD Monthly Report (Attendance, Referrals, Conditions,TB, Nutrition)",yKHRRtO8Tjp,"105-TP05_2019","105-TP05_2019 Number of contacts of TB patients started on TPT",2025-08-20 11:19:30.710,"1.3.26"
870,RtEYsASU7PG,HMIS1051,"HMIS 105:01 - OPD Monthly Report (Attendance, Referrals, Conditions,TB, Nutrition)",hbi0hXfneIq,"105-TP03B","105-TP03b. No. of presumptive TB cases identified from outreaches",2025-08-20 11:19:30.714,"1.3.26"
858,RtEYsASU7PG,HMIS1051,"HMIS 105:01 - OPD Monthly Report (Attendance, Referrals, Conditions,TB, Nutrition)",QSg7yh1zDvS,"105-NA01D1_2019","105-NA01d1_2019. Clients(<10) who received nutrition assessment in this month - W/H % NCHS",2025-08-20 11:19:30.711,"1.3.28"
864,RtEYsASU7PG,HMIS1051,"HMIS 105:01 - OPD Monthly Report (Attendance, Referrals, Conditions,TB, Nutrition)",A1ePKMtnnyY,"105-NA07a","105-NA07a. Total number of days spent in SFC for all clients(<10) discharged this month",2025-08-20 11:19:30.713,"1.3.28"
867,RtEYsASU7PG,HMIS1051,"HMIS 105:01 - OPD Monthly Report (Attendance, Referrals, Conditions,TB, Nutrition)",zm2QCkywpqX,"105-NA03A1_2019","105-NA03a1_2019 Identified malnourished clients(<10) this month - MAM using MUAC",2025-08-20 11:19:30.713,"1.3.28"
882,RtEYsASU7PG,HMIS1051,"HMIS 105:01 - OPD Monthly Report (Attendance, Referrals, Conditions,TB, Nutrition)",er70FiTVpcu,"105-DF17","105-DF17. Involuntary body movements",2025-08-20 11:19:30.717,
1604,ic1BSWhGOso,HMIS1052,"HMIS 105:02-03 - OPD Monthly Report (MCH, FP, EID, EPI & HEPB)",W82iGPT6yKo,"105-AN06A_2019","105-AN06a_2019 Total Referrals to ANC unit",2025-08-20 11:20:49.025,"2.1"
1610,ic1BSWhGOso,HMIS1052,"HMIS 105:02-03 - OPD Monthly Report (MCH, FP, EID, EPI & HEPB)",YJPups0RKU1,"105-AN24A","105-AN24a. Pregnant women given self-testing kits for their male partners - Total",2025-08-20 11:20:49.026,"2.1"
1611,ic1BSWhGOso,HMIS1052,"HMIS 105:02-03 - OPD Monthly Report (MCH, FP, EID, EPI & HEPB)",hoCZiI7r0rE,"105-AN24C","105-AN24c. Pregnant women given self-testing kits for their male partners - Test Returned POS",2025-08-20 11:20:49.026,"2.1"
1619,ic1BSWhGOso,HMIS1052,"HMIS 105:02-03 - OPD Monthly Report (MCH, FP, EID, EPI & HEPB)",L4pwIgSDdG6,"105-AN32_2019","105-AN32_2019 HIV+ pregnant women initiated on ART for eMTCT at any visit irrespective of when tested HIV+ (TRR,TRR+,TRR,TRRK)",2025-08-20 11:20:49.027,"2.1"
1625,ic1BSWhGOso,HMIS1052,"HMIS 105:02-03 - OPD Monthly Report (MCH, FP, EID, EPI & HEPB)",trSb0o79D5U,"105-AN31.","105-AN31. Male partners with a known status at their first visit as a couple in ANC - Total",2025-08-20 11:20:49.029,"2.1"
1633,ic1BSWhGOso,HMIS1052,"HMIS 105:02-03 - OPD Monthly Report (MCH, FP, EID, EPI & HEPB)",RSWVr1a2ObB,"105-AN25","105-AN25. Male partners received HIV test results in eMTCT",2025-08-20 11:20:49.031,"2.1"
1635,ic1BSWhGOso,HMIS1052,"HMIS 105:02-03 - OPD Monthly Report (MCH, FP, EID, EPI & HEPB)",FozqVr5QFG2,"105-AN07B2","105-AN07b2. No. of pregnant women who were tested for blood grouping - Blood Group (A) -Rhesus A-",2025-08-20 11:20:49.031,"2.1"
1636,ic1BSWhGOso,HMIS1052,"HMIS 105:02-03 - OPD Monthly Report (MCH, FP, EID, EPI & HEPB)",ioJBfDxPLHi,"105-AN13","105-AN13 Pregnant women dewormed or receiving mebendazole",2025-08-20 11:20:49.031,"2.1"
904,RtEYsASU7PG,HMIS1051,"HMIS 105:01 - OPD Monthly Report (Attendance, Referrals, Conditions,TB, Nutrition)",K7mLqvbNoFn,"105-ND03","105-ND03. Neonatal Pneumonia (0-7days)",2025-08-20 11:19:30.721,"1.3.3"
880,RtEYsASU7PG,HMIS1051,"HMIS 105:01 - OPD Monthly Report (Attendance, Referrals, Conditions,TB, Nutrition)",dm8YiC5eEsh,"105-OD01","105-OD01. Dental Caries",2025-08-20 11:19:30.716,"1.3.5"
878,RtEYsASU7PG,HMIS1051,"HMIS 105:01 - OPD Monthly Report (Attendance, Referrals, Conditions,TB, Nutrition)",JadBi8s2DMg,"105-CD13","105-CD13. Severe Pneumonia",2025-08-20 11:19:30.715,"1.3.2"
881,RtEYsASU7PG,HMIS1051,"HMIS 105:01 - OPD Monthly Report (Attendance, Referrals, Conditions,TB, Nutrition)",KaqDbaq0Yce,"105-CD06","105-CD06. Other Sexually Transmitted Infections",2025-08-20 11:19:30.717,"1.3.2"
874,RtEYsASU7PG,HMIS1051,"HMIS 105:01 - OPD Monthly Report (Attendance, Referrals, Conditions,TB, Nutrition)",OaRxaiaFBsA,"105-EC25","105-EC25. Other eye conditions",2025-08-20 11:19:30.715,"1.3.7"
877,RtEYsASU7PG,HMIS1051,"HMIS 105:01 - OPD Monthly Report (Attendance, Referrals, Conditions,TB, Nutrition)",nagh0sRw25x,"105-EC28_2019","105-EC28_2019 Spectacles Dispensed",2025-08-20 11:19:30.715,"1.3.7"
893,RtEYsASU7PG,HMIS1051,"HMIS 105:01 - OPD Monthly Report (Attendance, Referrals, Conditions,TB, Nutrition)",KB5ytDWXMMj,"105-MH03","105-MH03. Attention Deficit Hyperactivity disorder (ADHD)",2025-08-20 11:19:30.719,"1.3.8"
896,RtEYsASU7PG,HMIS1051,"HMIS 105:01 - OPD Monthly Report (Attendance, Referrals, Conditions,TB, Nutrition)",nqB3N8FFfCT,"105-MH31","105-MH31.Other Substance Use Disorders",2025-08-20 11:19:30.720,"1.3.8"
897,RtEYsASU7PG,HMIS1051,"HMIS 105:01 - OPD Monthly Report (Attendance, Referrals, Conditions,TB, Nutrition)",a2xhxsTVET3,"105-MH04_2019","105-MH04_2019 Bipolar disorder",2025-08-20 11:19:30.720,"1.3.8"
875,RtEYsASU7PG,HMIS1051,"HMIS 105:01 - OPD Monthly Report (Attendance, Referrals, Conditions,TB, Nutrition)",F7JX3F7iUSN,"105-RD07","105-RD07. Renal cell carcinoma",2025-08-20 11:19:30.715,"1.3.16"
898,RtEYsASU7PG,HMIS1051,"HMIS 105:01 - OPD Monthly Report (Attendance, Referrals, Conditions,TB, Nutrition)",USDfyVr5d8d,"105-CR01","105-CR01. Asthma",2025-08-20 11:19:30.720,"1.3.10"
884,RtEYsASU7PG,HMIS1051,"HMIS 105:01 - OPD Monthly Report (Attendance, Referrals, Conditions,TB, Nutrition)",lGDzC4DI6GY,"105-CA12","105-CA12. Other forms of lymphomas",2025-08-20 11:19:30.717,"1.3.11"
900,RtEYsASU7PG,HMIS1051,"HMIS 105:01 - OPD Monthly Report (Attendance, Referrals, Conditions,TB, Nutrition)",HjrQ7xEhXf4,"105-PC02C","105-PC02c. Number of new patients that received palliative care- Sickle Cell Disease",2025-08-20 11:19:30.720,"1.3.12"
905,RtEYsASU7PG,HMIS1051,"HMIS 105:01 - OPD Monthly Report (Attendance, Referrals, Conditions,TB, Nutrition)",qSiLNVnbwpg,"105-PC04D","105-PC04d. Number of patients that received palliative care with a documented WHO performance status - Bedridden ",2025-08-20 11:19:30.721,"1.3.12"
876,RtEYsASU7PG,HMIS1051,"HMIS 105:01 - OPD Monthly Report (Attendance, Referrals, Conditions,TB, Nutrition)",TvqHbq8AKc7,"105-MC01","105-MC01. Abortions due to Gender-Based Violence (GBV)",2025-08-20 11:19:30.715,"1.3.22"
895,RtEYsASU7PG,HMIS1051,"HMIS 105:01 - OPD Monthly Report (Attendance, Referrals, Conditions,TB, Nutrition)",GIEjVKNT68L,"105-OP02A2","105-OP02a. Other diagnoses - Condition 2 (Name)",2025-08-20 11:19:30.720,"1.3.23"
889,RtEYsASU7PG,HMIS1051,"HMIS 105:01 - OPD Monthly Report (Attendance, Referrals, Conditions,TB, Nutrition)",DXLXok80AIj,"105-ES10_2019","105-ES10_2019 Total number of Deaths in Emergency Unit",2025-08-20 11:19:30.718,"1.3.25"
885,RtEYsASU7PG,HMIS1051,"HMIS 105:01 - OPD Monthly Report (Attendance, Referrals, Conditions,TB, Nutrition)",wcEQfD9THHr,"105-TP02A","105-TP02a. No. screened for TB-ART",2025-08-20 11:19:30.718,"1.3.26"
890,RtEYsASU7PG,HMIS1051,"HMIS 105:01 - OPD Monthly Report (Attendance, Referrals, Conditions,TB, Nutrition)",GPK9oqFKqge,"105-TP06_2019","105-TP06_2019 Number of ART clients started on TPT",2025-08-20 11:19:30.719,"1.3.26"
872,RtEYsASU7PG,HMIS1051,"HMIS 105:01 - OPD Monthly Report (Attendance, Referrals, Conditions,TB, Nutrition)",kD2mEeYrgzr,"105-NA12A1_2019","105-NA12a1_2019. No. of malnourished clients(<10) who are positive for TB",2025-08-20 11:19:30.714,"1.3.28"
879,RtEYsASU7PG,HMIS1051,"HMIS 105:01 - OPD Monthly Report (Attendance, Referrals, Conditions,TB, Nutrition)",Wlg7KSfmRhh,"105-NA02a1","105-NA02a1. SAM admissions(<10) in OTC this month - No. of active clients from previous months",2025-08-20 11:19:30.716,"1.3.28"
887,RtEYsASU7PG,HMIS1051,"HMIS 105:01 - OPD Monthly Report (Attendance, Referrals, Conditions,TB, Nutrition)",A5Kr6LUrerV,"105-NA05","105-NA05. No. of MAM clients in SFC this month",2025-08-20 11:19:30.718,"1.3.28"
888,RtEYsASU7PG,HMIS1051,"HMIS 105:01 - OPD Monthly Report (Attendance, Referrals, Conditions,TB, Nutrition)",KOwVEU2EA7Z,"105-NA06b2","105-NA06b2. No. of male clients with MAM admitted into treatment - SFC(non-response) after 3 months",2025-08-20 11:19:30.718,"1.3.28"
871,RtEYsASU7PG,HMIS1051,"HMIS 105:01 - OPD Monthly Report (Attendance, Referrals, Conditions,TB, Nutrition)",MaioShphNoy,"105-GBV05B","105-GBV05b. No. SGBV survivors who initiated PEP with a documented out come - Positive",2025-08-20 11:19:30.714,"1.3.29"
873,RtEYsASU7PG,HMIS1051,"HMIS 105:01 - OPD Monthly Report (Attendance, Referrals, Conditions,TB, Nutrition)",Oq2D5NlAaZH,"105-GBV01B","105-GBV01b. No. of clients receiving post-GBV clinical care based on the minimum package disaggregated by violence type - Physical/emotionall Violence",2025-08-20 11:19:30.715,"1.3.29"
908,RtEYsASU7PG,HMIS1051,"HMIS 105:01 - OPD Monthly Report (Attendance, Referrals, Conditions,TB, Nutrition)",VsrJCcjEKxK,"105-DF22","105-DF22. Difficulty in Walking",2025-08-20 11:19:30.722,
911,RtEYsASU7PG,HMIS1051,"HMIS 105:01 - OPD Monthly Report (Attendance, Referrals, Conditions,TB, Nutrition)",BXF51ZBLyng,"105-OT01_2019","105-OT01_2019 Neuro-developmental Disorders",2025-08-20 11:19:30.722,
1638,ic1BSWhGOso,HMIS1052,"HMIS 105:02-03 - OPD Monthly Report (MCH, FP, EID, EPI & HEPB)",nmpvshKHVV5,"105-AN10B","105-AN10b. No. of pregnant women receiving atleast 30 Tablets of Iron & Folic Acid - 13+ wks of gestation",2025-08-20 11:20:49.031,"2.1"
921,RtEYsASU7PG,HMIS1051,"HMIS 105:01 - OPD Monthly Report (Attendance, Referrals, Conditions,TB, Nutrition)",zQVbj2bhhi4,"105-PT10","105-PT10. Lower motor neuron lesions (LMN)",2025-08-20 11:19:30.724,
1641,ic1BSWhGOso,HMIS1052,"HMIS 105:02-03 - OPD Monthly Report (MCH, FP, EID, EPI & HEPB)",uzlQdD84jNj,"105-AN18A","105-AN18a. Pregnant Women tested HIV POS for 1st time this pregnancy at any ANC Visit",2025-08-20 11:20:49.032,"2.1"
1644,ic1BSWhGOso,HMIS1052,"HMIS 105:02-03 - OPD Monthly Report (MCH, FP, EID, EPI & HEPB)",ttzUyLDgHSp,"105-AN06D","105-AN 06d. No. of pregnant women who received IPT 4 & 4+ Dose",2025-08-20 11:20:49.032,"2.1"
1652,ic1BSWhGOso,HMIS1052,"HMIS 105:02-03 - OPD Monthly Report (MCH, FP, EID, EPI & HEPB)",R9fYo78aAYM,"105-AN13A_2019","105-AN13a_2019  Blood and Rhesus Group (O) - Total",2025-08-20 11:20:49.034,"2.1"
930,RtEYsASU7PG,HMIS1051,"HMIS 105:01 - OPD Monthly Report (Attendance, Referrals, Conditions,TB, Nutrition)",tHd97dX4naD,"105-SL07_2019","105-SL07_2019 Cleft lip and palate",2025-08-20 11:19:30.725,
1653,ic1BSWhGOso,HMIS1052,"HMIS 105:02-03 - OPD Monthly Report (MCH, FP, EID, EPI & HEPB)",qX9BvAXohYS,"105-AN15B","105-AN15b. Male partners tested for syphilis Tested positive (RX-1, RX-2, RX-3, +Ve-K, and +Ve)",2025-08-20 11:20:49.034,"2.1"
1657,ic1BSWhGOso,HMIS1052,"HMIS 105:02-03 - OPD Monthly Report (MCH, FP, EID, EPI & HEPB)",cd4UfIxjYJN,"105-AN22_2019","105-AN22_2019 Pregnant Women receiving atleast 30 tablets of Iron/Folic Acid at ANC after 36 weeks",2025-08-20 11:20:49.035,"2.1"
1660,ic1BSWhGOso,HMIS1052,"HMIS 105:02-03 - OPD Monthly Report (MCH, FP, EID, EPI & HEPB)",S4qc9DG7Bq8,"105-AN42C_2019","105-AN42c_2019 Pregnant women who received Counselling (Infant Feeding ) - Total",2025-08-20 11:20:49.035,"2.1"
1670,ic1BSWhGOso,HMIS1052,"HMIS 105:02-03 - OPD Monthly Report (MCH, FP, EID, EPI & HEPB)",yoOFcKtBrYB,"105-AN42B_2019","105-AN42b_2019 Pregnant women who received Counselling (Maternal Nutrition) - HIV+",2025-08-20 11:20:49.037,"2.1"
941,RtEYsASU7PG,HMIS1051,"HMIS 105:01 - OPD Monthly Report (Attendance, Referrals, Conditions,TB, Nutrition)",OXGKBH0qPZE,"105-PT14","105-PT14. Injection neuritis/Acute flaccid paralysis",2025-08-20 11:19:30.727,
926,RtEYsASU7PG,HMIS1051,"HMIS 105:01 - OPD Monthly Report (Attendance, Referrals, Conditions,TB, Nutrition)",BDKWuSKjkoQ,"105NC02","105-NC02. Other Haemoglobinopathies",2025-08-20 11:19:30.725,"1.3.4"
907,RtEYsASU7PG,HMIS1051,"HMIS 105:01 - OPD Monthly Report (Attendance, Referrals, Conditions,TB, Nutrition)",WI1Hvx0U8r4,"105-EN05","105-EN05. Sinusitis",2025-08-20 11:19:30.722,"1.3.6"
936,RtEYsASU7PG,HMIS1051,"HMIS 105:01 - OPD Monthly Report (Attendance, Referrals, Conditions,TB, Nutrition)",AznZaLI0xuH,"105-MH19","105-MH19. Illiness Anxiety Disorder",2025-08-20 11:19:30.726,"1.3.8"
924,RtEYsASU7PG,HMIS1051,"HMIS 105:01 - OPD Monthly Report (Attendance, Referrals, Conditions,TB, Nutrition)",U1BNNFWrGfC,"105-NE21_2019","105-NE21_2019 Attempted Suicide/Self-harm",2025-08-20 11:19:30.724,"1.3.9"
928,RtEYsASU7PG,HMIS1051,"HMIS 105:01 - OPD Monthly Report (Attendance, Referrals, Conditions,TB, Nutrition)",MmTOEDrGLc9,X105-NE14,"105-NE14. Mental illness due other Medical/ surgical conditions",2025-08-20 11:19:30.725,"1.3.9"
931,RtEYsASU7PG,HMIS1051,"HMIS 105:01 - OPD Monthly Report (Attendance, Referrals, Conditions,TB, Nutrition)",tDNmCcw68t1,"105-PC04A","105-PC04a. Number of patients that received palliative care with a documented WHO performance status - Working (Adults) ",2025-08-20 11:19:30.726,"1.3.12"
916,RtEYsASU7PG,HMIS1051,"HMIS 105:01 - OPD Monthly Report (Attendance, Referrals, Conditions,TB, Nutrition)",bmIbiG4FGXU,"105-CR03","105-CR03. Other Chronic Respiratory diseases",2025-08-20 11:19:30.723,"1.3.10"
929,RtEYsASU7PG,HMIS1051,"HMIS 105:01 - OPD Monthly Report (Attendance, Referrals, Conditions,TB, Nutrition)",Cz4UmsI3KTp,"105-CA06","105-CA06. Multiple Myeloma",2025-08-20 11:19:30.725,"1.3.11"
913,RtEYsASU7PG,HMIS1051,"HMIS 105:01 - OPD Monthly Report (Attendance, Referrals, Conditions,TB, Nutrition)",LYvYpOkbyQE,"105-LD03","105-LD03. Fatty Liver Disease",2025-08-20 11:19:30.723,"1.3.17"
933,RtEYsASU7PG,HMIS1051,"HMIS 105:01 - OPD Monthly Report (Attendance, Referrals, Conditions,TB, Nutrition)",LFH8bUaself,"105-LD10","105-LD10. Hepatitis E",2025-08-20 11:19:30.726,"1.3.17"
918,RtEYsASU7PG,HMIS1051,"HMIS 105:01 - OPD Monthly Report (Attendance, Referrals, Conditions,TB, Nutrition)",pJfmRStn4K0,"105-EM02","105-EM02. Thyroid Disease",2025-08-20 11:19:30.723,"1.3.18"
939,RtEYsASU7PG,HMIS1051,"HMIS 105:01 - OPD Monthly Report (Attendance, Referrals, Conditions,TB, Nutrition)",bRYoCXTmJCB,"105-IN02","105-IN02. Injuries due to Gender based violence",2025-08-20 11:19:30.727,"1.3.19"
927,RtEYsASU7PG,HMIS1051,"HMIS 105:01 - OPD Monthly Report (Attendance, Referrals, Conditions,TB, Nutrition)",kT3cmirJBJA,"105-MC10_2019","105-MC10_2019. Number screened for breast cancer",2025-08-20 11:19:30.725,"1.3.22"
914,RtEYsASU7PG,HMIS1051,"HMIS 105:01 - OPD Monthly Report (Attendance, Referrals, Conditions,TB, Nutrition)",ou6tD32JxCB,"105-ES03B","105-ES03b. No. of emergency cases that arrived at the facility by - Police Vehicle",2025-08-20 11:19:30.723,"1.3.25"
937,RtEYsASU7PG,HMIS1051,"HMIS 105:01 - OPD Monthly Report (Attendance, Referrals, Conditions,TB, Nutrition)",NF20WeqeY8B,"105-ES02","105-ES02. No. of Patients that received care at the scene of emergency",2025-08-20 11:19:30.726,"1.3.25"
910,RtEYsASU7PG,HMIS1051,"HMIS 105:01 - OPD Monthly Report (Attendance, Referrals, Conditions,TB, Nutrition)",ubBoPfBZF8D,"105-TP05","105-TP05. Free T4 - Done",2025-08-20 11:19:30.722,"1.3.26"
920,RtEYsASU7PG,HMIS1051,"HMIS 105:01 - OPD Monthly Report (Attendance, Referrals, Conditions,TB, Nutrition)",QLsASU3mH3C,"105-TP04B","105-TP04b. New and relapse leprosy cases registered - Presumed",2025-08-20 11:19:30.724,"1.3.26"
909,RtEYsASU7PG,HMIS1051,"HMIS 105:01 - OPD Monthly Report (Attendance, Referrals, Conditions,TB, Nutrition)",yRkbB2NH8xI,"105-NA02d1","105-NA02d1. Readmissions(<10) into OTC this month - Defaulters",2025-08-20 11:19:30.722,"1.3.28"
912,RtEYsASU7PG,HMIS1051,"HMIS 105:01 - OPD Monthly Report (Attendance, Referrals, Conditions,TB, Nutrition)",z8zOu5NSR9Q,"105-NA02a1_2019","105-NA02a1_2019. Children that are underweight (W/A , <= -2 SD)",2025-08-20 11:19:30.722,"1.3.28"
915,RtEYsASU7PG,HMIS1051,"HMIS 105:01 - OPD Monthly Report (Attendance, Referrals, Conditions,TB, Nutrition)",rOaKXQCkllx,"105-NA01b4c","105-NA01b4c. Identified malnourished female clients this month - Underweight",2025-08-20 11:19:30.723,"1.3.28"
919,RtEYsASU7PG,HMIS1051,"HMIS 105:01 - OPD Monthly Report (Attendance, Referrals, Conditions,TB, Nutrition)",FCtLzpQfwvm,"105-NA01b2c","105-NA01b2c. Identified malnourished female clients this month - SAM Without Oedema",2025-08-20 11:19:30.724,"1.3.28"
1672,ic1BSWhGOso,HMIS1052,"HMIS 105:02-03 - OPD Monthly Report (MCH, FP, EID, EPI & HEPB)",YYhIhKT43kB,"105-AN14A","105-AN14a. Pregnant Women tested for syphilis - Total Tested (RX-1, RX-2, RX-3, +Ve-K, +Ve, and -Ve)",2025-08-20 11:20:49.037,"2.1"
948,RtEYsASU7PG,HMIS1051,"HMIS 105:01 - OPD Monthly Report (Attendance, Referrals, Conditions,TB, Nutrition)",v8512yD1cSF,"105-RE01","105-RE01: Cancers",2025-08-20 11:19:30.728,
951,RtEYsASU7PG,HMIS1051,"HMIS 105:01 - OPD Monthly Report (Attendance, Referrals, Conditions,TB, Nutrition)",vNEARHwRi3J,"105-PT05","105-PT05. Chest trauma/Injury",2025-08-20 11:19:30.729,
1684,ic1BSWhGOso,HMIS1052,"HMIS 105:02-03 - OPD Monthly Report (MCH, FP, EID, EPI & HEPB)",eaANa9weJPs,"105-AN16d","105-AN16d. No. Pregnant women tested for Hepatitis B - Initiated on ARVs",2025-08-20 11:20:49.039,"2.1"
957,RtEYsASU7PG,HMIS1051,"HMIS 105:01 - OPD Monthly Report (Attendance, Referrals, Conditions,TB, Nutrition)",ISC087IHQS4,"105-PT11","105-PT11. Gynaecological, obstetric and urogenital conditions",2025-08-20 11:19:30.731,
1689,ic1BSWhGOso,HMIS1052,"HMIS 105:02-03 - OPD Monthly Report (MCH, FP, EID, EPI & HEPB)",PaceRdSpmgy,"105-AN04","105-AN04. Total ANC contacts/visits",2025-08-20 11:20:49.040,"2.1"
1694,ic1BSWhGOso,HMIS1052,"HMIS 105:02-03 - OPD Monthly Report (MCH, FP, EID, EPI & HEPB)",z2032M7dNDL,"105-AN39b_2019","105-AN39b_2019. Male partners with a known status at their first visit as a couple in ANC - HIV+ (TRRK)",2025-08-20 11:20:49.041,"2.1"
1695,ic1BSWhGOso,HMIS1052,"HMIS 105:02-03 - OPD Monthly Report (MCH, FP, EID, EPI & HEPB)",Q9nSogNmKPt,"105-AN01A","105-AN01a. ANC 1st Visit for women",2025-08-20 11:20:49.041,"2.1"
1696,ic1BSWhGOso,HMIS1052,"HMIS 105:02-03 - OPD Monthly Report (MCH, FP, EID, EPI & HEPB)",bBmnfOD3Yom,"105-AN14B","105-AN14b. Pregnant Women tested for syphilis - Tested Positive (RX-1, RX-2, RX-3, +Ve-K, and +Ve)",2025-08-20 11:20:49.041,"2.1"
1699,ic1BSWhGOso,HMIS1052,"HMIS 105:02-03 - OPD Monthly Report (MCH, FP, EID, EPI & HEPB)",emMkPnimvFJ,"105-AN06A","105-AN 06a. No. of pregnant women who IPT1",2025-08-20 11:20:49.041,"2.1"
964,RtEYsASU7PG,HMIS1051,"HMIS 105:01 - OPD Monthly Report (Attendance, Referrals, Conditions,TB, Nutrition)",hEN6XQYLSYT,"105-AP05","105-AP05. Cognition",2025-08-20 11:19:30.733,
968,RtEYsASU7PG,HMIS1051,"HMIS 105:01 - OPD Monthly Report (Attendance, Referrals, Conditions,TB, Nutrition)",EhwUaA1SHiU,"105-OT10_2019","105-OT10_2019 HIV/ AIDS",2025-08-20 11:19:30.733,
1702,ic1BSWhGOso,HMIS1052,"HMIS 105:02-03 - OPD Monthly Report (MCH, FP, EID, EPI & HEPB)",sq6TGqoX9H0,"105-AN19","105-AN19. HIV+ Pregnant women assessed by CD4 - Total",2025-08-20 11:20:49.042,"2.1"
1704,ic1BSWhGOso,HMIS1052,"HMIS 105:02-03 - OPD Monthly Report (MCH, FP, EID, EPI & HEPB)",JEguqgKb8EF,"105-AN07A2","105-AN07a2.  No. of pregnant women who were tested for blood grouping - Blood Group (O) -Rhesus O- ",2025-08-20 11:20:49.042,"2.1"
1708,ic1BSWhGOso,HMIS1052,"HMIS 105:02-03 - OPD Monthly Report (MCH, FP, EID, EPI & HEPB)",mikocWAx5ng,"105-AN34A_2019","105-AN34a_2019 HIV+ pregnant women already on ART before 1st ANC - Total(ART-K)",2025-08-20 11:20:49.043,"2.1"
1709,ic1BSWhGOso,HMIS1052,"HMIS 105:02-03 - OPD Monthly Report (MCH, FP, EID, EPI & HEPB)",o1WgIrJ0wY4,"105-AN12B","105-AN12b. No. of pregnant women who received obstetric-ultra sound scan during any ANC visit in the reporting month - No. done before 24 weeks of gestation",2025-08-20 11:20:49.043,"2.1"
1715,ic1BSWhGOso,HMIS1052,"HMIS 105:02-03 - OPD Monthly Report (MCH, FP, EID, EPI & HEPB)",lWcF1YVckcA,"105-AN14A_","105-AN14a_2019 Pregnant Women tested for syphilis - First time this pregnancy ",2025-08-20 11:20:49.044,"2.1"
1716,ic1BSWhGOso,HMIS1052,"HMIS 105:02-03 - OPD Monthly Report (MCH, FP, EID, EPI & HEPB)",ZjQgpP9G7m1,"105-AN20b","105-AN20b. HIV+ pregnant women receiving ART - Newly Initiated",2025-08-20 11:20:49.044,"2.1"
949,RtEYsASU7PG,HMIS1051,"HMIS 105:01 - OPD Monthly Report (Attendance, Referrals, Conditions,TB, Nutrition)",jipSinNApZk,"105-OD04","105-OD04. Other Oral Conditions",2025-08-20 11:19:30.728,"1.3.5"
965,RtEYsASU7PG,HMIS1051,"HMIS 105:01 - OPD Monthly Report (Attendance, Referrals, Conditions,TB, Nutrition)",YWulguQA8BP,"105-EC09","105-EC09. Trachoma",2025-08-20 11:19:30.733,"1.3.7"
978,RtEYsASU7PG,HMIS1051,"HMIS 105:01 - OPD Monthly Report (Attendance, Referrals, Conditions,TB, Nutrition)",yIHGXKS9toz,"105-MH18","105-MH18.Somatic Symptom Disorder",2025-08-20 11:19:30.735,"1.3.8"
961,RtEYsASU7PG,HMIS1051,"HMIS 105:01 - OPD Monthly Report (Attendance, Referrals, Conditions,TB, Nutrition)",Bv5ThUANT2Q,"105-PC06","105-PC06. Number of patients on palliative care who died during the month",2025-08-20 11:19:30.732,"1.3.12"
952,RtEYsASU7PG,HMIS1051,"HMIS 105:01 - OPD Monthly Report (Attendance, Referrals, Conditions,TB, Nutrition)",QLLmzQw9djL,"105-CA24","105-CA24. Bone Tumors Cancer",2025-08-20 11:19:30.729,"1.3.11"
967,RtEYsASU7PG,HMIS1051,"HMIS 105:01 - OPD Monthly Report (Attendance, Referrals, Conditions,TB, Nutrition)",gyKuxbw1ONZ,"105-DS05_2019","105-DS05_2019. Individuals with delayed age specific motor development",2025-08-20 11:19:30.733,"1.3.14"
966,RtEYsASU7PG,HMIS1051,"HMIS 105:01 - OPD Monthly Report (Attendance, Referrals, Conditions,TB, Nutrition)",D94T0VqYF0u,"105-CV01","105-CV01. Stroke/Cerebrovascular Accident(CVA)",2025-08-20 11:19:30.733,"1.3.15"
977,RtEYsASU7PG,HMIS1051,"HMIS 105:01 - OPD Monthly Report (Attendance, Referrals, Conditions,TB, Nutrition)",G8JWrFN2Bt2,"105-RD10","105-RD10. Obstructive Uropathy",2025-08-20 11:19:30.735,"1.3.16"
945,RtEYsASU7PG,HMIS1051,"HMIS 105:01 - OPD Monthly Report (Attendance, Referrals, Conditions,TB, Nutrition)",ntskkEwDG7O,"105-LD04","105-LD04. Hepatitis due to Medicine / Herbs",2025-08-20 11:19:30.728,"1.3.17"
947,RtEYsASU7PG,HMIS1051,"HMIS 105:01 - OPD Monthly Report (Attendance, Referrals, Conditions,TB, Nutrition)",FzBaYcoHAnl,"105-OP02B_2019","105-OP02b_2019 Other diagnoses - Condition 2",2025-08-20 11:19:30.728,"1.3.23"
944,RtEYsASU7PG,HMIS1051,"HMIS 105:01 - OPD Monthly Report (Attendance, Referrals, Conditions,TB, Nutrition)",hCED8FhuM7S,"105-ES09C_2019","105-ES09c_2019 Death at unit - Paediatric emergencies",2025-08-20 11:19:30.728,"1.3.25"
950,RtEYsASU7PG,HMIS1051,"HMIS 105:01 - OPD Monthly Report (Attendance, Referrals, Conditions,TB, Nutrition)",HCZEYPfoZ7r,"105-ES09F_2019","105-ES09f_2019. Death at unit - Burns",2025-08-20 11:19:30.729,"1.3.25"
946,RtEYsASU7PG,HMIS1051,"HMIS 105:01 - OPD Monthly Report (Attendance, Referrals, Conditions,TB, Nutrition)",a351pGnPAmp,"105-NA02A2_2019","105-NA02a2_2019 Male children that are underweight (W/A-2 SD)",2025-08-20 11:19:30.728,"1.3.28"
953,RtEYsASU7PG,HMIS1051,"HMIS 105:01 - OPD Monthly Report (Attendance, Referrals, Conditions,TB, Nutrition)",Oxh7nQrH5xh,"105-NA04B3_2019","105-NA04b3_2019. Female SAM admissions in OTC this month - New using MUAC",2025-08-20 11:19:30.730,"1.3.28"
954,RtEYsASU7PG,HMIS1051,"HMIS 105:01 - OPD Monthly Report (Attendance, Referrals, Conditions,TB, Nutrition)",JXs3K173KDL,"105-NA03d3","105-NA03d3. Female clients with SAM admitted into treatment - Died during treatment",2025-08-20 11:19:30.730,"1.3.28"
956,RtEYsASU7PG,HMIS1051,"HMIS 105:01 - OPD Monthly Report (Attendance, Referrals, Conditions,TB, Nutrition)",Okhx7eMyzty,"105-GBV03","105-GBV03. No.SGBV survivors initiated on PEP",2025-08-20 11:19:30.731,"1.3.29"
975,RtEYsASU7PG,HMIS1051,"HMIS 105:01 - OPD Monthly Report (Attendance, Referrals, Conditions,TB, Nutrition)",Hcaqv0iF3E8,"105-GBV02","105-GBV02. No.SGBV survivors eligible for PEP",2025-08-20 11:19:30.735,"1.3.29"
979,RtEYsASU7PG,HMIS1051,"HMIS 105:01 - OPD Monthly Report (Attendance, Referrals, Conditions,TB, Nutrition)",Yue3pPKDaMH,"105-PT15","105-PT15. Congenital abnormalities",2025-08-20 11:19:30.735,
981,RtEYsASU7PG,HMIS1051,"HMIS 105:01 - OPD Monthly Report (Attendance, Referrals, Conditions,TB, Nutrition)",bGpHNehxb25,"105-RE08","105-RE08: Other conditions",2025-08-20 11:19:30.736,
983,RtEYsASU7PG,HMIS1051,"HMIS 105:01 - OPD Monthly Report (Attendance, Referrals, Conditions,TB, Nutrition)",UzSXA0b0oAd,"105-AP01","105-AP01. Mobility",2025-08-20 11:19:30.736,
986,RtEYsASU7PG,HMIS1051,"HMIS 105:01 - OPD Monthly Report (Attendance, Referrals, Conditions,TB, Nutrition)",vC9pW0FEvd2,"105-OR01","105-OR01. Referrals to unit",2025-08-20 11:19:30.737,
988,RtEYsASU7PG,HMIS1051,"HMIS 105:01 - OPD Monthly Report (Attendance, Referrals, Conditions,TB, Nutrition)",OrdnvR6Vq9V,"105-RE04","105-RE04: Musculoskeletal",2025-08-20 11:19:30.737,
1719,ic1BSWhGOso,HMIS1052,"HMIS 105:02-03 - OPD Monthly Report (MCH, FP, EID, EPI & HEPB)",VYD6SlQHBsD,"105-AN19_2019","105-AN19_2019 Pregnant women who were tested for anaemia using Hb test at ANC after 36 weeks",2025-08-20 11:20:49.045,"2.1"
1720,ic1BSWhGOso,HMIS1052,"HMIS 105:02-03 - OPD Monthly Report (MCH, FP, EID, EPI & HEPB)",LR8HaTS7Mxt,"105-AN15A_2019","105-AN15a_2019 Blood and Rhesus Group (B) - Total",2025-08-20 11:20:49.045,"2.1"
1722,ic1BSWhGOso,HMIS1052,"HMIS 105:02-03 - OPD Monthly Report (MCH, FP, EID, EPI & HEPB)",v77TWMygfNd,"105-AN15c","105-AN15c. Male partners tested for syphilis Started on Treatment (RX-1, RX-2, and RX-3)",2025-08-20 11:20:49.045,"2.1"
1730,ic1BSWhGOso,HMIS1052,"HMIS 105:02-03 - OPD Monthly Report (MCH, FP, EID, EPI & HEPB)",Y0Gaon8coI0,"105-AN23A","105-AN23a.HIV+ pregnant women - Eligible for a Viral Load during the month",2025-08-20 11:20:49.047,"2.1"
1001,RtEYsASU7PG,HMIS1051,"HMIS 105:01 - OPD Monthly Report (Attendance, Referrals, Conditions,TB, Nutrition)",urup7lP3i2I,"105-DF02","105-DF02. Cognitive Impairement",2025-08-20 11:19:30.740,
1735,ic1BSWhGOso,HMIS1052,"HMIS 105:02-03 - OPD Monthly Report (MCH, FP, EID, EPI & HEPB)",F9kTTMoE00R,"105-AN22.","105-AN22. Pregnant women who re-tested later in pregnancy - Total",2025-08-20 11:20:49.048,"2.1"
1736,ic1BSWhGOso,HMIS1052,"HMIS 105:02-03 - OPD Monthly Report (MCH, FP, EID, EPI & HEPB)",W4Yp62JOlvL,"105-AN42D_2019","105-AN42d_2019 Pregnant women who received Counselling (Infant Feeding ) - HIV+",2025-08-20 11:20:49.048,"2.1"
1744,ic1BSWhGOso,HMIS1052,"HMIS 105:02-03 - OPD Monthly Report (MCH, FP, EID, EPI & HEPB)",smPWpOF5cBg,"105-AN21_2019","105-AN21_2019 Pregnant Women receiving atleast 30 tablets of Iron/Folic Acid at ANC 1st contact / Visit",2025-08-20 11:20:49.049,"2.1"
1751,ic1BSWhGOso,HMIS1052,"HMIS 105:02-03 - OPD Monthly Report (MCH, FP, EID, EPI & HEPB)",KzBNR8ia9ot,"105-AN03_2019","105-AN03_2019 ANC 4+ visits for Women",2025-08-20 11:20:49.051,"2.1"
1752,ic1BSWhGOso,HMIS1052,"HMIS 105:02-03 - OPD Monthly Report (MCH, FP, EID, EPI & HEPB)",gO6V4EfyAgr,"105-AN31B_2019","105-AN31b_2019. HIV+ Pregnant women assessed by CD4 - ANC 1",2025-08-20 11:20:49.051,"2.1"
1757,ic1BSWhGOso,HMIS1052,"HMIS 105:02-03 - OPD Monthly Report (MCH, FP, EID, EPI & HEPB)",tlCReAq4tXE,"105-AN29B","105-AN29b. TB Screening for ANC clients - Presumed to have TB",2025-08-20 11:20:49.052,"2.1"
1011,RtEYsASU7PG,HMIS1051,"HMIS 105:01 - OPD Monthly Report (Attendance, Referrals, Conditions,TB, Nutrition)",fluUvY1i586,"105-OT11_2019","105-OT11_2019 Diabetes",2025-08-20 11:19:30.741,
1763,ic1BSWhGOso,HMIS1052,"HMIS 105:02-03 - OPD Monthly Report (MCH, FP, EID, EPI & HEPB)",NviOrEByxIy,"105-AN28B","105-AN28b. Women assessed for nutrition status - Identified Malnourished",2025-08-20 11:20:49.053,"2.1"
1014,RtEYsASU7PG,HMIS1051,"HMIS 105:01 - OPD Monthly Report (Attendance, Referrals, Conditions,TB, Nutrition)",dAkwczlydO6,"105-PT13","105-PT13. Altered Posture and gait",2025-08-20 11:19:30.742,
1015,RtEYsASU7PG,HMIS1051,"HMIS 105:01 - OPD Monthly Report (Attendance, Referrals, Conditions,TB, Nutrition)",o3jfx77SIZA,"105-DF16","105-DF16. Impaired Muscle tone",2025-08-20 11:19:30.742,
998,RtEYsASU7PG,HMIS1051,"HMIS 105:01 - OPD Monthly Report (Attendance, Referrals, Conditions,TB, Nutrition)",P2wDiYT9Ldr,"105-EC01","105-EC01. Allergic conjunctivitis",2025-08-20 11:19:30.739,"1.3.7"
1002,RtEYsASU7PG,HMIS1051,"HMIS 105:01 - OPD Monthly Report (Attendance, Referrals, Conditions,TB, Nutrition)",Kz1EDWfsQvI,"105-CD02","105-CD02. Diarrhoea -  Persistent",2025-08-20 11:19:30.740,"1.3.2"
982,RtEYsASU7PG,HMIS1051,"HMIS 105:01 - OPD Monthly Report (Attendance, Referrals, Conditions,TB, Nutrition)",prfdp8CFx7y,"105-MH02","105-MH02. Autism spectrum disorders",2025-08-20 11:19:30.736,"1.3.8"
992,RtEYsASU7PG,HMIS1051,"HMIS 105:01 - OPD Monthly Report (Attendance, Referrals, Conditions,TB, Nutrition)",u5YKdUK8DpL,"105-MH22","105-MH22. Insomnia Disorder",2025-08-20 11:19:30.738,"1.3.8"
980,RtEYsASU7PG,HMIS1051,"HMIS 105:01 - OPD Monthly Report (Attendance, Referrals, Conditions,TB, Nutrition)",wQhGJkLlk9L,"105-PC02B","105-PC02b. Number of new patients that received palliative care - HIV/AIDS",2025-08-20 11:19:30.736,"1.3.12"
996,RtEYsASU7PG,HMIS1051,"HMIS 105:01 - OPD Monthly Report (Attendance, Referrals, Conditions,TB, Nutrition)",PzFwdjFeUr1,"105-CA13","105-CA13. Oesophageal Cancer ",2025-08-20 11:19:30.738,"1.3.11"
984,RtEYsASU7PG,HMIS1051,"HMIS 105:01 - OPD Monthly Report (Attendance, Referrals, Conditions,TB, Nutrition)",sRChk3UcSS3,"105-PC04B","105-PC04b. Number of patients that received palliative care with a documented WHO performance status - Playing (Children) ",2025-08-20 11:19:30.736,"1.3.12"
987,RtEYsASU7PG,HMIS1051,"HMIS 105:01 - OPD Monthly Report (Attendance, Referrals, Conditions,TB, Nutrition)",hTBgki6DhH4,"105-CV02","105-CV02. Hypertension",2025-08-20 11:19:30.737,"1.3.15"
1007,RtEYsASU7PG,HMIS1051,"HMIS 105:01 - OPD Monthly Report (Attendance, Referrals, Conditions,TB, Nutrition)",GqvGVF75ihM,"105-EM01","105-EM01. Diabetes mellitus",2025-08-20 11:19:30.741,"1.3.18"
1009,RtEYsASU7PG,HMIS1051,"HMIS 105:01 - OPD Monthly Report (Attendance, Referrals, Conditions,TB, Nutrition)",oOw5p1KWSmT,"105-NT03","105-NT03. Lymphatic Filariasis (Lympoedema)",2025-08-20 11:19:30.741,"1.3.21"
994,RtEYsASU7PG,HMIS1051,"HMIS 105:01 - OPD Monthly Report (Attendance, Referrals, Conditions,TB, Nutrition)",okHaHXA8o7u,"105-OP02A3","105-OP02a. Other diagnoses - Condition 3 (Name)",2025-08-20 11:19:30.738,"1.3.23"
989,RtEYsASU7PG,HMIS1051,"HMIS 105:01 - OPD Monthly Report (Attendance, Referrals, Conditions,TB, Nutrition)",BzUZJxAUTUz,"105-ES10B","105-ES10b.Tetanus vaccination for Rabies",2025-08-20 11:19:30.737,"1.3.25"
995,RtEYsASU7PG,HMIS1051,"HMIS 105:01 - OPD Monthly Report (Attendance, Referrals, Conditions,TB, Nutrition)",sYJTvmD4xA8,"105-ES08B","105-ES08b. Road Traffic Injuries - Motor Cycle",2025-08-20 11:19:30.738,"1.3.25"
985,RtEYsASU7PG,HMIS1051,"HMIS 105:01 - OPD Monthly Report (Attendance, Referrals, Conditions,TB, Nutrition)",o0Dy8oCqoOf,"105-NA03I2_2019","105-NA03i2_2019 Identified malnourished male  clients this month - Obese",2025-08-20 11:19:30.736,"1.3.28"
990,RtEYsASU7PG,HMIS1051,"HMIS 105:01 - OPD Monthly Report (Attendance, Referrals, Conditions,TB, Nutrition)",EQK28HH3I2m,"105-NA05b3","105-NA05b3. Female MAM admissions  in Supplementary Feeding Care (SFC) - New admissions",2025-08-20 11:19:30.737,"1.3.28"
997,RtEYsASU7PG,HMIS1051,"HMIS 105:01 - OPD Monthly Report (Attendance, Referrals, Conditions,TB, Nutrition)",oAEDBaHndIM,"105-NA02","105-NA02. No. of SAM clients in OTC ",2025-08-20 11:19:30.739,"1.3.28"
1016,RtEYsASU7PG,HMIS1051,"HMIS 105:01 - OPD Monthly Report (Attendance, Referrals, Conditions,TB, Nutrition)",DPgscLhQ05c,"105-RR02","105-RR02. Referral for AP",2025-08-20 11:19:30.742,
1772,ic1BSWhGOso,HMIS1052,"HMIS 105:02-03 - OPD Monthly Report (MCH, FP, EID, EPI & HEPB)",wFmMiaWgMIU,"105-AN18B","105-AN18b. Pregnant Women tested HIV POS for 1st time this pregnancy at any ANC Visit - ANC 1",2025-08-20 11:20:49.054,"2.1"
1773,ic1BSWhGOso,HMIS1052,"HMIS 105:02-03 - OPD Monthly Report (MCH, FP, EID, EPI & HEPB)",LWE4kU4ttVW,"105-AN23c","105-AN23c. HIV+ pregnant women- Viral Load results returned during the month",2025-08-20 11:20:49.054,"2.1"
1025,RtEYsASU7PG,HMIS1051,"HMIS 105:01 - OPD Monthly Report (Attendance, Referrals, Conditions,TB, Nutrition)",tFMoZhEGgfK,"105-RU02","105-RU02: Cardiovascular",2025-08-20 11:19:30.744,
1777,ic1BSWhGOso,HMIS1052,"HMIS 105:02-03 - OPD Monthly Report (MCH, FP, EID, EPI & HEPB)",b78oMBcC5R8,"105-AN33B_2019","105-AN33b_2019. Pregnant Women who knew status before 1st ANC - HIV+ TRRK",2025-08-20 11:20:49.055,"2.1"
1779,ic1BSWhGOso,HMIS1052,"HMIS 105:02-03 - OPD Monthly Report (MCH, FP, EID, EPI & HEPB)",IZKuxgNUZY2,"105-AN23B","105-AN23b. HIV+ pregnant women- Viral Load Samples collected during the month",2025-08-20 11:20:49.055,"2.1"
1782,ic1BSWhGOso,HMIS1052,"HMIS 105:02-03 - OPD Monthly Report (MCH, FP, EID, EPI & HEPB)",mSpP96joalJ,"105-AN07C1","105-AN07c1. Blood and Rhesus Group (B) - Rhesus(B+)",2025-08-20 11:20:49.056,"2.1"
1793,ic1BSWhGOso,HMIS1052,"HMIS 105:02-03 - OPD Monthly Report (MCH, FP, EID, EPI & HEPB)",KwdS7TztHf0,"105-AN11","105-AN11. Pregnant Women receiving LLINs at ANC 1st visit",2025-08-20 11:20:49.058,"2.1"
1041,RtEYsASU7PG,HMIS1051,"HMIS 105:01 - OPD Monthly Report (Attendance, Referrals, Conditions,TB, Nutrition)",thtRpquJ4lf,"105-PT12","105-PT12. Amputee",2025-08-20 11:19:30.748,
1802,ic1BSWhGOso,HMIS1052,"HMIS 105:02-03 - OPD Monthly Report (MCH, FP, EID, EPI & HEPB)",YSqKuHTabCd,"105-AN05","105-AN05. Referrals to ANC unit",2025-08-20 11:20:49.061,"2.1"
1803,ic1BSWhGOso,HMIS1052,"HMIS 105:02-03 - OPD Monthly Report (MCH, FP, EID, EPI & HEPB)",p6NMZyBI4UP,"105-AN07B_2019","105-AN07b_2019 ANC Referrals from unit for mothers newly enrolled in MCH groups",2025-08-20 11:20:49.061,"2.1"
1044,RtEYsASU7PG,HMIS1051,"HMIS 105:01 - OPD Monthly Report (Attendance, Referrals, Conditions,TB, Nutrition)",KplTNE1bpfW,"105-RR01","105-RR01. Rehabilitation Referral",2025-08-20 11:19:30.748,
1809,ic1BSWhGOso,HMIS1052,"HMIS 105:02-03 - OPD Monthly Report (MCH, FP, EID, EPI & HEPB)",InoHLqVStNx,"105-AN42A_2019","105-AN42a_2019 Pregnant women who received Counselling (Maternal Nutrition ) - Total",2025-08-20 11:20:49.062,"2.1"
1813,ic1BSWhGOso,HMIS1052,"HMIS 105:02-03 - OPD Monthly Report (MCH, FP, EID, EPI & HEPB)",xc0wsXQQZoZ,"105-AN28c_2019","105-AN28c_2019. Pregnant women tested for Hepatitis B - Started on Treatment",2025-08-20 11:20:49.063,"2.1"
1815,ic1BSWhGOso,HMIS1052,"HMIS 105:02-03 - OPD Monthly Report (MCH, FP, EID, EPI & HEPB)",uALBQG7TFhq,"105-AN17A","105-AN17a. Pregnant women newly tested for HIV in this pregnancy at any ANC visit (NEG & POS)",2025-08-20 11:20:49.063,"2.1"
1049,RtEYsASU7PG,HMIS1051,"HMIS 105:01 - OPD Monthly Report (Attendance, Referrals, Conditions,TB, Nutrition)",B6UIq3bT4xe,"105-OT07_2019","105-OT07_2019 Mental Health Conditions",2025-08-20 11:19:30.749,
1820,ic1BSWhGOso,HMIS1052,"HMIS 105:02-03 - OPD Monthly Report (MCH, FP, EID, EPI & HEPB)",hqGqG3XbnJm,"105-AN07B1","105-AN07b1. Blood and Rhesus Group (A) - Rhesus(A+)",2025-08-20 11:20:49.064,"2.1"
1037,RtEYsASU7PG,HMIS1051,"HMIS 105:01 - OPD Monthly Report (Attendance, Referrals, Conditions,TB, Nutrition)",QrOH2kSY98j,"105-EC14","105-EC14. Uveitis",2025-08-20 11:19:30.746,"1.3.7"
1030,RtEYsASU7PG,HMIS1051,"HMIS 105:01 - OPD Monthly Report (Attendance, Referrals, Conditions,TB, Nutrition)",Cw3RNymXWjr,"105-CD05","105-CD05. Sexually Transmitted Infection due to Sexual Gender Based Violence",2025-08-20 11:19:30.745,"1.3.2"
1039,RtEYsASU7PG,HMIS1051,"HMIS 105:01 - OPD Monthly Report (Attendance, Referrals, Conditions,TB, Nutrition)",JHvqNwXb3ze,"105-EC05","105-EC05. Un Operable Cataract (>6/60)",2025-08-20 11:19:30.747,"1.3.7"
1040,RtEYsASU7PG,HMIS1051,"HMIS 105:01 - OPD Monthly Report (Attendance, Referrals, Conditions,TB, Nutrition)",NPJww2cAxe0,"105-EC06","105-EC06. Operable Cataract (< 6/60)",2025-08-20 11:19:30.748,"1.3.7"
1026,RtEYsASU7PG,HMIS1051,"HMIS 105:01 - OPD Monthly Report (Attendance, Referrals, Conditions,TB, Nutrition)",EzhJ8l2crAe,"105-MH10","105-MH10. Anxiety - Phobic Disorders",2025-08-20 11:19:30.744,"1.3.8"
1029,RtEYsASU7PG,HMIS1051,"HMIS 105:01 - OPD Monthly Report (Attendance, Referrals, Conditions,TB, Nutrition)",EVKwVPzGSeU,"105-MH01","105-MH01. Intellectual disability",2025-08-20 11:19:30.744,"1.3.8"
1031,RtEYsASU7PG,HMIS1051,"HMIS 105:01 - OPD Monthly Report (Attendance, Referrals, Conditions,TB, Nutrition)",x7org9a9fBl,"105-NE12_2019","105-NE12_2019 Attention Deficit Hyperactivity disorder (ADHD)",2025-08-20 11:19:30.745,"1.3.9"
1032,RtEYsASU7PG,HMIS1051,"HMIS 105:01 - OPD Monthly Report (Attendance, Referrals, Conditions,TB, Nutrition)",dkgtRrKg1CT,"105-NE12","105-NE12. Eating disorders (anorexia, Bulimia, other feeding)",2025-08-20 11:19:30.745,"1.3.9"
1034,RtEYsASU7PG,HMIS1051,"HMIS 105:01 - OPD Monthly Report (Attendance, Referrals, Conditions,TB, Nutrition)",sjh8UmoEarI,"105-PC02D","105-PC02d. Number of new patients that received palliative care - Others",2025-08-20 11:19:30.745,"1.3.12"
1035,RtEYsASU7PG,HMIS1051,"HMIS 105:01 - OPD Monthly Report (Attendance, Referrals, Conditions,TB, Nutrition)",m7gI5QcfjBy,"105-IN06","105-IN06. Insect bites",2025-08-20 11:19:30.746,"1.3.19"
1018,RtEYsASU7PG,HMIS1051,"HMIS 105:01 - OPD Monthly Report (Attendance, Referrals, Conditions,TB, Nutrition)",quyNKwVmKl2,"105-CA18","105-CA18. Stomach Cancers",2025-08-20 11:19:30.742,"1.3.11"
1023,RtEYsASU7PG,HMIS1051,"HMIS 105:01 - OPD Monthly Report (Attendance, Referrals, Conditions,TB, Nutrition)",Pi2pu2wVCOi,"105-CA16","105-CA16. Oral Cancers",2025-08-20 11:19:30.743,"1.3.11"
1024,RtEYsASU7PG,HMIS1051,"HMIS 105:01 - OPD Monthly Report (Attendance, Referrals, Conditions,TB, Nutrition)",BvM8ByKmr33,"105-MC12A","105-MC12a. Breast cancer - Total SCreened",2025-08-20 11:19:30.744,"1.3.22"
1045,RtEYsASU7PG,HMIS1051,"HMIS 105:01 - OPD Monthly Report (Attendance, Referrals, Conditions,TB, Nutrition)",NwQLr6lkdQ9,"105-ES06B","105-ES06b. Number of patients with hypoxemia administered with oxygen",2025-08-20 11:19:30.749,"1.3.25"
1017,RtEYsASU7PG,HMIS1051,"HMIS 105:01 - OPD Monthly Report (Attendance, Referrals, Conditions,TB, Nutrition)",Hj3q6S6GXpD,"105-NA01b4a","105-NA01b4a. Identified malnourished clients (<10) this month - Underweight",2025-08-20 11:19:30.742,"1.3.28"
1019,RtEYsASU7PG,HMIS1051,"HMIS 105:01 - OPD Monthly Report (Attendance, Referrals, Conditions,TB, Nutrition)",BV7XJhKZIp5,"105-NA06c1","105-NA06c1. No. of clients(<10) with MAM admitted into treatment - Defaulted from care",2025-08-20 11:19:30.743,"1.3.28"
1020,RtEYsASU7PG,HMIS1051,"HMIS 105:01 - OPD Monthly Report (Attendance, Referrals, Conditions,TB, Nutrition)",PpXyHGXtbdL,"105-NA01b5c","105-NA01b5c. Identified malnourished female clients this month - Overweight / Obese",2025-08-20 11:19:30.743,"1.3.28"
1036,RtEYsASU7PG,HMIS1051,"HMIS 105:01 - OPD Monthly Report (Attendance, Referrals, Conditions,TB, Nutrition)",gmexXUfZPCF,"105-GBV05C","105-GBV05c. No. SGBV survivors who initiated PEP with a documented out come - Lost to follow up",2025-08-20 11:19:30.746,"1.3.29"
1052,RtEYsASU7PG,HMIS1051,"HMIS 105:01 - OPD Monthly Report (Attendance, Referrals, Conditions,TB, Nutrition)",aU0n2RXwQJC,"105-OR02","105-OR02. Referrals from unit",2025-08-20 11:19:30.750,
1057,RtEYsASU7PG,HMIS1051,"HMIS 105:01 - OPD Monthly Report (Attendance, Referrals, Conditions,TB, Nutrition)",O5so9Lqzz7l,"105-PT17","105-PT17. Lymph oedema",2025-08-20 11:19:30.751,
1822,ic1BSWhGOso,HMIS1052,"HMIS 105:02-03 - OPD Monthly Report (MCH, FP, EID, EPI & HEPB)",oEEm7UIexXx,"105-AN26a","105-AN26a HIV+ Male partners receiving ART - Known ART",2025-08-20 11:20:49.065,"2.1"
1824,ic1BSWhGOso,HMIS1052,"HMIS 105:02-03 - OPD Monthly Report (MCH, FP, EID, EPI & HEPB)",JFFBnljIWTT,"105-AN17B","105-AN17b. Pregnant women newly tested for HIV in this pregnancy at any ANC visit (NEG & POS) - ANC 1",2025-08-20 11:20:49.066,"2.1"
1828,ic1BSWhGOso,HMIS1052,"HMIS 105:02-03 - OPD Monthly Report (MCH, FP, EID, EPI & HEPB)",e5BzOhTnups,"105-AN25B_2019","105-AN25b_2019. Pregnant women dewormed or receiving mebendazole - Done after 28 weeks",2025-08-20 11:20:49.067,"2.1"
1830,ic1BSWhGOso,HMIS1052,"HMIS 105:02-03 - OPD Monthly Report (MCH, FP, EID, EPI & HEPB)",OAE0djM31JL,"105-AN30","105-AN30 HIV+ pregnant women given ARV prophylaxis for the un born infants for the 1st time in ANC",2025-08-20 11:20:49.067,"2.1"
1077,RtEYsASU7PG,HMIS1051,"HMIS 105:01 - OPD Monthly Report (Attendance, Referrals, Conditions,TB, Nutrition)",Kn8xMo3kffA,"105-PT01","105-PT01. Muscular disorders",2025-08-20 11:19:30.754,
1831,ic1BSWhGOso,HMIS1052,"HMIS 105:02-03 - OPD Monthly Report (MCH, FP, EID, EPI & HEPB)",aSlLg1v8apE,"105-AN16A","105-AN16a. No. Pregnant women tested for Hepatitis B - Total Tested ",2025-08-20 11:20:49.067,"2.1"
1080,RtEYsASU7PG,HMIS1051,"HMIS 105:01 - OPD Monthly Report (Attendance, Referrals, Conditions,TB, Nutrition)",jh5fxa7BcvV,"105-OT09_2019","105-OT09_2019 Arthrogryposis",2025-08-20 11:19:30.754,
1849,ic1BSWhGOso,HMIS1052,"HMIS 105:02-03 - OPD Monthly Report (MCH, FP, EID, EPI & HEPB)",q1XwdDx28hT,"105-AN16A_2019","105-AN16a_2019 Blood and Rhesus Group (AB) - Total",2025-08-20 11:20:49.070,"2.1"
1082,RtEYsASU7PG,HMIS1051,"HMIS 105:01 - OPD Monthly Report (Attendance, Referrals, Conditions,TB, Nutrition)",QEyhMlJ6Mes,"105-DF20","105-DF20. Impaired fine hand use (picking up, grasping)",2025-08-20 11:19:30.755,
1864,ic1BSWhGOso,HMIS1052,"HMIS 105:02-03 - OPD Monthly Report (MCH, FP, EID, EPI & HEPB)",GWvftludKFF,"105-AN14C","105-AN14c. Pregnant Women tested for syphilis - Started on Treatment (RX-1, RX-2, and RX-3)",2025-08-20 11:20:49.073,"2.1"
1868,ic1BSWhGOso,HMIS1052,"HMIS 105:02-03 - OPD Monthly Report (MCH, FP, EID, EPI & HEPB)",uUYRrEU5iOB,"105-AN01b","105-AN01b. ANC 1st contacts/ visits for women - No. in 1st Trimester",2025-08-20 11:20:49.073,"2.1"
1872,ic1BSWhGOso,HMIS1052,"HMIS 105:02-03 - OPD Monthly Report (MCH, FP, EID, EPI & HEPB)",xzZZOy6cmr8,"105-AN03","105-AN03. ANC 8 contacts/ visits for Women",2025-08-20 11:20:49.074,"2.1"
1061,RtEYsASU7PG,HMIS1051,"HMIS 105:01 - OPD Monthly Report (Attendance, Referrals, Conditions,TB, Nutrition)",i8cNouFCF3G,"105-EN09","105-EN09. Infected pre-auricular sinuses and abscess",2025-08-20 11:19:30.751,"1.3.6"
1058,RtEYsASU7PG,HMIS1051,"HMIS 105:01 - OPD Monthly Report (Attendance, Referrals, Conditions,TB, Nutrition)",QfjsXd7x1bg,"105-MH08","105-MH08. Bipolar Affective Disorder",2025-08-20 11:19:30.751,"1.3.8"
1065,RtEYsASU7PG,HMIS1051,"HMIS 105:01 - OPD Monthly Report (Attendance, Referrals, Conditions,TB, Nutrition)",BZh4mVCAnRo,"105-MH05","105-MH05. Brief Psychotic Disorder",2025-08-20 11:19:30.752,"1.3.8"
1054,RtEYsASU7PG,HMIS1051,"HMIS 105:01 - OPD Monthly Report (Attendance, Referrals, Conditions,TB, Nutrition)",Y4q6bk13zcO,"105-NE08_2019","105-NE08_2019 Alzheimers Disease",2025-08-20 11:19:30.750,"1.3.9"
1055,RtEYsASU7PG,HMIS1051,"HMIS 105:01 - OPD Monthly Report (Attendance, Referrals, Conditions,TB, Nutrition)",EW9CtYKcLtW,"105-NE13","105-NE13. Somatoform disorders",2025-08-20 11:19:30.750,"1.3.9"
1069,RtEYsASU7PG,HMIS1051,"HMIS 105:01 - OPD Monthly Report (Attendance, Referrals, Conditions,TB, Nutrition)",EKXt5xHkOeM,"105-NE18_2019","105-NE18_2019 Enuresis/Encopresis",2025-08-20 11:19:30.753,"1.3.9"
1075,RtEYsASU7PG,HMIS1051,"HMIS 105:01 - OPD Monthly Report (Attendance, Referrals, Conditions,TB, Nutrition)",Vi1nAmj1Y0D,"105-PC05","105-PC05. Number of patients that received palliative care and are on oral liquid morphine",2025-08-20 11:19:30.754,"1.3.12"
1067,RtEYsASU7PG,HMIS1051,"HMIS 105:01 - OPD Monthly Report (Attendance, Referrals, Conditions,TB, Nutrition)",Qq2kwuGkiFH,"105-DS02_2019","105-DS02_2019. Individuals with Albinism",2025-08-20 11:19:30.752,"1.3.14"
1083,RtEYsASU7PG,HMIS1051,"HMIS 105:01 - OPD Monthly Report (Attendance, Referrals, Conditions,TB, Nutrition)",uPqlb2EjAa7,"105-CV06","105-CV06. Congenital Heart Diseases",2025-08-20 11:19:30.755,"1.3.15"
1087,RtEYsASU7PG,HMIS1051,"HMIS 105:01 - OPD Monthly Report (Attendance, Referrals, Conditions,TB, Nutrition)",dDZOL6421KG,"105-CV05","105-CV05. Rheumatic Heart Diseases",2025-08-20 11:19:30.756,"1.3.15"
1062,RtEYsASU7PG,HMIS1051,"HMIS 105:01 - OPD Monthly Report (Attendance, Referrals, Conditions,TB, Nutrition)",liAAi8rBTCq,"105-RD05","105-RD05. Autosomal recessive polycystic kidney disease",2025-08-20 11:19:30.751,"1.3.16"
1079,RtEYsASU7PG,HMIS1051,"HMIS 105:01 - OPD Monthly Report (Attendance, Referrals, Conditions,TB, Nutrition)",m2SYBC5Swuc,"105-RD01","105-RD01. Acute Kidney Injury",2025-08-20 11:19:30.754,"1.3.16"
1060,RtEYsASU7PG,HMIS1051,"HMIS 105:01 - OPD Monthly Report (Attendance, Referrals, Conditions,TB, Nutrition)",bLurSIHHlHZ,"105-LD06","105-LD06. Hepatitis A",2025-08-20 11:19:30.751,"1.3.17"
1059,RtEYsASU7PG,HMIS1051,"HMIS 105:01 - OPD Monthly Report (Attendance, Referrals, Conditions,TB, Nutrition)",SLArYIbP3aI,"105-IN02E","105-ES08e. Road Traffic Injuries - Others",2025-08-20 11:19:30.751,"1.3.19"
1064,RtEYsASU7PG,HMIS1051,"HMIS 105:01 - OPD Monthly Report (Attendance, Referrals, Conditions,TB, Nutrition)",Tt6Pc5jQbFa,"105-MN01","105-MN01. Tooth extractions",2025-08-20 11:19:30.752,"1.3.20"
1056,RtEYsASU7PG,HMIS1051,"HMIS 105:01 - OPD Monthly Report (Attendance, Referrals, Conditions,TB, Nutrition)",SYLEs2c2hKy,"105-NT01","105-NT01. Leishmaniasis",2025-08-20 11:19:30.751,"1.3.21"
1074,RtEYsASU7PG,HMIS1051,"HMIS 105:01 - OPD Monthly Report (Attendance, Referrals, Conditions,TB, Nutrition)",C74ipmVVinR,"105-MC07","105-MC07. Puerperal sepsis",2025-08-20 11:19:30.753,"1.3.22"
1076,RtEYsASU7PG,HMIS1051,"HMIS 105:01 - OPD Monthly Report (Attendance, Referrals, Conditions,TB, Nutrition)",vj1YkrDXVUv,"105-ES03a","105-ES03a. No. of emergency cases that arrived at the facility by - Ambulance",2025-08-20 11:19:30.754,"1.3.25"
1072,RtEYsASU7PG,HMIS1051,"HMIS 105:01 - OPD Monthly Report (Attendance, Referrals, Conditions,TB, Nutrition)",TU4hCLREQB2,"105-TP01.","105-TP01. T3- Done",2025-08-20 11:19:30.753,"1.3.26"
1053,RtEYsASU7PG,HMIS1051,"HMIS 105:01 - OPD Monthly Report (Attendance, Referrals, Conditions,TB, Nutrition)",ci2tX2QsAVc,"105-NA03a3","105-NA03a3. Female clients with SAM admitted into treatment and discharged as cured within this month",2025-08-20 11:19:30.750,"1.3.28"
1066,RtEYsASU7PG,HMIS1051,"HMIS 105:01 - OPD Monthly Report (Attendance, Referrals, Conditions,TB, Nutrition)",zpt63M6KY10,"105-NA07c","105-NA07c. Total number of days spent in SFC for all female clients discharged this month",2025-08-20 11:19:30.752,"1.3.28"
1068,RtEYsASU7PG,HMIS1051,"HMIS 105:01 - OPD Monthly Report (Attendance, Referrals, Conditions,TB, Nutrition)",zZrI8KMlwOY,"105-NA05d2","105-NA05d2. Male Readmissions in SFC this Month - Defaulters",2025-08-20 11:19:30.752,"1.3.28"
1873,ic1BSWhGOso,HMIS1052,"HMIS 105:02-03 - OPD Monthly Report (MCH, FP, EID, EPI & HEPB)",gXwc3cpZbVz,"105-AN10A","105-AN10a. No. of pregnant women receiving atleast 30 Tablets of Folic Acid 0-12 wks of gestation",2025-08-20 11:20:49.074,"2.1"
1094,RtEYsASU7PG,HMIS1051,"HMIS 105:01 - OPD Monthly Report (Attendance, Referrals, Conditions,TB, Nutrition)",KapNMOhkRD7,"105-DF03","105-DF03. Visual Impairment",2025-08-20 11:19:30.757,
1096,RtEYsASU7PG,HMIS1051,"HMIS 105:01 - OPD Monthly Report (Attendance, Referrals, Conditions,TB, Nutrition)",fiplKj9UQlD,"105-AP06","105-AP06. Self-care",2025-08-20 11:19:30.757,
1876,ic1BSWhGOso,HMIS1052,"HMIS 105:02-03 - OPD Monthly Report (MCH, FP, EID, EPI & HEPB)",zqCLVFtdnsF,"105-AN07D1","105-AN07d1. Blood and Rhesus Group (AB) - Rhesus(AB+)",2025-08-20 11:20:49.075,"2.1"
1878,ic1BSWhGOso,HMIS1052,"HMIS 105:02-03 - OPD Monthly Report (MCH, FP, EID, EPI & HEPB)",YtaJ5L2He4h,"105-AN26C_2019","105-AN26c_2019. Pregnant Women tested for syphilis - Started on syphilis treatment",2025-08-20 11:20:49.075,"2.1"
1880,ic1BSWhGOso,HMIS1052,"HMIS 105:02-03 - OPD Monthly Report (MCH, FP, EID, EPI & HEPB)",Y94ON8bFTQ8,"105-AN08","105-AN08. No. of pregnant women who were tested for Anaemia using Hb Test at ANC 1st Contact / visit",2025-08-20 11:20:49.076,"2.1"
1891,ic1BSWhGOso,HMIS1052,"HMIS 105:02-03 - OPD Monthly Report (MCH, FP, EID, EPI & HEPB)",tWWiCNRnEFO,"105-AN09","105-AN09. No. of pregnant women with Anaemia (Hb <10g/dl) at ANC 1st Contact / visit",2025-08-20 11:20:49.080,"2.1"
1545,ic1BSWhGOso,HMIS1052,"HMIS 105:02-03 - OPD Monthly Report (MCH, FP, EID, EPI & HEPB)",hrTskGHP0Av,"105-MA11_2019","105-MA12_2019. Newborn deaths (0-7 days)",2025-08-20 11:20:49.013,"2.2"
1112,RtEYsASU7PG,HMIS1051,"HMIS 105:01 - OPD Monthly Report (Attendance, Referrals, Conditions,TB, Nutrition)",sQ4EexvvhVe,"105-OA02","105-OA02. Re-attendance",2025-08-20 11:19:30.760,
1552,ic1BSWhGOso,HMIS1052,"HMIS 105:02-03 - OPD Monthly Report (MCH, FP, EID, EPI & HEPB)",nTMjQrqEa8m,"105-MA28D","105-MA28d. No. of women who received Uterotonics as treatment of post partum haemorrhage (PPH)-Ergometrine",2025-08-20 11:20:49.015,"2.2"
1117,RtEYsASU7PG,HMIS1051,"HMIS 105:01 - OPD Monthly Report (Attendance, Referrals, Conditions,TB, Nutrition)",JyN3EpzKxs7,"105-RU01","105-RU01: Cancers",2025-08-20 11:19:30.761,
1565,ic1BSWhGOso,HMIS1052,"HMIS 105:02-03 - OPD Monthly Report (MCH, FP, EID, EPI & HEPB)",eHCrSEA2kSy,"105-MA18","105-MA18. Male partners received HIV test results in the maternity setting - Total",2025-08-20 11:20:49.018,"2.2"
1567,ic1BSWhGOso,HMIS1052,"HMIS 105:02-03 - OPD Monthly Report (MCH, FP, EID, EPI & HEPB)",jHqJsOlZWZG,"105-MA16b_2019","105-MA16b_2019. Women re-tested for HIV in labour - HIV+ (TRR+)",2025-08-20 11:20:49.019,"2.2"
1569,ic1BSWhGOso,HMIS1052,"HMIS 105:02-03 - OPD Monthly Report (MCH, FP, EID, EPI & HEPB)",UrX15EcK8BZ,"105-MA25B","105-MA25b. Received PNC check at 6 hours after birth - Mother",2025-08-20 11:20:49.019,"2.2"
1097,RtEYsASU7PG,HMIS1051,"HMIS 105:01 - OPD Monthly Report (Attendance, Referrals, Conditions,TB, Nutrition)",QQxE1VhHaGo,"105-ND01","105-ND01. Neonatal Sepsis (0-7days)",2025-08-20 11:19:30.757,"1.3.3"
1108,RtEYsASU7PG,HMIS1051,"HMIS 105:01 - OPD Monthly Report (Attendance, Referrals, Conditions,TB, Nutrition)",HcstM0RIqmC,"105-CD16","105-CD16. Sleeping sickness",2025-08-20 11:19:30.759,"1.3.2"
1100,RtEYsASU7PG,HMIS1051,"HMIS 105:01 - OPD Monthly Report (Attendance, Referrals, Conditions,TB, Nutrition)",rr9sLKsqflQ,"105-NC04","105-NC04. Pain Requiring Palliative Care",2025-08-20 11:19:30.758,"1.3.4"
1092,RtEYsASU7PG,HMIS1051,"HMIS 105:01 - OPD Monthly Report (Attendance, Referrals, Conditions,TB, Nutrition)",aZCnbqAFy4S,"105-EC22","105-EC22. Other Malignant Tumours",2025-08-20 11:19:30.756,"1.3.7"
1116,RtEYsASU7PG,HMIS1051,"HMIS 105:01 - OPD Monthly Report (Attendance, Referrals, Conditions,TB, Nutrition)",IMTydO4X7Gl,"105-MH27","105-MH27.Alcohol Intoxication",2025-08-20 11:19:30.760,"1.3.8"
1121,RtEYsASU7PG,HMIS1051,"HMIS 105:01 - OPD Monthly Report (Attendance, Referrals, Conditions,TB, Nutrition)",QCG09rjelqA,"105-MH16","105-MH16.Adjustment Disorder",2025-08-20 11:19:30.761,"1.3.8"
1113,RtEYsASU7PG,HMIS1051,"HMIS 105:01 - OPD Monthly Report (Attendance, Referrals, Conditions,TB, Nutrition)",m5DzTPTi7WH,"105-NE04","105-NE04. Dementia",2025-08-20 11:19:30.760,"1.3.9"
1099,RtEYsASU7PG,HMIS1051,"HMIS 105:01 - OPD Monthly Report (Attendance, Referrals, Conditions,TB, Nutrition)",G609zXjR0MT,"105-RD15","105-RD15. Hypertensive urgency",2025-08-20 11:19:30.757,"1.3.16"
1101,RtEYsASU7PG,HMIS1051,"HMIS 105:01 - OPD Monthly Report (Attendance, Referrals, Conditions,TB, Nutrition)",D7olRuBhSSo,"105-RD03","105-RD03. Nephrotic syndrome",2025-08-20 11:19:30.758,"1.3.16"
1125,RtEYsASU7PG,HMIS1051,"HMIS 105:01 - OPD Monthly Report (Attendance, Referrals, Conditions,TB, Nutrition)",Q0nQmQ8PMMm,"105-MC08","105-MC08 Psychosis of Postpartum onset",2025-08-20 11:19:30.762,"1.3.22"
1110,RtEYsASU7PG,HMIS1051,"HMIS 105:01 - OPD Monthly Report (Attendance, Referrals, Conditions,TB, Nutrition)",rtuO5Gs04mL,"105-CR02","105-CR02. Chronic Obstructive Pulmonary Disease (COPD)",2025-08-20 11:19:30.759,"1.3.10"
1093,RtEYsASU7PG,HMIS1051,"HMIS 105:01 - OPD Monthly Report (Attendance, Referrals, Conditions,TB, Nutrition)",NcwKTZiSNbS,"105-CA02","105-CA02. Prostate Cancer ",2025-08-20 11:19:30.757,"1.3.11"
1095,RtEYsASU7PG,HMIS1051,"HMIS 105:01 - OPD Monthly Report (Attendance, Referrals, Conditions,TB, Nutrition)",iQjz3Uuiwxi,"105-CA17","105-CA17. Pharyngeal Cancers",2025-08-20 11:19:30.757,"1.3.11"
1102,RtEYsASU7PG,HMIS1051,"HMIS 105:01 - OPD Monthly Report (Attendance, Referrals, Conditions,TB, Nutrition)",z07394519Gs,"105-CA01","105-CA01. Cervical Cancer",2025-08-20 11:19:30.758,"1.3.11"
1090,RtEYsASU7PG,HMIS1051,"HMIS 105:01 - OPD Monthly Report (Attendance, Referrals, Conditions,TB, Nutrition)",noF1xcq2d7b,"105-ES07A","105-ES07a. Number of patients with external haemorrhages Total",2025-08-20 11:19:30.756,"1.3.25"
1098,RtEYsASU7PG,HMIS1051,"HMIS 105:01 - OPD Monthly Report (Attendance, Referrals, Conditions,TB, Nutrition)",MflJ96PU8is,"105-ES08C","105-ES08c. Road Traffic Injuries - Bicycle",2025-08-20 11:19:30.757,"1.3.25"
1114,RtEYsASU7PG,HMIS1051,"HMIS 105:01 - OPD Monthly Report (Attendance, Referrals, Conditions,TB, Nutrition)",AbJ0YUCaLgd,"105-ES08A","105-ES08a. Road Traffic Injuries - Motor Vehicle",2025-08-20 11:19:30.760,"1.3.25"
1118,RtEYsASU7PG,HMIS1051,"HMIS 105:01 - OPD Monthly Report (Attendance, Referrals, Conditions,TB, Nutrition)",FvoFQ8MKWYz,"105-ES01_2019","105-ES01_2019 Number of emergency cases at the facility",2025-08-20 11:19:30.761,"1.3.25"
1119,RtEYsASU7PG,HMIS1051,"HMIS 105:01 - OPD Monthly Report (Attendance, Referrals, Conditions,TB, Nutrition)",P42z999QMx3,"105-TP04A","105-TP04a. New and relapse leprosy cases registered - Screened",2025-08-20 11:19:30.761,"1.3.26"
1089,RtEYsASU7PG,HMIS1051,"HMIS 105:01 - OPD Monthly Report (Attendance, Referrals, Conditions,TB, Nutrition)",r9Iduim4vLd,"105-NA03I1_2019","105-NA03i1_2019 Identified malnourished clients(<10) this month - Obese",2025-08-20 11:19:30.756,"1.3.28"
1104,RtEYsASU7PG,HMIS1051,"HMIS 105:01 - OPD Monthly Report (Attendance, Referrals, Conditions,TB, Nutrition)",zOlCSx2DbR0,"105-NA01D3_2019","105-NA01d3_2019. Female clients who received nutrition assessment in this month - W/H % NCHS",2025-08-20 11:19:30.758,"1.3.28"
1105,RtEYsASU7PG,HMIS1051,"HMIS 105:01 - OPD Monthly Report (Attendance, Referrals, Conditions,TB, Nutrition)",mHv9ym4S7GV,"105-NA02a3","105-NA02a3. Female SAM admissions in OTC this month - Active clients from previous months",2025-08-20 11:19:30.758,"1.3.28"
1128,RtEYsASU7PG,HMIS1051,"HMIS 105:01 - OPD Monthly Report (Attendance, Referrals, Conditions,TB, Nutrition)",cp3KxMvJ3pt,"105-OT13_2019","105-OT13_2019 Other chronic conditions",2025-08-20 11:19:30.763,
1129,RtEYsASU7PG,HMIS1051,"HMIS 105:01 - OPD Monthly Report (Attendance, Referrals, Conditions,TB, Nutrition)",eniuevNt9Cj,"105-PT04","105-PT04. Chronic respiratory diseases",2025-08-20 11:19:30.763,
1888,ic1BSWhGOso,HMIS1052,"HMIS 105:02-03 - OPD Monthly Report (MCH, FP, EID, EPI & HEPB)",oYyevZODdQp,"105-MA12","105-MA12. Newborn deaths",2025-08-20 11:20:49.079,"2.2"
1889,ic1BSWhGOso,HMIS1052,"HMIS 105:02-03 - OPD Monthly Report (MCH, FP, EID, EPI & HEPB)",SPctnmpC7W6,"105-MA15","105-MA15. Women tested for HIV in labour 1st time this Pregnancy",2025-08-20 11:20:49.079,"2.2"
1890,ic1BSWhGOso,HMIS1052,"HMIS 105:02-03 - OPD Monthly Report (MCH, FP, EID, EPI & HEPB)",ziCT29DWKRC,"105-MA28C","105-MA28c. No. of women who received Uterotonics as treatment of post partum haemorrhage (PPH)-Tranexamic",2025-08-20 11:20:49.079,"2.2"
1148,RtEYsASU7PG,HMIS1051,"HMIS 105:01 - OPD Monthly Report (Attendance, Referrals, Conditions,TB, Nutrition)",Q4hbKx3qler,"105-SL06_2019","105-SL06_2019 Acquired neurological disorders",2025-08-20 11:19:30.767,
1150,RtEYsASU7PG,HMIS1051,"HMIS 105:01 - OPD Monthly Report (Attendance, Referrals, Conditions,TB, Nutrition)",FGXvdN7yYCG,"105-AP04","105-AP04. Communication",2025-08-20 11:19:30.767,
1155,RtEYsASU7PG,HMIS1051,"HMIS 105:01 - OPD Monthly Report (Attendance, Referrals, Conditions,TB, Nutrition)",LRqjAIMysFS,"105-PT19","105-PT19. Others",2025-08-20 11:19:30.768,
1140,RtEYsASU7PG,HMIS1051,"HMIS 105:01 - OPD Monthly Report (Attendance, Referrals, Conditions,TB, Nutrition)",uqferbMcOHI,"105-EN13","105-EN13. Tonsillitis",2025-08-20 11:19:30.765,"1.3.6"
1131,RtEYsASU7PG,HMIS1051,"HMIS 105:01 - OPD Monthly Report (Attendance, Referrals, Conditions,TB, Nutrition)",g8X1akwQepA,"105-EC16","105-EC16. Corneal scars (Non trachomatous)",2025-08-20 11:19:30.763,"1.3.7"
1127,RtEYsASU7PG,HMIS1051,"HMIS 105:01 - OPD Monthly Report (Attendance, Referrals, Conditions,TB, Nutrition)",NwPVFdIUZTR,"105-MH37","105-MH37. Alcohol related Dementia",2025-08-20 11:19:30.763,"1.3.8"
1132,RtEYsASU7PG,HMIS1051,"HMIS 105:01 - OPD Monthly Report (Attendance, Referrals, Conditions,TB, Nutrition)",JJyUQfJ8Olm,"105-MH43","105-MH43. Gaming Disorder",2025-08-20 11:19:30.763,"1.3.8"
1162,RtEYsASU7PG,HMIS1051,"HMIS 105:01 - OPD Monthly Report (Attendance, Referrals, Conditions,TB, Nutrition)",GI24Ne59gEr,"105-MH32","105-MH32. Delirium",2025-08-20 11:19:30.769,"1.3.8"
1145,RtEYsASU7PG,HMIS1051,"HMIS 105:01 - OPD Monthly Report (Attendance, Referrals, Conditions,TB, Nutrition)",Fl8O8mnzymG,"105-PC01D","105-PC01d. Number of patients that need palliative care - Others",2025-08-20 11:19:30.766,"1.3.12"
1126,RtEYsASU7PG,HMIS1051,"HMIS 105:01 - OPD Monthly Report (Attendance, Referrals, Conditions,TB, Nutrition)",gokNVJCupgp,"105-CA09","105-CA09. Skin Cancers",2025-08-20 11:19:30.762,"1.3.11"
1160,RtEYsASU7PG,HMIS1051,"HMIS 105:01 - OPD Monthly Report (Attendance, Referrals, Conditions,TB, Nutrition)",pCyTcI5ZasL,"105-PC03C","105-PC03c. Number of patients that received palliative care - Sickle Cell Disease",2025-08-20 11:19:30.769,"1.3.12"
1146,RtEYsASU7PG,HMIS1051,"HMIS 105:01 - OPD Monthly Report (Attendance, Referrals, Conditions,TB, Nutrition)",awqjtCY5VEb,"105-DS07_2019","105-DS07_2019. Individuals with Difficulty understanding",2025-08-20 11:19:30.766,"1.3.14"
1137,RtEYsASU7PG,HMIS1051,"HMIS 105:01 - OPD Monthly Report (Attendance, Referrals, Conditions,TB, Nutrition)",DjJLhOIqbF1,"105-RD02","105-RD02. Acute glomerulonephritis",2025-08-20 11:19:30.764,"1.3.16"
1144,RtEYsASU7PG,HMIS1051,"HMIS 105:01 - OPD Monthly Report (Attendance, Referrals, Conditions,TB, Nutrition)",Su9aYEFKCTj,"105-RD06","105-RD06. Simple renal cysts",2025-08-20 11:19:30.766,"1.3.16"
1149,RtEYsASU7PG,HMIS1051,"HMIS 105:01 - OPD Monthly Report (Attendance, Referrals, Conditions,TB, Nutrition)",wG9C2Nxm6Ax,"105-RD14","105-RD14. Hypertensive emergency",2025-08-20 11:19:30.767,"1.3.16"
1161,RtEYsASU7PG,HMIS1051,"HMIS 105:01 - OPD Monthly Report (Attendance, Referrals, Conditions,TB, Nutrition)",MEzrkozwq3F,"105-EM03","105-EM03. Other Endocrine and Metabolic Diseases",2025-08-20 11:19:30.769,"1.3.18"
1135,RtEYsASU7PG,HMIS1051,"HMIS 105:01 - OPD Monthly Report (Attendance, Referrals, Conditions,TB, Nutrition)",O7du4F9jOVw,"105-IN03","105-IN03. Injuries (Trauma due to other causes)",2025-08-20 11:19:30.764,"1.3.19"
1147,RtEYsASU7PG,HMIS1051,"HMIS 105:01 - OPD Monthly Report (Attendance, Referrals, Conditions,TB, Nutrition)",KzWysud4d7g,"105-MN02","105-MN02. Dental Fillings",2025-08-20 11:19:30.767,"1.3.20"
1130,RtEYsASU7PG,HMIS1051,"HMIS 105:01 - OPD Monthly Report (Attendance, Referrals, Conditions,TB, Nutrition)",f4EMPCsGIJS,"105-ES03C","105-ES03c. No. of emergency cases that arrived at the facility by - Private Transportation",2025-08-20 11:19:30.763,"1.3.25"
1138,RtEYsASU7PG,HMIS1051,"HMIS 105:01 - OPD Monthly Report (Attendance, Referrals, Conditions,TB, Nutrition)",M5Hpfrj54Ji,"105-ES01B","105-ES01b. Number of emergency cases at the facility - Obstretric/gynaecology",2025-08-20 11:19:30.764,"1.3.25"
1136,RtEYsASU7PG,HMIS1051,"HMIS 105:01 - OPD Monthly Report (Attendance, Referrals, Conditions,TB, Nutrition)",K61p0h1VBGN,"105-TP03C","105-TP03c. No. of presumptive diagnosed with TB -Outreaches",2025-08-20 11:19:30.764,"1.3.26"
1139,RtEYsASU7PG,HMIS1051,"HMIS 105:01 - OPD Monthly Report (Attendance, Referrals, Conditions,TB, Nutrition)",rHrUVCg2JFi,"105-TP07B_2019","105-TP07b_2019 New and relapse leprosy cases registered - MB",2025-08-20 11:19:30.765,"1.3.26"
1151,RtEYsASU7PG,HMIS1051,"HMIS 105:01 - OPD Monthly Report (Attendance, Referrals, Conditions,TB, Nutrition)",BfUGncAgsIa,"105-TP04","105-TP04. Free T3 - Done",2025-08-20 11:19:30.767,"1.3.26"
1133,RtEYsASU7PG,HMIS1051,"HMIS 105:01 - OPD Monthly Report (Attendance, Referrals, Conditions,TB, Nutrition)",ors2q2LHiMG,"105-NA01A3_2019","105-NA01a3_2019. Female clients who received nutrition assessment in this month - MUAC Tape",2025-08-20 11:19:30.764,"1.3.28"
1134,RtEYsASU7PG,HMIS1051,"HMIS 105:01 - OPD Monthly Report (Attendance, Referrals, Conditions,TB, Nutrition)",JdHWyZqXrVY,"105-NA05a3","105-NA05a3. No. of female MAM clients in SFC this month - Active from previous months",2025-08-20 11:19:30.764,"1.3.28"
1152,RtEYsASU7PG,HMIS1051,"HMIS 105:01 - OPD Monthly Report (Attendance, Referrals, Conditions,TB, Nutrition)",sKro4s812ET,"105-NA04A2_2019","105-NA04a2_2019. Male SAM admissions in OTC this month - Old",2025-08-20 11:19:30.767,"1.3.28"
1883,ic1BSWhGOso,HMIS1052,"HMIS 105:02-03 - OPD Monthly Report (MCH, FP, EID, EPI & HEPB)",MxAg9De4cra,"105-CL01","105-CL01. BCG",2025-08-20 11:20:49.076,"2.9"
1184,RtEYsASU7PG,HMIS1051,"HMIS 105:01 - OPD Monthly Report (Attendance, Referrals, Conditions,TB, Nutrition)",UVHk2irHexb,"105-SL08_2019","105-SL08_2019 Others",2025-08-20 11:19:30.775,
1186,RtEYsASU7PG,HMIS1051,"HMIS 105:01 - OPD Monthly Report (Attendance, Referrals, Conditions,TB, Nutrition)",a7mnin8b8hz,"105-DF12","105-DF12. Defecation Impairment",2025-08-20 11:19:30.775,
1190,RtEYsASU7PG,HMIS1051,"HMIS 105:01 - OPD Monthly Report (Attendance, Referrals, Conditions,TB, Nutrition)",DooOYRmCx8m,"105-DF08","105-DF08. Articulation Impairment",2025-08-20 11:19:30.778,
1199,RtEYsASU7PG,HMIS1051,"HMIS 105:01 - OPD Monthly Report (Attendance, Referrals, Conditions,TB, Nutrition)",Bg5Mod7g9Vw,"105-OT05_2019","105-OT05_2019 Post-burns contractures",2025-08-20 11:19:30.780,
1195,RtEYsASU7PG,HMIS1051,"HMIS 105:01 - OPD Monthly Report (Attendance, Referrals, Conditions,TB, Nutrition)",M0s2mBmpD1u,"105-ND05","105-ND05. Neonatal Meningitis",2025-08-20 11:19:30.779,"1.3.3"
1171,RtEYsASU7PG,HMIS1051,"HMIS 105:01 - OPD Monthly Report (Attendance, Referrals, Conditions,TB, Nutrition)",R86U0YHv8Jx,"105-NC06","105-NC06. Deep Vein Thrombosis (DVT)",2025-08-20 11:19:30.771,"1.3.4"
1163,RtEYsASU7PG,HMIS1051,"HMIS 105:01 - OPD Monthly Report (Attendance, Referrals, Conditions,TB, Nutrition)",F4xWVmlaoxi,"105-CD15","105-CD15. Tetanus (over 28 days)",2025-08-20 11:19:30.770,"1.3.2"
1187,RtEYsASU7PG,HMIS1051,"HMIS 105:01 - OPD Monthly Report (Attendance, Referrals, Conditions,TB, Nutrition)",FPXwKGEV96K,"105-CD08","105-CD08. Intestinal Worms",2025-08-20 11:19:30.776,"1.3.2"
1165,RtEYsASU7PG,HMIS1051,"HMIS 105:01 - OPD Monthly Report (Attendance, Referrals, Conditions,TB, Nutrition)",kY9yLRb9w5e,"105-EN02","105-EN02. Mastoiditis",2025-08-20 11:19:30.770,"1.3.6"
1170,RtEYsASU7PG,HMIS1051,"HMIS 105:01 - OPD Monthly Report (Attendance, Referrals, Conditions,TB, Nutrition)",tC1EFeEOCs4,"105-EC04_2019","105-EC04_2019 Other Forms of Conjunctivitis",2025-08-20 11:19:30.771,"1.3.7"
1173,RtEYsASU7PG,HMIS1051,"HMIS 105:01 - OPD Monthly Report (Attendance, Referrals, Conditions,TB, Nutrition)",E7D5X0ekx24,"105-EC17","105-EC17. Tumours",2025-08-20 11:19:30.772,"1.3.7"
1167,RtEYsASU7PG,HMIS1051,"HMIS 105:01 - OPD Monthly Report (Attendance, Referrals, Conditions,TB, Nutrition)",wofIcse7qas,"105-MH21","105-MH21. Enuresis/Encopresis",2025-08-20 11:19:30.771,"1.3.8"
1183,RtEYsASU7PG,HMIS1051,"HMIS 105:01 - OPD Monthly Report (Attendance, Referrals, Conditions,TB, Nutrition)",GPU7Y66HN6F,"105-MH06","105-MH06. Schizophreniform Disorder",2025-08-20 11:19:30.775,"1.3.8"
1185,RtEYsASU7PG,HMIS1051,"HMIS 105:01 - OPD Monthly Report (Attendance, Referrals, Conditions,TB, Nutrition)",aEsU83q3XeA,"105-MH24","105-MH24. Erectile Disorder",2025-08-20 11:19:30.775,"1.3.8"
1181,RtEYsASU7PG,HMIS1051,"HMIS 105:01 - OPD Monthly Report (Attendance, Referrals, Conditions,TB, Nutrition)",VsTu0MTG34p,"105-NE07","105-NE07. Persons in Coma / Emergency Care",2025-08-20 11:19:30.774,"1.3.9"
1189,RtEYsASU7PG,HMIS1051,"HMIS 105:01 - OPD Monthly Report (Attendance, Referrals, Conditions,TB, Nutrition)",x2N6fqqX0eL,"105-NE10","105-NE10. Child abuse and Neglect",2025-08-20 11:19:30.777,"1.3.9"
1193,RtEYsASU7PG,HMIS1051,"HMIS 105:01 - OPD Monthly Report (Attendance, Referrals, Conditions,TB, Nutrition)",FgrVH0Z6KPm,"105-NE17_2019","105-NE17_2019 Sleeping Disorders",2025-08-20 11:19:30.779,"1.3.9"
1174,RtEYsASU7PG,HMIS1051,"HMIS 105:01 - OPD Monthly Report (Attendance, Referrals, Conditions,TB, Nutrition)",aI4OdUoxKra,"105-RD13","105-RD13. Acute allograft rejection",2025-08-20 11:19:30.773,"1.3.16"
1182,RtEYsASU7PG,HMIS1051,"HMIS 105:01 - OPD Monthly Report (Attendance, Referrals, Conditions,TB, Nutrition)",bGQnqBeCS7o,"105-LD05","105-LD05. Gall Stones",2025-08-20 11:19:30.775,"1.3.17"
1188,RtEYsASU7PG,HMIS1051,"HMIS 105:01 - OPD Monthly Report (Attendance, Referrals, Conditions,TB, Nutrition)",e2JNzGWZoWY,"105-MC03_2019","105-MC03_2019 Number of Post Abortion women who received FP",2025-08-20 11:19:30.777,"1.3.22"
1166,RtEYsASU7PG,HMIS1051,"HMIS 105:01 - OPD Monthly Report (Attendance, Referrals, Conditions,TB, Nutrition)",llcQzAlLAWc,"105-DT01","105-DT01. Deaths in OPD",2025-08-20 11:19:30.770,"1.3.24"
1169,RtEYsASU7PG,HMIS1051,"HMIS 105:01 - OPD Monthly Report (Attendance, Referrals, Conditions,TB, Nutrition)",KX2JjBGDgUL,"105-CA22","105-CA22. Rhabdomyosarcoma Cancer",2025-08-20 11:19:30.771,"1.3.11"
1175,RtEYsASU7PG,HMIS1051,"HMIS 105:01 - OPD Monthly Report (Attendance, Referrals, Conditions,TB, Nutrition)",wVlW6KD9LTM,"105-CA08","105-CA08. Kaposi Sarcoma",2025-08-20 11:19:30.773,"1.3.11"
1177,RtEYsASU7PG,HMIS1051,"HMIS 105:01 - OPD Monthly Report (Attendance, Referrals, Conditions,TB, Nutrition)",rYDKdnYdbAA,"105-CA15","105-CA15. Benign Prostete Hyperplasia",2025-08-20 11:19:30.774,"1.3.11"
1196,RtEYsASU7PG,HMIS1051,"HMIS 105:01 - OPD Monthly Report (Attendance, Referrals, Conditions,TB, Nutrition)",Uc7qNoswtZh,"105-CA26","105-CA26. Other Malignant Tumours",2025-08-20 11:19:30.780,"1.3.11"
1200,RtEYsASU7PG,HMIS1051,"HMIS 105:01 - OPD Monthly Report (Attendance, Referrals, Conditions,TB, Nutrition)",AmxcGY2ULMQ,"105-ES01D","105-ES01d. Number of emergency cases at the facility - Road Traffic Injuries",2025-08-20 11:19:30.781,"1.3.25"
1194,RtEYsASU7PG,HMIS1051,"HMIS 105:01 - OPD Monthly Report (Attendance, Referrals, Conditions,TB, Nutrition)",WIYUYqtiWNW,"105-TP02B","105-TP02b. No. of presumptive TB cases identified-ART",2025-08-20 11:19:30.779,"1.3.26"
1164,RtEYsASU7PG,HMIS1051,"HMIS 105:01 - OPD Monthly Report (Attendance, Referrals, Conditions,TB, Nutrition)",yIgDtgE9Otw,"105-NA12A3_2019","105-NA12a3_2019. No. of malnourished female clients who are positive for TB",2025-08-20 11:19:30.770,"1.3.28"
1172,RtEYsASU7PG,HMIS1051,"HMIS 105:01 - OPD Monthly Report (Attendance, Referrals, Conditions,TB, Nutrition)",cFzcjbaStNo,"105-NA01B5B","105-NA01b5b. Identified malnourished male clients this month - Overweight / Obese",2025-08-20 11:19:30.772,"1.3.28"
1180,RtEYsASU7PG,HMIS1051,"HMIS 105:01 - OPD Monthly Report (Attendance, Referrals, Conditions,TB, Nutrition)",rTpsj8MTACX,"105-NA01E3","105-NA01e3. Female clients who received nutrition assessment in this month - Body Mass Index (BMI)",2025-08-20 11:19:30.774,"1.3.28"
1192,RtEYsASU7PG,HMIS1051,"HMIS 105:01 - OPD Monthly Report (Attendance, Referrals, Conditions,TB, Nutrition)",YklCFloHRjd,"105-GBV01A","105-GBV01a. No. of clients receiving post GBV clinical care based on the minimum package disaggregated by violence type - Sexual Violence",2025-08-20 11:19:30.778,"1.3.29"
1207,RtEYsASU7PG,HMIS1051,"HMIS 105:01 - OPD Monthly Report (Attendance, Referrals, Conditions,TB, Nutrition)",dQDmbr6WzZv,"105-SL01_2019","105-SL01_2019 Speech and language delay /disorder",2025-08-20 11:19:30.783,
1209,RtEYsASU7PG,HMIS1051,"HMIS 105:01 - OPD Monthly Report (Attendance, Referrals, Conditions,TB, Nutrition)",ra5tr3bNVSv,"105-RR03","105-RR03. Referral for rehabilitation services",2025-08-20 11:19:30.784,
1214,RtEYsASU7PG,HMIS1051,"HMIS 105:01 - OPD Monthly Report (Attendance, Referrals, Conditions,TB, Nutrition)",Vs3KkAbmI8v,"105-OT03_2019","105-OT03_2019 Adult Neurological Disorders",2025-08-20 11:19:30.785,
1219,RtEYsASU7PG,HMIS1051,"HMIS 105:01 - OPD Monthly Report (Attendance, Referrals, Conditions,TB, Nutrition)",bVhNiXj1ye3,"105-DF15","105-DF15. Impaired Muscle power",2025-08-20 11:19:30.786,
1234,RtEYsASU7PG,HMIS1051,"HMIS 105:01 - OPD Monthly Report (Attendance, Referrals, Conditions,TB, Nutrition)",NPLC90wxFZi,"105-AP03","105-AP03. Vision",2025-08-20 11:19:30.789,
1205,RtEYsASU7PG,HMIS1051,"HMIS 105:01 - OPD Monthly Report (Attendance, Referrals, Conditions,TB, Nutrition)",NULShPZ7cv4,"105-EC15","105-EC15. Endophthalmitis",2025-08-20 11:19:30.783,"1.3.7"
1216,RtEYsASU7PG,HMIS1051,"HMIS 105:01 - OPD Monthly Report (Attendance, Referrals, Conditions,TB, Nutrition)",ywfVj7F30Ts,"105-CD12","105-CD12. Pneumonia",2025-08-20 11:19:30.785,"1.3.2"
1203,RtEYsASU7PG,HMIS1051,"HMIS 105:01 - OPD Monthly Report (Attendance, Referrals, Conditions,TB, Nutrition)",Nv9r51u568q,"105-MH17_2019","105-MH17_2019 Substance (Drug) use Disorder",2025-08-20 11:19:30.782,"1.3.8"
1204,RtEYsASU7PG,HMIS1051,"HMIS 105:01 - OPD Monthly Report (Attendance, Referrals, Conditions,TB, Nutrition)",d0vEAAaAZ86,"105-MH29","105-MH29.Tobacco Use Disorders",2025-08-20 11:19:30.782,"1.3.8"
1235,RtEYsASU7PG,HMIS1051,"HMIS 105:01 - OPD Monthly Report (Attendance, Referrals, Conditions,TB, Nutrition)",rAwWCMFRDAG,"105-NE19_2019","105-NE19_2019 Other Childhood Mental Disorders",2025-08-20 11:19:30.789,"1.3.9"
1215,RtEYsASU7PG,HMIS1051,"HMIS 105:01 - OPD Monthly Report (Attendance, Referrals, Conditions,TB, Nutrition)",VM11wAgPmwD,"105-PC03A","105-PC03a. Number of patients that received palliative care - Cancer",2025-08-20 11:19:30.785,"1.3.12"
1220,RtEYsASU7PG,HMIS1051,"HMIS 105:01 - OPD Monthly Report (Attendance, Referrals, Conditions,TB, Nutrition)",jJv1Vd5ztKH,"105-PC01B","105-PC01b. Number of patients that need palliative care - HIV/AIDS",2025-08-20 11:19:30.787,"1.3.12"
1221,RtEYsASU7PG,HMIS1051,"HMIS 105:01 - OPD Monthly Report (Attendance, Referrals, Conditions,TB, Nutrition)",N2cNTWGuWCJ,"105-DS11_2019.","105-DS11_2019. Individuals with Difficulty in self-care",2025-08-20 11:19:30.787,"1.3.14"
1208,RtEYsASU7PG,HMIS1051,"HMIS 105:01 - OPD Monthly Report (Attendance, Referrals, Conditions,TB, Nutrition)",CHTinApRsaB,"105-CA25","105-CA25. Other Benign Tumours",2025-08-20 11:19:30.783,"1.3.11"
1210,RtEYsASU7PG,HMIS1051,"HMIS 105:01 - OPD Monthly Report (Attendance, Referrals, Conditions,TB, Nutrition)",Y8SKtWPykiZ,"105-CA10","105-CA10. Leukemia",2025-08-20 11:19:30.784,"1.3.11"
1230,RtEYsASU7PG,HMIS1051,"HMIS 105:01 - OPD Monthly Report (Attendance, Referrals, Conditions,TB, Nutrition)",o8vzaxdU5SJ,"105-CA07","105-CA07. Colorectal Cancer",2025-08-20 11:19:30.788,"1.3.11"
1223,RtEYsASU7PG,HMIS1051,"HMIS 105:01 - OPD Monthly Report (Attendance, Referrals, Conditions,TB, Nutrition)",KzSFtYtzc5B,"105-DS06_2019","105-DS06_2019. Individuals with Dwarfism",2025-08-20 11:19:30.787,"1.3.14"
1228,RtEYsASU7PG,HMIS1051,"HMIS 105:01 - OPD Monthly Report (Attendance, Referrals, Conditions,TB, Nutrition)",d1tEiOfTaAX,"105-LD02","105-LD02. Liver Abcess",2025-08-20 11:19:30.788,"1.3.17"
1232,RtEYsASU7PG,HMIS1051,"HMIS 105:01 - OPD Monthly Report (Attendance, Referrals, Conditions,TB, Nutrition)",wEyMlJ9Vce9,"105-LD09","105-LD09. Hepatitis D",2025-08-20 11:19:30.789,"1.3.17"
1218,RtEYsASU7PG,HMIS1051,"HMIS 105:01 - OPD Monthly Report (Attendance, Referrals, Conditions,TB, Nutrition)",XzmwRedvq4X,"105-IN04A","105-IN04a. Animal bites - Domestic",2025-08-20 11:19:30.786,"1.3.19"
1217,RtEYsASU7PG,HMIS1051,"HMIS 105:01 - OPD Monthly Report (Attendance, Referrals, Conditions,TB, Nutrition)",YkbQK1GlbAh,"105-MC13A","105-MC13a. Cervical cancer - Total SCreened",2025-08-20 11:19:30.785,"1.3.22"
1206,RtEYsASU7PG,HMIS1051,"HMIS 105:01 - OPD Monthly Report (Attendance, Referrals, Conditions,TB, Nutrition)",bTrQT7XJULv,"105-ES04","105-ES04. No. of patients accessing care within 1hr in an emergency unit",2025-08-20 11:19:30.783,"1.3.25"
1201,RtEYsASU7PG,HMIS1051,"HMIS 105:01 - OPD Monthly Report (Attendance, Referrals, Conditions,TB, Nutrition)",ShYudJcDTwp,"105-NA01b1b","105-NA01b1b.  Identified malnourished male clients this month - SAM With Oedema",2025-08-20 11:19:30.781,"1.3.28"
1202,RtEYsASU7PG,HMIS1051,"HMIS 105:01 - OPD Monthly Report (Attendance, Referrals, Conditions,TB, Nutrition)",Wkf7dUTz6p3,"105-NA06a1","105-NA06a1. No. of clients(<10) with MAM admitted into treatment - Discharged as cured",2025-08-20 11:19:30.782,"1.3.28"
1213,RtEYsASU7PG,HMIS1051,"HMIS 105:01 - OPD Monthly Report (Attendance, Referrals, Conditions,TB, Nutrition)",csLlRkTlgEa,"105-NA05c2","105-NA05c2. Male readmissions in SFC this Month - Relapses",2025-08-20 11:19:30.784,"1.3.28"
1225,RtEYsASU7PG,HMIS1051,"HMIS 105:01 - OPD Monthly Report (Attendance, Referrals, Conditions,TB, Nutrition)",WUJaFYImiHS,"105-GBV04","105-GBV04. No. SGBV survivors who completed the PEP dose",2025-08-20 11:19:30.788,"1.3.29"
1242,RtEYsASU7PG,HMIS1051,"HMIS 105:01 - OPD Monthly Report (Attendance, Referrals, Conditions,TB, Nutrition)",kJfM1cmI05C,"105-DF05","105-DF05. Vestibular Impairment",2025-08-20 11:19:30.790,
1243,RtEYsASU7PG,HMIS1051,"HMIS 105:01 - OPD Monthly Report (Attendance, Referrals, Conditions,TB, Nutrition)",PofgNd6qUuh,"105-AP07","105-AP07. Other APs",2025-08-20 11:19:30.791,
1244,RtEYsASU7PG,HMIS1051,"HMIS 105:01 - OPD Monthly Report (Attendance, Referrals, Conditions,TB, Nutrition)",BaWaAB6mW2p,"105-RE07","105-RE07: Sensory",2025-08-20 11:19:30.791,
1245,RtEYsASU7PG,HMIS1051,"HMIS 105:01 - OPD Monthly Report (Attendance, Referrals, Conditions,TB, Nutrition)",S6KF4zBstGa,"105-PT07","105-PT07. Cerebral Palsy/Delayed motor or sensory developmental milestones (CP)",2025-08-20 11:19:30.791,
1246,RtEYsASU7PG,HMIS1051,"HMIS 105:01 - OPD Monthly Report (Attendance, Referrals, Conditions,TB, Nutrition)",vIR0IRugrwQ,"105-RE02","105-RE02: Cardiovascular",2025-08-20 11:19:30.791,
1253,RtEYsASU7PG,HMIS1051,"HMIS 105:01 - OPD Monthly Report (Attendance, Referrals, Conditions,TB, Nutrition)",h1fX0U3mJYq,"105-RE03","105-RE03: Mental",2025-08-20 11:19:30.793,
1256,RtEYsASU7PG,HMIS1051,"HMIS 105:01 - OPD Monthly Report (Attendance, Referrals, Conditions,TB, Nutrition)",fub7g4kEdpC,"105-SL02_2019","105-SL02_2019 Motor speech disorders",2025-08-20 11:19:30.793,
1260,RtEYsASU7PG,HMIS1051,"HMIS 105:01 - OPD Monthly Report (Attendance, Referrals, Conditions,TB, Nutrition)",Ei8XaEssNrQ,"105-OT08_2019","105-OT08_2019 Birth Defects and Trauma",2025-08-20 11:19:30.794,
1265,RtEYsASU7PG,HMIS1051,"HMIS 105:01 - OPD Monthly Report (Attendance, Referrals, Conditions,TB, Nutrition)",iOfjzBlv7TQ,"105-PT03","105-PT03. Soft tissue injuries",2025-08-20 11:19:30.795,
1271,RtEYsASU7PG,HMIS1051,"HMIS 105:01 - OPD Monthly Report (Attendance, Referrals, Conditions,TB, Nutrition)",XSSf5XNwMAM,"105-PT06","105-PT06. Paralysis due to spinal cord injury and other diseases",2025-08-20 11:19:30.797,
1272,RtEYsASU7PG,HMIS1051,"HMIS 105:01 - OPD Monthly Report (Attendance, Referrals, Conditions,TB, Nutrition)",gvBqUITG8XY,"105-DF11","105-DF11. Swallowing Impairment",2025-08-20 11:19:30.797,
1248,RtEYsASU7PG,HMIS1051,"HMIS 105:01 - OPD Monthly Report (Attendance, Referrals, Conditions,TB, Nutrition)",dKN174dcsmp,"105-ND07","105-ND07. Other Neonatal Conditions",2025-08-20 11:19:30.792,"1.3.3"
1262,RtEYsASU7PG,HMIS1051,"HMIS 105:01 - OPD Monthly Report (Attendance, Referrals, Conditions,TB, Nutrition)",SPADxEItrIQ,"105-EN01","105-EN01. Otitis media acute and chronic",2025-08-20 11:19:30.794,"1.3.6"
1254,RtEYsASU7PG,HMIS1051,"HMIS 105:01 - OPD Monthly Report (Attendance, Referrals, Conditions,TB, Nutrition)",LiSyn6bblsc,"105-CD01","105-CD01. Diarrhoea -  Acute",2025-08-20 11:19:30.793,"1.3.2"
1267,RtEYsASU7PG,HMIS1051,"HMIS 105:01 - OPD Monthly Report (Attendance, Referrals, Conditions,TB, Nutrition)",lK3JqDK80k7,"105-CD09","105-CD09. Haematological Meningitis",2025-08-20 11:19:30.795,"1.3.2"
1250,RtEYsASU7PG,HMIS1051,"HMIS 105:01 - OPD Monthly Report (Attendance, Referrals, Conditions,TB, Nutrition)",aN0BNF9yjGq,"105-EC10","105-EC10. Vitamin A Deficiency",2025-08-20 11:19:30.792,"1.3.7"
1258,RtEYsASU7PG,HMIS1051,"HMIS 105:01 - OPD Monthly Report (Attendance, Referrals, Conditions,TB, Nutrition)",nKq5QkCVG2t,"105-MH06_2019","105-MH06_2019. Post - Traumatic Stress Disorder",2025-08-20 11:19:30.793,"1.3.8"
1241,RtEYsASU7PG,HMIS1051,"HMIS 105:01 - OPD Monthly Report (Attendance, Referrals, Conditions,TB, Nutrition)",gJcasU4LiKU,"105-NE05","105-NE05. Amyotrophic Lateral Sclerosis(ALS)",2025-08-20 11:19:30.790,"1.3.9"
1251,RtEYsASU7PG,HMIS1051,"HMIS 105:01 - OPD Monthly Report (Attendance, Referrals, Conditions,TB, Nutrition)",Aa3WFdlinZz,"105-DS13_2019","105-DS13_2019. Individuals with Emotional impairment",2025-08-20 11:19:30.792,"1.3.14"
1247,RtEYsASU7PG,HMIS1051,"HMIS 105:01 - OPD Monthly Report (Attendance, Referrals, Conditions,TB, Nutrition)",pmWFBjlwnzD,"105-CA11","105-CA11. Burkitt Lymphoma",2025-08-20 11:19:30.792,"1.3.11"
1259,RtEYsASU7PG,HMIS1051,"HMIS 105:01 - OPD Monthly Report (Attendance, Referrals, Conditions,TB, Nutrition)",fPHRZNRMyk0,"105-RD12","105-RD12. Post transplant chronic allograft nephropathy",2025-08-20 11:19:30.794,"1.3.16"
1266,RtEYsASU7PG,HMIS1051,"HMIS 105:01 - OPD Monthly Report (Attendance, Referrals, Conditions,TB, Nutrition)",Dem2BmAhrEl,"105-MC10","105-MC10. Haemorrhage related to pregnancy (APH)",2025-08-20 11:19:30.795,"1.3.22"
1270,RtEYsASU7PG,HMIS1051,"HMIS 105:01 - OPD Monthly Report (Attendance, Referrals, Conditions,TB, Nutrition)",ERqNKL8zyjQ,"105-OP02A1","105-OP02a. Other diagnoses - Condition 1 (Name)",2025-08-20 11:19:30.796,"1.3.23"
1238,RtEYsASU7PG,HMIS1051,"HMIS 105:01 - OPD Monthly Report (Attendance, Referrals, Conditions,TB, Nutrition)",HZta0QpakWG,"105-NA03D2_2019","105-NA03d2_2019 Identified malnourished male clients this month - SAM using W/H or L -  Without Oedema",2025-08-20 11:19:30.790,"1.3.28"
1239,RtEYsASU7PG,HMIS1051,"HMIS 105:01 - OPD Monthly Report (Attendance, Referrals, Conditions,TB, Nutrition)",ICxY6HZhLaM,"105-NA02a2","105-NA02a2. Male SAM admissions in OTC this month - Active clients from previous months",2025-08-20 11:19:30.790,"1.3.28"
1261,RtEYsASU7PG,HMIS1051,"HMIS 105:01 - OPD Monthly Report (Attendance, Referrals, Conditions,TB, Nutrition)",XpKR3JrblRR,GBV05A,"105-GBV05a. No. SGBV survivors who initiated PEP with a documented out come - Negative",2025-08-20 11:19:30.794,"1.3.29"
1278,RtEYsASU7PG,HMIS1051,"HMIS 105:01 - OPD Monthly Report (Attendance, Referrals, Conditions,TB, Nutrition)",sv6SeKroHPV,"105-OA01","105-OA01. New attendance",2025-08-20 11:19:30.799,
1280,RtEYsASU7PG,HMIS1051,"HMIS 105:01 - OPD Monthly Report (Attendance, Referrals, Conditions,TB, Nutrition)",NoWHScNhjYI,"105-DF06","105-DF06. Speech Impairment",2025-08-20 11:19:30.799,
1288,RtEYsASU7PG,HMIS1051,"HMIS 105:01 - OPD Monthly Report (Attendance, Referrals, Conditions,TB, Nutrition)",v9LT1agbs2e,"105-OT06_2019","105-OT06_2019 Orthopaedic Conditions",2025-08-20 11:19:30.800,
1291,RtEYsASU7PG,HMIS1051,"HMIS 105:01 - OPD Monthly Report (Attendance, Referrals, Conditions,TB, Nutrition)",evVr0CuA9am,"105-RU04","105-RU04: Musculoskeletal",2025-08-20 11:19:30.802,
1292,RtEYsASU7PG,HMIS1051,"HMIS 105:01 - OPD Monthly Report (Attendance, Referrals, Conditions,TB, Nutrition)",z2NqFc0ycDI,"105-RU08","105-RU08: Other conditions",2025-08-20 11:19:30.802,
1296,RtEYsASU7PG,HMIS1051,"HMIS 105:01 - OPD Monthly Report (Attendance, Referrals, Conditions,TB, Nutrition)",ISjf8MupQtT,"105-PT08","105-PT08. Upper Motor Neuron lesions (UMN)",2025-08-20 11:19:30.803,
1300,RtEYsASU7PG,HMIS1051,"HMIS 105:01 - OPD Monthly Report (Attendance, Referrals, Conditions,TB, Nutrition)",wqY7FcAiYzl,"105-OT02_2019","105-OT02_2019 Sensory Integration disorders",2025-08-20 11:19:30.805,
1306,RtEYsASU7PG,HMIS1051,"HMIS 105:01 - OPD Monthly Report (Attendance, Referrals, Conditions,TB, Nutrition)",h3AlZsYufnB,"105-RU05","105-RU05: Neurological",2025-08-20 11:19:30.806,
1305,RtEYsASU7PG,HMIS1051,"HMIS 105:01 - OPD Monthly Report (Attendance, Referrals, Conditions,TB, Nutrition)",eIoBNrydyLJ,"105-NC05","105-NC05. Haemophilia",2025-08-20 11:19:30.805,"1.3.4"
1286,RtEYsASU7PG,HMIS1051,"HMIS 105:01 - OPD Monthly Report (Attendance, Referrals, Conditions,TB, Nutrition)",y6ofkvr4JP8,"105-CD14","105-CD14. Skin Diseases",2025-08-20 11:19:30.800,"1.3.2"
1289,RtEYsASU7PG,HMIS1051,"HMIS 105:01 - OPD Monthly Report (Attendance, Referrals, Conditions,TB, Nutrition)",JHOU1uXweoP,"105-EN04","105-EN04. Rhinitis",2025-08-20 11:19:30.801,"1.3.6"
1310,RtEYsASU7PG,HMIS1051,"HMIS 105:01 - OPD Monthly Report (Attendance, Referrals, Conditions,TB, Nutrition)",X66BIwvM6ff,"105-EN11","105-EN11. Mastoid abscess",2025-08-20 11:19:30.807,"1.3.6"
1283,RtEYsASU7PG,HMIS1051,"HMIS 105:01 - OPD Monthly Report (Attendance, Referrals, Conditions,TB, Nutrition)",aZx1kuR75my,"105-EC25_2019","105-EC25_2019 Other Eye Disorders",2025-08-20 11:19:30.799,"1.3.7"
1274,RtEYsASU7PG,HMIS1051,"HMIS 105:01 - OPD Monthly Report (Attendance, Referrals, Conditions,TB, Nutrition)",ugoF2uP5OgR,"105-MH04","105-MH04. Specific Learning Disorders",2025-08-20 11:19:30.798,"1.3.8"
1303,RtEYsASU7PG,HMIS1051,"HMIS 105:01 - OPD Monthly Report (Attendance, Referrals, Conditions,TB, Nutrition)",nNiopNOmDZL,"105-MH30","105-MH30.Khat Use Disorder",2025-08-20 11:19:30.805,"1.3.8"
1277,RtEYsASU7PG,HMIS1051,"HMIS 105:01 - OPD Monthly Report (Attendance, Referrals, Conditions,TB, Nutrition)",YAxwayzKLFN,"105-NE02","105-NE02. Dysarthria or Speech Disorder due to Stroke",2025-08-20 11:19:30.798,"1.3.9"
1284,RtEYsASU7PG,HMIS1051,"HMIS 105:01 - OPD Monthly Report (Attendance, Referrals, Conditions,TB, Nutrition)",QZRNFkshLLg,"105-PC01A","105-PC01a. Number of patients that need palliative care - Cancer",2025-08-20 11:19:30.800,"1.3.12"
1285,RtEYsASU7PG,HMIS1051,"HMIS 105:01 - OPD Monthly Report (Attendance, Referrals, Conditions,TB, Nutrition)",Fm32XKs7PMe,"105-CA19","105-CA19. Ovarian Cancer",2025-08-20 11:19:30.800,"1.3.11"
1308,RtEYsASU7PG,HMIS1051,"HMIS 105:01 - OPD Monthly Report (Attendance, Referrals, Conditions,TB, Nutrition)",rTJubNqd2ua,"105-PC03B","105-PC03b. Number of patients that received palliative care - HIV/AIDS",2025-08-20 11:19:30.806,"1.3.12"
1282,RtEYsASU7PG,HMIS1051,"HMIS 105:01 - OPD Monthly Report (Attendance, Referrals, Conditions,TB, Nutrition)",J42h8FOaMEK,"105-RD08","105-RD08. Uncomplicated UTI",2025-08-20 11:19:30.799,"1.3.16"
1275,RtEYsASU7PG,HMIS1051,"HMIS 105:01 - OPD Monthly Report (Attendance, Referrals, Conditions,TB, Nutrition)",CprWHgiXQbu,"105-MC12B","105-MC12b. Breast cancer - Number with Breast Cancer",2025-08-20 11:19:30.798,"1.3.22"
1293,RtEYsASU7PG,HMIS1051,"HMIS 105:01 - OPD Monthly Report (Attendance, Referrals, Conditions,TB, Nutrition)",FlRxDBHWGid,"105-MC02","105-MC02. Abortions due to other causes",2025-08-20 11:19:30.802,"1.3.22"
1295,RtEYsASU7PG,HMIS1051,"HMIS 105:01 - OPD Monthly Report (Attendance, Referrals, Conditions,TB, Nutrition)",zJqxJwj1IYw,"105-MC13B","105-MC13b. Cervical cancer - Number with Cervical cancer",2025-08-20 11:19:30.803,"1.3.22"
1276,RtEYsASU7PG,HMIS1051,"HMIS 105:01 - OPD Monthly Report (Attendance, Referrals, Conditions,TB, Nutrition)",PbLpJq9pGZC,"105-NA05d3","105-NA05d3. Female Readmissions in SFC this Month - Defaulters",2025-08-20 11:19:30.798,"1.3.28"
1281,RtEYsASU7PG,HMIS1051,"HMIS 105:01 - OPD Monthly Report (Attendance, Referrals, Conditions,TB, Nutrition)",EjCnMPy3kFH,"105-NA01B1","105-NA01b1. Identified malnourished",2025-08-20 11:19:30.799,"1.3.28"
1290,RtEYsASU7PG,HMIS1051,"HMIS 105:01 - OPD Monthly Report (Attendance, Referrals, Conditions,TB, Nutrition)",IyDesEz8gUE,"105-NA01b3a","105-NA01b3a. Identified malnourished clients (<10) this month - MAM",2025-08-20 11:19:30.801,"1.3.28"
1294,RtEYsASU7PG,HMIS1051,"HMIS 105:01 - OPD Monthly Report (Attendance, Referrals, Conditions,TB, Nutrition)",Tf0xH5TZftt,"105-NA01B3B","105-NA01b3b. Identified malnourished male clients this month - MAM",2025-08-20 11:19:30.802,"1.3.28"
1314,RtEYsASU7PG,HMIS1051,"HMIS 105:01 - OPD Monthly Report (Attendance, Referrals, Conditions,TB, Nutrition)",giA2dZVsarE,"105-AP02","105-AP02. Hearing",2025-08-20 11:19:30.807,
1316,RtEYsASU7PG,HMIS1051,"HMIS 105:01 - OPD Monthly Report (Attendance, Referrals, Conditions,TB, Nutrition)",GKWo3mIIrmP,"105-DF18","105-DF18. Impaired Protective function of the skin",2025-08-20 11:19:30.808,
1334,RtEYsASU7PG,HMIS1051,"HMIS 105:01 - OPD Monthly Report (Attendance, Referrals, Conditions,TB, Nutrition)",AC1VLiho4oT,"105-DF10","105-DF10. Chewing Impairment",2025-08-20 11:19:30.813,
1335,RtEYsASU7PG,HMIS1051,"HMIS 105:01 - OPD Monthly Report (Attendance, Referrals, Conditions,TB, Nutrition)",lwdpc4V1UVw,"105-SL04_2019","105-SL04_2019 Voice disorders",2025-08-20 11:19:30.813,
1340,RtEYsASU7PG,HMIS1051,"HMIS 105:01 - OPD Monthly Report (Attendance, Referrals, Conditions,TB, Nutrition)",ZYFrtLX1nRw,"105-OT12_2019","105-OT12_2019 Cancer",2025-08-20 11:19:30.814,
1327,RtEYsASU7PG,HMIS1051,"HMIS 105:01 - OPD Monthly Report (Attendance, Referrals, Conditions,TB, Nutrition)",Uo3DcCS7GQJ,"105-ND02","105-ND02. Neonatal Sepsis (8-28days)",2025-08-20 11:19:30.810,"1.3.3"
1315,RtEYsASU7PG,HMIS1051,"HMIS 105:01 - OPD Monthly Report (Attendance, Referrals, Conditions,TB, Nutrition)",zRqFF1DW2sc,"105-EC04","105-EC04. Corneal Ulcers/ Keratitis",2025-08-20 11:19:30.807,"1.3.7"
1320,RtEYsASU7PG,HMIS1051,"HMIS 105:01 - OPD Monthly Report (Attendance, Referrals, Conditions,TB, Nutrition)",rra35FpIwIN,"105-MH36","105-MH36. HIV related dementia",2025-08-20 11:19:30.808,"1.3.8"
1328,RtEYsASU7PG,HMIS1051,"HMIS 105:01 - OPD Monthly Report (Attendance, Referrals, Conditions,TB, Nutrition)",M9vLTGyGuMm,"105-MH41","105-MH41. Conversion disorder (Functional Neurological Symptom disorder)",2025-08-20 11:19:30.810,"1.3.8"
1318,RtEYsASU7PG,HMIS1051,"HMIS 105:01 - OPD Monthly Report (Attendance, Referrals, Conditions,TB, Nutrition)",zQJv7RMmAt0,"105-NE01","105-NE01. Aphasia or Loss of Language due to Stroke",2025-08-20 11:19:30.808,"1.3.9"
1326,RtEYsASU7PG,HMIS1051,"HMIS 105:01 - OPD Monthly Report (Attendance, Referrals, Conditions,TB, Nutrition)",IU4nrWWRJpJ,"105-PC02A","105-PC02a. Number of new patients that received palliative care - Cancer",2025-08-20 11:19:30.809,"1.3.12"
1332,RtEYsASU7PG,HMIS1051,"HMIS 105:01 - OPD Monthly Report (Attendance, Referrals, Conditions,TB, Nutrition)",yCiHlfP1BXq,"105-PC01C","105-PC01c. Number of patients that need palliative care - Sickle Cell Disease",2025-08-20 11:19:30.812,"1.3.12"
1325,RtEYsASU7PG,HMIS1051,"HMIS 105:01 - OPD Monthly Report (Attendance, Referrals, Conditions,TB, Nutrition)",rRlDbbcm4dp,"105-NT05","105-NT05. Intestinal Schistosomiasis",2025-08-20 11:19:30.809,"1.3.21"
1317,RtEYsASU7PG,HMIS1051,"HMIS 105:01 - OPD Monthly Report (Attendance, Referrals, Conditions,TB, Nutrition)",tbCJrTyWu2S,"105-MC05","105-MC05. Diabetes in Pregnancy",2025-08-20 11:19:30.808,"1.3.22"
1343,RtEYsASU7PG,HMIS1051,"HMIS 105:01 - OPD Monthly Report (Attendance, Referrals, Conditions,TB, Nutrition)",y69tjlYisfZ,"105-MC04","105-MC04. High blood pressure in pregnancy",2025-08-20 11:19:30.815,"1.3.22"
1322,RtEYsASU7PG,HMIS1051,"HMIS 105:01 - OPD Monthly Report (Attendance, Referrals, Conditions,TB, Nutrition)",wuPvBoMWGWK,"105-ES04_2019","105-ES04_2019 Number of patients assessed for level of consciousness using GCS/ other coma score",2025-08-20 11:19:30.809,"1.3.25"
1338,RtEYsASU7PG,HMIS1051,"HMIS 105:01 - OPD Monthly Report (Attendance, Referrals, Conditions,TB, Nutrition)",CGWRNOSVEsk,"105-ES09G_2019","105-ES09g_2019 Death at unit - Poisoning",2025-08-20 11:19:30.814,"1.3.25"
1329,RtEYsASU7PG,HMIS1051,"HMIS 105:01 - OPD Monthly Report (Attendance, Referrals, Conditions,TB, Nutrition)",T4UBVxKALGr,"105-TP07a_2019","105-TP07a_2019. New and relapse leprosy cases registered - PB",2025-08-20 11:19:30.811,"1.3.26"
1312,RtEYsASU7PG,HMIS1051,"HMIS 105:01 - OPD Monthly Report (Attendance, Referrals, Conditions,TB, Nutrition)",rEWDIpmHS51,"105-NA01E2","105-NA01e2. Male clients who received nutrition assessment in this month - Body Mass Index (BMI)",2025-08-20 11:19:30.807,"1.3.28"
1313,RtEYsASU7PG,HMIS1051,"HMIS 105:01 - OPD Monthly Report (Attendance, Referrals, Conditions,TB, Nutrition)",V69eTQCM24s,"105-NA06d3","105-NA06d3. No. of female clients with MAM admitted into treatment - Died during treatment",2025-08-20 11:19:30.807,"1.3.28"
1319,RtEYsASU7PG,HMIS1051,"HMIS 105:01 - OPD Monthly Report (Attendance, Referrals, Conditions,TB, Nutrition)",QFdXTBo8jQy,"105-NA03","105-NA03. No. of clients with SAM admitted into OTC",2025-08-20 11:19:30.808,"1.3.28"
1367,RtEYsASU7PG,HMIS1051,"HMIS 105:01 - OPD Monthly Report (Attendance, Referrals, Conditions,TB, Nutrition)",D1KYqc99vWs,"105-OT15_2019","105-OT15_2019 Patients prescribed with assistive devices",2025-08-20 11:19:30.818,
1370,RtEYsASU7PG,HMIS1051,"HMIS 105:01 - OPD Monthly Report (Attendance, Referrals, Conditions,TB, Nutrition)",d4LbA3iyebD,"105-DF04","105-DF04. Hearing Impairment",2025-08-20 11:19:30.819,
1372,RtEYsASU7PG,HMIS1051,"HMIS 105:01 - OPD Monthly Report (Attendance, Referrals, Conditions,TB, Nutrition)",ElQNRzyzE1N,"105-PT18","105-PT18. Patients prescribed with assistive devices",2025-08-20 11:19:30.819,
1373,RtEYsASU7PG,HMIS1051,"HMIS 105:01 - OPD Monthly Report (Attendance, Referrals, Conditions,TB, Nutrition)",gHhyWoPMWS8,"105-RU03","105-RU03: Mental",2025-08-20 11:19:30.819,
1374,RtEYsASU7PG,HMIS1051,"HMIS 105:01 - OPD Monthly Report (Attendance, Referrals, Conditions,TB, Nutrition)",MdQHojF7YNI,"105-OT04_2019","105-OT04_2019 Burn injuries",2025-08-20 11:19:30.820,
1379,RtEYsASU7PG,HMIS1051,"HMIS 105:01 - OPD Monthly Report (Attendance, Referrals, Conditions,TB, Nutrition)",Ljm2E50atSw,"105-DF01","105-DF01. Intellectual lmpairment",2025-08-20 11:19:30.820,
1380,RtEYsASU7PG,HMIS1051,"HMIS 105:01 - OPD Monthly Report (Attendance, Referrals, Conditions,TB, Nutrition)",Ku2eyPEWbtF,"105-DF13","105-DF13. Diffculty in Urination",2025-08-20 11:19:30.821,
1357,RtEYsASU7PG,HMIS1051,"HMIS 105:01 - OPD Monthly Report (Attendance, Referrals, Conditions,TB, Nutrition)",ZC2KCP3lhtd,"105-EN15","105-EN15. Tinnitus",2025-08-20 11:19:30.817,"1.3.6"
1375,RtEYsASU7PG,HMIS1051,"HMIS 105:01 - OPD Monthly Report (Attendance, Referrals, Conditions,TB, Nutrition)",DfKTKgBdOJ7,"105-EN12","105-EN12. Vertigo",2025-08-20 11:19:30.820,"1.3.6"
1362,RtEYsASU7PG,HMIS1051,"HMIS 105:01 - OPD Monthly Report (Attendance, Referrals, Conditions,TB, Nutrition)",FnAMWFQ1lVR,"105-MH35","105-MH35. HIV related psychosis",2025-08-20 11:19:30.818,"1.3.8"
1368,RtEYsASU7PG,HMIS1051,"HMIS 105:01 - OPD Monthly Report (Attendance, Referrals, Conditions,TB, Nutrition)",WeT4t43xsmT,"105-MH02_2019","105-MH02_2019 Anxiety Disorder due to gender based violence",2025-08-20 11:19:30.819,"1.3.8"
1347,RtEYsASU7PG,HMIS1051,"HMIS 105:01 - OPD Monthly Report (Attendance, Referrals, Conditions,TB, Nutrition)",ZnJtg4XOHHt,"105-NE03","105-NE03. Parkinson's disease",2025-08-20 11:19:30.815,"1.3.9"
1352,RtEYsASU7PG,HMIS1051,"HMIS 105:01 - OPD Monthly Report (Attendance, Referrals, Conditions,TB, Nutrition)",E5KEHIRuQ4a,"105-NE09","105-NE09. CP/PLMD",2025-08-20 11:19:30.816,"1.3.9"
1359,RtEYsASU7PG,HMIS1051,"HMIS 105:01 - OPD Monthly Report (Attendance, Referrals, Conditions,TB, Nutrition)",rAlHZtS3O0K,"105-PC03D","105-PC03d. Number of patients that received palliative care - Others",2025-08-20 11:19:30.817,"1.3.12"
1355,RtEYsASU7PG,HMIS1051,"HMIS 105:01 - OPD Monthly Report (Attendance, Referrals, Conditions,TB, Nutrition)",bAq38iUTsvR,"105-DS08_2019","105-DS08_2019. Individuals with Difficulty in remembering",2025-08-20 11:19:30.817,"1.3.14"
1366,RtEYsASU7PG,HMIS1051,"HMIS 105:01 - OPD Monthly Report (Attendance, Referrals, Conditions,TB, Nutrition)",Pqm6ZFmsEId,"105-DS10_2019","105-DS10_2019. Individuals with Difficulty in writing",2025-08-20 11:19:30.818,"1.3.14"
1348,RtEYsASU7PG,HMIS1051,"HMIS 105:01 - OPD Monthly Report (Attendance, Referrals, Conditions,TB, Nutrition)",ZKUeHDVwJm9,"105-CV03","105-CV03. Heart failure",2025-08-20 11:19:30.815,"1.3.15"
1358,RtEYsASU7PG,HMIS1051,"HMIS 105:01 - OPD Monthly Report (Attendance, Referrals, Conditions,TB, Nutrition)",FmnoZ2tPyX1,"105-CV06_2019","105-CV06_2019. Chronic Heart Diseases",2025-08-20 11:19:30.817,"1.3.15"
1377,RtEYsASU7PG,HMIS1051,"HMIS 105:01 - OPD Monthly Report (Attendance, Referrals, Conditions,TB, Nutrition)",A1ai9kREPra,"105-IN05","105-IN05. Snake bites",2025-08-20 11:19:30.820,"1.3.19"
1356,RtEYsASU7PG,HMIS1051,"HMIS 105:01 - OPD Monthly Report (Attendance, Referrals, Conditions,TB, Nutrition)",kERJYVPjUmY,"105-NT04","105-NT04. Urinary Schistosomiasis",2025-08-20 11:19:30.817,"1.3.21"
1376,RtEYsASU7PG,HMIS1051,"HMIS 105:01 - OPD Monthly Report (Attendance, Referrals, Conditions,TB, Nutrition)",xXH2F95AnL4,"105-ES10C","105-ES10c. Number of Patients receiving vaccination for - Anti Venom",2025-08-20 11:19:30.820,"1.3.25"
1349,RtEYsASU7PG,HMIS1051,"HMIS 105:01 - OPD Monthly Report (Attendance, Referrals, Conditions,TB, Nutrition)",skBQWWv6gl1,"105-NA06b3","105-NA06b3. No. of female clients with MAM admitted into treatment - SFC(non-response) after 3 months",2025-08-20 11:19:30.816,"1.3.28"
1350,RtEYsASU7PG,HMIS1051,"HMIS 105:01 - OPD Monthly Report (Attendance, Referrals, Conditions,TB, Nutrition)",CEuNYF0BfGX,"105-NA01B3_2019","105-NA01b3_2019. Female clients who received nutrition assessment in this month - W/H or L Z-Score",2025-08-20 11:19:30.816,"1.3.28"
2482,quMWqLxzcfO,HMIS1055,HMIS 105:10 - OPD Monthly Report (Lab),a59ozSxc5Nf,"105-HE04.","105-HE04. Reticulocyte count",2025-08-20 11:21:49.490,"10.2"
1385,RtEYsASU7PG,HMIS1051,"HMIS 105:01 - OPD Monthly Report (Attendance, Referrals, Conditions,TB, Nutrition)",mGqgcAlNgjG,"105-DF19","105-DF19. Difficulty in Lifting and carrying objects",2025-08-20 11:19:30.822,
1394,RtEYsASU7PG,HMIS1051,"HMIS 105:01 - OPD Monthly Report (Attendance, Referrals, Conditions,TB, Nutrition)",Mtr5SSKpZw3,"105-DF21","105-DF21. Posture (changing body basic position) difficulties",2025-08-20 11:19:30.824,
1398,RtEYsASU7PG,HMIS1051,"HMIS 105:01 - OPD Monthly Report (Attendance, Referrals, Conditions,TB, Nutrition)",a1XttVMZIqe,"105-RE05","105-RE05: Neurological",2025-08-20 11:19:30.824,
1401,RtEYsASU7PG,HMIS1051,"HMIS 105:01 - OPD Monthly Report (Attendance, Referrals, Conditions,TB, Nutrition)",DEeTNMW13sw,"105-PT16","105-PT16. Spine disorders e. g neck, thoracic, lumber, coccygeal pains",2025-08-20 11:19:30.825,
1402,RtEYsASU7PG,HMIS1051,"HMIS 105:01 - OPD Monthly Report (Attendance, Referrals, Conditions,TB, Nutrition)",DXRJOWn9mDZ,"105-DF14","105-DF14. Impaired Joint Mobility",2025-08-20 11:19:30.825,
1403,RtEYsASU7PG,HMIS1051,"HMIS 105:01 - OPD Monthly Report (Attendance, Referrals, Conditions,TB, Nutrition)",j1x725lhE2C,"105-PT09","105-PT09. Facial palsy",2025-08-20 11:19:30.825,
1415,RtEYsASU7PG,HMIS1051,"HMIS 105:01 - OPD Monthly Report (Attendance, Referrals, Conditions,TB, Nutrition)",digmXKUwuDb,"105-RU06","105-RU06: Respiratory",2025-08-20 11:19:30.828,
1387,RtEYsASU7PG,HMIS1051,"HMIS 105:01 - OPD Monthly Report (Attendance, Referrals, Conditions,TB, Nutrition)",WZbsgGbvL0R,"105-OD04_2019","105-OD04_2019. Oral Cancers",2025-08-20 11:19:30.823,"1.3.5"
1383,RtEYsASU7PG,HMIS1051,"HMIS 105:01 - OPD Monthly Report (Attendance, Referrals, Conditions,TB, Nutrition)",m8Vi9AE8uD1,"105-EN08","105-EN08. Foreign Body in nose ear and aero - digestive system",2025-08-20 11:19:30.821,"1.3.6"
1384,RtEYsASU7PG,HMIS1051,"HMIS 105:01 - OPD Monthly Report (Attendance, Referrals, Conditions,TB, Nutrition)",fHQ3TvkzU1C,"105-EN14","105-EN14. Tonsillar hypertrophy",2025-08-20 11:19:30.822,"1.3.6"
1395,RtEYsASU7PG,HMIS1051,"HMIS 105:01 - OPD Monthly Report (Attendance, Referrals, Conditions,TB, Nutrition)",i0m5sElYwRw,"105-EC03","105-EC03. Ophthalmia neonatorum",2025-08-20 11:19:30.824,"1.3.7"
1404,RtEYsASU7PG,HMIS1051,"HMIS 105:01 - OPD Monthly Report (Attendance, Referrals, Conditions,TB, Nutrition)",N61ugaqri3E,"105-EC12","105-EC12. Diabetic Retinopathy (All stages)",2025-08-20 11:19:30.825,"1.3.7"
1397,RtEYsASU7PG,HMIS1051,"HMIS 105:01 - OPD Monthly Report (Attendance, Referrals, Conditions,TB, Nutrition)",NFLxn05NzYo,"105-MH09","105-MH09. Major Depressive Disorder",2025-08-20 11:19:30.824,"1.3.8"
1417,RtEYsASU7PG,HMIS1051,"HMIS 105:01 - OPD Monthly Report (Attendance, Referrals, Conditions,TB, Nutrition)",fDaXpAMKWNP,"105-MH13","105-MH13 Anxiety - Generalized anxiety Disorder",2025-08-20 11:19:30.828,"1.3.8"
1408,RtEYsASU7PG,HMIS1051,"HMIS 105:01 - OPD Monthly Report (Attendance, Referrals, Conditions,TB, Nutrition)",zbnbrXwvNIP,"105-RD11","105-RD11. Post transplant Delayed allograft function (AKI)",2025-08-20 11:19:30.826,"1.3.16"
1405,RtEYsASU7PG,HMIS1051,"HMIS 105:01 - OPD Monthly Report (Attendance, Referrals, Conditions,TB, Nutrition)",HSsqCydf68P,"105-CA27","105-CA27. Other Cancers",2025-08-20 11:19:30.826,"1.3.11"
1419,RtEYsASU7PG,HMIS1051,"HMIS 105:01 - OPD Monthly Report (Attendance, Referrals, Conditions,TB, Nutrition)",z8PH9fxnA8H,"105-RD04","105-RD04. Autosomal dominant polycystic kidney disease",2025-08-20 11:19:30.829,"1.3.16"
1413,RtEYsASU7PG,HMIS1051,"HMIS 105:01 - OPD Monthly Report (Attendance, Referrals, Conditions,TB, Nutrition)",QDCFpLxdbJe,"105-LD07","105-LD07. Hepatitis B",2025-08-20 11:19:30.828,"1.3.17"
1399,RtEYsASU7PG,HMIS1051,"HMIS 105:01 - OPD Monthly Report (Attendance, Referrals, Conditions,TB, Nutrition)",rrBvaJRsH44,"105-IN04B","105-IN04b. Animal bites - Wild",2025-08-20 11:19:30.825,"1.3.19"
1418,RtEYsASU7PG,HMIS1051,"HMIS 105:01 - OPD Monthly Report (Attendance, Referrals, Conditions,TB, Nutrition)",nkTDxxXrZZN,"105-NT06","105-NT06. Onchocerciasis",2025-08-20 11:19:30.828,"1.3.21"
1416,RtEYsASU7PG,HMIS1051,"HMIS 105:01 - OPD Monthly Report (Attendance, Referrals, Conditions,TB, Nutrition)",dngw1XUXALc,"105-MC11_2019","105-MC11_2019. Number screened for cervical cancer",2025-08-20 11:19:30.828,"1.3.22"
1392,RtEYsASU7PG,HMIS1051,"HMIS 105:01 - OPD Monthly Report (Attendance, Referrals, Conditions,TB, Nutrition)",eJ6uwSt5TEp,"105-OP01","105-OP01. All others",2025-08-20 11:19:30.823,"1.3.23"
1389,RtEYsASU7PG,HMIS1051,"HMIS 105:01 - OPD Monthly Report (Attendance, Referrals, Conditions,TB, Nutrition)",HImppwnkzUk,"105-ES10A","105-ES10a.Tetanus vaccination for Tetanus",2025-08-20 11:19:30.823,"1.3.25"
1409,RtEYsASU7PG,HMIS1051,"HMIS 105:01 - OPD Monthly Report (Attendance, Referrals, Conditions,TB, Nutrition)",rCMRgiY6hwX,"105-ES01A","105-ES01a. Number of emergency cases at the facility - Medical",2025-08-20 11:19:30.826,"1.3.25"
1393,RtEYsASU7PG,HMIS1051,"HMIS 105:01 - OPD Monthly Report (Attendance, Referrals, Conditions,TB, Nutrition)",LwMHVYBkzx9,"105-TP01A","105-TP01a. No. screened for TB-OPD",2025-08-20 11:19:30.824,"1.3.26"
1386,RtEYsASU7PG,HMIS1051,"HMIS 105:01 - OPD Monthly Report (Attendance, Referrals, Conditions,TB, Nutrition)",yTBwoDPg0Yt,"105-NA03c1","105-NA03c1. Clients(<10) with SAM admitted into treatment - Defaulted from care within this month",2025-08-20 11:19:30.822,"1.3.28"
1388,RtEYsASU7PG,HMIS1051,"HMIS 105:01 - OPD Monthly Report (Attendance, Referrals, Conditions,TB, Nutrition)",ZZIj7wAHfV3,"105-NA01B2_2019","105-NA01b2_2019. Male clients who received nutrition assessment in this month - W/H or L Z-Score",2025-08-20 11:19:30.823,"1.3.28"
1390,RtEYsASU7PG,HMIS1051,"HMIS 105:01 - OPD Monthly Report (Attendance, Referrals, Conditions,TB, Nutrition)",YUMYaALzPui,"105-NA01a2_2019","105-NA01a2_2019. Male clients who received nutrition assessment in this month - MUAC Tape",2025-08-20 11:19:30.823,"1.3.28"
1421,RtEYsASU7PG,HMIS1051,"HMIS 105:01 - OPD Monthly Report (Attendance, Referrals, Conditions,TB, Nutrition)",t1XkqXU3TGp,"105-DF09","105-DF09. Alternative Vocalisation Impairment",2025-08-20 11:19:30.829,
1442,RtEYsASU7PG,HMIS1051,"HMIS 105:01 - OPD Monthly Report (Attendance, Referrals, Conditions,TB, Nutrition)",YHG0ynD9n3i,"105-DF07","105-DF07. Phonation Impairment",2025-08-20 11:19:30.835,
1450,RtEYsASU7PG,HMIS1051,"HMIS 105:01 - OPD Monthly Report (Attendance, Referrals, Conditions,TB, Nutrition)",Sjc5r8ZdgkD,"105-PT02","105-PT02. Joint dysfunction",2025-08-20 11:19:30.838,
1424,RtEYsASU7PG,HMIS1051,"HMIS 105:01 - OPD Monthly Report (Attendance, Referrals, Conditions,TB, Nutrition)",SRlnvF6zIry,"105-ND07_2019","105-ND07_2019 Premature baby (as a condition for management)",2025-08-20 11:19:30.830,"1.3.3"
1438,RtEYsASU7PG,HMIS1051,"HMIS 105:01 - OPD Monthly Report (Attendance, Referrals, Conditions,TB, Nutrition)",EeUWzpLdAcO,"105-NC01","105-NC01. Sickle Cell Disease",2025-08-20 11:19:30.834,"1.3.4"
1453,RtEYsASU7PG,HMIS1051,"HMIS 105:01 - OPD Monthly Report (Attendance, Referrals, Conditions,TB, Nutrition)",MvVq34jGsmP,"105-NC02_2019","105-NC02_2019 Other types of Anaemia",2025-08-20 11:19:30.839,"1.3.4"
1432,RtEYsASU7PG,HMIS1051,"HMIS 105:01 - OPD Monthly Report (Attendance, Referrals, Conditions,TB, Nutrition)",rdz78LtNT4G,"105-OD02","105-OD02. Gingivitis",2025-08-20 11:19:30.832,"1.3.5"
1429,RtEYsASU7PG,HMIS1051,"HMIS 105:01 - OPD Monthly Report (Attendance, Referrals, Conditions,TB, Nutrition)",wH5AisRhyZX,"105-EN06","105-EN06. Epixtasis",2025-08-20 11:19:30.830,"1.3.6"
1444,RtEYsASU7PG,HMIS1051,"HMIS 105:01 - OPD Monthly Report (Attendance, Referrals, Conditions,TB, Nutrition)",FoUL2ZIS1mZ,"105-EN07","105-EN07. Adenoid Hypertrophy",2025-08-20 11:19:30.836,"1.3.6"
1423,RtEYsASU7PG,HMIS1051,"HMIS 105:01 - OPD Monthly Report (Attendance, Referrals, Conditions,TB, Nutrition)",HXG9NbDUL3v,"105-MH23","105-MH23.Other Sleeping Disorders",2025-08-20 11:19:30.829,"1.3.8"
1431,RtEYsASU7PG,HMIS1051,"HMIS 105:01 - OPD Monthly Report (Attendance, Referrals, Conditions,TB, Nutrition)",p05w7Z3Jwbe,"105-MH44","105-MH44. Attempted Suicide/Self-harm",2025-08-20 11:19:30.831,"1.3.8"
1443,RtEYsASU7PG,HMIS1051,"HMIS 105:01 - OPD Monthly Report (Attendance, Referrals, Conditions,TB, Nutrition)",HA9BKh9eolX,"105-NE06","105-NE06. Speech disorders due to Head Injuries(penetrating or closed)",2025-08-20 11:19:30.836,"1.3.9"
1449,RtEYsASU7PG,HMIS1051,"HMIS 105:01 - OPD Monthly Report (Attendance, Referrals, Conditions,TB, Nutrition)",czdNkXDkNYZ,"105-NE11","105-NE11. Learning Disability",2025-08-20 11:19:30.838,"1.3.9"
1441,RtEYsASU7PG,HMIS1051,"HMIS 105:01 - OPD Monthly Report (Attendance, Referrals, Conditions,TB, Nutrition)",zWFDhtAHBa5,"105-CV07","105-CV07. Other Cardiovascular Diseases",2025-08-20 11:19:30.835,"1.3.15"
1433,RtEYsASU7PG,HMIS1051,"HMIS 105:01 - OPD Monthly Report (Attendance, Referrals, Conditions,TB, Nutrition)",k5eI8TukQmh,"105-RD09","105-RD09. Complicated UTI",2025-08-20 11:19:30.832,"1.3.16"
1451,RtEYsASU7PG,HMIS1051,"HMIS 105:01 - OPD Monthly Report (Attendance, Referrals, Conditions,TB, Nutrition)",Jut3HPICqMe,"105-LD08","105-LD08. Hepatitis C",2025-08-20 11:19:30.838,"1.3.17"
1446,RtEYsASU7PG,HMIS1051,"HMIS 105:01 - OPD Monthly Report (Attendance, Referrals, Conditions,TB, Nutrition)",uxwJFKQu4TE,"105-IN01","105-IN01. Jaw injuries",2025-08-20 11:19:30.837,"1.3.19"
1445,RtEYsASU7PG,HMIS1051,"HMIS 105:01 - OPD Monthly Report (Attendance, Referrals, Conditions,TB, Nutrition)",wPvAkvR4dzH,"105-MN03","105-MN03. Other Minor Operations",2025-08-20 11:19:30.836,"1.3.20"
1456,RtEYsASU7PG,HMIS1051,"HMIS 105:01 - OPD Monthly Report (Attendance, Referrals, Conditions,TB, Nutrition)",fYuyFJVdxi4,"105-NT02","105-NT02. Lymphatic Filariasis (hydrocele)",2025-08-20 11:19:30.840,"1.3.21"
1437,RtEYsASU7PG,HMIS1051,"HMIS 105:01 - OPD Monthly Report (Attendance, Referrals, Conditions,TB, Nutrition)",iivetmgqm0X,"105-MC09","105-MC09. Post Traumatic Stress Disorder of Postpartum onset",2025-08-20 11:19:30.833,"1.3.22"
1422,RtEYsASU7PG,HMIS1051,"HMIS 105:01 - OPD Monthly Report (Attendance, Referrals, Conditions,TB, Nutrition)",NYFr2rCIZY6,"105-ES01C","105-ES01c. Number of emergency cases at the facility - Surgical",2025-08-20 11:19:30.829,"1.3.25"
1436,RtEYsASU7PG,HMIS1051,"HMIS 105:01 - OPD Monthly Report (Attendance, Referrals, Conditions,TB, Nutrition)",LlqbDNxuUpK,"105-ES05","105-ES05. Number of patients who develop complications within 24 hours after management/care",2025-08-20 11:19:30.833,"1.3.25"
1427,RtEYsASU7PG,HMIS1051,"HMIS 105:01 - OPD Monthly Report (Attendance, Referrals, Conditions,TB, Nutrition)",OtErOMtbCtC,"105-TP04C","105-TP04c. New and relapse leprosy cases registered - Diagnosed",2025-08-20 11:19:30.830,"1.3.26"
1434,RtEYsASU7PG,HMIS1051,"HMIS 105:01 - OPD Monthly Report (Attendance, Referrals, Conditions,TB, Nutrition)",mPDuv5MQg4A,"105-TP02C","105-TP02c. No. of presumptive diagnosed with TB-ART",2025-08-20 11:19:30.833,"1.3.26"
1455,RtEYsASU7PG,HMIS1051,"HMIS 105:01 - OPD Monthly Report (Attendance, Referrals, Conditions,TB, Nutrition)",EeU4Ufn8MS2,"105-TP01C","105-TP01c. No. of presumptive diagnosed with TB-OPD",2025-08-20 11:19:30.840,"1.3.26"
1420,RtEYsASU7PG,HMIS1051,"HMIS 105:01 - OPD Monthly Report (Attendance, Referrals, Conditions,TB, Nutrition)",Dh6hEHXCp2K,"105-NA04C3_2019","105-NA04c3_2019. Female SAM admissions in OTC this month - New using W/H or L Z-score",2025-08-20 11:19:30.829,"1.3.28"
1425,RtEYsASU7PG,HMIS1051,"HMIS 105:01 - OPD Monthly Report (Attendance, Referrals, Conditions,TB, Nutrition)",Ob79Zy3kbRf,"105-NA05e3","105-NA05e3. Females Transferred into SFC this month",2025-08-20 11:19:30.830,"1.3.28"
1426,RtEYsASU7PG,HMIS1051,"HMIS 105:01 - OPD Monthly Report (Attendance, Referrals, Conditions,TB, Nutrition)",P2hp9UJuCEK,"105-NA03d1","105-NA03d1. Clients(<10) with SAM admitted into treatment - Died during treatment",2025-08-20 11:19:30.830,"1.3.28"
1460,RtEYsASU7PG,HMIS1051,"HMIS 105:01 - OPD Monthly Report (Attendance, Referrals, Conditions,TB, Nutrition)",ZictGmIEizv,"105-RU07","105-RU07: Sensory",2025-08-20 11:19:30.841,
1480,ic1BSWhGOso,HMIS1052,"HMIS 105:02-03 - OPD Monthly Report (MCH, FP, EID, EPI & HEPB)",qum4x1wSYNE,"105-AN07A_2019","105-AN07a_2019 Total ANC Referrals from unit",2025-08-20 11:20:48.999,"2.1"
1484,ic1BSWhGOso,HMIS1052,"HMIS 105:02-03 - OPD Monthly Report (MCH, FP, EID, EPI & HEPB)",rr3xZKoBXYt,"105-AN21","105-AN21. Total Pregnant Women who knew status before 1st ANC",2025-08-20 11:20:49.000,"2.1"
1485,ic1BSWhGOso,HMIS1052,"HMIS 105:02-03 - OPD Monthly Report (MCH, FP, EID, EPI & HEPB)",IAjwniVfvoV,"105-AN16c","105-AN16c. No. Pregnant women tested for Hepatitis B - Tested positive eligible for ARVs for prophylaxis/treatment",2025-08-20 11:20:49.000,"2.1"
1471,ic1BSWhGOso,HMIS1052,"HMIS 105:02-03 - OPD Monthly Report (MCH, FP, EID, EPI & HEPB)",wgWA2SN8UuK,"105-MA21A_2019","105-MA21a_2019 Mothers Received nutrition Counselling - Maternal Nutrition - Total",2025-08-20 11:20:48.946,"2.2"
1472,ic1BSWhGOso,HMIS1052,"HMIS 105:02-03 - OPD Monthly Report (MCH, FP, EID, EPI & HEPB)",FHnkrOy9cyJ,"105-WT09B","105-WT09b. Yellow Fever - Received",2025-08-20 11:20:48.995,
1477,ic1BSWhGOso,HMIS1052,"HMIS 105:02-03 - OPD Monthly Report (MCH, FP, EID, EPI & HEPB)",A4n6FfFK03l,"105-HB03B","105-HB03b. Clients tested negative for HepB and Vaccinated - 2nd Dose (Revisit)",2025-08-20 11:20:48.998,
1478,ic1BSWhGOso,HMIS1052,"HMIS 105:02-03 - OPD Monthly Report (MCH, FP, EID, EPI & HEPB)",zcT0YplhdAB,"105-VP02_2019","105-VP02_2019. HPV2-Dose 2",2025-08-20 11:20:48.998,
1479,ic1BSWhGOso,HMIS1052,"HMIS 105:02-03 - OPD Monthly Report (MCH, FP, EID, EPI & HEPB)",QjMum3gyo3G,"105-ER02A ","105-ER02a. EMTCT mothers Transferred in during the Month (TI)-1 Month",2025-08-20 11:20:48.999,
1483,ic1BSWhGOso,HMIS1052,"HMIS 105:02-03 - OPD Monthly Report (MCH, FP, EID, EPI & HEPB)",KhS4mq3zNfA,"105-WT12C","105-WT12c. Malaria - Closing Balance",2025-08-20 11:20:49.000,
1465,RtEYsASU7PG,HMIS1051,"HMIS 105:01 - OPD Monthly Report (Attendance, Referrals, Conditions,TB, Nutrition)",XaX3Uqpvlzs,"105-OD03","105-OD03. HIV-Oral lesions",2025-08-20 11:19:30.841,"1.3.5"
1467,RtEYsASU7PG,HMIS1051,"HMIS 105:01 - OPD Monthly Report (Attendance, Referrals, Conditions,TB, Nutrition)",PbWaDKchm2a,"105-EN17","105-EN17. Other ENT conditions",2025-08-20 11:19:30.842,"1.3.6"
1458,RtEYsASU7PG,HMIS1051,"HMIS 105:01 - OPD Monthly Report (Attendance, Referrals, Conditions,TB, Nutrition)",rhIiDgJMh43,"105-PC04C","105-PC04c. Number of patients that received palliative care with a documented WHO performance status - Ambulant ",2025-08-20 11:19:30.840,"1.3.12"
1462,RtEYsASU7PG,HMIS1051,"HMIS 105:01 - OPD Monthly Report (Attendance, Referrals, Conditions,TB, Nutrition)",ouIMjIdzCvF,"105-CA23","105-CA23. Retinoblastoma Cancer",2025-08-20 11:19:30.841,"1.3.11"
1470,RtEYsASU7PG,HMIS1051,"HMIS 105:01 - OPD Monthly Report (Attendance, Referrals, Conditions,TB, Nutrition)",Mo3s0kMNW8Y,"105-DS12_2019","105-DS12_2019. Individuals with Mental impairment",2025-08-20 11:19:30.843,"1.3.14"
1468,RtEYsASU7PG,HMIS1051,"HMIS 105:01 - OPD Monthly Report (Attendance, Referrals, Conditions,TB, Nutrition)",pWZcOnKaoCa,"105-MC11","105-MC11. Haemorrhage related to pregnancy",2025-08-20 11:19:30.842,"1.3.22"
1464,RtEYsASU7PG,HMIS1051,"HMIS 105:01 - OPD Monthly Report (Attendance, Referrals, Conditions,TB, Nutrition)",vSaFiVhebVQ,"105-TP04_2019","105-TP04_2019 Total New and relapse TB cases registered in TB treatment unit",2025-08-20 11:19:30.841,"1.3.26"
1457,RtEYsASU7PG,HMIS1051,"HMIS 105:01 - OPD Monthly Report (Attendance, Referrals, Conditions,TB, Nutrition)",emAC75vtXFj,"105-NA02b2","105-NA02b2. Male SAM admissions in OTC this month -New Admissions",2025-08-20 11:19:30.840,"1.3.28"
1459,RtEYsASU7PG,HMIS1051,"HMIS 105:01 - OPD Monthly Report (Attendance, Referrals, Conditions,TB, Nutrition)",JoY62zOw8hH,"105-NA03H1_2019","105-NA03h1_2019 Identified malnourished clients(<10) this month - Overweight",2025-08-20 11:19:30.840,"1.3.28"
1474,ic1BSWhGOso,HMIS1052,"HMIS 105:02-03 - OPD Monthly Report (MCH, FP, EID, EPI & HEPB)",TMF6CkVvMuD,"105-MA02B","105-MA02b: Referrals to maternity unit - From community",2025-08-20 11:20:48.997,"2.2"
2534,quMWqLxzcfO,HMIS1055,HMIS 105:10 - OPD Monthly Report (Lab),HguwEg0juDT,"105-SR09A","105-SR09a. Hep B Core Ag - Done",2025-08-20 11:21:49.500,"10.2"
1481,ic1BSWhGOso,HMIS1052,"HMIS 105:02-03 - OPD Monthly Report (MCH, FP, EID, EPI & HEPB)",IRfdGnNJzGW,"105-MA27B","105-MA27b. Uterotonics used in management of 3rd stage of labour - Misoprostol",2025-08-20 11:20:48.999,"2.2"
1486,ic1BSWhGOso,HMIS1052,"HMIS 105:02-03 - OPD Monthly Report (MCH, FP, EID, EPI & HEPB)",PU4JyVtmAYY,"105-MA28A","105-MA28a. No. of women who received Uterotonics as treatment of post partum haemorrhage (PPH)-Oxytocin",2025-08-20 11:20:49.001,"2.2"
1476,ic1BSWhGOso,HMIS1052,"HMIS 105:02-03 - OPD Monthly Report (MCH, FP, EID, EPI & HEPB)",trP08zhfCdq,"105-PN16C","105-PN16c. Post natal mothers who received Counselling (Infant Feeding ) - Total",2025-08-20 11:20:48.998,"2.3"
1475,ic1BSWhGOso,HMIS1052,"HMIS 105:02-03 - OPD Monthly Report (MCH, FP, EID, EPI & HEPB)",Z7bibzzO0sz,"105-PAFP01 ","105-PAFP01. No. of women who received Post Abortion Family Planning",2025-08-20 11:20:48.997,"2.4"
1492,ic1BSWhGOso,HMIS1052,"HMIS 105:02-03 - OPD Monthly Report (MCH, FP, EID, EPI & HEPB)",cOzWoN9bFeh,"105-FP22","105-FP22. HIV+ FP Users",2025-08-20 11:20:49.002,"2.4"
1482,ic1BSWhGOso,HMIS1052,"HMIS 105:02-03 - OPD Monthly Report (MCH, FP, EID, EPI & HEPB)",RhSXgCUwfyL,"105-CT05A","105-CT05a. Injectable DMPA Subcutaneous (Doses) Provider Administered (PA)",2025-08-20 11:20:48.999,"2.5"
1473,ic1BSWhGOso,HMIS1052,"HMIS 105:02-03 - OPD Monthly Report (MCH, FP, EID, EPI & HEPB)",UGpq3jgs3L0,"105-ED06B","105-ED06b. 2nd DNA/PCR results returned during the month- within 2 weeks",2025-08-20 11:20:48.997,"2.6"
1487,ic1BSWhGOso,HMIS1052,"HMIS 105:02-03 - OPD Monthly Report (MCH, FP, EID, EPI & HEPB)",YFjYGZ4YuWP,"105-ED02B","105-ED02b. Exposed Infants Tested for HIV by 2nd PCR Within one month - HIV+",2025-08-20 11:20:49.001,"2.6"
1495,ic1BSWhGOso,HMIS1052,"HMIS 105:02-03 - OPD Monthly Report (MCH, FP, EID, EPI & HEPB)",p66Y5WUkHlA,"105-ER01B","105-ER01a. EMTCT mothers Enrolled on ART treatment (Original Cohort)-2 Month",2025-08-20 11:20:49.003,
1498,ic1BSWhGOso,HMIS1052,"HMIS 105:02-03 - OPD Monthly Report (MCH, FP, EID, EPI & HEPB)",SUmRVIrStBP,"105-WT03D","105-WT03d. Polio(OPV)  - Doses Wasted",2025-08-20 11:20:49.004,
1502,ic1BSWhGOso,HMIS1052,"HMIS 105:02-03 - OPD Monthly Report (MCH, FP, EID, EPI & HEPB)",XQnMR1KMwT5,"105-WT03C","105-WT03c. Polio(OPV)  - Closing Balance",2025-08-20 11:20:49.005,
1503,ic1BSWhGOso,HMIS1052,"HMIS 105:02-03 - OPD Monthly Report (MCH, FP, EID, EPI & HEPB)",lXdHXpzOilO,"105-WT04B","105-WT04b. IPV - Received",2025-08-20 11:20:49.005,
1518,ic1BSWhGOso,HMIS1052,"HMIS 105:02-03 - OPD Monthly Report (MCH, FP, EID, EPI & HEPB)",SELnREPYiGs,"105-WT11B","105-WT11b. HPV - Received",2025-08-20 11:20:49.008,
1520,ic1BSWhGOso,HMIS1052,"HMIS 105:02-03 - OPD Monthly Report (MCH, FP, EID, EPI & HEPB)",mBTn9mI2Hx0,"105-WT05C","105-WT05c. DPT+HepB+Hib  - Closing Balance",2025-08-20 11:20:49.009,
1521,ic1BSWhGOso,HMIS1052,"HMIS 105:02-03 - OPD Monthly Report (MCH, FP, EID, EPI & HEPB)",ZMDfHzmENNx,"105-ER02C ","105-ER02c. EMTCT mothers Transferred in during the Month (TI)-3 Months",2025-08-20 11:20:49.009,
1525,ic1BSWhGOso,HMIS1052,"HMIS 105:02-03 - OPD Monthly Report (MCH, FP, EID, EPI & HEPB)",M7XkBiztTsi,"105-PI04b_2019","105-PI04b_2019. Number of breastfeeding women tested for HIV for the first time at immunization - TRR",2025-08-20 11:20:49.010,
1530,ic1BSWhGOso,HMIS1052,"HMIS 105:02-03 - OPD Monthly Report (MCH, FP, EID, EPI & HEPB)",R0JGyJ4piOh,"105-WT06A","105-WT06a. PCV - Opening Balance",2025-08-20 11:20:49.011,
1532,ic1BSWhGOso,HMIS1052,"HMIS 105:02-03 - OPD Monthly Report (MCH, FP, EID, EPI & HEPB)",mfNGTqKlfpc,"105-WT02A ","105-WT02a. Hep B zero doze - Open Balance",2025-08-20 11:20:49.011,
1499,ic1BSWhGOso,HMIS1052,"HMIS 105:02-03 - OPD Monthly Report (MCH, FP, EID, EPI & HEPB)",nnmOsAUssg9,"105-MA23","105-MA23. No.of babies with Birth asphyxia",2025-08-20 11:20:49.004,"2.2"
1501,ic1BSWhGOso,HMIS1052,"HMIS 105:02-03 - OPD Monthly Report (MCH, FP, EID, EPI & HEPB)",T8W0wbzErSF,"105-MA05B1","105-MA05b1. Births in the unit - Fresh Still birth Total",2025-08-20 11:20:49.005,"2.2"
1513,ic1BSWhGOso,HMIS1052,"HMIS 105:02-03 - OPD Monthly Report (MCH, FP, EID, EPI & HEPB)",rTxPhoGFkUn,"105-MA06B_2019","105-MA06b_2019. Born Before Arrival - Alive",2025-08-20 11:20:49.008,"2.2"
1516,ic1BSWhGOso,HMIS1052,"HMIS 105:02-03 - OPD Monthly Report (MCH, FP, EID, EPI & HEPB)",zjOp4RKLogP,"105-MA11","105-MA11. Babies born with defect",2025-08-20 11:20:49.008,"2.2"
1524,ic1BSWhGOso,HMIS1052,"HMIS 105:02-03 - OPD Monthly Report (MCH, FP, EID, EPI & HEPB)",JQN5SbzDX7G,"105-MA21D_2019","105-MA21d_2019. Mothers Received nutrition Counselling - Infant Feeding - HIV+",2025-08-20 11:20:49.009,"2.2"
1528,ic1BSWhGOso,HMIS1052,"HMIS 105:02-03 - OPD Monthly Report (MCH, FP, EID, EPI & HEPB)",ZYb3p6v5XkF,"105-MA21C_2019","105-MA21c_2019. Mothers Received nutrition Counselling - Infant Feeding - Total",2025-08-20 11:20:49.010,"2.2"
1531,ic1BSWhGOso,HMIS1052,"HMIS 105:02-03 - OPD Monthly Report (MCH, FP, EID, EPI & HEPB)",jSoIv4DItaH,"105-MA06A","105-MA06a. Mothers admitted with preterm labour - Total",2025-08-20 11:20:49.011,"2.2"
1493,ic1BSWhGOso,HMIS1052,"HMIS 105:02-03 - OPD Monthly Report (MCH, FP, EID, EPI & HEPB)",jq6glDE1rRn,"105-PN04B_2019","105-PN04b_2019. Breastfeedng mothers re-tested for HIV during Postnatal - TRR+",2025-08-20 11:20:49.002,"2.3"
1504,ic1BSWhGOso,HMIS1052,"HMIS 105:02-03 - OPD Monthly Report (MCH, FP, EID, EPI & HEPB)",ctuIcyUKiHs,"105-PN05B_2019","105-PN05b_2019. HIV+ women initiating ART in Postnatal - New positives (TRR)",2025-08-20 11:20:49.005,"2.3"
1508,ic1BSWhGOso,HMIS1052,"HMIS 105:02-03 - OPD Monthly Report (MCH, FP, EID, EPI & HEPB)",sKjCZM59XnB,"105-PN07","105-PN07.HIV+ breast feeding mothers newly enrolled in MCH groups",2025-08-20 11:20:49.007,"2.3"
1519,ic1BSWhGOso,HMIS1052,"HMIS 105:02-03 - OPD Monthly Report (MCH, FP, EID, EPI & HEPB)",eWYmABy3bIe,"105-PN13A","105-PN13a. Clients screened for cancer of the breast",2025-08-20 11:20:49.009,"2.3"
1511,ic1BSWhGOso,HMIS1052,"HMIS 105:02-03 - OPD Monthly Report (MCH, FP, EID, EPI & HEPB)",bkCFVYMFMed,"105-FP14","105-FP14. Male condoms",2025-08-20 11:20:49.007,"2.4"
1496,ic1BSWhGOso,HMIS1052,"HMIS 105:02-03 - OPD Monthly Report (MCH, FP, EID, EPI & HEPB)",dImnFEwHqXL,"105-CT10","105-CT10. FAM-SDM (Cycle Bead Pieces)",2025-08-20 11:20:49.004,"2.5"
1500,ic1BSWhGOso,HMIS1052,"HMIS 105:02-03 - OPD Monthly Report (MCH, FP, EID, EPI & HEPB)",ZQGsYguDxjW,"105-CT07","105-CT07. 5 year Implant",2025-08-20 11:20:49.005,"2.5"
1505,ic1BSWhGOso,HMIS1052,"HMIS 105:02-03 - OPD Monthly Report (MCH, FP, EID, EPI & HEPB)",Ut9y5JinPS5,"105-ED10A","105-ED10a. HIV exposed started on CPT during the month- Total",2025-08-20 11:20:49.006,"2.6"
1522,ic1BSWhGOso,HMIS1052,"HMIS 105:02-03 - OPD Monthly Report (MCH, FP, EID, EPI & HEPB)",jQhDQRsXBqK,"105-ED06A","105-ED06a. 2nd DNA/PCR results returned during the month- Total",2025-08-20 11:20:49.009,"2.6"
1509,ic1BSWhGOso,HMIS1052,"HMIS 105:02-03 - OPD Monthly Report (MCH, FP, EID, EPI & HEPB)",UvXn8H6o487,"105-CH03","105-CH03. Deworming (1st Dose)",2025-08-20 11:20:49.007,"2.7"
1497,ic1BSWhGOso,HMIS1052,"HMIS 105:02-03 - OPD Monthly Report (MCH, FP, EID, EPI & HEPB)",NbG01i1Md55,"105-CL13.","105-CL13. PCV 1",2025-08-20 11:20:49.004,"2.9"
1515,ic1BSWhGOso,HMIS1052,"HMIS 105:02-03 - OPD Monthly Report (MCH, FP, EID, EPI & HEPB)",tYobnmqU9Fk,"105-CL20.","105-CL20. Malaria 2",2025-08-20 11:20:49.008,"2.9"
1527,ic1BSWhGOso,HMIS1052,"HMIS 105:02-03 - OPD Monthly Report (MCH, FP, EID, EPI & HEPB)",ehj9x0CXNN5,"105-CL08","105-CL08. IPV1",2025-08-20 11:20:49.010,"2.9"
1529,ic1BSWhGOso,HMIS1052,"HMIS 105:02-03 - OPD Monthly Report (MCH, FP, EID, EPI & HEPB)",yJgPv7Q9lS1,"105-CL02","105-CL02.Hep B zero doze",2025-08-20 11:20:49.010,"2.9"
1536,ic1BSWhGOso,HMIS1052,"HMIS 105:02-03 - OPD Monthly Report (MCH, FP, EID, EPI & HEPB)",iPWG1C3NTi1,"105-WT03B","105-WT03b. Polio(OPV)  - Received",2025-08-20 11:20:49.012,
1537,ic1BSWhGOso,HMIS1052,"HMIS 105:02-03 - OPD Monthly Report (MCH, FP, EID, EPI & HEPB)",KBxOZNiR67y,"105-WT07A","105-WT07a. Rotavirus - Opening Balance",2025-08-20 11:20:49.012,
1538,ic1BSWhGOso,HMIS1052,"HMIS 105:02-03 - OPD Monthly Report (MCH, FP, EID, EPI & HEPB)",lUH7AWlsExq,"105-PM02 ","105-PM02. Male sterilization (vasectomy)",2025-08-20 11:20:49.012,
1546,ic1BSWhGOso,HMIS1052,"HMIS 105:02-03 - OPD Monthly Report (MCH, FP, EID, EPI & HEPB)",wNG0jX7Xmel,"105-OE11C","105-OE11c. HEIs tested HIV positive on any DNA/PCR or rapid test - Not Initiated on ART",2025-08-20 11:20:49.013,
1547,ic1BSWhGOso,HMIS1052,"HMIS 105:02-03 - OPD Monthly Report (MCH, FP, EID, EPI & HEPB)",orb1cWkPsyT,"105-OE06","105-OE06. HEIs that had a 1st DNA PCR done between 2 months",2025-08-20 11:20:49.013,
1550,ic1BSWhGOso,HMIS1052,"HMIS 105:02-03 - OPD Monthly Report (MCH, FP, EID, EPI & HEPB)",SQ2ZgjRWULp,"105-ER03A ","105-ER03a. EMTCT mothers Transferred out (TO)-1 Month",2025-08-20 11:20:49.014,
1556,ic1BSWhGOso,HMIS1052,"HMIS 105:02-03 - OPD Monthly Report (MCH, FP, EID, EPI & HEPB)",LwD8GEuedFt,"105-WT12D ","105-WT12d. Malaria - Doses Wasted",2025-08-20 11:20:49.016,
1557,ic1BSWhGOso,HMIS1052,"HMIS 105:02-03 - OPD Monthly Report (MCH, FP, EID, EPI & HEPB)",H8TeRab2HGY,"105-HB13","105-HB13. Tested positive for HepC (Anti-HCV)",2025-08-20 11:20:49.016,
1558,ic1BSWhGOso,HMIS1052,"HMIS 105:02-03 - OPD Monthly Report (MCH, FP, EID, EPI & HEPB)",ory0dLlfYiD,"105-WT12B ","105-WT12b. Malaria - Received",2025-08-20 11:20:49.017,
1559,ic1BSWhGOso,HMIS1052,"HMIS 105:02-03 - OPD Monthly Report (MCH, FP, EID, EPI & HEPB)",h2rxxzi87S9,"105-OE16","105-OE16. HEIs whose final HIV status is unknown (include in care but no test done)",2025-08-20 11:20:49.017,
1561,ic1BSWhGOso,HMIS1052,"HMIS 105:02-03 - OPD Monthly Report (MCH, FP, EID, EPI & HEPB)",qnUDnMdP4Bl,"105-WT09C","105-WT09c. Yellow Fever - Closing Balance",2025-08-20 11:20:49.018,
1562,ic1BSWhGOso,HMIS1052,"HMIS 105:02-03 - OPD Monthly Report (MCH, FP, EID, EPI & HEPB)",Venp30vvLNs,"105-OE03","105-OE03. HEIs that initiated ARV prophylaxis for eMTCT between 0-6 weeks",2025-08-20 11:20:49.018,
1563,ic1BSWhGOso,HMIS1052,"HMIS 105:02-03 - OPD Monthly Report (MCH, FP, EID, EPI & HEPB)",ZMww1qHs2x5,"105-OE01","105-OE01. Total number of HEIs registered in the birth cohort",2025-08-20 11:20:49.018,
1564,ic1BSWhGOso,HMIS1052,"HMIS 105:02-03 - OPD Monthly Report (MCH, FP, EID, EPI & HEPB)",wPHNUK3jrFJ,"105-HB04","105-HB04. Clients tested positive for HepB",2025-08-20 11:20:49.018,
1533,ic1BSWhGOso,HMIS1052,"HMIS 105:02-03 - OPD Monthly Report (MCH, FP, EID, EPI & HEPB)",XXZZbU4B2N3,"105-MA14A","105-MA14a. Mothers who initiated breastfeeding within the 1st hour after delivery - Total",2025-08-20 11:20:49.011,"2.2"
1540,ic1BSWhGOso,HMIS1052,"HMIS 105:02-03 - OPD Monthly Report (MCH, FP, EID, EPI & HEPB)",hawWpaDwa8v,"105-MA28B","105-MA28b. No. of women who received Uterotonics as treatment of post partum haemorrhage (PPH)-Misoprostol",2025-08-20 11:20:49.012,"2.2"
1541,ic1BSWhGOso,HMIS1052,"HMIS 105:02-03 - OPD Monthly Report (MCH, FP, EID, EPI & HEPB)",idXOxt69W0e,"105-MA04","105-MA04. Total deliveries in the unit",2025-08-20 11:20:49.012,"2.2"
1539,ic1BSWhGOso,HMIS1052,"HMIS 105:02-03 - OPD Monthly Report (MCH, FP, EID, EPI & HEPB)",vkmkqpYTJtF,"105-PN14B","105-PN14b. Clients with pre-malignant conditions of cervix",2025-08-20 11:20:49.012,"2.3"
1549,ic1BSWhGOso,HMIS1052,"HMIS 105:02-03 - OPD Monthly Report (MCH, FP, EID, EPI & HEPB)",kVxxrDU9QrQ,"105-PN15D","105-PN15d. Lactating mothers who received Nutritional assessment - HIV POS",2025-08-20 11:20:49.014,"2.3"
1554,ic1BSWhGOso,HMIS1052,"HMIS 105:02-03 - OPD Monthly Report (MCH, FP, EID, EPI & HEPB)",jT8xasuFQKx,"105-PN11A","105-PN11a. Breast feeding mother given self-testing kits for their male partners - Total",2025-08-20 11:20:49.015,"2.3"
1566,ic1BSWhGOso,HMIS1052,"HMIS 105:02-03 - OPD Monthly Report (MCH, FP, EID, EPI & HEPB)",L0kzvUuDu0M,"105-PN04","105-PN04. Breast feeding mothers tested for HIV 1st time during Postnatal",2025-08-20 11:20:49.019,"2.3"
1570,ic1BSWhGOso,HMIS1052,"HMIS 105:02-03 - OPD Monthly Report (MCH, FP, EID, EPI & HEPB)",nFnWRksZmwa,"105-PN11C","105-PN11c. Breast feeding mothers given self-testing kits for their male partners-Tests returned HIV NEG",2025-08-20 11:20:49.019,"2.3"
1551,ic1BSWhGOso,HMIS1052,"HMIS 105:02-03 - OPD Monthly Report (MCH, FP, EID, EPI & HEPB)",Onpo1O1A7jr,"105-FP13","105-FP13. Female condoms",2025-08-20 11:20:49.014,"2.4"
1560,ic1BSWhGOso,HMIS1052,"HMIS 105:02-03 - OPD Monthly Report (MCH, FP, EID, EPI & HEPB)",BsyuYs7db5P,"105-FP11_2019","105-FP11_2019. 4 year implant (e.g. Sino plant)",2025-08-20 11:20:49.017,"2.4"
1568,ic1BSWhGOso,HMIS1052,"HMIS 105:02-03 - OPD Monthly Report (MCH, FP, EID, EPI & HEPB)",DivdIXHxiik,"105-FP21","105-FP21. Total family planning users",2025-08-20 11:20:49.019,"2.4"
1535,ic1BSWhGOso,HMIS1052,"HMIS 105:02-03 - OPD Monthly Report (MCH, FP, EID, EPI & HEPB)",m00n8Y0gSeb,"105-ED07C","105-ED07c. DNA/PCR 6 weeks after cessation of breastfeeding results returned during the month-Results given to caregiver",2025-08-20 11:20:49.011,"2.6"
1544,ic1BSWhGOso,HMIS1052,"HMIS 105:02-03 - OPD Monthly Report (MCH, FP, EID, EPI & HEPB)",D7c8eIfQYNM,"105-ED08","105-ED08. HIV exposed infants given ARV prophylaxis for the first time at mother baby care point during the month",2025-08-20 11:20:49.013,"2.6"
1548,ic1BSWhGOso,HMIS1052,"HMIS 105:02-03 - OPD Monthly Report (MCH, FP, EID, EPI & HEPB)",ohxJNA8PQ90,"105-ED03A","105-ED03a. Exposed Infants Tested for HIV by 3rd PCR within the month - Total",2025-08-20 11:20:49.014,"2.6"
1534,ic1BSWhGOso,HMIS1052,"HMIS 105:02-03 - OPD Monthly Report (MCH, FP, EID, EPI & HEPB)",peXxgiReRrs,"105-CL25","105-CL25. Number received LLINs",2025-08-20 11:20:49.011,"2.9"
1572,ic1BSWhGOso,HMIS1052,"HMIS 105:02-03 - OPD Monthly Report (MCH, FP, EID, EPI & HEPB)",llN5Dx08iSc,"105-PI07_2019","105-PI07_2019. Number of HIV+ breastfeeding women identified at immunization initiating ART",2025-08-20 11:20:49.020,
1574,ic1BSWhGOso,HMIS1052,"HMIS 105:02-03 - OPD Monthly Report (MCH, FP, EID, EPI & HEPB)",CVyVmTZuiPk,"105-CC04_2019","105-CC04_2019. Cold chain refrigerators functional",2025-08-20 11:20:49.020,
1575,ic1BSWhGOso,HMIS1052,"HMIS 105:02-03 - OPD Monthly Report (MCH, FP, EID, EPI & HEPB)",gtWYJAUCW5C,"105-FH03","105-FH03. Number of HIV+ FP Users",2025-08-20 11:20:49.020,
1576,ic1BSWhGOso,HMIS1052,"HMIS 105:02-03 - OPD Monthly Report (MCH, FP, EID, EPI & HEPB)",H94zVCmgx9J,"105-ER04B","105-ER04b. EMTCT mothers active on ART-2 Months",2025-08-20 11:20:49.020,
1578,ic1BSWhGOso,HMIS1052,"HMIS 105:02-03 - OPD Monthly Report (MCH, FP, EID, EPI & HEPB)",ZhYPYskD4y8,"105-FH02A ","105-FH02a. STI Screening in Family Planning - Total Screened",2025-08-20 11:20:49.021,
1580,ic1BSWhGOso,HMIS1052,"HMIS 105:02-03 - OPD Monthly Report (MCH, FP, EID, EPI & HEPB)",KybCThzTucw,"105-OE15","105-OE15. HEIs that were discharged HIV negative on final rapid test",2025-08-20 11:20:49.021,
1583,ic1BSWhGOso,HMIS1052,"HMIS 105:02-03 - OPD Monthly Report (MCH, FP, EID, EPI & HEPB)",z6lsZ4sOs3H,"105-PI04","105-PI04. Number of HIV-exposed infants tested for HIV during immunization",2025-08-20 11:20:49.021,
1584,ic1BSWhGOso,HMIS1052,"HMIS 105:02-03 - OPD Monthly Report (MCH, FP, EID, EPI & HEPB)",s1Ax0yANb75,"105-PI02","105-PI02. Number of HIV-exposed infants identified at imunisation during the month",2025-08-20 11:20:49.022,
1585,ic1BSWhGOso,HMIS1052,"HMIS 105:02-03 - OPD Monthly Report (MCH, FP, EID, EPI & HEPB)",E5qROuz7gGg,"105-OE05","105-OE05. HEIs that received CTX prophylaxis at the age within 2 months",2025-08-20 11:20:49.022,
1587,ic1BSWhGOso,HMIS1052,"HMIS 105:02-03 - OPD Monthly Report (MCH, FP, EID, EPI & HEPB)",X6G2WoGb4r3,"105-FH01B","105-FH01b. Cervical Cancer Screening-Number with pre-malignant cancer of the cervix",2025-08-20 11:20:49.022,
1590,ic1BSWhGOso,HMIS1052,"HMIS 105:02-03 - OPD Monthly Report (MCH, FP, EID, EPI & HEPB)",vE8YE22GtxV,"105-PI05","105-PI05. Number of breastfeeding women tested for HIV for the first time at immunization",2025-08-20 11:20:49.023,
1595,ic1BSWhGOso,HMIS1052,"HMIS 105:02-03 - OPD Monthly Report (MCH, FP, EID, EPI & HEPB)",NjD7qC46klG,"105-WT04D","105-WT04d. IPV - Doses Wasted",2025-08-20 11:20:49.023,
1596,ic1BSWhGOso,HMIS1052,"HMIS 105:02-03 - OPD Monthly Report (MCH, FP, EID, EPI & HEPB)",SXGS1yh9yXz,"105-HB03A","105-HB03a. Clients tested negative for HepB and Vaccinated - 1st Dose (New)",2025-08-20 11:20:49.024,
1602,ic1BSWhGOso,HMIS1052,"HMIS 105:02-03 - OPD Monthly Report (MCH, FP, EID, EPI & HEPB)",noIZByyFm0i,"105-HB02","105-HB02. Clients tested negative for HepB",2025-08-20 11:20:49.024,
1605,ic1BSWhGOso,HMIS1052,"HMIS 105:02-03 - OPD Monthly Report (MCH, FP, EID, EPI & HEPB)",HHj0p0Ac8A3,"105-WT02D ","105-WT02d. Hep B zero doze - Doses Wasted",2025-08-20 11:20:49.025,
1606,ic1BSWhGOso,HMIS1052,"HMIS 105:02-03 - OPD Monthly Report (MCH, FP, EID, EPI & HEPB)",SYrwZSkxFG5,"105-OE07","105-OE07. HEIs that had a 2nd DNA PCR at 9 months of age",2025-08-20 11:20:49.025,
1607,ic1BSWhGOso,HMIS1052,"HMIS 105:02-03 - OPD Monthly Report (MCH, FP, EID, EPI & HEPB)",XSzPyu0shWh,"105-HB03C","105-HB03c. Clients tested negative for HepB and Vaccinated - 3rd Dose (Revisit)",2025-08-20 11:20:49.025,
1608,ic1BSWhGOso,HMIS1052,"HMIS 105:02-03 - OPD Monthly Report (MCH, FP, EID, EPI & HEPB)",Gtk7tbHfVfj,"105-VP01","105-VP01. HPV-Dose ",2025-08-20 11:20:49.025,
1573,ic1BSWhGOso,HMIS1052,"HMIS 105:02-03 - OPD Monthly Report (MCH, FP, EID, EPI & HEPB)",vfpZ4FqOTwm,"105-MA11A","105-MA11a. Total number of Babies born with defects - Club Foot",2025-08-20 11:20:49.020,"2.2"
1586,ic1BSWhGOso,HMIS1052,"HMIS 105:02-03 - OPD Monthly Report (MCH, FP, EID, EPI & HEPB)",fEz9wGsA6YU,"105-MA05A1","105-MA05a1. Births in the unit - Live births Total",2025-08-20 11:20:49.022,"2.2"
1592,ic1BSWhGOso,HMIS1052,"HMIS 105:02-03 - OPD Monthly Report (MCH, FP, EID, EPI & HEPB)",ZxL2RoPyzOq,"105-MA07B","105-MA07b.Pre-terms births in the unit - ALive",2025-08-20 11:20:49.023,"2.2"
1593,ic1BSWhGOso,HMIS1052,"HMIS 105:02-03 - OPD Monthly Report (MCH, FP, EID, EPI & HEPB)",ULL9lX3DO7V,"105-MA05C1","105-MA05c1. Births in the unit - Macerated still birth Total",2025-08-20 11:20:49.023,"2.2"
1597,ic1BSWhGOso,HMIS1052,"HMIS 105:02-03 - OPD Monthly Report (MCH, FP, EID, EPI & HEPB)",HgSwjHA8LhF,"105-MA06A_2019","105-MA06a_2019 Born Before Arrival - Total",2025-08-20 11:20:49.024,"2.2"
1603,ic1BSWhGOso,HMIS1052,"HMIS 105:02-03 - OPD Monthly Report (MCH, FP, EID, EPI & HEPB)",MhjBKi2d8uz,"105-PN10","105-PN10. HIV+ male partners initiated on ART in the postnatal setting",2025-08-20 11:20:49.025,"2.3"
1589,ic1BSWhGOso,HMIS1052,"HMIS 105:02-03 - OPD Monthly Report (MCH, FP, EID, EPI & HEPB)",HPEnpD0uWkV,"105-CT01","105-CT01. Combined Oral Contraceptive Pills (Cycles)",2025-08-20 11:20:49.022,"2.5"
1577,ic1BSWhGOso,HMIS1052,"HMIS 105:02-03 - OPD Monthly Report (MCH, FP, EID, EPI & HEPB)",UHaIgIxhTZV,"105-ED03B","105-ED03b. Exposed Infants Tested for HIV by 3rd PCR within the month - HIV+",2025-08-20 11:20:49.020,"2.6"
1579,ic1BSWhGOso,HMIS1052,"HMIS 105:02-03 - OPD Monthly Report (MCH, FP, EID, EPI & HEPB)",zDS33o535se,"105-ED05C","105-ED05c. 1st DNA/PCR results returned during the month- Results given to caregiver",2025-08-20 11:20:49.021,"2.6"
1581,ic1BSWhGOso,HMIS1052,"HMIS 105:02-03 - OPD Monthly Report (MCH, FP, EID, EPI & HEPB)",Mv1ppWdQonR,"105-ED05B","105-ED05b. 1st DNA/PCR results returned during the month- within 2 weeks",2025-08-20 11:20:49.021,"2.6"
1599,ic1BSWhGOso,HMIS1052,"HMIS 105:02-03 - OPD Monthly Report (MCH, FP, EID, EPI & HEPB)",bwyDX1MsMoB,"105-ED10B","105-ED10b. HIV exposed started on CPT during the month- Within 2 Months",2025-08-20 11:20:49.024,"2.6"
1609,ic1BSWhGOso,HMIS1052,"HMIS 105:02-03 - OPD Monthly Report (MCH, FP, EID, EPI & HEPB)",oj4ttY118Fg,"105-TD01","105-TD01. Td1-Dose 1",2025-08-20 11:20:49.026,"2.8"
1571,ic1BSWhGOso,HMIS1052,"HMIS 105:02-03 - OPD Monthly Report (MCH, FP, EID, EPI & HEPB)",z1s4aIzf8ga,"105-CL11","105-CL11. DPT-HepB+Hib 2",2025-08-20 11:20:49.019,"2.9"
1594,ic1BSWhGOso,HMIS1052,"HMIS 105:02-03 - OPD Monthly Report (MCH, FP, EID, EPI & HEPB)",G4uZN2Y4oAG,"105-CL05","105-CL05. Polio 1",2025-08-20 11:20:49.023,"2.9"
1615,ic1BSWhGOso,HMIS1052,"HMIS 105:02-03 - OPD Monthly Report (MCH, FP, EID, EPI & HEPB)",rn9w80fi5rI,"105-WT10B","105-WT10b. Td - Received",2025-08-20 11:20:49.027,
1616,ic1BSWhGOso,HMIS1052,"HMIS 105:02-03 - OPD Monthly Report (MCH, FP, EID, EPI & HEPB)",ivr7Dexa9y8,"105-LA01","105-LA01. Long Acting Contraceptive Removal",2025-08-20 11:20:49.027,
1620,ic1BSWhGOso,HMIS1052,"HMIS 105:02-03 - OPD Monthly Report (MCH, FP, EID, EPI & HEPB)",Zwa7Jhjo9Uk,"105-FH01A","105-FH01a. Cervical Cancer Screening-Total screened",2025-08-20 11:20:49.028,
1621,ic1BSWhGOso,HMIS1052,"HMIS 105:02-03 - OPD Monthly Report (MCH, FP, EID, EPI & HEPB)",xpZ6TjMsme7,"105-WT07B","105-WT07b. Rotavirus - Received",2025-08-20 11:20:49.028,
1624,ic1BSWhGOso,HMIS1052,"HMIS 105:02-03 - OPD Monthly Report (MCH, FP, EID, EPI & HEPB)",OdcboRpaL6I,"105-WT01C","105-WT01c. BCG - Closing Balance",2025-08-20 11:20:49.029,
1626,ic1BSWhGOso,HMIS1052,"HMIS 105:02-03 - OPD Monthly Report (MCH, FP, EID, EPI & HEPB)",ikBtpjOwcpi,"105-ER02B","105-ER02b. EMTCT mothers Transferred in during the Month (TI)-2 Months",2025-08-20 11:20:49.029,
1631,ic1BSWhGOso,HMIS1052,"HMIS 105:02-03 - OPD Monthly Report (MCH, FP, EID, EPI & HEPB)",K9hRDR2ytjL,"105-HB01","105-HB01. Clients tested for HepB",2025-08-20 11:20:49.030,
1646,ic1BSWhGOso,HMIS1052,"HMIS 105:02-03 - OPD Monthly Report (MCH, FP, EID, EPI & HEPB)",I2rc7lEpb7z,"105-WT02B","105-WT02b. Hep B zero doze - Received",2025-08-20 11:20:49.033,
1618,ic1BSWhGOso,HMIS1052,"HMIS 105:02-03 - OPD Monthly Report (MCH, FP, EID, EPI & HEPB)",hCYMbriZ71D,"105-MA06c_2019","105-MA06c_2019. Babies born before arrival - <2.5 Kgs",2025-08-20 11:20:49.027,"2.2"
1627,ic1BSWhGOso,HMIS1052,"HMIS 105:02-03 - OPD Monthly Report (MCH, FP, EID, EPI & HEPB)",F8Iz6QcexWB,"105-MA13","105-MA13. Maternal deaths",2025-08-20 11:20:49.029,"2.2"
1630,ic1BSWhGOso,HMIS1052,"HMIS 105:02-03 - OPD Monthly Report (MCH, FP, EID, EPI & HEPB)",vDQ9irTHNbx,"105-MA22B","105-MA22b. HIV-exposed babies given ARVs High-Number of high-risk infants",2025-08-20 11:20:49.030,"2.2"
1634,ic1BSWhGOso,HMIS1052,"HMIS 105:02-03 - OPD Monthly Report (MCH, FP, EID, EPI & HEPB)",KDoEmOjpYnL,"105-MA17","105-MA17. HIV+ women initiating ART in maternity",2025-08-20 11:20:49.031,"2.2"
1637,ic1BSWhGOso,HMIS1052,"HMIS 105:02-03 - OPD Monthly Report (MCH, FP, EID, EPI & HEPB)",OUGMxrtXxri,"105-MA22A","105-MA22a. HIV Exposed infants given ARVs - Total",2025-08-20 11:20:49.031,"2.2"
1643,ic1BSWhGOso,HMIS1052,"HMIS 105:02-03 - OPD Monthly Report (MCH, FP, EID, EPI & HEPB)",tVqvqOqsnWI,"105-MA05C_2019","105-MA05c_2019 Pre-Term births - <2.5 Kgs",2025-08-20 11:20:49.032,"2.2"
1647,ic1BSWhGOso,HMIS1052,"HMIS 105:02-03 - OPD Monthly Report (MCH, FP, EID, EPI & HEPB)",lqlyPEh4beG,"105-MA16","105-MA16. Women re-tested for HIV in labour - Total",2025-08-20 11:20:49.033,"2.2"
1622,ic1BSWhGOso,HMIS1052,"HMIS 105:02-03 - OPD Monthly Report (MCH, FP, EID, EPI & HEPB)",IgfY3xqa8An,"105-PN12","105-PN12. Discordant couples identified in PNC",2025-08-20 11:20:49.028,"2.3"
1639,ic1BSWhGOso,HMIS1052,"HMIS 105:02-03 - OPD Monthly Report (MCH, FP, EID, EPI & HEPB)",TkPGLLgBpWR,"105-PN15A","105-PN15a. Lactating mothers who received Nutritional assessment - Total",2025-08-20 11:20:49.032,"2.3"
1642,ic1BSWhGOso,HMIS1052,"HMIS 105:02-03 - OPD Monthly Report (MCH, FP, EID, EPI & HEPB)",KuJuECNX5PL,"105-PN09","105-PN09. Male partners received HIV test results in the postnatal setting",2025-08-20 11:20:49.032,"2.3"
1612,ic1BSWhGOso,HMIS1052,"HMIS 105:02-03 - OPD Monthly Report (MCH, FP, EID, EPI & HEPB)",jSQRBvez5Pq,"105-FP08","105-FP08. IUD Copper-T",2025-08-20 11:20:49.026,"2.4"
1645,ic1BSWhGOso,HMIS1052,"HMIS 105:02-03 - OPD Monthly Report (MCH, FP, EID, EPI & HEPB)",VHi82Mcd77w,"105-FP10","105-FP10. FAM-SDM(Cycle Beads)",2025-08-20 11:20:49.033,"2.4"
1617,ic1BSWhGOso,HMIS1052,"HMIS 105:02-03 - OPD Monthly Report (MCH, FP, EID, EPI & HEPB)",zISQOoKOvks,"105-CT04_2019","105-CT04_2019. Oral Levonogesteral (cycles)",2025-08-20 11:20:49.027,"2.5"
1623,ic1BSWhGOso,HMIS1052,"HMIS 105:02-03 - OPD Monthly Report (MCH, FP, EID, EPI & HEPB)",jj4MpXK0lfd,"105-CT09","105-CT09. IUD-Hormonal",2025-08-20 11:20:49.028,"2.5"
1632,ic1BSWhGOso,HMIS1052,"HMIS 105:02-03 - OPD Monthly Report (MCH, FP, EID, EPI & HEPB)",iox9E9FQPob,"105-CT17_2019","105-CT17_2019. 4 year implant (Sino plant)",2025-08-20 11:20:49.030,"2.5"
1648,ic1BSWhGOso,HMIS1052,"HMIS 105:02-03 - OPD Monthly Report (MCH, FP, EID, EPI & HEPB)",imToa79K9dT,"105-CT05B","105-CT05b. Injectable DMPA Subcutaneous (Doses) Self-Injected (SI)",2025-08-20 11:20:49.033,"2.5"
1614,ic1BSWhGOso,HMIS1052,"HMIS 105:02-03 - OPD Monthly Report (MCH, FP, EID, EPI & HEPB)",mazcr1cwKBu,"105-ED01D","105-ED01d. Exposed Infants Tested for HIV below 18 months of age by 1st PCR within the month - HIV+ within 2 Mths",2025-08-20 11:20:49.026,"2.6"
1628,ic1BSWhGOso,HMIS1052,"HMIS 105:02-03 - OPD Monthly Report (MCH, FP, EID, EPI & HEPB)",PdbCL5VXTaT,"105-ED02A","105-ED02a. Exposed Infants Tested for HIV by 2nd PCR Within one month - Total",2025-08-20 11:20:49.029,"2.6"
1640,ic1BSWhGOso,HMIS1052,"HMIS 105:02-03 - OPD Monthly Report (MCH, FP, EID, EPI & HEPB)",Kp4TqSJFaRE,"105-ED09A","105-ED09a. HIV+ infants from EID enrolled on ART during the month- Total",2025-08-20 11:20:49.032,"2.6"
1613,ic1BSWhGOso,HMIS1052,"HMIS 105:02-03 - OPD Monthly Report (MCH, FP, EID, EPI & HEPB)",WAjgHQVxVVm,"105-CL23","105-CL23. Measles (MR1)",2025-08-20 11:20:49.026,"2.9"
1629,ic1BSWhGOso,HMIS1052,"HMIS 105:02-03 - OPD Monthly Report (MCH, FP, EID, EPI & HEPB)",QFolEgl8SEB,"105-CL17","105-CL17. Rotavirus 2 Vaccine",2025-08-20 11:20:49.030,"2.9"
1649,ic1BSWhGOso,HMIS1052,"HMIS 105:02-03 - OPD Monthly Report (MCH, FP, EID, EPI & HEPB)",BrWcfdYGPXO,"105-WT04C","105-WT04c. IPV - Closing Balance",2025-08-20 11:20:49.033,
1650,ic1BSWhGOso,HMIS1052,"HMIS 105:02-03 - OPD Monthly Report (MCH, FP, EID, EPI & HEPB)",cvd99QFOTT5,"105-OE10","105-OE10. No. of HIV exposed infants who were reported to be breastfed up-to 1 year",2025-08-20 11:20:49.033,
1654,ic1BSWhGOso,HMIS1052,"HMIS 105:02-03 - OPD Monthly Report (MCH, FP, EID, EPI & HEPB)",hDBwNyGTNUp,"105-ER04A","105-ER04a. EMTCT mothers active on ART-1 month",2025-08-20 11:20:49.034,
1655,ic1BSWhGOso,HMIS1052,"HMIS 105:02-03 - OPD Monthly Report (MCH, FP, EID, EPI & HEPB)",Zcw2OCp00oE,"105-WT05D","105-WT05d. DPT+HepB+Hib - Doses Wasted",2025-08-20 11:20:49.034,
1663,ic1BSWhGOso,HMIS1052,"HMIS 105:02-03 - OPD Monthly Report (MCH, FP, EID, EPI & HEPB)",IzNVm36SLyF,"105-CC01_2019","105-CC01_2019. High Temperature alarms",2025-08-20 11:20:49.036,
1664,ic1BSWhGOso,HMIS1052,"HMIS 105:02-03 - OPD Monthly Report (MCH, FP, EID, EPI & HEPB)",bz9twqoopWM,"105-PI06.","105-PI06. Number of breastfeeding women with a known HIV status at immunization",2025-08-20 11:20:49.036,
1665,ic1BSWhGOso,HMIS1052,"HMIS 105:02-03 - OPD Monthly Report (MCH, FP, EID, EPI & HEPB)",wzcpoorA0Zd,"105-PI01","105-PI01. Number of Infants screened for HIV-exposure at DPT1, 2, 3 and Measles immunization",2025-08-20 11:20:49.036,
1666,ic1BSWhGOso,HMIS1052,"HMIS 105:02-03 - OPD Monthly Report (MCH, FP, EID, EPI & HEPB)",ZmRIZ3N8rfh,"105-OE09","105-OE09. No. of HIV exposed infants who were reported to be exclusively breastfed for the first 6 completed months during the reporting period",2025-08-20 11:20:49.036,
1668,ic1BSWhGOso,HMIS1052,"HMIS 105:02-03 - OPD Monthly Report (MCH, FP, EID, EPI & HEPB)",lnwoasEJlj6,"105-WT09D","105-WT09d. Yellow Fever - Doses Wasted",2025-08-20 11:20:49.036,
1674,ic1BSWhGOso,HMIS1052,"HMIS 105:02-03 - OPD Monthly Report (MCH, FP, EID, EPI & HEPB)",OZ4bSvHFF9Y,"105-WT01D","105-WT01d. BCG - Doses Wasted",2025-08-20 11:20:49.037,
1675,ic1BSWhGOso,HMIS1052,"HMIS 105:02-03 - OPD Monthly Report (MCH, FP, EID, EPI & HEPB)",v16fEfMxwO2,"105-HB12","105-HB12. Tested for HepC",2025-08-20 11:20:49.037,
1679,ic1BSWhGOso,HMIS1052,"HMIS 105:02-03 - OPD Monthly Report (MCH, FP, EID, EPI & HEPB)",fnoBIKW7Rah,"105-HB11","105-HB11. Pregnant women tested positive for HepB and initiated on HepB treatment (Subset of row 5)",2025-08-20 11:20:49.038,
1682,ic1BSWhGOso,HMIS1052,"HMIS 105:02-03 - OPD Monthly Report (MCH, FP, EID, EPI & HEPB)",f3T8eCgS5br,"105-ER01C","105-ER01C. EMTCT mothers Enrolled on ART treatment (Original Cohort)- 3Month",2025-08-20 11:20:49.039,
1683,ic1BSWhGOso,HMIS1052,"HMIS 105:02-03 - OPD Monthly Report (MCH, FP, EID, EPI & HEPB)",dBTFQKfn2Qu,"105-ER03B","105-ER03b. EMTCT mothers Transferred out (TO)-2 Months",2025-08-20 11:20:49.039,
1687,ic1BSWhGOso,HMIS1052,"HMIS 105:02-03 - OPD Monthly Report (MCH, FP, EID, EPI & HEPB)",Gpt1ZDDjZmA,"105-ER01b_2019","105-ER01b_2019. EMTCT mothers known to be on ART treatment 1 month after ART initiation - Net cohort",2025-08-20 11:20:49.039,
1677,ic1BSWhGOso,HMIS1052,"HMIS 105:02-03 - OPD Monthly Report (MCH, FP, EID, EPI & HEPB)",hflXW2kyPa9,"105-MA10","105-MA10. Babies received LLIN",2025-08-20 11:20:49.038,"2.2"
1678,ic1BSWhGOso,HMIS1052,"HMIS 105:02-03 - OPD Monthly Report (MCH, FP, EID, EPI & HEPB)",YNqGVS6GEyo,"105-MA03","105-MA03. Referrals from maternity",2025-08-20 11:20:49.038,"2.2"
1680,ic1BSWhGOso,HMIS1052,"HMIS 105:02-03 - OPD Monthly Report (MCH, FP, EID, EPI & HEPB)",qBXjgpcV5zX,"105-MA27C","105-MA27c. Uterotonics used in management of 3rd stage of labour - Heat stable Carbetocin",2025-08-20 11:20:49.038,"2.2"
1656,ic1BSWhGOso,HMIS1052,"HMIS 105:02-03 - OPD Monthly Report (MCH, FP, EID, EPI & HEPB)",SuoC1635LA8,"105-PN03C","105-PN03c. TB Screening for PNC Clients-Diagnosed with TB",2025-08-20 11:20:49.034,"2.3"
1659,ic1BSWhGOso,HMIS1052,"HMIS 105:02-03 - OPD Monthly Report (MCH, FP, EID, EPI & HEPB)",xRxZO1aNgZF,"105-PN16A","105-PN16a. Post natal mothers who received Counselling (Maternal Nutritional) - Total",2025-08-20 11:20:49.035,"2.3"
1681,ic1BSWhGOso,HMIS1052,"HMIS 105:02-03 - OPD Monthly Report (MCH, FP, EID, EPI & HEPB)",RYcEItpNCUp,"105-PN01","105-PN01. Post Natal Attendances - Timing",2025-08-20 11:20:49.038,"2.3"
1651,ic1BSWhGOso,HMIS1052,"HMIS 105:02-03 - OPD Monthly Report (MCH, FP, EID, EPI & HEPB)",ibfLXaygcNS,"105-FP11","105-FP11. FAM-LAM",2025-08-20 11:20:49.034,"2.4"
1667,ic1BSWhGOso,HMIS1052,"HMIS 105:02-03 - OPD Monthly Report (MCH, FP, EID, EPI & HEPB)",oAqoPQkEf2z,"105-FP05","105-FP05. Injectable DMPA Subcutaneous (3 months)",2025-08-20 11:20:49.036,"2.4"
1669,ic1BSWhGOso,HMIS1052,"HMIS 105:02-03 - OPD Monthly Report (MCH, FP, EID, EPI & HEPB)",pGndkat5h9s,"105-FP07","105-FP07. 5-year Implant",2025-08-20 11:20:49.036,"2.4"
1673,ic1BSWhGOso,HMIS1052,"HMIS 105:02-03 - OPD Monthly Report (MCH, FP, EID, EPI & HEPB)",vekyej0FHoz,"105-CT12","105-CT12. Male condoms (Pieces)",2025-08-20 11:20:49.037,"2.5"
1676,ic1BSWhGOso,HMIS1052,"HMIS 105:02-03 - OPD Monthly Report (MCH, FP, EID, EPI & HEPB)",IrhyhbiN3iR,"105-CT11","105-CT11. Female condoms (Pieces)",2025-08-20 11:20:49.038,"2.5"
1662,ic1BSWhGOso,HMIS1052,"HMIS 105:02-03 - OPD Monthly Report (MCH, FP, EID, EPI & HEPB)",vI52cxgsBNv,"105-CH01","105-CH01. Vit A supplement (1st Dose)",2025-08-20 11:20:49.035,"2.7"
1661,ic1BSWhGOso,HMIS1052,"HMIS 105:02-03 - OPD Monthly Report (MCH, FP, EID, EPI & HEPB)",OrKSwpDxQaJ,"105-TD02","105-TD02. Td2-Dose 2",2025-08-20 11:20:49.035,"2.8"
1658,ic1BSWhGOso,HMIS1052,"HMIS 105:02-03 - OPD Monthly Report (MCH, FP, EID, EPI & HEPB)",QHawVF72X6E,"105-CL15.","105-CL15. PCV 3",2025-08-20 11:20:49.035,"2.9"
1671,ic1BSWhGOso,HMIS1052,"HMIS 105:02-03 - OPD Monthly Report (MCH, FP, EID, EPI & HEPB)",HLyPaHaoHSu,"105-CL07","105-CL07. Polio 3",2025-08-20 11:20:49.037,"2.9"
1685,ic1BSWhGOso,HMIS1052,"HMIS 105:02-03 - OPD Monthly Report (MCH, FP, EID, EPI & HEPB)",dmSXPXTnV0e,"105-CL14.","105-CL14. PCV 2",2025-08-20 11:20:49.039,"2.9"
1686,ic1BSWhGOso,HMIS1052,"HMIS 105:02-03 - OPD Monthly Report (MCH, FP, EID, EPI & HEPB)",Ys31ug5E3f1,"105-CL10","105-CL10. DPT-HepB+Hib 1",2025-08-20 11:20:49.039,"2.9"
1697,ic1BSWhGOso,HMIS1052,"HMIS 105:02-03 - OPD Monthly Report (MCH, FP, EID, EPI & HEPB)",YWHAFMq3Gyq,"105-PI05b_2019","105-PI05b_2019. Number of breastfeeding women with a known HIV+ status at immunization - TRR",2025-08-20 11:20:49.041,
1698,ic1BSWhGOso,HMIS1052,"HMIS 105:02-03 - OPD Monthly Report (MCH, FP, EID, EPI & HEPB)",Vm17iJeYWrM,"105-WT10A","105-WT10a. Td - Opening Balance",2025-08-20 11:20:49.041,
1710,ic1BSWhGOso,HMIS1052,"HMIS 105:02-03 - OPD Monthly Report (MCH, FP, EID, EPI & HEPB)",Ydbq5rLMnY1,"105-HB16","105-HB16. Persons assessed for HepC sustained viral response (SVR)",2025-08-20 11:20:49.043,
1713,ic1BSWhGOso,HMIS1052,"HMIS 105:02-03 - OPD Monthly Report (MCH, FP, EID, EPI & HEPB)",uj3GNOPOI2G,"105-HB06","105-HB06. Clients tested positive for HepB and not enrolled into care and treatment",2025-08-20 11:20:49.044,
1714,ic1BSWhGOso,HMIS1052,"HMIS 105:02-03 - OPD Monthly Report (MCH, FP, EID, EPI & HEPB)",lmpQmvOtybC,"105-WT10C","105-WT10c. Td - Closing Balance",2025-08-20 11:20:49.044,
1717,ic1BSWhGOso,HMIS1052,"HMIS 105:02-03 - OPD Monthly Report (MCH, FP, EID, EPI & HEPB)",aW6YFBSBBj3,"105-HB08","105-HB08. Persons with HepB effective treatment (viral load suppression)",2025-08-20 11:20:49.044,
1718,ic1BSWhGOso,HMIS1052,"HMIS 105:02-03 - OPD Monthly Report (MCH, FP, EID, EPI & HEPB)",BWaRQdk3HCJ,"105-OE02","105-OE02.Total number of HEIs registered in the birth cohort that transferred into the Health facility",2025-08-20 11:20:49.044,
1723,ic1BSWhGOso,HMIS1052,"HMIS 105:02-03 - OPD Monthly Report (MCH, FP, EID, EPI & HEPB)",xxiTBN5jdTl,"105-ER03B_2019","105-ER03b_2019. EMTCT mothers known to be on ART treatment 3 months after ART initiation - Net cohort",2025-08-20 11:20:49.046,
1705,ic1BSWhGOso,HMIS1052,"HMIS 105:02-03 - OPD Monthly Report (MCH, FP, EID, EPI & HEPB)",MBP6dbvM7sj,"105-MA12_2019","105-MA12_2019 Neonatal Death 8-28 days",2025-08-20 11:20:49.042,"2.2"
1712,ic1BSWhGOso,HMIS1052,"HMIS 105:02-03 - OPD Monthly Report (MCH, FP, EID, EPI & HEPB)",mCFwpHlzUKK,"105-MA21B_2019","105-MA21b_2019. Mothers Received nutrition Counselling - Maternal Nutrition - HIV+",2025-08-20 11:20:49.043,"2.2"
1724,ic1BSWhGOso,HMIS1052,"HMIS 105:02-03 - OPD Monthly Report (MCH, FP, EID, EPI & HEPB)",Z2baA5Kr5Uz,"105-MA19","105-MA19. HIV+ male partners initiated on ART in the maternity setting",2025-08-20 11:20:49.046,"2.2"
1691,ic1BSWhGOso,HMIS1052,"HMIS 105:02-03 - OPD Monthly Report (MCH, FP, EID, EPI & HEPB)",eerKMtKyYZt,"105-PN03b_2019","105-PN03b_2019. Breastfeedng mothers tested for HIV 1st time during Postnatal - POS",2025-08-20 11:20:49.040,"2.3"
1703,ic1BSWhGOso,HMIS1052,"HMIS 105:02-03 - OPD Monthly Report (MCH, FP, EID, EPI & HEPB)",fYOmKMoV3Iq,"105-PN05C_2019","105-PN05c_2019. HIV+ women initiating ART in Postnatal - Positive on re-test (TRR+)",2025-08-20 11:20:49.042,"2.3"
1711,ic1BSWhGOso,HMIS1052,"HMIS 105:02-03 - OPD Monthly Report (MCH, FP, EID, EPI & HEPB)",tA2bFyzLtwd,"105-PN14A","105-PN14a. Clients screened for cancer of the cervix",2025-08-20 11:20:49.043,"2.3"
1690,ic1BSWhGOso,HMIS1052,"HMIS 105:02-03 - OPD Monthly Report (MCH, FP, EID, EPI & HEPB)",gsl7Ws1pTg1,"105-FP04_2019","105-FP04_2019. Oral. Levonogesteral",2025-08-20 11:20:49.040,"2.4"
1693,ic1BSWhGOso,HMIS1052,"HMIS 105:02-03 - OPD Monthly Report (MCH, FP, EID, EPI & HEPB)",iOdD0RgSRoD,"105-FP08_2019","105-FP08_2019. Injection 2 months",2025-08-20 11:20:49.040,"2.4"
1700,ic1BSWhGOso,HMIS1052,"HMIS 105:02-03 - OPD Monthly Report (MCH, FP, EID, EPI & HEPB)",qSe7OiDB18A,"105-FP03","105-FP03. Emergency Contraceptive Pills (ECP)",2025-08-20 11:20:49.041,"2.4"
1804,ic1BSWhGOso,HMIS1052,"HMIS 105:02-03 - OPD Monthly Report (MCH, FP, EID, EPI & HEPB)",fevOSp4U5Tj,"105-CT06","105-CT06. 3 year Implant",2025-08-20 11:20:49.062,"2.5"
1692,ic1BSWhGOso,HMIS1052,"HMIS 105:02-03 - OPD Monthly Report (MCH, FP, EID, EPI & HEPB)",XBzzfu55Xh6,"105-CH05","105-CH05. Deworming in school (1st Dose)",2025-08-20 11:20:49.040,"2.7"
1707,ic1BSWhGOso,HMIS1052,"HMIS 105:02-03 - OPD Monthly Report (MCH, FP, EID, EPI & HEPB)",A2ZOozUNmDz,"105-CH02","105-CH02. Vit A supplement (2nd Dose)",2025-08-20 11:20:49.043,"2.7"
1688,ic1BSWhGOso,HMIS1052,"HMIS 105:02-03 - OPD Monthly Report (MCH, FP, EID, EPI & HEPB)",Jd24EcGuIvS,"105-TD04","105-TD04. Td4-Dose 4",2025-08-20 11:20:49.039,"2.8"
1701,ic1BSWhGOso,HMIS1052,"HMIS 105:02-03 - OPD Monthly Report (MCH, FP, EID, EPI & HEPB)",JREalJsVgAD,"105B-CL18","105-CL18. RotaVirus 3 Vaccine",2025-08-20 11:20:49.042,"2.9"
1706,ic1BSWhGOso,HMIS1052,"HMIS 105:02-03 - OPD Monthly Report (MCH, FP, EID, EPI & HEPB)",ujs4ipzA4tb,"105-CL12","105-CL12. DPT-HepB+Hib 3",2025-08-20 11:20:49.042,"2.9"
1721,ic1BSWhGOso,HMIS1052,"HMIS 105:02-03 - OPD Monthly Report (MCH, FP, EID, EPI & HEPB)",Quc9uIBIxk6,"105-CL06","105-CL06. Polio 2",2025-08-20 11:20:49.045,"2.9"
1725,ic1BSWhGOso,HMIS1052,"HMIS 105:02-03 - OPD Monthly Report (MCH, FP, EID, EPI & HEPB)",jg8uBf0pN3a,"105-PI03","105-PI03. Number of HIV-exposed infants identified eligible for an HIV test",2025-08-20 11:20:49.046,
1726,ic1BSWhGOso,HMIS1052,"HMIS 105:02-03 - OPD Monthly Report (MCH, FP, EID, EPI & HEPB)",HIRzx2RSpRR,"105-WT11D","105-WT11d. HPV - Doses Wasted",2025-08-20 11:20:49.046,
1727,ic1BSWhGOso,HMIS1052,"HMIS 105:02-03 - OPD Monthly Report (MCH, FP, EID, EPI & HEPB)",ylHPr3Kq0C5,"105-ER04C","105-ER04c. EMTCT mothers active on ART-3 Months",2025-08-20 11:20:49.046,
1729,ic1BSWhGOso,HMIS1052,"HMIS 105:02-03 - OPD Monthly Report (MCH, FP, EID, EPI & HEPB)",jNpa9MJhPZm,"105-PM01 ","105-PM01. Female sterilization (tubal ligation)",2025-08-20 11:20:49.047,
1734,ic1BSWhGOso,HMIS1052,"HMIS 105:02-03 - OPD Monthly Report (MCH, FP, EID, EPI & HEPB)",q0eJayyV6Js,"105-WT05A","105-WT05a. DPT+HepB+Hib - Opening Balance",2025-08-20 11:20:49.048,
1741,ic1BSWhGOso,HMIS1052,"HMIS 105:02-03 - OPD Monthly Report (MCH, FP, EID, EPI & HEPB)",KsuTV6MBWCJ,"105-HB05","105-HB05. Clients tested positive for HepB and enrolled into care and treatment",2025-08-20 11:20:49.049,
1742,ic1BSWhGOso,HMIS1052,"HMIS 105:02-03 - OPD Monthly Report (MCH, FP, EID, EPI & HEPB)",G6RGJzeAQlR,"105-WT02C ","105-WT02c. Hep B zero doze - Closing Balance",2025-08-20 11:20:49.049,
1747,ic1BSWhGOso,HMIS1052,"HMIS 105:02-03 - OPD Monthly Report (MCH, FP, EID, EPI & HEPB)",S3sJne8SfDt,"105-WT11C","105-WT11c. HPV - Closing Balance",2025-08-20 11:20:49.050,
1749,ic1BSWhGOso,HMIS1052,"HMIS 105:02-03 - OPD Monthly Report (MCH, FP, EID, EPI & HEPB)",QGoQrfDCKYl,"105-WT01B","105-WT01b. BCG - Received",2025-08-20 11:20:49.050,
1750,ic1BSWhGOso,HMIS1052,"HMIS 105:02-03 - OPD Monthly Report (MCH, FP, EID, EPI & HEPB)",syx0YWdQeAW,"105-WT07C","105-WT07c. Rotavirus - Closing Balance",2025-08-20 11:20:49.050,
1754,ic1BSWhGOso,HMIS1052,"HMIS 105:02-03 - OPD Monthly Report (MCH, FP, EID, EPI & HEPB)",KkO23okGi5a,"105-WT12A","105-WT12a. Malaria - Opening Balance",2025-08-20 11:20:49.051,
1758,ic1BSWhGOso,HMIS1052,"HMIS 105:02-03 - OPD Monthly Report (MCH, FP, EID, EPI & HEPB)",ppGkYNMqWX8,"105-WT03A","105-WT03a. Polio(OPV) - Opening Balance",2025-08-20 11:20:49.052,
1759,ic1BSWhGOso,HMIS1052,"HMIS 105:02-03 - OPD Monthly Report (MCH, FP, EID, EPI & HEPB)",FLBA3T25bpz,"105-WT05B","105-WT05b. DPT+HepB+Hib  - Received",2025-08-20 11:20:49.052,
1760,ic1BSWhGOso,HMIS1052,"HMIS 105:02-03 - OPD Monthly Report (MCH, FP, EID, EPI & HEPB)",BnJW6UAa9nj,"105-WT08D","105-WT08d. Measles - Doses Wasted",2025-08-20 11:20:49.052,
1761,ic1BSWhGOso,HMIS1052,"HMIS 105:02-03 - OPD Monthly Report (MCH, FP, EID, EPI & HEPB)",a5p50RZM4j8,"105-WT06D","105-WT06d. PCV - Doses Wasted",2025-08-20 11:20:49.052,
1728,ic1BSWhGOso,HMIS1052,"HMIS 105:02-03 - OPD Monthly Report (MCH, FP, EID, EPI & HEPB)",ggpPDJ3rI0X,"105-MA06B","105-MA06b. Mothers admitted with preterm labour - Given Corticosteroids",2025-08-20 11:20:49.047,"2.2"
1731,ic1BSWhGOso,HMIS1052,"HMIS 105:02-03 - OPD Monthly Report (MCH, FP, EID, EPI & HEPB)",h5qpxtCVwAp,"105-MA24","105-MA24. No. of Live babies Successfully Resuscitated",2025-08-20 11:20:49.047,"2.2"
1740,ic1BSWhGOso,HMIS1052,"HMIS 105:02-03 - OPD Monthly Report (MCH, FP, EID, EPI & HEPB)",jHUIBmkOBZs,"105-MA21B","105-MA21b. Deliveries to HIV+ women in unit - Live births",2025-08-20 11:20:49.049,"2.2"
1753,ic1BSWhGOso,HMIS1052,"HMIS 105:02-03 - OPD Monthly Report (MCH, FP, EID, EPI & HEPB)",nLf9PdXCkDk,"105-MA20","105-MA20. Number of discordant couples identified in maternity",2025-08-20 11:20:49.051,"2.2"
1755,ic1BSWhGOso,HMIS1052,"HMIS 105:02-03 - OPD Monthly Report (MCH, FP, EID, EPI & HEPB)",bl6lQqygEK1,"105-MA05B2","105-MA05b2. Births in the unit - Fresh Still birth < 2.5 Kg",2025-08-20 11:20:49.051,"2.2"
1737,ic1BSWhGOso,HMIS1052,"HMIS 105:02-03 - OPD Monthly Report (MCH, FP, EID, EPI & HEPB)",Vk9STlQlW3h,"105-PN13B","105-PN13b. Clients with pre-malignant conditions of breast",2025-08-20 11:20:49.048,"2.3"
1739,ic1BSWhGOso,HMIS1052,"HMIS 105:02-03 - OPD Monthly Report (MCH, FP, EID, EPI & HEPB)",FEGgBZlxolM,"105-PN08B_2019","105-PN08b_2019. Male partners received HIV test results in the postnatal setting - HIV+ (TRR)",2025-08-20 11:20:49.048,"2.3"
1764,ic1BSWhGOso,HMIS1052,"HMIS 105:02-03 - OPD Monthly Report (MCH, FP, EID, EPI & HEPB)",bVOnb8GrpHA,"105-PN08","105-PN08. Mother-baby pairs enrolled at Mother-Baby care point",2025-08-20 11:20:49.053,"2.3"
1748,ic1BSWhGOso,HMIS1052,"HMIS 105:02-03 - OPD Monthly Report (MCH, FP, EID, EPI & HEPB)",ZVKD2XRg6Ab,"105-FP04","105-FP04. Injectable DMPA Intramuscular (3 months)",2025-08-20 11:20:49.050,"2.4"
1756,ic1BSWhGOso,HMIS1052,"HMIS 105:02-03 - OPD Monthly Report (MCH, FP, EID, EPI & HEPB)",pJCtm2XDcwn,"105-ED01B","105-ED01b. Exposed Infants Tested for HIV below 18 months of age by 1st PCR within the month - Within 2 Mths",2025-08-20 11:20:49.051,"2.6"
1762,ic1BSWhGOso,HMIS1052,"HMIS 105:02-03 - OPD Monthly Report (MCH, FP, EID, EPI & HEPB)",jmgGbYYaWLL,"105-ED04B","105-ED04b. Exposed Infants Tested for HIV by a Rapid Test during the month - HIV+",2025-08-20 11:20:49.052,"2.6"
1732,ic1BSWhGOso,HMIS1052,"HMIS 105:02-03 - OPD Monthly Report (MCH, FP, EID, EPI & HEPB)",xZTA1fYRqy8,"105-CL21","105-CL21. Malaria 3",2025-08-20 11:20:49.047,"2.9"
1733,ic1BSWhGOso,HMIS1052,"HMIS 105:02-03 - OPD Monthly Report (MCH, FP, EID, EPI & HEPB)",t1oNQuw0bL4,"105-CL28 [Exists]","105-CL28. Fully immunized by 2 years",2025-08-20 11:20:49.047,"2.9"
1738,ic1BSWhGOso,HMIS1052,"HMIS 105:02-03 - OPD Monthly Report (MCH, FP, EID, EPI & HEPB)",yctOQDdXZav,"105-CL27","105-CL27. Measles (MR2)",2025-08-20 11:20:49.048,"2.9"
1743,ic1BSWhGOso,HMIS1052,"HMIS 105:02-03 - OPD Monthly Report (MCH, FP, EID, EPI & HEPB)",l8gda1Lshsh,"105-CL09.","105-CL09. IPV2",2025-08-20 11:20:49.049,"2.9"
1745,ic1BSWhGOso,HMIS1052,"HMIS 105:02-03 - OPD Monthly Report (MCH, FP, EID, EPI & HEPB)",rDZlacXXUPM,"105-CL16","105-CL16. Rotavirus 1 Vaccine",2025-08-20 11:20:49.050,"2.9"
1746,ic1BSWhGOso,HMIS1052,"HMIS 105:02-03 - OPD Monthly Report (MCH, FP, EID, EPI & HEPB)",eEllJg5kQn6,"105-CL04","105-CL04. Polio 0",2025-08-20 11:20:49.050,"2.9"
1765,ic1BSWhGOso,HMIS1052,"HMIS 105:02-03 - OPD Monthly Report (MCH, FP, EID, EPI & HEPB)",fPe5wC1mouv,"105-PI07","105-PI07. Number of breastfeeding women re-tested for HIV at immunization",2025-08-20 11:20:49.053,
1766,ic1BSWhGOso,HMIS1052,"HMIS 105:02-03 - OPD Monthly Report (MCH, FP, EID, EPI & HEPB)",c4DJHtoOxR5,"105-WT09A","105-WT09a. Yellow Fever - Opening Balance",2025-08-20 11:20:49.053,
1771,ic1BSWhGOso,HMIS1052,"HMIS 105:02-03 - OPD Monthly Report (MCH, FP, EID, EPI & HEPB)",PKrVNovBQt0,"105-OE04","105-OE04. HEIs that received ARV prophylaxis for 12 weeks (High risk infants)",2025-08-20 11:20:49.054,
1783,ic1BSWhGOso,HMIS1052,"HMIS 105:02-03 - OPD Monthly Report (MCH, FP, EID, EPI & HEPB)",wQhQQcMdrPa,"105-OE08","105-OE08. HEIs that had 3rd DNA PCR done at 6 weeks after cessation of breastfeeding",2025-08-20 11:20:49.056,
1786,ic1BSWhGOso,HMIS1052,"HMIS 105:02-03 - OPD Monthly Report (MCH, FP, EID, EPI & HEPB)",u0pXxXm0jbZ,"105-HB15","105-HB15. Tested positive for HCV RNA and enrolled into treatment",2025-08-20 11:20:49.057,
1787,ic1BSWhGOso,HMIS1052,"HMIS 105:02-03 - OPD Monthly Report (MCH, FP, EID, EPI & HEPB)",QJ92nRfu6aS,"105-OE12","105-OE12. HEIs who died before 18 months of age",2025-08-20 11:20:49.057,
1789,ic1BSWhGOso,HMIS1052,"HMIS 105:02-03 - OPD Monthly Report (MCH, FP, EID, EPI & HEPB)",VUcc4loOjrS,"105-WT07D","105-WT07d. Rotavirus - Doses Wasted",2025-08-20 11:20:49.057,
1791,ic1BSWhGOso,HMIS1052,"HMIS 105:02-03 - OPD Monthly Report (MCH, FP, EID, EPI & HEPB)",Yi0ceCLmBwJ,"105-HB14","105-HB14. Confirmed positive for HepC (HCV RNA)",2025-08-20 11:20:49.057,
1795,ic1BSWhGOso,HMIS1052,"HMIS 105:02-03 - OPD Monthly Report (MCH, FP, EID, EPI & HEPB)",kxwF7G5Sa9i,"105-WT08C","105-WT08c. Measles - Closing Balance",2025-08-20 11:20:49.059,
1800,ic1BSWhGOso,HMIS1052,"HMIS 105:02-03 - OPD Monthly Report (MCH, FP, EID, EPI & HEPB)",gl4CRezThOQ,"105-WT11A","105-WT11a. HPV - Opening Balance",2025-08-20 11:20:49.061,
1792,ic1BSWhGOso,HMIS1052,"HMIS 105:02-03 - OPD Monthly Report (MCH, FP, EID, EPI & HEPB)",AUfFbS7cWFd,"105-MA15B_2019","105-MA15b_2019. Women tested for HIV in labour 1st time this Pregnancy - HIV+ (TRR)",2025-08-20 11:20:49.058,"2.2"
1794,ic1BSWhGOso,HMIS1052,"HMIS 105:02-03 - OPD Monthly Report (MCH, FP, EID, EPI & HEPB)",X6rK1GHbLYp,"105-MA08","105-MA08. No. of low birth weight babies (<2.5 Kg) initiated on kangaroo (KMC)",2025-08-20 11:20:49.058,"2.2"
1797,ic1BSWhGOso,HMIS1052,"HMIS 105:02-03 - OPD Monthly Report (MCH, FP, EID, EPI & HEPB)",WaiJyDDNwE7,"105-MA26A","105-MA26a. Received PNC check within 24 hours after birth - Baby",2025-08-20 11:20:49.060,"2.2"
1801,ic1BSWhGOso,HMIS1052,"HMIS 105:02-03 - OPD Monthly Report (MCH, FP, EID, EPI & HEPB)",BlJQ2P6kkQi,"105-MA18B_2019","105-MA18b_2019. Male partners received HIV test results in the maternity setting - HIV+ (TRR)",2025-08-20 11:20:49.061,"2.2"
1775,ic1BSWhGOso,HMIS1052,"HMIS 105:02-03 - OPD Monthly Report (MCH, FP, EID, EPI & HEPB)",qR5nmJekYKc,"105-PN11B","105-PN11b. Breast feeding mothers given self-testing kits for their male partners-Tests returned HIV POS",2025-08-20 11:20:49.055,"2.3"
1781,ic1BSWhGOso,HMIS1052,"HMIS 105:02-03 - OPD Monthly Report (MCH, FP, EID, EPI & HEPB)",LJ8MLXHctGs,"105-PN01a_2019","105-PN01a_2019. Post Natal Attendances - Mother",2025-08-20 11:20:49.056,"2.3"
1784,ic1BSWhGOso,HMIS1052,"HMIS 105:02-03 - OPD Monthly Report (MCH, FP, EID, EPI & HEPB)",l8HC64eac7y,"105-PN02A_2019","105-PN02a_2019. Referrals to PNC unit - Total",2025-08-20 11:20:49.056,"2.3"
1788,ic1BSWhGOso,HMIS1052,"HMIS 105:02-03 - OPD Monthly Report (MCH, FP, EID, EPI & HEPB)",fwaRB9ATrjL,"105-PN16B","105-PN16b. Post natal mothers who received Counselling (Maternal Nutritional) - HIV+",2025-08-20 11:20:49.057,"2.3"
1767,ic1BSWhGOso,HMIS1052,"HMIS 105:02-03 - OPD Monthly Report (MCH, FP, EID, EPI & HEPB)",Fat3y7a43qY,"105-FP07_2019","105-FP07_2019. Injectable DMPA(SC) 3 months",2025-08-20 11:20:49.053,"2.4"
1768,ic1BSWhGOso,HMIS1052,"HMIS 105:02-03 - OPD Monthly Report (MCH, FP, EID, EPI & HEPB)",dyfJZ2Llr6F,"105-FP02","105-FP02. Progesterone Only Pills (POP)",2025-08-20 11:20:49.053,"2.4"
1769,ic1BSWhGOso,HMIS1052,"HMIS 105:02-03 - OPD Monthly Report (MCH, FP, EID, EPI & HEPB)",A3r248imZ1L,"105-FP02_2019","105-FP02_2019. Oral. Microgynon",2025-08-20 11:20:49.054,"2.4"
1790,ic1BSWhGOso,HMIS1052,"HMIS 105:02-03 - OPD Monthly Report (MCH, FP, EID, EPI & HEPB)",HnSiI2XX2Sy,"105-FP12","105-FP12. FAM Two Days Method",2025-08-20 11:20:49.057,"2.4"
1799,ic1BSWhGOso,HMIS1052,"HMIS 105:02-03 - OPD Monthly Report (MCH, FP, EID, EPI & HEPB)",zhTC6HT9No1,"105-FP09","105-FP09. IUD Hormonal",2025-08-20 11:20:49.060,"2.4"
1770,ic1BSWhGOso,HMIS1052,"HMIS 105:02-03 - OPD Monthly Report (MCH, FP, EID, EPI & HEPB)",I92Zww7c6Jk,"105-CT02_2019","105-CT02_2019. Oral Microgynon (cycles)",2025-08-20 11:20:49.054,"2.5"
1778,ic1BSWhGOso,HMIS1052,"HMIS 105:02-03 - OPD Monthly Report (MCH, FP, EID, EPI & HEPB)",MRnxUVJpfrB,"105-CT04","105-CT04. Injectable DMPA_Intramuscular (Doses)",2025-08-20 11:20:49.055,"2.5"
1780,ic1BSWhGOso,HMIS1052,"HMIS 105:02-03 - OPD Monthly Report (MCH, FP, EID, EPI & HEPB)",HWx2QiJL7op,"105-CT01_2019","105-CT01_2019. Oral Lo-Femenal (cycles)",2025-08-20 11:20:49.056,"2.5"
1796,ic1BSWhGOso,HMIS1052,"HMIS 105:02-03 - OPD Monthly Report (MCH, FP, EID, EPI & HEPB)",tN2himdDz2h,"105-CT08","105-CT08. IUD-Copper-T",2025-08-20 11:20:49.059,"2.5"
1774,ic1BSWhGOso,HMIS1052,"HMIS 105:02-03 - OPD Monthly Report (MCH, FP, EID, EPI & HEPB)",iqMt5RkC1uP,"105-ED01A","105-ED01a. Exposed Infants Tested for HIV below 18 months of age by 1st PCR within the month - Total",2025-08-20 11:20:49.055,"2.6"
1785,ic1BSWhGOso,HMIS1052,"HMIS 105:02-03 - OPD Monthly Report (MCH, FP, EID, EPI & HEPB)",XAYvPR1vtVW,"105-ED07A","105-ED07a. DNA/PCR 6 weeks after cessation of breastfeeding results returned during the month- Total",2025-08-20 11:20:49.056,"2.6"
1776,ic1BSWhGOso,HMIS1052,"HMIS 105:02-03 - OPD Monthly Report (MCH, FP, EID, EPI & HEPB)",nOi3WF8kNxD,"105-CL26","105-CL26. Malaria 4",2025-08-20 11:20:49.055,"2.9"
1798,ic1BSWhGOso,HMIS1052,"HMIS 105:02-03 - OPD Monthly Report (MCH, FP, EID, EPI & HEPB)",Ln0EgQilDUI,"105-CL22","105-CL22. Yellow Fever",2025-08-20 11:20:49.060,"2.9"
1806,ic1BSWhGOso,HMIS1052,"HMIS 105:02-03 - OPD Monthly Report (MCH, FP, EID, EPI & HEPB)",vAcQFSlIGDr,"105-OE11B","105-OE11b. HEIs tested HIV positive on any DNA/PCR or rapid test - Initiated on ART",2025-08-20 11:20:49.062,
1808,ic1BSWhGOso,HMIS1052,"HMIS 105:02-03 - OPD Monthly Report (MCH, FP, EID, EPI & HEPB)",KxEgdz8c9Wi,"105-OE14","105-OE14. HEIs lost to followup before 18 months of age",2025-08-20 11:20:49.062,
1810,ic1BSWhGOso,HMIS1052,"HMIS 105:02-03 - OPD Monthly Report (MCH, FP, EID, EPI & HEPB)",ldbCP7MRAOV,"105-PI08","105-PI08. Number of HIV+ breastfeeding women on ART",2025-08-20 11:20:49.063,
1819,ic1BSWhGOso,HMIS1052,"HMIS 105:02-03 - OPD Monthly Report (MCH, FP, EID, EPI & HEPB)",pDvYO6T6klX,"105-FH02B ","105-FH02b. STI Screening in family Planning - Positive",2025-08-20 11:20:49.064,
1821,ic1BSWhGOso,HMIS1052,"HMIS 105:02-03 - OPD Monthly Report (MCH, FP, EID, EPI & HEPB)",GlYguWmulpn,"105-OE11A","105-OE11a. HEIs Tested HIV positive on any DNA/PCR or rapid test - Total",2025-08-20 11:20:49.064,
1823,ic1BSWhGOso,HMIS1052,"HMIS 105:02-03 - OPD Monthly Report (MCH, FP, EID, EPI & HEPB)",W76e0DKlJ4c,"105-WT08B","105-WT08b. Measles - Received",2025-08-20 11:20:49.066,
1826,ic1BSWhGOso,HMIS1052,"HMIS 105:02-03 - OPD Monthly Report (MCH, FP, EID, EPI & HEPB)",SqWnhAsv5ov,"105-HB09","105-HB09. Pregnant women tested for HepB",2025-08-20 11:20:49.067,
1836,ic1BSWhGOso,HMIS1052,"HMIS 105:02-03 - OPD Monthly Report (MCH, FP, EID, EPI & HEPB)",fTonlL3eWFE,"105-WT10D","105-WT10d. Td - Doses Wasted",2025-08-20 11:20:49.068,
1837,ic1BSWhGOso,HMIS1052,"HMIS 105:02-03 - OPD Monthly Report (MCH, FP, EID, EPI & HEPB)",BTaKlp6GJR8,"105-ER03C","105-ER03c. EMTCT mothers Transferred out (TO)-3 Months",2025-08-20 11:20:49.068,
1838,ic1BSWhGOso,HMIS1052,"HMIS 105:02-03 - OPD Monthly Report (MCH, FP, EID, EPI & HEPB)",fDQtdis81So,"105-HB10","105-HB10. Pregnant women tested positive for HepB",2025-08-20 11:20:49.069,
1812,ic1BSWhGOso,HMIS1052,"HMIS 105:02-03 - OPD Monthly Report (MCH, FP, EID, EPI & HEPB)",JY0M7eC2N42,"105-MA01","105-MA01. Admissions",2025-08-20 11:20:49.063,"2.2"
1816,ic1BSWhGOso,HMIS1052,"HMIS 105:02-03 - OPD Monthly Report (MCH, FP, EID, EPI & HEPB)",sGxfXHTmRGN,"105-MA11B","105-MA11b. Total number of Babies born with defects - Other Defects",2025-08-20 11:20:49.064,"2.2"
1818,ic1BSWhGOso,HMIS1052,"HMIS 105:02-03 - OPD Monthly Report (MCH, FP, EID, EPI & HEPB)",PNG0YDb6dpy,"105-MA14B","105-MA14b. Mothers who initiated breastfeeding within the 1st hour after delivery - HIV POS",2025-08-20 11:20:49.064,"2.2"
1829,ic1BSWhGOso,HMIS1052,"HMIS 105:02-03 - OPD Monthly Report (MCH, FP, EID, EPI & HEPB)",M77tV9A4jAp,"105-MA26","105-MA26. No. of babies who received PNC within 6 hours",2025-08-20 11:20:49.067,"2.2"
1833,ic1BSWhGOso,HMIS1052,"HMIS 105:02-03 - OPD Monthly Report (MCH, FP, EID, EPI & HEPB)",AGmXoLiT89x,"105-MA02A","105-MA02a. Referrals to maternity unit - Total",2025-08-20 11:20:49.068,"2.2"
1841,ic1BSWhGOso,HMIS1052,"HMIS 105:02-03 - OPD Monthly Report (MCH, FP, EID, EPI & HEPB)",MzqiroyuhJh,"105-MA05C2","105-MA05c2. Births in the unit - Macerated still birth < 2.5 Kg",2025-08-20 11:20:49.069,"2.2"
1817,ic1BSWhGOso,HMIS1052,"HMIS 105:02-03 - OPD Monthly Report (MCH, FP, EID, EPI & HEPB)",SN7YiTOT5ic,"105-PN16d","105-PN16d. Post natal mothers who received Counselling (Infant Feeding ) - HIV+",2025-08-20 11:20:49.064,"2.3"
1827,ic1BSWhGOso,HMIS1052,"HMIS 105:02-03 - OPD Monthly Report (MCH, FP, EID, EPI & HEPB)",kGC9MVJppnk,"105-PN06","105-PN06. HIV+ women initiating ART in Postnatal",2025-08-20 11:20:49.067,"2.3"
1839,ic1BSWhGOso,HMIS1052,"HMIS 105:02-03 - OPD Monthly Report (MCH, FP, EID, EPI & HEPB)",Ou7FJO6b9NV,"105-PN15C","105-PN15c. Lactating mothers who received Nutritional assessment-SAM",2025-08-20 11:20:49.069,"2.3"
1843,ic1BSWhGOso,HMIS1052,"HMIS 105:02-03 - OPD Monthly Report (MCH, FP, EID, EPI & HEPB)",m8sRWV8h3Z2,"105-PN02","105-PN02. Community referrals to PNC",2025-08-20 11:20:49.069,"2.3"
1805,ic1BSWhGOso,HMIS1052,"HMIS 105:02-03 - OPD Monthly Report (MCH, FP, EID, EPI & HEPB)",dt0srLW7MmK,"105-FP01_2019","105-FP01_2019. Oral. Lo-Femenal",2025-08-20 11:20:49.062,"2.4"
1811,ic1BSWhGOso,HMIS1052,"HMIS 105:02-03 - OPD Monthly Report (MCH, FP, EID, EPI & HEPB)",NXCJqj7Edfo,"105-FP05_2019","105-FP05_2019. Oral. Others",2025-08-20 11:20:49.063,"2.4"
1814,ic1BSWhGOso,HMIS1052,"HMIS 105:02-03 - OPD Monthly Report (MCH, FP, EID, EPI & HEPB)",nB8riSN0Et8,"105-PPFP01","105-PPFP01. No. of Mothers who received Family Planning in Postpartum period",2025-08-20 11:20:49.063,"2.4"
1835,ic1BSWhGOso,HMIS1052,"HMIS 105:02-03 - OPD Monthly Report (MCH, FP, EID, EPI & HEPB)",fCj5K4Xqy7T,"105-FP06","105-FP06. 3-year Implant",2025-08-20 11:20:49.068,"2.4"
1842,ic1BSWhGOso,HMIS1052,"HMIS 105:02-03 - OPD Monthly Report (MCH, FP, EID, EPI & HEPB)",O3dDxoUjSqo,"105-FP09_2019","105-FP09_2019. Injection 1 month",2025-08-20 11:20:49.069,"2.4"
1825,ic1BSWhGOso,HMIS1052,"HMIS 105:02-03 - OPD Monthly Report (MCH, FP, EID, EPI & HEPB)",IjuGIQ5VrQH,"105-CT11_2019","105-CT11_2019. Injectable 2 month (doses)",2025-08-20 11:20:49.066,"2.5"
1832,ic1BSWhGOso,HMIS1052,"HMIS 105:02-03 - OPD Monthly Report (MCH, FP, EID, EPI & HEPB)",NCUqpv6jv5H,"105-ED09B","105-ED09b. HIV+ infants from EID enrolled on ART during the month- Within 2 Months",2025-08-20 11:20:49.068,"2.6"
1840,ic1BSWhGOso,HMIS1052,"HMIS 105:02-03 - OPD Monthly Report (MCH, FP, EID, EPI & HEPB)",mapBfSMdb8S,"105-ED06C","105-ED06c. 2nd DNA/PCR results returned during the month- Results given to caregiver",2025-08-20 11:20:49.069,"2.6"
1807,ic1BSWhGOso,HMIS1052,"HMIS 105:02-03 - OPD Monthly Report (MCH, FP, EID, EPI & HEPB)",umOw6ICceuL,"105-CL19. ","105-CL19. Malaria 1",2025-08-20 11:20:49.062,"2.9"
1834,ic1BSWhGOso,HMIS1052,"HMIS 105:02-03 - OPD Monthly Report (MCH, FP, EID, EPI & HEPB)",OG2VmPZSmyv,"105-CL24","105-CL24. Fully immunized by 1 year",2025-08-20 11:20:49.068,"2.9"
1844,ic1BSWhGOso,HMIS1052,"HMIS 105:02-03 - OPD Monthly Report (MCH, FP, EID, EPI & HEPB)",gu6piypvpy4,"105-CC02_2019","105-CC02_2019. Low Temperature alarms",2025-08-20 11:20:49.070,
1845,ic1BSWhGOso,HMIS1052,"HMIS 105:02-03 - OPD Monthly Report (MCH, FP, EID, EPI & HEPB)",MD2YuRl94Fz,"105-WT08A","105-WT08a. Measles - Opening Balance",2025-08-20 11:20:49.070,
1847,ic1BSWhGOso,HMIS1052,"HMIS 105:02-03 - OPD Monthly Report (MCH, FP, EID, EPI & HEPB)",BzBLojjjeRB,"105-WT06B","105-WT06b. PCV - Received",2025-08-20 11:20:49.070,
1852,ic1BSWhGOso,HMIS1052,"HMIS 105:02-03 - OPD Monthly Report (MCH, FP, EID, EPI & HEPB)",JSRCj9aRZcz,"105-WT01A","105-WT01a. BCG - Open Balance",2025-08-20 11:20:49.071,
1858,ic1BSWhGOso,HMIS1052,"HMIS 105:02-03 - OPD Monthly Report (MCH, FP, EID, EPI & HEPB)",zwfNxrpIt3C,"105-HB07","105-HB07. Persons assessed for HepB treatment effectiveness (viral load suppression)",2025-08-20 11:20:49.072,
1859,ic1BSWhGOso,HMIS1052,"HMIS 105:02-03 - OPD Monthly Report (MCH, FP, EID, EPI & HEPB)",uJreiMbGKCB,"105-PI06b_2019","105-PI06b_2019. Number of HIV+ breastfeeding women identified at immunization on a re-test - TRR",2025-08-20 11:20:49.072,
1860,ic1BSWhGOso,HMIS1052,"HMIS 105:02-03 - OPD Monthly Report (MCH, FP, EID, EPI & HEPB)",eotemavcU1c,"105-ER01A ","105-ER01a. EMTCT mothers Enrolled on ART treatment (Original Cohort)-1 Month",2025-08-20 11:20:49.072,
1869,ic1BSWhGOso,HMIS1052,"HMIS 105:02-03 - OPD Monthly Report (MCH, FP, EID, EPI & HEPB)",noDiieWFh6r,"105-WT04A","105-WT04a. IPV - Opening Balance",2025-08-20 11:20:49.074,
1855,ic1BSWhGOso,HMIS1052,"HMIS 105:02-03 - OPD Monthly Report (MCH, FP, EID, EPI & HEPB)",wOvonjgfh4b,"105-MA21A","105-MA21a. Total Deliveries to HIV+ women in unit - Total",2025-08-20 11:20:49.071,"2.2"
1861,ic1BSWhGOso,HMIS1052,"HMIS 105:02-03 - OPD Monthly Report (MCH, FP, EID, EPI & HEPB)",WX0V1OdNB4i,"105-MA07A","105-MA07a.Pre-terms births in the unit - Total",2025-08-20 11:20:49.072,"2.2"
1863,ic1BSWhGOso,HMIS1052,"HMIS 105:02-03 - OPD Monthly Report (MCH, FP, EID, EPI & HEPB)",P1MyPWVxi5T,"105-MA05A2","105-MA05a2. Births in the unit - Live births < 2.5 Kg",2025-08-20 11:20:49.073,"2.2"
1865,ic1BSWhGOso,HMIS1052,"HMIS 105:02-03 - OPD Monthly Report (MCH, FP, EID, EPI & HEPB)",VBN3wvLEZjW,"105-MA25A","105-MA25a. Received PNC check at 6 hours after birth - Baby",2025-08-20 11:20:49.073,"2.2"
1866,ic1BSWhGOso,HMIS1052,"HMIS 105:02-03 - OPD Monthly Report (MCH, FP, EID, EPI & HEPB)",SxPXVqUFskM,"105-MA27D","105-MA27d. Uterotonics used in management of 3rd stage of labour - Egometrine",2025-08-20 11:20:49.073,"2.2"
1870,ic1BSWhGOso,HMIS1052,"HMIS 105:02-03 - OPD Monthly Report (MCH, FP, EID, EPI & HEPB)",nA0w3UvRDpD,"105-MA27A","105-MA27a. Uterotonics used in management of 3rd stage of labour - Oxytocin",2025-08-20 11:20:49.074,"2.2"
1874,ic1BSWhGOso,HMIS1052,"HMIS 105:02-03 - OPD Monthly Report (MCH, FP, EID, EPI & HEPB)",H1oTelCAQry,"105-MA09","105-MA09. Live babies at discharge",2025-08-20 11:20:49.075,"2.2"
1846,ic1BSWhGOso,HMIS1052,"HMIS 105:02-03 - OPD Monthly Report (MCH, FP, EID, EPI & HEPB)",BdXf0FPwUcX,"105-PN05D_2019","105-PN05d_2019. HIV+ women initiating ART in Postnatal - Positive but never initiated (TRRK)",2025-08-20 11:20:49.070,"2.3"
1856,ic1BSWhGOso,HMIS1052,"HMIS 105:02-03 - OPD Monthly Report (MCH, FP, EID, EPI & HEPB)",AAjeczxMEya,"105-PN15B","105-PN15b. Lactating mothers who received Nutritional assessment-MAM",2025-08-20 11:20:49.072,"2.3"
1862,ic1BSWhGOso,HMIS1052,"HMIS 105:02-03 - OPD Monthly Report (MCH, FP, EID, EPI & HEPB)",Bqwt1lhWVNY,"105-PN05","105-PN05. Breastfeeding mothers re-tested for HIV during Postnatal",2025-08-20 11:20:49.073,"2.3"
1871,ic1BSWhGOso,HMIS1052,"HMIS 105:02-03 - OPD Monthly Report (MCH, FP, EID, EPI & HEPB)",Ex31WlJUSqs,"105-PN03B","105-PN03b. TB Screening for PNC Clients-Presumed to have TB",2025-08-20 11:20:49.074,"2.3"
1877,ic1BSWhGOso,HMIS1052,"HMIS 105:02-03 - OPD Monthly Report (MCH, FP, EID, EPI & HEPB)",T7yfGxRzCGs,"105-PN03A","105-PN03a. TB Screening for PNC Clients-Screened for TB",2025-08-20 11:20:49.075,"2.3"
1848,ic1BSWhGOso,HMIS1052,"HMIS 105:02-03 - OPD Monthly Report (MCH, FP, EID, EPI & HEPB)",a2VY34cntG4,"105-CT02","105-CT02. Progesterone only Oral pills (Cycles)",2025-08-20 11:20:49.070,"2.5"
1850,ic1BSWhGOso,HMIS1052,"HMIS 105:02-03 - OPD Monthly Report (MCH, FP, EID, EPI & HEPB)",uhq6VuwA5Mf,"105-CT12_2019","105-CT12_2019. Injectable 1 month (doses)",2025-08-20 11:20:49.071,"2.5"
1879,ic1BSWhGOso,HMIS1052,"HMIS 105:02-03 - OPD Monthly Report (MCH, FP, EID, EPI & HEPB)",b2mZpqmL8VB,"105-CT03","105-CT03.Emergency Contraceptive Pills (Cycles)",2025-08-20 11:20:49.075,"2.5"
1882,ic1BSWhGOso,HMIS1052,"HMIS 105:02-03 - OPD Monthly Report (MCH, FP, EID, EPI & HEPB)",TdtB0fF6huT,"105-CT06_2019","105-CT06_2019. Oral Others (cycles)",2025-08-20 11:20:49.076,"2.5"
1851,ic1BSWhGOso,HMIS1052,"HMIS 105:02-03 - OPD Monthly Report (MCH, FP, EID, EPI & HEPB)",J5X3h6513lf,"105-ED04A","105-ED04a. Exposed Infants Tested for HIV by a Rapid Test during the month - Total",2025-08-20 11:20:49.071,"2.6"
1853,ic1BSWhGOso,HMIS1052,"HMIS 105:02-03 - OPD Monthly Report (MCH, FP, EID, EPI & HEPB)",d3Gjyubxnqp,"105-ED07B","105-ED07b. DNA/PCR 6 weeks after cessation of breastfeeding results returned during the month-Results returned within 2 weeks",2025-08-20 11:20:49.071,"2.6"
1854,ic1BSWhGOso,HMIS1052,"HMIS 105:02-03 - OPD Monthly Report (MCH, FP, EID, EPI & HEPB)",KAQG7cbFHFA,"105-CH04","105-CH04. Deworming (2nd Dose)",2025-08-20 11:20:49.071,"2.7"
1857,ic1BSWhGOso,HMIS1052,"HMIS 105:02-03 - OPD Monthly Report (MCH, FP, EID, EPI & HEPB)",mYSOfPa97Ej,"105-CH06","105-CH06. Deworming in schools (2nd Dose)",2025-08-20 11:20:49.072,"2.7"
1867,ic1BSWhGOso,HMIS1052,"HMIS 105:02-03 - OPD Monthly Report (MCH, FP, EID, EPI & HEPB)",fyTVWlH6jqm,"105-TD05","105-TD05. Td5-Dose 5",2025-08-20 11:20:49.073,"2.8"
1875,ic1BSWhGOso,HMIS1052,"HMIS 105:02-03 - OPD Monthly Report (MCH, FP, EID, EPI & HEPB)",vMZQxa2plDI,"105-TD03","105-TD03. Td3-Dose 3",2025-08-20 11:20:49.075,"2.8"
1881,ic1BSWhGOso,HMIS1052,"HMIS 105:02-03 - OPD Monthly Report (MCH, FP, EID, EPI & HEPB)",NYs9Ct3X4FD,"105-CL03","105-CL03. Protection At Birth for Td(PAB)",2025-08-20 11:20:49.076,"2.9"
1885,ic1BSWhGOso,HMIS1052,"HMIS 105:02-03 - OPD Monthly Report (MCH, FP, EID, EPI & HEPB)",cXy4Pwau1SF,"105-WT06C","105-WT06c. PCV - Closing Balance",2025-08-20 11:20:49.077,
1886,ic1BSWhGOso,HMIS1052,"HMIS 105:02-03 - OPD Monthly Report (MCH, FP, EID, EPI & HEPB)",S4bYroGhHxt,"105-CC03_2019","105-CC03_2019. Cold chain refrigerators available",2025-08-20 11:20:49.078,
1887,ic1BSWhGOso,HMIS1052,"HMIS 105:02-03 - OPD Monthly Report (MCH, FP, EID, EPI & HEPB)",W3IvMOpYXwW,"105-ER02B_2019","105-ER02b_2019. EMTCT mothers known to be on ART treatment 2 months after ART initiation - Net cohort",2025-08-20 11:20:49.078,
1892,ic1BSWhGOso,HMIS1052,"HMIS 105:02-03 - OPD Monthly Report (MCH, FP, EID, EPI & HEPB)",SOHitq9fGjD,"105-OE13","105-OE13. HEIs transferred out before 18 months of age",2025-08-20 11:20:49.080,
1897,nGkMm2VBT4G,HMIS1053,HMIS 105:04-05 - OPD Monthly Report (HTS & SMC),YjXDDpPui8r,"105-SM01B","105-SM01b. Counselled and tested for HIV at SMC - Negative",2025-08-20 11:21:11.053,
1898,nGkMm2VBT4G,HMIS1053,HMIS 105:04-05 - OPD Monthly Report (HTS & SMC),NuUOyDgZBiT,"105-HT07A","105-HT07a. Total No. of HIV+ tested for Recency - Recent Infection",2025-08-20 11:21:11.078,
1899,nGkMm2VBT4G,HMIS1053,HMIS 105:04-05 - OPD Monthly Report (HTS & SMC),cJZx0AH0h5t,"105-HT23_2019","105-HT23_2019 HIVST Number of positive HIV self test",2025-08-20 11:21:11.080,
1900,nGkMm2VBT4G,HMIS1053,HMIS 105:04-05 - OPD Monthly Report (HTS & SMC),JEn2WYikQ36,"105-SM03A1","105-SM03a1. Number of Males Circumcised who returned for followup visit within 48 hours - Facility",2025-08-20 11:21:11.080,
1901,nGkMm2VBT4G,HMIS1053,HMIS 105:04-05 - OPD Monthly Report (HTS & SMC),pvHnyRb8lZe,"105-SM03B2","105-SM03b2. Number of Males Circumcised who returned for followup visit within 7 days - Outreach",2025-08-20 11:21:11.080,
1902,nGkMm2VBT4G,HMIS1053,HMIS 105:04-05 - OPD Monthly Report (HTS & SMC),DGLzNeDJJP3,"105-HT17_2019","105-HT17_2019 Number tested as special categories",2025-08-20 11:21:11.081,
1903,nGkMm2VBT4G,HMIS1053,HMIS 105:04-05 - OPD Monthly Report (HTS & SMC),IzRsku0sI0O,"105-HT09A_2019","105-HT09a_2019 Newly diagnosed HIV positive individuals  with a test for recent infection result  - Long-term Infection",2025-08-20 11:21:11.081,
1904,nGkMm2VBT4G,HMIS1053,HMIS 105:04-05 - OPD Monthly Report (HTS & SMC),X5dGVcJ5YG1,"105-HT02D","105-HT02d. Total No. of Individuals at Community - Tested HIV Negative Referred for HIV Prevention Services",2025-08-20 11:21:11.081,
1905,nGkMm2VBT4G,HMIS1053,HMIS 105:04-05 - OPD Monthly Report (HTS & SMC),bzvI9PS11f8,"105-SM03D2","105-SM03d2. Number of Males Circumcised who returned for followup visit beyond 14 days - Outreach",2025-08-20 11:21:11.082,
1906,nGkMm2VBT4G,HMIS1053,HMIS 105:04-05 - OPD Monthly Report (HTS & SMC),jQIXa7iwRs1,"105-HT06B","105-HT06b. Community HIV-Self Test Results - Returned",2025-08-20 11:21:11.082,
1907,nGkMm2VBT4G,HMIS1053,HMIS 105:04-05 - OPD Monthly Report (HTS & SMC),OvBVwxy1PzJ,"105-HT02B3_2019","105-HT02b3_2019 Community testing - Home Based Testing - Linked to HIV Care",2025-08-20 11:21:11.082,
1908,nGkMm2VBT4G,HMIS1053,HMIS 105:04-05 - OPD Monthly Report (HTS & SMC),q39JDfp2RhC,"105-HT18D1_2019","105-HT18d1_2019 Special Category(Migrant Workers) - Tested for HIV",2025-08-20 11:21:11.082,
1909,nGkMm2VBT4G,HMIS1053,HMIS 105:04-05 - OPD Monthly Report (HTS & SMC),ZgFaQaY0jJV,"105-SM02B","105-SM02b. Number of males circumcised - Outreach",2025-08-20 11:21:11.083,
1910,nGkMm2VBT4G,HMIS1053,HMIS 105:04-05 - OPD Monthly Report (HTS & SMC),VtsxIu19MH4,"105-HT21A_2019","105-HT21a_2019 APN number of HIV+ partners already in HIV Care",2025-08-20 11:21:11.083,
1911,nGkMm2VBT4G,HMIS1053,HMIS 105:04-05 - OPD Monthly Report (HTS & SMC),zuKD5ZhPXzP,"105-HT01E3_2019","105-HT01e3_2019 Facility testing at Nutrition Unit - Linked to HIV Care",2025-08-20 11:21:11.083,
1912,nGkMm2VBT4G,HMIS1053,HMIS 105:04-05 - OPD Monthly Report (HTS & SMC),HINFxC4414B,"105-HT01N2_2019","105-HT01n2_2019 Facility testing at Other Facility based points - New HIV+",2025-08-20 11:21:11.084,
1913,nGkMm2VBT4G,HMIS1053,HMIS 105:04-05 - OPD Monthly Report (HTS & SMC),kYeaerGu5Sp,"105-HT18C2_2019","105-HT18c2_2019 Special Category(Uniformed Men) - New HIV+",2025-08-20 11:21:11.084,
1914,nGkMm2VBT4G,HMIS1053,HMIS 105:04-05 - OPD Monthly Report (HTS & SMC),jX0Gx1SJGlJ,"105-HT22A_2019","105-HT22a_2019 HIVST self test kits distributed - directly assisted",2025-08-20 11:21:11.084,
1915,nGkMm2VBT4G,HMIS1053,HMIS 105:04-05 - OPD Monthly Report (HTS & SMC),ueIoXNSnsMD,"105-HT18D2_2019","105-HT18d2_2019 Special Category(Migrant Workers) - New HIV+",2025-08-20 11:21:11.084,
1916,nGkMm2VBT4G,HMIS1053,HMIS 105:04-05 - OPD Monthly Report (HTS & SMC),srW9rfrKqm0,"105-HT02E2_2019","105-HT02e2_2019 Community testing  - Other Community Testing - New HIV+",2025-08-20 11:21:11.084,
1917,nGkMm2VBT4G,HMIS1053,HMIS 105:04-05 - OPD Monthly Report (HTS & SMC),uXdH8J1d5w7,"105-HT06C1","105-HT06c1. Community HIV-Self Test Results - Total Positive",2025-08-20 11:21:11.084,
1918,nGkMm2VBT4G,HMIS1053,HMIS 105:04-05 - OPD Monthly Report (HTS & SMC),B404cBe6vUa,"105-HT03A2_2019","105-HT03a2_2019 Total New HIV+",2025-08-20 11:21:11.085,
1919,nGkMm2VBT4G,HMIS1053,HMIS 105:04-05 - OPD Monthly Report (HTS & SMC),zr8RscthjI8,"105-HT04A2_2019","105-HT04a2_2019 PITC at Health Facilty - New HIV+",2025-08-20 11:21:11.085,
1920,nGkMm2VBT4G,HMIS1053,HMIS 105:04-05 - OPD Monthly Report (HTS & SMC),X79SyXTY713,"105-HT03B","105-HT03b. No. of Contacts of Index Clients - Notified",2025-08-20 11:21:11.085,
1921,nGkMm2VBT4G,HMIS1053,HMIS 105:04-05 - OPD Monthly Report (HTS & SMC),z7giveOfzkg,"105-HT01G3_2019","105-HT01g3_2019 Facility testing Young Child Clinic - Linked to HIV Care",2025-08-20 11:21:11.085,
1884,ic1BSWhGOso,HMIS1052,"HMIS 105:02-03 - OPD Monthly Report (MCH, FP, EID, EPI & HEPB)",wPrRIRfODlP,"105-MA26B","105-MA26b. Received PNC check within 24 hours after birth - Mother",2025-08-20 11:20:49.077,"2.2"
1895,ic1BSWhGOso,HMIS1052,"HMIS 105:02-03 - OPD Monthly Report (MCH, FP, EID, EPI & HEPB)",KyRHSYKxihH,"105-FP01","105-FP01. Combined Oral Contraceptives Pills (COCs)",2025-08-20 11:20:49.081,"2.4"
1894,ic1BSWhGOso,HMIS1052,"HMIS 105:02-03 - OPD Monthly Report (MCH, FP, EID, EPI & HEPB)",SOUqnrsSlfn,"105-CT05","105-CT05. Injectable DMPA_ Subcutaneous (Doses)",2025-08-20 11:20:49.080,"2.5"
1893,ic1BSWhGOso,HMIS1052,"HMIS 105:02-03 - OPD Monthly Report (MCH, FP, EID, EPI & HEPB)",Bi67Ejxpf5i,"105-ED01C","105-ED01c. Exposed Infants Tested for HIV below 18 months of age by 1st PCR within the month - HIV+",2025-08-20 11:20:49.080,"2.6"
1896,ic1BSWhGOso,HMIS1052,"HMIS 105:02-03 - OPD Monthly Report (MCH, FP, EID, EPI & HEPB)",oRJJLGhYiXW,"105-ED05A","105-ED05a. 1st DNA/PCR results returned during the month- Total",2025-08-20 11:20:49.081,"2.6"
1922,nGkMm2VBT4G,HMIS1053,HMIS 105:04-05 - OPD Monthly Report (HTS & SMC),xQhma7YsvNb,"105-HT01F3_2019","105-HT01f3_2019 Facility testing at STI Clinic - Linked to HIV Care",2025-08-20 11:21:11.085,
1923,nGkMm2VBT4G,HMIS1053,HMIS 105:04-05 - OPD Monthly Report (HTS & SMC),L7fgRVNiyWq,"105-HT18G2_2019","105-HT18g2_2019 Special Category(Refugees) - New HIV+",2025-08-20 11:21:11.086,
1924,nGkMm2VBT4G,HMIS1053,HMIS 105:04-05 - OPD Monthly Report (HTS & SMC),BryADApaERN,"105-HT01M1_2019","105-HT01m1_2019 Facility testing at EID - Tested for HIV",2025-08-20 11:21:11.086,
1925,nGkMm2VBT4G,HMIS1053,HMIS 105:04-05 - OPD Monthly Report (HTS & SMC),PrMFixkRYFr,"105-SM04B2","105-SM04b2. Number of Males circumcised who experienced one or more AE - Outreach - Severe",2025-08-20 11:21:11.086,
1926,nGkMm2VBT4G,HMIS1053,HMIS 105:04-05 - OPD Monthly Report (HTS & SMC),TGZeRqNtLMc,"105-HT01H1_2019","105-HT01h1_2019 Facility testing at ANC - Tested for HIV",2025-08-20 11:21:11.086,
1927,nGkMm2VBT4G,HMIS1053,HMIS 105:04-05 - OPD Monthly Report (HTS & SMC),quOjEQM1GHq,"105-HT02A2_2019","105-HT02a2_2019 Community testing - Workplace - New HIV+",2025-08-20 11:21:11.086,
1928,nGkMm2VBT4G,HMIS1053,HMIS 105:04-05 - OPD Monthly Report (HTS & SMC),AWAS2U51uWn,"105-HT07B","105-HT07b. Total No. of HIV+ tested for Recency - Long Term Infection",2025-08-20 11:21:11.086,
1929,nGkMm2VBT4G,HMIS1053,HMIS 105:04-05 - OPD Monthly Report (HTS & SMC),jj1e5h3hKoU,"105-HT18I3_2019","105-HT18i3_2019 Special Category(Breastfeeding Women) - Linked to HIV Care",2025-08-20 11:21:11.087,
1930,nGkMm2VBT4G,HMIS1053,HMIS 105:04-05 - OPD Monthly Report (HTS & SMC),OH7tUHi2c0F,"105-HT05D","105-HT05d. Health Facility HIV-Self Test Results - Tested HIV Negative Referred for HIV Prevention Services",2025-08-20 11:21:11.087,
1931,nGkMm2VBT4G,HMIS1053,HMIS 105:04-05 - OPD Monthly Report (HTS & SMC),ECgeqIAKq61,"105-HT05A2_2019","105-HT05a2_2019 CICT/VICT at Health Facilty - New HIV+",2025-08-20 11:21:11.087,
1932,nGkMm2VBT4G,HMIS1053,HMIS 105:04-05 - OPD Monthly Report (HTS & SMC),RwXwDknB03E,"105-HT01B2_2019","105-HT01b2_2019 Facility testing at OPD - New HIV+",2025-08-20 11:21:11.087,
1933,nGkMm2VBT4G,HMIS1053,HMIS 105:04-05 - OPD Monthly Report (HTS & SMC),ZvALAo6aQuK,"105-HT18H2_2019","105-HT18h2_2019 Special Category(Pregnant Women) - New HIV+",2025-08-20 11:21:11.087,
1934,nGkMm2VBT4G,HMIS1053,HMIS 105:04-05 - OPD Monthly Report (HTS & SMC),L7mEaCOHpq3,"105-HT04F","105-HT04f. No. of Social Contacts (SNS) - Tested HIV Negative Referred for HIV Prevention",2025-08-20 11:21:11.087,
1935,nGkMm2VBT4G,HMIS1053,HMIS 105:04-05 - OPD Monthly Report (HTS & SMC),Awti6leYV0Z,"105-HT05A","105-HT05a. No. of HIV - Self Test Kits at Health Facility",2025-08-20 11:21:11.088,
1936,nGkMm2VBT4G,HMIS1053,HMIS 105:04-05 - OPD Monthly Report (HTS & SMC),maU3KOrc6m1,"105-SM01E","105-SM01e. Counselled and tested for HIV at SMC - Not tested",2025-08-20 11:21:11.088,
1937,nGkMm2VBT4G,HMIS1053,HMIS 105:04-05 - OPD Monthly Report (HTS & SMC),QKl0I3w2rWV,"105-HT20B_2019","105-HT20b_2019 APN Number of partners tested - HIV+",2025-08-20 11:21:11.088,
1938,nGkMm2VBT4G,HMIS1053,HMIS 105:04-05 - OPD Monthly Report (HTS & SMC),bOFpbhWOOgD,"105-SM01A","105-SM01a. Counselled and tested for HIV at SMC - Positive",2025-08-20 11:21:11.089,
1939,nGkMm2VBT4G,HMIS1053,HMIS 105:04-05 - OPD Monthly Report (HTS & SMC),AA4ynk0vo2W,"105-HT02C","105-HT02c. Total No. of Individuals at Community - New HIV Positive Linked to HIV Care",2025-08-20 11:21:11.090,
1940,nGkMm2VBT4G,HMIS1053,HMIS 105:04-05 - OPD Monthly Report (HTS & SMC),ANVuBX6mN5O,"105-HT01C2_2019","105-HT01c2_2019 Facility testing at ART Clinic - New HIV+",2025-08-20 11:21:11.090,
1941,nGkMm2VBT4G,HMIS1053,HMIS 105:04-05 - OPD Monthly Report (HTS & SMC),oo3wnd22nov,"105-HT18A2_2019","105-HT18a2_2019 Special Category(Prisoners) - New HIV+",2025-08-20 11:21:11.090,
1942,nGkMm2VBT4G,HMIS1053,HMIS 105:04-05 - OPD Monthly Report (HTS & SMC),q5SmZ6mIU7W,"105-HT18F1_2019","105-HT18f1_2019 Special Category(Fisher Folks) - Tested for HIV",2025-08-20 11:21:11.090,
1943,nGkMm2VBT4G,HMIS1053,HMIS 105:04-05 - OPD Monthly Report (HTS & SMC),bQw8khPr6Il,"105-HT18J2_2019","105-HT18j2_2019 Special Category(AGYW) - New HIV+",2025-08-20 11:21:11.091,
1944,nGkMm2VBT4G,HMIS1053,HMIS 105:04-05 - OPD Monthly Report (HTS & SMC),K9FZCIgTZxr,"105-HT18E3_2019","105-HT18e3_2019 Special Category(Truckers) - Linked to HIV Care",2025-08-20 11:21:11.091,
1945,nGkMm2VBT4G,HMIS1053,HMIS 105:04-05 - OPD Monthly Report (HTS & SMC),NIh8jIEDuIV,"105-HT02E3_2019","105-HT02e3_2019 Community testing - Other Community - Linked to HIV Care",2025-08-20 11:21:11.091,
1946,nGkMm2VBT4G,HMIS1053,HMIS 105:04-05 - OPD Monthly Report (HTS & SMC),mmVAddrfRyP,"105-SM03D1","105-SM03d1. Number of Males Circumcised who returned for followup visit beyond 14 days - Facility",2025-08-20 11:21:11.091,
1947,nGkMm2VBT4G,HMIS1053,HMIS 105:04-05 - OPD Monthly Report (HTS & SMC),ayyaR38gTg2,"105-HT18L2_2019","105-HT18l2_2019 Special Category(Others) - New HIV+",2025-08-20 11:21:11.092,
1948,nGkMm2VBT4G,HMIS1053,HMIS 105:04-05 - OPD Monthly Report (HTS & SMC),FyUmXwOgeXI,"105-HT01L2_2019","105-HT01l2_2019 Facility testing at SMC - New HIV+",2025-08-20 11:21:11.092,
1949,nGkMm2VBT4G,HMIS1053,HMIS 105:04-05 - OPD Monthly Report (HTS & SMC),TPGpabhyQKY,"105-HT02B2_2019","105-HT02b2_2019 Community testing - Home Based Testing - New HIV+",2025-08-20 11:21:11.092,
1950,nGkMm2VBT4G,HMIS1053,HMIS 105:04-05 - OPD Monthly Report (HTS & SMC),lkV8iGnIlx7,"105-HT18G3_2019","105-HT18g3_2019 Special Category(Refugees) - Linked to HIV Care",2025-08-20 11:21:11.092,
1951,nGkMm2VBT4G,HMIS1053,HMIS 105:04-05 - OPD Monthly Report (HTS & SMC),OMTjQbzZEIZ,"105-HT04C","105-HT04c. No. of Social Contacts (SNS) - Tested",2025-08-20 11:21:11.092,
1952,nGkMm2VBT4G,HMIS1053,HMIS 105:04-05 - OPD Monthly Report (HTS & SMC),XtY4hEOydGQ,"105-HT18K3_2019","105-HT18k3_2019 Special Category(PWD) - Linked to HIV Care",2025-08-20 11:21:11.092,
1953,nGkMm2VBT4G,HMIS1053,HMIS 105:04-05 - OPD Monthly Report (HTS & SMC),wAXQacgbD4u,"105-HT08_2019","105-HT08_2019 Individuals who tested HIV positive",2025-08-20 11:21:11.093,
1954,nGkMm2VBT4G,HMIS1053,HMIS 105:04-05 - OPD Monthly Report (HTS & SMC),CbaMIIppTA2,"105-HT21B_2019","105-HT21b_2019 APN number of HIV+ partners linked to HIV Care/ART",2025-08-20 11:21:11.093,
1955,nGkMm2VBT4G,HMIS1053,HMIS 105:04-05 - OPD Monthly Report (HTS & SMC),fM0ESv4jafp,"105-HT01B3_2019","105-HT01b3_2019 Facility testing at OPD - Linked to HIV Care",2025-08-20 11:21:11.093,
1956,nGkMm2VBT4G,HMIS1053,HMIS 105:04-05 - OPD Monthly Report (HTS & SMC),SFMipMUafSk,"105-HT06_2019","105-HT06_2019 Individuals Received HIV test results",2025-08-20 11:21:11.093,
1957,nGkMm2VBT4G,HMIS1053,HMIS 105:04-05 - OPD Monthly Report (HTS & SMC),l8m3Ytr5OMD,"105-HT01D1_2019","105-HT01d1_2019 Facility testing at TB Clinic - Tested for HIV",2025-08-20 11:21:11.093,
1958,nGkMm2VBT4G,HMIS1053,HMIS 105:04-05 - OPD Monthly Report (HTS & SMC),NMQF5ejz8RC,"105-HT04E","105-HT04e. No. of Social Contacts (SNS) - New HIV Positive Linked to HIV Care",2025-08-20 11:21:11.093,
1959,nGkMm2VBT4G,HMIS1053,HMIS 105:04-05 - OPD Monthly Report (HTS & SMC),Bi74zPog4Hm,"105-HT01A3_2019","105-HT01a3_2019 Facility testing at IPD - Linked to HIV Care",2025-08-20 11:21:11.094,
1960,nGkMm2VBT4G,HMIS1053,HMIS 105:04-05 - OPD Monthly Report (HTS & SMC),uv3Mzeprojw,"105-HT18H3_2019","105-HT18h3_2019 Special Category(Pregnant Women) - Linked to HIV Care",2025-08-20 11:21:11.094,
1961,nGkMm2VBT4G,HMIS1053,HMIS 105:04-05 - OPD Monthly Report (HTS & SMC),HrQW6mAJFzZ,"105-HT06C2","105-HT06c2. Community HIV-Self Test Results - Confirmed using the National algorithm",2025-08-20 11:21:11.094,
1962,nGkMm2VBT4G,HMIS1053,HMIS 105:04-05 - OPD Monthly Report (HTS & SMC),s04aBeIXNaB,"105-HT16_2019","105-HT16_2019 Number counselled and tested for PEP",2025-08-20 11:21:11.094,
1963,nGkMm2VBT4G,HMIS1053,HMIS 105:04-05 - OPD Monthly Report (HTS & SMC),kknn6Lkfrzx,"105-SM03C1","105-SM03c1. Number of Males Circumcised who returned for followup visit within 14 days - Facility",2025-08-20 11:21:11.094,
1964,nGkMm2VBT4G,HMIS1053,HMIS 105:04-05 - OPD Monthly Report (HTS & SMC),Ih9jYCT5z1k,"105-HT01D2_2019","105-HT01d2_2019 Facility testing at TB Clinic - New HIV+",2025-08-20 11:21:11.095,
1965,nGkMm2VBT4G,HMIS1053,HMIS 105:04-05 - OPD Monthly Report (HTS & SMC),IfrzaSkweY8,"105-HT01N1_2019","105-HT01n1_2019 Facility testing at Other Facility points - Tested for HIV",2025-08-20 11:21:11.095,
1966,nGkMm2VBT4G,HMIS1053,HMIS 105:04-05 - OPD Monthly Report (HTS & SMC),s6rSXW5KFIP,"105-HT01N3_2019","105-HT01n3_2019 Facility testing at Other Facility based points - Linked to HIV Care",2025-08-20 11:21:11.095,
1967,nGkMm2VBT4G,HMIS1053,HMIS 105:04-05 - OPD Monthly Report (HTS & SMC),ba88RoLjWeN,"105-HT02A1_2019","105-HT02a1_2019 Community testing - Workplace - Tested for HIV",2025-08-20 11:21:11.095,
1968,nGkMm2VBT4G,HMIS1053,HMIS 105:04-05 - OPD Monthly Report (HTS & SMC),OxV8NP5bYZB,"105-HT18A3_2019","105-HT18a3_2019 Special Category(Prisoners) - Linked to HIV Care",2025-08-20 11:21:11.095,
1969,nGkMm2VBT4G,HMIS1053,HMIS 105:04-05 - OPD Monthly Report (HTS & SMC),A5KIhcIuEpe,"105-SM04B1","105-SM04b1. Number of Males circumcised who experienced one or more AE - Facility - Severe",2025-08-20 11:21:11.096,
1970,nGkMm2VBT4G,HMIS1053,HMIS 105:04-05 - OPD Monthly Report (HTS & SMC),OXhfRlSKAKN,"105-HT05A1_2019","105-HT05a1_2019 CICT/VICT at Health Facility - Tested for HIV",2025-08-20 11:21:11.096,
1971,nGkMm2VBT4G,HMIS1053,HMIS 105:04-05 - OPD Monthly Report (HTS & SMC),pTAVuOkxwX1,"105-HT06A","105-HT06a. No. of HIV Self -test kits at Community - Distributed",2025-08-20 11:21:11.096,
1972,nGkMm2VBT4G,HMIS1053,HMIS 105:04-05 - OPD Monthly Report (HTS & SMC),YO2bn9akmtj,"105-HT11_2019","105-HT11_2019 Number tested more than once in the last 12 months",2025-08-20 11:21:11.097,
1973,nGkMm2VBT4G,HMIS1053,HMIS 105:04-05 - OPD Monthly Report (HTS & SMC),xkcVpx3wAl5,"105-HT01L3_2019","105-HT01l3_2019 Facility testing at SMC - Linked to Care",2025-08-20 11:21:11.097,
1974,nGkMm2VBT4G,HMIS1053,HMIS 105:04-05 - OPD Monthly Report (HTS & SMC),JOVwz3kWARQ,"105-HT05C3","105-HT05c3. Health Facility HIV-Self Test Results - New HIV Positive Linked to HIV Care",2025-08-20 11:21:11.097,
1975,nGkMm2VBT4G,HMIS1053,HMIS 105:04-05 - OPD Monthly Report (HTS & SMC),nf6H4eZhq7L,"105-HT02D2_2019","105-HT02d2_2019 Community testing - Hotspots - New HIV+",2025-08-20 11:21:11.097,
1976,nGkMm2VBT4G,HMIS1053,HMIS 105:04-05 - OPD Monthly Report (HTS & SMC),X2f80k3vfUy,"105-HT04B","105-HT04b. No. of Social Contacts (SNS) - Notified",2025-08-20 11:21:11.097,
1977,nGkMm2VBT4G,HMIS1053,HMIS 105:04-05 - OPD Monthly Report (HTS & SMC),liN9vtMWfln,"105-SM03B1","105-SM03b1. Number of Males Circumcised who returned for followup visit within 7 days - Facility",2025-08-20 11:21:11.097,
1978,nGkMm2VBT4G,HMIS1053,HMIS 105:04-05 - OPD Monthly Report (HTS & SMC),VmVKCCYeHiF,"105-HT03A3_2019","105-HT03a3_2019 Total Linked to HIV Care",2025-08-20 11:21:11.098,
1979,nGkMm2VBT4G,HMIS1053,HMIS 105:04-05 - OPD Monthly Report (HTS & SMC),MLml19ikx5S,"105-HT04B2_2019","105-HT04b2_2019 PITC at Community - New HIV+",2025-08-20 11:21:11.098,
1980,nGkMm2VBT4G,HMIS1053,HMIS 105:04-05 - OPD Monthly Report (HTS & SMC),whUagoCxZR2,"105-SM02A","105-SM02a. Number of males circumcised - Facility",2025-08-20 11:21:11.098,
1981,nGkMm2VBT4G,HMIS1053,HMIS 105:04-05 - OPD Monthly Report (HTS & SMC),FXFaZXRdos1,"105-HT01D3_2019","105-HT01d3_2019 Facility testing at TB Clinic - Linked to HIV Care",2025-08-20 11:21:11.098,
1982,nGkMm2VBT4G,HMIS1053,HMIS 105:04-05 - OPD Monthly Report (HTS & SMC),thQULvRchio,"105-SM06B","105-SM06b. Clients who received TT - 2nd Dose (TT2)",2025-08-20 11:21:11.098,
1983,nGkMm2VBT4G,HMIS1053,HMIS 105:04-05 - OPD Monthly Report (HTS & SMC),IPExN3zDZXK,"105-HT05A3_2019","105-HT05a3_2019 CICT/VICT HIV+ Linked to Care - Health Facility",2025-08-20 11:21:11.098,
1984,nGkMm2VBT4G,HMIS1053,HMIS 105:04-05 - OPD Monthly Report (HTS & SMC),VegOyJnr07r,"105-HT02C3_2019","105-HT02c3_2019 Community testing - Drop in Center - Linked to HIV Care",2025-08-20 11:21:11.099,
1985,nGkMm2VBT4G,HMIS1053,HMIS 105:04-05 - OPD Monthly Report (HTS & SMC),VfNqB98M72g,"105-SM04A1","105-SM04a1. Number of Males circumcised who experienced one or more AE at Facility - Moderate",2025-08-20 11:21:11.099,
1986,nGkMm2VBT4G,HMIS1053,HMIS 105:04-05 - OPD Monthly Report (HTS & SMC),ETA7LpinDUq,"105-HT02C1_2019","105-HT02c1_2019 Community testing - Drop in Center - Tested for HIV",2025-08-20 11:21:11.099,
1987,nGkMm2VBT4G,HMIS1053,HMIS 105:04-05 - OPD Monthly Report (HTS & SMC),Vls8lkSWWdm,"105-HT18J1_2019","105-HT18j1_2019 Special Category(AGYW) - Tested for HIV",2025-08-20 11:21:11.099,
1988,nGkMm2VBT4G,HMIS1053,HMIS 105:04-05 - OPD Monthly Report (HTS & SMC),VxFaBpWRc9r,"105-HT01I2_2019","105-HT01i2_2019 Facility testing at Maternity - New HIV+",2025-08-20 11:21:11.099,
1989,nGkMm2VBT4G,HMIS1053,HMIS 105:04-05 - OPD Monthly Report (HTS & SMC),ob9NxusLSNa,"105-SM05B","105-SM05b. Circumcised males with adverse events - Referred",2025-08-20 11:21:11.099,
1990,nGkMm2VBT4G,HMIS1053,HMIS 105:04-05 - OPD Monthly Report (HTS & SMC),ElPJE2cN396,"105-HT01F2_2019","105-HT01f2_2019 Facility testing at STI Clinic - New HIV+",2025-08-20 11:21:11.100,
1991,nGkMm2VBT4G,HMIS1053,HMIS 105:04-05 - OPD Monthly Report (HTS & SMC),PE0osI3WRt7,"105-HT02B1_2019","105-HT02b1_2019 Community testing - Home Based Testing - Tested for HIV",2025-08-20 11:21:11.100,
1992,nGkMm2VBT4G,HMIS1053,HMIS 105:04-05 - OPD Monthly Report (HTS & SMC),vIcnu9cnTQX,"105-HT03A","105-HT03a. No. of Contacts of Index Clients - Elicited",2025-08-20 11:21:11.100,
1993,nGkMm2VBT4G,HMIS1053,HMIS 105:04-05 - OPD Monthly Report (HTS & SMC),WR9KOrG5eOU,"105-HT01E2_2019","105-HT01e2_2019 Facility testing at Nutrition Unit - New HIV+",2025-08-20 11:21:11.100,
1994,nGkMm2VBT4G,HMIS1053,HMIS 105:04-05 - OPD Monthly Report (HTS & SMC),lFPwFylHwXg,"105-HT01M3_2019","105-HT01m3_2019 Facility testing at EID - Linked to Care",2025-08-20 11:21:11.100,
1995,nGkMm2VBT4G,HMIS1053,HMIS 105:04-05 - OPD Monthly Report (HTS & SMC),rWJzGbXv75e,"105-SM01e_2019","105-SM01e_2019. Counselled and tested for HIV at SMC - Not eligible",2025-08-20 11:21:11.100,
1996,nGkMm2VBT4G,HMIS1053,HMIS 105:04-05 - OPD Monthly Report (HTS & SMC),qRO9rGx5vuz,"105-HT01G1_2019","105-HT01g1_2019 Facility testing Young Child Clinic - Tested for HIV",2025-08-20 11:21:11.101,
1997,nGkMm2VBT4G,HMIS1053,HMIS 105:04-05 - OPD Monthly Report (HTS & SMC),uZLHKBBxuMA,"105-HT02E1_2019","105-HT02e1_2019 Community testing - Other Community Testing - Tested for HIV",2025-08-20 11:21:11.101,
1998,nGkMm2VBT4G,HMIS1053,HMIS 105:04-05 - OPD Monthly Report (HTS & SMC),ixjLXValrE6,"105-HT01H3_2019","105-HT01h3_2019 Facility testing at ANC - Linked to HIV Care",2025-08-20 11:21:11.101,
1999,nGkMm2VBT4G,HMIS1053,HMIS 105:04-05 - OPD Monthly Report (HTS & SMC),SWyDuZLO6MC,"105-HT04A1_2019","105-HT04a1_2019 PITC at Health Facility - Tested for HIV",2025-08-20 11:21:11.101,
2000,nGkMm2VBT4G,HMIS1053,HMIS 105:04-05 - OPD Monthly Report (HTS & SMC),IX4MLm1sNag,"105-SM01D","105-SM01d. Counselled and tested for HIV at SMC - Known Positive",2025-08-20 11:21:11.101,
2001,nGkMm2VBT4G,HMIS1053,HMIS 105:04-05 - OPD Monthly Report (HTS & SMC),dBEUByNcFVs,"105-HT18I2_2019","105-HT18i2_2019 Special Category(Breastfeeding Women) - New HIV+",2025-08-20 11:21:11.101,
2002,nGkMm2VBT4G,HMIS1053,HMIS 105:04-05 - OPD Monthly Report (HTS & SMC),tlFcM5mDr3l,"105-SM03","105-SM03. SMC HIV+ Males linked to HIV care",2025-08-20 11:21:11.101,
2003,nGkMm2VBT4G,HMIS1053,HMIS 105:04-05 - OPD Monthly Report (HTS & SMC),jbEx7AMlcaL,"105-HT10_2019","105-HT10_2019 HIV+ individuals with presumptive TB",2025-08-20 11:21:11.102,
2004,nGkMm2VBT4G,HMIS1053,HMIS 105:04-05 - OPD Monthly Report (HTS & SMC),D2KpisjmxEj,"105-HT18F2_2019","105-HT18f2_2019 Special Category(Fisher Folks) - New HIV+",2025-08-20 11:21:11.102,
2005,nGkMm2VBT4G,HMIS1053,HMIS 105:04-05 - OPD Monthly Report (HTS & SMC),gSEcKGO3kJ6,"105-HT18L1_2019","105-HT18l1_2019 Special Category(Others) - Tested for HIV",2025-08-20 11:21:11.102,
2006,nGkMm2VBT4G,HMIS1053,HMIS 105:04-05 - OPD Monthly Report (HTS & SMC),jra3f86n3cx,"105-HT15_2019","105-HT15_2019 Number with disconcordant results as couples",2025-08-20 11:21:11.102,
2007,nGkMm2VBT4G,HMIS1053,HMIS 105:04-05 - OPD Monthly Report (HTS & SMC),yE0mfs46vXL,"105-HT18E2_2019","105-HT18e2_2019 Special Category(Truckers) - New HIV+",2025-08-20 11:21:11.102,
2008,nGkMm2VBT4G,HMIS1053,HMIS 105:04-05 - OPD Monthly Report (HTS & SMC),jXSCCk7QO7e,"105-HT03D","105-HT03d. No. of Contacts of Index Clients - New HIV Positives",2025-08-20 11:21:11.102,
2009,nGkMm2VBT4G,HMIS1053,HMIS 105:04-05 - OPD Monthly Report (HTS & SMC),vVKO5cEkDhe,"105-HT18F3_2019","105-HT18f3_2019 Special Category(Fisher Folk) - Linked to HIV Care",2025-08-20 11:21:11.103,
2010,nGkMm2VBT4G,HMIS1053,HMIS 105:04-05 - OPD Monthly Report (HTS & SMC),gKYbue5hGUk,"105-HT01F1_2019","105-HT01f1_2019 Facility testing at STI Clinic- Tested for HIV",2025-08-20 11:21:11.103,
2011,nGkMm2VBT4G,HMIS1053,HMIS 105:04-05 - OPD Monthly Report (HTS & SMC),KKEwuN4Cu2r,"105-HT01B1_2019","105-HT01b1_2019 Facility testing at OPD - Tested for HIV",2025-08-20 11:21:11.103,
2012,nGkMm2VBT4G,HMIS1053,HMIS 105:04-05 - OPD Monthly Report (HTS & SMC),LqDNxT8Wnda,"105-HT14_2019","105-HT14_2019 Number with concordant positive results as couples",2025-08-20 11:21:11.103,
2013,nGkMm2VBT4G,HMIS1053,HMIS 105:04-05 - OPD Monthly Report (HTS & SMC),PEIto9f565c,"105-HT01G2_2019","105-HT01g2_2019 Facility testing at Young Child clinic - New HIV+",2025-08-20 11:21:11.103,
2014,nGkMm2VBT4G,HMIS1053,HMIS 105:04-05 - OPD Monthly Report (HTS & SMC),GXHvMQ2APjN,"105-HT18K2_2019","105-HT18k2_2019 Special Category(PWD) - New HIV+",2025-08-20 11:21:11.103,
2015,nGkMm2VBT4G,HMIS1053,HMIS 105:04-05 - OPD Monthly Report (HTS & SMC),PK6aEgGkcXy,"105-HT18B3_2019","105-HT18b3_2019 Special Category(PWID) - Linked to HIV Care",2025-08-20 11:21:11.104,
2016,nGkMm2VBT4G,HMIS1053,HMIS 105:04-05 - OPD Monthly Report (HTS & SMC),GO57rl52q6r,"105-HT18D3_2019","105-HT18d3_2019 Special Category(Migrant Workers) - Linked to HIV Care",2025-08-20 11:21:11.104,
2017,nGkMm2VBT4G,HMIS1053,HMIS 105:04-05 - OPD Monthly Report (HTS & SMC),oiqo2iI1Y2B,"105-HT20A_2019","105-HT20a_2019 APN Number of partners tested - Total",2025-08-20 11:21:11.104,
2018,nGkMm2VBT4G,HMIS1053,HMIS 105:04-05 - OPD Monthly Report (HTS & SMC),gvor2Qlw4qV,"105-HT18C3_2019","105-HT18c3_2019 Special Category(Uniformed Men) - Linked to HIV Care",2025-08-20 11:21:11.105,
2019,nGkMm2VBT4G,HMIS1053,HMIS 105:04-05 - OPD Monthly Report (HTS & SMC),C7DkbhG6SHW,"105-HT18G1_2019","105-HT18g1_2019 Special Category(Refugees) - Tested for HIV",2025-08-20 11:21:11.105,
2020,nGkMm2VBT4G,HMIS1053,HMIS 105:04-05 - OPD Monthly Report (HTS & SMC),RLrhTwd07sm,"105-HT01K2_2019","105-HT01k2_2019 Facility testing at Family Planning - New HIV+",2025-08-20 11:21:11.105,
2021,nGkMm2VBT4G,HMIS1053,HMIS 105:04-05 - OPD Monthly Report (HTS & SMC),vFHITfiDo9g,"105-HT03A1_2019","105-HT03a1_2019 Total Tested for HIV",2025-08-20 11:21:11.105,
2022,nGkMm2VBT4G,HMIS1053,HMIS 105:04-05 - OPD Monthly Report (HTS & SMC),x0X3FCdwtlB,"105-HT06C3","105-HT06c3. Community HIV-Self Test Results - New HIV Positive Linked to HIV Care",2025-08-20 11:21:11.105,
2023,nGkMm2VBT4G,HMIS1053,HMIS 105:04-05 - OPD Monthly Report (HTS & SMC),J9JFCJaqQMo,"105-HT03E","105-HT03e. No. of Contacts of Index Clients - New HIV Positive Linked to HIV Care",2025-08-20 11:21:11.106,
2024,nGkMm2VBT4G,HMIS1053,HMIS 105:04-05 - OPD Monthly Report (HTS & SMC),YeZvkmoBekI,"105-SM01C","105-SM01c. Counselled and tested for HIV at  SMC - Inconclusive",2025-08-20 11:21:11.106,
2025,nGkMm2VBT4G,HMIS1053,HMIS 105:04-05 - OPD Monthly Report (HTS & SMC),lJMuWh74uGR,"105-HT13_2019","105-HT13_2019 Number received results as a couple",2025-08-20 11:21:11.106,
2026,nGkMm2VBT4G,HMIS1053,HMIS 105:04-05 - OPD Monthly Report (HTS & SMC),b43eApehNU5,"105-HT03F","105-HT03f. No. of Contacts of Index Clients - Tested HIV Negative Referred for HIV Prevention Services",2025-08-20 11:21:11.106,
2027,nGkMm2VBT4G,HMIS1053,HMIS 105:04-05 - OPD Monthly Report (HTS & SMC),J0aWnRgmQY3,"105-HT01A1_2019","105-HT01a1_2019 Facility testing at IPD - Tested for HIV",2025-08-20 11:21:11.106,
2028,nGkMm2VBT4G,HMIS1053,HMIS 105:04-05 - OPD Monthly Report (HTS & SMC),TKQ3G7kNBcS,"105-HT12_2019","105-HT12_2019 Number counselled and tested as a couple",2025-08-20 11:21:11.106,
2029,nGkMm2VBT4G,HMIS1053,HMIS 105:04-05 - OPD Monthly Report (HTS & SMC),pzajZC9a3Yp,"105-HT01H2_2019","105-HT01h2_2019 Facility testing at ANC - New HIV+",2025-08-20 11:21:11.107,
2030,nGkMm2VBT4G,HMIS1053,HMIS 105:04-05 - OPD Monthly Report (HTS & SMC),TOPtJ8evm2N,"105-HT18H1_2019","105-HT18h1_2019 Special Category(Pregnant Women) - Tested for HIV",2025-08-20 11:21:11.107,
2031,nGkMm2VBT4G,HMIS1053,HMIS 105:04-05 - OPD Monthly Report (HTS & SMC),J2dpUiRnv1E,"105-HT06D","105-HT06d. Community HIV-ST Results - Tested HIV Negative Referred for HIV Prevention Services",2025-08-20 11:21:11.107,
2032,nGkMm2VBT4G,HMIS1053,HMIS 105:04-05 - OPD Monthly Report (HTS & SMC),VKcgmbdiqig,"105-HT01I1_2019","105-HT01i1_2019 Facility testing at Maternity - Tested for HIV",2025-08-20 11:21:11.107,
2033,nGkMm2VBT4G,HMIS1053,HMIS 105:04-05 - OPD Monthly Report (HTS & SMC),knviJf5LIdJ,"105-HT01C1_2019","105-HT01c1_2019 Facility testing at ART Clinic - Tested for HIV",2025-08-20 11:21:11.107,
2034,nGkMm2VBT4G,HMIS1053,HMIS 105:04-05 - OPD Monthly Report (HTS & SMC),RGxBgMzUXLP,"105-HT01C3_2019","105-HT01c3_2019 Facility testing at ART clinic - Linked to HIV Care",2025-08-20 11:21:11.107,
2035,nGkMm2VBT4G,HMIS1053,HMIS 105:04-05 - OPD Monthly Report (HTS & SMC),AEpynPLCgZy,"105-HT01E1_2019","105-HT01e1_2019 Facility testing at Nutrition Unit- Tested for HIV",2025-08-20 11:21:11.107,
2036,nGkMm2VBT4G,HMIS1053,HMIS 105:04-05 - OPD Monthly Report (HTS & SMC),zkcKrH3z2Hs,"105-HT22B_2019","105-HT22b_2019 HIVST self test kits distributed - Unassisted",2025-08-20 11:21:11.108,
2037,nGkMm2VBT4G,HMIS1053,HMIS 105:04-05 - OPD Monthly Report (HTS & SMC),JDj52ZDkYOS,"105-HT01A","105-HT01a. Total No. of Individuals at Health Facility - Tested for HIV",2025-08-20 11:21:11.108,
2038,nGkMm2VBT4G,HMIS1053,HMIS 105:04-05 - OPD Monthly Report (HTS & SMC),UdjfaZc0By2,"105-HT01I3_2019","105-HT01i3_2019 Facility testing at Maternity - Linked to HIV Care",2025-08-20 11:21:11.108,
2039,nGkMm2VBT4G,HMIS1053,HMIS 105:04-05 - OPD Monthly Report (HTS & SMC),WKgXTYQWqnR,"105-SM05A","105-SM05a. Circumcised males with adverse events - Managed by the site",2025-08-20 11:21:11.108,
2040,nGkMm2VBT4G,HMIS1053,HMIS 105:04-05 - OPD Monthly Report (HTS & SMC),q1778KPeI04,"105-HT05C1","105-HT05c1. Health Facility HIV-Self Test Results - Total Positive",2025-08-20 11:21:11.108,
2041,nGkMm2VBT4G,HMIS1053,HMIS 105:04-05 - OPD Monthly Report (HTS & SMC),JmRq1MqMzBu,"105-HT04B3_2019","105-HT04b3_2019 PITC HIV+ Linked to Care - Community",2025-08-20 11:21:11.108,
2042,nGkMm2VBT4G,HMIS1053,HMIS 105:04-05 - OPD Monthly Report (HTS & SMC),BHTtK7k5gOs,"105-HT03C","105-HT03c. No. of Contacts of Index Clients - Tested",2025-08-20 11:21:11.109,
2043,nGkMm2VBT4G,HMIS1053,HMIS 105:04-05 - OPD Monthly Report (HTS & SMC),CDOMI288pdd,"105-HT01J3_2019","105-HT01j3_2019 Facility testing at PNC - Linked to HIV Care",2025-08-20 11:21:11.109,
2044,nGkMm2VBT4G,HMIS1053,HMIS 105:04-05 - OPD Monthly Report (HTS & SMC),E7J1dVR7YET,"105-HT01K3_2019","105-HT01k3_2019 Facility testing at Family Planning - Linked to Care",2025-08-20 11:21:11.109,
2045,nGkMm2VBT4G,HMIS1053,HMIS 105:04-05 - OPD Monthly Report (HTS & SMC),iuG6BhQnpCC,"105-HT18I1_2019","105-HT18i1_2019 Special Category(Breastfeeding Women) - Tested for HIV",2025-08-20 11:21:11.109,
2046,nGkMm2VBT4G,HMIS1053,HMIS 105:04-05 - OPD Monthly Report (HTS & SMC),cI8MjIFaEon,"105-HT01M2_2019","105-HT01m2_2019 Facility testing at EID - New HIV+",2025-08-20 11:21:11.109,
2047,nGkMm2VBT4G,HMIS1053,HMIS 105:04-05 - OPD Monthly Report (HTS & SMC),Cqm0jl6W4IF,"105-HT04D","105-HT04d. No. of Social Contacts (SNS) - New HIV Positives",2025-08-20 11:21:11.109,
2048,nGkMm2VBT4G,HMIS1053,HMIS 105:04-05 - OPD Monthly Report (HTS & SMC),OAtfMhrWHbW,"105-HT19B_2019","105-HT19b_2019 APN Number of Partners notified",2025-08-20 11:21:11.110,
2049,nGkMm2VBT4G,HMIS1053,HMIS 105:04-05 - OPD Monthly Report (HTS & SMC),XRhlkNZgSnL,"105-HT05B3_2019","105-HT05b3_2019 CICT/VICT HIV+ Linked to Care - Community",2025-08-20 11:21:11.110,
2050,nGkMm2VBT4G,HMIS1053,HMIS 105:04-05 - OPD Monthly Report (HTS & SMC),akdh08NYxTi,"105-HT18J3_2019","105-HT18j3_2019 Special Category(AGYW) - Linked to HIV Care",2025-08-20 11:21:11.110,
2051,nGkMm2VBT4G,HMIS1053,HMIS 105:04-05 - OPD Monthly Report (HTS & SMC),IxYvAyDOluI,"105-SM04A2","105-SM04a2. Number of Males circumcised who experienced one or more AE at Outreach - Moderate",2025-08-20 11:21:11.110,
2052,nGkMm2VBT4G,HMIS1053,HMIS 105:04-05 - OPD Monthly Report (HTS & SMC),j6OoVROK9Dx,"105-HT07_2019","105-HT07_2019 Individuals Tested for the first time ever",2025-08-20 11:21:11.110,
2053,nGkMm2VBT4G,HMIS1053,HMIS 105:04-05 - OPD Monthly Report (HTS & SMC),QkHZuYQlRJU,"105-HT01K1_2019","105-HT01k1_2019 Facility testing at Family Planning - Tested for HIV",2025-08-20 11:21:11.110,
2054,nGkMm2VBT4G,HMIS1053,HMIS 105:04-05 - OPD Monthly Report (HTS & SMC),EJEPYpIMPJ1,"105-HT18A1_2019","105-HT18a1_2019 Special Category(Prisoners) - Tested for HIV",2025-08-20 11:21:11.111,
2055,nGkMm2VBT4G,HMIS1053,HMIS 105:04-05 - OPD Monthly Report (HTS & SMC),ErdjiQmllPR,"105-HT09B_2019","105-HT09b_2019 Number of newly diagnosed HIV positive individuals  with a test for recent infection result",2025-08-20 11:21:11.111,
2056,nGkMm2VBT4G,HMIS1053,HMIS 105:04-05 - OPD Monthly Report (HTS & SMC),qEEB2h1gE6W,"105-HT18L3_2019","105-HT18l3_2019 Special Category(Others) - Linked to HIV Care",2025-08-20 11:21:11.111,
2057,nGkMm2VBT4G,HMIS1053,HMIS 105:04-05 - OPD Monthly Report (HTS & SMC),JGmRJAukcnB,"105-SM03C2","105-SM03c2. Number of Males Circumcised who returned for followup visit within 14 days - Outreach",2025-08-20 11:21:11.111,
2058,nGkMm2VBT4G,HMIS1053,HMIS 105:04-05 - OPD Monthly Report (HTS & SMC),A3ClKL4jEmR,"105-HT18K1_2019","105-HT18k1_2019 Special Category(PWD) - Tested for HIV",2025-08-20 11:21:11.111,
2059,nGkMm2VBT4G,HMIS1053,HMIS 105:04-05 - OPD Monthly Report (HTS & SMC),B1ZuDMZvjia,"105-HT05C2","105-HT05c2. Health Facility HIV-Self Test Results - Confirmed using the National algorithm",2025-08-20 11:21:11.111,
2060,nGkMm2VBT4G,HMIS1053,HMIS 105:04-05 - OPD Monthly Report (HTS & SMC),Hd86JRRJIl4,"105-HT01C","105-HT01c. Total No. of Individuals at Health Facility - New HIV Positive Linked to HIV Care",2025-08-20 11:21:11.112,
2061,nGkMm2VBT4G,HMIS1053,HMIS 105:04-05 - OPD Monthly Report (HTS & SMC),fQxnGk7GCWO,"105-HT05B2_2019","105-HT05b2_2019 CICT/VICT at Community - New HIV+",2025-08-20 11:21:11.112,
2062,nGkMm2VBT4G,HMIS1053,HMIS 105:04-05 - OPD Monthly Report (HTS & SMC),zGRSfvFzFUZ,"105-HT18E1_2019","105-HT18e1_2019 Special Category(Truckers) - Tested for HIV",2025-08-20 11:21:11.112,
2063,nGkMm2VBT4G,HMIS1053,HMIS 105:04-05 - OPD Monthly Report (HTS & SMC),Mq6tKpTxmlG,"105-HT05B","105-HT05b. Health Facility HIV-Self Test Results - Returned",2025-08-20 11:21:11.112,
2064,nGkMm2VBT4G,HMIS1053,HMIS 105:04-05 - OPD Monthly Report (HTS & SMC),bEfUpX2HDji,"105-HT18B1_2019","105-HT18b1_2019 Special Category(PWID) - Tested for HIV",2025-08-20 11:21:11.112,
2065,nGkMm2VBT4G,HMIS1053,HMIS 105:04-05 - OPD Monthly Report (HTS & SMC),mPbUQ5nEAJS,"105-HT04B1_2019","105-HT04b1_2019 PITC at Community - Tested for HIV",2025-08-20 11:21:11.112,
2066,nGkMm2VBT4G,HMIS1053,HMIS 105:04-05 - OPD Monthly Report (HTS & SMC),Qhh1yL0Rms9,"105-SM06A","105-SM06a. Clients who received TT - 1st Dose (TT1)",2025-08-20 11:21:11.112,
2067,nGkMm2VBT4G,HMIS1053,HMIS 105:04-05 - OPD Monthly Report (HTS & SMC),aNS4HTvvBdt,"105-HT18B2_2019","105-HT18b2_2019 Special Category(PWID) - New HIV+",2025-08-20 11:21:11.113,
2068,nGkMm2VBT4G,HMIS1053,HMIS 105:04-05 - OPD Monthly Report (HTS & SMC),H12j4dDiwTl,"105-HT02A","105-HT02a. Total No. of Individuals at Community - Tested for HIV",2025-08-20 11:21:11.113,
2069,nGkMm2VBT4G,HMIS1053,HMIS 105:04-05 - OPD Monthly Report (HTS & SMC),nfwdXzbBQ6G,"105-HT18C1_2019","105-HT18c1_2019 Special Category(Uniformed Men) - Tested for HIV",2025-08-20 11:21:11.113,
2070,nGkMm2VBT4G,HMIS1053,HMIS 105:04-05 - OPD Monthly Report (HTS & SMC),lc0JJzstJxL,"105-HT02B","105-HT02b. Total No. of Individuals at Community - New HIV Positive",2025-08-20 11:21:11.113,
2071,nGkMm2VBT4G,HMIS1053,HMIS 105:04-05 - OPD Monthly Report (HTS & SMC),ETF0oyKHeOY,"105-HT01L1_2019","105-HT01l1_2019 Facility testing at SMC - Tested for HIV",2025-08-20 11:21:11.113,
2072,nGkMm2VBT4G,HMIS1053,HMIS 105:04-05 - OPD Monthly Report (HTS & SMC),aplOyNr7F6v,"105-HT02A3_2019","105-HT02a3_2019 Community testing - Workplace - Linked to HIV Care",2025-08-20 11:21:11.113,
2073,nGkMm2VBT4G,HMIS1053,HMIS 105:04-05 - OPD Monthly Report (HTS & SMC),FP8zauFYRAk,"105-HT01J2_2019","105-HT01j2_2019 Facility testing at PNC - New HIV+",2025-08-20 11:21:11.114,
2074,nGkMm2VBT4G,HMIS1053,HMIS 105:04-05 - OPD Monthly Report (HTS & SMC),PKtfgXkmC16,"105-HT01A2_2019","105-HT01a2_2019 Facility testing at IPD - New HIV+",2025-08-20 11:21:11.114,
2075,nGkMm2VBT4G,HMIS1053,HMIS 105:04-05 - OPD Monthly Report (HTS & SMC),fMgS4JDyWVX,"105-HT04A","105-HT04a. No. of Social Contacts (SNS)  - Elicited",2025-08-20 11:21:11.114,
2076,nGkMm2VBT4G,HMIS1053,HMIS 105:04-05 - OPD Monthly Report (HTS & SMC),qpb8pzoWhJo,"105-HT05B1_2019","105-HT05b1_2019 CICT/VICT at Community - Tested for HIV",2025-08-20 11:21:11.114,
2077,nGkMm2VBT4G,HMIS1053,HMIS 105:04-05 - OPD Monthly Report (HTS & SMC),UJh7AsotZjd,"105-HT01B","105-HT01b. Total No. of Individuals at Health Facility - New HIV Positive",2025-08-20 11:21:11.114,
2078,nGkMm2VBT4G,HMIS1053,HMIS 105:04-05 - OPD Monthly Report (HTS & SMC),lkZ8D4YmiGm,"105-HT02C2_2019","105-HT02c2_2019 Community testing - Drop in Center - New HIV+",2025-08-20 11:21:11.114,
2079,nGkMm2VBT4G,HMIS1053,HMIS 105:04-05 - OPD Monthly Report (HTS & SMC),hjeV9pJJD6y,"105-HT01J1_2019","105-HT01j1_2019 Facility testing at PNC - Tested for HIV",2025-08-20 11:21:11.114,
2080,nGkMm2VBT4G,HMIS1053,HMIS 105:04-05 - OPD Monthly Report (HTS & SMC),wijLWeMLi7p,"105-HT19A_2019","105-HT19a_2019 APN Number of Partners elicited",2025-08-20 11:21:11.115,
2081,nGkMm2VBT4G,HMIS1053,HMIS 105:04-05 - OPD Monthly Report (HTS & SMC),L9TJ6VZU68p,"105-HT04A3_2019","105-HT04a3_2019 PITC HIV+ Linked to Care - Health Facility",2025-08-20 11:21:11.115,
2082,nGkMm2VBT4G,HMIS1053,HMIS 105:04-05 - OPD Monthly Report (HTS & SMC),Y3IqHbFqofa,"105-HT01D","105-HT01d. Total No. of Individuals at Health Facility - Tested HIV Negative Referred for HIV Prevention Services",2025-08-20 11:21:11.115,
2083,nGkMm2VBT4G,HMIS1053,HMIS 105:04-05 - OPD Monthly Report (HTS & SMC),yfdODvYf6c5,"105-HT24_2019","105-HT24_2019 HIVST Number of confirmed positive results with the national algorithm",2025-08-20 11:21:11.115,
2084,nGkMm2VBT4G,HMIS1053,HMIS 105:04-05 - OPD Monthly Report (HTS & SMC),EA8SKWhyMDe,"105-HT02D3_2019","105-HT02d3_2019 Community testing  - Hotspots - Linked to HIV Care",2025-08-20 11:21:11.116,
2085,nGkMm2VBT4G,HMIS1053,HMIS 105:04-05 - OPD Monthly Report (HTS & SMC),d47TRuULOxq,"105-HT02D1_2019","105-HT02d1_2019 Community testing - Hotspots - Tested for HIV",2025-08-20 11:21:11.116,
2086,nGkMm2VBT4G,HMIS1053,HMIS 105:04-05 - OPD Monthly Report (HTS & SMC),HngmKmdkgqq,"105-SM03A2","105-SM03a2. Number of Males Circumcised who returned for followup visit within 48 hours - Outreach",2025-08-20 11:21:11.116,
2114,VDhwrW9DiC1,HMIS1054,"HMIS 105:06-09 - OPD Monthly Report (Supplies, Outreaches & Supervision)",nRCsegBzni9,"105-IT02A","105-IT02a. Item Code",2025-08-20 11:21:31.952,
2108,VDhwrW9DiC1,HMIS1054,"HMIS 105:06-09 - OPD Monthly Report (Supplies, Outreaches & Supervision)",TnIngmh7Gew,"105-OH02B","105-OH02b. HCT Outreaches - Conducted",2025-08-20 11:21:31.950,"6.2"
2112,VDhwrW9DiC1,HMIS1054,"HMIS 105:06-09 - OPD Monthly Report (Supplies, Outreaches & Supervision)",K6dOAaPf9SD,"105-OH07A","105-OH07a. School health outreaches - Planned",2025-08-20 11:21:31.951,"6.2"
2110,VDhwrW9DiC1,HMIS1054,"HMIS 105:06-09 - OPD Monthly Report (Supplies, Outreaches & Supervision)",zjH9515Vbvh,"105-MT04A","105-MT04a. Health Unit Management Committee/Hospital Board Meetings - Planned",2025-08-20 11:21:31.951,"6.3"
2117,VDhwrW9DiC1,HMIS1054,"HMIS 105:06-09 - OPD Monthly Report (Supplies, Outreaches & Supervision)",XRuEP3rI2sF,"105-SV01B","105-SV01b. Support Supervision from Ministry of Health - Conducted",2025-08-20 11:21:31.952,"6.4"
2127,VDhwrW9DiC1,HMIS1054,"HMIS 105:06-09 - OPD Monthly Report (Supplies, Outreaches & Supervision)",eqWQ7nVhNqF,"105-IT08B","105-IT08b. Name of Drug Item",2025-08-20 11:21:31.954,
2134,VDhwrW9DiC1,HMIS1054,"HMIS 105:06-09 - OPD Monthly Report (Supplies, Outreaches & Supervision)",CcCeeLAAITz,"105-IT10A","105-IT10a. Item Code",2025-08-20 11:21:31.955,
2138,VDhwrW9DiC1,HMIS1054,"HMIS 105:06-09 - OPD Monthly Report (Supplies, Outreaches & Supervision)",JdlZsob7Wo7,"105-IT06C","105-IT06c. Quantity",2025-08-20 11:21:31.956,
2140,VDhwrW9DiC1,HMIS1054,"HMIS 105:06-09 - OPD Monthly Report (Supplies, Outreaches & Supervision)",QbICJCJP6I3,"105-IT06B","105-IT06b. Name of Drug Item",2025-08-20 11:21:31.956,
2142,VDhwrW9DiC1,HMIS1054,"HMIS 105:06-09 - OPD Monthly Report (Supplies, Outreaches & Supervision)",mB2eqrZBteY,"105-IT04C","105-IT04c. Quantity",2025-08-20 11:21:31.957,
2144,VDhwrW9DiC1,HMIS1054,"HMIS 105:06-09 - OPD Monthly Report (Supplies, Outreaches & Supervision)",Q0uAeOuEzlz,"105-IT01B","105-IT01b. Name of Drug Item",2025-08-20 11:21:31.957,
2128,VDhwrW9DiC1,HMIS1054,"HMIS 105:06-09 - OPD Monthly Report (Supplies, Outreaches & Supervision)",A2Gkqx08p2k,"105-OH08","105-OH08. Total Number of Births registered during outreaches",2025-08-20 11:21:31.954,"6.2"
2151,VDhwrW9DiC1,HMIS1054,"HMIS 105:06-09 - OPD Monthly Report (Supplies, Outreaches & Supervision)",pZnDEUzw77x,"105-OH01A","105-OH01a. EPI Outreaches - Planned",2025-08-20 11:21:31.958,"6.2"
2122,VDhwrW9DiC1,HMIS1054,"HMIS 105:06-09 - OPD Monthly Report (Supplies, Outreaches & Supervision)",WYyj5W53OJ8,"105-MT09B","105-MT09b. Number of new adolescents who accessed adolescent friendly corner for any service - Revist",2025-08-20 11:21:31.953,"6.3"
2148,VDhwrW9DiC1,HMIS1054,"HMIS 105:06-09 - OPD Monthly Report (Supplies, Outreaches & Supervision)",uPOqGjcb0WR,"105-MT02A","105-MT02a. Quality Improvement (QI) Meetings - Planned",2025-08-20 11:21:31.958,"6.3"
2156,VDhwrW9DiC1,HMIS1054,"HMIS 105:06-09 - OPD Monthly Report (Supplies, Outreaches & Supervision)",H2HegEiSjBe,"105-MT08A","105-MT08a. Health Education Sessions at Health Facility - Planned",2025-08-20 11:21:31.959,"6.3"
2147,VDhwrW9DiC1,HMIS1054,"HMIS 105:06-09 - OPD Monthly Report (Supplies, Outreaches & Supervision)",gAKYwUNDere,"105-SV01A","105-SV01a. Support Supervision from Ministry of Health - Planned",2025-08-20 11:21:31.957,"6.4"
2186,VDhwrW9DiC1,HMIS1054,"HMIS 105:06-09 - OPD Monthly Report (Supplies, Outreaches & Supervision)",MZleqGYROgE,"105-IT05B","105-IT05b. Name of Drug Item",2025-08-20 11:21:31.964,
2267,VDhwrW9DiC1,HMIS1054,"HMIS 105:06-09 - OPD Monthly Report (Supplies, Outreaches & Supervision)",thcjJJ8TvBT,"105-IT04B","105-IT04b. Name of Drug Item",2025-08-20 11:21:31.980,
2157,VDhwrW9DiC1,HMIS1054,"HMIS 105:06-09 - OPD Monthly Report (Supplies, Outreaches & Supervision)",WAdw7P2USJV,"105-OH06_2019","105-OH06._2019 Perinatal Deaths Audited",2025-08-20 11:21:31.959,"6.2"
2171,VDhwrW9DiC1,HMIS1054,"HMIS 105:06-09 - OPD Monthly Report (Supplies, Outreaches & Supervision)",VgMYMWMr8rZ,"105-OH05B","105-OH05b. Integrated SRH services outreaches (FP, ANC, PNC, ASRH, ADH, CaCx screening, Fistula screening & reintegration, GBV etc) - Conducted",2025-08-20 11:21:31.961,"6.2"
2192,VDhwrW9DiC1,HMIS1054,"HMIS 105:06-09 - OPD Monthly Report (Supplies, Outreaches & Supervision)",rf7ePm8mjgn,"105-OH06A","105-OH06a. Number of surgical and Treatment camps (e.g, Fistula repair, Gynaecological camps etc) - Planned",2025-08-20 11:21:31.965,"6.2"
2173,VDhwrW9DiC1,HMIS1054,"HMIS 105:06-09 - OPD Monthly Report (Supplies, Outreaches & Supervision)",VsAzfy0YRjE,"105-MT04B","105-MT04b. Health Unit Management Committee/Hospital Board Meetings - Conducted",2025-08-20 11:21:31.962,"6.3"
2177,VDhwrW9DiC1,HMIS1054,"HMIS 105:06-09 - OPD Monthly Report (Supplies, Outreaches & Supervision)",TqRy5V2LvJz,"105-MT03B","105-MT03b. Maternal/ Perinatal Death Reviews/Meetings - Conducted",2025-08-20 11:21:31.962,"6.3"
2170,VDhwrW9DiC1,HMIS1054,"HMIS 105:06-09 - OPD Monthly Report (Supplies, Outreaches & Supervision)",saqKtQUwtPa,"105-SV03B","105-SV03b. Support Supervision from Local Government - Conducted",2025-08-20 11:21:31.961,"6.4"
2193,VDhwrW9DiC1,HMIS1054,"HMIS 105:06-09 - OPD Monthly Report (Supplies, Outreaches & Supervision)",ya33AixP4J0,"105-OH07B","105-OH07b. School health outreaches - Conducted",2025-08-20 11:21:31.966,"6.2"
2206,VDhwrW9DiC1,HMIS1054,"HMIS 105:06-09 - OPD Monthly Report (Supplies, Outreaches & Supervision)",i0VScydgeDq,"105-OH03A","105-OH03a. Environmental Health Visits - Planned",2025-08-20 11:21:31.969,"6.2"
2219,VDhwrW9DiC1,HMIS1054,"HMIS 105:06-09 - OPD Monthly Report (Supplies, Outreaches & Supervision)",DkkPpzo3Lkr,"105-OH10B","105-OH10b. Other Outreaches - Conducted",2025-08-20 11:21:31.971,"6.2"
2223,VDhwrW9DiC1,HMIS1054,"HMIS 105:06-09 - OPD Monthly Report (Supplies, Outreaches & Supervision)",QWAJu1S9LCi,"105-OH03B","105-OH03b. Environmental Health Visits - Conducted",2025-08-20 11:21:31.972,"6.2"
2227,VDhwrW9DiC1,HMIS1054,"HMIS 105:06-09 - OPD Monthly Report (Supplies, Outreaches & Supervision)",sEA3HXcukEu,"105-OH04B","105-OH04b. Health Education/Promotion Outreaches - Conducted",2025-08-20 11:21:31.973,"6.2"
2194,VDhwrW9DiC1,HMIS1054,"HMIS 105:06-09 - OPD Monthly Report (Supplies, Outreaches & Supervision)",jUSTWmbSjBP,"105-MT03A","105-MT03a. Maternal/ Perinatal Death Reviews/Meetings - Planned",2025-08-20 11:21:31.966,"6.3"
2195,VDhwrW9DiC1,HMIS1054,"HMIS 105:06-09 - OPD Monthly Report (Supplies, Outreaches & Supervision)",dEfPqAAT7fk,"105-SV04B","105-SV04b. Support Supervision from Health Sub-District (HSD) - Conducted",2025-08-20 11:21:31.967,"6.4"
2233,VDhwrW9DiC1,HMIS1054,"HMIS 105:06-09 - OPD Monthly Report (Supplies, Outreaches & Supervision)",tJL6XavHm3g,"105-IT07C","105-IT07c. Quantity",2025-08-20 11:21:31.974,
2236,VDhwrW9DiC1,HMIS1054,"HMIS 105:06-09 - OPD Monthly Report (Supplies, Outreaches & Supervision)",pw7q5xh8mvH,"105-IT05C","105-IT05c. Quantity",2025-08-20 11:21:31.974,
2240,VDhwrW9DiC1,HMIS1054,"HMIS 105:06-09 - OPD Monthly Report (Supplies, Outreaches & Supervision)",skKVxc4Ua0N,"105-IT05A","105-IT05a. Item Code",2025-08-20 11:21:31.975,
2242,VDhwrW9DiC1,HMIS1054,"HMIS 105:06-09 - OPD Monthly Report (Supplies, Outreaches & Supervision)",zx970xxRI0W,"105-IT09A","105-IT09a. Item Code",2025-08-20 11:21:31.976,
2243,VDhwrW9DiC1,HMIS1054,"HMIS 105:06-09 - OPD Monthly Report (Supplies, Outreaches & Supervision)",D7qhmELZzJJ,"105-IT03A","105-IT03a. Item Code",2025-08-20 11:21:31.976,
2251,VDhwrW9DiC1,HMIS1054,"HMIS 105:06-09 - OPD Monthly Report (Supplies, Outreaches & Supervision)",gFtNfq4MSzq,"105-IT10C","105-IT10c. Quantity",2025-08-20 11:21:31.977,
2265,VDhwrW9DiC1,HMIS1054,"HMIS 105:06-09 - OPD Monthly Report (Supplies, Outreaches & Supervision)",kLr2nSAWSof,"105-IT06A","105-IT06a. Item Code",2025-08-20 11:21:31.980,
2428,quMWqLxzcfO,HMIS1055,HMIS 105:10 - OPD Monthly Report (Lab),hN03FGXoMvP,"105-IH06B","105-IH06.b CD20 - Positive",2025-08-20 11:21:49.420,
2230,VDhwrW9DiC1,HMIS1054,"HMIS 105:06-09 - OPD Monthly Report (Supplies, Outreaches & Supervision)",O6mFJAhyVHP,"105-OH06B","105-OH06b. Number of surgical and Treatment camps (e.g, Fistula repair, Gynaecological camps etc) - Conducted",2025-08-20 11:21:31.973,"6.2"
2254,VDhwrW9DiC1,HMIS1054,"HMIS 105:06-09 - OPD Monthly Report (Supplies, Outreaches & Supervision)",nJB8yFHWwoi,"105-OH02A","105-OH02a. HCT Outreaches - Planned",2025-08-20 11:21:31.978,"6.2"
2231,VDhwrW9DiC1,HMIS1054,"HMIS 105:06-09 - OPD Monthly Report (Supplies, Outreaches & Supervision)",xq7foClqyZ9,"105-MT08B","105-MT08b. Health Education Sessions at Health Facility - Conducted",2025-08-20 11:21:31.973,"6.3"
2232,VDhwrW9DiC1,HMIS1054,"HMIS 105:06-09 - OPD Monthly Report (Supplies, Outreaches & Supervision)",iwAfFcLYoWM,"105-MT01A","105-MT01a. General Staff Meetings - Planned",2025-08-20 11:21:31.973,"6.3"
2244,VDhwrW9DiC1,HMIS1054,"HMIS 105:06-09 - OPD Monthly Report (Supplies, Outreaches & Supervision)",zg30Is2s7Hb,"105-MT06B","105-MT06b. IPC Meetings held as scheduled - Number Conducted",2025-08-20 11:21:31.976,"6.3"
2260,VDhwrW9DiC1,HMIS1054,"HMIS 105:06-09 - OPD Monthly Report (Supplies, Outreaches & Supervision)",IMhJKMtkOfW,"105-MT06A","105-MT06a. IPC Meetings held as scheduled - Number Planned",2025-08-20 11:21:31.979,"6.3"
2266,VDhwrW9DiC1,HMIS1054,"HMIS 105:06-09 - OPD Monthly Report (Supplies, Outreaches & Supervision)",pWIj3E7teST,"105-MT01B","105-MT01b. General Staff Meetings - Conducted",2025-08-20 11:21:31.980,"6.3"
2272,VDhwrW9DiC1,HMIS1054,"HMIS 105:06-09 - OPD Monthly Report (Supplies, Outreaches & Supervision)",TFlGBjnCts0,"105-IT08C","105-IT08c. Quantity",2025-08-20 11:21:31.981,
2283,VDhwrW9DiC1,HMIS1054,"HMIS 105:06-09 - OPD Monthly Report (Supplies, Outreaches & Supervision)",eeqnLLL8OIH,"105-IT07B","105-IT07b. Name of Drug Item",2025-08-20 11:21:31.983,
2290,VDhwrW9DiC1,HMIS1054,"HMIS 105:06-09 - OPD Monthly Report (Supplies, Outreaches & Supervision)",WMN7dFv3JKa,"105-IT03B","105-IT03b. Name of Drug Item",2025-08-20 11:21:31.984,
2292,VDhwrW9DiC1,HMIS1054,"HMIS 105:06-09 - OPD Monthly Report (Supplies, Outreaches & Supervision)",yzCaqDLPoD6,"105-IT01C","105-IT01c. Quantity",2025-08-20 11:21:31.985,
2298,VDhwrW9DiC1,HMIS1054,"HMIS 105:06-09 - OPD Monthly Report (Supplies, Outreaches & Supervision)",aglyT588XSJ,x105-MT07B,"105-MT07b. Other Meetings - Conducted",2025-08-20 11:21:31.986,"6.3"
2269,VDhwrW9DiC1,HMIS1054,"HMIS 105:06-09 - OPD Monthly Report (Supplies, Outreaches & Supervision)",bFcz5xJK4M5,"105-SV05A","105-SV05a. Other Support Supervisions - Planned",2025-08-20 11:21:31.981,"6.4"
2275,VDhwrW9DiC1,HMIS1054,"HMIS 105:06-09 - OPD Monthly Report (Supplies, Outreaches & Supervision)",oMdDdQYFfDM,"105-SV02A","105-SV02a. Support Supervision from Regional Teams - Planned",2025-08-20 11:21:31.982,"6.4"
2429,quMWqLxzcfO,HMIS1055,HMIS 105:10 - OPD Monthly Report (Lab),BhJKRTRxKeA,"105-CS08 ","105-CS08 Other swabs - Done",2025-08-20 11:21:49.476,"10.2"
2310,VDhwrW9DiC1,HMIS1054,"HMIS 105:06-09 - OPD Monthly Report (Supplies, Outreaches & Supervision)",UVUitjdSNJN,"105-IT04A","105-IT04a. Item Code",2025-08-20 11:21:31.988,
2338,VDhwrW9DiC1,HMIS1054,"HMIS 105:06-09 - OPD Monthly Report (Supplies, Outreaches & Supervision)",Rq7Pd7B9woE,"105-OH04A","105-OH04a. Health Education/Promotion Outreaches - Planned",2025-08-20 11:21:31.992,"6.2"
2315,VDhwrW9DiC1,HMIS1054,"HMIS 105:06-09 - OPD Monthly Report (Supplies, Outreaches & Supervision)",GCpPsNwbXYQ,"105-SV07","105-SV07. Number of new adolescents who accessed adolescent friendly corner for any service",2025-08-20 11:21:31.988,"6.4"
2329,VDhwrW9DiC1,HMIS1054,"HMIS 105:06-09 - OPD Monthly Report (Supplies, Outreaches & Supervision)",XOkR5Z17kOf,"105-SV05B","105-SV05b. Other Support Supervisions - Conducted",2025-08-20 11:21:31.991,"6.4"
2344,VDhwrW9DiC1,HMIS1054,"HMIS 105:06-09 - OPD Monthly Report (Supplies, Outreaches & Supervision)",FHakM0UH3RF,"105-IT09B","105-IT09b. Name of Drug Item",2025-08-20 11:21:31.993,
2353,VDhwrW9DiC1,HMIS1054,"HMIS 105:06-09 - OPD Monthly Report (Supplies, Outreaches & Supervision)",kT83oQMyD2y,"105-IT07A","105-IT07a. Item Code",2025-08-20 11:21:31.994,
2369,VDhwrW9DiC1,HMIS1054,"HMIS 105:06-09 - OPD Monthly Report (Supplies, Outreaches & Supervision)",zrL0OqBkKXe,"105-IT02B","105-IT02b. Name of Drug Item",2025-08-20 11:21:31.998,
2355,VDhwrW9DiC1,HMIS1054,"HMIS 105:06-09 - OPD Monthly Report (Supplies, Outreaches & Supervision)",iIa2ng6bQXP,"105-OH09A","105-OH09a. Outreach Rehabilitation programs uptake (sessions) - Number Planned",2025-08-20 11:21:31.995,"6.2"
2364,VDhwrW9DiC1,HMIS1054,"HMIS 105:06-09 - OPD Monthly Report (Supplies, Outreaches & Supervision)",kM3tw3TIyJh,"105-OH09B","105-OH09b. Outreach Rehabilitation programs uptake (sessions) - Number Conducted",2025-08-20 11:21:31.997,"6.2"
2363,VDhwrW9DiC1,HMIS1054,"HMIS 105:06-09 - OPD Monthly Report (Supplies, Outreaches & Supervision)",OYsFufxF7zF,"105-MT05A","105-MT05a. Community Accountability and client feedback review meetings ( Eg. Balazas, Community meetings, community feedback meetings etc) - Planned",2025-08-20 11:21:31.997,"6.3"
2365,VDhwrW9DiC1,HMIS1054,"HMIS 105:06-09 - OPD Monthly Report (Supplies, Outreaches & Supervision)",bGyl6T5klnC,"105-MT07A","105-MT07a. Other Meetings - Planned",2025-08-20 11:21:31.997,"6.3"
2359,VDhwrW9DiC1,HMIS1054,"HMIS 105:06-09 - OPD Monthly Report (Supplies, Outreaches & Supervision)",BoBjUo2QwRv,"105-SV03A","105-SV03a. Support Supervision from Local Government - Planned",2025-08-20 11:21:31.996,"6.4"
2372,VDhwrW9DiC1,HMIS1054,"HMIS 105:06-09 - OPD Monthly Report (Supplies, Outreaches & Supervision)",LpqlQsIy2uN,"105-SV02B","105-SV02b. Support Supervision from Regional Teams - Conducted",2025-08-20 11:21:31.998,"6.4"
2430,quMWqLxzcfO,HMIS1055,HMIS 105:10 - OPD Monthly Report (Lab),mIJFz3kAhAw,"105-SR01B","105-SR01b. VDRL/ RPR - Positive",2025-08-20 11:21:49.478,"10.2"
2400,VDhwrW9DiC1,HMIS1054,"HMIS 105:06-09 - OPD Monthly Report (Supplies, Outreaches & Supervision)",ddfTD8820j7,"105-IT08A","105-IT08a. Item Code",2025-08-20 11:21:32.004,
2405,VDhwrW9DiC1,HMIS1054,"HMIS 105:06-09 - OPD Monthly Report (Supplies, Outreaches & Supervision)",kNQwPF6pu0F,"105-IT03C","105-IT03c. Quantity",2025-08-20 11:21:32.005,
2409,VDhwrW9DiC1,HMIS1054,"HMIS 105:06-09 - OPD Monthly Report (Supplies, Outreaches & Supervision)",cqxSV0eafvh,"105-IT09C","105-IT09c. Quantity",2025-08-20 11:21:32.006,
2398,VDhwrW9DiC1,HMIS1054,"HMIS 105:06-09 - OPD Monthly Report (Supplies, Outreaches & Supervision)",u5LhqWyVWLL,"105-OH01B","105-OH01b. EPI Outreaches - Conducted",2025-08-20 11:21:32.004,"6.2"
2410,VDhwrW9DiC1,HMIS1054,"HMIS 105:06-09 - OPD Monthly Report (Supplies, Outreaches & Supervision)",barYGUPVWqP,"105-OH05A","105-OH05a. Integrated SRH services outreaches (FP, ANC, PNC, ASRH, ADH, CaCx screening, Fistula screening & reintegration, GBV etc) - Planned",2025-08-20 11:21:32.006,"6.2"
2387,VDhwrW9DiC1,HMIS1054,"HMIS 105:06-09 - OPD Monthly Report (Supplies, Outreaches & Supervision)",nRDxhrmVXZk,"105-MT02B","105-MT02b. Quality Improvement (QI) Meetings - Conducted",2025-08-20 11:21:32.001,"6.3"
2394,VDhwrW9DiC1,HMIS1054,"HMIS 105:06-09 - OPD Monthly Report (Supplies, Outreaches & Supervision)",Wac3TCRl5KX,"105-MT09A","105-MT09a. Number of new adolescents who accessed adolescent friendly corner for any service",2025-08-20 11:21:32.003,"6.3"
2392,VDhwrW9DiC1,HMIS1054,"HMIS 105:06-09 - OPD Monthly Report (Supplies, Outreaches & Supervision)",ZTrq0c8vMV1,"105-SV04A","105-SV04a. Support Supervision from Health Sub-District (HSD) - Planned",2025-08-20 11:21:32.003,"6.4"
2413,VDhwrW9DiC1,HMIS1054,"HMIS 105:06-09 - OPD Monthly Report (Supplies, Outreaches & Supervision)",Ca2kYgpIND0,"105-SS41D_2019","105-SS41d_2019. Cardiac Aspirin 75/80 mg - Quantity Expired",2025-08-20 11:21:32.007,"6.1"
2414,VDhwrW9DiC1,HMIS1054,"HMIS 105:06-09 - OPD Monthly Report (Supplies, Outreaches & Supervision)",rHhScmlbCBl,"105-SS45c","105-SS45c. Abacavir/Lamivudine/Dolutegravir (ABC/3TC/DTG) 60/30/5mg-Stock on Hand",2025-08-20 11:21:32.007,"6.1"
2415,VDhwrW9DiC1,HMIS1054,"HMIS 105:06-09 - OPD Monthly Report (Supplies, Outreaches & Supervision)",wIp7Gr1lf7S,"105-SS07A","105-SS07a. Oral Liquid Morphine 5ml/ml - Quantity consumed",2025-08-20 11:21:32.008,"6.1"
2416,VDhwrW9DiC1,HMIS1054,"HMIS 105:06-09 - OPD Monthly Report (Supplies, Outreaches & Supervision)",QfoK6gO7Ywl,"105-SS38A","105-SS38a. SD Bioline test-Tie Breaker - Quantity consumed",2025-08-20 11:21:32.008,"6.1"
2418,VDhwrW9DiC1,HMIS1054,"HMIS 105:06-09 - OPD Monthly Report (Supplies, Outreaches & Supervision)",iOTbX00MJh8,"105-SS06D_2019","105-SS06d._2019 Measles Vaccine - Quantity Expired",2025-08-20 11:21:32.009,"6.1"
2419,VDhwrW9DiC1,HMIS1054,"HMIS 105:06-09 - OPD Monthly Report (Supplies, Outreaches & Supervision)",Y2rG87X018G,"105-SS41A","105-SS41a HIV/Syphilis Duo Kit-Quantity Consumed",2025-08-20 11:21:32.009,"6.1"
2420,VDhwrW9DiC1,HMIS1054,"HMIS 105:06-09 - OPD Monthly Report (Supplies, Outreaches & Supervision)",U103VVvl2Km,"105-SS16c","105-SS16c. Ferrous sulphate + Folic Acid-Stock on Hand",2025-08-20 11:21:32.009,"6.1"
2423,VDhwrW9DiC1,HMIS1054,"HMIS 105:06-09 - OPD Monthly Report (Supplies, Outreaches & Supervision)",ehChjZ8P1UV,"105-SS16c_2019","105-SS16c._2019 Tenofovir/Lamivudine/Efavirenz (TDF/3TC/EFV) 300mg/300mg/ 600mg - Stock on hand",2025-08-20 11:21:32.010,"6.1"
2424,VDhwrW9DiC1,HMIS1054,"HMIS 105:06-09 - OPD Monthly Report (Supplies, Outreaches & Supervision)",QIy53MYZZHq,"105-SS11C","105-SS11c. Captopril 25mg tablet - Stock on hand",2025-08-20 11:21:32.010,"6.1"
2425,VDhwrW9DiC1,HMIS1054,"HMIS 105:06-09 - OPD Monthly Report (Supplies, Outreaches & Supervision)",aQQTm1SMRBV,"105-SS36b_2019","105-SS36b._2019 Nifedipine tablets 20mg tablet - Days out of stock",2025-08-20 11:21:32.010,"6.1"
2426,VDhwrW9DiC1,HMIS1054,"HMIS 105:06-09 - OPD Monthly Report (Supplies, Outreaches & Supervision)",obVq19l5zqm,"105-SS23d_2019","105-SS23d._2019 Lopinavir40mg/ritonavir 10mg pellets in capsules - Quantity Expired",2025-08-20 11:21:32.011,"6.1"
2427,VDhwrW9DiC1,HMIS1054,"HMIS 105:06-09 - OPD Monthly Report (Supplies, Outreaches & Supervision)",XIIggi79snv,"105-SS13b","105-SS13b. Glimepiride 2mg-Days out of stock",2025-08-20 11:21:32.011,"6.1"
2417,VDhwrW9DiC1,HMIS1054,"HMIS 105:06-09 - OPD Monthly Report (Supplies, Outreaches & Supervision)",REfQRgPQDhT,"105-OH10A","105-OH10a. Other Outreaches - Planned",2025-08-20 11:21:32.008,"6.2"
2422,VDhwrW9DiC1,HMIS1054,"HMIS 105:06-09 - OPD Monthly Report (Supplies, Outreaches & Supervision)",qCXtnqhwKak,"105-OH05_2019","105-OH05._2019 Maternal Deaths Audited/Reviewed ( community Verbal autopsy)",2025-08-20 11:21:32.010,"6.2"
2421,VDhwrW9DiC1,HMIS1054,"HMIS 105:06-09 - OPD Monthly Report (Supplies, Outreaches & Supervision)",tVtgztlpFnS,"105-MT05B","105-MT05b. Community Accountability and client feedback review meetings ( Eg. Balazas, Community meetings, community feedback meetings etc) - Conducted",2025-08-20 11:21:32.009,"6.3"
2431,quMWqLxzcfO,HMIS1055,HMIS 105:10 - OPD Monthly Report (Lab),oQaSsMm7fqW,"105-IH29.","105-IH29.a Progesterone Receptor (PR) - Done",2025-08-20 11:21:49.478,
2432,quMWqLxzcfO,HMIS1055,HMIS 105:10 - OPD Monthly Report (Lab),sbA8zvsMWlv,"105-NP11","105-NP11. Ciprofloxacin",2025-08-20 11:21:49.479,
2433,quMWqLxzcfO,HMIS1055,HMIS 105:10 - OPD Monthly Report (Lab),Ts4EfBkJa8V,"105-HP05A","105-HP05a. Oraquick (Self Testing) - Inconclusive Results",2025-08-20 11:21:49.479,
2434,quMWqLxzcfO,HMIS1055,HMIS 105:10 - OPD Monthly Report (Lab),U3PMfuxLkg1,"105-VS31A","105-VS31a. Tissue parasites - Samples Referred",2025-08-20 11:21:49.479,
2435,quMWqLxzcfO,HMIS1055,HMIS 105:10 - OPD Monthly Report (Lab),qOIzKee6FfH,"105-NP01","105-NP01. Number of Isolates",2025-08-20 11:21:49.480,
2468,quMWqLxzcfO,HMIS1055,HMIS 105:10 - OPD Monthly Report (Lab),w2SEZRMUtUn,"105-RP02_2019","105-RP02._2019 Calcium - Done",2025-08-20 11:21:49.487,"10.2"
2439,quMWqLxzcfO,HMIS1055,HMIS 105:10 - OPD Monthly Report (Lab),SJfBwddlfhu,"105-HG15.","105-HG15. Others",2025-08-20 11:21:49.481,
2440,quMWqLxzcfO,HMIS1055,HMIS 105:10 - OPD Monthly Report (Lab),ro2teNSPV6w,"105-VS20A","105-VS20a. Cholera - Samples Referred",2025-08-20 11:21:49.481,
2441,quMWqLxzcfO,HMIS1055,HMIS 105:10 - OPD Monthly Report (Lab),K66vr4DBIfd,"105-VS23A","105-VS23a. Meningitis - Samples Referred",2025-08-20 11:21:49.481,
2442,quMWqLxzcfO,HMIS1055,HMIS 105:10 - OPD Monthly Report (Lab),UlJGkeEmV4S,"105-RS03","105-RS03. Specimen without lab request form",2025-08-20 11:21:49.481,
2443,quMWqLxzcfO,HMIS1055,HMIS 105:10 - OPD Monthly Report (Lab),XS1bYU18lAJ,"105-IH16.","105-IH16.a cytokeratin - Done",2025-08-20 11:21:49.482,
2446,quMWqLxzcfO,HMIS1055,HMIS 105:10 - OPD Monthly Report (Lab),DrDkm16Ya0B,"105-SP09B","105-SP09.b ZN stain - Positive",2025-08-20 11:21:49.483,
2448,quMWqLxzcfO,HMIS1055,HMIS 105:10 - OPD Monthly Report (Lab),SZWS1sFbFdq,"105-IH04.","105-IH04.a CD 138 - Done",2025-08-20 11:21:49.484,
2449,quMWqLxzcfO,HMIS1055,HMIS 105:10 - OPD Monthly Report (Lab),zIrQ6UeidNG,"105-IH25.","105-IH25.a HER-2 - Done",2025-08-20 11:21:49.484,
2456,quMWqLxzcfO,HMIS1055,HMIS 105:10 - OPD Monthly Report (Lab),U0HoNLueK9m,"105-CX11","105-CX11. Others - Done",2025-08-20 11:21:49.485,"10.2"
2480,quMWqLxzcfO,HMIS1055,HMIS 105:10 - OPD Monthly Report (Lab),zyMJoyTBAPg,"105-LR01","105-LR01. Triglycerides- Done",2025-08-20 11:21:49.489,"10.2"
2452,quMWqLxzcfO,HMIS1055,HMIS 105:10 - OPD Monthly Report (Lab),Y311j0z9uy7,"105-CS06 ","105-CS06 CSF - Done",2025-08-20 11:21:49.484,"10.2"
2455,quMWqLxzcfO,HMIS1055,HMIS 105:10 - OPD Monthly Report (Lab),tvi3xHN1zsJ,"105-EX03.","105-EX03. Exfoliative cytology - Benign",2025-08-20 11:21:49.485,
2476,quMWqLxzcfO,HMIS1055,HMIS 105:10 - OPD Monthly Report (Lab),F9yAAAMOFIW,"105-CS09 ","105-CS09 Others - Done",2025-08-20 11:21:49.489,"10.2"
2458,quMWqLxzcfO,HMIS1055,HMIS 105:10 - OPD Monthly Report (Lab),ASdJwmuvKPO,"105-VS03A","105-VS03a. CD4 - Samples Referred",2025-08-20 11:21:49.486,
2460,quMWqLxzcfO,HMIS1055,HMIS 105:10 - OPD Monthly Report (Lab),Lu8Wj3NJNCj,"105-EX02.","105-EX02. Exfoliative cytology - Negative for malignancy",2025-08-20 11:21:49.486,
2461,quMWqLxzcfO,HMIS1055,HMIS 105:10 - OPD Monthly Report (Lab),oCig5lw6NFd,"105-TP02.","105-TP02. T4- Done",2025-08-20 11:21:49.486,
2462,quMWqLxzcfO,HMIS1055,HMIS 105:10 - OPD Monthly Report (Lab),FgIwttGZG84,"105-NP16","105-NP16. Meropenem",2025-08-20 11:21:49.486,
2463,quMWqLxzcfO,HMIS1055,HMIS 105:10 - OPD Monthly Report (Lab),QqIkh4bVRpw,"105-VS30C","105-VS30c. Intestinal parasites - Pending Results/Feedback",2025-08-20 11:21:49.486,
2466,quMWqLxzcfO,HMIS1055,HMIS 105:10 - OPD Monthly Report (Lab),KUE8EY5vdvC,"105-FI02.","105-FI02. Fluorescence in situ hybridization (FISH) - Negative",2025-08-20 11:21:49.487,
2467,quMWqLxzcfO,HMIS1055,HMIS 105:10 - OPD Monthly Report (Lab),uk1ygS4ih90,"105-VS08A","105-VS08a. TB Genexpert - Samples Referred",2025-08-20 11:21:49.487,
2469,quMWqLxzcfO,HMIS1055,HMIS 105:10 - OPD Monthly Report (Lab),ldTrNYjbnPM,"105-IH22.","105-IH22.a Estrogen Receptor (ER) - Done",2025-08-20 11:21:49.487,
2470,quMWqLxzcfO,HMIS1055,HMIS 105:10 - OPD Monthly Report (Lab),tvOutAcRbNB,"105-VS15a","105-VS15a. Cytology, - Samples Referred",2025-08-20 11:21:49.488,
2471,quMWqLxzcfO,HMIS1055,HMIS 105:10 - OPD Monthly Report (Lab),Kcc1UqcREfX,"105-IC01.","105-IC01. Immunocytochemistry ICC - Positive",2025-08-20 11:21:49.488,
2472,quMWqLxzcfO,HMIS1055,HMIS 105:10 - OPD Monthly Report (Lab),FKsdBDFpAuu,"105-HP04","105-HP04. HIV Syphilis DUO",2025-08-20 11:21:49.488,
2473,quMWqLxzcfO,HMIS1055,HMIS 105:10 - OPD Monthly Report (Lab),z11eXUduMTj,"105-VS17a","105-VS17a. Yellow fever - Samples Referred",2025-08-20 11:21:49.488,
2474,quMWqLxzcfO,HMIS1055,HMIS 105:10 - OPD Monthly Report (Lab),n4jHjVzHDpL,"105-SP05.","105-SP05.a Manson Trichrome stain - Done",2025-08-20 11:21:49.488,
2475,quMWqLxzcfO,HMIS1055,HMIS 105:10 - OPD Monthly Report (Lab),dXRwLsPJbzE,"105-NP19","105-NP19. Vancomycin",2025-08-20 11:21:49.488,
2477,quMWqLxzcfO,HMIS1055,HMIS 105:10 - OPD Monthly Report (Lab),DC0x3PfbDCB,"105-RT07","105-RT07. Routine tests that could not be conducted at facility - Serology",2025-08-20 11:21:49.489,
2478,quMWqLxzcfO,HMIS1055,HMIS 105:10 - OPD Monthly Report (Lab),JhpEqt6FvBn,"105-NP04","105-NP04. Amikacin",2025-08-20 11:21:49.489,
2479,quMWqLxzcfO,HMIS1055,HMIS 105:10 - OPD Monthly Report (Lab),L8SIaXr7Atz,"105-IH16B","105-IH16.b cytokeratin - Positive",2025-08-20 11:21:49.489,
2481,quMWqLxzcfO,HMIS1055,HMIS 105:10 - OPD Monthly Report (Lab),QvgZSManeJs,"105-NP23","105-NP23. Erythromycin",2025-08-20 11:21:49.489,
2437,quMWqLxzcfO,HMIS1055,HMIS 105:10 - OPD Monthly Report (Lab),oLHkxHBpunK,"105-SR03A","105-SR03a. Shigella Dysentery - Done",2025-08-20 11:21:49.480,"10.2"
2465,quMWqLxzcfO,HMIS1055,HMIS 105:10 - OPD Monthly Report (Lab),jd8YHK81EYe,"105-MS03","105-MS03. Cryptosporidium - Positive",2025-08-20 11:21:49.487,"10.2"
2436,quMWqLxzcfO,HMIS1055,HMIS 105:10 - OPD Monthly Report (Lab),PHzHQU8XPae,"105-MB12B","105-MB12b. Others - Positive",2025-08-20 11:21:49.480,"10.2"
2444,quMWqLxzcfO,HMIS1055,HMIS 105:10 - OPD Monthly Report (Lab),d9f2PISTS6A,"105-IG03A","105-IG03a. CRP - Number Done",2025-08-20 11:21:49.482,"10.2"
2459,quMWqLxzcfO,HMIS1055,HMIS 105:10 - OPD Monthly Report (Lab),uPzFvnylwxF,"105-IG01","105-IG01. CD4 test - Done",2025-08-20 11:21:49.486,"10.2"
2447,quMWqLxzcfO,HMIS1055,HMIS 105:10 - OPD Monthly Report (Lab),JfOGWtiSj1J,"105-PS02A","105-PS02a. Malaria RDTs - Done",2025-08-20 11:21:49.483,"10.2"
2445,quMWqLxzcfO,HMIS1055,HMIS 105:10 - OPD Monthly Report (Lab),qwwGSP1B5QN,"105-MB11a","105-MB11a. Skin Smear - Done",2025-08-20 11:21:49.483,"10.2"
2454,quMWqLxzcfO,HMIS1055,HMIS 105:10 - OPD Monthly Report (Lab),XfUP592funq,"105-MB08a","105-MB08a. Urine Glucose- Done",2025-08-20 11:21:49.485,"10.2"
2483,quMWqLxzcfO,HMIS1055,HMIS 105:10 - OPD Monthly Report (Lab),nAPg66rGeOq,"05-VS09C","105-VS09c. DST for Multi Drug Resistance TB (MDR TB) - Pending Results/Feedback",2025-08-20 11:21:49.490,
2485,quMWqLxzcfO,HMIS1055,HMIS 105:10 - OPD Monthly Report (Lab),uEqTLSvaBFd,"105-NP18","105-NP18. Penicillin G",2025-08-20 11:21:49.491,
2500,quMWqLxzcfO,HMIS1055,HMIS 105:10 - OPD Monthly Report (Lab),tqarc2TinGp,"105-CX05","105-CX05. Lipase - Done",2025-08-20 11:21:49.493,"10.2"
2487,quMWqLxzcfO,HMIS1055,HMIS 105:10 - OPD Monthly Report (Lab),IsyCbSx82Tl,"105-GC01.","105-GC01. No. of cases seen - Unsatisfactory",2025-08-20 11:21:49.491,
2488,quMWqLxzcfO,HMIS1055,HMIS 105:10 - OPD Monthly Report (Lab),OMRChJ7e41s,"105-IH28.","105-IH28.a P53(D0-7) - Done",2025-08-20 11:21:49.491,
2491,quMWqLxzcfO,HMIS1055,HMIS 105:10 - OPD Monthly Report (Lab),QJdfRaRkF3t,"105-GC06.","105-GC06. No. of cases seen - HGSIL",2025-08-20 11:21:49.492,
2492,quMWqLxzcfO,HMIS1055,HMIS 105:10 - OPD Monthly Report (Lab),KcPVbxLwIoD,"105-SP09.","105-SP09.a ZN stain - Done",2025-08-20 11:21:49.492,
2493,quMWqLxzcfO,HMIS1055,HMIS 105:10 - OPD Monthly Report (Lab),YHvInhasswm,"105-VS13c","105-VS13c. HIV MDR, - Pending Results/Feedback",2025-08-20 11:21:49.492,
2494,quMWqLxzcfO,HMIS1055,HMIS 105:10 - OPD Monthly Report (Lab),adziW8wj1ke,"105-NP28","105-NP28. Tetracycline",2025-08-20 11:21:49.492,
2495,quMWqLxzcfO,HMIS1055,HMIS 105:10 - OPD Monthly Report (Lab),yCFhLSgtm2V,"105-HP03A","105-HP03a. SD Bioline - Inconclusive Results",2025-08-20 11:21:49.492,
2496,quMWqLxzcfO,HMIS1055,HMIS 105:10 - OPD Monthly Report (Lab),vdHETmue6yA,"105-LV01_2019","105-LV01_2019. Total Number of Laboratory client visits",2025-08-20 11:21:49.492,
2510,quMWqLxzcfO,HMIS1055,HMIS 105:10 - OPD Monthly Report (Lab),DORqImfxgss,"105-CX10.","105-CX10. CRP - Done",2025-08-20 11:21:49.495,"10.2"
2498,quMWqLxzcfO,HMIS1055,HMIS 105:10 - OPD Monthly Report (Lab),SWGZmBEEhT6,"105-NP22","105-NP22. Clindamycin",2025-08-20 11:21:49.493,
2499,quMWqLxzcfO,HMIS1055,HMIS 105:10 - OPD Monthly Report (Lab),P5EYSu03Omh,"105-IH09.","105-IH09.a CD30 - Done",2025-08-20 11:21:49.493,
2501,quMWqLxzcfO,HMIS1055,HMIS 105:10 - OPD Monthly Report (Lab),i1JhlTG7CCt,"105-SP01B","105-SP01.b PAS - Positive",2025-08-20 11:21:49.493,
2502,quMWqLxzcfO,HMIS1055,HMIS 105:10 - OPD Monthly Report (Lab),awIGUZcH260,"105-IH11B","105-IH11.b CD34 - Positive",2025-08-20 11:21:49.493,
2503,quMWqLxzcfO,HMIS1055,HMIS 105:10 - OPD Monthly Report (Lab),TU4hCLREQB2,"105-TP01.","105-TP01. T3- Done",2025-08-20 11:21:49.494,
2504,quMWqLxzcfO,HMIS1055,HMIS 105:10 - OPD Monthly Report (Lab),tsSGKmerVFd,"105-NP12","105-NP12. Colistin",2025-08-20 11:21:49.494,
2505,quMWqLxzcfO,HMIS1055,HMIS 105:10 - OPD Monthly Report (Lab),HYgmHZAlikA,"105-NP26","105-NP26. Piperacillin",2025-08-20 11:21:49.494,
2506,quMWqLxzcfO,HMIS1055,HMIS 105:10 - OPD Monthly Report (Lab),zlWsJ2uBkTC,"105-FN01.","105-FN01. Fine needle aspiration cytology - Unsatisfactory",2025-08-20 11:21:49.494,
2507,quMWqLxzcfO,HMIS1055,HMIS 105:10 - OPD Monthly Report (Lab),hRQzWP9Vf2I,"105-GC09.","105-GC09. No. of cases seen - AIS",2025-08-20 11:21:49.494,
2508,quMWqLxzcfO,HMIS1055,HMIS 105:10 - OPD Monthly Report (Lab),TktYuDljQeZ,"105-GC03.","105-GC03. No. of cases seen - ASCUS",2025-08-20 11:21:49.494,
2509,quMWqLxzcfO,HMIS1055,HMIS 105:10 - OPD Monthly Report (Lab),iwAfFcLYoWM,"105-MT01A","105-MT01a. General Staff Meetings - Planned",2025-08-20 11:21:49.495,
2484,quMWqLxzcfO,HMIS1055,HMIS 105:10 - OPD Monthly Report (Lab),uhto05XLPSr,"105-PP05","105-PP05 Magnessium - Done",2025-08-20 11:21:49.490,"10.2"
2514,quMWqLxzcfO,HMIS1055,HMIS 105:10 - OPD Monthly Report (Lab),EOBdlb6pkLx,"105-RS08","105-RS08. Wrong specimen container",2025-08-20 11:21:49.495,
2490,quMWqLxzcfO,HMIS1055,HMIS 105:10 - OPD Monthly Report (Lab),ejqKJTZBJd6,"105-LP08.","105-LP08. Bilirubin - Direct - Done",2025-08-20 11:21:49.491,"10.2"
2516,quMWqLxzcfO,HMIS1055,HMIS 105:10 - OPD Monthly Report (Lab),CqXFeqgb491,"105-NP05","105-NP05. Ceftriaxone",2025-08-20 11:21:49.496,
2517,quMWqLxzcfO,HMIS1055,HMIS 105:10 - OPD Monthly Report (Lab),pWIj3E7teST,"105-MT01B","105-MT01b. General Staff Meetings - Conducted",2025-08-20 11:21:49.496,
2518,quMWqLxzcfO,HMIS1055,HMIS 105:10 - OPD Monthly Report (Lab),U7TQSXiSDh3,"105-IH10.","105-IH10.a CD31(JC70) - Done",2025-08-20 11:21:49.496,
2523,quMWqLxzcfO,HMIS1055,HMIS 105:10 - OPD Monthly Report (Lab),DYQgUlAEiPn,"105-VS25A","105-VS25a. Plague - Samples Referred",2025-08-20 11:21:49.497,
2524,quMWqLxzcfO,HMIS1055,HMIS 105:10 - OPD Monthly Report (Lab),TllX2TZ14Si,"105-SP03B","105-SP03.b Verhoffs Elastic Stain - Positive",2025-08-20 11:21:49.497,
2527,quMWqLxzcfO,HMIS1055,HMIS 105:10 - OPD Monthly Report (Lab),KvLgrcwvZgW,"105-VS17c","105-VS17c. Yellow fever - Pending Results/Feedback",2025-08-20 11:21:49.498,
2528,quMWqLxzcfO,HMIS1055,HMIS 105:10 - OPD Monthly Report (Lab),c8iFsTL0172,"105-NP24","105-NP24. Nalidixic acid",2025-08-20 11:21:49.499,
2531,quMWqLxzcfO,HMIS1055,HMIS 105:10 - OPD Monthly Report (Lab),A99WdKGcv2Z,"105-HG11.","105-HG11. Lymphomas",2025-08-20 11:21:49.499,
2532,quMWqLxzcfO,HMIS1055,HMIS 105:10 - OPD Monthly Report (Lab),UEsUJlHuyTW,"105-IH08B","105-IH08.b CD3 - Positive",2025-08-20 11:21:49.500,
2533,quMWqLxzcfO,HMIS1055,HMIS 105:10 - OPD Monthly Report (Lab),jXKM7xiPthB,"105-IH10B","105-IH10.b CD31(JC70) - Positive",2025-08-20 11:21:49.500,
2530,quMWqLxzcfO,HMIS1055,HMIS 105:10 - OPD Monthly Report (Lab),cxhuYzdHB5s,"105-BT01B","105-BT01b. AHG - Positive",2025-08-20 11:21:49.499,"10.2"
2511,quMWqLxzcfO,HMIS1055,HMIS 105:10 - OPD Monthly Report (Lab),wDU2VlALGnN,"105-MB09A","105-MB09a. Wet Preps - Done",2025-08-20 11:21:49.495,"10.2"
2513,quMWqLxzcfO,HMIS1055,HMIS 105:10 - OPD Monthly Report (Lab),Bax9SZ4nvPw,"105-ML05A","105-ML05a. Hep B Viral Load - Number Done",2025-08-20 11:21:49.495,"10.2"
2519,quMWqLxzcfO,HMIS1055,HMIS 105:10 - OPD Monthly Report (Lab),daElHz1hFq3,"105-ML03b_2019","105-ML03b._2019 TB Lamp test - Positive",2025-08-20 11:21:49.496,"10.2"
2522,quMWqLxzcfO,HMIS1055,HMIS 105:10 - OPD Monthly Report (Lab),z3p7CQxWkum,"105-ML02B","105-ML02b. Latent TB Infection test - Positive",2025-08-20 11:21:49.497,"10.2"
2526,quMWqLxzcfO,HMIS1055,HMIS 105:10 - OPD Monthly Report (Lab),HCSpaYVtSQo,"105-ML01B","105-ML01b. NAAT (Xpert, Trunat, TB LAMP) - MTB+",2025-08-20 11:21:49.498,"10.2"
2529,quMWqLxzcfO,HMIS1055,HMIS 105:10 - OPD Monthly Report (Lab),lnhQcD8kNEe,"105-ML07B","105-ML07b. Covid-19 (GXP / mRDT) - Number Positive",2025-08-20 11:21:49.499,"10.2"
2489,quMWqLxzcfO,HMIS1055,HMIS 105:10 - OPD Monthly Report (Lab),SxFU9oxVzDk,"105-SR06B","105-SR06b. Pregnancy Test (HCG) - Positive",2025-08-20 11:21:49.491,"10.2"
2536,quMWqLxzcfO,HMIS1055,HMIS 105:10 - OPD Monthly Report (Lab),aJ7qRn2xZJX,"105-VS01A","105-VS01a. EID - Samples Referred",2025-08-20 11:21:49.500,
2537,quMWqLxzcfO,HMIS1055,HMIS 105:10 - OPD Monthly Report (Lab),TvLxP9bXXvZ,"105-SP01.","105-SP01.a PAS - Done",2025-08-20 11:21:49.501,
2538,quMWqLxzcfO,HMIS1055,HMIS 105:10 - OPD Monthly Report (Lab),rKVy7AdYoFB,"105-HP02C","105-HP02c. Statpak - DNA Confirmed Tests",2025-08-20 11:21:49.501,
2539,quMWqLxzcfO,HMIS1055,HMIS 105:10 - OPD Monthly Report (Lab),IFwR6d3AoXx,"105-IH14.","105-IH14.a CD79 - Done",2025-08-20 11:21:49.501,
2542,quMWqLxzcfO,HMIS1055,HMIS 105:10 - OPD Monthly Report (Lab),WREsKgTCRiq,"105-SP08.","105-SP08.a Iron Prussian Blue - Done",2025-08-20 11:21:49.502,
2565,quMWqLxzcfO,HMIS1055,HMIS 105:10 - OPD Monthly Report (Lab),yijGYWqLK3L,"105-RP05","105-RP05. Creatinine - Done",2025-08-20 11:21:49.506,"10.2"
2545,quMWqLxzcfO,HMIS1055,HMIS 105:10 - OPD Monthly Report (Lab),xkzCOlTZvUm,"105-VS07A","105-VS07a. Severe Acute Respiratory Syndrome/Infection (SARS/SARI) - Samples Referred",2025-08-20 11:21:49.502,
2546,quMWqLxzcfO,HMIS1055,HMIS 105:10 - OPD Monthly Report (Lab),tl38z0We672,"105-HG03.","105-HG03. Cervical cancer",2025-08-20 11:21:49.503,
2547,quMWqLxzcfO,HMIS1055,HMIS 105:10 - OPD Monthly Report (Lab),LWtgifxkOQg,"105-VS16C","105-VS16c. Measles / Rubella, - Pending Results/Feedback",2025-08-20 11:21:49.503,
2548,quMWqLxzcfO,HMIS1055,HMIS 105:10 - OPD Monthly Report (Lab),LEuMC86LRZ0,"105-IH24.","105-IH24.a Helicobacter pylori - Done",2025-08-20 11:21:49.503,
2550,quMWqLxzcfO,HMIS1055,HMIS 105:10 - OPD Monthly Report (Lab),Tw42gJieX11,"105-IH11.","105-IH11.a CD34 - Done",2025-08-20 11:21:49.503,
2551,quMWqLxzcfO,HMIS1055,HMIS 105:10 - OPD Monthly Report (Lab),wfqpOrwX8OU,"105-EX05.","105-EX05. Exfoliative cytology - Suspicious for malignancy",2025-08-20 11:21:49.503,
2552,quMWqLxzcfO,HMIS1055,HMIS 105:10 - OPD Monthly Report (Lab),hN1rHraRHo1,"105-RS07","105-RS07. Unclear specimen label",2025-08-20 11:21:49.504,
2560,quMWqLxzcfO,HMIS1055,HMIS 105:10 - OPD Monthly Report (Lab),hvSAoW7JMVT,"105-CX03","105-CX03. Glucose - Done",2025-08-20 11:21:49.505,"10.2"
2556,quMWqLxzcfO,HMIS1055,HMIS 105:10 - OPD Monthly Report (Lab),BoijrqQ5Ps7,"105-IH19B","105-IH19.b cytokeratin 20 - Positive",2025-08-20 11:21:49.504,
2557,quMWqLxzcfO,HMIS1055,HMIS 105:10 - OPD Monthly Report (Lab),iEUEnMRSJak,"105-HG07.","105-HG07. Bone and soft tissue tumors",2025-08-20 11:21:49.504,
2559,quMWqLxzcfO,HMIS1055,HMIS 105:10 - OPD Monthly Report (Lab),RjVFFtBf0fQ,"105-VS21A","105-VS21a. Dysentery - Samples Referred",2025-08-20 11:21:49.505,
2562,quMWqLxzcfO,HMIS1055,HMIS 105:10 - OPD Monthly Report (Lab),n3OHiESS8Jn,"105-IH12.","105-IH12.a CD45RO - Done",2025-08-20 11:21:49.505,
2574,quMWqLxzcfO,HMIS1055,HMIS 105:10 - OPD Monthly Report (Lab),WWPOwDdMfqS,"105-CX04","105-CX04. Total Bilirubin - Done",2025-08-20 11:21:49.507,"10.2"
2567,quMWqLxzcfO,HMIS1055,HMIS 105:10 - OPD Monthly Report (Lab),IKSWa2Vxsxr,"105-FN05.","105-FN05. Fine needle aspiration cytology -  Suspicious for malignancy",2025-08-20 11:21:49.506,
2570,quMWqLxzcfO,HMIS1055,HMIS 105:10 - OPD Monthly Report (Lab),Da2nbJXyvFD,"105-VS04C","105-VS04c. Sickle Cell Disease Confirmation - Pending Results/Feedback",2025-08-20 11:21:49.506,
2571,quMWqLxzcfO,HMIS1055,HMIS 105:10 - OPD Monthly Report (Lab),R6Hab5TGlDx,"105-HP02B","105-HP02b. Statpak - Repeat Testers",2025-08-20 11:21:49.506,
2572,quMWqLxzcfO,HMIS1055,HMIS 105:10 - OPD Monthly Report (Lab),kas0Nz9dhGT,"105-IH04B","105-IH04.b CD 138 - Positive",2025-08-20 11:21:49.507,
2576,quMWqLxzcfO,HMIS1055,HMIS 105:10 - OPD Monthly Report (Lab),vUni7HncD5H,"105-HP02A","105-HP02a. Statpak - Inconclusive Results",2025-08-20 11:21:49.507,
2575,quMWqLxzcfO,HMIS1055,HMIS 105:10 - OPD Monthly Report (Lab),RLVHiuIIcsi,"105-CX06","105-CX06. AFPCX",2025-08-20 11:21:49.507,"10.2"
2578,quMWqLxzcfO,HMIS1055,HMIS 105:10 - OPD Monthly Report (Lab),SaePW1w1INK,"105-HP03","105-HP03. SD Bioline",2025-08-20 11:21:49.508,
2579,quMWqLxzcfO,HMIS1055,HMIS 105:10 - OPD Monthly Report (Lab),m9T0DufEgn4,"105-FN04.","105-FN04. Fine needle aspiration cytology -  Atypical",2025-08-20 11:21:49.508,
2580,quMWqLxzcfO,HMIS1055,HMIS 105:10 - OPD Monthly Report (Lab),SBvaim9xwji,"105-HG12B","105-HG12.(b) Kaposi sarcoma - Non-Hodgkin’s lymphoma(NHL)",2025-08-20 11:21:49.508,
2581,quMWqLxzcfO,HMIS1055,HMIS 105:10 - OPD Monthly Report (Lab),j2s5gC1NAdq,"105-HG01.","105-HG01. Colorectal cancer",2025-08-20 11:21:49.508,
2583,quMWqLxzcfO,HMIS1055,HMIS 105:10 - OPD Monthly Report (Lab),aaGYInATRwj,"105-LP02","105-LP02. AST - Done",2025-08-20 11:21:49.508,"10.2"
2584,quMWqLxzcfO,HMIS1055,HMIS 105:10 - OPD Monthly Report (Lab),RY0qt9jp0nZ,"105-VS14A","105-VS14a. VHFs (EBOLA, MARBUG)  - Samples Referred",2025-08-20 11:21:49.509,
2585,quMWqLxzcfO,HMIS1055,HMIS 105:10 - OPD Monthly Report (Lab),tpHKA3yqaIl,"105-HP06B","105-HP06b. HIV Recency Testing - Repeat Testers",2025-08-20 11:21:49.509,
2564,quMWqLxzcfO,HMIS1055,HMIS 105:10 - OPD Monthly Report (Lab),asWZcgcckzZ,"105-BT04","105-BT04. Cross Matching - Done",2025-08-20 11:21:49.505,"10.2"
2540,quMWqLxzcfO,HMIS1055,HMIS 105:10 - OPD Monthly Report (Lab),hnz5wHFaX0w,"105-SR04B","105-SR04b. Hepatitis BsAg- Positive",2025-08-20 11:21:49.502,"10.2"
2541,quMWqLxzcfO,HMIS1055,HMIS 105:10 - OPD Monthly Report (Lab),dHBQ4tnISlq,"105-MS10","105-MS10. Hookworm - Positive",2025-08-20 11:21:49.502,"10.2"
2544,quMWqLxzcfO,HMIS1055,HMIS 105:10 - OPD Monthly Report (Lab),zkhvWfk1aNF,"105-MS11","105-MS11. Trichuris - Positive",2025-08-20 11:21:49.502,"10.2"
2553,quMWqLxzcfO,HMIS1055,HMIS 105:10 - OPD Monthly Report (Lab),HEVh1IAiSns,"105-MB01B","105-MB01b. Auramine (FM) - Positive",2025-08-20 11:21:49.504,"10.2"
2558,quMWqLxzcfO,HMIS1055,HMIS 105:10 - OPD Monthly Report (Lab),D1cZoWEpVZr,"105-MB12A","105-MB12a. Others - Done",2025-08-20 11:21:49.504,"10.2"
2563,quMWqLxzcfO,HMIS1055,HMIS 105:10 - OPD Monthly Report (Lab),PS2RpCXHCda,"105-MB03B","105-MB03b. Leishman Stain - Positive",2025-08-20 11:21:49.505,"10.2"
2549,quMWqLxzcfO,HMIS1055,HMIS 105:10 - OPD Monthly Report (Lab),TN0mmttzxnd,"105-ML05B","105-ML05b. Hep B Viral Load - Number Positive",2025-08-20 11:21:49.503,"10.2"
2569,quMWqLxzcfO,HMIS1055,HMIS 105:10 - OPD Monthly Report (Lab),zkzJZxS01UL,"105-ML01A","105-ML01a. NAAT (Xpert, Trunat, TB LAMP)- Total",2025-08-20 11:21:49.506,"10.2"
2573,quMWqLxzcfO,HMIS1055,HMIS 105:10 - OPD Monthly Report (Lab),aTpLorJB8OX,"105-PS04B","105-PS04b. Microfilaria - Positive",2025-08-20 11:21:49.507,"10.2"
2554,quMWqLxzcfO,HMIS1055,HMIS 105:10 - OPD Monthly Report (Lab),G5MxyfW7dH5,"105-SR01A","105-SR01a. VDRL/ RPR - Done",2025-08-20 11:21:49.504,"10.2"
2561,quMWqLxzcfO,HMIS1055,HMIS 105:10 - OPD Monthly Report (Lab),QMf9LkI1COW,"105-SR16a","105-SR16a. Toxoplasma IgM- Done",2025-08-20 11:21:49.505,"10.2"
2568,quMWqLxzcfO,HMIS1055,HMIS 105:10 - OPD Monthly Report (Lab),FNKrq1mhRgo,"105-MB09B","105-MB09b. Wet Preps - Positive",2025-08-20 11:21:49.506,"10.2"
2587,quMWqLxzcfO,HMIS1055,HMIS 105:10 - OPD Monthly Report (Lab),WFWo6gd8q84,"105-HP01B","105-HP01b. Determine - Repeat Testers",2025-08-20 11:21:49.509,
2588,quMWqLxzcfO,HMIS1055,HMIS 105:10 - OPD Monthly Report (Lab),USSX14ZROi8,"105-VS22C","105-VS22c. Rota Virus - Pending Results/Feedback",2025-08-20 11:21:49.509,
2589,quMWqLxzcfO,HMIS1055,HMIS 105:10 - OPD Monthly Report (Lab),Qe5ONxeulUd,"105-SC02a","105-SC02a. Received (OUT)",2025-08-20 11:21:49.509,
2590,quMWqLxzcfO,HMIS1055,HMIS 105:10 - OPD Monthly Report (Lab),A3tyalJbIgS,"105-HP03C","105-HP03c. SD Bioline - DNA Confirmed Tests",2025-08-20 11:21:49.509,
2591,quMWqLxzcfO,HMIS1055,HMIS 105:10 - OPD Monthly Report (Lab),DIRN2TXutjA,"105-IH27.","105-IH27.a KI-67 - Done",2025-08-20 11:21:49.510,
2593,quMWqLxzcfO,HMIS1055,HMIS 105:10 - OPD Monthly Report (Lab),ubBoPfBZF8D,"105-TP05","105-TP05. Free T4 - Done",2025-08-20 11:21:49.510,
2594,quMWqLxzcfO,HMIS1055,HMIS 105:10 - OPD Monthly Report (Lab),Q3deCVdtJr0,"105-IH05B","105-IH05.b CD10 - Positive",2025-08-20 11:21:49.510,
2596,quMWqLxzcfO,HMIS1055,HMIS 105:10 - OPD Monthly Report (Lab),mY67oZffpOd,"105-VS02C","105-VS02c. Viral Load for HIV - Pending Results/Feedback",2025-08-20 11:21:49.511,
2597,quMWqLxzcfO,HMIS1055,HMIS 105:10 - OPD Monthly Report (Lab),dmlmELeuSyP,"105-HP02","105-HP02. Statpak",2025-08-20 11:21:49.511,
2598,quMWqLxzcfO,HMIS1055,HMIS 105:10 - OPD Monthly Report (Lab),O3sWW12PcQe,"105-PC01.","105-PC01. Polymerase chain reaction PCR - Positive",2025-08-20 11:21:49.511,
2599,quMWqLxzcfO,HMIS1055,HMIS 105:10 - OPD Monthly Report (Lab),xBm30agdhy6,"105-HG10.","105-HG10. Stomach cancer",2025-08-20 11:21:49.511,
2600,quMWqLxzcfO,HMIS1055,HMIS 105:10 - OPD Monthly Report (Lab),WKV9sj5Chfn,"105-RS04","105-RS04. No test specified on lab request form accompanying specimen",2025-08-20 11:21:49.511,
2595,quMWqLxzcfO,HMIS1055,HMIS 105:10 - OPD Monthly Report (Lab),rPhjTy1Vovv,"105-LP03.","105-LP03. ALP - Done",2025-08-20 11:21:49.510,"10.2"
2603,quMWqLxzcfO,HMIS1055,HMIS 105:10 - OPD Monthly Report (Lab),Dz8eF4R8wCZ,"105-VS27C","105-VS27c. Viral Haemorrhagic Fevers (VHF) - Pending Results/Feedback",2025-08-20 11:21:49.512,
2605,quMWqLxzcfO,HMIS1055,HMIS 105:10 - OPD Monthly Report (Lab),AOjHKsS7vyM,"105-NP06","105-NP06. Ceftazidime",2025-08-20 11:21:49.513,
2606,quMWqLxzcfO,HMIS1055,HMIS 105:10 - OPD Monthly Report (Lab),O7gTvu2U4l1,"105-NP02","105-NP02. Ampicillin",2025-08-20 11:21:49.513,
2608,quMWqLxzcfO,HMIS1055,HMIS 105:10 - OPD Monthly Report (Lab),VPeyoFOWNlf,"105-NP03","105-NP03. Azithromycin",2025-08-20 11:21:49.514,
2609,quMWqLxzcfO,HMIS1055,HMIS 105:10 - OPD Monthly Report (Lab),uWtpqtpAB1x,"105-IH01.","105-IH01.a 0-KIT(9,7),pathway - Done",2025-08-20 11:21:49.514,
2611,quMWqLxzcfO,HMIS1055,HMIS 105:10 - OPD Monthly Report (Lab),reB03ib2geA,"105-RT01","105-RT01. Routine tests that could not be conducted at facility - Chemistry",2025-08-20 11:21:49.514,
2612,quMWqLxzcfO,HMIS1055,HMIS 105:10 - OPD Monthly Report (Lab),jz4R6FGAptf,"105-VS06C","105-VS06c. Polio/ or Acute Flaccid Paralysis - Pending Results/Feedback",2025-08-20 11:21:49.514,
2613,quMWqLxzcfO,HMIS1055,HMIS 105:10 - OPD Monthly Report (Lab),Nom9GuqL4sP,"105-IH09B","105-IH09.b CD30 - Positive",2025-08-20 11:21:49.515,
2614,quMWqLxzcfO,HMIS1055,HMIS 105:10 - OPD Monthly Report (Lab),qPPkRwNbQLK,"105-HP01","105-HP01. Determine",2025-08-20 11:21:49.515,
2615,quMWqLxzcfO,HMIS1055,HMIS 105:10 - OPD Monthly Report (Lab),k46cXnyBG0D,"105-GC11.","105-GC11. No. of cases seen - Adenocarcinoma",2025-08-20 11:21:49.515,
2617,quMWqLxzcfO,HMIS1055,HMIS 105:10 - OPD Monthly Report (Lab),RLuOjNZaq0k,"105-HP05","105-HP05. Oraquick (Self Testing)",2025-08-20 11:21:49.515,
2619,quMWqLxzcfO,HMIS1055,HMIS 105:10 - OPD Monthly Report (Lab),FGer9X7aDSk,"105-NP25","105-NP25. Nitrofurantoin",2025-08-20 11:21:49.516,
2620,quMWqLxzcfO,HMIS1055,HMIS 105:10 - OPD Monthly Report (Lab),eSF3SXwU7Vj,"105-RS01","105-RS01. Inadequate specimen volume",2025-08-20 11:21:49.516,
2621,quMWqLxzcfO,HMIS1055,HMIS 105:10 - OPD Monthly Report (Lab),O99eTAouZvL,"105-EX04.","105-EX04. Exfoliative cytology - Atypical",2025-08-20 11:21:49.516,
2623,quMWqLxzcfO,HMIS1055,HMIS 105:10 - OPD Monthly Report (Lab),GwNyBcwsx5X,"105-RS09","105-RS09. Damaged specimen container",2025-08-20 11:21:49.516,
2618,quMWqLxzcfO,HMIS1055,HMIS 105:10 - OPD Monthly Report (Lab),wj8rSCxEd9e,"105-LP05.","105-LP05. Protein - Total - Done",2025-08-20 11:21:49.515,"10.2"
2625,quMWqLxzcfO,HMIS1055,HMIS 105:10 - OPD Monthly Report (Lab),YBf6aiFlFzr,"105-HP03B","105-HP03b. SD Bioline - Repeat Testers ",2025-08-20 11:21:49.517,
2627,quMWqLxzcfO,HMIS1055,HMIS 105:10 - OPD Monthly Report (Lab),dyqz9XNZZsG,"105-IH18B","105-IH18.b cytokeratin 19 - Positive",2025-08-20 11:21:49.517,
2604,quMWqLxzcfO,HMIS1055,HMIS 105:10 - OPD Monthly Report (Lab),MQkfVna7ir2,"105-LR04.","105-LR04. LDL- Done",2025-08-20 11:21:49.512,"10.2"
2629,quMWqLxzcfO,HMIS1055,HMIS 105:10 - OPD Monthly Report (Lab),M2Tgala2egP,"105-VS12A","105-VS12a. Hep BcAg, - Samples Referred",2025-08-20 11:21:49.517,
2607,quMWqLxzcfO,HMIS1055,HMIS 105:10 - OPD Monthly Report (Lab),wx0vmw3ieey,"105-LR03.","105-LR03. HDL- Done",2025-08-20 11:21:49.514,"10.2"
2631,quMWqLxzcfO,HMIS1055,HMIS 105:10 - OPD Monthly Report (Lab),EgvsCowqr2w,"105-HP06","105-HP06. HIV Recency Testing",2025-08-20 11:21:49.517,
2632,quMWqLxzcfO,HMIS1055,HMIS 105:10 - OPD Monthly Report (Lab),eu37Un07lDE,"105-GC07.","105-GC07. No. of cases seen - AGCNOS",2025-08-20 11:21:49.518,
2633,quMWqLxzcfO,HMIS1055,HMIS 105:10 - OPD Monthly Report (Lab),qpUA1BWtbki,"105-IH17B","105-IH17.b cytokeratin 14(SP53) - Positive",2025-08-20 11:21:49.518,
2634,quMWqLxzcfO,HMIS1055,HMIS 105:10 - OPD Monthly Report (Lab),vnwcJP0Ktoo,"105-IH15B","105-IH15.b CD99 CONFIRM - Positive",2025-08-20 11:21:49.518,
2635,quMWqLxzcfO,HMIS1055,HMIS 105:10 - OPD Monthly Report (Lab),CYljKwvukWJ,"105-FC01.","105-FC01. Flow Cytometry FCC - Positive",2025-08-20 11:21:49.518,
2626,quMWqLxzcfO,HMIS1055,HMIS 105:10 - OPD Monthly Report (Lab),tUnMWSsmire,"105-MB06A","105-MB06a. Urine Microscopy - Done",2025-08-20 11:21:49.517,"10.2"
2586,quMWqLxzcfO,HMIS1055,HMIS 105:10 - OPD Monthly Report (Lab),bf1COdgT1ut,"105-ML01C","105-ML01c. NAAT (Xpert, Trunat, TB LAMP)- RR",2025-08-20 11:21:49.509,"10.2"
2601,quMWqLxzcfO,HMIS1055,HMIS 105:10 - OPD Monthly Report (Lab),ta0abIWR00o,"105-ML03B","105-ML03b. HPV - Number Positive",2025-08-20 11:21:49.511,"10.2"
2610,quMWqLxzcfO,HMIS1055,HMIS 105:10 - OPD Monthly Report (Lab),EoapWImZrpK,"105-ML06A","105-ML06a. EID (PCR) - Number Done",2025-08-20 11:21:49.514,"10.2"
2622,quMWqLxzcfO,HMIS1055,HMIS 105:10 - OPD Monthly Report (Lab),JMV3qP825Pe,"105-IG02_2019","105-IG02._2019 Viral Load Test - Done",2025-08-20 11:21:49.516,"10.2"
2592,quMWqLxzcfO,HMIS1055,HMIS 105:10 - OPD Monthly Report (Lab),HNIGPbNjTS1,"105-SR18a","105-SR18a. Others- Done",2025-08-20 11:21:49.510,"10.2"
2616,quMWqLxzcfO,HMIS1055,HMIS 105:10 - OPD Monthly Report (Lab),C6bn6zPbQCz,"105-CS01","105-CS01. Blood - Done",2025-08-20 11:21:49.515,"10.2"
2636,quMWqLxzcfO,HMIS1055,HMIS 105:10 - OPD Monthly Report (Lab),LRsmNTRQ4K4,"105-IC02.","105-IC02. Immunocytochemistry ICC - Negative",2025-08-20 11:21:49.518,
2637,quMWqLxzcfO,HMIS1055,HMIS 105:10 - OPD Monthly Report (Lab),Zk1oJv5xYlf,"105-IH23B","105-IH23.b H&E - Positive",2025-08-20 11:21:49.518,
2638,quMWqLxzcfO,HMIS1055,HMIS 105:10 - OPD Monthly Report (Lab),ACShbHTUYpt,"105-NP09","105-NP09. Cefixime",2025-08-20 11:21:49.519,
2640,quMWqLxzcfO,HMIS1055,HMIS 105:10 - OPD Monthly Report (Lab),VaLQ3ZEDyY7,"105-VS27A","105-VS27a. Viral Haemorrhagic Fevers (VHF) - Samples Referred",2025-08-20 11:21:49.519,
2641,quMWqLxzcfO,HMIS1055,HMIS 105:10 - OPD Monthly Report (Lab),W9gXEMdxmZU,"105-IH23.","105-IH23.a H&E - Done",2025-08-20 11:21:49.519,
2643,quMWqLxzcfO,HMIS1055,HMIS 105:10 - OPD Monthly Report (Lab),SjoSPIgsOIy,"105-IH08.","105-IH08.a CD3 - Done",2025-08-20 11:21:49.519,
2644,quMWqLxzcfO,HMIS1055,HMIS 105:10 - OPD Monthly Report (Lab),Hx3zLfMbdEL,"105-FN02.","105-FN02. Fine needle aspiration cytology -  Negative for malignancy",2025-08-20 11:21:49.520,
2683,quMWqLxzcfO,HMIS1055,HMIS 105:10 - OPD Monthly Report (Lab),zGgvWmAoA26,"105-RP01","105-RP01. Urea - Done",2025-08-20 11:21:49.526,"10.2"
2648,quMWqLxzcfO,HMIS1055,HMIS 105:10 - OPD Monthly Report (Lab),gwc2FljFEe2,"105-VS18a","105-VS18a. Rabies - Samples Referred",2025-08-20 11:21:49.520,
2663,quMWqLxzcfO,HMIS1055,HMIS 105:10 - OPD Monthly Report (Lab),i83XCw9TZoy,"105-CX02","105-CX02. Amylase - Done",2025-08-20 11:21:49.523,"10.2"
2651,quMWqLxzcfO,HMIS1055,HMIS 105:10 - OPD Monthly Report (Lab),k2KWIqur4Y4,"105-IH24B","105-IH24.b Helicobacter pylori - Positive",2025-08-20 11:21:49.521,
2653,quMWqLxzcfO,HMIS1055,HMIS 105:10 - OPD Monthly Report (Lab),i1wNCbGgehn,"105-VS07C","105-VS07c. Severe Acute Respiratory Syndrome/Infection (SARS/SARI) - Pending Results/Feedback",2025-08-20 11:21:49.521,
2656,quMWqLxzcfO,HMIS1055,HMIS 105:10 - OPD Monthly Report (Lab),axcMYX63jsr,"105-GC10.","105-GC10. No. of cases seen - SCC",2025-08-20 11:21:49.522,
2657,quMWqLxzcfO,HMIS1055,HMIS 105:10 - OPD Monthly Report (Lab),vlCCIaDbkBw,"105-VS31C","105-VS31c. Tissue parasites - Pending Results/Feedback",2025-08-20 11:21:49.522,
2675,quMWqLxzcfO,HMIS1055,HMIS 105:10 - OPD Monthly Report (Lab),mj9EwT0PIF5,"105-LP01","105-LP01. ALT - Done",2025-08-20 11:21:49.525,"10.2"
2659,quMWqLxzcfO,HMIS1055,HMIS 105:10 - OPD Monthly Report (Lab),tpGCsq755n7,"105-VS13a","105-VS13a. HIV MDR, - Samples Referred",2025-08-20 11:21:49.522,
2660,quMWqLxzcfO,HMIS1055,HMIS 105:10 - OPD Monthly Report (Lab),eJENCjNHCU9,"105-SP02B","105-SP02.b Reticulin stain - Positive",2025-08-20 11:21:49.522,
2661,quMWqLxzcfO,HMIS1055,HMIS 105:10 - OPD Monthly Report (Lab),qnEaYKEvLJt,"105-IH02.","105-IH02.a AFP - Done",2025-08-20 11:21:49.523,
2662,quMWqLxzcfO,HMIS1055,HMIS 105:10 - OPD Monthly Report (Lab),cE4xYyV9cP0,"105-VS05A","105-VS05a. Histology - Samples Referred",2025-08-20 11:21:49.523,
2639,quMWqLxzcfO,HMIS1055,HMIS 105:10 - OPD Monthly Report (Lab),Z74IqKrAu2R,"105-CS03","105-CS03. Stool - Done",2025-08-20 11:21:49.519,"10.2"
2666,quMWqLxzcfO,HMIS1055,HMIS 105:10 - OPD Monthly Report (Lab),nmodYtjjNko,"105-SP05B","105-SP05.b Manson Trichrome stain - Positive",2025-08-20 11:21:49.523,
2667,quMWqLxzcfO,HMIS1055,HMIS 105:10 - OPD Monthly Report (Lab),zSIzx2YFlLi,"105-HP_2019","105-HP_2019. Repeat Testers",2025-08-20 11:21:49.523,
2668,quMWqLxzcfO,HMIS1055,HMIS 105:10 - OPD Monthly Report (Lab),bb7858UYVhK,"105-VS09A","105-VS09a. DST for Multi Drug Resistance TB (MDR TB) - Samples Referred",2025-08-20 11:21:49.524,
2678,quMWqLxzcfO,HMIS1055,HMIS 105:10 - OPD Monthly Report (Lab),P8wR4WH0xvv,"105-CS07 ","105-CS07 Pus/wound swabs - Done",2025-08-20 11:21:49.525,"10.2"
2670,quMWqLxzcfO,HMIS1055,HMIS 105:10 - OPD Monthly Report (Lab),tOsGLpfwUxE,"105-VS19A","105-VS19a. Typhoid Fever - Samples Referred",2025-08-20 11:21:49.524,
2674,quMWqLxzcfO,HMIS1055,HMIS 105:10 - OPD Monthly Report (Lab),DKP8p4TuogU,"105-VS21C","105-VS21c. Dysentery - Pending Results/Feedback",2025-08-20 11:21:49.525,
2676,quMWqLxzcfO,HMIS1055,HMIS 105:10 - OPD Monthly Report (Lab),fhApW96IgLz,"105-HP04A","105-HP04a. HIV Syphilis DUO - Inconclusive Results",2025-08-20 11:21:49.525,
2677,quMWqLxzcfO,HMIS1055,HMIS 105:10 - OPD Monthly Report (Lab),LlmOMckusbn,"105-IH07B","105-IH07.b CD22 - Positive",2025-08-20 11:21:49.525,
2680,quMWqLxzcfO,HMIS1055,HMIS 105:10 - OPD Monthly Report (Lab),rAsbJABSxB7,"105-IH20.","105-IH20.a Desmin CONFIRM - Done",2025-08-20 11:21:49.526,
2681,quMWqLxzcfO,HMIS1055,HMIS 105:10 - OPD Monthly Report (Lab),slsXAv1Jqtc,"105-RT02","105-RT02. Routine tests that could not be conducted at facility - Microbiology",2025-08-20 11:21:49.526,
2682,quMWqLxzcfO,HMIS1055,HMIS 105:10 - OPD Monthly Report (Lab),PCgPk2ogPHn,"105-VS02A","105-VS02a. Viral Load for HIV - Samples Referred",2025-08-20 11:21:49.526,
2650,quMWqLxzcfO,HMIS1055,HMIS 105:10 - OPD Monthly Report (Lab),oWp3y7CArEU,"105-BT05A","105-BT05a Auto immune antibodies - Number Done",2025-08-20 11:21:49.521,"10.2"
2679,quMWqLxzcfO,HMIS1055,HMIS 105:10 - OPD Monthly Report (Lab),lLCw5i5eoQn,"105-SR06A","105-SR06a. Pregnancy Test (HCG) - Done",2025-08-20 11:21:49.525,"10.2"
2665,quMWqLxzcfO,HMIS1055,HMIS 105:10 - OPD Monthly Report (Lab),wTdG6nnYMj4,"105-MS01","105-MS01. Entamoeba - Positive",2025-08-20 11:21:49.523,"10.2"
2672,quMWqLxzcfO,HMIS1055,HMIS 105:10 - OPD Monthly Report (Lab),OMq2TLc3nt0,"105-MS13","105-MS13. Total Tests Done for Stool Microscopy",2025-08-20 11:21:49.524,"10.2"
2673,quMWqLxzcfO,HMIS1055,HMIS 105:10 - OPD Monthly Report (Lab),mZ2HwpIgf9U,"105-MS06","105-MS06. Strongyloides - Positive",2025-08-20 11:21:49.524,"10.2"
2645,quMWqLxzcfO,HMIS1055,HMIS 105:10 - OPD Monthly Report (Lab),gLc0j9gZ3Hz,"105-ML04B","105-ML04b. HIV viral load (PCR) - Number Positive",2025-08-20 11:21:49.520,"10.2"
2646,quMWqLxzcfO,HMIS1055,HMIS 105:10 - OPD Monthly Report (Lab),wV8nR3BE26Q,"105-ML08B","105-ML08. Others - Number Positive",2025-08-20 11:21:49.520,"10.2"
2652,quMWqLxzcfO,HMIS1055,HMIS 105:10 - OPD Monthly Report (Lab),Lta7wvGeMcV,"105-ML07A","105-ML07a. Covid-19 (GXP / mRDT) - Number Done",2025-08-20 11:21:49.521,"10.2"
2642,quMWqLxzcfO,HMIS1055,HMIS 105:10 - OPD Monthly Report (Lab),V3pwu7dz5bE,"105-IG02A","105-IG02a. TB LAM - Done",2025-08-20 11:21:49.519,"10.2"
2654,quMWqLxzcfO,HMIS1055,HMIS 105:10 - OPD Monthly Report (Lab),OOsYcFK5YbS,"105-PS02B","105-PS02b. Malaria RDTs - Positive",2025-08-20 11:21:49.521,"10.2"
2655,quMWqLxzcfO,HMIS1055,HMIS 105:10 - OPD Monthly Report (Lab),S8VpnPS89ZJ,"105-PS04A","105-PS04a. Microfilaria - Done",2025-08-20 11:21:49.522,"10.2"
2671,quMWqLxzcfO,HMIS1055,HMIS 105:10 - OPD Monthly Report (Lab),NrNzNOidiE8,"105-PS03A","105-PS03a. Trypanosoma - Done",2025-08-20 11:21:49.524,"10.2"
2686,quMWqLxzcfO,HMIS1055,HMIS 105:10 - OPD Monthly Report (Lab),R1dNOZmUFBN,"105-NP14","105-NP14. Imipenem",2025-08-20 11:21:49.527,
2687,quMWqLxzcfO,HMIS1055,HMIS 105:10 - OPD Monthly Report (Lab),toZpoxPTChY,"105-RS13","105-RS13. Specimen type unacceptable for required test",2025-08-20 11:21:49.527,
2694,quMWqLxzcfO,HMIS1055,HMIS 105:10 - OPD Monthly Report (Lab),V4F9DIaEfke,"105-RP02.","105-RP02. Chloride - Done",2025-08-20 11:21:49.528,"10.2"
2690,quMWqLxzcfO,HMIS1055,HMIS 105:10 - OPD Monthly Report (Lab),zC8P1bUCrWp,"105-IH22B","105-IH22.b Estrogen Receptor (ER) - Positive",2025-08-20 11:21:49.528,
2691,quMWqLxzcfO,HMIS1055,HMIS 105:10 - OPD Monthly Report (Lab),bQgPxazzwDh,"105-RS10","105-RS10. Too old specimen",2025-08-20 11:21:49.528,
2695,quMWqLxzcfO,HMIS1055,HMIS 105:10 - OPD Monthly Report (Lab),VUuWTu140hl,"105-AT02.","105-AT02. Special stains (cytochemistray) - Negative",2025-08-20 11:21:49.529,
2696,quMWqLxzcfO,HMIS1055,HMIS 105:10 - OPD Monthly Report (Lab),yBkiklHuwne,"105-NP17","105-NP17. Oxacillin",2025-08-20 11:21:49.529,
2697,quMWqLxzcfO,HMIS1055,HMIS 105:10 - OPD Monthly Report (Lab),LhpfB8nVkzA,"105-RS11","105-RS11. Date of specimen collection not specified",2025-08-20 11:21:49.529,
2700,quMWqLxzcfO,HMIS1055,HMIS 105:10 - OPD Monthly Report (Lab),Xl9LoXyDBQi,"105-VS08C","105-VS08c. TB Genexpert - Pending Results/Feedback",2025-08-20 11:21:49.529,
2701,quMWqLxzcfO,HMIS1055,HMIS 105:10 - OPD Monthly Report (Lab),zjXiES7tQWI,"105-IH30.","105-IH30.a PSA - Done",2025-08-20 11:21:49.530,
2702,quMWqLxzcfO,HMIS1055,HMIS 105:10 - OPD Monthly Report (Lab),xSWi87nPvsg,"105-HP01C","105-HP01c. Determine - DNA Confirmed Tests",2025-08-20 11:21:49.530,
2703,quMWqLxzcfO,HMIS1055,HMIS 105:10 - OPD Monthly Report (Lab),Rjq1EHY10g6,"105-IH12B","105-IH12.b CD45RO - Positive",2025-08-20 11:21:49.530,
2704,quMWqLxzcfO,HMIS1055,HMIS 105:10 - OPD Monthly Report (Lab),f5FVbhgtqKv,"105-IH18.","105-IH18.a cytokeratin 19 - Done",2025-08-20 11:21:49.530,
2705,quMWqLxzcfO,HMIS1055,HMIS 105:10 - OPD Monthly Report (Lab),cxY2aCiQgmy,"105-SC01a","105-SC01a. Collected (IN)",2025-08-20 11:21:49.530,
2706,quMWqLxzcfO,HMIS1055,HMIS 105:10 - OPD Monthly Report (Lab),p8EPIdnGpMD,"105-VS25C","105-VS25c. Plague - Pending Results/Feedback",2025-08-20 11:21:49.530,
2710,quMWqLxzcfO,HMIS1055,HMIS 105:10 - OPD Monthly Report (Lab),f50jzpPHhJV,"105-TP03","105-TP03. TSH - Done",2025-08-20 11:21:49.531,
2699,quMWqLxzcfO,HMIS1055,HMIS 105:10 - OPD Monthly Report (Lab),h6VEWpbIw5j,"105-CX07.","105-CX07. LDH - Done",2025-08-20 11:21:49.529,"10.2"
2715,quMWqLxzcfO,HMIS1055,HMIS 105:10 - OPD Monthly Report (Lab),ogYnCsbEYDW,"105-IH05.","105-IH05.a CD10 - Done",2025-08-20 11:21:49.532,
2716,quMWqLxzcfO,HMIS1055,HMIS 105:10 - OPD Monthly Report (Lab),NHmtniGdEbw,"105-AT01.","105-AT01. Special stains (cytochemistray) - Positive",2025-08-20 11:21:49.532,
2717,quMWqLxzcfO,HMIS1055,HMIS 105:10 - OPD Monthly Report (Lab),sMh6cfhH48y,"105-GC02.","105-GC02. No. of cases seen - NILM",2025-08-20 11:21:49.532,
2718,quMWqLxzcfO,HMIS1055,HMIS 105:10 - OPD Monthly Report (Lab),vXfooQLBVof,"105-VS06A","105-VS06a. Polio/ or Acute Flaccid Paralysis - Samples Referred",2025-08-20 11:21:49.532,
2719,quMWqLxzcfO,HMIS1055,HMIS 105:10 - OPD Monthly Report (Lab),QIC0XgZlswS,"105-IH03B","105-IH03.b BRAF - Positive",2025-08-20 11:21:49.532,
2722,quMWqLxzcfO,HMIS1055,HMIS 105:10 - OPD Monthly Report (Lab),JXhZmNPaNKV,"105-HP06A","105-HP06a. HIV Recency Testing - Inconclusive Results",2025-08-20 11:21:49.533,
2723,quMWqLxzcfO,HMIS1055,HMIS 105:10 - OPD Monthly Report (Lab),LV7Qudb9E7J,"105-HP05B","105-HP05b. Oraquick (Self Testing) - Repeat Testers",2025-08-20 11:21:49.533,
2725,quMWqLxzcfO,HMIS1055,HMIS 105:10 - OPD Monthly Report (Lab),doKuLrlQO0v,"105-VS29C","105-VS29c. Haemoparasites - Pending Results/Feedback",2025-08-20 11:21:49.533,
2726,quMWqLxzcfO,HMIS1055,HMIS 105:10 - OPD Monthly Report (Lab),uPOqGjcb0WR,"105-MT02A","105-MT02a. Quality Improvement (QI) Meetings - Planned",2025-08-20 11:21:49.533,
2713,quMWqLxzcfO,HMIS1055,HMIS 105:10 - OPD Monthly Report (Lab),XgjY88WyEvw,"105-CX01","105-CX01. Alkaline Phosphate - Done",2025-08-20 11:21:49.531,"10.2"
2734,quMWqLxzcfO,HMIS1055,HMIS 105:10 - OPD Monthly Report (Lab),YJS6tdhuN61,"105-CX09.","105-CX09. Uric Acid - Done",2025-08-20 11:21:49.535,"10.2"
2729,quMWqLxzcfO,HMIS1055,HMIS 105:10 - OPD Monthly Report (Lab),zjH9515Vbvh,"105-MT04A","105-MT04a. Health Unit Management Committee/Hospital Board Meetings - Planned",2025-08-20 11:21:49.534,
2730,quMWqLxzcfO,HMIS1055,HMIS 105:10 - OPD Monthly Report (Lab),IXtPp8evv23,"105-NP13","105-NP13. Gentamicin",2025-08-20 11:21:49.534,
2731,quMWqLxzcfO,HMIS1055,HMIS 105:10 - OPD Monthly Report (Lab),jibHGLFYWRX,"105-HG08.","105-HG08. Esophageal cancer",2025-08-20 11:21:49.534,
2732,quMWqLxzcfO,HMIS1055,HMIS 105:10 - OPD Monthly Report (Lab),kSwSG779NDj,"105-NP20","105-NP20. Augumentin",2025-08-20 11:21:49.534,
2733,quMWqLxzcfO,HMIS1055,HMIS 105:10 - OPD Monthly Report (Lab),Q9nfFzknvbN,"105-FC02.","105-FC02. Flow Cytometry FCC - Negative",2025-08-20 11:21:49.535,
2711,quMWqLxzcfO,HMIS1055,HMIS 105:10 - OPD Monthly Report (Lab),DE64n22luZt,"105-SR18b","105-SR18b. Others - Positive",2025-08-20 11:21:49.531,"10.2"
2707,quMWqLxzcfO,HMIS1055,HMIS 105:10 - OPD Monthly Report (Lab),u1Rv1mxNmJn,"105-MS02","105-MS02. Giardia Lumblia- Positive",2025-08-20 11:21:49.530,"10.2"
2708,quMWqLxzcfO,HMIS1055,HMIS 105:10 - OPD Monthly Report (Lab),z7bnAKXSWFL,"105-MS05","105-MS05. Cyclospora - Positive",2025-08-20 11:21:49.531,"10.2"
2709,quMWqLxzcfO,HMIS1055,HMIS 105:10 - OPD Monthly Report (Lab),Rc9Rhl5IzHB,"105-MB02A","105-MB02a. ZN for AFBs - Done",2025-08-20 11:21:49.531,"10.2"
2721,quMWqLxzcfO,HMIS1055,HMIS 105:10 - OPD Monthly Report (Lab),RbzDr6tksXF,"105-MB05B","105-MB05b. India Ink - Positive",2025-08-20 11:21:49.533,"10.2"
2688,quMWqLxzcfO,HMIS1055,HMIS 105:10 - OPD Monthly Report (Lab),aHEz1agukWH,"105-IG03_2019","105-IG03._2019 Hep B Viral Load - Done",2025-08-20 11:21:49.527,"10.2"
2693,quMWqLxzcfO,HMIS1055,HMIS 105:10 - OPD Monthly Report (Lab),zKXmXrAoihi,"105-PS05A_2019","105-PS05a_2019. Leishmania - Done",2025-08-20 11:21:49.528,"10.2"
2714,quMWqLxzcfO,HMIS1055,HMIS 105:10 - OPD Monthly Report (Lab),pGDRIjvl39Q,"105-SR11A","105-SR11a. Hep A - Done",2025-08-20 11:21:49.532,"10.2"
2698,quMWqLxzcfO,HMIS1055,HMIS 105:10 - OPD Monthly Report (Lab),lyKbbP7LeTH,"105-PP01","105-PP01. Amylase - Done",2025-08-20 11:21:49.529,"10.2"
2724,quMWqLxzcfO,HMIS1055,HMIS 105:10 - OPD Monthly Report (Lab),XxiY4tHbl2Z,"105-PP03 ","105-PP03 Extended Electrolytes - Done",2025-08-20 11:21:49.533,"10.2"
2692,quMWqLxzcfO,HMIS1055,HMIS 105:10 - OPD Monthly Report (Lab),YlTN6XqlCmW,"105-LP04.","105-LP04. GGT - Done",2025-08-20 11:21:49.528,"10.2"
2720,quMWqLxzcfO,HMIS1055,HMIS 105:10 - OPD Monthly Report (Lab),PL5GgsqbGr7,"105-LP06.","105-LP06. Albumin - Done",2025-08-20 11:21:49.533,"10.2"
2685,quMWqLxzcfO,HMIS1055,HMIS 105:10 - OPD Monthly Report (Lab),tKa9eCTAuTa,"105-CS05","105-CS05. Sputum - Done",2025-08-20 11:21:49.526,"10.2"
2768,quMWqLxzcfO,HMIS1055,HMIS 105:10 - OPD Monthly Report (Lab),R1i21ipKUvI,"105-CX08.","105-CX08. Lactate - Done",2025-08-20 11:21:49.543,"10.2"
2736,quMWqLxzcfO,HMIS1055,HMIS 105:10 - OPD Monthly Report (Lab),N7iozDIRDH6,"105-RT04","105-RT04. Routine tests that could not be conducted at facility - Haematology",2025-08-20 11:21:49.535,
2737,quMWqLxzcfO,HMIS1055,HMIS 105:10 - OPD Monthly Report (Lab),TIkGhlmaAxY,"105-RS02","105-RS02. Heamolyzed specimen",2025-08-20 11:21:49.535,
2738,quMWqLxzcfO,HMIS1055,HMIS 105:10 - OPD Monthly Report (Lab),jkLKbugzh9s,"105-HP04B","105-HP04b. HIV Syphilis DUO - Repeat Testers",2025-08-20 11:21:49.535,
2739,quMWqLxzcfO,HMIS1055,HMIS 105:10 - OPD Monthly Report (Lab),LBveCUC8bJ1,"105-RS14","105-RS14. Other reasons",2025-08-20 11:21:49.536,
2740,quMWqLxzcfO,HMIS1055,HMIS 105:10 - OPD Monthly Report (Lab),gpYLUiKrNHx,"105-VS04A","105-VS04a. Sickle Cell Disease Confirmation - Samples Referred",2025-08-20 11:21:49.536,
2758,quMWqLxzcfO,HMIS1055,HMIS 105:10 - OPD Monthly Report (Lab),eUm4aLsUREy,"105-CS04","105-CS04. Urogenital Swabs - Done",2025-08-20 11:21:49.540,"10.2"
2742,quMWqLxzcfO,HMIS1055,HMIS 105:10 - OPD Monthly Report (Lab),YMJHKWJRY22,"105-RT03","105-RT03. Routine tests that could not be conducted at facility - HIV screening",2025-08-20 11:21:49.536,
2743,quMWqLxzcfO,HMIS1055,HMIS 105:10 - OPD Monthly Report (Lab),CRGdmgZ42dW,"105-RS05","105-RS05. Specimen without label or identifier",2025-08-20 11:21:49.536,
2744,quMWqLxzcfO,HMIS1055,HMIS 105:10 - OPD Monthly Report (Lab),c4FgNxFa8M1,"105-IH29B","105-IH29.b Progesterone Receptor (PR) - Positive",2025-08-20 11:21:49.536,
2748,quMWqLxzcfO,HMIS1055,HMIS 105:10 - OPD Monthly Report (Lab),csk3pmfCtEt,"105-EX01.","105-EX01. Exfoliative cytology - Unsatisfactory",2025-08-20 11:21:49.537,
2752,quMWqLxzcfO,HMIS1055,HMIS 105:10 - OPD Monthly Report (Lab),oCECgzam7Us,"105-NP07","105-NP07. Cefotaxime",2025-08-20 11:21:49.538,
2754,quMWqLxzcfO,HMIS1055,HMIS 105:10 - OPD Monthly Report (Lab),omMEbLemrU6,"105-NP10","105-NP10. Cotrimoxazole",2025-08-20 11:21:49.539,
2755,quMWqLxzcfO,HMIS1055,HMIS 105:10 - OPD Monthly Report (Lab),EXX2b97lU8Q,"105-VS30A","105-VS30a. Intestinal parasites - Samples Referred",2025-08-20 11:21:49.540,
2757,quMWqLxzcfO,HMIS1055,HMIS 105:10 - OPD Monthly Report (Lab),QADL6fJFoGZ,"105-VS10C","105-VS10c. Hepatitis B Viral load - Pending Results/Feedback",2025-08-20 11:21:49.540,
2759,quMWqLxzcfO,HMIS1055,HMIS 105:10 - OPD Monthly Report (Lab),yWeCugT9KAF,"105-FI01.","105-FI01. Fluorescence in situ hybridization (FISH) - Positive",2025-08-20 11:21:49.540,
2760,quMWqLxzcfO,HMIS1055,HMIS 105:10 - OPD Monthly Report (Lab),LYbhHOu7RA5,"105-IH01B","105-IH01.b 0-KIT(9,7),pathway - Positive",2025-08-20 11:21:49.541,
2761,quMWqLxzcfO,HMIS1055,HMIS 105:10 - OPD Monthly Report (Lab),OJm8e9j84Wk,"105-GC05.","105-GC05. No. of cases seen - ASCH",2025-08-20 11:21:49.541,
2762,quMWqLxzcfO,HMIS1055,HMIS 105:10 - OPD Monthly Report (Lab),pr8BhPFhXRF,"105-NP21","105-NP21. Chloramphenicol",2025-08-20 11:21:49.541,
2763,quMWqLxzcfO,HMIS1055,HMIS 105:10 - OPD Monthly Report (Lab),W8vc2hrghCg,"105-SP08B","105-SP08.b Iron Prussian Blue - Positive",2025-08-20 11:21:49.541,
2764,quMWqLxzcfO,HMIS1055,HMIS 105:10 - OPD Monthly Report (Lab),nRDxhrmVXZk,"105-MT02B","105-MT02b. Quality Improvement (QI) Meetings - Conducted",2025-08-20 11:21:49.541,
2765,quMWqLxzcfO,HMIS1055,HMIS 105:10 - OPD Monthly Report (Lab),niPx836rcsb,"105-IH26B","105-IH26.b IHC - Positive",2025-08-20 11:21:49.542,
2767,quMWqLxzcfO,HMIS1055,HMIS 105:10 - OPD Monthly Report (Lab),HkISzr0wOuC,"105-IH28B","105-IH28.b P53(D0-7) - Positive",2025-08-20 11:21:49.542,
2772,quMWqLxzcfO,HMIS1055,HMIS 105:10 - OPD Monthly Report (Lab),OwK5sxT2qiL,"105-IH26.","105-IH26.a IHC - Done",2025-08-20 11:21:49.545,
2773,quMWqLxzcfO,HMIS1055,HMIS 105:10 - OPD Monthly Report (Lab),oqBZ7B5bAvz,"105-SP04.","105-SP04.a Giemsa stain - Done",2025-08-20 11:21:49.545,
2774,quMWqLxzcfO,HMIS1055,HMIS 105:10 - OPD Monthly Report (Lab),d7WNL2v8xyN,"105-HG14.","105-HG14. Germ Cell",2025-08-20 11:21:49.545,
2775,quMWqLxzcfO,HMIS1055,HMIS 105:10 - OPD Monthly Report (Lab),ZIQ7PxeJear,"105-SP06.","105-SP06.a Congo Red - Done",2025-08-20 11:21:49.546,
2776,quMWqLxzcfO,HMIS1055,HMIS 105:10 - OPD Monthly Report (Lab),gt4nnXmktFt,"105-HP01A","105-HP01a. Determine - Inconclusive Results",2025-08-20 11:21:49.546,
2777,quMWqLxzcfO,HMIS1055,HMIS 105:10 - OPD Monthly Report (Lab),jUSTWmbSjBP,"105-MT03A","105-MT03a. Maternal/ Perinatal Death Reviews/Meetings - Planned",2025-08-20 11:21:49.546,
2778,quMWqLxzcfO,HMIS1055,HMIS 105:10 - OPD Monthly Report (Lab),I1VKRX6S1Lp,"105-NP27","105-NP27. Piperacillin/Tazobactam",2025-08-20 11:21:49.546,
2781,quMWqLxzcfO,HMIS1055,HMIS 105:10 - OPD Monthly Report (Lab),VsAzfy0YRjE,"105-MT04B","105-MT04b. Health Unit Management Committee/Hospital Board Meetings - Conducted",2025-08-20 11:21:49.548,
2782,quMWqLxzcfO,HMIS1055,HMIS 105:10 - OPD Monthly Report (Lab),BfUGncAgsIa,"105-TP04","105-TP04. Free T3 - Done",2025-08-20 11:21:49.548,
2783,quMWqLxzcfO,HMIS1055,HMIS 105:10 - OPD Monthly Report (Lab),Fck9FzNPbwj,"105-VS22A","105-VS22a. Rota Virus - Samples Referred",2025-08-20 11:21:49.549,
2784,quMWqLxzcfO,HMIS1055,HMIS 105:10 - OPD Monthly Report (Lab),Fduw4f67ZET,"105-HG09.","105-HG09. Lung cancer",2025-08-20 11:21:49.549,
2753,quMWqLxzcfO,HMIS1055,HMIS 105:10 - OPD Monthly Report (Lab),wopTt6jkxVE,"105-SR09B","105-SR09b. Hep B Core Ag - Positive",2025-08-20 11:21:49.539,"10.2"
2766,quMWqLxzcfO,HMIS1055,HMIS 105:10 - OPD Monthly Report (Lab),nlQ2XHHaB5L,"105-SR08A","105-SR08a. Rheumatoid factor - Done",2025-08-20 11:21:49.542,"10.2"
2746,quMWqLxzcfO,HMIS1055,HMIS 105:10 - OPD Monthly Report (Lab),qvKuzu2i7ul,"105-MB05A","105-MB05a. India Ink - Done",2025-08-20 11:21:49.537,"10.2"
2749,quMWqLxzcfO,HMIS1055,HMIS 105:10 - OPD Monthly Report (Lab),nOBfsFT3Phs,"105-MB03A","105-MB03a. Leishman Stain - Done",2025-08-20 11:21:49.537,"10.2"
2751,quMWqLxzcfO,HMIS1055,HMIS 105:10 - OPD Monthly Report (Lab),N2tdd2oVD7j,"105-MB01A","105-MB01a. Auramine (FM) - Done",2025-08-20 11:21:49.538,"10.2"
2747,quMWqLxzcfO,HMIS1055,HMIS 105:10 - OPD Monthly Report (Lab),ZaDZxHd92aT,"105-ML03a_2019","105-ML03a._2019 TB Lamp test - Total",2025-08-20 11:21:49.537,"10.2"
2745,quMWqLxzcfO,HMIS1055,HMIS 105:10 - OPD Monthly Report (Lab),b97pHj26X0h,"105-PS03B","105-PS03b. Trypanosoma - Positive",2025-08-20 11:21:49.536,"10.2"
2750,quMWqLxzcfO,HMIS1055,HMIS 105:10 - OPD Monthly Report (Lab),iRQWRvBzyXl,"105-PS06B","105-PS06b. Borrellia - Positive",2025-08-20 11:21:49.537,"10.2"
2770,quMWqLxzcfO,HMIS1055,HMIS 105:10 - OPD Monthly Report (Lab),HLSOl6fGZbm,"105-SR04","105-SR04. Hepatitis BsAg- Done",2025-08-20 11:21:49.544,"10.2"
2769,quMWqLxzcfO,HMIS1055,HMIS 105:10 - OPD Monthly Report (Lab),ERiU13xMW1o,"105-MB02B","105-MB02b. ZN for AFBs - Positive",2025-08-20 11:21:49.543,"10.2"
2785,quMWqLxzcfO,HMIS1055,HMIS 105:10 - OPD Monthly Report (Lab),boEXIMQcwAd,"105-GC04.","105-GC04. No. of cases seen - LGSIL",2025-08-20 11:21:49.549,
2787,quMWqLxzcfO,HMIS1055,HMIS 105:10 - OPD Monthly Report (Lab),LOYkxLx7o25,"105-IH21.","105-IH21.a EMA - Done",2025-08-20 11:21:49.550,
2788,quMWqLxzcfO,HMIS1055,HMIS 105:10 - OPD Monthly Report (Lab),NYW8hYLzspq,"105-IH30B","105-IH30.b PSA - Positive",2025-08-20 11:21:49.550,
2790,quMWqLxzcfO,HMIS1055,HMIS 105:10 - OPD Monthly Report (Lab),fBNWix8sx8S,"105-SP10B","105-SP10.b Gram stain - Positive",2025-08-20 11:21:49.550,
2793,quMWqLxzcfO,HMIS1055,HMIS 105:10 - OPD Monthly Report (Lab),q9fFZr7WSRp,"105-SP07B","105-SP07.b Sudan Black - Positive",2025-08-20 11:21:49.551,
2794,quMWqLxzcfO,HMIS1055,HMIS 105:10 - OPD Monthly Report (Lab),ErsezpC2yVP,"105-VS15c","105-VS15c. Cytology, - Pending Results/Feedback",2025-08-20 11:21:49.551,
2796,quMWqLxzcfO,HMIS1055,HMIS 105:10 - OPD Monthly Report (Lab),DyCyRhBfsxT,"105-RS06","105-RS06. Wrong specimen label",2025-08-20 11:21:49.551,
2797,quMWqLxzcfO,HMIS1055,HMIS 105:10 - OPD Monthly Report (Lab),ljSKKF2sS3S,"105-VS28A","105-VS28a. Animal Bites (suspected rabies) - Samples Referred",2025-08-20 11:21:49.551,
2798,quMWqLxzcfO,HMIS1055,HMIS 105:10 - OPD Monthly Report (Lab),YpMOS6ALssw,"105-VS03C","105-VS03c. CD4 - Pending Results/Feedback",2025-08-20 11:21:49.551,
2800,quMWqLxzcfO,HMIS1055,HMIS 105:10 - OPD Monthly Report (Lab),ogPzhS1PmWv,"105-VS01C","105-VS01c. EID - Pending Results/Feedback",2025-08-20 11:21:49.552,
2802,quMWqLxzcfO,HMIS1055,HMIS 105:10 - OPD Monthly Report (Lab),ziZhSfiKbrl,"105-GC08.","105-GC08. No. of cases seen - AGC-FN",2025-08-20 11:21:49.552,
2805,quMWqLxzcfO,HMIS1055,HMIS 105:10 - OPD Monthly Report (Lab),h6mgdYhK0VQ,"105-IH15.","105-IH15.a CD99 CONFIRM - Done",2025-08-20 11:21:49.552,
2806,quMWqLxzcfO,HMIS1055,HMIS 105:10 - OPD Monthly Report (Lab),UvMyjP1sr4H,"105-VS18c","105-VS18c. Rabies - Pending Results/Feedback",2025-08-20 11:21:49.553,
2807,quMWqLxzcfO,HMIS1055,HMIS 105:10 - OPD Monthly Report (Lab),kB8Qlz2IqMJ,"105-VS26A","105-VS26a. Isolates - Samples Referred",2025-08-20 11:21:49.553,
2792,quMWqLxzcfO,HMIS1055,HMIS 105:10 - OPD Monthly Report (Lab),UnoKFNaPlS4,"105-RP04","105-RP04. Sodium - Done",2025-08-20 11:21:49.550,"10.2"
2809,quMWqLxzcfO,HMIS1055,HMIS 105:10 - OPD Monthly Report (Lab),S3PQSMMgwfn,"105-VS16A","105-VS16a. Measles / Rubella, - Samples Referred",2025-08-20 11:21:49.553,
2810,quMWqLxzcfO,HMIS1055,HMIS 105:10 - OPD Monthly Report (Lab),x1jRXEJQk7x,"105-VS05C","105-VS05c. Histology - Pending Results/Feedback",2025-08-20 11:21:49.553,
2811,quMWqLxzcfO,HMIS1055,HMIS 105:10 - OPD Monthly Report (Lab),E1hXOuRHxwa,"105-EX06.","105-EX06. Exfoliative cytology - Malignant",2025-08-20 11:21:49.553,
2813,quMWqLxzcfO,HMIS1055,HMIS 105:10 - OPD Monthly Report (Lab),TqRy5V2LvJz,"105-MT03B","105-MT03b. Maternal/ Perinatal Death Reviews/Meetings - Conducted",2025-08-20 11:21:49.554,
2814,quMWqLxzcfO,HMIS1055,HMIS 105:10 - OPD Monthly Report (Lab),tg8RPGUP2Af,"105-IH03.","105-IH03.a BRAF - Done",2025-08-20 11:21:49.554,
2815,quMWqLxzcfO,HMIS1055,HMIS 105:10 - OPD Monthly Report (Lab),dLxrh0TnVM9,"105-NP15","105-NP15. Levofloxacin",2025-08-20 11:21:49.554,
2816,quMWqLxzcfO,HMIS1055,HMIS 105:10 - OPD Monthly Report (Lab),Qi7G1rpttno,"105-HP04C","105-HP04c. HIV Syphilis DUO - DNA Confirmed Tests",2025-08-20 11:21:49.554,
2801,quMWqLxzcfO,HMIS1055,HMIS 105:10 - OPD Monthly Report (Lab),Q5NfznovGC7,"105-RP03","105-RP03. Potassium - Done",2025-08-20 11:21:49.552,"10.2"
2819,quMWqLxzcfO,HMIS1055,HMIS 105:10 - OPD Monthly Report (Lab),T042dWDJUI4,"105-VS23C","105-VS23c. Meningitis - Pending Results/Feedback",2025-08-20 11:21:49.555,
2820,quMWqLxzcfO,HMIS1055,HMIS 105:10 - OPD Monthly Report (Lab),bGyl6T5klnC,"105-MT07A","105-MT07a. Other Meetings - Planned",2025-08-20 11:21:49.555,
2821,quMWqLxzcfO,HMIS1055,HMIS 105:10 - OPD Monthly Report (Lab),SkpUysoBjiU,"105-VS19C","105-VS19c. Typhoid Fever - Pending Results/Feedback",2025-08-20 11:21:49.555,
2822,quMWqLxzcfO,HMIS1055,HMIS 105:10 - OPD Monthly Report (Lab),w71YrG6FYtY,"105-RS12","105-RS12. Time of specimen collection not specified",2025-08-20 11:21:49.555,
2823,quMWqLxzcfO,HMIS1055,HMIS 105:10 - OPD Monthly Report (Lab),ehGEFdNMXh9,"105-FN03.","105-FN03. Fine needle aspiration cytology -  Benign",2025-08-20 11:21:49.555,
2795,quMWqLxzcfO,HMIS1055,HMIS 105:10 - OPD Monthly Report (Lab),vyKwpmxmgl5,"105-PP04 ","105-PP04 Calcium - Done",2025-08-20 11:21:49.551,"10.2"
2826,quMWqLxzcfO,HMIS1055,HMIS 105:10 - OPD Monthly Report (Lab),VJFraxrKNQr,"105-HG05.","105-HG05. Liver cancer",2025-08-20 11:21:49.556,
2828,quMWqLxzcfO,HMIS1055,HMIS 105:10 - OPD Monthly Report (Lab),IDkHHcf2Fdx,"105-RT05","105-RT05. Routine tests that could not be conducted at facility - Parasitology",2025-08-20 11:21:49.556,
2829,quMWqLxzcfO,HMIS1055,HMIS 105:10 - OPD Monthly Report (Lab),qQ7RtdPhGcU,"105-HP05C","105-HP05c. Oraquick (Self Testing) - DNA Confirmed Tests",2025-08-20 11:21:49.556,
2791,quMWqLxzcfO,HMIS1055,HMIS 105:10 - OPD Monthly Report (Lab),fpzhsuLYZ5b,"105-LR02","105-LR02. Cholesterol - Total- Done",2025-08-20 11:21:49.550,"10.2"
2832,quMWqLxzcfO,HMIS1055,HMIS 105:10 - OPD Monthly Report (Lab),Mc699LEaRUi,"105-IH17.","105-IH17.a cytokeratin 14(SP53) - Done",2025-08-20 11:21:49.557,
2833,quMWqLxzcfO,HMIS1055,HMIS 105:10 - OPD Monthly Report (Lab),IYuIklJYaLL,"105-IH13.","105-IH13.a CD63(NKI/63) - Done",2025-08-20 11:21:49.557,
2789,quMWqLxzcfO,HMIS1055,HMIS 105:10 - OPD Monthly Report (Lab),Z6fz0YSRNWq,"105-CS02","105-CS02. Urine - Done",2025-08-20 11:21:49.550,"10.2"
2786,quMWqLxzcfO,HMIS1055,HMIS 105:10 - OPD Monthly Report (Lab),QJpefO3BuLI,"105-BT01A","105-BT01a. AHG - Done",2025-08-20 11:21:49.549,"10.2"
2812,quMWqLxzcfO,HMIS1055,HMIS 105:10 - OPD Monthly Report (Lab),sMYJWV46KrX,"105-MS04","105-MS04. Isospora - Positive",2025-08-20 11:21:49.553,"10.2"
2799,quMWqLxzcfO,HMIS1055,HMIS 105:10 - OPD Monthly Report (Lab),TyScVue0q2V,"105-MB07b","105-MB07b. Urine Protein- Positive",2025-08-20 11:21:49.551,"10.2"
2825,quMWqLxzcfO,HMIS1055,HMIS 105:10 - OPD Monthly Report (Lab),UrW2mViO9dP,"105-MB07a","105-MB07a. Urine Protein- Done",2025-08-20 11:21:49.555,"10.2"
2804,quMWqLxzcfO,HMIS1055,HMIS 105:10 - OPD Monthly Report (Lab),nY1Zl8YQZwa,"105-ML02A","105-ML02a. Latent TB Infection test - Total",2025-08-20 11:21:49.552,"10.2"
2827,quMWqLxzcfO,HMIS1055,HMIS 105:10 - OPD Monthly Report (Lab),xPtOdRdjbze,"105-ML06B","105-ML06b. EID (PCR) - Number Positive",2025-08-20 11:21:49.556,"10.2"
2803,quMWqLxzcfO,HMIS1055,HMIS 105:10 - OPD Monthly Report (Lab),fZNxozMEuqd,"105-SR12b","105-SR12b. Hep BsAg - Positive",2025-08-20 11:21:49.552,"10.2"
2818,quMWqLxzcfO,HMIS1055,HMIS 105:10 - OPD Monthly Report (Lab),ijUAc6k60Wn,"105-SR14b","105-SR14b Occult blood - Positive",2025-08-20 11:21:49.554,"10.2"
2831,quMWqLxzcfO,HMIS1055,HMIS 105:10 - OPD Monthly Report (Lab),rNbbIYr9Aua,"105-MB08b","105-MB08b. Urine Glucose- Positive",2025-08-20 11:21:49.556,"10.2"
2835,quMWqLxzcfO,HMIS1055,HMIS 105:10 - OPD Monthly Report (Lab),UMWxzjiDLIN,"105-SP10.","105-SP10.a Gram stain - Done",2025-08-20 11:21:49.557,
2836,quMWqLxzcfO,HMIS1055,HMIS 105:10 - OPD Monthly Report (Lab),VSuEAjhkpg3,"105-FN06.","105-FN06. Fine needle aspiration cytology -  Malignant",2025-08-20 11:21:49.557,
2837,quMWqLxzcfO,HMIS1055,HMIS 105:10 - OPD Monthly Report (Lab),R8U2KwDlBp1,"105-VS26C","105-VS26c. Isolates - Pending Results/Feedback",2025-08-20 11:21:49.557,
2839,quMWqLxzcfO,HMIS1055,HMIS 105:10 - OPD Monthly Report (Lab),LiW290bpl4d,"105-IH14B","105-IH14.b CD79 - Positive",2025-08-20 11:21:49.558,
2848,quMWqLxzcfO,HMIS1055,HMIS 105:10 - OPD Monthly Report (Lab),UoaGo2p2XSa,"105-LP07.","105-LP07. Bilirubin - Total - Done",2025-08-20 11:21:49.559,"10.2"
2842,quMWqLxzcfO,HMIS1055,HMIS 105:10 - OPD Monthly Report (Lab),GC4jWQynPsv,"105-HP. DNA Confirmed Tests","105-HP_2019. DNA Confirmed Tests",2025-08-20 11:21:49.558,
2843,quMWqLxzcfO,HMIS1055,HMIS 105:10 - OPD Monthly Report (Lab),Frr8PBtDifn,"105-VS10A","105-VS10a. Hepatitis B Viral load - Samples Referred",2025-08-20 11:21:49.558,
2845,quMWqLxzcfO,HMIS1055,HMIS 105:10 - OPD Monthly Report (Lab),SlsMhJ603jt,"105-IH20B","105-IH20.b Desmin CONFIRM - Positive",2025-08-20 11:21:49.559,
2847,quMWqLxzcfO,HMIS1055,HMIS 105:10 - OPD Monthly Report (Lab),O6XYShuqlHd,"105-HG06.","105-HG06. Breast cancer",2025-08-20 11:21:49.559,
2849,quMWqLxzcfO,HMIS1055,HMIS 105:10 - OPD Monthly Report (Lab),QOBvVJaaoN5,"105-HG02.","105-HG02. Prostate cancer",2025-08-20 11:21:49.559,
2850,quMWqLxzcfO,HMIS1055,HMIS 105:10 - OPD Monthly Report (Lab),OP71MliLuGt,"105-PC02.","105-PC02. Polymerase chain reaction PCR - Negative",2025-08-20 11:21:49.560,
2851,quMWqLxzcfO,HMIS1055,HMIS 105:10 - OPD Monthly Report (Lab),G0NxD60y255,"105-VS12C","105-VS12c. Hep BcAg, - Pending Results/Feedback",2025-08-20 11:21:49.560,
2852,quMWqLxzcfO,HMIS1055,HMIS 105:10 - OPD Monthly Report (Lab),W7lV5TYWYwF,"105-VS28C","105-VS28c. Animal Bites (suspected rabies) - Pending Results",2025-08-20 11:21:49.560,
2853,quMWqLxzcfO,HMIS1055,HMIS 105:10 - OPD Monthly Report (Lab),f0vomwcIhSf,"105-SP06B","105-SP06.b Congo Red - Positive",2025-08-20 11:21:49.560,
2855,quMWqLxzcfO,HMIS1055,HMIS 105:10 - OPD Monthly Report (Lab),fjDk7C69bya,"105-VS29A","105-VS29a. Haemoparasites - Samples Referred",2025-08-20 11:21:49.560,
2856,quMWqLxzcfO,HMIS1055,HMIS 105:10 - OPD Monthly Report (Lab),eRVnzHkfp0e,"105-HG12.","105-HG12.(a)Kaposi sarcoma - Hodgkin’s lymphoma(HL)",2025-08-20 11:21:49.561,
2857,quMWqLxzcfO,HMIS1055,HMIS 105:10 - OPD Monthly Report (Lab),Gn7wY2wbVyq,"105-SP04B","105-SP04.b Giemsa stain - Positive",2025-08-20 11:21:49.561,
2858,quMWqLxzcfO,HMIS1055,HMIS 105:10 - OPD Monthly Report (Lab),rRgPeS1TPDY,"105-SP07.","105-SP07.a Sudan Black - Done",2025-08-20 11:21:49.561,
2859,quMWqLxzcfO,HMIS1055,HMIS 105:10 - OPD Monthly Report (Lab),HI18HkBvOLc,"105-IH19.","105-IH19.a cytokeratin 20 - Done",2025-08-20 11:21:49.562,
2861,quMWqLxzcfO,HMIS1055,HMIS 105:10 - OPD Monthly Report (Lab),bcU8Uyg4BwG,"105-VS14C","105-VS14c. VHFs (EBOLA, MARBUG), - Pending Results/Feedback",2025-08-20 11:21:49.562,
2862,quMWqLxzcfO,HMIS1055,HMIS 105:10 - OPD Monthly Report (Lab),eX8nrnBi2Sv,"105-VS24C","105-VS24c. Neonatal tetanus - Pending Results/Feedback",2025-08-20 11:21:49.562,
2864,quMWqLxzcfO,HMIS1055,HMIS 105:10 - OPD Monthly Report (Lab),XAZ1aPt8emf,"105-IH06.","105-IH06.a CD20 - Done",2025-08-20 11:21:49.563,
2866,quMWqLxzcfO,HMIS1055,HMIS 105:10 - OPD Monthly Report (Lab),TZeQTEOfD1B,"105-SP02.","105-SP02.a Reticulin stain - Done",2025-08-20 11:21:49.563,
2867,quMWqLxzcfO,HMIS1055,HMIS 105:10 - OPD Monthly Report (Lab),nvApb8XztMw,"105-IH07.","105-IH07.a CD22 - Done",2025-08-20 11:21:49.564,
2868,quMWqLxzcfO,HMIS1055,HMIS 105:10 - OPD Monthly Report (Lab),YTouESznrw9,"105-HG04.","105-HG04. Leukemia",2025-08-20 11:21:49.564,
2870,quMWqLxzcfO,HMIS1055,HMIS 105:10 - OPD Monthly Report (Lab),yspQeu0EYeR,"105-SP03.","105-SP03.a Verhoffs Elastic Stain - Done",2025-08-20 11:21:49.565,
2872,quMWqLxzcfO,HMIS1055,HMIS 105:10 - OPD Monthly Report (Lab),bmAiGzRBKnc,"105-HG13.","105-HG13. Thyroid Cancer",2025-08-20 11:21:49.566,
2874,quMWqLxzcfO,HMIS1055,HMIS 105:10 - OPD Monthly Report (Lab),ueIxD2bE36W,"105-IH27B","105-IH27.b KI-67 - Positive",2025-08-20 11:21:49.566,
2877,quMWqLxzcfO,HMIS1055,HMIS 105:10 - OPD Monthly Report (Lab),w5I7khBBJaS,"105-VS24A","105-VS24a. Neonatal tetanus - Samples Referred",2025-08-20 11:21:49.567,
2878,quMWqLxzcfO,HMIS1055,HMIS 105:10 - OPD Monthly Report (Lab),yHqjB7fuSBv,"105-NP08","105-NP08. Cefoxitin",2025-08-20 11:21:49.568,
2879,quMWqLxzcfO,HMIS1055,HMIS 105:10 - OPD Monthly Report (Lab),Hks5N7iQkL8,"105-IH13B","105-IH13.b CD63(NKI/63) - Positive",2025-08-20 11:21:49.568,
2881,quMWqLxzcfO,HMIS1055,HMIS 105:10 - OPD Monthly Report (Lab),MVEEaOm3Ubx,"105-IH21B","105-IH21.b EMA - Positive",2025-08-20 11:21:49.568,
2882,quMWqLxzcfO,HMIS1055,HMIS 105:10 - OPD Monthly Report (Lab),aglyT588XSJ,x105-MT07B,"105-MT07b. Other Meetings - Conducted",2025-08-20 11:21:49.568,
2883,quMWqLxzcfO,HMIS1055,HMIS 105:10 - OPD Monthly Report (Lab),tleuJ6SCAQO,"105-IH02B","105-IH02.b AFP - Positive",2025-08-20 11:21:49.569,
2846,quMWqLxzcfO,HMIS1055,HMIS 105:10 - OPD Monthly Report (Lab),ozre5Ynz0z6,"105-BT02","105-BT02. ABO Grouping - Done",2025-08-20 11:21:49.559,"10.2"
2838,quMWqLxzcfO,HMIS1055,HMIS 105:10 - OPD Monthly Report (Lab),zGkWywUtcXm,"105-SR05B","105-SR05b. Brucella - Positive",2025-08-20 11:21:49.558,"10.2"
2865,quMWqLxzcfO,HMIS1055,HMIS 105:10 - OPD Monthly Report (Lab),xD0bQSWLu2t,"105-MS09","105-MS09. Askaris - Positive",2025-08-20 11:21:49.563,"10.2"
2863,quMWqLxzcfO,HMIS1055,HMIS 105:10 - OPD Monthly Report (Lab),TGUAulMmWi1,"105-MB11b","105-MB11b. Skin Smear - Positive",2025-08-20 11:21:49.563,"10.2"
2876,quMWqLxzcfO,HMIS1055,HMIS 105:10 - OPD Monthly Report (Lab),KfQ1gcLszOB,"105-MB010","105-MB010a. Stool for Gene x-pert - Done",2025-08-20 11:21:49.567,"10.2"
2875,quMWqLxzcfO,HMIS1055,HMIS 105:10 - OPD Monthly Report (Lab),VJjezz2WAqu,"105-ML03A","105-ML03a. HPV - Number Done",2025-08-20 11:21:49.567,"10.2"
2844,quMWqLxzcfO,HMIS1055,HMIS 105:10 - OPD Monthly Report (Lab),k7ut0wuDciZ,"105-IG02B","105-IG02b. TB LAM - Number Positive",2025-08-20 11:21:49.559,"10.2"
2854,quMWqLxzcfO,HMIS1055,HMIS 105:10 - OPD Monthly Report (Lab),Sllv4L02jGv,"105-IG04B","105-IG04b Others - Number Positive",2025-08-20 11:21:49.560,"10.2"
2860,quMWqLxzcfO,HMIS1055,HMIS 105:10 - OPD Monthly Report (Lab),ioFXvXGyrFY,"105-IG04A","105-IG04a Others - Number Done",2025-08-20 11:21:49.562,"10.2"
2869,quMWqLxzcfO,HMIS1055,HMIS 105:10 - OPD Monthly Report (Lab),TZkw6GmubnT,"105-PS06A","105-PS06a. Borrellia - Done",2025-08-20 11:21:49.564,"10.2"
2841,quMWqLxzcfO,HMIS1055,HMIS 105:10 - OPD Monthly Report (Lab),Fa9hodskeJ9,"105-SR15a","105-SR15a. Toxoplasma IgG- Done",2025-08-20 11:21:49.558,"10.2"
2886,quMWqLxzcfO,HMIS1055,HMIS 105:10 - OPD Monthly Report (Lab),Fn15HIXzWg9,"105-VS11A","105-VS11a. Hepatitis C Viral load - Samples Referred",2025-08-20 11:21:49.569,
2887,quMWqLxzcfO,HMIS1055,HMIS 105:10 - OPD Monthly Report (Lab),srFuDYplT9H,"105-VS20C","105-VS20c. Cholera - Pending Results/Feedback",2025-08-20 11:21:49.569,
2888,quMWqLxzcfO,HMIS1055,HMIS 105:10 - OPD Monthly Report (Lab),XWAeQWFCSOP,"105-IH25B","105-IH25.b HER-2 - Positive",2025-08-20 11:21:49.570,
2890,quMWqLxzcfO,HMIS1055,HMIS 105:10 - OPD Monthly Report (Lab),OuUfsq2oCzQ,"105-VS11C","105-VS11c. Hepatitis C Viral load - Pending Results/Feedback",2025-08-20 11:21:49.570,
2891,quMWqLxzcfO,HMIS1055,HMIS 105:10 - OPD Monthly Report (Lab),YnsUwYrc12d,"105-105-R","105-105-RT06. Routine tests that could not be conducted at facility - Immunology",2025-08-20 11:21:49.570,
2892,quMWqLxzcfO,HMIS1055,HMIS 105:10 - OPD Monthly Report (Lab),MNnG5aukNOu,"105-HP06C","105-HP06c. HIV Recency Testing - DNA Confirmed Tests",2025-08-20 11:21:49.570,
58,EBqVAQRmiPm,HMIS108,HMIS 108 - IPD Monthly Report,hSrTiWZ8HHx,"108-EP04A","108-EP04a. Cholera  - Cases",2025-08-20 10:39:54.410,"1.3.1"
68,EBqVAQRmiPm,HMIS108,HMIS 108 - IPD Monthly Report,jmHEyfyfaA1,"108-EP03B","108-EP03b. Animal Bites (suspected rabies)  - Deaths",2025-08-20 10:39:54.411,"1.3.1"
94,EBqVAQRmiPm,HMIS108,HMIS 108 - IPD Monthly Report,LNveKIXGpbN,"108-EP10A","108-EP10a. Yellow Fever  - Cases",2025-08-20 10:39:54.416,"1.3.1"
221,EBqVAQRmiPm,HMIS108,HMIS 108 - IPD Monthly Report,vEKh9XytYCC,"108-EP18b","108-EP18b. Covid-19 - Deaths",2025-08-20 10:39:54.438,"1.3.1"
224,EBqVAQRmiPm,HMIS108,HMIS 108 - IPD Monthly Report,ZhNKESX1NRx,"108-EP10B","108-EP10b. Yellow Fever  - Deaths",2025-08-20 10:39:54.439,"1.3.1"
243,EBqVAQRmiPm,HMIS108,HMIS 108 - IPD Monthly Report,efqN7OkV44i,"108-EP08B","108-EP08b. Neonatal tetanus  - Deaths",2025-08-20 10:39:54.442,"1.3.1"
259,EBqVAQRmiPm,HMIS108,HMIS 108 - IPD Monthly Report,wFZdjFBdByd,"108-EP04B","108-EP04b. Cholera  - Deaths",2025-08-20 10:39:54.449,"1.3.1"
297,EBqVAQRmiPm,HMIS108,HMIS 108 - IPD Monthly Report,FXMKf4qHAzn,"108-EP02B","108-EP02b. Acute Flaccid Paralysis  - Deaths",2025-08-20 10:39:54.457,"1.3.1"
307,EBqVAQRmiPm,HMIS108,HMIS 108 - IPD Monthly Report,zKPIYeXkjwr,"108-EP07A","108-EP07a. Measles  - Cases",2025-08-20 10:39:54.459,"1.3.1"
321,EBqVAQRmiPm,HMIS108,HMIS 108 - IPD Monthly Report,kTNR0V38fJ1,"108-EP06B","108-EP06b. Guinea Worm  - Deaths",2025-08-20 10:39:54.463,"1.3.1"
367,EBqVAQRmiPm,HMIS108,HMIS 108 - IPD Monthly Report,JqtIzFBoPP8,"108-EP06A","108-EP06a. Guinea Worm  - Cases",2025-08-20 10:39:54.474,"1.3.1"
429,EBqVAQRmiPm,HMIS108,HMIS 108 - IPD Monthly Report,oRuwiWtsLBk,"108-EP03A","108-EP03a. Animal Bites (suspected rabies)  - Cases",2025-08-20 10:39:54.486,"1.3.1"
434,EBqVAQRmiPm,HMIS108,HMIS 108 - IPD Monthly Report,GK3g91KLHgN,"108-EP08A","108-EP08a. Neonatal tetanus  - Cases",2025-08-20 10:39:54.487,"1.3.1"
435,EBqVAQRmiPm,HMIS108,HMIS 108 - IPD Monthly Report,RMQ0tjd8t4v,"108-EP05A","108-EP05a. Dysentery  - Cases",2025-08-20 10:39:54.488,"1.3.1"
444,EBqVAQRmiPm,HMIS108,HMIS 108 - IPD Monthly Report,oGakFLvGSd3,"108-EP09B","108-EP09b. Plague  - Deaths",2025-08-20 10:39:54.491,"1.3.1"
469,EBqVAQRmiPm,HMIS108,HMIS 108 - IPD Monthly Report,AuAOIfCuBUp,"108-EP01a2","108-EP01a2. Malaria Total  - Deaths",2025-08-20 10:39:54.497,"1.3.1"
528,EBqVAQRmiPm,HMIS108,HMIS 108 - IPD Monthly Report,EazbwMgh0Z6,"108-EP07B","108-EP07b. Measles  - Deaths",2025-08-20 10:39:54.508,"1.3.1"
534,EBqVAQRmiPm,HMIS108,HMIS 108 - IPD Monthly Report,gHjJrtw9vQX,"108-EP01b2","108-EP01b2. Malaria Confirmed (Microscopic &RDT)  - Deaths",2025-08-20 10:39:54.509,"1.3.1"
606,EBqVAQRmiPm,HMIS108,HMIS 108 - IPD Monthly Report,Kg1shMvQg6L,"108-EP05B","108-EP05b. Dysentery  - Deaths",2025-08-20 10:39:54.525,"1.3.1"
626,EBqVAQRmiPm,HMIS108,HMIS 108 - IPD Monthly Report,BWZFz9RJRPI,"108-EP01a1","108-EP01a1. Malaria Total  - Cases",2025-08-20 10:39:54.531,"1.3.1"
656,EBqVAQRmiPm,HMIS108,HMIS 108 - IPD Monthly Report,JomcjLiimsZ,"108-EP09A","108-EP09a. Plague  - Cases",2025-08-20 10:39:54.538,"1.3.1"
751,EBqVAQRmiPm,HMIS108,HMIS 108 - IPD Monthly Report,BwkikubZJae,"108-EP02A","108-EP02a. Acute Flaccid Paralysis  - Cases",2025-08-20 10:39:54.558,"1.3.1"
807,EBqVAQRmiPm,HMIS108,HMIS 108 - IPD Monthly Report,hnKT07rI10V,"108-EP18a","108-EP18a. Covid-19 - Cases",2025-08-20 10:39:54.569,"1.3.1"
836,EBqVAQRmiPm,HMIS108,HMIS 108 - IPD Monthly Report,pRZrTLDN7Ge,"108-EP01b1","108-EP01b1. Malaria Confirmed (Microscopic &RDT)  - Cases",2025-08-20 10:39:54.575,"1.3.1"
2885,quMWqLxzcfO,HMIS1055,HMIS 105:10 - OPD Monthly Report (Lab),jmpvzaJi5c0,"105-PS01A","105-PS01a. Malaria Microscopy - Done",2025-08-20 11:21:49.569,"10.2"
2889,quMWqLxzcfO,HMIS1055,HMIS 105:10 - OPD Monthly Report (Lab),HHKeuwKNIVs,"105-MB010B","105-MB010b. Stool for Gene x-pert - Positive",2025-08-20 11:21:49.570,"10.2"
116,EBqVAQRmiPm,HMIS108,HMIS 108 - IPD Monthly Report,uDlya0eRCDl,"108-CD12B","108-CD12b. Urinary Tract Infections (UTI)  - Deaths",2025-08-20 10:39:54.420,"1.3.2"
134,EBqVAQRmiPm,HMIS108,HMIS 108 - IPD Monthly Report,bjjF5TZuyHD,"108-CD14A","108-CD14a. Sleeping sickness  - Cases",2025-08-20 10:39:54.423,"1.3.2"
141,EBqVAQRmiPm,HMIS108,HMIS 108 - IPD Monthly Report,FbqzQB58GNY,"108-CD12A","108-CD12a. Urinary Tract Infections (UTI)  - Cases",2025-08-20 10:39:54.424,"1.3.2"
144,EBqVAQRmiPm,HMIS108,HMIS 108 - IPD Monthly Report,bdzt06oCXUl,"108-CD04B","108-CD04b. Septicemia  - Deaths",2025-08-20 10:39:54.425,"1.3.2"
164,EBqVAQRmiPm,HMIS108,HMIS 108 - IPD Monthly Report,NdjpWnigebk,"108-CD06B","108-CD06b. Pneumonia  - Deaths",2025-08-20 10:39:54.428,"1.3.2"
386,EBqVAQRmiPm,HMIS108,HMIS 108 - IPD Monthly Report,B7ubNOPBEAz,"108-CD08B","108-CD08b. Pyrexia of unknown origin (PUO)  - Deaths",2025-08-20 10:39:54.478,"1.3.2"
389,EBqVAQRmiPm,HMIS108,HMIS 108 - IPD Monthly Report,M7MAmRvwYeP,"108-CD11B","108-CD11b. Osteomyelitis  - Deaths",2025-08-20 10:39:54.478,"1.3.2"
402,EBqVAQRmiPm,HMIS108,HMIS 108 - IPD Monthly Report,MzsvdI8DzET,"108-CD05A","108-CD05a. Peritonitis  - Cases",2025-08-20 10:39:54.480,"1.3.2"
468,EBqVAQRmiPm,HMIS108,HMIS 108 - IPD Monthly Report,XwydjcQlZOI,"108-CD02B","108-CD02b. Diarrhea - Persistent  - Deaths",2025-08-20 10:39:54.497,"1.3.2"
482,EBqVAQRmiPm,HMIS108,HMIS 108 - IPD Monthly Report,HkI0xDwvvr8,"108-CD01B","108-CD01b. Diarrhea - Acute  - Deaths",2025-08-20 10:39:54.499,"1.3.2"
509,EBqVAQRmiPm,HMIS108,HMIS 108 - IPD Monthly Report,TYU87IDIZ7h,"108-CD13B","108-CD13b. Tetanus (over 28 days age)  - Deaths",2025-08-20 10:39:54.504,"1.3.2"
731,EBqVAQRmiPm,HMIS108,HMIS 108 - IPD Monthly Report,CqAgkcN82T5,"108-CD03A","108-CD03a. Genital Ulcers  - Cases",2025-08-20 10:39:54.554,"1.3.2"
733,EBqVAQRmiPm,HMIS108,HMIS 108 - IPD Monthly Report,RpqzO7uOoEn,"108-CD03B","108-CD03b. Genital Ulcers  - Deaths",2025-08-20 10:39:54.555,"1.3.2"
774,EBqVAQRmiPm,HMIS108,HMIS 108 - IPD Monthly Report,GniTZ5vOhze,"108-CD10A","108-CD10a. Leprosy  - Cases",2025-08-20 10:39:54.561,"1.3.2"
787,EBqVAQRmiPm,HMIS108,HMIS 108 - IPD Monthly Report,tNA5hDRYuJI,"108-CD11A","108-CD11a. Osteomyelitis  - Cases",2025-08-20 10:39:54.564,"1.3.2"
790,EBqVAQRmiPm,HMIS108,HMIS 108 - IPD Monthly Report,GwQD5HqHGIv,"108-CD01A","108-CD01a. Diarrhea - Acute  - Cases",2025-08-20 10:39:54.565,"1.3.2"
917,RtEYsASU7PG,HMIS1051,"HMIS 105:01 - OPD Monthly Report (Attendance, Referrals, Conditions,TB, Nutrition)",TDUjUDLnV9v,"105-CD10","105-CD10. Other types of meningitis",2025-08-20 11:19:30.723,"1.3.2"
943,RtEYsASU7PG,HMIS1051,"HMIS 105:01 - OPD Monthly Report (Attendance, Referrals, Conditions,TB, Nutrition)",MIzh6JUSxX9,"105-CD03","105-CD03. Urethral discharges",2025-08-20 11:19:30.727,"1.3.2"
972,RtEYsASU7PG,HMIS1051,"HMIS 105:01 - OPD Monthly Report (Attendance, Referrals, Conditions,TB, Nutrition)",LR8778hLH8U,"105-CD11","105-CD11. Cough or cold  - No Pneumonia",2025-08-20 11:19:30.734,"1.3.2"
1043,RtEYsASU7PG,HMIS1051,"HMIS 105:01 - OPD Monthly Report (Attendance, Referrals, Conditions,TB, Nutrition)",gN26QajXn26,"105-CD17","105-CD17. Pelvic Inflammatory Disease (PID)",2025-08-20 11:19:30.748,"1.3.2"
1046,RtEYsASU7PG,HMIS1051,"HMIS 105:01 - OPD Monthly Report (Attendance, Referrals, Conditions,TB, Nutrition)",MxD5pnf5rVM,"105-CD04","105-CD04. Genital ulcers",2025-08-20 11:19:30.749,"1.3.2"
1197,RtEYsASU7PG,HMIS1051,"HMIS 105:01 - OPD Monthly Report (Attendance, Referrals, Conditions,TB, Nutrition)",DH62JAC1Vb5,"105-EP18","105-EP18. Covid-19",2025-08-20 11:19:30.780,"1.3.1"
1212,RtEYsASU7PG,HMIS1051,"HMIS 105:01 - OPD Monthly Report (Attendance, Referrals, Conditions,TB, Nutrition)",Sqp9021uSu2,"105-EP08","105-EP08. Bacterial Meningitis",2025-08-20 11:19:30.784,"1.3.1"
1257,RtEYsASU7PG,HMIS1051,"HMIS 105:01 - OPD Monthly Report (Attendance, Referrals, Conditions,TB, Nutrition)",cQFHqwol7ql,"105-EP12","105-EP12. Other Viral Haemorrhagic Fevers",2025-08-20 11:19:30.793,"1.3.1"
1264,RtEYsASU7PG,HMIS1051,"HMIS 105:01 - OPD Monthly Report (Attendance, Referrals, Conditions,TB, Nutrition)",Fg238FCRDff,"105-EP17A_2019","105-EP17a_2019. Other Emerging infectious Disease 1",2025-08-20 11:19:30.794,"1.3.1"
1279,RtEYsASU7PG,HMIS1051,"HMIS 105:01 - OPD Monthly Report (Attendance, Referrals, Conditions,TB, Nutrition)",imZQ4a2hYci,"105-EP16","105-EP16. Refampicin resistant TB cases",2025-08-20 11:19:30.799,"1.3.1"
1287,RtEYsASU7PG,HMIS1051,"HMIS 105:01 - OPD Monthly Report (Attendance, Referrals, Conditions,TB, Nutrition)",QgHSEKZAkiI,"105-EP05","105-EP05. Dysentery",2025-08-20 11:19:30.800,"1.3.1"
1298,RtEYsASU7PG,HMIS1051,"HMIS 105:01 - OPD Monthly Report (Attendance, Referrals, Conditions,TB, Nutrition)",hIM0TcKs9jn,"105-EP17C_2019","105-EP17c_2019. Other Emerging infectious Disease 3",2025-08-20 11:19:30.804,"1.3.1"
1309,RtEYsASU7PG,HMIS1051,"HMIS 105:01 - OPD Monthly Report (Attendance, Referrals, Conditions,TB, Nutrition)",D9A0afrTYPw,"105-EP01B_2019","105-EP01b_2019 Malaria Total",2025-08-20 11:19:30.806,"1.3.1"
1396,RtEYsASU7PG,HMIS1051,"HMIS 105:01 - OPD Monthly Report (Attendance, Referrals, Conditions,TB, Nutrition)",WIJ0fbjLIJh,"105-CD07","105-CD07. Urinary Tract Infections (UTI)",2025-08-20 11:19:30.824,"1.3.2"
1410,RtEYsASU7PG,HMIS1051,"HMIS 105:01 - OPD Monthly Report (Attendance, Referrals, Conditions,TB, Nutrition)",QTY3T2iXogb,"105-CD18","105-CD18. Brucellosis",2025-08-20 11:19:30.827,"1.3.2"
1452,RtEYsASU7PG,HMIS1051,"HMIS 105:01 - OPD Monthly Report (Attendance, Referrals, Conditions,TB, Nutrition)",qZWIcBDEYTx,"105-CD19","105-CD19. Surgical Site Infections(SSI)",2025-08-20 11:19:30.839,"1.3.2"
854,RtEYsASU7PG,HMIS1051,"HMIS 105:01 - OPD Monthly Report (Attendance, Referrals, Conditions,TB, Nutrition)",Kl7nvNSOvvF,"105-EP04","105-EP04. Cholera",2025-08-20 11:19:30.710,"1.3.1"
883,RtEYsASU7PG,HMIS1051,"HMIS 105:01 - OPD Monthly Report (Attendance, Referrals, Conditions,TB, Nutrition)",WHf6QK827ub,"105-EP11","105-EP11. Yellow Fever",2025-08-20 11:19:30.717,"1.3.1"
894,RtEYsASU7PG,HMIS1051,"HMIS 105:01 - OPD Monthly Report (Attendance, Referrals, Conditions,TB, Nutrition)",PuW4NHBBp2X,"105-EP17B_2019","105-EP17b_2019. Other Emerging infectious Disease 2",2025-08-20 11:19:30.719,"1.3.1"
1010,RtEYsASU7PG,HMIS1051,"HMIS 105:01 - OPD Monthly Report (Attendance, Referrals, Conditions,TB, Nutrition)",heRf8NdGtgO,"105-EP14","105-EP14. Adverse Events Following Immunization (AEFI)",2025-08-20 11:19:30.741,"1.3.1"
1012,RtEYsASU7PG,HMIS1051,"HMIS 105:01 - OPD Monthly Report (Attendance, Referrals, Conditions,TB, Nutrition)",VozjcVb9Fu8,"105-EP01D","105-EP01d. Confirmed Malaria  cases treated",2025-08-20 11:19:30.741,"1.3.1"
1048,RtEYsASU7PG,HMIS1051,"HMIS 105:01 - OPD Monthly Report (Attendance, Referrals, Conditions,TB, Nutrition)",B0avY8vCdEW,"105-EP17","105-EP17. Other Emerging infectious Diseases(e.g influenza like illness(ILI), SARS",2025-08-20 11:19:30.749,"1.3.1"
1063,RtEYsASU7PG,HMIS1051,"HMIS 105:01 - OPD Monthly Report (Attendance, Referrals, Conditions,TB, Nutrition)",wUDxFVBapIc,"105-EP01C","105-EP01c. Malaria confirmed (B/s & RDT)",2025-08-20 11:19:30.752,"1.3.1"
1091,RtEYsASU7PG,HMIS1051,"HMIS 105:01 - OPD Monthly Report (Attendance, Referrals, Conditions,TB, Nutrition)",GMdWrlWwh1w,"105-EP13","105-EP13. Severe Acute Respiratory Infection (SARI)",2025-08-20 11:19:30.756,"1.3.1"
1156,RtEYsASU7PG,HMIS1051,"HMIS 105:01 - OPD Monthly Report (Attendance, Referrals, Conditions,TB, Nutrition)",JhvC7ZR9hUe,"105-EP01A","105-EP01a. Suspected Malaria (fever)",2025-08-20 11:19:30.768,"1.3.1"
1168,RtEYsASU7PG,HMIS1051,"HMIS 105:01 - OPD Monthly Report (Attendance, Referrals, Conditions,TB, Nutrition)",r4fQVHDftNs,"105-EP15","105-EP15. Typhoid Fever",2025-08-20 11:19:30.771,"1.3.1"
1176,RtEYsASU7PG,HMIS1051,"HMIS 105:01 - OPD Monthly Report (Attendance, Referrals, Conditions,TB, Nutrition)",Z6yO7olyecs,"105-EP02","105-EP02. Acute Flaccid Paralysis",2025-08-20 11:19:30.773,"1.3.1"
1178,RtEYsASU7PG,HMIS1051,"HMIS 105:01 - OPD Monthly Report (Attendance, Referrals, Conditions,TB, Nutrition)",QHnwKs2OUZv,"105-EP01E","105-EP01e Total malaria cases treated",2025-08-20 11:19:30.774,"1.3.1"
1179,RtEYsASU7PG,HMIS1051,"HMIS 105:01 - OPD Monthly Report (Attendance, Referrals, Conditions,TB, Nutrition)",MAdd47BztzL,"105-EP07","105-EP07. Measles",2025-08-20 11:19:30.774,"1.3.1"
1311,RtEYsASU7PG,HMIS1051,"HMIS 105:01 - OPD Monthly Report (Attendance, Referrals, Conditions,TB, Nutrition)",TDvR6wooe0z,"105-EP09","105-EP09. Neonatal tetanus",2025-08-20 11:19:30.807,"1.3.1"
1324,RtEYsASU7PG,HMIS1051,"HMIS 105:01 - OPD Monthly Report (Attendance, Referrals, Conditions,TB, Nutrition)",YhGqBI5c7Zt,"105-EP10","105-EP10. Plague",2025-08-20 11:19:30.809,"1.3.1"
1360,RtEYsASU7PG,HMIS1051,"HMIS 105:01 - OPD Monthly Report (Attendance, Referrals, Conditions,TB, Nutrition)",MZnCe1GyUJ3,"105-EP06","105-EP06. Guinea Worm",2025-08-20 11:19:30.817,"1.3.1"
1361,RtEYsASU7PG,HMIS1051,"HMIS 105:01 - OPD Monthly Report (Attendance, Referrals, Conditions,TB, Nutrition)",Cd993CsXVlM,"105-EP03","105-EP03. Animal Bites (suspected rabies)",2025-08-20 11:19:30.818,"1.3.1"
1363,RtEYsASU7PG,HMIS1051,"HMIS 105:01 - OPD Monthly Report (Attendance, Referrals, Conditions,TB, Nutrition)",V6qtHkux6Io,"105-EP01B","105-EP01b. Malaria Tested (B/s & RDT )",2025-08-20 11:19:30.818,"1.3.1"
1430,RtEYsASU7PG,HMIS1051,"HMIS 105:01 - OPD Monthly Report (Attendance, Referrals, Conditions,TB, Nutrition)",UqF107LDITO,"105-ND04","105-ND04. Neonatal Pneumonia (8-28days)",2025-08-20 11:19:30.831,"1.3.3"
1461,RtEYsASU7PG,HMIS1051,"HMIS 105:01 - OPD Monthly Report (Attendance, Referrals, Conditions,TB, Nutrition)",jAJQPlf99VV,"105-ND06","105-ND06. Neonatal Jaundice",2025-08-20 11:19:30.841,"1.3.3"
1088,RtEYsASU7PG,HMIS1051,"HMIS 105:01 - OPD Monthly Report (Attendance, Referrals, Conditions,TB, Nutrition)",p9EPi77rptk,"105-EN03","105-EN03. Hearing loss",2025-08-20 11:19:30.756,"1.3.6"
1142,RtEYsASU7PG,HMIS1051,"HMIS 105:01 - OPD Monthly Report (Attendance, Referrals, Conditions,TB, Nutrition)",h5JApA8gFwD,"105-EN16","105-EN16. Head and neck cancers",2025-08-20 11:19:30.766,"1.3.6"
1412,RtEYsASU7PG,HMIS1051,"HMIS 105:01 - OPD Monthly Report (Attendance, Referrals, Conditions,TB, Nutrition)",m68a9ZrLHQO,"105-EN10","105-EN10. Otitis external",2025-08-20 11:19:30.827,"1.3.6"
886,RtEYsASU7PG,HMIS1051,"HMIS 105:01 - OPD Monthly Report (Attendance, Referrals, Conditions,TB, Nutrition)",WLzQBop4xf5,"105-EC21","105-EC21. Retinoblastoma",2025-08-20 11:19:30.718,"1.3.7"
899,RtEYsASU7PG,HMIS1051,"HMIS 105:01 - OPD Monthly Report (Attendance, Referrals, Conditions,TB, Nutrition)",ZJQwEArEIbG,"105-EC08","105-EC08. Glaucoma",2025-08-20 11:19:30.720,"1.3.7"
934,RtEYsASU7PG,HMIS1051,"HMIS 105:01 - OPD Monthly Report (Attendance, Referrals, Conditions,TB, Nutrition)",qwjm9g7nTXK,"105-EC11","105-EC11. Ocular trauma and Burns",2025-08-20 11:19:30.726,"1.3.7"
935,RtEYsASU7PG,HMIS1051,"HMIS 105:01 - OPD Monthly Report (Attendance, Referrals, Conditions,TB, Nutrition)",tnjg6ygBlhw,"105-EC07","105-EC07. Refractive errors",2025-08-20 11:19:30.726,"1.3.7"
940,RtEYsASU7PG,HMIS1051,"HMIS 105:01 - OPD Monthly Report (Attendance, Referrals, Conditions,TB, Nutrition)",BrCt0LZfKOA,"105-EC20","105-EC20. Squamous Cell Carcinoma of Conjunctiva",2025-08-20 11:19:30.727,"1.3.7"
1103,RtEYsASU7PG,HMIS1051,"HMIS 105:01 - OPD Monthly Report (Attendance, Referrals, Conditions,TB, Nutrition)",PgLUhukgbZu,"105-EC02","105-EC02. Bacterial Conjunctivitis",2025-08-20 11:19:30.758,"1.3.7"
1115,RtEYsASU7PG,HMIS1051,"HMIS 105:01 - OPD Monthly Report (Attendance, Referrals, Conditions,TB, Nutrition)",I7sHmCQnXcV,"105-EC13","105-EC13. Chorioretinal, Macular & Vitreous Disorders",2025-08-20 11:19:30.760,"1.3.7"
1159,RtEYsASU7PG,HMIS1051,"HMIS 105:01 - OPD Monthly Report (Attendance, Referrals, Conditions,TB, Nutrition)",oNhhWyhf7Ue,"105-EC19","105-EC19. Ptosis and other lid Disorders",2025-08-20 11:19:30.769,"1.3.7"
1211,RtEYsASU7PG,HMIS1051,"HMIS 105:01 - OPD Monthly Report (Attendance, Referrals, Conditions,TB, Nutrition)",bPvsis0k7xb,"105-EC18","105-EC18. Strabismus ( All types)",2025-08-20 11:19:30.784,"1.3.7"
1342,RtEYsASU7PG,HMIS1051,"HMIS 105:01 - OPD Monthly Report (Attendance, Referrals, Conditions,TB, Nutrition)",WIcLelJiOWf,"105-EC23","105-EC23. Other Benign Tumours/Growths",2025-08-20 11:19:30.815,"1.3.7"
1406,RtEYsASU7PG,HMIS1051,"HMIS 105:01 - OPD Monthly Report (Attendance, Referrals, Conditions,TB, Nutrition)",FP3RqnpmLG6,"105-EC24","105-EC24. Blindness",2025-08-20 11:19:30.826,"1.3.7"
860,RtEYsASU7PG,HMIS1051,"HMIS 105:01 - OPD Monthly Report (Attendance, Referrals, Conditions,TB, Nutrition)",D4Qa3thOT0Z,"105-MH39","105-MH39. Other forms of Dementia",2025-08-20 11:19:30.712,"1.3.8"
862,RtEYsASU7PG,HMIS1051,"HMIS 105:01 - OPD Monthly Report (Attendance, Referrals, Conditions,TB, Nutrition)",HvDw9u4ZXCr,"105-MH12","105-MH12.Anxiety - Panic Disorder",2025-08-20 11:19:30.712,"1.3.8"
866,RtEYsASU7PG,HMIS1051,"HMIS 105:01 - OPD Monthly Report (Attendance, Referrals, Conditions,TB, Nutrition)",i9JiX86LCcs,"105-MH25","105-MH25.Conduct Disorder",2025-08-20 11:19:30.713,"1.3.8"
901,RtEYsASU7PG,HMIS1051,"HMIS 105:01 - OPD Monthly Report (Attendance, Referrals, Conditions,TB, Nutrition)",iZkAtSQFGPh,"105-MH07","105-MH07. Schizophrenia",2025-08-20 11:19:30.721,"1.3.8"
906,RtEYsASU7PG,HMIS1051,"HMIS 105:01 - OPD Monthly Report (Attendance, Referrals, Conditions,TB, Nutrition)",YzcV7QwkV0A,"105-MH46","105-MH46.Other Adult Mental Disorders",2025-08-20 11:19:30.721,"1.3.8"
1000,RtEYsASU7PG,HMIS1051,"HMIS 105:01 - OPD Monthly Report (Attendance, Referrals, Conditions,TB, Nutrition)",ziVCnB8pm8c,"105-MH45","105-MH45.Other Childhood Mental Disorders",2025-08-20 11:19:30.739,"1.3.8"
1013,RtEYsASU7PG,HMIS1051,"HMIS 105:01 - OPD Monthly Report (Attendance, Referrals, Conditions,TB, Nutrition)",dOncxW7a20x,"105-MH28","105-MH28.Cannabis Use Disorder",2025-08-20 11:19:30.742,"1.3.8"
1078,RtEYsASU7PG,HMIS1051,"HMIS 105:01 - OPD Monthly Report (Attendance, Referrals, Conditions,TB, Nutrition)",lRQrFjozpk1,"105-MH40","105-MH40.Personallity Disorder",2025-08-20 11:19:30.754,"1.3.8"
1084,RtEYsASU7PG,HMIS1051,"HMIS 105:01 - OPD Monthly Report (Attendance, Referrals, Conditions,TB, Nutrition)",LPbrf3PMYFv,"105-MH15_2019","105-MH15_2019 Internet addiction",2025-08-20 11:19:30.755,"1.3.8"
1086,RtEYsASU7PG,HMIS1051,"HMIS 105:01 - OPD Monthly Report (Attendance, Referrals, Conditions,TB, Nutrition)",V9VrETz61yN,"105-MH26","105-MH26.Alcohol Use Disorders",2025-08-20 11:19:30.755,"1.3.8"
1141,RtEYsASU7PG,HMIS1051,"HMIS 105:01 - OPD Monthly Report (Attendance, Referrals, Conditions,TB, Nutrition)",npIzs2n622e,"105-MH01_2019","105-MH01_2019 Anxiety Disorders",2025-08-20 11:19:30.765,"1.3.8"
1153,RtEYsASU7PG,HMIS1051,"HMIS 105:01 - OPD Monthly Report (Attendance, Referrals, Conditions,TB, Nutrition)",ylFKqwOUQAr,"105-MH15","105-MH15. Acute Stress Disorder",2025-08-20 11:19:30.768,"1.3.8"
1222,RtEYsASU7PG,HMIS1051,"HMIS 105:01 - OPD Monthly Report (Attendance, Referrals, Conditions,TB, Nutrition)",bWKt8wPieZ9,"105-MH03_2019","105-MH03_2019 Unipolar Depressive Disorder",2025-08-20 11:19:30.787,"1.3.8"
1229,RtEYsASU7PG,HMIS1051,"HMIS 105:01 - OPD Monthly Report (Attendance, Referrals, Conditions,TB, Nutrition)",pHy5MU4wWO9,"105-MH11","105-MH11. Anxiety -Social anxiety Disoders",2025-08-20 11:19:30.788,"1.3.8"
1236,RtEYsASU7PG,HMIS1051,"HMIS 105:01 - OPD Monthly Report (Attendance, Referrals, Conditions,TB, Nutrition)",P6HSldZtd8j,"105-MH33","105-MH33.Epilepsy",2025-08-20 11:19:30.789,"1.3.8"
1344,RtEYsASU7PG,HMIS1051,"HMIS 105:01 - OPD Monthly Report (Attendance, Referrals, Conditions,TB, Nutrition)",JQN4hw2IJmW,"105-MH38","105-MH38. Dementia due to stroke (Diabetes, Hypertension)",2025-08-20 11:19:30.815,"1.3.8"
1439,RtEYsASU7PG,HMIS1051,"HMIS 105:01 - OPD Monthly Report (Attendance, Referrals, Conditions,TB, Nutrition)",SvcoAGvOhgX,"105-MH14","105-MH14.Obsessive-Compulsive Disorder",2025-08-20 11:19:30.834,"1.3.8"
1440,RtEYsASU7PG,HMIS1051,"HMIS 105:01 - OPD Monthly Report (Attendance, Referrals, Conditions,TB, Nutrition)",PDlBRSON8kH,"105-MH20","105-MH20. Eating Disorder",2025-08-20 11:19:30.835,"1.3.8"
1463,RtEYsASU7PG,HMIS1051,"HMIS 105:01 - OPD Monthly Report (Attendance, Referrals, Conditions,TB, Nutrition)",H7Gfj93xbfp,"105-MH42","105-MH42. Gambling Disorder",2025-08-20 11:19:30.841,"1.3.8"
1042,RtEYsASU7PG,HMIS1051,"HMIS 105:01 - OPD Monthly Report (Attendance, Referrals, Conditions,TB, Nutrition)",RuSkTA940Cg,"105-NE08","105-NE08. Down Syndrome (DS)",2025-08-20 11:19:30.748,"1.3.9"
1050,RtEYsASU7PG,HMIS1051,"HMIS 105:01 - OPD Monthly Report (Attendance, Referrals, Conditions,TB, Nutrition)",dd8gF1ulWk0,"105-NE14_2019","105-NE14_2019 Conduct disorders",2025-08-20 11:19:30.749,"1.3.9"
1107,RtEYsASU7PG,HMIS1051,"HMIS 105:01 - OPD Monthly Report (Attendance, Referrals, Conditions,TB, Nutrition)",fFBi8TFWlMA,"105-CA05","105-CA05. Liver Cancer ",2025-08-20 11:19:30.759,"1.3.11"
1124,RtEYsASU7PG,HMIS1051,"HMIS 105:01 - OPD Monthly Report (Attendance, Referrals, Conditions,TB, Nutrition)",kUeF5RT3BTR,"105-CA21","105-CA21. Kidney Cancer",2025-08-20 11:19:30.762,"1.3.11"
1198,RtEYsASU7PG,HMIS1051,"HMIS 105:01 - OPD Monthly Report (Attendance, Referrals, Conditions,TB, Nutrition)",rw7ri7jcMHc,"105-CA03","105-CA03. Breast Cancer ",2025-08-20 11:19:30.780,"1.3.11"
1369,RtEYsASU7PG,HMIS1051,"HMIS 105:01 - OPD Monthly Report (Attendance, Referrals, Conditions,TB, Nutrition)",gvdCqFYHQZy,"105-CV04","105-CV04. Ischemic Heart Diseases",2025-08-20 11:19:30.819,"1.3.15"
960,RtEYsASU7PG,HMIS1051,"HMIS 105:01 - OPD Monthly Report (Attendance, Referrals, Conditions,TB, Nutrition)",BVfYfrc4SHe,"105-LD01","105-LD01. Liver Cirrhosis",2025-08-20 11:19:30.732,"1.3.17"
1304,RtEYsASU7PG,HMIS1051,"HMIS 105:01 - OPD Monthly Report (Attendance, Referrals, Conditions,TB, Nutrition)",BnXSeyr1Er2,"105-MC03","105-MC03. Malaria in pregnancy",2025-08-20 11:19:30.805,"1.3.22"
1273,RtEYsASU7PG,HMIS1051,"HMIS 105:01 - OPD Monthly Report (Attendance, Referrals, Conditions,TB, Nutrition)",JqoI2S2ntMh,"105-OP02A_2019","105-OP02a_2019 Other diagnoses - Condition 1",2025-08-20 11:19:30.798,"1.3.23"
958,RtEYsASU7PG,HMIS1051,"HMIS 105:01 - OPD Monthly Report (Attendance, Referrals, Conditions,TB, Nutrition)",AsewPyxdNdf,"105-ES09D","105-ES09d.Death at unit - Road traffic Injuries",2025-08-20 11:19:30.732,"1.3.25"
970,RtEYsASU7PG,HMIS1051,"HMIS 105:01 - OPD Monthly Report (Attendance, Referrals, Conditions,TB, Nutrition)",DM0iRlEZHKC,"105-ES09B","105-ES09b.Death at unit - Obstetrics/gynaecology emergencies",2025-08-20 11:19:30.734,"1.3.25"
1120,RtEYsASU7PG,HMIS1051,"HMIS 105:01 - OPD Monthly Report (Attendance, Referrals, Conditions,TB, Nutrition)",fvsym3Qyfm8,"105-ES09C","105-ES09c.Death at unit - Surgical emergencies",2025-08-20 11:19:30.761,"1.3.25"
1339,RtEYsASU7PG,HMIS1051,"HMIS 105:01 - OPD Monthly Report (Attendance, Referrals, Conditions,TB, Nutrition)",bDBHlO3lNUW,"105-ES07B","105-ES07b. Number of patients with external haemorrhages controlled",2025-08-20 11:19:30.814,"1.3.25"
1341,RtEYsASU7PG,HMIS1051,"HMIS 105:01 - OPD Monthly Report (Attendance, Referrals, Conditions,TB, Nutrition)",PclIBbufY8I,"105-ES11C_2019","105-ES11c_2019 Tetanus vaccination for Others",2025-08-20 11:19:30.814,"1.3.25"
1411,RtEYsASU7PG,HMIS1051,"HMIS 105:01 - OPD Monthly Report (Attendance, Referrals, Conditions,TB, Nutrition)",ki5Ur2f6I2g,"105-ES08D","105-ES08d. Road Traffic Injuries - Pedestrians",2025-08-20 11:19:30.827,"1.3.25"
1448,RtEYsASU7PG,HMIS1051,"HMIS 105:01 - OPD Monthly Report (Attendance, Referrals, Conditions,TB, Nutrition)",ftpuURXTWEA,"105-ES06A","105-ES06a. Number of patients with hypoxemia -Total",2025-08-20 11:19:30.837,"1.3.25"
922,RtEYsASU7PG,HMIS1051,"HMIS 105:01 - OPD Monthly Report (Attendance, Referrals, Conditions,TB, Nutrition)",oCig5lw6NFd,"105-TP02.","105-TP02. T4- Done",2025-08-20 11:19:30.724,"1.3.26"
923,RtEYsASU7PG,HMIS1051,"HMIS 105:01 - OPD Monthly Report (Attendance, Referrals, Conditions,TB, Nutrition)",ch5q99o2gIh,"105-TP03A","105-TP03a. No. screened for TB from Outreaches",2025-08-20 11:19:30.724,"1.3.26"
1466,RtEYsASU7PG,HMIS1051,"HMIS 105:01 - OPD Monthly Report (Attendance, Referrals, Conditions,TB, Nutrition)",a3dXGbUg8HC,"105-TP01B","105-TP01b. No. of presumptive TB cases identified-OPD",2025-08-20 11:19:30.842,"1.3.26"
891,RtEYsASU7PG,HMIS1051,"HMIS 105:01 - OPD Monthly Report (Attendance, Referrals, Conditions,TB, Nutrition)",tWPk74YvWxJ,"105-NA03d2","105-NA03d2. Male clients with SAM admitted into treatment - Died during treatment",2025-08-20 11:19:30.719,"1.3.28"
892,RtEYsASU7PG,HMIS1051,"HMIS 105:01 - OPD Monthly Report (Attendance, Referrals, Conditions,TB, Nutrition)",VTCscm6DGR4,"105-NA05d1","105-NA05d1. Readmissions(<10) in SFC this Month - Defaulters",2025-08-20 11:19:30.719,"1.3.28"
902,RtEYsASU7PG,HMIS1051,"HMIS 105:01 - OPD Monthly Report (Attendance, Referrals, Conditions,TB, Nutrition)",IozXKsvniRh,"105-NA02e2","105-NA02e2. Male Transfer  into OTC this month",2025-08-20 11:19:30.721,"1.3.28"
903,RtEYsASU7PG,HMIS1051,"HMIS 105:01 - OPD Monthly Report (Attendance, Referrals, Conditions,TB, Nutrition)",UiiALat4U3P,"105-NA01b5a","105-NA01b5a. Identified malnourished clients (<10) this month - Overweight / Obese",2025-08-20 11:19:30.721,"1.3.28"
925,RtEYsASU7PG,HMIS1051,"HMIS 105:01 - OPD Monthly Report (Attendance, Referrals, Conditions,TB, Nutrition)",B2ImFoxuABx,"105-NA06C1_2019","105-NA06c1_2019 MAM admissions(<10) in Supplementary Feeding Care (SFC) - New using W/H or L Z-score",2025-08-20 11:19:30.725,"1.3.28"
932,RtEYsASU7PG,HMIS1051,"HMIS 105:01 - OPD Monthly Report (Attendance, Referrals, Conditions,TB, Nutrition)",NfQ2PINQwqs,"105-NA01C1_2019","105-NA01c1_2019. Clients(<10) who received nutrition assessment in this month - BMI for Age Z-Score",2025-08-20 11:19:30.726,"1.3.28"
938,RtEYsASU7PG,HMIS1051,"HMIS 105:01 - OPD Monthly Report (Attendance, Referrals, Conditions,TB, Nutrition)",qda4MTbAAgb,"105-NA02e1","105-NA02e1. NA02. No. of SAM clients in OTC - Transfer in",2025-08-20 11:19:30.727,"1.3.28"
942,RtEYsASU7PG,HMIS1051,"HMIS 105:01 - OPD Monthly Report (Attendance, Referrals, Conditions,TB, Nutrition)",zvJyAAeman2,"105-NA01b1a","105-NA01b1a. Identified malnourished clients(<10) this month - SAM With Oedema",2025-08-20 11:19:30.727,"1.3.28"
955,RtEYsASU7PG,HMIS1051,"HMIS 105:01 - OPD Monthly Report (Attendance, Referrals, Conditions,TB, Nutrition)",uyiwwAM4EdK,"105-NA02c2","105-NA02c2. Male readmissions into OTC this month - Relapses",2025-08-20 11:19:30.730,"1.3.28"
959,RtEYsASU7PG,HMIS1051,"HMIS 105:01 - OPD Monthly Report (Attendance, Referrals, Conditions,TB, Nutrition)",dCNNhoMn3rv,"105-NA03C3_2019","105-NA03c3_2019 Identified malnourished female clients this month - SAM using MUAC -  Without Oedema",2025-08-20 11:19:30.732,"1.3.28"
962,RtEYsASU7PG,HMIS1051,"HMIS 105:01 - OPD Monthly Report (Attendance, Referrals, Conditions,TB, Nutrition)",WcbLnnnthkM,"105-NA03B3_2019","105-NA03b3_2019 Identified malnourished female clients this month - MAM using W/H or L",2025-08-20 11:19:30.733,"1.3.28"
963,RtEYsASU7PG,HMIS1051,"HMIS 105:01 - OPD Monthly Report (Attendance, Referrals, Conditions,TB, Nutrition)",HvQF1slqwdM,"105-NA03B1_2019","105-NA03b1_2019 Identified malnourished clients(<10) this month - MAM using W/H or L",2025-08-20 11:19:30.733,"1.3.28"
969,RtEYsASU7PG,HMIS1051,"HMIS 105:01 - OPD Monthly Report (Attendance, Referrals, Conditions,TB, Nutrition)",nhk5V6yA2lZ,"105-NA05c3","105-NA05c3. Female readmissions in SFC this Month - Relapses",2025-08-20 11:19:30.734,"1.3.28"
971,RtEYsASU7PG,HMIS1051,"HMIS 105:01 - OPD Monthly Report (Attendance, Referrals, Conditions,TB, Nutrition)",Gvc5u8fMe5n,"105-NA03b2","105-NA03b2. Male clients with SAM admitted into treatment - OTC (non-response) after 3 months",2025-08-20 11:19:30.734,"1.3.28"
973,RtEYsASU7PG,HMIS1051,"HMIS 105:01 - OPD Monthly Report (Attendance, Referrals, Conditions,TB, Nutrition)",CT9vCaAAuDP,"105-NA06a2","105-NA06a2. No. of male clients with MAM admitted into treatment - Discharged as cured",2025-08-20 11:19:30.734,"1.3.28"
974,RtEYsASU7PG,HMIS1051,"HMIS 105:01 - OPD Monthly Report (Attendance, Referrals, Conditions,TB, Nutrition)",tfQukLqcJz9,"105-NA01b3c","105-NA01b3c. Identified malnourished female clients this month - MAM",2025-08-20 11:19:30.735,"1.3.28"
976,RtEYsASU7PG,HMIS1051,"HMIS 105:01 - OPD Monthly Report (Attendance, Referrals, Conditions,TB, Nutrition)",OcI82XeloG0,"105-NA01C2_2019","105-NA01c2_2019. Male clients who received nutrition assessment in this month - BMI for Age Z-Score",2025-08-20 11:19:30.735,"1.3.28"
991,RtEYsASU7PG,HMIS1051,"HMIS 105:01 - OPD Monthly Report (Attendance, Referrals, Conditions,TB, Nutrition)",Dc0fnDD0lpj,"105-NA01B4B","105-NA01b4b. Identified malnourished male clients this month - Underweight",2025-08-20 11:19:30.737,"1.3.28"
993,RtEYsASU7PG,HMIS1051,"HMIS 105:01 - OPD Monthly Report (Attendance, Referrals, Conditions,TB, Nutrition)",YO1ZNqszppx,"105-NA02e3","105-NA02e3. Female transfers into OTC this month",2025-08-20 11:19:30.738,"1.3.28"
999,RtEYsASU7PG,HMIS1051,"HMIS 105:01 - OPD Monthly Report (Attendance, Referrals, Conditions,TB, Nutrition)",DlFrdhAlE2r,"105-NA03G1_2019","105-NA03g1_2019 Identified malnourished clients(<10) this month - Severely Malnourished",2025-08-20 11:19:30.739,"1.3.28"
1003,RtEYsASU7PG,HMIS1051,"HMIS 105:01 - OPD Monthly Report (Attendance, Referrals, Conditions,TB, Nutrition)",PNXE7N7CH7u,"105-NA01b1c","105-NA01b1c. Identified malnourished female clients this month - SAM With Oedema",2025-08-20 11:19:30.740,"1.3.28"
1004,RtEYsASU7PG,HMIS1051,"HMIS 105:01 - OPD Monthly Report (Attendance, Referrals, Conditions,TB, Nutrition)",ZcXsmDho5wX,"105-NA06","105-NA06. No. of clients with MAM admitted into SFC - Outcomes",2025-08-20 11:19:30.740,"1.3.28"
1005,RtEYsASU7PG,HMIS1051,"HMIS 105:01 - OPD Monthly Report (Attendance, Referrals, Conditions,TB, Nutrition)",JiZnvlVM99d,"105-NA06A2_2019","105-NA06a2_2019 MAle MAM admissions in Supplementary Feeding Care (SFC) - Old",2025-08-20 11:19:30.740,"1.3.28"
1006,RtEYsASU7PG,HMIS1051,"HMIS 105:01 - OPD Monthly Report (Attendance, Referrals, Conditions,TB, Nutrition)",IrOzlHtz5Wn,"105-NA03H2_2019 ","105-NA03h2_2019 Identified malnourished male clients this month - Overweight",2025-08-20 11:19:30.740,"1.3.28"
1008,RtEYsASU7PG,HMIS1051,"HMIS 105:01 - OPD Monthly Report (Attendance, Referrals, Conditions,TB, Nutrition)",Y1FMw4huvrl,"105-NA03e2","105-NA03e2. Male clients with SAM admitted into treatment - Transfer out of OTC",2025-08-20 11:19:30.741,"1.3.28"
1021,RtEYsASU7PG,HMIS1051,"HMIS 105:01 - OPD Monthly Report (Attendance, Referrals, Conditions,TB, Nutrition)",UP2LU6chOM1,"105-NA04","105-NA04. Total number of days spent at OTC for all clients discharged as cured",2025-08-20 11:19:30.743,"1.3.28"
1022,RtEYsASU7PG,HMIS1051,"HMIS 105:01 - OPD Monthly Report (Attendance, Referrals, Conditions,TB, Nutrition)",APakVS7PrGw,"105-NA02a3_2019","105-NA02a3_2019. Female children that are underweight (W/A 鈥 <= -2 SD)",2025-08-20 11:19:30.743,"1.3.28"
1027,RtEYsASU7PG,HMIS1051,"HMIS 105:01 - OPD Monthly Report (Attendance, Referrals, Conditions,TB, Nutrition)",Cu0nRLA8g8H,"105-NA04b","105-NA04b. Total number of days spent in OTC for all male clients discharged this month",2025-08-20 11:19:30.744,"1.3.28"
1028,RtEYsASU7PG,HMIS1051,"HMIS 105:01 - OPD Monthly Report (Attendance, Referrals, Conditions,TB, Nutrition)",IO3dIFqk938,"105-NA07b","105-NA07b. Total number of days spent in SFC for all male clients discharged this month",2025-08-20 11:19:30.744,"1.3.28"
1033,RtEYsASU7PG,HMIS1051,"HMIS 105:01 - OPD Monthly Report (Attendance, Referrals, Conditions,TB, Nutrition)",HsvF0OV9dTI,"105-NA02c1","105-NA02c1. Readmissions(<10) into OTC this month - Relapses",2025-08-20 11:19:30.745,"1.3.28"
1038,RtEYsASU7PG,HMIS1051,"HMIS 105:01 - OPD Monthly Report (Attendance, Referrals, Conditions,TB, Nutrition)",Tf3LSnb1nxI,"105-NA04B1_2019","105-NA04b1_2019. SAM admissions(<10) in OTC this month - New using MUAC",2025-08-20 11:19:30.747,"1.3.28"
1047,RtEYsASU7PG,HMIS1051,"HMIS 105:01 - OPD Monthly Report (Attendance, Referrals, Conditions,TB, Nutrition)",SOTF4MkHVN2,"105-NA03B2_2019 ","105-NA03b2_2019 Identified malnourished male clients this month - MAM using W/H or L",2025-08-20 11:19:30.749,"1.3.28"
1051,RtEYsASU7PG,HMIS1051,"HMIS 105:01 - OPD Monthly Report (Attendance, Referrals, Conditions,TB, Nutrition)",qBb4twhIc4E,"105-NA01b2a","105-NA01b2a. Identified malnourished clients(<10) this month - SAM Without Oedema",2025-08-20 11:19:30.750,"1.3.28"
1070,RtEYsASU7PG,HMIS1051,"HMIS 105:01 - OPD Monthly Report (Attendance, Referrals, Conditions,TB, Nutrition)",LX6uCvQ7a7W,"105-NA03D1_2019 ","105-NA03d1_2019 Identified malnourished clients(<10) this month - SAM using W/H or L -  Without Oedema",2025-08-20 11:19:30.753,"1.3.28"
1071,RtEYsASU7PG,HMIS1051,"HMIS 105:01 - OPD Monthly Report (Attendance, Referrals, Conditions,TB, Nutrition)",QpISR251PpC,"105-NA06e1","105-NA06e1. No. of clients(<10) with MAM admitted into treatment - Transfered out of SFC",2025-08-20 11:19:30.753,"1.3.28"
1073,RtEYsASU7PG,HMIS1051,"HMIS 105:01 - OPD Monthly Report (Attendance, Referrals, Conditions,TB, Nutrition)",bDaL1MMAy8X,"105-NA03D3_2019","105-NA03d3_2019 Identified malnourished female clients this month - SAM using W/H or L -  Without Oedema",2025-08-20 11:19:30.753,"1.3.28"
1081,RtEYsASU7PG,HMIS1051,"HMIS 105:01 - OPD Monthly Report (Attendance, Referrals, Conditions,TB, Nutrition)",Z9v6RRvF29P,"105-NA03A3_2019","105-NA03a3_2019 Identified malnourished female clients this month - MAM using MUAC",2025-08-20 11:19:30.755,"1.3.28"
1085,RtEYsASU7PG,HMIS1051,"HMIS 105:01 - OPD Monthly Report (Attendance, Referrals, Conditions,TB, Nutrition)",ncGw1Vl2Eot,"105-NA03e3","105-NA03e3. Female clients with SAM admitted into treatment -Transfer out of OTC",2025-08-20 11:19:30.755,"1.3.28"
1106,RtEYsASU7PG,HMIS1051,"HMIS 105:01 - OPD Monthly Report (Attendance, Referrals, Conditions,TB, Nutrition)",TjtPAy0wjAg,"105-NA03b1","105-NA03b1. Clients(<10) with SAM admitted into treatment -  OTC (non-response) after 3 months",2025-08-20 11:19:30.759,"1.3.28"
1109,RtEYsASU7PG,HMIS1051,"HMIS 105:01 - OPD Monthly Report (Attendance, Referrals, Conditions,TB, Nutrition)",RATdMBh0f2K,"105-NA05a1","105-NA05a1.  No. of MAM clients in SFC this month - Active from previous months",2025-08-20 11:19:30.759,"1.3.28"
1111,RtEYsASU7PG,HMIS1051,"HMIS 105:01 - OPD Monthly Report (Attendance, Referrals, Conditions,TB, Nutrition)",DJEFIxEK7x7,"105-NA04A3_2019","105-NA04a3_2019. Female SAM admissions in OTC this month - Old",2025-08-20 11:19:30.759,"1.3.28"
1122,RtEYsASU7PG,HMIS1051,"HMIS 105:01 - OPD Monthly Report (Attendance, Referrals, Conditions,TB, Nutrition)",uLacgIRcyEn,"105-NA06a3","105-NA06a3. No. of female clients with MAM admitted into treatment - Discharged as cured",2025-08-20 11:19:30.762,"1.3.28"
1123,RtEYsASU7PG,HMIS1051,"HMIS 105:01 - OPD Monthly Report (Attendance, Referrals, Conditions,TB, Nutrition)",cq15vx01pBd,"105-NA03a1","105-NA03a1. Clients(<10) with SAM admitted into treatment and discharged as cured within this month",2025-08-20 11:19:30.762,"1.3.28"
1143,RtEYsASU7PG,HMIS1051,"HMIS 105:01 - OPD Monthly Report (Attendance, Referrals, Conditions,TB, Nutrition)",O4mGMl95zBT,"105-NA01C3_2019","105-NA01c3_2019. Female clients who received nutrition assessment in this month - BMI for Age Z-Score",2025-08-20 11:19:30.766,"1.3.28"
1154,RtEYsASU7PG,HMIS1051,"HMIS 105:01 - OPD Monthly Report (Attendance, Referrals, Conditions,TB, Nutrition)",j20CsJPZIDy,"105-NA02b3","105-NA02b3. Female SAM admissions in OTC this month - New admissions",2025-08-20 11:19:30.768,"1.3.28"
1157,RtEYsASU7PG,HMIS1051,"HMIS 105:01 - OPD Monthly Report (Attendance, Referrals, Conditions,TB, Nutrition)",cHhpnSRdmKj,"105-NA03H3_2019 ","105-NA03h3_2019 Identified malnourished female clients this month - Overweight",2025-08-20 11:19:30.768,"1.3.28"
1158,RtEYsASU7PG,HMIS1051,"HMIS 105:01 - OPD Monthly Report (Attendance, Referrals, Conditions,TB, Nutrition)",ObjH0eovFZK,"105-NA03b3","105-NA03b3. Female clients with SAM admitted into treatment -  OTC (non-response) after 3 months",2025-08-20 11:19:30.768,"1.3.28"
1191,RtEYsASU7PG,HMIS1051,"HMIS 105:01 - OPD Monthly Report (Attendance, Referrals, Conditions,TB, Nutrition)",I6o8nztRnRA,"105-NA06A3_2019","105-NA06a3_2019 Female MAM admissions in Supplementary Feeding Care (SFC) - Old",2025-08-20 11:19:30.778,"1.3.28"
1224,RtEYsASU7PG,HMIS1051,"HMIS 105:01 - OPD Monthly Report (Attendance, Referrals, Conditions,TB, Nutrition)",xUP8yvdtf0j,"105-NA04a","105-NA04a.Total number of days spent in OTC for all clients(<10) discharged this month",2025-08-20 11:19:30.787,"1.3.28"
1226,RtEYsASU7PG,HMIS1051,"HMIS 105:01 - OPD Monthly Report (Attendance, Referrals, Conditions,TB, Nutrition)",Ctn2NVTrFfL,"105-NA03I3_2019","105-NA03i3_2019 Identified malnourished female  clients this month - Obese",2025-08-20 11:19:30.788,"1.3.28"
1227,RtEYsASU7PG,HMIS1051,"HMIS 105:01 - OPD Monthly Report (Attendance, Referrals, Conditions,TB, Nutrition)",dZMr4ggXHaf,"105-NA03A2_2019 ","105-NA03a2_2019 Identified malnourished male clients this month - MAM using MUAC",2025-08-20 11:19:30.788,"1.3.28"
1231,RtEYsASU7PG,HMIS1051,"HMIS 105:01 - OPD Monthly Report (Attendance, Referrals, Conditions,TB, Nutrition)",K1mTwJST57R,"105-NA04c","105-NA04c. Total number of days spent in OTC for all female clients discharged this month",2025-08-20 11:19:30.789,"1.3.28"
1233,RtEYsASU7PG,HMIS1051,"HMIS 105:01 - OPD Monthly Report (Attendance, Referrals, Conditions,TB, Nutrition)",n70bdRjQRgx,"105-NA05e1","105-NA05e1. Transfers into SFC(<10) this month",2025-08-20 11:19:30.789,"1.3.28"
1237,RtEYsASU7PG,HMIS1051,"HMIS 105:01 - OPD Monthly Report (Attendance, Referrals, Conditions,TB, Nutrition)",ULi5iBGONAu,"105-NA06b1","105-NA06b1. No. of clients(<10) with MAM admitted into treatment - SFC(non-response) after 3 months",2025-08-20 11:19:30.790,"1.3.28"
1240,RtEYsASU7PG,HMIS1051,"HMIS 105:01 - OPD Monthly Report (Attendance, Referrals, Conditions,TB, Nutrition)",Y2OsJGNmvvR,"105-NA01b2b","105-NA01b2b.  Identified malnourished male clients this month - SAM Without Oedema",2025-08-20 11:19:30.790,"1.3.28"
1249,RtEYsASU7PG,HMIS1051,"HMIS 105:01 - OPD Monthly Report (Attendance, Referrals, Conditions,TB, Nutrition)",jf4ky3Z3Yba,"105-NA01E1_2019","105-NA01e1_2019. Clients who received nutrition(<10) assessment in this month - Body Mass Index (BMI)",2025-08-20 11:19:30.792,"1.3.28"
1252,RtEYsASU7PG,HMIS1051,"HMIS 105:01 - OPD Monthly Report (Attendance, Referrals, Conditions,TB, Nutrition)",NZRxZRuC7nG,"105-NA04C1_2019","105-NA04c1_2019. SAM admissions(<10) in OTC this month - New using W/H or L Z-score",2025-08-20 11:19:30.792,"1.3.28"
1255,RtEYsASU7PG,HMIS1051,"HMIS 105:01 - OPD Monthly Report (Attendance, Referrals, Conditions,TB, Nutrition)",usPOInLIOoW,"105-NA03G2_2019","105-NA03g2_2019 Identified malnourished male clients this month - Severely Malnourished",2025-08-20 11:19:30.793,"1.3.28"
1263,RtEYsASU7PG,HMIS1051,"HMIS 105:01 - OPD Monthly Report (Attendance, Referrals, Conditions,TB, Nutrition)",tei6iz8HFfo,"105-NA01A1","105-NA01a1.Total assessed for nutrition status",2025-08-20 11:19:30.794,"1.3.28"
1268,RtEYsASU7PG,HMIS1051,"HMIS 105:01 - OPD Monthly Report (Attendance, Referrals, Conditions,TB, Nutrition)",mKI86reDKfe,"105-NA03c3.","105-NA03c3. Female clients(<10) with SAM admitted into treatment - Defaulted from care within this month",2025-08-20 11:19:30.795,"1.3.28"
1269,RtEYsASU7PG,HMIS1051,"HMIS 105:01 - OPD Monthly Report (Attendance, Referrals, Conditions,TB, Nutrition)",dgnUFBzt87d,"105-NA03C1_2019","105-NA03c1_2019 Identified malnourished clients(<10) this month - SAM using MUAC -  Without Oedema",2025-08-20 11:19:30.796,"1.3.28"
1297,RtEYsASU7PG,HMIS1051,"HMIS 105:01 - OPD Monthly Report (Attendance, Referrals, Conditions,TB, Nutrition)",V7E2rNwJaxs,"105-NA02d2","105-NA02d2. Male Readmissions into OTC this month - Defaulters",2025-08-20 11:19:30.804,"1.3.28"
1299,RtEYsASU7PG,HMIS1051,"HMIS 105:01 - OPD Monthly Report (Attendance, Referrals, Conditions,TB, Nutrition)",zxLsBKzgdx2,"105-NA04B2_2019","105-NA04b2_2019. Male SAM admissions in OTC this month - New using MUAC",2025-08-20 11:19:30.804,"1.3.28"
1301,RtEYsASU7PG,HMIS1051,"HMIS 105:01 - OPD Monthly Report (Attendance, Referrals, Conditions,TB, Nutrition)",pvsPMH1Nuxd,"105-NA06C3_2019","105-NA06c3_2019. Female MAM admissions in Supplementary Feeding Care (SFC) - New using W/H or L Z-score",2025-08-20 11:19:30.805,"1.3.28"
1302,RtEYsASU7PG,HMIS1051,"HMIS 105:01 - OPD Monthly Report (Attendance, Referrals, Conditions,TB, Nutrition)",nIcdxDJCdHx,"105-NA06d1","105-NA06d1. No. of clients(<10) with MAM admitted into treatment - Died during treatment",2025-08-20 11:19:30.805,"1.3.28"
1307,RtEYsASU7PG,HMIS1051,"HMIS 105:01 - OPD Monthly Report (Attendance, Referrals, Conditions,TB, Nutrition)",DuZYoeTALr9,"105-NA03C2_2019","105-NA03c2_2019 Identified malnourished male clients this month - SAM using MUAC -  Without Oedema",2025-08-20 11:19:30.806,"1.3.28"
1321,RtEYsASU7PG,HMIS1051,"HMIS 105:01 - OPD Monthly Report (Attendance, Referrals, Conditions,TB, Nutrition)",Wr2VomTVWh9,"105-NA04C2_2019","105-NA04c2_2019. Male SAM admissions in OTC this month - New using W/H or L Z-score",2025-08-20 11:19:30.808,"1.3.28"
1323,RtEYsASU7PG,HMIS1051,"HMIS 105:01 - OPD Monthly Report (Attendance, Referrals, Conditions,TB, Nutrition)",RClYoEhRCZc,"105-NA05e2","105-NA05e2. Males Transferred into SFC this month",2025-08-20 11:19:30.809,"1.3.28"
1330,RtEYsASU7PG,HMIS1051,"HMIS 105:01 - OPD Monthly Report (Attendance, Referrals, Conditions,TB, Nutrition)",m9omjHwZD5V,"105-NA05a2","105-NA05a2. No. of male MAM clients in SFC this month - Active from previous months",2025-08-20 11:19:30.811,"1.3.28"
1331,RtEYsASU7PG,HMIS1051,"HMIS 105:01 - OPD Monthly Report (Attendance, Referrals, Conditions,TB, Nutrition)",yTdjlNMcPQA,"105-NA05b2","105-NA05b2. Male MAM admissions  in Supplementary Feeding Care (SFC) - New admissions",2025-08-20 11:19:30.812,"1.3.28"
1333,RtEYsASU7PG,HMIS1051,"HMIS 105:01 - OPD Monthly Report (Attendance, Referrals, Conditions,TB, Nutrition)",w39yVsi1vfw,"105-NA05b1","105-NA05b1. MAM admissions(<10) in Supplementary Feeding Care (SFC) - New admissions",2025-08-20 11:19:30.813,"1.3.28"
1336,RtEYsASU7PG,HMIS1051,"HMIS 105:01 - OPD Monthly Report (Attendance, Referrals, Conditions,TB, Nutrition)",ULdlyFHRD2i,"105-NA01D2_2019","105-NA01d2_2019. Male clients who received nutrition assessment in this month - W/H % NCHS",2025-08-20 11:19:30.813,"1.3.28"
1337,RtEYsASU7PG,HMIS1051,"HMIS 105:01 - OPD Monthly Report (Attendance, Referrals, Conditions,TB, Nutrition)",qYT9nuouno5,"105-NA03e1","105-NA03e1. Clients(<10) with SAM admitted into treatment -Transfer out of OTC",2025-08-20 11:19:30.814,"1.3.28"
1345,RtEYsASU7PG,HMIS1051,"HMIS 105:01 - OPD Monthly Report (Attendance, Referrals, Conditions,TB, Nutrition)",OJ9H32c74P6,"105-NA06e3","105-NA06e3. No. of female clients with MAM admitted into treatment - Transfered out of SFC",2025-08-20 11:19:30.815,"1.3.28"
1346,RtEYsASU7PG,HMIS1051,"HMIS 105:01 - OPD Monthly Report (Attendance, Referrals, Conditions,TB, Nutrition)",tBAURKVnCEX,"105-NA03a2","105-NA03a2. Male clients with SAM admitted into treatment and discharged as cured within this month",2025-08-20 11:19:30.815,"1.3.28"
1351,RtEYsASU7PG,HMIS1051,"HMIS 105:01 - OPD Monthly Report (Attendance, Referrals, Conditions,TB, Nutrition)",LKb1YnJQsWx,"105-NA06c3","105-NA06c3. No. of female clients with MAM admitted into treatment - Defaulted from care",2025-08-20 11:19:30.816,"1.3.28"
1353,RtEYsASU7PG,HMIS1051,"HMIS 105:01 - OPD Monthly Report (Attendance, Referrals, Conditions,TB, Nutrition)",hSSzEOTc8OA,"105-NA06e2","105-NA06e2. No. of male clients with MAM admitted into treatment - Transfered out of SFC",2025-08-20 11:19:30.816,"1.3.28"
1354,RtEYsASU7PG,HMIS1051,"HMIS 105:01 - OPD Monthly Report (Attendance, Referrals, Conditions,TB, Nutrition)",ffA4XzZ1TDX,"105-NA02c3","105-NA02c3.Female Readmissions into OTC this month - Defaulters",2025-08-20 11:19:30.816,"1.3.28"
1364,RtEYsASU7PG,HMIS1051,"HMIS 105:01 - OPD Monthly Report (Attendance, Referrals, Conditions,TB, Nutrition)",VBXpvg74Qim,"105-NA06A1_2019","105-NA06a1_2019 MAM admissions(<10) in Supplementary Feeding Care (SFC) - Old",2025-08-20 11:19:30.818,"1.3.28"
1365,RtEYsASU7PG,HMIS1051,"HMIS 105:01 - OPD Monthly Report (Attendance, Referrals, Conditions,TB, Nutrition)",NBMEojZWyQC,"105-NA01B1_2019","105-NA01b1_2019. Clients(<10) who received nutrition assessment in this month - W/H or L Z-Score",2025-08-20 11:19:30.818,"1.3.28"
1371,RtEYsASU7PG,HMIS1051,"HMIS 105:01 - OPD Monthly Report (Attendance, Referrals, Conditions,TB, Nutrition)",MKPEYwJ172E,"105-NA01A3_X","105-NA01a3.Total assessed for nutrition status -(Female>10)",2025-08-20 11:19:30.819,"1.3.28"
1378,RtEYsASU7PG,HMIS1051,"HMIS 105:01 - OPD Monthly Report (Attendance, Referrals, Conditions,TB, Nutrition)",t2dHPUGZW95,"105-NA05c1","105-NA05c1.  Readmissions(<10) in SFC this Month - Relapses",2025-08-20 11:19:30.820,"1.3.28"
1381,RtEYsASU7PG,HMIS1051,"HMIS 105:01 - OPD Monthly Report (Attendance, Referrals, Conditions,TB, Nutrition)",PbKh13x7qOw,"105-NA04A1_2019","105-NA04a1_2019. SAM admissions(<10) in OTC this month - Old",2025-08-20 11:19:30.821,"1.3.28"
1382,RtEYsASU7PG,HMIS1051,"HMIS 105:01 - OPD Monthly Report (Attendance, Referrals, Conditions,TB, Nutrition)",HrHAQ04IZfY,"105-NA06c2","105-NA06c2. No. of male clients with MAM admitted into treatment - Defaulted from care",2025-08-20 11:19:30.821,"1.3.28"
1391,RtEYsASU7PG,HMIS1051,"HMIS 105:01 - OPD Monthly Report (Attendance, Referrals, Conditions,TB, Nutrition)",ghMTXAc480f,"105-NA03c2","105-NA03c2. Male clients(<10) with SAM admitted into treatment - Defaulted from care within this month",2025-08-20 11:19:30.823,"1.3.28"
1400,RtEYsASU7PG,HMIS1051,"HMIS 105:01 - OPD Monthly Report (Attendance, Referrals, Conditions,TB, Nutrition)",qxGuwG2xQ82,"105-NA06C2_2019","105-NA06c2_2019  Male MAM admissions in Supplementary Feeding Care (SFC) - New using W/H or L Z-score",2025-08-20 11:19:30.825,"1.3.28"
1407,RtEYsASU7PG,HMIS1051,"HMIS 105:01 - OPD Monthly Report (Attendance, Referrals, Conditions,TB, Nutrition)",ZNmWekAIPTs,"105-NA01A2_X","105-NA01a2.Total assessed for nutrition status -(Male>10)",2025-08-20 11:19:30.826,"1.3.28"
1414,RtEYsASU7PG,HMIS1051,"HMIS 105:01 - OPD Monthly Report (Attendance, Referrals, Conditions,TB, Nutrition)",Zaet28EvzQJ,"105-NA03G3_2019 ","105-NA03g3_2019 Identified malnourished female clients this month - Severely Malnourished",2025-08-20 11:19:30.828,"1.3.28"
1428,RtEYsASU7PG,HMIS1051,"HMIS 105:01 - OPD Monthly Report (Attendance, Referrals, Conditions,TB, Nutrition)",P46Ty7bOVDn,"105-NA02b1","105-NA02b1. SAM admissions(<10) in OTC this month - New Admissions",2025-08-20 11:19:30.830,"1.3.28"
1435,RtEYsASU7PG,HMIS1051,"HMIS 105:01 - OPD Monthly Report (Attendance, Referrals, Conditions,TB, Nutrition)",DqwDo93s94G,"105-NA01A1_2019","105-NA01a1_2019. Clients(<10) who received nutrition assessment in this month - MUAC Tape",2025-08-20 11:19:30.833,"1.3.28"
1447,RtEYsASU7PG,HMIS1051,"HMIS 105:01 - OPD Monthly Report (Attendance, Referrals, Conditions,TB, Nutrition)",HmuIHZ6mB5C,"105-NA06d2","105-NA06d2. No. of male clients with MAM admitted into treatment - Died during treatment",2025-08-20 11:19:30.837,"1.3.28"
1454,RtEYsASU7PG,HMIS1051,"HMIS 105:01 - OPD Monthly Report (Attendance, Referrals, Conditions,TB, Nutrition)",sT8ZD8ZDzVG,"105-NA02d3","105-NA02d3. Female readmissions into OTC this month - Relapses",2025-08-20 11:19:30.840,"1.3.28"
1469,RtEYsASU7PG,HMIS1051,"HMIS 105:01 - OPD Monthly Report (Attendance, Referrals, Conditions,TB, Nutrition)",Zo6Mv0tIdmo,"105-NA12A2_2019","105-NA12a2_2019 No. of malnourished male clients who are positive for TB",2025-08-20 11:19:30.843,"1.3.28"
2087,VDhwrW9DiC1,HMIS1054,"HMIS 105:06-09 - OPD Monthly Report (Supplies, Outreaches & Supervision)",NH01RQyn58l,"105-SS04C","105-SS04c. Chlorhexidine Digluconate Gel 7.1% (equivalent to 4% chlorhexidine) - Stock on hand",2025-08-20 11:21:31.904,"6.1"
2088,VDhwrW9DiC1,HMIS1054,"HMIS 105:06-09 - OPD Monthly Report (Supplies, Outreaches & Supervision)",RKgzwmmLqUK,"105-SS24D","105-SS24d. Sulfadoxine/ Pyrimethamine tablet - Quantity Expired",2025-08-20 11:21:31.944,"6.1"
2089,VDhwrW9DiC1,HMIS1054,"HMIS 105:06-09 - OPD Monthly Report (Supplies, Outreaches & Supervision)",FjDiDncMSYs,"105-SS41c","105-SS41c. HIV/Syphilis Duo Kit-Stock on Hand",2025-08-20 11:21:31.945,"6.1"
2090,VDhwrW9DiC1,HMIS1054,"HMIS 105:06-09 - OPD Monthly Report (Supplies, Outreaches & Supervision)",tZhzAESh4sL,"105-SS35C","105-SS35c. TB GeneXepert Catridges - Stock on hand",2025-08-20 11:21:31.945,"6.1"
2091,VDhwrW9DiC1,HMIS1054,"HMIS 105:06-09 - OPD Monthly Report (Supplies, Outreaches & Supervision)",Fjuod4X2s6q,"105-SS46c","105-SS46c. Zidovudine/Lamivudine (AZT/3TC) 60/30mg-Stock on Hand",2025-08-20 11:21:31.946,"6.1"
2092,VDhwrW9DiC1,HMIS1054,"HMIS 105:06-09 - OPD Monthly Report (Supplies, Outreaches & Supervision)",AfULYK9Vpyc,"105-SS30B","105-SS30b. Mama Kit - Days out of stock",2025-08-20 11:21:31.946,"6.1"
2093,VDhwrW9DiC1,HMIS1054,"HMIS 105:06-09 - OPD Monthly Report (Supplies, Outreaches & Supervision)",LwQS4dn6CNo,"105-SS35A","105-SS35a. TB GeneXepert Catridges - Quantity consumed",2025-08-20 11:21:31.946,"6.1"
2094,VDhwrW9DiC1,HMIS1054,"HMIS 105:06-09 - OPD Monthly Report (Supplies, Outreaches & Supervision)",R3dLDfD4sZb,"105-SS06A_2019","105-SS06a._2019 Measles Vaccine - Quantity consumed",2025-08-20 11:21:31.946,"6.1"
2095,VDhwrW9DiC1,HMIS1054,"HMIS 105:06-09 - OPD Monthly Report (Supplies, Outreaches & Supervision)",FrWnOPWPbSF,"105-SS21c","105-SS21c. Depot Medroxyprogesterone Acetate (DMPA)_ IM + SC-Stock on Hand",2025-08-20 11:21:31.947,"6.1"
2096,VDhwrW9DiC1,HMIS1054,"HMIS 105:06-09 - OPD Monthly Report (Supplies, Outreaches & Supervision)",pQS34kFrxph,"105-SS31d","105-SS31d. Etonogestrel 68mg Implant (Implanon)-Quantity expired",2025-08-20 11:21:31.947,"6.1"
2097,VDhwrW9DiC1,HMIS1054,"HMIS 105:06-09 - OPD Monthly Report (Supplies, Outreaches & Supervision)",pnkTSdn1z9e,"105-SS04B","105-SS04b. Chlorhexidine Digluconate Gel 7.1% (equivalent to 4% chlorhexidine) - Days out of stock",2025-08-20 11:21:31.947,"6.1"
2098,VDhwrW9DiC1,HMIS1054,"HMIS 105:06-09 - OPD Monthly Report (Supplies, Outreaches & Supervision)",uhDyKR4nE95,"105-SS05D","105-SS05d. Therapeutic milk F75 (75Kcal/100ml) - Quantity Expired",2025-08-20 11:21:31.947,"6.1"
2099,VDhwrW9DiC1,HMIS1054,"HMIS 105:06-09 - OPD Monthly Report (Supplies, Outreaches & Supervision)",ya5mexhLqPi,"105-SS38C","105-SS38c. SD Bioline test-Tie Breaker - Stock on hand",2025-08-20 11:21:31.948,"6.1"
2100,VDhwrW9DiC1,HMIS1054,"HMIS 105:06-09 - OPD Monthly Report (Supplies, Outreaches & Supervision)",YOPYyqOjsY7,"105-SS06B_2019","105-SS06b._2019 Measles Vaccine - Days out of stock",2025-08-20 11:21:31.948,"6.1"
2101,VDhwrW9DiC1,HMIS1054,"HMIS 105:06-09 - OPD Monthly Report (Supplies, Outreaches & Supervision)",CR482O9NVwb,"105-SS33d","105-SS33d. CD4 reagent (BD Presto/Visitect/PIMA)-Quantity expired",2025-08-20 11:21:31.948,"6.1"
2102,VDhwrW9DiC1,HMIS1054,"HMIS 105:06-09 - OPD Monthly Report (Supplies, Outreaches & Supervision)",AhfrSeifgVM,"105-SS40c","105-SS40c. Hepatitis, HBsAg2 Test Kits-Stock on Hand",2025-08-20 11:21:31.948,"6.1"
2103,VDhwrW9DiC1,HMIS1054,"HMIS 105:06-09 - OPD Monthly Report (Supplies, Outreaches & Supervision)",O3hT4aIhzLi,"105-SS02C","105-SS02c.Artesunate 60mg - Stock on hand",2025-08-20 11:21:31.948,"6.1"
2104,VDhwrW9DiC1,HMIS1054,"HMIS 105:06-09 - OPD Monthly Report (Supplies, Outreaches & Supervision)",tViJTDJyvRx,"105-SS49A","105-SS49a. RHZE 150/75/400/275mg - Quantity consumed",2025-08-20 11:21:31.949,"6.1"
2105,VDhwrW9DiC1,HMIS1054,"HMIS 105:06-09 - OPD Monthly Report (Supplies, Outreaches & Supervision)",wE9AHBOIFCE,"105-SS28A","105-SS28a. Ceftriaxone 1g Injection - Quantity consumed",2025-08-20 11:21:31.949,"6.1"
2106,VDhwrW9DiC1,HMIS1054,"HMIS 105:06-09 - OPD Monthly Report (Supplies, Outreaches & Supervision)",zrzLwJlJT0P,"105-SS39A","105-SS39a. Blood Product - Quantity consumed",2025-08-20 11:21:31.949,"6.1"
2107,VDhwrW9DiC1,HMIS1054,"HMIS 105:06-09 - OPD Monthly Report (Supplies, Outreaches & Supervision)",whzcuwyG1mb,"105-SS42b","105-SS42b. Tenofovir/Lamivudine/Dolutegravir (TDF/3TC/DTG) 300/300/50mg-Days out of stock",2025-08-20 11:21:31.950,"6.1"
2109,VDhwrW9DiC1,HMIS1054,"HMIS 105:06-09 - OPD Monthly Report (Supplies, Outreaches & Supervision)",Q0KPtGrBoQb,"105-SS46b","105-SS46b. Zidovudine/Lamivudine (AZT/3TC) 60/30mg-Days out of stock",2025-08-20 11:21:31.950,"6.1"
2111,VDhwrW9DiC1,HMIS1054,"HMIS 105:06-09 - OPD Monthly Report (Supplies, Outreaches & Supervision)",eIdyJNIeFMU,"105-SS47c","105-SS47c. Nevirapine (NVP) 10mg/ml oral susp.-Stock on Hand",2025-08-20 11:21:31.951,"6.1"
2113,VDhwrW9DiC1,HMIS1054,"HMIS 105:06-09 - OPD Monthly Report (Supplies, Outreaches & Supervision)",p68SMP1Eyw5,"105-SS02C_2019","105-SS02c._2019 Depot medroxy progesterone acetate (DMPA) - Stock on hand",2025-08-20 11:21:31.951,"6.1"
2115,VDhwrW9DiC1,HMIS1054,"HMIS 105:06-09 - OPD Monthly Report (Supplies, Outreaches & Supervision)",Ftnf3Yn7oht,"105-SS06B","105-SS06b. Ready to use Therapeutic feeds (RUTF) - Days out of stock",2025-08-20 11:21:31.952,"6.1"
2116,VDhwrW9DiC1,HMIS1054,"HMIS 105:06-09 - OPD Monthly Report (Supplies, Outreaches & Supervision)",dp2OPdShAOD,"105-SS28B_2019","105-SS28b._2019 Misoprostol 200mcg Tablet - Days out of stock",2025-08-20 11:21:31.952,"6.1"
2118,VDhwrW9DiC1,HMIS1054,"HMIS 105:06-09 - OPD Monthly Report (Supplies, Outreaches & Supervision)",AdBRLfOzQQP,"105-SS20d","105-SS20d. Chlorpromazine 25mg-Quantity expired",2025-08-20 11:21:31.953,"6.1"
2119,VDhwrW9DiC1,HMIS1054,"HMIS 105:06-09 - OPD Monthly Report (Supplies, Outreaches & Supervision)",pgMS4A4T41F,"105-SS12D","105-SS12d. Metformin 500mg - Quantity Expired",2025-08-20 11:21:31.953,"6.1"
2120,VDhwrW9DiC1,HMIS1054,"HMIS 105:06-09 - OPD Monthly Report (Supplies, Outreaches & Supervision)",mtl18MPGwtc,"105-SS38D","105-SS38d. SD Bioline test-Tie Breaker - Quantity Expired",2025-08-20 11:21:31.953,"6.1"
2121,VDhwrW9DiC1,HMIS1054,"HMIS 105:06-09 - OPD Monthly Report (Supplies, Outreaches & Supervision)",U8j1QQx3WVP,"105-SS16a_2019","105-SS16a._2019 Tenofovir/Lamivudine/Efavirenz (TDF/3TC/EFV) 300mg/300mg/ 600mg - Quantity consumed",2025-08-20 11:21:31.953,"6.1"
2123,VDhwrW9DiC1,HMIS1054,"HMIS 105:06-09 - OPD Monthly Report (Supplies, Outreaches & Supervision)",T0TejU8ASOy,"105-SS35D","105-SS35d. TB GeneXepert Catridges - Quantity Expired",2025-08-20 11:21:31.954,"6.1"
2124,VDhwrW9DiC1,HMIS1054,"HMIS 105:06-09 - OPD Monthly Report (Supplies, Outreaches & Supervision)",CQEYQ8lyY3s,"105-SS33A","105-SS33a CD4 reagent (BD Presto/Visitect/PIMA)-Quantity Consumed",2025-08-20 11:21:31.954,"6.1"
2125,VDhwrW9DiC1,HMIS1054,"HMIS 105:06-09 - OPD Monthly Report (Supplies, Outreaches & Supervision)",FNT0AWnEok7,"105-SS02A","105-SS02a. Artesunate 60mg - Quantity consumed",2025-08-20 11:21:31.954,"6.1"
2126,VDhwrW9DiC1,HMIS1054,"HMIS 105:06-09 - OPD Monthly Report (Supplies, Outreaches & Supervision)",MiELOgN8VHl,"105-SS33b","105-SS33b. CD4 reagent (BD Presto/Visitect/PIMA)-Days out of stock",2025-08-20 11:21:31.954,"6.1"
2129,VDhwrW9DiC1,HMIS1054,"HMIS 105:06-09 - OPD Monthly Report (Supplies, Outreaches & Supervision)",U9ZgcOo4tsN,"105-SS24a_2019","105-SS24a._2019 Cotrimoxazole 960mg tablet - Quantity consumed",2025-08-20 11:21:31.955,"6.1"
2130,VDhwrW9DiC1,HMIS1054,"HMIS 105:06-09 - OPD Monthly Report (Supplies, Outreaches & Supervision)",HVH0LE0Wcgi,"105-SS21c_2019","105-SS21c._2019 TLE 300mg/300mg/400mg - Stock on hand",2025-08-20 11:21:31.955,"6.1"
2131,VDhwrW9DiC1,HMIS1054,"HMIS 105:06-09 - OPD Monthly Report (Supplies, Outreaches & Supervision)",KjL3gz0ztDT,"105-SS39D","105-SS39d Blood Product  - Quantity Expired",2025-08-20 11:21:31.955,"6.1"
2132,VDhwrW9DiC1,HMIS1054,"HMIS 105:06-09 - OPD Monthly Report (Supplies, Outreaches & Supervision)",RA5qTvZBF8v,"105-SS26D","105-SS26d. ORS Sachets with zinc tablet - Quantity Expired",2025-08-20 11:21:31.955,"6.1"
2133,VDhwrW9DiC1,HMIS1054,"HMIS 105:06-09 - OPD Monthly Report (Supplies, Outreaches & Supervision)",MaYXvxNPKGR,"105-SS06A","105-SS06a. Ready to use Therapeutic feeds (RUTF) - Quantity consumed",2025-08-20 11:21:31.955,"6.1"
2135,VDhwrW9DiC1,HMIS1054,"HMIS 105:06-09 - OPD Monthly Report (Supplies, Outreaches & Supervision)",np7eWusrF7l,"105-SS50D","105-SS50d. RHZ 75/50/150mg - Quantity Expired",2025-08-20 11:21:31.955,"6.1"
2136,VDhwrW9DiC1,HMIS1054,"HMIS 105:06-09 - OPD Monthly Report (Supplies, Outreaches & Supervision)",Ry5PQiLsEZX,"105-SS50A","105-SS50a. RHZ 75/50/150mg - Quantity consumed",2025-08-20 11:21:31.956,"6.1"
2137,VDhwrW9DiC1,HMIS1054,"HMIS 105:06-09 - OPD Monthly Report (Supplies, Outreaches & Supervision)",aB6rpIpPXWf,"105-SS05A","105-SS05a. Therapeutic milk F75 (75Kcal/100ml) - Quantity consumed",2025-08-20 11:21:31.956,"6.1"
2139,VDhwrW9DiC1,HMIS1054,"HMIS 105:06-09 - OPD Monthly Report (Supplies, Outreaches & Supervision)",NOAUnQ5exkd,"105-SS47A","105-SS47a Nevirapine (NVP) 10mg/ml oral susp-Quantity Consumed",2025-08-20 11:21:31.956,"6.1"
2141,VDhwrW9DiC1,HMIS1054,"HMIS 105:06-09 - OPD Monthly Report (Supplies, Outreaches & Supervision)",p9xEniNiV1j,"105-SS13A","105-SS13a Glimepiride 2mg-Quantity Consumed",2025-08-20 11:21:31.956,"6.1"
2143,VDhwrW9DiC1,HMIS1054,"HMIS 105:06-09 - OPD Monthly Report (Supplies, Outreaches & Supervision)",jbVZGLCmLcE,"105-SS09B","105-SS09b. Bendrofluazide 5mg - Days out of stock",2025-08-20 11:21:31.957,"6.1"
2145,VDhwrW9DiC1,HMIS1054,"HMIS 105:06-09 - OPD Monthly Report (Supplies, Outreaches & Supervision)",f65rrKcnJLg,"105-SS03D","105-SS03d. Long Lasting Insecticidal Nets (LLINs) - Quantity Expired",2025-08-20 11:21:31.957,"6.1"
2146,VDhwrW9DiC1,HMIS1054,"HMIS 105:06-09 - OPD Monthly Report (Supplies, Outreaches & Supervision)",NYUd2ptFKjD,"105-SS21d_2019","105-SS21d._2019 TLE 300mg/300mg/400mg - Quantity Expired",2025-08-20 11:21:31.957,"6.1"
2149,VDhwrW9DiC1,HMIS1054,"HMIS 105:06-09 - OPD Monthly Report (Supplies, Outreaches & Supervision)",GJh7HiEjOFA,"105-SS46d","105-SS46d. Zidovudine/Lamivudine (AZT/3TC) 60/30mg-Quantity expired",2025-08-20 11:21:31.958,"6.1"
2150,VDhwrW9DiC1,HMIS1054,"HMIS 105:06-09 - OPD Monthly Report (Supplies, Outreaches & Supervision)",T3I0ee84Xrp,"105-SS08c","105-SS08c. Retinol (Vitamin A) 200000IU-Stock on Hand",2025-08-20 11:21:31.958,"6.1"
2152,VDhwrW9DiC1,HMIS1054,"HMIS 105:06-09 - OPD Monthly Report (Supplies, Outreaches & Supervision)",dBpUBrwQoEg,"105-SS22B","105-SS22b. Amoxicillin 250 mg capsule- Days out of stock",2025-08-20 11:21:31.958,"6.1"
2153,VDhwrW9DiC1,HMIS1054,"HMIS 105:06-09 - OPD Monthly Report (Supplies, Outreaches & Supervision)",pDoc60OZDbH,"105-SS01B","105-SS01b. Artemether/Lumefantrine 120/20 mg - Days out of stock",2025-08-20 11:21:31.958,"6.1"
2154,VDhwrW9DiC1,HMIS1054,"HMIS 105:06-09 - OPD Monthly Report (Supplies, Outreaches & Supervision)",mtqbJcCnDuB,"105-SS10B_2019","105-SS10b._2019 CD4 reagent - Days out of stock",2025-08-20 11:21:31.959,"6.1"
2155,VDhwrW9DiC1,HMIS1054,"HMIS 105:06-09 - OPD Monthly Report (Supplies, Outreaches & Supervision)",ex3OpmyHlxP,"105-SS18c","105-SS18c. Carbamazepine 200mg-Stock on hand",2025-08-20 11:21:31.959,"6.1"
2158,VDhwrW9DiC1,HMIS1054,"HMIS 105:06-09 - OPD Monthly Report (Supplies, Outreaches & Supervision)",lx4a6tm5Ctl,"105-SS14B","105-SS14b. Insulin short-acting 100IU/Ml  - Days out of stock",2025-08-20 11:21:31.959,"6.1"
2159,VDhwrW9DiC1,HMIS1054,"HMIS 105:06-09 - OPD Monthly Report (Supplies, Outreaches & Supervision)",F38NBUN9Srm,"105-SS26C","105-SS26c. ORS Sachets with zinc tablet - Stock on hand",2025-08-20 11:21:31.959,"6.1"
2160,VDhwrW9DiC1,HMIS1054,"HMIS 105:06-09 - OPD Monthly Report (Supplies, Outreaches & Supervision)",ZYWlByvGa4Y,"105-SS16d","105-SS16d. Ferrous sulphate + Folic Acid-Quantity expired",2025-08-20 11:21:31.960,"6.1"
2161,VDhwrW9DiC1,HMIS1054,"HMIS 105:06-09 - OPD Monthly Report (Supplies, Outreaches & Supervision)",LM7oz5Glohw,"105-SS03A","105-SS03a. Long Lasting Insecticidal Nets (LLINs) - Quantity consumed",2025-08-20 11:21:31.960,"6.1"
2162,VDhwrW9DiC1,HMIS1054,"HMIS 105:06-09 - OPD Monthly Report (Supplies, Outreaches & Supervision)",oCtCwUE7utd,"105-SS34A","105-SS34a. Malaria Rapid Diagnostic tests - Quantity consumed",2025-08-20 11:21:31.960,"6.1"
2163,VDhwrW9DiC1,HMIS1054,"HMIS 105:06-09 - OPD Monthly Report (Supplies, Outreaches & Supervision)",Z7MLPmFef54,"105-SS30D","105-SS30d. Mama Kit - Quantity Expired",2025-08-20 11:21:31.960,"6.1"
2164,VDhwrW9DiC1,HMIS1054,"HMIS 105:06-09 - OPD Monthly Report (Supplies, Outreaches & Supervision)",eu5hj9Xa9vP,"105-SS24A","105-SS24a. Sulfadoxine/ Pyrimethamine tablet - Quantity consumed",2025-08-20 11:21:31.960,"6.1"
2165,VDhwrW9DiC1,HMIS1054,"HMIS 105:06-09 - OPD Monthly Report (Supplies, Outreaches & Supervision)",H8uIox9gXEA,"105-SS18A","105-SS18a. Carbamazepine 200mg-Quantity consumed",2025-08-20 11:21:31.960,"6.1"
2166,VDhwrW9DiC1,HMIS1054,"HMIS 105:06-09 - OPD Monthly Report (Supplies, Outreaches & Supervision)",YquoxMSfJ0z,"105-SS41C_2019","105-SS41c_2019. Cardiac Aspirin 75/80 mg - Stock on hand",2025-08-20 11:21:31.961,"6.1"
2167,VDhwrW9DiC1,HMIS1054,"HMIS 105:06-09 - OPD Monthly Report (Supplies, Outreaches & Supervision)",iYxpEkbr4jw,"105-SS14A","105-SS14a. Insulin short-acting 100IU/Ml  - Quantity consumed",2025-08-20 11:21:31.961,"6.1"
2168,VDhwrW9DiC1,HMIS1054,"HMIS 105:06-09 - OPD Monthly Report (Supplies, Outreaches & Supervision)",yQyD3fmgUkC,"105-SS25b","105-SS25b. Misoprostol 200mg-Days out of stock",2025-08-20 11:21:31.961,"6.1"
2169,VDhwrW9DiC1,HMIS1054,"HMIS 105:06-09 - OPD Monthly Report (Supplies, Outreaches & Supervision)",IJldi7OXXn9,"105-SS10A_2019","105-SS10a._2019 CD4 reagent - Quantity consumed",2025-08-20 11:21:31.961,"6.1"
2172,VDhwrW9DiC1,HMIS1054,"HMIS 105:06-09 - OPD Monthly Report (Supplies, Outreaches & Supervision)",fFsNsiGg2CB,"105-SS19A","105-SS19a Fluoxetine 20 mg-Quantity Consumed",2025-08-20 11:21:31.962,"6.1"
2174,VDhwrW9DiC1,HMIS1054,"HMIS 105:06-09 - OPD Monthly Report (Supplies, Outreaches & Supervision)",cdMpfZVEhxN,"105-SS43d","105-SS43d. Abacavir/Lamivudine/Dolutegravir (ABC/3TC/DTG) 600/300/50mg-Quantity expired",2025-08-20 11:21:31.962,"6.1"
2175,VDhwrW9DiC1,HMIS1054,"HMIS 105:06-09 - OPD Monthly Report (Supplies, Outreaches & Supervision)",TiTizk6ySeY,"105-SS21b","105-SS21b. Depot Medroxyprogesterone Acetate (DMPA)_ IM + SC-Days out of stock",2025-08-20 11:21:31.962,"6.1"
2176,VDhwrW9DiC1,HMIS1054,"HMIS 105:06-09 - OPD Monthly Report (Supplies, Outreaches & Supervision)",Xsan86wc3PJ,"105-SS38B","105-SS38b. SD Bioline test-Tie Breaker - Days out of stock",2025-08-20 11:21:31.962,"6.1"
2178,VDhwrW9DiC1,HMIS1054,"HMIS 105:06-09 - OPD Monthly Report (Supplies, Outreaches & Supervision)",ebe6YQcet28,"105-SS22c_2019","105-SS22c._2019 Abacavir/Lamivudine (ABC/3TC) 120mg/60mg (Paediatric) - Stock on hand",2025-08-20 11:21:31.963,"6.1"
2179,VDhwrW9DiC1,HMIS1054,"HMIS 105:06-09 - OPD Monthly Report (Supplies, Outreaches & Supervision)",UMNerD5NBOw,"105-SS36D","105-SS36d. Determine HIV 1 & 2 screening test - Quantity Expired",2025-08-20 11:21:31.963,"6.1"
2180,VDhwrW9DiC1,HMIS1054,"HMIS 105:06-09 - OPD Monthly Report (Supplies, Outreaches & Supervision)",XArRo0aFWMq,"105-SS29C","105-SS29c. Oxytocin Injection - Stock on hand",2025-08-20 11:21:31.963,"6.1"
2181,VDhwrW9DiC1,HMIS1054,"HMIS 105:06-09 - OPD Monthly Report (Supplies, Outreaches & Supervision)",ia9dCV1swjb,"105-SS39B","105-SS39b. Blood Product  - Days out of stock",2025-08-20 11:21:31.963,"6.1"
2182,VDhwrW9DiC1,HMIS1054,"HMIS 105:06-09 - OPD Monthly Report (Supplies, Outreaches & Supervision)",ba82zZBuypr,"105-SS29D","105-SS29d. Oxytocin Injection - Quantity Expired",2025-08-20 11:21:31.963,"6.1"
2183,VDhwrW9DiC1,HMIS1054,"HMIS 105:06-09 - OPD Monthly Report (Supplies, Outreaches & Supervision)",bUdMzQVBBy1,"105-SS20A_2019","105-SS20a_2019. TDF/3TC/DTG 300mg/300mg/50mg(TLD) - Quantity consumed",2025-08-20 11:21:31.963,"6.1"
2184,VDhwrW9DiC1,HMIS1054,"HMIS 105:06-09 - OPD Monthly Report (Supplies, Outreaches & Supervision)",ydAtcUUXAd4,"105-SS32c","105-SS32c. Male Condoms-Stock on Hand",2025-08-20 11:21:31.963,"6.1"
2185,VDhwrW9DiC1,HMIS1054,"HMIS 105:06-09 - OPD Monthly Report (Supplies, Outreaches & Supervision)",B9tp1MLDv2F,"105-SS25c","105-SS25c. Misoprostol 200mg-Stock on Hand",2025-08-20 11:21:31.964,"6.1"
2187,VDhwrW9DiC1,HMIS1054,"HMIS 105:06-09 - OPD Monthly Report (Supplies, Outreaches & Supervision)",RooCY6sOLZo,"105-SS26B","105-SS26b. ORS Sachets with zinc tablet - Days out of stock",2025-08-20 11:21:31.964,"6.1"
2188,VDhwrW9DiC1,HMIS1054,"HMIS 105:06-09 - OPD Monthly Report (Supplies, Outreaches & Supervision)",H9cd4w2pZz7,"105-SS29B","105-SS29b. Oxytocin Injection - Days out of stock",2025-08-20 11:21:31.964,"6.1"
2189,VDhwrW9DiC1,HMIS1054,"HMIS 105:06-09 - OPD Monthly Report (Supplies, Outreaches & Supervision)",Hz9X1EJVPQO,"105-SS20C_2019","105-SS20c_2019. TDF/3TC/DTG 300mg/300mg/50mg(TLD) - Stock on hand",2025-08-20 11:21:31.964,"6.1"
2190,VDhwrW9DiC1,HMIS1054,"HMIS 105:06-09 - OPD Monthly Report (Supplies, Outreaches & Supervision)",ELUJ8kvdyTi,"105-SS09A","105-SS09a. Bendrofluazide 5mg - Quantity consumed",2025-08-20 11:21:31.964,"6.1"
2191,VDhwrW9DiC1,HMIS1054,"HMIS 105:06-09 - OPD Monthly Report (Supplies, Outreaches & Supervision)",aeoCYWtyaGU,"105-SS10b","105-SS10b. Amlodipine 5mg-Days out of stock",2025-08-20 11:21:31.965,"6.1"
2196,VDhwrW9DiC1,HMIS1054,"HMIS 105:06-09 - OPD Monthly Report (Supplies, Outreaches & Supervision)",H4UtEhJHCIb,"105-SS22D","105-SS22d. Amoxicillin 250 mg capsule - Quantity Expired",2025-08-20 11:21:31.967,"6.1"
2197,VDhwrW9DiC1,HMIS1054,"HMIS 105:06-09 - OPD Monthly Report (Supplies, Outreaches & Supervision)",zn6bUUf91CL,"105-SS20D_2019","105-SS20d_2019. TDF/3TC/DTG 300mg/300mg/50mg(TLD) - Quantity Expired",2025-08-20 11:21:31.967,"6.1"
2198,VDhwrW9DiC1,HMIS1054,"HMIS 105:06-09 - OPD Monthly Report (Supplies, Outreaches & Supervision)",WS4tW4kxFS1,"105-SS18b_2019","105-SS18b._2019 Atazanavir/ritonavir(ATV/r)300/100mg tablet - Days out of stock",2025-08-20 11:21:31.967,"6.1"
2199,VDhwrW9DiC1,HMIS1054,"HMIS 105:06-09 - OPD Monthly Report (Supplies, Outreaches & Supervision)",mOkW6oAXhCi,"105-SS06C_2019","105-SS06c._2019 Measles Vaccine - Stock on hand",2025-08-20 11:21:31.968,"6.1"
2200,VDhwrW9DiC1,HMIS1054,"HMIS 105:06-09 - OPD Monthly Report (Supplies, Outreaches & Supervision)",g6UvWXJodNP,"105-SS24B","105-SS24b. Sulfadoxine/ Pyrimethamine tablet - Days out of stock",2025-08-20 11:21:31.968,"6.1"
2201,VDhwrW9DiC1,HMIS1054,"HMIS 105:06-09 - OPD Monthly Report (Supplies, Outreaches & Supervision)",vLfFqTKaUZc,"105-SS48A","105-SS48aEthambutol 100mg-Quantity Consumed",2025-08-20 11:21:31.968,"6.1"
2202,VDhwrW9DiC1,HMIS1054,"HMIS 105:06-09 - OPD Monthly Report (Supplies, Outreaches & Supervision)",btxC6bS9r1M,"105-SS21d","105-SS21d. Depot Medroxyprogesterone Acetate (DMPA)_ IM + SC-Quantity expired",2025-08-20 11:21:31.968,"6.1"
2203,VDhwrW9DiC1,HMIS1054,"HMIS 105:06-09 - OPD Monthly Report (Supplies, Outreaches & Supervision)",micrXkUusxI,"105-SS13d","105-SS13d. Glimepiride 2mg-Quantity expired",2025-08-20 11:21:31.968,"6.1"
2204,VDhwrW9DiC1,HMIS1054,"HMIS 105:06-09 - OPD Monthly Report (Supplies, Outreaches & Supervision)",avFhBPl6YUj,"105-SS06D","105-SS06d. Ready to use Therapeutic feeds (RUTF) - Quantity Expired",2025-08-20 11:21:31.968,"6.1"
2205,VDhwrW9DiC1,HMIS1054,"HMIS 105:06-09 - OPD Monthly Report (Supplies, Outreaches & Supervision)",LiFebyLDLHq,"105-SS22b_2019","105-SS22b._2019 Abacavir/Lamivudine (ABC/3TC) 120mg/60mg (Paediatric) - Days out of stock",2025-08-20 11:21:31.969,"6.1"
2207,VDhwrW9DiC1,HMIS1054,"HMIS 105:06-09 - OPD Monthly Report (Supplies, Outreaches & Supervision)",VkjK3NWHyJR,"105-SS42A","105-SS42a Tenofovir/Lamivudine/Dolutegravir (TDF/3TC/DTG) 300/300/50mg-Quantity Consumed",2025-08-20 11:21:31.969,"6.1"
2208,VDhwrW9DiC1,HMIS1054,"HMIS 105:06-09 - OPD Monthly Report (Supplies, Outreaches & Supervision)",jrWc3PfVAAK,"105-SS25d","105-SS25d. Misoprostol 200mg-Quantity expired",2025-08-20 11:21:31.969,"6.1"
2209,VDhwrW9DiC1,HMIS1054,"HMIS 105:06-09 - OPD Monthly Report (Supplies, Outreaches & Supervision)",mDqfoaIlslo,"105-SS31A","105-SS31a Etonogestrel 68mg Implant (Implanon)-Quantity Consumed",2025-08-20 11:21:31.969,"6.1"
2210,VDhwrW9DiC1,HMIS1054,"HMIS 105:06-09 - OPD Monthly Report (Supplies, Outreaches & Supervision)",ObEurrF8fkT,"105-SS40d","105-SS40d. Hepatitis, HBsAg2 Test Kits-Quantity expired",2025-08-20 11:21:31.969,"6.1"
2211,VDhwrW9DiC1,HMIS1054,"HMIS 105:06-09 - OPD Monthly Report (Supplies, Outreaches & Supervision)",PD0KQJ5jSiV,"105-SS15d","105-SS15d.  Filled Oxygen Cylinder (Big Size) 40-60L WC/6.8m3 GC-Quantity expired",2025-08-20 11:21:31.969,"6.1"
2212,VDhwrW9DiC1,HMIS1054,"HMIS 105:06-09 - OPD Monthly Report (Supplies, Outreaches & Supervision)",Wc8HjvOATV9,"105-SS08b","105-SS08b. Retinol (Vitamin A) 200000IU-Days out of stock",2025-08-20 11:21:31.970,"6.1"
2213,VDhwrW9DiC1,HMIS1054,"HMIS 105:06-09 - OPD Monthly Report (Supplies, Outreaches & Supervision)",EDOQsUzygay,"105-SS25A","105-SS25a Misoprostol 200mg-Quantity Consumed",2025-08-20 11:21:31.970,"6.1"
2214,VDhwrW9DiC1,HMIS1054,"HMIS 105:06-09 - OPD Monthly Report (Supplies, Outreaches & Supervision)",KVma72HXIFm,"105-SS50B","105-SS50b. RHZ 75/50/150mg - Days out of stock",2025-08-20 11:21:31.971,"6.1"
2215,VDhwrW9DiC1,HMIS1054,"HMIS 105:06-09 - OPD Monthly Report (Supplies, Outreaches & Supervision)",RaHMrWfK14P,"105-SS44A","105-SS44a Zidovudine/Lamivudine (AZT/3TC) 300/150mg-Quantity Consumed",2025-08-20 11:21:31.971,"6.1"
2216,VDhwrW9DiC1,HMIS1054,"HMIS 105:06-09 - OPD Monthly Report (Supplies, Outreaches & Supervision)",YBrTKDdbjeZ,"105-SS35B","105-SS35b. TB GeneXepert Catridges - Days out of stock",2025-08-20 11:21:31.971,"6.1"
2217,VDhwrW9DiC1,HMIS1054,"HMIS 105:06-09 - OPD Monthly Report (Supplies, Outreaches & Supervision)",u0eqaAAypzu,"105-SS10A","105-SS10a  Amlodipine 5mg-Quantity Consumed",2025-08-20 11:21:31.971,"6.1"
2218,VDhwrW9DiC1,HMIS1054,"HMIS 105:06-09 - OPD Monthly Report (Supplies, Outreaches & Supervision)",G998reqcHxo,"105-SS44c","105-SS44c. Zidovudine/Lamivudine (AZT/3TC) 300/150mg-Stock on Hand",2025-08-20 11:21:31.971,"6.1"
2220,VDhwrW9DiC1,HMIS1054,"HMIS 105:06-09 - OPD Monthly Report (Supplies, Outreaches & Supervision)",hIF6SoT1CPV,"105-SS39C","105-SS39c. Blood Product - Stock on hand",2025-08-20 11:21:31.972,"6.1"
2221,VDhwrW9DiC1,HMIS1054,"HMIS 105:06-09 - OPD Monthly Report (Supplies, Outreaches & Supervision)",JxQNnKwaTbR,"105-SS07D","105-SS07d. Oral Liquid Morphine 5ml/ml - Quantity Expired",2025-08-20 11:21:31.972,"6.1"
2222,VDhwrW9DiC1,HMIS1054,"HMIS 105:06-09 - OPD Monthly Report (Supplies, Outreaches & Supervision)",sO1U2VBiaTL,"105-SS17c","105-SS17c. Salbutamol inhaler-Stock on Hand",2025-08-20 11:21:31.972,"6.1"
2224,VDhwrW9DiC1,HMIS1054,"HMIS 105:06-09 - OPD Monthly Report (Supplies, Outreaches & Supervision)",LIyDtNQVsGo,"105-SS49C","105-SS49c. RHZE 150/75/400/275mg - Stock on hand",2025-08-20 11:21:31.972,"6.1"
2225,VDhwrW9DiC1,HMIS1054,"HMIS 105:06-09 - OPD Monthly Report (Supplies, Outreaches & Supervision)",rPFM5bTGYMY,"105-SS23C","105-SS23c. Amoxicillin dispersible 250mg tablet - Stock on hand",2025-08-20 11:21:31.972,"6.1"
2226,VDhwrW9DiC1,HMIS1054,"HMIS 105:06-09 - OPD Monthly Report (Supplies, Outreaches & Supervision)",s5dDkHVrq3G,"105-SS19d_2019","105-SS19d._2019 Tenofovir/Lamivudine (TDF/3TC) 300mg/300mg - Quantity Expired",2025-08-20 11:21:31.972,"6.1"
2228,VDhwrW9DiC1,HMIS1054,"HMIS 105:06-09 - OPD Monthly Report (Supplies, Outreaches & Supervision)",jJrZeFecR0A,"105-SS17a_2019","105-SS17a._2019 AZT/3TC/NVP 300mg/150mg/200mg - Quantity consumed",2025-08-20 11:21:31.973,"6.1"
2229,VDhwrW9DiC1,HMIS1054,"HMIS 105:06-09 - OPD Monthly Report (Supplies, Outreaches & Supervision)",t2ec7RhRJih,"105-SS28D","105-SS28d. Ceftriaxone 1g Injection - Quantity Expired",2025-08-20 11:21:31.973,"6.1"
2234,VDhwrW9DiC1,HMIS1054,"HMIS 105:06-09 - OPD Monthly Report (Supplies, Outreaches & Supervision)",fy34HLoHa0x,"105-SS01C","105-SS01c. Artemether/Lumefantrine 120/20 mg - Stock on hand",2025-08-20 11:21:31.974,"6.1"
2235,VDhwrW9DiC1,HMIS1054,"HMIS 105:06-09 - OPD Monthly Report (Supplies, Outreaches & Supervision)",RQ1tlXaPcar,"105-SS36C","105-SS36c. Determine HIV 1 & 2 screening test - Stock on hand",2025-08-20 11:21:31.974,"6.1"
2237,VDhwrW9DiC1,HMIS1054,"HMIS 105:06-09 - OPD Monthly Report (Supplies, Outreaches & Supervision)",WCSVdSZEito,"105-SS19a_2019","105-SS19a._2019 Tenofovir/Lamivudine (TDF/3TC) 300mg/300mg - Quantity consumed",2025-08-20 11:21:31.974,"6.1"
2238,VDhwrW9DiC1,HMIS1054,"HMIS 105:06-09 - OPD Monthly Report (Supplies, Outreaches & Supervision)",YVoVGyzJhTo,"105-SS24c_2019","105-SS24c._2019 Cotrimoxazole 960mg tablet - Stock on hand",2025-08-20 11:21:31.974,"6.1"
2239,VDhwrW9DiC1,HMIS1054,"HMIS 105:06-09 - OPD Monthly Report (Supplies, Outreaches & Supervision)",V2IeNGMa5aZ,"105-SS48D","105-SS48d Ethambutol 100mg - Quantity expired ",2025-08-20 11:21:31.975,"6.1"
2241,VDhwrW9DiC1,HMIS1054,"HMIS 105:06-09 - OPD Monthly Report (Supplies, Outreaches & Supervision)",bZGloO0dfM6,"105-SS11D","105-SS11d. Captopril 25mg tablet - Quantity Expired",2025-08-20 11:21:31.975,"6.1"
2245,VDhwrW9DiC1,HMIS1054,"HMIS 105:06-09 - OPD Monthly Report (Supplies, Outreaches & Supervision)",dS1SBQizsCk,"105-SS47b","105-SS47b.Nevirapine (NVP) 10mg/ml oral susp.-Days out of stock",2025-08-20 11:21:31.976,"6.1"
2246,VDhwrW9DiC1,HMIS1054,"HMIS 105:06-09 - OPD Monthly Report (Supplies, Outreaches & Supervision)",jTFze4K9xBv,"105-SS08d","105-SS08d. Retinol (Vitamin A) 200000IU-Quantity expired",2025-08-20 11:21:31.976,"6.1"
2247,VDhwrW9DiC1,HMIS1054,"HMIS 105:06-09 - OPD Monthly Report (Supplies, Outreaches & Supervision)",IksyrSS2A3e,"105-SS43b","105-SS43b. Abacavir/Lamivudine/Dolutegravir (ABC/3TC/DTG) 600/300/50mg-Days out of stock",2025-08-20 11:21:31.976,"6.1"
2248,VDhwrW9DiC1,HMIS1054,"HMIS 105:06-09 - OPD Monthly Report (Supplies, Outreaches & Supervision)",SQr7jL5gMBe,"105-SS23D","105-SS23d. Amoxicillin dispersible 250mg tablet - Quantity Expired",2025-08-20 11:21:31.977,"6.1"
2249,VDhwrW9DiC1,HMIS1054,"HMIS 105:06-09 - OPD Monthly Report (Supplies, Outreaches & Supervision)",sZDccpIOIIA,"105-SS36c_2019","105-SS36c._2019 Nifedipine tablets 20mg tablet - Stock on hand",2025-08-20 11:21:31.977,"6.1"
2250,VDhwrW9DiC1,HMIS1054,"HMIS 105:06-09 - OPD Monthly Report (Supplies, Outreaches & Supervision)",R3OzIXOWCOe,"105-SS18b","105-SS18b. Carbamazepine 200mg-Days out of stock",2025-08-20 11:21:31.977,"6.1"
2252,VDhwrW9DiC1,HMIS1054,"HMIS 105:06-09 - OPD Monthly Report (Supplies, Outreaches & Supervision)",k4erSOlCCkS,"105-SS45b","105-SS45b. Abacavir/Lamivudine/Dolutegravir (ABC/3TC/DTG) 60/30/5mg-Days out of stock",2025-08-20 11:21:31.977,"6.1"
2253,VDhwrW9DiC1,HMIS1054,"HMIS 105:06-09 - OPD Monthly Report (Supplies, Outreaches & Supervision)",L2exKCG9ZxY,"105-SS42c","105-SS42c. Tenofovir/Lamivudine/Dolutegravir (TDF/3TC/DTG) 300/300/50mg-Stock on Hand",2025-08-20 11:21:31.977,"6.1"
2255,VDhwrW9DiC1,HMIS1054,"HMIS 105:06-09 - OPD Monthly Report (Supplies, Outreaches & Supervision)",l6guM93eIE5,"105-SS24d_2019","105-SS24d._2019 Cotrimoxazole 960mg tablet - Quantity Expired",2025-08-20 11:21:31.978,"6.1"
2256,VDhwrW9DiC1,HMIS1054,"HMIS 105:06-09 - OPD Monthly Report (Supplies, Outreaches & Supervision)",oxs9PnKVkY9,"105-SS21A","105-SS21a Depot Medroxyprogesterone Acetate (DMPA)_ IM + SC-Quantity Consumed",2025-08-20 11:21:31.978,"6.1"
2257,VDhwrW9DiC1,HMIS1054,"HMIS 105:06-09 - OPD Monthly Report (Supplies, Outreaches & Supervision)",zc7pf9ctwyc,"105-SS06C","105-SS06c. Ready to use Therapeutic feeds (RUTF) - Stock on hand",2025-08-20 11:21:31.978,"6.1"
2258,VDhwrW9DiC1,HMIS1054,"HMIS 105:06-09 - OPD Monthly Report (Supplies, Outreaches & Supervision)",bYQQBS9F9Bp,"105-SS14C","105-SS14c. Insulin short-acting 100IU/Ml - Stock on hand",2025-08-20 11:21:31.978,"6.1"
2259,VDhwrW9DiC1,HMIS1054,"HMIS 105:06-09 - OPD Monthly Report (Supplies, Outreaches & Supervision)",eSjJv1tjFWu,"105-SS02B","105-SS02b. Artesunate 60mg - Days out of stock",2025-08-20 11:21:31.978,"6.1"
2261,VDhwrW9DiC1,HMIS1054,"HMIS 105:06-09 - OPD Monthly Report (Supplies, Outreaches & Supervision)",yP21Z0Gf7Zw,"105-SS16d_2019","105-SS16d._2019 Tenofovir/Lamivudine/Efavirenz (TDF/3TC/EFV) 300mg/300mg/ 600mg - Quantity Expired",2025-08-20 11:21:31.979,"6.1"
2262,VDhwrW9DiC1,HMIS1054,"HMIS 105:06-09 - OPD Monthly Report (Supplies, Outreaches & Supervision)",dwA2kTViYpi,"105-SS10D_2019","105-SS10d._2019 CD4 reagent - Quantity Expired",2025-08-20 11:21:31.979,"6.1"
2263,VDhwrW9DiC1,HMIS1054,"HMIS 105:06-09 - OPD Monthly Report (Supplies, Outreaches & Supervision)",io2jyFaluMb,"105-SS09D","105-SS09d. Bendrofluazide 5mg - Quantity Expired",2025-08-20 11:21:31.979,"6.1"
2264,VDhwrW9DiC1,HMIS1054,"HMIS 105:06-09 - OPD Monthly Report (Supplies, Outreaches & Supervision)",Vw9RqEPax3S,"105-SS19c_2019","105-SS19c._2019 Tenofovir/Lamivudine (TDF/3TC) 300mg/300mg - Stock on hand",2025-08-20 11:21:31.979,"6.1"
2268,VDhwrW9DiC1,HMIS1054,"HMIS 105:06-09 - OPD Monthly Report (Supplies, Outreaches & Supervision)",q6CL6qEynJB,"105-SS39a_2019","105-SS39a._2019 Glibenclamide 5mg tablet - Quantity consumed",2025-08-20 11:21:31.980,"6.1"
2270,VDhwrW9DiC1,HMIS1054,"HMIS 105:06-09 - OPD Monthly Report (Supplies, Outreaches & Supervision)",V3K5RNMBcpr,"105-SS15b","105-SS15b. Filled Oxygen Cylinder (Big Size) 40-60L WC/6.8m3 GC-Days out of stock",2025-08-20 11:21:31.981,"6.1"
2271,VDhwrW9DiC1,HMIS1054,"HMIS 105:06-09 - OPD Monthly Report (Supplies, Outreaches & Supervision)",RvUzMtiTOnh,"105-SS04A","105-SS04a. Chlorhexidine Digluconate Gel 7.1% (equivalent to 4% chlorhexidine) - Quantity consumed",2025-08-20 11:21:31.981,"6.1"
2273,VDhwrW9DiC1,HMIS1054,"HMIS 105:06-09 - OPD Monthly Report (Supplies, Outreaches & Supervision)",GgypgARVxzI,"105-SS11A","105-SS11a. Captopril 25mg tablet - Quantity consumed",2025-08-20 11:21:31.981,"6.1"
2274,VDhwrW9DiC1,HMIS1054,"HMIS 105:06-09 - OPD Monthly Report (Supplies, Outreaches & Supervision)",MMmOpkseCwP,"105-SS10d","105-SS10d.Amlodipine 5mg-Quantity expired",2025-08-20 11:21:31.982,"6.1"
2276,VDhwrW9DiC1,HMIS1054,"HMIS 105:06-09 - OPD Monthly Report (Supplies, Outreaches & Supervision)",tgtarB7Bvsx,"105-SS04D","105-SS04d. Chlorhexidine Digluconate Gel 7.1% (equivalent to 4% chlorhexidine) - Quantity Expired",2025-08-20 11:21:31.982,"6.1"
2277,VDhwrW9DiC1,HMIS1054,"HMIS 105:06-09 - OPD Monthly Report (Supplies, Outreaches & Supervision)",weJodsdKteL,"105-SS36d_2019","105-SS36d._2019 Nifedipine tablets 20mg tablet - Quantity Expired",2025-08-20 11:21:31.982,"6.1"
2278,VDhwrW9DiC1,HMIS1054,"HMIS 105:06-09 - OPD Monthly Report (Supplies, Outreaches & Supervision)",lQRFuUgxIko,"105-SS40A","105-SS40a Hepatitis, HBsAg2 Test Kits-Quantity Consumed",2025-08-20 11:21:31.982,"6.1"
2279,VDhwrW9DiC1,HMIS1054,"HMIS 105:06-09 - OPD Monthly Report (Supplies, Outreaches & Supervision)",RIBMopGoWHl,"105-SS01A","105-SS01a. Artemether/Lumefantrine 120/20 mg - Quantity consumed",2025-08-20 11:21:31.982,"6.1"
2280,VDhwrW9DiC1,HMIS1054,"HMIS 105:06-09 - OPD Monthly Report (Supplies, Outreaches & Supervision)",tJrUDw21Xmb,"105-SS19d","105-SS19d. Fluoxetine 20 mg-Quantity expired",2025-08-20 11:21:31.983,"6.1"
2281,VDhwrW9DiC1,HMIS1054,"HMIS 105:06-09 - OPD Monthly Report (Supplies, Outreaches & Supervision)",AQBgo2lFYcB,"105-SS32b","105-SS32b. Male Condoms-Days out of stock",2025-08-20 11:21:31.983,"6.1"
2282,VDhwrW9DiC1,HMIS1054,"HMIS 105:06-09 - OPD Monthly Report (Supplies, Outreaches & Supervision)",OnFqo5j3k9U,"105-SS22d_2019","105-SS22d._2019 Abacavir/Lamivudine (ABC/3TC) 120mg/60mg (Paediatric) - Quantity Expired",2025-08-20 11:21:31.983,"6.1"
2284,VDhwrW9DiC1,HMIS1054,"HMIS 105:06-09 - OPD Monthly Report (Supplies, Outreaches & Supervision)",RcHJR6nIcUD,"105-SS17c_2019","105-SS17c._2019 AZT/3TC/NVP 300mg/150mg/200mg - Stock on hand",2025-08-20 11:21:31.983,"6.1"
2285,VDhwrW9DiC1,HMIS1054,"HMIS 105:06-09 - OPD Monthly Report (Supplies, Outreaches & Supervision)",Stjf0VLDVlJ,"105-SS28C_2019","105-SS28c._2019 Misoprostol 200mcg Tablet - Stock on hand",2025-08-20 11:21:31.984,"6.1"
2286,VDhwrW9DiC1,HMIS1054,"HMIS 105:06-09 - OPD Monthly Report (Supplies, Outreaches & Supervision)",XcKSEjnZEut,"105-SS49B","105-SS49b. RHZE 150/75/400/275mg - Days out of stock",2025-08-20 11:21:31.984,"6.1"
2287,VDhwrW9DiC1,HMIS1054,"HMIS 105:06-09 - OPD Monthly Report (Supplies, Outreaches & Supervision)",yIWazgZwraU,"105-SS46A","105-SS46a Zidovudine/Lamivudine (AZT/3TC) 60/30mg-Quantity Consumed",2025-08-20 11:21:31.984,"6.1"
2288,VDhwrW9DiC1,HMIS1054,"HMIS 105:06-09 - OPD Monthly Report (Supplies, Outreaches & Supervision)",I8g7GERvAjt,"105-SS30A","105-SS30a. Mama Kit - Quantity consumed",2025-08-20 11:21:31.984,"6.1"
2289,VDhwrW9DiC1,HMIS1054,"HMIS 105:06-09 - OPD Monthly Report (Supplies, Outreaches & Supervision)",lqKvHtoTCSI,"105-SS37B","105-SS37b. Stat -pack HIV Confirmatory rapid tests, tests - Days out of stock",2025-08-20 11:21:31.984,"6.1"
2291,VDhwrW9DiC1,HMIS1054,"HMIS 105:06-09 - OPD Monthly Report (Supplies, Outreaches & Supervision)",msmJxt9LGqX,"105-SS12C","105-SS12c. Metformin 500mg - Stock on hand",2025-08-20 11:21:31.985,"6.1"
2293,VDhwrW9DiC1,HMIS1054,"HMIS 105:06-09 - OPD Monthly Report (Supplies, Outreaches & Supervision)",cPQww1wkUF5,"105-SS31c","105-SS31c. Etonogestrel 68mg Implant (Implanon)-Stock on Hand",2025-08-20 11:21:31.985,"6.1"
2294,VDhwrW9DiC1,HMIS1054,"HMIS 105:06-09 - OPD Monthly Report (Supplies, Outreaches & Supervision)",pvBjG3TnbtJ,"105-SS23A","105-SS23a. Amoxicillin dispersible 250mg tablet - Quantity consumed",2025-08-20 11:21:31.985,"6.1"
2295,VDhwrW9DiC1,HMIS1054,"HMIS 105:06-09 - OPD Monthly Report (Supplies, Outreaches & Supervision)",kFVmUnfCxTc,"105-SS50C","105-SS50c. RHZ 75/50/150mg - Stock on hand",2025-08-20 11:21:31.985,"6.1"
2296,VDhwrW9DiC1,HMIS1054,"HMIS 105:06-09 - OPD Monthly Report (Supplies, Outreaches & Supervision)",WjRrKZXi5UA,"105-SS41D","105-SS41d. HIV/Syphilis Duo Kit-Quantity expired",2025-08-20 11:21:31.985,"6.1"
2297,VDhwrW9DiC1,HMIS1054,"HMIS 105:06-09 - OPD Monthly Report (Supplies, Outreaches & Supervision)",QYtOYWYSof5,"105-SS29A","105-SS29a. Oxytocin Injection - Quantity consumed",2025-08-20 11:21:31.986,"6.1"
2299,VDhwrW9DiC1,HMIS1054,"HMIS 105:06-09 - OPD Monthly Report (Supplies, Outreaches & Supervision)",sFLr3TIyeT3,"105-SS30C","105-SS30c. Mama Kit - Stock on hand",2025-08-20 11:21:31.986,"6.1"
2300,VDhwrW9DiC1,HMIS1054,"HMIS 105:06-09 - OPD Monthly Report (Supplies, Outreaches & Supervision)",WqpK9umwIgV,"105-SS45d","105-SS45d. Abacavir/Lamivudine/Dolutegravir (ABC/3TC/DTG) 60/30/5mg-Quantity expired",2025-08-20 11:21:31.986,"6.1"
2301,VDhwrW9DiC1,HMIS1054,"HMIS 105:06-09 - OPD Monthly Report (Supplies, Outreaches & Supervision)",wHgX40UfiCw,"105-SS07C","105-SS07c. Oral Liquid Morphine 5ml/ml - Stock on hand",2025-08-20 11:21:31.986,"6.1"
2302,VDhwrW9DiC1,HMIS1054,"HMIS 105:06-09 - OPD Monthly Report (Supplies, Outreaches & Supervision)",UGAro1Stzfd,"105-SS41A_2019","105-SS41a_2019. Cardiac Aspirin 75/80 mg - Quantity consumed",2025-08-20 11:21:31.986,"6.1"
2303,VDhwrW9DiC1,HMIS1054,"HMIS 105:06-09 - OPD Monthly Report (Supplies, Outreaches & Supervision)",x9HO4Wzv7rx,"105-SS43A","105-SS43a Abacavir/Lamivudine/Dolutegravir (ABC/3TC/DTG) 600/300/50mg-Quantity Consumed",2025-08-20 11:21:31.987,"6.1"
2304,VDhwrW9DiC1,HMIS1054,"HMIS 105:06-09 - OPD Monthly Report (Supplies, Outreaches & Supervision)",aYLRo9MS3zb,"105-SS22A","105-SS22a. Amoxicillin 250 mg capsule - Quantity consumed",2025-08-20 11:21:31.987,"6.1"
2305,VDhwrW9DiC1,HMIS1054,"HMIS 105:06-09 - OPD Monthly Report (Supplies, Outreaches & Supervision)",SttnQWaT8fW,"105-SS24C","105-SS24c. Sulfadoxine/ Pyrimethamine tablet - Stock on hand",2025-08-20 11:21:31.987,"6.1"
2306,VDhwrW9DiC1,HMIS1054,"HMIS 105:06-09 - OPD Monthly Report (Supplies, Outreaches & Supervision)",EB24zcuiRH4,"105-SS13c","105-SS13c. Glimepiride 2mg-Stock on Hand",2025-08-20 11:21:31.987,"6.1"
2307,VDhwrW9DiC1,HMIS1054,"HMIS 105:06-09 - OPD Monthly Report (Supplies, Outreaches & Supervision)",d9yRtY7kB3L,"105-SS07B","105-SS07b. Oral Liquid Morphine 5ml/ml - Days out of stock",2025-08-20 11:21:31.987,"6.1"
2308,VDhwrW9DiC1,HMIS1054,"HMIS 105:06-09 - OPD Monthly Report (Supplies, Outreaches & Supervision)",Ea8UVuVDfa5,"105-SS42d","105-SS42d. Tenofovir/Lamivudine/Dolutegravir (TDF/3TC/DTG) 300/300/50mg-Quantity expired",2025-08-20 11:21:31.987,"6.1"
2309,VDhwrW9DiC1,HMIS1054,"HMIS 105:06-09 - OPD Monthly Report (Supplies, Outreaches & Supervision)",Cyt3BC4JNR5,"105-SS48B","105-SS48b Ethambutol 100mg-Days out of Stock",2025-08-20 11:21:31.988,"6.1"
2311,VDhwrW9DiC1,HMIS1054,"HMIS 105:06-09 - OPD Monthly Report (Supplies, Outreaches & Supervision)",C6TE4BvkksF,"105-SS37D","105-SS37d. Stat -pack HIV Confirmatory rapid tests, tests - Quantity Expired",2025-08-20 11:21:31.988,"6.1"
2312,VDhwrW9DiC1,HMIS1054,"HMIS 105:06-09 - OPD Monthly Report (Supplies, Outreaches & Supervision)",SBbhtV3VJvj,"105-SS34B","105-SS34b. Malaria Rapid Diagnostic tests - Days out of stock",2025-08-20 11:21:31.988,"6.1"
2313,VDhwrW9DiC1,HMIS1054,"HMIS 105:06-09 - OPD Monthly Report (Supplies, Outreaches & Supervision)",jEjYbOgLaEI,"105-SS49D","105-SS49d. RHZE 150/75/400/275mg - Quantity Expired",2025-08-20 11:21:31.988,"6.1"
2314,VDhwrW9DiC1,HMIS1054,"HMIS 105:06-09 - OPD Monthly Report (Supplies, Outreaches & Supervision)",E6bQbrXhKgU,"105-SS36A","105-SS36a. Determine HIV 1 & 2 screening test - Quantity consumed",2025-08-20 11:21:31.988,"6.1"
2316,VDhwrW9DiC1,HMIS1054,"HMIS 105:06-09 - OPD Monthly Report (Supplies, Outreaches & Supervision)",mCBBugESiLL,"105-SS37A","105-SS37a. Stat -pack HIV Confirmatory rapid tests, tests - Quantity consumed",2025-08-20 11:21:31.989,"6.1"
2317,VDhwrW9DiC1,HMIS1054,"HMIS 105:06-09 - OPD Monthly Report (Supplies, Outreaches & Supervision)",qGNDeJRBNGy,"105-SS39d_2019","105-SS39d._2019 Glibenclamide 5mg tablet - Quantity Expired",2025-08-20 11:21:31.989,"6.1"
2318,VDhwrW9DiC1,HMIS1054,"HMIS 105:06-09 - OPD Monthly Report (Supplies, Outreaches & Supervision)",MdDIyLTtzVZ,"105-SS17A","105-SS17a Salbutamol inhaler-Quantity Consumed",2025-08-20 11:21:31.989,"6.1"
2319,VDhwrW9DiC1,HMIS1054,"HMIS 105:06-09 - OPD Monthly Report (Supplies, Outreaches & Supervision)",c5fGvs85sHu,"105-SS02a_2019","105-SS02a_2019. Depot medroxy progesterone acetate (DMPA) - Quantity consumed",2025-08-20 11:21:31.989,"6.1"
2320,VDhwrW9DiC1,HMIS1054,"HMIS 105:06-09 - OPD Monthly Report (Supplies, Outreaches & Supervision)",eorpVNcBh68,"105-SS15A","105-SS15a Filled Oxygen Cylinder (Big Size) 40-60L WC/6.8m3 GC-Quantity Consumed",2025-08-20 11:21:31.989,"6.1"
2321,VDhwrW9DiC1,HMIS1054,"HMIS 105:06-09 - OPD Monthly Report (Supplies, Outreaches & Supervision)",l92riisGZ10,"105-SS28A_2019","105-SS28a._2019 Misoprostol 200mcg Tablet - Quantity consumed",2025-08-20 11:21:31.989,"6.1"
2322,VDhwrW9DiC1,HMIS1054,"HMIS 105:06-09 - OPD Monthly Report (Supplies, Outreaches & Supervision)",xfyEsSF1Yeh,"105-SS09C","105-SS09c. Bendrofluazide 5mg - Stock on hand",2025-08-20 11:21:31.990,"6.1"
2323,VDhwrW9DiC1,HMIS1054,"HMIS 105:06-09 - OPD Monthly Report (Supplies, Outreaches & Supervision)",L2kJAfgUXsN,"105-SS18c_2019","105-SS18c._2019 Atazanavir/ritonavir(ATV/r)300/100mg tablet - Stock on hand",2025-08-20 11:21:31.990,"6.1"
2324,VDhwrW9DiC1,HMIS1054,"HMIS 105:06-09 - OPD Monthly Report (Supplies, Outreaches & Supervision)",YXxDY7UlYw0,"105-SS32d","105-SS32d. Male Condoms-Quantity expired",2025-08-20 11:21:31.990,"6.1"
2325,VDhwrW9DiC1,HMIS1054,"HMIS 105:06-09 - OPD Monthly Report (Supplies, Outreaches & Supervision)",z75W19sQozD,"105-SS22C","105-SS22c. Amoxicillin 250 mg capsule - Stock on hand",2025-08-20 11:21:31.990,"6.1"
2326,VDhwrW9DiC1,HMIS1054,"HMIS 105:06-09 - OPD Monthly Report (Supplies, Outreaches & Supervision)",RMbAB4oIe3v,"105-SS40b","105-SS40b. Hepatitis, HBsAg2 Test Kits-Days out of stock",2025-08-20 11:21:31.990,"6.1"
2327,VDhwrW9DiC1,HMIS1054,"HMIS 105:06-09 - OPD Monthly Report (Supplies, Outreaches & Supervision)",wiqUBGIcpQd,"105-SS12B","105-SS12b. Metformin 500mg - Days out of stock",2025-08-20 11:21:31.990,"6.1"
2328,VDhwrW9DiC1,HMIS1054,"HMIS 105:06-09 - OPD Monthly Report (Supplies, Outreaches & Supervision)",Gko0hroCGQf,"105-SS16A","105-SS16a Ferrous sulphate + Folic Acid-Quantity Consumed",2025-08-20 11:21:31.990,"6.1"
2330,VDhwrW9DiC1,HMIS1054,"HMIS 105:06-09 - OPD Monthly Report (Supplies, Outreaches & Supervision)",eJjn1Av0vHI,"105-SS03C","105-SS03c.Long Lasting Insecticidal Nets (LLINs) - Stock on hand",2025-08-20 11:21:31.991,"6.1"
2331,VDhwrW9DiC1,HMIS1054,"HMIS 105:06-09 - OPD Monthly Report (Supplies, Outreaches & Supervision)",F3qRgHbdaGn,"105-SS27d","105-SS27d. Measles-Rubella Vaccine-Quantity expired",2025-08-20 11:21:31.991,"6.1"
2332,VDhwrW9DiC1,HMIS1054,"HMIS 105:06-09 - OPD Monthly Report (Supplies, Outreaches & Supervision)",pzFHcVuOC7F,"105-SS44d","105-SS44d. Zidovudine/Lamivudine (AZT/3TC) 300/150mg-Quantity expired",2025-08-20 11:21:31.991,"6.1"
2333,VDhwrW9DiC1,HMIS1054,"HMIS 105:06-09 - OPD Monthly Report (Supplies, Outreaches & Supervision)",RgJfEDFIOmI,"105-SS31b","105-SS31b. Etonogestrel 68mg Implant (Implanon)-Days out of stock",2025-08-20 11:21:31.991,"6.1"
2334,VDhwrW9DiC1,HMIS1054,"HMIS 105:06-09 - OPD Monthly Report (Supplies, Outreaches & Supervision)",LkQrMVTYCPz,"105-SS20b","105-SS20b. Chlorpromazine 25mg-Days out of stock",2025-08-20 11:21:31.991,"6.1"
2335,VDhwrW9DiC1,HMIS1054,"HMIS 105:06-09 - OPD Monthly Report (Supplies, Outreaches & Supervision)",uoCNTBk8wCN,"105-SS27b","105-SS27b. Measles-Rubella Vaccine-Days out of stock",2025-08-20 11:21:31.992,"6.1"
2336,VDhwrW9DiC1,HMIS1054,"HMIS 105:06-09 - OPD Monthly Report (Supplies, Outreaches & Supervision)",EEx8UTWSL9K,"105-SS37C","105-SS37c. Stat -pack HIV Confirmatory rapid tests, tests - Stock on hand",2025-08-20 11:21:31.992,"6.1"
2337,VDhwrW9DiC1,HMIS1054,"HMIS 105:06-09 - OPD Monthly Report (Supplies, Outreaches & Supervision)",h5nYtk0kLWs,"105-SS28C","105-SS28c. Ceftriaxone 1g Injection - Stock on hand",2025-08-20 11:21:31.992,"6.1"
2339,VDhwrW9DiC1,HMIS1054,"HMIS 105:06-09 - OPD Monthly Report (Supplies, Outreaches & Supervision)",RUgRUwwMAlh,"105-SS05B","105-SS05b. Therapeutic milk F75 (75Kcal/100ml)- Days out of stock",2025-08-20 11:21:31.992,"6.1"
2340,VDhwrW9DiC1,HMIS1054,"HMIS 105:06-09 - OPD Monthly Report (Supplies, Outreaches & Supervision)",xQ8AWPY8Ude,"105-SS19b","105-SS19b.Fluoxetine 20 mg-Days out of stock",2025-08-20 11:21:31.992,"6.1"
2341,VDhwrW9DiC1,HMIS1054,"HMIS 105:06-09 - OPD Monthly Report (Supplies, Outreaches & Supervision)",G7Dx3jjZ9wY,"105-SS23a_2019","105-SS23a._2019 Lopinavir40mg/ritonavir 10mg pellets in capsules - Quantity consumed",2025-08-20 11:21:31.992,"6.1"
2342,VDhwrW9DiC1,HMIS1054,"HMIS 105:06-09 - OPD Monthly Report (Supplies, Outreaches & Supervision)",hANVx2Y5XjG,"105-SS44b","105-SS44b. Zidovudine/Lamivudine (AZT/3TC) 300/150mg-Days out of stock",2025-08-20 11:21:31.993,"6.1"
2343,VDhwrW9DiC1,HMIS1054,"HMIS 105:06-09 - OPD Monthly Report (Supplies, Outreaches & Supervision)",ESqe1zesDpD,"105-SS39c_2019","105-SS39c._2019 Glibenclamide 5mg tablet - Stock on hand",2025-08-20 11:21:31.993,"6.1"
2345,VDhwrW9DiC1,HMIS1054,"HMIS 105:06-09 - OPD Monthly Report (Supplies, Outreaches & Supervision)",QdTxe1rpItw,"105-SS02D_2019","105-SS02d._2019 Depot medroxy progesterone acetate (DMPA) - Quantity Expired",2025-08-20 11:21:31.993,"6.1"
2346,VDhwrW9DiC1,HMIS1054,"HMIS 105:06-09 - OPD Monthly Report (Supplies, Outreaches & Supervision)",pd2sfxBtnCo,"105-SS17b_2019","105-SS17b._2019 AZT/3TC/NVP 300mg/150mg/200mg - Days out of stock",2025-08-20 11:21:31.993,"6.1"
2347,VDhwrW9DiC1,HMIS1054,"HMIS 105:06-09 - OPD Monthly Report (Supplies, Outreaches & Supervision)",mOOdFWzGNAD,"105-SS20A","105-SS20a Chlorpromazine 25mg-Quantity Consumed",2025-08-20 11:21:31.993,"6.1"
2348,VDhwrW9DiC1,HMIS1054,"HMIS 105:06-09 - OPD Monthly Report (Supplies, Outreaches & Supervision)",M7QQo23mMqK,"105-SS48C","105-SS48c Ethambutol 100mg- Stock on hand",2025-08-20 11:21:31.994,"6.1"
2349,VDhwrW9DiC1,HMIS1054,"HMIS 105:06-09 - OPD Monthly Report (Supplies, Outreaches & Supervision)",tXhsTnLY5q1,"105-SS28B","105-SS28b. Ceftriaxone 1g Injection - Days out of stock",2025-08-20 11:21:31.994,"6.1"
2350,VDhwrW9DiC1,HMIS1054,"HMIS 105:06-09 - OPD Monthly Report (Supplies, Outreaches & Supervision)",Q6ne3khBitH,"105-SS01D","105-SS01d. Artemether/Lumefantrine 120/20 mg - Quantity Expired",2025-08-20 11:21:31.994,"6.1"
2351,VDhwrW9DiC1,HMIS1054,"HMIS 105:06-09 - OPD Monthly Report (Supplies, Outreaches & Supervision)",Jdb1lBj4uoP,"105-SS02D","105-SS02d. Artesunate 60mg - Quantity Expired",2025-08-20 11:21:31.994,"6.1"
2352,VDhwrW9DiC1,HMIS1054,"HMIS 105:06-09 - OPD Monthly Report (Supplies, Outreaches & Supervision)",SMgQjtoMGfB,"105-SS39b_2019","105-SS39b._2019 Glibenclamide 5mg tablet - Days out of stock",2025-08-20 11:21:31.994,"6.1"
2354,VDhwrW9DiC1,HMIS1054,"HMIS 105:06-09 - OPD Monthly Report (Supplies, Outreaches & Supervision)",fIRYbTC7Jv7,"105-SS23c_2019","105-SS23c._2019 Lopinavir40mg/ritonavir 10mg pellets in capsules - Stock on hand",2025-08-20 11:21:31.995,"6.1"
2356,VDhwrW9DiC1,HMIS1054,"HMIS 105:06-09 - OPD Monthly Report (Supplies, Outreaches & Supervision)",HhhkiZDx1vo,"105-SS34C","105-SS34c. Malaria Rapid Diagnostic tests - Stock on hand",2025-08-20 11:21:31.995,"6.1"
2357,VDhwrW9DiC1,HMIS1054,"HMIS 105:06-09 - OPD Monthly Report (Supplies, Outreaches & Supervision)",dqjSANoFcNs,"105-SS22a_2019","105-SS22a._2019 Abacavir/Lamivudine (ABC/3TC) 120mg/60mg (Paediatric) - Quantity consumed",2025-08-20 11:21:31.995,"6.1"
2358,VDhwrW9DiC1,HMIS1054,"HMIS 105:06-09 - OPD Monthly Report (Supplies, Outreaches & Supervision)",CWHkMGxNOZU,"105-SS20B_2019","105-SS20b_2019. TDF/3TC/DTG 300mg/300mg/50mg(TLD) - Days out of stock",2025-08-20 11:21:31.996,"6.1"
2360,VDhwrW9DiC1,HMIS1054,"HMIS 105:06-09 - OPD Monthly Report (Supplies, Outreaches & Supervision)",iQJkiLHfOyZ,"105-SS08A","105-SS08a Retinol (Vitamin A) 200000IU-Quantity Consumed",2025-08-20 11:21:31.996,"6.1"
2361,VDhwrW9DiC1,HMIS1054,"HMIS 105:06-09 - OPD Monthly Report (Supplies, Outreaches & Supervision)",jQRU8exyBhk,"105-SS10C_2019","105-SS10c._2019 CD4 reagent - Stock on hand",2025-08-20 11:21:31.996,"6.1"
2362,VDhwrW9DiC1,HMIS1054,"HMIS 105:06-09 - OPD Monthly Report (Supplies, Outreaches & Supervision)",YEMb4ibXW7r,"105-SS23b_2019","105-SS23b._2019 Lopinavir40mg/ritonavir 10mg pellets in capsules - Days out of stock",2025-08-20 11:21:31.997,"6.1"
2366,VDhwrW9DiC1,HMIS1054,"HMIS 105:06-09 - OPD Monthly Report (Supplies, Outreaches & Supervision)",Zbmfh4YV81V,"105-SS32A","105-SS32a Male Condoms-Quantity Consumed",2025-08-20 11:21:31.997,"6.1"
2367,VDhwrW9DiC1,HMIS1054,"HMIS 105:06-09 - OPD Monthly Report (Supplies, Outreaches & Supervision)",dJFZbzB6N5M,"105-SS24b_2019","105-SS24b._2019 Cotrimoxazole 960mg tablet - Days out of stock",2025-08-20 11:21:31.998,"6.1"
2368,VDhwrW9DiC1,HMIS1054,"HMIS 105:06-09 - OPD Monthly Report (Supplies, Outreaches & Supervision)",HPMRhsim2CG,"105-SS19c","105-SS19c. Fluoxetine 20 mg-Stock on Hand",2025-08-20 11:21:31.998,"6.1"
2370,VDhwrW9DiC1,HMIS1054,"HMIS 105:06-09 - OPD Monthly Report (Supplies, Outreaches & Supervision)",WQGiJmR3Fpn,"105-SS27c","105-SS27c. Measles-Rubella Vaccine-Stock on Hand",2025-08-20 11:21:31.998,"6.1"
2371,VDhwrW9DiC1,HMIS1054,"HMIS 105:06-09 - OPD Monthly Report (Supplies, Outreaches & Supervision)",UW7CUMrQIUh,"105-SS17b","105-SS17b. Salbutamol inhaler-Days out of stock",2025-08-20 11:21:31.998,"6.1"
2373,VDhwrW9DiC1,HMIS1054,"HMIS 105:06-09 - OPD Monthly Report (Supplies, Outreaches & Supervision)",FNljrtQsZDH,"105-SS33c","105-SS33c. CD4 reagent (BD Presto/Visitect/PIMA)-Stock on Hand",2025-08-20 11:21:31.998,"6.1"
2374,VDhwrW9DiC1,HMIS1054,"HMIS 105:06-09 - OPD Monthly Report (Supplies, Outreaches & Supervision)",yMg98ft9QuB,"105-SS17d","105-SS17d. Salbutamol inhaler-Quantity expired",2025-08-20 11:21:31.999,"6.1"
2375,VDhwrW9DiC1,HMIS1054,"HMIS 105:06-09 - OPD Monthly Report (Supplies, Outreaches & Supervision)",CHADo6zEvP7,"105-SS20c","105-SS20c. Chlorpromazine 25mg-Stock on Hand",2025-08-20 11:21:31.999,"6.1"
2376,VDhwrW9DiC1,HMIS1054,"HMIS 105:06-09 - OPD Monthly Report (Supplies, Outreaches & Supervision)",ydkgbCWZ0u9,"105-SS23B","105-SS23b. Amoxicillin dispersible 250mg tablet - Days out of stock",2025-08-20 11:21:31.999,"6.1"
2377,VDhwrW9DiC1,HMIS1054,"HMIS 105:06-09 - OPD Monthly Report (Supplies, Outreaches & Supervision)",KJ7oDevfIrN,"105-SS21b_2019","105-SS21b._2019 TLE 300mg/300mg/400mg - Days out of stock",2025-08-20 11:21:31.999,"6.1"
2378,VDhwrW9DiC1,HMIS1054,"HMIS 105:06-09 - OPD Monthly Report (Supplies, Outreaches & Supervision)",EWIpbMYqdYP,"105-SS02B_2019","105-SS02b._2019 Depot medroxy progesterone acetate (DMPA) - Days out of stock",2025-08-20 11:21:31.999,"6.1"
2379,VDhwrW9DiC1,HMIS1054,"HMIS 105:06-09 - OPD Monthly Report (Supplies, Outreaches & Supervision)",o5fRcqT1v3R,"105-SS17d_2019","105-SS17d._2019 AZT/3TC/NVP 300mg/150mg/200mg - Quantity Expired",2025-08-20 11:21:31.999,"6.1"
2380,VDhwrW9DiC1,HMIS1054,"HMIS 105:06-09 - OPD Monthly Report (Supplies, Outreaches & Supervision)",y1JeU6PTNy7,"105-SS14D","105-SS14d. Insulin short-acting100IU/Ml - Quantity Expired",2025-08-20 11:21:32.000,"6.1"
2381,VDhwrW9DiC1,HMIS1054,"HMIS 105:06-09 - OPD Monthly Report (Supplies, Outreaches & Supervision)",elR4IhPOQPV,"105-SS41B_2019","105-SS41b_2019. Cardiac Aspirin 75/80 mg - Days out of stock",2025-08-20 11:21:32.000,"6.1"
2382,VDhwrW9DiC1,HMIS1054,"HMIS 105:06-09 - OPD Monthly Report (Supplies, Outreaches & Supervision)",aV1vC0QrCtG,"105-SS36a_2019","105-SS36a._2019 Nifedipine tablets 20mg tablet - Quantity consumed",2025-08-20 11:21:32.000,"6.1"
2383,VDhwrW9DiC1,HMIS1054,"HMIS 105:06-09 - OPD Monthly Report (Supplies, Outreaches & Supervision)",bKqSZiiOj3I,"105-SS16b_2019","105-SS16b._2019 Tenofovir/Lamivudine/Efavirenz (TDF/3TC/EFV) 300mg/300mg/ 600mg - Days out of stock",2025-08-20 11:21:32.000,"6.1"
2384,VDhwrW9DiC1,HMIS1054,"HMIS 105:06-09 - OPD Monthly Report (Supplies, Outreaches & Supervision)",So21oM09xKL,"105-SS03B","105-SS03b. Long Lasting Insecticidal Nets (LLINs) - Days out of stock",2025-08-20 11:21:32.001,"6.1"
2385,VDhwrW9DiC1,HMIS1054,"HMIS 105:06-09 - OPD Monthly Report (Supplies, Outreaches & Supervision)",YDbEU5bBWyJ,"105-SS11B","105-SS11b. Captopril 25mg tablet - Days out of stock",2025-08-20 11:21:32.001,"6.1"
2386,VDhwrW9DiC1,HMIS1054,"HMIS 105:06-09 - OPD Monthly Report (Supplies, Outreaches & Supervision)",l45DU6fKh35,"105-SS15c","105-SS15c. Filled Oxygen Cylinder (Big Size) 40-60L WC/6.8m3 GC-Stock on Hand",2025-08-20 11:21:32.001,"6.1"
2388,VDhwrW9DiC1,HMIS1054,"HMIS 105:06-09 - OPD Monthly Report (Supplies, Outreaches & Supervision)",YhhLA8HoLr7,"105-SS05C","105-SS05c. Therapeutic milk F75 (75Kcal/100ml) - Stock on hand",2025-08-20 11:21:32.002,"6.1"
2389,VDhwrW9DiC1,HMIS1054,"HMIS 105:06-09 - OPD Monthly Report (Supplies, Outreaches & Supervision)",Uk5CFlynuP8,"105-SS34D","105-SS34d. Malaria Rapid Diagnostic tests - Quantity Expired",2025-08-20 11:21:32.002,"6.1"
2390,VDhwrW9DiC1,HMIS1054,"HMIS 105:06-09 - OPD Monthly Report (Supplies, Outreaches & Supervision)",nySjHa5fLGm,"105-SS36B","105-SS36b. Determine HIV 1 & 2 screening test - Days out of stock",2025-08-20 11:21:32.002,"6.1"
2391,VDhwrW9DiC1,HMIS1054,"HMIS 105:06-09 - OPD Monthly Report (Supplies, Outreaches & Supervision)",MVeuvhMqlyx,"105-SS16b","105-SS16b.  Ferrous sulphate + Folic Acid-Days out of stock",2025-08-20 11:21:32.003,"6.1"
2393,VDhwrW9DiC1,HMIS1054,"HMIS 105:06-09 - OPD Monthly Report (Supplies, Outreaches & Supervision)",yDjllos8RMG,"105-SS18d_2019","105-SS18d._2019 Atazanavir/ritonavir(ATV/r)300/100mg tablet - Quantity Expired",2025-08-20 11:21:32.003,"6.1"
2395,VDhwrW9DiC1,HMIS1054,"HMIS 105:06-09 - OPD Monthly Report (Supplies, Outreaches & Supervision)",HGZ0WI8zGhK,"105-SS18a_2019","105-SS18a._2019 Atazanavir/ritonavir(ATV/r)300/100mg tablet  - Quantity consumed",2025-08-20 11:21:32.003,"6.1"
2396,VDhwrW9DiC1,HMIS1054,"HMIS 105:06-09 - OPD Monthly Report (Supplies, Outreaches & Supervision)",wHzjIKUXmY5,"105-SS28D_2019","105-SS28d._2019 Misoprostol 200mcg Tablet - Quantity Expired",2025-08-20 11:21:32.004,"6.1"
2397,VDhwrW9DiC1,HMIS1054,"HMIS 105:06-09 - OPD Monthly Report (Supplies, Outreaches & Supervision)",C35ALx9h2zG,"105-SS19b_2019","105-SS19b._2019 Tenofovir/Lamivudine (TDF/3TC) 300mg/300mg - Days out of stock",2025-08-20 11:21:32.004,"6.1"
2399,VDhwrW9DiC1,HMIS1054,"HMIS 105:06-09 - OPD Monthly Report (Supplies, Outreaches & Supervision)",lTLNDFuDDba,"105-SS45A ","105-SS45a Abacavir/Lamivudine/Dolutegravir (ABC/3TC/DTG) 60/30/5mg-Quantity Consumed",2025-08-20 11:21:32.004,"6.1"
2401,VDhwrW9DiC1,HMIS1054,"HMIS 105:06-09 - OPD Monthly Report (Supplies, Outreaches & Supervision)",ZQGRrTL9f7f,"105-SS47d","105-SS47d. Nevirapine (NVP) 10mg/ml oral susp.-Quantity expired",2025-08-20 11:21:32.004,"6.1"
2402,VDhwrW9DiC1,HMIS1054,"HMIS 105:06-09 - OPD Monthly Report (Supplies, Outreaches & Supervision)",qXdpOMhAsLE,"105-SS43c","105-SS43c. Abacavir/Lamivudine/Dolutegravir (ABC/3TC/DTG) 600/300/50mg-Stock on Hand",2025-08-20 11:21:32.005,"6.1"
2403,VDhwrW9DiC1,HMIS1054,"HMIS 105:06-09 - OPD Monthly Report (Supplies, Outreaches & Supervision)",lz5KzKAbFbX,"105-SS26A","105-SS26a. ORS Sachets with zinc tablet - Quantity consumed",2025-08-20 11:21:32.005,"6.1"
2404,VDhwrW9DiC1,HMIS1054,"HMIS 105:06-09 - OPD Monthly Report (Supplies, Outreaches & Supervision)",MSKEKWtoB54,"105-SS27A","105-SS27a Measles-Rubella Vaccine-Quantity Consumed",2025-08-20 11:21:32.005,"6.1"
2406,VDhwrW9DiC1,HMIS1054,"HMIS 105:06-09 - OPD Monthly Report (Supplies, Outreaches & Supervision)",uPxx6wu73ZL,"105-SS41B","105-SS41b. HIV/Syphilis Duo Kit-Days out of stock",2025-08-20 11:21:32.005,"6.1"
2407,VDhwrW9DiC1,HMIS1054,"HMIS 105:06-09 - OPD Monthly Report (Supplies, Outreaches & Supervision)",klbaYAoSygw,"105-SS12A","105-SS12a. Metformin 500mg - Quantity consumed",2025-08-20 11:21:32.005,"6.1"
2408,VDhwrW9DiC1,HMIS1054,"HMIS 105:06-09 - OPD Monthly Report (Supplies, Outreaches & Supervision)",MDBWDkKKi1z,"105-SS21a_2019","105-SS21a._2019 TLE 300mg/300mg/400mg  - Quantity consumed",2025-08-20 11:21:32.006,"6.1"
2411,VDhwrW9DiC1,HMIS1054,"HMIS 105:06-09 - OPD Monthly Report (Supplies, Outreaches & Supervision)",DXBOe7Us5yo,"105-SS18d","105-SS18d.  Carbamazepine 200mg-Quantity expired",2025-08-20 11:21:32.006,"6.1"
2412,VDhwrW9DiC1,HMIS1054,"HMIS 105:06-09 - OPD Monthly Report (Supplies, Outreaches & Supervision)",vfrGRFSS7ei,"105-SS10c","105-SS10c. Amlodipine 5mg-Stock on Hand",2025-08-20 11:21:32.007,"6.1"
2520,quMWqLxzcfO,HMIS1055,HMIS 105:10 - OPD Monthly Report (Lab),dgS5bQLXlnl,"105-HE09B","105-HE09b. PT/INR-Positive",2025-08-20 11:21:49.496,"10.2"
2543,quMWqLxzcfO,HMIS1055,HMIS 105:10 - OPD Monthly Report (Lab),ZYwSMDa5lRO,"105-HE01","105-HE01. Hb (non automated) - Done",2025-08-20 11:21:49.502,"10.2"
2555,quMWqLxzcfO,HMIS1055,HMIS 105:10 - OPD Monthly Report (Lab),TjA2XpEWM5B,"105-HE12B","105-HE12b. Others - Positive",2025-08-20 11:21:49.504,"10.2"
2577,quMWqLxzcfO,HMIS1055,HMIS 105:10 - OPD Monthly Report (Lab),EHyI7eYeoH1,"105-HE03","105-HE03. CBC ",2025-08-20 11:21:49.507,"10.2"
2647,quMWqLxzcfO,HMIS1055,HMIS 105:10 - OPD Monthly Report (Lab),yZo1ZXzFVTx,"105-HE10A","105-HE10a. APTT Number Done",2025-08-20 11:21:49.520,"10.2"
2649,quMWqLxzcfO,HMIS1055,HMIS 105:10 - OPD Monthly Report (Lab),uy82zDUjjCl,"105-HE02","105-HE02. Film Comment",2025-08-20 11:21:49.520,"10.2"
2664,quMWqLxzcfO,HMIS1055,HMIS 105:10 - OPD Monthly Report (Lab),fSqxW8rnjPJ,"105-HE06","105-HE06. Bleeding time - Done",2025-08-20 11:21:49.523,"10.2"
2669,quMWqLxzcfO,HMIS1055,HMIS 105:10 - OPD Monthly Report (Lab),NfIVbWjrJgg,"105-HE05","105-HE05. ESR - Done",2025-08-20 11:21:49.524,"10.2"
2689,quMWqLxzcfO,HMIS1055,HMIS 105:10 - OPD Monthly Report (Lab),LpM6ADG2duN,"105-HE11A","105-HE11a. Sickle Cell - Done",2025-08-20 11:21:49.527,"10.2"
2712,quMWqLxzcfO,HMIS1055,HMIS 105:10 - OPD Monthly Report (Lab),CXW0ReX8CGY,"105-HE07","105-HE07. Prothrombin time - Done",2025-08-20 11:21:49.531,"10.2"
2735,quMWqLxzcfO,HMIS1055,HMIS 105:10 - OPD Monthly Report (Lab),hERmSDObVoo,"105-HE08","105-HE08. Clotting time - Done",2025-08-20 11:21:49.535,"10.2"
2741,quMWqLxzcfO,HMIS1055,HMIS 105:10 - OPD Monthly Report (Lab),gMKw8wWc6IH,"105-HE10B.","105-HE10b. APTT-Positive",2025-08-20 11:21:49.536,"10.2"
2756,quMWqLxzcfO,HMIS1055,HMIS 105:10 - OPD Monthly Report (Lab),zMcPisBKSZM,"105-HE11B","105-HE11b. Sickle Cell - Positive",2025-08-20 11:21:49.540,"10.2"
2808,quMWqLxzcfO,HMIS1055,HMIS 105:10 - OPD Monthly Report (Lab),FvpSeAddsKQ,"105-HE12A","105-HE12a. Others - Done",2025-08-20 11:21:49.553,"10.2"
2840,quMWqLxzcfO,HMIS1055,HMIS 105:10 - OPD Monthly Report (Lab),Ad83DJKiDcq,"105-HE09A","105-HE09a. PT/INR-Done",2025-08-20 11:21:49.558,"10.2"
2457,quMWqLxzcfO,HMIS1055,HMIS 105:10 - OPD Monthly Report (Lab),PSR0ZkLuXZc,"105-BT03","105-BT03. Rhesus Grouping - Done",2025-08-20 11:21:49.485,"10.2"
2630,quMWqLxzcfO,HMIS1055,HMIS 105:10 - OPD Monthly Report (Lab),Wtl3AK0zl7K,"105-BT05B","105-BT05b Auto immune antibodies - Number Positive",2025-08-20 11:21:49.517,"10.2"
2566,quMWqLxzcfO,HMIS1055,HMIS 105:10 - OPD Monthly Report (Lab),dmm7XMg6XCK,"105-MS07","105-MS07. Schistosoma - Positive",2025-08-20 11:21:49.506,"10.2"
2817,quMWqLxzcfO,HMIS1055,HMIS 105:10 - OPD Monthly Report (Lab),h4awJUYZXxR,"105-MS08","105-MS08. Taenia - Positive",2025-08-20 11:21:49.554,"10.2"
2880,quMWqLxzcfO,HMIS1055,HMIS 105:10 - OPD Monthly Report (Lab),Z4w3OOLA6MU,"105-MS12","105-MS12. Other_Parasities - Positives",2025-08-20 11:21:49.568,"10.2"
2438,quMWqLxzcfO,HMIS1055,HMIS 105:10 - OPD Monthly Report (Lab),lvze6t5xhHb,"105-SR14a","105-SR14a. Occult blood- Done",2025-08-20 11:21:49.480,"10.2"
2450,quMWqLxzcfO,HMIS1055,HMIS 105:10 - OPD Monthly Report (Lab),pa4KlOWImIA,"105-SR10A","105-SR10a. Hep C - Done",2025-08-20 11:21:49.484,"10.2"
2451,quMWqLxzcfO,HMIS1055,HMIS 105:10 - OPD Monthly Report (Lab),JBdnQRzdetM,"105-SR11B","105-SR11b. Hep A - Positive",2025-08-20 11:21:49.484,"10.2"
2464,quMWqLxzcfO,HMIS1055,HMIS 105:10 - OPD Monthly Report (Lab),Zgg5oLWUf09,"105-SR13a","105-SR13a. H. pylori- Done",2025-08-20 11:21:49.487,"10.2"
2658,quMWqLxzcfO,HMIS1055,HMIS 105:10 - OPD Monthly Report (Lab),I9mOZypWPiC,"105-ML04A","105-ML04a. HIV viral load (PCR) - Number Done",2025-08-20 11:21:49.522,"10.2"
2684,quMWqLxzcfO,HMIS1055,HMIS 105:10 - OPD Monthly Report (Lab),uczoHBurJod,"105-ML08A","105-ML08a. Others - Number Done",2025-08-20 11:21:49.526,"10.2"
2871,quMWqLxzcfO,HMIS1055,HMIS 105:10 - OPD Monthly Report (Lab),Gdsh69w1ULd,"105-IG03B.","105-IG03b. CRP - Number Positive",2025-08-20 11:21:49.565,"10.2"
2453,quMWqLxzcfO,HMIS1055,HMIS 105:10 - OPD Monthly Report (Lab),AMSSxMqoEBz,"105-PS05B_2019","105-PS05b_2019. Leishmania - Positive",2025-08-20 11:21:49.485,"10.2"
2486,quMWqLxzcfO,HMIS1055,HMIS 105:10 - OPD Monthly Report (Lab),jVBv8a8sTby,"105-PS05A","105-PS05a. Trichinella - Done",2025-08-20 11:21:49.491,"10.2"
2779,quMWqLxzcfO,HMIS1055,HMIS 105:10 - OPD Monthly Report (Lab),PFTxDUPFBuc,"105-PS05B","105-PS05b. Trichinella - Positive",2025-08-20 11:21:49.547,"10.2"
2830,quMWqLxzcfO,HMIS1055,HMIS 105:10 - OPD Monthly Report (Lab),OwLbdAphoNp,"105-PS01B","105-PS01b. Malaria Microscopy - Positive",2025-08-20 11:21:49.556,"10.2"
2771,quMWqLxzcfO,HMIS1055,HMIS 105:10 - OPD Monthly Report (Lab),dJIA1SFb816,"105-SR16b","105-SR16b Toxoplasma IgM - Positive",2025-08-20 11:21:49.544,"10.2"
2780,quMWqLxzcfO,HMIS1055,HMIS 105:10 - OPD Monthly Report (Lab),hTO7GyKw5eu,"105-SR07A","105-SR07a. CrAg- Done",2025-08-20 11:21:49.547,"10.2"
2824,quMWqLxzcfO,HMIS1055,HMIS 105:10 - OPD Monthly Report (Lab),bO6ATLeZUl4,"105-SR10B","105-SR10b. Hep C - Positive",2025-08-20 11:21:49.555,"10.2"
2873,quMWqLxzcfO,HMIS1055,HMIS 105:10 - OPD Monthly Report (Lab),SpoSb2vUZTB,"105-SR02B","105-SR02b. TPHA - Positive",2025-08-20 11:21:49.566,"10.2"
2884,quMWqLxzcfO,HMIS1055,HMIS 105:10 - OPD Monthly Report (Lab),CjO5qomd6A5,"105-SR15b","105-SR15b Toxoplasma IgG - Positive",2025-08-20 11:21:49.569,"10.2"
2497,quMWqLxzcfO,HMIS1055,HMIS 105:10 - OPD Monthly Report (Lab),A7AQ3brLmR4,"105-SR07B","105-SR07b. CrAg- Positive",2025-08-20 11:21:49.493,"10.2"
2512,quMWqLxzcfO,HMIS1055,HMIS 105:10 - OPD Monthly Report (Lab),awNr3PBxRtR,"105-SR08B","105-SR08b. Rheumatoid factor - Positive",2025-08-20 11:21:49.495,"10.2"
2515,quMWqLxzcfO,HMIS1055,HMIS 105:10 - OPD Monthly Report (Lab),iyHv5ZAvDpl,"105-SR17a","105-SR17a. Rubella- Done",2025-08-20 11:21:49.495,"10.2"
2521,quMWqLxzcfO,HMIS1055,HMIS 105:10 - OPD Monthly Report (Lab),y8wjTLBBCSt,"105-SR17b","105-SR17b Rubella - Positive",2025-08-20 11:21:49.496,"10.2"
2525,quMWqLxzcfO,HMIS1055,HMIS 105:10 - OPD Monthly Report (Lab),YW1LKh5m22o,"105-SR02A","105-SR02a. TPHA - Done",2025-08-20 11:21:49.498,"10.2"
2582,quMWqLxzcfO,HMIS1055,HMIS 105:10 - OPD Monthly Report (Lab),lAY0XbxnemJ,"105-SR05A","105-SR05a. Brucella - Done",2025-08-20 11:21:49.508,"10.2"
2602,quMWqLxzcfO,HMIS1055,HMIS 105:10 - OPD Monthly Report (Lab),eW4FVOhEeCP,"105-SR03B","105-SR03b. Shigella Dysentery - Positive",2025-08-20 11:21:49.511,"10.2"
2624,quMWqLxzcfO,HMIS1055,HMIS 105:10 - OPD Monthly Report (Lab),u6bn84xJh9Z,"105-SR12a","105-SR12a. Hep BsAg- Done",2025-08-20 11:21:49.516,"10.2"
2628,quMWqLxzcfO,HMIS1055,HMIS 105:10 - OPD Monthly Report (Lab),MSueM02Rned,"105-SR13b","105-SR13b. H. pylori - Positive",2025-08-20 11:21:49.517,"10.2"
2727,quMWqLxzcfO,HMIS1055,HMIS 105:10 - OPD Monthly Report (Lab),YtRhG7MI5Ls,"105-MB04A","105-MB04a. Gram - Done",2025-08-20 11:21:49.534,"10.2"
2728,quMWqLxzcfO,HMIS1055,HMIS 105:10 - OPD Monthly Report (Lab),tYC3HDL512l,"105-MB04B","105-MB04b. Gram - Positive",2025-08-20 11:21:49.534,"10.2"
2834,quMWqLxzcfO,HMIS1055,HMIS 105:10 - OPD Monthly Report (Lab),zfGWuExNfc7,"105-MB06B","105-MB06b. Urine Microscopy - Positive",2025-08-20 11:21:49.557,"10.2"
