hmis_id,hmis_code,hmis_name,hmis_section,hmis_section_id,dhis2_dataElement_id,dhis2_code,dhis2_name,dhis2_shortName,dhis2_dataset,dhis2_categoryCombo_id,dhis2_categoryOptionCombo_id,dhis2_categoryOptionCombo_name
1,EP01,Malaria,Epidemic-Prone Diseases,1.3.1,BWZFz9RJRPI,108-EP01a1,108-EP01a1. Malaria Total  - Cases,108-EP01a1. Malaria Total  - Cases,HMIS 108 - IPD Monthly Report,RQsR5eSRbsr,ZgnHXnu30cI,"5+Yrs, Male"
2,EP01a,Suspected Malaria (fever),Epidemic-Prone Diseases,1.3.1,JhvC7ZR9hUe,105-EP01A,105-EP01a. Suspected Malaria (fever),105-EP01a. Suspected Malaria (fever),"HMIS 105:01 - OPD Monthly Report (Attendance, Referrals, Conditions,TB, Nutrition)",esaNB4G5AHs,wDiX34aiw6i,"0-28Dys, Female"
3,EP01b,Malaria Tested (B/s & RDT),Epidemic-Prone Diseases,1.3.1,V6qtHkux6Io,105-EP01B,105-EP01b. Malaria Tested (B/s & RDT ),105-EP01b. Malaria Tested (B/s & RDT ),"HMIS 105:01 - OPD Monthly Report (Attendance, Referrals, Conditions,TB, Nutrition)",esaNB4G5AHs,wDiX34aiw6i,"0-28Dys, Female"
4,EP01c,Malaria confirmed (B/s & RDT),Epidemic-Prone Diseases,1.3.1,wUDxFVBapIc,105-EP01C,105-EP01c. Malaria confirmed (B/s & RDT),105-EP01c. Malaria confirmed (B/s & RDT),"HMIS 105:01 - OPD Monthly Report (Attendance, Referrals, Conditions,TB, Nutrition)",esaNB4G5AHs,wDiX34aiw6i,"0-28Dys, Female"
5,EP01d,Confirmed Malaria cases treated,Epidemic-Prone Diseases,1.3.1,VozjcVb9Fu8,105-EP01D,105-EP01d. Confirmed Malaria  cases treated,105-EP01d. Confirmed Malaria cases treated,"HMIS 105:01 - OPD Monthly Report (Attendance, Referrals, Conditions,TB, Nutrition)",esaNB4G5AHs,wDiX34aiw6i,"0-28Dys, Female"
6,EP01e,Total malaria cases treated,Epidemic-Prone Diseases,1.3.1,QHnwKs2OUZv,105-EP01E,105-EP01e Total malaria cases treated,105-EP01e. Total malaria cases treated,"HMIS 105:01 - OPD Monthly Report (Attendance, Referrals, Conditions,TB, Nutrition)",esaNB4G5AHs,wDiX34aiw6i,"0-28Dys, Female"
7,EP02,Acute Flaccid Paralysis,Epidemic-Prone Diseases,1.3.1,BwkikubZJae,108-EP02A,108-EP02a. Acute Flaccid Paralysis  - Cases,108-EP02a. Acute Flaccid Paralysis  - Cases,HMIS 108 - IPD Monthly Report,RQsR5eSRbsr,ZgnHXnu30cI,"5+Yrs, Male"
8,EP03,Animal Bites (suspected rabies),Epidemic-Prone Diseases,1.3.1,oRuwiWtsLBk,108-EP03A,108-EP03a. Animal Bites (suspected rabies)  - Cases,108-EP03a. Animal Bites (suspected rabies) - Cases,HMIS 108 - IPD Monthly Report,RQsR5eSRbsr,ZgnHXnu30cI,"5+Yrs, Male"
9,EP04,Cholera,Epidemic-Prone Diseases,1.3.1,hSrTiWZ8HHx,108-EP04A,108-EP04a. Cholera  - Cases,108-EP04a. Cholera  - Cases,HMIS 108 - IPD Monthly Report,RQsR5eSRbsr,ZgnHXnu30cI,"5+Yrs, Male"
10,EP05,Dysentery,Epidemic-Prone Diseases,1.3.1,RMQ0tjd8t4v,108-EP05A,108-EP05a. Dysentery  - Cases,108-EP05a. Dysentery  - Cases,HMIS 108 - IPD Monthly Report,RQsR5eSRbsr,ZgnHXnu30cI,"5+Yrs, Male"
11,EP06,Guinea Worm,Epidemic-Prone Diseases,1.3.1,JqtIzFBoPP8,108-EP06A,108-EP06a. Guinea Worm  - Cases,108-EP06a. Guinea Worm  - Cases,HMIS 108 - IPD Monthly Report,RQsR5eSRbsr,ZgnHXnu30cI,"5+Yrs, Male"
12,EP07,Measles,Epidemic-Prone Diseases,1.3.1,zKPIYeXkjwr,108-EP07A,108-EP07a. Measles  - Cases,108-EP07a. Measles  - Cases,HMIS 108 - IPD Monthly Report,RQsR5eSRbsr,ZgnHXnu30cI,"5+Yrs, Male"
13,EP08,Bacterial Meningitis,Epidemic-Prone Diseases,1.3.1,Sqp9021uSu2,105-EP08,105-EP08. Bacterial Meningitis,105-EP08. Bacterial Meningitis,"HMIS 105:01 - OPD Monthly Report (Attendance, Referrals, Conditions,TB, Nutrition)",esaNB4G5AHs,wDiX34aiw6i,"0-28Dys, Female"
14,EP09,Neonatal tetanus,Epidemic-Prone Diseases,1.3.1,TDvR6wooe0z,105-EP09,105-EP09. Neonatal tetanus,105-EP09. Neonatal tetanus,"HMIS 105:01 - OPD Monthly Report (Attendance, Referrals, Conditions,TB, Nutrition)",esaNB4G5AHs,wDiX34aiw6i,"0-28Dys, Female"
15,EP10,Plague,Epidemic-Prone Diseases,1.3.1,YhGqBI5c7Zt,105-EP10,105-EP10. Plague,105-EP10. Plague,"HMIS 105:01 - OPD Monthly Report (Attendance, Referrals, Conditions,TB, Nutrition)",esaNB4G5AHs,wDiX34aiw6i,"0-28Dys, Female"
16,EP11,Yellow Fever,Epidemic-Prone Diseases,1.3.1,WHf6QK827ub,105-EP11,105-EP11. Yellow Fever,105-EP11. Yellow Fever,"HMIS 105:01 - OPD Monthly Report (Attendance, Referrals, Conditions,TB, Nutrition)",esaNB4G5AHs,wDiX34aiw6i,"0-28Dys, Female"
17,EP12,Other Viral Haemorrhagic Fevers,Epidemic-Prone Diseases,1.3.1,cQFHqwol7ql,105-EP12,105-EP12. Other Viral Haemorrhagic Fevers,105-EP12. Other Viral Haemorrhagic Fevers,"HMIS 105:01 - OPD Monthly Report (Attendance, Referrals, Conditions,TB, Nutrition)",esaNB4G5AHs,wDiX34aiw6i,"0-28Dys, Female"
18,EP13,Severe Acute Respiratory Infection (SARI),Epidemic-Prone Diseases,1.3.1,GMdWrlWwh1w,105-EP13,105-EP13. Severe Acute Respiratory Infection (SARI),105-EP13. Severe Acute Respiratory Infection,"HMIS 105:01 - OPD Monthly Report (Attendance, Referrals, Conditions,TB, Nutrition)",esaNB4G5AHs,wDiX34aiw6i,"0-28Dys, Female"
19,EP14a,Adverse Events Following Immunization (AEFI) - Serious,Epidemic-Prone Diseases,1.3.1,heRf8NdGtgO,105-EP14,105-EP14. Adverse Events Following Immunization (AEFI),105-EP14. Adverse Events Following Immunization,"HMIS 105:01 - OPD Monthly Report (Attendance, Referrals, Conditions,TB, Nutrition)",Xhqf9CdYM4g,xJwbtyfWyl3,"20+Yrs, Female, Non-serious"
20,EP14b,Adverse Events Following Immunization (AEFI) - Non Serious,Epidemic-Prone Diseases,1.3.1,ByBrKCeV16r,108-HF06A2,108-HF06a2. Adverse Events Following Immunization (AEFI) - Non serious  - Cases,108-HF06a2. AEFI (Non-serious) - Cases,HMIS 108 - IPD Monthly Report,RQsR5eSRbsr,ZgnHXnu30cI,"5+Yrs, Male"
21,EP15,Typhoid Fever,Epidemic-Prone Diseases,1.3.1,r4fQVHDftNs,105-EP15,105-EP15. Typhoid Fever,105-EP15. Typhoid Fever,"HMIS 105:01 - OPD Monthly Report (Attendance, Referrals, Conditions,TB, Nutrition)",esaNB4G5AHs,wDiX34aiw6i,"0-28Dys, Female"
22,EP16,Refampicin resistant TB cases,Epidemic-Prone Diseases,1.3.1,imZQ4a2hYci,105-EP16,105-EP16. Refampicin resistant TB cases,105-EP16. Refampicin resistant TB cases,"HMIS 105:01 - OPD Monthly Report (Attendance, Referrals, Conditions,TB, Nutrition)",esaNB4G5AHs,wDiX34aiw6i,"0-28Dys, Female"
23,EP17,Other Emerging infectious Diseases eg Influenza like illness (ILI) SARS,Epidemic-Prone Diseases,1.3.1,B0avY8vCdEW,105-EP17,"105-EP17. Other Emerging infectious Diseases(e.g influenza like illness(ILI), SARS",105-EP17. Other Emerging infectious Diseases,"HMIS 105:01 - OPD Monthly Report (Attendance, Referrals, Conditions,TB, Nutrition)",esaNB4G5AHs,wDiX34aiw6i,"0-28Dys, Female"
24,EP18,Covid,Epidemic-Prone Diseases,1.3.1,hnKT07rI10V,108-EP18a,108-EP18a. Covid-19 - Cases,108-EP18a. Covid-19 - Cases,HMIS 108 - IPD Monthly Report,RQsR5eSRbsr,ZgnHXnu30cI,"5+Yrs, Male"
25,CD01,Diarrhoea Acute,Other Infectious/Communicable Diseases,1.3.2,LiSyn6bblsc,105-CD01,105-CD01. Diarrhoea -  Acute,105-CD01. Diarrhoea -  Acute,"HMIS 105:01 - OPD Monthly Report (Attendance, Referrals, Conditions,TB, Nutrition)",esaNB4G5AHs,wDiX34aiw6i,"0-28Dys, Female"
26,CD02,Diarrhoea Persistent,Other Infectious/Communicable Diseases,1.3.2,Kz1EDWfsQvI,105-CD02,105-CD02. Diarrhoea -  Persistent,105-CD02. Diarrhoea - Persistent,"HMIS 105:01 - OPD Monthly Report (Attendance, Referrals, Conditions,TB, Nutrition)",esaNB4G5AHs,wDiX34aiw6i,"0-28Dys, Female"
27,CD03,Urethral discharges,Other Infectious/Communicable Diseases,1.3.2,MIzh6JUSxX9,105-CD03,105-CD03. Urethral discharges,105-CD03. Urethral discharges,"HMIS 105:01 - OPD Monthly Report (Attendance, Referrals, Conditions,TB, Nutrition)",esaNB4G5AHs,wDiX34aiw6i,"0-28Dys, Female"
28,CD04,Genital ulcers,Other Infectious/Communicable Diseases,1.3.2,MxD5pnf5rVM,105-CD04,105-CD04. Genital ulcers,105-CD04. Genital ulcers,"HMIS 105:01 - OPD Monthly Report (Attendance, Referrals, Conditions,TB, Nutrition)",esaNB4G5AHs,wDiX34aiw6i,"0-28Dys, Female"
29,CD05,Sexually Transmitted Infection due to Sexual Gender Based Violence,Other Infectious/Communicable Diseases,1.3.2,Cw3RNymXWjr,105-CD05,105-CD05. Sexually Transmitted Infection due to Sexual Gender Based Violence,105-CD05. STI due to (Sexual GBV),"HMIS 105:01 - OPD Monthly Report (Attendance, Referrals, Conditions,TB, Nutrition)",esaNB4G5AHs,wDiX34aiw6i,"0-28Dys, Female"
30,CD06,Other Sexually Transmitted Infections,Other Infectious/Communicable Diseases,1.3.2,KaqDbaq0Yce,105-CD06,105-CD06. Other Sexually Transmitted Infections,105-CD06. Other Sexually Transmitted Infections,"HMIS 105:01 - OPD Monthly Report (Attendance, Referrals, Conditions,TB, Nutrition)",esaNB4G5AHs,wDiX34aiw6i,"0-28Dys, Female"
31,CD07,Urinary Tract Infections (UTI),Other Infectious/Communicable Diseases,1.3.2,WIJ0fbjLIJh,105-CD07,105-CD07. Urinary Tract Infections (UTI),105-CD07. Urinary Tract Infections (UTI),"HMIS 105:01 - OPD Monthly Report (Attendance, Referrals, Conditions,TB, Nutrition)",esaNB4G5AHs,wDiX34aiw6i,"0-28Dys, Female"
32,CD08,Intestinal Worms,Other Infectious/Communicable Diseases,1.3.2,FPXwKGEV96K,105-CD08,105-CD08. Intestinal Worms,105-CD08. Intestinal Worms,"HMIS 105:01 - OPD Monthly Report (Attendance, Referrals, Conditions,TB, Nutrition)",esaNB4G5AHs,wDiX34aiw6i,"0-28Dys, Female"
33,CD09,Haematological Meningitis,Other Infectious/Communicable Diseases,1.3.2,lK3JqDK80k7,105-CD09,105-CD09. Haematological Meningitis,105-CD09. Haematological Meningitis,"HMIS 105:01 - OPD Monthly Report (Attendance, Referrals, Conditions,TB, Nutrition)",esaNB4G5AHs,wDiX34aiw6i,"0-28Dys, Female"
34,CD10,Other types of meningitis,Other Infectious/Communicable Diseases,1.3.2,TDUjUDLnV9v,105-CD10,105-CD10. Other types of meningitis,105-CD10. Other types of meningitis,"HMIS 105:01 - OPD Monthly Report (Attendance, Referrals, Conditions,TB, Nutrition)",esaNB4G5AHs,wDiX34aiw6i,"0-28Dys, Female"
35,CD11,Cough or cold No pneumonia,Other Infectious/Communicable Diseases,1.3.2,LR8778hLH8U,105-CD11,105-CD11. Cough or cold  - No Pneumonia,105-CD11. Cough or cold - No Pneumonia,"HMIS 105:01 - OPD Monthly Report (Attendance, Referrals, Conditions,TB, Nutrition)",esaNB4G5AHs,wDiX34aiw6i,"0-28Dys, Female"
36,CD12,Pneumonia,Other Infectious/Communicable Diseases,1.3.2,ywfVj7F30Ts,105-CD12,105-CD12. Pneumonia,105-CD12. Pneumonia,"HMIS 105:01 - OPD Monthly Report (Attendance, Referrals, Conditions,TB, Nutrition)",esaNB4G5AHs,wDiX34aiw6i,"0-28Dys, Female"
37,CD13,Severe Pneumonia,Other Infectious/Communicable Diseases,1.3.2,JadBi8s2DMg,105-CD13,105-CD13. Severe Pneumonia,105-CD13. Severe Pneumonia,"HMIS 105:01 - OPD Monthly Report (Attendance, Referrals, Conditions,TB, Nutrition)",esaNB4G5AHs,wDiX34aiw6i,"0-28Dys, Female"
38,CD14,Skin Diseases,Other Infectious/Communicable Diseases,1.3.2,y6ofkvr4JP8,105-CD14,105-CD14. Skin Diseases,105-CD14. Skin Diseases,"HMIS 105:01 - OPD Monthly Report (Attendance, Referrals, Conditions,TB, Nutrition)",esaNB4G5AHs,wDiX34aiw6i,"0-28Dys, Female"
39,CD15,Tetanus (over 7 days),Other Infectious/Communicable Diseases,1.3.2,F4xWVmlaoxi,105-CD15,105-CD15. Tetanus (over 28 days),105-CD15. Tetanus (over 28 days),"HMIS 105:01 - OPD Monthly Report (Attendance, Referrals, Conditions,TB, Nutrition)",esaNB4G5AHs,wDiX34aiw6i,"0-28Dys, Female"
40,CD16,Sleeping sickness,Other Infectious/Communicable Diseases,1.3.2,HcstM0RIqmC,105-CD16,105-CD16. Sleeping sickness,105-CD16. Sleeping sickness,"HMIS 105:01 - OPD Monthly Report (Attendance, Referrals, Conditions,TB, Nutrition)",esaNB4G5AHs,wDiX34aiw6i,"0-28Dys, Female"
41,CD17,Pelvic Inflammatory Disease (PID),Other Infectious/Communicable Diseases,1.3.2,gN26QajXn26,105-CD17,105-CD17. Pelvic Inflammatory Disease (PID),105-CD17. Pelvic Inflammatory Disease (PID),"HMIS 105:01 - OPD Monthly Report (Attendance, Referrals, Conditions,TB, Nutrition)",esaNB4G5AHs,wDiX34aiw6i,"0-28Dys, Female"
42,CD18,Brucellosis,Other Infectious/Communicable Diseases,1.3.2,QTY3T2iXogb,105-CD18,105-CD18. Brucellosis,105-CD18. Brucellosis,"HMIS 105:01 - OPD Monthly Report (Attendance, Referrals, Conditions,TB, Nutrition)",esaNB4G5AHs,wDiX34aiw6i,"0-28Dys, Female"
43,CD19,Surgical Site Infections (SSI),Other Infectious/Communicable Diseases,1.3.2,qZWIcBDEYTx,105-CD19,105-CD19. Surgical Site Infections(SSI),105-CD19. Surgical Site Infections(SSI),"HMIS 105:01 - OPD Monthly Report (Attendance, Referrals, Conditions,TB, Nutrition)",esaNB4G5AHs,wDiX34aiw6i,"0-28Dys, Female"
44,ND01,Neonatal Sepsis (0-6 days),Neonatal Diseases,1.3.3,QQxE1VhHaGo,105-ND01,105-ND01. Neonatal Sepsis (0-7days),105-ND01. Neonatal Sepsis (0-7days),"HMIS 105:01 - OPD Monthly Report (Attendance, Referrals, Conditions,TB, Nutrition)",esaNB4G5AHs,wDiX34aiw6i,"0-28Dys, Female"
45,ND02,Neonatal Sepsis (7-28 days),Neonatal Diseases,1.3.3,Uo3DcCS7GQJ,105-ND02,105-ND02. Neonatal Sepsis (8-28days),105-ND02. Neonatal Sepsis (8-28days),"HMIS 105:01 - OPD Monthly Report (Attendance, Referrals, Conditions,TB, Nutrition)",esaNB4G5AHs,wDiX34aiw6i,"0-28Dys, Female"
46,ND03,Neonatal Pneumonia (0-6 days),Neonatal Diseases,1.3.3,K7mLqvbNoFn,105-ND03,105-ND03. Neonatal Pneumonia (0-7days),105-ND03. Neonatal Pneumonia (0-7days),"HMIS 105:01 - OPD Monthly Report (Attendance, Referrals, Conditions,TB, Nutrition)",esaNB4G5AHs,wDiX34aiw6i,"0-28Dys, Female"
47,ND04,Neonatal Pneumonia (7-28 days),Neonatal Diseases,1.3.3,UqF107LDITO,105-ND04,105-ND04. Neonatal Pneumonia (8-28days),105-ND04. Neonatal Pneumonia (8-28days),"HMIS 105:01 - OPD Monthly Report (Attendance, Referrals, Conditions,TB, Nutrition)",esaNB4G5AHs,wDiX34aiw6i,"0-28Dys, Female"
48,ND05,Neonatal Meningitis,Neonatal Diseases,1.3.3,M0s2mBmpD1u,105-ND05,105-ND05. Neonatal Meningitis,105-ND05. Neonatal Meningitis,"HMIS 105:01 - OPD Monthly Report (Attendance, Referrals, Conditions,TB, Nutrition)",esaNB4G5AHs,wDiX34aiw6i,"0-28Dys, Female"
49,ND06,Neonatal Jaundice,Neonatal Diseases,1.3.3,jAJQPlf99VV,105-ND06,105-ND06. Neonatal Jaundice,105-ND06. Neonatal Jaundice,"HMIS 105:01 - OPD Monthly Report (Attendance, Referrals, Conditions,TB, Nutrition)",esaNB4G5AHs,wDiX34aiw6i,"0-28Dys, Female"
50,ND07,Other Neonatal Conditions,Neonatal Diseases,1.3.3,dKN174dcsmp,105-ND07,105-ND07. Other Neonatal Conditions,105-ND07. Other Neonatal Conditions,"HMIS 105:01 - OPD Monthly Report (Attendance, Referrals, Conditions,TB, Nutrition)",esaNB4G5AHs,wDiX34aiw6i,"0-28Dys, Female"
177,LD04,Hepatitis B,Liver Diseases,1.3.17,riyahnxUdTf,017-PP20,017-PP20. Hepatitis B status,017-PP20. Hepatitis B status,,bjDvmb4bfuf,HllvX50cXC0,default
51,NC01a,Sickle Cell Anaemia - New,Non Communicable Diseases/Conditions,1.3.4,LFH8bUaself,105-LD10,105-LD10. Hepatitis E,105-LD10. Hepatitis E,"HMIS 105:01 - OPD Monthly Report (Attendance, Referrals, Conditions,TB, Nutrition)",esaNB4G5AHs,wDiX34aiw6i,"0-28Dys, Female"
52,NC01b,Sickle Cell Anaemia - Known,Non Communicable Diseases/Conditions,1.3.4,LFH8bUaself,105-LD10,105-LD10. Hepatitis E,105-LD10. Hepatitis E,"HMIS 105:01 - OPD Monthly Report (Attendance, Referrals, Conditions,TB, Nutrition)",esaNB4G5AHs,wDiX34aiw6i,"0-28Dys, Female"
53,NC02,Other Haemoglobinopathies,Non Communicable Diseases/Conditions,1.3.4,BDKWuSKjkoQ,105NC02,105-NC02. Other Haemoglobinopathies,105-NC02. Other Haemoglobinopathies,"HMIS 105:01 - OPD Monthly Report (Attendance, Referrals, Conditions,TB, Nutrition)",esaNB4G5AHs,wDiX34aiw6i,"0-28Dys, Female"
54,NC03,Gastro Intestinal Disorders (non Infective),Non Communicable Diseases/Conditions,1.3.4,Rw3b8mGkyfh,105-NC03,105-NC03. Gastro-Intestinal Disorders (non-Infective),105-NC03.Gastro-Intestinal Disorders Non-Infective,"HMIS 105:01 - OPD Monthly Report (Attendance, Referrals, Conditions,TB, Nutrition)",esaNB4G5AHs,wDiX34aiw6i,"0-28Dys, Female"
55,NC04,Pain Requiring Palliative Care,Non Communicable Diseases/Conditions,1.3.4,rr9sLKsqflQ,105-NC04,105-NC04. Pain Requiring Palliative Care,105-NC04. Pain Requiring Palliative Care,"HMIS 105:01 - OPD Monthly Report (Attendance, Referrals, Conditions,TB, Nutrition)",esaNB4G5AHs,wDiX34aiw6i,"0-28Dys, Female"
56,NC05,Haemophilia,Non Communicable Diseases/Conditions,1.3.4,eIoBNrydyLJ,105-NC05,105-NC05. Haemophilia,105-NC05. Haemophilia,"HMIS 105:01 - OPD Monthly Report (Attendance, Referrals, Conditions,TB, Nutrition)",esaNB4G5AHs,wDiX34aiw6i,"0-28Dys, Female"
57,NC06,Deep Vein Thrombosis (DVT),Non Communicable Diseases/Conditions,1.3.4,R86U0YHv8Jx,105-NC06,105-NC06. Deep Vein Thrombosis (DVT),105-NC06. Deep Vein Thrombosis (DVT),"HMIS 105:01 - OPD Monthly Report (Attendance, Referrals, Conditions,TB, Nutrition)",esaNB4G5AHs,wDiX34aiw6i,"0-28Dys, Female"
58,OD01,Dental Caries,Oral diseases,1.3.5,dm8YiC5eEsh,105-OD01,105-OD01. Dental Caries,105-OD01. Dental Caries,"HMIS 105:01 - OPD Monthly Report (Attendance, Referrals, Conditions,TB, Nutrition)",esaNB4G5AHs,wDiX34aiw6i,"0-28Dys, Female"
59,OD02,Gingivitis,Oral diseases,1.3.5,rdz78LtNT4G,105-OD02,105-OD02. Gingivitis,105-OD02. Gingivitis,"HMIS 105:01 - OPD Monthly Report (Attendance, Referrals, Conditions,TB, Nutrition)",esaNB4G5AHs,wDiX34aiw6i,"0-28Dys, Female"
60,OD03,HIV Oral lesions,Oral diseases,1.3.5,XaX3Uqpvlzs,105-OD03,105-OD03. HIV-Oral lesions,105-OD03. HIV-Oral lesions,"HMIS 105:01 - OPD Monthly Report (Attendance, Referrals, Conditions,TB, Nutrition)",esaNB4G5AHs,wDiX34aiw6i,"0-28Dys, Female"
61,OD04,Oral Cancers,Oral diseases,1.3.5,WZbsgGbvL0R,105-OD04_2019,105-OD04_2019. Oral Cancers,105-OD04_2019. Oral Cancers,"HMIS 105:01 - OPD Monthly Report (Attendance, Referrals, Conditions,TB, Nutrition)",esaNB4G5AHs,wDiX34aiw6i,"0-28Dys, Female"
62,OD05,Other Oral Conditions,Oral diseases,1.3.5,jipSinNApZk,105-OD04,105-OD04. Other Oral Conditions,105-OD04. Other Oral Conditions,"HMIS 105:01 - OPD Monthly Report (Attendance, Referrals, Conditions,TB, Nutrition)",esaNB4G5AHs,wDiX34aiw6i,"0-28Dys, Female"
63,EN01,Otitis media acute and chronic,ENT Conditions,1.3.6,SPADxEItrIQ,105-EN01,105-EN01. Otitis media acute and chronic,105-EN01. Otitis media acute and chronic,"HMIS 105:01 - OPD Monthly Report (Attendance, Referrals, Conditions,TB, Nutrition)",esaNB4G5AHs,wDiX34aiw6i,"0-28Dys, Female"
64,EN02,Mastoiditis,ENT Conditions,1.3.6,kY9yLRb9w5e,105-EN02,105-EN02. Mastoiditis,105-EN02. Mastoiditis,"HMIS 105:01 - OPD Monthly Report (Attendance, Referrals, Conditions,TB, Nutrition)",esaNB4G5AHs,wDiX34aiw6i,"0-28Dys, Female"
65,EN03,Hearing loss,ENT Conditions,1.3.6,p9EPi77rptk,105-EN03,105-EN03. Hearing loss,105-EN03. Hearing loss,"HMIS 105:01 - OPD Monthly Report (Attendance, Referrals, Conditions,TB, Nutrition)",esaNB4G5AHs,wDiX34aiw6i,"0-28Dys, Female"
66,EN04,Rhinitis,ENT Conditions,1.3.6,JHOU1uXweoP,105-EN04,105-EN04. Rhinitis,105-EN04. Rhinitis,"HMIS 105:01 - OPD Monthly Report (Attendance, Referrals, Conditions,TB, Nutrition)",esaNB4G5AHs,wDiX34aiw6i,"0-28Dys, Female"
67,EN05,Sinusitis,ENT Conditions,1.3.6,WI1Hvx0U8r4,105-EN05,105-EN05. Sinusitis,105-EN05. Sinusitis,"HMIS 105:01 - OPD Monthly Report (Attendance, Referrals, Conditions,TB, Nutrition)",esaNB4G5AHs,wDiX34aiw6i,"0-28Dys, Female"
68,EN06,Epistaxis,ENT Conditions,1.3.6,wH5AisRhyZX,105-EN06,105-EN06. Epixtasis,105-EN06. Epixtasis,"HMIS 105:01 - OPD Monthly Report (Attendance, Referrals, Conditions,TB, Nutrition)",esaNB4G5AHs,wDiX34aiw6i,"0-28Dys, Female"
69,EN07,Adenoid Hypertrophy,ENT Conditions,1.3.6,FoUL2ZIS1mZ,105-EN07,105-EN07. Adenoid Hypertrophy,105-EN07. Adenoid Hypertrophy,"HMIS 105:01 - OPD Monthly Report (Attendance, Referrals, Conditions,TB, Nutrition)",esaNB4G5AHs,wDiX34aiw6i,"0-28Dys, Female"
70,EN08,Foreign Body in nose ear and aerodigestive system,ENT Conditions,1.3.6,m8Vi9AE8uD1,105-EN08,105-EN08. Foreign Body in nose ear and aero - digestive system,105-EN08. Foreign Body in nose ear and aero - dige,"HMIS 105:01 - OPD Monthly Report (Attendance, Referrals, Conditions,TB, Nutrition)",esaNB4G5AHs,wDiX34aiw6i,"0-28Dys, Female"
71,EN09,Infected preauricular sinuses and abscess,ENT Conditions,1.3.6,i8cNouFCF3G,105-EN09,105-EN09. Infected pre-auricular sinuses and abscess,105-EN09. Infected pre-auricular sinuses and absce,"HMIS 105:01 - OPD Monthly Report (Attendance, Referrals, Conditions,TB, Nutrition)",esaNB4G5AHs,wDiX34aiw6i,"0-28Dys, Female"
72,EN10,Otitis external,ENT Conditions,1.3.6,m68a9ZrLHQO,105-EN10,105-EN10. Otitis external,105-EN10. Otitis external,"HMIS 105:01 - OPD Monthly Report (Attendance, Referrals, Conditions,TB, Nutrition)",esaNB4G5AHs,wDiX34aiw6i,"0-28Dys, Female"
73,EN11,Mastoid abscess,ENT Conditions,1.3.6,X66BIwvM6ff,105-EN11,105-EN11. Mastoid abscess,105-EN11. Mastoid abscess,"HMIS 105:01 - OPD Monthly Report (Attendance, Referrals, Conditions,TB, Nutrition)",esaNB4G5AHs,wDiX34aiw6i,"0-28Dys, Female"
74,EN12,Vertigo,ENT Conditions,1.3.6,DfKTKgBdOJ7,105-EN12,105-EN12. Vertigo,105-EN12. Vertigo,"HMIS 105:01 - OPD Monthly Report (Attendance, Referrals, Conditions,TB, Nutrition)",esaNB4G5AHs,wDiX34aiw6i,"0-28Dys, Female"
75,EN13,Tonsillitis,ENT Conditions,1.3.6,uqferbMcOHI,105-EN13,105-EN13. Tonsillitis,105-EN13. Tonsillitis,"HMIS 105:01 - OPD Monthly Report (Attendance, Referrals, Conditions,TB, Nutrition)",esaNB4G5AHs,wDiX34aiw6i,"0-28Dys, Female"
76,EN14,Tonsillar hypertrophy,ENT Conditions,1.3.6,fHQ3TvkzU1C,105-EN14,105-EN14. Tonsillar hypertrophy,105-EN14. Tonsillar hypertrophy,"HMIS 105:01 - OPD Monthly Report (Attendance, Referrals, Conditions,TB, Nutrition)",esaNB4G5AHs,wDiX34aiw6i,"0-28Dys, Female"
178,LD05,Hepatitis C,Liver Diseases,1.3.17,QPw7nHXJqe9,020-AC26,020-AC26.Hepatitis B-Status1,020-AC26.Hepatitis B-Status1,,bjDvmb4bfuf,HllvX50cXC0,default
77,EN15,Tinnitus,ENT Conditions,1.3.6,ZC2KCP3lhtd,105-EN15,105-EN15. Tinnitus,105-EN15. Tinnitus,"HMIS 105:01 - OPD Monthly Report (Attendance, Referrals, Conditions,TB, Nutrition)",esaNB4G5AHs,wDiX34aiw6i,"0-28Dys, Female"
78,EN16,Head and neck cancers,ENT Conditions,1.3.6,h5JApA8gFwD,105-EN16,105-EN16. Head and neck cancers,105-EN16. Head and neck cancers,"HMIS 105:01 - OPD Monthly Report (Attendance, Referrals, Conditions,TB, Nutrition)",esaNB4G5AHs,wDiX34aiw6i,"0-28Dys, Female"
79,EN17,Other ENT conditions,ENT Conditions,1.3.6,PbWaDKchm2a,105-EN17,105-EN17. Other ENT conditions,105-EN17. Other ENT conditions,"HMIS 105:01 - OPD Monthly Report (Attendance, Referrals, Conditions,TB, Nutrition)",esaNB4G5AHs,wDiX34aiw6i,"0-28Dys, Female"
80,EC01,Allergic conjunctivitis,Eye conditions,1.3.7,P2wDiYT9Ldr,105-EC01,105-EC01. Allergic conjunctivitis,105-EC01. Allergic conjunctivitis,"HMIS 105:01 - OPD Monthly Report (Attendance, Referrals, Conditions,TB, Nutrition)",esaNB4G5AHs,wDiX34aiw6i,"0-28Dys, Female"
81,EC02,Bacterial Conjunctivitis,Eye conditions,1.3.7,PgLUhukgbZu,105-EC02,105-EC02. Bacterial Conjunctivitis,105-EC02. Bacterial Conjunctivitis,"HMIS 105:01 - OPD Monthly Report (Attendance, Referrals, Conditions,TB, Nutrition)",esaNB4G5AHs,wDiX34aiw6i,"0-28Dys, Female"
82,EC03,Ophthalmia neonatorum,Eye conditions,1.3.7,i0m5sElYwRw,105-EC03,105-EC03. Ophthalmia neonatorum,105-EC03. Ophthalmia neonatorum,"HMIS 105:01 - OPD Monthly Report (Attendance, Referrals, Conditions,TB, Nutrition)",esaNB4G5AHs,wDiX34aiw6i,"0-28Dys, Female"
83,EC04,Corneal Ulcers Keratitis,Eye conditions,1.3.7,zRqFF1DW2sc,105-EC04,105-EC04. Corneal Ulcers/ Keratitis,105-EC04. Corneal Ulcers/ Keratitis,"HMIS 105:01 - OPD Monthly Report (Attendance, Referrals, Conditions,TB, Nutrition)",esaNB4G5AHs,wDiX34aiw6i,"0-28Dys, Female"
84,EC05,Un Operable Cataract (>6),Eye conditions,1.3.7,JHvqNwXb3ze,105-EC05,105-EC05. Un Operable Cataract (>6/60),105-EC05. Un Operable Cataract (>6/60),"HMIS 105:01 - OPD Monthly Report (Attendance, Referrals, Conditions,TB, Nutrition)",esaNB4G5AHs,wDiX34aiw6i,"0-28Dys, Female"
85,EC06,Operable Cataract (<6),Eye conditions,1.3.7,NPJww2cAxe0,105-EC06,105-EC06. Operable Cataract (< 6/60),105-EC06. Operable Cataract (< 6/60),"HMIS 105:01 - OPD Monthly Report (Attendance, Referrals, Conditions,TB, Nutrition)",esaNB4G5AHs,wDiX34aiw6i,"0-28Dys, Female"
86,EC07,Refractive errors,Eye conditions,1.3.7,tnjg6ygBlhw,105-EC07,105-EC07. Refractive errors,105-EC07. Refractive errors,"HMIS 105:01 - OPD Monthly Report (Attendance, Referrals, Conditions,TB, Nutrition)",esaNB4G5AHs,wDiX34aiw6i,"0-28Dys, Female"
87,EC08,Glaucoma,Eye conditions,1.3.7,ZJQwEArEIbG,105-EC08,105-EC08. Glaucoma,105-EC08. Glaucoma,"HMIS 105:01 - OPD Monthly Report (Attendance, Referrals, Conditions,TB, Nutrition)",esaNB4G5AHs,wDiX34aiw6i,"0-28Dys, Female"
88,EC09,Trachoma,Eye conditions,1.3.7,YWulguQA8BP,105-EC09,105-EC09. Trachoma,105-EC09. Trachoma,"HMIS 105:01 - OPD Monthly Report (Attendance, Referrals, Conditions,TB, Nutrition)",esaNB4G5AHs,wDiX34aiw6i,"0-28Dys, Female"
89,EC10,Vitamin A Deficiency,Eye conditions,1.3.7,aN0BNF9yjGq,105-EC10,105-EC10. Vitamin A Deficiency,105-EC10. Vitamin A Deficiency,"HMIS 105:01 - OPD Monthly Report (Attendance, Referrals, Conditions,TB, Nutrition)",esaNB4G5AHs,wDiX34aiw6i,"0-28Dys, Female"
90,EC11,Diabetic Retinopathy (All stages),Eye conditions,1.3.7,aN0BNF9yjGq,105-EC10,105-EC10. Vitamin A Deficiency,105-EC10. Vitamin A Deficiency,"HMIS 105:01 - OPD Monthly Report (Attendance, Referrals, Conditions,TB, Nutrition)",esaNB4G5AHs,wDiX34aiw6i,"0-28Dys, Female"
91,EC12,Chorioretinal Macular Vitreous Disorders,Eye conditions,1.3.7,EWmqTwV0prl,033B-GP04,033B-GP04. Total No. Rif R,033B-GP04. Total No. Rif R,HMIS 033b - Weekly Epidemiological Surveillance Report,bjDvmb4bfuf,HllvX50cXC0,default
92,EC13,Corneal scars (Non trachomatous),Eye conditions,1.3.7,g8X1akwQepA,105-EC16,105-EC16. Corneal scars (Non trachomatous),105-EC16. Corneal scars (Non trachomatous),"HMIS 105:01 - OPD Monthly Report (Attendance, Referrals, Conditions,TB, Nutrition)",esaNB4G5AHs,wDiX34aiw6i,"0-28Dys, Female"
93,EC14,Tumours,Eye conditions,1.3.7,CHTinApRsaB,105-CA25,105-CA25. Other Benign Tumours,105-CA25. Other Benign Tumours,"HMIS 105:01 - OPD Monthly Report (Attendance, Referrals, Conditions,TB, Nutrition)",kvALTKeHZHW,yWdrn6SiVZ9,"0-14Yrs, Female"
94,EC15,Blindness,Eye conditions,1.3.7,FP3RqnpmLG6,105-EC24,105-EC24. Blindness,105-EC24. Blindness,"HMIS 105:01 - OPD Monthly Report (Attendance, Referrals, Conditions,TB, Nutrition)",esaNB4G5AHs,wDiX34aiw6i,"0-28Dys, Female"
95,EC16,Other eye conditions,Eye conditions,1.3.7,OaRxaiaFBsA,105-EC25,105-EC25. Other eye conditions,105-EC25. Other eye conditions,"HMIS 105:01 - OPD Monthly Report (Attendance, Referrals, Conditions,TB, Nutrition)",esaNB4G5AHs,wDiX34aiw6i,"0-28Dys, Female"
96,MH01,Brief Psychotic Disorder,Mental Health,1.3.8,BZh4mVCAnRo,105-MH05,105-MH05. Brief Psychotic Disorder,105-MH05. Brief Psychotic Disorder,"HMIS 105:01 - OPD Monthly Report (Attendance, Referrals, Conditions,TB, Nutrition)",esaNB4G5AHs,wDiX34aiw6i,"0-28Dys, Female"
97,MH02,Schizophrenia,Mental Health,1.3.8,iZkAtSQFGPh,105-MH07,105-MH07. Schizophrenia,105-MH07. Schizophrenia,"HMIS 105:01 - OPD Monthly Report (Attendance, Referrals, Conditions,TB, Nutrition)",esaNB4G5AHs,wDiX34aiw6i,"0-28Dys, Female"
98,MH03,Bipolar Affective Disorder,Mental Health,1.3.8,T3tC2yUwP7N,108-MH03,108-MH03. Bipolar disorder,108-MH03. Bipolar disorder,HMIS 108 - IPD Monthly Report,DwzHQJ1UPb2,EKm949hzsgY,"5-9Yrs, Male"
99,MH04,Major Depressive Disorder,Mental Health,1.3.8,NFLxn05NzYo,105-MH09,105-MH09. Major Depressive Disorder,105-MH09. Major Depressive Disorder,"HMIS 105:01 - OPD Monthly Report (Attendance, Referrals, Conditions,TB, Nutrition)",esaNB4G5AHs,wDiX34aiw6i,"0-28Dys, Female"
100,MH05,Anxiety Phobic Disorders,Mental Health,1.3.8,LFH8bUaself,105-LD10,105-LD10. Hepatitis E,105-LD10. Hepatitis E,"HMIS 105:01 - OPD Monthly Report (Attendance, Referrals, Conditions,TB, Nutrition)",esaNB4G5AHs,wDiX34aiw6i,"0-28Dys, Female"
101,MH06,Anxiety Social anxiety Disorders,Mental Health,1.3.8,aN0BNF9yjGq,105-EC10,105-EC10. Vitamin A Deficiency,105-EC10. Vitamin A Deficiency,"HMIS 105:01 - OPD Monthly Report (Attendance, Referrals, Conditions,TB, Nutrition)",esaNB4G5AHs,wDiX34aiw6i,"0-28Dys, Female"
102,MH07,Anxiety Panic Disorder,Mental Health,1.3.8,HvDw9u4ZXCr,105-MH12,105-MH12.Anxiety - Panic Disorder,105-MH12. Anxiety - Panic Disorder,"HMIS 105:01 - OPD Monthly Report (Attendance, Referrals, Conditions,TB, Nutrition)",esaNB4G5AHs,wDiX34aiw6i,"0-28Dys, Female"
103,MH08,Anxiety Generalized anxiety Disorder,Mental Health,1.3.8,LFH8bUaself,105-LD10,105-LD10. Hepatitis E,105-LD10. Hepatitis E,"HMIS 105:01 - OPD Monthly Report (Attendance, Referrals, Conditions,TB, Nutrition)",esaNB4G5AHs,wDiX34aiw6i,"0-28Dys, Female"
104,MH09,Alcohol Use Disorders,Mental Health,1.3.8,V9VrETz61yN,105-MH26,105-MH26.Alcohol Use Disorders,105-MH26. Alcohol Use Disorders,"HMIS 105:01 - OPD Monthly Report (Attendance, Referrals, Conditions,TB, Nutrition)",esaNB4G5AHs,wDiX34aiw6i,"0-28Dys, Female"
105,MH10a,Epilepsy - New,Mental Health,1.3.8,LFH8bUaself,105-LD10,105-LD10. Hepatitis E,105-LD10. Hepatitis E,"HMIS 105:01 - OPD Monthly Report (Attendance, Referrals, Conditions,TB, Nutrition)",esaNB4G5AHs,wDiX34aiw6i,"0-28Dys, Female"
106,MH10b,Epilepsy - Known,Mental Health,1.3.8,C3RST8YWsXt,020-CD14,020-CD14. Unknown,020-CD14. Unknown,,bjDvmb4bfuf,HllvX50cXC0,default
107,MH11,Other Childhood Mental Disorders,Mental Health,1.3.8,ziVCnB8pm8c,105-MH45,105-MH45.Other Childhood Mental Disorders,105-MH45. Other Childhood Mental Disorders,"HMIS 105:01 - OPD Monthly Report (Attendance, Referrals, Conditions,TB, Nutrition)",esaNB4G5AHs,wDiX34aiw6i,"0-28Dys, Female"
108,MH12,Other Adult Mental Disorders,Mental Health,1.3.8,YzcV7QwkV0A,105-MH46,105-MH46.Other Adult Mental Disorders,105-MH46. Other Adult Mental Disorders,"HMIS 105:01 - OPD Monthly Report (Attendance, Referrals, Conditions,TB, Nutrition)",esaNB4G5AHs,wDiX34aiw6i,"0-28Dys, Female"
109,NE01,Parkinson's disease,Neurological Disorders,1.3.9,bLurSIHHlHZ,105-LD06,105-LD06. Hepatitis A,105-LD06. Hepatitis A,"HMIS 105:01 - OPD Monthly Report (Attendance, Referrals, Conditions,TB, Nutrition)",esaNB4G5AHs,wDiX34aiw6i,"0-28Dys, Female"
110,NE02,Dementia,Neurological Disorders,1.3.9,rra35FpIwIN,105-MH36,105-MH36. HIV related dementia,105-MH36. HIV related dementia,"HMIS 105:01 - OPD Monthly Report (Attendance, Referrals, Conditions,TB, Nutrition)",esaNB4G5AHs,wDiX34aiw6i,"0-28Dys, Female"
111,NE03,Persons in Coma Emergency Care,Neurological Disorders,1.3.9,VsTu0MTG34p,105-NE07,105-NE07. Persons in Coma / Emergency Care,105-NE07. Persons in Coma / Emergency Care,"HMIS 105:01 - OPD Monthly Report (Attendance, Referrals, Conditions,TB, Nutrition)",esaNB4G5AHs,wDiX34aiw6i,"0-28Dys, Female"
112,NE04,Down Syndrome (DS),Neurological Disorders,1.3.9,wEyMlJ9Vce9,105-LD09,105-LD09. Hepatitis D,105-LD09. Hepatitis D,"HMIS 105:01 - OPD Monthly Report (Attendance, Referrals, Conditions,TB, Nutrition)",esaNB4G5AHs,wDiX34aiw6i,"0-28Dys, Female"
113,NE05,CPPML/CP,Neurological Disorders,1.3.9,gJcasU4LiKU,105-NE05,105-NE05. Amyotrophic Lateral Sclerosis(ALS),105-NE05. Amyotrophic Lateral Sclerosis(ALS),"HMIS 105:01 - OPD Monthly Report (Attendance, Referrals, Conditions,TB, Nutrition)",esaNB4G5AHs,wDiX34aiw6i,"0-28Dys, Female"
114,NE06,Learning Disability,Neurological Disorders,1.3.9,czdNkXDkNYZ,105-NE11,105-NE11. Learning Disability,105-NE11. Learning Disability,"HMIS 105:01 - OPD Monthly Report (Attendance, Referrals, Conditions,TB, Nutrition)",esaNB4G5AHs,wDiX34aiw6i,"0-28Dys, Female"
115,NE07,Eating disorders (anorexia Bulimia other feeding),Neurological Disorders,1.3.9,Kz29xNOBjsJ,HMIS_100_  I attended the deceased before death,HMIS_100_  I attended the deceased before death,HMIS_100_  I attended the deceased before death,,bjDvmb4bfuf,HllvX50cXC0,default
116,NE08,Others,Neurological Disorders,1.3.9,NDzItgcGQhW,017-LB12,017-LB12. Mode of Delivery (Others),017-LB12. Mode of Delivery (Others),,bjDvmb4bfuf,HllvX50cXC0,default
117,CR01a,Asthma - New,Chronic respiratory diseases,1.3.10,Eg9lOfQkV6t,108-CR01A,108-CR01a. Asthma  - Cases,108-CR01a. Asthma  - Cases,HMIS 108 - IPD Monthly Report,RQsR5eSRbsr,ZgnHXnu30cI,"5+Yrs, Male"
118,CR01b,Asthma - Known,Chronic respiratory diseases,1.3.10,FaY9S3yGdIK,108-CR01B,108-CR01b. Asthma  - Deaths,108-CR01b. Asthma  - Deaths,HMIS 108 - IPD Monthly Report,RQsR5eSRbsr,ZgnHXnu30cI,"5+Yrs, Male"
119,CR02a,Chronic Obstructive Pulmonary Disease (COPD) - New,Chronic respiratory diseases,1.3.10,pSeaUc8uGfR,108-CR02A,108-CR02a. Chronic Obstructive Pulmonary Diseases (COPD)  - Cases,108-CR02a. COPD - Cases,HMIS 108 - IPD Monthly Report,RQsR5eSRbsr,ZgnHXnu30cI,"5+Yrs, Male"
120,CR02b,Chronic Obstructive Pulmonary Disease (COPD) - Known,Chronic respiratory diseases,1.3.10,doj7NR9Nlod,108-CR02B,108-CR02b. Chronic Obstructive Pulmonary Diseases (COPD)  - Deaths,108-CR02b. COPD - Deaths,HMIS 108 - IPD Monthly Report,RQsR5eSRbsr,ZgnHXnu30cI,"5+Yrs, Male"
121,CR03,Other Chronic Respiratory diseases,Chronic respiratory diseases,1.3.10,bmIbiG4FGXU,105-CR03,105-CR03. Other Chronic Respiratory diseases,105-CR03. Other Chronic Respiratory diseases,"HMIS 105:01 - OPD Monthly Report (Attendance, Referrals, Conditions,TB, Nutrition)",esaNB4G5AHs,wDiX34aiw6i,"0-28Dys, Female"
122,CA01,Cervical Cancer,Cancers,1.3.11,z07394519Gs,105-CA01,105-CA01. Cervical Cancer,105-CA01. Cervical Cancer,"HMIS 105:01 - OPD Monthly Report (Attendance, Referrals, Conditions,TB, Nutrition)",esaNB4G5AHs,wDiX34aiw6i,"0-28Dys, Female"
123,CA02,Prostate Cancer,Cancers,1.3.11,NcwKTZiSNbS,105-CA02,105-CA02. Prostate Cancer,105-CA02. Prostate Cancer,"HMIS 105:01 - OPD Monthly Report (Attendance, Referrals, Conditions,TB, Nutrition)",esaNB4G5AHs,wDiX34aiw6i,"0-28Dys, Female"
124,CA03,Breast Cancer,Cancers,1.3.11,rw7ri7jcMHc,105-CA03,105-CA03. Breast Cancer,105-CA03. Breast Cancer,"HMIS 105:01 - OPD Monthly Report (Attendance, Referrals, Conditions,TB, Nutrition)",esaNB4G5AHs,wDiX34aiw6i,"0-28Dys, Female"
125,CA04,Lung Cancer,Cancers,1.3.11,jK9hv9WZd2W,105-CA04,105-CA04. Lung Cancer,105-CA04. Lung Cancer,"HMIS 105:01 - OPD Monthly Report (Attendance, Referrals, Conditions,TB, Nutrition)",esaNB4G5AHs,wDiX34aiw6i,"0-28Dys, Female"
126,CA05,Liver Cancer,Cancers,1.3.11,fFBi8TFWlMA,105-CA05,105-CA05. Liver Cancer,105-CA05. Liver Cancer,"HMIS 105:01 - OPD Monthly Report (Attendance, Referrals, Conditions,TB, Nutrition)",esaNB4G5AHs,wDiX34aiw6i,"0-28Dys, Female"
127,CA06,Colon Cancer,Cancers,1.3.11,Jut3HPICqMe,105-LD08,105-LD08. Hepatitis C,105-LD08. Hepatitis C,"HMIS 105:01 - OPD Monthly Report (Attendance, Referrals, Conditions,TB, Nutrition)",esaNB4G5AHs,wDiX34aiw6i,"0-28Dys, Female"
128,CA07,Kaposis Sarcoma,Cancers,1.3.11,NwY37QFcgI3,105a-ST08,105a-ST08. Kaposis Sarcoma,105a-ST08. Kaposis Sarcoma,HMIS 105a - Specialized Outpatient monthly report,LMerkM5RljX,FDB7mEWhVHs,"10-14Yrs, Female"
129,CA08,Other Cancers,Cancers,1.3.11,HSsqCydf68P,105-CA27,105-CA27. Other Cancers,105-CA27. Other Cancers,"HMIS 105:01 - OPD Monthly Report (Attendance, Referrals, Conditions,TB, Nutrition)",esaNB4G5AHs,wDiX34aiw6i,"0-28Dys, Female"
130,PC01a,No of patients that need palliative care - Cancer,Palliative,1.3.12,QZRNFkshLLg,105-PC01A,105-PC01a. Number of patients that need palliative care - Cancer,105-PC01a. Patients need palliative care - Cancer,HMIS 105C- Palliative Care Monthly Report,esaNB4G5AHs,wDiX34aiw6i,"0-28Dys, Female"
179,LD06,Hepatitis D,Liver Diseases,1.3.17,bLurSIHHlHZ,105-LD06,105-LD06. Hepatitis A,105-LD06. Hepatitis A,"HMIS 105:01 - OPD Monthly Report (Attendance, Referrals, Conditions,TB, Nutrition)",esaNB4G5AHs,wDiX34aiw6i,"0-28Dys, Female"
131,PC01b,No of patients that need palliative care - HIV/AIDS,Palliative,1.3.12,jJv1Vd5ztKH,105-PC01B,105-PC01b. Number of patients that need palliative care - HIV/AIDS,105-PC01b. Patients need palliative care-HIV/AIDS,HMIS 105C- Palliative Care Monthly Report,esaNB4G5AHs,wDiX34aiw6i,"0-28Dys, Female"
132,PC01c,No of patients that need palliative care - Sickle Cell Anemia (SCA),Palliative,1.3.12,yCiHlfP1BXq,105-PC01C,105-PC01c. Number of patients that need palliative care - Sickle Cell Disease,105-PC01c. Patients palliative care-SickleCell,HMIS 105C- Palliative Care Monthly Report,esaNB4G5AHs,wDiX34aiw6i,"0-28Dys, Female"
133,PC01d,No of patients that need palliative care - Others,Palliative,1.3.12,Fl8O8mnzymG,105-PC01D,105-PC01d. Number of patients that need palliative care - Others,105-PC01d. patients need palliative care - Others,HMIS 105C- Palliative Care Monthly Report,esaNB4G5AHs,wDiX34aiw6i,"0-28Dys, Female"
134,PC02a,No of new patients that received palliative care during the month - Cancer,Palliative,1.3.12,IU4nrWWRJpJ,105-PC02A,105-PC02a. Number of new patients that received palliative care - Cancer,105-PC02a. New Receive palliative care - Cancer,HMIS 105C- Palliative Care Monthly Report,esaNB4G5AHs,wDiX34aiw6i,"0-28Dys, Female"
135,PC02b,No of new patients that received palliative care during the month - HIV/AIDS,Palliative,1.3.12,wQhGJkLlk9L,105-PC02B,105-PC02b. Number of new patients that received palliative care - HIV/AIDS,105-PC02b. New Receive palliative care - HIV/AIDS,HMIS 105C- Palliative Care Monthly Report,esaNB4G5AHs,wDiX34aiw6i,"0-28Dys, Female"
136,PC02c,No of new patients that received palliative care during the month - Sickle Cell Anemia (SCA),Palliative,1.3.12,HjrQ7xEhXf4,105-PC02C,105-PC02c. Number of new patients that received palliative care- Sickle Cell Disease,105-PC02c. New Receive palliative care-Sickle Cell,HMIS 105C- Palliative Care Monthly Report,esaNB4G5AHs,wDiX34aiw6i,"0-28Dys, Female"
137,PC02d,No of new patients that received palliative care during the month - Others,Palliative,1.3.12,sjh8UmoEarI,105-PC02D,105-PC02d. Number of new patients that received palliative care - Others,105-PC02d. New Receive palliative care - Others,HMIS 105C- Palliative Care Monthly Report,esaNB4G5AHs,wDiX34aiw6i,"0-28Dys, Female"
138,PC03a,No of patients that received palliative care during the month - Cancer,Palliative,1.3.12,VM11wAgPmwD,105-PC03A,105-PC03a. Number of patients that received palliative care - Cancer,105-PC03a. Received palliative care - Cancer,HMIS 105C- Palliative Care Monthly Report,esaNB4G5AHs,wDiX34aiw6i,"0-28Dys, Female"
139,PC03b,No of patients that received palliative care during the month - HIV/AIDS,Palliative,1.3.12,rTJubNqd2ua,105-PC03B,105-PC03b. Number of patients that received palliative care - HIV/AIDS,105-PC03b. Received palliative care - HIV/AIDS,HMIS 105C- Palliative Care Monthly Report,esaNB4G5AHs,wDiX34aiw6i,"0-28Dys, Female"
140,PC03c,No of patients that received palliative care during the month - Sickle Cell Anemia (SCA),Palliative,1.3.12,pCyTcI5ZasL,105-PC03C,105-PC03c. Number of patients that received palliative care - Sickle Cell Disease,105-PC03c. Received palliative care - Sickle Cell,HMIS 105C- Palliative Care Monthly Report,esaNB4G5AHs,wDiX34aiw6i,"0-28Dys, Female"
141,PC03d,No of patients that received palliative care during the month - Others,Palliative,1.3.12,rAlHZtS3O0K,105-PC03D,105-PC03d. Number of patients that received palliative care - Others,105-PC03d. Received palliative care - Others,HMIS 105C- Palliative Care Monthly Report,esaNB4G5AHs,wDiX34aiw6i,"0-28Dys, Female"
142,PC04a,No of patients that received palliative care with a documented WHO performance status during the month - Working (Adults),Palliative,1.3.12,tDNmCcw68t1,105-PC04A,105-PC04a. Number of patients that received palliative care with a documented WHO performance status - Working (Adults),105-PC04a. Received palliative Documented-Working,HMIS 105C- Palliative Care Monthly Report,esaNB4G5AHs,wDiX34aiw6i,"0-28Dys, Female"
143,PC04b,No of patients that received palliative care with a documented WHO performance status during the month - Playing (Children),Palliative,1.3.12,sRChk3UcSS3,105-PC04B,105-PC04b. Number of patients that received palliative care with a documented WHO performance status - Playing (Children),105-PC04b. Received palliative Documented-Playing,HMIS 105C- Palliative Care Monthly Report,esaNB4G5AHs,wDiX34aiw6i,"0-28Dys, Female"
144,PC04c,No of patients that received palliative care with a documented WHO performance status during the month - Ambulant,Palliative,1.3.12,rhIiDgJMh43,105-PC04C,105-PC04c. Number of patients that received palliative care with a documented WHO performance status - Ambulant,105-PC04c. Received palliative Documented-Ambulant,HMIS 105C- Palliative Care Monthly Report,esaNB4G5AHs,wDiX34aiw6i,"0-28Dys, Female"
145,PC04d,No of patients that received palliative care with a documented WHO performance status during the month - Bedridden,Palliative,1.3.12,qSiLNVnbwpg,105-PC04D,105-PC04d. Number of patients that received palliative care with a documented WHO performance status - Bedridden,105-PC04d.Received palliative Documented-Bedridden,HMIS 105C- Palliative Care Monthly Report,esaNB4G5AHs,wDiX34aiw6i,"0-28Dys, Female"
146,PC05,No of patients that received palliative care and are on oral liquid morphine,Palliative,1.3.12,Vi1nAmj1Y0D,105-PC05,105-PC05. Number of patients that received palliative care and are on oral liquid morphine,105-PC05. Received palliative-Oraliquid morphine,HMIS 105C- Palliative Care Monthly Report,esaNB4G5AHs,wDiX34aiw6i,"0-28Dys, Female"
147,PC06,No of patients on palliative care who died during the month,Palliative,1.3.12,Bv5ThUANT2Q,105-PC06,105-PC06. Number of patients on palliative care who died during the month,105-PC06. Patients on palliative care-Died,HMIS 105C- Palliative Care Monthly Report,esaNB4G5AHs,wDiX34aiw6i,"0-28Dys, Female"
148,DS01,Individuals with Difficulty in seeing,Disabilities,1.3.14,N2cNTWGuWCJ,105-DS11_2019.,105-DS11_2019. Individuals with Difficulty in self-care,105-DS11_2019. Indiv with Difficulty in self-care,"HMIS 105:01 - OPD Monthly Report (Attendance, Referrals, Conditions,TB, Nutrition)",esaNB4G5AHs,wDiX34aiw6i,"0-28Dys, Female"
149,DS02,Individuals with Albinism,Disabilities,1.3.14,Qq2kwuGkiFH,105-DS02_2019,105-DS02_2019. Individuals with Albinism,105-DS02_2019. Individuals with Albinism,"HMIS 105:01 - OPD Monthly Report (Attendance, Referrals, Conditions,TB, Nutrition)",esaNB4G5AHs,wDiX34aiw6i,"0-28Dys, Female"
150,DS03,Individuals with Difficulty in hearing,Disabilities,1.3.14,N2cNTWGuWCJ,105-DS11_2019.,105-DS11_2019. Individuals with Difficulty in self-care,105-DS11_2019. Indiv with Difficulty in self-care,"HMIS 105:01 - OPD Monthly Report (Attendance, Referrals, Conditions,TB, Nutrition)",esaNB4G5AHs,wDiX34aiw6i,"0-28Dys, Female"
151,DS04,Individuals with Speech Difficulties,Disabilities,1.3.14,Qq2kwuGkiFH,105-DS02_2019,105-DS02_2019. Individuals with Albinism,105-DS02_2019. Individuals with Albinism,"HMIS 105:01 - OPD Monthly Report (Attendance, Referrals, Conditions,TB, Nutrition)",esaNB4G5AHs,wDiX34aiw6i,"0-28Dys, Female"
152,DS05,Individuals with delayed age specific motor development,Disabilities,1.3.14,gyKuxbw1ONZ,105-DS05_2019,105-DS05_2019. Individuals with delayed age specific motor development,105-DS05_2019. Delayed AgeSpecificMotor devt,"HMIS 105:01 - OPD Monthly Report (Attendance, Referrals, Conditions,TB, Nutrition)",esaNB4G5AHs,wDiX34aiw6i,"0-28Dys, Female"
153,DS06,Individuals with Dwarfism,Disabilities,1.3.14,KzSFtYtzc5B,105-DS06_2019,105-DS06_2019. Individuals with Dwarfism,105-DS06_2019. Individuals with Dwarfism,"HMIS 105:01 - OPD Monthly Report (Attendance, Referrals, Conditions,TB, Nutrition)",esaNB4G5AHs,wDiX34aiw6i,"0-28Dys, Female"
154,DS07,Individuals with Difficulty understanding,Disabilities,1.3.14,awqjtCY5VEb,105-DS07_2019,105-DS07_2019. Individuals with Difficulty understanding,105-DS07_2019. Indiv- Difficulty understanding,"HMIS 105:01 - OPD Monthly Report (Attendance, Referrals, Conditions,TB, Nutrition)",esaNB4G5AHs,wDiX34aiw6i,"0-28Dys, Female"
155,DS08,Individuals with Difficulty in remembering,Disabilities,1.3.14,bAq38iUTsvR,105-DS08_2019,105-DS08_2019. Individuals with Difficulty in remembering,105-DS08_2019 Individuals-Difficulty in rmembering,"HMIS 105:01 - OPD Monthly Report (Attendance, Referrals, Conditions,TB, Nutrition)",esaNB4G5AHs,wDiX34aiw6i,"0-28Dys, Female"
156,DS09,Individuals with Difficulty in reading,Disabilities,1.3.14,N2cNTWGuWCJ,105-DS11_2019.,105-DS11_2019. Individuals with Difficulty in self-care,105-DS11_2019. Indiv with Difficulty in self-care,"HMIS 105:01 - OPD Monthly Report (Attendance, Referrals, Conditions,TB, Nutrition)",esaNB4G5AHs,wDiX34aiw6i,"0-28Dys, Female"
157,DS10,Individuals with Difficulty in writing,Disabilities,1.3.14,Pqm6ZFmsEId,105-DS10_2019,105-DS10_2019. Individuals with Difficulty in writing,105-DS10_2019. Individuals-Difficulty in writing,"HMIS 105:01 - OPD Monthly Report (Attendance, Referrals, Conditions,TB, Nutrition)",esaNB4G5AHs,wDiX34aiw6i,"0-28Dys, Female"
158,DS11,Individuals with Difficulty in self care,Disabilities,1.3.14,N2cNTWGuWCJ,105-DS11_2019.,105-DS11_2019. Individuals with Difficulty in self-care,105-DS11_2019. Indiv with Difficulty in self-care,"HMIS 105:01 - OPD Monthly Report (Attendance, Referrals, Conditions,TB, Nutrition)",esaNB4G5AHs,wDiX34aiw6i,"0-28Dys, Female"
159,DS12,Individuals with Mentally impairment,Disabilities,1.3.14,Mo3s0kMNW8Y,105-DS12_2019,105-DS12_2019. Individuals with Mental impairment,105-DS12_2019. Individuals with Mental impairment,"HMIS 105:01 - OPD Monthly Report (Attendance, Referrals, Conditions,TB, Nutrition)",esaNB4G5AHs,wDiX34aiw6i,"0-28Dys, Female"
160,DS13,Individuals with Emotionally impairment,Disabilities,1.3.14,Aa3WFdlinZz,105-DS13_2019,105-DS13_2019. Individuals with Emotional impairment,105-DS13_2019. Indiv with Emotional impairment,"HMIS 105:01 - OPD Monthly Report (Attendance, Referrals, Conditions,TB, Nutrition)",esaNB4G5AHs,wDiX34aiw6i,"0-28Dys, Female"
161,CV01,Stroke Cardiovascular Accident (CVA),Cardiovascular diseases,1.3.15,D94T0VqYF0u,105-CV01,105-CV01. Stroke/Cerebrovascular Accident(CVA),105-CV01. Stroke/Cerebrovascular Accident(CVA),"HMIS 105:01 - OPD Monthly Report (Attendance, Referrals, Conditions,TB, Nutrition)",esaNB4G5AHs,wDiX34aiw6i,"0-28Dys, Female"
162,CV02a,Hypertension - New,Cardiovascular diseases,1.3.15,LFH8bUaself,105-LD10,105-LD10. Hepatitis E,105-LD10. Hepatitis E,"HMIS 105:01 - OPD Monthly Report (Attendance, Referrals, Conditions,TB, Nutrition)",esaNB4G5AHs,wDiX34aiw6i,"0-28Dys, Female"
163,CV02b,Hypertension - Known,Cardiovascular diseases,1.3.15,P1E6YuY0796,108-CV02b,108-CV02b. Severe Hypertension  - Deaths,108-CV02b. Severe Hypertension  - Deaths,HMIS 108 - IPD Monthly Report,WeibY3hWEJw,hTVLtGKGXV5,"Known, 5+Yrs, Female"
164,CV03,Heart failure,Cardiovascular diseases,1.3.15,ZKUeHDVwJm9,105-CV03,105-CV03. Heart failure,105-CV03. Heart failure,"HMIS 105:01 - OPD Monthly Report (Attendance, Referrals, Conditions,TB, Nutrition)",esaNB4G5AHs,wDiX34aiw6i,"0-28Dys, Female"
165,CV04,Ischemic Heart Diseases,Cardiovascular diseases,1.3.15,gvdCqFYHQZy,105-CV04,105-CV04. Ischemic Heart Diseases,105-CV04. Ischemic Heart Diseases,"HMIS 105:01 - OPD Monthly Report (Attendance, Referrals, Conditions,TB, Nutrition)",esaNB4G5AHs,wDiX34aiw6i,"0-28Dys, Female"
166,CV05,Rheumatic Heart Diseases,Cardiovascular diseases,1.3.15,dDZOL6421KG,105-CV05,105-CV05. Rheumatic Heart Diseases,105-CV05. Rheumatic Heart Diseases,"HMIS 105:01 - OPD Monthly Report (Attendance, Referrals, Conditions,TB, Nutrition)",esaNB4G5AHs,wDiX34aiw6i,"0-28Dys, Female"
167,CV06,Congenital Heart Diseases,Cardiovascular diseases,1.3.15,uPqlb2EjAa7,105-CV06,105-CV06. Congenital Heart Diseases,105-CV06. Congenital Heart Diseases,"HMIS 105:01 - OPD Monthly Report (Attendance, Referrals, Conditions,TB, Nutrition)",esaNB4G5AHs,wDiX34aiw6i,"0-28Dys, Female"
168,CV07,Other Cardiovascular Diseases,Cardiovascular diseases,1.3.15,zWFDhtAHBa5,105-CV07,105-CV07. Other Cardiovascular Diseases,105-CV07. Other Cardiovascular Diseases,"HMIS 105:01 - OPD Monthly Report (Attendance, Referrals, Conditions,TB, Nutrition)",esaNB4G5AHs,wDiX34aiw6i,"0-28Dys, Female"
169,RD01,Acute Kidney Injury,Renal Diseases,1.3.16,m2SYBC5Swuc,105-RD01,105-RD01. Acute Kidney Injury,105-RD01. Acute Kidney Injury,"HMIS 105:01 - OPD Monthly Report (Attendance, Referrals, Conditions,TB, Nutrition)",esaNB4G5AHs,wDiX34aiw6i,"0-28Dys, Female"
170,RD02,Acute glomerulonephritis,Renal Diseases,1.3.16,DjJLhOIqbF1,105-RD02,105-RD02. Acute glomerulonephritis,105-RD02. Acute glomerulonephritis,"HMIS 105:01 - OPD Monthly Report (Attendance, Referrals, Conditions,TB, Nutrition)",esaNB4G5AHs,wDiX34aiw6i,"0-28Dys, Female"
171,RD03,Nephrotic syndrome,Renal Diseases,1.3.16,D7olRuBhSSo,105-RD03,105-RD03. Nephrotic syndrome,105-RD03. Nephrotic syndrome,"HMIS 105:01 - OPD Monthly Report (Attendance, Referrals, Conditions,TB, Nutrition)",esaNB4G5AHs,wDiX34aiw6i,"0-28Dys, Female"
172,RD04,Uncomplicated UTI,Renal Diseases,1.3.16,J42h8FOaMEK,105-RD08,105-RD08. Uncomplicated UTI,105-RD08. Uncomplicated UTI,"HMIS 105:01 - OPD Monthly Report (Attendance, Referrals, Conditions,TB, Nutrition)",esaNB4G5AHs,wDiX34aiw6i,"0-28Dys, Female"
173,RD05,Complicated UTI,Renal Diseases,1.3.16,J42h8FOaMEK,105-RD08,105-RD08. Uncomplicated UTI,105-RD08. Uncomplicated UTI,"HMIS 105:01 - OPD Monthly Report (Attendance, Referrals, Conditions,TB, Nutrition)",esaNB4G5AHs,wDiX34aiw6i,"0-28Dys, Female"
174,LD01,Liver Cirrhosis,Liver Diseases,1.3.17,BVfYfrc4SHe,105-LD01,105-LD01. Liver Cirrhosis,105-LD01. Liver Cirrhosis,"HMIS 105:01 - OPD Monthly Report (Attendance, Referrals, Conditions,TB, Nutrition)",esaNB4G5AHs,wDiX34aiw6i,"0-28Dys, Female"
175,LD02,Liver Abscess,Liver Diseases,1.3.17,d1tEiOfTaAX,105-LD02,105-LD02. Liver Abcess,105-LD02. Liver Abcess,"HMIS 105:01 - OPD Monthly Report (Attendance, Referrals, Conditions,TB, Nutrition)",esaNB4G5AHs,wDiX34aiw6i,"0-28Dys, Female"
176,LD03,Hepatitis A,Liver Diseases,1.3.17,QPw7nHXJqe9,020-AC26,020-AC26.Hepatitis B-Status1,020-AC26.Hepatitis B-Status1,,bjDvmb4bfuf,HllvX50cXC0,default
180,LD07,Hepatitis E,Liver Diseases,1.3.17,QDCFpLxdbJe,105-LD07,105-LD07. Hepatitis B,105-LD07. Hepatitis B,"HMIS 105:01 - OPD Monthly Report (Attendance, Referrals, Conditions,TB, Nutrition)",esaNB4G5AHs,wDiX34aiw6i,"0-28Dys, Female"
181,EM01a,Diabetes mellitus - New - Type 1,Endocrine and Metabolic Disorders,1.3.18,LSrwJqzz8h4,108-EM01A1_2019,108-EM01a1_2019. Diabetes mellitus (newly diagnosed cases)  - Cases,108-EM01a1_2019. Diabetes mellitus (new) - Cases,HMIS 108 - IPD Monthly Report,RQsR5eSRbsr,ZgnHXnu30cI,"5+Yrs, Male"
182,EM01b,Diabetes mellitus - New - Type 2,Endocrine and Metabolic Disorders,1.3.18,HWsIOGrZuee,108-EM01B1_2019,108-EM01b1_2019. Diabetes mellitus (re-attendances)  - Cases,108-EM01b1_2019. Diabetes mellitus (re-att)- Cases,HMIS 108 - IPD Monthly Report,RQsR5eSRbsr,ZgnHXnu30cI,"5+Yrs, Male"
183,EM01c,Diabetes mellitus - New - Other Forms,Endocrine and Metabolic Disorders,1.3.18,LFH8bUaself,105-LD10,105-LD10. Hepatitis E,105-LD10. Hepatitis E,"HMIS 105:01 - OPD Monthly Report (Attendance, Referrals, Conditions,TB, Nutrition)",esaNB4G5AHs,wDiX34aiw6i,"0-28Dys, Female"
184,EM01d,Diabetes mellitus - Known - Type 1,Endocrine and Metabolic Disorders,1.3.18,LFH8bUaself,105-LD10,105-LD10. Hepatitis E,105-LD10. Hepatitis E,"HMIS 105:01 - OPD Monthly Report (Attendance, Referrals, Conditions,TB, Nutrition)",esaNB4G5AHs,wDiX34aiw6i,"0-28Dys, Female"
185,EM01e,Diabetes mellitus - Known - Type 2,Endocrine and Metabolic Disorders,1.3.18,LFH8bUaself,105-LD10,105-LD10. Hepatitis E,105-LD10. Hepatitis E,"HMIS 105:01 - OPD Monthly Report (Attendance, Referrals, Conditions,TB, Nutrition)",esaNB4G5AHs,wDiX34aiw6i,"0-28Dys, Female"
186,EM01f,Diabetes mellitus - Known - Other Forms,Endocrine and Metabolic Disorders,1.3.18,LFH8bUaself,105-LD10,105-LD10. Hepatitis E,105-LD10. Hepatitis E,"HMIS 105:01 - OPD Monthly Report (Attendance, Referrals, Conditions,TB, Nutrition)",esaNB4G5AHs,wDiX34aiw6i,"0-28Dys, Female"
187,EM02,Thyroid Disease,Endocrine and Metabolic Disorders,1.3.18,pJfmRStn4K0,105-EM02,105-EM02. Thyroid Disease,105-EM02. Thyroid Disease,"HMIS 105:01 - OPD Monthly Report (Attendance, Referrals, Conditions,TB, Nutrition)",esaNB4G5AHs,wDiX34aiw6i,"0-28Dys, Female"
188,EM03,Other Endocrine and Metabolic Diseases,Endocrine and Metabolic Disorders,1.3.18,MEzrkozwq3F,105-EM03,105-EM03. Other Endocrine and Metabolic Diseases,105-EM03. Other Endocrine and Metabolic Diseases,"HMIS 105:01 - OPD Monthly Report (Attendance, Referrals, Conditions,TB, Nutrition)",esaNB4G5AHs,wDiX34aiw6i,"0-28Dys, Female"
189,IN01,Jaw injuries,Injuries,1.3.19,uxwJFKQu4TE,105-IN01,105-IN01. Jaw injuries,105-IN01. Jaw injuries,"HMIS 105:01 - OPD Monthly Report (Attendance, Referrals, Conditions,TB, Nutrition)",esaNB4G5AHs,wDiX34aiw6i,"0-28Dys, Female"
190,IN02,Injuries due to Gender based violence,Injuries,1.3.19,bRYoCXTmJCB,105-IN02,105-IN02. Injuries due to Gender based violence,105-IN02. Injuries due to GBV,"HMIS 105:01 - OPD Monthly Report (Attendance, Referrals, Conditions,TB, Nutrition)",esaNB4G5AHs,wDiX34aiw6i,"0-28Dys, Female"
191,IN03,Injuries Trauma due to other causes,Injuries,1.3.19,O7du4F9jOVw,105-IN03,105-IN03. Injuries (Trauma due to other causes),105-IN03. Injuries (Trauma due to other causes),"HMIS 105:01 - OPD Monthly Report (Attendance, Referrals, Conditions,TB, Nutrition)",esaNB4G5AHs,wDiX34aiw6i,"0-28Dys, Female"
192,IN04a,Animal bites - Domestic,Injuries,1.3.19,XzmwRedvq4X,105-IN04A,105-IN04a. Animal bites - Domestic,105-IN04a. Animal bites - Domestic,"HMIS 105:01 - OPD Monthly Report (Attendance, Referrals, Conditions,TB, Nutrition)",esaNB4G5AHs,wDiX34aiw6i,"0-28Dys, Female"
193,IN04b,Animal bites - Wild,Injuries,1.3.19,rrBvaJRsH44,105-IN04B,105-IN04b. Animal bites - Wild,105-IN04b. Animal bites - Wild,"HMIS 105:01 - OPD Monthly Report (Attendance, Referrals, Conditions,TB, Nutrition)",esaNB4G5AHs,wDiX34aiw6i,"0-28Dys, Female"
194,IN05,Snake bites,Injuries,1.3.19,A1ai9kREPra,105-IN05,105-IN05. Snake bites,105-IN05. Snake bites,"HMIS 105:01 - OPD Monthly Report (Attendance, Referrals, Conditions,TB, Nutrition)",esaNB4G5AHs,wDiX34aiw6i,"0-28Dys, Female"
195,IN06,Insect bites,Injuries,1.3.19,m7gI5QcfjBy,105-IN06,105-IN06. Insect bites,105-IN06. Insect bites,"HMIS 105:01 - OPD Monthly Report (Attendance, Referrals, Conditions,TB, Nutrition)",esaNB4G5AHs,wDiX34aiw6i,"0-28Dys, Female"
196,MO01,Tooth extractions,Minor Operations in OPD,1.3.20,Tt6Pc5jQbFa,105-MN01,105-MN01. Tooth extractions,105-MN01. Tooth extractions,"HMIS 105:01 - OPD Monthly Report (Attendance, Referrals, Conditions,TB, Nutrition)",esaNB4G5AHs,wDiX34aiw6i,"0-28Dys, Female"
197,MO02,Dental Fillings,Minor Operations in OPD,1.3.20,KzWysud4d7g,105-MN02,105-MN02. Dental Fillings,105-MN02. Dental Fillings,"HMIS 105:01 - OPD Monthly Report (Attendance, Referrals, Conditions,TB, Nutrition)",esaNB4G5AHs,wDiX34aiw6i,"0-28Dys, Female"
198,MO03,Other Minor Operations,Minor Operations in OPD,1.3.20,wPvAkvR4dzH,105-MN03,105-MN03. Other Minor Operations,105-MN03. Other Minor Operations,"HMIS 105:01 - OPD Monthly Report (Attendance, Referrals, Conditions,TB, Nutrition)",esaNB4G5AHs,wDiX34aiw6i,"0-28Dys, Female"
199,NT01,Leishmaniasis,Neglected Tropical Diseases (NTDs),1.3.21,SYLEs2c2hKy,105-NT01,105-NT01. Leishmaniasis,105-NT01. Leishmaniasis,"HMIS 105:01 - OPD Monthly Report (Attendance, Referrals, Conditions,TB, Nutrition)",esaNB4G5AHs,wDiX34aiw6i,"0-28Dys, Female"
200,NT02,Lymphatic Filariasis (hydrocele),Neglected Tropical Diseases (NTDs),1.3.21,fYuyFJVdxi4,105-NT02,105-NT02. Lymphatic Filariasis (hydrocele),105-NT02. Lymphatic Filariasis (hydrocele),"HMIS 105:01 - OPD Monthly Report (Attendance, Referrals, Conditions,TB, Nutrition)",esaNB4G5AHs,wDiX34aiw6i,"0-28Dys, Female"
201,NT03,Lymphatic Filariasis (Lymphoedema),Neglected Tropical Diseases (NTDs),1.3.21,bLurSIHHlHZ,105-LD06,105-LD06. Hepatitis A,105-LD06. Hepatitis A,"HMIS 105:01 - OPD Monthly Report (Attendance, Referrals, Conditions,TB, Nutrition)",esaNB4G5AHs,wDiX34aiw6i,"0-28Dys, Female"
202,NT04,Urinary Schistosomiasis,Neglected Tropical Diseases (NTDs),1.3.21,kERJYVPjUmY,105-NT04,105-NT04. Urinary Schistosomiasis,105-NT04. Urinary Schistosomiasis,"HMIS 105:01 - OPD Monthly Report (Attendance, Referrals, Conditions,TB, Nutrition)",esaNB4G5AHs,wDiX34aiw6i,"0-28Dys, Female"
203,NT05,Intestinal Schistosomiasis,Neglected Tropical Diseases (NTDs),1.3.21,rRlDbbcm4dp,105-NT05,105-NT05. Intestinal Schistosomiasis,105-NT05. Intestinal Schistosomiasis,"HMIS 105:01 - OPD Monthly Report (Attendance, Referrals, Conditions,TB, Nutrition)",esaNB4G5AHs,wDiX34aiw6i,"0-28Dys, Female"
204,NT06,Onchocerciasis,Neglected Tropical Diseases (NTDs),1.3.21,nkTDxxXrZZN,105-NT06,105-NT06. Onchocerciasis,105-NT06. Onchocerciasis,"HMIS 105:01 - OPD Monthly Report (Attendance, Referrals, Conditions,TB, Nutrition)",esaNB4G5AHs,wDiX34aiw6i,"0-28Dys, Female"
320,HE11,Sickle Cell,Laboratory Tests - Hematology,10.2.1,LpM6ADG2duN,105-HE11A,105-HE11a. Sickle Cell - Done,105-HE11a. Sickle Cell - Done,HMIS 105:10 - OPD Monthly Report (Lab),bjDvmb4bfuf,HllvX50cXC0,default
205,MC01,Abortions due to Gender Based Violence (GBV),Maternal conditions,1.3.22,TvqHbq8AKc7,105-MC01,105-MC01. Abortions due to Gender-Based Violence (GBV),105-MC01. Abortions due to GBV,"HMIS 105:01 - OPD Monthly Report (Attendance, Referrals, Conditions,TB, Nutrition)",esaNB4G5AHs,wDiX34aiw6i,"0-28Dys, Female"
206,MC02,Abortions due to other causes,Maternal conditions,1.3.22,FlRxDBHWGid,105-MC02,105-MC02. Abortions due to other causes,105-MC02. Abortions due to other causes,"HMIS 105:01 - OPD Monthly Report (Attendance, Referrals, Conditions,TB, Nutrition)",esaNB4G5AHs,wDiX34aiw6i,"0-28Dys, Female"
207,MC03,Malaria in pregnancy,Maternal conditions,1.3.22,BnXSeyr1Er2,105-MC03,105-MC03. Malaria in pregnancy,105-MC03. Malaria in pregnancy,"HMIS 105:01 - OPD Monthly Report (Attendance, Referrals, Conditions,TB, Nutrition)",esaNB4G5AHs,wDiX34aiw6i,"0-28Dys, Female"
208,MC04,High blood pressure in pregnancy,Maternal conditions,1.3.22,y69tjlYisfZ,105-MC04,105-MC04. High blood pressure in pregnancy,105-MC04. High blood pressure in pregnancy,"HMIS 105:01 - OPD Monthly Report (Attendance, Referrals, Conditions,TB, Nutrition)",esaNB4G5AHs,wDiX34aiw6i,"0-28Dys, Female"
209,MC05,Diabetes in Pregnancy,Maternal conditions,1.3.22,tbCJrTyWu2S,105-MC05,105-MC05. Diabetes in Pregnancy,105-MC05. Diabetes in Pregnancy,"HMIS 105:01 - OPD Monthly Report (Attendance, Referrals, Conditions,TB, Nutrition)",esaNB4G5AHs,wDiX34aiw6i,"0-28Dys, Female"
210,MC06,Obstructed labour,Maternal conditions,1.3.22,TFfHVzlaZTw,105-MC06,105-MC06. Obstructed labour,105-MC06. Obstructed labour,"HMIS 105:01 - OPD Monthly Report (Attendance, Referrals, Conditions,TB, Nutrition)",esaNB4G5AHs,wDiX34aiw6i,"0-28Dys, Female"
211,MC07,Puerperal sepsis,Maternal conditions,1.3.22,C74ipmVVinR,105-MC07,105-MC07. Puerperal sepsis,105-MC07. Puerperal sepsis,"HMIS 105:01 - OPD Monthly Report (Attendance, Referrals, Conditions,TB, Nutrition)",esaNB4G5AHs,wDiX34aiw6i,"0-28Dys, Female"
212,MC08,Psychosis of Postpartum onset,Maternal conditions,1.3.22,Q0nQmQ8PMMm,105-MC08,105-MC08 Psychosis of Postpartum onset,105-MC08. Psychosis of Postpartum onset,"HMIS 105:01 - OPD Monthly Report (Attendance, Referrals, Conditions,TB, Nutrition)",esaNB4G5AHs,wDiX34aiw6i,"0-28Dys, Female"
213,MC09,Post Traumatic Stress Disorder of Postpartum onset,Maternal conditions,1.3.22,iivetmgqm0X,105-MC09,105-MC09. Post Traumatic Stress Disorder of Postpartum onset,105-MC09. PTSD:  Postpartum onset,"HMIS 105:01 - OPD Monthly Report (Attendance, Referrals, Conditions,TB, Nutrition)",esaNB4G5AHs,wDiX34aiw6i,"0-28Dys, Female"
214,MC10,Haemorrhage related to pregnancy (APH),Maternal conditions,1.3.22,Dem2BmAhrEl,105-MC10,105-MC10. Haemorrhage related to pregnancy (APH),105-MC10. Haemorrhage related to pregnancy (APH),"HMIS 105:01 - OPD Monthly Report (Attendance, Referrals, Conditions,TB, Nutrition)",esaNB4G5AHs,wDiX34aiw6i,"0-28Dys, Female"
215,MC11,Haemorrhage related to pregnancy (PPH),Maternal conditions,1.3.22,pWZcOnKaoCa,105-MC11,105-MC11. Haemorrhage related to pregnancy,105-MC11. Haemorrhage related to pregnancy,"HMIS 105:01 - OPD Monthly Report (Attendance, Referrals, Conditions,TB, Nutrition)",esaNB4G5AHs,wDiX34aiw6i,"0-28Dys, Female"
216,MC12a,Breast cancer - Total Screened,Maternal conditions,1.3.22,BvM8ByKmr33,105-MC12A,105-MC12a. Breast cancer - Total SCreened,105-MC12a. Breast cancer -  Screened,"HMIS 105:01 - OPD Monthly Report (Attendance, Referrals, Conditions,TB, Nutrition)",esaNB4G5AHs,wDiX34aiw6i,"0-28Dys, Female"
217,MC12b,Breast cancer - No with breast cancer,Maternal conditions,1.3.22,CprWHgiXQbu,105-MC12B,105-MC12b. Breast cancer - Number with Breast Cancer,105-MC12b. No. with Breast Cancer,"HMIS 105:01 - OPD Monthly Report (Attendance, Referrals, Conditions,TB, Nutrition)",esaNB4G5AHs,wDiX34aiw6i,"0-28Dys, Female"
218,MC13a,Cervical cancer - Total Screened,Maternal conditions,1.3.22,YkbQK1GlbAh,105-MC13A,105-MC13a. Cervical cancer - Total SCreened,105-MC13a. Cervical cancer - Screened,"HMIS 105:01 - OPD Monthly Report (Attendance, Referrals, Conditions,TB, Nutrition)",esaNB4G5AHs,wDiX34aiw6i,"0-28Dys, Female"
219,MC13b,Cervical cancer - No with cervical cancer,Maternal conditions,1.3.22,zJqxJwj1IYw,105-MC13B,105-MC13b. Cervical cancer - Number with Cervical cancer,105-MC13b. No. with Cervical Cancer,"HMIS 105:01 - OPD Monthly Report (Attendance, Referrals, Conditions,TB, Nutrition)",esaNB4G5AHs,wDiX34aiw6i,"0-28Dys, Female"
220,OP01,All others,Other OPD conditions,1.3.23,eJ6uwSt5TEp,105-OP01,105-OP01. All others,105-OP01. All others,"HMIS 105:01 - OPD Monthly Report (Attendance, Referrals, Conditions,TB, Nutrition)",esaNB4G5AHs,wDiX34aiw6i,"0-28Dys, Female"
221,DT01,Deaths in OPD,Deaths in OPD,1.3.24,llcQzAlLAWc,105-DT01,105-DT01. Deaths in OPD,105-DT01. Deaths in OPD,"HMIS 105:01 - OPD Monthly Report (Attendance, Referrals, Conditions,TB, Nutrition)",esaNB4G5AHs,wDiX34aiw6i,"0-28Dys, Female"
222,ES01a,No of emergency cases at the facility - Medical,Emergency Medical Services,1.3.25,rCMRgiY6hwX,105-ES01A,105-ES01a. Number of emergency cases at the facility - Medical,105-ES01a. Emergency cases at facility - Medical,"HMIS 105:01 - OPD Monthly Report (Attendance, Referrals, Conditions,TB, Nutrition)",esaNB4G5AHs,wDiX34aiw6i,"0-28Dys, Female"
223,ES01b,No of emergency cases at the facility - Obstetrics/gynaecology,Emergency Medical Services,1.3.25,M5Hpfrj54Ji,105-ES01B,105-ES01b. Number of emergency cases at the facility - Obstretric/gynaecology,105-ES01b. Emergency cases at facility - Obs/Gyn,"HMIS 105:01 - OPD Monthly Report (Attendance, Referrals, Conditions,TB, Nutrition)",esaNB4G5AHs,wDiX34aiw6i,"0-28Dys, Female"
224,ES01c,No of emergency cases at the facility - Surgical,Emergency Medical Services,1.3.25,NYFr2rCIZY6,105-ES01C,105-ES01c. Number of emergency cases at the facility - Surgical,105-ES01c. Emergency cases at facility - Surgical,"HMIS 105:01 - OPD Monthly Report (Attendance, Referrals, Conditions,TB, Nutrition)",esaNB4G5AHs,wDiX34aiw6i,"0-28Dys, Female"
225,ES01d,No of emergency cases at the facility - Road Traffic Injuries,Emergency Medical Services,1.3.25,AmxcGY2ULMQ,105-ES01D,105-ES01d. Number of emergency cases at the facility - Road Traffic Injuries,105-ES01d. Emergency cases at the facility - RTIs,"HMIS 105:01 - OPD Monthly Report (Attendance, Referrals, Conditions,TB, Nutrition)",esaNB4G5AHs,wDiX34aiw6i,"0-28Dys, Female"
226,ES02,No of Patients that received care at the scene of emergency,Emergency Medical Services,1.3.25,NF20WeqeY8B,105-ES02,105-ES02. No. of Patients that received care at the scene of emergency,105-ES02.Patients received care at emergency scene,"HMIS 105:01 - OPD Monthly Report (Attendance, Referrals, Conditions,TB, Nutrition)",esaNB4G5AHs,wDiX34aiw6i,"0-28Dys, Female"
227,ES03a,No of emergency cases that arrived at the facility by Ambulance,Emergency Medical Services,1.3.25,vj1YkrDXVUv,105-ES03a,105-ES03a. No. of emergency cases that arrived at the facility by - Ambulance,105-ES03a. Emergency cases -using an Ambulance,"HMIS 105:01 - OPD Monthly Report (Attendance, Referrals, Conditions,TB, Nutrition)",esaNB4G5AHs,wDiX34aiw6i,"0-28Dys, Female"
228,ES03b,No of emergency cases that arrived at the facility by Police Vehicle,Emergency Medical Services,1.3.25,ou6tD32JxCB,105-ES03B,105-ES03b. No. of emergency cases that arrived at the facility by - Police Vehicle,105-ES03b.Emergencycases arrived by Police Vehicle,"HMIS 105:01 - OPD Monthly Report (Attendance, Referrals, Conditions,TB, Nutrition)",esaNB4G5AHs,wDiX34aiw6i,"0-28Dys, Female"
229,ES03c,No of emergency cases that arrived at the facility by Private Transportation,Emergency Medical Services,1.3.25,f4EMPCsGIJS,105-ES03C,105-ES03c. No. of emergency cases that arrived at the facility by - Private Transportation,105-ES03c. Emergencycasesarrived  by Private means,"HMIS 105:01 - OPD Monthly Report (Attendance, Referrals, Conditions,TB, Nutrition)",esaNB4G5AHs,wDiX34aiw6i,"0-28Dys, Female"
230,ES04,No of patients accessing care within 1hr in an emergency unit,Emergency Medical Services,1.3.25,bTrQT7XJULv,105-ES04,105-ES04. No. of patients accessing care within 1hr in an emergency unit,105-ES04. Patients getting emergency care in 1hr,"HMIS 105:01 - OPD Monthly Report (Attendance, Referrals, Conditions,TB, Nutrition)",esaNB4G5AHs,wDiX34aiw6i,"0-28Dys, Female"
231,ES05,No of patients who developed complications within 24 hours of care,Emergency Medical Services,1.3.25,LlqbDNxuUpK,105-ES05,105-ES05. Number of patients who develop complications within 24 hours after management/care,105-ES05. Patients complications in24hr after Care,"HMIS 105:01 - OPD Monthly Report (Attendance, Referrals, Conditions,TB, Nutrition)",esaNB4G5AHs,wDiX34aiw6i,"0-28Dys, Female"
232,ES06a,No of patients with hypoxemia - Total,Emergency Medical Services,1.3.25,ftpuURXTWEA,105-ES06A,105-ES06a. Number of patients with hypoxemia -Total,105-ES06a. Patients with hypoxemia -Total,"HMIS 105:01 - OPD Monthly Report (Attendance, Referrals, Conditions,TB, Nutrition)",esaNB4G5AHs,wDiX34aiw6i,"0-28Dys, Female"
233,ES06b,No of patients with hypoxemia - Administered with Oxygen,Emergency Medical Services,1.3.25,NwQLr6lkdQ9,105-ES06B,105-ES06b. Number of patients with hypoxemia administered with oxygen,105-ES06b. Patients with hypoxemia given with O2,"HMIS 105:01 - OPD Monthly Report (Attendance, Referrals, Conditions,TB, Nutrition)",esaNB4G5AHs,wDiX34aiw6i,"0-28Dys, Female"
234,ES07a,No of patients with external haemorrhages - Total,Emergency Medical Services,1.3.25,noF1xcq2d7b,105-ES07A,105-ES07a. Number of patients with external haemorrhages Total,105-ES07a. Patients with haemorrhages - Total,"HMIS 105:01 - OPD Monthly Report (Attendance, Referrals, Conditions,TB, Nutrition)",esaNB4G5AHs,wDiX34aiw6i,"0-28Dys, Female"
235,ES07b,No of patients with external haemorrhages - Controlled,Emergency Medical Services,1.3.25,bDBHlO3lNUW,105-ES07B,105-ES07b. Number of patients with external haemorrhages controlled,105-ES07b. Patients with haemorrhages - Controlled,"HMIS 105:01 - OPD Monthly Report (Attendance, Referrals, Conditions,TB, Nutrition)",esaNB4G5AHs,wDiX34aiw6i,"0-28Dys, Female"
236,ES08a,Road Traffic Injuries - Motor Vehicle,Emergency Medical Services,1.3.25,AbJ0YUCaLgd,105-ES08A,105-ES08a. Road Traffic Injuries - Motor Vehicle,105-ES08a. Road Traffic Injuries - Motor Vehicle,"HMIS 105:01 - OPD Monthly Report (Attendance, Referrals, Conditions,TB, Nutrition)",esaNB4G5AHs,wDiX34aiw6i,"0-28Dys, Female"
237,ES08b,Road Traffic Injuries - Motor Cycle,Emergency Medical Services,1.3.25,sYJTvmD4xA8,105-ES08B,105-ES08b. Road Traffic Injuries - Motor Cycle,105-ES08b. Road Traffic Injuries - Motor Cycle,"HMIS 105:01 - OPD Monthly Report (Attendance, Referrals, Conditions,TB, Nutrition)",esaNB4G5AHs,wDiX34aiw6i,"0-28Dys, Female"
238,ES08c,Road Traffic Injuries - Bicycle,Emergency Medical Services,1.3.25,MflJ96PU8is,105-ES08C,105-ES08c. Road Traffic Injuries - Bicycle,105-ES08c. Road Traffic Injuries - Bicycle,"HMIS 105:01 - OPD Monthly Report (Attendance, Referrals, Conditions,TB, Nutrition)",esaNB4G5AHs,wDiX34aiw6i,"0-28Dys, Female"
239,ES08d,Road Traffic Injuries - Pedestrian,Emergency Medical Services,1.3.25,ki5Ur2f6I2g,105-ES08D,105-ES08d. Road Traffic Injuries - Pedestrians,105-ES08d. Road Traffic Injuries - Pedestrians,"HMIS 105:01 - OPD Monthly Report (Attendance, Referrals, Conditions,TB, Nutrition)",esaNB4G5AHs,wDiX34aiw6i,"0-28Dys, Female"
240,ES08e,Road Traffic Injuries - Others,Emergency Medical Services,1.3.25,EWmqTwV0prl,033B-GP04,033B-GP04. Total No. Rif R,033B-GP04. Total No. Rif R,HMIS 033b - Weekly Epidemiological Surveillance Report,bjDvmb4bfuf,HllvX50cXC0,default
241,ES09a,No of deaths at the emergency unit - Medical,Emergency Medical Services,1.3.25,hCRvkCwYdvt,105-ES09A,105-ES09a.Death at unit - Medical emergencies,105-ES09a. Death at unit - Medical emergencies,"HMIS 105:01 - OPD Monthly Report (Attendance, Referrals, Conditions,TB, Nutrition)",esaNB4G5AHs,wDiX34aiw6i,"0-28Dys, Female"
242,ES09b,No of deaths at the emergency unit - Obstetrics/gynaecology,Emergency Medical Services,1.3.25,DM0iRlEZHKC,105-ES09B,105-ES09b.Death at unit - Obstetrics/gynaecology emergencies,105-ES09b. Death at unit - Obstetrics/gynaecology,"HMIS 105:01 - OPD Monthly Report (Attendance, Referrals, Conditions,TB, Nutrition)",esaNB4G5AHs,wDiX34aiw6i,"0-28Dys, Female"
243,ES09c,No of deaths at the emergency unit - Surgical,Emergency Medical Services,1.3.25,fvsym3Qyfm8,105-ES09C,105-ES09c.Death at unit - Surgical emergencies,105-ES09c. Death at unit - Surgical emergencies,"HMIS 105:01 - OPD Monthly Report (Attendance, Referrals, Conditions,TB, Nutrition)",esaNB4G5AHs,wDiX34aiw6i,"0-28Dys, Female"
244,ES09d,No of deaths at the emergency unit - Road traffic injuries,Emergency Medical Services,1.3.25,AsewPyxdNdf,105-ES09D,105-ES09d.Death at unit - Road traffic Injuries,105-ES09d. Death at unit - Road traffic Injuries,"HMIS 105:01 - OPD Monthly Report (Attendance, Referrals, Conditions,TB, Nutrition)",esaNB4G5AHs,wDiX34aiw6i,"0-28Dys, Female"
245,ES10a,No of Patients who received vaccination for Tetanus,Emergency Medical Services,1.3.25,HImppwnkzUk,105-ES10A,105-ES10a.Tetanus vaccination for Tetanus,105-ES10a.Tetanus vaccination for Tetanus,"HMIS 105:01 - OPD Monthly Report (Attendance, Referrals, Conditions,TB, Nutrition)",esaNB4G5AHs,wDiX34aiw6i,"0-28Dys, Female"
246,ES10b,No of Patients who received vaccination for Rabies,Emergency Medical Services,1.3.25,BzUZJxAUTUz,105-ES10B,105-ES10b.Tetanus vaccination for Rabies,105-ES10b.Tetanus vaccination for Rabies,"HMIS 105:01 - OPD Monthly Report (Attendance, Referrals, Conditions,TB, Nutrition)",esaNB4G5AHs,wDiX34aiw6i,"0-28Dys, Female"
247,ES10c,No of Patients who received vaccination for Antivenom,Emergency Medical Services,1.3.25,xXH2F95AnL4,105-ES10C,105-ES10c. Number of Patients receiving vaccination for - Anti Venom,105-ES10c.Patient receiving vaccination-Anti Venom,"HMIS 105:01 - OPD Monthly Report (Attendance, Referrals, Conditions,TB, Nutrition)",esaNB4G5AHs,wDiX34aiw6i,"0-28Dys, Female"
248,TP01a,OPD - No screened for TB,TB Screening,1.3.26,LwMHVYBkzx9,105-TP01A,105-TP01a. No. screened for TB-OPD,105-TP01a. Num screened for TB-OPD,"HMIS 105:01 - OPD Monthly Report (Attendance, Referrals, Conditions,TB, Nutrition)",AUpdLKBwrUb,EVJwOnx0wy9,"<5Yrs, Male"
249,TP01b,OPD - No of presumptive TB cases identified,TB Screening,1.3.26,a3dXGbUg8HC,105-TP01B,105-TP01b. No. of presumptive TB cases identified-OPD,105-TP01b. Presumptive TB cases identified - OPD,"HMIS 105:01 - OPD Monthly Report (Attendance, Referrals, Conditions,TB, Nutrition)",AUpdLKBwrUb,EVJwOnx0wy9,"<5Yrs, Male"
250,TP01c,OPD - No of presumptive diagnosed with TB,TB Screening,1.3.26,EeU4Ufn8MS2,105-TP01C,105-TP01c. No. of presumptive diagnosed with TB-OPD,105-TP01c. Presumptive diagnosed with TB - OPD,"HMIS 105:01 - OPD Monthly Report (Attendance, Referrals, Conditions,TB, Nutrition)",AUpdLKBwrUb,EVJwOnx0wy9,"<5Yrs, Male"
251,TP02a,ART - No screened for TB,TB Screening,1.3.26,wcEQfD9THHr,105-TP02A,105-TP02a. No. screened for TB-ART,105-TP02a. No. screened for TB - ART,"HMIS 105:01 - OPD Monthly Report (Attendance, Referrals, Conditions,TB, Nutrition)",esaNB4G5AHs,wDiX34aiw6i,"0-28Dys, Female"
252,TP02b,ART - No of presumptive TB cases identified,TB Screening,1.3.26,WIYUYqtiWNW,105-TP02B,105-TP02b. No. of presumptive TB cases identified-ART,105-TP02b. Presumptive TB cases identified-ART,"HMIS 105:01 - OPD Monthly Report (Attendance, Referrals, Conditions,TB, Nutrition)",esaNB4G5AHs,wDiX34aiw6i,"0-28Dys, Female"
253,TP02c,ART - No of presumptive diagnosed with TB,TB Screening,1.3.26,mPDuv5MQg4A,105-TP02C,105-TP02c. No. of presumptive diagnosed with TB-ART,105-TP02c. Presumptives diagnosed with TB - ART,"HMIS 105:01 - OPD Monthly Report (Attendance, Referrals, Conditions,TB, Nutrition)",esaNB4G5AHs,wDiX34aiw6i,"0-28Dys, Female"
254,TP03a,Out Reaches - No screened for TB,TB Screening,1.3.26,ch5q99o2gIh,105-TP03A,105-TP03a. No. screened for TB from Outreaches,105-TP03a. Screened for TB from Outreaches,"HMIS 105:01 - OPD Monthly Report (Attendance, Referrals, Conditions,TB, Nutrition)",esaNB4G5AHs,wDiX34aiw6i,"0-28Dys, Female"
255,TP03b,Out Reaches - No of presumptive TB cases identified,TB Screening,1.3.26,hbi0hXfneIq,105-TP03B,105-TP03b. No. of presumptive TB cases identified from outreaches,105-TP03b. Presumptive TB cases from Outreaches,"HMIS 105:01 - OPD Monthly Report (Attendance, Referrals, Conditions,TB, Nutrition)",esaNB4G5AHs,wDiX34aiw6i,"0-28Dys, Female"
256,TP03c,Out Reaches - No of presumptive diagnosed with TB,TB Screening,1.3.26,K61p0h1VBGN,105-TP03C,105-TP03c. No. of presumptive diagnosed with TB -Outreaches,105-TP03c.Presumptive diagnosed with TB-Outreaches,"HMIS 105:01 - OPD Monthly Report (Attendance, Referrals, Conditions,TB, Nutrition)",esaNB4G5AHs,wDiX34aiw6i,"0-28Dys, Female"
257,LE01a,New and relapse leprosy cases registered - Screened,Leprosy services,1.3.27,zixf6a0f4zU,106a-TB18B1_2019,106a-TB18B1_2019. MTB +ve and Rif S,106a-TB18b1_2019. MTB +ve and Rif S,HMIS 106a:03 - TB/Leprosy Quarterly Report,xpNSFSr8MpW,UjrmGnCgKIk,Relapse
258,LE01b,New and relapse leprosy cases registered - Presumed,Leprosy services,1.3.27,zixf6a0f4zU,106a-TB18B1_2019,106a-TB18B1_2019. MTB +ve and Rif S,106a-TB18b1_2019. MTB +ve and Rif S,HMIS 106a:03 - TB/Leprosy Quarterly Report,xpNSFSr8MpW,UjrmGnCgKIk,Relapse
259,LE01c,New and relapse leprosy cases registered - Diagnosed,Leprosy services,1.3.27,zixf6a0f4zU,106a-TB18B1_2019,106a-TB18B1_2019. MTB +ve and Rif S,106a-TB18b1_2019. MTB +ve and Rif S,HMIS 106a:03 - TB/Leprosy Quarterly Report,xpNSFSr8MpW,UjrmGnCgKIk,Relapse
260,SS01,Artemether/Lumefantrine 20mg,Essential Medicines and Health Supplies,6,RIBMopGoWHl,105-SS01A,105-SS01a. Artemether/Lumefantrine 120/20 mg - Quantity consumed,105-SS01a. AL 120/20 mg - Quantity consumed,"HMIS 105:06-09 - OPD Monthly Report (Supplies, Outreaches & Supervision)",bjDvmb4bfuf,HllvX50cXC0,default
261,SS02,Artesunate 60mg,Essential Medicines and Health Supplies,6,FNT0AWnEok7,105-SS02A,105-SS02a. Artesunate 60mg - Quantity consumed,105-SS02a. Artesunate 60mg - Quantity consumed,"HMIS 105:06-09 - OPD Monthly Report (Supplies, Outreaches & Supervision)",bjDvmb4bfuf,HllvX50cXC0,default
262,SS03,Long Lasting Insecticidal Nets (LLINs),Essential Medicines and Health Supplies,6,eJjn1Av0vHI,105-SS03C,105-SS03c.Long Lasting Insecticidal Nets (LLINs) - Stock on hand,105-SS03c. LLINs - Stock on hand,"HMIS 105:06-09 - OPD Monthly Report (Supplies, Outreaches & Supervision)",bjDvmb4bfuf,HllvX50cXC0,default
263,SS04,Chlorhexidine Digluconate Gel (equivalent to 4% chlorhexidine),Essential Medicines and Health Supplies,6,NH01RQyn58l,105-SS04C,105-SS04c. Chlorhexidine Digluconate Gel 7.1% (equivalent to 4% chlorhexidine) - Stock on hand,105-SS04c. CHG Gel 7.1% - Stock on hand,"HMIS 105:06-09 - OPD Monthly Report (Supplies, Outreaches & Supervision)",bjDvmb4bfuf,HllvX50cXC0,default
264,SS05,Therapeutic milk F75 200kcal/100ml,Essential Medicines and Health Supplies,6,aB6rpIpPXWf,105-SS05A,105-SS05a. Therapeutic milk F75 (75Kcal/100ml) - Quantity consumed,105-SS05a. F75 (75Kcal/100ml) - Quantity consumed,"HMIS 105:06-09 - OPD Monthly Report (Supplies, Outreaches & Supervision)",bjDvmb4bfuf,HllvX50cXC0,default
265,SS06,Ready to use Therapeutic feeds (RUTF),Essential Medicines and Health Supplies,6,Ftnf3Yn7oht,105-SS06B,105-SS06b. Ready to use Therapeutic feeds (RUTF) - Days out of stock,105-SS06b. RUTF -  Days out of stock,"HMIS 105:06-09 - OPD Monthly Report (Supplies, Outreaches & Supervision)",bjDvmb4bfuf,HllvX50cXC0,default
266,SS07,Oral Liquid Morphine 10mg/5ml,Essential Medicines and Health Supplies,6,wIp7Gr1lf7S,105-SS07A,105-SS07a. Oral Liquid Morphine 5ml/ml - Quantity consumed,105-SS07a. Liquid Morphine - Quantity consumed,"HMIS 105:06-09 - OPD Monthly Report (Supplies, Outreaches & Supervision)",bjDvmb4bfuf,HllvX50cXC0,default
267,000 IU,Retinol (Vitamin A) 200,Essential Medicines and Health Supplies,6,iQJkiLHfOyZ,105-SS08A,105-SS08a Retinol (Vitamin A) 200000IU-Quantity Consumed,105-SS08a. Retinol (Vitamin A) - Quantity consumed,"HMIS 105:06-09 - OPD Monthly Report (Supplies, Outreaches & Supervision)",bjDvmb4bfuf,HllvX50cXC0,default
268,SS09,Bendrofluazide 2.5mg,Essential Medicines and Health Supplies,6,ELUJ8kvdyTi,105-SS09A,105-SS09a. Bendrofluazide 5mg - Quantity consumed,105-SS09a. Bendrofluazide 5mg - Quantity consumed,"HMIS 105:06-09 - OPD Monthly Report (Supplies, Outreaches & Supervision)",bjDvmb4bfuf,HllvX50cXC0,default
269,SS10,Amlodipine 5mg,Essential Medicines and Health Supplies,6,u0eqaAAypzu,105-SS10A,105-SS10a  Amlodipine 5mg-Quantity Consumed,105-SS10a. Amlodipine 5mg - Quantity consumed,"HMIS 105:06-09 - OPD Monthly Report (Supplies, Outreaches & Supervision)",bjDvmb4bfuf,HllvX50cXC0,default
270,SS11,Captopril 25mg,Essential Medicines and Health Supplies,6,GgypgARVxzI,105-SS11A,105-SS11a. Captopril 25mg tablet - Quantity consumed,105-SS11a. Captopril 25mg tabs - Quantity consumed,"HMIS 105:06-09 - OPD Monthly Report (Supplies, Outreaches & Supervision)",bjDvmb4bfuf,HllvX50cXC0,default
271,SS12,Metformin 500mg,Essential Medicines and Health Supplies,6,klbaYAoSygw,105-SS12A,105-SS12a. Metformin 500mg - Quantity consumed,105-SS12a. Metformin 500mg - Quantity consumed,"HMIS 105:06-09 - OPD Monthly Report (Supplies, Outreaches & Supervision)",bjDvmb4bfuf,HllvX50cXC0,default
272,SS13,Glimepiride 2mg,Essential Medicines and Health Supplies,6,p9xEniNiV1j,105-SS13A,105-SS13a Glimepiride 2mg-Quantity Consumed,105-SS13a. Glimepiride 2mg - Quantity consumed,"HMIS 105:06-09 - OPD Monthly Report (Supplies, Outreaches & Supervision)",bjDvmb4bfuf,HllvX50cXC0,default
273,SS14,Insulin short acting 40IU/1ml,Essential Medicines and Health Supplies,6,y1JeU6PTNy7,105-SS14D,105-SS14d. Insulin short-acting100IU/Ml - Quantity Expired,105-SS14d. Insulin short-acting - Quantity Expired,"HMIS 105:06-09 - OPD Monthly Report (Supplies, Outreaches & Supervision)",bjDvmb4bfuf,HllvX50cXC0,default
274,SS15,Filled Oxygen Cylinder (Big Size) 1.5LW/Cm3GC,Essential Medicines and Health Supplies,6,eorpVNcBh68,105-SS15A,105-SS15a Filled Oxygen Cylinder (Big Size) 40-60L WC/6.8m3 GC-Quantity Consumed,105-SS15a. O2 Cylinder(Big)- Quantity consumed,"HMIS 105:06-09 - OPD Monthly Report (Supplies, Outreaches & Supervision)",bjDvmb4bfuf,HllvX50cXC0,default
275,SS16,Ferrous sulphate + Folic Acid,Essential Medicines and Health Supplies,6,Gko0hroCGQf,105-SS16A,105-SS16a Ferrous sulphate + Folic Acid-Quantity Consumed,105-SS16a. FeSO4 + Folic Acid - Quantity consumed,"HMIS 105:06-09 - OPD Monthly Report (Supplies, Outreaches & Supervision)",bjDvmb4bfuf,HllvX50cXC0,default
276,SS17,Salbutamol inhaler,Essential Medicines and Health Supplies,6,MdDIyLTtzVZ,105-SS17A,105-SS17a Salbutamol inhaler-Quantity Consumed,105-SS17a. Salbutamol inhaler - Quantity consumed,"HMIS 105:06-09 - OPD Monthly Report (Supplies, Outreaches & Supervision)",bjDvmb4bfuf,HllvX50cXC0,default
277,SS18,Carbamazepine 200mg,Essential Medicines and Health Supplies,6,R3OzIXOWCOe,105-SS18b,105-SS18b. Carbamazepine 200mg-Days out of stock,105-SS18b. Carbamazepine 200mg-Days out of stock,"HMIS 105:06-09 - OPD Monthly Report (Supplies, Outreaches & Supervision)",bjDvmb4bfuf,HllvX50cXC0,default
278,SS19,Fluoxetine 20mg,Essential Medicines and Health Supplies,6,fFsNsiGg2CB,105-SS19A,105-SS19a Fluoxetine 20 mg-Quantity Consumed,105-SS19a. Fluoxetine 20 mg - Quantity consumed,"HMIS 105:06-09 - OPD Monthly Report (Supplies, Outreaches & Supervision)",bjDvmb4bfuf,HllvX50cXC0,default
279,SS20,Chlorpromazine 100mg,Essential Medicines and Health Supplies,6,mOOdFWzGNAD,105-SS20A,105-SS20a Chlorpromazine 25mg-Quantity Consumed,105-SS20a. Chlorpromazine 25mg-Quantity consumed,"HMIS 105:06-09 - OPD Monthly Report (Supplies, Outreaches & Supervision)",bjDvmb4bfuf,HllvX50cXC0,default
280,SS21,Depot Medroxyprogesterone Acetate (DMPA) 150mg/1ml,Essential Medicines and Health Supplies,6,FrWnOPWPbSF,105-SS21c,105-SS21c. Depot Medroxyprogesterone Acetate (DMPA)_ IM + SC-Stock on Hand,105-SS21c. DMPA IM+SC - Stock on hand,"HMIS 105:06-09 - OPD Monthly Report (Supplies, Outreaches & Supervision)",bjDvmb4bfuf,HllvX50cXC0,default
281,SS22,Amoxicillin 250mg,Essential Medicines and Health Supplies,6,aYLRo9MS3zb,105-SS22A,105-SS22a. Amoxicillin 250 mg capsule - Quantity consumed,105-SS22a. Amoxyl 250mg capsule- Quantity consumed,"HMIS 105:06-09 - OPD Monthly Report (Supplies, Outreaches & Supervision)",bjDvmb4bfuf,HllvX50cXC0,default
282,SS23,Amoxicillin dispersible 125mg,Essential Medicines and Health Supplies,6,pvBjG3TnbtJ,105-SS23A,105-SS23a. Amoxicillin dispersible 250mg tablet - Quantity consumed,105-SS23a. Amoxyl dispersible - Quantity consumed,"HMIS 105:06-09 - OPD Monthly Report (Supplies, Outreaches & Supervision)",bjDvmb4bfuf,HllvX50cXC0,default
283,SS24,Sulfadoxine Pyrimethamine tablet 525mg,Essential Medicines and Health Supplies,6,eu5hj9Xa9vP,105-SS24A,105-SS24a. Sulfadoxine/ Pyrimethamine tablet - Quantity consumed,105-SS24a. SP tablet - Qty consumed,"HMIS 105:06-09 - OPD Monthly Report (Supplies, Outreaches & Supervision)",bjDvmb4bfuf,HllvX50cXC0,default
284,SS25,Misoprostol 200mg,Essential Medicines and Health Supplies,6,EDOQsUzygay,105-SS25A,105-SS25a Misoprostol 200mg-Quantity Consumed,105-SS25a. Misoprostol 200mg-Quantity consumed,"HMIS 105:06-09 - OPD Monthly Report (Supplies, Outreaches & Supervision)",bjDvmb4bfuf,HllvX50cXC0,default
285,SS26,ORS Sachets with zinc tablets,Essential Medicines and Health Supplies,6,lz5KzKAbFbX,105-SS26A,105-SS26a. ORS Sachets with zinc tablet - Quantity consumed,105-SS26a. ORS Sachets with zinc tab - consumed,"HMIS 105:06-09 - OPD Monthly Report (Supplies, Outreaches & Supervision)",bjDvmb4bfuf,HllvX50cXC0,default
286,SS27,Measles-Rubella Vaccine,Essential Medicines and Health Supplies,6,MSKEKWtoB54,105-SS27A,105-SS27a Measles-Rubella Vaccine-Quantity Consumed,105-SS27a. MR Vaccine - Quantity consumed,"HMIS 105:06-09 - OPD Monthly Report (Supplies, Outreaches & Supervision)",bjDvmb4bfuf,HllvX50cXC0,default
287,SS28,Ceftriaxone 1g Injection,Essential Medicines and Health Supplies,6,h5nYtk0kLWs,105-SS28C,105-SS28c. Ceftriaxone 1g Injection - Stock on hand,105-SS28c. Ceftriaxone 1g Injection - Stock on han,"HMIS 105:06-09 - OPD Monthly Report (Supplies, Outreaches & Supervision)",bjDvmb4bfuf,HllvX50cXC0,default
288,SS29,Oxytocin 10IU/1ml Injection,Essential Medicines and Health Supplies,6,QYtOYWYSof5,105-SS29A,105-SS29a. Oxytocin Injection - Quantity consumed,105-SS29a. Oxytocin Injection - Quantity consumed,"HMIS 105:06-09 - OPD Monthly Report (Supplies, Outreaches & Supervision)",bjDvmb4bfuf,HllvX50cXC0,default
289,SS30,Mama Kit,Essential Medicines and Health Supplies,6,I8g7GERvAjt,105-SS30A,105-SS30a. Mama Kit - Quantity consumed,105-SS30a. Mama Kit - Quantity consumed,"HMIS 105:06-09 - OPD Monthly Report (Supplies, Outreaches & Supervision)",bjDvmb4bfuf,HllvX50cXC0,default
290,SS31,Etonogestrel 68mg Implant (Implanon),Essential Medicines and Health Supplies,6,cPQww1wkUF5,105-SS31c,105-SS31c. Etonogestrel 68mg Implant (Implanon)-Stock on Hand,105-SS31c. Etonogestrel Implant - Stock on hand,"HMIS 105:06-09 - OPD Monthly Report (Supplies, Outreaches & Supervision)",bjDvmb4bfuf,HllvX50cXC0,default
291,SS32,Male Condoms,Essential Medicines and Health Supplies,6,Zbmfh4YV81V,105-SS32A,105-SS32a Male Condoms-Quantity Consumed,105-SS32a. Male Condoms-Quantity consumed,"HMIS 105:06-09 - OPD Monthly Report (Supplies, Outreaches & Supervision)",bjDvmb4bfuf,HllvX50cXC0,default
292,SS33,CD4 reagent (BD Prestovisitect PIMA),Essential Medicines and Health Supplies,6,CQEYQ8lyY3s,105-SS33A,105-SS33a CD4 reagent (BD Presto/Visitect/PIMA)-Quantity Consumed,105-SS33a. CD4 reagent - Quantity consumed,"HMIS 105:06-09 - OPD Monthly Report (Supplies, Outreaches & Supervision)",bjDvmb4bfuf,HllvX50cXC0,default
293,SS34,Malaria Rapid Diagnostic Tests,Essential Medicines and Health Supplies,6,oCtCwUE7utd,105-SS34A,105-SS34a. Malaria Rapid Diagnostic tests - Quantity consumed,105-SS34a. Malaria RDTs - Quantity consumed,"HMIS 105:06-09 - OPD Monthly Report (Supplies, Outreaches & Supervision)",bjDvmb4bfuf,HllvX50cXC0,default
294,SS35,TB GeneXpert Cartridges,Essential Medicines and Health Supplies,6,LFH8bUaself,105-LD10,105-LD10. Hepatitis E,105-LD10. Hepatitis E,"HMIS 105:01 - OPD Monthly Report (Attendance, Referrals, Conditions,TB, Nutrition)",esaNB4G5AHs,wDiX34aiw6i,"0-28Dys, Female"
295,SS36,Determine HIV (1/2 screening test),Essential Medicines and Health Supplies,6,E6bQbrXhKgU,105-SS36A,105-SS36a. Determine HIV 1 & 2 screening test - Quantity consumed,105-SS36a. Determine HIV screen test - consumed,"HMIS 105:06-09 - OPD Monthly Report (Supplies, Outreaches & Supervision)",bjDvmb4bfuf,HllvX50cXC0,default
296,SS37,Statpack HIV Confirmatory rapid tests,Essential Medicines and Health Supplies,6,EEx8UTWSL9K,105-SS37C,"105-SS37c. Stat -pack HIV Confirmatory rapid tests, tests - Stock on hand",105-SS37c. Stat-Pak HIV RDT - Stock on hand,"HMIS 105:06-09 - OPD Monthly Report (Supplies, Outreaches & Supervision)",bjDvmb4bfuf,HllvX50cXC0,default
297,SS38,SD Bioline test-Tie Breaker,Essential Medicines and Health Supplies,6,QfoK6gO7Ywl,105-SS38A,105-SS38a. SD Bioline test-Tie Breaker - Quantity consumed,105-SS38a. SD Bioline HIV - Quantity consumed,"HMIS 105:06-09 - OPD Monthly Report (Supplies, Outreaches & Supervision)",bjDvmb4bfuf,HllvX50cXC0,default
298,SS39,Blood 500ml,Essential Medicines and Health Supplies,6,zrzLwJlJT0P,105-SS39A,105-SS39a. Blood Product - Quantity consumed,105-SS39a. Blood Product - Quantity consumed,"HMIS 105:06-09 - OPD Monthly Report (Supplies, Outreaches & Supervision)",bjDvmb4bfuf,HllvX50cXC0,default
299,SS40,Hepatitis HBsAg Test Kits,Essential Medicines and Health Supplies,6,lQRFuUgxIko,105-SS40A,"105-SS40a Hepatitis, HBsAg2 Test Kits-Quantity Consumed",105-SS40a. Hep HBsAg2 Test Kit - Qty consumed,"HMIS 105:06-09 - OPD Monthly Report (Supplies, Outreaches & Supervision)",bjDvmb4bfuf,HllvX50cXC0,default
300,SS41,HIV Syphilis Duo Kit,Essential Medicines and Health Supplies,6,Y2rG87X018G,105-SS41A,105-SS41a HIV/Syphilis Duo Kit-Quantity Consumed,105-SS41a. HIV/Syphilis Duo Kit-Quantity consumed,"HMIS 105:06-09 - OPD Monthly Report (Supplies, Outreaches & Supervision)",bjDvmb4bfuf,HllvX50cXC0,default
301,SS42,Tenofovir Lamivudine Dolutegravir (TDF/3TC/DTG) 300mg,Essential Medicines and Health Supplies,6,VkjK3NWHyJR,105-SS42A,105-SS42a Tenofovir/Lamivudine/Dolutegravir (TDF/3TC/DTG) 300/300/50mg-Quantity Consumed,105-SS42a. TDF/3TC/DTG 300/300/50 - Qty consumed,"HMIS 105:06-09 - OPD Monthly Report (Supplies, Outreaches & Supervision)",bjDvmb4bfuf,HllvX50cXC0,default
302,SS43,Abacavir Lamivudine Dolutegravir (ABC/3TC/DTG) 600mg,Essential Medicines and Health Supplies,6,cdMpfZVEhxN,105-SS43d,105-SS43d. Abacavir/Lamivudine/Dolutegravir (ABC/3TC/DTG) 600/300/50mg-Quantity expired,105-SS43d. ABC/3TC/DTG 600/300/50-Quantity expired,"HMIS 105:06-09 - OPD Monthly Report (Supplies, Outreaches & Supervision)",bjDvmb4bfuf,HllvX50cXC0,default
303,SS44,Zidovudine Lamivudine (AZT/3TC) 300mg,Essential Medicines and Health Supplies,6,RaHMrWfK14P,105-SS44A,105-SS44a Zidovudine/Lamivudine (AZT/3TC) 300/150mg-Quantity Consumed,105-SS44a. AZT/3TC 300/150 - Quantity consumed,"HMIS 105:06-09 - OPD Monthly Report (Supplies, Outreaches & Supervision)",bjDvmb4bfuf,HllvX50cXC0,default
304,SS45,Abacavir Lamivudine Dolutegravir (ABC/3TC/DTG) 120mg,Essential Medicines and Health Supplies,6,lTLNDFuDDba,105-SS45A,105-SS45a Abacavir/Lamivudine/Dolutegravir (ABC/3TC/DTG) 60/30/5mg-Quantity Consumed,105-SS45a. ABC/3TC/DTG 60/30/5 - Quantity consumed,"HMIS 105:06-09 - OPD Monthly Report (Supplies, Outreaches & Supervision)",bjDvmb4bfuf,HllvX50cXC0,default
305,SS46,Zidovudine Lamivudine (AZT/3TC) 60mg,Essential Medicines and Health Supplies,6,yIWazgZwraU,105-SS46A,105-SS46a Zidovudine/Lamivudine (AZT/3TC) 60/30mg-Quantity Consumed,105-SS46a. AZT/3TC 60/30 - Quantity consumed,"HMIS 105:06-09 - OPD Monthly Report (Supplies, Outreaches & Supervision)",bjDvmb4bfuf,HllvX50cXC0,default
306,SS47,Nevirapine (NVP) 50mg/5ml oral susp,Essential Medicines and Health Supplies,6,NOAUnQ5exkd,105-SS47A,105-SS47a Nevirapine (NVP) 10mg/ml oral susp-Quantity Consumed,105-SS47a. NVP 10mg/ml Oral - Quantity consumed,"HMIS 105:06-09 - OPD Monthly Report (Supplies, Outreaches & Supervision)",bjDvmb4bfuf,HllvX50cXC0,default
307,SS48,Ethambutol 400mg,Essential Medicines and Health Supplies,6,vLfFqTKaUZc,105-SS48A,105-SS48aEthambutol 100mg-Quantity Consumed,105-SS48a. Ethambutol 100mg-Quantity consumed,"HMIS 105:06-09 - OPD Monthly Report (Supplies, Outreaches & Supervision)",bjDvmb4bfuf,HllvX50cXC0,default
308,SS49,RHZE 150mg,Essential Medicines and Health Supplies,6,tViJTDJyvRx,105-SS49A,105-SS49a. RHZE 150/75/400/275mg - Quantity consumed,105-SS49a. RHZE 150/75/400/275 - Quantity consumed,"HMIS 105:06-09 - OPD Monthly Report (Supplies, Outreaches & Supervision)",bjDvmb4bfuf,HllvX50cXC0,default
309,SS50,RHZ 150mg,Essential Medicines and Health Supplies,6,Ry5PQiLsEZX,105-SS50A,105-SS50a. RHZ 75/50/150mg - Quantity consumed,105-SS50a. RHZ 75/50/150mg - Quantity consumed,"HMIS 105:06-09 - OPD Monthly Report (Supplies, Outreaches & Supervision)",bjDvmb4bfuf,HllvX50cXC0,default
310,HE01,Hb (Non automated),Laboratory Tests - Hematology,10.2.1,ZYwSMDa5lRO,105-HE01,105-HE01. Hb (non automated) - Done,105-HE01. Hb (non automated) - Done,HMIS 105:10 - OPD Monthly Report (Lab),bjDvmb4bfuf,HllvX50cXC0,default
311,HE02,Film Comment,Laboratory Tests - Hematology,10.2.1,uy82zDUjjCl,105-HE02,105-HE02. Film Comment,105-HE02. Film Comment,HMIS 105:10 - OPD Monthly Report (Lab),bjDvmb4bfuf,HllvX50cXC0,default
312,HE03,CBC,Laboratory Tests - Hematology,10.2.1,EHyI7eYeoH1,105-HE03,105-HE03. CBC,105-HE03. CBC,HMIS 105:10 - OPD Monthly Report (Lab),bjDvmb4bfuf,HllvX50cXC0,default
313,HE04,Reticulocyte count,Laboratory Tests - Hematology,10.2.1,a59ozSxc5Nf,105-HE04.,105-HE04. Reticulocyte count,105-HE04. Reticulocyte count,HMIS 105:10 - OPD Monthly Report (Lab),bjDvmb4bfuf,HllvX50cXC0,default
314,HE05,ESR,Laboratory Tests - Hematology,10.2.1,NfIVbWjrJgg,105-HE05,105-HE05. ESR - Done,105-HE05. ESR - Done,HMIS 105:10 - OPD Monthly Report (Lab),bjDvmb4bfuf,HllvX50cXC0,default
315,HE06,Bleeding time,Laboratory Tests - Hematology,10.2.1,fSqxW8rnjPJ,105-HE06,105-HE06. Bleeding time - Done,105-HE06. Bleeding time - Done,HMIS 105:10 - OPD Monthly Report (Lab),bjDvmb4bfuf,HllvX50cXC0,default
316,HE07,Prothrombin time,Laboratory Tests - Hematology,10.2.1,CXW0ReX8CGY,105-HE07,105-HE07. Prothrombin time - Done,105-HE07. Prothrombin time - Done,HMIS 105:10 - OPD Monthly Report (Lab),bjDvmb4bfuf,HllvX50cXC0,default
317,HE08,Clotting time,Laboratory Tests - Hematology,10.2.1,hERmSDObVoo,105-HE08,105-HE08. Clotting time - Done,105-HE08. Clotting time - Done,HMIS 105:10 - OPD Monthly Report (Lab),bjDvmb4bfuf,HllvX50cXC0,default
318,HE09,PT/INR,Laboratory Tests - Hematology,10.2.1,Ad83DJKiDcq,105-HE09A,105-HE09a. PT/INR-Done,105-HE09a. PT/INR-Done,HMIS 105:10 - OPD Monthly Report (Lab),bjDvmb4bfuf,HllvX50cXC0,default
319,HE10,APTT,Laboratory Tests - Hematology,10.2.1,yZo1ZXzFVTx,105-HE10A,105-HE10a. APTT Number Done,105-HE10a. APTT Number Done,HMIS 105:10 - OPD Monthly Report (Lab),bjDvmb4bfuf,HllvX50cXC0,default
321,HE12,Others,Laboratory Tests - Hematology,10.2.1,FvpSeAddsKQ,105-HE12A,105-HE12a. Others - Done,105-HE12a. Others - Done,HMIS 105:10 - OPD Monthly Report (Lab),bjDvmb4bfuf,HllvX50cXC0,default
322,BT01,AHG (Comb's Test),Laboratory Tests - Blood Transfusion,10.2.1,dl9gnZ1Vytl,105a-BT01,105a-BT01. AHG,105a-BT01. AHG,HMIS 105a - Specialized Outpatient monthly report,bjDvmb4bfuf,HllvX50cXC0,default
323,BT02,ABO Grouping,Laboratory Tests - Blood Transfusion,10.2.1,ozre5Ynz0z6,105-BT02,105-BT02. ABO Grouping - Done,105-BT02. ABO Grouping - Done,HMIS 105:10 - OPD Monthly Report (Lab),bjDvmb4bfuf,HllvX50cXC0,default
324,BT03,Rhesus Grouping,Laboratory Tests - Blood Transfusion,10.2.1,PSR0ZkLuXZc,105-BT03,105-BT03. Rhesus Grouping - Done,105-BT03. Rhesus Grouping - Done,HMIS 105:10 - OPD Monthly Report (Lab),bjDvmb4bfuf,HllvX50cXC0,default
325,BT04,Cross Matching,Laboratory Tests - Blood Transfusion,10.2.1,asWZcgcckzZ,105-BT04,105-BT04. Cross Matching - Done,105-BT04. Cross Matching - Done,HMIS 105:10 - OPD Monthly Report (Lab),bjDvmb4bfuf,HllvX50cXC0,default
326,BT05,Auto immune antibodies,Laboratory Tests - Blood Transfusion,10.2.1,oWp3y7CArEU,105-BT05A,105-BT05a Auto immune antibodies - Number Done,105-BT05a. Auto immune antibodies - Done,HMIS 105:10 - OPD Monthly Report (Lab),bjDvmb4bfuf,HllvX50cXC0,default
327,IG01,CD4 test,Laboratory Tests - Immunology,10.2.1,uPzFvnylwxF,105-IG01,105-IG01. CD4 test - Done,105-IG01. CD4 test - Done,HMIS 105:10 - OPD Monthly Report (Lab),bjDvmb4bfuf,HllvX50cXC0,default
328,IG02,TB LAM,Laboratory Tests - Immunology,10.2.1,V3pwu7dz5bE,105-IG02A,105-IG02a. TB LAM - Done,105-IG02a. TB LAM - Done,HMIS 105:10 - OPD Monthly Report (Lab),bjDvmb4bfuf,HllvX50cXC0,default
329,IG03,CRP,Laboratory Tests - Immunology,10.2.1,d9f2PISTS6A,105-IG03A,105-IG03a. CRP - Number Done,105-IG03a. CRP - Number Done,HMIS 105:10 - OPD Monthly Report (Lab),bjDvmb4bfuf,HllvX50cXC0,default
330,IG04,Others,Laboratory Tests - Immunology,10.2.1,ioFXvXGyrFY,105-IG04A,105-IG04a Others - Number Done,105-IG04a. Others - Number Done,HMIS 105:10 - OPD Monthly Report (Lab),bjDvmb4bfuf,HllvX50cXC0,default
331,ML01a,NAAT (Xpert/Trunat/TB LAMP) MTB+,Laboratory Tests - Molecular,10.2.1,zkzJZxS01UL,105-ML01A,"105-ML01a. NAAT (Xpert, Trunat, TB LAMP)- Total","105-ML01a. NAAT (Xpert, Trunat, TB LAMP)- Total",HMIS 105:10 - OPD Monthly Report (Lab),bjDvmb4bfuf,HllvX50cXC0,default
332,ML01b,NAAT (Xpert/Trunat/TB LAMP) RR,Laboratory Tests - Molecular,10.2.1,HCSpaYVtSQo,105-ML01B,"105-ML01b. NAAT (Xpert, Trunat, TB LAMP) - MTB+","105-ML01b. NAAT (Xpert, Trunat, TB LAMP) - MTB+",HMIS 105:10 - OPD Monthly Report (Lab),bjDvmb4bfuf,HllvX50cXC0,default
333,ML02,Latent TB Infection test,Laboratory Tests - Molecular,10.2.1,nY1Zl8YQZwa,105-ML02A,105-ML02a. Latent TB Infection test - Total,105-ML02a. Latent TB Infection test - Total,HMIS 105:10 - OPD Monthly Report (Lab),bjDvmb4bfuf,HllvX50cXC0,default
334,ML03,HPV,Laboratory Tests - Molecular,10.2.1,VJjezz2WAqu,105-ML03A,105-ML03a. HPV - Number Done,105-ML03a. HPV - Number Done,HMIS 105:10 - OPD Monthly Report (Lab),bjDvmb4bfuf,HllvX50cXC0,default
335,ML04,HIV viral load (PCR),Laboratory Tests - Molecular,10.2.1,I9mOZypWPiC,105-ML04A,105-ML04a. HIV viral load (PCR) - Number Done,105-ML04a. HIV viral load (PCR) - Number Done,HMIS 105:10 - OPD Monthly Report (Lab),bjDvmb4bfuf,HllvX50cXC0,default
336,ML05,Hep B Viral Load,Laboratory Tests - Molecular,10.2.1,Bax9SZ4nvPw,105-ML05A,105-ML05a. Hep B Viral Load - Number Done,105-ML05a. Hep B Viral Load - Number Done,HMIS 105:10 - OPD Monthly Report (Lab),bjDvmb4bfuf,HllvX50cXC0,default
337,ML06,EID (PCR),Laboratory Tests - Molecular,10.2.1,EoapWImZrpK,105-ML06A,105-ML06a. EID (PCR) - Number Done,105-ML06a. EID (PCR) - Number Done,HMIS 105:10 - OPD Monthly Report (Lab),bjDvmb4bfuf,HllvX50cXC0,default
338,ML07,Covid (GXP/mRDT),Laboratory Tests - Molecular,10.2.1,wEyMlJ9Vce9,105-LD09,105-LD09. Hepatitis D,105-LD09. Hepatitis D,"HMIS 105:01 - OPD Monthly Report (Attendance, Referrals, Conditions,TB, Nutrition)",esaNB4G5AHs,wDiX34aiw6i,"0-28Dys, Female"
339,ML08,Others,Laboratory Tests - Molecular,10.2.1,wV8nR3BE26Q,105-ML08B,105-ML08. Others - Number Positive,105-ML08. Others - Number Positive,HMIS 105:10 - OPD Monthly Report (Lab),bjDvmb4bfuf,HllvX50cXC0,default
340,PS01,Malaria Microscopy,Laboratory Tests - Parasitology Blood,10.2.1,jmpvzaJi5c0,105-PS01A,105-PS01a. Malaria Microscopy - Done,105-PS01a. Malaria Microscopy - Done,HMIS 105:10 - OPD Monthly Report (Lab),bjDvmb4bfuf,HllvX50cXC0,default
341,PS02,Malaria RDTs,Laboratory Tests - Parasitology Blood,10.2.1,JfOGWtiSj1J,105-PS02A,105-PS02a. Malaria RDTs - Done,105-PS02a. Malaria RDTs - Done,HMIS 105:10 - OPD Monthly Report (Lab),bjDvmb4bfuf,HllvX50cXC0,default
342,PS03,Trypanosoma,Laboratory Tests - Parasitology Blood,10.2.1,NrNzNOidiE8,105-PS03A,105-PS03a. Trypanosoma - Done,105-PS03a. Trypanosoma - Done,HMIS 105:10 - OPD Monthly Report (Lab),bjDvmb4bfuf,HllvX50cXC0,default
343,PS04,Microfilaria,Laboratory Tests - Parasitology Blood,10.2.1,S8VpnPS89ZJ,105-PS04A,105-PS04a. Microfilaria - Done,105-PS04a. Microfilaria - Done,HMIS 105:10 - OPD Monthly Report (Lab),bjDvmb4bfuf,HllvX50cXC0,default
344,PS05,Trichinella,Laboratory Tests - Parasitology Blood,10.2.1,jVBv8a8sTby,105-PS05A,105-PS05a. Trichinella - Done,105-PS05a. Trichinella - Done,HMIS 105:10 - OPD Monthly Report (Lab),bjDvmb4bfuf,HllvX50cXC0,default
345,PS06,Borrelia,Laboratory Tests - Parasitology Blood,10.2.1,JcKxXChRZIn,108-PS06,108-PS06. Gastroschisis repair,108-PS06. Gastroschisis repair,HMIS 108 - IPD Monthly Report,bjDvmb4bfuf,HllvX50cXC0,default
346,MS01,Entamoeba,Laboratory Tests - Stool Microscopy,10.2.1,wTdG6nnYMj4,105-MS01,105-MS01. Entamoeba - Positive,105-MS01. Entamoeba - Positive,HMIS 105:10 - OPD Monthly Report (Lab),bjDvmb4bfuf,HllvX50cXC0,default
347,MS02,Giardia Lamblia,Laboratory Tests - Stool Microscopy,10.2.1,Cppt6SZ9WNM,105a-MS02,105a-MS02. Giardia Lumblia,105a-MS02. Giardia Lumblia,HMIS 105a - Specialized Outpatient monthly report,bjDvmb4bfuf,HllvX50cXC0,default
348,MS03,Cryptosporidium,Laboratory Tests - Stool Microscopy,10.2.1,jd8YHK81EYe,105-MS03,105-MS03. Cryptosporidium - Positive,105-MS03. Cryptosporidium - Positive,HMIS 105:10 - OPD Monthly Report (Lab),bjDvmb4bfuf,HllvX50cXC0,default
349,MS04,Isospora B,Laboratory Tests - Stool Microscopy,10.2.1,lyQULBCct8X,105a-MS04,105a-MS04. Isospora,105a-MS04. Isospora,HMIS 105a - Specialized Outpatient monthly report,bjDvmb4bfuf,HllvX50cXC0,default
350,MS05,Cyclospora,Laboratory Tests - Stool Microscopy,10.2.1,z7bnAKXSWFL,105-MS05,105-MS05. Cyclospora - Positive,105-MS05. Cyclospora - Positive,HMIS 105:10 - OPD Monthly Report (Lab),bjDvmb4bfuf,HllvX50cXC0,default
351,MS06,Strongyloides,Laboratory Tests - Stool Microscopy,10.2.1,mZ2HwpIgf9U,105-MS06,105-MS06. Strongyloides - Positive,105-MS06. Strongyloides - Positive,HMIS 105:10 - OPD Monthly Report (Lab),bjDvmb4bfuf,HllvX50cXC0,default
352,MS07,Shistosoma,Laboratory Tests - Stool Microscopy,10.2.1,fxqhiV9XXIF,105a-MS07,105a-MS07. Shistosoma,105a-MS07. Shistosoma,HMIS 105a - Specialized Outpatient monthly report,bjDvmb4bfuf,HllvX50cXC0,default
353,MS08,Taenia/T,Laboratory Tests - Stool Microscopy,10.2.1,gLdahaA8U9S,105a-MS08,105a-MS08. Taenia,105a-MS08. Taenia,HMIS 105a - Specialized Outpatient monthly report,bjDvmb4bfuf,HllvX50cXC0,default
354,MS09,Askaris,Laboratory Tests - Stool Microscopy,10.2.1,xD0bQSWLu2t,105-MS09,105-MS09. Askaris - Positive,105-MS09. Askaris - Positive,HMIS 105:10 - OPD Monthly Report (Lab),bjDvmb4bfuf,HllvX50cXC0,default
355,MS10,Hookworm,Laboratory Tests - Stool Microscopy,10.2.1,dHBQ4tnISlq,105-MS10,105-MS10. Hookworm - Positive,105-MS10. Hookworm - Positive,HMIS 105:10 - OPD Monthly Report (Lab),bjDvmb4bfuf,HllvX50cXC0,default
356,MS11,Trichuris,Laboratory Tests - Stool Microscopy,10.2.1,zkhvWfk1aNF,105-MS11,105-MS11. Trichuris - Positive,105-MS11. Trichuris - Positive,HMIS 105:10 - OPD Monthly Report (Lab),bjDvmb4bfuf,HllvX50cXC0,default
357,MS12,Other parasites,Laboratory Tests - Stool Microscopy,10.2.1,VUxUO58v5tl,105a-MS12,105a-MS12. Other parasites,105a-MS12. Other parasites,HMIS 105a - Specialized Outpatient monthly report,bjDvmb4bfuf,HllvX50cXC0,default
358,MS13,Total Tests Done for Stool Microscopy,Laboratory Tests - Stool Microscopy,10.2.1,OMq2TLc3nt0,105-MS13,105-MS13. Total Tests Done for Stool Microscopy,105-MS13. Total Tests Done for Stool Microscopy,HMIS 105:10 - OPD Monthly Report (Lab),bjDvmb4bfuf,HllvX50cXC0,default
359,SR01,VDRL/RPR,Laboratory Tests - Serology,10.2.1,I6BXxM1XX0d,105a-SR01,105a-SR01. VDRL/ RPR,105a-SR01. VDRL/ RPR,HMIS 105a - Specialized Outpatient monthly report,bjDvmb4bfuf,HllvX50cXC0,default
360,SR02,TPHA,Laboratory Tests - Serology,10.2.1,YW1LKh5m22o,105-SR02A,105-SR02a. TPHA - Done,105-SR02a. TPHA - Done,HMIS 105:10 - OPD Monthly Report (Lab),bjDvmb4bfuf,HllvX50cXC0,default
361,SR03,Shigella Dysentery,Laboratory Tests - Serology,10.2.1,oLHkxHBpunK,105-SR03A,105-SR03a. Shigella Dysentery - Done,105-SR03a. Shigella Dysentery - Done,HMIS 105:10 - OPD Monthly Report (Lab),bjDvmb4bfuf,HllvX50cXC0,default
362,SR04,Hepatitis BsAg,Laboratory Tests - Serology,10.2.1,HLSOl6fGZbm,105-SR04,105-SR04. Hepatitis BsAg- Done,105-SR04. Hepatitis BsAg- Done,HMIS 105:10 - OPD Monthly Report (Lab),bjDvmb4bfuf,HllvX50cXC0,default
363,SR05,Brucella,Laboratory Tests - Serology,10.2.1,lAY0XbxnemJ,105-SR05A,105-SR05a. Brucella - Done,105-SR05a. Brucella - Done,HMIS 105:10 - OPD Monthly Report (Lab),bjDvmb4bfuf,HllvX50cXC0,default
364,SR06,Pregnancy Test (HCG),Laboratory Tests - Serology,10.2.1,lLCw5i5eoQn,105-SR06A,105-SR06a. Pregnancy Test (HCG) - Done,105-SR06a. Pregnancy Test (HCG) - Done,HMIS 105:10 - OPD Monthly Report (Lab),bjDvmb4bfuf,HllvX50cXC0,default
365,SR07,CrAg,Laboratory Tests - Serology,10.2.1,hTO7GyKw5eu,105-SR07A,105-SR07a. CrAg- Done,105-SR07a. CrAg- Done,HMIS 105:10 - OPD Monthly Report (Lab),bjDvmb4bfuf,HllvX50cXC0,default
366,SR08,Rheumatoid factor,Laboratory Tests - Serology,10.2.1,nlQ2XHHaB5L,105-SR08A,105-SR08a. Rheumatoid factor - Done,105-SR08a. Rheumatoid factor - Done,HMIS 105:10 - OPD Monthly Report (Lab),bjDvmb4bfuf,HllvX50cXC0,default
367,SR09,Hep B Core Ag,Laboratory Tests - Serology,10.2.1,HguwEg0juDT,105-SR09A,105-SR09a. Hep B Core Ag - Done,105-SR09a. Hep B Core Ag - Done,HMIS 105:10 - OPD Monthly Report (Lab),bjDvmb4bfuf,HllvX50cXC0,default
368,SR10,Hep C,Laboratory Tests - Serology,10.2.1,pa4KlOWImIA,105-SR10A,105-SR10a. Hep C - Done,105-SR10a. Hep C - Done,HMIS 105:10 - OPD Monthly Report (Lab),bjDvmb4bfuf,HllvX50cXC0,default
369,SR11,Hep A,Laboratory Tests - Serology,10.2.1,pGDRIjvl39Q,105-SR11A,105-SR11a. Hep A - Done,105-SR11a. Hep A - Done,HMIS 105:10 - OPD Monthly Report (Lab),bjDvmb4bfuf,HllvX50cXC0,default
370,SR12,Hep B e Ag,Laboratory Tests - Serology,10.2.1,u6bn84xJh9Z,105-SR12a,105-SR12a. Hep BsAg- Done,105-SR12a. Hep BsAg- Done,HMIS 105:10 - OPD Monthly Report (Lab),bjDvmb4bfuf,HllvX50cXC0,default
371,SR13,H pylori,Laboratory Tests - Serology,10.2.1,cQP65VDaTdi,105-SR13,105-SR13. H. pylori,105-SR13. pylori,,bjDvmb4bfuf,HllvX50cXC0,default
372,SR14,Occult blood,Laboratory Tests - Serology,10.2.1,lvze6t5xhHb,105-SR14a,105-SR14a. Occult blood- Done,105-SR14a. Occult blood- Done,HMIS 105:10 - OPD Monthly Report (Lab),bjDvmb4bfuf,HllvX50cXC0,default
373,SR15,Toxoplasma IgG,Laboratory Tests - Serology,10.2.1,Fa9hodskeJ9,105-SR15a,105-SR15a. Toxoplasma IgG- Done,105-SR15a. Toxoplasma IgG- Done,HMIS 105:10 - OPD Monthly Report (Lab),bjDvmb4bfuf,HllvX50cXC0,default
374,SR16,Toxoplasma IgM,Laboratory Tests - Serology,10.2.1,QMf9LkI1COW,105-SR16a,105-SR16a. Toxoplasma IgM- Done,105-SR16a. Toxoplasma IgM- Done,HMIS 105:10 - OPD Monthly Report (Lab),bjDvmb4bfuf,HllvX50cXC0,default
375,SR17,Rubella,Laboratory Tests - Serology,10.2.1,iyHv5ZAvDpl,105-SR17a,105-SR17a. Rubella- Done,105-SR17a. Rubella- Done,HMIS 105:10 - OPD Monthly Report (Lab),bjDvmb4bfuf,HllvX50cXC0,default
376,SR18,Others,Laboratory Tests - Serology,10.2.1,HNIGPbNjTS1,105-SR18a,105-SR18a. Others- Done,105-SR18a. Others- Done,HMIS 105:10 - OPD Monthly Report (Lab),bjDvmb4bfuf,HllvX50cXC0,default
377,MB01,Auramine (FM) for AFBs,Laboratory Tests - Microbiology,10.2.1,sZDSx5FouVr,105a-MB01,105a-MB01. Auramine (FM),105a-105a-MB01. Auramine (FM),HMIS 105a - Specialized Outpatient monthly report,bjDvmb4bfuf,HllvX50cXC0,default
378,MB02,ZN for AFBs,Laboratory Tests - Microbiology,10.2.1,Rc9Rhl5IzHB,105-MB02A,105-MB02a. ZN for AFBs - Done,105-MB02a. ZN for AFBs - Done,HMIS 105:10 - OPD Monthly Report (Lab),bjDvmb4bfuf,HllvX50cXC0,default
379,MB03,Leishman Stain,Laboratory Tests - Microbiology,10.2.1,nOBfsFT3Phs,105-MB03A,105-MB03a. Leishman Stain - Done,105-MB03a. Leishman Stain - Done,HMIS 105:10 - OPD Monthly Report (Lab),bjDvmb4bfuf,HllvX50cXC0,default
380,MB04,Gram,Laboratory Tests - Microbiology,10.2.1,YtRhG7MI5Ls,105-MB04A,105-MB04a. Gram - Done,105-MB04a. Gram - Done,HMIS 105:10 - OPD Monthly Report (Lab),bjDvmb4bfuf,HllvX50cXC0,default
381,MB05,India Ink,Laboratory Tests - Microbiology,10.2.1,qvKuzu2i7ul,105-MB05A,105-MB05a. India Ink - Done,105-MB05a. India Ink - Done,HMIS 105:10 - OPD Monthly Report (Lab),bjDvmb4bfuf,HllvX50cXC0,default
382,MB06,Urine Microscopy,Laboratory Tests - Microbiology,10.2.1,tUnMWSsmire,105-MB06A,105-MB06a. Urine Microscopy - Done,105-MB06a. Urine Microscopy - Done,HMIS 105:10 - OPD Monthly Report (Lab),bjDvmb4bfuf,HllvX50cXC0,default
383,MB07,Urine Protein,Laboratory Tests - Microbiology,10.2.1,UrW2mViO9dP,105-MB07a,105-MB07a. Urine Protein- Done,105-MB07a. Urine Protein- Done,HMIS 105:10 - OPD Monthly Report (Lab),bjDvmb4bfuf,HllvX50cXC0,default
384,MB08,Urine Glucose,Laboratory Tests - Microbiology,10.2.1,XfUP592funq,105-MB08a,105-MB08a. Urine Glucose- Done,105-MB08a. Urine Glucose- Done,HMIS 105:10 - OPD Monthly Report (Lab),bjDvmb4bfuf,HllvX50cXC0,default
385,MB09,Wet Preps,Laboratory Tests - Microbiology,10.2.1,wDU2VlALGnN,105-MB09A,105-MB09a. Wet Preps - Done,105-MB09a. Wet Preps - Done,HMIS 105:10 - OPD Monthly Report (Lab),bjDvmb4bfuf,HllvX50cXC0,default
386,MB10,Stool for GeneXpert,Laboratory Tests - Microbiology,10.2.1,KfQ1gcLszOB,105-MB010,105-MB010a. Stool for Gene x-pert - Done,105-MB010a. Stool for Gene x-pert - Done,HMIS 105:10 - OPD Monthly Report (Lab),bjDvmb4bfuf,HllvX50cXC0,default
387,MB11,Skin Smear,Laboratory Tests - Microbiology,10.2.1,qwwGSP1B5QN,105-MB11a,105-MB11a. Skin Smear - Done,105-MB11a. Skin Smear - Done,HMIS 105:10 - OPD Monthly Report (Lab),bjDvmb4bfuf,HllvX50cXC0,default
388,MB12,Others,Laboratory Tests - Microbiology,10.2.1,D1cZoWEpVZr,105-MB12A,105-MB12a. Others - Done,105-MB12a. Others - Done,HMIS 105:10 - OPD Monthly Report (Lab),bjDvmb4bfuf,HllvX50cXC0,default
389,RP01,Urea,Laboratory Tests - Renal Profile,10.2.1,zGgvWmAoA26,105-RP01,105-RP01. Urea - Done,105-RP01. Urea - Done,HMIS 105:10 - OPD Monthly Report (Lab),bjDvmb4bfuf,HllvX50cXC0,default
390,RP02,Chloride,Laboratory Tests - Renal Profile,10.2.1,V4F9DIaEfke,105-RP02.,105-RP02. Chloride - Done,105-RP02. Chloride - Done,HMIS 105:10 - OPD Monthly Report (Lab),bjDvmb4bfuf,HllvX50cXC0,default
391,RP03,Potassium,Laboratory Tests - Renal Profile,10.2.1,Q5NfznovGC7,105-RP03,105-RP03. Potassium - Done,105-RP03. Potassium - Done,HMIS 105:10 - OPD Monthly Report (Lab),bjDvmb4bfuf,HllvX50cXC0,default
392,RP04,Sodium,Laboratory Tests - Renal Profile,10.2.1,UnoKFNaPlS4,105-RP04,105-RP04. Sodium - Done,105-RP04. Sodium - Done,HMIS 105:10 - OPD Monthly Report (Lab),bjDvmb4bfuf,HllvX50cXC0,default
393,RP05,Creatinine,Laboratory Tests - Renal Profile,10.2.1,yijGYWqLK3L,105-RP05,105-RP05. Creatinine - Done,105-RP05. Creatinine - Done,HMIS 105:10 - OPD Monthly Report (Lab),bjDvmb4bfuf,HllvX50cXC0,default
394,LP01,ALT,Laboratory Tests - Liver Profile,10.2.1,mj9EwT0PIF5,105-LP01,105-LP01. ALT - Done,105-LP01. ALT - Done,HMIS 105:10 - OPD Monthly Report (Lab),bjDvmb4bfuf,HllvX50cXC0,default
395,LP02,AST,Laboratory Tests - Liver Profile,10.2.1,aaGYInATRwj,105-LP02,105-LP02. AST - Done,105-LP02. AST - Done,HMIS 105:10 - OPD Monthly Report (Lab),bjDvmb4bfuf,HllvX50cXC0,default
396,LP03,ALP,Laboratory Tests - Liver Profile,10.2.1,rPhjTy1Vovv,105-LP03.,105-LP03. ALP - Done,105-LP03. ALP - Done,HMIS 105:10 - OPD Monthly Report (Lab),bjDvmb4bfuf,HllvX50cXC0,default
397,LP04,GGT,Laboratory Tests - Liver Profile,10.2.1,YlTN6XqlCmW,105-LP04.,105-LP04. GGT - Done,105-LP04. GGT - Done,HMIS 105:10 - OPD Monthly Report (Lab),bjDvmb4bfuf,HllvX50cXC0,default
398,LP05,Protein Total,Laboratory Tests - Liver Profile,10.2.1,A927g7v5eeB,105-LP05,105-LP05. Protein - Total,105-LP05. Protein - Total,,bjDvmb4bfuf,HllvX50cXC0,default
399,LP06,Albumin,Laboratory Tests - Liver Profile,10.2.1,PL5GgsqbGr7,105-LP06.,105-LP06. Albumin - Done,105-LP06. Albumin - Done,HMIS 105:10 - OPD Monthly Report (Lab),bjDvmb4bfuf,HllvX50cXC0,default
400,LP07,Bilirubin Total,Laboratory Tests - Liver Profile,10.2.1,DBWQS1OPgmx,105-LP07B,105-LP07b. Bilirubin Total - Number Positive,105-LP07b. Bilirubin Total - Number Positive,,bjDvmb4bfuf,HllvX50cXC0,default
401,LP08,Bilirubin Direct,Laboratory Tests - Liver Profile,10.2.1,ejqKJTZBJd6,105-LP08.,105-LP08. Bilirubin - Direct - Done,105-LP08. Bilirubin - Direct - Done,HMIS 105:10 - OPD Monthly Report (Lab),bjDvmb4bfuf,HllvX50cXC0,default
402,LR01,Triglycerides,Laboratory Tests - Lipid Profile,10.2.1,zyMJoyTBAPg,105-LR01,105-LR01. Triglycerides- Done,105-LR01. Triglycerides- Done,HMIS 105:10 - OPD Monthly Report (Lab),bjDvmb4bfuf,HllvX50cXC0,default
403,LR02,Cholesterol Total,Laboratory Tests - Lipid Profile,10.2.1,fpzhsuLYZ5b,105-LR02,105-LR02. Cholesterol - Total- Done,105-LR02. Cholesterol - Total- Done,HMIS 105:10 - OPD Monthly Report (Lab),bjDvmb4bfuf,HllvX50cXC0,default
404,LR03,HDL,Laboratory Tests - Lipid Profile,10.2.1,wx0vmw3ieey,105-LR03.,105-LR03. HDL- Done,105-LR03. HDL- Done,HMIS 105:10 - OPD Monthly Report (Lab),bjDvmb4bfuf,HllvX50cXC0,default
405,LR04,LDL,Laboratory Tests - Lipid Profile,10.2.1,MQkfVna7ir2,105-LR04.,105-LR04. LDL- Done,105-LR04. LDL- Done,HMIS 105:10 - OPD Monthly Report (Lab),bjDvmb4bfuf,HllvX50cXC0,default
406,TP01,T3,Laboratory Tests - Thyroid Profile,10.2.1,TU4hCLREQB2,105-TP01.,105-TP01. T3- Done,105-TP01. T3 - Done,HMIS 105:10 - OPD Monthly Report (Lab),bjDvmb4bfuf,HllvX50cXC0,default
407,TP02,T4,Laboratory Tests - Thyroid Profile,10.2.1,oCig5lw6NFd,105-TP02.,105-TP02. T4- Done,105-TP02. T4 - Done,HMIS 105:10 - OPD Monthly Report (Lab),bjDvmb4bfuf,HllvX50cXC0,default
408,TP03,TSH,Laboratory Tests - Thyroid Profile,10.2.1,f50jzpPHhJV,105-TP03,105-TP03. TSH - Done,105-TP03. TSH - Done,HMIS 105:10 - OPD Monthly Report (Lab),bjDvmb4bfuf,HllvX50cXC0,default
409,TP04,Free T3,Laboratory Tests - Thyroid Profile,10.2.1,BfUGncAgsIa,105-TP04,105-TP04. Free T3 - Done,105-TP04. Free T3 - Done,HMIS 105:10 - OPD Monthly Report (Lab),bjDvmb4bfuf,HllvX50cXC0,default
410,TP05,Free T4,Laboratory Tests - Thyroid Profile,10.2.1,ubBoPfBZF8D,105-TP05,105-TP05. Free T4 - Done,105-TP05. Free T4 - Done,HMIS 105:10 - OPD Monthly Report (Lab),bjDvmb4bfuf,HllvX50cXC0,default
411,PP01,Amylase,Laboratory Tests - Pancreatic Profile,10.2.1,lyKbbP7LeTH,105-PP01,105-PP01. Amylase - Done,105-PP01. Amylase - Done,HMIS 105:10 - OPD Monthly Report (Lab),bjDvmb4bfuf,HllvX50cXC0,default
412,PP02,Lipase,Laboratory Tests - Pancreatic Profile,10.2.1,QGgeoySty6L,105-PP02,105-PP02 Lipase - Done,105-PP02. Lipase - Done,HMIS 105:10 - OPD Monthly Report (Lab),bjDvmb4bfuf,HllvX50cXC0,default
413,PP03,Extended Electrolytes,Laboratory Tests - Pancreatic Profile,10.2.1,XxiY4tHbl2Z,105-PP03,105-PP03 Extended Electrolytes - Done,105-PP03. Extended Electrolytes - Done,HMIS 105:10 - OPD Monthly Report (Lab),bjDvmb4bfuf,HllvX50cXC0,default
414,PP04,Calcium,Laboratory Tests - Pancreatic Profile,10.2.1,vyKwpmxmgl5,105-PP04,105-PP04 Calcium - Done,105-PP04. Calcium - Done,HMIS 105:10 - OPD Monthly Report (Lab),bjDvmb4bfuf,HllvX50cXC0,default
415,PP05,Magnesium,Laboratory Tests - Pancreatic Profile,10.2.1,uhto05XLPSr,105-PP05,105-PP05 Magnessium - Done,105-PP05. Magnessium - Done,HMIS 105:10 - OPD Monthly Report (Lab),bjDvmb4bfuf,HllvX50cXC0,default
416,CX01,Alkaline Phosphate,Laboratory Tests - Other Clinical Chemistry,10.2.1,XgjY88WyEvw,105-CX01,105-CX01. Alkaline Phosphate - Done,105-CX01. Alkaline Phosphate - Done,HMIS 105:10 - OPD Monthly Report (Lab),bjDvmb4bfuf,HllvX50cXC0,default
417,CX02,Amylase,Laboratory Tests - Other Clinical Chemistry,10.2.1,i83XCw9TZoy,105-CX02,105-CX02. Amylase - Done,105-CX02. Amylase - Done,HMIS 105:10 - OPD Monthly Report (Lab),bjDvmb4bfuf,HllvX50cXC0,default
418,CX03,Glucose,Laboratory Tests - Other Clinical Chemistry,10.2.1,hvSAoW7JMVT,105-CX03,105-CX03. Glucose - Done,105-CX03. Glucose - Done,HMIS 105:10 - OPD Monthly Report (Lab),bjDvmb4bfuf,HllvX50cXC0,default
419,CX04,Total Bilirubin,Laboratory Tests - Other Clinical Chemistry,10.2.1,WWPOwDdMfqS,105-CX04,105-CX04. Total Bilirubin - Done,105-CX04. Total Bilirubin - Done,HMIS 105:10 - OPD Monthly Report (Lab),bjDvmb4bfuf,HllvX50cXC0,default
420,CX05,Lipase,Laboratory Tests - Other Clinical Chemistry,10.2.1,tqarc2TinGp,105-CX05,105-CX05. Lipase - Done,105-CX05. Lipase - Done,HMIS 105:10 - OPD Monthly Report (Lab),bjDvmb4bfuf,HllvX50cXC0,default
421,CX06,AFP,Laboratory Tests - Other Clinical Chemistry,10.2.1,RLVHiuIIcsi,105-CX06,105-CX06. AFPCX,105-CX06. AFPCX,HMIS 105:10 - OPD Monthly Report (Lab),bjDvmb4bfuf,HllvX50cXC0,default
422,CX07,LDH,Laboratory Tests - Other Clinical Chemistry,10.2.1,h6VEWpbIw5j,105-CX07.,105-CX07. LDH - Done,105-CX07. LDH - Done,HMIS 105:10 - OPD Monthly Report (Lab),bjDvmb4bfuf,HllvX50cXC0,default
423,CX08,Lactate,Laboratory Tests - Other Clinical Chemistry,10.2.1,R1i21ipKUvI,105-CX08.,105-CX08. Lactate - Done,105-CX08. Lactate - Done,HMIS 105:10 - OPD Monthly Report (Lab),bjDvmb4bfuf,HllvX50cXC0,default
424,CX09,Uric Acid,Laboratory Tests - Other Clinical Chemistry,10.2.1,YJS6tdhuN61,105-CX09.,105-CX09. Uric Acid - Done,105-CX09. Uric Acid - Done,HMIS 105:10 - OPD Monthly Report (Lab),bjDvmb4bfuf,HllvX50cXC0,default
425,CX10,CRP,Laboratory Tests - Other Clinical Chemistry,10.2.1,DORqImfxgss,105-CX10.,105-CX10. CRP - Done,105-CX10. CRP - Done,HMIS 105:10 - OPD Monthly Report (Lab),bjDvmb4bfuf,HllvX50cXC0,default
426,CX11,Others,Laboratory Tests - Other Clinical Chemistry,10.2.1,U0HoNLueK9m,105-CX11,105-CX11. Others - Done,105-CX11. Others - Done,HMIS 105:10 - OPD Monthly Report (Lab),bjDvmb4bfuf,HllvX50cXC0,default
427,CS01,Blood,Laboratory Tests - Culture & Sensitivity,10.2.1,C6bn6zPbQCz,105-CS01,105-CS01. Blood - Done,105-CS01. Blood - Done,HMIS 105:10 - OPD Monthly Report (Lab),bjDvmb4bfuf,HllvX50cXC0,default
428,CS02,Urine,Laboratory Tests - Culture & Sensitivity,10.2.1,Z6fz0YSRNWq,105-CS02,105-CS02. Urine - Done,105-CS02. Urine - Done,HMIS 105:10 - OPD Monthly Report (Lab),bjDvmb4bfuf,HllvX50cXC0,default
429,CS03,Stool,Laboratory Tests - Culture & Sensitivity,10.2.1,Z74IqKrAu2R,105-CS03,105-CS03. Stool - Done,105-CS03. Stool - Done,HMIS 105:10 - OPD Monthly Report (Lab),bjDvmb4bfuf,HllvX50cXC0,default
430,CS04,Urogenital Swabs,Laboratory Tests - Culture & Sensitivity,10.2.1,eUm4aLsUREy,105-CS04,105-CS04. Urogenital Swabs - Done,105-CS04. Urogenital Swabs - Done,HMIS 105:10 - OPD Monthly Report (Lab),bjDvmb4bfuf,HllvX50cXC0,default
431,CS05,Sputum,Laboratory Tests - Culture & Sensitivity,10.2.1,tKa9eCTAuTa,105-CS05,105-CS05. Sputum - Done,105-CS05. Sputum - Done,HMIS 105:10 - OPD Monthly Report (Lab),bjDvmb4bfuf,HllvX50cXC0,default
432,CS06,CSF,Laboratory Tests - Culture & Sensitivity,10.2.1,Y311j0z9uy7,105-CS06,105-CS06 CSF - Done,105-CS06. CSF - Done,HMIS 105:10 - OPD Monthly Report (Lab),bjDvmb4bfuf,HllvX50cXC0,default
433,CS07,Pus/wound swabs,Laboratory Tests - Culture & Sensitivity,10.2.1,P8wR4WH0xvv,105-CS07,105-CS07 Pus/wound swabs - Done,105-CS07. Pus/wound swabs - Done,HMIS 105:10 - OPD Monthly Report (Lab),bjDvmb4bfuf,HllvX50cXC0,default
434,CS08,Other swabs,Laboratory Tests - Culture & Sensitivity,10.2.1,BhJKRTRxKeA,105-CS08,105-CS08 Other swabs - Done,105-CS08. Other swabs - Done,HMIS 105:10 - OPD Monthly Report (Lab),bjDvmb4bfuf,HllvX50cXC0,default
435,CS09,Others,Laboratory Tests - Culture & Sensitivity,10.2.1,F9yAAAMOFIW,105-CS09,105-CS09 Others - Done,105-CS09. Others - Done,HMIS 105:10 - OPD Monthly Report (Lab),bjDvmb4bfuf,HllvX50cXC0,default
436,HP01,Determine,HIV Tests by Purpose,10.3,qPPkRwNbQLK,105-HP01,105-HP01. Determine,105-HP01. Determine,HMIS 105:10 - OPD Monthly Report (Lab),rjopthOvYam,qKHFPmqJWkK,RepeatTest
437,HP02,Statpack,HIV Tests by Purpose,10.3,GM1laoW6Ci6,105a-LC03,105a-LC03. CK,105a-LC03. CK,HMIS 105a - Specialized Outpatient monthly report,bjDvmb4bfuf,HllvX50cXC0,default
438,HP03,SD Bioline,HIV Tests by Purpose,10.3,SaePW1w1INK,105-HP03,105-HP03. SD Bioline,105-HP03. SD Bioline,HMIS 105:10 - OPD Monthly Report (Lab),rjopthOvYam,qKHFPmqJWkK,RepeatTest
439,HP04,HIV Syphilis DUO,HIV Tests by Purpose,10.3,FKsdBDFpAuu,105-HP04,105-HP04. HIV Syphilis DUO,105-HP04. HIV Syphilis DUO,HMIS 105:10 - OPD Monthly Report (Lab),rjopthOvYam,qKHFPmqJWkK,RepeatTest
440,HP05,Oraquick (Self Testing),HIV Tests by Purpose,10.3,RLuOjNZaq0k,105-HP05,105-HP05. Oraquick (Self Testing),105-HP05. Oraquick (Self Testing),HMIS 105:10 - OPD Monthly Report (Lab),rjopthOvYam,qKHFPmqJWkK,RepeatTest
441,HP06443,HIV Recency Testing,HIV Tests by Purpose,10.3,EgvsCowqr2w,105-HP06,105-HP06. HIV Recency Testing,105-HP06. HIV Recency Testing,HMIS 105:10 - OPD Monthly Report (Lab),rjopthOvYam,qKHFPmqJWkK,RepeatTest
444,NA01b,Total assessed for nutrition status - Without Oedema - SAM,Nutrition Services,1.3.26,zvJyAAeman2,105-NA01b1a,105-NA01b1a. Identified malnourished clients(<10) this month - SAM With Oedema,105-NA01b1a. Identify <10 - SAM With Oedema,"HMIS 105:01 - OPD Monthly Report (Attendance, Referrals, Conditions,TB, Nutrition)",sdgIwG0Msqj,sHKK94BX2Rp,"6-23Mths, Male"
445,NA01c,Total assessed for nutrition status - MAM,Nutrition Services,1.3.26,tei6iz8HFfo,105-NA01A1,105-NA01a1.Total assessed for nutrition status,105-NA01a1. Total assessed for nutrition status,"HMIS 105:01 - OPD Monthly Report (Attendance, Referrals, Conditions,TB, Nutrition)",sdgIwG0Msqj,sHKK94BX2Rp,"6-23Mths, Male"
446,NA01d,Total assessed for nutrition status - Underweight,Nutrition Services,1.3.26,tei6iz8HFfo,105-NA01A1,105-NA01a1.Total assessed for nutrition status,105-NA01a1. Total assessed for nutrition status,"HMIS 105:01 - OPD Monthly Report (Attendance, Referrals, Conditions,TB, Nutrition)",sdgIwG0Msqj,sHKK94BX2Rp,"6-23Mths, Male"
447,NA01e,Total assessed for nutrition status - Overweight/Obese,Nutrition Services,1.3.26,tei6iz8HFfo,105-NA01A1,105-NA01a1.Total assessed for nutrition status,105-NA01a1. Total assessed for nutrition status,"HMIS 105:01 - OPD Monthly Report (Attendance, Referrals, Conditions,TB, Nutrition)",sdgIwG0Msqj,sHKK94BX2Rp,"6-23Mths, Male"
448,NA02a,No of SAM clients in OTC - New Admissions,Nutrition Services,1.3.26,Wlg7KSfmRhh,105-NA02a1,105-NA02a1. SAM admissions(<10) in OTC this month - No. of active clients from previous months,105-NA02a1. Active clients in OTC from prev months,"HMIS 105:01 - OPD Monthly Report (Attendance, Referrals, Conditions,TB, Nutrition)",sdgIwG0Msqj,sHKK94BX2Rp,"6-23Mths, Male"
449,NA02b,No of SAM clients in OTC - Re-Admissions (Relapse),Nutrition Services,1.3.26,P46Ty7bOVDn,105-NA02b1,105-NA02b1. SAM admissions(<10) in OTC this month - New Admissions,NA02b1.SAM admissions(<10) in OTC - New Admissions,"HMIS 105:01 - OPD Monthly Report (Attendance, Referrals, Conditions,TB, Nutrition)",sdgIwG0Msqj,sHKK94BX2Rp,"6-23Mths, Male"
450,NA02c,No of SAM clients in OTC - Re-Admissions (Defaulters),Nutrition Services,1.3.26,zWlAJsGjAaZ,108-NA02C1_2019,108-NA02c1_2019. No. of SAM clients who died during treatment this month,108-NA02c1_2019. SAM Clients Died During Tx,HMIS 108 - IPD Monthly Report,sdgIwG0Msqj,sHKK94BX2Rp,"6-23Mths, Male"
451,NA02d,No of SAM clients in OTC - Transfer in OTC,Nutrition Services,1.3.26,yRkbB2NH8xI,105-NA02d1,105-NA02d1. Readmissions(<10) into OTC this month - Defaulters,105-NA02d1. Readmissions(<10) into OTC- Defaulters,"HMIS 105:01 - OPD Monthly Report (Attendance, Referrals, Conditions,TB, Nutrition)",sdgIwG0Msqj,sHKK94BX2Rp,"6-23Mths, Male"
452,NA03a,No of clients with SAM admitted into OTC - Discharged as cured,Nutrition Services,1.3.26,cq15vx01pBd,105-NA03a1,105-NA03a1. Clients(<10) with SAM admitted into treatment and discharged as cured within this month,105-NA03a1. Clients <10 SAM Discharged-Cured,"HMIS 105:01 - OPD Monthly Report (Attendance, Referrals, Conditions,TB, Nutrition)",sdgIwG0Msqj,sHKK94BX2Rp,"6-23Mths, Male"
453,NA03b,No of clients with SAM admitted into OTC - Non-response,Nutrition Services,1.3.26,TjtPAy0wjAg,105-NA03b1,105-NA03b1. Clients(<10) with SAM admitted into treatment -  OTC (non-response) after 3 months,105-NA03b1.<10 SAM admit-OTC No-response,"HMIS 105:01 - OPD Monthly Report (Attendance, Referrals, Conditions,TB, Nutrition)",sdgIwG0Msqj,sHKK94BX2Rp,"6-23Mths, Male"
454,NA03c,No of clients with SAM admitted into OTC - Defaulted from care,Nutrition Services,1.3.26,yTBwoDPg0Yt,105-NA03c1,105-NA03c1. Clients(<10) with SAM admitted into treatment - Defaulted from care within this month,105-NA03c1. Clients(<10) SAM admit-Defaulted,"HMIS 105:01 - OPD Monthly Report (Attendance, Referrals, Conditions,TB, Nutrition)",sdgIwG0Msqj,sHKK94BX2Rp,"6-23Mths, Male"
455,NA03d,No of clients with SAM admitted into OTC - Died during treatment,Nutrition Services,1.3.26,P2hp9UJuCEK,105-NA03d1,105-NA03d1. Clients(<10) with SAM admitted into treatment - Died during treatment,105-NA03d1. Clients(<10) with SAM admit-Died,"HMIS 105:01 - OPD Monthly Report (Attendance, Referrals, Conditions,TB, Nutrition)",sdgIwG0Msqj,sHKK94BX2Rp,"6-23Mths, Male"
456,NA03e,No of clients with SAM admitted into OTC - Transferred out of OTC,Nutrition Services,1.3.26,Y1FMw4huvrl,105-NA03e2,105-NA03e2. Male clients with SAM admitted into treatment - Transfer out of OTC,105-NA03e2. Male SAM clients - Transfer out of OTC,"HMIS 105:01 - OPD Monthly Report (Attendance, Referrals, Conditions,TB, Nutrition)",zG2czdSl1JE,SM9d5ybWcr0,10-19Yrs
457,NA04,Total number of days spent at OTC for all clients discharged as cured,Nutrition Services,1.3.26,UP2LU6chOM1,105-NA04,105-NA04. Total number of days spent at OTC for all clients discharged as cured,105-NA04. No. of days spent at OTC - Cured,"HMIS 105:01 - OPD Monthly Report (Attendance, Referrals, Conditions,TB, Nutrition)",eTNiHGqwBv9,icfcJwOA3HY,"10-19Yrs, Female"
458,NA05a,No of MAM Clients in SFC - New Admissions,Nutrition Services,1.3.26,RATdMBh0f2K,105-NA05a1,105-NA05a1.  No. of MAM clients in SFC this month - Active from previous months,NA05a1.MAM active in SFC  from prev months,"HMIS 105:01 - OPD Monthly Report (Attendance, Referrals, Conditions,TB, Nutrition)",sdgIwG0Msqj,sHKK94BX2Rp,"6-23Mths, Male"
459,NA05b,No of MAM Clients in SFC - Re-Admissions (Relapse),Nutrition Services,1.3.26,w39yVsi1vfw,105-NA05b1,105-NA05b1. MAM admissions(<10) in Supplementary Feeding Care (SFC) - New admissions,105-NA05b1. New MAM admission <10 in SFC,"HMIS 105:01 - OPD Monthly Report (Attendance, Referrals, Conditions,TB, Nutrition)",sdgIwG0Msqj,sHKK94BX2Rp,"6-23Mths, Male"
460,NA05c,No of MAM Clients in SFC - Re-Admissions (Defaulters),Nutrition Services,1.3.26,t2dHPUGZW95,105-NA05c1,105-NA05c1.  Readmissions(<10) in SFC this Month - Relapses,105-NA05c1. Readmissions <10 SFC-Relapses,"HMIS 105:01 - OPD Monthly Report (Attendance, Referrals, Conditions,TB, Nutrition)",sdgIwG0Msqj,sHKK94BX2Rp,"6-23Mths, Male"
461,NA05d,No of MAM Clients in SFC - Transfer in SFC,Nutrition Services,1.3.26,A5Kr6LUrerV,105-NA05,105-NA05. No. of MAM clients in SFC this month,105-NA05. MAM clients in SFC,"HMIS 105:01 - OPD Monthly Report (Attendance, Referrals, Conditions,TB, Nutrition)",bN7UiHE300M,p2GPXD5Cnfx,"Active Clients, 6-23Mths, Female"
462,NA06a,No of clients with MAM admitted into SFC - Discharged as cured,Nutrition Services,1.3.26,Wkf7dUTz6p3,105-NA06a1,105-NA06a1. No. of clients(<10) with MAM admitted into treatment - Discharged as cured,105-NA0561. Clients(<10) MAM Discharged-Cured,"HMIS 105:01 - OPD Monthly Report (Attendance, Referrals, Conditions,TB, Nutrition)",sdgIwG0Msqj,sHKK94BX2Rp,"6-23Mths, Male"
463,NA06b,No of clients with MAM admitted into SFC - Non-response,Nutrition Services,1.3.26,ULi5iBGONAu,105-NA06b1,105-NA06b1. No. of clients(<10) with MAM admitted into treatment - SFC(non-response) after 3 months,105-NA06b1.(<10) MAM admit-SFC Noresponse_3mo,"HMIS 105:01 - OPD Monthly Report (Attendance, Referrals, Conditions,TB, Nutrition)",sdgIwG0Msqj,sHKK94BX2Rp,"6-23Mths, Male"
464,NA06c,No of clients with MAM admitted into SFC - Defaulted from care,Nutrition Services,1.3.26,BV7XJhKZIp5,105-NA06c1,105-NA06c1. No. of clients(<10) with MAM admitted into treatment - Defaulted from care,105-NA06c1. Clients(<10 MAM admit-Defaulted,"HMIS 105:01 - OPD Monthly Report (Attendance, Referrals, Conditions,TB, Nutrition)",sdgIwG0Msqj,sHKK94BX2Rp,"6-23Mths, Male"
465,NA06d,No of clients with MAM admitted into SFC - Died during treatment,Nutrition Services,1.3.26,nIcdxDJCdHx,105-NA06d1,105-NA06d1. No. of clients(<10) with MAM admitted into treatment - Died during treatment,105-NA06d1. Clients(<10) MAM admit-Died,"HMIS 105:01 - OPD Monthly Report (Attendance, Referrals, Conditions,TB, Nutrition)",sdgIwG0Msqj,sHKK94BX2Rp,"6-23Mths, Male"
466,NA06e,No of clients with MAM admitted into SFC - Transferred out of SFC,Nutrition Services,1.3.26,QpISR251PpC,105-NA06e1,105-NA06e1. No. of clients(<10) with MAM admitted into treatment - Transfered out of SFC,105-NA06e1.Clients(<10) MAM -Transfered out of SFC,"HMIS 105:01 - OPD Monthly Report (Attendance, Referrals, Conditions,TB, Nutrition)",sdgIwG0Msqj,sHKK94BX2Rp,"6-23Mths, Male"
467,NA07,Total number of days spent at SFC for all clients discharged as cured,Nutrition Services,1.3.26,IO3dIFqk938,105-NA07b,105-NA07b. Total number of days spent in SFC for all male clients discharged this month,105-NA07b. Days in SFC for M clients discharged,"HMIS 105:01 - OPD Monthly Report (Attendance, Referrals, Conditions,TB, Nutrition)",zG2czdSl1JE,SM9d5ybWcr0,10-19Yrs
468,GBV01a,No of clients Receiving post GBV clinical care based on minimum package disaggregated by violence type - Sexual Violence,Gender Based Violence Services,1.3.29,YklCFloHRjd,105-GBV01A,105-GBV01a. No. of clients receiving post GBV clinical care based on the minimum package disaggregated by violence type - Sexual Violence,105-GBV01a. GBV care recipients - Sexual Violence,"HMIS 105:01 - OPD Monthly Report (Attendance, Referrals, Conditions,TB, Nutrition)",uaN6xT8noft,lLNRDZPsnOs,"50+Yrs, Male"
469,GBV01b,No of clients Receiving post GBV clinical care based on minimum package disaggregated by violence type - Physical/Emotional Violence,Gender Based Violence Services,1.3.29,Oq2D5NlAaZH,105-GBV01B,105-GBV01b. No. of clients receiving post-GBV clinical care based on the minimum package disaggregated by violence type - Physical/emotionall Violence,105-GBV01b. GBV care recipients-Physical&Emotional,"HMIS 105:01 - OPD Monthly Report (Attendance, Referrals, Conditions,TB, Nutrition)",uaN6xT8noft,lLNRDZPsnOs,"50+Yrs, Male"
470,GBV02,No SGBV survivors eligible for PEP,Gender Based Violence Services,1.3.29,Hcaqv0iF3E8,105-GBV02,105-GBV02. No.SGBV survivors eligible for PEP,105-GBV02. No.SGBV survivors eligible for PEP,"HMIS 105:01 - OPD Monthly Report (Attendance, Referrals, Conditions,TB, Nutrition)",uaN6xT8noft,lLNRDZPsnOs,"50+Yrs, Male"
471,GBV03,No SGBV survivors initiated on PEP,Gender Based Violence Services,1.3.29,Okhx7eMyzty,105-GBV03,105-GBV03. No.SGBV survivors initiated on PEP,105-GBV03. No.SGBV survivors initiated on PEP,"HMIS 105:01 - OPD Monthly Report (Attendance, Referrals, Conditions,TB, Nutrition)",uaN6xT8noft,lLNRDZPsnOs,"50+Yrs, Male"
472,GBV04,No SGBV survivors who completed the PEP dose,Gender Based Violence Services,1.3.29,WUJaFYImiHS,105-GBV04,105-GBV04. No. SGBV survivors who completed the PEP dose,105-GBV04. SGBV survivors completed the PEP dose,"HMIS 105:01 - OPD Monthly Report (Attendance, Referrals, Conditions,TB, Nutrition)",uaN6xT8noft,lLNRDZPsnOs,"50+Yrs, Male"
473,GBV05a,No SGBV survivors who initiated PEP with documented out come - Negative,Gender Based Violence Services,1.3.29,XpKR3JrblRR,GBV05A,105-GBV05a. No. SGBV survivors who initiated PEP with a documented out come - Negative,105-GBV05a. SGBV survivors initiated PEP- Negative,"HMIS 105:01 - OPD Monthly Report (Attendance, Referrals, Conditions,TB, Nutrition)",uaN6xT8noft,lLNRDZPsnOs,"50+Yrs, Male"
474,GBV05b,No SGBV survivors who initiated PEP with documented out come - Positive,Gender Based Violence Services,1.3.29,MaioShphNoy,105-GBV05B,105-GBV05b. No. SGBV survivors who initiated PEP with a documented out come - Positive,105GBV05b. SGBV survivorS initiated PEP - Positive,"HMIS 105:01 - OPD Monthly Report (Attendance, Referrals, Conditions,TB, Nutrition)",uaN6xT8noft,lLNRDZPsnOs,"50+Yrs, Male"
475,GBV05c,No SGBV survivors who initiated PEP with documented out come - Lost To Followup,Gender Based Violence Services,1.3.29,gmexXUfZPCF,105-GBV05C,105-GBV05c. No. SGBV survivors who initiated PEP with a documented out come - Lost to follow up,105-GBV05c. SGBV survivors who initiated PEP- LTFU,"HMIS 105:01 - OPD Monthly Report (Attendance, Referrals, Conditions,TB, Nutrition)",uaN6xT8noft,lLNRDZPsnOs,"50+Yrs, Male"
476,AN01a,ANC 1st contacts/visits for women - Total,Antenatal,2.1,Q9nSogNmKPt,105-AN01A,105-AN01a. ANC 1st Visit for women,105-AN01a. ANC 1st Visit for women,"HMIS 105:02-03 - OPD Monthly Report (MCH, FP, EID, EPI & HEPB)",PSBBFivHXrL,QGprPUGJp4N,25-49Yrs
477,AN01b,ANC 1st contacts/visits for women - No in 1st Trimester,Antenatal,2.1,uUYRrEU5iOB,105-AN01b,105-AN01b. ANC 1st contacts/ visits for women - No. in 1st Trimester,105-AN01b. ANC 1st contacts/ visits for women,"HMIS 105:02-03 - OPD Monthly Report (MCH, FP, EID, EPI & HEPB)",bjDvmb4bfuf,HllvX50cXC0,default
478,AN02,ANC 4th contacts/visits for women,Antenatal,2.1,RnLOFSYaAhp,105-AN02,105-AN02. ANC 4th Visit for women,105-AN02. ANC 4th Visit for women,"HMIS 105:02-03 - OPD Monthly Report (MCH, FP, EID, EPI & HEPB)",PSBBFivHXrL,QGprPUGJp4N,25-49Yrs
479,AN03,ANC 8 contacts/visits for Women,Antenatal,2.1,xzZZOy6cmr8,105-AN03,105-AN03. ANC 8 contacts/ visits for Women,105-AN03. ANC 8 contacts/ visits for Women,"HMIS 105:02-03 - OPD Monthly Report (MCH, FP, EID, EPI & HEPB)",PSBBFivHXrL,QGprPUGJp4N,25-49Yrs
480,AN04,Total ANC contacts/visits,Antenatal,2.1,PaceRdSpmgy,105-AN04,105-AN04. Total ANC contacts/visits,105-AN04. Total ANC contacts/visits,"HMIS 105:02-03 - OPD Monthly Report (MCH, FP, EID, EPI & HEPB)",PSBBFivHXrL,QGprPUGJp4N,25-49Yrs
481,AN05,Referrals from community,Antenatal,2.1,YSqKuHTabCd,105-AN05,105-AN05. Referrals to ANC unit,105-AN05. Referrals to ANC unit,"HMIS 105:02-03 - OPD Monthly Report (MCH, FP, EID, EPI & HEPB)",bjDvmb4bfuf,HllvX50cXC0,default
482,AN06a,No of pregnant women who received IPT - First dose IPT (IPT1),Antenatal,2.1,emMkPnimvFJ,105-AN06A,105-AN 06a. No. of pregnant women who IPT1,105-AN06a. Pregnant women recieved IPT1,"HMIS 105:02-03 - OPD Monthly Report (MCH, FP, EID, EPI & HEPB)",PSBBFivHXrL,QGprPUGJp4N,25-49Yrs
483,AN06b,No of pregnant women who received IPT - Second dose IPT (IPT2),Antenatal,2.1,S1wIc5GXHZK,105-AN06B,105-AN 06b. No. of pregnant women who received IPT2,105-AN06b. Pregnant women who received IPT2,"HMIS 105:02-03 - OPD Monthly Report (MCH, FP, EID, EPI & HEPB)",PSBBFivHXrL,QGprPUGJp4N,25-49Yrs
484,AN06c,No of pregnant women who received IPT - Third dose IPT (IPT3),Antenatal,2.1,DuMMAbvDfjn,105-AN06C,105-AN06c. No. of pregnant women who received IPT3,105-AN06c. Pregnant women who received  IPT3,"HMIS 105:02-03 - OPD Monthly Report (MCH, FP, EID, EPI & HEPB)",PSBBFivHXrL,QGprPUGJp4N,25-49Yrs
485,AN06d,No of pregnant women who received IPT - IPT 4 & 4+ Dose,Antenatal,2.1,ttzUyLDgHSp,105-AN06D,105-AN 06d. No. of pregnant women who received IPT 4 & 4+ Dose,105-AN06d. pregnant women who received IPT 4 & 4+,"HMIS 105:02-03 - OPD Monthly Report (MCH, FP, EID, EPI & HEPB)",PSBBFivHXrL,QGprPUGJp4N,25-49Yrs
486,AN07a,No of pregnant women who were tested for blood grouping - Blood Group (O) - Rhesus O+,Antenatal,2.1,JEguqgKb8EF,105-AN07A2,105-AN07a2.  No. of pregnant women who were tested for blood grouping - Blood Group (O) -Rhesus O-,105-AN07a2. Pregnant women tested blood group O-,"HMIS 105:02-03 - OPD Monthly Report (MCH, FP, EID, EPI & HEPB)",bjDvmb4bfuf,HllvX50cXC0,default
487,AN07b,No of pregnant women who were tested for blood grouping - Blood Group (O) - Rhesus O-,Antenatal,2.1,FozqVr5QFG2,105-AN07B2,105-AN07b2. No. of pregnant women who were tested for blood grouping - Blood Group (A) -Rhesus A-,105-AN07b2. Pregnant women tested blood group A-,"HMIS 105:02-03 - OPD Monthly Report (MCH, FP, EID, EPI & HEPB)",bjDvmb4bfuf,HllvX50cXC0,default
488,AN07c,No of pregnant women who were tested for blood grouping - Blood Group (A) - Rhesus A+,Antenatal,2.1,t6bnhabqp9j,105-AN07C2,105-AN07c2. No. of pregnant women who were tested for blood grouping - Blood Group (B) -Rhesus B-,105-AN07c2. Preg women tested for blood group - B-,"HMIS 105:02-03 - OPD Monthly Report (MCH, FP, EID, EPI & HEPB)",bjDvmb4bfuf,HllvX50cXC0,default
489,AN07d,No of pregnant women who were tested for blood grouping - Blood Group (A) - Rhesus A-,Antenatal,2.1,BSw2fU4pgcR,105-AN07d2,105-AN07d2 No. of pregnant women who were tested for blood grouping - Blood Group (AB) Rhesus AB-,105-AN07d2. Preg women tested for blood group-AB-,"HMIS 105:02-03 - OPD Monthly Report (MCH, FP, EID, EPI & HEPB)",bjDvmb4bfuf,HllvX50cXC0,default
490,AN07e,No of pregnant women who were tested for blood grouping - Blood Group (B) - Rhesus B+,Antenatal,2.1,t6bnhabqp9j,105-AN07C2,105-AN07c2. No. of pregnant women who were tested for blood grouping - Blood Group (B) -Rhesus B-,105-AN07c2. Preg women tested for blood group - B-,"HMIS 105:02-03 - OPD Monthly Report (MCH, FP, EID, EPI & HEPB)",bjDvmb4bfuf,HllvX50cXC0,default
491,AN07f,No of pregnant women who were tested for blood grouping - Blood Group (B) - Rhesus B-,Antenatal,2.1,t6bnhabqp9j,105-AN07C2,105-AN07c2. No. of pregnant women who were tested for blood grouping - Blood Group (B) -Rhesus B-,105-AN07c2. Preg women tested for blood group - B-,"HMIS 105:02-03 - OPD Monthly Report (MCH, FP, EID, EPI & HEPB)",bjDvmb4bfuf,HllvX50cXC0,default
492,AN07g,No of pregnant women who were tested for blood grouping - Blood Group (AB) - Rhesus AB+,Antenatal,2.1,BSw2fU4pgcR,105-AN07d2,105-AN07d2 No. of pregnant women who were tested for blood grouping - Blood Group (AB) Rhesus AB-,105-AN07d2. Preg women tested for blood group-AB-,"HMIS 105:02-03 - OPD Monthly Report (MCH, FP, EID, EPI & HEPB)",bjDvmb4bfuf,HllvX50cXC0,default
493,AN07h,No of pregnant women who were tested for blood grouping - Blood Group (AB) - Rhesus AB-,Antenatal,2.1,BSw2fU4pgcR,105-AN07d2,105-AN07d2 No. of pregnant women who were tested for blood grouping - Blood Group (AB) Rhesus AB-,105-AN07d2. Preg women tested for blood group-AB-,"HMIS 105:02-03 - OPD Monthly Report (MCH, FP, EID, EPI & HEPB)",bjDvmb4bfuf,HllvX50cXC0,default
494,AN08,No of pregnant women who were tested for Anaemia using Hb Test at ANC 1st Contact/visit,Antenatal,2.1,Y94ON8bFTQ8,105-AN08,105-AN08. No. of pregnant women who were tested for Anaemia using Hb Test at ANC 1st Contact / visit,105-AN08. Tested for Anaemia ANC 1st visit,"HMIS 105:02-03 - OPD Monthly Report (MCH, FP, EID, EPI & HEPB)",bjDvmb4bfuf,HllvX50cXC0,default
495,AN09,No of pregnant women with Anaemia (Hb <10g/dl) at ANC 1st Contact/visit,Antenatal,2.1,tWWiCNRnEFO,105-AN09,105-AN09. No. of pregnant women with Anaemia (Hb <10g/dl) at ANC 1st Contact / visit,105-AN09. Pregnant women with Anaemia (Hb <10g/dl),"HMIS 105:02-03 - OPD Monthly Report (MCH, FP, EID, EPI & HEPB)",bjDvmb4bfuf,HllvX50cXC0,default
496,AN10,No of pregnant women receiving atleast 30 Tablets of Folic Acid 0-12 wks of gestation,Antenatal,2.1,gXwc3cpZbVz,105-AN10A,105-AN10a. No. of pregnant women receiving atleast 30 Tablets of Folic Acid 0-12 wks of gestation,105-AN10a. Pregnant women receiving atleast 30 Tab,"HMIS 105:02-03 - OPD Monthly Report (MCH, FP, EID, EPI & HEPB)",PSBBFivHXrL,QGprPUGJp4N,25-49Yrs
497,AN11,No of pregnant women receiving atleast 30 Tablets of Iron & Folic Acid 13+ wks of gestation,Antenatal,2.1,nmpvshKHVV5,105-AN10B,105-AN10b. No. of pregnant women receiving atleast 30 Tablets of Iron & Folic Acid - 13+ wks of gestation,105-AN10b. Pregnant women receiving atleast 30 Tab,"HMIS 105:02-03 - OPD Monthly Report (MCH, FP, EID, EPI & HEPB)",PSBBFivHXrL,QGprPUGJp4N,25-49Yrs
498,AN12,Pregnant Women receiving LLINs at ANC 1st visit,Antenatal,2.1,KwdS7TztHf0,105-AN11,105-AN11. Pregnant Women receiving LLINs at ANC 1st visit,105-AN11. Pregnant Women receiving LLINs at ANC 1s,"HMIS 105:02-03 - OPD Monthly Report (MCH, FP, EID, EPI & HEPB)",bjDvmb4bfuf,HllvX50cXC0,default
499,AN13a,No of pregnant women who received obstetric-ultra sound scan during any ANC visit in the reporting - Total U/S Scan done,Antenatal,2.1,b2KqlfIjy95,105-AN12A,105-AN12a. No. of pregnant women who received obstetric-ultra sound scan during any ANC visit in the reporting month,105-AN12a. Ultra sound scan any ANC visit,"HMIS 105:02-03 - OPD Monthly Report (MCH, FP, EID, EPI & HEPB)",bjDvmb4bfuf,HllvX50cXC0,default
500,AN13b,No of pregnant women who received obstetric-ultra sound scan during any ANC visit in the reporting - No done before 24 weeks of gestation,Antenatal,2.1,o1WgIrJ0wY4,105-AN12B,105-AN12b. No. of pregnant women who received obstetric-ultra sound scan during any ANC visit in the reporting month - No. done before 24 weeks of gestation,105-AN12b. Obstetric-ultra sound scan any ANC,"HMIS 105:02-03 - OPD Monthly Report (MCH, FP, EID, EPI & HEPB)",bjDvmb4bfuf,HllvX50cXC0,default
501,AN14,No of pregnant women dewormed,Antenatal,2.1,hiNup9n9txO,XAN13,AN13. No. of pregnant women dewormed,AN13. No. of pregnant women dewormed,,PSBBFivHXrL,QGprPUGJp4N,25-49Yrs
502,AN15a,Pregnant Women tested for syphilis - First time this pregnancy,Antenatal,2.1,lWcF1YVckcA,105-AN14A_,105-AN14a_2019 Pregnant Women tested for syphilis - First time this pregnancy,105-AN14a. Preg Women tested syphilis 1st time,"HMIS 105:02-03 - OPD Monthly Report (MCH, FP, EID, EPI & HEPB)",bjDvmb4bfuf,HllvX50cXC0,default
503,AN15b,Pregnant Women tested for syphilis - Newly tested Positive,Antenatal,2.1,qX9BvAXohYS,105-AN15B,"105-AN15b. Male partners tested for syphilis Tested positive (RX-1, RX-2, RX-3, +Ve-K, and +Ve)",105-AN15b. Male partners tested for syphilis - +ve,"HMIS 105:02-03 - OPD Monthly Report (MCH, FP, EID, EPI & HEPB)",bjDvmb4bfuf,HllvX50cXC0,default
504,AN16a,Male partner tested for syphilis - Total Tested,Antenatal,2.1,aSlLg1v8apE,105-AN16A,105-AN16a. No. Pregnant women tested for Hepatitis B - Total Tested,105-AN16a. Pregnant women tested for HepB -Total,"HMIS 105:02-03 - OPD Monthly Report (MCH, FP, EID, EPI & HEPB)",bjDvmb4bfuf,HllvX50cXC0,default
505,AN16b,Male partner tested for syphilis - Tested Positive,Antenatal,2.1,mhmGSvRwKlQ,105-AN16B,105-AN16b. No. Pregnant women tested for Hepatitis B - Tested Positive,105-AN16b. Pregnant women tested +ve HepB,"HMIS 105:02-03 - OPD Monthly Report (MCH, FP, EID, EPI & HEPB)",bjDvmb4bfuf,HllvX50cXC0,default
506,AN17a,No Pregnant women tested for Hepatitis B - Total Tested,Antenatal,2.1,aSlLg1v8apE,105-AN16A,105-AN16a. No. Pregnant women tested for Hepatitis B - Total Tested,105-AN16a. Pregnant women tested for HepB -Total,"HMIS 105:02-03 - OPD Monthly Report (MCH, FP, EID, EPI & HEPB)",bjDvmb4bfuf,HllvX50cXC0,default
507,AN17b,No Pregnant women tested for Hepatitis B - tested Positive,Antenatal,2.1,JFFBnljIWTT,105-AN17B,105-AN17b. Pregnant women newly tested for HIV in this pregnancy at any ANC visit (NEG & POS) - ANC 1,105-AN17b. Pregnant newly tested for HIV at ANC1,"HMIS 105:02-03 - OPD Monthly Report (MCH, FP, EID, EPI & HEPB)",PSBBFivHXrL,QGprPUGJp4N,25-49Yrs
508,AN18,Pregnant women newly tested for HIV in this pregnancy at any ANC visit (NEG & POS),Antenatal,2.1,uzlQdD84jNj,105-AN18A,105-AN18a. Pregnant Women tested HIV POS for 1st time this pregnancy at any ANC Visit,105-AN18a. Preg Women tested HIV+ for 1st time,"HMIS 105:02-03 - OPD Monthly Report (MCH, FP, EID, EPI & HEPB)",PSBBFivHXrL,QGprPUGJp4N,25-49Yrs
509,AN19,Pregnant Women tested HIV POS for 1st time this pregnancy at any ANC Visit,Antenatal,2.1,VYD6SlQHBsD,105-AN19_2019,105-AN19_2019 Pregnant women who were tested for anaemia using Hb test at ANC after 36 weeks,105-AN19_2019. Pregnant women who were tested for,"HMIS 105:02-03 - OPD Monthly Report (MCH, FP, EID, EPI & HEPB)",bjDvmb4bfuf,HllvX50cXC0,default
510,AN20,HIV+ Pregnant women assessed by CD4,Antenatal,2.1,gO6V4EfyAgr,105-AN31B_2019,105-AN31b_2019. HIV+ Pregnant women assessed by CD4 - ANC 1,105-AN31b_2019.HIV+ Preg women assessed CD4-ANC 1,"HMIS 105:02-03 - OPD Monthly Report (MCH, FP, EID, EPI & HEPB)",PSBBFivHXrL,QGprPUGJp4N,25-49Yrs
511,AN21,HIV+ pregnant women initiated on ART for eMTCT at any visit irrespective of when tested HIV POS and HIV POS not yet started ART,Antenatal,2.1,L4pwIgSDdG6,105-AN32_2019,"105-AN32_2019 HIV+ pregnant women initiated on ART for eMTCT at any visit irrespective of when tested HIV+ (TRR,TRR+,TRR,TRRK)",105-AN32_2019 HIV+ preg women initiated ART eMTCT,"HMIS 105:02-03 - OPD Monthly Report (MCH, FP, EID, EPI & HEPB)",PSBBFivHXrL,QGprPUGJp4N,25-49Yrs
512,AN22a,Pregnant Women who knew status before 1st ANC - NEG,Antenatal,2.1,rr3xZKoBXYt,105-AN21,105-AN21. Total Pregnant Women who knew status before 1st ANC,105-AN21. Pregnant Women knew status before ANC1,"HMIS 105:02-03 - OPD Monthly Report (MCH, FP, EID, EPI & HEPB)",bjDvmb4bfuf,HllvX50cXC0,default
513,AN22b,Pregnant Women who knew status before 1st ANC - POS,Antenatal,2.1,rr3xZKoBXYt,105-AN21,105-AN21. Total Pregnant Women who knew status before 1st ANC,105-AN21. Pregnant Women knew status before ANC1,"HMIS 105:02-03 - OPD Monthly Report (MCH, FP, EID, EPI & HEPB)",bjDvmb4bfuf,HllvX50cXC0,default
514,AN23a,Pregnant women who re-tested later in pregnancy - NEG,Antenatal,2.1,Y0Gaon8coI0,105-AN23A,105-AN23a.HIV+ pregnant women - Eligible for a Viral Load during the month,105-AN23a. HIV+ preg women - Eligible for a VL,"HMIS 105:02-03 - OPD Monthly Report (MCH, FP, EID, EPI & HEPB)",bjDvmb4bfuf,HllvX50cXC0,default
515,AN23b,Pregnant women who re-tested later in pregnancy - POS,Antenatal,2.1,F9kTTMoE00R,105-AN22.,105-AN22. Pregnant women who re-tested later in pregnancy - Total,105-AN22. Pregnant women who re-tested later,"HMIS 105:02-03 - OPD Monthly Report (MCH, FP, EID, EPI & HEPB)",bjDvmb4bfuf,HllvX50cXC0,default
516,AN25,Pregnant women given self-testing kits for their male partners,Antenatal,2.1,LFH8bUaself,105-LD10,105-LD10. Hepatitis E,105-LD10. Hepatitis E,"HMIS 105:01 - OPD Monthly Report (Attendance, Referrals, Conditions,TB, Nutrition)",esaNB4G5AHs,wDiX34aiw6i,"0-28Dys, Female"
517,AN26a,Male partners received HIV test results in eMTCT - NEG,Antenatal,2.1,oEEm7UIexXx,105-AN26a,105-AN26a HIV+ Male partners receiving ART - Known ART,105-AN26a HIV+ Male partners on ART - Known ART,"HMIS 105:02-03 - OPD Monthly Report (MCH, FP, EID, EPI & HEPB)",bjDvmb4bfuf,HllvX50cXC0,default
518,AN26b,Male partners received HIV test results in eMTCT - POS,Antenatal,2.1,qiCmGJdXJ5v,105-AN26b,105-AN26b HIV+ Male partners receiving ART - Newly Initiated,105-AN26bHIV+ Male partners on ART-Newly Initiated,"HMIS 105:02-03 - OPD Monthly Report (MCH, FP, EID, EPI & HEPB)",bjDvmb4bfuf,HllvX50cXC0,default
519,AN27,HIV+ Male partners initiated on ART in the ANC setting,Antenatal,2.1,Z2baA5Kr5Uz,105-MA19,105-MA19. HIV+ male partners initiated on ART in the maternity setting,105-MA19. HIV+ male started on ART in maternity,"HMIS 105:02-03 - OPD Monthly Report (MCH, FP, EID, EPI & HEPB)",bjDvmb4bfuf,HllvX50cXC0,default
520,AN28,No of discordant couple identified in ANC,Antenatal,2.1,fpqDkJLzPhp,105-AN27,105-AN27. Number of discordant couple identified in ANC,105-AN27. Discordant couple identified in ANC,"HMIS 105:02-03 - OPD Monthly Report (MCH, FP, EID, EPI & HEPB)",bjDvmb4bfuf,HllvX50cXC0,default
521,AN29a,Women assessed for nutrition status - Total,Antenatal,2.1,tei6iz8HFfo,105-NA01A1,105-NA01a1.Total assessed for nutrition status,105-NA01a1. Total assessed for nutrition status,"HMIS 105:01 - OPD Monthly Report (Attendance, Referrals, Conditions,TB, Nutrition)",sdgIwG0Msqj,sHKK94BX2Rp,"6-23Mths, Male"
522,AN29b,Women assessed for nutrition status - Identified malnourished - MAM,Antenatal,2.1,NviOrEByxIy,105-AN28B,105-AN28b. Women assessed for nutrition status - Identified Malnourished,105-AN28b. Women assessed-Identified Malnourished,"HMIS 105:02-03 - OPD Monthly Report (MCH, FP, EID, EPI & HEPB)",VjnkaZygp2L,WWz33Y9d50G,SAM
523,AN29c,Women assessed for nutrition status - Identified malnourished - SAM,Antenatal,2.1,NviOrEByxIy,105-AN28B,105-AN28b. Women assessed for nutrition status - Identified Malnourished,105-AN28b. Women assessed-Identified Malnourished,"HMIS 105:02-03 - OPD Monthly Report (MCH, FP, EID, EPI & HEPB)",VjnkaZygp2L,WWz33Y9d50G,SAM
524,AN30a,TB Screening for ANC Clients - Screened for TB,Antenatal,2.1,meW1T5n8XV0,105-AN29A,105-AN29a. TB Screening for ANC Clients-Screened for TB,105-AN29a. TB Screening for ANC Clients-Screened,"HMIS 105:02-03 - OPD Monthly Report (MCH, FP, EID, EPI & HEPB)",bjDvmb4bfuf,HllvX50cXC0,default
525,AN30b,TB Screening for ANC Clients - Presumed to have TB,Antenatal,2.1,tlCReAq4tXE,105-AN29B,105-AN29b. TB Screening for ANC clients - Presumed to have TB,105-AN29b. TB Screening for ANC clients - Presumed,"HMIS 105:02-03 - OPD Monthly Report (MCH, FP, EID, EPI & HEPB)",bjDvmb4bfuf,HllvX50cXC0,default
526,AN30c,TB Screening for ANC Clients - Diagnosed with TB,Antenatal,2.1,JCM6Bf7sFdB,105-AN29C,105-AN29c. TB Screening for ANC clients - Diagnosed with  TB,105-AN29c. TB Screening for ANC clients - Diagnose,"HMIS 105:02-03 - OPD Monthly Report (MCH, FP, EID, EPI & HEPB)",bjDvmb4bfuf,HllvX50cXC0,default
527,AN31,HIV+ pregnant women given ARV prophylaxis for the un born infants for the 1st time in ANC,Antenatal,2.1,trSb0o79D5U,105-AN31.,105-AN31. Male partners with a known status at their first visit as a couple in ANC - Total,105-AN31. Male partners with a known status at the,"HMIS 105:02-03 - OPD Monthly Report (MCH, FP, EID, EPI & HEPB)",bjDvmb4bfuf,HllvX50cXC0,default
528,AN32a,Male partners with a known status at their first visit as a couple in ANC - NEG,Antenatal,2.1,trSb0o79D5U,105-AN31.,105-AN31. Male partners with a known status at their first visit as a couple in ANC - Total,105-AN31. Male partners with a known status at the,"HMIS 105:02-03 - OPD Monthly Report (MCH, FP, EID, EPI & HEPB)",bjDvmb4bfuf,HllvX50cXC0,default
529,AN32b,Male partners with a known status at their first visit as a couple in ANC - POS,Antenatal,2.1,trSb0o79D5U,105-AN31.,105-AN31. Male partners with a known status at their first visit as a couple in ANC - Total,105-AN31. Male partners with a known status at the,"HMIS 105:02-03 - OPD Monthly Report (MCH, FP, EID, EPI & HEPB)",bjDvmb4bfuf,HllvX50cXC0,default
530,MA01,Admissions,Maternity,2.2,JY0M7eC2N42,105-MA01,105-MA01. Admissions,105-MA01. Admissions,"HMIS 105:02-03 - OPD Monthly Report (MCH, FP, EID, EPI & HEPB)",bjDvmb4bfuf,HllvX50cXC0,default
531,MA02a,Referrals to maternity unit - Total,Maternity,2.2,AGmXoLiT89x,105-MA02A,105-MA02a. Referrals to maternity unit - Total,105-MA02a. Referrals to maternity unit - Total,"HMIS 105:02-03 - OPD Monthly Report (MCH, FP, EID, EPI & HEPB)",bjDvmb4bfuf,HllvX50cXC0,default
532,MA02b,Referrals to maternity unit - From community,Maternity,2.2,TMF6CkVvMuD,105-MA02B,105-MA02b: Referrals to maternity unit - From community,105-MA02a. Referrals to maternity unit - Community,"HMIS 105:02-03 - OPD Monthly Report (MCH, FP, EID, EPI & HEPB)",bjDvmb4bfuf,HllvX50cXC0,default
533,MA03,Referrals from maternity,Maternity,2.2,YNqGVS6GEyo,105-MA03,105-MA03. Referrals from maternity,105-MA03. Referrals from maternity,"HMIS 105:02-03 - OPD Monthly Report (MCH, FP, EID, EPI & HEPB)",bjDvmb4bfuf,HllvX50cXC0,default
534,MA04a,Total deliveries in the unit - Below 15 Years,Maternity,2.2,idXOxt69W0e,105-MA04,105-MA04. Total deliveries in the unit,105-MA04. Total deliveries in the unit,"HMIS 105:02-03 - OPD Monthly Report (MCH, FP, EID, EPI & HEPB)",PSBBFivHXrL,QGprPUGJp4N,25-49Yrs
535,MA04b,Total deliveries in the unit - 15-19 Years,Maternity,2.2,fEz9wGsA6YU,105-MA05A1,105-MA05a1. Births in the unit - Live births Total,105-MA05a1. Births in the unit - Live births Total,"HMIS 105:02-03 - OPD Monthly Report (MCH, FP, EID, EPI & HEPB)",bjDvmb4bfuf,HllvX50cXC0,default
536,MA04c,Total deliveries in the unit - 20-24 Years,Maternity,2.2,fEz9wGsA6YU,105-MA05A1,105-MA05a1. Births in the unit - Live births Total,105-MA05a1. Births in the unit - Live births Total,"HMIS 105:02-03 - OPD Monthly Report (MCH, FP, EID, EPI & HEPB)",bjDvmb4bfuf,HllvX50cXC0,default
537,MA04d,Total deliveries in the unit - 25-49 Years,Maternity,2.2,fEz9wGsA6YU,105-MA05A1,105-MA05a1. Births in the unit - Live births Total,105-MA05a1. Births in the unit - Live births Total,"HMIS 105:02-03 - OPD Monthly Report (MCH, FP, EID, EPI & HEPB)",bjDvmb4bfuf,HllvX50cXC0,default
538,MA04e,Total deliveries in the unit - 50+ Years,Maternity,2.2,idXOxt69W0e,105-MA04,105-MA04. Total deliveries in the unit,105-MA04. Total deliveries in the unit,"HMIS 105:02-03 - OPD Monthly Report (MCH, FP, EID, EPI & HEPB)",PSBBFivHXrL,QGprPUGJp4N,25-49Yrs
539,MA05a,Live births - Total,Maternity,2.2,fEz9wGsA6YU,105-MA05A1,105-MA05a1. Births in the unit - Live births Total,105-MA05a1. Births in the unit - Live births Total,"HMIS 105:02-03 - OPD Monthly Report (MCH, FP, EID, EPI & HEPB)",bjDvmb4bfuf,HllvX50cXC0,default
540,MA05b,Live births - >2.5kgs,Maternity,2.2,bl6lQqygEK1,105-MA05B2,105-MA05b2. Births in the unit - Fresh Still birth < 2.5 Kg,105-MA05b2. Births in unit - FSB< 2.5Kg,"HMIS 105:02-03 - OPD Monthly Report (MCH, FP, EID, EPI & HEPB)",bjDvmb4bfuf,HllvX50cXC0,default
541,MA06a,Births in the unit - Fresh still birth - Total,Maternity,2.2,T8W0wbzErSF,105-MA05B1,105-MA05b1. Births in the unit - Fresh Still birth Total,105-MA05b1. Births in unit - FSB Total,"HMIS 105:02-03 - OPD Monthly Report (MCH, FP, EID, EPI & HEPB)",bjDvmb4bfuf,HllvX50cXC0,default
542,MA06b,Births in the unit - Fresh still birth - <2.5kgs,Maternity,2.2,T8W0wbzErSF,105-MA05B1,105-MA05b1. Births in the unit - Fresh Still birth Total,105-MA05b1. Births in unit - FSB Total,"HMIS 105:02-03 - OPD Monthly Report (MCH, FP, EID, EPI & HEPB)",bjDvmb4bfuf,HllvX50cXC0,default
543,MA06c,Births in the unit - Macerated still birth - Total,Maternity,2.2,ULL9lX3DO7V,105-MA05C1,105-MA05c1. Births in the unit - Macerated still birth Total,105-MA05c1. Births in unit - MSB Total,"HMIS 105:02-03 - OPD Monthly Report (MCH, FP, EID, EPI & HEPB)",bjDvmb4bfuf,HllvX50cXC0,default
544,MA06d,Births in the unit - Macerated still birth - <2.5kgs,Maternity,2.2,MzqiroyuhJh,105-MA05C2,105-MA05c2. Births in the unit - Macerated still birth < 2.5 Kg,105-MA05c2. Births in the unit - MSB < 2.5 Kg,"HMIS 105:02-03 - OPD Monthly Report (MCH, FP, EID, EPI & HEPB)",bjDvmb4bfuf,HllvX50cXC0,default
545,MA07,Pre-terms births in the unit,Maternity,2.2,WX0V1OdNB4i,105-MA07A,105-MA07a.Pre-terms births in the unit - Total,105-MA07a. Pre-terms births in the unit - Total,"HMIS 105:02-03 - OPD Monthly Report (MCH, FP, EID, EPI & HEPB)",bjDvmb4bfuf,HllvX50cXC0,default
546,MA08,Live babies at discharge,Maternity,2.2,LFH8bUaself,105-LD10,105-LD10. Hepatitis E,105-LD10. Hepatitis E,"HMIS 105:01 - OPD Monthly Report (Attendance, Referrals, Conditions,TB, Nutrition)",esaNB4G5AHs,wDiX34aiw6i,"0-28Dys, Female"
547,MA09,No of Babies received LLINs,Maternity,2.2,H1oTelCAQry,105-MA09,105-MA09. Live babies at discharge,105-MA09. Live babies at discharge,"HMIS 105:02-03 - OPD Monthly Report (MCH, FP, EID, EPI & HEPB)",bjDvmb4bfuf,HllvX50cXC0,default
548,MA10a,Total No of Babies born with defects - Clubfoot,Maternity,2.2,vfpZ4FqOTwm,105-MA11A,105-MA11a. Total number of Babies born with defects - Club Foot,105-MA11a. Babies born with defects - Club Foot,"HMIS 105:02-03 - OPD Monthly Report (MCH, FP, EID, EPI & HEPB)",bjDvmb4bfuf,HllvX50cXC0,default
549,MA10b,Total No of Babies born with defects - Other defects,Maternity,2.2,sGxfXHTmRGN,105-MA11B,105-MA11b. Total number of Babies born with defects - Other Defects,105-MA11b.Babies born with defects - Other Defects,"HMIS 105:02-03 - OPD Monthly Report (MCH, FP, EID, EPI & HEPB)",bjDvmb4bfuf,HllvX50cXC0,default
550,MA11a,Newborn deaths - 0-7 days,Maternity,2.2,hrTskGHP0Av,105-MA11_2019,105-MA12_2019. Newborn deaths (0-7 days),105-MA12_2019. Newborn deaths (0-7 days),"HMIS 105:02-03 - OPD Monthly Report (MCH, FP, EID, EPI & HEPB)",bjDvmb4bfuf,HllvX50cXC0,default
551,MA11b,Newborn deaths - 8-28 days,Maternity,2.2,MBP6dbvM7sj,105-MA12_2019,105-MA12_2019 Neonatal Death 8-28 days,105-MA12_2019. Neonatal Death 8-28 days,"HMIS 105:02-03 - OPD Monthly Report (MCH, FP, EID, EPI & HEPB)",bjDvmb4bfuf,HllvX50cXC0,default
552,MA12a,Maternal deaths - Below 15 Years,Maternity,2.2,LFH8bUaself,105-LD10,105-LD10. Hepatitis E,105-LD10. Hepatitis E,"HMIS 105:01 - OPD Monthly Report (Attendance, Referrals, Conditions,TB, Nutrition)",esaNB4G5AHs,wDiX34aiw6i,"0-28Dys, Female"
553,MA12b,Maternal deaths - 15-19 Years,Maternity,2.2,pGDRIjvl39Q,105-SR11A,105-SR11a. Hep A - Done,105-SR11a. Hep A - Done,HMIS 105:10 - OPD Monthly Report (Lab),bjDvmb4bfuf,HllvX50cXC0,default
554,MA12c,Maternal deaths - 20-24 Years,Maternity,2.2,pGDRIjvl39Q,105-SR11A,105-SR11a. Hep A - Done,105-SR11a. Hep A - Done,HMIS 105:10 - OPD Monthly Report (Lab),bjDvmb4bfuf,HllvX50cXC0,default
555,MA12d,Maternal deaths - 25-49 Years,Maternity,2.2,pGDRIjvl39Q,105-SR11A,105-SR11a. Hep A - Done,105-SR11a. Hep A - Done,HMIS 105:10 - OPD Monthly Report (Lab),bjDvmb4bfuf,HllvX50cXC0,default
556,MA12e,Maternal deaths - 50+ Years,Maternity,2.2,E0OEw6yVcJm,020-DP02,020-DP02. Was a partogram filled,020-DP02. Was a partogram filled,,bjDvmb4bfuf,HllvX50cXC0,default
557,MA13a,No of mothers who initiated breastfeeding within the 1st hour after delivery - Total,Maternity,2.2,XXZZbU4B2N3,105-MA14A,105-MA14a. Mothers who initiated breastfeeding within the 1st hour after delivery - Total,105-MA14a.Started breastfeeding in 1hr of delivery,"HMIS 105:02-03 - OPD Monthly Report (MCH, FP, EID, EPI & HEPB)",bjDvmb4bfuf,HllvX50cXC0,default
558,MA13b,No of mothers who initiated breastfeeding within the 1st hour after delivery - HIV POS,Maternity,2.2,PNG0YDb6dpy,105-MA14B,105-MA14b. Mothers who initiated breastfeeding within the 1st hour after delivery - HIV POS,105-MA14b. Started BF in 1hr of delivery - HIV+,"HMIS 105:02-03 - OPD Monthly Report (MCH, FP, EID, EPI & HEPB)",bjDvmb4bfuf,HllvX50cXC0,default
559,MA14a,Women tested for HIV in labour 1st time this - NEG,Maternity,2.2,SPctnmpC7W6,105-MA15,105-MA15. Women tested for HIV in labour 1st time this Pregnancy,105-MA15.Women tested HIV+ inlabor 1time Pregnancy,"HMIS 105:02-03 - OPD Monthly Report (MCH, FP, EID, EPI & HEPB)",bjDvmb4bfuf,HllvX50cXC0,default
560,MA14b,Women tested for HIV in labour 1st time this - POS,Maternity,2.2,SPctnmpC7W6,105-MA15,105-MA15. Women tested for HIV in labour 1st time this Pregnancy,105-MA15.Women tested HIV+ inlabor 1time Pregnancy,"HMIS 105:02-03 - OPD Monthly Report (MCH, FP, EID, EPI & HEPB)",bjDvmb4bfuf,HllvX50cXC0,default
561,MA15a,Women re-tested for HIV in labour - NEG,Maternity,2.2,lqlyPEh4beG,105-MA16,105-MA16. Women re-tested for HIV in labour - Total,105-MA16. Women re-tested for HIV in labour-Total,"HMIS 105:02-03 - OPD Monthly Report (MCH, FP, EID, EPI & HEPB)",bjDvmb4bfuf,HllvX50cXC0,default
562,MA15b,Women re-tested for HIV in labour - POS,Maternity,2.2,AUfFbS7cWFd,105-MA15B_2019,105-MA15b_2019. Women tested for HIV in labour 1st time this Pregnancy - HIV+ (TRR),105-MA15b_2019.Women tested for HIV in labour-HIV+,"HMIS 105:02-03 - OPD Monthly Report (MCH, FP, EID, EPI & HEPB)",bjDvmb4bfuf,HllvX50cXC0,default
563,MA16,HIV+ women initiating ART in maternity,Maternity,2.2,lqlyPEh4beG,105-MA16,105-MA16. Women re-tested for HIV in labour - Total,105-MA16. Women re-tested for HIV in labour-Total,"HMIS 105:02-03 - OPD Monthly Report (MCH, FP, EID, EPI & HEPB)",bjDvmb4bfuf,HllvX50cXC0,default
564,MA17a,Male partners received HIV test results in the maternity setting - NEG,Maternity,2.2,LFH8bUaself,105-LD10,105-LD10. Hepatitis E,105-LD10. Hepatitis E,"HMIS 105:01 - OPD Monthly Report (Attendance, Referrals, Conditions,TB, Nutrition)",esaNB4G5AHs,wDiX34aiw6i,"0-28Dys, Female"
565,MA17b,Male partners received HIV test results in the maternity setting - POS,Maternity,2.2,KuJuECNX5PL,105-PN09,105-PN09. Male partners received HIV test results in the postnatal setting,105-PN09. Male partners received Results in PNC,"HMIS 105:02-03 - OPD Monthly Report (MCH, FP, EID, EPI & HEPB)",bjDvmb4bfuf,HllvX50cXC0,default
566,MA18,HIV+ male partners initiated on ART in the maternity setting,Maternity,2.2,BlJQ2P6kkQi,105-MA18B_2019,105-MA18b_2019. Male partners received HIV test results in the maternity setting - HIV+ (TRR),105-MA18b_2019.MalePartnerstested HIV in Mat -HIV+,"HMIS 105:02-03 - OPD Monthly Report (MCH, FP, EID, EPI & HEPB)",bjDvmb4bfuf,HllvX50cXC0,default
567,MA19,No of discordant couples identified in maternity,Maternity,2.2,nLf9PdXCkDk,105-MA20,105-MA20. Number of discordant couples identified in maternity,105-MA20. Discordant couples identify in maternity,"HMIS 105:02-03 - OPD Monthly Report (MCH, FP, EID, EPI & HEPB)",bjDvmb4bfuf,HllvX50cXC0,default
568,MA20a,Deliveries to HIV+ women in unit - Total,Maternity,2.2,wOvonjgfh4b,105-MA21A,105-MA21a. Total Deliveries to HIV+ women in unit - Total,105-MA21a. Deliveries to HIV+ women - Total,"HMIS 105:02-03 - OPD Monthly Report (MCH, FP, EID, EPI & HEPB)",bjDvmb4bfuf,HllvX50cXC0,default
569,MA20b,Deliveries to HIV+ women in unit - Live births,Maternity,2.2,jHUIBmkOBZs,105-MA21B,105-MA21b. Deliveries to HIV+ women in unit - Live births,105-MA21b. Deliveries to HIV+ women - Live births,"HMIS 105:02-03 - OPD Monthly Report (MCH, FP, EID, EPI & HEPB)",bjDvmb4bfuf,HllvX50cXC0,default
570,MA21a,HIV Exposed infants given ARVs - Total number,Maternity,2.2,OUGMxrtXxri,105-MA22A,105-MA22a. HIV Exposed infants given ARVs - Total,105-MA22a. HIV Exposed infants given ARVs - Total,"HMIS 105:02-03 - OPD Monthly Report (MCH, FP, EID, EPI & HEPB)",bjDvmb4bfuf,HllvX50cXC0,default
571,MA21b,HIV Exposed infants given ARVs - No of high-risk infants,Maternity,2.2,jHUIBmkOBZs,105-MA21B,105-MA21b. Deliveries to HIV+ women in unit - Live births,105-MA21b. Deliveries to HIV+ women - Live births,"HMIS 105:02-03 - OPD Monthly Report (MCH, FP, EID, EPI & HEPB)",bjDvmb4bfuf,HllvX50cXC0,default
572,MA22,No of babies with Birth asphyxia,Maternity,2.2,nnmOsAUssg9,105-MA23,105-MA23. No.of babies with Birth asphyxia,105-MA23. No.of babies with Birth asphyxia,"HMIS 105:02-03 - OPD Monthly Report (MCH, FP, EID, EPI & HEPB)",bjDvmb4bfuf,HllvX50cXC0,default
573,MA23,No of Live babies Successfully Resuscitated,Maternity,2.2,nnmOsAUssg9,105-MA23,105-MA23. No.of babies with Birth asphyxia,105-MA23. No.of babies with Birth asphyxia,"HMIS 105:02-03 - OPD Monthly Report (MCH, FP, EID, EPI & HEPB)",bjDvmb4bfuf,HllvX50cXC0,default
574,MA24a,No received PNC check at 6 hours after birth - Baby,Maternity,2.2,VBN3wvLEZjW,105-MA25A,105-MA25a. Received PNC check at 6 hours after birth - Baby,105-MA25a. PNC check at 6 hrs after birth - Baby,"HMIS 105:02-03 - OPD Monthly Report (MCH, FP, EID, EPI & HEPB)",bjDvmb4bfuf,HllvX50cXC0,default
575,MA24b,No received PNC check at 6 hours after birth - Mother,Maternity,2.2,UrX15EcK8BZ,105-MA25B,105-MA25b. Received PNC check at 6 hours after birth - Mother,105-MA25b. PNC check at 6 hours after birth-Mother,"HMIS 105:02-03 - OPD Monthly Report (MCH, FP, EID, EPI & HEPB)",bjDvmb4bfuf,HllvX50cXC0,default
576,MA25a,No received PNC within 24 hours after birth - Baby,Maternity,2.2,VBN3wvLEZjW,105-MA25A,105-MA25a. Received PNC check at 6 hours after birth - Baby,105-MA25a. PNC check at 6 hrs after birth - Baby,"HMIS 105:02-03 - OPD Monthly Report (MCH, FP, EID, EPI & HEPB)",bjDvmb4bfuf,HllvX50cXC0,default
577,MA25b,No received PNC within 24 hours after birth - Mother,Maternity,2.2,UrX15EcK8BZ,105-MA25B,105-MA25b. Received PNC check at 6 hours after birth - Mother,105-MA25b. PNC check at 6 hours after birth-Mother,"HMIS 105:02-03 - OPD Monthly Report (MCH, FP, EID, EPI & HEPB)",bjDvmb4bfuf,HllvX50cXC0,default
578,MA26a,No of women who received Uterotonics in management of 3rd stage of labour - Oxytocin,Maternity,2.2,nA0w3UvRDpD,105-MA27A,105-MA27a. Uterotonics used in management of 3rd stage of labour - Oxytocin,105-MA27a.Uterotonics in 3rd labor stage-Oxytocin,"HMIS 105:02-03 - OPD Monthly Report (MCH, FP, EID, EPI & HEPB)",bjDvmb4bfuf,HllvX50cXC0,default
579,MA26b,No of women who received Uterotonics in management of 3rd stage of labour - Misoprostol,Maternity,2.2,mPyodJx5kPk,111-SW01,111-SW01. No. of Schools with access to a safe water source (within 500M from School),111-SW01. Schools with access to a safe water,HMIS 111 - District School WASH Summary Report,bjDvmb4bfuf,HllvX50cXC0,default
580,MA26c,No of women who received Uterotonics in management of 3rd stage of labour - Heat stable Carbetocin,Maternity,2.2,mPyodJx5kPk,111-SW01,111-SW01. No. of Schools with access to a safe water source (within 500M from School),111-SW01. Schools with access to a safe water,HMIS 111 - District School WASH Summary Report,bjDvmb4bfuf,HllvX50cXC0,default
581,MA26d,No of women who received Uterotonics in management of 3rd stage of labour - Ergometrine,Maternity,2.2,nA0w3UvRDpD,105-MA27A,105-MA27a. Uterotonics used in management of 3rd stage of labour - Oxytocin,105-MA27a.Uterotonics in 3rd labor stage-Oxytocin,"HMIS 105:02-03 - OPD Monthly Report (MCH, FP, EID, EPI & HEPB)",bjDvmb4bfuf,HllvX50cXC0,default
582,MA27a,No of women who received Uterotonics as treatment of post partum haemorrhage (PPH) - Oxytocin,Maternity,2.2,PU4JyVtmAYY,105-MA28A,105-MA28a. No. of women who received Uterotonics as treatment of post partum haemorrhage (PPH)-Oxytocin,105-MA28a.Uterotonics as treatment PPH-Oxytocin,"HMIS 105:02-03 - OPD Monthly Report (MCH, FP, EID, EPI & HEPB)",bjDvmb4bfuf,HllvX50cXC0,default
583,MA27b,No of women who received Uterotonics as treatment of post partum haemorrhage (PPH) - Misoprostol,Maternity,2.2,hawWpaDwa8v,105-MA28B,105-MA28b. No. of women who received Uterotonics as treatment of post partum haemorrhage (PPH)-Misoprostol,105-MA28b.Uterotonics as treatment PPH-Misoprostol,"HMIS 105:02-03 - OPD Monthly Report (MCH, FP, EID, EPI & HEPB)",bjDvmb4bfuf,HllvX50cXC0,default
584,MA27c,No of women who received Uterotonics as treatment of post partum haemorrhage (PPH) - Tranexamic,Maternity,2.2,ziCT29DWKRC,105-MA28C,105-MA28c. No. of women who received Uterotonics as treatment of post partum haemorrhage (PPH)-Tranexamic,105-MA28c.Uterotonics as treatment PPH-Tranexamic,"HMIS 105:02-03 - OPD Monthly Report (MCH, FP, EID, EPI & HEPB)",bjDvmb4bfuf,HllvX50cXC0,default
585,MA27d,No of women who received Uterotonics as treatment of post partum haemorrhage (PPH) - Ergometrine,Maternity,2.2,nTMjQrqEa8m,105-MA28D,105-MA28d. No. of women who received Uterotonics as treatment of post partum haemorrhage (PPH)-Ergometrine,105-MA28d.Uterotonics as treatment PPH-Ergometrine,"HMIS 105:02-03 - OPD Monthly Report (MCH, FP, EID, EPI & HEPB)",bjDvmb4bfuf,HllvX50cXC0,default
586,PN01a,Post Natal Attendances - 6 Days,Postnatal,2.3,LJ8MLXHctGs,105-PN01a_2019,105-PN01a_2019. Post Natal Attendances - Mother,105-PN01a_2019. Post Natal Attendances - Mother,"HMIS 105:02-03 - OPD Monthly Report (MCH, FP, EID, EPI & HEPB)",PSBBFivHXrL,QGprPUGJp4N,25-49Yrs
587,PN01b,Post Natal Attendances - 6 Weeks,Postnatal,2.3,zixf6a0f4zU,106a-TB18B1_2019,106a-TB18B1_2019. MTB +ve and Rif S,106a-TB18b1_2019. MTB +ve and Rif S,HMIS 106a:03 - TB/Leprosy Quarterly Report,xpNSFSr8MpW,UjrmGnCgKIk,Relapse
588,PN01c,Post Natal Attendances - 6 Months,Postnatal,2.3,zixf6a0f4zU,106a-TB18B1_2019,106a-TB18B1_2019. MTB +ve and Rif S,106a-TB18b1_2019. MTB +ve and Rif S,HMIS 106a:03 - TB/Leprosy Quarterly Report,xpNSFSr8MpW,UjrmGnCgKIk,Relapse
589,PN02,Community referrals to PNC,Postnatal,2.3,m8sRWV8h3Z2,105-PN02,105-PN02. Community referrals to PNC,105-PN02. Community referrals to PNC,"HMIS 105:02-03 - OPD Monthly Report (MCH, FP, EID, EPI & HEPB)",bjDvmb4bfuf,HllvX50cXC0,default
590,PN03a,TB Screening for PNC Clients - Screened for TB,Postnatal,2.3,T7yfGxRzCGs,105-PN03A,105-PN03a. TB Screening for PNC Clients-Screened for TB,105-PN03a. PNC Clients-Screened for TB,"HMIS 105:02-03 - OPD Monthly Report (MCH, FP, EID, EPI & HEPB)",PSBBFivHXrL,QGprPUGJp4N,25-49Yrs
591,PN03b,TB Screening for PNC Clients - Presumed to have TB,Postnatal,2.3,Ex31WlJUSqs,105-PN03B,105-PN03b. TB Screening for PNC Clients-Presumed to have TB,105-PN03b. PNC Clients-Presumed TB,"HMIS 105:02-03 - OPD Monthly Report (MCH, FP, EID, EPI & HEPB)",PSBBFivHXrL,QGprPUGJp4N,25-49Yrs
592,PN03c,TB Screening for PNC Clients - Diagnosed with TB,Postnatal,2.3,SuoC1635LA8,105-PN03C,105-PN03c. TB Screening for PNC Clients-Diagnosed with TB,105-PN03c. PNC Clients - Diagnosed TB,"HMIS 105:02-03 - OPD Monthly Report (MCH, FP, EID, EPI & HEPB)",PSBBFivHXrL,QGprPUGJp4N,25-49Yrs
593,PN04a,Breast feeding mothers tested for HIV 1st time during Postnatal - NEG,Postnatal,2.3,L0kzvUuDu0M,105-PN04,105-PN04. Breast feeding mothers tested for HIV 1st time during Postnatal,105-PN04. BF tested HIV 1st time during PNC,"HMIS 105:02-03 - OPD Monthly Report (MCH, FP, EID, EPI & HEPB)",bjDvmb4bfuf,HllvX50cXC0,default
594,PN04b,Breast feeding mothers tested for HIV 1st time during Postnatal - POS,Postnatal,2.3,jq6glDE1rRn,105-PN04B_2019,105-PN04b_2019. Breastfeedng mothers re-tested for HIV during Postnatal - TRR+,105-PN04b_2019. BF re-tested HIV at PNC - TRR+,"HMIS 105:02-03 - OPD Monthly Report (MCH, FP, EID, EPI & HEPB)",bjDvmb4bfuf,HllvX50cXC0,default
595,PN05a,Breastfeeding mothers re-tested for HIV during Postnatal - NEG,Postnatal,2.3,Bqwt1lhWVNY,105-PN05,105-PN05. Breastfeeding mothers re-tested for HIV during Postnatal,105-PN05.Breastfeedng mothers re-tested HIV at PNC,"HMIS 105:02-03 - OPD Monthly Report (MCH, FP, EID, EPI & HEPB)",bjDvmb4bfuf,HllvX50cXC0,default
596,PN05b,Breastfeeding mothers re-tested for HIV during Postnatal - POS,Postnatal,2.3,ctuIcyUKiHs,105-PN05B_2019,105-PN05b_2019. HIV+ women initiating ART in Postnatal - New positives (TRR),105-PN05b_2019.HIV+ women start ART in PNC-New TRR,"HMIS 105:02-03 - OPD Monthly Report (MCH, FP, EID, EPI & HEPB)",bjDvmb4bfuf,HllvX50cXC0,default
597,PN06,HIV+ women initiating ART in Postnatal,Postnatal,2.3,kGC9MVJppnk,105-PN06,105-PN06. HIV+ women initiating ART in Postnatal,105-PN06. HIV+ women initiating ART in PNC,"HMIS 105:02-03 - OPD Monthly Report (MCH, FP, EID, EPI & HEPB)",bjDvmb4bfuf,HllvX50cXC0,default
598,PN07,HIV+ breast feeding mothers newly enrolled in MCH groups,Postnatal,2.3,sKjCZM59XnB,105-PN07,105-PN07.HIV+ breast feeding mothers newly enrolled in MCH groups,105-PN07. HIV+ BF mothers newly enrolled in MCH,"HMIS 105:02-03 - OPD Monthly Report (MCH, FP, EID, EPI & HEPB)",bjDvmb4bfuf,HllvX50cXC0,default
599,PN08,Mother-baby pairs enrolled at Mother-Baby care point,Postnatal,2.3,bVOnb8GrpHA,105-PN08,105-PN08. Mother-baby pairs enrolled at Mother-Baby care point,105-PN08.Mother-baby pairs enrolled-M/B care point,"HMIS 105:02-03 - OPD Monthly Report (MCH, FP, EID, EPI & HEPB)",bjDvmb4bfuf,HllvX50cXC0,default
600,PN09a,Male partners received HIV test results in the postnatal setting - NEG,Postnatal,2.3,KuJuECNX5PL,105-PN09,105-PN09. Male partners received HIV test results in the postnatal setting,105-PN09. Male partners received Results in PNC,"HMIS 105:02-03 - OPD Monthly Report (MCH, FP, EID, EPI & HEPB)",bjDvmb4bfuf,HllvX50cXC0,default
601,PN09b,Male partners received HIV test results in the postnatal setting - POS,Postnatal,2.3,KuJuECNX5PL,105-PN09,105-PN09. Male partners received HIV test results in the postnatal setting,105-PN09. Male partners received Results in PNC,"HMIS 105:02-03 - OPD Monthly Report (MCH, FP, EID, EPI & HEPB)",bjDvmb4bfuf,HllvX50cXC0,default
602,PN10,HIV+ male partners initiated on ART in the postnatal setting,Postnatal,2.3,MhjBKi2d8uz,105-PN10,105-PN10. HIV+ male partners initiated on ART in the postnatal setting,105-PN10. HIV+ male partners initiated ART in PNC,"HMIS 105:02-03 - OPD Monthly Report (MCH, FP, EID, EPI & HEPB)",bjDvmb4bfuf,HllvX50cXC0,default
603,PN11a,Breast feeding mothers given self-testing kits for their male partners - Total,Postnatal,2.3,jT8xasuFQKx,105-PN11A,105-PN11a. Breast feeding mother given self-testing kits for their male partners - Total,105-PN11a. BF mother given STK for Male partners,"HMIS 105:02-03 - OPD Monthly Report (MCH, FP, EID, EPI & HEPB)",bjDvmb4bfuf,HllvX50cXC0,default
604,PN11b,Breast feeding mothers given self-testing kits for their male partners - Tests returned HIV POS,Postnatal,2.3,qR5nmJekYKc,105-PN11B,105-PN11b. Breast feeding mothers given self-testing kits for their male partners-Tests returned HIV POS,105-PN11b. BF mothers STK Male partner-Return HIV+,"HMIS 105:02-03 - OPD Monthly Report (MCH, FP, EID, EPI & HEPB)",bjDvmb4bfuf,HllvX50cXC0,default
605,PN11c,Breast feeding mothers given self-testing kits for their male partners - Tests returned HIV NEG,Postnatal,2.3,nFnWRksZmwa,105-PN11C,105-PN11c. Breast feeding mothers given self-testing kits for their male partners-Tests returned HIV NEG,105-PN11c. BF mother STK Male partner-ReturnedHIV-,"HMIS 105:02-03 - OPD Monthly Report (MCH, FP, EID, EPI & HEPB)",bjDvmb4bfuf,HllvX50cXC0,default
606,PN12,No of discordant couples identified in PNC,Postnatal,2.3,IgfY3xqa8An,105-PN12,105-PN12. Discordant couples identified in PNC,105-PN12. Discordant couples identified in PNC,"HMIS 105:02-03 - OPD Monthly Report (MCH, FP, EID, EPI & HEPB)",bjDvmb4bfuf,HllvX50cXC0,default
607,PN13a,Cancer of the breast - Clients screened for Cancer of the Breast,Postnatal,2.3,eWYmABy3bIe,105-PN13A,105-PN13a. Clients screened for cancer of the breast,105-PN13a. Clients screened for Breast Cancer,"HMIS 105:02-03 - OPD Monthly Report (MCH, FP, EID, EPI & HEPB)",bjDvmb4bfuf,HllvX50cXC0,default
608,PN13b,Cancer of the breast - Clients with pre-malignant conditions of breast,Postnatal,2.3,Vk9STlQlW3h,105-PN13B,105-PN13b. Clients with pre-malignant conditions of breast,105-PN13b. Clients with pre-malignant of Breast,"HMIS 105:02-03 - OPD Monthly Report (MCH, FP, EID, EPI & HEPB)",bjDvmb4bfuf,HllvX50cXC0,default
609,PN14a,Cancer of the Cervix - Clients screened for Cancer of the Cervix,Postnatal,2.3,tA2bFyzLtwd,105-PN14A,105-PN14a. Clients screened for cancer of the cervix,105-PN14a. Clients screened for Cervix Cancer,"HMIS 105:02-03 - OPD Monthly Report (MCH, FP, EID, EPI & HEPB)",bjDvmb4bfuf,HllvX50cXC0,default
610,PN14b,Cancer of the Cervix - Clients with pre-malignant conditions of cervix,Postnatal,2.3,vkmkqpYTJtF,105-PN14B,105-PN14b. Clients with pre-malignant conditions of cervix,105-PN14b. Clients with pre-malignant Cervix,"HMIS 105:02-03 - OPD Monthly Report (MCH, FP, EID, EPI & HEPB)",bjDvmb4bfuf,HllvX50cXC0,default
611,PN15a,Lactating mothers who received Nutritional assessment - Total Assessed,Postnatal,2.3,TkPGLLgBpWR,105-PN15A,105-PN15a. Lactating mothers who received Nutritional assessment - Total,105-PN15a. Nutritional assessment-Lactating,"HMIS 105:02-03 - OPD Monthly Report (MCH, FP, EID, EPI & HEPB)",bjDvmb4bfuf,HllvX50cXC0,default
612,PN15b,Lactating mothers who received Nutritional assessment - MAM,Postnatal,2.3,AAjeczxMEya,105-PN15B,105-PN15b. Lactating mothers who received Nutritional assessment-MAM,105-PN15b.Nutritional Assessment Lactating-MAM,"HMIS 105:02-03 - OPD Monthly Report (MCH, FP, EID, EPI & HEPB)",bjDvmb4bfuf,HllvX50cXC0,default
613,PN15c,Lactating mothers who received Nutritional assessment - SAM,Postnatal,2.3,Ou7FJO6b9NV,105-PN15C,105-PN15c. Lactating mothers who received Nutritional assessment-SAM,105-PN15c.Nutritional Assessment Lactating-SAM,"HMIS 105:02-03 - OPD Monthly Report (MCH, FP, EID, EPI & HEPB)",bjDvmb4bfuf,HllvX50cXC0,default
614,PN16a,Post-natal motherswho received Counselling - Maternal Nutrition,Postnatal,2.3,xRxZO1aNgZF,105-PN16A,105-PN16a. Post natal mothers who received Counselling (Maternal Nutritional) - Total,105-PN16a. PNC mother got Nutritional Counselling,"HMIS 105:02-03 - OPD Monthly Report (MCH, FP, EID, EPI & HEPB)",bjDvmb4bfuf,HllvX50cXC0,default
615,PN16b,Post-natal motherswho received Counselling - Infant Feeding,Postnatal,2.3,fwaRB9ATrjL,105-PN16B,105-PN16b. Post natal mothers who received Counselling (Maternal Nutritional) - HIV+,105-PN16b. PNC HIV+ mother got Nutrition Counsel,"HMIS 105:02-03 - OPD Monthly Report (MCH, FP, EID, EPI & HEPB)",bjDvmb4bfuf,HllvX50cXC0,default
616,FP01a,Family Planning Client Visits - Below 15 Yrs,Family Planning Methods,2.4,h1CesvbLNP7,101-BG09,101-BG09. Floor Area L x W (in M2),101-BG09. Floor Area L x W (in M2),,bjDvmb4bfuf,HllvX50cXC0,default
617,FP01b,Family Planning Client Visits - 15-19 Yrs,Family Planning Methods,2.4,pGDRIjvl39Q,105-SR11A,105-SR11a. Hep A - Done,105-SR11a. Hep A - Done,HMIS 105:10 - OPD Monthly Report (Lab),bjDvmb4bfuf,HllvX50cXC0,default
618,FP01c,Family Planning Client Visits - 20-24 Yrs,Family Planning Methods,2.4,pGDRIjvl39Q,105-SR11A,105-SR11a. Hep A - Done,105-SR11a. Hep A - Done,HMIS 105:10 - OPD Monthly Report (Lab),bjDvmb4bfuf,HllvX50cXC0,default
619,FP01d,Family Planning Client Visits - 25-49 Yrs,Family Planning Methods,2.4,pGDRIjvl39Q,105-SR11A,105-SR11a. Hep A - Done,105-SR11a. Hep A - Done,HMIS 105:10 - OPD Monthly Report (Lab),bjDvmb4bfuf,HllvX50cXC0,default
620,FP01e,Family Planning Client Visits - 50+ Yrs,Family Planning Methods,2.4,Kz29xNOBjsJ,HMIS_100_  I attended the deceased before death,HMIS_100_  I attended the deceased before death,HMIS_100_  I attended the deceased before death,,bjDvmb4bfuf,HllvX50cXC0,default
621,FP02a,Combined Oral Contraceptives Pills (COCs) - New users,Family Planning Methods,2.4,KyRHSYKxihH,105-FP01,105-FP01. Combined Oral Contraceptives Pills (COCs),105-FP01. Combined Oral Contraceptives Pills (COC),"HMIS 105:02-03 - OPD Monthly Report (MCH, FP, EID, EPI & HEPB)",TUYu2OrnbXV,ksBfihkwBeu,"New, <15Yrs"
622,FP02b,Combined Oral Contraceptives Pills (COCs) - Revisits,Family Planning Methods,2.4,KyRHSYKxihH,105-FP01,105-FP01. Combined Oral Contraceptives Pills (COCs),105-FP01. Combined Oral Contraceptives Pills (COC),"HMIS 105:02-03 - OPD Monthly Report (MCH, FP, EID, EPI & HEPB)",TUYu2OrnbXV,ksBfihkwBeu,"New, <15Yrs"
623,FP03a,Progesterone Only Pills (POP) - New users,Family Planning Methods,2.4,dyfJZ2Llr6F,105-FP02,105-FP02. Progesterone Only Pills (POP),105-FP02. Progesterone Only Pills (POP),"HMIS 105:02-03 - OPD Monthly Report (MCH, FP, EID, EPI & HEPB)",TUYu2OrnbXV,ksBfihkwBeu,"New, <15Yrs"
624,FP03b,Progesterone Only Pills (POP) - Revisits,Family Planning Methods,2.4,dyfJZ2Llr6F,105-FP02,105-FP02. Progesterone Only Pills (POP),105-FP02. Progesterone Only Pills (POP),"HMIS 105:02-03 - OPD Monthly Report (MCH, FP, EID, EPI & HEPB)",TUYu2OrnbXV,ksBfihkwBeu,"New, <15Yrs"
625,FP04a,Emergency Contraceptive Pills (ECP) - New users,Family Planning Methods,2.4,LFH8bUaself,105-LD10,105-LD10. Hepatitis E,105-LD10. Hepatitis E,"HMIS 105:01 - OPD Monthly Report (Attendance, Referrals, Conditions,TB, Nutrition)",esaNB4G5AHs,wDiX34aiw6i,"0-28Dys, Female"
626,FP04b,Emergency Contraceptive Pills (ECP) - Revisits,Family Planning Methods,2.4,qSe7OiDB18A,105-FP03,105-FP03. Emergency Contraceptive Pills (ECP),105-FP03. Emergency Contraceptive Pills (ECP),"HMIS 105:02-03 - OPD Monthly Report (MCH, FP, EID, EPI & HEPB)",TUYu2OrnbXV,ksBfihkwBeu,"New, <15Yrs"
627,FP05a,Injectable DMPA Intramuscular (3 months) - New users,Family Planning Methods,2.4,ZVKD2XRg6Ab,105-FP04,105-FP04. Injectable DMPA Intramuscular (3 months),105-FP04. Injectable DMPA Intramuscular (3 months),"HMIS 105:02-03 - OPD Monthly Report (MCH, FP, EID, EPI & HEPB)",TUYu2OrnbXV,ksBfihkwBeu,"New, <15Yrs"
628,FP05b,Injectable DMPA Intramuscular (3 months) - Revisits,Family Planning Methods,2.4,ZVKD2XRg6Ab,105-FP04,105-FP04. Injectable DMPA Intramuscular (3 months),105-FP04. Injectable DMPA Intramuscular (3 months),"HMIS 105:02-03 - OPD Monthly Report (MCH, FP, EID, EPI & HEPB)",TUYu2OrnbXV,ksBfihkwBeu,"New, <15Yrs"
629,FP06a,Injectable DMPA Subcutaneous (Doses) Provider Administered (PA) - New users,Family Planning Methods,2.4,LFH8bUaself,105-LD10,105-LD10. Hepatitis E,105-LD10. Hepatitis E,"HMIS 105:01 - OPD Monthly Report (Attendance, Referrals, Conditions,TB, Nutrition)",esaNB4G5AHs,wDiX34aiw6i,"0-28Dys, Female"
630,FP06b,Injectable DMPA Subcutaneous (Doses) Provider Administered (PA) - Revisits,Family Planning Methods,2.4,RhSXgCUwfyL,105-CT05A,105-CT05a. Injectable DMPA Subcutaneous (Doses) Provider Administered (PA),105-CT05a.  Injectable DMPA SC (doses) PA,HMIS 105B.1: Child Immunization Addendum Report,iexS9B0LKpd,LhwUTDmUr6D,Outreach
631,FP07a,Injectable DMPA Subcutaneous (3 months) Self-Injected (SI) - New users,Family Planning Methods,2.4,oAqoPQkEf2z,105-FP05,105-FP05. Injectable DMPA Subcutaneous (3 months),105-FP05. Injectable DMPA Subcutaneous (3 months),HMIS 105B.1: Child Immunization Addendum Report,mZ3kNqeeFgu,fH6VjGvonC5,"Self Injected (SI), Revisits, 15-19Yrs"
632,FP07b,Injectable DMPA Subcutaneous (3 months) Self-Injected (SI) - Revisits,Family Planning Methods,2.4,oAqoPQkEf2z,105-FP05,105-FP05. Injectable DMPA Subcutaneous (3 months),105-FP05. Injectable DMPA Subcutaneous (3 months),HMIS 105B.1: Child Immunization Addendum Report,mZ3kNqeeFgu,fH6VjGvonC5,"Self Injected (SI), Revisits, 15-19Yrs"
633,FP08a,3 year Implant - New users,Family Planning Methods,2.4,EWmqTwV0prl,033B-GP04,033B-GP04. Total No. Rif R,033B-GP04. Total No. Rif R,HMIS 033b - Weekly Epidemiological Surveillance Report,bjDvmb4bfuf,HllvX50cXC0,default
634,FP08b,3 year Implant - Revisits,Family Planning Methods,2.4,EWmqTwV0prl,033B-GP04,033B-GP04. Total No. Rif R,033B-GP04. Total No. Rif R,HMIS 033b - Weekly Epidemiological Surveillance Report,bjDvmb4bfuf,HllvX50cXC0,default
635,FP09a,5 year Implant - New users,Family Planning Methods,2.4,LFH8bUaself,105-LD10,105-LD10. Hepatitis E,105-LD10. Hepatitis E,"HMIS 105:01 - OPD Monthly Report (Attendance, Referrals, Conditions,TB, Nutrition)",esaNB4G5AHs,wDiX34aiw6i,"0-28Dys, Female"
636,FP09b,5 year Implant - Revisits,Family Planning Methods,2.4,fevOSp4U5Tj,105-CT06,105-CT06. 3 year Implant,105-CT06. 3 year Implant,"HMIS 105:02-03 - OPD Monthly Report (MCH, FP, EID, EPI & HEPB)",iexS9B0LKpd,LhwUTDmUr6D,Outreach
637,FP10a,IUD-Copper-T - New users,Family Planning Methods,2.4,LFH8bUaself,105-LD10,105-LD10. Hepatitis E,105-LD10. Hepatitis E,"HMIS 105:01 - OPD Monthly Report (Attendance, Referrals, Conditions,TB, Nutrition)",esaNB4G5AHs,wDiX34aiw6i,"0-28Dys, Female"
638,FP10b,IUD-Copper-T - Revisits,Family Planning Methods,2.4,LFH8bUaself,105-LD10,105-LD10. Hepatitis E,105-LD10. Hepatitis E,"HMIS 105:01 - OPD Monthly Report (Attendance, Referrals, Conditions,TB, Nutrition)",esaNB4G5AHs,wDiX34aiw6i,"0-28Dys, Female"
639,FP11a,IUD-Hormonal - New users,Family Planning Methods,2.4,LFH8bUaself,105-LD10,105-LD10. Hepatitis E,105-LD10. Hepatitis E,"HMIS 105:01 - OPD Monthly Report (Attendance, Referrals, Conditions,TB, Nutrition)",esaNB4G5AHs,wDiX34aiw6i,"0-28Dys, Female"
640,FP11b,IUD-Hormonal - Revisits,Family Planning Methods,2.4,jj4MpXK0lfd,105-CT09,105-CT09. IUD-Hormonal,105-CT09. IUD-Hormonal,"HMIS 105:02-03 - OPD Monthly Report (MCH, FP, EID, EPI & HEPB)",iexS9B0LKpd,LhwUTDmUr6D,Outreach
641,FP12a,FAM-SDM (Cycle Bead Pieces) - New users,Family Planning Methods,2.4,LFH8bUaself,105-LD10,105-LD10. Hepatitis E,105-LD10. Hepatitis E,"HMIS 105:01 - OPD Monthly Report (Attendance, Referrals, Conditions,TB, Nutrition)",esaNB4G5AHs,wDiX34aiw6i,"0-28Dys, Female"
642,FP12b,FAM-SDM (Cycle Bead Pieces) - Revisits,Family Planning Methods,2.4,dImnFEwHqXL,105-CT10,105-CT10. FAM-SDM (Cycle Bead Pieces),105-CT10. FAM-SDM (Cycle Bead Pieces),"HMIS 105:02-03 - OPD Monthly Report (MCH, FP, EID, EPI & HEPB)",iexS9B0LKpd,LhwUTDmUr6D,Outreach
643,FP13a,Female condoms (Pieces) - New users,Family Planning Methods,2.4,LFH8bUaself,105-LD10,105-LD10. Hepatitis E,105-LD10. Hepatitis E,"HMIS 105:01 - OPD Monthly Report (Attendance, Referrals, Conditions,TB, Nutrition)",esaNB4G5AHs,wDiX34aiw6i,"0-28Dys, Female"
644,FP13b,Female condoms (Pieces) - Revisits,Family Planning Methods,2.4,IrhyhbiN3iR,105-CT11,105-CT11. Female condoms (Pieces),105-CT11. Female condoms (Pieces),"HMIS 105:02-03 - OPD Monthly Report (MCH, FP, EID, EPI & HEPB)",iexS9B0LKpd,LhwUTDmUr6D,Outreach
645,FP14a,Male condoms (Pieces) - New users,Family Planning Methods,2.4,LFH8bUaself,105-LD10,105-LD10. Hepatitis E,105-LD10. Hepatitis E,"HMIS 105:01 - OPD Monthly Report (Attendance, Referrals, Conditions,TB, Nutrition)",esaNB4G5AHs,wDiX34aiw6i,"0-28Dys, Female"
646,FP14b,Male condoms (Pieces) - Revisits,Family Planning Methods,2.4,IrhyhbiN3iR,105-CT11,105-CT11. Female condoms (Pieces),105-CT11. Female condoms (Pieces),"HMIS 105:02-03 - OPD Monthly Report (MCH, FP, EID, EPI & HEPB)",iexS9B0LKpd,LhwUTDmUr6D,Outreach
647,CL01,BCG,Child Immunisation,2.6.3,MxAg9De4cra,105-CL01,105-CL01. BCG,105-CL01. BCG,"HMIS 105:02-03 - OPD Monthly Report (MCH, FP, EID, EPI & HEPB)",UbHTBKwenBh,aMhI72s7Xgf,"5-14Yrs, Static"
648,CL02,Hep B zero doze,Child Immunisation,2.6.3,yJgPv7Q9lS1,105-CL02,105-CL02.Hep B zero doze,105-CL02. Hep B zero doze,HMIS 105B.1: Child Immunization Addendum Report,WqmY8OOQcru,Sz8SNUUTD6D,"Outreach, <1year"
649,CL03,Protection At Birth for Td (PAB),Child Immunisation,2.6.3,NYs9Ct3X4FD,105-CL03,105-CL03. Protection At Birth for Td(PAB),105-CL03. Protection At Birth for Td(PAB),"HMIS 105:02-03 - OPD Monthly Report (MCH, FP, EID, EPI & HEPB)",UbHTBKwenBh,aMhI72s7Xgf,"5-14Yrs, Static"
650,CL04,Polio 0,Child Immunisation,2.6.3,eEllJg5kQn6,105-CL04,105-CL04. Polio 0,105-CL04. Polio 0,"HMIS 105:02-03 - OPD Monthly Report (MCH, FP, EID, EPI & HEPB)",UbHTBKwenBh,aMhI72s7Xgf,"5-14Yrs, Static"
651,CL05,Polio 1,Child Immunisation,2.6.3,G4uZN2Y4oAG,105-CL05,105-CL05. Polio 1,105-CL05. Polio 1,"HMIS 105:02-03 - OPD Monthly Report (MCH, FP, EID, EPI & HEPB)",UbHTBKwenBh,aMhI72s7Xgf,"5-14Yrs, Static"
652,CL06,Polio 2,Child Immunisation,2.6.3,Quc9uIBIxk6,105-CL06,105-CL06. Polio 2,105-CL06. Polio 2,"HMIS 105:02-03 - OPD Monthly Report (MCH, FP, EID, EPI & HEPB)",UbHTBKwenBh,aMhI72s7Xgf,"5-14Yrs, Static"
653,CL07,Polio 3,Child Immunisation,2.6.3,HLyPaHaoHSu,105-CL07,105-CL07. Polio 3,105-CL07. Polio 3,"HMIS 105:02-03 - OPD Monthly Report (MCH, FP, EID, EPI & HEPB)",UbHTBKwenBh,aMhI72s7Xgf,"5-14Yrs, Static"
654,CL08,IPV1,Child Immunisation,2.6.3,ehj9x0CXNN5,105-CL08,105-CL08. IPV1,105-CL08. IPV1,"HMIS 105:02-03 - OPD Monthly Report (MCH, FP, EID, EPI & HEPB)",UbHTBKwenBh,aMhI72s7Xgf,"5-14Yrs, Static"
655,CL09,IPV2,Child Immunisation,2.6.3,l8gda1Lshsh,105-CL09.,105-CL09. IPV2,105-CL09. IPV2,HMIS 105B.1: Child Immunization Addendum Report,WqmY8OOQcru,Sz8SNUUTD6D,"Outreach, <1year"
656,CL10,DPT-Hep B+Hib 1,Child Immunisation,2.6.3,Ys31ug5E3f1,105-CL10,105-CL10. DPT-HepB+Hib 1,105-CL10. DPT-HepB+Hib 1,"HMIS 105:02-03 - OPD Monthly Report (MCH, FP, EID, EPI & HEPB)",UbHTBKwenBh,aMhI72s7Xgf,"5-14Yrs, Static"
657,CL11,DPT-Hep B+Hib 2,Child Immunisation,2.6.3,z1s4aIzf8ga,105-CL11,105-CL11. DPT-HepB+Hib 2,105-CL11. DPT-HepB+Hib 2,"HMIS 105:02-03 - OPD Monthly Report (MCH, FP, EID, EPI & HEPB)",UbHTBKwenBh,aMhI72s7Xgf,"5-14Yrs, Static"
658,CL12,DPT-Hep B+Hib 3,Child Immunisation,2.6.3,ujs4ipzA4tb,105-CL12,105-CL12. DPT-HepB+Hib 3,105-CL12. DPT-HepB+Hib 3,"HMIS 105:02-03 - OPD Monthly Report (MCH, FP, EID, EPI & HEPB)",UbHTBKwenBh,aMhI72s7Xgf,"5-14Yrs, Static"
659,CL13,PCV 1,Child Immunisation,2.6.3,NbG01i1Md55,105-CL13.,105-CL13. PCV 1,105-CL13. PCV 1,"HMIS 105:02-03 - OPD Monthly Report (MCH, FP, EID, EPI & HEPB)",UbHTBKwenBh,aMhI72s7Xgf,"5-14Yrs, Static"
660,CL14,PCV 2,Child Immunisation,2.6.3,dmSXPXTnV0e,105-CL14.,105-CL14. PCV 2,105-CL14. PCV 2,"HMIS 105:02-03 - OPD Monthly Report (MCH, FP, EID, EPI & HEPB)",UbHTBKwenBh,aMhI72s7Xgf,"5-14Yrs, Static"
661,CL15,PCV 3,Child Immunisation,2.6.3,QHawVF72X6E,105-CL15.,105-CL15. PCV 3,105-CL15. PCV 3,"HMIS 105:02-03 - OPD Monthly Report (MCH, FP, EID, EPI & HEPB)",UbHTBKwenBh,aMhI72s7Xgf,"5-14Yrs, Static"
662,CL16,Rotavirus 1 Vaccine,Child Immunisation,2.6.3,rDZlacXXUPM,105-CL16,105-CL16. Rotavirus 1 Vaccine,105-CL16. Rotavirus 1 Vaccine,"HMIS 105:02-03 - OPD Monthly Report (MCH, FP, EID, EPI & HEPB)",UbHTBKwenBh,aMhI72s7Xgf,"5-14Yrs, Static"
663,CL17,Rotavirus 2 Vaccine,Child Immunisation,2.6.3,QFolEgl8SEB,105-CL17,105-CL17. Rotavirus 2 Vaccine,105-CL17. Rotavirus 2 Vaccine,"HMIS 105:02-03 - OPD Monthly Report (MCH, FP, EID, EPI & HEPB)",UbHTBKwenBh,aMhI72s7Xgf,"5-14Yrs, Static"
664,CL18,Rotavirus 3 Vaccine,Child Immunisation,2.6.3,JREalJsVgAD,105B-CL18,105-CL18. RotaVirus 3 Vaccine,105-CL18. RotaVirus 3 Vaccine,HMIS 105B.1: Child Immunization Addendum Report,WqmY8OOQcru,Sz8SNUUTD6D,"Outreach, <1year"
665,CL19,Malaria 1,Child Immunisation,2.6.3,umOw6ICceuL,105-CL19.,105-CL19. Malaria 1,105-CL19. Malaria 1,"HMIS 105:02-03 - OPD Monthly Report (MCH, FP, EID, EPI & HEPB)",UbHTBKwenBh,aMhI72s7Xgf,"5-14Yrs, Static"
666,CL20,Malaria 2,Child Immunisation,2.6.3,tYobnmqU9Fk,105-CL20.,105-CL20. Malaria 2,105-CL20. Malaria 2,"HMIS 105:02-03 - OPD Monthly Report (MCH, FP, EID, EPI & HEPB)",UbHTBKwenBh,aMhI72s7Xgf,"5-14Yrs, Static"
667,CL21,Malaria 3,Child Immunisation,2.6.3,xZTA1fYRqy8,105-CL21,105-CL21. Malaria 3,105-CL21. Malaria 3,"HMIS 105:02-03 - OPD Monthly Report (MCH, FP, EID, EPI & HEPB)",UbHTBKwenBh,aMhI72s7Xgf,"5-14Yrs, Static"
668,CL22,Yellow Fever,Child Immunisation,2.6.3,Ln0EgQilDUI,105-CL22,105-CL22. Yellow Fever,105-CL22. Yellow Fever,HMIS 105B.1: Child Immunization Addendum Report,WqmY8OOQcru,Sz8SNUUTD6D,"Outreach, <1year"
669,CL23,Measles (MR1),Child Immunisation,2.6.3,WAjgHQVxVVm,105-CL23,105-CL23. Measles (MR1),105-CL23. Measles (MR1),"HMIS 105:02-03 - OPD Monthly Report (MCH, FP, EID, EPI & HEPB)",UbHTBKwenBh,aMhI72s7Xgf,"5-14Yrs, Static"
670,CL24,Fully immunized by 1 year,Child Immunisation,2.6.3,OG2VmPZSmyv,105-CL24,105-CL24. Fully immunized by 1 year,105-CL24. Fully immunized by 1 year,"HMIS 105:02-03 - OPD Monthly Report (MCH, FP, EID, EPI & HEPB)",UbHTBKwenBh,aMhI72s7Xgf,"5-14Yrs, Static"
671,CL25,No received LLINs,Child Immunisation,2.6.3,peXxgiReRrs,105-CL25,105-CL25. Number received LLINs,105-CL25. No. received LLINs,"HMIS 105:02-03 - OPD Monthly Report (MCH, FP, EID, EPI & HEPB)",UbHTBKwenBh,aMhI72s7Xgf,"5-14Yrs, Static"
672,CL26,Malaria 4,Child Immunisation,2.6.3,nOi3WF8kNxD,105-CL26,105-CL26. Malaria 4,105-CL26. Malaria 4,"HMIS 105:02-03 - OPD Monthly Report (MCH, FP, EID, EPI & HEPB)",UbHTBKwenBh,aMhI72s7Xgf,"5-14Yrs, Static"
673,CL27,Measles (MR2),Child Immunisation,2.6.3,yctOQDdXZav,105-CL27,105-CL27. Measles (MR2),105-CL27. Measles (MR2),"HMIS 105:02-03 - OPD Monthly Report (MCH, FP, EID, EPI & HEPB)",UbHTBKwenBh,aMhI72s7Xgf,"5-14Yrs, Static"
674,CL28,Fully immunized by 2 years,Child Immunisation,2.6.3,t1oNQuw0bL4,105-CL28 [Exists],105-CL28. Fully immunized by 2 years,105-CL28. Fully immunized by 2 years,"HMIS 105:02-03 - OPD Monthly Report (MCH, FP, EID, EPI & HEPB)",UbHTBKwenBh,aMhI72s7Xgf,"5-14Yrs, Static"
675,VP01a,HPV-Dose 10 years,HPV Vaccination,2.6.1,LFH8bUaself,105-LD10,105-LD10. Hepatitis E,105-LD10. Hepatitis E,"HMIS 105:01 - OPD Monthly Report (Attendance, Referrals, Conditions,TB, Nutrition)",esaNB4G5AHs,wDiX34aiw6i,"0-28Dys, Female"
676,VP01b,HPV-Dose 11 years and above,HPV Vaccination,2.6.1,pGDRIjvl39Q,105-SR11A,105-SR11a. Hep A - Done,105-SR11a. Hep A - Done,HMIS 105:10 - OPD Monthly Report (Lab),bjDvmb4bfuf,HllvX50cXC0,default
677,TD01a,Td1-Dose 1 - Pregnant women - Static,Tetanus Vaccination,2.6.2,LFH8bUaself,105-LD10,105-LD10. Hepatitis E,105-LD10. Hepatitis E,"HMIS 105:01 - OPD Monthly Report (Attendance, Referrals, Conditions,TB, Nutrition)",esaNB4G5AHs,wDiX34aiw6i,"0-28Dys, Female"
678,TD01b,Td1-Dose 1 - Pregnant women - Outreach,Tetanus Vaccination,2.6.2,LFH8bUaself,105-LD10,105-LD10. Hepatitis E,105-LD10. Hepatitis E,"HMIS 105:01 - OPD Monthly Report (Attendance, Referrals, Conditions,TB, Nutrition)",esaNB4G5AHs,wDiX34aiw6i,"0-28Dys, Female"
679,TD02a,Td2-Dose 2 - Pregnant women - Static,Tetanus Vaccination,2.6.2,wWto30kHtt2,105a-VS23A,105a-VS23a. Hepatitis A - Samples Referred,105a-VS23a. Hepatitis A - Samples Referred,HMIS 105a - Specialized Outpatient monthly report,bjDvmb4bfuf,HllvX50cXC0,default
680,TD02b,Td2-Dose 2 - Pregnant women - Outreach,Tetanus Vaccination,2.6.2,LFH8bUaself,105-LD10,105-LD10. Hepatitis E,105-LD10. Hepatitis E,"HMIS 105:01 - OPD Monthly Report (Attendance, Referrals, Conditions,TB, Nutrition)",esaNB4G5AHs,wDiX34aiw6i,"0-28Dys, Female"
681,TD03a,Td3-Dose 3 - Pregnant women - Static,Tetanus Vaccination,2.6.2,wWto30kHtt2,105a-VS23A,105a-VS23a. Hepatitis A - Samples Referred,105a-VS23a. Hepatitis A - Samples Referred,HMIS 105a - Specialized Outpatient monthly report,bjDvmb4bfuf,HllvX50cXC0,default
682,TD03b,Td3-Dose 3 - Pregnant women - Outreach,Tetanus Vaccination,2.6.2,LFH8bUaself,105-LD10,105-LD10. Hepatitis E,105-LD10. Hepatitis E,"HMIS 105:01 - OPD Monthly Report (Attendance, Referrals, Conditions,TB, Nutrition)",esaNB4G5AHs,wDiX34aiw6i,"0-28Dys, Female"
683,TD04a,Td4-Dose 4 - Pregnant women - Static,Tetanus Vaccination,2.6.2,MLml19ikx5S,105-HT04B2_2019,105-HT04b2_2019 PITC at Community - New HIV+,105-HT04b2_2019. PITC at Community - New HIV+,HMIS 105:04-05 - OPD Monthly Report (HTS & SMC),RTw72kQmXra,IINRfWBo1HP,"40-44Yrs, Female"
684,TD04b,Td4-Dose 4 - Pregnant women - Outreach,Tetanus Vaccination,2.6.2,LFH8bUaself,105-LD10,105-LD10. Hepatitis E,105-LD10. Hepatitis E,"HMIS 105:01 - OPD Monthly Report (Attendance, Referrals, Conditions,TB, Nutrition)",esaNB4G5AHs,wDiX34aiw6i,"0-28Dys, Female"
685,TD05a,Td5-Dose 5 - Pregnant women - Static,Tetanus Vaccination,2.6.2,LFH8bUaself,105-LD10,105-LD10. Hepatitis E,105-LD10. Hepatitis E,"HMIS 105:01 - OPD Monthly Report (Attendance, Referrals, Conditions,TB, Nutrition)",esaNB4G5AHs,wDiX34aiw6i,"0-28Dys, Female"
686,TD05b,Td5-Dose 5 - Pregnant women - Outreach,Tetanus Vaccination,2.6.2,LFH8bUaself,105-LD10,105-LD10. Hepatitis E,105-LD10. Hepatitis E,"HMIS 105:01 - OPD Monthly Report (Attendance, Referrals, Conditions,TB, Nutrition)",esaNB4G5AHs,wDiX34aiw6i,"0-28Dys, Female"
687,TD06a,Td1-Dose 1 - Non-pregnant women - Static,Tetanus Vaccination,2.6.2,BcaD9UU4FVV,102-BD05A,102-BD05a. Beds - Men,102-BD05a. Beds - Men,,bjDvmb4bfuf,HllvX50cXC0,default
688,TD06b,Td1-Dose 1 - Non-pregnant women - Outreach,Tetanus Vaccination,2.6.2,LFH8bUaself,105-LD10,105-LD10. Hepatitis E,105-LD10. Hepatitis E,"HMIS 105:01 - OPD Monthly Report (Attendance, Referrals, Conditions,TB, Nutrition)",esaNB4G5AHs,wDiX34aiw6i,"0-28Dys, Female"
689,TD06c,Td1-Dose 1 - Non-pregnant women - Immunization in School,Tetanus Vaccination,2.6.2,KwdS7TztHf0,105-AN11,105-AN11. Pregnant Women receiving LLINs at ANC 1st visit,105-AN11. Pregnant Women receiving LLINs at ANC 1s,"HMIS 105:02-03 - OPD Monthly Report (MCH, FP, EID, EPI & HEPB)",bjDvmb4bfuf,HllvX50cXC0,default
690,TD07a,Td2-Dose 2 - Non-pregnant women - Static,Tetanus Vaccination,2.6.2,BcaD9UU4FVV,102-BD05A,102-BD05a. Beds - Men,102-BD05a. Beds - Men,,bjDvmb4bfuf,HllvX50cXC0,default
691,TD07b,Td2-Dose 2 - Non-pregnant women - Outreach,Tetanus Vaccination,2.6.2,BcaD9UU4FVV,102-BD05A,102-BD05a. Beds - Men,102-BD05a. Beds - Men,,bjDvmb4bfuf,HllvX50cXC0,default
692,TD07c,Td2-Dose 2 - Non-pregnant women - Immunization in School,Tetanus Vaccination,2.6.2,ZjQgpP9G7m1,,105-AN20b. HIV+ pregnant women receiving ART - Newly Initiated,105-AN20b. HIV+ preg women on ART-Newly Initiated,"HMIS 105:02-03 - OPD Monthly Report (MCH, FP, EID, EPI & HEPB)",bjDvmb4bfuf,HllvX50cXC0,default
693,TD08a,Td3-Dose 3 - Non-pregnant women - Static,Tetanus Vaccination,2.6.2,wWto30kHtt2,105a-VS23A,105a-VS23a. Hepatitis A - Samples Referred,105a-VS23a. Hepatitis A - Samples Referred,HMIS 105a - Specialized Outpatient monthly report,bjDvmb4bfuf,HllvX50cXC0,default
694,TD08b,Td3-Dose 3 - Non-pregnant women - Outreach,Tetanus Vaccination,2.6.2,LFH8bUaself,105-LD10,105-LD10. Hepatitis E,105-LD10. Hepatitis E,"HMIS 105:01 - OPD Monthly Report (Attendance, Referrals, Conditions,TB, Nutrition)",esaNB4G5AHs,wDiX34aiw6i,"0-28Dys, Female"
695,TD08c,Td3-Dose 3 - Non-pregnant women - Immunization in School,Tetanus Vaccination,2.6.2,eJjn1Av0vHI,105-SS03C,105-SS03c.Long Lasting Insecticidal Nets (LLINs) - Stock on hand,105-SS03c. LLINs - Stock on hand,"HMIS 105:06-09 - OPD Monthly Report (Supplies, Outreaches & Supervision)",bjDvmb4bfuf,HllvX50cXC0,default
696,TD09a,Td4-Dose 4 - Non-pregnant women - Static,Tetanus Vaccination,2.6.2,MLml19ikx5S,105-HT04B2_2019,105-HT04b2_2019 PITC at Community - New HIV+,105-HT04b2_2019. PITC at Community - New HIV+,HMIS 105:04-05 - OPD Monthly Report (HTS & SMC),RTw72kQmXra,IINRfWBo1HP,"40-44Yrs, Female"
697,TD09b,Td4-Dose 4 - Non-pregnant women - Outreach,Tetanus Vaccination,2.6.2,LFH8bUaself,105-LD10,105-LD10. Hepatitis E,105-LD10. Hepatitis E,"HMIS 105:01 - OPD Monthly Report (Attendance, Referrals, Conditions,TB, Nutrition)",esaNB4G5AHs,wDiX34aiw6i,"0-28Dys, Female"
698,TD09c,Td4-Dose 4 - Non-pregnant women - Immunization in School,Tetanus Vaccination,2.6.2,bYQQBS9F9Bp,105-SS14C,105-SS14c. Insulin short-acting 100IU/Ml - Stock on hand,105-SS14c. Insulin short-acting - Stock on hand,"HMIS 105:06-09 - OPD Monthly Report (Supplies, Outreaches & Supervision)",bjDvmb4bfuf,HllvX50cXC0,default
699,TD10a,Td5-Dose 5 - Non-pregnant women - Static,Tetanus Vaccination,2.6.2,BcaD9UU4FVV,102-BD05A,102-BD05a. Beds - Men,102-BD05a. Beds - Men,,bjDvmb4bfuf,HllvX50cXC0,default
700,TD10b,Td5-Dose 5 - Non-pregnant women - Outreach,Tetanus Vaccination,2.6.2,LFH8bUaself,105-LD10,105-LD10. Hepatitis E,105-LD10. Hepatitis E,"HMIS 105:01 - OPD Monthly Report (Attendance, Referrals, Conditions,TB, Nutrition)",esaNB4G5AHs,wDiX34aiw6i,"0-28Dys, Female"
701,TD10c,Td5-Dose 5 - Non-pregnant women - Immunization in School,Tetanus Vaccination,2.6.2,KwdS7TztHf0,105-AN11,105-AN11. Pregnant Women receiving LLINs at ANC 1st visit,105-AN11. Pregnant Women receiving LLINs at ANC 1s,"HMIS 105:02-03 - OPD Monthly Report (MCH, FP, EID, EPI & HEPB)",bjDvmb4bfuf,HllvX50cXC0,default
702,WT01a,BCG - Opening Balance,Vaccine Availability and Wastage,2.6.4,JSRCj9aRZcz,105-WT01A,105-WT01a. BCG - Open Balance,105-WT01a. BCG - Open Balance,"HMIS 105:02-03 - OPD Monthly Report (MCH, FP, EID, EPI & HEPB)",bjDvmb4bfuf,HllvX50cXC0,default
703,WT01b,BCG - Received,Vaccine Availability and Wastage,2.6.4,QGoQrfDCKYl,105-WT01B,105-WT01b. BCG - Received,105-WT01b. BCG - Received,"HMIS 105:02-03 - OPD Monthly Report (MCH, FP, EID, EPI & HEPB)",bjDvmb4bfuf,HllvX50cXC0,default
704,WT01c,BCG - Closing Balance,Vaccine Availability and Wastage,2.6.4,OdcboRpaL6I,105-WT01C,105-WT01c. BCG - Closing Balance,105-WT01c. BCG - Closing Balance,"HMIS 105:02-03 - OPD Monthly Report (MCH, FP, EID, EPI & HEPB)",bjDvmb4bfuf,HllvX50cXC0,default
705,WT01d,BCG - Doses wasted,Vaccine Availability and Wastage,2.6.4,OZ4bSvHFF9Y,105-WT01D,105-WT01d. BCG - Doses Wasted,105-WT01d. BCG - Doses Wasted,"HMIS 105:02-03 - OPD Monthly Report (MCH, FP, EID, EPI & HEPB)",uRWvhUdjfoG,ltwvjot7N9B,Closed Vials (CV)
706,WT01e,BCG - Doses in Closed Vials,Vaccine Availability and Wastage,2.6.4,IaM4gUM4D02,105a-VS22C,105a-VS22c. Hepatitis C - Pending Results,105a-VS22c. Hepatitis C - Pending Results,HMIS 105a - Specialized Outpatient monthly report,bjDvmb4bfuf,HllvX50cXC0,default
707,WT01f,BCG - Doses in Open Vials,Vaccine Availability and Wastage,2.6.4,cigMpKykA1Q,033B-TR03,033B-TR03. Measles-Rubella Vaccine vial,033B-TR03. Measles-Rubella Vaccine vial,HMIS 033b - Weekly Epidemiological Surveillance Report,bjDvmb4bfuf,HllvX50cXC0,default
708,WT02a,Hep B zero doze - Opening Balance,Vaccine Availability and Wastage,2.6.4,mfNGTqKlfpc,105-WT02A,105-WT02a. Hep B zero doze - Open Balance,105-WT02a. Hep B zero doze - Open Balance,"HMIS 105:02-03 - OPD Monthly Report (MCH, FP, EID, EPI & HEPB)",bjDvmb4bfuf,HllvX50cXC0,default
709,WT02b,Hep B zero doze - Received,Vaccine Availability and Wastage,2.6.4,I2rc7lEpb7z,105-WT02B,105-WT02b. Hep B zero doze - Received,105-WT02b. Hep B zero doze - Received,"HMIS 105:02-03 - OPD Monthly Report (MCH, FP, EID, EPI & HEPB)",bjDvmb4bfuf,HllvX50cXC0,default
710,WT02c,Hep B zero doze - Closing Balance,Vaccine Availability and Wastage,2.6.4,G6RGJzeAQlR,105-WT02C,105-WT02c. Hep B zero doze - Closing Balance,105-WT02c. Hep B zero doze - Closing Balance,"HMIS 105:02-03 - OPD Monthly Report (MCH, FP, EID, EPI & HEPB)",bjDvmb4bfuf,HllvX50cXC0,default
711,WT02d,Hep B zero doze - Doses wasted,Vaccine Availability and Wastage,2.6.4,HHj0p0Ac8A3,105-WT02D,105-WT02d. Hep B zero doze - Doses Wasted,105-WT02d. Hep B zero doze - Doses Wasted,"HMIS 105:02-03 - OPD Monthly Report (MCH, FP, EID, EPI & HEPB)",uRWvhUdjfoG,ltwvjot7N9B,Closed Vials (CV)
712,WT02e,Hep B zero doze - Doses in Closed Vials,Vaccine Availability and Wastage,2.6.4,LFH8bUaself,105-LD10,105-LD10. Hepatitis E,105-LD10. Hepatitis E,"HMIS 105:01 - OPD Monthly Report (Attendance, Referrals, Conditions,TB, Nutrition)",esaNB4G5AHs,wDiX34aiw6i,"0-28Dys, Female"
713,WT02f,Hep B zero doze - Doses in Open Vials,Vaccine Availability and Wastage,2.6.4,LFH8bUaself,105-LD10,105-LD10. Hepatitis E,105-LD10. Hepatitis E,"HMIS 105:01 - OPD Monthly Report (Attendance, Referrals, Conditions,TB, Nutrition)",esaNB4G5AHs,wDiX34aiw6i,"0-28Dys, Female"
714,WT03a,Polio (OPV) - Opening Balance,Vaccine Availability and Wastage,2.6.4,ppGkYNMqWX8,105-WT03A,105-WT03a. Polio(OPV) - Opening Balance,105-WT03a. Polio(OPV) - Opening Balance,"HMIS 105:02-03 - OPD Monthly Report (MCH, FP, EID, EPI & HEPB)",bjDvmb4bfuf,HllvX50cXC0,default
715,WT03b,Polio (OPV) - Received,Vaccine Availability and Wastage,2.6.4,iPWG1C3NTi1,105-WT03B,105-WT03b. Polio(OPV)  - Received,105-WT03b. Polio(OPV)  - Received,"HMIS 105:02-03 - OPD Monthly Report (MCH, FP, EID, EPI & HEPB)",bjDvmb4bfuf,HllvX50cXC0,default
716,WT03c,Polio (OPV) - Closing Balance,Vaccine Availability and Wastage,2.6.4,XQnMR1KMwT5,105-WT03C,105-WT03c. Polio(OPV)  - Closing Balance,105-WT03c. Polio(OPV)  - Closing Balance,"HMIS 105:02-03 - OPD Monthly Report (MCH, FP, EID, EPI & HEPB)",bjDvmb4bfuf,HllvX50cXC0,default
717,WT03d,Polio (OPV) - Doses wasted,Vaccine Availability and Wastage,2.6.4,SUmRVIrStBP,105-WT03D,105-WT03d. Polio(OPV)  - Doses Wasted,105-WT03d. Polio(OPV)  - Doses Wasted,"HMIS 105:02-03 - OPD Monthly Report (MCH, FP, EID, EPI & HEPB)",uRWvhUdjfoG,ltwvjot7N9B,Closed Vials (CV)
718,WT03e,Polio (OPV) - Doses in Closed Vials,Vaccine Availability and Wastage,2.6.4,h1CesvbLNP7,101-BG09,101-BG09. Floor Area L x W (in M2),101-BG09. Floor Area L x W (in M2),,bjDvmb4bfuf,HllvX50cXC0,default
719,WT03f,Polio (OPV) - Doses in Open Vials,Vaccine Availability and Wastage,2.6.4,ppGkYNMqWX8,105-WT03A,105-WT03a. Polio(OPV) - Opening Balance,105-WT03a. Polio(OPV) - Opening Balance,"HMIS 105:02-03 - OPD Monthly Report (MCH, FP, EID, EPI & HEPB)",bjDvmb4bfuf,HllvX50cXC0,default
720,WT04a,IPV - Opening Balance,Vaccine Availability and Wastage,2.6.4,noDiieWFh6r,105-WT04A,105-WT04a. IPV - Opening Balance,105-WT04a. IPV - Opening Balance,"HMIS 105:02-03 - OPD Monthly Report (MCH, FP, EID, EPI & HEPB)",bjDvmb4bfuf,HllvX50cXC0,default
721,WT04b,IPV - Received,Vaccine Availability and Wastage,2.6.4,lXdHXpzOilO,105-WT04B,105-WT04b. IPV - Received,105-WT04b. IPV - Received,"HMIS 105:02-03 - OPD Monthly Report (MCH, FP, EID, EPI & HEPB)",bjDvmb4bfuf,HllvX50cXC0,default
722,WT04c,IPV - Closing Balance,Vaccine Availability and Wastage,2.6.4,BrWcfdYGPXO,105-WT04C,105-WT04c. IPV - Closing Balance,105-WT04c. IPV - Closing Balance,"HMIS 105:02-03 - OPD Monthly Report (MCH, FP, EID, EPI & HEPB)",bjDvmb4bfuf,HllvX50cXC0,default
723,WT04d,IPV - Doses wasted,Vaccine Availability and Wastage,2.6.4,NjD7qC46klG,105-WT04D,105-WT04d. IPV - Doses Wasted,105-WT04d. IPV - Doses Wasted,"HMIS 105:02-03 - OPD Monthly Report (MCH, FP, EID, EPI & HEPB)",uRWvhUdjfoG,ltwvjot7N9B,Closed Vials (CV)
724,WT04e,IPV - Doses in Closed Vials,Vaccine Availability and Wastage,2.6.4,zixf6a0f4zU,106a-TB18B1_2019,106a-TB18B1_2019. MTB +ve and Rif S,106a-TB18b1_2019. MTB +ve and Rif S,HMIS 106a:03 - TB/Leprosy Quarterly Report,xpNSFSr8MpW,UjrmGnCgKIk,Relapse
725,WT04f,IPV - Doses in Open Vials,Vaccine Availability and Wastage,2.6.4,noDiieWFh6r,105-WT04A,105-WT04a. IPV - Opening Balance,105-WT04a. IPV - Opening Balance,"HMIS 105:02-03 - OPD Monthly Report (MCH, FP, EID, EPI & HEPB)",bjDvmb4bfuf,HllvX50cXC0,default
726,WT05a,DPT+Hep B+Hib - Opening Balance,Vaccine Availability and Wastage,2.6.4,q0eJayyV6Js,105-WT05A,105-WT05a. DPT+HepB+Hib - Opening Balance,105-WT05a. DPT+HepB+Hib - Opening Balance,"HMIS 105:02-03 - OPD Monthly Report (MCH, FP, EID, EPI & HEPB)",bjDvmb4bfuf,HllvX50cXC0,default
727,WT05b,DPT+Hep B+Hib - Received,Vaccine Availability and Wastage,2.6.4,FLBA3T25bpz,105-WT05B,105-WT05b. DPT+HepB+Hib  - Received,105-WT05b. DPT+HepB+Hib  - Received,"HMIS 105:02-03 - OPD Monthly Report (MCH, FP, EID, EPI & HEPB)",bjDvmb4bfuf,HllvX50cXC0,default
728,WT05c,DPT+Hep B+Hib - Closing Balance,Vaccine Availability and Wastage,2.6.4,mBTn9mI2Hx0,105-WT05C,105-WT05c. DPT+HepB+Hib  - Closing Balance,105-WT05c. DPT+HepB+Hib  - Closing Balance,"HMIS 105:02-03 - OPD Monthly Report (MCH, FP, EID, EPI & HEPB)",bjDvmb4bfuf,HllvX50cXC0,default
729,WT05d,DPT+Hep B+Hib - Doses wasted,Vaccine Availability and Wastage,2.6.4,Zcw2OCp00oE,105-WT05D,105-WT05d. DPT+HepB+Hib - Doses Wasted,105-WT05d. DPT+HepB+Hib - Doses Wasted,"HMIS 105:02-03 - OPD Monthly Report (MCH, FP, EID, EPI & HEPB)",uRWvhUdjfoG,ltwvjot7N9B,Closed Vials (CV)
730,WT05e,DPT+Hep B+Hib - Doses in Closed Vials,Vaccine Availability and Wastage,2.6.4,wEyMlJ9Vce9,105-LD09,105-LD09. Hepatitis D,105-LD09. Hepatitis D,"HMIS 105:01 - OPD Monthly Report (Attendance, Referrals, Conditions,TB, Nutrition)",esaNB4G5AHs,wDiX34aiw6i,"0-28Dys, Female"
731,WT05f,DPT+Hep B+Hib - Doses in Open Vials,Vaccine Availability and Wastage,2.6.4,q0eJayyV6Js,105-WT05A,105-WT05a. DPT+HepB+Hib - Opening Balance,105-WT05a. DPT+HepB+Hib - Opening Balance,"HMIS 105:02-03 - OPD Monthly Report (MCH, FP, EID, EPI & HEPB)",bjDvmb4bfuf,HllvX50cXC0,default
732,WT06a,PCV - Opening Balance,Vaccine Availability and Wastage,2.6.4,R0JGyJ4piOh,105-WT06A,105-WT06a. PCV - Opening Balance,105-WT06a. PCV - Opening Balance,"HMIS 105:02-03 - OPD Monthly Report (MCH, FP, EID, EPI & HEPB)",bjDvmb4bfuf,HllvX50cXC0,default
733,WT06b,PCV - Received,Vaccine Availability and Wastage,2.6.4,BzBLojjjeRB,105-WT06B,105-WT06b. PCV - Received,105-WT06b. PCV - Received,"HMIS 105:02-03 - OPD Monthly Report (MCH, FP, EID, EPI & HEPB)",bjDvmb4bfuf,HllvX50cXC0,default
734,WT06c,PCV - Closing Balance,Vaccine Availability and Wastage,2.6.4,cXy4Pwau1SF,105-WT06C,105-WT06c. PCV - Closing Balance,105-WT06c. PCV - Closing Balance,"HMIS 105:02-03 - OPD Monthly Report (MCH, FP, EID, EPI & HEPB)",bjDvmb4bfuf,HllvX50cXC0,default
735,WT06d,PCV - Doses wasted,Vaccine Availability and Wastage,2.6.4,a5p50RZM4j8,105-WT06D,105-WT06d. PCV - Doses Wasted,105-WT06d. PCV - Doses Wasted,"HMIS 105:02-03 - OPD Monthly Report (MCH, FP, EID, EPI & HEPB)",uRWvhUdjfoG,ltwvjot7N9B,Closed Vials (CV)
736,WT06e,PCV - Doses in Closed Vials,Vaccine Availability and Wastage,2.6.4,IaM4gUM4D02,105a-VS22C,105a-VS22c. Hepatitis C - Pending Results,105a-VS22c. Hepatitis C - Pending Results,HMIS 105a - Specialized Outpatient monthly report,bjDvmb4bfuf,HllvX50cXC0,default
737,WT06f,PCV - Doses in Open Vials,Vaccine Availability and Wastage,2.6.4,R0JGyJ4piOh,105-WT06A,105-WT06a. PCV - Opening Balance,105-WT06a. PCV - Opening Balance,"HMIS 105:02-03 - OPD Monthly Report (MCH, FP, EID, EPI & HEPB)",bjDvmb4bfuf,HllvX50cXC0,default
738,WT07a,Rotavirus - Opening Balance,Vaccine Availability and Wastage,2.6.4,KBxOZNiR67y,105-WT07A,105-WT07a. Rotavirus - Opening Balance,105-WT07a. Rotavirus - Opening Balance,"HMIS 105:02-03 - OPD Monthly Report (MCH, FP, EID, EPI & HEPB)",bjDvmb4bfuf,HllvX50cXC0,default
739,WT07b,Rotavirus - Received,Vaccine Availability and Wastage,2.6.4,xpZ6TjMsme7,105-WT07B,105-WT07b. Rotavirus - Received,105-WT07b. Rotavirus - Received,"HMIS 105:02-03 - OPD Monthly Report (MCH, FP, EID, EPI & HEPB)",bjDvmb4bfuf,HllvX50cXC0,default
740,WT07c,Rotavirus - Closing Balance,Vaccine Availability and Wastage,2.6.4,syx0YWdQeAW,105-WT07C,105-WT07c. Rotavirus - Closing Balance,105-WT07c. Rotavirus - Closing Balance,"HMIS 105:02-03 - OPD Monthly Report (MCH, FP, EID, EPI & HEPB)",bjDvmb4bfuf,HllvX50cXC0,default
741,WT07d,Rotavirus - Doses wasted,Vaccine Availability and Wastage,2.6.4,VUcc4loOjrS,105-WT07D,105-WT07d. Rotavirus - Doses Wasted,105-WT07d. Rotavirus - Doses Wasted,"HMIS 105:02-03 - OPD Monthly Report (MCH, FP, EID, EPI & HEPB)",uRWvhUdjfoG,ltwvjot7N9B,Closed Vials (CV)
742,WT07e,Rotavirus - Doses in Closed Vials,Vaccine Availability and Wastage,2.6.4,zixf6a0f4zU,106a-TB18B1_2019,106a-TB18B1_2019. MTB +ve and Rif S,106a-TB18b1_2019. MTB +ve and Rif S,HMIS 106a:03 - TB/Leprosy Quarterly Report,xpNSFSr8MpW,UjrmGnCgKIk,Relapse
743,WT07f,Rotavirus - Doses in Open Vials,Vaccine Availability and Wastage,2.6.4,aN0BNF9yjGq,105-EC10,105-EC10. Vitamin A Deficiency,105-EC10. Vitamin A Deficiency,"HMIS 105:01 - OPD Monthly Report (Attendance, Referrals, Conditions,TB, Nutrition)",esaNB4G5AHs,wDiX34aiw6i,"0-28Dys, Female"
744,WT08a,Measles - Opening Balance,Vaccine Availability and Wastage,2.6.4,MD2YuRl94Fz,105-WT08A,105-WT08a. Measles - Opening Balance,105-WT08a. Measles - Opening Balance,"HMIS 105:02-03 - OPD Monthly Report (MCH, FP, EID, EPI & HEPB)",bjDvmb4bfuf,HllvX50cXC0,default
745,WT08b,Measles - Received,Vaccine Availability and Wastage,2.6.4,W76e0DKlJ4c,105-WT08B,105-WT08b. Measles - Received,105-WT08b. Measles - Received,"HMIS 105:02-03 - OPD Monthly Report (MCH, FP, EID, EPI & HEPB)",bjDvmb4bfuf,HllvX50cXC0,default
746,WT08c,Measles - Closing Balance,Vaccine Availability and Wastage,2.6.4,kxwF7G5Sa9i,105-WT08C,105-WT08c. Measles - Closing Balance,105-WT08c. Measles - Closing Balance,"HMIS 105:02-03 - OPD Monthly Report (MCH, FP, EID, EPI & HEPB)",bjDvmb4bfuf,HllvX50cXC0,default
747,WT08d,Measles - Doses wasted,Vaccine Availability and Wastage,2.6.4,BnJW6UAa9nj,105-WT08D,105-WT08d. Measles - Doses Wasted,105-WT08d. Measles - Doses Wasted,"HMIS 105:02-03 - OPD Monthly Report (MCH, FP, EID, EPI & HEPB)",uRWvhUdjfoG,ltwvjot7N9B,Closed Vials (CV)
748,WT08e,Measles - Doses in Closed Vials,Vaccine Availability and Wastage,2.6.4,zixf6a0f4zU,106a-TB18B1_2019,106a-TB18B1_2019. MTB +ve and Rif S,106a-TB18b1_2019. MTB +ve and Rif S,HMIS 106a:03 - TB/Leprosy Quarterly Report,xpNSFSr8MpW,UjrmGnCgKIk,Relapse
749,WT08f,Measles - Doses in Open Vials,Vaccine Availability and Wastage,2.6.4,cigMpKykA1Q,033B-TR03,033B-TR03. Measles-Rubella Vaccine vial,033B-TR03. Measles-Rubella Vaccine vial,HMIS 033b - Weekly Epidemiological Surveillance Report,bjDvmb4bfuf,HllvX50cXC0,default
750,WT09a,Yellow Fever - Opening Balance,Vaccine Availability and Wastage,2.6.4,c4DJHtoOxR5,105-WT09A,105-WT09a. Yellow Fever - Opening Balance,105-WT09a. Yellow Fever - Opening Balance,"HMIS 105:02-03 - OPD Monthly Report (MCH, FP, EID, EPI & HEPB)",bjDvmb4bfuf,HllvX50cXC0,default
751,WT09b,Yellow Fever - Received,Vaccine Availability and Wastage,2.6.4,FHnkrOy9cyJ,105-WT09B,105-WT09b. Yellow Fever - Received,105-WT09b. Yellow Fever - Received,"HMIS 105:02-03 - OPD Monthly Report (MCH, FP, EID, EPI & HEPB)",bjDvmb4bfuf,HllvX50cXC0,default
752,WT09c,Yellow Fever - Closing Balance,Vaccine Availability and Wastage,2.6.4,qnUDnMdP4Bl,105-WT09C,105-WT09c. Yellow Fever - Closing Balance,105-WT09c. Yellow Fever - Closing Balance,"HMIS 105:02-03 - OPD Monthly Report (MCH, FP, EID, EPI & HEPB)",bjDvmb4bfuf,HllvX50cXC0,default
753,WT09d,Yellow Fever - Doses wasted,Vaccine Availability and Wastage,2.6.4,lnwoasEJlj6,105-WT09D,105-WT09d. Yellow Fever - Doses Wasted,105-WT09d. Yellow Fever - Doses Wasted,"HMIS 105:02-03 - OPD Monthly Report (MCH, FP, EID, EPI & HEPB)",uRWvhUdjfoG,ltwvjot7N9B,Closed Vials (CV)
754,WT09e,Yellow Fever - Doses in Closed Vials,Vaccine Availability and Wastage,2.6.4,LFH8bUaself,105-LD10,105-LD10. Hepatitis E,105-LD10. Hepatitis E,"HMIS 105:01 - OPD Monthly Report (Attendance, Referrals, Conditions,TB, Nutrition)",esaNB4G5AHs,wDiX34aiw6i,"0-28Dys, Female"
755,WT09f,Yellow Fever - Doses in Open Vials,Vaccine Availability and Wastage,2.6.4,LFH8bUaself,105-LD10,105-LD10. Hepatitis E,105-LD10. Hepatitis E,"HMIS 105:01 - OPD Monthly Report (Attendance, Referrals, Conditions,TB, Nutrition)",esaNB4G5AHs,wDiX34aiw6i,"0-28Dys, Female"
756,WT10a,Td - Opening Balance,Vaccine Availability and Wastage,2.6.4,Vm17iJeYWrM,105-WT10A,105-WT10a. Td - Opening Balance,105-WT10a. Td - Opening Balance,"HMIS 105:02-03 - OPD Monthly Report (MCH, FP, EID, EPI & HEPB)",bjDvmb4bfuf,HllvX50cXC0,default
757,WT10b,Td - Received,Vaccine Availability and Wastage,2.6.4,rn9w80fi5rI,105-WT10B,105-WT10b. Td - Received,105-WT10b. Td - Received,"HMIS 105:02-03 - OPD Monthly Report (MCH, FP, EID, EPI & HEPB)",bjDvmb4bfuf,HllvX50cXC0,default
758,WT10c,Td - Closing Balance,Vaccine Availability and Wastage,2.6.4,lmpQmvOtybC,105-WT10C,105-WT10c. Td - Closing Balance,105-WT10c. Td - Closing Balance,"HMIS 105:02-03 - OPD Monthly Report (MCH, FP, EID, EPI & HEPB)",bjDvmb4bfuf,HllvX50cXC0,default
759,WT10d,Td - Doses wasted,Vaccine Availability and Wastage,2.6.4,fTonlL3eWFE,105-WT10D,105-WT10d. Td - Doses Wasted,105-WT10d. Td - Doses Wasted,"HMIS 105:02-03 - OPD Monthly Report (MCH, FP, EID, EPI & HEPB)",uRWvhUdjfoG,ltwvjot7N9B,Closed Vials (CV)
760,WT10e,Td - Doses in Closed Vials,Vaccine Availability and Wastage,2.6.4,wEyMlJ9Vce9,105-LD09,105-LD09. Hepatitis D,105-LD09. Hepatitis D,"HMIS 105:01 - OPD Monthly Report (Attendance, Referrals, Conditions,TB, Nutrition)",esaNB4G5AHs,wDiX34aiw6i,"0-28Dys, Female"
761,WT10f,Td - Doses in Open Vials,Vaccine Availability and Wastage,2.6.4,Vm17iJeYWrM,105-WT10A,105-WT10a. Td - Opening Balance,105-WT10a. Td - Opening Balance,"HMIS 105:02-03 - OPD Monthly Report (MCH, FP, EID, EPI & HEPB)",bjDvmb4bfuf,HllvX50cXC0,default
762,WT11a,HPV - Opening Balance,Vaccine Availability and Wastage,2.6.4,gl4CRezThOQ,105-WT11A,105-WT11a. HPV - Opening Balance,105-WT11a. HPV - Opening Balance,"HMIS 105:02-03 - OPD Monthly Report (MCH, FP, EID, EPI & HEPB)",bjDvmb4bfuf,HllvX50cXC0,default
763,WT11b,HPV - Received,Vaccine Availability and Wastage,2.6.4,SELnREPYiGs,105-WT11B,105-WT11b. HPV - Received,105-WT11b. HPV - Received,"HMIS 105:02-03 - OPD Monthly Report (MCH, FP, EID, EPI & HEPB)",bjDvmb4bfuf,HllvX50cXC0,default
764,WT11c,HPV - Closing Balance,Vaccine Availability and Wastage,2.6.4,S3sJne8SfDt,105-WT11C,105-WT11c. HPV - Closing Balance,105-WT11c. HPV - Closing Balance,"HMIS 105:02-03 - OPD Monthly Report (MCH, FP, EID, EPI & HEPB)",bjDvmb4bfuf,HllvX50cXC0,default
765,WT11d,HPV - Doses wasted,Vaccine Availability and Wastage,2.6.4,HIRzx2RSpRR,105-WT11D,105-WT11d. HPV - Doses Wasted,105-WT11d. HPV - Doses Wasted,"HMIS 105:02-03 - OPD Monthly Report (MCH, FP, EID, EPI & HEPB)",uRWvhUdjfoG,ltwvjot7N9B,Closed Vials (CV)
766,WT11e,HPV - Doses in Closed Vials,Vaccine Availability and Wastage,2.6.4,zixf6a0f4zU,106a-TB18B1_2019,106a-TB18B1_2019. MTB +ve and Rif S,106a-TB18b1_2019. MTB +ve and Rif S,HMIS 106a:03 - TB/Leprosy Quarterly Report,xpNSFSr8MpW,UjrmGnCgKIk,Relapse
767,WT11f,HPV - Doses in Open Vials,Vaccine Availability and Wastage,2.6.4,gl4CRezThOQ,105-WT11A,105-WT11a. HPV - Opening Balance,105-WT11a. HPV - Opening Balance,"HMIS 105:02-03 - OPD Monthly Report (MCH, FP, EID, EPI & HEPB)",bjDvmb4bfuf,HllvX50cXC0,default
768,WT12a,Malaria - Opening Balance,Vaccine Availability and Wastage,2.6.4,KkO23okGi5a,105-WT12A,105-WT12a. Malaria - Opening Balance,105-WT12a. Malaria - Opening Balance,"HMIS 105:02-03 - OPD Monthly Report (MCH, FP, EID, EPI & HEPB)",bjDvmb4bfuf,HllvX50cXC0,default
769,WT12b,Malaria - Received,Vaccine Availability and Wastage,2.6.4,ory0dLlfYiD,105-WT12B,105-WT12b. Malaria - Received,105-WT12b. Malaria - Received,"HMIS 105:02-03 - OPD Monthly Report (MCH, FP, EID, EPI & HEPB)",bjDvmb4bfuf,HllvX50cXC0,default
770,WT12c,Malaria - Closing Balance,Vaccine Availability and Wastage,2.6.4,KhS4mq3zNfA,105-WT12C,105-WT12c. Malaria - Closing Balance,105-WT12c. Malaria - Closing Balance,"HMIS 105:02-03 - OPD Monthly Report (MCH, FP, EID, EPI & HEPB)",bjDvmb4bfuf,HllvX50cXC0,default
771,WT12d,Malaria - Doses wasted,Vaccine Availability and Wastage,2.6.4,LwD8GEuedFt,105-WT12D,105-WT12d. Malaria - Doses Wasted,105-WT12d. Malaria - Doses Wasted,"HMIS 105:02-03 - OPD Monthly Report (MCH, FP, EID, EPI & HEPB)",uRWvhUdjfoG,ltwvjot7N9B,Closed Vials (CV)
772,WT12e,Malaria - Doses in Closed Vials,Vaccine Availability and Wastage,2.6.4,aN0BNF9yjGq,105-EC10,105-EC10. Vitamin A Deficiency,105-EC10. Vitamin A Deficiency,"HMIS 105:01 - OPD Monthly Report (Attendance, Referrals, Conditions,TB, Nutrition)",esaNB4G5AHs,wDiX34aiw6i,"0-28Dys, Female"
773,WT12f,Malaria - Doses in Open Vials,Vaccine Availability and Wastage,2.6.4,aN0BNF9yjGq,105-EC10,105-EC10. Vitamin A Deficiency,105-EC10. Vitamin A Deficiency,"HMIS 105:01 - OPD Monthly Report (Attendance, Referrals, Conditions,TB, Nutrition)",esaNB4G5AHs,wDiX34aiw6i,"0-28Dys, Female"
774,HB01,No of clients tested for Hep B,Hepatitis,3,K9hRDR2ytjL,105-HB01,105-HB01. Clients tested for HepB,105-HB01. Clients tested for HepB,"HMIS 105:02-03 - OPD Monthly Report (MCH, FP, EID, EPI & HEPB)",SMbT0KZvX34,d7Ftw7O2CbE,"10-19Yrs, Female"
775,HB02,No tested negative for Hep B,Hepatitis,3,noIZByyFm0i,105-HB02,105-HB02. Clients tested negative for HepB,105-HB02. Clients tested negative for HepB,"HMIS 105:02-03 - OPD Monthly Report (MCH, FP, EID, EPI & HEPB)",SMbT0KZvX34,d7Ftw7O2CbE,"10-19Yrs, Female"
776,HB03a,No tested negative for Hep B and Vaccinated - 1st Dose (New),Hepatitis,3,SXGS1yh9yXz,105-HB03A,105-HB03a. Clients tested negative for HepB and Vaccinated - 1st Dose (New),105-HB03a. Tested HepB -ve & vaccinated(1st dose),"HMIS 105:02-03 - OPD Monthly Report (MCH, FP, EID, EPI & HEPB)",SMbT0KZvX34,d7Ftw7O2CbE,"10-19Yrs, Female"
777,HB03b,No tested negative for Hep B and Vaccinated - 2nd Dose (Revisit),Hepatitis,3,A4n6FfFK03l,105-HB03B,105-HB03b. Clients tested negative for HepB and Vaccinated - 2nd Dose (Revisit),105-HB03b. Tested HepB -ve & vaccinated(2nd dose),"HMIS 105:02-03 - OPD Monthly Report (MCH, FP, EID, EPI & HEPB)",SMbT0KZvX34,d7Ftw7O2CbE,"10-19Yrs, Female"
778,HB03c,No tested negative for Hep B and Vaccinated - 3rd Dose (Revisit),Hepatitis,3,XSzPyu0shWh,105-HB03C,105-HB03c. Clients tested negative for HepB and Vaccinated - 3rd Dose (Revisit),105-HB03c. Tested HepB -ve & vaccinated(3nd dose),"HMIS 105:02-03 - OPD Monthly Report (MCH, FP, EID, EPI & HEPB)",SMbT0KZvX34,d7Ftw7O2CbE,"10-19Yrs, Female"
779,HB04,No tested positive for Hep B,Hepatitis,3,wPHNUK3jrFJ,105-HB04,105-HB04. Clients tested positive for HepB,105-HB04. Clients tested positive for HepB,"HMIS 105:02-03 - OPD Monthly Report (MCH, FP, EID, EPI & HEPB)",SMbT0KZvX34,d7Ftw7O2CbE,"10-19Yrs, Female"
780,HB05,No tested positive for Hep B and enrolled for treatment,Hepatitis,3,KsuTV6MBWCJ,105-HB05,105-HB05. Clients tested positive for HepB and enrolled into care and treatment,105-HB05. Clients tested HepB+ & enrolled in CTX,"HMIS 105:02-03 - OPD Monthly Report (MCH, FP, EID, EPI & HEPB)",SMbT0KZvX34,d7Ftw7O2CbE,"10-19Yrs, Female"
781,HB06,No tested positive for Hep B and not enrolled into care and treatment,Hepatitis,3,uj3GNOPOI2G,105-HB06,105-HB06. Clients tested positive for HepB and not enrolled into care and treatment,105-HB06. Clients tested HepB+ not enrolled in CTX,"HMIS 105:02-03 - OPD Monthly Report (MCH, FP, EID, EPI & HEPB)",SMbT0KZvX34,d7Ftw7O2CbE,"10-19Yrs, Female"
782,HB07,No of persons assessed for Hep B treatment effectiveness (viral load suppression),Hepatitis,3,zwfNxrpIt3C,105-HB07,105-HB07. Persons assessed for HepB treatment effectiveness (viral load suppression),105-HB07. Assessed for HepB TX effectiveness,"HMIS 105:02-03 - OPD Monthly Report (MCH, FP, EID, EPI & HEPB)",SMbT0KZvX34,d7Ftw7O2CbE,"10-19Yrs, Female"
783,HB08,No of persons with Hep B treatment (viral load suppression),Hepatitis,3,aW6YFBSBBj3,105-HB08,105-HB08. Persons with HepB effective treatment (viral load suppression),105-HB08. Persons with HepB TX VL Suppression,"HMIS 105:02-03 - OPD Monthly Report (MCH, FP, EID, EPI & HEPB)",SMbT0KZvX34,d7Ftw7O2CbE,"10-19Yrs, Female"
784,HB09,No of pregnant women tested for Hep B (Subset of row 1),Hepatitis,3,SqWnhAsv5ov,105-HB09,105-HB09. Pregnant women tested for HepB,105-HB09. Pregnant women tested for HepB,"HMIS 105:02-03 - OPD Monthly Report (MCH, FP, EID, EPI & HEPB)",SMbT0KZvX34,d7Ftw7O2CbE,"10-19Yrs, Female"
785,HB10,No of pregnant women tested positive for Hep B (Subset of row 4),Hepatitis,3,fDQtdis81So,105-HB10,105-HB10. Pregnant women tested positive for HepB,105-HB10. Pregnant women tested positive for HepB,"HMIS 105:02-03 - OPD Monthly Report (MCH, FP, EID, EPI & HEPB)",SMbT0KZvX34,d7Ftw7O2CbE,"10-19Yrs, Female"
786,HB11,No of pregnant women tested positive for Hep B and initiated on HepB treatment (Subset of row 5),Hepatitis,3,fnoBIKW7Rah,105-HB11,105-HB11. Pregnant women tested positive for HepB and initiated on HepB treatment (Subset of row 5),"105-HB11.Preg. women tested HepB+,initiated on CTX","HMIS 105:02-03 - OPD Monthly Report (MCH, FP, EID, EPI & HEPB)",SMbT0KZvX34,d7Ftw7O2CbE,"10-19Yrs, Female"
787,HB12,No tested for Hep C,Hepatitis,3,v16fEfMxwO2,105-HB12,105-HB12. Tested for HepC,105-HB12. Tested for HepC,"HMIS 105:02-03 - OPD Monthly Report (MCH, FP, EID, EPI & HEPB)",SMbT0KZvX34,d7Ftw7O2CbE,"10-19Yrs, Female"
788,HB13,No tested positive for Hep C (Anti-HCV),Hepatitis,3,H8TeRab2HGY,105-HB13,105-HB13. Tested positive for HepC (Anti-HCV),105-HB13. Tested positive for HepC (Anti-HCV),"HMIS 105:02-03 - OPD Monthly Report (MCH, FP, EID, EPI & HEPB)",SMbT0KZvX34,d7Ftw7O2CbE,"10-19Yrs, Female"
789,HB14,No confirmed positive for Hep C (HCV RNA),Hepatitis,3,Yi0ceCLmBwJ,105-HB14,105-HB14. Confirmed positive for HepC (HCV RNA),105-HB14. Confirmed positive for HepC (HCV RNA),"HMIS 105:02-03 - OPD Monthly Report (MCH, FP, EID, EPI & HEPB)",SMbT0KZvX34,d7Ftw7O2CbE,"10-19Yrs, Female"
790,HB15,No tested positive for HCV RNA and enrolled for treatment,Hepatitis,3,u0pXxXm0jbZ,105-HB15,105-HB15. Tested positive for HCV RNA and enrolled into treatment,105-HB15. Tested HCV RNA +ve and enrolled in TX,"HMIS 105:02-03 - OPD Monthly Report (MCH, FP, EID, EPI & HEPB)",SMbT0KZvX34,d7Ftw7O2CbE,"10-19Yrs, Female"
791,HB16,No of persons assessed for Hep C Sustained Viral response,Hepatitis,3,Ydbq5rLMnY1,105-HB16,105-HB16. Persons assessed for HepC sustained viral response (SVR),105-HB16. Persons assessed for HepC SVR,"HMIS 105:02-03 - OPD Monthly Report (MCH, FP, EID, EPI & HEPB)",SMbT0KZvX34,d7Ftw7O2CbE,"10-19Yrs, Female"
792,HT01a,Tested for HIV,HIV/AIDS Testing Services,4,JDj52ZDkYOS,105-HT01A,105-HT01a. Total No. of Individuals at Health Facility - Tested for HIV,105-HT01a. Individuals at HF - Tested for HIV,HMIS 105:04-05 - OPD Monthly Report (HTS & SMC),zWqpJrAvWr1,ZmDRpouk1Pf,"5-9Yrs, Male"
793,HT01b,New HIV Positive,HIV/AIDS Testing Services,4,UJh7AsotZjd,105-HT01B,105-HT01b. Total No. of Individuals at Health Facility - New HIV Positive,105-HT01b.  Individuals at HF - New HIV Positive,HMIS 105:04-05 - OPD Monthly Report (HTS & SMC),zWqpJrAvWr1,ZmDRpouk1Pf,"5-9Yrs, Male"
794,HT01c,New HIV Positive Linked to HIV Care,HIV/AIDS Testing Services,4,Hd86JRRJIl4,105-HT01C,105-HT01c. Total No. of Individuals at Health Facility - New HIV Positive Linked to HIV Care,105-HT01c. Individuals at HF - Linked to HIV Care,HMIS 105:04-05 - OPD Monthly Report (HTS & SMC),zWqpJrAvWr1,ZmDRpouk1Pf,"5-9Yrs, Male"
795,HT01d,Tested HIV Negative Referred for HIV Prevention Services,HIV/AIDS Testing Services,4,Y3IqHbFqofa,105-HT01D,105-HT01d. Total No. of Individuals at Health Facility - Tested HIV Negative Referred for HIV Prevention Services,105-HT01d. Individuals at HF - HIV -ve Referred PS,HMIS 105:04-05 - OPD Monthly Report (HTS & SMC),zWqpJrAvWr1,ZmDRpouk1Pf,"5-9Yrs, Male"
796,HT02a,Tested for HIV,HIV/AIDS Testing Services,4,H12j4dDiwTl,105-HT02A,105-HT02a. Total No. of Individuals at Community - Tested for HIV,105-HT02a. Individuals at Community-Tested for HIV,HMIS 105:04-05 - OPD Monthly Report (HTS & SMC),zWqpJrAvWr1,ZmDRpouk1Pf,"5-9Yrs, Male"
797,HT02b,New HIV Positive,HIV/AIDS Testing Services,4,lc0JJzstJxL,105-HT02B,105-HT02b. Total No. of Individuals at Community - New HIV Positive,105-HT02b. Individuals at Community - New HIV +ve,HMIS 105:04-05 - OPD Monthly Report (HTS & SMC),zWqpJrAvWr1,ZmDRpouk1Pf,"5-9Yrs, Male"
798,HT02c,New HIV Positive Linked to HIV Care,HIV/AIDS Testing Services,4,AA4ynk0vo2W,105-HT02C,105-HT02c. Total No. of Individuals at Community - New HIV Positive Linked to HIV Care,HT02c. Individuals at Community - Linked to Care,HMIS 105:04-05 - OPD Monthly Report (HTS & SMC),zWqpJrAvWr1,ZmDRpouk1Pf,"5-9Yrs, Male"
799,HT02d,Tested HIV Negative Referred for HIV Prevention Services,HIV/AIDS Testing Services,4,X5dGVcJ5YG1,105-HT02D,105-HT02d. Total No. of Individuals at Community - Tested HIV Negative Referred for HIV Prevention Services,HT02d. Individuals at Community -ve Referred HPS,HMIS 105:04-05 - OPD Monthly Report (HTS & SMC),zWqpJrAvWr1,ZmDRpouk1Pf,"5-9Yrs, Male"
800,HT03a,Elicited,HIV/AIDS Testing Services,4,vIcnu9cnTQX,105-HT03A,105-HT03a. No. of Contacts of Index Clients - Elicited,105-HT03a. No. Contacts of Index Clients-Elicited,HMIS 105:04-05 - OPD Monthly Report (HTS & SMC),zWqpJrAvWr1,ZmDRpouk1Pf,"5-9Yrs, Male"
801,HT03b,Notified,HIV/AIDS Testing Services,4,X79SyXTY713,105-HT03B,105-HT03b. No. of Contacts of Index Clients - Notified,105-HT03b. Contacts of Index Clients - Notified,HMIS 105:04-05 - OPD Monthly Report (HTS & SMC),zWqpJrAvWr1,ZmDRpouk1Pf,"5-9Yrs, Male"
802,HT03c,Tested,HIV/AIDS Testing Services,4,BHTtK7k5gOs,105-HT03C,105-HT03c. No. of Contacts of Index Clients - Tested,105-HT03c. Contacts of Index Clients - Tested,HMIS 105:04-05 - OPD Monthly Report (HTS & SMC),zWqpJrAvWr1,ZmDRpouk1Pf,"5-9Yrs, Male"
803,HT03d,New HIV Positives,HIV/AIDS Testing Services,4,jXSCCk7QO7e,105-HT03D,105-HT03d. No. of Contacts of Index Clients - New HIV Positives,105-HT03d. Contacts of Index Clients-New HIV Pos,HMIS 105:04-05 - OPD Monthly Report (HTS & SMC),zWqpJrAvWr1,ZmDRpouk1Pf,"5-9Yrs, Male"
804,HT03e,New HIV Positive Linked to HIV Care,HIV/AIDS Testing Services,4,J9JFCJaqQMo,105-HT03E,105-HT03e. No. of Contacts of Index Clients - New HIV Positive Linked to HIV Care,105-HT03e. Contacts of Index Clients-LinkedtoCare,HMIS 105:04-05 - OPD Monthly Report (HTS & SMC),zWqpJrAvWr1,ZmDRpouk1Pf,"5-9Yrs, Male"
805,HT03f,Tested HIV Negative Referred for HIV Prevention Services,HIV/AIDS Testing Services,4,b43eApehNU5,105-HT03F,105-HT03f. No. of Contacts of Index Clients - Tested HIV Negative Referred for HIV Prevention Services,105-HT03f.Contacts of IndexClients-Tested&Reffered,HMIS 105:04-05 - OPD Monthly Report (HTS & SMC),zWqpJrAvWr1,ZmDRpouk1Pf,"5-9Yrs, Male"
806,HT04a,Elicited,HIV/AIDS Testing Services,4,fMgS4JDyWVX,105-HT04A,105-HT04a. No. of Social Contacts (SNS)  - Elicited,105-HT04a. Social Contacts (SNS) - Elicited,HMIS 105:04-05 - OPD Monthly Report (HTS & SMC),zWqpJrAvWr1,ZmDRpouk1Pf,"5-9Yrs, Male"
807,HT04b,Notified,HIV/AIDS Testing Services,4,X2f80k3vfUy,105-HT04B,105-HT04b. No. of Social Contacts (SNS) - Notified,105-HT04b. Social Contacts (SNS) - Notified,HMIS 105:04-05 - OPD Monthly Report (HTS & SMC),zWqpJrAvWr1,ZmDRpouk1Pf,"5-9Yrs, Male"
808,HT04c,Tested,HIV/AIDS Testing Services,4,OMTjQbzZEIZ,105-HT04C,105-HT04c. No. of Social Contacts (SNS) - Tested,105-HT04c. Social Contacts (SNS) - Tested,HMIS 105:04-05 - OPD Monthly Report (HTS & SMC),zWqpJrAvWr1,ZmDRpouk1Pf,"5-9Yrs, Male"
809,HT04d,New HIV Positives,HIV/AIDS Testing Services,4,Cqm0jl6W4IF,105-HT04D,105-HT04d. No. of Social Contacts (SNS) - New HIV Positives,105-HT04d. Social Contacts (SNS) - New HIV +ve,HMIS 105:04-05 - OPD Monthly Report (HTS & SMC),zWqpJrAvWr1,ZmDRpouk1Pf,"5-9Yrs, Male"
810,HT04e,New HIV Positive Linked to HIV Care,HIV/AIDS Testing Services,4,NMQF5ejz8RC,105-HT04E,105-HT04e. No. of Social Contacts (SNS) - New HIV Positive Linked to HIV Care,105-HT04e. Social Contacts-New HIV+ve Linked HIV,HMIS 105:04-05 - OPD Monthly Report (HTS & SMC),zWqpJrAvWr1,ZmDRpouk1Pf,"5-9Yrs, Male"
811,HT04f,Tested HIV Negative Referred for HIV Prevention Services,HIV/AIDS Testing Services,4,L7mEaCOHpq3,105-HT04F,105-HT04f. No. of Social Contacts (SNS) - Tested HIV Negative Referred for HIV Prevention,105-HT04f. Social Contacts-Tested HIV -ve Referred,HMIS 105:04-05 - OPD Monthly Report (HTS & SMC),zWqpJrAvWr1,ZmDRpouk1Pf,"5-9Yrs, Male"
812,HT05a,Directly Assisted,HIV/AIDS Testing Services,4,wEyMlJ9Vce9,105-LD09,105-LD09. Hepatitis D,105-LD09. Hepatitis D,"HMIS 105:01 - OPD Monthly Report (Attendance, Referrals, Conditions,TB, Nutrition)",esaNB4G5AHs,wDiX34aiw6i,"0-28Dys, Female"
813,HT05b,Unassisted,HIV/AIDS Testing Services,4,zkcKrH3z2Hs,105-HT22B_2019,105-HT22b_2019 HIVST self test kits distributed - Unassisted,105-HT22b_2019. HIVST kits distributed-Unassisted,HMIS 105:04-05 - OPD Monthly Report (HTS & SMC),RTw72kQmXra,IINRfWBo1HP,"40-44Yrs, Female"
814,HT05c,Results Returned,HIV/AIDS Testing Services,4,LWE4kU4ttVW,105-AN23c,105-AN23c. HIV+ pregnant women- Viral Load results returned during the month,105-AN23c.Viral Load results returned during month,"HMIS 105:02-03 - OPD Monthly Report (MCH, FP, EID, EPI & HEPB)",DYOKx6cUuRU,oVc5PtW8IsH,15-19Yrs
815,HT05d,Total Positive,HIV/AIDS Testing Services,4,uXdH8J1d5w7,105-HT06C1,105-HT06c1. Community HIV-Self Test Results - Total Positive,105-HT06c1.Community HIVST Results-Total Positive,HMIS 105:04-05 - OPD Monthly Report (HTS & SMC),zWqpJrAvWr1,ZmDRpouk1Pf,"5-9Yrs, Male"
816,HT05e,Confirmed Positive using the National algorithm,HIV/AIDS Testing Services,4,Kz29xNOBjsJ,HMIS_100_  I attended the deceased before death,HMIS_100_  I attended the deceased before death,HMIS_100_  I attended the deceased before death,,bjDvmb4bfuf,HllvX50cXC0,default
817,HT05f,New HIV Positive Linked to HIV Care,HIV/AIDS Testing Services,4,x0X3FCdwtlB,105-HT06C3,105-HT06c3. Community HIV-Self Test Results - New HIV Positive Linked to HIV Care,105-HT06c3. Community HIVST Results-Linked to Care,HMIS 105:04-05 - OPD Monthly Report (HTS & SMC),zWqpJrAvWr1,ZmDRpouk1Pf,"5-9Yrs, Male"
818,HT05g,Tested HIV Negative Referred for HIV Prevention Services,HIV/AIDS Testing Services,4,Kz29xNOBjsJ,HMIS_100_  I attended the deceased before death,HMIS_100_  I attended the deceased before death,HMIS_100_  I attended the deceased before death,,bjDvmb4bfuf,HllvX50cXC0,default
819,SM01a,No of Males Counselled and Tested for HIV at SMC site - Positive,Safe Male Circumcision,5,bOFpbhWOOgD,105-SM01A,105-SM01a. Counselled and tested for HIV at SMC - Positive,105-SM01a. Tested for HIV at SMC - POS,HMIS 105:04-05 - OPD Monthly Report (HTS & SMC),j0ubLsSNTBM,g4FCIGEaLfK,1-9Yrs
820,SM01b,No of Males Counselled and Tested for HIV at SMC site - Negative,Safe Male Circumcision,5,YjXDDpPui8r,105-SM01B,105-SM01b. Counselled and tested for HIV at SMC - Negative,105-SM01b. Tested for HIV at SMC - NEG,HMIS 105:04-05 - OPD Monthly Report (HTS & SMC),j0ubLsSNTBM,g4FCIGEaLfK,1-9Yrs
821,SM01c,No of Males Counselled and Tested for HIV at SMC site - Inconclusive,Safe Male Circumcision,5,YeZvkmoBekI,105-SM01C,105-SM01c. Counselled and tested for HIV at  SMC - Inconclusive,105-SM01c. Tested for HIV at SMC - INC,HMIS 105:04-05 - OPD Monthly Report (HTS & SMC),j0ubLsSNTBM,g4FCIGEaLfK,1-9Yrs
822,SM01d,No of Males Counselled and Tested for HIV at SMC site - Known Positive,Safe Male Circumcision,5,IX4MLm1sNag,105-SM01D,105-SM01d. Counselled and tested for HIV at SMC - Known Positive,105-SM01d. Tested for HIV at SMC - Known Pos,HMIS 105:04-05 - OPD Monthly Report (HTS & SMC),j0ubLsSNTBM,g4FCIGEaLfK,1-9Yrs
823,SM01e,No of Males Counselled and Tested for HIV at SMC site - Not tested,Safe Male Circumcision,5,maU3KOrc6m1,105-SM01E,105-SM01e. Counselled and tested for HIV at SMC - Not tested,105-SM01e. Tested for HIV at SMC - Not tested,HMIS 105:04-05 - OPD Monthly Report (HTS & SMC),j0ubLsSNTBM,g4FCIGEaLfK,1-9Yrs
824,SM02a,No of Males Circumcised by Age Group (Years) and Technique (SC- Surgical SMC DC- Device Based SMC) - Facility - SC,Safe Male Circumcision,5,whUagoCxZR2,105-SM02A,105-SM02a. Number of males circumcised - Facility,105-SM02a. males circumcised - Facility,HMIS 105:04-05 - OPD Monthly Report (HTS & SMC),al7mFELqQM7,RwptPZ7KJpX,">2Mths-<1Yr, DC"
825,SM02b,No of Males Circumcised by Age Group (Years) and Technique (SC- Surgical SMC DC- Device Based SMC) - Facility - DC,Safe Male Circumcision,5,ZgFaQaY0jJV,105-SM02B,105-SM02b. Number of males circumcised - Outreach,105-SM02b. males circumcised - Outreach,HMIS 105:04-05 - OPD Monthly Report (HTS & SMC),al7mFELqQM7,RwptPZ7KJpX,">2Mths-<1Yr, DC"
826,SM02c,No of Males Circumcised by Age Group (Years) and Technique (SC- Surgical SMC DC- Device Based SMC) - Outreach - SC,Safe Male Circumcision,5,UAxtuY7nqKE,105-VS24b_2019,105-VS24b._2019 Hepatitis C Viral Load - Average Turnaround Time,105-VS24b_2019. Hepatitis C VL - Average TAT,,bjDvmb4bfuf,HllvX50cXC0,default
827,SM02d,No of Males Circumcised by Age Group (Years) and Technique (SC- Surgical SMC DC- Device Based SMC) - Outreach - DC,Safe Male Circumcision,5,UAxtuY7nqKE,105-VS24b_2019,105-VS24b._2019 Hepatitis C Viral Load - Average Turnaround Time,105-VS24b_2019. Hepatitis C VL - Average TAT,,bjDvmb4bfuf,HllvX50cXC0,default
828,SM03a,No of males Circumcised who Returned for Follow Up - Within 48 hours (0-48),Safe Male Circumcision,5,JEn2WYikQ36,105-SM03A1,105-SM03a1. Number of Males Circumcised who returned for followup visit within 48 hours - Facility,105-SM03a1. SMC returned within 48hrs - Facility,HMIS 105:04-05 - OPD Monthly Report (HTS & SMC),bOOss7h7awq,cxONGtEdXac,DC
829,SM03b,No of males Circumcised who Returned for Follow Up - Within 7 days (>0-7),Safe Male Circumcision,5,liN9vtMWfln,105-SM03B1,105-SM03b1. Number of Males Circumcised who returned for followup visit within 7 days - Facility,105-SM03b1. SMC returned within 7 days - Facility,HMIS 105:04-05 - OPD Monthly Report (HTS & SMC),bOOss7h7awq,cxONGtEdXac,DC
830,SM03c,No of males Circumcised who Returned for Follow Up - Within 14 days (>0-14),Safe Male Circumcision,5,kknn6Lkfrzx,105-SM03C1,105-SM03c1. Number of Males Circumcised who returned for followup visit within 14 days - Facility,105-SM03c1. SMC returned within 14 days - Facility,HMIS 105:04-05 - OPD Monthly Report (HTS & SMC),bOOss7h7awq,cxONGtEdXac,DC
831,SM03d,No of males Circumcised who Returned for Follow Up - Beyond 14 days,Safe Male Circumcision,5,mmVAddrfRyP,105-SM03D1,105-SM03d1. Number of Males Circumcised who returned for followup visit beyond 14 days - Facility,105-SM03d1. SMC returned beyond 14 days - Facility,HMIS 105:04-05 - OPD Monthly Report (HTS & SMC),bOOss7h7awq,cxONGtEdXac,DC
832,SM04a,No of males Circumcised who Experienced one or more Adverse Events (Report only moderate or severe) - Moderate,Safe Male Circumcision,5,VfNqB98M72g,105-SM04A1,105-SM04a1. Number of Males circumcised who experienced one or more AE at Facility - Moderate,"105-SM04a1. Circumcised, Moderate AEs - Facility",HMIS 105:04-05 - OPD Monthly Report (HTS & SMC),bOOss7h7awq,cxONGtEdXac,DC
833,SM04b,No of males Circumcised who Experienced one or more Adverse Events (Report only moderate or severe) - Severe,Safe Male Circumcision,5,A5KIhcIuEpe,105-SM04B1,105-SM04b1. Number of Males circumcised who experienced one or more AE - Facility - Severe,"105-SM04b1. Circumcised, Severe AEs - Facility",HMIS 105:04-05 - OPD Monthly Report (HTS & SMC),bOOss7h7awq,cxONGtEdXac,DC
834,SM05a,No of circumcised males with Adverse Events - Managed at site,Safe Male Circumcision,5,WKgXTYQWqnR,105-SM05A,105-SM05a. Circumcised males with adverse events - Managed by the site,105-SM05a. SMC Adverse events - Managed at site,HMIS 105:04-05 - OPD Monthly Report (HTS & SMC),bjDvmb4bfuf,HllvX50cXC0,default
835,SM05b,No of circumcised males with Adverse Events - Referred,Safe Male Circumcision,5,ob9NxusLSNa,105-SM05B,105-SM05b. Circumcised males with adverse events - Referred,105-SM05b. SMC Adverse events - Referred,HMIS 105:04-05 - OPD Monthly Report (HTS & SMC),bjDvmb4bfuf,HllvX50cXC0,default
836,SM06a,No of clients who received Td - First dose (Td1),Safe Male Circumcision,5,Qhh1yL0Rms9,105-SM06A,105-SM06a. Clients who received TT - 1st Dose (TT1),105-SM06a. Clients who received TT1,HMIS 105:04-05 - OPD Monthly Report (HTS & SMC),bjDvmb4bfuf,HllvX50cXC0,default
837,SM06b,No of clients who received Td - Second dose (Td2),Safe Male Circumcision,5,thQULvRchio,105-SM06B,105-SM06b. Clients who received TT - 2nd Dose (TT2),105-SM06b. Clients who received TT2,HMIS 105:04-05 - OPD Monthly Report (HTS & SMC),bjDvmb4bfuf,HllvX50cXC0,default
838,PI01,No of Infants screened for HIV-exposure at DPT1 2 3 and Measles immunization,EPI/EID/PMTCT Integration,2.7,wzcpoorA0Zd,105-PI01,"105-PI01. Number of Infants screened for HIV-exposure at DPT1, 2, 3 and Measles immunization","105-PI01. HEIs screened -DPT1,2,3&Measles","HMIS 105:02-03 - OPD Monthly Report (MCH, FP, EID, EPI & HEPB)",bjDvmb4bfuf,HllvX50cXC0,default
839,PI02,No of HIV-exposed infants identified at immunization during the month,EPI/EID/PMTCT Integration,2.7,s1Ax0yANb75,105-PI02,105-PI02. Number of HIV-exposed infants identified at imunisation during the month,105-PI02. HEIs identified at immunisation,"HMIS 105:02-03 - OPD Monthly Report (MCH, FP, EID, EPI & HEPB)",bjDvmb4bfuf,HllvX50cXC0,default
840,PI03,No of HIV-exposed infants identified eligible for an HIV test,EPI/EID/PMTCT Integration,2.7,jg8uBf0pN3a,105-PI03,105-PI03. Number of HIV-exposed infants identified eligible for an HIV test,105-PI03. HEIs identified eligible for HIV test,"HMIS 105:02-03 - OPD Monthly Report (MCH, FP, EID, EPI & HEPB)",bjDvmb4bfuf,HllvX50cXC0,default
841,PI04,No of HIV-exposed infants tested for HIV during immunization,EPI/EID/PMTCT Integration,2.7,z6lsZ4sOs3H,105-PI04,105-PI04. Number of HIV-exposed infants tested for HIV during immunization,105-PI04. HEIs tested HIV during immunization,"HMIS 105:02-03 - OPD Monthly Report (MCH, FP, EID, EPI & HEPB)",bjDvmb4bfuf,HllvX50cXC0,default
842,PI05a,No of breastfeeding women tested for HIV for the first time at immunization - NEG,EPI/EID/PMTCT Integration,2.7,vE8YE22GtxV,105-PI05,105-PI05. Number of breastfeeding women tested for HIV for the first time at immunization,105-PI05. BF tested HIV 1st_Immunization,"HMIS 105:02-03 - OPD Monthly Report (MCH, FP, EID, EPI & HEPB)",bjDvmb4bfuf,HllvX50cXC0,default
843,PI05b,No of breastfeeding women tested for HIV for the first time at immunization - POS,EPI/EID/PMTCT Integration,2.7,YWHAFMq3Gyq,105-PI05b_2019,105-PI05b_2019. Number of breastfeeding women with a known HIV+ status at immunization - TRR,105-PI05b_2019. BF Women TRRK at Immunization,"HMIS 105:02-03 - OPD Monthly Report (MCH, FP, EID, EPI & HEPB)",bjDvmb4bfuf,HllvX50cXC0,default
844,PI06a,No of breastfeeding women with a known HIV status at immunization - NEG,EPI/EID/PMTCT Integration,2.7,bz9twqoopWM,105-PI06.,105-PI06. Number of breastfeeding women with a known HIV status at immunization,105-PI06. Breastfeeding HIV Known at immunization,"HMIS 105:02-03 - OPD Monthly Report (MCH, FP, EID, EPI & HEPB)",bjDvmb4bfuf,HllvX50cXC0,default
845,PI06b,No of breastfeeding women with a known HIV status at immunization - POS,EPI/EID/PMTCT Integration,2.7,uJreiMbGKCB,105-PI06b_2019,105-PI06b_2019. Number of HIV+ breastfeeding women identified at immunization on a re-test - TRR,105-PI06b_2019. BF HIV+ on immunization ReTest,"HMIS 105:02-03 - OPD Monthly Report (MCH, FP, EID, EPI & HEPB)",bjDvmb4bfuf,HllvX50cXC0,default
846,PI07a,No of breastfeeding women re-tested for HIV at immunization - NEG,EPI/EID/PMTCT Integration,2.7,fPe5wC1mouv,105-PI07,105-PI07. Number of breastfeeding women re-tested for HIV at immunization,105-PI07. BF women re-tested HIV at immunization,"HMIS 105:02-03 - OPD Monthly Report (MCH, FP, EID, EPI & HEPB)",bjDvmb4bfuf,HllvX50cXC0,default
847,PI07b,No of breastfeeding women re-tested for HIV at immunization - POS,EPI/EID/PMTCT Integration,2.7,fPe5wC1mouv,105-PI07,105-PI07. Number of breastfeeding women re-tested for HIV at immunization,105-PI07. BF women re-tested HIV at immunization,"HMIS 105:02-03 - OPD Monthly Report (MCH, FP, EID, EPI & HEPB)",bjDvmb4bfuf,HllvX50cXC0,default
848,PI08,No of HIV+ breastfeeding women on ART,EPI/EID/PMTCT Integration,2.7,ldbCP7MRAOV,105-PI08,105-PI08. Number of HIV+ breastfeeding women on ART,105-PI08. HIV+ breastfeeding women on ART,"HMIS 105:02-03 - OPD Monthly Report (MCH, FP, EID, EPI & HEPB)",bjDvmb4bfuf,HllvX50cXC0,default
849,OH01,EPI Outreaches,Outreach Activities,7,pZnDEUzw77x,105-OH01A,105-OH01a. EPI Outreaches - Planned,105-OH01a. EPI Outreaches - Planned,"HMIS 105:06-09 - OPD Monthly Report (Supplies, Outreaches & Supervision)",bjDvmb4bfuf,HllvX50cXC0,default
850,OH02,HCT Outreaches,Outreach Activities,7,nJB8yFHWwoi,105-OH02A,105-OH02a. HCT Outreaches - Planned,105-OH02a. HCT Outreaches - Planned,"HMIS 105:06-09 - OPD Monthly Report (Supplies, Outreaches & Supervision)",bjDvmb4bfuf,HllvX50cXC0,default
851,OH03,Environmental Health Visits,Outreach Activities,7,i0VScydgeDq,105-OH03A,105-OH03a. Environmental Health Visits - Planned,105-OH03a. Environmental Health Visits - Planned,"HMIS 105:06-09 - OPD Monthly Report (Supplies, Outreaches & Supervision)",bjDvmb4bfuf,HllvX50cXC0,default
852,OH04,Health Education/Promotion Outreaches,Outreach Activities,7,Rq7Pd7B9woE,105-OH04A,105-OH04a. Health Education/Promotion Outreaches - Planned,105-OH04a. Health Education Outreaches - Planned,"HMIS 105:06-09 - OPD Monthly Report (Supplies, Outreaches & Supervision)",bjDvmb4bfuf,HllvX50cXC0,default
853,OH05,Integrated SRH services outreaches (FP ANC PNC ASRH ADH CaCx screening Fistula screening & reintegration GBV etc),Outreach Activities,7,barYGUPVWqP,105-OH05A,"105-OH05a. Integrated SRH services outreaches (FP, ANC, PNC, ASRH, ADH, CaCx screening, Fistula screening & reintegration, GBV etc) - Planned",105-OH05a. Integrated SRH Outreaches-Planned,"HMIS 105:06-09 - OPD Monthly Report (Supplies, Outreaches & Supervision)",bjDvmb4bfuf,HllvX50cXC0,default
854,OH06,No of surgical and Treatment camps (eg Fistula repair Gynaecological camps etc),Outreach Activities,7,rf7ePm8mjgn,105-OH06A,"105-OH06a. Number of surgical and Treatment camps (e.g, Fistula repair, Gynaecological camps etc) - Planned",105-OH06a. Surgical and Treatment camps-Planned,"HMIS 105:06-09 - OPD Monthly Report (Supplies, Outreaches & Supervision)",bjDvmb4bfuf,HllvX50cXC0,default
855,OH07,School health outreaches,Outreach Activities,7,K6dOAaPf9SD,105-OH07A,105-OH07a. School health outreaches - Planned,105-OH07a. School health outreaches - Planned,"HMIS 105:06-09 - OPD Monthly Report (Supplies, Outreaches & Supervision)",bjDvmb4bfuf,HllvX50cXC0,default
856,OH09,Total No of Births registered during outreaches,Outreach Activities,7,EWmqTwV0prl,033B-GP04,033B-GP04. Total No. Rif R,033B-GP04. Total No. Rif R,HMIS 033b - Weekly Epidemiological Surveillance Report,bjDvmb4bfuf,HllvX50cXC0,default
857,OH10,Outreach Rehabilitation programs uptake (sessions),Outreach Activities,7,E0OEw6yVcJm,020-DP02,020-DP02. Was a partogram filled,020-DP02. Was a partogram filled,,bjDvmb4bfuf,HllvX50cXC0,default
858,OH12,Other Outreaches,Outreach Activities,7,REfQRgPQDhT,105-OH10A,105-OH10a. Other Outreaches - Planned,105-OH10a. Other Outreaches - Planned,"HMIS 105:06-09 - OPD Monthly Report (Supplies, Outreaches & Supervision)",bjDvmb4bfuf,HllvX50cXC0,default
859,MT01,General staff Meetings,Meetings,8,iwAfFcLYoWM,105-MT01A,105-MT01a. General Staff Meetings - Planned,105-MT01a. General Staff Meetings - Planned,HMIS 105:10 - OPD Monthly Report (Lab),bjDvmb4bfuf,HllvX50cXC0,default
860,MT02,Quality Improvement (QI) Meetings,Meetings,8,uPOqGjcb0WR,105-MT02A,105-MT02a. Quality Improvement (QI) Meetings - Planned,105-MT02a. QI Meetings Planned,HMIS 105:10 - OPD Monthly Report (Lab),bjDvmb4bfuf,HllvX50cXC0,default
861,MT03,Maternal & Perinatal Death Review committee Meetings,Meetings,8,jUSTWmbSjBP,105-MT03A,105-MT03a. Maternal/ Perinatal Death Reviews/Meetings - Planned,105-MT03a. Maternal/Perinatal Death Review Planned,HMIS 105:10 - OPD Monthly Report (Lab),bjDvmb4bfuf,HllvX50cXC0,default
862,MT04,Health Unit Management Committee/Hospital Board Meetings,Meetings,8,zjH9515Vbvh,105-MT04A,105-MT04a. Health Unit Management Committee/Hospital Board Meetings - Planned,105-MT04a. Committee/Board Meetings Planned,HMIS 105:10 - OPD Monthly Report (Lab),bjDvmb4bfuf,HllvX50cXC0,default
863,MT05,Community Accountability and client feedback review meetings (Eg Balazas Community meetings community feedback meetings etc),Meetings,8,OYsFufxF7zF,105-MT05A,"105-MT05a. Community Accountability and client feedback review meetings ( Eg. Balazas, Community meetings, community feedback meetings etc) - Planned",105-MT05a. Community feedback meetings-Planned,"HMIS 105:06-09 - OPD Monthly Report (Supplies, Outreaches & Supervision)",bjDvmb4bfuf,HllvX50cXC0,default
864,MT07,IPC Meetings held as scheduled,Meetings,8,zg30Is2s7Hb,105-MT06B,105-MT06b. IPC Meetings held as scheduled - Number Conducted,105-MT07b. IPC Meetings held as scheduled - Number,"HMIS 105:06-09 - OPD Monthly Report (Supplies, Outreaches & Supervision)",bjDvmb4bfuf,HllvX50cXC0,default
865,MT08,Other Meetings,Meetings,8,bGyl6T5klnC,105-MT07A,105-MT07a. Other Meetings - Planned,105-MT07a. Other Meetings - Planned,HMIS 105:10 - OPD Monthly Report (Lab),bjDvmb4bfuf,HllvX50cXC0,default
866,MT09,Health Education sessions at Health facility,Meetings,8,E0OEw6yVcJm,020-DP02,020-DP02. Was a partogram filled,020-DP02. Was a partogram filled,,bjDvmb4bfuf,HllvX50cXC0,default
867,MT10a,No of adolescents who accessed adolescent friendly corner for any service - New,Meetings,8,Wac3TCRl5KX,105-MT09A,105-MT09a. Number of new adolescents who accessed adolescent friendly corner for any service,105-MT09a.New adolescents accessed friendly corner,"HMIS 105:06-09 - OPD Monthly Report (Supplies, Outreaches & Supervision)",F2fWUu4FwRs,iCVnOb1LwJd,"20-24Yrs, Male"
868,MT10b,No of adolescents who accessed adolescent friendly corner for any service - Revisit,Meetings,8,Wac3TCRl5KX,105-MT09A,105-MT09a. Number of new adolescents who accessed adolescent friendly corner for any service,105-MT09a.New adolescents accessed friendly corner,"HMIS 105:06-09 - OPD Monthly Report (Supplies, Outreaches & Supervision)",F2fWUu4FwRs,iCVnOb1LwJd,"20-24Yrs, Male"
869,SV01,From Ministry of Health,Support Supervision Visits,9,gAKYwUNDere,105-SV01A,105-SV01a. Support Supervision from Ministry of Health - Planned,105-SV01a. MOH Support Supervision - Planned,"HMIS 105:06-09 - OPD Monthly Report (Supplies, Outreaches & Supervision)",bjDvmb4bfuf,HllvX50cXC0,default
870,SV02,From Regional Teams,Support Supervision Visits,9,LpqlQsIy2uN,105-SV02B,105-SV02b. Support Supervision from Regional Teams - Conducted,105-SV02b. Regional Support Supervision- Conducted,"HMIS 105:06-09 - OPD Monthly Report (Supplies, Outreaches & Supervision)",bjDvmb4bfuf,HllvX50cXC0,default
871,SV03,From District Local Government,Support Supervision Visits,9,BoBjUo2QwRv,105-SV03A,105-SV03a. Support Supervision from Local Government - Planned,105-SV03a. LG Support Supervision - Planned,"HMIS 105:06-09 - OPD Monthly Report (Supplies, Outreaches & Supervision)",bjDvmb4bfuf,HllvX50cXC0,default
872,SV04,From the Health Sub-District (HSD),Support Supervision Visits,9,ZTrq0c8vMV1,105-SV04A,105-SV04a. Support Supervision from Health Sub-District (HSD) - Planned,105-SV04a. HSD Support Supervision - Planned,"HMIS 105:06-09 - OPD Monthly Report (Supplies, Outreaches & Supervision)",bjDvmb4bfuf,HllvX50cXC0,default
873,SV05,Other Support Supervisions done,Support Supervision Visits,9,bFcz5xJK4M5,105-SV05A,105-SV05a. Other Support Supervisions - Planned,105-SV05a. Other Support Supervisions - Planned,"HMIS 105:06-09 - OPD Monthly Report (Supplies, Outreaches & Supervision)",bjDvmb4bfuf,HllvX50cXC0,default
874,VS01,HIV EID,Referral Testing,10.4,aJ7qRn2xZJX,105-VS01A,105-VS01a. EID - Samples Referred,105-VS01a. EID - Samples Referred,HMIS 105:10 - OPD Monthly Report (Lab),bjDvmb4bfuf,HllvX50cXC0,default
875,VS02,Viral Load for HIV,Referral Testing,10.4,PCgPk2ogPHn,105-VS02A,105-VS02a. Viral Load for HIV - Samples Referred,105-VS02a. Viral Load for HIV - Samples Referred,HMIS 105:10 - OPD Monthly Report (Lab),bjDvmb4bfuf,HllvX50cXC0,default
876,VS03,CD4,Referral Testing,10.4,ASdJwmuvKPO,105-VS03A,105-VS03a. CD4 - Samples Referred,105-VS03a. CD4 - Samples Referred,HMIS 105:10 - OPD Monthly Report (Lab),bjDvmb4bfuf,HllvX50cXC0,default
877,VS04,Sickle Cell Disease Confirmation,Referral Testing,10.4,QdgOj3Xr5vU,105a-VS04C,105a-VS04c. Sickle Cell Disease Confirmation - Pending Results,105a-VS04c. Sickle Cell Disease Confirmation - Pen,HMIS 105a - Specialized Outpatient monthly report,bjDvmb4bfuf,HllvX50cXC0,default
878,VS05,Histology,Referral Testing,10.4,cE4xYyV9cP0,105-VS05A,105-VS05a. Histology - Samples Referred,105-VS05a. Histology - Samples Referred,HMIS 105:10 - OPD Monthly Report (Lab),bjDvmb4bfuf,HllvX50cXC0,default
879,VS06,Polio/or Acute Flaccid Paralysis,Referral Testing,10.4,VYP3i1zYHTV,105a-VS06A,105a-VS06a. Polio/or Acute Flaccid Paralysis - Samples Referred,105a-VS06a. Polio/or AFP - Samples Referred,HMIS 105a - Specialized Outpatient monthly report,bjDvmb4bfuf,HllvX50cXC0,default
880,VS07,Severe Acute Respiratory Syndrome/ Infection (SARS/SARI),Referral Testing,10.4,xkzCOlTZvUm,105-VS07A,105-VS07a. Severe Acute Respiratory Syndrome/Infection (SARS/SARI) - Samples Referred,105-VS07a. SARS/SARI - Samples Referred,HMIS 105:10 - OPD Monthly Report (Lab),bjDvmb4bfuf,HllvX50cXC0,default
881,VS08,TB GeneXpert,Referral Testing,10.4,uk1ygS4ih90,105-VS08A,105-VS08a. TB Genexpert - Samples Referred,105-VS08a. TB Genexpert - Samples Referred,HMIS 105:10 - OPD Monthly Report (Lab),bjDvmb4bfuf,HllvX50cXC0,default
882,VS09,DST for Multi Drug Resistance TB (MDR TB),Referral Testing,10.4,bb7858UYVhK,105-VS09A,105-VS09a. DST for Multi Drug Resistance TB (MDR TB) - Samples Referred,105-VS09a. DST for MDR TB - Samples Referred,HMIS 105:10 - OPD Monthly Report (Lab),bjDvmb4bfuf,HllvX50cXC0,default
883,VS10,Hepatitis B Viral load,Referral Testing,10.4,Frr8PBtDifn,105-VS10A,105-VS10a. Hepatitis B Viral load - Samples Referred,105-VS10a. Hepatitis B VL - Samples Referred,HMIS 105:10 - OPD Monthly Report (Lab),bjDvmb4bfuf,HllvX50cXC0,default
884,VS11,Hepatitis C viral load,Referral Testing,10.4,OuUfsq2oCzQ,105-VS11C,105-VS11c. Hepatitis C Viral load - Pending Results/Feedback,105-VS11c. Hepatitis C Viral load - Pending Result,HMIS 105:10 - OPD Monthly Report (Lab),bjDvmb4bfuf,HllvX50cXC0,default
885,VS12,Hep BcAg,Referral Testing,10.4,M2Tgala2egP,105-VS12A,"105-VS12a. Hep BcAg, - Samples Referred",105-VS12a. Hep BcAg - Samples Referred,HMIS 105:10 - OPD Monthly Report (Lab),bjDvmb4bfuf,HllvX50cXC0,default
886,VS13,HIV MDR,Referral Testing,10.4,tpGCsq755n7,105-VS13a,"105-VS13a. HIV MDR, - Samples Referred",105-VS13a. HIV MDR - Samples Referred,HMIS 105:10 - OPD Monthly Report (Lab),bjDvmb4bfuf,HllvX50cXC0,default
887,VS14,VHFs (EBOLA MARBUG),Referral Testing,10.4,RY0qt9jp0nZ,105-VS14A,"105-VS14a. VHFs (EBOLA, MARBUG)  - Samples Referred","105-VS14a. VHFs (EBOLA, MARBUG) - Samples Referred",HMIS 105:10 - OPD Monthly Report (Lab),bjDvmb4bfuf,HllvX50cXC0,default
888,VS15,Cytology,Referral Testing,10.4,tvOutAcRbNB,105-VS15a,"105-VS15a. Cytology, - Samples Referred",105-VS15a. Cytology - Samples Referred,HMIS 105:10 - OPD Monthly Report (Lab),bjDvmb4bfuf,HllvX50cXC0,default
889,VS16,Measles / Rubella,Referral Testing,10.4,S3PQSMMgwfn,105-VS16A,"105-VS16a. Measles / Rubella, - Samples Referred",105-VS16a. Measles / Rubella - Samples Referred,HMIS 105:10 - OPD Monthly Report (Lab),bjDvmb4bfuf,HllvX50cXC0,default
890,VS17,Yellow fever,Referral Testing,10.4,z11eXUduMTj,105-VS17a,105-VS17a. Yellow fever - Samples Referred,105-VS17a. Yellow fever - Samples Referred,HMIS 105:10 - OPD Monthly Report (Lab),bjDvmb4bfuf,HllvX50cXC0,default
891,VS18,Rabies,Referral Testing,10.4,gwc2FljFEe2,105-VS18a,105-VS18a. Rabies - Samples Referred,105-VS18a. Rabies - Samples Referred,HMIS 105:10 - OPD Monthly Report (Lab),bjDvmb4bfuf,HllvX50cXC0,default
892,VS19,Microbiology,Referral Testing,10.4,slsXAv1Jqtc,105-RT02,105-RT02. Routine tests that could not be conducted at facility - Microbiology,105-RT02.Routine test not conductedHF-Microbiology,HMIS 105:10 - OPD Monthly Report (Lab),yeucDW9h5y9,onPBAc3DQta,ConfirmatoryTesting
893,VS20,Typhoid Fever,Referral Testing,10.4,r4fQVHDftNs,105-EP15,105-EP15. Typhoid Fever,105-EP15. Typhoid Fever,"HMIS 105:01 - OPD Monthly Report (Attendance, Referrals, Conditions,TB, Nutrition)",esaNB4G5AHs,wDiX34aiw6i,"0-28Dys, Female"
894,VS21,Cholera,Referral Testing,10.4,Kl7nvNSOvvF,105-EP04,105-EP04. Cholera,105-EP04. Cholera,"HMIS 105:01 - OPD Monthly Report (Attendance, Referrals, Conditions,TB, Nutrition)",esaNB4G5AHs,wDiX34aiw6i,"0-28Dys, Female"
895,VS22,Dysentery,Referral Testing,10.4,QgHSEKZAkiI,105-EP05,105-EP05. Dysentery,105-EP05. Dysentery,"HMIS 105:01 - OPD Monthly Report (Attendance, Referrals, Conditions,TB, Nutrition)",esaNB4G5AHs,wDiX34aiw6i,"0-28Dys, Female"
896,VS23,Rota Virus,Referral Testing,10.4,qhySGKC8Zzh,105-VS13b_2019,105-VS13b._2019 Rota Virus - Average Turnaround Time,105-VS13b_2019. Rota Virus - Average TAT,,bjDvmb4bfuf,HllvX50cXC0,default
897,VS24,Meningitis,Referral Testing,10.4,lK3JqDK80k7,105-CD09,105-CD09. Haematological Meningitis,105-CD09. Haematological Meningitis,"HMIS 105:01 - OPD Monthly Report (Attendance, Referrals, Conditions,TB, Nutrition)",esaNB4G5AHs,wDiX34aiw6i,"0-28Dys, Female"
898,VS25,Neonatal tetanus,Referral Testing,10.4,TDvR6wooe0z,105-EP09,105-EP09. Neonatal tetanus,105-EP09. Neonatal tetanus,"HMIS 105:01 - OPD Monthly Report (Attendance, Referrals, Conditions,TB, Nutrition)",esaNB4G5AHs,wDiX34aiw6i,"0-28Dys, Female"
899,VS26,Plague,Referral Testing,10.4,YhGqBI5c7Zt,105-EP10,105-EP10. Plague,105-EP10. Plague,"HMIS 105:01 - OPD Monthly Report (Attendance, Referrals, Conditions,TB, Nutrition)",esaNB4G5AHs,wDiX34aiw6i,"0-28Dys, Female"
900,VS27,Isolates,Referral Testing,10.4,qOIzKee6FfH,105-NP01,105-NP01. Number of Isolates,105-NP01. Isolates,HMIS 105:10 - OPD Monthly Report (Lab),YtNo1S82mpH,g3B2DuwQTWP,NeisseriaGonorrhea
901,VS28,Viral Haemorrhagic Fevers(VHF),Referral Testing,10.4,bLurSIHHlHZ,105-LD06,105-LD06. Hepatitis A,105-LD06. Hepatitis A,"HMIS 105:01 - OPD Monthly Report (Attendance, Referrals, Conditions,TB, Nutrition)",esaNB4G5AHs,wDiX34aiw6i,"0-28Dys, Female"
902,VS29,Animal Bites (suspected rabies),Referral Testing,10.4,Cd993CsXVlM,105-EP03,105-EP03. Animal Bites (suspected rabies),105-EP03. Animal Bites (suspected rabies),"HMIS 105:01 - OPD Monthly Report (Attendance, Referrals, Conditions,TB, Nutrition)",esaNB4G5AHs,wDiX34aiw6i,"0-28Dys, Female"
903,VS30,Parasitology,Referral Testing,10.4,IDkHHcf2Fdx,105-RT05,105-RT05. Routine tests that could not be conducted at facility - Parasitology,105-RT05.RoutineTest not conducted HF-Parasitology,HMIS 105:10 - OPD Monthly Report (Lab),yeucDW9h5y9,onPBAc3DQta,ConfirmatoryTesting
904,VS31,Hemo parasites,Referral Testing,10.4,dNLkAcjT2rB,105a-VS24A,105a-VS24a. Hemo parasites - Samples Referred,105a-VS24a. Hemo parasites - Samples Referred,HMIS 105a - Specialized Outpatient monthly report,bjDvmb4bfuf,HllvX50cXC0,default
905,VS32,Intestinal parasites,Referral Testing,10.4,LIgBIoHfurp,105-VS26b_2019,105-VS26b._2019 Intestinal parasites - Average Turnaround Time,105-VS26b_2019. Intestinal parasites - Average TAT,,bjDvmb4bfuf,HllvX50cXC0,default
906,VS33,Tissue parasites,Referral Testing,10.4,eCCDgFiOUOz,105-VS27b_2019,105-VS27b._2019 Tissue parasites - Average Turnaround Time,105-VS27b_2019. Tissue parasites - Average TAT,,bjDvmb4bfuf,HllvX50cXC0,default
907,VS34,Totals,Referral Testing,10.4,cxckLUMdHIh,108-ME06a1,108-ME06a1. Acute sepsis Totals  - Cases,108-ME06a1. Acute sepsis Totals  - Cases,HMIS 108 - IPD Monthly Report,RQsR5eSRbsr,ZgnHXnu30cI,"5+Yrs, Male"
908,RS01,Inadequate specimen volume,Laboratory Specimen Rejection,10.6,eSF3SXwU7Vj,105-RS01,105-RS01. Inadequate specimen volume,105-RS01. Inadequate specimen volume,HMIS 105:10 - OPD Monthly Report (Lab),nSkYWXonSVL,XX7Uh0aJaSv,GenitalSwab
909,RS02,Hemolyzed specimen,Laboratory Specimen Rejection,10.6,TIkGhlmaAxY,105-RS02,105-RS02. Heamolyzed specimen,105-RS02. Heamolyzed specimen,HMIS 105:10 - OPD Monthly Report (Lab),nSkYWXonSVL,XX7Uh0aJaSv,GenitalSwab
910,RS03,Specimen without lab request form,Laboratory Specimen Rejection,10.6,UlJGkeEmV4S,105-RS03,105-RS03. Specimen without lab request form,105-RS03. Specimen without lab request form,HMIS 105:10 - OPD Monthly Report (Lab),nSkYWXonSVL,XX7Uh0aJaSv,GenitalSwab
911,RS04,No test specified on lab request form accompanying specimen,Laboratory Specimen Rejection,10.6,WKV9sj5Chfn,105-RS04,105-RS04. No test specified on lab request form accompanying specimen,105-RS04. No test specified on lab request form,HMIS 105:10 - OPD Monthly Report (Lab),nSkYWXonSVL,XX7Uh0aJaSv,GenitalSwab
912,RS05,Specimen without label or identifier,Laboratory Specimen Rejection,10.6,CRGdmgZ42dW,105-RS05,105-RS05. Specimen without label or identifier,105-RS05. Specimen without label or identifier,HMIS 105:10 - OPD Monthly Report (Lab),nSkYWXonSVL,XX7Uh0aJaSv,GenitalSwab
913,RS06,Wrong specimen label,Laboratory Specimen Rejection,10.6,DyCyRhBfsxT,105-RS06,105-RS06. Wrong specimen label,105-RS06. Wrong specimen label,HMIS 105:10 - OPD Monthly Report (Lab),nSkYWXonSVL,XX7Uh0aJaSv,GenitalSwab
914,RS07,Unclear specimen label,Laboratory Specimen Rejection,10.6,hN1rHraRHo1,105-RS07,105-RS07. Unclear specimen label,105-RS07. Unclear specimen label,HMIS 105:10 - OPD Monthly Report (Lab),nSkYWXonSVL,XX7Uh0aJaSv,GenitalSwab
915,RS08,Wrong specimen container,Laboratory Specimen Rejection,10.6,EOBdlb6pkLx,105-RS08,105-RS08. Wrong specimen container,105-RS08. Wrong specimen container,HMIS 105:10 - OPD Monthly Report (Lab),nSkYWXonSVL,XX7Uh0aJaSv,GenitalSwab
916,RS09,Damaged specimen container,Laboratory Specimen Rejection,10.6,GwNyBcwsx5X,105-RS09,105-RS09. Damaged specimen container,105-RS09. Damaged specimen container,HMIS 105:10 - OPD Monthly Report (Lab),nSkYWXonSVL,XX7Uh0aJaSv,GenitalSwab
917,RS10,Too old specimen,Laboratory Specimen Rejection,10.6,bQgPxazzwDh,105-RS10,105-RS10. Too old specimen,105-RS10. Too old specimen,HMIS 105:10 - OPD Monthly Report (Lab),nSkYWXonSVL,XX7Uh0aJaSv,GenitalSwab
918,RS11,Date of specimen collection not specified,Laboratory Specimen Rejection,10.6,LhpfB8nVkzA,105-RS11,105-RS11. Date of specimen collection not specified,105-RS11. Specimen Date collection not specified,HMIS 105:10 - OPD Monthly Report (Lab),nSkYWXonSVL,XX7Uh0aJaSv,GenitalSwab
919,RS12,Time of specimen collection not specified,Laboratory Specimen Rejection,10.6,w71YrG6FYtY,105-RS12,105-RS12. Time of specimen collection not specified,105-RS12. Specimen Time collection not specified,HMIS 105:10 - OPD Monthly Report (Lab),nSkYWXonSVL,XX7Uh0aJaSv,GenitalSwab
920,RS13,Specimen type unacceptable for required test,Laboratory Specimen Rejection,10.6,toZpoxPTChY,105-RS13,105-RS13. Specimen type unacceptable for required test,105-RS13. Specimen type unacceptable for  test,HMIS 105:10 - OPD Monthly Report (Lab),nSkYWXonSVL,XX7Uh0aJaSv,GenitalSwab
921,RS14,Other reasons,Laboratory Specimen Rejection,10.6,LBveCUC8bJ1,105-RS14,105-RS14. Other reasons,105-RS14. Other reasons,HMIS 105:10 - OPD Monthly Report (Lab),nSkYWXonSVL,XX7Uh0aJaSv,GenitalSwab
